{"type":"Feature","properties":{"GID_2":"RUS.12.8_1","GID_0":"RUS","country":"Russia","GID_1":"RUS.12_1","province":"Chukot","NL_NAME_1":"ЧукотскийАОк","county":"Shmidtovskiyrayon","VARNAME_2":"NA","NL_NAME_2":"Шмидтовскийрайон","TYPE_2":"Raion","ENGTYPE_2":"District","CC_2":"R70010","HASC_2":"RU.CK.SH","name":"Shmidtovskiyrayon.county"},
"geometry":{"type": "MultiPolygon","coordinates": [[[[179.8703,64.9922,0.0],[179.8703,64.9932,0.0],[179.8672,64.9932,0.0],[179.8672,64.9922,0.0],[179.8703,64.9922,0.0]]],
[[[179.5458,69.1708,1.132],[179.5396,69.1708,0.0],[179.538,69.1693,0.0],[179.5495,69.1693,1.851],[179.5458,69.1708,1.132]]],
[[[179.4146,69.2188,0.0],[179.4208,69.2188,1.2103],[179.4224,69.2203,2.6824],[179.4172,69.2214,2.0726],[179.4146,69.225,2.1388],[179.4047,69.2224,0.0],[179.4047,69.2214,0.0],[179.4146,69.2188,0.0]]],
[[[179.4047,69.2276,2.3672],[179.4078,69.2276,2.0916],[179.4078,69.2286,1.4291],[179.4047,69.2286,2.1485],[179.4047,69.2276,2.3672]]],
[[[178.8271,69.2708,1.765],[178.8234,69.2703,1.018],[178.8193,69.2672,1.5183],[178.8286,69.2672,1.7486],[178.8286,69.2703,2.2772],[178.8271,69.2708,1.765]]],
[[[179.2396,69.275,0.5526],[179.225,69.275,0.274],[179.2208,69.2771,0.0],[179.2125,69.2771,0.5936],[179.2063,69.2708,0.0],[179.2068,69.2693,0.0],[179.2104,69.2688,0.0],[179.2146,69.2708,0.3985],[179.2271,69.2708,0.4405],[179.2312,69.2729,0.0],[179.2453,69.2734,0.0],[179.2437,69.275,0.0],[179.2396,69.275,0.5526]]],
[[[179.2063,69.2875,2.1225],[179.2026,69.2859,0.0],[179.2063,69.2833,0.0],[179.2083,69.2854,0.0],[179.2063,69.2875,2.1225]]],
[[[179.1266,69.3071,0.4809],[179.125,69.3083,0.9589],[179.1214,69.3078,0.0],[179.1229,69.3063,0.0],[179.1266,69.3071,0.4809]]],
[[[179.0313,69.3333,1.0514],[179.0328,69.3349,1.9722],[179.0276,69.3349,1.9716],[179.0276,69.3339,1.6066],[179.0313,69.3333,1.0514]]],
[[[179.5333,70.7354,0.0],[179.5349,70.737,0.0],[179.5297,70.737,0.0],[179.5297,70.7359,0.0],[179.5333,70.7354,0.0]]],
[[[178.775,70.9812,424.8703],[178.7766,70.9828,459.084],[178.7713,70.9828,356.1971],[178.7713,70.9818,347.2036],[178.775,70.9812,424.8703]]],
[[[178.9646,71.0813,386.8886],[178.9661,71.0828,381.9173],[178.9609,71.0828,401.0163],[178.9609,71.0818,403.7491],[178.9646,71.0813,386.8886]]],
[[[178.7042,70.9708,316.4141],[178.6964,70.9703,328.0015],[178.6964,70.9672,267.6132],[178.7078,70.9672,196.2246],[178.7078,70.9703,274.8276],[178.7042,70.9708,316.4141]]],
[[[178.6542,70.9771,0.0],[178.6557,70.9786,19.7034],[178.6505,70.9786,0.0],[178.6505,70.9776,0.0],[178.6542,70.9771,0.0]]],
[[[178.7417,70.9896,447.3278],[178.7432,70.9912,478.0245],[178.738,70.9912,464.1246],[178.738,70.9901,423.8336],[178.7417,70.9896,447.3278]]],
[[[178.7021,71.0,393.476],[178.7036,71.0016,449.3415],[178.6984,71.0016,507.0434],[178.6984,71.0005,488.9302],[178.7021,71.0,393.476]]],
[[[-174.7411,67.2901,1.4203],[-174.738,67.2901,0.0],[-174.738,67.2911,0.0],[-174.7411,67.2911,1.5303],[-174.7411,67.2901,1.4203]]],
[[[-174.7432,67.2963,1.4733],[-174.7422,67.3016,0.0],[-174.75,67.3042,0.5532],[-174.7547,67.3005,0.0],[-174.7599,67.2995,0.0],[-174.7583,67.2979,0.0],[-174.7505,67.2974,0.0],[-174.7495,67.2943,0.0],[-174.7437,67.2917,0.9658],[-174.7401,67.2943,0.7702],[-174.7432,67.2963,1.4733]]],
[[[-175.3036,67.3339,0.0],[-175.3005,67.3339,0.0],[-175.3005,67.3349,0.0],[-175.3036,67.3349,0.0],[-175.3036,67.3339,0.0]]],
[[[-175.1724,67.338,1.9624],[-175.1693,67.338,1.9066],[-175.1693,67.3391,0.0],[-175.1724,67.3391,0.0],[-175.1724,67.338,1.9624]]],
[[[-174.6755,67.2057,0.0],[-174.6792,67.2063,1.5642],[-174.6807,67.2047,1.1797],[-174.6771,67.2042,1.5209],[-174.6755,67.2057,0.0]]],
[[[-174.7005,67.2245,1.1529],[-174.7083,67.225,0.0],[-174.7125,67.2229,0.0],[-174.7208,67.2271,0.0],[-174.7245,67.2266,0.0],[-174.7104,67.2188,0.0],[-174.7042,67.2208,0.0],[-174.6979,67.2208,0.0],[-174.6963,67.2193,0.0],[-174.7016,67.2172,0.0],[-174.6938,67.2167,0.5336],[-174.6901,67.2193,0.0],[-174.7005,67.2245,1.1529]]],
[[[-174.7099,67.2349,1.1401],[-174.7088,67.237,0.0],[-174.7266,67.2443,1.1621],[-174.7255,67.2474,0.0],[-174.7292,67.2479,1.37],[-174.7339,67.2422,0.0],[-174.7391,67.2412,0.0],[-174.7432,67.2318,0.0],[-174.738,67.2318,0.0],[-174.7354,67.2354,0.0],[-174.7292,67.2354,0.0],[-174.7208,67.2312,0.0],[-174.713,67.2307,0.0],[-174.7104,67.2271,0.0],[-174.7026,67.2276,1.1236],[-174.7099,67.2349,1.1401]]],
[[[-174.613,67.4703,183.2404],[-174.6187,67.4729,149.407],[-174.6266,67.4734,127.6132],[-174.6333,67.4771,71.3478],[-174.6411,67.4766,30.9151],[-174.6338,67.4724,46.0324],[-174.6354,67.4667,40.7594],[-174.6318,67.4641,42.2313],[-174.6328,67.4609,0.0],[-174.6276,67.4599,5.9442],[-174.6151,67.4537,60.3437],[-174.6203,67.4516,0.0],[-174.6161,67.4484,0.0],[-174.5979,67.4479,0.0],[-174.5943,67.4505,0.0],[-174.5911,67.4557,0.0],[-174.5859,67.4568,0.0],[-174.5891,67.4589,80.2343],[-174.5901,67.462,40.4349],[-174.5943,67.4641,46.4131],[-174.6026,67.4682,81.4481],[-174.6104,67.4688,174.8461],[-174.613,67.4703,183.2404]]],
[[[-175.05,67.4417,0.0],[-175.0484,67.4432,0.0],[-175.0536,67.4432,0.0],[-175.0536,67.4422,0.0],[-175.05,67.4417,0.0]]],
[[[-174.9859,67.4484,1.7982],[-174.9875,67.45,0.0],[-174.9911,67.4495,1.7936],[-174.9896,67.4479,0.7862],[-174.9859,67.4484,1.7982]]],
[[[-175.0542,67.4667,0.0],[-175.0599,67.4661,0.0],[-175.0599,67.463,0.0],[-175.0505,67.463,0.0],[-175.0505,67.4661,0.0],[-175.0542,67.4667,0.0]]],
[[[-175.0646,67.4688,0.4689],[-175.063,67.4703,1.1459],[-175.0682,67.4703,1.0873],[-175.0682,67.4693,1.2002],[-175.0646,67.4688,0.4689]]],
[[[175.9925,67.4247,376.1933],[176.059,67.4169,541.751],[176.1561,67.3793,346.3152],[176.2581,67.3666,550.392],[176.4107,67.3693,932.4268],[176.6935,67.3871,1099.3821],[176.7569,67.3929,714.0439],[176.8393,67.3841,1008.062],[176.9321,67.3565,668.5909],[177.0905,67.3419,1072.3839],[177.1531,67.3239,813.0731],[177.2481,67.3207,729.3694],[177.3177,67.3323,664.9231],[177.5155,67.3769,723.588],[177.7477,67.4139,504.3309],[177.9413,67.4213,1145.5742],[178.0331,67.4151,1395.7653],[178.0679,67.3959,767.7093],[178.1771,67.3935,839.7967],[178.3001,67.3941,658.1682],[178.3989,67.3673,400.0812],[178.4737,67.3509,364.8432],[178.5909,67.3357,379.9807],[178.7421,67.3621,789.0704],[178.8279,67.3581,760.2656],[178.8853,67.3359,687.3596],[179.0579,67.3489,803.005],[179.4241,67.3815,1143.0375],[179.6801,67.4227,500.8774],[179.8055,67.4638,246.938],[180.0,67.4987,361.4061],[180.0,68.9497,9.0081],[179.9979,68.9812,0.0],[179.9964,68.9807,0.0],[179.9953,68.9755,0.0],[179.9901,68.9745,0.0],[179.9953,68.9714,0.0],[179.9875,68.9708,0.0],[179.9833,68.9688,1.5044],[179.9708,68.9688,0.0],[179.9667,68.9667,0.0],[179.9583,68.9667,1.1195],[179.9479,68.9708,0.0],[179.9417,68.9688,0.0],[179.9354,68.9688,0.0],[179.925,68.9729,0.4264],[179.9104,68.9729,3.868],[179.9063,68.975,0.0],[179.8938,68.975,0.6167],[179.8792,68.9708,4.9471],[179.8708,68.9708,3.4893],[179.8667,68.9729,0.0],[179.8583,68.9729,0.0],[179.8542,68.975,0.0],[179.8292,68.975,0.0],[179.8229,68.9771,0.0],[179.8188,68.975,1.9239],[179.8141,68.9786,0.0],[179.8062,68.9812,0.0],[179.8,68.9812,0.0],[179.7937,68.9792,4.1179],[179.7896,68.9833,0.0],[179.7813,68.9833,3.0278],[179.7708,68.9875,0.0],[179.7625,68.9875,3.0747],[179.7583,68.9896,0.0],[179.7458,68.9896,1.6972],[179.7354,68.9938,0.0],[179.7208,68.9938,6.5166],[179.7182,68.9974,0.8543],[179.7068,68.9984,5.1589],[179.7057,69.0016,0.0],[179.6943,69.0026,2.3278],[179.6995,69.0047,1.1636],[179.7005,69.0078,0.0],[179.7036,69.0089,0.0],[179.6984,69.0109,1.3027],[179.6979,69.0125,1.4545],[179.6984,69.0141,1.3196],[179.7036,69.0162,0.0],[179.6984,69.0182,1.672],[179.7078,69.0224,0.0],[179.6964,69.0255,0.3704],[179.6943,69.0328,0.0],[179.6995,69.0349,0.0],[179.688,69.038,0.5974],[179.6911,69.0401,1.4535],[179.6911,69.0432,1.2364],[179.6771,69.0479,0.0],[179.6687,69.0479,2.3815],[179.6547,69.0526,2.1201],[179.6484,69.0547,0.0],[179.6474,69.0578,1.335],[179.6396,69.0604,0.7696],[179.6313,69.0604,3.5928],[179.6271,69.0625,0.0],[179.6146,69.0625,1.8376],[179.6104,69.0646,0.0],[179.5958,69.0646,0.9137],[179.5818,69.0693,1.9948],[179.587,69.0714,0.0],[179.5859,69.0787,1.4757],[179.5911,69.0797,0.0],[179.5964,69.087,-0.066],[179.6016,69.0891,0.0],[179.5854,69.0896,0.0],[179.5813,69.0875,0.922],[179.5734,69.088,1.2236],[179.5714,69.0911,1.0445],[179.5766,69.0922,0.0],[179.5776,69.0953,0.0],[179.5807,69.0964,0.0],[179.5818,69.1057,1.5081],[179.5911,69.1068,0.0],[179.5859,69.1099,1.5012],[179.6,69.1125,1.2564],[179.6042,69.1104,0.0],[179.6266,69.1078,0.0],[179.6276,69.1026,0.0],[179.6292,69.1021,0.0],[179.6516,69.0995,2.1004],[179.6526,69.0943,0.0],[179.6578,69.0932,1.7228],[179.6589,69.0901,0.0],[179.6724,69.0849,4.0984],[179.6672,69.0818,0.0],[179.6812,69.0771,0.0],[179.6896,69.0771,4.1809],[179.6974,69.0745,3.8369],[179.6984,69.0714,1.1359],[179.7036,69.0703,3.7451],[179.7063,69.0667,0.0],[179.7287,69.0641,5.8487],[179.7271,69.0625,0.0566],[179.7146,69.0625,0.3783],[179.7125,69.0604,0.0],[179.7146,69.0583,0.0],[179.7333,69.0563,0.0],[179.738,69.0526,0.0],[179.7432,69.0516,1.5253],[179.7432,69.0422,0.0],[179.7339,69.0391,0.0],[179.7354,69.0375,0.0],[179.7437,69.0375,0.0],[179.75,69.0354,0.4925],[179.7583,69.0396,2.2878],[179.7792,69.0396,0.0],[179.7818,69.0359,0.0],[179.7917,69.0354,5.4347],[179.8057,69.0307,1.4303],[179.8083,69.0271,0.0],[179.8224,69.0266,4.2263],[179.8234,69.0234,0.0],[179.8286,69.0224,3.2628],[179.8255,69.0193,0.0],[179.8396,69.0146,0.8193],[179.8479,69.0146,2.3384],[179.8682,69.0078,0.0],[179.8693,69.0047,0.0],[179.8807,69.0016,0.0],[179.8818,68.9964,0.0],[179.8958,68.9917,0.0],[179.9042,68.9938,3.6736],[179.912,68.9912,0.0],[179.9146,68.9875,0.0],[179.9245,68.987,6.453],[179.9271,68.9833,0.0],[179.937,68.9828,0.5243],[179.938,68.9797,0.4095],[179.9458,68.9771,0.321],[179.9583,68.9771,0.0],[179.9625,68.9792,3.5917],[179.9766,68.9797,0.0],[179.9688,68.9833,0.0],[179.9625,68.9833,3.0943],[179.9359,68.9922,0.0],[179.9328,68.9953,0.0],[179.925,68.9979,1.0334],[179.8984,68.9984,6.6095],[179.9,69.0,9.7811],[179.9125,69.0,3.1797],[179.9146,69.0021,1.0446],[179.9141,69.0036,1.1254],[179.9089,69.0047,0.7909],[179.9078,69.0078,0.5452],[179.8963,69.0109,1.2505],[179.8953,69.0162,0.0],[179.8875,69.0188,0.0],[179.8547,69.0193,7.6847],[179.8562,69.0208,9.1318],[179.8687,69.0208,0.9885],[179.8703,69.0224,0.0],[179.8651,69.0234,0.0],[179.8641,69.0286,0.0],[179.8625,69.0292,0.0],[179.8479,69.0292,1.0716],[179.8401,69.0318,2.0348],[179.8391,69.0349,0.0],[179.8292,69.0354,5.7139],[179.8151,69.0401,3.8448],[179.8141,69.0432,0.0],[179.8062,69.0458,0.0],[179.7964,69.0463,6.7713],[179.7953,69.0495,2.6633],[179.7901,69.0505,5.6415],[179.7891,69.0537,0.0],[179.7776,69.0568,3.7413],[179.7766,69.0599,0.8449],[179.7651,69.0609,6.0563],[179.7745,69.0641,1.1473],[179.7646,69.0646,0.4589],[179.7568,69.0672,0.9277],[179.7557,69.0703,0.0],[179.7458,69.0708,0.0],[179.7318,69.0755,3.5995],[179.7255,69.0776,6.4617],[179.7229,69.0813,0.0],[179.713,69.0818,7.2823],[179.712,69.0849,0.0],[179.7068,69.0859,5.5827],[179.7057,69.0891,0.7394],[179.7005,69.0901,1.2375],[179.6995,69.0932,1.1071],[179.688,69.0943,4.452],[179.6932,69.0974,0.9186],[179.6854,69.1,0.7339],[179.6771,69.1,0.0],[179.6568,69.1068,6.3203],[179.6536,69.112,0.0],[179.6359,69.1172,2.1559],[179.6349,69.1203,1.272],[179.6234,69.1234,5.1841],[179.6224,69.1266,0.0],[179.6125,69.1271,5.9296],[179.5984,69.1318,7.246],[179.5974,69.1349,0.0],[179.5859,69.138,7.2506],[179.5849,69.1412,0.0],[179.5672,69.1464,6.2869],[179.5661,69.1495,0.0],[179.5401,69.1589,2.1171],[179.5391,69.162,0.4884],[179.5213,69.1672,1.2246],[179.5203,69.1703,0.0],[179.5104,69.1708,4.5892],[179.5026,69.1734,4.1627],[179.5016,69.1766,0.4268],[179.4839,69.1818,4.9254],[179.4828,69.1849,0.0],[179.4651,69.1901,0.0],[179.462,69.1932,0.2114],[179.4542,69.1937,5.0783],[179.4464,69.1964,4.3397],[179.4417,69.2,0.0],[179.4318,69.2005,1.1637],[179.4292,69.2042,0.0],[179.4208,69.2042,4.3621],[179.4005,69.2109,2.3371],[179.3995,69.2141,0.0],[179.3943,69.2151,3.7552],[179.3932,69.2203,0.3686],[179.3818,69.2234,0.6462],[179.3849,69.2266,0.3163],[179.3734,69.2276,0.3897],[179.3724,69.2328,0.5562],[179.3609,69.2338,0.615],[179.3599,69.2391,0.2477],[179.3583,69.2396,-0.0837],[179.35,69.2396,0.5409],[179.3333,69.2458,0.2612],[179.3234,69.2464,0.5436],[179.3286,69.2495,0.0],[179.3172,69.2505,0.842],[179.3146,69.2542,0.0],[179.3062,69.2542,0.7419],[179.3021,69.2562,0.5881],[179.2875,69.2562,0.0],[179.2859,69.2547,1.1137],[179.2958,69.2542,1.105],[179.2974,69.2526,0.8488],[179.2833,69.2521,1.4665],[179.2786,69.2557,0.8592],[179.2646,69.2604,0.0],[179.2521,69.2604,0.6585],[179.2479,69.2625,1.2456],[179.2396,69.2625,1.4958],[179.2292,69.2667,0.0],[179.2042,69.2667,1.2027],[179.1938,69.2625,3.896],[179.1875,69.2625,0.0],[179.1833,69.2604,6.0873],[179.1771,69.2625,0.0],[179.1625,69.2625,4.2025],[179.1583,69.2646,0.976],[179.1458,69.2646,0.0],[179.1396,69.2625,1.9328],[179.1354,69.2646,0.0],[179.1271,69.2646,0.833],[179.1193,69.2672,0.9665],[179.1182,69.2703,0.0],[179.113,69.2714,0.5396],[179.1099,69.2745,0.0],[179.1021,69.275,0.3795],[179.0979,69.2771,0.0],[179.0943,69.2766,0.0],[179.0932,69.2734,0.3939],[179.088,69.2724,0.0],[179.0891,69.2693,0.6331],[179.0813,69.2667,0.7006],[179.0688,69.2667,0.0],[179.0646,69.2646,1.4881],[179.05,69.2646,0.879],[179.0437,69.2667,0.0],[179.0396,69.2646,1.2177],[179.0333,69.2646,2.5428],[179.0292,69.2667,0.0],[179.0208,69.2667,0.0],[179.0167,69.2646,1.7028],[178.9854,69.2646,2.2305],[178.9828,69.2682,0.0],[178.9776,69.2693,0.0],[178.9828,69.2714,0.0],[178.9812,69.2729,0.0],[178.9667,69.2729,0.6848],[178.9625,69.2708,1.1033],[178.9312,69.2708,2.4469],[178.9208,69.275,0.0],[178.9083,69.275,0.7359],[178.9042,69.2729,2.9278],[178.8729,69.2708,0.0],[178.8583,69.2667,2.2327],[178.8438,69.2667,1.7692],[178.8422,69.2662,2.8645],[178.8432,69.263,3.3458],[178.8354,69.2604,3.9002],[178.8255,69.2609,3.9483],[178.8229,69.2646,2.3474],[178.8146,69.2646,0.0],[178.8,69.2604,0.4087],[178.7875,69.2604,8.6514],[178.7771,69.2646,0.0],[178.7672,69.2651,3.9321],[178.7609,69.2672,3.2905],[178.7563,69.2708,0.0],[178.7437,69.2708,4.0326],[178.7359,69.2734,4.5156],[178.7312,69.2771,0.0],[178.7229,69.2771,2.2363],[178.7151,69.2797,4.0019],[178.7203,69.2828,0.0],[178.7088,69.2859,0.9243],[178.712,69.288,0.5753],[178.7125,69.2958,1.0386],[178.712,69.2974,0.666],[178.7047,69.2984,0.2575],[178.7047,69.3016,1.093],[178.7099,69.3026,0.0],[178.7151,69.3099,1.723],[178.7203,69.3109,0.0],[178.7245,69.313,0.0],[178.7255,69.3161,1.4469],[178.7307,69.3172,0.0],[178.7292,69.3208,0.0],[178.7297,69.3266,1.0328],[178.7328,69.3276,0.0],[178.7339,69.3328,0.959],[178.737,69.3339,0.0],[178.738,69.3391,0.862],[178.7474,69.3422,0.0],[178.7479,69.3458,0.3381],[178.7464,69.3495,0.0],[178.7578,69.3505,0.0],[178.7526,69.3526,0.3867],[178.7516,69.3557,0.5792],[178.7479,69.3583,0.0],[178.7437,69.3562,0.0],[178.7276,69.3568,0.6639],[178.7276,69.3599,0.9433],[178.7307,69.3609,0.0],[178.7318,69.3641,1.4042],[178.7396,69.3667,0.2843],[178.7521,69.3667,1.9648],[178.7583,69.3625,0.0],[178.7771,69.3604,0.0],[178.7849,69.3578,0.0],[178.7896,69.3542,0.8731],[178.7937,69.3562,0.9556],[178.8188,69.3562,0.0],[178.8229,69.3583,1.2307],[178.8542,69.3604,1.6201],[178.8568,69.3568,0.0],[178.8828,69.3495,2.0603],[178.8839,69.3443,0.0],[178.8854,69.3438,-0.1156],[178.9,69.3438,0.0],[178.9042,69.3458,0.0],[178.9229,69.3458,0.0],[178.9333,69.3417,0.0],[178.9417,69.3417,0.0],[178.9495,69.3391,0.0],[178.9505,69.3359,0.0],[178.9682,69.3307,2.0166],[178.9708,69.3271,3.103],[178.9703,69.3255,4.2541],[178.9651,69.3245,1.8316],[178.9661,69.3193,5.6509],[178.9609,69.3182,0.0],[178.9599,69.3151,0.0],[178.9568,69.3141,0.0],[178.9557,69.3089,0.0],[178.9505,69.3078,0.0],[178.9557,69.3047,2.1359],[178.9526,69.3037,0.0],[178.9516,69.2984,0.7752],[178.9484,69.2974,0.5413],[178.9484,69.2943,0.369],[178.95,69.2937,0.6255],[178.9578,69.2963,0.0],[178.9588,69.2995,0.0],[178.9667,69.3021,3.5858],[178.9729,69.3021,0.0],[178.9771,69.3042,2.5294],[178.9896,69.3042,0.0],[179.0063,69.3104,0.59],[179.0188,69.3104,2.1414],[179.0213,69.3068,0.0],[179.0328,69.3057,0.0],[179.0354,69.3021,3.4087],[179.0437,69.3021,3.8188],[179.0479,69.3,0.0],[179.0625,69.3,0.3699],[179.0667,69.2979,0.0],[179.0766,69.3005,0.3954],[179.0833,69.3042,4.6132],[179.0932,69.3047,0.0],[179.0896,69.3083,0.0],[179.0813,69.3083,7.2058],[179.0609,69.3151,6.1873],[179.0583,69.3187,0.4325],[179.0484,69.3193,4.2611],[179.0458,69.3229,0.0],[179.0359,69.3234,6.7699],[179.0349,69.3266,1.0974],[179.0271,69.3292,0.0],[179.0172,69.3297,6.6538],[179.0146,69.3333,0.0],[179.0063,69.3333,5.497],[178.9859,69.3401,7.4373],[178.9828,69.3453,0.0],[178.975,69.3479,0.0],[178.9651,69.3484,3.507],[178.9641,69.3536,2.2441],[178.9542,69.3542,1.0065],[178.9464,69.3568,1.4346],[178.9401,69.3588,1.7983],[178.9375,69.3625,0.0],[178.9292,69.3625,1.2084],[178.925,69.3646,0.0],[178.9167,69.3646,2.7633],[178.9063,69.3688,0.0],[178.8979,69.3688,2.3729],[178.8938,69.3729,0.0],[178.8854,69.3729,3.3254],[178.8776,69.3755,2.4904],[178.875,69.3792,0.0],[178.8604,69.3792,2.3469],[178.8562,69.3812,1.8458],[178.8479,69.3812,3.8791],[178.8375,69.3854,2.1441],[178.8167,69.3875,0.7786],[178.8125,69.3896,0.3507],[178.7979,69.3896,4.9256],[178.7901,69.3922,2.7219],[178.7953,69.3953,1.2341],[178.7875,69.3979,2.3844],[178.7792,69.3979,0.1803],[178.775,69.3958,-0.1258],[178.7625,69.3958,4.6773],[178.7583,69.3979,0.5905],[178.75,69.3979,4.5855],[178.7458,69.4,0.1251],[178.7375,69.4,5.2298],[178.7271,69.4042,0.6449],[178.7063,69.4063,2.6453],[178.6958,69.4104,0.0272],[178.675,69.4125,3.5935],[178.6646,69.4167,0.0576],[178.6438,69.4187,6.1805],[178.6411,69.4224,0.06],[178.6359,69.4234,0.0657],[178.6339,69.4255,0.1476],[178.6391,69.4276,1.6938],[178.6375,69.4292,0.0],[178.6292,69.4292,2.3808],[178.625,69.4271,-0.0547],[178.6062,69.4271,4.0306],[178.5984,69.4307,0.33],[178.6078,69.4318,1.6343],[178.6062,69.4333,0.0],[178.5979,69.4333,1.4684],[178.5938,69.4354,1.6851],[178.5875,69.4333,0.0951],[178.5833,69.4354,0.7456],[178.5734,69.4359,0.1272],[178.5708,69.4396,0.0],[178.5562,69.4396,1.784],[178.5521,69.4417,2.4978],[178.5437,69.4417,0.5165],[178.5396,69.4437,1.9493],[178.5313,69.4417,0.0851],[178.5271,69.4437,0.0],[178.5083,69.4437,1.2728],[178.4979,69.4479,0.0],[178.4583,69.4479,3.8496],[178.4542,69.45,0.0],[178.4354,69.45,0.0],[178.4312,69.4521,0.0],[178.4167,69.4521,0.0],[178.4104,69.45,1.5352],[178.4083,69.4521,0.0],[178.4104,69.4542,0.0],[178.437,69.4547,1.523],[178.4354,69.4563,0.0],[178.4104,69.4563,2.408],[178.4063,69.4583,0.0],[178.3687,69.4583,2.0645],[178.3672,69.4568,0.0],[178.3786,69.4537,0.0],[178.3786,69.4484,0.3971],[178.3521,69.4479,0.0],[178.3401,69.4432,0.0],[178.3516,69.4391,0.0],[178.3484,69.437,0.0],[178.3474,69.4339,0.0],[178.3422,69.4339,0.0],[178.3396,69.4375,0.0],[178.3313,69.4375,0.0],[178.3255,69.4349,0.0],[178.3245,69.4318,0.0],[178.3193,69.4307,0.0],[178.3245,69.4276,0.0],[178.3188,69.425,0.0],[178.3104,69.425,0.0],[178.3062,69.4229,0.0],[178.2875,69.4229,3.1755],[178.2833,69.425,0.0],[178.275,69.425,1.9831],[178.2464,69.4359,1.8423],[178.2516,69.438,0.0],[178.2526,69.4411,0.4851],[178.262,69.4422,0.0],[178.263,69.4453,1.8954],[178.2661,69.4464,0.0],[178.2661,69.4495,0.0],[178.2646,69.45,0.0],[178.2521,69.45,0.0],[178.2479,69.4479,4.8181],[178.2396,69.4479,0.0],[178.2333,69.4458,3.0293],[178.2307,69.4495,0.0],[178.2229,69.4521,1.4095],[178.2042,69.4521,0.0],[178.1979,69.45,7.1421],[178.1938,69.4521,0.0],[178.1729,69.4521,10.52],[178.1687,69.4542,0.0],[178.1542,69.4542,6.4319],[178.15,69.4563,0.0],[178.1438,69.4542,8.3772],[178.1396,69.4563,1.7418],[178.0958,69.4563,1.1319],[178.0917,69.4583,0.0],[178.0833,69.4583,2.8987],[178.0792,69.4604,0.0],[178.0521,69.4604,45.4426],[178.0417,69.4646,0.0],[178.0333,69.4646,14.5569],[178.0292,69.4667,0.0],[178.0146,69.4667,27.6409],[178.0104,69.4688,0.0],[177.9958,69.4688,23.9374],[177.9792,69.475,0.0],[177.9708,69.4729,23.7807],[177.9479,69.4792,0.0],[177.9271,69.4812,16.6588],[177.9167,69.4854,5.569],[177.8958,69.4875,3.5973],[177.8854,69.4917,0.0],[177.8646,69.4938,7.6417],[177.8542,69.4979,1.3067],[177.8443,69.4984,1.7382],[177.8417,69.5021,0.0],[177.8333,69.5021,2.0827],[177.8292,69.5042,0.0],[177.8208,69.5042,4.0929],[177.8104,69.5083,0.0],[177.8021,69.5083,4.9781],[177.7979,69.5125,0.0],[177.7833,69.5125,7.2029],[177.7667,69.5188,0.0],[177.7568,69.5182,0.0],[177.7557,69.5151,1.2205],[177.75,69.5125,2.2526],[177.7229,69.5125,9.183],[177.7188,69.5146,0.0],[177.7125,69.5146,0.0],[177.7083,69.5125,2.3115],[177.7,69.5125,0.0],[177.6938,69.5104,3.6586],[177.6896,69.5125,0.4918],[177.6646,69.5125,2.3047],[177.6542,69.5167,3.8943],[177.6484,69.5172,5.5831],[177.6474,69.5203,1.6084],[177.6359,69.5234,2.7358],[177.6391,69.5255,1.8882],[177.6401,69.5286,1.1647],[177.6453,69.5297,0.7111],[177.6443,69.537,2.019],[177.6536,69.5401,0.4795],[177.6547,69.5432,0.5988],[177.6641,69.5443,0.7448],[177.6641,69.5474,0.0],[177.6542,69.5479,4.8822],[177.6516,69.5516,0.0],[177.6417,69.5521,9.0768],[177.6339,69.5547,13.8713],[177.6292,69.5583,0.0],[177.6208,69.5583,26.0519],[177.6167,69.5604,9.7039],[177.6042,69.5604,31.8824],[177.5854,69.5667,0.0],[177.5771,69.5667,15.4111],[177.563,69.5714,3.168],[177.562,69.5745,0.0],[177.5396,69.5771,2.5869],[177.5318,69.5797,0.8262],[177.5271,69.5833,0.0],[177.4958,69.5854,35.6906],[177.4833,69.5896,1.9634],[177.4755,69.5891,1.2234],[177.4807,69.587,0.4104],[177.4792,69.5854,9.2635],[177.4583,69.5875,-0.1028],[177.4479,69.5833,0.5252],[177.4432,69.5891,0.6062],[177.4354,69.5917,0.3596],[177.3854,69.5917,2.7028],[177.3813,69.5938,0.2786],[177.3729,69.5938,2.239],[177.3672,69.5911,1.0896],[177.3662,69.588,2.3648],[177.3562,69.5875,2.7917],[177.3547,69.588,2.0443],[177.3547,69.5911,1.569],[177.3599,69.5922,0.979],[177.3641,69.5953,3.5639],[177.3438,69.5958,3.8975],[177.3411,69.5922,0.4634],[177.3359,69.5911,0.3077],[177.337,69.588,1.2282],[177.3271,69.5875,-0.0716],[177.3208,69.5854,7.6586],[177.3167,69.5875,0.1679],[177.3083,69.5875,3.2618],[177.3005,69.5901,0.5921],[177.2984,69.5974,0.393],[177.3037,69.5984,-0.2392],[177.3047,69.6016,0.6985],[177.3078,69.6026,2.7064],[177.3062,69.6042,0.0],[177.3,69.6021,2.0314],[177.2583,69.6021,0.0],[177.2479,69.5979,5.8679],[177.2417,69.6,0.3899],[177.2292,69.6,0.8559],[177.225,69.5979,3.5618],[177.2104,69.5979,0.8509],[177.2063,69.5958,8.8798],[177.2,69.5979,2.7383],[177.1875,69.5979,0.8854],[177.1812,69.5958,4.6379],[177.1771,69.5979,0.5358],[177.1687,69.5979,1.8798],[177.1646,69.6,0.8882],[177.1563,69.6,0.3083],[177.15,69.5979,6.0988],[177.1474,69.6016,0.5773],[177.1422,69.6026,0.9605],[177.1458,69.6062,1.1236],[177.1438,69.6083,0.0],[177.1104,69.6104,1.4816],[177.1078,69.6141,0.0],[177.0979,69.6146,2.0899],[177.0875,69.6188,0.0],[177.0729,69.6188,1.6302],[177.0667,69.6208,0.0],[177.0625,69.6167,0.6969],[177.0437,69.6188,0.0129],[177.0375,69.6167,0.5658],[177.0297,69.6203,0.0125],[177.05,69.6208,-0.2119],[177.0516,69.6224,1.1828],[177.0417,69.6229,1.2983],[177.0375,69.625,0.0],[177.0292,69.625,1.4392],[177.025,69.6229,1.5205],[177.0125,69.6229,4.6461],[177.0063,69.6271,1.4316],[176.9625,69.6271,-0.1189],[176.9583,69.625,0.3839],[176.9521,69.625,3.547],[176.9484,69.6276,1.2697],[176.9474,69.6307,3.463],[176.9396,69.6333,0.2386],[176.9312,69.6333,3.4034],[176.9287,69.637,0.0036],[176.9229,69.6375,0.1593],[176.9125,69.6417,0.0],[176.8979,69.6417,1.09],[176.8938,69.6438,0.0],[176.8854,69.6438,1.4655],[176.875,69.6479,0.0],[176.8542,69.65,1.1145],[176.85,69.6542,0.0],[176.8354,69.6542,1.8884],[176.8313,69.6563,0.0],[176.8229,69.6563,0.8984],[176.8042,69.6625,0.0],[176.7958,69.6625,1.9363],[176.7917,69.6646,0.0],[176.7604,69.6625,0.2811],[176.7563,69.6646,-0.0134],[176.7479,69.6646,0.4003],[176.7401,69.6682,0.2537],[176.7495,69.6693,-0.0448],[176.7495,69.6724,0.0],[176.7271,69.675,1.398],[176.7083,69.6813,0.0],[176.7,69.6813,2.5927],[176.6896,69.6854,0.0],[176.6734,69.6859,1.3323],[176.6787,69.688,0.0],[176.6771,69.6896,0.0],[176.6625,69.6896,1.5488],[176.6438,69.6958,0.0],[176.6229,69.6979,31.73],[176.6187,69.7,13.2206],[176.5979,69.7,22.5869],[176.5938,69.7021,0.0],[176.5854,69.7021,27.7048],[176.5625,69.7104,0.0],[176.5583,69.7104,0.0],[176.5542,69.7125,0.0],[176.5458,69.7125,10.0868],[176.5083,69.725,0.0],[176.5,69.725,31.466],[176.4958,69.7271,0.0],[176.4812,69.7271,35.2705],[176.4771,69.7292,23.5254],[176.4625,69.7292,21.701],[176.4583,69.7312,0.0],[176.45,69.7312,12.8669],[176.4458,69.7333,0.0],[176.4375,69.7333,12.6752],[176.4297,69.7359,8.5457],[176.4287,69.7391,0.0],[176.4151,69.7422,3.3933],[176.4141,69.7453,0.0],[176.4026,69.7464,2.6016],[176.3995,69.7516,0.0],[176.3854,69.7562,6.7645],[176.3708,69.7562,9.9641],[176.3646,69.7604,0.0],[176.3562,69.7604,2.1549],[176.3521,69.7625,1.1038],[176.3396,69.7625,1.5086],[176.337,69.7589,1.3919],[176.3292,69.7562,10.7285],[176.2917,69.7562,0.1191],[176.2875,69.7542,12.4339],[176.2563,69.7542,4.2539],[176.2484,69.7568,0.4125],[176.2458,69.7604,1.0676],[176.2312,69.7604,2.093],[176.2266,69.7641,-0.1052],[176.2214,69.7651,2.3163],[176.2266,69.7682,0.0813],[176.2193,69.7724,1.6193],[176.2375,69.7771,1.3851],[176.2437,69.7771,0.5438],[176.2542,69.7813,0.8747],[176.2604,69.7813,0.559],[176.2708,69.7854,0.2496],[176.2771,69.7854,0.0142],[176.2813,69.7875,4.0966],[176.2875,69.7854,0.4438],[176.2958,69.7854,0.8945],[176.2979,69.7875,0.527],[176.2974,69.7911,0.0],[176.2839,69.7943,2.0105],[176.2828,69.7974,0.0],[176.2693,69.8005,3.8697],[176.2682,69.8037,0.0],[176.2568,69.8068,2.5644],[176.2536,69.812,0.0],[176.2437,69.8125,3.5068],[176.2359,69.8151,5.6584],[176.2328,69.8203,0.0],[176.2214,69.8214,2.5574],[176.2182,69.8266,0.0],[176.2083,69.8271,1.5081],[176.2057,69.8307,1.9417],[176.1943,69.8318,5.6276],[176.1911,69.837,0.8514],[176.1797,69.838,4.6782],[176.1766,69.8411,1.4311],[176.1651,69.8443,1.6759],[176.1641,69.8474,0.8416],[176.1521,69.8479,5.4932],[176.1495,69.8516,2.1272],[176.138,69.8547,3.6702],[176.1349,69.8578,2.1227],[176.1234,69.8588,4.8924],[176.1286,69.862,0.61],[176.1187,69.8625,4.2994],[176.1172,69.8641,2.2965],[176.1203,69.8662,0.7011],[176.1089,69.8672,3.8714],[176.1057,69.8766,0.0],[176.1042,69.8771,0.0],[176.0958,69.875,7.7466],[176.0917,69.8771,0.0],[176.0646,69.8771,0.0],[176.0604,69.875,2.6847],[176.0417,69.875,0.0],[176.0375,69.8729,3.1354],[176.025,69.8729,1.5818],[176.0208,69.8708,3.3673],[175.9771,69.8688,0.0],[175.9729,69.8667,0.9399],[175.9167,69.8667,1.5691],[175.9104,69.8688,0.0],[175.9042,69.8667,1.1432],[175.8938,69.8708,0.0],[175.8729,69.8708,2.5679],[175.8687,69.8729,0.0],[175.8479,69.8729,2.8398],[175.8438,69.875,0.0],[175.8167,69.875,2.6186],[175.8125,69.8771,0.0],[175.7792,69.8771,2.2537],[175.775,69.8792,0.0],[175.7688,69.8792,0.0],[175.7646,69.8771,2.0171],[175.75,69.8771,3.2084],[175.7484,69.8755,1.8739],[175.7521,69.8729,0.0],[175.7958,69.8729,0.0],[175.8021,69.875,1.4442],[175.8047,69.8714,0.0],[175.8109,69.8693,0.0],[175.8354,69.8667,0.538],[175.8396,69.8625,0.0],[175.8542,69.8625,0.0497],[175.8583,69.8646,-1.0],[175.8708,69.8646,-0.0444],[175.875,69.8667,-0.0026],[175.8813,69.8646,-0.7918],[175.9083,69.8646,-1.5],[175.9099,69.8641,-0.4278],[175.9099,69.8609,0.9449],[175.9021,69.8604,-0.3906],[175.9005,69.8588,0.0],[175.912,69.8557,2.6657],[175.9167,69.8521,-1.5],[175.9391,69.8516,-0.0027],[175.9401,69.8464,0.2753],[175.9438,69.8438,1.587],[175.95,69.8438,-0.3904],[175.9578,69.8464,0.0],[175.962,69.8484,0.0],[175.963,69.8516,3.7149],[175.975,69.8562,5.3627],[175.9849,69.8568,0.0],[175.9839,69.8599,0.2574],[175.9917,69.8625,0.1908],[176.0104,69.8646,0.0],[176.025,69.8688,1.9603],[176.0646,69.8688,7.3765],[176.0688,69.8667,0.0],[176.0771,69.8667,4.035],[176.0875,69.8625,0.0],[176.0958,69.8625,3.1527],[176.1037,69.8599,2.236],[176.1068,69.8568,0.0],[176.1208,69.8521,0.0],[176.1307,69.8516,5.0174],[176.1276,69.8484,0.0],[176.1391,69.8453,4.3512],[176.1422,69.8422,4.104],[176.1474,69.8411,4.3027],[176.1505,69.8318,0.0],[176.1526,69.8297,0.0],[176.1641,69.8266,1.0445],[176.1589,69.8245,0.0404],[176.1604,69.8229,0.3154],[176.1662,69.8224,0.2063],[176.1667,69.8208,1.3323],[176.1662,69.8193,0.1261],[176.1609,69.8182,0.9481],[176.163,69.8109,-0.0653],[176.1687,69.8104,-0.233],[176.1703,69.8089,-0.1279],[176.1609,69.8057,1.0172],[176.1599,69.8005,1.0688],[176.1568,69.7984,0.0],[176.1667,69.7979,-0.1031],[176.1682,69.7963,-0.1029],[176.1589,69.7932,0.0666],[176.1578,69.7901,0.66],[176.1422,69.7849,0.0],[176.15,69.7813,0.4933],[176.1557,69.7807,0.207],[176.1557,69.7776,0.8766],[176.1521,69.7771,1.0437],[176.1458,69.7792,0.6393],[176.1271,69.7708,6.3392],[176.1125,69.7708,0.0],[176.1083,69.7688,12.8071],[176.0958,69.7688,0.0],[176.0917,69.7667,24.0135],[176.0854,69.7688,0.0],[176.0771,69.7688,0.0],[176.0708,69.7667,14.5596],[176.0667,69.7688,0.0],[176.0521,69.7688,13.8368],[176.0479,69.7708,0.0],[175.9979,69.7708,0.0],[175.9833,69.7667,-0.3081],[175.975,69.7667,0.0],[175.9708,69.7688,0.0],[175.9646,69.7667,0.0],[175.9521,69.7667,0.0],[175.9479,69.7688,0.0],[175.9208,69.7688,0.4591],[175.9109,69.7714,0.4789],[175.9099,69.7745,0.0],[175.9047,69.7755,0.4884],[175.9036,69.7786,0.0],[175.8963,69.7797,0.4098],[175.9016,69.7828,0.0],[175.8963,69.7839,0.0],[175.8943,69.7859,0.0],[175.8943,69.7911,0.0],[175.9036,69.7943,0.0],[175.9016,69.8016,0.0],[175.8979,69.8021,0.0],[175.8953,69.7984,0.0],[175.8911,69.7963,0.0],[175.8589,69.7849,0.0508],[175.8604,69.7833,-1.0],[175.8687,69.7833,-1.0],[175.8734,69.7797,-1.0],[175.8849,69.7766,1.0335],[175.8818,69.7745,-1.0],[175.8807,69.7693,-1.0],[175.8667,69.7688,-1.0],[175.862,69.7724,-1.0],[175.8542,69.775,-1.0],[175.8443,69.7755,0.3722],[175.8495,69.7776,-1.0],[175.8474,69.7828,-0.1664],[175.8313,69.7833,0.398],[175.8297,69.7849,0.3256],[175.8328,69.787,-0.072],[175.8125,69.7937,-1.0],[175.8068,69.7943,-1.0],[175.812,69.7963,0.8244],[175.813,69.7995,-0.1518],[175.8161,69.8005,0.0],[175.8109,69.8026,0.0],[175.8083,69.8063,1.7159],[175.7958,69.8021,-1.0],[175.7859,69.8047,-1.0],[175.7833,69.8083,0.255],[175.7688,69.8083,0.0],[175.7646,69.8063,0.0],[175.7563,69.8063,0.0],[175.7521,69.8042,0.0],[175.7443,69.8047,0.0],[175.7474,69.8068,0.0],[175.7474,69.8099,0.0],[175.7375,69.8104,0.7277],[175.7359,69.812,0.0],[175.75,69.8125,0.0],[175.7516,69.813,0.1313],[175.7516,69.8161,2.8479],[175.7495,69.8182,0.0],[175.7443,69.8193,0.0],[175.7412,69.8245,0.0],[175.7359,69.8255,-1.5],[175.7333,69.8292,0.3998],[175.7271,69.8271,0.0],[175.7188,69.8271,0.0],[175.7146,69.8292,0.0],[175.7063,69.8292,1.5964],[175.7021,69.8313,0.0],[175.6958,69.8292,0.9176],[175.6812,69.8292,1.8011],[175.6797,69.8307,0.9937],[175.6849,69.8328,0.0],[175.6734,69.8339,1.5828],[175.6708,69.8354,1.7652],[175.6708,69.8375,0.43],[175.6651,69.837,0.0],[175.6662,69.8339,0.0],[175.6583,69.8313,0.0],[175.6458,69.8354,0.95],[175.6375,69.8354,-0.4972],[175.6333,69.8333,-0.3388],[175.6208,69.8333,-0.0285],[175.6146,69.8313,0.839],[175.6104,69.8333,0.2767],[175.6021,69.8333,0.331],[175.5979,69.8354,0.1419],[175.5818,69.8359,0.8876],[175.5771,69.8458,0.9013],[175.5776,69.8474,1.1305],[175.587,69.8505,0.6598],[175.587,69.8536,0.6346],[175.5833,69.8542,0.0923],[175.5688,69.8479,0.7802],[175.5589,69.8484,1.8633],[175.5641,69.8516,0.5202],[175.5568,69.8526,2.7046],[175.5688,69.8583,0.8576],[175.5771,69.8583,1.1574],[175.5813,69.8604,1.2773],[175.5938,69.8604,0.702],[175.6016,69.863,2.5809],[175.6,69.8646,1.0471],[175.5729,69.8646,0.0],[175.5688,69.8625,6.4752],[175.525,69.8625,0.0],[175.5234,69.862,0.1817],[175.5245,69.8588,4.6005],[175.5193,69.8578,0.0],[175.5203,69.8526,0.0],[175.5151,69.8516,0.0],[175.5161,69.8464,0.0],[175.5068,69.8453,0.0],[175.5057,69.8401,0.0],[175.5026,69.8391,0.0],[175.5016,69.8359,0.0],[175.4937,69.8354,0.0],[175.4896,69.8333,0.6548],[175.475,69.8333,0.0],[175.4667,69.8292,0.308],[175.4604,69.8313,0.0],[175.4292,69.8292,3.4558],[175.425,69.8313,0.0],[175.3979,69.8313,0.0],[175.3917,69.8292,0.0],[175.3875,69.8313,0.0],[175.3687,69.8313,0.0],[175.3609,69.8287,0.0],[175.3599,69.8255,0.0],[175.3542,69.8229,3.9535],[175.3458,69.825,0.0],[175.3417,69.8229,0.4303],[175.3229,69.8229,0.0],[175.3188,69.8208,4.2901],[175.3104,69.8208,1.9094],[175.3062,69.8229,0.0],[175.2979,69.8229,3.6844],[175.2901,69.8255,0.0],[175.287,69.8287,0.0],[175.2792,69.8313,0.0],[175.2708,69.8313,2.1059],[175.2646,69.8354,0.2494],[175.2479,69.8292,0.0],[175.2417,69.8292,0.0],[175.2318,69.8318,0.8784],[175.2307,69.8349,-0.1388],[175.2208,69.8354,3.1964],[175.2172,69.838,0.0],[175.2188,69.8396,0.0],[175.2271,69.8396,0.3964],[175.2312,69.8417,0.0965],[175.2391,69.8422,0.0],[175.2375,69.8438,1.812],[175.2063,69.8438,0.0],[175.2021,69.8417,1.4241],[175.1833,69.8417,0.0],[175.1792,69.8396,1.3121],[175.1693,69.8391,0.0],[175.1708,69.8375,0.0],[175.1792,69.8375,0.1424],[175.1807,69.8359,0.0],[175.1714,69.8349,0.0],[175.1687,69.8313,0.4726],[175.1438,69.8313,3.3282],[175.1401,69.8349,0.0],[175.1458,69.8354,0.0],[175.1458,69.8375,0.6791],[175.1354,69.8375,1.6386],[175.1313,69.8396,0.0],[175.125,69.8375,1.0515],[175.0375,69.8375,3.5447],[175.0333,69.8396,0.0],[175.0188,69.8396,1.6793],[175.0161,69.8432,0.0],[175.0125,69.8438,0.0],[174.9979,69.8396,1.2771],[174.9604,69.8396,0.0],[174.9563,69.8375,2.2053],[174.925,69.8375,0.0],[174.9234,69.8359,-0.1346],[174.9349,69.8349,0.9152],[174.9349,69.8318,1.0621],[174.9318,69.8307,-1.0739],[174.9307,69.8276,3.6083],[174.925,69.825,3.3988],[174.9042,69.825,1.8155],[174.9,69.8292,-1.1514],[174.888,69.8297,-0.8264],[174.888,69.8328,-1.3262],[174.8974,69.8339,-0.7361],[174.8974,69.837,0.0],[174.8958,69.8375,0.0],[174.8875,69.8375,0.0],[174.8833,69.8354,1.2314],[174.875,69.8354,1.1906],[174.8708,69.8375,0.0],[174.8667,69.8354,1.5063],[174.7979,69.8354,8.8116],[174.7937,69.8375,0.0],[174.7854,69.8375,7.8445],[174.7813,69.8396,0.0],[174.6563,69.8396,3.3391],[174.6521,69.8417,0.0],[174.6375,69.8417,0.0],[174.6333,69.8396,3.9021],[174.6292,69.8417,0.0],[174.5833,69.8417,8.2001],[174.5792,69.8438,0.0],[174.5583,69.8438,27.6565],[174.5542,69.8458,0.0],[174.5271,69.8458,5.1622],[174.5229,69.8479,0.0],[174.5083,69.8479,4.4843],[174.4937,69.8417,14.137],[174.4875,69.8417,0.3184],[174.4812,69.8396,-0.1335],[174.4771,69.8438,0.0],[174.4667,69.8438,1.5868],[174.4625,69.8458,0.0],[174.4417,69.8458,0.4596],[174.4375,69.8479,1.36],[174.4229,69.8479,0.1721],[174.4187,69.8521,0.0],[174.4042,69.8521,0.3232],[174.3979,69.8562,0.0],[174.388,69.8568,2.925],[174.3854,69.8604,0.0],[174.375,69.8604,2.0761],[174.3646,69.8646,0.0],[174.3562,69.8646,0.0],[174.3458,69.8688,0.0],[174.3062,69.8688,0.0],[174.3005,69.8662,0.0],[174.2979,69.8625,0.0],[174.2917,69.8646,0.0],[174.2792,69.8646,0.0],[174.275,69.8625,0.0],[174.2542,69.8625,0.0],[174.25,69.8646,0.0],[174.2354,69.8646,0.0],[174.2312,69.8667,0.0],[174.2229,69.8667,0.0],[174.2188,69.8688,0.0],[174.2104,69.8667,0.4652],[174.2063,69.8688,0.0],[174.1979,69.8688,0.0],[174.1938,69.8708,0.0],[174.1833,69.8708,0.0],[174.1792,69.8729,0.0],[174.1708,69.8708,0.0],[174.1667,69.8729,0.0],[174.1542,69.8729,0.0],[174.1479,69.8708,0.0008],[174.1432,69.8745,0.0],[174.1333,69.875,0.0],[174.1292,69.8771,0.0],[174.0917,69.8771,0.1603],[174.0896,69.875,0.0064],[174.0911,69.8714,0.3928],[174.0859,69.8703,-0.3006],[174.087,69.8672,-0.37],[174.0818,69.8662,0.188],[174.0828,69.863,0.5862],[174.0667,69.8625,-0.1432],[174.0651,69.8641,0.4656],[174.0682,69.8651,0.2816],[174.0693,69.8703,0.2728],[174.0724,69.8714,0.2093],[174.0672,69.8734,0.6619],[174.0703,69.8766,-0.1122],[174.0479,69.8771,0.0524],[174.0458,69.8792,0.0],[174.0495,69.8818,0.0],[174.0495,69.8849,0.0],[174.0396,69.8875,0.0],[174.0333,69.8854,0.0],[174.0286,69.8891,0.0],[174.0188,69.8917,0.0],[174.0146,69.8896,0.0],[174.0063,69.8896,0.0],[174.0021,69.8875,0.0],[173.9755,69.887,0.0],[173.9854,69.8833,0.0],[173.9937,69.8833,0.0],[174.0016,69.8797,0.0],[173.9937,69.8792,0.0],[173.9833,69.875,0.0],[173.9792,69.8771,0.2009],[173.9708,69.8771,0.0],[173.9688,69.875,0.0],[173.9703,69.8714,-0.0064],[173.9651,69.8703,0.2134],[173.9729,69.8667,0.0],[173.9958,69.8667,0.2012],[174.0036,69.8641,0.0025],[174.0068,69.8588,-1.0139],[174.012,69.8578,-1.3033],[174.0104,69.8562,0.5742],[174.0021,69.8562,0.7974],[173.9995,69.8599,-0.2655],[173.9896,69.8604,0.5584],[173.9771,69.8646,0.0],[173.9547,69.8651,0.0],[173.9516,69.8724,0.0],[173.9464,69.8734,0.046],[173.9495,69.8755,0.0],[173.9479,69.8771,0.0],[173.9333,69.8771,0.0],[173.925,69.8729,0.0],[173.9063,69.8729,0.0],[173.9021,69.8708,0.0],[173.8875,69.8708,0.0],[173.8813,69.875,0.0],[173.8771,69.8729,0.0],[173.8734,69.8734,0.0],[173.8703,69.8786,0.0],[173.8604,69.8812,0.0],[173.8547,69.8755,0.0],[173.8599,69.8745,0.0],[173.8609,69.8714,0.0],[173.8682,69.8703,0.0],[173.8687,69.8688,0.0],[173.8667,69.8667,0.0],[173.8589,69.8662,0.0],[173.8599,69.8588,0.0067],[173.8505,69.8557,0.1013],[173.8526,69.8526,0.0],[173.8667,69.8521,0.0],[173.8708,69.8542,0.0],[173.8979,69.8542,0.0],[173.8995,69.8536,0.0],[173.8995,69.8505,0.0],[173.8854,69.85,0.0],[173.8646,69.8438,0.0],[173.85,69.8438,0.3473],[173.8458,69.8458,0.4992],[173.8313,69.8458,1.1695],[173.8271,69.8479,0.0],[173.8172,69.8484,0.0],[173.8188,69.85,0.0],[173.8391,69.8505,0.504],[173.838,69.8578,0.1383],[173.8474,69.8609,0.0],[173.8464,69.8641,-0.0117],[173.8516,69.8651,0.0],[173.85,69.8667,0.0],[173.8443,69.8672,-0.0072],[173.8417,69.8708,0.0837],[173.838,69.8703,0.0],[173.8391,69.8672,0.1228],[173.8375,69.8667,0.0],[173.8292,69.8688,0.0],[173.825,69.8667,0.0],[173.8167,69.8667,0.0],[173.8151,69.8682,0.0],[173.8182,69.8703,0.0],[173.8104,69.8708,0.0],[173.8078,69.8672,0.0],[173.8047,69.8662,0.0],[173.8099,69.8641,0.0],[173.8083,69.8625,0.0],[173.7922,69.863,0.0],[173.7974,69.8651,0.0],[173.7958,69.8667,0.0],[173.7688,69.8667,0.0],[173.7646,69.8646,0.0],[173.7583,69.8646,0.0],[173.7557,69.8609,0.4263],[173.7464,69.8578,0.0],[173.7417,69.8542,0.0],[173.7458,69.8458,0.2036],[173.7422,69.8422,0.0],[173.7536,69.8411,0.1944],[173.7536,69.838,0.0],[173.7505,69.8359,0.0],[173.7641,69.8328,0.0],[173.7641,69.8276,0.0],[173.7609,69.8266,0.0],[173.7599,69.8234,0.3071],[173.7563,69.8208,0.0],[173.7604,69.8125,0.0],[173.7583,69.8104,0.0],[173.7437,69.8104,0.0],[173.7297,69.8151,0.0],[173.725,69.8187,0.0],[173.7151,69.8193,0.2397],[173.7141,69.8224,0.0],[173.7068,69.8234,0.4171],[173.7036,69.8287,0.0],[173.6922,69.8318,0.4529],[173.6891,69.837,0.0],[173.6818,69.838,0.0],[173.6807,69.8432,0.0],[173.6766,69.8495,0.0],[173.6651,69.8526,0.8958],[173.663,69.8547,0.77],[173.6646,69.8562,0.0],[173.6708,69.8562,0.0],[173.6787,69.8588,0.0],[173.6779,69.8621,2.8588],[173.6207,69.8637,-0.1024],[173.4871,69.83,1.4936],[173.5745,69.8366,17.0243],[173.6183,69.825,15.3998],[173.6406,69.7927,7.0755],[173.7688,69.7807,5.3643],[173.7838,69.7689,6.6542],[173.7351,69.7524,47.1047],[173.7955,69.7346,47.8591],[173.6907,69.7123,72.3446],[173.7079,69.6719,15.1634],[173.806,69.5275,71.5156],[173.8439,69.4391,148.8738],[174.0379,69.3937,235.7705],[174.1116,69.3341,182.3827],[174.2041,69.2707,279.2839],[174.2948,69.232,351.5869],[174.4943,69.1888,454.6859],[174.6321,69.1521,573.2797],[174.6838,69.0952,346.0243],[174.6181,69.0477,304.2332],[174.5037,69.0037,231.1384],[174.2371,68.9359,306.8249],[174.1499,68.8941,341.126],[174.1789,68.8234,480.8097],[174.259,68.7847,548.1758],[174.362,68.7424,408.0871],[174.4155,68.7023,557.0607],[174.4498,68.6279,485.0889],[174.4318,68.5599,405.426],[174.3531,68.5337,381.4996],[174.3499,68.4885,714.6943],[174.3051,68.4451,661.3495],[174.2201,68.3943,575.4859],[174.0467,68.3657,738.1619],[174.0327,68.2997,852.6533],[174.1004,68.2511,871.2386],[174.1613,68.1995,668.3311],[174.2671,68.1897,771.6744],[174.4181,68.1851,651.8961],[174.5594,68.154,1083.6776],[174.6784,68.0924,875.0262],[174.714,68.038,625.7297],[174.6445,67.9641,758.4834],[174.5502,67.8794,560.5112],[174.5703,67.8303,670.7546],[174.6596,67.8068,814.3513],[174.8134,67.8177,693.6285],[174.9602,67.8115,790.5519],[175.0847,67.7865,718.1724],[175.1423,67.7454,690.4836],[175.0767,67.7142,519.7566],[174.857,67.7094,823.486],[174.7368,67.6859,433.9415],[174.654,67.6403,404.1476],[174.7004,67.599,626.2101],[174.8576,67.5713,440.0658],[175.0103,67.5561,568.6684],[175.2322,67.5169,609.7028],[175.4479,67.4677,661.7911],[175.5919,67.4118,739.0394],[175.7053,67.4112,914.4573],[175.8494,67.4188,606.8378],[175.9715,67.4272,452.3225],[175.9925,67.4247,376.1933]]],
[[[178.6938,69.4146,0.1507],[178.6953,69.4161,0.6745],[178.6901,69.4161,0.3171],[178.6901,69.4151,0.0783],[178.6938,69.4146,0.1507]]],
[[[178.6187,69.4292,0.2651],[178.6203,69.4307,2.4918],[178.6151,69.4307,1.5256],[178.6151,69.4297,0.1408],[178.6187,69.4292,0.2651]]],
[[[178.4542,69.4542,2.2181],[178.4458,69.4542,1.0027],[178.4443,69.4526,0.0],[178.4557,69.4526,0.0],[178.4542,69.4542,2.2181]]],
[[[175.6229,69.8646,2.2749],[175.6167,69.8646,2.9942],[175.6151,69.863,-0.6592],[175.6245,69.863,0.0808],[175.6229,69.8646,2.2749]]],
[[[175.5188,69.8667,1.1576],[175.5125,69.8667,0.0],[175.5109,69.8651,0.6054],[175.5286,69.8651,0.0],[175.5271,69.8667,1.1864],[175.5188,69.8667,1.1576]]],
[[[174.2495,69.8672,0.0],[174.2479,69.8688,0.0],[174.2443,69.8682,0.0],[174.2458,69.8667,0.0],[174.2495,69.8672,0.0]]],
[[[175.6625,69.8708,1.6534],[175.6563,69.8708,2.2532],[175.6547,69.8693,0.0],[175.6662,69.8693,0.102],[175.6625,69.8708,1.6534]]],
[[[173.9245,69.8797,0.0],[173.9229,69.8812,0.0],[173.9193,69.8807,0.0],[173.9208,69.8792,0.0],[173.9245,69.8797,0.0]]],
[[[173.9667,69.8875,0.0],[173.9604,69.8875,0.0],[173.9588,69.8859,0.0],[173.9682,69.8859,0.0],[173.9667,69.8875,0.0]]],
[[[175.8021,69.8646,3.309],[175.7979,69.8667,0.0],[175.7896,69.8667,0.0],[175.7854,69.8688,0.0],[175.7771,69.8667,3.6578],[175.7729,69.8688,0.0],[175.7,69.8688,0.0],[175.6958,69.8667,2.386],[175.6521,69.8667,0.0],[175.6479,69.8646,5.2036],[175.6396,69.8646,5.7394],[175.6333,69.8667,0.0],[175.6313,69.8646,5.5745],[175.6333,69.8625,-0.7376],[175.6542,69.8625,4.3217],[175.6578,69.8599,-0.168],[175.6589,69.8568,0.3086],[175.6687,69.8562,1.327],[175.675,69.8542,0.6314],[175.6776,69.8578,-0.5],[175.6938,69.8646,1.9501],[175.7208,69.8646,1.6075],[175.725,69.8625,0.0],[175.7349,69.862,4.0303],[175.738,69.8526,0.0],[175.7417,69.85,0.0],[175.7495,69.8526,0.0],[175.7484,69.8578,2.9228],[175.7563,69.8604,0.0],[175.7646,69.8604,0.0],[175.7688,69.8625,0.0],[175.7813,69.8625,3.4949],[175.7854,69.8604,0.0],[175.7937,69.8604,6.8135],[175.8062,69.8562,0.0],[175.8313,69.8562,0.0],[175.8391,69.8588,0.0],[175.8375,69.8604,0.0],[175.8292,69.8604,6.0382],[175.8167,69.8646,0.0],[175.8021,69.8646,3.309]]],
[[[175.6812,69.8729,2.7349],[175.6729,69.8729,1.5214],[175.6714,69.8714,2.4478],[175.6938,69.8708,0.2849],[175.6979,69.8729,0.0],[175.7104,69.8729,0.0],[175.712,69.8745,1.1974],[175.6917,69.875,0.0],[175.6875,69.8729,2.2955],[175.6812,69.8729,2.7349]]],
[[[178.7271,70.9563,195.7528],[178.7333,70.9563,165.5529],[178.7349,70.9578,157.3082],[178.7271,70.9604,326.2594],[178.7234,70.9599,346.7827],[178.7234,70.9568,252.4083],[178.7271,70.9563,195.7528]]],
[[[178.7146,70.9583,381.1878],[178.7161,70.9599,375.2397],[178.7109,70.9599,475.0157],[178.7109,70.9589,444.0007],[178.7146,70.9583,381.1878]]],
[[[178.6625,71.0062,410.9953],[178.6641,71.0078,436.5776],[178.6589,71.0078,462.2603],[178.6589,71.0068,448.9045],[178.6625,71.0062,410.9953]]],
[[[178.6438,71.0354,188.6059],[178.6354,71.0354,111.4446],[178.6339,71.0339,110.4222],[178.6474,71.0339,268.5059],[178.6438,71.0354,188.6059]]],
[[[178.675,71.0396,321.9464],[178.6766,71.0411,327.6926],[178.6714,71.0411,301.9131],[178.6714,71.0401,287.6026],[178.675,71.0396,321.9464]]],
[[[178.7161,71.088,444.9192],[178.7146,71.0896,405.5018],[178.7088,71.0891,302.1877],[178.7104,71.0875,322.2584],[178.7161,71.088,444.9192]]],
[[[178.7,71.0917,212.5056],[178.7016,71.0932,280.7156],[178.6964,71.0932,251.8456],[178.6964,71.0922,219.0629],[178.7,71.0917,212.5056]]],
[[[178.7125,71.0917,371.7345],[178.7141,71.0932,450.0561],[178.7088,71.0932,406.3511],[178.7088,71.0922,377.6174],[178.7125,71.0917,371.7345]]],
[[[178.7458,71.0917,529.686],[178.7474,71.0932,558.9422],[178.7422,71.0932,533.7372],[178.7422,71.0922,527.7786],[178.7458,71.0917,529.686]]],
[[[178.6812,71.0938,73.0868],[178.6828,71.0953,57.0037],[178.6776,71.0953,19.6463],[178.6776,71.0943,33.1844],[178.6812,71.0938,73.0868]]],
[[[178.8813,71.0875,351.7979],[178.8828,71.0891,389.4783],[178.8776,71.0891,438.86],[178.8776,71.088,413.9362],[178.8813,71.0875,351.7979]]],
[[[178.8958,71.0896,415.9301],[178.8953,71.0911,410.4467],[178.8917,71.0917,373.6833],[178.8896,71.0896,356.4673],[178.8901,71.088,365.6679],[178.8938,71.0875,433.4153],[178.8958,71.0896,415.9301]]],
[[[178.8729,71.0917,549.6309],[178.8646,71.0917,572.0552],[178.863,71.0901,535.7953],[178.8745,71.0901,482.4132],[178.8729,71.0917,549.6309]]],
[[[178.7724,71.0984,547.5229],[178.7708,71.1,596.6313],[178.7651,71.0995,591.8394],[178.7667,71.0979,584.5154],[178.7724,71.0984,547.5229]]],
[[[178.7604,71.1021,547.4824],[178.7542,71.1021,513.0981],[178.7526,71.1005,403.5838],[178.7641,71.1005,603.8195],[178.7604,71.1021,547.4824]]],
[[[178.7375,71.1042,332.8587],[178.7208,71.1083,120.9847],[178.7068,71.1026,148.8594],[178.7312,71.1,248.5523],[178.7354,71.1021,249.2866],[178.7516,71.1026,470.8766],[178.75,71.1042,493.0106],[178.7375,71.1042,332.8587]]],
[[[-176.7146,68.0563,6.0965],[-176.7187,68.0583,3.2716],[-176.725,68.0583,6.0627],[-176.7333,68.0625,3.4134],[-176.7474,68.062,0.0],[-176.7417,68.0583,0.0],[-176.7339,68.0578,5.6039],[-176.7328,68.0547,0.0],[-176.7297,68.0537,0.0],[-176.7307,68.0505,0.0],[-176.7229,68.05,3.3476],[-176.7203,68.0463,0.0],[-176.7161,68.0443,0.0],[-176.7083,68.0417,0.9824],[-176.7005,68.0411,2.4382],[-176.7016,68.038,0.0286],[-176.6938,68.0375,2.0816],[-176.6896,68.0354,0.0],[-176.6708,68.0354,3.2688],[-176.6583,68.0292,0.0],[-176.6505,68.0286,5.6531],[-176.6557,68.0266,0.848],[-176.6516,68.0234,3.0845],[-176.6396,68.0188,3.484],[-176.6333,68.0188,5.0044],[-176.6187,68.0125,3.3404],[-176.6146,68.0125,3.8513],[-176.6104,68.0104,0.0],[-176.5979,68.0104,3.7917],[-176.5896,68.0062,0.0],[-176.5708,68.0062,6.293],[-176.5667,68.0042,2.0702],[-176.5604,68.0042,0.893],[-176.5583,68.0062,2.8948],[-176.5604,68.0083,0.0],[-176.5682,68.0089,5.1677],[-176.5672,68.012,0.0],[-176.5688,68.0125,0.0],[-176.5813,68.0125,5.7224],[-176.5828,68.013,5.5343],[-176.5818,68.0162,0.0],[-176.5896,68.0188,0.0],[-176.5958,68.0188,1.2753],[-176.6042,68.0229,0.0],[-176.6104,68.0229,5.137],[-176.6234,68.0286,0.0],[-176.6307,68.0297,0.0],[-176.6333,68.0333,2.7223],[-176.6458,68.0333,4.9917],[-176.6474,68.0339,4.3767],[-176.6463,68.037,2.0691],[-176.6542,68.0396,2.8757],[-176.6604,68.0396,0.0],[-176.6687,68.0437,1.1235],[-176.675,68.0437,5.3337],[-176.6896,68.05,2.5623],[-176.6938,68.05,4.8456],[-176.7042,68.0542,3.6649],[-176.7104,68.0542,5.6782],[-176.7146,68.0563,6.0965]]],
[[[-176.7672,68.0714,2.5789],[-176.7688,68.0729,2.7515],[-176.7724,68.0724,1.815],[-176.7708,68.0708,0.8223],[-176.7672,68.0714,2.5789]]],
[[[-177.1214,68.1109,0.0],[-177.1229,68.1125,0.0],[-177.1266,68.112,0.0],[-177.125,68.1104,0.0],[-177.1214,68.1109,0.0]]],
[[[-177.1167,68.1167,0.0],[-177.1151,68.1172,0.0],[-177.1151,68.1182,0.0],[-177.1182,68.1182,0.0],[-177.1167,68.1167,0.0]]],
[[[-177.0068,68.1359,0.0],[-177.0083,68.1375,0.7408],[-177.012,68.137,0.0],[-177.0104,68.1354,0.0],[-177.0068,68.1359,0.0]]],
[[[-177.0412,68.1453,0.0],[-177.0359,68.1474,0.0],[-177.0437,68.15,1.16],[-177.0578,68.1495,0.2078],[-177.0526,68.1474,0.7294],[-177.0536,68.1443,0.5299],[-177.0458,68.1417,0.0],[-177.0412,68.1453,0.0]]],
[[[-177.4255,68.2391,0.0],[-177.4333,68.2396,13.7935],[-177.4349,68.238,8.7013],[-177.4271,68.2375,4.8084],[-177.4255,68.2391,0.0]]],
[[[-177.3583,68.2417,0.0],[-177.3521,68.2417,0.0],[-177.3505,68.2432,1.056],[-177.3583,68.2458,1.2029],[-177.3661,68.2453,0.0],[-177.362,68.2422,0.0],[-177.3583,68.2417,0.0]]],
[[[-177.3672,68.2474,0.9018],[-177.375,68.2479,0.0],[-177.3766,68.2464,0.0],[-177.3687,68.2458,0.0],[-177.3672,68.2474,0.9018]]],
[[[-177.4021,68.25,0.0],[-177.4099,68.2495,0.0],[-177.4099,68.2464,0.0],[-177.4005,68.2484,0.0],[-177.4021,68.25,0.0]]],
[[[-174.6453,67.4786,17.1427],[-174.6453,67.4776,0.0],[-174.6422,67.4776,12.2267],[-174.6422,67.4786,32.1548],[-174.6453,67.4786,17.1427]]],
[[[175.1458,69.8393,0.0],[175.1458,69.8375,0.6791],[175.1495,69.838,1.6321],[175.1495,69.8391,0.0],[175.1458,69.8393,0.0]]],
[[[175.1583,69.8375,0.0],[175.162,69.838,0.0],[175.162,69.8391,1.6213],[175.1568,69.8391,1.3678],[175.1583,69.8375,0.0]]],
[[[175.275,69.8396,0.0],[175.2828,69.8422,0.0],[175.2818,69.8453,0.2598],[175.2833,69.8458,0.1555],[175.2917,69.8458,0.0],[175.2958,69.8479,0.0],[175.3083,69.8479,0.0],[175.3099,69.8495,0.0],[175.2875,69.85,0.0],[175.2833,69.8479,0.4776],[175.2708,69.8479,0.707],[175.2667,69.8458,0.0713],[175.2583,69.8479,0.0],[175.2526,69.8453,0.8741],[175.2604,69.8417,0.0],[175.2688,69.8417,0.0],[175.275,69.8396,0.0]]],
[[[177.4521,69.5896,0.7877],[177.4557,69.5901,-0.1929],[177.4557,69.5911,0.7671],[177.4505,69.5911,1.1893],[177.4521,69.5896,0.7877]]],
[[[177.4458,69.5917,0.0629],[177.4495,69.5922,2.3081],[177.4495,69.5932,1.3313],[177.4443,69.5932,2.1152],[177.4458,69.5917,0.0629]]],
[[[177.3708,69.6,0.0],[177.3604,69.6,2.6175],[177.3589,69.5984,0.1296],[177.3745,69.5984,1.8628],[177.3708,69.6,0.0]]],
[[[177.3109,69.6016,0.6928],[177.3109,69.6005,0.1326],[177.3141,69.6005,0.0799],[177.3141,69.6016,0.291],[177.3109,69.6016,0.6928]]],
[[[177.3557,69.6005,0.0],[177.3542,69.6021,0.0],[177.3417,69.6021,0.0],[177.3375,69.6042,0.0],[177.3292,69.6042,0.0],[177.3271,69.6021,2.383],[177.3292,69.6,0.3358],[177.3557,69.6005,0.0]]],
[[[177.3167,69.6021,2.5739],[177.3203,69.6026,2.6612],[177.3203,69.6036,0.0],[177.3151,69.6036,0.0],[177.3167,69.6021,2.5739]]],
[[[176.7708,69.6646,0.899],[176.7745,69.6651,-0.2428],[176.7745,69.6661,0.1633],[176.7693,69.6661,2.3275],[176.7708,69.6646,0.899]]],
[[[175.9208,69.8396,1.6652],[175.9182,69.8359,2.7209],[175.9151,69.8349,0.0],[175.9151,69.8318,0.0],[175.925,69.8313,-0.5],[175.9432,69.8359,0.0],[175.9438,69.8375,0.0],[175.9417,69.8438,1.5307],[175.9208,69.8396,1.6652]]],
[[[175.675,69.8375,0.0],[175.6771,69.8396,0.0],[175.6724,69.8516,1.6539],[175.6625,69.8521,1.6459],[175.6609,69.8505,0.9601],[175.6662,69.8484,0.9908],[175.6568,69.8474,0.1886],[175.662,69.8453,0.0],[175.6651,69.8401,0.0],[175.675,69.8375,0.0]]],
[[[175.3396,69.85,0.0],[175.35,69.8479,0.0],[175.3542,69.85,0.0],[175.3625,69.85,0.0],[175.3667,69.8521,0.0],[175.3854,69.8521,0.0],[175.3875,69.8542,0.0],[175.3854,69.8562,1.0929],[175.3771,69.8562,0.0],[175.3729,69.8542,6.3403],[175.3479,69.8542,0.0],[175.3438,69.8521,1.0373],[175.3338,69.8516,0.0],[175.3354,69.85,0.0],[175.3396,69.85,0.0]]],
[[[175.4292,69.8562,0.0],[175.4328,69.8578,0.6169],[175.4229,69.8583,1.268],[175.4167,69.8604,0.0],[175.4125,69.8583,1.6941],[175.3984,69.8578,0.9518],[175.4,69.8562,-0.121],[175.4083,69.8562,0.0],[175.4125,69.8542,0.0],[175.4208,69.8542,0.0],[175.425,69.8562,0.0],[175.4292,69.8562,0.0]]],
[[[175.4625,69.8625,0.0],[175.4521,69.8625,0.0],[175.4505,69.8609,0.8387],[175.4995,69.8609,0.0],[175.4958,69.8646,0.7393],[175.4771,69.8646,0.0],[175.4729,69.8625,0.4986],[175.4625,69.8625,0.0]]],
[[[-177.475,71.1729,25.8083],[-177.4818,71.1766,2.8993],[-177.4917,71.1792,12.5975],[-177.4932,71.1776,22.3315],[-177.4901,71.1755,5.2486],[-177.4917,71.175,7.8916],[-177.4979,71.1771,12.4439],[-177.5016,71.1766,9.3907],[-177.5016,71.1734,33.0531],[-177.4964,71.1724,33.3258],[-177.4958,71.1708,29.9473],[-177.4964,71.1693,28.8415],[-177.5021,71.1687,45.4581],[-177.5036,71.1672,48.211],[-177.4714,71.1672,0.0],[-177.4766,71.1693,19.6355],[-177.4714,71.1713,0.0],[-177.475,71.1729,25.8083]]],
[[[-177.5292,71.1771,42.7523],[-177.5229,71.1771,28.8409],[-177.5213,71.1787,24.1689],[-177.5292,71.1813,28.5396],[-177.5437,71.1813,31.0637],[-177.5458,71.1792,31.8534],[-177.5437,71.1771,36.4247],[-177.5292,71.1771,42.7523]]],
[[[-177.4771,71.1792,28.9303],[-177.4755,71.1807,18.1087],[-177.4807,71.1807,9.5006],[-177.4807,71.1797,14.4421],[-177.4771,71.1792,28.9303]]],
[[[-177.4833,71.1813,3.683],[-177.4818,71.1828,2.621],[-177.487,71.1828,3.9942],[-177.487,71.1818,7.18],[-177.4833,71.1813,3.683]]],
[[[-177.5068,71.187,10.0154],[-177.5229,71.1875,16.9344],[-177.5292,71.1896,25.155],[-177.5307,71.1891,17.8425],[-177.5312,71.1854,26.4655],[-177.5292,71.1833,41.3052],[-177.5068,71.1828,26.477],[-177.5083,71.1813,26.6821],[-177.5141,71.1807,23.6942],[-177.5141,71.1776,15.287],[-177.5125,71.1771,15.287],[-177.5042,71.1771,11.4491],[-177.4995,71.1807,24.5161],[-177.4943,71.1818,5.0334],[-177.4943,71.1849,7.3766],[-177.5042,71.1854,13.7175],[-177.5068,71.187,10.0154]]],
[[[-177.5578,71.1859,54.4125],[-177.5479,71.1833,32.481],[-177.538,71.187,26.8708],[-177.5562,71.1875,40.5706],[-177.5578,71.1859,54.4125]]],
[[[-177.5891,71.188,60.8921],[-177.5792,71.1854,77.119],[-177.5714,71.1891,44.9158],[-177.5875,71.1896,64.0551],[-177.5891,71.188,60.8921]]],
[[[-177.5417,71.1896,22.6843],[-177.538,71.1901,30.3488],[-177.538,71.1911,41.225],[-177.5432,71.1911,24.5671],[-177.5417,71.1896,22.6843]]],
[[[-177.4604,71.1958,0.0],[-177.4588,71.1974,0.0],[-177.4641,71.1974,0.0],[-177.4641,71.1964,0.0],[-177.4604,71.1958,0.0]]],
[[[-177.4375,71.2146,0.0],[-177.4359,71.2161,0.0],[-177.4411,71.2161,0.0],[-177.4411,71.2151,0.0],[-177.4375,71.2146,0.0]]],
[[[178.7875,71.1146,427.2091],[178.7891,71.1162,463.5641],[178.7771,71.1188,326.3163],[178.7729,71.1167,297.0209],[178.7646,71.1167,294.0524],[178.7568,71.1141,274.9355],[178.7563,71.1125,225.2544],[178.7583,71.1104,243.9908],[178.7688,71.1104,362.103],[178.7703,71.1109,381.1985],[178.7693,71.1141,322.1354],[178.7708,71.1146,314.1347],[178.7875,71.1146,427.2091]]],
[[[178.9099,71.1172,310.2438],[178.9047,71.1151,359.63869999999997],[178.9208,71.1146,260.1862],[178.9229,71.1167,222.7469],[178.9208,71.1188,243.2841],[178.9125,71.1188,286.3686],[178.9099,71.1172,310.2438]]],
[[[178.8849,71.1172,443.6072],[178.8797,71.1151,393.7589],[178.8896,71.1146,496.9514],[178.8917,71.1167,510.7971],[178.8896,71.1188,529.2775],[178.8849,71.1172,443.6072]]],
[[[178.8786,71.1182,423.9391],[178.875,71.1188,479.7354],[178.8734,71.1172,445.3162],[178.8771,71.1167,411.009],[178.8786,71.1182,423.9391]]],
[[[178.7995,71.1214,455.3105],[178.7979,71.1229,434.5319],[178.7943,71.1224,420.4714],[178.7958,71.1208,447.6987],[178.7995,71.1214,455.3105]]],
[[[178.8667,71.1271,615.1846],[178.8604,71.1271,637.4686],[178.8589,71.1255,619.7312],[178.8703,71.1255,570.0321],[178.8667,71.1271,615.1846]]],
[[[178.8516,71.1255,574.6024],[178.85,71.1271,580.3941],[178.8464,71.1266,591.6577],[178.8479,71.125,536.8128],[178.8516,71.1255,574.6024]]],
[[[178.9411,71.1297,156.8868],[178.9396,71.1312,166.8315],[178.9359,71.1307,176.8233],[178.9375,71.1292,170.4642],[178.9411,71.1297,156.8868]]],
[[[178.9391,71.1432,200.3868],[178.9354,71.1438,181.6887],[178.9339,71.1422,175.7597],[178.9375,71.1417,188.0624],[178.9391,71.1432,200.3868]]],
[[[179.9937,70.9729,0.0],[179.9979,70.9729,0.0],[179.9995,71.112,0.0],[179.9995,71.3901,0.0],[179.9979,71.5292,0.0],[179.988,71.5266,0.0],[179.9932,71.5245,3.8411],[179.9917,71.5229,2.9878],[179.9422,71.5224,0.0],[179.9411,71.5193,1.001],[179.9359,71.5182,-0.3388],[179.9349,71.5151,-0.0695],[179.9297,71.5141,0.2352],[179.9297,71.5089,0.0],[179.9349,71.5068,1.5122],[179.9297,71.5057,0.0],[179.9271,71.5021,0.0],[179.9125,71.5021,0.1219],[179.8984,71.4974,0.3216],[179.8974,71.4943,0.9716],[179.8922,71.4922,0.0],[179.8974,71.4912,0.0],[179.8984,71.488,0.0],[179.9036,71.4859,2.1287],[179.8984,71.4849,0.0],[179.8974,71.4818,2.5252],[179.8771,71.475,-0.1352],[179.8562,71.475,-0.0548],[179.8521,71.4771,0.3919],[179.8479,71.4771,0.0],[179.8438,71.475,1.6579],[179.8292,71.475,0.0],[179.8214,71.4724,0.3723],[179.8203,71.4672,0.0],[179.8188,71.4667,0.0],[179.7964,71.4661,0.8975],[179.7964,71.463,0.0],[179.7979,71.4625,0.0],[179.8141,71.462,-0.1532],[179.8141,71.4547,0.3261],[179.7964,71.4495,0.0],[179.8016,71.4464,1.8946],[179.7875,71.4417,0.1228],[179.7792,71.4417,0.0],[179.775,71.4396,0.0],[179.7667,71.4396,0.0],[179.7625,71.4375,2.8256],[179.7563,71.4396,0.0],[179.7333,71.4375,2.0306],[179.7271,71.4396,0.0],[179.7229,71.4375,-0.0907],[179.7021,71.4375,2.8062],[179.6896,71.4417,0.2412],[179.6687,71.4417,0.0],[179.6583,71.4375,0.0],[179.6479,71.4375,0.0607],[179.6438,71.4354,3.1199],[179.6292,71.4354,0.0],[179.625,71.4333,3.1357],[179.6167,71.4333,0.0],[179.6125,71.4292,9.82],[179.6042,71.4292,2.6818],[179.6,71.4271,4.0312],[179.5917,71.4271,0.0],[179.5838,71.4245,0.0],[179.5813,71.4208,14.1911],[179.5646,71.4208,0.0],[179.5604,71.4187,1.8075],[179.5396,71.4187,0.0],[179.5354,71.4167,1.244],[179.5208,71.4167,0.0],[179.5167,71.4146,1.4507],[179.5063,71.4146,0.0],[179.4797,71.4057,0.0],[179.4787,71.4026,0.3616],[179.4734,71.4016,-0.1407],[179.475,71.4,-0.1753],[179.4807,71.3995,-0.0021],[179.4792,71.3979,-0.0771],[179.4734,71.3974,-0.182],[179.4755,71.3901,2.3803],[179.4807,71.3891,2.2447],[179.4818,71.3859,-0.0631],[179.487,71.3849,2.6035],[179.4818,71.3818,-0.057],[179.4891,71.3807,2.5777],[179.4891,71.3776,1.4503],[179.4708,71.3771,-0.2451],[179.4667,71.375,1.7204],[179.4396,71.375,-0.3195],[179.4354,71.3729,1.3514],[179.4271,71.3729,0.0379],[179.4229,71.3708,1.8649],[179.4125,71.3708,-0.1578],[179.3984,71.3662,0.0],[179.3995,71.363,2.9708],[179.3859,71.3599,0.0],[179.387,71.3568,3.2037],[179.3755,71.3536,0.0],[179.3745,71.3505,0.0],[179.3693,71.3495,0.0],[179.3682,71.3464,4.159],[179.363,71.3453,3.1717],[179.362,71.3422,2.8851],[179.3568,71.3411,1.735],[179.3557,71.338,0.0911],[179.3505,71.337,-0.1676],[179.3495,71.3318,-0.123],[179.3417,71.3292,1.8425],[179.3208,71.3313,0.0],[179.3167,71.3292,0.755],[179.3062,71.3292,0.0],[179.2547,71.312,0.0],[179.2536,71.3089,2.7129],[179.2484,71.3078,0.0],[179.2495,71.3026,8.8532],[179.238,71.2995,0.0],[179.237,71.2943,8.0205],[179.2255,71.2911,0.0],[179.2245,71.2839,0.5],[179.2193,71.2828,1.0064],[179.2193,71.2797,0.5],[179.2208,71.2792,0.5],[179.2328,71.2786,3.3918],[179.2276,71.2755,0.5],[179.2328,71.2734,3.3067],[179.1833,71.2729,0.0],[179.1818,71.2724,0.0],[179.1807,71.2672,13.1651],[179.1729,71.2646,10.6159],[179.1646,71.2646,0.0],[179.1479,71.2583,4.391],[179.1396,71.2583,0.0],[179.1354,71.2562,10.5698],[179.1146,71.2542,0.0],[179.1104,71.2521,1.1355],[179.0771,71.25,0.0],[179.0729,71.2479,13.5119],[179.0625,71.2479,5.035],[179.0583,71.2458,16.2917],[179.0437,71.2458,0.0],[179.0333,71.2417,5.6336],[179.0234,71.2412,0.0],[179.0208,71.2375,15.1847],[178.9812,71.2333,0.0],[178.9708,71.2292,27.6731],[178.9625,71.2292,0.0],[178.9396,71.2208,1.4969],[178.9312,71.2208,0.4253],[178.9234,71.2182,0.8403],[178.9287,71.2151,2.0666],[178.9234,71.2141,1.8599],[178.9234,71.2109,2.7041],[178.9354,71.2125,3.0828],[178.9432,71.2089,4.3975],[178.9333,71.2083,4.0124],[178.9292,71.2063,3.9683],[178.9229,71.2083,2.9479],[178.8984,71.2078,0.0],[178.8984,71.2047,0.0],[178.9057,71.2037,1.7116],[178.9005,71.2016,0.8502],[178.9,71.2,0.0],[178.9005,71.1984,0.0],[178.9057,71.1964,7.9577],[178.9005,71.1953,0.0],[178.8995,71.188,3.6432],[178.8943,71.187,0.0],[178.8963,71.1797,1.1888],[178.9016,71.1776,8.9625],[178.8901,71.1766,33.2812],[178.8953,71.1734,87.5468],[178.8901,71.1713,7.2684],[178.9021,71.1708,87.3123],[178.9036,71.1703,80.1969],[178.9036,71.1672,11.1745],[178.8938,71.1667,9.1509],[178.8875,71.1687,0.0],[178.8833,71.1667,20.7928],[178.8729,71.1667,6.0467],[178.8687,71.1687,7.5653],[178.8604,71.1687,1.2491],[178.8589,71.1682,1.2491],[178.8589,71.1651,2.8679],[178.8646,71.1646,4.1242],[178.8662,71.163,5.0153],[178.8464,71.162,0.0],[178.8474,71.1589,7.3514],[178.8359,71.1557,0.0],[178.8349,71.1505,25.4038],[178.8271,71.1479,26.3854],[178.8,71.1479,34.9891],[178.7922,71.1453,22.7292],[178.7912,71.1422,46.8374],[178.7859,71.1412,13.1604],[178.7849,71.1359,45.2808],[178.775,71.1354,0.0],[178.7729,71.1333,0.0],[178.7734,71.1297,24.1157],[178.7755,71.1276,90.4021],[178.7792,71.1271,124.2932],[178.7833,71.1292,106.0443],[178.7917,71.1292,155.7059],[178.7958,71.1312,155.4391],[178.8104,71.1312,204.1156],[178.8208,71.1354,134.1555],[178.8292,71.1333,186.9822],[178.8333,71.1354,151.6186],[178.8604,71.1354,260.9019],[178.8646,71.1375,218.3446],[178.8854,71.1396,159.4795],[178.8896,71.1417,144.9147],[178.9042,71.1417,159.5138],[178.9083,71.1458,89.3833],[178.925,71.1417,133.2822],[178.9328,71.1443,169.9831],[178.9354,71.1479,131.5824],[178.9625,71.1479,88.2277],[178.9703,71.1443,89.8834],[178.9588,71.1412,164.8942],[178.9609,71.138,122.7305],[178.9688,71.1354,181.4892],[178.9771,71.1354,159.3608],[178.9787,71.1339,170.9768],[178.9438,71.1333,187.7162],[178.9422,71.1318,154.0809],[178.9474,71.1307,145.4433],[178.9474,71.1276,186.9088],[178.9333,71.1229,176.0779],[178.9271,71.125,238.5839],[178.9187,71.125,265.9988],[178.9146,71.1271,291.049],[178.9063,71.1271,313.5355],[178.9042,71.125,323.8313],[178.9047,71.1193,401.8985],[178.9099,71.1193,321.4453],[178.9109,71.1224,286.6593],[178.9146,71.1229,247.7561],[178.9187,71.1208,248.213],[178.9271,71.1208,177.1953],[178.9312,71.1188,180.6721],[178.9542,71.1167,189.8918],[178.9583,71.1146,209.8065],[178.9646,71.1167,184.7234],[178.9792,71.1167,200.3569],[178.9807,71.1151,199.9461],[178.9755,71.113,190.9342],[178.9828,71.112,195.5398],[178.9828,71.1088,172.0571],[178.9583,71.1083,356.5049],[178.9542,71.1062,362.2646],[178.9396,71.1062,414.4837],[178.9354,71.1042,396.0945],[178.9229,71.1083,468.964],[178.9146,71.1083,472.9498],[178.9068,71.1057,468.4427],[178.9068,71.1026,402.5134],[178.9182,71.1016,340.2539],[178.9203,71.0995,389.923],[178.9214,71.0943,416.9383],[178.9229,71.0938,376.2639],[178.9438,71.0938,302.7743],[178.9479,71.0917,387.4187],[178.9583,71.0917,291.0822],[178.9625,71.0896,264.8515],[178.9708,71.0896,232.9972],[178.9787,71.087,253.5131],[178.9787,71.0818,285.2945],[178.9688,71.0813,369.237],[178.9672,71.0797,378.6448],[178.9807,71.0787,279.0611],[178.9818,71.0693,297.0606],[178.9937,71.0687,229.6298],[178.9953,71.0672,220.1602],[178.9854,71.0667,275.3784],[178.9812,71.0646,282.8857],[178.9583,71.0646,312.5307],[178.9568,71.0651,312.5307],[178.9568,71.0682,317.2634],[178.9682,71.0693,353.0544],[178.9693,71.0724,362.3243],[178.9745,71.0745,345.55],[178.9646,71.075,366.8305],[178.9547,71.0776,285.2324],[178.9536,71.0828,427.737],[178.9521,71.0833,447.5017],[178.9422,71.0828,462.6338],[178.9411,71.0776,346.8805],[178.9375,71.0771,339.5562],[178.9297,71.0797,354.8527],[178.9349,71.0828,479.7403],[178.9297,71.0839,516.4572],[178.925,71.0875,562.8482],[178.9151,71.0849,491.8809],[178.9167,71.0833,399.7776],[178.9224,71.0828,365.308],[178.9172,71.0807,389.8836],[178.9167,71.0792,365.6107],[178.9172,71.0776,372.7232],[178.9224,71.0766,305.1731],[178.9224,71.0734,332.5891],[178.9208,71.0729,351.4511],[178.9146,71.075,403.7502],[178.8875,71.075,450.1267],[178.8833,71.0771,452.052],[178.8776,71.0766,421.9865],[178.8786,71.0734,400.4475],[178.8771,71.0729,363.3402],[178.8651,71.0734,336.4259],[178.8651,71.0766,348.7827],[178.8766,71.0797,358.5643],[178.8771,71.0854,311.6235],[178.875,71.0875,398.2338],[178.8687,71.0854,322.8065],[178.8604,71.0854,393.6122],[178.8375,71.0771,290.4148],[178.8276,71.0776,273.9111],[178.8255,71.0828,329.9071],[178.8307,71.0849,373.9055],[178.8255,71.0859,309.2119],[178.8255,71.0891,263.4505],[178.8458,71.0958,342.6759],[178.8557,71.0964,428.1807],[178.8542,71.0979,467.0635],[178.8375,71.0979,302.683],[178.8359,71.0995,288.0604],[178.8583,71.1021,363.2716],[178.8625,71.1042,330.6752],[178.8667,71.1042,346.6147],[178.8792,71.1,488.7495],[178.8818,71.1036,542.39],[178.887,71.1047,563.949],[178.887,71.1078,501.6968],[178.8734,71.1109,419.4097],[178.8786,71.1141,406.7359],[178.8687,71.1146,409.5282],[178.8479,71.1208,424.5114],[178.8438,71.1188,430.1173],[178.8354,71.1188,501.6496],[178.8313,71.1167,481.1711],[178.8167,71.1167,515.7556],[178.8089,71.1141,505.4811],[178.8141,71.112,454.4236],[178.8141,71.1088,447.5483],[178.8021,71.1042,445.2415],[178.7839,71.1036,548.347],[178.7854,71.1021,507.0557],[178.7974,71.1016,405.5057],[178.7922,71.0995,414.1237],[178.7912,71.0964,444.7403],[178.7859,71.0964,440.2265],[178.7849,71.0995,500.4711],[178.7813,71.1,544.7434],[178.7734,71.0974,527.7063],[178.7786,71.0953,410.7703],[178.7786,71.0922,416.5348],[178.7771,71.0917,440.432],[178.7484,71.0891,493.6827],[178.7484,71.0839,413.6061],[178.7536,71.0828,338.0108],[178.7495,71.0797,372.6579],[178.7437,71.0792,362.8423],[178.7396,71.0813,405.6136],[178.7312,71.0813,408.1377],[178.7287,71.0776,364.745],[178.7234,71.0766,375.0328],[178.7245,71.0734,348.5896],[178.7021,71.0708,340.4156],[178.6979,71.0667,270.8747],[178.6859,71.0693,266.3674],[178.6854,71.0771,380.7757],[178.6833,71.0792,403.1853],[178.6625,71.0792,342.902],[178.6583,71.0771,320.8613],[178.6463,71.0766,266.9991],[178.6479,71.075,268.286],[178.6646,71.075,318.77],[178.6667,71.0729,275.3098],[178.6646,71.0708,258.8095],[178.6563,71.0708,261.3278],[178.6521,71.0729,263.1158],[178.6375,71.0729,158.5824],[178.6297,71.0703,62.0832],[178.6297,71.063,112.6596],[178.6349,71.062,110.2377],[178.6313,71.0583,24.7038],[178.6318,71.0505,38.7684],[178.637,71.0484,128.3709],[178.6255,71.0474,0.0],[178.6271,71.0458,0.0],[178.6328,71.0453,89.5843],[178.6276,71.0432,0.0],[178.6276,71.0401,0.0],[178.6292,71.0396,0.0],[178.6375,71.0417,61.2386],[178.6438,71.0396,135.4288],[178.65,71.0417,108.7183],[178.6563,71.0396,164.0601],[178.6604,71.0417,146.3413],[178.6687,71.0417,260.7186],[178.6792,71.0458,265.0172],[178.7,71.0458,262.4377],[178.7063,71.0417,370.97],[178.7161,71.0411,346.5885],[178.7083,71.0375,404.446],[178.7021,71.0396,418.2986],[178.6812,71.0396,393.7906],[178.6797,71.0391,346.0197],[178.6787,71.0339,399.3732],[178.6625,71.0333,439.7767],[178.6609,71.0328,417.8008],[178.6599,71.0276,373.8788],[178.6484,71.0266,475.6973],[178.6484,71.0234,379.57],[178.6557,71.0224,347.5052],[178.6505,71.0203,376.7599],[178.6505,71.0172,235.652],[178.6521,71.0167,218.527],[178.6583,71.0188,344.5836],[178.6667,71.0188,350.2048],[178.6771,71.0229,347.9391],[178.6917,71.0229,321.7238],[178.6995,71.0203,336.9416],[178.6995,71.0172,328.2525],[178.688,71.0162,382.0086],[178.6891,71.013,409.1727],[178.6839,71.012,389.2358],[178.6839,71.0089,379.2096],[178.6854,71.0083,406.7887],[178.7016,71.0089,376.2515],[178.7026,71.0141,320.6478],[178.7167,71.0188,298.8177],[178.7229,71.0167,326.8369],[178.7375,71.0167,360.3427],[178.7479,71.0125,401.7738],[178.7708,71.0125,353.2778],[178.7766,71.0151,475.0847],[178.7713,71.0182,325.809],[178.7828,71.0193,395.8248],[178.7854,71.0229,359.6276],[178.7937,71.0229,426.6545],[178.8016,71.0203,344.3309],[178.7984,71.0182,356.3117],[178.7974,71.0151,348.6638],[178.7896,71.0125,386.0526],[178.7797,71.012,408.7069],[178.7813,71.0104,365.2747],[178.7912,71.0099,323.593],[178.7859,71.0078,363.9337],[178.7854,71.0062,358.3753],[178.7859,71.0047,340.0009],[178.7932,71.0036,271.8968],[178.7932,71.0005,287.3639],[178.7854,70.9979,281.4717],[178.7792,71.0,357.527],[178.7625,71.0,343.4169],[178.7599,71.0036,415.6955],[178.75,71.0042,374.046],[178.7458,71.0062,386.2103],[178.7292,71.0062,359.0296],[178.725,71.0083,442.8992],[178.7214,71.0078,415.3549],[178.7234,71.0047,339.1393],[178.7312,71.0021,297.0806],[178.7412,71.0016,275.0777],[178.7422,70.9964,360.163],[178.7521,70.9938,326.8034],[178.7604,70.9938,299.6067],[178.7646,70.9917,301.1755],[178.7708,70.9938,242.2316],[178.7792,70.9938,219.3685],[178.7833,70.9917,273.0988],[178.8062,70.9917,191.6918],[178.8104,70.9875,229.2718],[178.8167,70.9854,255.8612],[178.8266,70.9849,185.27],[178.825,70.9833,201.8369],[178.7854,70.9833,406.2922],[178.7776,70.9807,439.1422],[178.7891,70.9766,353.4358],[178.7912,70.9745,352.4888],[178.7917,70.9688,429.7027],[178.7896,70.9667,413.8492],[178.775,70.9667,371.5816],[178.7708,70.9646,327.9425],[178.7547,70.963,140.3222],[178.7547,70.9661,189.3531],[178.7625,70.9688,199.5656],[178.7708,70.9688,268.3068],[178.775,70.9708,294.4012],[178.7833,70.9708,363.0434],[178.7849,70.9714,401.8277],[178.7849,70.9745,398.0526],[178.7589,70.9776,205.3399],[178.7589,70.9807,230.5711],[178.7641,70.9818,289.5163],[178.7641,70.9849,405.5545],[178.7521,70.9854,327.4428],[178.7479,70.9875,359.9758],[178.7333,70.9875,325.9909],[178.7312,70.9854,304.5121],[178.7328,70.9797,282.8232],[178.7208,70.9792,223.1652],[178.7193,70.9807,284.4217],[178.7245,70.9828,354.8297],[178.7193,70.9838,370.6025],[178.7182,70.987,383.9245],[178.713,70.9891,238.995],[178.7245,70.9901,376.2917],[178.7229,70.9917,357.0222],[178.7172,70.9922,292.5126],[178.7224,70.9953,412.3126],[178.7146,70.9979,341.0251],[178.7063,70.9979,297.7725],[178.6984,70.9953,359.1233],[178.6974,70.9922,347.3263],[178.6938,70.9917,325.1786],[178.6859,70.9943,353.9781],[178.6911,70.9974,459.9875],[178.6812,70.9979,376.8034],[178.6776,71.0005,343.6823],[178.6792,71.0021,372.597],[178.6891,71.0026,461.1177],[178.6812,71.0062,486.7464],[178.6651,71.0057,393.372],[178.6651,71.0026,370.7794],[178.6703,71.0016,311.4916],[178.6651,70.9995,368.9169],[178.6662,70.9943,321.3558],[178.6625,70.9938,343.4728],[178.6578,70.9974,342.6502],[178.6542,70.9979,233.3565],[178.6463,70.9943,64.7252],[178.6563,70.9917,200.6852],[178.6662,70.9912,294.6944],[178.6646,70.9896,290.3057],[178.6547,70.9891,139.7387],[178.6536,70.9838,34.4517],[178.6484,70.9818,0.0],[178.6583,70.9792,57.0302],[178.6667,70.9792,202.9023],[178.6771,70.9833,316.7303],[178.6854,70.9833,262.3171],[178.6932,70.9807,225.2795],[178.6932,70.9776,290.5348],[178.688,70.9755,308.4908],[178.7125,70.975,175.2383],[178.7203,70.9724,218.4937],[178.7151,70.9703,229.1419],[178.7151,70.9672,181.0755],[178.7333,70.9667,181.7461],[178.7412,70.9641,131.1157],[178.7422,70.9568,148.1214],[178.7557,70.9557,88.9646],[178.7557,70.9526,151.7429],[178.7542,70.9521,151.7429],[178.725,70.9521,247.1806],[178.7208,70.9563,288.2804],[178.7,70.9583,347.4668],[178.6859,70.9537,3.6316],[178.6911,70.9505,10.6817],[178.6859,70.9484,0.0],[178.6958,70.9458,-0.5],[178.7057,70.9453,1.8698],[178.7068,70.9359,1.5373],[178.7141,70.9349,5.4456],[178.7151,70.9318,2.3768],[178.7203,70.9307,-1.0],[178.7234,70.9213,0.0],[178.7287,70.9203,1.0896],[178.7297,70.9151,0.0],[178.7432,70.9141,3.0536],[178.7443,70.9109,0.0],[178.7557,70.9078,0.0],[178.7568,70.9047,0.0],[178.762,70.9036,4.9087],[178.7651,70.8984,1.5156],[178.7766,70.8953,2.7883],[178.7766,70.8922,1.3189],[178.7734,70.8912,0.6519],[178.7734,70.888,1.747],[178.7849,70.8849,0.904],[178.7849,70.8818,0.441],[178.7797,70.8797,0.0],[178.787,70.8786,0.4132],[178.7875,70.8771,0.5313],[178.787,70.8755,0.4776],[178.7818,70.8745,0.0],[178.7807,70.8714,0.0],[178.7708,70.8708,1.5099],[178.7693,70.8693,0.0],[178.7745,70.8682,1.2228],[178.7755,70.8651,0.0],[178.7891,70.862,2.1582],[178.7901,70.8588,0.0],[178.7953,70.8578,2.7017],[178.7901,70.8557,0.0],[178.7901,70.8526,0.0],[178.7974,70.8516,1.1343],[178.7984,70.8401,0.4416],[178.8005,70.838,0.4992],[178.8057,70.837,0.0],[178.8068,70.8318,0.0],[178.812,70.8307,0.0],[178.8068,70.8276,1.1432],[178.8188,70.8271,1.3134],[178.8266,70.8245,0.3492],[178.8214,70.8224,1.0047],[178.8208,70.8187,0.0],[178.8224,70.8151,1.1278],[178.8109,70.8141,0.5617],[178.8099,70.8109,2.7721],[178.8047,70.8099,0.0],[178.8047,70.8068,0.0],[178.8125,70.8042,1.7535],[178.8432,70.8037,0.0],[178.838,70.8016,0.0],[178.837,70.7984,3.6846],[178.8193,70.7932,2.3214],[178.8193,70.7901,4.4482],[178.8208,70.7896,4.4482],[178.8375,70.7896,0.0],[178.8458,70.7937,0.0],[178.8542,70.7937,0.0],[178.8771,70.8021,7.4654],[178.8917,70.8021,0.0],[178.8943,70.8057,2.5699],[178.9187,70.8146,6.9395],[178.9271,70.8146,1.545],[178.9411,70.8193,1.4074],[178.9438,70.8229,3.9805],[178.9536,70.8234,1.0],[178.9547,70.8266,5.1397],[178.9854,70.8375,7.232],[178.9937,70.8375,1.0],[179.0104,70.8438,3.3686],[179.0188,70.8438,1.0],[179.0292,70.8479,1.0],[179.0375,70.8479,1.0],[179.0417,70.85,1.0],[179.0562,70.85,1.0],[179.0641,70.8526,1.0],[179.063,70.8557,8.2653],[179.0646,70.8562,4.0506],[179.0729,70.8562,1.0],[179.0771,70.8583,4.6726],[179.0917,70.8583,1.0],[179.0958,70.8604,2.2868],[179.1042,70.8604,1.0],[179.1083,70.8625,4.7606],[179.1292,70.8625,1.0],[179.1333,70.8646,2.2556],[179.1667,70.8667,1.0],[179.1708,70.8688,2.275],[179.1792,70.8688,1.0],[179.1833,70.8708,5.5355],[179.1896,70.8688,1.0],[179.225,70.8688,0.0],[179.2292,70.8708,3.0766],[179.2437,70.8708,0.0],[179.2479,70.8729,3.4662],[179.2563,70.8708,0.0],[179.2604,70.8729,0.0],[179.2875,70.8729,0.0],[179.2917,70.875,3.5169],[179.3438,70.875,1.4496],[179.3479,70.8729,0.0],[179.3833,70.8729,5.0596],[179.3875,70.8708,0.0],[179.4021,70.8708,4.5429],[179.4063,70.8688,1.5369],[179.4542,70.8688,0.0],[179.4583,70.8708,4.5793],[179.4729,70.8708,0.0],[179.4807,70.8745,4.5395],[179.45,70.875,2.5584],[179.4422,70.8786,0.0],[179.45,70.8812,0.0],[179.4771,70.8812,0.0],[179.4812,70.8833,0.0],[179.5021,70.8833,0.5058],[179.5063,70.8812,0.4301],[179.5146,70.8812,0.7924],[179.5188,70.8792,0.7317],[179.5479,70.8792,1.3541],[179.5505,70.8828,2.1662],[179.5542,70.8833,2.2523],[179.562,70.8807,2.1342],[179.5505,70.8766,1.1862],[179.5557,70.8745,1.0143],[179.5583,70.8708,0.7304],[179.575,70.8708,0.8975],[179.5792,70.8688,0.5343],[179.5875,70.8688,0.7129],[179.5917,70.8708,1.5298],[179.6125,70.8708,0.0],[179.6167,70.8729,0.9533],[179.625,70.8729,0.0],[179.6417,70.8792,3.8593],[179.6625,70.8812,0.0],[179.6641,70.8818,0.0],[179.663,70.8849,1.2626],[179.6745,70.888,0.1504],[179.6755,70.8932,0.0],[179.6896,70.8979,0.0],[179.7104,70.9,0.0],[179.7146,70.9042,4.0044],[179.7292,70.9042,0.0],[179.7318,70.9078,0.0],[179.737,70.9089,0.0],[179.738,70.912,0.0],[179.762,70.9172,0.0],[179.763,70.9203,0.0],[179.7661,70.9213,-0.0361],[179.7667,70.925,0.0],[179.7661,70.9266,0.0],[179.7609,70.9276,0.6674],[179.7661,70.9307,0.0],[179.7609,70.9328,1.0844],[179.7724,70.9359,-0.0109],[179.7734,70.9391,0.8201],[179.7912,70.9443,0.0],[179.7901,70.9474,1.121],[179.7953,70.9484,0.0],[179.7979,70.9521,2.2553],[179.8125,70.9521,2.0557],[179.8167,70.9542,7.0474],[179.8375,70.9563,3.1729],[179.8417,70.9583,10.8727],[179.8771,70.9583,1.8233],[179.8875,70.9625,1.8143],[179.8958,70.9625,0.0],[179.9063,70.9667,2.1446],[179.9208,70.9667,0.0],[179.925,70.9688,22.3007],[179.9396,70.9688,0.0],[179.9438,70.9708,24.5522],[179.9708,70.9708,0.0],[179.975,70.9729,0.0],[179.9937,70.9729,0.0]]],
[[[-179.9984,64.9568,0.0],[-179.9984,64.9578,0.0],[-180.0,64.9578,0.0],[-180.0,64.9568,0.0],[-179.9984,64.9568,0.0]]],
[[[-180.0,64.9698,0.0],[-180.0,64.9677,0.0],[-179.9984,64.9672,0.0],[-179.9984,64.9703,0.0],[-180.0,64.9698,0.0]]],
[[[-180.0,64.9823,0.0],[-180.0,64.9802,0.0],[-179.9984,64.9797,0.0],[-179.9984,64.9828,0.0],[-180.0,64.9823,0.0]]],
[[[-180.0,64.9969,0.0],[-180.0,64.9948,0.0],[-179.9984,64.9943,0.0],[-179.9984,64.9974,0.0],[-180.0,64.9969,0.0]]],
[[[-180.0,65.0078,0.0],[-179.9984,65.0068,0.0],[-179.9984,65.012,0.0],[-180.0,65.0109,0.0],[-180.0,65.0078,0.0]]],
[[[-179.9964,65.0276,0.0],[-179.9979,65.0292,0.0],[-180.0,65.0271,0.0],[-180.0,65.0229,0.0],[-179.9984,65.0214,0.0],[-179.9974,65.0266,0.0],[-179.9964,65.0276,0.0]]],
[[[-179.9984,65.0339,0.0],[-179.9984,65.0349,0.0],[-180.0,65.0349,0.0],[-180.0,65.0339,0.0],[-179.9984,65.0339,0.0]]],
[[[-179.5,65.4,0.0],[-179.4984,65.4016,1.7873],[-179.5036,65.4016,0.6776],[-179.5036,65.4005,1.1017],[-179.5,65.4,0.0]]],
[[[-179.4557,65.4318,7.8385],[-179.4526,65.4318,7.3107],[-179.4526,65.4328,8.0602],[-179.4557,65.4328,7.8399],[-179.4557,65.4318,7.8385]]],
[[[-179.3797,65.4661,0.0],[-179.3958,65.4708,10.3179],[-179.4036,65.4703,10.3861],[-179.4099,65.4661,8.538],[-179.4068,65.463,12.2467],[-179.4162,65.462,0.0],[-179.413,65.4599,7.3852],[-179.413,65.4547,10.7952],[-179.4182,65.4537,9.4989],[-179.4229,65.45,9.1692],[-179.4271,65.4521,0.0],[-179.4312,65.45,4.4261],[-179.4453,65.4516,3.1893],[-179.4422,65.4495,9.5886],[-179.4411,65.4464,5.2788],[-179.438,65.4453,12.0313],[-179.4432,65.4432,5.7196],[-179.4401,65.4401,10.4022],[-179.4521,65.4396,2.4216],[-179.4557,65.4359,0.0],[-179.4479,65.4354,8.6939],[-179.4297,65.4401,0.0],[-179.4203,65.4474,11.4505],[-179.4109,65.4505,0.0],[-179.4078,65.4557,12.6899],[-179.3797,65.4661,0.0]]],
[[[-179.4047,65.5661,10.2567],[-179.4078,65.5661,6.6721],[-179.4099,65.5609,3.5806],[-179.4005,65.5609,0.0],[-179.4005,65.5641,0.0],[-179.4047,65.5661,10.2567]]],
[[[-179.5474,65.6964,0.0],[-179.5443,65.6964,0.0],[-179.5443,65.6974,0.7592],[-179.5474,65.6974,6.1156],[-179.5474,65.6964,0.0]]],
[[[-179.2912,65.5401,3.8703],[-179.2937,65.5417,2.764],[-179.3057,65.5422,3.6215],[-179.3349,65.5568,5.505],[-179.3375,65.5604,5.4552],[-179.3417,65.5563,0.0],[-179.338,65.5526,4.6995],[-179.3432,65.5516,6.5876],[-179.3443,65.5484,6.6088],[-179.3495,65.5474,5.8564],[-179.35,65.5458,6.7468],[-179.3464,65.5432,8.2442],[-179.3474,65.5401,0.0],[-179.338,65.5391,10.9316],[-179.3401,65.5359,7.5209],[-179.3479,65.5354,0.0],[-179.3521,65.5333,20.4648],[-179.3604,65.5375,2.4587],[-179.3667,65.5375,17.1353],[-179.3792,65.5417,8.7903],[-179.3854,65.5417,11.2932],[-179.3938,65.5458,8.3616],[-179.3953,65.5453,10.5909],[-179.3979,65.5396,0.0],[-179.3974,65.538,2.2429],[-179.3901,65.537,0.0],[-179.3833,65.5333,0.0],[-179.3667,65.5333,5.8345],[-179.3609,65.5307,5.1175],[-179.362,65.5276,0.0],[-179.3547,65.5245,9.4703],[-179.3537,65.5193,4.6884],[-179.3505,65.5182,18.688],[-179.3521,65.5125,3.8455],[-179.3484,65.5099,8.1656],[-179.3495,65.5068,0.0],[-179.3417,65.5062,8.3264],[-179.3375,65.5083,8.9026],[-179.3234,65.5099,3.3972],[-179.3255,65.5047,4.6084],[-179.3307,65.5036,4.2698],[-179.3318,65.4984,3.4366],[-179.3338,65.4964,3.7044],[-179.3432,65.4953,3.1904],[-179.3458,65.4896,2.7814],[-179.3437,65.4875,1.243],[-179.3297,65.4922,0.0],[-179.3266,65.4974,4.0037],[-179.3141,65.5057,5.053],[-179.3089,65.5068,1.2463],[-179.3016,65.512,2.7758],[-179.2964,65.513,0.0],[-179.2953,65.5162,5.2172],[-179.2859,65.5193,0.0],[-179.2828,65.5224,5.5646],[-179.2776,65.5234,0.0],[-179.2766,65.5266,4.5072],[-179.2713,65.5276,0.0],[-179.2713,65.5307,0.0],[-179.2745,65.5318,5.8549],[-179.2755,65.5349,4.0738],[-179.2912,65.5401,3.8703]]],
[[[-178.8687,65.9083,2.1457],[-178.8724,65.9068,3.0746],[-178.8667,65.9042,2.622],[-178.863,65.9068,1.7729],[-178.8646,65.9083,1.6319],[-178.8687,65.9083,2.1457]]],
[[[-178.5146,66.1104,13.7323],[-178.5224,66.1099,12.382],[-178.5224,66.1068,7.8142],[-178.5188,66.1062,7.6866],[-178.513,66.1088,10.9723],[-178.5146,66.1104,13.7323]]],
[[[-179.2875,66.2375,154.3872],[-179.2859,66.2391,31.4786],[-179.2912,66.2391,178.482],[-179.2912,66.238,184.5508],[-179.2875,66.2375,154.3872]]],
[[[-178.6807,66.263,2.4239],[-178.6776,66.263,0.0],[-178.6776,66.2641,0.0],[-178.6807,66.2641,2.3355],[-178.6807,66.263,2.4239]]],
[[[-179.3995,66.3276,1.4799],[-179.3963,66.3276,1.3671],[-179.3963,66.3287,1.405],[-179.3995,66.3287,1.5349],[-179.3995,66.3276,1.4799]]],
[[[-178.4875,68.5896,1.2356],[-178.4901,68.5932,0.0],[-178.4995,68.5943,3.0439],[-178.5021,68.5979,1.7961],[-178.5146,68.5979,5.8876],[-178.5182,68.5953,4.4984],[-178.5088,68.5911,5.0321],[-178.5063,68.5875,0.4],[-178.4875,68.5854,3.4814],[-178.4687,68.5771,0.4398],[-178.4609,68.5776,1.0809],[-178.4693,68.5828,1.6295],[-178.4875,68.5896,1.2356]]],
[[[-178.5307,68.6068,3.9319],[-178.5318,68.6099,1.7503],[-178.5437,68.6146,0.79],[-178.5536,68.612,1.3585],[-178.5339,68.6036,3.3998],[-178.5312,68.6,0.0],[-178.525,68.6,5.2829],[-178.5188,68.5979,4.8349],[-178.5151,68.6026,1.1532],[-178.5167,68.6042,1.4141],[-178.525,68.6042,4.267],[-178.5307,68.6068,3.9319]]],
[[[-179.7672,66.0953,4.2024],[-179.7703,66.0953,0.6546],[-179.7724,66.0932,2.6403],[-179.7724,66.0901,3.1379],[-179.7693,66.0901,1.6336],[-179.7672,66.0922,2.5844],[-179.7672,66.0953,4.2024]]],
[[[-179.787,66.0922,0.0],[-179.7839,66.0922,0.0],[-179.7839,66.0932,0.0],[-179.787,66.0932,0.0],[-179.787,66.0922,0.0]]],
[[[-179.6417,66.1167,2.2454],[-179.6453,66.1151,2.2206],[-179.6396,66.1125,3.1985],[-179.6333,66.1125,3.0631],[-179.6313,66.1146,3.141],[-179.6333,66.1167,1.1001],[-179.6417,66.1167,2.2454]]],
[[[-179.9958,68.9854,0.0],[-179.9943,68.987,0.0],[-180.0,68.987,0.0],[-180.0,68.9859,0.0],[-179.9958,68.9854,0.0]]],
[[[-178.6729,68.6708,-0.2353],[-178.6745,68.6693,-0.4054],[-178.6687,68.6667,0.0],[-178.6651,68.6672,0.1379],[-178.6693,68.6703,0.2164],[-178.6729,68.6708,-0.2353]]],
[[[-178.9333,68.7688,0.0077],[-178.9318,68.7703,-0.0334],[-178.937,68.7703,0.285],[-178.937,68.7693,0.1231],[-178.9333,68.7688,0.0077]]],
[[[-179.1276,68.813,0.6654],[-179.1292,68.8146,2.5254],[-179.1328,68.8141,-0.1788],[-179.1313,68.8125,-1.5],[-179.1276,68.813,0.6654]]],
[[[-179.1432,68.8182,2.337],[-179.1495,68.8151,0.0],[-179.1354,68.8146,1.2567],[-179.1333,68.8167,2.5256],[-179.1354,68.8187,0.0],[-179.1432,68.8182,2.337]]],
[[[-179.3578,68.8339,3.262],[-179.3547,68.8339,1.1634],[-179.3547,68.8349,0.503],[-179.3578,68.8349,1.0321],[-179.3578,68.8339,3.262]]],
[[[-179.3667,68.8729,0.166],[-179.3583,68.8708,0.8172],[-179.3562,68.8729,1.3965],[-179.3583,68.875,2.1908],[-179.3682,68.8745,0.8094],[-179.3667,68.8729,0.166]]],
[[[-179.3794,68.8812,2.6096],[-179.3828,68.8797,1.3222],[-179.3771,68.8771,0.5496],[-179.3734,68.8776,1.8312],[-179.3734,68.8807,3.903],[-179.3794,68.8812,2.6096]]],
[[[-179.3854,68.8812,0.7198],[-179.3838,68.8828,2.7347],[-179.3891,68.8828,3.5171],[-179.3891,68.8818,0.6645],[-179.3854,68.8812,0.7198]]],
[[[-177.5042,68.2063,0.0],[-177.5026,68.2078,0.0],[-177.5078,68.2078,0.0],[-177.5078,68.2068,0.0],[-177.5042,68.2063,0.0]]],
[[[-177.612,68.2182,0.503],[-177.6109,68.2224,0.7336],[-177.6203,68.2234,0.3635],[-177.6229,68.2271,0.3261],[-177.637,68.2266,0.5635],[-177.638,68.2234,0.6185],[-177.6432,68.2224,0.1799],[-177.6453,68.2203,0.4299],[-177.6458,68.2146,0.5306],[-177.6484,68.2089,0.4138],[-177.6536,68.2089,0.5829],[-177.6526,68.212,0.0306],[-177.6542,68.2125,0.1901],[-177.6641,68.2099,0.5541],[-177.6687,68.2,2.9045],[-177.6682,68.1964,3.8565],[-177.6604,68.1937,0.6735],[-177.6589,68.1943,0.5611],[-177.6557,68.2016,0.0],[-177.6479,68.2042,1.2701],[-177.6354,68.2042,0.0],[-177.6276,68.2068,0.0],[-177.6245,68.2099,0.6779],[-177.6151,68.2109,0.0],[-177.6104,68.2146,0.5958],[-177.6062,68.2125,0.0],[-177.6026,68.213,0.0642],[-177.6026,68.2161,0.467],[-177.6104,68.2167,0.4693],[-177.612,68.2182,0.503]]],
[[[-177.4833,68.2271,0.0],[-177.4911,68.2234,0.0],[-177.4818,68.2234,0.0],[-177.4797,68.2266,0.0],[-177.4833,68.2271,0.0]]],
[[[-177.5,68.2292,0.0],[-177.5057,68.2286,0.0],[-177.5078,68.2255,0.0],[-177.5042,68.225,0.0],[-177.4964,68.2276,0.0],[-177.5,68.2292,0.0]]],
[[[-177.3833,68.25,0.0],[-177.3917,68.25,0.0],[-177.3932,68.2484,0.0],[-177.3776,68.2484,0.0],[-177.3792,68.25,0.0],[-177.3833,68.25,0.0]]],
[[[-177.4375,68.2583,0.0],[-177.4359,68.2599,1.5967],[-177.4411,68.2599,1.2831],[-177.4411,68.2589,0.8425],[-177.4375,68.2583,0.0]]],
[[[-177.5016,68.2755,2.792],[-177.5042,68.2792,0.0],[-177.5104,68.2792,2.7331],[-177.5167,68.2813,0.0],[-177.5188,68.2792,2.5331],[-177.5182,68.2776,2.6103],[-177.5125,68.275,1.0732],[-177.4984,68.2734,0.0],[-177.5016,68.2755,2.792]]],
[[[-177.5234,68.2827,3.0256],[-177.5271,68.2833,2.9746],[-177.5286,68.2818,2.6573],[-177.525,68.2813,2.8431],[-177.5234,68.2827,3.0256]]],
[[[-177.7328,68.238,1.5762],[-177.7297,68.238,0.0],[-177.7297,68.2391,1.3612],[-177.7328,68.2391,1.4405],[-177.7328,68.238,1.5762]]],
[[[-177.7354,68.2396,0.0],[-177.7339,68.2412,0.0],[-177.7391,68.2412,0.0],[-177.7391,68.2401,0.7508],[-177.7354,68.2396,0.0]]],
[[[-177.9396,68.25,0.9671],[-177.938,68.2516,0.7643],[-177.9432,68.2516,0.8646],[-177.9432,68.2505,0.973],[-177.9396,68.25,0.9671]]],
[[[-177.788,68.3724,3.0556],[-177.7932,68.3724,2.7023],[-177.7932,68.3693,0.9308],[-177.7839,68.3693,1.9288],[-177.788,68.3724,3.0556]]],
[[[-177.7979,68.3729,0.8937],[-177.7943,68.3745,2.6752],[-177.8042,68.3792,1.2024],[-177.8182,68.3786,1.3133],[-177.8167,68.3771,1.1603],[-177.8089,68.3766,1.5682],[-177.8021,68.3729,0.6124],[-177.7979,68.3729,0.8937]]],
[[[-177.8146,68.3812,2.8924],[-177.813,68.3828,2.8322],[-177.8182,68.3828,2.2955],[-177.8182,68.3818,2.0496],[-177.8146,68.3812,2.8924]]],
[[[-177.8813,68.4063,2.0096],[-177.8838,68.4099,0.0],[-177.8917,68.4104,4.6673],[-177.8958,68.4125,6.321],[-177.9057,68.4099,0.0],[-177.9042,68.4083,0.0],[-177.8917,68.4083,2.3922],[-177.8875,68.4042,0.0],[-177.8797,68.4047,1.3855],[-177.8813,68.4063,2.0096]]],
[[[-177.9021,68.4146,3.7927],[-177.9083,68.4146,2.1348],[-177.9099,68.413,0.0],[-177.9005,68.413,5.7692],[-177.9021,68.4146,3.7927]]],
[[[-178.1417,68.4833,3.8245],[-178.1479,68.4833,4.1148],[-178.1625,68.4896,3.6133],[-178.1687,68.4896,5.7684],[-178.1766,68.487,0.0],[-178.1667,68.4812,0.0],[-178.1568,68.4807,4.3421],[-178.1578,68.4776,0.467],[-178.1562,68.4771,0.9343],[-178.15,68.4771,1.5733],[-178.1396,68.4729,0.0],[-178.1104,68.4708,6.7026],[-178.1089,68.4703,6.7751],[-178.1099,68.4672,0.0],[-178.1021,68.4667,5.2359],[-178.0875,68.4604,0.8723],[-178.0813,68.4625,0.4197],[-178.0688,68.4625,0.0],[-178.0661,68.4589,4.3083],[-178.062,68.4568,0.0],[-178.0542,68.4542,0.0],[-178.0464,68.4537,5.2396],[-178.0453,68.4505,0.0],[-178.037,68.4464,2.0547],[-178.0271,68.4458,0.0622],[-178.0146,68.4396,0.0],[-178.0021,68.4396,6.2827],[-177.9875,68.4333,0.0],[-177.975,68.4333,4.6236],[-177.9708,68.4313,3.0426],[-177.9646,68.4313,5.5897],[-177.9422,68.4224,4.1729],[-177.9411,68.4193,2.8947],[-177.9354,68.4167,0.0],[-177.9292,68.4167,0.0],[-177.9229,68.4146,0.0],[-177.9187,68.4167,0.0],[-177.9125,68.4146,1.086],[-177.9089,68.4172,1.9917],[-177.9104,68.4187,0.0],[-177.9203,68.4193,5.6864],[-177.9312,68.425,3.1371],[-177.9396,68.425,6.3971],[-177.9505,68.4307,3.3299],[-177.9583,68.4333,2.1781],[-177.9646,68.4333,3.8906],[-177.9792,68.4396,2.7893],[-177.9917,68.4396,4.713],[-178.0026,68.4453,2.3887],[-178.0078,68.4464,1.3697],[-178.0088,68.4495,1.2299],[-178.0286,68.4526,2.4035],[-178.0328,68.4547,2.5272],[-178.0354,68.4583,0.0],[-178.0417,68.4563,1.4158],[-178.0458,68.4583,0.539],[-178.0542,68.4583,3.0315],[-178.0833,68.4708,2.1651],[-178.0974,68.4714,2.0567],[-178.1016,68.4734,3.2802],[-178.1042,68.4771,2.5469],[-178.1208,68.4792,1.1067],[-178.125,68.4812,0.9691],[-178.1375,68.4812,3.9878],[-178.1417,68.4833,3.8245]]],
[[[-178.325,68.475,0.0],[-178.3234,68.4766,0.0],[-178.3286,68.4766,0.0],[-178.3286,68.4755,0.0],[-178.325,68.475,0.0]]],
[[[-178.3297,68.4786,0.0],[-178.3375,68.4792,1.1619],[-178.3391,68.4776,1.46],[-178.3313,68.4771,1.009],[-178.3297,68.4786,0.0]]],
[[[-178.3661,68.4849,0.0],[-178.3672,68.4818,0.556],[-178.3724,68.4797,0.9898],[-178.3646,68.4792,0.942],[-178.3542,68.4833,0.0],[-178.3443,68.4838,0.0],[-178.3458,68.4854,0.0],[-178.3661,68.4849,0.0]]],
[[[-178.3396,68.4854,0.0],[-178.338,68.487,0.0],[-178.3432,68.487,0.0],[-178.3432,68.4859,0.0],[-178.3396,68.4854,0.0]]],
[[[-178.1604,68.4917,1.1554],[-178.1589,68.4932,2.1302],[-178.1641,68.4932,1.1811],[-178.1641,68.4922,1.2237],[-178.1604,68.4917,1.1554]]],
[[[-178.1812,68.4979,1.5876],[-178.1797,68.4995,2.6778],[-178.1849,68.4995,2.5296],[-178.1849,68.4984,1.8514],[-178.1812,68.4979,1.5876]]],
[[[-178.1859,68.5016,3.0781],[-178.1938,68.5021,2.4198],[-178.1953,68.5005,1.1158],[-178.1875,68.5,1.9358],[-178.1859,68.5016,3.0781]]],
[[[-178.3042,68.5292,0.0],[-178.3182,68.5318,4.3014],[-178.3208,68.5354,0.0],[-178.3396,68.5354,8.6332],[-178.3417,68.5333,0.0],[-178.3411,68.5318,0.0],[-178.3333,68.5292,0.0],[-178.3255,68.5286,7.5065],[-178.2917,68.5146,0.0],[-178.275,68.5125,5.8036],[-178.2604,68.5083,0.0],[-178.2479,68.5083,4.7282],[-178.2412,68.5047,2.7001],[-178.2312,68.5042,4.0917],[-178.2229,68.5,0.0],[-178.2167,68.5,0.0],[-178.2125,68.5021,2.705],[-178.1963,68.5026,2.4127],[-178.2109,68.5099,4.0294],[-178.2187,68.5125,2.8894],[-178.225,68.5125,2.5918],[-178.2333,68.5167,2.5023],[-178.237,68.5162,1.4086],[-178.237,68.513,0.0],[-178.2339,68.512,0.0],[-178.2354,68.5104,0.0],[-178.2542,68.5125,4.4519],[-178.2557,68.513,4.517],[-178.2547,68.5162,0.4076],[-178.275,68.5188,3.8085],[-178.2896,68.525,0.0],[-178.2974,68.5255,4.5111],[-178.3042,68.5292,0.0]]],
[[[-178.238,68.5182,0.0],[-178.2458,68.5188,2.7203],[-178.2474,68.5172,0.5027],[-178.2396,68.5167,2.1521],[-178.238,68.5182,0.0]]],
[[[-178.25,68.5188,1.665],[-178.2484,68.5203,2.4857],[-178.2536,68.5203,1.4136],[-178.2536,68.5193,0.7411],[-178.25,68.5188,1.665]]],
[[[-178.2547,68.5224,0.0],[-178.2625,68.5229,1.5475],[-178.2641,68.5214,0.5589],[-178.2563,68.5208,1.1487],[-178.2547,68.5224,0.0]]],
[[[-178.2682,68.5234,1.1451],[-178.2651,68.5234,1.4259],[-178.2651,68.5245,1.9887],[-178.2682,68.5245,1.2826],[-178.2682,68.5234,1.1451]]],
[[[-178.3188,68.5375,0.0],[-178.3172,68.5391,1.2714],[-178.3224,68.5391,1.2135],[-178.3224,68.5381,0.5872],[-178.3188,68.5375,0.0]]],
[[[-178.3375,68.5458,2.3164],[-178.3432,68.5453,1.6315],[-178.3432,68.5422,0.0],[-178.3276,68.5422,1.818],[-178.3318,68.5453,0.0],[-178.3375,68.5458,2.3164]]],
[[[-178.3474,68.5463,1.3656],[-178.3443,68.5463,1.8061],[-178.3443,68.5474,2.3168],[-178.3474,68.5474,1.5974],[-178.3474,68.5463,1.3656]]],
[[[-176.4131,65.5065,4.197],[-176.4139,65.5067,0.0],[-176.412,65.5062,0.0],[-176.4131,65.5065,4.197]]],
[[[-176.4214,65.5085,5.7061],[-176.4205,65.5083,5.7061],[-176.4216,65.5086,5.7061],[-176.4214,65.5085,5.7061]]],
[[[-176.5307,65.5474,3.5437],[-176.5208,65.5417,11.3539],[-176.5172,65.5443,-0.4155],[-176.5229,65.5479,1.0571],[-176.5307,65.5474,3.5437]]],
[[[-177.0792,65.6,0.0],[-177.0828,65.5974,2.2686],[-177.0849,65.5922,3.5647],[-177.0526,65.5964,1.9863],[-177.0583,65.6,0.5],[-177.0792,65.6,0.0]]],
[[[-177.0104,65.6,0.0],[-176.9979,65.6,0.0],[-176.9937,65.6021,3.7325],[-176.9667,65.6021,0.0],[-176.9588,65.6057,2.2339],[-176.9646,65.6083,3.0107],[-176.9854,65.6083,3.0292],[-177.0021,65.6021,3.4469],[-177.0125,65.6021,3.6398],[-177.0167,65.6042,0.0],[-177.0229,65.6042,0.5846],[-177.0375,65.6,3.4658],[-177.05,65.6,3.1837],[-177.0516,65.5984,3.3981],[-177.0292,65.5979,0.0],[-177.025,65.6,3.6584],[-177.0104,65.6,0.0]]],
[[[-176.0917,67.6875,0.0],[-176.088,67.6891,0.0],[-176.0953,67.6922,0.0],[-176.0979,67.6958,0.0],[-176.1224,67.6953,0.0],[-176.1208,67.6937,0.0],[-176.1104,67.6937,0.0],[-176.1062,67.6917,0.0],[-176.0984,67.6911,0.0],[-176.1037,67.6891,0.0],[-176.1021,67.6875,0.0],[-176.0917,67.6875,0.0]]],
[[[-176.2984,67.7234,0.0],[-176.3,67.725,0.8537],[-176.3078,67.7245,0.3842],[-176.3062,67.7229,0.5181],[-176.2984,67.7234,0.0]]],
[[[-175.9396,67.7729,0.0],[-175.9359,67.7734,0.0],[-175.9359,67.7745,0.0],[-175.9411,67.7745,0.0],[-175.9396,67.7729,0.0]]],
[[[-177.2083,65.5146,2.6082],[-177.2125,65.5167,1.2592],[-177.2161,65.513,1.5649],[-177.2068,65.513,0.0],[-177.2083,65.5146,2.6082]]],
[[[-177.1745,65.5266,0.0],[-177.1693,65.5276,0.0],[-177.1693,65.5307,2.0606],[-177.1792,65.5333,0.0],[-177.1854,65.5313,1.5549],[-177.1896,65.5333,1.3595],[-177.1958,65.5333,0.8316],[-177.1974,65.5318,1.1184],[-177.1901,65.5286,1.2521],[-177.1901,65.5255,1.8677],[-177.1979,65.5229,1.671],[-177.2042,65.5229,1.0169],[-177.2057,65.5214,0.9383],[-177.1958,65.5167,0.0],[-177.1932,65.5203,0.0],[-177.1745,65.5266,0.0]]],
[[[-175.0185,66.7977,79.8257],[-174.9771,66.7803,143.8634],[-174.7984,66.7803,33.6103],[-174.7463,66.7963,30.0587],[-174.7135,66.7899,15.1834],[-174.7162,66.8006,19.8559],[-174.7203,66.8037,21.9635],[-174.7151,66.8047,0.0],[-174.7182,66.8078,10.6462],[-174.713,66.8089,0.0],[-174.7109,66.812,0.0],[-174.7182,66.8172,24.753],[-174.7172,66.8224,0.0],[-174.7203,66.8234,12.345],[-174.7193,66.8266,0.0],[-174.7266,66.8318,30.4514],[-174.7255,66.8349,0.0],[-174.7328,66.8401,21.1907],[-174.7276,66.8432,0.0],[-174.7307,66.8443,7.3168],[-174.7297,66.8474,0.0],[-174.7328,66.8484,15.351],[-174.7339,66.8516,7.3504],[-174.7375,66.8542,29.3118],[-174.7339,66.8609,9.9541],[-174.7375,66.8646,34.9396],[-174.7339,66.8724,0.0],[-174.7495,66.8797,16.8562],[-174.7505,66.8828,0.0],[-174.7578,66.8839,13.6196],[-174.7588,66.887,12.0167],[-174.762,66.8891,11.9727],[-174.7568,66.8912,0.0],[-174.7599,66.8922,0.0],[-174.7588,66.8953,0.0],[-174.7641,66.8964,0.0],[-174.7625,66.9,0.0],[-174.7661,66.9036,5.2257999999999996],[-174.7641,66.9057,5.1254],[-174.7526,66.9089,0.0],[-174.7479,66.9125,2.1495],[-174.7354,66.9125,0.0],[-174.725,66.9167,1.5257],[-174.7125,66.9167,0.9854],[-174.7109,66.9182,0.0],[-174.7229,66.9187,1.8294],[-174.7312,66.9229,0.0],[-174.7437,66.9187,1.5841],[-174.7578,66.9193,3.4222],[-174.7547,66.9266,1.7785],[-174.7646,66.9313,0.0],[-174.7724,66.9318,7.6136],[-174.7713,66.9349,0.0],[-174.7729,66.9354,0.0],[-174.787,66.9359,10.6416],[-174.7854,66.9396,0.0],[-174.7891,66.9422,4.6409],[-174.788,66.9453,1.166],[-174.8089,66.9557,0.7463],[-174.8182,66.9568,4.9883],[-174.8193,66.9599,0.0],[-174.825,66.9604,6.8198],[-174.8307,66.963,5.5678],[-174.8318,66.9661,4.1566],[-174.8349,66.9682,5.862],[-174.8297,66.9693,0.0],[-174.8276,66.9724,2.5933],[-174.8458,66.975,8.1165],[-174.8599,66.9818,10.7787],[-174.8589,66.987,0.7465],[-174.8661,66.9901,10.9137],[-174.8651,66.9932,0.0],[-174.8682,66.9943,4.8338],[-174.8693,66.9974,0.0],[-174.8729,67.0,11.1985],[-174.8682,67.0099,4.1318],[-174.863,67.0109,0.0],[-174.8609,67.0141,0.0],[-174.8708,67.0188,-0.1307],[-174.8786,67.0193,11.4368],[-174.8776,67.0245,0.0],[-174.8875,67.0292,0.0],[-174.8995,67.0297,13.2317],[-174.9005,67.0328,0.0],[-174.9036,67.0339,8.4355],[-174.9021,67.0375,0.724],[-174.9057,67.0411,6.6665],[-174.9036,67.0453,2.987],[-174.8984,67.0463,0.5261],[-174.8958,67.05,0.5544],[-174.8995,67.0526,6.4867],[-174.8984,67.0578,0.0],[-174.9021,67.0604,0.0],[-174.9016,67.062,3.4714],[-174.8963,67.0641,0.0],[-174.8995,67.0651,5.5647],[-174.8984,67.0682,0.0],[-174.9062,67.0687,1.7196],[-174.912,67.0714,5.1106],[-174.9068,67.0745,0.0],[-174.9141,67.0776,17.1259],[-174.9146,67.0792,17.8224],[-174.9068,67.0943,3.9292],[-174.9099,67.0964,12.9186],[-174.9099,67.0995,12.1176],[-174.9078,67.1016,14.0202],[-174.9026,67.1026,0.0],[-174.8995,67.1099,0.8332],[-174.8943,67.1109,0.707],[-174.8974,67.1141,1.6962],[-174.8922,67.1151,0.0],[-174.8901,67.1172,0.0],[-174.8932,67.1193,0.0],[-174.8932,67.1224,5.7686],[-174.8911,67.1245,4.9933],[-174.8859,67.1255,0.0],[-174.8838,67.1297,0.0],[-174.888,67.1328,0.0],[-174.8932,67.1339,9.8890999999999991],[-174.8891,67.1432,7.9627],[-174.8838,67.1443,0.0],[-174.887,67.1464,4.2114],[-174.8859,67.1495,0.0],[-174.8891,67.1516,7.51],[-174.8838,67.1536,0.0],[-174.887,67.1547,4.9313],[-174.888,67.1578,4.2879],[-174.8911,67.1599,6.3252],[-174.887,67.1682,6.6427],[-174.8818,67.1693,0.0],[-174.8797,67.1724,0.0],[-174.8891,67.1734,2.078],[-174.8875,67.1792,4.2261],[-174.8911,67.1828,8.3516],[-174.8849,67.1953,4.6858],[-174.8797,67.1964,0.0],[-174.8771,67.2,0.0],[-174.8792,67.2021,0.0],[-174.887,67.2026,4.4487],[-174.8854,67.2063,0.0],[-174.8891,67.2099,7.1426],[-174.887,67.2141,6.5029],[-174.8818,67.2161,0.0],[-174.8849,67.2172,6.3302],[-174.8838,67.2203,0.0],[-174.8875,67.2229,6.6146],[-174.8849,67.2286,0.0],[-174.8734,67.2318,0.0],[-174.8714,67.2338,5.7527],[-174.8714,67.237,0.999],[-174.8786,67.2401,8.7106],[-174.8786,67.2432,9.0143],[-174.8734,67.2443,0.0],[-174.8703,67.2474,0.0],[-174.8651,67.2484,0.0],[-174.8641,67.2516,5.2492],[-174.8568,67.2526,0.0],[-174.8562,67.2542,1.8949],[-174.8568,67.2557,0.4113],[-174.8641,67.2589,0.0],[-174.863,67.2641,0.0],[-174.8703,67.2693,6.9733],[-174.8703,67.2724,6.8651],[-174.863,67.2734,0.0],[-174.8599,67.2786,0.0],[-174.8521,67.2813,5.2818],[-174.8443,67.2818,0.9443],[-174.8474,67.2839,3.2535],[-174.8453,67.2891,0.0],[-174.8432,67.2911,0.0],[-174.838,67.2922,0.0],[-174.837,67.2953,0.0],[-174.8318,67.2963,0.0],[-174.8271,67.3,5.5658],[-174.8208,67.3,1.0785],[-174.8104,67.3042,0.0],[-174.7958,67.3042,0.0],[-174.7917,67.3063,4.0828],[-174.7521,67.3083,1.4355],[-174.7484,67.312,0.0],[-174.7578,67.313,3.2372],[-174.7568,67.3161,2.5726],[-174.7641,67.3214,3.4723],[-174.763,67.3266,0.0],[-174.7766,67.3318,3.7982],[-174.7755,67.3349,3.1152],[-174.7792,67.3375,1.4862],[-174.7776,67.3411,0.0],[-174.787,67.3422,3.2372],[-174.7818,67.3443,0.0],[-174.7859,67.3474,2.5364],[-174.8,67.3479,1.114],[-174.8042,67.3458,1.7269],[-174.8083,67.3479,1.8147],[-174.8208,67.3479,4.1275],[-174.8307,67.3526,3.7249],[-174.8297,67.3578,0.3126],[-174.8537,67.3588,0.54],[-174.8422,67.363,0.5795],[-174.8417,67.3646,2.3],[-174.8453,67.3672,3.2113],[-174.8443,67.3724,0.7792],[-174.8516,67.3755,1.6619],[-174.8526,67.3786,2.9551],[-174.8568,67.3807,2.9758],[-174.8708,67.3771,3.7488],[-174.875,67.3792,1.9045],[-174.8813,67.3771,3.535],[-174.8875,67.3792,0.259],[-174.8917,67.3771,2.7354],[-174.9016,67.3766,0.3225],[-174.9042,67.3729,3.8731],[-174.912,67.3734,0.1361],[-174.9109,67.3786,2.6298],[-174.9245,67.3839,3.4475],[-174.9214,67.3932,0.8781],[-174.9307,67.3943,5.9581],[-174.9292,67.3958,4.9888],[-174.9234,67.3964,0.1517],[-174.9234,67.3995,-0.0858],[-174.9266,67.4016,7.5207],[-174.9214,67.4026,-0.0088],[-174.9162,67.4141,0.3764],[-174.9141,67.4161,0.8998],[-174.9089,67.4172,0.3012],[-174.9104,67.4187,0.1162],[-174.9182,67.4193,1.474],[-174.9151,67.4266,0.0],[-174.9292,67.4271,4.0988],[-174.9375,67.4313,1.9948],[-174.9438,67.4313,1.8084],[-174.9521,67.4354,0.0],[-174.9599,67.4359,2.4731],[-174.9588,67.4391,1.9259],[-174.9625,67.4396,2.3063],[-174.9641,67.4391,0.4846],[-174.9667,67.4333,7.9723],[-174.9625,67.4292,2.2524],[-174.9651,67.4234,9.108],[-174.9672,67.4213,8.4876],[-174.9724,67.4203,2.662],[-174.9687,67.4167,10.3416],[-174.9714,67.4109,22.4387],[-174.9849,67.4057,5.3309],[-174.9859,67.4026,6.256],[-174.9911,67.4016,13.8375],[-174.9943,67.3984,21.1295],[-175.0057,67.3953,15.103],[-175.0026,67.3922,20.1095],[-175.0141,67.3912,1.4354],[-175.0141,67.388,2.6859],[-175.0109,67.387,15.8752],[-175.0109,67.3839,15.0398],[-175.0161,67.3828,12.8049],[-175.0193,67.3776,8.6254],[-175.0245,67.3766,2.3932],[-175.0276,67.3714,0.6929],[-175.0412,67.3662,0.6401],[-175.0464,67.3568,5.2864],[-175.0542,67.3542,1.6938],[-175.0625,67.3542,0.0],[-175.0651,67.3505,8.2341],[-175.075,67.35,2.4258],[-175.0792,67.3479,14.0354],[-175.0917,67.3479,1.2556],[-175.0958,67.3458,0.4996],[-175.1042,67.3458,0.0],[-175.1083,67.3438,0.4217],[-175.125,67.3438,0.0],[-175.1292,67.3417,0.6342],[-175.1375,67.3417,0.0],[-175.1417,67.3396,1.6758],[-175.15,67.3396,0.0],[-175.1516,67.338,1.6304],[-175.1422,67.3339,0.7815],[-175.1536,67.3328,-0.0284],[-175.1583,67.3271,0.2683],[-175.1828,67.3276,-0.2896],[-175.1828,67.3307,-0.1652],[-175.1807,67.3328,-0.229],[-175.1755,67.3339,-0.0834],[-175.1812,67.3375,1.2229],[-175.2,67.3354,2.0351],[-175.2016,67.3359,-0.0548],[-175.2005,67.3391,0.0],[-175.2021,67.3396,0.0],[-175.2083,67.3375,1.7428],[-175.2146,67.3375,7.1281],[-175.2187,67.3396,0.0],[-175.2396,67.3396,4.3188],[-175.2437,67.3417,0.0],[-175.2521,67.3417,0.0],[-175.2563,67.3396,16.7304],[-175.2625,67.3417,0.0],[-175.2641,67.3401,4.1513],[-175.2609,67.3391,6.5577],[-175.2599,67.3359,-0.5087],[-175.2568,67.3339,0.5726],[-175.2667,67.3333,-0.2847],[-175.2708,67.3313,-0.2254],[-175.275,67.3333,-0.2864],[-175.2875,67.3333,0.3725],[-175.2953,67.3307,0.1768],[-175.3,67.325,-0.3327],[-175.3167,67.3271,0.0],[-175.3229,67.3229,0.0],[-175.3391,67.3203,0.0],[-175.3338,67.3172,0.3737],[-175.3391,67.3161,1.8337],[-175.3359,67.313,0.2357],[-175.3411,67.3026,6.7588],[-175.3359,67.3016,14.131],[-175.337,67.2984,0.5156],[-175.3354,67.2979,-0.9229],[-175.3292,67.2979,-0.8971],[-175.325,67.3,5.7264],[-175.3214,67.2984,-0.0682],[-175.325,67.2958,1.0561],[-175.3328,67.2953,0.7701],[-175.3297,67.2932,1.4339],[-175.3313,67.2917,-0.3899],[-175.3453,67.2922,1.2071],[-175.3443,67.2953,-0.6877],[-175.3495,67.2963,-0.4813],[-175.3484,67.2995,-0.6556],[-175.3599,67.3047,5.9949],[-175.3604,67.3063,2.1623],[-175.3599,67.3078,0.0],[-175.3547,67.3089,0.2131],[-175.3495,67.3203,0.0],[-175.3474,67.3224,0.0],[-175.3333,67.3271,0.0],[-175.325,67.3271,0.0],[-175.3172,67.3297,0.0],[-175.3161,67.3328,0.0],[-175.3047,67.3359,0.0],[-175.3062,67.3375,0.0],[-175.3229,67.3375,0.0],[-175.3307,67.3349,0.0],[-175.3338,67.3318,0.0],[-175.3417,67.3313,0.0],[-175.3432,67.3328,0.0],[-175.338,67.3339,0.0],[-175.3411,67.337,4.7499],[-175.3297,67.338,0.0],[-175.3286,67.3411,0.0],[-175.3234,67.3422,0.0],[-175.3203,67.3453,0.0],[-175.3089,67.3484,0.0],[-175.3057,67.3536,0.0],[-175.3005,67.3547,0.0],[-175.2995,67.3578,0.0],[-175.2943,67.3588,0.0],[-175.2912,67.3641,14.0768],[-175.2776,67.3693,0.0],[-175.2766,67.3724,11.1823],[-175.2667,67.3729,0.0],[-175.2563,67.3771,5.5327],[-175.2484,67.3776,0.0],[-175.2443,67.3839,0.0],[-175.2479,67.3875,7.5022],[-175.2453,67.3932,4.7773],[-175.2401,67.3943,0.0],[-175.2354,67.4021,0.0],[-175.2359,67.4057,0.0],[-175.2391,67.4078,13.4288],[-175.2328,67.4182,0.0],[-175.2276,67.4193,0.0],[-175.2245,67.4266,2.4935],[-175.2167,67.4271,3.4036],[-175.2125,67.425,-0.0827],[-175.2063,67.425,0.0],[-175.2021,67.4271,-0.1819],[-175.1875,67.4271,0.0],[-175.1833,67.4292,2.5738],[-175.1771,67.4292,-0.1024],[-175.1734,67.4318,0.9349],[-175.1766,67.4339,5.2173],[-175.1776,67.437,22.565],[-175.1849,67.4401,0.0],[-175.1859,67.4432,4.5617],[-175.1891,67.4443,20.9676],[-175.188,67.4474,5.2245],[-175.1911,67.4484,15.9145],[-175.1922,67.4537,18.6151],[-175.1953,67.4547,25.7611],[-175.1932,67.4578,19.87],[-175.188,67.4589,0.0],[-175.1854,67.4646,0.0],[-175.1891,67.4672,6.222],[-175.1901,67.4703,0.0],[-175.1932,67.4714,9.7435],[-175.1922,67.4745,1.9312],[-175.1958,67.4771,4.3421],[-175.1943,67.4807,5.617],[-175.1995,67.4828,11.0153],[-175.1974,67.4849,8.6574],[-175.1922,67.4859,0.0],[-175.1859,67.4995,0.0],[-175.1938,67.5,5.794],[-175.2141,67.5089,6.1113],[-175.212,67.512,0.0],[-175.2068,67.5141,0.0],[-175.2146,67.5146,0.0],[-175.2167,67.5167,3.4079],[-175.2141,67.5224,0.0],[-175.2104,67.525,0.0],[-175.1922,67.5245,0.0],[-175.188,67.5214,0.0],[-175.1958,67.5208,0.0],[-175.1974,67.5193,0.0],[-175.188,67.5182,0.0],[-175.1891,67.5151,0.0],[-175.1875,67.5146,0.0],[-175.1812,67.5167,0.0],[-175.1687,67.5167,0.0],[-175.1646,67.5146,0.0],[-175.1609,67.5182,0.0],[-175.1662,67.5193,2.2485],[-175.1797,67.5266,0.0],[-175.1891,67.5276,0.0],[-175.1932,67.5297,0.0],[-175.1922,67.5328,0.0],[-175.1938,67.5333,0.0],[-175.2,67.5333,0.9523],[-175.2083,67.5375,1.0463],[-175.2146,67.5354,0.0],[-175.2224,67.5359,0.0],[-175.2224,67.5391,5.0454],[-175.2172,67.5401,0.0],[-175.2203,67.5422,3.2681],[-175.2193,67.5453,0.0],[-175.2328,67.5484,6.3572],[-175.2354,67.5521,0.0],[-175.2432,67.5526,10.8309],[-175.2422,67.5557,0.0],[-175.2453,67.5568,4.2767],[-175.2464,67.5599,0.0],[-175.2536,67.563,13.8327],[-175.2521,67.5646,12.1513],[-175.2443,67.5651,0.0],[-175.2422,67.5672,0.0],[-175.2396,67.5729,0.0],[-175.2432,67.5755,23.6221],[-175.2443,67.5787,0.0],[-175.25,67.5813,28.9826],[-175.262,67.5818,70.5375],[-175.2568,67.5839,0.0],[-175.2568,67.587,0.0],[-175.2703,67.588,24.6515],[-175.2713,67.5911,6.2919],[-175.2786,67.5943,16.3493],[-175.2776,67.5974,0.0],[-175.2912,67.6026,7.6487],[-175.2922,67.6057,0.0],[-175.2995,67.6088,24.7119],[-175.2979,67.6146,11.0054],[-175.3016,67.6172,29.2448],[-175.3005,67.6224,0.0],[-175.3099,67.6234,18.2341],[-175.3083,67.6271,0.0],[-175.312,67.6297,5.9545],[-175.3104,67.6333,0.0],[-175.3141,67.6359,2.0928],[-175.3141,67.6391,2.9237],[-175.312,67.6412,0.0],[-175.3068,67.6422,0.0],[-175.3057,67.6453,6.9403],[-175.2979,67.6479,8.1407],[-175.2729,67.6479,0.0],[-175.2688,67.65,13.1933],[-175.2588,67.6505,0.0],[-175.2568,67.6547,5.0308],[-175.2583,67.6563,19.5081],[-175.2661,67.6568,73.8468],[-175.2807,67.663,16.6415],[-175.2797,67.6661,47.692],[-175.2875,67.6687,69.844],[-175.3042,67.6687,57.0798],[-175.3083,67.6708,0.0],[-175.3125,67.6687,30.5854],[-175.3208,67.6687,22.4761],[-175.3396,67.675,13.4099],[-175.3453,67.6755,16.2113],[-175.3583,67.6813,0.0],[-175.3687,67.6813,18.6558],[-175.3833,67.6875,2.8394],[-175.3875,67.6875,19.2879],[-175.4125,67.6958,0.0],[-175.4167,67.6958,9.6508],[-175.4271,67.7,0.0],[-175.4312,67.7,2.321],[-175.4458,67.7063,0.0],[-175.4563,67.7063,1.3171],[-175.475,67.7125,2.0847],[-175.4917,67.7125,9.653],[-175.4958,67.7146,1.1049],[-175.5083,67.7146,2.2112],[-175.5141,67.7172,5.4054],[-175.5151,67.7203,4.0011],[-175.5182,67.7214,4.1956],[-175.513,67.7245,0.0],[-175.5354,67.7271,4.4702],[-175.5437,67.7312,3.6419],[-175.5474,67.7307,3.6791],[-175.5484,67.7276,4.5215],[-175.5521,67.725,5.0753],[-175.575,67.7229,5.4354],[-175.5776,67.7266,0.6014],[-175.5958,67.7292,2.6685],[-175.5974,67.7307,4.6116],[-175.5937,67.7333,0.6977],[-175.5875,67.7333,3.5823],[-175.5792,67.7292,0.7326],[-175.5729,67.7312,0.425],[-175.5646,67.7312,0.4237],[-175.5625,67.7333,0.3028],[-175.563,67.737,0.0],[-175.5854,67.7396,4.0243],[-175.587,67.7401,4.8638],[-175.5859,67.7432,0.0],[-175.5875,67.7438,0.0],[-175.5937,67.7438,3.4726],[-175.6187,67.7521,0.0],[-175.6229,67.7521,0.0],[-175.6375,67.7583,0.0],[-175.6479,67.7583,6.1291],[-175.6651,67.7662,0.0],[-175.6729,67.7667,5.7605],[-175.6771,67.7688,0.0],[-175.6807,67.7682,4.3062],[-175.6828,67.7589,0.0],[-175.6604,67.7562,2.229],[-175.6547,67.7536,0.0],[-175.6547,67.7505,0.0],[-175.6599,67.7495,0.0],[-175.6646,67.7458,0.0],[-175.6771,67.7458,2.3764],[-175.6828,67.7484,1.5951],[-175.6818,67.7516,0.0],[-175.6938,67.7562,3.0726],[-175.7312,67.7562,6.6617],[-175.7391,67.7589,4.6351],[-175.737,67.762,0.0],[-175.7318,67.763,0.0],[-175.7349,67.7662,0.0],[-175.7234,67.7693,0.0],[-175.7208,67.7729,0.0],[-175.7172,67.7724,0.0],[-175.7182,67.7693,0.0],[-175.7083,67.7688,0.0],[-175.7005,67.7714,0.0],[-175.7005,67.7745,0.1822],[-175.7104,67.7792,0.0],[-175.7167,67.7792,6.8201],[-175.725,67.7833,0.0],[-175.7328,67.7839,5.1594],[-175.7339,67.787,0.0],[-175.7417,67.7875,4.6095],[-175.75,67.7917,1.7764],[-175.7536,67.7911,5.2456],[-175.7568,67.7818,0.2035],[-175.7792,67.7792,0.0],[-175.7833,67.7771,2.8973],[-175.7958,67.7771,0.0],[-175.8,67.775,0.2167],[-175.8062,67.7771,0.0],[-175.8104,67.775,0.0],[-175.8333,67.775,3.8438],[-175.8396,67.7771,0.0],[-175.8432,67.7745,4.9856],[-175.8443,67.7693,4.9112],[-175.8495,67.7682,4.3401],[-175.8526,67.763,4.0967],[-175.8729,67.7562,5.2916],[-175.8813,67.7562,0.0],[-175.8875,67.7521,7.9282],[-175.8953,67.7516,0.0],[-175.8974,67.7484,-0.5],[-175.8943,67.7464,14.6147],[-175.9021,67.7438,-0.5],[-175.9083,67.7438,-0.5],[-175.9187,67.7396,8.9756],[-175.9604,67.7375,0.0],[-175.9646,67.7354,11.0952],[-175.9729,67.7354,6.1731],[-175.9771,67.7333,8.5022],[-176.0099,67.7307,0.0],[-176.0099,67.7276,12.1051],[-176.0042,67.725,0.0],[-175.9979,67.7271,15.9417],[-175.9937,67.725,0.0],[-175.9417,67.7271,2.9142],[-175.9375,67.725,0.0],[-175.9312,67.7271,4.5638],[-175.9271,67.725,0.0],[-175.9146,67.725,5.2796],[-175.9104,67.7229,0.0],[-175.9042,67.7229,0.0],[-175.9,67.7271,1.6037],[-175.8813,67.7271,0.02],[-175.8771,67.725,-0.3701],[-175.8693,67.7245,0.552],[-175.8714,67.7214,1.8962],[-175.8766,67.7193,1.5265],[-175.8672,67.7161,4.6909],[-175.8682,67.713,0.0],[-175.8589,67.7099,0.0],[-175.8547,67.7068,4.9926],[-175.863,67.6859,7.6002],[-175.8682,67.6849,8.4091],[-175.8734,67.6776,9.4857],[-175.8786,67.6766,0.0],[-175.8813,67.6687,1.9065],[-175.8776,67.6651,5.277],[-175.8828,67.6641,0.0],[-175.8797,67.6609,11.6297],[-175.8849,67.6599,0.0],[-175.8818,67.6568,2.391],[-175.887,67.6557,0.0],[-175.888,67.6526,10.7208],[-175.8932,67.6516,0.0],[-175.8901,67.6484,16.9198],[-175.8922,67.6464,13.8521],[-175.8974,67.6453,0.0],[-175.9,67.6396,1.4142],[-175.8979,67.6375,0.8004],[-175.8838,67.6401,0.0],[-175.8807,67.6432,0.0],[-175.8729,67.6458,10.8827],[-175.8604,67.6458,0.0],[-175.8526,67.6484,0.0],[-175.8495,67.6516,5.877],[-175.8417,67.6521,0.0],[-175.8338,67.6547,0.0],[-175.837,67.6578,6.7175],[-175.8167,67.6646,0.0],[-175.8042,67.6646,2.6496],[-175.8026,67.663,1.6929],[-175.8078,67.662,0.0],[-175.8099,67.6547,2.243],[-175.7979,67.6542,6.6685],[-175.7937,67.6521,0.0],[-175.7604,67.6521,3.7717],[-175.7563,67.65,0.0],[-175.7292,67.6458,2.2647],[-175.7276,67.6453,3.0882],[-175.7287,67.6422,0.0],[-175.7234,67.6412,9.6753],[-175.7245,67.638,0.0],[-175.7151,67.6349,4.8082],[-175.7167,67.6333,4.5744],[-175.7224,67.6328,0.0],[-175.7172,67.6307,6.2624],[-175.7182,67.6276,0.0],[-175.7104,67.6271,1.9736],[-175.7063,67.625,0.0],[-175.6896,67.625,1.458],[-175.6854,67.6229,0.0],[-175.6792,67.6229,0.0],[-175.6682,67.6172,0.0],[-175.663,67.6162,1.8197],[-175.6672,67.6088,5.0782],[-175.6724,67.6078,0.0],[-175.6682,67.6047,5.7626],[-175.663,67.6036,9.2087],[-175.6672,67.5943,4.971],[-175.6724,67.5932,0.0],[-175.6755,67.588,6.4298],[-175.687,67.587,0.0],[-175.688,67.5839,7.0795],[-175.712,67.5766,0.0],[-175.7141,67.5734,0.0],[-175.7083,67.5708,0.0],[-175.7021,67.5708,0.0],[-175.6979,67.5687,0.0],[-175.6854,67.5687,0.0],[-175.6812,67.5667,0.0],[-175.6271,67.5667,0.0],[-175.6161,67.5609,0.0],[-175.6109,67.5599,4.3107],[-175.612,67.5568,0.0],[-175.6026,67.5557,1.2263],[-175.6037,67.5526,0.0],[-175.5984,67.5516,0.0],[-175.6005,67.5484,0.0],[-175.612,67.5453,0.0],[-175.613,67.5422,0.0],[-175.6245,67.5411,0.0],[-175.6276,67.5339,0.0],[-175.6328,67.5328,0.0],[-175.6349,67.5297,0.0],[-175.6208,67.5292,0.0],[-175.6167,67.5313,0.0],[-175.6104,67.5313,0.0],[-175.6021,67.5271,0.0],[-175.5958,67.5271,14.1353],[-175.5891,67.5234,0.0],[-175.5813,67.5229,0.8502],[-175.5771,67.5208,0.0],[-175.5708,67.5208,16.8831],[-175.5604,67.5167,0.0],[-175.5526,67.5193,0.0],[-175.5516,67.5224,21.3706],[-175.5464,67.5234,11.5657],[-175.5432,67.5266,0.0],[-175.5354,67.5292,0.0],[-175.5109,67.5297,0.0],[-175.5068,67.5359,0.0],[-175.512,67.538,17.7885],[-175.5099,67.5432,4.328],[-175.4958,67.5479,0.0],[-175.4729,67.5458,0.0],[-175.4687,67.5437,0.0],[-175.4625,67.5458,0.0],[-175.4401,67.5391,0.145],[-175.4422,67.5339,0.3544],[-175.4438,67.5333,0.7326],[-175.4599,67.5328,0.0],[-175.4599,67.5297,0.5686],[-175.4563,67.5271,0.8447],[-175.4583,67.525,1.3799],[-175.4687,67.5292,0.6365],[-175.475,67.5292,0.0],[-175.4854,67.525,1.3446],[-175.4937,67.525,0.2112],[-175.5078,67.5203,0.5339],[-175.5099,67.5172,0.6759],[-175.4979,67.5125,0.6188],[-175.4943,67.5151,-0.3445],[-175.4911,67.5224,1.2697],[-175.4833,67.5229,-0.7068],[-175.4818,67.5214,-0.6169],[-175.487,67.5193,0.5818],[-175.4812,67.5167,-1.0844],[-175.475,67.5167,-0.1033],[-175.4734,67.5151,-0.0177],[-175.4787,67.5141,0.0041],[-175.4812,67.5104,0.1407],[-175.4911,67.5099,0.1386],[-175.488,67.5078,0.8261],[-175.487,67.5047,0.0],[-175.4563,67.5062,-1.9711],[-175.4521,67.5083,1.346],[-175.4479,67.5062,-1.9638],[-175.4354,67.5062,-0.8806],[-175.4297,67.5026,-0.4295],[-175.4375,67.5021,-0.103],[-175.4438,67.5042,-1.2277],[-175.4542,67.5,-0.5832],[-175.4625,67.5,-0.1723],[-175.4729,67.4958,0.9436],[-175.4896,67.4958,0.885],[-175.4937,67.4979,1.6182],[-175.5016,67.4984,0.6871],[-175.5125,67.5042,0.5878],[-175.5203,67.5047,-0.5918],[-175.5151,67.5068,0.0],[-175.5167,67.5083,0.0],[-175.5333,67.5083,0.3649],[-175.5375,67.5062,0.8262],[-175.5458,67.5062,6.3994],[-175.5557,67.5089,8.7842],[-175.5568,67.512,3.2831],[-175.5625,67.5146,5.529],[-175.5854,67.5146,0.0],[-175.6,67.5188,0.0],[-175.6062,67.5167,0.9761],[-175.6146,67.5208,0.0],[-175.6208,67.5208,0.5904],[-175.625,67.5188,0.446],[-175.6542,67.5188,5.5409],[-175.6599,67.5214,0.0],[-175.6609,67.5245,0.0],[-175.6641,67.5255,1.5292],[-175.663,67.5286,0.2691],[-175.6708,67.5292,0.0],[-175.6766,67.5318,0.0],[-175.6755,67.537,0.0],[-175.6807,67.538,4.403],[-175.6766,67.5474,0.0],[-175.6714,67.5484,0.0],[-175.6693,67.5505,0.0],[-175.6693,67.5537,0.0],[-175.6771,67.5542,18.3416],[-175.6812,67.5563,1.1372],[-175.6917,67.5563,0.0],[-175.6958,67.5583,0.0],[-175.7083,67.5583,8.9611],[-175.7099,67.5589,10.5261],[-175.7088,67.562,0.0],[-175.7167,67.5625,6.3405],[-175.7208,67.5646,0.0],[-175.7479,67.5667,2.0936],[-175.7495,67.5672,0.7418],[-175.7484,67.5703,0.4315],[-175.75,67.5708,0.8164],[-175.7583,67.5687,0.674],[-175.7625,67.5708,-0.072],[-175.7667,67.5708,3.7747],[-175.7693,67.5745,0.0448],[-175.7724,67.5755,3.5232],[-175.7672,67.5776,0.1712],[-175.7672,67.5807,3.7026],[-175.7688,67.5813,0.0],[-175.7896,67.5813,5.5553],[-175.7958,67.5833,0.0],[-175.8125,67.5771,1.1159],[-175.8354,67.5771,1.4522],[-175.85,67.5813,0.0],[-175.8771,67.5833,0.0],[-175.8813,67.5813,5.8702],[-175.8974,67.5807,0.0],[-175.8974,67.5776,1.0656],[-175.8938,67.575,0.1041],[-175.8958,67.5729,0.487],[-175.8995,67.5734,0.8656],[-175.9021,67.5771,0.0],[-175.9125,67.5771,0.6878],[-175.9167,67.5792,-0.1266],[-175.9245,67.5797,0.7467],[-175.9203,67.5911,1.4037],[-175.9151,67.5922,0.6562],[-175.913,67.5943,0.0],[-175.9162,67.5974,7.7652],[-175.9109,67.5984,0.0],[-175.9099,67.6036,5.9639],[-175.8984,67.6047,0.0],[-175.8953,67.6099,7.4449],[-175.8901,67.6109,0.0],[-175.888,67.6151,0.0],[-175.8958,67.6229,5.8732],[-175.8953,67.6245,6.1106],[-175.8901,67.6255,4.5377],[-175.888,67.6276,5.7415],[-175.888,67.6307,10.495],[-175.8958,67.6312,7.1475],[-175.9083,67.6354,8.4991],[-175.9271,67.6354,25.0733],[-175.9312,67.6375,6.758],[-175.9417,67.6375,10.3571],[-175.9479,67.6354,9.0153],[-175.9542,67.6375,0.0],[-175.9583,67.6354,5.8195],[-175.9875,67.6333,1.6144],[-175.9917,67.6312,2.2934],[-176.0,67.6312,1.5797],[-176.0042,67.6292,2.8692],[-176.05,67.6292,1.9492],[-176.0542,67.6271,2.4752],[-176.0604,67.6292,0.0],[-176.0875,67.6271,4.1433],[-176.0917,67.6292,0.0],[-176.1,67.6292,0.8851],[-176.1042,67.6271,0.0],[-176.1083,67.6292,1.243],[-176.1583,67.6292,1.3715],[-176.1625,67.6312,0.0],[-176.1687,67.6292,3.621],[-176.1792,67.6333,0.0],[-176.1911,67.6339,2.2407],[-176.1859,67.637,0.0],[-176.1943,67.6412,0.0],[-176.2083,67.6417,4.9092],[-176.2125,67.6458,0.0],[-176.2229,67.6458,6.142],[-176.2255,67.6495,0.0],[-176.2297,67.6516,0.0],[-176.2375,67.6521,2.6602],[-176.2458,67.6563,0.0],[-176.2521,67.6563,1.4902],[-176.2661,67.663,3.4746],[-176.2672,67.6661,3.1472],[-176.2891,67.6755,10.367],[-176.2839,67.6776,0.0],[-176.2875,67.6813,4.4599],[-176.2839,67.6901,4.1139],[-176.2854,67.6917,4.8479],[-176.3042,67.6896,6.0354],[-176.3182,67.6849,4.6756],[-176.3229,67.6813,11.1067],[-176.3354,67.6813,0.0],[-176.3458,67.6771,3.0042],[-176.3646,67.6771,1.239],[-176.3687,67.675,9.1204],[-176.4208,67.675,7.587],[-176.4349,67.6703,8.2257],[-176.4359,67.6672,8.0152],[-176.4438,67.6646,9.1742],[-176.4792,67.6625,10.6456],[-176.4818,67.6661,0.0],[-176.4911,67.6672,5.3518],[-176.5036,67.6734,12.0564],[-176.5026,67.6787,0.0],[-176.512,67.6818,10.5216],[-176.5109,67.687,4.571],[-176.5203,67.688,9.9985],[-176.5229,67.6917,0.0],[-176.5333,67.6917,7.0168],[-176.5417,67.6958,0.0],[-176.5604,67.6958,0.0],[-176.5646,67.6937,25.4521],[-176.5875,67.6937,25.9316],[-176.5958,67.6979,0.0],[-176.6292,67.6979,0.8339],[-176.6307,67.6995,0.0],[-176.6255,67.7005,0.2934],[-176.6255,67.7037,0.0],[-176.6391,67.7047,0.0],[-176.6338,67.7078,1.3382],[-176.6474,67.713,0.1713],[-176.65,67.7167,0.0],[-176.6562,67.7167,1.065],[-176.6604,67.7188,0.0],[-176.6667,67.7167,1.1791],[-176.6693,67.7203,0.0],[-176.6771,67.7188,1.2277],[-176.6854,67.7229,0.7245],[-176.7417,67.7229,1.6888],[-176.7432,67.7234,1.7794],[-176.7422,67.7266,0.0],[-176.75,67.7292,0.0],[-176.7667,67.7292,0.0],[-176.7682,67.7307,5.4117],[-176.7375,67.7333,0.9445],[-176.7333,67.7312,0.0],[-176.7042,67.7312,0.0],[-176.7,67.7292,0.0],[-176.6896,67.7292,0.0],[-176.6854,67.7271,0.0],[-176.6792,67.7292,1.0458],[-176.6729,67.7271,0.0],[-176.6667,67.7271,0.0],[-176.6604,67.7292,0.3119],[-176.6562,67.7271,0.0],[-176.6521,67.7292,0.8978],[-176.6438,67.7292,0.8751],[-176.6422,67.7307,0.583],[-176.6516,67.7318,1.4393],[-176.6526,67.7349,0.6095],[-176.6599,67.7359,0.0],[-176.6583,67.7375,0.0],[-176.6521,67.7375,0.0],[-176.6479,67.7354,0.1031],[-176.625,67.7354,0.0],[-176.6234,67.7338,0.0],[-176.6255,67.7318,1.0849],[-176.6349,67.7307,1.155],[-176.637,67.7276,0.2619],[-176.6151,67.7286,0.0],[-176.6266,67.7245,0.0],[-176.6286,67.7214,0.0],[-176.6208,67.7208,2.2701],[-176.6089,67.7161,0.7638],[-176.612,67.7089,0.0],[-176.6068,67.7078,7.3964],[-176.6078,67.7047,0.0],[-176.6,67.7042,5.3102],[-176.5958,67.7021,3.415],[-176.5833,67.7021,7.7042],[-176.5792,67.7,0.0],[-176.5458,67.7,0.0],[-176.5417,67.6979,0.0],[-176.5312,67.6979,2.4468],[-176.5271,67.6958,0.0],[-176.5088,67.6932,6.5316],[-176.4901,67.6849,14.9482],[-176.4875,67.6813,0.0],[-176.4771,67.6792,0.4048],[-176.4729,67.6813,8.2919],[-176.4667,67.6813,0.0],[-176.4625,67.6771,0.0],[-176.45,67.6771,0.0],[-176.4234,67.6859,0.0],[-176.425,67.6875,0.0],[-176.4328,67.688,0.0],[-176.4318,67.6911,0.0],[-176.437,67.6922,0.0],[-176.4354,67.6937,0.0],[-176.4167,67.6937,0.3214],[-176.4125,67.6917,0.0],[-176.4062,67.6937,5.7548],[-176.4021,67.6917,0.0],[-176.3792,67.6917,0.0],[-176.3714,67.6943,0.0],[-176.3682,67.6995,0.0],[-176.3604,67.7021,8.9876],[-176.3276,67.7047,2.9946],[-176.3266,67.7078,8.4318],[-176.3213,67.7089,0.0],[-176.3245,67.712,3.9478],[-176.313,67.7151,0.0],[-176.3104,67.7208,0.7442],[-176.3146,67.725,-1.0],[-176.3104,67.7292,-1.0],[-176.2979,67.7292,2.3869],[-176.2937,67.7271,0.5261],[-176.2896,67.7292,0.0],[-176.2812,67.7292,4.3596],[-176.2771,67.7271,1.0713],[-176.2604,67.725,0.0],[-176.2563,67.7271,4.1177],[-176.2167,67.7271,5.895],[-176.2125,67.7292,1.469],[-176.15,67.7292,0.0],[-176.1458,67.7312,5.6412],[-176.1208,67.7312,0.4253],[-176.1167,67.7333,3.6191],[-176.0979,67.7333,5.1125],[-176.0964,67.7328,4.1289],[-176.0974,67.7297,0.0],[-176.0958,67.7292,0.0],[-176.0896,67.7312,1.2872],[-176.0854,67.7292,0.0],[-176.0729,67.7292,1.1721],[-176.0667,67.7271,0.0],[-176.0589,67.7307,0.0],[-176.0641,67.7318,9.9855],[-176.0609,67.7391,0.0],[-176.0703,67.7401,29.3699],[-176.0693,67.7453,0.0],[-176.0875,67.7479,41.3855],[-176.1062,67.7562,8.7329],[-176.1245,67.7589,21.1726],[-176.1234,67.762,4.2711],[-176.1266,67.763,0.0],[-176.1271,67.7667,0.1579],[-176.1208,67.7813,-0.2689],[-176.1229,67.7833,0.0],[-176.1307,67.7839,4.909],[-176.1271,67.7917,0.0],[-176.1307,67.7953,6.8932],[-176.1255,67.7963,0.0],[-176.1286,67.7995,7.0781],[-176.1208,67.8,0.0],[-176.1068,67.8047,0.0],[-176.1047,67.8078,0.0],[-176.1125,67.8083,3.7794],[-176.1146,67.8104,4.2311],[-176.1099,67.8224,11.7698],[-176.0984,67.8255,0.0],[-176.0953,67.8307,2.8935],[-176.0838,67.8339,0.0],[-176.0807,67.837,4.9869],[-176.0755,67.838,0.0],[-176.0724,67.8453,10.3484],[-176.0521,67.8521,7.6546],[-176.0437,67.8521,0.0],[-176.0333,67.8562,3.5128],[-175.9979,67.8562,0.0],[-175.9953,67.8599,0.3855],[-175.9901,67.862,3.22],[-176.0063,67.8646,3.3363],[-176.0104,67.8667,0.0],[-176.0167,67.8667,3.3474],[-176.025,67.8708,0.0],[-176.0375,67.8708,2.3543],[-176.0521,67.875,3.1939],[-176.0583,67.875,1.7275],[-176.0667,67.8792,0.0],[-176.0792,67.8792,1.6754],[-176.0807,67.8797,1.5338],[-176.0797,67.8828,0.0],[-176.0813,67.8833,0.0],[-176.1146,67.8875,2.3969],[-176.1307,67.8922,2.9428],[-176.1417,67.8979,0.0],[-176.1542,67.8979,1.3703],[-176.1609,67.9016,0.0],[-176.1687,67.9021,2.563],[-176.1729,67.9042,1.9491],[-176.1807,67.9036,0.0],[-176.1859,67.8943,0.0],[-176.1938,67.8917,2.8793],[-176.2125,67.8917,0.0],[-176.2271,67.8958,0.0],[-176.2375,67.8958,2.6395],[-176.2417,67.8979,2.4981],[-176.2583,67.9,0.7237],[-176.2688,67.8958,2.5794],[-176.275,67.8979,0.0],[-176.2812,67.8979,0.0],[-176.2854,67.8958,3.6345],[-176.3042,67.8958,3.1336],[-176.3083,67.8979,0.0],[-176.3146,67.8979,0.688],[-176.3188,67.8958,4.3997],[-176.3271,67.8958,0.0],[-176.3313,67.8938,1.8444],[-176.35,67.8938,0.0],[-176.3542,67.8917,5.3792],[-176.3938,67.8917,8.3969],[-176.3979,67.8938,10.8426],[-176.4104,67.8938,4.7477],[-176.4146,67.8917,2.4496],[-176.4229,67.8917,0.508],[-176.4271,67.8896,2.9924],[-176.4458,67.8896,0.0],[-176.45,67.8875,1.9744],[-176.4625,67.8875,0.0],[-176.4667,67.8854,4.3996],[-176.4854,67.8833,0.0],[-176.4958,67.8875,2.4533],[-176.5229,67.8875,0.0],[-176.5271,67.8896,0.5303],[-176.5412,67.8901,7.883],[-176.5458,67.8938,4.0712],[-176.5396,67.9083,0.0],[-176.5401,67.912,0.0],[-176.5542,67.9187,0.0],[-176.5729,67.9187,7.0022],[-176.5875,67.9229,0.0],[-176.5937,67.9229,5.7285],[-176.5995,67.9255,4.1529],[-176.5984,67.9287,0.0],[-176.6062,67.9313,0.0],[-176.6203,67.9307,5.3848],[-176.6214,67.9255,5.434],[-176.6229,67.925,6.4489],[-176.6417,67.925,0.0],[-176.6438,67.9271,1.1277],[-176.6422,67.9307,0.0],[-176.6438,67.9313,0.5195],[-176.65,67.9313,3.2247],[-176.6542,67.9333,1.0016],[-176.6729,67.9333,3.0849],[-176.6745,67.9328,3.5205],[-176.6745,67.9297,5.195],[-176.6672,67.9266,4.5298],[-176.6672,67.9213,4.8157],[-176.6771,67.9167,6.0385],[-176.6833,67.9167,6.8931],[-176.6854,67.9187,5.3688],[-176.6833,67.9229,2.0238],[-176.6839,67.9266,0.0],[-176.6875,67.9292,7.4679],[-176.6859,67.9328,0.0],[-176.6911,67.9339,1.0484],[-176.6901,67.937,0.0],[-176.6995,67.9401,1.7396],[-176.6984,67.9453,0.0],[-176.7146,67.9521,0.0],[-176.725,67.9521,1.2351],[-176.7354,67.9563,0.0],[-176.7417,67.9563,3.0896],[-176.7458,67.9583,1.8177],[-176.7583,67.9583,2.7073],[-176.7609,67.9547,0.0],[-176.7646,67.9542,1.3426],[-176.7661,67.9547,0.0],[-176.7651,67.9599,0.7985],[-176.7833,67.9625,4.7848],[-176.7849,67.963,4.7686],[-176.7839,67.9661,2.0441],[-176.7917,67.9667,2.9282],[-176.8021,67.9708,3.0533],[-176.8146,67.9708,1.2542],[-176.8188,67.9688,3.0473],[-176.8375,67.9688,0.0],[-176.8479,67.9646,2.2331],[-176.8521,67.9667,1.5581],[-176.8646,67.9667,5.1111],[-176.8687,67.9688,0.3375],[-176.875,67.9667,1.2378],[-176.8917,67.9667,5.5666],[-176.8958,67.9688,0.0],[-176.9083,67.9688,6.4209],[-176.9125,67.9729,0.0],[-176.9187,67.9729,9.9554],[-176.9229,67.975,0.0],[-176.9333,67.975,4.1639],[-176.9411,67.9776,0.0],[-176.9396,67.9792,0.0],[-176.925,67.9792,0.0],[-176.9083,67.9854,3.7996],[-176.8958,67.9854,0.0],[-176.8917,67.9875,4.3179],[-176.8792,67.9875,0.0],[-176.875,67.9833,0.0],[-176.825,67.9833,7.1485],[-176.8208,67.9812,0.0],[-176.8083,67.9812,0.4085],[-176.8042,67.9833,1.2726],[-176.7609,67.9838,1.8872],[-176.7609,67.987,0.0],[-176.7693,67.9912,6.3927],[-176.7771,67.9917,7.9693],[-176.7849,67.9943,0.0],[-176.7932,67.9995,1.1777],[-176.788,68.0005,0.0],[-176.7849,68.0057,0.0],[-176.7797,68.0068,0.0],[-176.7786,68.0099,0.0],[-176.7646,68.0146,5.034],[-176.7563,68.0146,0.0],[-176.7359,68.0214,0.0],[-176.7333,68.0271,2.2683],[-176.737,68.0297,0.0],[-176.737,68.0328,0.0],[-176.7318,68.0339,0.0],[-176.7297,68.0359,0.0],[-176.7276,68.0432,0.0],[-176.737,68.0463,4.7488],[-176.738,68.0495,0.0],[-176.7458,68.05,7.0994],[-176.7583,68.0563,1.0105],[-176.775,68.0583,2.9384],[-176.7776,68.062,0.0],[-176.7854,68.0625,2.1595],[-176.7937,68.0667,1.5487],[-176.8016,68.0672,4.6303],[-176.8016,68.0703,3.3327],[-176.7964,68.0714,0.0],[-176.7979,68.0729,0.0],[-176.8042,68.0729,3.4704],[-176.8083,68.075,2.2475],[-176.8188,68.075,2.3805],[-176.8396,68.0813,0.0],[-176.8437,68.0792,6.0857],[-176.8521,68.0792,8.7292],[-176.8562,68.0813,0.0],[-176.8641,68.0818,6.5853],[-176.863,68.0849,0.0],[-176.8682,68.0859,9.6115],[-176.8672,68.0891,0.0],[-176.8813,68.0896,3.6706],[-176.8854,68.0917,0.0],[-176.8932,68.0922,5.7173],[-176.8859,68.0964,0.0],[-176.8849,68.1016,1.9515],[-176.8797,68.1026,0.0],[-176.8839,68.1057,0.0],[-176.8917,68.1062,7.5813],[-176.9062,68.1125,0.0],[-176.9229,68.1146,16.18],[-176.9339,68.1203,1.5148],[-176.9417,68.1229,1.1691],[-176.9479,68.1229,5.1245],[-176.9563,68.1271,0.0],[-176.9833,68.1312,5.4362],[-176.9875,68.1333,1.7442],[-177.0063,68.1271,0.0],[-177.0167,68.1312,0.0],[-177.0458,68.1292,0.0],[-177.0474,68.1276,0.0],[-177.0443,68.1255,0.4875],[-177.0583,68.1271,0.0],[-177.0599,68.1255,0.0],[-177.0568,68.1234,0.0],[-177.0646,68.1229,0.0],[-177.075,68.1188,0.0],[-177.0896,68.1188,0.0],[-177.0937,68.1167,0.0],[-177.1125,68.1167,0.0],[-177.1203,68.1141,0.0],[-177.1172,68.112,0.0],[-177.1161,68.1088,0.0],[-177.112,68.1068,0.0],[-177.1042,68.1042,0.0],[-177.0964,68.1036,0.7936],[-177.1,68.1,0.0],[-177.1078,68.1005,0.0],[-177.1104,68.1042,0.0],[-177.1208,68.1042,0.0],[-177.125,68.1062,0.0],[-177.1313,68.1062,0.0],[-177.1338,68.1099,0.0],[-177.137,68.1109,0.0],[-177.137,68.1141,0.0],[-177.1318,68.1151,0.0],[-177.1359,68.1182,0.0],[-177.15,68.1188,2.266],[-177.1542,68.1208,0.0],[-177.1708,68.1208,0.0],[-177.1734,68.1245,0.0],[-177.1828,68.1255,3.5013],[-177.1839,68.1286,0.0],[-177.188,68.1307,0.0],[-177.1958,68.1312,2.1903],[-177.2078,68.1359,2.7566],[-177.2057,68.1391,1.1202],[-177.2005,68.1401,0.0],[-177.2005,68.1432,0.0],[-177.2036,68.1453,2.2344],[-177.1984,68.1464,0.0],[-177.1974,68.1495,0.0],[-177.1859,68.1526,0.0],[-177.1891,68.1547,0.0],[-177.1891,68.1578,0.0],[-177.1839,68.1589,0.0],[-177.1818,68.1609,0.0],[-177.1807,68.1661,0.0],[-177.1755,68.1672,0.0],[-177.1771,68.1687,0.0],[-177.1875,68.1687,3.5808],[-177.1995,68.1734,7.1843],[-177.1974,68.1828,0.0],[-177.1922,68.1828,0.0],[-177.1896,68.1792,0.0],[-177.1729,68.1792,0.0],[-177.1667,68.1833,0.0],[-177.1625,68.1813,0.0],[-177.1589,68.1818,0.0],[-177.1589,68.1849,0.0],[-177.1667,68.1854,1.1903],[-177.175,68.1896,0.0],[-177.1828,68.1901,1.0105],[-177.2026,68.1995,0.6242],[-177.212,68.2005,4.1513],[-177.213,68.2037,0.0],[-177.2172,68.2057,0.0],[-177.2266,68.2068,1.6277],[-177.2276,68.2099,0.0],[-177.2521,68.2146,1.6994],[-177.2792,68.2271,0.0],[-177.2958,68.2292,1.402],[-177.3062,68.2333,0.0],[-177.3141,68.2338,1.0822],[-177.3208,68.2375,0.0],[-177.3271,68.2375,1.706],[-177.3417,68.2417,1.128],[-177.3453,68.2412,0.0],[-177.3422,68.2391,0.0],[-177.3437,68.2375,2.1249],[-177.35,68.2375,7.825],[-177.3542,68.2396,0.0],[-177.3667,68.2396,0.0],[-177.3729,68.2333,2.4346],[-177.3771,68.2354,2.1359],[-177.3854,68.2354,3.4401],[-177.3896,68.2333,4.1953],[-177.3995,68.2328,3.7285],[-177.4005,68.2297,5.9583],[-177.4057,68.2286,0.0],[-177.4089,68.2234,1.4413],[-177.4167,68.2208,0.0],[-177.4396,68.2208,17.7728],[-177.4438,68.2188,6.6454],[-177.4583,68.2188,2.7787],[-177.475,68.2125,4.1573],[-177.4833,68.2125,0.0],[-177.4859,68.2089,7.2455],[-177.4974,68.2057,2.6882],[-177.4984,68.2026,3.5669],[-177.5083,68.2021,0.4107],[-177.5224,68.1974,0.8988],[-177.5255,68.1922,0.0],[-177.5354,68.1896,0.0],[-177.537,68.1901,0.0],[-177.5359,68.1932,0.0],[-177.5412,68.1943,0.0],[-177.5401,68.1974,0.0],[-177.5417,68.1979,0.0],[-177.5542,68.1937,0.0],[-177.5604,68.1937,0.0],[-177.562,68.1953,0.0],[-177.5568,68.1964,0.0],[-177.5557,68.1995,1.8089],[-177.5458,68.2,0.0],[-177.538,68.2026,0.0],[-177.537,68.2057,0.0],[-177.5271,68.2063,0.0],[-177.5245,68.2099,0.0],[-177.5146,68.2104,0.0],[-177.512,68.2141,0.0],[-177.5021,68.2146,0.0],[-177.4943,68.2182,0.0],[-177.5083,68.2208,0.0],[-177.5125,68.2167,0.0],[-177.5312,68.2167,0.0],[-177.5328,68.2182,0.0],[-177.5213,68.2193,0.0],[-177.5229,68.2208,0.0],[-177.5307,68.2214,0.0],[-177.5255,68.2234,0.0],[-177.5307,68.2266,0.0],[-177.5255,68.2286,0.0],[-177.5333,68.2292,0.0],[-177.5458,68.225,0.0],[-177.5474,68.2266,0.0],[-177.5453,68.2286,0.0],[-177.5401,68.2307,0.0],[-177.5542,68.2312,0.0],[-177.5557,68.2297,0.0],[-177.5526,68.2276,0.0],[-177.5641,68.2266,0.0],[-177.5589,68.2234,0.0],[-177.5703,68.2224,0.0],[-177.5672,68.2203,0.0],[-177.5672,68.2172,0.0],[-177.5786,68.2141,3.7086],[-177.5797,68.2109,1.1682],[-177.5875,68.2083,1.658],[-177.5958,68.2104,2.0837],[-177.6,68.2083,2.9241],[-177.6083,68.2083,0.0],[-177.6109,68.2047,1.0188],[-177.6224,68.2037,0.664],[-177.6234,68.2005,1.7866],[-177.6286,68.1995,0.1438],[-177.6297,68.1964,0.0],[-177.6396,68.1958,0.8484],[-177.6536,68.1911,0.1862],[-177.6547,68.188,0.9179],[-177.6583,68.1875,1.0195],[-177.6625,68.1896,2.351],[-177.6766,68.1901,0.0],[-177.6776,68.1932,1.001],[-177.6807,68.1943,1.0456],[-177.6797,68.1995,0.2508],[-177.6812,68.2,0.5813],[-177.6875,68.1979,0.8045],[-177.6911,68.1984,0.426],[-177.6891,68.2016,0.0],[-177.6839,68.2026,0.3467],[-177.6839,68.2057,2.3232],[-177.687,68.2078,1.2974],[-177.6792,68.2083,1.9737],[-177.6745,68.212,0.0],[-177.6693,68.213,0.0],[-177.6693,68.2161,0.0],[-177.6724,68.2182,1.9467],[-177.6672,68.2193,1.482],[-177.6667,68.2208,1.8193],[-177.6703,68.2245,1.7773],[-177.6562,68.225,0.0],[-177.6297,68.2338,0.0],[-177.6271,68.2375,0.0],[-177.6187,68.2375,0.0],[-177.6146,68.2396,0.0],[-177.6,68.2396,0.0],[-177.5984,68.2401,0.0],[-177.5984,68.2432,0.0],[-177.6062,68.2438,0.0],[-177.6104,68.2458,0.0],[-177.6229,68.2458,0.0],[-177.6271,68.2438,0.0],[-177.6354,68.2438,0.0],[-177.6396,68.2458,0.0],[-177.65,68.2458,0.0],[-177.6562,68.2479,0.0],[-177.6604,68.2458,0.0],[-177.6703,68.2453,0.0],[-177.6651,68.2422,1.4083],[-177.675,68.2417,1.2868],[-177.6807,68.2443,0.0],[-177.6818,68.2474,0.0],[-177.6854,68.2479,0.0],[-177.6958,68.2438,0.0],[-177.7,68.2458,0.0],[-177.7083,68.2458,0.0],[-177.7125,68.2438,0.0],[-177.725,68.2438,0.0],[-177.7266,68.2422,0.0],[-177.7234,68.2412,1.1361],[-177.7234,68.238,0.0],[-177.7312,68.2354,0.0],[-177.7396,68.2354,0.0],[-177.7437,68.2333,1.2675],[-177.7453,68.2338,1.1537],[-177.7464,68.2391,0.0],[-177.7495,68.2401,0.0],[-177.7443,68.2422,0.0],[-177.7432,68.2474,0.0],[-177.7354,68.25,2.6801],[-177.7271,68.25,0.0],[-177.7229,68.2521,1.9307],[-177.7146,68.2521,0.0],[-177.7104,68.2562,0.0],[-177.6958,68.2562,0.0],[-177.6854,68.2604,2.3006],[-177.6542,68.2625,0.0],[-177.65,68.2646,4.1032],[-177.6208,68.2646,0.0],[-177.613,68.2672,1.0753],[-177.6104,68.2729,0.0],[-177.6141,68.2755,0.0],[-177.6151,68.2807,0.0],[-177.6182,68.2818,0.0],[-177.6172,68.2911,0.0],[-177.6266,68.2922,15.595],[-177.6193,68.2963,0.0],[-177.6245,68.2984,0.0],[-177.6255,68.3016,0.0],[-177.6286,68.3026,4.0678],[-177.6286,68.3057,3.3458],[-177.6234,68.3068,0.0],[-177.625,68.3083,0.0],[-177.6354,68.3083,5.5876],[-177.65,68.3125,1.7034],[-177.6687,68.3125,0.0],[-177.6812,68.3083,6.2082],[-177.6854,68.3104,2.3035],[-177.6979,68.3104,5.6403],[-177.7021,68.3125,1.8957],[-177.7208,68.3125,0.0],[-177.725,68.3083,5.1601],[-177.7333,68.3083,0.0],[-177.7479,68.3042,4.6712],[-177.7625,68.3042,4.6315],[-177.7667,68.3,9.1317],[-177.7812,68.3,3.4967],[-177.8083,68.2917,8.9101],[-177.8167,68.2917,9.292],[-177.8208,68.2896,10.4656],[-177.8354,68.2896,0.0],[-177.8432,68.287,0.0],[-177.838,68.2839,0.0],[-177.8432,68.2818,0.0],[-177.8338,68.2776,8.6604],[-177.8729,68.275,0.0],[-177.8896,68.2688,10.362],[-177.8979,68.2688,0.0],[-177.9021,68.2667,8.0919],[-177.9083,68.2667,0.0],[-177.9187,68.2625,1.4752],[-177.9271,68.2625,0.0],[-177.9286,68.2609,0.0],[-177.9208,68.2604,1.1331],[-177.9193,68.2589,0.5625],[-177.9307,68.2578,0.0],[-177.9307,68.2547,0.7951],[-177.9214,68.2505,0.5672],[-177.9328,68.2495,0.7564],[-177.9339,68.2464,0.3547],[-177.9479,68.2417,1.1537],[-177.9682,68.2422,0.8616],[-177.9661,68.2495,1.2124],[-177.9563,68.25,0.4498],[-177.9484,68.2526,1.6702],[-177.95,68.2542,1.0166],[-177.9583,68.2542,0.0],[-177.9625,68.2562,0.0],[-177.9672,68.2526,0.0],[-177.975,68.25,0.0],[-177.9812,68.25,0.0],[-177.9917,68.2458,0.0],[-178.0167,68.2458,0.0],[-178.0229,68.2438,2.8826],[-178.0271,68.2458,0.0],[-178.0396,68.2458,1.4196],[-178.0437,68.2479,1.531],[-178.05,68.2479,3.6746],[-178.0516,68.2495,4.2712],[-178.0495,68.2516,3.0188],[-178.038,68.2547,0.0],[-178.038,68.2599,0.979],[-178.0412,68.262,3.0761],[-178.0359,68.263,0.0],[-178.0328,68.2682,0.0],[-178.025,68.2688,0.0],[-178.0146,68.2729,0.0],[-178.0063,68.2729,0.0],[-177.9859,68.2797,0.0],[-177.9891,68.2818,9.7512],[-177.9891,68.2849,9.6643],[-177.9839,68.2859,0.0],[-177.9807,68.2953,0.0],[-177.9755,68.2963,0.0],[-177.9745,68.2995,2.3799],[-177.9542,68.3063,3.901],[-177.9458,68.3063,0.0],[-177.938,68.3089,0.0],[-177.9349,68.312,0.0],[-177.9297,68.313,0.0],[-177.9286,68.3161,0.0],[-177.9234,68.3172,0.0],[-177.925,68.3187,0.0],[-177.9557,68.3193,4.2465],[-177.9661,68.3234,0.0],[-177.9651,68.3287,0.0],[-177.9729,68.3292,3.6753],[-177.9807,68.3318,4.0896],[-177.9797,68.3349,0.0],[-177.9849,68.3359,3.5732],[-177.9859,68.3391,0.0],[-177.9932,68.3443,0.2558],[-177.9932,68.3474,2.1598],[-177.988,68.3484,0.0],[-177.9859,68.3505,0.0],[-177.9911,68.3536,0.0],[-177.9797,68.3568,0.0],[-177.9776,68.3588,0.0],[-177.9734,68.3745,0.0],[-177.9787,68.3755,0.0],[-177.9776,68.3807,0.0],[-177.9828,68.3818,0.0],[-177.9818,68.387,0.0],[-177.9911,68.3901,0.0],[-177.9901,68.3932,0.0],[-177.9995,68.3964,2.6196],[-178.0005,68.4016,0.4076],[-178.0042,68.4042,0.4284],[-178.0026,68.4078,0.2669],[-178.0182,68.413,0.4154],[-178.0172,68.4161,0.546],[-178.0188,68.4167,0.6601],[-178.0417,68.4187,1.9754],[-178.0458,68.4208,1.7468],[-178.0542,68.4208,3.0598],[-178.0583,68.4229,0.0],[-178.0625,68.4208,2.8517],[-178.0813,68.4208,2.7986],[-178.0854,68.4229,1.6437],[-178.1021,68.425,2.0379],[-178.1125,68.4292,0.5689],[-178.1187,68.4292,1.7999],[-178.1333,68.4354,0.0],[-178.1458,68.4354,2.5919],[-178.1516,68.438,2.5322],[-178.1526,68.4411,0.0],[-178.1568,68.4432,0.0],[-178.1662,68.4443,1.5401],[-178.1672,68.4474,0.0],[-178.1766,68.4484,1.3318],[-178.1792,68.4521,0.6905],[-178.1854,68.45,1.4687],[-178.1995,68.4505,2.1011],[-178.1979,68.4521,1.6342],[-178.1896,68.4521,1.4967],[-178.188,68.4537,1.5033],[-178.1974,68.4547,0.85],[-178.2026,68.462,0.577],[-178.2104,68.4646,0.0],[-178.2271,68.4646,0.0],[-178.2333,68.4604,1.4545],[-178.2432,68.4599,0.1664],[-178.2443,68.4568,0.3565],[-178.2542,68.4563,0.2181],[-178.2583,68.4542,1.5664],[-178.2609,68.4578,1.9792],[-178.2688,68.4583,0.4859],[-178.2729,68.4604,0.6085],[-178.2766,68.4599,0.0],[-178.2776,68.4568,3.6939],[-178.2812,68.4563,2.6875],[-178.287,68.4589,0.8465],[-178.288,68.462,0.0],[-178.2937,68.4646,0.0],[-178.3062,68.4646,0.5827],[-178.3125,68.4667,1.8622],[-178.3188,68.4646,0.4071],[-178.3203,68.4651,1.2332],[-178.3193,68.4682,0.79],[-178.3208,68.4688,1.0455],[-178.3245,68.4682,0.9437],[-178.3292,68.4625,0.9346],[-178.3417,68.4625,1.9097],[-178.3474,68.4682,1.4099],[-178.3359,68.4714,2.0791],[-178.3359,68.4745,0.8159],[-178.35,68.475,1.3609],[-178.3526,68.4714,1.9812],[-178.3578,68.4703,1.9933],[-178.3547,68.4682,0.9803],[-178.3542,68.4646,0.5932],[-178.3547,68.463,1.4551],[-178.3583,68.4625,0.8468],[-178.3599,68.463,1.6489],[-178.3609,68.4682,0.2565],[-178.3687,68.4667,0.0],[-178.3745,68.4693,1.0815],[-178.3729,68.4708,0.0],[-178.3651,68.4714,0.0],[-178.363,68.4745,0.0],[-178.3911,68.4755,0.278],[-178.3828,68.4807,0.0],[-178.3714,68.4849,0.0],[-178.3833,68.4896,0.0],[-178.3932,68.4901,2.9266],[-178.4104,68.4979,1.0919],[-178.4167,68.4958,3.0077],[-178.4292,68.4958,0.4476],[-178.4375,68.5,0.7973],[-178.4667,68.5021,1.2214],[-178.4812,68.5062,0.0],[-178.5,68.5062,0.3126],[-178.5063,68.5042,2.5817],[-178.5104,68.5062,1.4278],[-178.5229,68.5062,8.0321],[-178.5271,68.5083,4.247],[-178.55,68.5083,14.4331],[-178.5542,68.5104,0.0],[-178.5667,68.5104,18.1307],[-178.5771,68.5146,2.0952],[-178.5833,68.5146,11.7324],[-178.5875,68.5167,0.0],[-178.6042,68.5188,0.0],[-178.6083,68.5208,0.0],[-178.6208,68.5208,20.815],[-178.625,68.5229,13.7721],[-178.6313,68.5229,15.9113],[-178.6338,68.5266,4.8196],[-178.637,68.5276,11.0746],[-178.638,68.5307,11.1607],[-178.6458,68.5313,14.339],[-178.65,68.5333,0.0],[-178.6687,68.5333,10.8176],[-178.6833,68.5396,0.0],[-178.7021,68.5396,0.0],[-178.7063,68.5375,0.245],[-178.7125,68.5375,0.5561],[-178.7203,68.5401,0.0],[-178.7187,68.5417,2.7781],[-178.7104,68.5417,0.3628],[-178.6963,68.5463,0.0],[-178.6963,68.5516,0.2643],[-178.7036,68.5557,0.7351],[-178.6984,68.5568,0.1866],[-178.6974,68.5599,0.2952],[-178.6922,68.5609,0.2187],[-178.6917,68.5625,0.0698],[-178.6938,68.5646,0.0],[-178.7016,68.563,0.4605],[-178.7016,68.5682,0.178],[-178.6963,68.5703,0.2647],[-178.7057,68.5734,-0.0116],[-178.7068,68.5766,0.2889],[-178.7161,68.5797,0.0],[-178.7208,68.5833,0.0],[-178.7203,68.5849,0.1948],[-178.7151,68.5859,-0.2629],[-178.712,68.5911,2.0075],[-178.7068,68.5922,0.0],[-178.7063,68.5938,0.0],[-178.7099,68.5964,0.5164],[-178.7109,68.6016,0.0365],[-178.7146,68.6042,-0.072],[-178.7141,68.6057,0.556],[-178.7088,68.6078,0.0],[-178.7141,68.6088,0.5408],[-178.713,68.612,0.0858],[-178.7182,68.6141,-0.5304],[-178.7068,68.6172,-0.1644],[-178.7057,68.6203,-0.0933],[-178.7005,68.6214,-0.2821],[-178.7078,68.6255,0.0115],[-178.7083,68.6312,-0.3439],[-178.7063,68.6354,0.3842],[-178.7068,68.637,0.4591],[-178.712,68.6391,0.5524],[-178.7083,68.6417,0.4383],[-178.7042,68.6396,-0.0554],[-178.7005,68.6412,-0.0258],[-178.7099,68.6443,-0.0547],[-178.7088,68.6495,0.0],[-178.7141,68.6505,2.3197],[-178.7182,68.6526,2.1118],[-178.7193,68.6557,0.5833],[-178.7245,68.6568,1.7605],[-178.7214,68.6682,0.1758],[-178.7266,68.6693,-0.086],[-178.7255,68.6724,0.0],[-178.7307,68.6734,0.0818],[-178.7193,68.6787,-0.1006],[-178.7287,68.6818,1.5632],[-178.7276,68.687,0.0],[-178.737,68.6901,-0.1903],[-178.738,68.6932,0.0],[-178.7578,68.7005,0.0367],[-178.7588,68.7057,0.0],[-178.7682,68.7089,-0.0451],[-178.7672,68.712,0.0],[-178.7854,68.7188,0.7569],[-178.7932,68.7193,0.3405],[-178.7932,68.7224,0.9834],[-178.788,68.7245,0.0],[-178.8,68.7292,0.0],[-178.8078,68.7297,-0.1214],[-178.8026,68.7328,0.0],[-178.825,68.7417,0.2949],[-178.8313,68.7417,-0.2165],[-178.8391,68.7443,0.7825],[-178.8432,68.7464,1.5411],[-178.8443,68.7495,0.0346],[-178.8625,68.7542,-0.1366],[-178.8687,68.7542,-0.0342],[-178.8729,68.7562,0.3213],[-178.8792,68.7562,-0.2681],[-178.8833,68.7583,0.0487],[-178.8896,68.7562,0.0684],[-178.8979,68.7562,0.6614],[-178.8995,68.7578,0.1797],[-178.8943,68.7599,0.2815],[-178.9021,68.7604,0.3695],[-178.9062,68.7625,0.2967],[-178.9203,68.763,-0.0031],[-178.9203,68.7662,0.3521],[-178.9151,68.7672,0.2236],[-178.9167,68.7688,-0.1411],[-178.9292,68.7688,0.0629],[-178.9339,68.763,0.3545],[-178.9417,68.7625,0.4313],[-178.9432,68.7641,1.0706],[-178.938,68.7662,0.3558],[-178.9432,68.7672,0.6068],[-178.9422,68.7703,-0.2161],[-178.9438,68.7708,-0.1259],[-178.9563,68.7708,-0.0307],[-178.9625,68.7729,0.0],[-178.9687,68.7708,0.9546],[-178.9833,68.7771,0.1268],[-178.9958,68.7771,0.8485],[-179.0,68.7792,0.5071],[-179.0188,68.7792,1.3823],[-179.0229,68.7813,0.863],[-179.0354,68.7813,0.825],[-179.0396,68.7833,0.6606],[-179.0688,68.7833,0.9246],[-179.0729,68.7854,0.7823],[-179.0917,68.7854,1.1705],[-179.1062,68.7896,0.0],[-179.1125,68.7875,1.893],[-179.1479,68.7875,1.7707],[-179.1505,68.7911,0.5684],[-179.1583,68.7917,0.5377],[-179.1766,68.7984,0.9717],[-179.1766,68.8016,1.6607],[-179.1714,68.8037,0.9108],[-179.1745,68.8047,1.0351],[-179.1771,68.8083,4.9187],[-179.2083,68.8083,3.0002],[-179.2125,68.8063,3.9761],[-179.2187,68.8063,2.8635],[-179.225,68.8083,0.0],[-179.2292,68.8063,0.773],[-179.2542,68.8063,0.3634],[-179.2583,68.8042,2.84],[-179.2667,68.8042,0.4818],[-179.2708,68.8021,1.1892],[-179.2833,68.8021,2.3236],[-179.2979,68.8063,0.0],[-179.3125,68.8063,0.7642],[-179.3167,68.8083,1.5354],[-179.3229,68.8083,1.1329],[-179.325,68.8104,0.0],[-179.3234,68.8141,0.0],[-179.3286,68.8151,1.4915],[-179.3276,68.8203,1.3379],[-179.3391,68.8214,2.721],[-179.3417,68.825,0.0],[-179.3479,68.8229,3.5413],[-179.3599,68.8276,2.1665],[-179.3609,68.8307,1.3577],[-179.3641,68.8318,-0.3315],[-179.3641,68.8349,0.1194],[-179.3526,68.8391,-0.0956],[-179.3641,68.8401,0.4484],[-179.3682,68.8422,0.159],[-179.3693,68.8453,0.4771],[-179.3724,68.8464,0.9965],[-179.3734,68.8516,0.0],[-179.3813,68.8542,0.6712],[-179.3875,68.8542,0.5123],[-179.3896,68.8562,0.1833],[-179.387,68.8599,0.5874],[-179.3792,68.8625,3.191],[-179.3729,68.8625,5.1661],[-179.3583,68.8562,0.0],[-179.3437,68.8562,2.4023],[-179.3422,68.8568,3.7678],[-179.3422,68.8599,0.0],[-179.3537,68.8609,2.9083],[-179.3786,68.8714,1.9472],[-179.3797,68.8745,0.0],[-179.3875,68.875,3.5189],[-179.4042,68.8812,3.3222],[-179.4104,68.8812,3.0258],[-179.4146,68.8833,0.6713],[-179.4224,68.8818,0.7217],[-179.4224,68.8849,1.5549],[-179.4208,68.8854,0.7269],[-179.4068,68.8859,0.3551],[-179.4083,68.8875,1.5184],[-179.4162,68.888,0.4905],[-179.4162,68.8932,3.815],[-179.4109,68.8953,6.3244],[-179.4187,68.8958,4.0163],[-179.425,68.8938,1.1558],[-179.4276,68.8974,2.2165],[-179.4307,68.8984,1.848],[-179.4255,68.9016,3.2962],[-179.4354,68.9021,1.9877],[-179.4417,68.9,5.4439],[-179.4474,68.9026,9.6882],[-179.4474,68.9078,0.5],[-179.4422,68.9099,2.7254],[-179.4516,68.913,13.6101],[-179.4516,68.9161,15.8737],[-179.4463,68.9172,22.8681],[-179.4479,68.9187,23.9957],[-179.4542,68.9187,21.0416],[-179.4583,68.9167,15.1826],[-179.4667,68.9187,0.0],[-179.4708,68.9167,7.9731],[-179.4792,68.9167,5.8922],[-179.4833,68.9146,8.1237],[-179.4911,68.9141,7.7267],[-179.4943,68.9109,11.9255],[-179.5083,68.9063,8.4507],[-179.5208,68.9063,0.0],[-179.525,68.9042,13.1042],[-179.5458,68.9021,0.0],[-179.5562,68.8979,27.0027],[-179.5813,68.8979,17.8382],[-179.5854,68.8958,19.8359],[-179.5896,68.8979,4.4589],[-179.5979,68.8979,0.0],[-179.6021,68.8958,15.77],[-179.6271,68.8958,6.9911],[-179.6333,68.8938,11.3629],[-179.6375,68.8958,5.4786],[-179.65,68.8958,5.0016],[-179.6542,68.8979,0.8945],[-179.6625,68.8958,3.144],[-179.6667,68.8979,0.9699],[-179.6729,68.8979,2.3632],[-179.6792,68.8958,3.6513],[-179.6833,68.8979,1.0368],[-179.6896,68.8979,3.6747],[-179.6938,68.8958,4.2056],[-179.7146,68.8958,0.0],[-179.725,68.8917,4.2448],[-179.7312,68.8917,1.9943],[-179.7432,68.8964,0.2347],[-179.7443,68.9016,0.0],[-179.7458,68.9021,0.0],[-179.7521,68.9021,1.4055],[-179.7583,68.9042,0.2772],[-179.7708,68.9,2.665],[-179.7786,68.9026,0.7749],[-179.7771,68.9042,2.9107],[-179.7672,68.9047,0.0526],[-179.7651,68.9089,0.3751],[-179.7667,68.9104,0.0],[-179.7792,68.9063,2.4453],[-179.7979,68.9063,0.0],[-179.8021,68.9083,0.0],[-179.8104,68.9083,3.6754],[-179.825,68.9125,0.1978],[-179.8313,68.9125,1.6118],[-179.8338,68.9161,0.343],[-179.8432,68.9193,1.3788],[-179.8443,68.9266,0.0],[-179.8484,68.9287,0.0],[-179.8583,68.9292,1.1391],[-179.8792,68.9354,2.7559],[-179.8854,68.9354,3.3513],[-179.8932,68.938,2.5809],[-179.8922,68.9411,0.0],[-179.9036,68.9422,3.1736],[-179.9047,68.9453,0.0],[-179.9104,68.9479,1.1277],[-179.9167,68.9479,1.0852],[-179.9208,68.95,0.0],[-179.937,68.9505,0.1806],[-179.9318,68.9537,1.8369],[-179.9375,68.9563,0.3234],[-179.9458,68.9563,3.42],[-179.9588,68.962,1.6112],[-179.9667,68.9625,1.8683],[-179.9787,68.9672,0.7334],[-179.9734,68.9693,0.0],[-179.9734,68.9766,0.0],[-179.9979,68.9792,0.0],[-180.0,67.9964,382.9181],[-180.0,66.0307,293.9526],[-179.9984,65.0484,19.1572],[-179.9958,65.0521,16.085],[-179.9833,65.0521,19.2159],[-179.9792,65.0542,25.6614],[-179.9729,65.0542,24.0654],[-179.9583,65.0583,25.0253],[-179.9479,65.0583,17.5236],[-179.9438,65.0604,18.7925],[-179.9359,65.0609,14.0113],[-179.9286,65.0661,18.7197],[-179.9172,65.0693,11.9708],[-179.9162,65.0724,14.4767],[-179.9005,65.0776,22.5847],[-179.8974,65.0807,26.6678],[-179.8896,65.0833,20.4817],[-179.8818,65.0839,0.0],[-179.8807,65.0891,22.1813],[-179.8667,65.0938,28.8275],[-179.8625,65.0917,0.0],[-179.8562,65.0938,10.5131],[-179.8521,65.0917,0.0],[-179.8417,65.0917,0.0],[-179.8338,65.0943,0.0],[-179.8328,65.0974,3.9313],[-179.8276,65.0984,0.0],[-179.8245,65.1036,0.0],[-179.8151,65.1068,0.0],[-179.813,65.1088,0.0],[-179.812,65.1141,14.5595],[-179.7901,65.1214,0.0],[-179.7807,65.1286,9.9909],[-179.7688,65.1333,0.0],[-179.7625,65.1333,0.0],[-179.7521,65.1375,0.0],[-179.7396,65.1375,0.0],[-179.7312,65.1417,3.7034],[-179.7187,65.1417,0.0],[-179.7146,65.1438,8.3559],[-179.7083,65.1438,8.3],[-179.7042,65.1417,0.0],[-179.7,65.1438,11.0821],[-179.6974,65.1401,10.2894],[-179.6917,65.1375,0.0],[-179.6755,65.138,8.5959],[-179.6729,65.1417,2.3331],[-179.6766,65.1453,8.8387],[-179.6714,65.1464,2.409],[-179.6703,65.1495,7.4917],[-179.6651,65.1505,0.0],[-179.662,65.1599,6.8948],[-179.6599,65.162,6.5582],[-179.6547,65.163,0.0],[-179.6536,65.1682,8.0365],[-179.6484,65.1693,0.0],[-179.6453,65.1745,6.493],[-179.6359,65.1755,0.0],[-179.6349,65.1787,8.0075],[-179.6297,65.1797,2.7144],[-179.6266,65.1849,6.8315],[-179.6214,65.1859,0.0],[-179.6203,65.1891,7.5594],[-179.6047,65.1943,0.0],[-179.5984,65.1984,3.5579],[-179.5953,65.2037,4.8572],[-179.5901,65.2047,0.0],[-179.5891,65.2078,3.0669],[-179.5838,65.2089,0.0],[-179.5828,65.212,5.9217],[-179.5734,65.213,0.0],[-179.5693,65.2193,4.2563],[-179.5682,65.2245,5.0156],[-179.5568,65.2276,0.0],[-179.5557,65.2307,5.3035],[-179.5443,65.2338,0.0],[-179.5422,65.2432,0.0],[-179.5495,65.2443,5.9514],[-179.55,65.2479,7.131],[-179.5453,65.2599,7.5557],[-179.5401,65.2609,0.0],[-179.5297,65.288,0.0],[-179.5328,65.2901,2.4387],[-179.5312,65.2958,0.0],[-179.5349,65.2995,14.299],[-179.5297,65.3005,0.0],[-179.5333,65.3042,16.7856],[-179.5328,65.3078,8.4565],[-179.5276,65.3089,0.0],[-179.5307,65.3109,10.7623],[-179.5307,65.3141,16.4885],[-179.5286,65.3161,10.7501],[-179.5234,65.3172,0.0],[-179.5213,65.3234,0.0],[-179.5245,65.3266,2.2367],[-179.5213,65.3287,0.0],[-179.5245,65.3307,13.0191],[-179.513,65.3339,0.0],[-179.5161,65.337,0.0],[-179.5109,65.338,0.0],[-179.5078,65.3474,11.1613],[-179.5026,65.3484,6.815],[-179.4995,65.3536,4.1004],[-179.4901,65.3568,0.0],[-179.487,65.362,6.8462],[-179.4818,65.363,5.078],[-179.4792,65.3708,0.0],[-179.4797,65.3724,7.9757999999999996],[-179.487,65.3755,6.8712],[-179.4859,65.3807,0.0],[-179.5016,65.388,11.0094],[-179.5026,65.3912,11.5776],[-179.5057,65.3922,15.8116],[-179.5057,65.3953,20.5461],[-179.5005,65.3974,1.4042],[-179.5078,65.4005,0.0],[-179.5104,65.4042,12.0401],[-179.5266,65.4036,24.1466],[-179.5292,65.4,16.3518],[-179.5255,65.3974,23.698],[-179.5255,65.3943,22.5372],[-179.5318,65.3901,23.6204],[-179.5542,65.3896,14.1591],[-179.5729,65.3979,2.6769],[-179.5833,65.3958,37.1097],[-179.5875,65.3979,21.1043],[-179.5937,65.3958,18.599],[-179.6062,65.4021,12.2361],[-179.6208,65.4021,23.7798],[-179.6313,65.3979,34.1972],[-179.6354,65.4,3.7193],[-179.6458,65.4,30.3455],[-179.6557,65.4047,0.164],[-179.6568,65.4078,-0.1205],[-179.6609,65.4099,0.0013],[-179.6687,65.4104,16.1535],[-179.6729,65.4125,15.3108],[-179.6771,65.4104,28.4763],[-179.6833,65.4125,2.9453],[-179.6917,65.4083,9.4221],[-179.7187,65.4083,3.4778],[-179.7229,65.4063,16.5025],[-179.7354,65.4063,2.5183],[-179.737,65.4057,-0.0008],[-179.7401,65.3984,11.0493],[-179.7479,65.3958,14.9158],[-179.7583,65.3958,11.1083],[-179.7724,65.3912,1.905],[-179.7734,65.388,9.5848],[-179.7812,65.3875,24.2393],[-179.7859,65.3839,24.0108],[-179.7937,65.3833,12.8928],[-179.7979,65.3812,17.6984],[-179.8188,65.3812,3.382],[-179.8203,65.3818,3.8038],[-179.8193,65.3849,0.6992],[-179.8292,65.3896,-0.0336],[-179.837,65.3901,20.112],[-179.8437,65.3938,12.7199],[-179.8516,65.3912,21.6169],[-179.8547,65.3859,20.7146],[-179.8599,65.3849,16.7922],[-179.8609,65.3818,13.5116],[-179.8661,65.3807,0.9707],[-179.8672,65.3776,10.3392],[-179.875,65.375,10.531],[-179.8958,65.375,13.8456],[-179.9,65.3771,0.1728],[-179.9062,65.3771,6.3132],[-179.9078,65.3766,12.3235],[-179.9089,65.3714,7.1392],[-179.9229,65.3667,3.1188],[-179.9411,65.3641,-0.2473],[-179.9411,65.3609,4.4916],[-179.9193,65.3557,5.5053],[-179.9203,65.3526,0.0],[-179.9089,65.3474,9.2151],[-179.9036,65.3401,0.0],[-179.8963,65.337,4.3694],[-179.8974,65.3339,0.0],[-179.8792,65.3333,0.0],[-179.875,65.3354,4.6255],[-179.8667,65.3313,0.0],[-179.8589,65.3307,2.0269],[-179.8505,65.3266,6.3341],[-179.8495,65.3234,6.487],[-179.8422,65.3203,5.2357],[-179.8464,65.3089,8.2338],[-179.8578,65.3057,1.589],[-179.8578,65.3026,7.0825],[-179.8547,65.3005,7.6736],[-179.8729,65.2958,4.4704],[-179.8938,65.2958,3.7872],[-179.8979,65.2979,4.1689],[-179.9083,65.2979,1.6789],[-179.9125,65.3,1.8627],[-179.9208,65.3,2.0649],[-179.925,65.3021,0.2002],[-179.9312,65.3021,0.9244],[-179.9375,65.3,3.9254],[-179.9474,65.3026,3.643],[-179.9542,65.3063,0.0],[-179.962,65.3068,2.354],[-179.9703,65.3109,1.7585],[-179.9693,65.3141,0.0],[-179.9724,65.3151,0.0],[-179.9734,65.3182,0.0],[-179.9766,65.3193,0.0],[-179.9776,65.3224,0.0],[-179.9807,65.3245,0.0],[-179.9755,65.3255,0.0],[-179.9724,65.3328,0.0],[-179.9646,65.3354,0.0],[-179.9542,65.3354,0.0],[-179.9526,65.337,0.0],[-179.9687,65.3375,0.0],[-179.9787,65.3422,0.0],[-179.9734,65.3443,0.0],[-179.9724,65.3495,0.0],[-179.9646,65.3521,0.0],[-179.9568,65.3526,0.0],[-179.9583,65.3542,0.0],[-179.9641,65.3547,0.0],[-179.9651,65.3578,0.0],[-179.9724,65.3588,0.0],[-179.9703,65.3662,0.0],[-179.9583,65.3667,8.3151],[-179.9542,65.3688,4.1941],[-179.9354,65.3708,-0.0648],[-179.9297,65.3745,0.1198],[-179.937,65.3786,0.2797],[-179.9271,65.3792,1.4809],[-179.9245,65.3828,10.6234],[-179.9167,65.3833,0.4145],[-179.9125,65.3854,10.1399],[-179.9021,65.3854,7.0129],[-179.8979,65.3833,0.0585],[-179.8771,65.3833,-0.006],[-179.8693,65.3859,3.666],[-179.8661,65.3953,0.0646],[-179.8583,65.4,11.326599999999999],[-179.85,65.4,0.4502],[-179.8458,65.4021,18.6281],[-179.8292,65.4021,-0.0223],[-179.825,65.4042,1.1272],[-179.8208,65.4042,0.676],[-179.8125,65.4,1.3134],[-179.8021,65.4,0.888],[-179.7979,65.3979,0.6499],[-179.7917,65.3979,0.4234],[-179.7891,65.4016,0.804],[-179.7812,65.4042,2.4873],[-179.7646,65.4042,-0.1536],[-179.7604,65.4063,10.8148],[-179.7479,65.4063,1.0186],[-179.7453,65.4099,1.2492],[-179.7401,65.4109,0.2846],[-179.7375,65.4146,16.937],[-179.7208,65.4146,4.6049],[-179.7146,65.4167,0.513],[-179.7104,65.4146,0.506],[-179.6958,65.4187,0.4834],[-179.6646,65.4187,0.8017],[-179.6604,65.4167,2.0647],[-179.6484,65.4161,25.4896],[-179.6536,65.413,-0.2078],[-179.6438,65.4083,8.7405],[-179.6271,65.4104,5.864],[-179.6229,65.4083,0.7065],[-179.6125,65.4083,29.8586],[-179.6083,65.4063,-0.0789],[-179.6042,65.4083,30.0762],[-179.6,65.4063,15.6857],[-179.5854,65.4042,33.7719],[-179.5771,65.4,-0.0669],[-179.5708,65.4021,19.1948],[-179.5646,65.4021,6.8657],[-179.5521,65.3979,6.7929],[-179.5417,65.3979,0.0],[-179.538,65.4016,0.0],[-179.5474,65.4057,22.7256],[-179.5333,65.4125,17.7843],[-179.5167,65.4125,17.6324],[-179.5125,65.4104,0.0],[-179.5063,65.4104,0.0],[-179.5036,65.4141,5.1972],[-179.4958,65.4167,1.0483],[-179.4818,65.4172,0.0],[-179.4807,65.4203,4.0261],[-179.4755,65.4213,0.0],[-179.4693,65.4255,3.6188],[-179.4672,65.4328,0.0],[-179.4703,65.4339,9.5394],[-179.4714,65.437,10.6576],[-179.4745,65.4391,0.0],[-179.463,65.4422,0.0],[-179.4661,65.4453,12.8669],[-179.4599,65.4495,0.5484],[-179.4505,65.4526,0.0],[-179.4458,65.4583,0.0],[-179.4276,65.4568,0.0],[-179.4234,65.4599,0.0],[-179.4307,65.4609,11.5136],[-179.4255,65.463,0.0],[-179.4286,65.4651,0.0],[-179.4286,65.4703,7.6388],[-179.4146,65.475,1.3721],[-179.4083,65.475,0.0],[-179.4036,65.4786,4.8179],[-179.3958,65.4792,1.5511],[-179.3875,65.4833,7.1708],[-179.3776,65.4838,5.5699],[-179.3755,65.4901,0.0],[-179.3786,65.4922,0.0],[-179.3797,65.4953,2.6738],[-179.3953,65.5005,6.391],[-179.3963,65.5036,1.0067],[-179.3995,65.5047,1.883],[-179.3984,65.5099,0.0],[-179.4016,65.5109,3.7442],[-179.4026,65.5141,0.0],[-179.4141,65.5193,6.1185],[-179.4089,65.5224,0.0],[-179.4182,65.5234,2.4061],[-179.413,65.5266,0.0],[-179.4224,65.5276,5.3627],[-179.4214,65.5307,0.0],[-179.4245,65.5318,0.0],[-179.4245,65.5349,3.8013],[-179.4193,65.537,0.3647],[-179.437,65.5422,9.3187],[-179.4359,65.5453,0.0],[-179.4391,65.5463,3.964],[-179.4401,65.5495,2.6659],[-179.4438,65.5521,6.2582],[-179.4432,65.5537,7.3489],[-179.438,65.5547,0.0],[-179.4411,65.5568,4.6382],[-179.4411,65.5599,5.8998],[-179.4359,65.5609,0.0],[-179.4333,65.5646,5.7617],[-179.4234,65.5651,0.0],[-179.4266,65.5672,6.5606],[-179.4266,65.5724,2.7441],[-179.4021,65.5729,0.0],[-179.3979,65.575,0.0],[-179.3922,65.5724,6.0368],[-179.3932,65.5672,0.0],[-179.388,65.5651,8.6988],[-179.3932,65.563,6.014],[-179.3875,65.5604,0.0],[-179.3771,65.5604,0.0],[-179.3625,65.5646,10.6735],[-179.3562,65.5646,9.5298],[-179.3521,65.5625,0.0],[-179.3401,65.563,5.3192],[-179.338,65.5661,2.4901],[-179.3411,65.5672,7.0135],[-179.3422,65.5703,15.3777],[-179.3542,65.5708,4.8806],[-179.3641,65.5734,5.0767],[-179.3651,65.5787,2.1914],[-179.3682,65.5807,2.1229],[-179.3542,65.5813,3.8697],[-179.3432,65.5755,2.466],[-179.3401,65.5755,3.3684],[-179.3391,65.5787,5.9444],[-179.3338,65.5797,0.0],[-179.3318,65.5828,0.0],[-179.3375,65.5854,6.2401],[-179.3437,65.5854,7.4401],[-179.3453,65.587,5.8481],[-179.3297,65.588,5.1867],[-179.3286,65.5932,22.7252],[-179.3172,65.5964,0.0],[-179.3141,65.6016,0.0],[-179.3089,65.6026,0.0],[-179.3062,65.6104,5.8227],[-179.3099,65.613,8.4238],[-179.3109,65.6162,1.701],[-179.3141,65.6172,2.7056],[-179.312,65.6203,0.3839],[-179.3089,65.6214,1.2317],[-179.312,65.6245,0.5693],[-179.2979,65.625,1.5302],[-179.2937,65.6229,0.4123],[-179.2833,65.6229,3.4099],[-179.2797,65.6276,3.5873],[-179.2797,65.6307,1.4674],[-179.2812,65.6312,3.3765],[-179.3062,65.6333,2.9343],[-179.3375,65.6417,1.534],[-179.3479,65.6417,6.2044],[-179.3521,65.6438,3.9497],[-179.3583,65.6438,6.9802],[-179.3667,65.6479,3.7452],[-179.3771,65.6479,23.1025],[-179.387,65.6505,2.2553],[-179.3938,65.6542,2.0836],[-179.4062,65.6542,1.8462],[-179.412,65.6516,18.0359],[-179.4089,65.6484,0.0],[-179.4141,65.6474,0.0],[-179.4151,65.6443,7.892],[-179.4266,65.6412,7.0019],[-179.4193,65.638,1.0],[-179.4286,65.637,0.0],[-179.4391,65.6328,1.5466],[-179.4479,65.6271,0.0],[-179.4604,65.6271,9.9474],[-179.462,65.6276,9.8296],[-179.4609,65.6307,0.0],[-179.4625,65.6312,0.0],[-179.4688,65.6312,4.6487],[-179.4729,65.6292,3.045],[-179.4807,65.6297,8.4398],[-179.4745,65.6495,2.2972],[-179.4667,65.65,0.0],[-179.4526,65.6547,0.0],[-179.4526,65.6578,0.0],[-179.4557,65.6589,15.21],[-179.4536,65.6641,1.3713],[-179.4458,65.6646,1.6825],[-179.4443,65.6661,0.7444],[-179.4542,65.6708,3.5409],[-179.4688,65.6729,1.2971],[-179.4724,65.6703,1.1609],[-179.4734,65.6651,1.1293],[-179.4771,65.6625,1.7041],[-179.4812,65.6646,0.0],[-179.4979,65.6667,6.9142],[-179.5005,65.663,12.6539],[-179.5099,65.6609,2.7235],[-179.5224,65.6672,6.5815],[-179.5234,65.6703,6.2381],[-179.5266,65.6713,13.813],[-179.525,65.6729,12.0638],[-179.5068,65.6734,1.8197],[-179.5141,65.6776,6.4304],[-179.5151,65.6807,0.0],[-179.5224,65.6818,9.1847],[-179.5307,65.6859,10.7075],[-179.5333,65.6896,0.0],[-179.5479,65.6917,1.0674],[-179.5542,65.6896,1.5962],[-179.5599,65.6922,0.0],[-179.5547,65.6943,0.0],[-179.5536,65.6974,10.0525],[-179.5484,65.6984,7.774],[-179.5484,65.7016,1.4944],[-179.5557,65.7026,9.8137],[-179.5599,65.7047,0.0965],[-179.5609,65.7078,2.3879],[-179.5667,65.7104,2.2617],[-179.5729,65.7083,3.7786],[-179.5771,65.7104,1.0011],[-179.5891,65.7109,11.5519],[-179.5901,65.7141,2.394],[-179.5974,65.7172,6.5736],[-179.5958,65.7208,1.2906],[-179.5964,65.7245,3.6667],[-179.6286,65.7401,5.7132],[-179.6297,65.7432,0.0],[-179.6411,65.7484,3.5893],[-179.6422,65.7516,0.0],[-179.6662,65.763,5.8421],[-179.6672,65.7662,5.6922],[-179.6797,65.7724,11.5581],[-179.6849,65.7734,26.2103],[-179.6839,65.7766,0.5],[-179.6938,65.7813,21.5846],[-179.7,65.7813,9.8159],[-179.7042,65.7792,11.3578],[-179.725,65.7792,10.632],[-179.7276,65.7828,0.7386],[-179.7307,65.7839,1.4768],[-179.7318,65.787,0.9979],[-179.7375,65.7896,0.0],[-179.7557,65.7839,0.6907],[-179.7557,65.787,0.0],[-179.7505,65.788,0.0],[-179.7474,65.7974,1.3404],[-179.7396,65.7979,0.0],[-179.7318,65.8005,0.0],[-179.7287,65.8099,25.7446],[-179.7266,65.812,4.7015],[-179.7214,65.813,0.0],[-179.7214,65.8182,12.9487],[-179.7287,65.8214,21.8619],[-179.7234,65.8245,0.0],[-179.7307,65.8276,14.8271],[-179.7318,65.8307,0.0],[-179.7391,65.8339,9.4958],[-179.7401,65.837,5.1437],[-179.7432,65.838,12.4631],[-179.7422,65.8432,0.0],[-179.7495,65.8484,6.2519],[-179.7505,65.8536,0.0],[-179.7578,65.8568,7.6805],[-179.7526,65.8599,0.0],[-179.7599,65.863,0.0],[-179.7609,65.8682,0.0],[-179.7682,65.8693,4.6789],[-179.7724,65.8714,0.7783],[-179.7734,65.8745,1.2626],[-179.7818,65.8786,0.9996],[-179.7912,65.8797,5.6259],[-179.7797,65.8839,3.0745],[-179.7828,65.887,0.8458],[-179.7776,65.8891,0.0],[-179.7828,65.8901,1.9958],[-179.7812,65.8938,3.2488],[-179.7854,65.8979,7.7442],[-179.7833,65.9042,0.0],[-179.787,65.9068,5.7896],[-179.7859,65.9099,0.0],[-179.7912,65.9109,7.975],[-179.7896,65.9146,0.0],[-179.7932,65.9182,7.639],[-179.788,65.9203,0.0],[-179.7912,65.9213,5.5628],[-179.7922,65.9266,0.0],[-179.7953,65.9276,7.3898],[-179.7964,65.9307,8.4594],[-179.7995,65.9318,13.9296],[-179.7943,65.9339,5.5866],[-179.7979,65.9375,10.154],[-179.7974,65.9391,11.5491],[-179.7922,65.9411,0.0],[-179.7953,65.9422,0.0],[-179.7964,65.9453,13.0988],[-179.7995,65.9474,14.9267],[-179.7974,65.9537,16.6363],[-179.7922,65.9547,0.0],[-179.7901,65.9589,0.0],[-179.7932,65.9609,13.3309],[-179.7937,65.9646,32.1973],[-179.7912,65.9745,170.2677],[-179.7891,65.9766,56.694],[-179.7839,65.9776,0.0],[-179.7891,65.9797,107.7193],[-179.787,65.9849,74.5933],[-179.7818,65.9859,0.0],[-179.7849,65.988,31.4997],[-179.7849,65.9912,91.2664],[-179.7797,65.9922,0.0],[-179.7755,66.0026,0.9365],[-179.7807,66.0057,1.7715],[-179.7693,66.0068,0.0],[-179.7724,66.0089,23.8812],[-179.7724,66.0141,22.4897],[-179.7672,66.0172,3.9259],[-179.7641,66.0224,24.6457],[-179.7588,66.0234,0.0],[-179.7682,66.0266,195.7336],[-179.763,66.0276,66.9676],[-179.762,66.0307,110.6766],[-179.7568,66.0318,40.1227],[-179.7542,66.0375,34.6105],[-179.7578,66.0411,144.9496],[-179.7526,66.0432,0.0],[-179.7599,66.0484,24.9699],[-179.7604,66.0521,43.491],[-179.7588,66.0557,0.0],[-179.7625,66.0583,22.2902],[-179.7609,66.0661,0.0],[-179.7693,66.0703,23.7741],[-179.7771,66.0708,17.4299],[-179.787,66.0755,1.4268],[-179.788,66.0807,0.0],[-179.7937,66.0813,0.5852],[-179.7953,66.0828,0.805],[-179.7875,66.0833,0.5762],[-179.7859,66.0849,0.0],[-179.7932,66.088,0.6271],[-179.7943,66.0911,0.7788],[-179.7974,66.0932,0.8859],[-179.7922,66.0943,0.7509],[-179.7953,66.0974,0.8709],[-179.7896,66.1,1.1892],[-179.7833,66.0979,0.7002],[-179.7771,66.1,0.789],[-179.7729,66.0979,1.0108],[-179.7667,66.0979,1.1434],[-179.7625,66.1,0.0],[-179.7521,66.1,0.0],[-179.7255,66.1088,0.0],[-179.7245,66.112,80.0926],[-179.713,66.1151,0.0],[-179.712,66.1203,35.618],[-179.7026,66.1214,0.0],[-179.7005,66.1245,0.0],[-179.7036,66.1266,45.803],[-179.6958,66.1271,0.0],[-179.6932,66.1307,2.3905],[-179.6833,66.1312,0.0],[-179.6776,66.1339,0.0],[-179.6755,66.1359,0.0],[-179.6745,66.1412,1.7143],[-179.6693,66.1453,3.3062],[-179.6854,66.1479,11.072],[-179.6875,66.15,3.1331],[-179.687,66.1516,0.0],[-179.6818,66.1526,0.0],[-179.6854,66.1563,0.0],[-179.6828,66.1641,0.0],[-179.6776,66.1651,0.0],[-179.6745,66.1682,0.6068],[-179.6396,66.1708,0.0],[-179.6313,66.175,0.8118],[-179.6187,66.175,0.0],[-179.6125,66.1771,2.2642],[-179.6042,66.1729,0.0],[-179.5984,66.1724,0.0],[-179.5958,66.1687,0.0],[-179.5813,66.1667,3.3752],[-179.5771,66.1625,0.0],[-179.5609,66.1599,8.771],[-179.5599,66.1568,0.0],[-179.5562,66.1542,43.3392],[-179.5589,66.1464,39.0376],[-179.5641,66.1443,0.0],[-179.5568,66.1412,20.2079],[-179.5557,66.138,6.4499],[-179.5484,66.1349,17.1543],[-179.5474,66.1318,0.0],[-179.5276,66.1224,13.41],[-179.5354,66.1167,1.1743],[-179.5458,66.1167,41.9223],[-179.5521,66.1188,9.2735],[-179.5547,66.1151,76.9856],[-179.5599,66.113,42.5574],[-179.5542,66.1104,0.0],[-179.5417,66.1104,26.944],[-179.5375,66.1083,0.0],[-179.5333,66.1104,28.6776],[-179.5063,66.1104,0.0],[-179.5021,66.1125,4.7587],[-179.4958,66.1125,14.864],[-179.4917,66.1104,0.0],[-179.4854,66.1125,21.3603],[-179.4333,66.1125,15.3422],[-179.4292,66.1104,0.0],[-179.4125,66.1104,0.0],[-179.4083,66.1125,20.5241],[-179.3917,66.1125,1.3975],[-179.3875,66.1146,2.2871],[-179.3813,66.1125,0.0],[-179.3771,66.1146,8.2154],[-179.3562,66.1146,0.0],[-179.3396,66.1208,8.9092],[-179.3333,66.1188,0.0],[-179.3167,66.125,14.9986],[-179.3104,66.125,3.5311],[-179.2922,66.1297,4.0853],[-179.2912,66.1328,19.7488],[-179.2859,66.1339,10.6757],[-179.2849,66.137,16.3976],[-179.2734,66.138,0.0],[-179.2724,66.1412,12.3261],[-179.2672,66.1422,0.0],[-179.2661,66.1453,30.2265],[-179.2547,66.1464,0.0],[-179.2599,66.1495,45.1419],[-179.2484,66.1505,0.0],[-179.2474,66.1536,68.556],[-179.238,66.1547,0.0],[-179.2349,66.1578,0.0],[-179.2297,66.1589,0.0],[-179.2287,66.162,70.3969],[-179.2234,66.163,0.0],[-179.2234,66.1682,60.8479],[-179.2266,66.1703,114.54],[-179.2214,66.1713,8.6823],[-179.2182,66.1807,0.9942],[-179.2161,66.1828,1.2493],[-179.2109,66.1839,4.1065],[-179.2109,66.187,2.4414],[-179.2292,66.1875,27.3086],[-179.2349,66.1901,166.6905],[-179.2339,66.1953,59.327],[-179.237,66.1964,168.6686],[-179.238,66.1995,114.8457],[-179.2453,66.2005,283.4176],[-179.2401,66.2057,51.7481],[-179.2437,66.2063,95.9902],[-179.2479,66.2042,307.276],[-179.2505,66.2078,273.7916],[-179.2578,66.2109,260.4438],[-179.2578,66.2141,59.3511],[-179.2563,66.2146,24.8555],[-179.2484,66.213,18.3977],[-179.2484,66.2161,2.0423],[-179.2641,66.2234,20.9088],[-179.2651,66.2266,2.6093],[-179.2682,66.2276,17.6754],[-179.2693,66.2307,1.8254],[-179.2734,66.2328,0.0],[-179.2854,66.2333,337.0697],[-179.2953,66.238,299.5684],[-179.2943,66.2453,2.4475],[-179.3,66.2479,4.6454],[-179.3078,66.2484,45.2421],[-179.3089,66.2516,134.3483],[-179.3161,66.2526,347.7973],[-179.3172,66.2578,132.6816],[-179.3396,66.2583,497.1114],[-179.3437,66.2604,557.6627],[-179.3557,66.2609,318.9101],[-179.3547,66.2662,157.3598],[-179.3583,66.2688,21.4579],[-179.3578,66.2703,16.8614],[-179.3526,66.2724,4.9995],[-179.3625,66.2771,0.0],[-179.3807,66.2797,54.1831],[-179.3797,66.2828,0.0],[-179.3813,66.2833,0.0],[-179.3891,66.2839,189.3268],[-179.3838,66.2859,0.0],[-179.3813,66.2937,2.8481],[-179.3833,66.2958,0.8905],[-179.3891,66.2963,2.0046],[-179.3901,66.2995,0.0],[-179.3974,66.3047,101.3561],[-179.3922,66.3068,9.2651],[-179.3911,66.3099,25.1398],[-179.3859,66.3109,0.0],[-179.3891,66.313,17.8436],[-179.3901,66.3161,2.2508],[-179.3958,66.3187,0.914],[-179.4182,66.3193,142.1259],[-179.4167,66.3208,45.2647],[-179.4089,66.3214,3.3627],[-179.4146,66.325,1.404],[-179.4578,66.3255,4.3608],[-179.4563,66.3271,4.201],[-179.45,66.3271,3.6445],[-179.4458,66.3292,3.4878999999999998],[-179.4276,66.3297,1.9969],[-179.4307,66.3318,2.4624],[-179.4297,66.3349,2.9267],[-179.4375,66.3354,3.5106],[-179.4391,66.337,4.1706],[-179.4271,66.3375,3.0483],[-179.4167,66.3333,2.0178],[-179.4104,66.3354,1.9303],[-179.3875,66.3292,1.3101],[-179.3771,66.3292,1.1632],[-179.3729,66.3271,0.8407],[-179.3667,66.3271,1.8151],[-179.3568,66.3245,2.1968],[-179.35,66.3208,1.754],[-179.3375,66.3208,3.555],[-179.3234,66.3141,6.5097],[-179.3224,66.3109,0.0],[-179.3193,66.3099,0.0],[-179.3203,66.3047,0.0],[-179.3109,66.3037,13.1705],[-179.3099,66.3005,0.0],[-179.3026,66.2995,0.0],[-179.3,66.2958,0.0],[-179.288,66.2953,34.0021],[-179.287,66.2922,0.0],[-179.2812,66.2896,0.0],[-179.275,66.2917,46.6613],[-179.2625,66.2875,0.0],[-179.25,66.2875,27.6076],[-179.2401,66.2849,5.1418],[-179.2375,66.2813,0.8191],[-179.2312,66.2833,4.8122],[-179.2271,66.2813,3.626],[-179.2125,66.2813,103.3954],[-179.2021,66.2771,0.0],[-179.1875,66.275,42.7131],[-179.1766,66.2693,0.0],[-179.1687,66.2688,78.0613],[-179.1604,66.2646,17.3817],[-179.1526,66.2672,6.7712],[-179.1479,66.2708,21.755],[-179.1297,66.2734,0.0],[-179.1297,66.2766,1.5021],[-179.1328,66.2786,3.77],[-179.1276,66.2807,0.0],[-179.1307,66.2818,3.4703],[-179.1297,66.287,0.0],[-179.1328,66.288,11.1198],[-179.1328,66.2911,45.0215],[-179.1276,66.2922,0.0],[-179.1266,66.2953,8.38],[-179.1151,66.2984,1.6403],[-179.1229,66.3063,23.7279],[-179.1224,66.3099,23.8029],[-179.1203,66.312,14.0473],[-179.1151,66.313,0.0],[-179.1203,66.3161,19.1636],[-179.1182,66.3182,4.4893],[-179.113,66.3193,2.4885],[-179.1167,66.3229,9.0313],[-179.1151,66.3287,0.0],[-179.1245,66.3297,27.4635],[-179.1193,66.3318,0.0],[-179.1229,66.3354,0.0],[-179.1203,66.3453,12.6749],[-179.1141,66.3495,4.6064],[-179.1089,66.3505,1.7986],[-179.1005,66.3568,0.0],[-179.1005,66.3599,0.0],[-179.1037,66.3609,0.0],[-179.1037,66.3641,0.0],[-179.1,66.3646,0.0],[-179.0958,66.3625,0.0],[-179.0896,66.3667,1.8825],[-179.0818,66.3672,1.7304],[-179.0792,66.3708,2.8241],[-179.0651,66.3724,2.8459],[-179.0568,66.3682,7.0142],[-179.0599,66.3651,0.0],[-179.0526,66.362,15.1387],[-179.0521,66.3604,10.9283],[-179.0542,66.3562,6.5162],[-179.05,66.3521,34.8626],[-179.0505,66.3505,23.8394],[-179.0557,66.3484,0.0],[-179.0484,66.3453,27.2914],[-179.0479,66.3438,31.4453],[-179.0484,66.3422,27.4422],[-179.0536,66.3411,0.0],[-179.0547,66.338,8.6715],[-179.0599,66.3359,0.0],[-179.0568,66.3349,13.1041],[-179.0557,66.3318,11.7939],[-179.0484,66.3287,22.0664],[-179.0495,66.3234,2.4403],[-179.0458,66.3208,21.6848],[-179.0464,66.3193,28.648],[-179.0516,66.3172,5.5615],[-179.0443,66.312,13.5813],[-179.0453,66.3068,6.2267],[-179.0401,66.3047,24.542],[-179.0453,66.3037,15.0032],[-179.0474,66.3016,17.0898],[-179.05,66.2937,9.5716],[-179.038,66.2818,19.5249],[-179.0453,66.2766,0.0],[-179.0417,66.2729,15.7793],[-179.0443,66.2651,9.2532],[-179.0536,66.2641,0.4924],[-179.0625,66.2583,3.1209],[-179.0724,66.2578,22.3838],[-179.0693,66.2547,3.9304],[-179.0724,66.2536,12.8046],[-179.0766,66.2474,23.0182],[-179.0766,66.2443,0.0],[-179.0734,66.2422,10.8735],[-179.0786,66.2412,0.0],[-179.0786,66.2359,5.1193],[-179.0646,66.2292,0.0],[-179.0583,66.2292,38.0724],[-179.0422,66.2245,18.5217],[-179.0432,66.2193,2.6471],[-179.0297,66.2161,18.7717],[-179.0088,66.2057,34.2666],[-179.0078,66.2026,29.6253],[-179.0047,66.2016,29.9066],[-179.0036,66.1984,18.7873],[-178.9964,66.1953,25.0081],[-178.9953,66.1922,32.9118],[-178.9922,66.1911,38.1342],[-178.9932,66.188,31.7173],[-178.9901,66.187,33.0901],[-178.9995,66.1818,4.2061],[-178.9896,66.1771,20.5515],[-178.9818,66.1766,11.412],[-178.987,66.1734,2.6646],[-178.9812,66.1708,5.0534],[-178.9734,66.1703,15.2732],[-178.9745,66.1672,0.0],[-178.9651,66.1661,26.6629],[-178.9609,66.1641,27.9243],[-178.9599,66.1609,18.7697],[-178.95,66.1583,6.1449],[-178.9396,66.1583,23.72],[-178.925,66.1542,2.1497],[-178.9146,66.1542,6.1856],[-178.9104,66.1521,0.0],[-178.9062,66.1542,10.4169],[-178.8875,66.1542,13.1756],[-178.8833,66.1563,15.4963],[-178.8458,66.1563,0.0],[-178.838,66.1589,0.0],[-178.837,66.162,9.8253],[-178.8292,66.1646,13.4693],[-178.8213,66.1651,0.0],[-178.8203,66.1682,14.1963],[-178.7901,66.1776,0.0],[-178.7833,66.1813,10.6726],[-178.7646,66.1833,0.0],[-178.7568,66.1859,0.0],[-178.7557,66.1891,13.1702],[-178.7479,66.1917,2.3405],[-178.7354,66.1917,0.0],[-178.7276,66.1943,0.9061],[-178.7255,66.2037,0.0],[-178.7328,66.2068,11.6706],[-178.7333,66.2083,11.3083],[-178.7307,66.2161,34.6859],[-178.7255,66.2172,0.0],[-178.7224,66.2224,95.0887],[-178.7172,66.2234,0.0],[-178.712,66.237,25.1028],[-178.7068,66.238,4.8414],[-178.7016,66.2536,0.0],[-178.6963,66.2547,1.3114],[-178.6917,66.2583,2.4221],[-178.6839,66.2589,0.0],[-178.687,66.2609,2.7758],[-178.687,66.2641,5.532],[-178.6687,66.2688,10.9501],[-178.6604,66.2688,3.1128],[-178.6578,66.2724,10.1223],[-178.6438,66.2771,2.8642],[-178.6359,66.2776,2.5509],[-178.6338,66.2828,0.0],[-178.637,66.2839,9.8708],[-178.637,66.287,13.6247],[-178.6318,66.288,5.7925],[-178.6286,66.2974,7.9873],[-178.6234,66.2984,0.9259],[-178.6266,66.3005,5.9444],[-178.6255,66.3057,0.0],[-178.6286,66.3068,10.5419],[-178.6286,66.3099,15.3762],[-178.6234,66.3109,0.0],[-178.6224,66.3141,12.6093],[-178.6172,66.3151,8.6935],[-178.6141,66.3224,12.9919],[-178.6089,66.3234,0.0],[-178.612,66.3255,9.1002],[-178.613,66.3287,5.8654],[-178.6245,66.3339,9.9985],[-178.625,66.3375,1.6499],[-178.6224,66.3411,2.8441],[-178.6109,66.3443,0.0],[-178.6099,66.3474,3.7929],[-178.6047,66.3484,0.0],[-178.6037,66.3536,2.8323],[-178.6021,66.3542,1.5619],[-178.5854,66.3542,4.5191],[-178.5776,66.3516,31.9446],[-178.5786,66.3484,0.0],[-178.5755,66.3474,20.7658],[-178.5729,66.3438,5.1703],[-178.5458,66.3458,3.3269],[-178.538,66.3484,2.4636],[-178.5359,66.3505,0.0],[-178.5354,66.3542,11.6272],[-178.5391,66.3568,36.4275],[-178.538,66.362,0.0],[-178.5412,66.3641,0.0],[-178.5359,66.3662,0.0],[-178.5412,66.3682,23.1942],[-178.5391,66.3724,29.7918],[-178.5339,66.3745,0.0],[-178.5375,66.3771,20.4685],[-178.5359,66.3828,0.0],[-178.5432,66.387,3.9664],[-178.538,66.388,0.9034],[-178.537,66.3932,2.1668],[-178.5354,66.3938,1.9559],[-178.5292,66.3917,1.8072],[-178.5083,66.3917,0.6808],[-178.4937,66.3875,0.0],[-178.4833,66.3875,0.0],[-178.4792,66.3896,1.7028],[-178.475,66.3875,0.0],[-178.4672,66.387,1.725],[-178.4588,66.3828,0.0],[-178.4578,66.3797,1.4969],[-178.4547,66.3776,6.397],[-178.4599,66.3766,1.7217],[-178.462,66.3693,0.0],[-178.4443,66.362,14.1257],[-178.4453,66.3588,19.6457],[-178.4417,66.3562,10.5025],[-178.4432,66.3505,0.0],[-178.438,66.3495,20.1433],[-178.4401,66.3464,11.7097],[-178.4453,66.3453,7.7858],[-178.4458,66.3438,10.7569],[-178.4453,66.3401,43.0324],[-178.438,66.3391,33.5915],[-178.4432,66.337,5.9458],[-178.4401,66.3339,28.5922],[-178.4432,66.3328,11.4332],[-178.4464,66.3276,35.9182],[-178.4516,66.3245,40.2544],[-178.4542,66.3208,28.4276],[-178.4505,66.3182,26.9606],[-178.4495,66.3151,0.0],[-178.4464,66.3141,41.7586],[-178.4474,66.3109,0.0],[-178.4438,66.3083,1.5363],[-178.4443,66.3068,3.6707],[-178.4495,66.3057,0.0],[-178.4516,66.2984,3.3279],[-178.4484,66.2974,9.1915],[-178.4474,66.2943,9.2272],[-178.4401,66.2911,12.0164],[-178.4453,66.2891,10.7545],[-178.4453,66.2859,8.8731],[-178.4339,66.2807,13.855],[-178.4333,66.2792,11.9756],[-178.4339,66.2776,12.4728],[-178.4453,66.2745,10.4508],[-178.4464,66.2714,11.2311],[-178.4547,66.2651,2.013],[-178.4641,66.262,1.5501],[-178.4672,66.2589,0.7437],[-178.4891,66.2516,1.2088],[-178.4917,66.2479,0.6658],[-178.4896,66.2458,1.2949],[-178.4818,66.2453,0.0],[-178.4828,66.2401,0.0],[-178.4755,66.2391,26.5305],[-178.4745,66.2359,17.4586],[-178.4661,66.2318,0.0],[-178.4484,66.2286,12.4804],[-178.4474,66.2255,2.6513],[-178.4443,66.2245,5.4153],[-178.4432,66.2214,5.1249],[-178.4401,66.2193,17.657],[-178.4453,66.2182,8.3946],[-178.4464,66.2151,13.0985],[-178.4542,66.2125,7.1046],[-178.4604,66.2125,10.8876],[-178.4651,66.2089,10.435],[-178.4703,66.2078,6.6738],[-178.4672,66.2047,8.5617],[-178.4766,66.2016,9.1049],[-178.4734,66.1984,8.987],[-178.4797,66.1943,6.6305],[-178.4849,66.1932,6.8482],[-178.4818,66.1901,3.1199],[-178.4932,66.187,8.0177],[-178.4901,66.1839,8.134],[-178.4953,66.1828,7.6354],[-178.5026,66.1776,7.4566],[-178.5078,66.1766,4.1485],[-178.5109,66.1672,6.3494],[-178.5161,66.1661,1.9882],[-178.5146,66.1646,0.0],[-178.5083,66.1646,3.6573],[-178.5016,66.1609,0.0],[-178.4943,66.1599,5.9431],[-178.4932,66.1568,0.0],[-178.4854,66.1563,6.9291],[-178.4797,66.1536,4.0996],[-178.4807,66.1506,7.048],[-178.4776,66.1495,7.2689],[-178.4766,66.1443,4.7366],[-178.4693,66.1412,15.9727],[-178.4714,66.138,9.2349],[-178.4766,66.1349,16.1301],[-178.4776,66.1318,13.0149],[-178.4828,66.1307,13.8523],[-178.4859,66.1255,12.1796],[-178.4911,66.1245,8.0245],[-178.4922,66.1214,5.9295],[-178.4974,66.1203,7.0248],[-178.5,66.1146,9.1466],[-178.4964,66.112,7.35],[-178.4964,66.1088,10.8248],[-178.5078,66.1078,8.2509],[-178.512,66.1057,8.7933],[-178.5167,66.1,12.3159],[-178.5229,66.1,9.3777],[-178.5312,66.1042,12.4368],[-178.5479,66.1021,1.4244],[-178.5516,66.0995,1.5104],[-178.5526,66.0964,1.4447],[-178.5578,66.0953,1.3585],[-178.5589,66.0922,2.0424],[-178.5729,66.0875,7.4567],[-178.5792,66.0875,5.1565],[-178.5833,66.0896,5.956],[-178.6146,66.0896,4.1935],[-178.6187,66.0917,1.0797],[-178.625,66.0917,2.1449],[-178.6396,66.0854,1.6362],[-178.6474,66.087,0.9504],[-178.65,66.0833,0.8125],[-178.6458,66.0792,1.6999],[-178.6495,66.0714,2.6502],[-178.6443,66.0703,2.8007],[-178.6453,66.0672,3.0375],[-178.6422,66.0651,4.1785],[-178.6516,66.062,3.4953],[-178.6484,66.0589,4.8322],[-178.6536,66.0578,4.0891],[-178.6557,66.0557,2.9571],[-178.6568,66.0505,5.4286],[-178.662,66.0495,5.1145],[-178.6625,66.0479,4.8553],[-178.662,66.0463,4.7875],[-178.6547,66.0432,7.5523],[-178.6557,66.0401,0.0],[-178.6526,66.0391,2.7846],[-178.6521,66.0354,4.1593],[-178.6542,66.0292,2.9775],[-178.6505,66.0266,5.2335],[-178.6516,66.0234,5.7431],[-178.6484,66.0224,6.4486],[-178.6484,66.0193,5.6313],[-178.6599,66.0162,8.8671],[-178.6672,66.0109,9.1124],[-178.6724,66.0099,5.9284],[-178.6724,66.0068,5.0701],[-178.6693,66.0047,4.6998],[-178.6771,66.0042,7.6993],[-178.6812,66.0021,2.3834],[-178.6938,66.0021,9.1569],[-178.7042,65.9979,11.815],[-178.712,65.9974,9.5048],[-178.712,65.9943,12.3051],[-178.7088,65.9922,10.6097],[-178.7245,65.9912,6.1781],[-178.7328,65.9849,1.6567],[-178.7328,65.9797,1.8633],[-178.7297,65.9776,3.8111],[-178.7333,65.975,2.991],[-178.7583,65.975,3.7782],[-178.7646,65.9771,0.0],[-178.7688,65.975,4.1665],[-178.7792,65.975,5.2015],[-178.7937,65.9792,1.5142],[-178.8042,65.9792,2.5971],[-178.8167,65.9833,3.198],[-178.8229,65.9833,9.6629],[-178.8313,65.9875,3.9419],[-178.8391,65.988,5.0218],[-178.838,65.9912,0.0],[-178.85,65.9917,4.5206],[-178.8583,65.9958,0.0],[-178.8646,65.9958,5.92],[-178.8687,65.9979,5.0632],[-178.8724,65.9943,3.6255],[-178.8562,65.9875,1.0],[-178.8443,65.987,8.1689],[-178.8453,65.9838,1.0],[-178.8422,65.9828,7.1551],[-178.8422,65.9797,10.4161],[-178.8474,65.9776,8.048],[-178.8401,65.9724,3.8936],[-178.8411,65.9651,36.6931],[-178.8338,65.962,34.3279],[-178.8349,65.9568,3.2794],[-178.8318,65.9557,16.248],[-178.8307,65.9526,0.0],[-178.8234,65.9495,7.146],[-178.8224,65.9464,9.8024],[-178.8188,65.9437,8.9854],[-178.8224,65.9359,12.8771],[-178.8172,65.9339,34.0833],[-178.8224,65.9318,10.8801],[-178.8193,65.9307,19.868],[-178.8203,65.9255,11.3122],[-178.8167,65.9229,29.0071],[-178.8172,65.9213,25.4505],[-178.8224,65.9203,11.5833],[-178.8224,65.9172,12.4125],[-178.8193,65.9151,31.1477],[-178.8213,65.913,21.8929],[-178.8266,65.912,9.3938],[-178.8213,65.9089,21.8484],[-178.825,65.9063,36.591],[-178.8313,65.9063,20.6862],[-178.8354,65.9083,0.0],[-178.8417,65.9042,3.8293],[-178.8495,65.9036,2.448],[-178.8479,65.9021,3.31],[-178.8297,65.9016,23.0666],[-178.8318,65.8984,16.4646],[-178.837,65.8974,1.4789],[-178.8411,65.8943,17.7347],[-178.8286,65.888,14.6046],[-178.8213,65.887,25.3534],[-178.8083,65.8812,4.9676],[-178.8026,65.8807,19.8445],[-178.8016,65.8776,3.8436],[-178.7943,65.8766,18.3976],[-178.7875,65.8729,8.5816],[-178.7813,65.8729,28.0116],[-178.7604,65.8646,24.0725],[-178.7526,65.8641,15.9817],[-178.7516,65.8609,0.0],[-178.7458,65.8583,0.0],[-178.7401,65.8578,7.2999],[-178.7234,65.8495,3.8692],[-178.7224,65.8464,0.0],[-178.7146,65.8458,5.8097],[-178.7088,65.8432,6.0258],[-178.7099,65.8401,0.0],[-178.7068,65.8391,5.7937],[-178.7057,65.8359,3.0133],[-178.6984,65.8328,6.4915],[-178.6979,65.8313,6.9893],[-178.7,65.825,3.9652],[-178.6963,65.8214,7.6393],[-178.7,65.8125,7.1156],[-178.6963,65.8089,7.0632],[-178.7016,65.8078,7.2093],[-178.6979,65.8042,7.5117],[-178.6995,65.8005,3.5461],[-178.6911,65.7963,6.7503],[-178.6875,65.7958,4.5797],[-178.6771,65.8,8.2696],[-178.65,65.8,0.0],[-178.6396,65.8042,2.3031],[-178.6172,65.8037,8.6919],[-178.6286,65.7995,0.0],[-178.6255,65.7963,7.0096],[-178.6307,65.7953,4.574],[-178.6333,65.7875,6.6132],[-178.6297,65.7849,6.3025],[-178.6318,65.7797,6.3036],[-178.637,65.7786,6.0658],[-178.638,65.7755,5.6738],[-178.6432,65.7734,0.0],[-178.6338,65.7724,5.9754],[-178.6411,65.7682,0.0],[-178.638,65.7662,4.4527],[-178.637,65.763,3.7059],[-178.6292,65.7625,4.2836],[-178.625,65.7604,1.8351],[-178.6167,65.7604,3.9551],[-178.6089,65.7578,1.2489],[-178.6099,65.7547,0.9128],[-178.6068,65.7536,1.407],[-178.6068,65.7505,5.5755],[-178.6146,65.75,4.9105],[-178.6161,65.7484,5.7179],[-178.6078,65.7443,5.7613],[-178.6005,65.7432,6.4198],[-178.5995,65.7401,7.8455],[-178.5953,65.738,10.2945],[-178.5792,65.7354,1.8256],[-178.5458,65.7458,5.3563],[-178.5396,65.7458,0.0],[-178.525,65.75,5.449],[-178.5167,65.75,0.0],[-178.5125,65.7521,11.1342],[-178.4771,65.7521,7.0771],[-178.4687,65.7479,0.0],[-178.4625,65.7479,6.1201],[-178.4484,65.7432,7.5909],[-178.4474,65.7401,6.8553],[-178.4443,65.7391,7.3488],[-178.4453,65.7359,0.0],[-178.438,65.7328,6.8502],[-178.437,65.7297,6.6732],[-178.4172,65.7203,6.7009],[-178.4182,65.7109,5.0974],[-178.4109,65.7099,6.2126],[-178.4162,65.7068,2.7237],[-178.4104,65.7042,0.0],[-178.4026,65.7037,6.2433],[-178.4057,65.6943,0.0],[-178.4026,65.6932,9.9638],[-178.4026,65.688,8.3243],[-178.4047,65.6859,8.9978],[-178.4099,65.6849,0.0],[-178.4104,65.6833,8.8607],[-178.4068,65.6797,10.7734],[-178.4182,65.6766,12.6577],[-178.4193,65.6713,22.0308],[-178.4307,65.6703,13.4736],[-178.4318,65.6672,14.1695],[-178.437,65.6661,12.3633],[-178.4401,65.6609,2.8003999999999998],[-178.4453,65.6599,0.0],[-178.4401,65.6578,7.6812],[-178.4453,65.6557,6.7626],[-178.4422,65.6526,7.7632],[-178.4474,65.6516,7.2511],[-178.4443,65.6495,7.5843],[-178.4458,65.6438,0.0],[-178.4422,65.6401,9.2106],[-178.4474,65.6391,7.9662],[-178.4474,65.6359,7.6124],[-178.4443,65.6339,10.0989],[-178.4464,65.6297,8.2265],[-178.4516,65.6266,0.0],[-178.4484,65.6245,11.2792],[-178.4505,65.6193,7.3193],[-178.4557,65.6182,0.0],[-178.4542,65.6167,6.9956],[-178.4484,65.6162,8.3268],[-178.4484,65.613,7.6089],[-178.4536,65.612,3.914],[-178.4505,65.6099,6.3542],[-178.4505,65.6068,6.7686],[-178.4557,65.6057,5.0528],[-178.4583,65.6021,5.1866],[-178.4682,65.6016,4.0149],[-178.4693,65.5984,3.9888],[-178.4771,65.5958,3.9104],[-178.4849,65.5953,4.0538],[-178.4849,65.5922,6.4897],[-178.4818,65.5911,6.8781],[-178.4828,65.588,5.8965],[-178.4797,65.587,6.5057],[-178.4787,65.5839,6.0208],[-178.4714,65.5807,4.7218],[-178.4724,65.5755,0.0],[-178.4687,65.5729,4.63],[-178.4703,65.5693,5.4384],[-178.4667,65.5667,8.5173],[-178.4672,65.5651,8.9624],[-178.4724,65.5641,7.2363],[-178.4755,65.5568,9.7368],[-178.4807,65.5557,8.1845],[-178.4828,65.5516,2.6265],[-178.4828,65.5484,10.6345],[-178.4755,65.5443,11.2173],[-178.4807,65.5432,14.2367],[-178.4833,65.5396,12.6719],[-178.4974,65.5391,10.767],[-178.5,65.5354,19.9125],[-178.5063,65.5375,0.0],[-178.5151,65.5318,17.5652],[-178.5203,65.5307,15.2555],[-178.5266,65.5266,7.0564],[-178.5318,65.5193,4.7218],[-178.537,65.5162,0.0],[-178.537,65.513,2.7078],[-178.5339,65.5109,4.0],[-178.5391,65.5078,3.5509],[-178.5375,65.5062,1.8263],[-178.5172,65.5057,7.3959],[-178.5161,65.5026,5.4002],[-178.513,65.5005,5.5272],[-178.5182,65.4984,7.0305],[-178.5125,65.4958,5.1059],[-178.5088,65.4964,7.146],[-178.5063,65.5,4.6764],[-178.4839,65.4974,4.0],[-178.4797,65.4953,4.595],[-178.4807,65.4901,5.3407],[-178.463,65.487,6.0624],[-178.4641,65.4838,0.0],[-178.4547,65.4828,2.1693],[-178.4557,65.4797,3.7951],[-178.4484,65.4766,7.3582],[-178.4474,65.4734,6.2716],[-178.4375,65.4688,1.6601],[-178.4271,65.4688,4.4021],[-178.4229,65.4667,0.0],[-178.4083,65.4667,8.4261],[-178.4042,65.4646,0.0],[-178.3938,65.4646,7.5983],[-178.3896,65.4625,0.0],[-178.3833,65.4646,7.6122],[-178.3708,65.4604,0.0],[-178.3396,65.4604,6.0659],[-178.3354,65.4583,0.0],[-178.3042,65.4625,8.2785],[-178.3,65.4604,0.0],[-178.2812,65.4604,4.4498],[-178.2786,65.4568,0.0],[-178.2688,65.4542,0.0],[-178.2312,65.4563,0.0],[-178.2287,65.4599,3.9642],[-178.2187,65.4604,0.0],[-178.2042,65.4667,5.3435],[-178.1979,65.4646,0.0],[-178.1833,65.4667,0.0],[-178.1792,65.4646,0.0],[-178.1667,65.4646,0.0],[-178.1625,65.4667,3.029],[-178.1583,65.4667,4.1508],[-178.1521,65.4646,0.0],[-178.1417,65.4688,7.2266],[-178.1375,65.4688,7.7414],[-178.1333,65.4667,0.0],[-178.0979,65.4667,4.773],[-178.0833,65.4625,1.6862],[-178.0437,65.4625,5.7508],[-178.0312,65.4583,1.5125],[-178.0208,65.4583,2.0147],[-178.0167,65.4563,0.6713],[-178.0104,65.4563,1.3613],[-178.0063,65.4583,2.8086],[-177.95,65.4583,4.0992],[-177.9458,65.4563,2.6371],[-177.9396,65.4563,2.2254],[-177.9354,65.4583,4.4961],[-177.9292,65.4583,1.5357],[-177.925,65.4563,0.0],[-177.9208,65.4583,0.9984],[-177.9146,65.4583,0.9292],[-177.9104,65.4563,0.0],[-177.9063,65.4583,1.4477],[-177.9,65.4583,1.4816],[-177.8958,65.4563,0.0],[-177.8854,65.4563,1.2028],[-177.8792,65.4604,1.9973],[-177.8687,65.4604,0.0],[-177.8521,65.4667,5.4846],[-177.8458,65.4646,0.0],[-177.8417,65.4667,3.9847],[-177.8313,65.4667,3.4672],[-177.8271,65.4646,1.1319],[-177.8125,65.4646,4.2634],[-177.8083,65.4625,0.0],[-177.7937,65.4604,3.393],[-177.787,65.4568,0.9506],[-177.7797,65.4557,3.5283],[-177.7807,65.4505,0.0],[-177.7792,65.45,0.0],[-177.7583,65.45,0.6056],[-177.7542,65.4521,2.2786],[-177.7458,65.4521,0.2282],[-177.7417,65.4542,3.1582],[-177.7063,65.4542,0.0],[-177.7021,65.4563,2.7902],[-177.6938,65.4563,2.433],[-177.6896,65.4583,4.7785],[-177.6854,65.4563,1.9181],[-177.6792,65.4563,0.0],[-177.675,65.4583,2.1379],[-177.6687,65.4563,0.0],[-177.6542,65.4604,5.4144],[-177.65,65.4583,0.0],[-177.6438,65.4583,0.0],[-177.6396,65.4604,1.1074],[-177.6271,65.4604,0.0],[-177.6229,65.4625,5.4271],[-177.6167,65.4625,4.6165],[-177.6125,65.4604,0.0],[-177.5979,65.4646,5.3243],[-177.5917,65.4625,0.0],[-177.5875,65.4646,4.9845],[-177.5813,65.4646,2.542],[-177.5771,65.4625,0.0],[-177.5667,65.4625,0.0],[-177.5625,65.4646,4.8346],[-177.5562,65.4646,4.4156],[-177.5521,65.4625,0.0],[-177.5479,65.4646,4.6439],[-177.5312,65.4646,2.1635],[-177.5271,65.4667,4.9409],[-177.5208,65.4646,3.0784],[-177.5146,65.4667,5.0664],[-177.5104,65.4646,0.0],[-177.5,65.4646,-0.5],[-177.4958,65.4667,1.3386],[-177.475,65.4667,0.0],[-177.4734,65.4682,6.1233],[-177.4849,65.4724,5.4424],[-177.4734,65.4755,5.725],[-177.4708,65.4792,8.1934],[-177.4526,65.4786,6.3003],[-177.4443,65.4745,5.1648],[-177.4458,65.4708,5.8911],[-177.4438,65.4688,0.0],[-177.4396,65.4708,6.0958],[-177.4271,65.4708,1.67],[-177.4229,65.4729,5.9197],[-177.4167,65.4729,4.993],[-177.4125,65.4708,0.0],[-177.3854,65.4792,6.2773],[-177.3792,65.4792,7.1458],[-177.375,65.4812,6.0264],[-177.3583,65.4812,0.0],[-177.3479,65.4854,3.3049],[-177.3313,65.4854,0.0],[-177.3172,65.4901,3.3262],[-177.3141,65.4932,4.7656],[-177.3047,65.4964,0.0],[-177.3078,65.4995,5.5982],[-177.2964,65.5026,0.9195],[-177.2953,65.5057,4.3082],[-177.2901,65.5068,1.8648],[-177.2828,65.5182,10.2601],[-177.2766,65.5224,9.9505],[-177.2713,65.5234,0.0],[-177.2703,65.5266,10.4122],[-177.2588,65.5297,0.8904],[-177.2563,65.5333,8.0821],[-177.2464,65.5339,0.0],[-177.2453,65.5391,2.1715],[-177.2432,65.5411,3.734],[-177.238,65.5422,0.0],[-177.237,65.5453,10.5351],[-177.2318,65.5463,0.0],[-177.2287,65.5495,9.1242],[-177.2193,65.5526,0.0],[-177.2161,65.5557,7.3571],[-177.2068,65.5589,2.529],[-177.2036,65.562,8.3109],[-177.1984,65.563,2.2004],[-177.1974,65.5661,4.7552],[-177.1922,65.5672,2.9788],[-177.1911,65.5703,3.9327],[-177.1797,65.5714,0.0],[-177.1786,65.5745,2.7202],[-177.1693,65.5755,3.5192],[-177.1662,65.5807,2.9475],[-177.1583,65.5833,1.8656],[-177.1458,65.5833,0.0],[-177.125,65.5896,2.4955],[-177.1125,65.5896,0.0],[-177.1109,65.5911,1.004],[-177.1141,65.5922,9.8276],[-177.1141,65.5953,10.0131],[-177.1089,65.5964,0.0],[-177.1057,65.5995,6.1289],[-177.0708,65.6042,10.6059],[-177.0682,65.6078,17.2526],[-177.063,65.6088,0.0],[-177.0599,65.612,4.564],[-177.0417,65.6167,0.4014],[-177.0339,65.6172,0.5643],[-177.0292,65.6229,3.9126],[-177.0229,65.6229,0.0],[-177.0125,65.6271,5.0773],[-176.9984,65.6276,0.0],[-176.9964,65.6328,0.0],[-176.9995,65.6339,0.6011],[-177.0005,65.637,1.0128],[-177.0036,65.6391,4.2732],[-177.0016,65.6412,0.0],[-176.9964,65.6422,0.0],[-176.9953,65.6453,0.0],[-176.9875,65.6479,0.0],[-176.9797,65.6484,0.0],[-176.975,65.6521,25.4338],[-176.9479,65.6521,0.0],[-176.9463,65.6526,0.0],[-176.9432,65.6599,14.9982],[-176.9229,65.6667,2.9581],[-176.9167,65.6667,0.0],[-176.9068,65.6641,2.015],[-176.9,65.6604,0.0],[-176.8958,65.6604,0.0],[-176.8917,65.6563,0.2777],[-176.8854,65.6604,0.156],[-176.8792,65.6604,0.6364],[-176.8734,65.6568,0.5362],[-176.8755,65.6547,1.4497],[-176.8833,65.6542,1.4041],[-176.8875,65.6521,4.9255],[-176.8938,65.6521,6.5112],[-176.8979,65.6542,1.7334],[-176.9146,65.6542,24.4128],[-176.9224,65.6516,0.0],[-176.9146,65.6458,1.9514],[-176.9172,65.6401,9.8353],[-176.9187,65.6396,8.7826],[-176.95,65.6396,7.5609],[-176.9625,65.6438,0.0],[-176.9687,65.6438,0.0],[-176.9734,65.6401,11.3194],[-176.9787,65.6391,3.7395],[-176.9807,65.6318,0.0],[-176.9682,65.6255,3.9449],[-176.9563,65.6271,11.5206],[-176.9396,65.6188,9.5716],[-176.9276,65.6182,0.0],[-176.9276,65.6151,3.4812],[-176.9328,65.6141,3.605],[-176.9359,65.6088,3.9403],[-176.95,65.6083,0.0],[-176.9516,65.6078,1.4109],[-176.9516,65.6047,3.5677],[-176.9354,65.6042,3.8837],[-176.9312,65.6021,0.0],[-176.9167,65.6021,3.406],[-176.9125,65.6,0.0],[-176.8917,65.6,3.7178],[-176.8875,65.5979,0.0],[-176.8792,65.5979,4.0093],[-176.8708,65.5938,0.0],[-176.8646,65.5938,3.8079],[-176.8604,65.5917,0.0],[-176.85,65.5917,4.0856],[-176.8375,65.5875,0.0],[-176.8271,65.5875,4.1292],[-176.8188,65.5833,0.0],[-176.8083,65.5833,4.1787],[-176.7875,65.5771,0.0],[-176.7708,65.5771,9.1042],[-176.7667,65.575,2.2375],[-176.7521,65.575,3.3973],[-176.7479,65.5729,0.0],[-176.7375,65.5729,18.4944],[-176.7167,65.5667,0.0],[-176.7021,65.5667,3.7325],[-176.6979,65.5646,0.0],[-176.6875,65.5646,4.6108],[-176.6792,65.5604,0.0],[-176.6687,65.5604,0.0],[-176.6646,65.5625,3.5038],[-176.6479,65.5625,7.9946],[-176.6438,65.5604,0.6571],[-176.6359,65.5599,4.0317],[-176.6328,65.5547,1.5409],[-176.6255,65.5537,2.7333],[-176.6229,65.55,0.0],[-176.6083,65.55,3.8236],[-176.6042,65.5479,0.0],[-176.5896,65.5479,1.7036],[-176.5854,65.5458,1.7434],[-176.5792,65.5458,-0.1554],[-176.575,65.5479,1.1392],[-176.5521,65.5479,-0.1356],[-176.5479,65.55,2.045],[-176.5437,65.5479,-0.0412],[-176.5333,65.5479,1.6192],[-176.5229,65.5521,3.7117],[-176.5125,65.5521,0.8154],[-176.5083,65.55,2.7863],[-176.5005,65.5495,0.0658],[-176.488,65.5432,2.3954],[-176.4891,65.5401,8.4044],[-176.4859,65.5391,9.2377],[-176.4859,65.5359,9.1347],[-176.4911,65.5349,6.8334],[-176.4932,65.5318,0.1337],[-176.4854,65.5313,9.7231],[-176.4729,65.525,2.2421],[-176.4672,65.5255,5.2026],[-176.4625,65.5292,0.7794],[-176.4563,65.5292,2.2713],[-176.4547,65.5286,0.4941],[-176.4557,65.5255,1.9726],[-176.45,65.5229,2.7271],[-176.4187,65.5229,3.7162],[-176.4151,65.5203,10.9054],[-176.4151,65.5152,15.9146],[-176.4051,65.5153,14.4479],[-176.3899,65.5451,46.8684],[-176.3629,65.6227,202.8463],[-176.3106,65.6481,269.0363],[-176.3153,65.6907,292.7246],[-176.3786,65.7253,129.294],[-176.3756,65.7607,302.4976],[-176.3167,65.7919,389.2093],[-176.3279,65.8401,397.319],[-176.4082,65.8691,151.0756],[-176.4157,65.9225,261.4707],[-176.4267,65.9547,304.5114],[-176.4948,65.9759,195.4616],[-176.5212,66.0035,135.2349],[-176.614,66.0139,223.6154],[-176.6094,66.0337,212.4178],[-176.6687,66.0505,267.0148],[-176.7477,66.0339,126.85],[-176.7986,66.0463,104.2897],[-176.8501,66.0687,129.472],[-176.8264,66.1369,219.0022],[-176.8349,66.2015,468.3854],[-176.8767,66.2593,221.3865],[-176.977,66.2803,328.0857],[-177.0328,66.3013,295.6642],[-177.0334,66.3345,389.2876],[-176.8847,66.3125,338.9972],[-176.7387,66.3091,299.6694],[-176.5856,66.3095,188.3278],[-176.5113,66.3235,198.4845],[-176.4375,66.3865,372.4086],[-176.3756,66.4053,285.5859],[-176.2284,66.4229,270.3356],[-176.1573,66.4415,280.5697],[-176.1469,66.4167,312.4527],[-176.1467,66.3663,275.2755],[-176.0497,66.3339,302.2345],[-176.0493,66.2855,254.626],[-176.0728,66.2415,226.8321],[-176.0041,66.2123,222.5624],[-175.9026,66.1803,282.9916],[-175.7628,66.1791,111.736],[-175.6942,66.2211,284.7901],[-175.6442,66.2915,123.9433],[-175.5971,66.3511,192.0972],[-175.488,66.3811,189.1577],[-175.4829,66.4259,195.4328],[-175.4797,66.5201,239.5962],[-175.4209,66.5791,213.352],[-175.2995,66.6143,62.7794],[-175.2946,66.6681,107.0251],[-175.2575,66.7557,75.9641],[-175.2133,66.8249,211.1954],[-175.0886,66.8357,95.5195],[-175.0357,66.8049,63.8714],[-175.0185,66.7977,79.8257]]],
[[[-177.1458,68.175,0.0],[-177.1396,68.175,0.0],[-177.138,68.1766,1.299],[-177.15,68.1813,0.0],[-177.1578,68.1807,0.0],[-177.1495,68.1755,0.0],[-177.1458,68.175,0.0]]],
[[[-175.288,67.3484,0.0],[-175.2896,67.35,0.0],[-175.2974,67.3495,0.0],[-175.2958,67.3479,0.0],[-175.288,67.3484,0.0]]],
[[[-175.1724,67.363,0.0],[-175.1911,67.3682,0.0],[-175.1932,67.3651,0.0],[-175.1901,67.3641,0.0],[-175.1891,67.3609,0.0],[-175.1812,67.3604,0.0],[-175.1755,67.3568,0.0],[-175.1792,67.3542,0.0],[-175.187,67.3536,0.0],[-175.1953,67.3484,0.0],[-175.175,67.3479,0.0],[-175.1708,67.35,0.0],[-175.1667,67.3479,0.0],[-175.1542,67.3479,0.0],[-175.1516,67.3516,0.0],[-175.138,67.3547,0.0],[-175.1396,67.3562,0.0],[-175.1521,67.3562,0.0],[-175.162,67.3588,0.0],[-175.163,67.362,0.0],[-175.1724,67.363,0.0]]],
[[[-174.8755,67.4068,0.5615],[-174.8755,67.4099,0.0],[-174.8771,67.4104,0.0],[-174.8807,67.4078,0.1695],[-174.8792,67.4063,-0.0799],[-174.8755,67.4068,0.5615]]],
[[[-174.9042,67.4187,0.568],[-174.9026,67.4203,1.6493],[-174.9078,67.4203,0.811],[-174.9078,67.4193,0.3717],[-174.9042,67.4187,0.568]]],
[[[-174.6771,67.0708,1.9207],[-174.6807,67.0734,1.363],[-174.6818,67.0766,0.0],[-174.6891,67.0797,2.3646],[-174.688,67.0828,0.0],[-174.6979,67.0875,2.1595],[-174.7016,67.087,1.4192],[-174.6984,67.0839,2.7115],[-174.7036,67.0828,1.7901],[-174.7047,67.0797,1.4572],[-174.7083,67.0771,1.8777],[-174.7161,67.0797,2.417],[-174.7141,67.0828,1.9196],[-174.7088,67.0849,1.5063],[-174.7167,67.0854,1.7836],[-174.7208,67.0875,2.1317],[-174.7287,67.087,1.2892],[-174.725,67.0833,1.4804],[-174.7266,67.0797,0.0],[-174.7193,67.0766,2.214],[-174.7182,67.0734,0.9449],[-174.7109,67.0703,3.2762],[-174.7099,67.0672,1.7638],[-174.7068,67.0672,3.4351],[-174.7047,67.0693,1.3431],[-174.7078,67.0724,1.4466],[-174.7,67.0729,3.0274],[-174.6984,67.0724,2.7244],[-174.6995,67.0693,1.8338],[-174.6917,67.0687,1.0679],[-174.6818,67.0641,0.4157],[-174.6854,67.0625,2.088],[-174.6896,67.0646,1.8309],[-174.6943,67.0609,2.3329],[-174.6995,67.0599,3.4567],[-174.6963,67.0568,3.4933],[-174.7016,67.0547,0.0],[-174.6922,67.0505,2.5391],[-174.6995,67.0463,1.2886],[-174.6812,67.0458,2.7433],[-174.6755,67.0432,2.7],[-174.6771,67.0417,2.0452],[-174.6833,67.0417,2.3174],[-174.6875,67.0437,0.8599],[-174.7016,67.0432,2.6892],[-174.7047,67.038,2.0322],[-174.7161,67.0349,2.1828],[-174.7193,67.0318,1.2989],[-174.7245,67.0307,1.1829],[-174.7266,67.0255,0.3623],[-174.7229,67.0229,0.2474],[-174.7245,67.0172,0.0],[-174.7167,67.0167,0.8121],[-174.7125,67.0146,0.0],[-174.6958,67.0146,0.6292],[-174.6818,67.0193,0.0],[-174.6807,67.0224,2.5018],[-174.6708,67.0229,0.0],[-174.6672,67.0255,0.0],[-174.6724,67.0276,2.0554],[-174.6714,67.0328,1.9938],[-174.6745,67.0339,1.7073],[-174.6693,67.0359,1.7545],[-174.6672,67.0391,0.0],[-174.6703,67.0401,1.3447],[-174.6693,67.0453,0.1956],[-174.6729,67.0479,1.8582],[-174.6693,67.0547,0.6693],[-174.6729,67.0583,1.4154],[-174.6714,67.062,1.7927],[-174.6786,67.0651,2.8261],[-174.6792,67.0667,2.7589],[-174.6771,67.0708,1.9207]]],
[[[-174.7016,67.0641,3.8899],[-174.7016,67.063,4.18],[-174.6984,67.063,2.8081],[-174.6984,67.0641,2.9055],[-174.7016,67.0641,3.8899]]],
[[[-174.7245,67.1057,0.0],[-174.7208,67.1021,0.0],[-174.7224,67.0984,2.3232],[-174.7187,67.0979,2.0705],[-174.7109,67.1005,2.0452],[-174.7083,67.1062,0.0],[-174.7104,67.1083,0.6099],[-174.7146,67.1062,0.0],[-174.7245,67.1057,0.0]]],
[[[-174.7099,67.112,0.0],[-174.7099,67.1109,0.6916],[-174.7068,67.1109,1.2235],[-174.7068,67.112,0.8858],[-174.7099,67.112,0.0]]],
[[[-174.713,67.1172,0.0],[-174.713,67.1203,0.0],[-174.7182,67.1203,0.6776],[-174.7182,67.1172,0.0],[-174.713,67.1172,0.0]]],
[[[-174.7229,67.1417,0.0],[-174.7234,67.1401,0.0],[-174.7287,67.138,0.0],[-174.7167,67.1375,0.0],[-174.713,67.1401,1.1594],[-174.7187,67.1438,0.0],[-174.7224,67.1432,0.0],[-174.7229,67.1417,0.0]]],
[[[-174.6667,67.1542,1.345],[-174.663,67.1547,0.0],[-174.663,67.1557,0.0],[-174.6682,67.1557,0.9399],[-174.6667,67.1542,1.345]]],
[[[-174.6745,67.1849,0.0],[-174.6714,67.1828,0.9757],[-174.6724,67.1776,0.6314],[-174.6672,67.1776,0.0],[-174.6651,67.1849,0.0],[-174.6745,67.1849,0.0]]],
[[[-174.725,67.0896,1.2054],[-174.7214,67.0901,2.602],[-174.7214,67.0911,2.4791],[-174.7266,67.0911,0.6757],[-174.725,67.0896,1.2054]]],
[[[-174.7396,67.2521,0.0],[-174.7443,67.2557,0.0],[-174.7542,67.2583,0.0],[-174.7641,67.2578,0.0],[-174.7588,67.2557,0.0],[-174.7599,67.2526,0.0],[-174.7521,67.2521,0.0],[-174.7437,67.2479,0.0],[-174.7396,67.2521,0.0]]],
[[[-174.7432,67.2662,0.0],[-174.7432,67.263,0.0],[-174.7401,67.262,0.8596],[-174.7411,67.2589,0.0],[-174.7375,67.2583,0.6491],[-174.7359,67.2589,1.062],[-174.7318,67.2682,0.0],[-174.7375,67.2708,2.0905],[-174.7437,67.2708,0.8938],[-174.7453,67.2693,0.6416],[-174.7422,67.2682,0.9618],[-174.7432,67.2662,0.0]]],
[[[-174.7401,67.2839,1.1239],[-174.7401,67.287,1.2342],[-174.7417,67.2875,0.8713],[-174.7453,67.2849,0.0],[-174.7437,67.2833,0.0],[-174.7401,67.2839,1.1239]]],
[[[-174.6896,67.1937,0.0],[-174.6859,67.1943,0.0],[-174.6859,67.1953,0.0],[-174.6911,67.1953,0.0],[-174.6896,67.1937,0.0]]],
[[[-174.6953,67.1974,0.745],[-174.6953,67.1964,0.2893],[-174.6922,67.1964,0.0],[-174.6922,67.1974,0.0],[-174.6953,67.1974,0.745]]],
[[[-174.6771,67.1979,0.0],[-174.6734,67.1984,1.3327],[-174.6734,67.1995,0.6434],[-174.6786,67.1995,0.5504],[-174.6771,67.1979,0.0]]],
[[[-174.6943,67.2005,0.0],[-174.6943,67.2037,0.0],[-174.6958,67.2042,2.0705],[-174.6995,67.2016,0.9746],[-174.6979,67.2,0.8793],[-174.6943,67.2005,0.0]]],
[[[-174.9745,67.437,0.6657],[-174.9745,67.4359,0.0],[-174.9714,67.4359,0.303],[-174.9714,67.437,0.5188],[-174.9745,67.437,0.6657]]],
[[[-175.1037,67.4391,0.0],[-175.1037,67.438,0.0],[-175.1005,67.438,0.0],[-175.1005,67.4391,0.0],[-175.1037,67.4391,0.0]]],
[[[-175.1125,67.4417,0.0],[-175.1089,67.4422,0.0],[-175.1089,67.4432,0.0],[-175.1141,67.4432,0.0],[-175.1125,67.4417,0.0]]],
[[[-174.9683,67.4418,1.4678],[-174.9672,67.4432,0.5087],[-174.9724,67.4432,1.81],[-174.9724,67.4422,1.1298],[-174.9683,67.4418,1.4678]]],
[[[-175.0708,67.4708,1.5826],[-175.0693,67.4724,1.4004],[-175.0724,67.4734,1.5586],[-175.0713,67.4786,1.0043],[-175.0745,67.4797,1.0781],[-175.0755,67.4828,0.0],[-175.0875,67.4833,1.1841],[-175.0911,67.4807,0.0],[-175.0896,67.4792,0.0],[-175.0818,67.4786,0.6829],[-175.0828,67.4755,0.0],[-175.0776,67.4745,0.834],[-175.0786,67.4714,-0.0152],[-175.0708,67.4708,1.5826]]],
[[[-175.0932,67.488,2.0605],[-175.1,67.4917,1.2301],[-175.1078,67.4922,0.0],[-175.1068,67.4953,1.3406],[-175.1083,67.4958,0.0],[-175.1224,67.4953,0.0],[-175.1141,67.4901,0.0],[-175.0979,67.4854,0.0],[-175.0838,67.4859,0.0],[-175.0854,67.4875,0.0],[-175.0932,67.488,2.0605]]],
[[[-175.1255,67.5016,1.9027],[-175.1333,67.5021,0.8012],[-175.1349,67.5005,0.0],[-175.1271,67.5,0.3446],[-175.1255,67.5016,1.9027]]],
[[[-175.1375,67.5042,0.8692],[-175.1338,67.5047,1.612],[-175.1338,67.5057,1.3591],[-175.1391,67.5057,1.2146],[-175.1375,67.5042,0.8692]]],
[[[-175.1458,67.5062,0.4436],[-175.1443,67.5078,0.4938],[-175.1495,67.5078,0.1199],[-175.1495,67.5068,0.3102],[-175.1458,67.5062,0.4436]]],
[[[-175.1562,67.5146,1.7478],[-175.162,67.5141,0.0],[-175.1641,67.5109,0.0],[-175.1604,67.5104,0.0],[-175.1526,67.513,1.9518],[-175.1562,67.5146,1.7478]]],
[[[-175.1938,67.5125,0.0],[-175.1901,67.513,0.0],[-175.1901,67.5141,0.0],[-175.1953,67.5141,0.0],[-175.1938,67.5125,0.0]]],
[[[-175.2063,67.5208,0.0],[-175.2026,67.5214,0.0],[-175.2026,67.5224,0.0],[-175.2078,67.5224,0.0],[-175.2063,67.5208,0.0]]],
[[[-175.7484,67.5974,0.0],[-175.7563,67.5979,0.0],[-175.7578,67.5964,0.0],[-175.75,67.5958,0.0],[-175.7484,67.5974,0.0]]],
[[[-175.6875,67.7708,9.0796],[-175.6938,67.7708,0.0],[-175.6953,67.7693,0.0],[-175.6859,67.7693,0.0],[-175.6875,67.7708,9.0796]]],
[[[-175.7729,67.7979,2.754],[-175.7812,67.7979,0.0],[-175.7828,67.7963,0.0],[-175.7672,67.7963,3.6855],[-175.7688,67.7979,2.5219],[-175.7729,67.7979,2.754]]],
[[[-175.7833,67.8,0.1865],[-175.7792,67.8,5.1552],[-175.7776,67.8016,0.0],[-175.7896,67.8042,1.2661],[-175.7932,67.8016,0.0],[-175.7917,67.8,0.0],[-175.7833,67.8,0.1865]]],
[[[-175.7958,67.8042,0.768],[-175.7922,67.8057,1.0415],[-175.8,67.8063,2.1349],[-175.8042,67.8083,0.0],[-175.8224,67.8078,0.4247],[-175.8208,67.8063,0.0973],[-175.8104,67.8063,0.2838],[-175.8062,67.8042,0.0],[-175.7958,67.8042,0.768]]],
[[[-175.8266,67.8099,0.0],[-175.8266,67.8089,0.0],[-175.8234,67.8089,0.0],[-175.8234,67.8099,0.0],[-175.8266,67.8099,0.0]]],
[[[-175.8354,67.8271,0.3511],[-175.8318,67.8276,0.743],[-175.8318,67.8287,0.7562],[-175.837,67.8287,0.2747],[-175.8354,67.8271,0.3511]]],
[[[-175.8333,67.8313,0.8207],[-175.8297,67.8318,0.829],[-175.8297,67.8328,0.0],[-175.8349,67.8328,0.8392],[-175.8333,67.8313,0.8207]]],
[[[-175.8917,67.8417,2.2152],[-175.8979,67.8438,3.1122],[-175.9042,67.8438,2.9644],[-175.9083,67.8458,3.1599],[-175.9167,67.8458,2.8506],[-175.9187,67.8438,1.715],[-175.9182,67.8422,1.3782],[-175.9099,67.838,0.0],[-175.9021,67.8375,0.0],[-175.8979,67.8354,0.0],[-175.8792,67.8354,0.573],[-175.8729,67.8375,1.4385],[-175.8714,67.837,0.8751],[-175.8724,67.8318,0.0],[-175.8604,67.8313,0.2912],[-175.8562,67.8292,0.0],[-175.8422,67.8297,0.0637],[-175.8391,67.8349,1.0377],[-175.8338,67.8359,1.3844],[-175.8318,67.838,0.0],[-175.8396,67.8417,3.7622],[-175.8437,67.8396,2.5552],[-175.8583,67.8396,0.0],[-175.8625,67.8375,1.9757],[-175.8667,67.8396,2.4812],[-175.8792,67.8396,2.2448],[-175.8833,67.8417,3.1027],[-175.8917,67.8417,2.2152]]],
[[[-175.8306,67.8479,10.6727],[-175.8349,67.8453,2.2834],[-175.8349,67.8422,2.1595],[-175.8318,67.8422,1.8244],[-175.8286,67.8453,0.0],[-175.8234,67.8464,0.0],[-175.825,67.8479,7.654],[-175.8306,67.8479,10.6727]]],
[[[-175.975,67.8583,2.9483],[-175.9833,67.8583,0.8335],[-175.9849,67.8568,0.6211],[-175.9734,67.8568,0.2435],[-175.975,67.8583,2.9483]]],
[[[-176.5208,67.9104,0.4844],[-176.5172,67.9109,0.0],[-176.5172,67.912,0.0],[-176.5224,67.912,0.0],[-176.5208,67.9104,0.4844]]],
[[[-176.2646,67.9271,0.0],[-176.2688,67.9292,0.0],[-176.2766,67.9297,2.7233],[-176.2875,67.9354,0.0],[-176.3016,67.9349,3.8984],[-176.2943,67.9307,2.947],[-176.2932,67.9276,2.5495],[-176.2875,67.925,0.0],[-176.2646,67.925,3.231],[-176.2604,67.9229,0.0],[-176.2568,67.9234,1.5069],[-176.2609,67.9266,0.0],[-176.2646,67.9271,0.0]]],
[[[-176.3068,67.938,7.4432],[-176.3083,67.9396,0.0],[-176.312,67.9391,6.983],[-176.3104,67.9375,0.0],[-176.3068,67.938,7.4432]]],
[[[-176.3276,67.9453,8.8691],[-176.3354,67.9458,9.5928],[-176.337,67.9443,0.0],[-176.3292,67.9437,6.5308],[-176.3276,67.9453,8.8691]]],
[[[-176.3526,67.9516,7.7392],[-176.3604,67.9521,9.3131],[-176.362,67.9505,0.0],[-176.3542,67.95,3.7862],[-176.3526,67.9516,7.7392]]],
[[[-176.3702,67.9563,6.8973],[-176.3766,67.9557,8.3719],[-176.3786,67.9526,0.0],[-176.3646,67.9521,9.0563],[-176.3609,67.9547,1.38],[-176.3625,67.9563,0.0],[-176.3702,67.9563,6.8973]]],
[[[-176.5042,67.9938,0.0],[-176.5104,67.9958,0.0],[-176.5167,67.9938,5.468],[-176.525,67.9979,1.3868],[-176.5349,67.9953,0.0],[-176.5333,67.9938,2.0085],[-176.5271,67.9938,7.9811],[-176.5193,67.9912,8.335],[-176.5203,67.988,4.4379],[-176.5083,67.9833,0.0],[-176.4604,67.9771,6.2701],[-176.4417,67.9688,0.0],[-176.4234,67.9661,1.808],[-176.4062,67.9583,0.0],[-176.3958,67.9583,0.9555],[-176.3917,67.9563,0.0],[-176.3776,67.9568,8.0077],[-176.3859,67.962,0.0],[-176.3938,67.9625,4.6007],[-176.4083,67.9688,0.0],[-176.4146,67.9688,1.8727],[-176.4187,67.9708,1.472],[-176.4292,67.9708,5.5469],[-176.4333,67.9729,0.0],[-176.45,67.975,6.5061],[-176.4526,67.9786,0.0],[-176.4568,67.9807,0.0],[-176.475,67.9833,3.935],[-176.4776,67.987,0.0],[-176.4896,67.9875,4.865],[-176.5042,67.9938,0.0]]],
[[[-178.3813,68.5563,1.0038],[-178.3797,68.5578,1.4078],[-178.3849,68.5578,0.9702],[-178.3849,68.5568,0.4214],[-178.3813,68.5563,1.0038]]],
[[[-178.3938,68.5604,1.1368],[-178.3901,68.562,2.3563],[-178.4057,68.5641,0.6269],[-178.4,68.5604,0.0447],[-178.3938,68.5604,1.1368]]],
[[[-178.4125,68.5667,0.9952],[-178.4109,68.5682,0.0],[-178.4162,68.5682,1.3824],[-178.4162,68.5672,0.0],[-178.4125,68.5667,0.9952]]],
[[[-178.4354,68.5667,0.0],[-178.4339,68.5682,0.0],[-178.4391,68.5682,0.0],[-178.4391,68.5672,0.0],[-178.4354,68.5667,0.0]]],
[[[-178.4276,68.5693,0.0],[-178.4292,68.5708,1.232],[-178.4328,68.5703,0.6478],[-178.4312,68.5687,0.0],[-178.4276,68.5693,0.0]]],
[[[-178.4542,68.575,1.15],[-178.4583,68.575,1.1422],[-178.4599,68.5734,0.3989],[-178.4505,68.5734,1.1623],[-178.4542,68.575,1.15]]],
[[[-178.6021,68.6312,0.0],[-178.5984,68.6349,-0.4402],[-178.6104,68.6396,-0.1551],[-178.6203,68.637,0.0],[-178.6161,68.6339,0.1136],[-178.6083,68.6312,0.0],[-178.6021,68.6312,0.0]]],
[[[-178.6292,68.6458,-0.5211],[-178.6286,68.6474,-0.4434],[-178.6234,68.6495,1.0239],[-178.6354,68.6542,0.1421],[-178.6453,68.6516,-0.3826],[-178.6401,68.6495,-0.0412],[-178.6411,68.6464,-0.1968],[-178.6333,68.6438,1.1725],[-178.6297,68.6443,0.0067],[-178.6292,68.6458,-0.5211]]],
[[[-178.6484,68.662,1.3679],[-178.6536,68.662,-0.0565],[-178.6536,68.6589,-0.5131],[-178.6443,68.6589,0.2001],[-178.6484,68.662,1.3679]]],
[[[-178.6578,68.6651,0.5345],[-178.6547,68.6651,1.4181],[-178.6547,68.6661,2.2008],[-178.6578,68.6661,1.6507],[-178.6578,68.6651,0.5345]]],
[[[-177.4854,71.1563,129.5349],[-177.4812,71.1563,103.9663],[-177.4797,71.1578,96.6932],[-177.4849,71.1589,125.1841],[-177.4875,71.1625,162.4705],[-177.4958,71.1604,170.5667],[-177.5021,71.1625,62.503],[-177.5047,71.1589,130.4174],[-177.512,71.1578,90.2802],[-177.5104,71.1563,92.0277],[-177.5021,71.1563,157.1275],[-177.4979,71.1542,50.0173],[-177.4917,71.1563,180.1834],[-177.4854,71.1563,129.5349]]],
[[[-177.5146,71.1583,71.1292],[-177.513,71.1599,94.1687],[-177.525,71.1646,72.6042],[-177.5349,71.1641,154.6924],[-177.5333,71.1625,150.6262],[-177.5271,71.1625,76.0011],[-177.5146,71.1583,71.1292]]],
[[[-177.4812,71.1625,45.9465],[-177.4797,71.1641,57.1602],[-177.4849,71.1641,132.3158],[-177.4849,71.163,124.6748],[-177.4812,71.1625,45.9465]]],
[[[-177.5109,71.163,42.9678],[-177.5047,71.1651,46.1234],[-177.5099,71.1672,66.7166],[-177.5088,71.1703,48.8414],[-177.5104,71.1708,44.1259],[-177.5286,71.1682,71.7851],[-177.5271,71.1667,75.5742],[-177.5172,71.1661,59.1879],[-177.5146,71.1625,51.5206],[-177.5109,71.163,42.9678]]],
[[[-179.9984,68.9901,0.0],[-179.9984,68.9995,0.0],[-180.0,68.9974,0.0],[-180.0,68.9922,0.0],[-179.9984,68.9901,0.0]]],
[[[-180.0,69.0078,0.0],[-180.0,69.0068,0.0],[-179.9964,69.0068,0.0],[-179.9979,69.0083,0.0],[-180.0,69.0078,0.0]]],
[[[-179.9984,69.0214,0.0],[-179.9984,69.0307,0.0],[-180.0,69.0286,0.0],[-180.0,69.0234,0.0],[-179.9984,69.0214,0.0]]],
[[[-179.9984,69.0557,0.0],[-180.0,69.0552,0.0],[-180.0,69.0531,0.0],[-179.9984,69.0526,0.0],[-179.9979,69.0542,0.0],[-179.9984,69.0557,0.0]]],
[[[-180.0,69.0859,0.0],[-179.9984,69.0859,0.0],[-179.9984,69.087,0.0],[-180.0,69.087,0.0],[-180.0,69.0859,0.0]]],
[[[-179.9974,69.0953,0.0],[-179.9958,69.1,0.0],[-179.9979,69.1021,0.0],[-180.0,69.099,0.0],[-180.0,69.0927,0.0],[-179.9984,69.0901,0.0],[-179.9974,69.0953,0.0]]],
[[[-180.0,69.1052,0.0],[-179.9964,69.1047,0.0],[-179.9964,69.1078,0.0],[-180.0,69.1073,0.0],[-180.0,69.1052,0.0]]],
[[[-180.0,69.1193,0.0],[-179.9984,69.1193,0.0],[-179.9984,69.1203,0.0],[-180.0,69.1203,0.0],[-180.0,69.1193,0.0]]],
[[[-179.3932,68.8849,2.0028],[-179.3932,68.8839,1.7153],[-179.3901,68.8839,2.9509],[-179.3901,68.8849,3.3127],[-179.3932,68.8849,2.0028]]],
[[[-179.3979,68.8854,1.9522],[-179.3943,68.8859,3.1448],[-179.3943,68.887,4.7104],[-179.3995,68.887,2.2538],[-179.3979,68.8854,1.9522]]],
[[[-179.0146,71.5833,2.9917],[-179.0312,71.5833,2.1908],[-179.0354,71.5854,3.8691],[-179.0474,71.5849,0.8385],[-179.0396,71.5813,0.8621],[-179.0312,71.5813,1.6458],[-179.0188,71.5771,0.3137],[-179.0104,71.5771,-0.0649],[-178.9964,71.5724,0.3471],[-178.9964,71.5693,0.7206],[-178.9979,71.5687,0.7414],[-179.0083,71.5687,0.3314],[-179.0125,71.5667,1.3217],[-179.0333,71.5667,1.618],[-179.037,71.5641,2.9669],[-179.0354,71.5625,0.3966],[-179.0188,71.5625,0.6227],[-179.0167,71.5604,-0.2177],[-179.0188,71.5583,-3.0],[-179.0354,71.5583,0.2258],[-179.0417,71.5563,0.9702],[-179.0443,71.5599,-0.1049],[-179.0542,71.5604,0.1059],[-179.0583,71.5583,1.0063],[-179.0688,71.5583,0.2826],[-179.0854,71.5646,0.4595],[-179.1208,71.5667,-0.3554],[-179.1286,71.5641,1.4716],[-179.1297,71.5589,1.7369],[-179.1349,71.5578,0.8093],[-179.1359,71.5547,0.152],[-179.1432,71.5537,0.4128],[-179.1443,71.5505,1.8251],[-179.1495,71.5495,0.8598],[-179.1505,71.5443,1.4834],[-179.1521,71.5437,1.4577],[-179.1583,71.5458,0.6782],[-179.1687,71.5458,0.0],[-179.2,71.5354,0.8651],[-179.2063,71.5375,0.5835],[-179.2146,71.5375,0.2797],[-179.2187,71.5354,-0.4354],[-179.2292,71.5354,-0.2234],[-179.2333,71.5396,-0.4873],[-179.2479,71.5396,-0.2338],[-179.2583,71.5354,0.8331],[-179.2641,71.5349,0.8923],[-179.2667,71.5313,1.7617],[-179.2875,71.5292,0.0],[-179.2937,71.525,0.0],[-179.3099,71.5255,-0.1522],[-179.3099,71.5286,1.0693],[-179.3047,71.5307,0.0],[-179.3224,71.5359,1.0027],[-179.325,71.5396,0.7606],[-179.3349,71.5401,1.3123],[-179.3359,71.5453,0.707],[-179.3474,71.5463,0.2947],[-179.35,71.55,0.1165],[-179.3583,71.55,1.3757],[-179.3687,71.5458,1.2715],[-179.3854,71.5458,-0.3092],[-179.3896,71.5479,1.2071],[-179.3995,71.5484,2.1419],[-179.4021,71.5521,1.9322],[-179.4375,71.5542,-0.0335],[-179.4401,71.5505,-0.0439],[-179.4479,71.5479,0.8146],[-179.4661,71.5474,0.9524],[-179.4688,71.5437,1.1901],[-179.4917,71.5458,0.1838],[-179.4958,71.5437,1.2719],[-179.5042,71.5437,0.6294],[-179.5057,71.5453,0.1765],[-179.5005,71.5463,0.1365],[-179.5005,71.5495,0.1496],[-179.5057,71.5505,-0.0287],[-179.5083,71.5542,4.7524],[-179.5146,71.5521,3.1946],[-179.5354,71.5521,1.5092],[-179.5396,71.55,4.0382],[-179.5437,71.55,4.0398],[-179.5578,71.5547,3.9032],[-179.5589,71.5578,0.0],[-179.5667,71.5604,0.238],[-179.5766,71.5609,2.1102],[-179.5776,71.5641,0.0],[-179.5854,71.5667,0.138],[-179.6099,71.5599,2.4997],[-179.6125,71.5563,1.3165],[-179.6208,71.5583,-0.2346],[-179.625,71.5563,2.7714],[-179.6417,71.5563,3.9283],[-179.6495,71.5537,0.0],[-179.6495,71.5484,-0.3708],[-179.6443,71.5474,0.2742],[-179.6458,71.5458,-0.2042],[-179.6562,71.5458,0.952],[-179.6604,71.5437,1.2643],[-179.6875,71.5437,7.0056],[-179.6901,71.5474,2.5604],[-179.6953,71.5484,1.3489],[-179.6963,71.5516,0.1628],[-179.7016,71.5526,-0.0539],[-179.7026,71.5557,0.5507],[-179.7078,71.5568,2.3031],[-179.7026,71.5589,1.4653],[-179.7016,71.5661,1.2301],[-179.6963,71.5672,0.8323],[-179.6963,71.5703,1.8862],[-179.6979,71.5708,1.9376],[-179.7125,71.5708,0.6786],[-179.7167,71.5687,0.5597],[-179.725,71.5687,1.002],[-179.7349,71.5661,0.0],[-179.7297,71.5641,1.3999],[-179.7292,71.5625,1.157],[-179.7297,71.5609,1.1903],[-179.7349,71.5599,0.9687],[-179.7359,71.5568,1.3277],[-179.7411,71.5557,0.1172],[-179.7359,71.5526,1.5586],[-179.7495,71.5516,0.0],[-179.7505,71.5463,0.8034],[-179.7583,71.5437,5.1159],[-179.8062,71.5437,5.2401],[-179.8125,71.5458,0.0],[-179.8167,71.5437,5.3166],[-179.8208,71.5437,4.9933],[-179.8224,71.5443,4.8885],[-179.8213,71.5474,0.0],[-179.8229,71.5479,0.0],[-179.8396,71.5479,2.0019],[-179.8458,71.55,0.8495],[-179.8484,71.5463,2.5902],[-179.8583,71.5458,0.0],[-179.862,71.5432,0.0],[-179.8547,71.5401,6.3351],[-179.8604,71.5396,3.0729],[-179.862,71.538,2.1261],[-179.8396,71.5313,-0.0694],[-179.8313,71.5313,2.2306],[-179.8234,71.5286,0.2829],[-179.8224,71.5234,-0.1967],[-179.8125,71.5229,0.1149],[-179.8083,71.5208,0.1326],[-179.7922,71.5203,-0.1013],[-179.7937,71.5188,0.9676],[-179.8146,71.5188,-0.1753],[-179.8188,71.5208,-0.4749],[-179.8417,71.5208,1.4275],[-179.8458,71.5229,0.0274],[-179.8604,71.5229,1.4188],[-179.8646,71.5208,0.9884],[-179.8813,71.5208,2.7576],[-179.8838,71.5172,2.0911],[-179.8938,71.5167,1.2126],[-179.9016,71.5193,4.686],[-179.9026,71.5224,0.0],[-179.9125,71.5229,3.8044],[-179.9167,71.525,2.3057],[-179.9792,71.525,0.4628],[-179.9833,71.5271,-0.2727],[-179.9917,71.5271,1.7372],[-179.9979,71.5292,3.2934],[-180.0,71.3917,38.2398],[-180.0,71.1167,604.5468],[-179.9979,70.9792,62.9366],[-179.9812,70.9792,51.5991],[-179.9771,70.9771,0.0],[-179.95,70.9771,0.0],[-179.9438,70.9792,15.8178],[-179.9396,70.9771,0.0],[-179.9292,70.9771,0.0],[-179.9229,70.9792,14.6671],[-179.9187,70.9771,0.0],[-179.8979,70.9771,9.2588],[-179.8938,70.975,1.7186],[-179.8729,70.9729,14.9829],[-179.8687,70.9708,4.6159],[-179.8479,70.9688,9.9914],[-179.8437,70.9667,0.0],[-179.8354,70.9667,3.0056],[-179.8313,70.9646,0.0],[-179.8167,70.9646,8.4468],[-179.8125,70.9625,0.0],[-179.8042,70.9625,5.3784],[-179.8,70.9604,0.0],[-179.7917,70.9604,2.5493],[-179.7875,70.9583,0.0],[-179.7729,70.9583,4.074],[-179.7688,70.9563,0.0],[-179.7479,70.9563,9.4726],[-179.7437,70.9542,0.0],[-179.7292,70.9542,7.1517],[-179.725,70.9521,0.0],[-179.6958,70.9521,7.2679],[-179.6917,70.95,0.0],[-179.6771,70.95,4.5556],[-179.6729,70.9479,0.0],[-179.6646,70.9479,5.1051],[-179.6354,70.9375,0.0],[-179.6271,70.9375,4.6904],[-179.6229,70.9333,0.0],[-179.6083,70.9333,3.0337],[-179.6042,70.9313,0.0],[-179.5958,70.9313,3.513],[-179.5917,70.9292,1.3121],[-179.5771,70.9292,3.816],[-179.5729,70.9271,2.0088],[-179.5583,70.9271,-0.2848],[-179.5542,70.9292,1.7463],[-179.5271,70.9292,0.4844],[-179.5167,70.9333,2.8251],[-179.5125,70.9333,2.4279],[-179.5083,70.9313,-0.8069],[-179.5,70.9313,-0.5934],[-179.4958,70.9292,-0.8863],[-179.4875,70.9292,2.0099],[-179.4818,70.9266,3.0999],[-179.4812,70.925,2.5401],[-179.4818,70.9234,-0.5624],[-179.487,70.9213,-0.7752],[-179.4755,70.9182,2.0582],[-179.4807,70.9161,2.1203],[-179.4812,70.9125,0.5509],[-179.4807,70.9109,-0.7896],[-179.4755,70.9089,-0.5764],[-179.5125,70.9083,1.9037],[-179.5167,70.9104,0.7398],[-179.525,70.9104,2.0266],[-179.5292,70.9125,0.5392],[-179.5375,70.9125,2.2215],[-179.5396,70.9104,1.2333],[-179.5391,70.9089,1.2994],[-179.5312,70.9063,-0.4468],[-179.5229,70.9063,3.0663],[-179.5088,70.9016,3.3346],[-179.5063,70.8979,0.0],[-179.4979,70.8979,3.9926],[-179.4839,70.8932,3.8206],[-179.4849,70.8901,0.0],[-179.4833,70.8896,0.0],[-179.4667,70.8896,1.5665],[-179.4641,70.8932,1.5322],[-179.4542,70.8938,0.9129],[-179.4463,70.8964,0.2449],[-179.4479,70.8979,0.9434],[-179.4578,70.8984,2.6211],[-179.45,70.9021,0.6855],[-179.4438,70.9,0.0],[-179.4354,70.9,0.3141],[-179.4312,70.8979,0.0],[-179.4229,70.8979,0.0],[-179.4167,70.9,3.2583],[-179.4125,70.8979,0.0],[-179.4083,70.8979,0.0],[-179.4021,70.9,5.1815],[-179.4005,70.8995,3.4086],[-179.4016,70.8964,0.2136],[-179.4,70.8958,1.026],[-179.3958,70.8958,1.979],[-179.3917,70.8979,1.6157],[-179.3646,70.8979,0.6773],[-179.3583,70.8958,0.0],[-179.3542,70.8979,0.2297],[-179.3333,70.8979,0.0],[-179.3292,70.9,0.0],[-179.3208,70.8979,0.0],[-179.3167,70.9,2.3115],[-179.2812,70.9,0.0],[-179.2771,70.9021,2.561],[-179.2688,70.9021,2.6665],[-179.2646,70.9,0.0],[-179.25,70.9,0.0],[-179.2458,70.9042,2.172],[-179.2042,70.9042,0.8719],[-179.2026,70.9036,0.9697],[-179.2036,70.8984,0.0],[-179.1938,70.8979,0.2635],[-179.1833,70.8938,0.0],[-179.1687,70.8938,1.3093],[-179.1646,70.8958,2.736],[-179.1417,70.8958,0.0],[-179.1375,70.9,1.9894],[-179.1313,70.8979,0.0],[-179.1229,70.8979,0.0],[-179.1062,70.9042,6.4557],[-179.0833,70.9042,0.0],[-179.0807,70.9078,2.6593],[-179.0693,70.9109,0.4397],[-179.0667,70.9146,-0.1422],[-179.0312,70.9146,0.0],[-179.0146,70.9208,5.7041],[-178.9979,70.9208,0.0],[-178.9937,70.925,7.3493],[-178.9854,70.9229,0.0],[-178.9812,70.925,1.7735],[-178.9729,70.925,0.0],[-178.9625,70.9292,7.0959],[-178.9396,70.9292,0.0],[-178.9292,70.9333,10.1238],[-178.9208,70.9333,4.8246],[-178.9167,70.9354,9.4382],[-178.8813,70.9354,0.0],[-178.8771,70.9375,1.8382],[-178.8562,70.9375,0.0],[-178.8521,70.9396,17.5192],[-178.8354,70.9396,0.0],[-178.8125,70.9479,7.7482],[-178.8021,70.9479,-1.0],[-178.7979,70.95,7.7438],[-178.7833,70.95,-1.0],[-178.7729,70.9542,18.298],[-178.7646,70.9542,14.8304],[-178.7583,70.9521,0.1364],[-178.7479,70.9563,11.2313],[-178.7375,70.9563,0.1108],[-178.7333,70.9583,7.6137],[-178.7187,70.9583,0.0],[-178.7146,70.9604,6.9616],[-178.6875,70.9604,7.4257],[-178.6833,70.9583,0.5593],[-178.6792,70.9583,0.7465],[-178.6729,70.9604,-0.2321],[-178.6667,70.9583,0.0],[-178.6562,70.9625,22.09],[-178.6167,70.9625,0.0],[-178.6125,70.9646,7.2429],[-178.5896,70.9646,0.0],[-178.5854,70.9667,9.9618],[-178.5437,70.9667,0.0],[-178.5412,70.9703,21.662],[-178.525,70.9708,0.0],[-178.5208,70.975,21.5105],[-178.4979,70.975,0.0],[-178.4937,70.9771,12.43],[-178.4854,70.9771,0.0],[-178.4812,70.9792,4.8296],[-178.4604,70.9792,0.0],[-178.4563,70.9812,0.0],[-178.4458,70.9812,0.0],[-178.4417,70.9833,16.754],[-178.4062,70.9854,0.0],[-178.4021,70.9875,8.2088],[-178.3167,70.9875,0.0],[-178.3125,70.9896,4.4535],[-178.2979,70.9896,0.7958],[-178.2917,70.9875,0.0],[-178.2875,70.9896,1.661],[-178.2792,70.9896,0.8501],[-178.275,70.9917,2.1027],[-178.2521,70.9938,0.0],[-178.2417,70.9979,8.4633],[-178.225,70.9979,0.0],[-178.2208,71.0,0.0],[-178.2063,71.0,0.0],[-178.2021,71.0021,0.0],[-178.1938,71.0021,0.0],[-178.175,71.0083,22.116],[-178.1667,71.0083,0.0],[-178.1625,71.0104,4.1234],[-178.1417,71.0104,4.23],[-178.1375,71.0083,-0.3327],[-178.0958,71.0083,0.0],[-178.0917,71.0104,1.6221],[-178.0833,71.0104,1.6844],[-178.0792,71.0125,2.5673],[-178.0688,71.0125,0.2523],[-178.0646,71.0146,22.1772],[-178.0562,71.0125,0.0],[-178.0521,71.0146,0.4661],[-178.025,71.0146,0.0],[-178.0208,71.0167,68.2953],[-177.9792,71.0167,0.0],[-177.975,71.0188,18.8695],[-177.9604,71.0188,0.0],[-177.9563,71.0208,5.9807],[-177.9333,71.0208,0.0],[-177.9292,71.0229,35.4729],[-177.9208,71.0208,0.0],[-177.9167,71.025,161.6357],[-177.9063,71.025,70.7226],[-177.9021,71.0292,211.1443],[-177.8875,71.0292,49.3383],[-177.8417,71.0437,125.6188],[-177.8333,71.0437,0.0],[-177.8307,71.0474,95.5814],[-177.825,71.0479,24.1734],[-177.8146,71.0521,66.7309],[-177.8062,71.0521,0.0],[-177.8016,71.0557,64.5693],[-177.7937,71.0583,73.4246],[-177.7708,71.0604,0.0],[-177.7667,71.0625,47.8447],[-177.7583,71.0625,27.4872],[-177.7521,71.0604,0.0],[-177.7479,71.0625,41.4891],[-177.7333,71.0625,25.1262],[-177.7292,71.0646,51.3515],[-177.7187,71.0646,0.0],[-177.7172,71.0651,0.0],[-177.7167,71.0729,1.5306],[-177.7146,71.075,0.3535],[-177.7,71.0708,0.0],[-177.6812,71.0771,48.5609],[-177.6714,71.0776,0.0],[-177.6682,71.0828,42.5256],[-177.6484,71.088,0.0],[-177.6458,71.0917,88.4704],[-177.6359,71.0922,0.0],[-177.6333,71.0958,97.285],[-177.6229,71.0958,0.0],[-177.6125,71.1,88.5169],[-177.5896,71.1,0.0],[-177.5818,71.1026,0.0],[-177.587,71.1047,79.8795],[-177.5875,71.1062,83.6845],[-177.5854,71.1083,58.5559],[-177.5797,71.1088,69.9153],[-177.5792,71.1104,82.055],[-177.5797,71.1141,82.7499],[-177.5849,71.1151,92.8359],[-177.5849,71.1182,99.7155],[-177.5667,71.1188,10.9498],[-177.5651,71.1203,0.0],[-177.5703,71.1224,91.3657],[-177.5589,71.1234,0.0],[-177.5641,71.1255,82.4417],[-177.562,71.1307,57.2429],[-177.5568,71.1318,32.1092],[-177.5557,71.1349,100.9833],[-177.5484,71.1359,100.1343],[-177.5474,71.1391,131.9006],[-177.5422,71.1401,114.1677],[-177.5422,71.1432,141.0763],[-177.5453,71.1453,138.8126],[-177.5401,71.1464,133.5181],[-177.5396,71.1479,140.0254],[-177.5401,71.1516,177.1825],[-177.5516,71.1557,90.9142],[-177.5495,71.1578,111.0794],[-177.538,71.1609,175.4628],[-177.5396,71.1625,234.72],[-177.5604,71.1625,80.0588],[-177.5646,71.1646,104.0851],[-177.5729,71.1646,112.3183],[-177.5745,71.1661,82.6636],[-177.5625,71.1667,73.2832],[-177.5521,71.1708,41.2062],[-177.5437,71.1687,65.1391],[-177.5359,71.1724,51.8224],[-177.5437,71.175,40.7807],[-177.5646,71.175,97.1028],[-177.5688,71.1771,112.4815],[-177.5896,71.175,140.06],[-177.5911,71.1766,122.0941],[-177.5859,71.1776,89.7518],[-177.5859,71.1807,107.0213],[-177.5937,71.1833,116.1925],[-177.6,71.1813,112.4443],[-177.6083,71.1813,81.7791],[-177.6125,71.1833,119.4053],[-177.6208,71.1833,107.956],[-177.6224,71.1849,125.1368],[-177.6172,71.1859,127.0303],[-177.6151,71.1891,102.3644],[-177.625,71.1896,106.6824],[-177.6328,71.1932,92.4123],[-177.6104,71.1937,77.5801],[-177.6062,71.1917,78.2463],[-177.5979,71.1917,73.2992],[-177.5937,71.1937,67.5951],[-177.5771,71.1937,42.9467],[-177.5646,71.1896,44.0261],[-177.5604,71.1917,35.3229],[-177.5505,71.1922,33.1643],[-177.5557,71.1943,48.1535],[-177.5542,71.1958,48.6318],[-177.5312,71.1979,60.1002],[-177.525,71.1958,53.9583],[-177.5188,71.1979,54.2065],[-177.5109,71.1953,32.9693],[-177.5099,71.1922,20.1521],[-177.5047,71.1911,16.7959],[-177.5057,71.188,9.5429],[-177.5042,71.1875,8.9612],[-177.4937,71.1896,38.9361],[-177.4896,71.1875,33.1868],[-177.4812,71.1875,29.7835],[-177.475,71.1854,3.5998],[-177.4729,71.1875,29.4474],[-177.4734,71.1911,40.6483],[-177.4896,71.1917,70.0464],[-177.4974,71.1953,44.6737],[-177.4875,71.1958,66.9583],[-177.4833,71.1937,86.0905],[-177.4797,71.1943,76.5612],[-177.4828,71.1964,69.6091],[-177.4828,71.2016,29.9596],[-177.4792,71.2021,21.5415],[-177.475,71.2,44.0104],[-177.4651,71.2005,0.0],[-177.462,71.2078,24.7843],[-177.4568,71.2089,0.0],[-177.462,71.212,58.8493],[-177.4563,71.2125,0.0],[-177.4396,71.2188,95.3697],[-177.4354,71.2188,0.0],[-177.4333,71.2208,0.0],[-177.4339,71.2224,0.0],[-177.4453,71.2255,150.8255],[-177.438,71.2297,0.0],[-177.4432,71.2318,0.0],[-177.4443,71.2349,0.0],[-177.4542,71.2354,115.5568],[-177.4646,71.2396,0.0],[-177.4708,71.2375,82.9114],[-177.5125,71.2375,33.249],[-177.5203,71.2401,79.6159],[-177.5188,71.2417,33.263],[-177.5083,71.2417,7.7667],[-177.5068,71.2432,0.0],[-177.5307,71.2516,23.9997],[-177.5255,71.2526,12.3727],[-177.5224,71.2557,0.6494],[-177.5109,71.2589,0.0],[-177.5109,71.262,0.0],[-177.5161,71.2641,20.2303],[-177.5088,71.2651,18.1613],[-177.5104,71.2667,0.0],[-177.5333,71.2667,12.9512],[-177.5396,71.2646,17.5092],[-177.5458,71.2667,9.8614],[-177.55,71.2646,14.0227],[-177.5583,71.2646,12.9317],[-177.5646,71.2667,13.8665],[-177.5833,71.2604,12.6875],[-177.5917,71.2604,5.8386],[-177.5958,71.2625,0.0],[-177.6229,71.2625,7.4782],[-177.6255,71.2662,6.6238],[-177.6354,71.2667,11.6292],[-177.6682,71.2776,10.6424],[-177.6693,71.2807,1.5705],[-177.6807,71.2839,10.304],[-177.6797,71.287,8.3129],[-177.6812,71.2875,8.2216],[-177.6917,71.2854,11.5734],[-177.7,71.2896,1.7768],[-177.712,71.2901,8.9624],[-177.7109,71.2932,0.0],[-177.7224,71.2943,6.5978],[-177.7234,71.2995,0.0],[-177.7333,71.3,0.5482],[-177.7724,71.313,3.7081],[-177.7713,71.3161,0.5008],[-177.7766,71.3172,4.7057],[-177.7776,71.3203,1.2646],[-177.7891,71.3214,4.3638],[-177.7839,71.3245,0.0],[-177.8016,71.3297,4.8222],[-177.8026,71.3328,2.6425],[-177.8068,71.3349,1.7162],[-177.8203,71.3339,0.0439],[-177.8203,71.337,0.5466],[-177.8146,71.3375,0.0],[-177.813,71.3391,0.0],[-177.8182,71.3401,2.4643],[-177.8193,71.3432,1.0032],[-177.8307,71.3464,3.6833],[-177.8318,71.3495,1.9016],[-177.8396,71.3521,4.3345],[-177.8495,71.3526,3.1121],[-177.8682,71.3588,6.3829],[-177.8672,71.362,2.5357],[-177.8911,71.3693,4.3033],[-177.8922,71.3724,0.0],[-177.8974,71.3734,1.924],[-177.8984,71.3766,2.3949],[-177.9036,71.3776,3.6718],[-177.9026,71.3807,0.0],[-177.9162,71.3818,2.877],[-177.9151,71.3849,0.0],[-177.9203,71.3859,3.5337],[-177.9229,71.3896,0.1924],[-177.9458,71.3896,4.4952],[-177.95,71.3917,3.9484],[-177.9646,71.3917,4.8446],[-177.9812,71.3979,1.9064],[-177.9896,71.3979,0.4408],[-177.9974,71.3953,2.701],[-178.0005,71.3901,1.5454],[-178.0146,71.3854,-0.1601],[-178.0245,71.388,3.0908],[-178.0193,71.3912,1.2923],[-178.0292,71.3917,0.4567],[-178.0318,71.3953,0.9289],[-178.0432,71.3964,0.6085],[-178.0432,71.3995,0.1372],[-178.0354,71.4021,3.0286],[-178.025,71.4,0.1023],[-178.0172,71.4026,-0.126],[-178.0146,71.4063,3.409],[-178.0026,71.4068,0.0],[-178.0026,71.4099,2.4514],[-178.0167,71.4146,0.1535],[-178.0375,71.4146,3.1388],[-178.0516,71.4193,0.056],[-178.0526,71.4224,0.0],[-178.0578,71.4245,0.0967],[-178.05,71.4271,0.8425],[-178.0437,71.425,0.0],[-178.0083,71.425,0.0],[-178.0068,71.4255,0.2117],[-178.0068,71.4287,0.4571],[-178.0182,71.4328,0.4694],[-178.0146,71.4354,0.1207],[-178.0063,71.4354,0.0],[-178.0,71.4333,0.0123],[-177.9922,71.437,2.3967],[-177.9974,71.438,1.8079],[-178.0,71.4417,1.2086],[-178.0099,71.4422,3.8118],[-178.0088,71.4453,1.7702],[-178.0271,71.4458,2.0891],[-178.0312,71.45,0.0],[-178.0412,71.4495,0.0],[-178.0422,71.4443,0.0353],[-178.0437,71.4437,0.958],[-178.0521,71.4437,0.3562],[-178.0547,71.4474,0.7095],[-178.0625,71.45,0.4739],[-178.0854,71.4479,0.0901],[-178.0932,71.4505,-0.1384],[-178.0854,71.4542,0.4733],[-178.075,71.4542,0.0],[-178.0708,71.4563,0.0],[-178.0464,71.4568,0.8278],[-178.0479,71.4583,0.6747],[-178.0578,71.4589,1.0354],[-178.0604,71.4625,1.7143],[-178.0688,71.4625,2.1151],[-178.0917,71.4708,3.075],[-178.0953,71.4703,3.1304],[-178.0984,71.4651,0.0759],[-178.1083,71.4646,0.4],[-178.1099,71.4651,0.0735],[-178.1109,71.4703,-0.3257],[-178.1161,71.4714,1.8518],[-178.1172,71.4745,0.0],[-178.1208,71.475,0.0],[-178.1271,71.4729,2.0765],[-178.1313,71.475,2.1706],[-178.1396,71.475,0.0],[-178.1411,71.4734,1.0553],[-178.1359,71.4724,1.2012],[-178.1349,71.4693,0.0615],[-178.1234,71.4661,0.6752],[-178.1255,71.4589,0.3475],[-178.1354,71.4563,-0.1016],[-178.1396,71.4583,-0.0731],[-178.1479,71.4583,0.3658],[-178.1521,71.4604,0.308],[-178.175,71.4604,0.8136],[-178.1812,71.4625,1.4469],[-178.1875,71.4604,1.2689],[-178.1917,71.4625,0.0],[-178.2063,71.4625,0.6101],[-178.2104,71.4646,0.7287],[-178.2208,71.4646,0.2076],[-178.2234,71.4609,0.5016],[-178.2312,71.4583,1.5035],[-178.2417,71.4583,3.5581],[-178.2536,71.4641,0.2342],[-178.2359,71.4651,0.833],[-178.2349,71.4682,1.3025],[-178.2276,71.4693,0.0],[-178.2328,71.4724,2.8825],[-178.2276,71.4734,2.0586],[-178.2266,71.4766,1.5108],[-178.2214,71.4786,0.8855],[-178.2292,71.4812,1.1105],[-178.2375,71.4812,1.4844],[-178.2417,71.4833,0.0],[-178.2625,71.4833,1.2051],[-178.2667,71.4875,-0.0942],[-178.2875,71.4896,1.0924],[-178.2953,71.4922,-0.3813],[-178.2953,71.4953,0.1832],[-178.2901,71.4974,0.0],[-178.3141,71.5005,0.2277],[-178.3089,71.5026,-0.2055],[-178.3141,71.5057,-0.0892],[-178.3089,71.5078,-0.1923],[-178.3229,71.5125,0.1393],[-178.3328,71.513,0.3262],[-178.3313,71.5146,0.4077],[-178.3146,71.5146,1.2297],[-178.3104,71.5125,-0.2538],[-178.2958,71.5125,0.3809],[-178.2917,71.5104,0.0],[-178.2854,71.5125,2.1978],[-178.275,71.5125,2.2247],[-178.2672,71.5099,1.6544],[-178.2682,71.5068,-0.1322],[-178.2667,71.5062,-0.058],[-178.2437,71.5062,1.4497],[-178.2333,71.5021,0.0],[-178.2297,71.5026,0.0],[-178.2292,71.5042,3.2949],[-178.2297,71.5057,1.2208],[-178.2375,71.5083,0.5187],[-178.2583,71.5104,3.788],[-178.2812,71.5188,0.0],[-178.2958,71.5188,4.2735],[-178.3,71.5229,0.0],[-178.3104,71.5208,4.2504],[-178.3208,71.525,0.0],[-178.3354,71.525,2.9469],[-178.3458,71.5292,0.0],[-178.3604,71.5292,4.0531],[-178.3646,71.5313,0.0],[-178.3729,71.5313,2.6641],[-178.3771,71.5333,0.3771],[-178.3875,71.5333,4.5715],[-178.3979,71.5375,0.0],[-178.4062,71.5375,2.7918],[-178.4104,71.5396,0.0],[-178.425,71.5396,3.3556],[-178.4292,71.5417,0.7192],[-178.45,71.5437,2.9572],[-178.4542,71.5458,0.0],[-178.4646,71.5458,4.6638],[-178.4687,71.5479,1.1281],[-178.4833,71.5479,3.9048],[-178.4875,71.55,2.127],[-178.4974,71.5505,4.1036],[-178.5,71.5542,1.3031],[-178.5063,71.5521,3.1022],[-178.5146,71.5542,0.0],[-178.5188,71.5521,4.2724],[-178.5229,71.5521,4.2327],[-178.5271,71.5542,3.1814],[-178.5354,71.5542,3.854],[-178.5396,71.5563,0.0],[-178.5542,71.5563,0.0],[-178.5568,71.5526,-0.3894],[-178.5625,71.5521,-0.3003],[-178.5703,71.5547,1.3826],[-178.5693,71.5578,2.8299],[-178.5708,71.5583,0.0],[-178.6,71.5583,0.0],[-178.6062,71.5563,1.9048],[-178.6104,71.5583,0.0],[-178.6271,71.5583,0.0],[-178.6286,71.5589,0.0],[-178.6286,71.562,0.0],[-178.6229,71.5625,2.8145],[-178.6214,71.5641,1.1567],[-178.6333,71.5646,1.263],[-178.6375,71.5667,0.3235],[-178.6583,71.5667,3.0904],[-178.6646,71.5646,0.0],[-178.6687,71.5687,2.8298],[-178.6917,71.5687,1.4941],[-178.6958,71.5708,3.2942],[-178.7042,71.5708,2.0905],[-178.7083,71.5729,3.0782],[-178.7229,71.5729,2.5779],[-178.7271,71.575,0.0],[-178.7688,71.575,3.7677],[-178.7729,71.5771,-0.8773],[-178.7771,71.5771,0.0],[-178.7813,71.575,4.2832],[-178.7896,71.575,3.8438],[-178.7937,71.5729,0.5684],[-178.8021,71.5729,-0.0614],[-178.8062,71.5708,1.1217],[-178.8104,71.5708,0.8424],[-178.8146,71.5729,0.0],[-178.8229,71.5708,2.2401],[-178.8271,71.5729,0.9049],[-178.85,71.5729,2.425],[-178.8562,71.5708,1.0366],[-178.8604,71.5729,0.0],[-178.8687,71.5729,3.0606],[-178.8729,71.575,1.6893],[-178.8813,71.575,3.2553],[-178.8854,71.5771,1.5932],[-178.8917,71.575,1.8395],[-178.9208,71.575,1.1416],[-178.9375,71.5813,-0.748],[-178.9479,71.5813,0.0],[-178.9542,71.5792,0.1784],[-178.9583,71.5813,2.208],[-178.9667,71.5813,0.0],[-178.9708,71.5833,0.0],[-178.9792,71.5813,2.3108],[-178.9833,71.5833,1.287],[-179.0146,71.5833,2.9917]]],
[[[-179.2375,71.5417,-0.4727],[-179.2359,71.5432,-0.3028],[-179.2432,71.5432,0.0],[-179.2417,71.5417,-0.3385],[-179.2375,71.5417,-0.4727]]],
[[[-179.9984,69.1266,0.0],[-180.0,69.126,0.0],[-180.0,69.124,0.0],[-179.9984,69.1234,0.0],[-179.9979,69.125,0.0],[-179.9984,69.1266,0.0]]],
[[[-179.5021,71.5542,2.5414],[-179.4984,71.5547,2.9837],[-179.4984,71.5557,2.7315],[-179.5036,71.5557,2.7242],[-179.5021,71.5542,2.5414]]],
[[[-179.5063,71.5563,3.6226],[-179.5047,71.5578,3.5745],[-179.512,71.5578,1.303],[-179.5104,71.5563,2.5576],[-179.5063,71.5563,3.6226]]],
[[[-179.4922,71.5599,4.324],[-179.5021,71.5604,2.7267],[-179.5036,71.5589,3.259],[-179.4937,71.5583,4.6077],[-179.4922,71.5599,4.324]]],
[[[-179.5838,71.5693,0.0],[-179.5854,71.5708,0.1489],[-179.5891,71.5703,-0.6702],[-179.5875,71.5687,0.2472],[-179.5838,71.5693,0.0]]],
[[[-179.5901,71.5714,0.2134],[-179.5917,71.5729,0.6138],[-179.5953,71.5724,0.7728],[-179.5937,71.5708,0.1754],[-179.5901,71.5714,0.2134]]],
[[[-179.0708,71.5625,-0.9345],[-179.0693,71.5641,-0.0179],[-179.0766,71.5641,0.0374],[-179.075,71.5625,1.5475],[-179.0708,71.5625,-0.9345]]],
[[[-178.8062,71.5771,0.0],[-178.8167,71.5771,-0.4726],[-178.8182,71.5755,4.1678],[-178.7984,71.5755,3.5792],[-178.8,71.5771,0.0],[-178.8062,71.5771,0.0]]],
[[[-178.8292,71.575,0.0],[-178.8255,71.5755,1.8051],[-178.8255,71.5766,3.4026],[-178.8307,71.5766,3.1216],[-178.8292,71.575,0.0]]],
[[[-179.2125,71.5938,3.3042],[-179.2292,71.5938,3.6636],[-179.2333,71.5958,0.0],[-179.2396,71.5938,4.3971],[-179.2458,71.5958,2.2718],[-179.2974,71.5953,1.9006],[-179.2958,71.5938,0.5494],[-179.2729,71.5938,3.6154],[-179.2688,71.5917,0.0],[-179.2604,71.5917,0.0],[-179.2563,71.5896,0.0],[-179.2208,71.5896,0.6722],[-179.2167,71.5917,2.0832],[-179.2047,71.5922,0.0],[-179.2063,71.5938,2.7061],[-179.2125,71.5938,3.3042]]],
[[[-179.3062,71.5917,0.5814],[-179.3,71.5917,0.0],[-179.2984,71.5932,1.4716],[-179.3062,71.5958,3.7037],[-179.3271,71.5958,3.336],[-179.3307,71.5932,1.3195],[-179.3292,71.5917,0.9424],[-179.3188,71.5917,2.7256],[-179.3146,71.5896,2.0583],[-179.3062,71.5917,0.5814]]],
[[[-179.088,76.1661,0.0],[-179.0958,76.1667,0.0],[-179.0974,76.1651,0.0],[-179.0896,76.1646,0.0],[-179.088,76.1661,0.0]]]]}}