{"type":"Feature","properties":{"GID_1":"RUS.12_1","GID_0":"RUS","country":"Russia","province":"Chukot","VARNAME_1":"Chukotka|ChukotskiyAok","NL_NAME_1":"ЧукотскийАОк","TYPE_1":"AvtonomnyyOkrug","ENGTYPE_1":"AutonomousProvince","CC_1":"7001","HASC_1":"RU.CK","ISO_1":"NA","name":"Chukot.province"},
"geometry":{"type": "MultiPolygon","coordinates": [[[[-173.1974,64.2578,0.0],[-173.1974,64.2568,0.0],[-173.1943,64.2568,0.0],[-173.1943,64.2578,0.0],[-173.1974,64.2578,0.0]]],
[[[-173.3099,64.3141,1.5],[-173.3099,64.313,1.5],[-173.3068,64.313,1.5],[-173.3068,64.3141,1.5],[-173.3099,64.3141,1.5]]],
[[[-172.975,64.4437,97.741],[-172.9714,64.4443,28.7775],[-172.9714,64.4453,0.0],[-172.9766,64.4453,13.0131],[-172.975,64.4437,97.741]]],
[[[-172.9641,64.4474,0.0],[-172.9641,64.4464,0.0],[-172.9609,64.4464,0.0],[-172.9609,64.4474,0.0],[-172.9641,64.4474,0.0]]],
[[[-172.2505,64.412,4.7031],[-172.2568,64.4161,4.9705],[-172.2641,64.4172,4.81],[-172.2708,64.4208,5.496],[-172.2786,64.4182,1.8113],[-172.2734,64.413,0.5],[-172.2786,64.412,0.5],[-172.2812,64.4083,0.5],[-172.2771,64.4042,4.083],[-172.2583,64.4042,4.2358],[-172.2542,64.4021,0.0],[-172.25,64.4042,4.2187],[-172.2437,64.4042,4.0809],[-172.238,64.4026,2.2883],[-172.2401,64.4078,4.5347],[-172.2505,64.412,4.7031]]],
[[[-172.2828,64.4203,2.3066],[-172.2828,64.4193,2.2478],[-172.2797,64.4193,2.0416],[-172.2797,64.4203,2.1739],[-172.2828,64.4203,2.3066]]],
[[[-172.3667,64.4729,2.1263],[-172.363,64.4734,3.5747],[-172.363,64.4745,2.2681],[-172.3682,64.4745,2.3064],[-172.3667,64.4729,2.1263]]],
[[[-172.6604,64.6375,0.2534],[-172.6766,64.6401,5.9629],[-172.6797,64.6432,0.0],[-172.687,64.6464,95.0188],[-172.6859,64.6495,27.2253],[-172.6917,64.6521,102.7878],[-172.6995,64.6495,108.3235],[-172.7026,64.6464,108.0639],[-172.7078,64.6453,117.709],[-172.7088,64.6422,137.1147],[-172.7109,64.6401,160.4963],[-172.7161,64.6391,76.2038],[-172.7214,64.6318,74.7329],[-172.7266,64.6307,0.0],[-172.7234,64.6276,102.1692],[-172.7255,64.6255,75.6973],[-172.7307,64.6245,22.2531],[-172.7312,64.6229,28.3756],[-172.7287,64.6193,0.0],[-172.7229,64.6167,0.0],[-172.7187,64.6188,12.9031],[-172.6917,64.6188,0.0],[-172.6859,64.6203,-0.0175],[-172.6776,64.6162,5.0158],[-172.6807,64.6109,0.0],[-172.6776,64.6099,5.7535],[-172.6792,64.6062,0.0],[-172.6766,64.6005,8.1349],[-172.6708,64.5979,0.0],[-172.6625,64.5979,0.0],[-172.6583,64.5958,0.0],[-172.6542,64.5979,0.0],[-172.6479,64.5979,0.0],[-172.6438,64.5958,0.0],[-172.6,64.5958,42.8119],[-172.5958,64.5938,0.0],[-172.5813,64.5938,0.0],[-172.5771,64.5958,23.3389],[-172.5667,64.5958,0.0],[-172.5625,64.5979,0.0],[-172.5417,64.5979,4.2373],[-172.5333,64.5938,0.0],[-172.5208,64.5917,9.6263],[-172.5172,64.5943,0.0],[-172.5203,64.5974,3.9731],[-172.5125,64.5979,0.0],[-172.5036,64.5922,63.7872],[-172.4958,64.5917,56.3239],[-172.4859,64.5964,0.0],[-172.4891,64.5995,0.8839],[-172.475,64.6042,17.4905],[-172.4687,64.6021,0.0],[-172.4661,64.6057,0.0],[-172.4547,64.6068,0.0],[-172.4516,64.612,31.8087],[-172.4463,64.613,17.7103],[-172.4495,64.6151,39.1094],[-172.4463,64.6193,0.0],[-172.4495,64.6214,38.6646],[-172.4484,64.6245,0.0],[-172.4583,64.6292,89.5155],[-172.4641,64.6297,151.2883],[-172.463,64.6328,99.0284],[-172.4687,64.6354,83.8502],[-172.4745,64.6359,97.9055],[-172.4734,64.6391,48.9279],[-172.4875,64.6438,10.3341],[-172.4937,64.6417,72.3744],[-172.5063,64.6458,51.4319],[-172.5167,64.6458,1.6266],[-172.5333,64.6396,111.1799],[-172.5437,64.6396,37.4125],[-172.5479,64.6417,0.0],[-172.5505,64.638,64.9365],[-172.5708,64.6312,222.8447],[-172.5875,64.6312,103.6646],[-172.5917,64.6333,8.7266],[-172.6042,64.6333,12.3372],[-172.6151,64.6391,35.9492],[-172.625,64.6417,0.0],[-172.6354,64.6375,38.3482],[-172.6417,64.6396,0.0],[-172.6479,64.6354,23.991],[-172.6604,64.6375,0.2534]]],
[[[-172.9349,64.4557,0.0],[-172.9349,64.4547,0.0],[-172.9318,64.4547,0.0],[-172.9318,64.4557,0.0],[-172.9349,64.4557,0.0]]],
[[[-172.9463,64.4547,0.0],[-172.9401,64.4578,0.0],[-172.95,64.4604,0.0],[-172.9578,64.4599,0.0],[-172.9547,64.4578,0.0],[-172.9557,64.4547,0.0],[-172.9463,64.4547,0.0]]],
[[[-172.888,64.4776,16.4598],[-172.8896,64.4792,40.0774],[-172.8974,64.4786,12.7921],[-172.8958,64.4771,19.3695],[-172.888,64.4776,16.4598]]],
[[[-172.9833,64.8208,0.0],[-172.9792,64.8229,0.0],[-172.9693,64.8234,0.0],[-172.9651,64.8297,0.0],[-172.9682,64.8318,0.0],[-172.9672,64.8349,0.0],[-172.9766,64.8349,0.0],[-172.9787,64.8328,0.0],[-172.9755,64.8307,0.0],[-172.9771,64.8292,0.0],[-172.9937,64.8292,0.0],[-172.9974,64.8266,0.0],[-172.9833,64.8208,0.0]]],
[[[-172.5375,64.6854,0.0],[-172.5359,64.687,0.7333],[-172.5432,64.687,1.3392],[-172.5417,64.6854,0.0],[-172.5375,64.6854,0.0]]],
[[[-172.5536,64.687,-0.0746],[-172.5536,64.6859,-0.2183],[-172.5505,64.6859,0.2341],[-172.5505,64.687,0.0258],[-172.5536,64.687,-0.0746]]],
[[[-172.3771,64.8313,175.8027],[-172.3938,64.8313,281.7446],[-172.3979,64.8333,195.7701],[-172.4042,64.8333,93.2618],[-172.4146,64.8292,78.7939],[-172.4208,64.8292,19.5153],[-172.4286,64.8266,56.6988],[-172.4318,64.8234,75.8219],[-172.4396,64.8208,47.9761],[-172.4474,64.8203,13.7569],[-172.4505,64.8172,4.6345],[-172.4583,64.8146,9.7505],[-172.4792,64.8146,0.2993],[-172.4833,64.8125,6.613],[-172.4875,64.8146,8.5848],[-172.4937,64.8146,0.0],[-172.5016,64.812,35.1244],[-172.5078,64.8037,9.7471],[-172.5047,64.8005,26.6379],[-172.5068,64.7984,33.2971],[-172.512,64.7974,5.9914],[-172.513,64.7943,14.1099],[-172.5182,64.7932,0.0],[-172.5234,64.788,6.3379],[-172.5286,64.787,0.0],[-172.5255,64.7839,16.0567],[-172.5432,64.7786,11.925],[-172.5443,64.7755,18.5739],[-172.5557,64.7724,1.8445],[-172.5547,64.7693,20.2707],[-172.5599,64.7682,0.0],[-172.563,64.763,28.9987],[-172.5745,64.7599,0.0],[-172.5713,64.7578,19.4075],[-172.5734,64.7547,18.44],[-172.5849,64.7516,0.0],[-172.5974,64.7328,10.6621],[-172.5964,64.7255,32.8953],[-172.5984,64.7234,26.1369],[-172.6037,64.7224,15.9469],[-172.6068,64.7193,15.622],[-172.612,64.7182,8.6498],[-172.6172,64.7109,11.3929],[-172.6286,64.7078,0.0],[-172.6318,64.7005,23.042],[-172.6349,64.6974,30.662],[-172.6318,64.6943,64.4985],[-172.637,64.6922,47.8295],[-172.5979,64.6896,82.951],[-172.588,64.687,0.224],[-172.5818,64.6828,0.692],[-172.587,64.6807,0.0],[-172.5854,64.6792,1.3088],[-172.5646,64.6792,0.0],[-172.5568,64.6818,0.7676],[-172.5562,64.6833,0.1217],[-172.5568,64.6849,0.0247],[-172.5641,64.6859,12.5442],[-172.5661,64.6891,-0.3947],[-172.5583,64.6917,-1.241],[-172.5479,64.6917,-1.2858],[-172.5437,64.6937,11.4302],[-172.5229,64.6937,-1.2099],[-172.5213,64.6932,-0.3478],[-172.5224,64.688,0.351],[-172.5167,64.6875,0.0],[-172.5099,64.6932,26.1214],[-172.5021,64.6958,14.4619],[-172.4958,64.6958,0.0],[-172.4812,64.7,11.6484],[-172.4438,64.7021,0.0],[-172.4396,64.7042,11.9597],[-172.4333,64.7042,14.5972],[-172.4292,64.7021,0.0],[-172.4187,64.7021,0.0],[-172.4146,64.7042,16.3634],[-172.4083,64.7042,27.1692],[-172.4042,64.7021,0.0],[-172.3542,64.7021,0.0],[-172.3437,64.7063,23.4128],[-172.3396,64.7042,0.0],[-172.3167,64.7125,33.6126],[-172.3104,64.7104,0.0],[-172.3026,64.713,0.0],[-172.2995,64.7161,6.4232],[-172.2755,64.7234,0.0],[-172.2745,64.7266,3.6729],[-172.263,64.7297,1.8171],[-172.2599,64.7328,6.4527],[-172.2505,64.7318,0.0],[-172.2474,64.737,0.0788],[-172.2422,64.738,-0.1115],[-172.2375,64.7417,2.3615],[-172.2333,64.7396,1.8467],[-172.2292,64.7417,2.0208],[-172.2208,64.7417,0.0],[-172.2167,64.7438,1.5119],[-172.2021,64.7438,5.3507999999999996],[-172.1979,64.7417,0.0],[-172.1938,64.7438,7.7348],[-172.1708,64.7438,0.0],[-172.1562,64.7479,1.2611],[-172.125,64.7479,0.0],[-172.1214,64.7516,1.0],[-172.1286,64.7557,3.2238],[-172.125,64.7583,1.0],[-172.1104,64.7583,2.8032],[-172.1062,64.7542,11.4697],[-172.0813,64.7542,0.0],[-172.0771,64.7562,20.1223],[-172.0708,64.7542,0.0],[-172.063,64.7568,0.0],[-172.0776,64.7662,4.5161],[-172.0849,64.7672,45.7847],[-172.0859,64.7703,3.8853],[-172.0896,64.7729,0.0],[-172.0937,64.7729,51.1585],[-172.0979,64.775,40.9137],[-172.1083,64.775,37.0281],[-172.1292,64.7813,2.6001],[-172.1333,64.7813,14.9454],[-172.138,64.7849,0.0],[-172.1521,64.7875,31.77],[-172.1604,64.7917,0.0],[-172.1708,64.7917,24.6166],[-172.1771,64.7958,0.0],[-172.1917,64.7958,10.4494],[-172.2208,64.8042,1.0303],[-172.2292,64.8042,0.1794],[-172.2359,64.8078,1.1644],[-172.2432,64.8089,6.0003],[-172.2443,64.812,2.2996],[-172.2516,64.813,10.9502],[-172.2505,64.8161,0.0],[-172.2578,64.8172,4.9169],[-172.263,64.8203,0.0],[-172.2703,64.8214,21.4261],[-172.2734,64.8245,23.2032],[-172.2833,64.8271,0.0],[-172.2896,64.8271,61.9761],[-172.2937,64.825,131.3499],[-172.3,64.8271,12.5687],[-172.3042,64.825,43.5001],[-172.3104,64.8271,0.0],[-172.3146,64.825,8.2499],[-172.3292,64.825,23.3129],[-172.3375,64.8292,0.0],[-172.3479,64.8271,49.806],[-172.3521,64.8292,49.1119],[-172.3562,64.8271,73.9895],[-172.3604,64.8292,56.4652],[-172.3708,64.8292,87.5609],[-172.3771,64.8313,175.8027]]],
[[[-172.7641,64.8224,50.8827],[-172.7641,64.8214,53.3202],[-172.7609,64.8214,41.5276],[-172.7609,64.8224,43.272],[-172.7641,64.8224,50.8827]]],
[[[-172.8109,64.8339,13.4835],[-172.8125,64.8354,13.3158],[-172.8203,64.8349,14.6456],[-172.8188,64.8333,0.0],[-172.8109,64.8339,13.4835]]],
[[[-172.5412,64.9005,0.6832],[-172.538,64.9005,1.4438],[-172.538,64.9016,0.3663],[-172.5412,64.9016,0.2511],[-172.5412,64.9005,0.6832]]],
[[[-172.15,65.125,1.6616],[-172.1542,65.125,0.0],[-172.1557,65.1234,0.7864],[-172.15,65.1208,0.1752],[-172.1443,65.1214,1.503],[-172.1463,65.1245,1.6731],[-172.15,65.125,1.6616]]],
[[[-172.2495,65.2161,9.1296],[-172.2495,65.2151,6.723],[-172.2464,65.2151,4.5296],[-172.2464,65.2161,8.3871],[-172.2495,65.2161,9.1296]]],
[[[178.7964,64.6391,0.0],[178.788,64.6349,0.0],[178.7896,64.6312,2.7699],[178.7958,64.6312,0.0],[178.8068,64.637,2.4134],[178.8146,64.6375,0.0],[178.8193,64.6412,2.2994],[178.8271,64.6417,0.0],[178.8338,64.6453,0.0],[178.8411,64.6464,0.0],[178.8505,64.6516,2.238],[178.8578,64.6526,0.0],[178.8589,64.6557,0.5],[178.8662,64.6568,0.0],[178.8771,64.6625,2.3699],[178.8828,64.663,0.0],[178.9005,64.6724,1.5227],[178.9078,64.6734,0.0],[178.9214,64.6807,13.0637],[178.9287,64.6818,0.0],[178.9276,64.6849,15.3624],[178.9354,64.6854,0.0],[178.9505,64.6932,8.0869],[178.9578,64.6943,0.0],[178.9568,64.6974,11.5263],[178.9661,64.6984,0.0],[178.9859,64.7099,19.4469],[178.9953,64.7109,0.0],[178.9984,64.7141,0.0],[179.0151,64.7224,27.3416],[179.0224,64.7234,0.0],[179.0292,64.7271,5.372],[179.0354,64.7271,0.0],[179.0562,64.7354,0.0],[179.062,64.7359,0.0],[179.0771,64.7438,19.812],[179.0875,64.7438,0.0],[179.0917,64.7458,0.0],[179.0958,64.7458,0.0],[179.1068,64.7516,3.5662],[179.1266,64.7568,0.0],[179.1333,64.7604,17.2715],[179.1438,64.7604,0.0],[179.1479,64.7625,3.9257],[179.1625,64.7625,0.0],[179.1667,64.7646,6.1088],[179.1812,64.7646,0.0],[179.1854,64.7667,18.6258],[179.1896,64.7646,0.0],[179.1938,64.7667,7.2748],[179.2042,64.7667,0.0],[179.2167,64.7708,7.327],[179.2229,64.7708,0.0],[179.2297,64.7745,0.0],[179.2396,64.7771,24.8871],[179.2542,64.7771,0.0],[179.2625,64.7813,23.1212],[179.2667,64.7813,0.0],[179.2792,64.7854,0.0],[179.2896,64.7854,0.0],[179.2937,64.7875,10.6594],[179.3188,64.7875,0.0],[179.3229,64.7896,5.3158],[179.3562,64.7896,0.0],[179.3604,64.7917,9.7331],[179.3667,64.7896,0.0],[179.3708,64.7917,0.0],[179.3896,64.7917,0.0],[179.3938,64.7937,4.549],[179.4146,64.7937,0.0],[179.4187,64.7958,5.8056],[179.4271,64.7958,0.0],[179.4312,64.7979,6.6469],[179.4604,64.7979,0.0],[179.4646,64.8,27.4381],[179.4682,64.7995,23.6544],[179.4693,64.7963,0.0],[179.4771,64.7937,0.0],[179.4917,64.7937,0.0],[179.4958,64.7958,0.0],[179.5063,64.7958,0.0],[179.5104,64.7979,10.6432],[179.5229,64.8,0.0],[179.5245,64.8016,0.0],[179.5213,64.8037,1.9972],[179.5245,64.8047,0.0],[179.5234,64.8078,2.5549],[179.5328,64.8089,0.0],[179.5318,64.812,0.0],[179.5349,64.813,0.0],[179.5359,64.8161,4.1079],[179.5474,64.8214,0.0],[179.5464,64.8245,18.2525],[179.5745,64.838,0.0],[179.5755,64.8411,1.9602],[179.5797,64.8432,0.0],[179.5854,64.8438,0.0],[179.5911,64.8464,0.0],[179.5901,64.8495,10.9945],[179.6057,64.8568,0.0],[179.6068,64.8599,20.0244],[179.6125,64.8625,13.4938],[179.6182,64.863,0.0],[179.6516,64.8797,0.0],[179.6526,64.8828,0.0],[179.6583,64.8854,21.1926],[179.6641,64.8859,0.0],[179.6651,64.8891,0.0],[179.6818,64.8974,6.2458],[179.6891,64.8984,0.0],[179.6922,64.9036,32.4551],[179.7016,64.9047,0.0],[179.7141,64.9109,0.0],[179.713,64.9141,39.1206],[179.7208,64.9146,0.0],[179.7266,64.9172,0.0],[179.7255,64.9203,32.368],[179.7339,64.9245,25.025],[179.7432,64.9255,0.0],[179.7422,64.9287,17.3324],[179.7516,64.9297,0.0],[179.7505,64.9328,0.0],[179.7536,64.9349,0.0],[179.7505,64.937,24.1874],[179.7536,64.938,0.0],[179.7526,64.9411,17.1092],[179.7682,64.9484,0.0],[179.7693,64.9516,6.6614],[179.7766,64.9526,0.0],[179.7776,64.9557,0.0],[179.7807,64.9568,0.0],[179.7797,64.9599,33.1356],[179.7891,64.9609,0.0],[179.8016,64.9672,0.0],[179.8005,64.9703,0.0],[179.8161,64.9776,0.0],[179.8172,64.9807,0.0],[179.8245,64.9818,0.0],[179.8255,64.9849,0.0],[179.8313,64.9854,0.0],[179.8411,64.9901,0.0],[179.8422,64.9932,0.0],[179.8495,64.9964,0.0],[179.8484,64.9995,21.1065],[179.8562,65.0,0.0],[179.8604,65.0021,0.0],[179.8708,65.0021,0.0],[179.8792,65.0062,0.0],[179.8875,65.0062,0.0],[179.8901,65.0099,0.0],[179.8958,65.0125,0.0],[179.9016,65.013,0.0],[179.9125,65.0188,0.0],[179.9229,65.0188,0.0],[179.9271,65.0208,6.3495],[179.9479,65.0208,0.0],[179.9578,65.0234,0.0],[179.9646,65.0271,12.4045],[179.9703,65.0276,0.0],[179.9771,65.0313,5.3649],[179.9875,65.0313,0.0],[179.9979,65.0271,0.0],[180.0,65.9841,224.2054],[180.0,68.9497,9.0081],[179.9979,68.9812,0.0],[179.9964,68.9807,0.0],[179.9953,68.9755,0.0],[179.9901,68.9745,0.0],[179.9953,68.9714,0.0],[179.9875,68.9708,0.0],[179.9833,68.9688,1.5044],[179.9708,68.9688,0.0],[179.9667,68.9667,0.0],[179.9583,68.9667,1.1195],[179.9479,68.9708,0.0],[179.9417,68.9688,0.0],[179.9354,68.9688,0.0],[179.925,68.9729,0.4264],[179.9104,68.9729,3.868],[179.9063,68.975,0.0],[179.8938,68.975,0.6167],[179.8792,68.9708,4.9471],[179.8708,68.9708,3.4893],[179.8667,68.9729,0.0],[179.8583,68.9729,0.0],[179.8542,68.975,0.0],[179.8292,68.975,0.0],[179.8229,68.9771,0.0],[179.8188,68.975,1.9239],[179.8141,68.9786,0.0],[179.8062,68.9812,0.0],[179.8,68.9812,0.0],[179.7937,68.9792,4.1179],[179.7896,68.9833,0.0],[179.7813,68.9833,3.0278],[179.7708,68.9875,0.0],[179.7625,68.9875,3.0747],[179.7583,68.9896,0.0],[179.7458,68.9896,1.6972],[179.7354,68.9938,0.0],[179.7208,68.9938,6.5166],[179.7182,68.9974,0.8543],[179.7068,68.9984,5.1589],[179.7057,69.0016,0.0],[179.6943,69.0026,2.3278],[179.6995,69.0047,1.1636],[179.7005,69.0078,0.0],[179.7036,69.0089,0.0],[179.6984,69.0109,1.3027],[179.6979,69.0125,1.4545],[179.6984,69.0141,1.3196],[179.7036,69.0162,0.0],[179.6984,69.0182,1.672],[179.7078,69.0224,0.0],[179.6964,69.0255,0.3704],[179.6943,69.0328,0.0],[179.6995,69.0349,0.0],[179.688,69.038,0.5974],[179.6911,69.0401,1.4535],[179.6911,69.0432,1.2364],[179.6771,69.0479,0.0],[179.6687,69.0479,2.3815],[179.6547,69.0526,2.1201],[179.6484,69.0547,0.0],[179.6474,69.0578,1.335],[179.6396,69.0604,0.7696],[179.6313,69.0604,3.5928],[179.6271,69.0625,0.0],[179.6146,69.0625,1.8376],[179.6104,69.0646,0.0],[179.5958,69.0646,0.9137],[179.5818,69.0693,1.9948],[179.587,69.0714,0.0],[179.5859,69.0787,1.4757],[179.5911,69.0797,0.0],[179.5964,69.087,-0.066],[179.6016,69.0891,0.0],[179.5854,69.0896,0.0],[179.5813,69.0875,0.922],[179.5734,69.088,1.2236],[179.5714,69.0911,1.0445],[179.5766,69.0922,0.0],[179.5776,69.0953,0.0],[179.5807,69.0964,0.0],[179.5818,69.1057,1.5081],[179.5911,69.1068,0.0],[179.5859,69.1099,1.5012],[179.6,69.1125,1.2564],[179.6042,69.1104,0.0],[179.6266,69.1078,0.0],[179.6276,69.1026,0.0],[179.6292,69.1021,0.0],[179.6516,69.0995,2.1004],[179.6526,69.0943,0.0],[179.6578,69.0932,1.7228],[179.6589,69.0901,0.0],[179.6724,69.0849,4.0984],[179.6672,69.0818,0.0],[179.6812,69.0771,0.0],[179.6896,69.0771,4.1809],[179.6974,69.0745,3.8369],[179.6984,69.0714,1.1359],[179.7036,69.0703,3.7451],[179.7063,69.0667,0.0],[179.7287,69.0641,5.8487],[179.7271,69.0625,0.0566],[179.7146,69.0625,0.3783],[179.7125,69.0604,0.0],[179.7146,69.0583,0.0],[179.7333,69.0563,0.0],[179.738,69.0526,0.0],[179.7432,69.0516,1.5253],[179.7432,69.0422,0.0],[179.7339,69.0391,0.0],[179.7354,69.0375,0.0],[179.7437,69.0375,0.0],[179.75,69.0354,0.4925],[179.7583,69.0396,2.2878],[179.7792,69.0396,0.0],[179.7818,69.0359,0.0],[179.7917,69.0354,5.4347],[179.8057,69.0307,1.4303],[179.8083,69.0271,0.0],[179.8224,69.0266,4.2263],[179.8234,69.0234,0.0],[179.8286,69.0224,3.2628],[179.8255,69.0193,0.0],[179.8396,69.0146,0.8193],[179.8479,69.0146,2.3384],[179.8682,69.0078,0.0],[179.8693,69.0047,0.0],[179.8807,69.0016,0.0],[179.8818,68.9964,0.0],[179.8958,68.9917,0.0],[179.9042,68.9938,3.6736],[179.912,68.9912,0.0],[179.9146,68.9875,0.0],[179.9245,68.987,6.453],[179.9271,68.9833,0.0],[179.937,68.9828,0.5243],[179.938,68.9797,0.4095],[179.9458,68.9771,0.321],[179.9583,68.9771,0.0],[179.9625,68.9792,3.5917],[179.9766,68.9797,0.0],[179.9688,68.9833,0.0],[179.9625,68.9833,3.0943],[179.9359,68.9922,0.0],[179.9328,68.9953,0.0],[179.925,68.9979,1.0334],[179.8984,68.9984,6.6095],[179.9,69.0,9.7811],[179.9125,69.0,3.1797],[179.9146,69.0021,1.0446],[179.9141,69.0036,1.1254],[179.9089,69.0047,0.7909],[179.9078,69.0078,0.5452],[179.8963,69.0109,1.2505],[179.8953,69.0162,0.0],[179.8875,69.0188,0.0],[179.8547,69.0193,7.6847],[179.8562,69.0208,9.1318],[179.8687,69.0208,0.9885],[179.8703,69.0224,0.0],[179.8651,69.0234,0.0],[179.8641,69.0286,0.0],[179.8625,69.0292,0.0],[179.8479,69.0292,1.0716],[179.8401,69.0318,2.0348],[179.8391,69.0349,0.0],[179.8292,69.0354,5.7139],[179.8151,69.0401,3.8448],[179.8141,69.0432,0.0],[179.8062,69.0458,0.0],[179.7964,69.0463,6.7713],[179.7953,69.0495,2.6633],[179.7901,69.0505,5.6415],[179.7891,69.0537,0.0],[179.7776,69.0568,3.7413],[179.7766,69.0599,0.8449],[179.7651,69.0609,6.0563],[179.7745,69.0641,1.1473],[179.7646,69.0646,0.4589],[179.7568,69.0672,0.9277],[179.7557,69.0703,0.0],[179.7458,69.0708,0.0],[179.7318,69.0755,3.5995],[179.7255,69.0776,6.4617],[179.7229,69.0813,0.0],[179.713,69.0818,7.2823],[179.712,69.0849,0.0],[179.7068,69.0859,5.5827],[179.7057,69.0891,0.7394],[179.7005,69.0901,1.2375],[179.6995,69.0932,1.1071],[179.688,69.0943,4.452],[179.6932,69.0974,0.9186],[179.6854,69.1,0.7339],[179.6771,69.1,0.0],[179.6568,69.1068,6.3203],[179.6536,69.112,0.0],[179.6359,69.1172,2.1559],[179.6349,69.1203,1.272],[179.6234,69.1234,5.1841],[179.6224,69.1266,0.0],[179.6125,69.1271,5.9296],[179.5984,69.1318,7.246],[179.5974,69.1349,0.0],[179.5859,69.138,7.2506],[179.5849,69.1412,0.0],[179.5672,69.1464,6.2869],[179.5661,69.1495,0.0],[179.5401,69.1589,2.1171],[179.5391,69.162,0.4884],[179.5213,69.1672,1.2246],[179.5203,69.1703,0.0],[179.5104,69.1708,4.5892],[179.5026,69.1734,4.1627],[179.5016,69.1766,0.4268],[179.4839,69.1818,4.9254],[179.4828,69.1849,0.0],[179.4651,69.1901,0.0],[179.462,69.1932,0.2114],[179.4542,69.1937,5.0783],[179.4464,69.1964,4.3397],[179.4417,69.2,0.0],[179.4318,69.2005,1.1637],[179.4292,69.2042,0.0],[179.4208,69.2042,4.3621],[179.4005,69.2109,2.3371],[179.3995,69.2141,0.0],[179.3943,69.2151,3.7552],[179.3932,69.2203,0.3686],[179.3818,69.2234,0.6462],[179.3849,69.2266,0.3163],[179.3734,69.2276,0.3897],[179.3724,69.2328,0.5562],[179.3609,69.2338,0.615],[179.3599,69.2391,0.2477],[179.3583,69.2396,-0.0837],[179.35,69.2396,0.5409],[179.3333,69.2458,0.2612],[179.3234,69.2464,0.5436],[179.3286,69.2495,0.0],[179.3172,69.2505,0.842],[179.3146,69.2542,0.0],[179.3062,69.2542,0.7419],[179.3021,69.2562,0.5881],[179.2875,69.2562,0.0],[179.2859,69.2547,1.1137],[179.2958,69.2542,1.105],[179.2974,69.2526,0.8488],[179.2833,69.2521,1.4665],[179.2786,69.2557,0.8592],[179.2646,69.2604,0.0],[179.2521,69.2604,0.6585],[179.2479,69.2625,1.2456],[179.2396,69.2625,1.4958],[179.2292,69.2667,0.0],[179.2042,69.2667,1.2027],[179.1938,69.2625,3.896],[179.1875,69.2625,0.0],[179.1833,69.2604,6.0873],[179.1771,69.2625,0.0],[179.1625,69.2625,4.2025],[179.1583,69.2646,0.976],[179.1458,69.2646,0.0],[179.1396,69.2625,1.9328],[179.1354,69.2646,0.0],[179.1271,69.2646,0.833],[179.1193,69.2672,0.9665],[179.1182,69.2703,0.0],[179.113,69.2714,0.5396],[179.1099,69.2745,0.0],[179.1021,69.275,0.3795],[179.0979,69.2771,0.0],[179.0943,69.2766,0.0],[179.0932,69.2734,0.3939],[179.088,69.2724,0.0],[179.0891,69.2693,0.6331],[179.0813,69.2667,0.7006],[179.0688,69.2667,0.0],[179.0646,69.2646,1.4881],[179.05,69.2646,0.879],[179.0437,69.2667,0.0],[179.0396,69.2646,1.2177],[179.0333,69.2646,2.5428],[179.0292,69.2667,0.0],[179.0208,69.2667,0.0],[179.0167,69.2646,1.7028],[178.9854,69.2646,2.2305],[178.9828,69.2682,0.0],[178.9776,69.2693,0.0],[178.9828,69.2714,0.0],[178.9812,69.2729,0.0],[178.9667,69.2729,0.6848],[178.9625,69.2708,1.1033],[178.9312,69.2708,2.4469],[178.9208,69.275,0.0],[178.9083,69.275,0.7359],[178.9042,69.2729,2.9278],[178.8729,69.2708,0.0],[178.8583,69.2667,2.2327],[178.8438,69.2667,1.7692],[178.8422,69.2662,2.8645],[178.8432,69.263,3.3458],[178.8354,69.2604,3.9002],[178.8255,69.2609,3.9483],[178.8229,69.2646,2.3474],[178.8146,69.2646,0.0],[178.8,69.2604,0.4087],[178.7875,69.2604,8.6514],[178.7771,69.2646,0.0],[178.7672,69.2651,3.9321],[178.7609,69.2672,3.2905],[178.7563,69.2708,0.0],[178.7437,69.2708,4.0326],[178.7359,69.2734,4.5156],[178.7312,69.2771,0.0],[178.7229,69.2771,2.2363],[178.7151,69.2797,4.0019],[178.7203,69.2828,0.0],[178.7088,69.2859,0.9243],[178.712,69.288,0.5753],[178.7125,69.2958,1.0386],[178.712,69.2974,0.666],[178.7047,69.2984,0.2575],[178.7047,69.3016,1.093],[178.7099,69.3026,0.0],[178.7151,69.3099,1.723],[178.7203,69.3109,0.0],[178.7245,69.313,0.0],[178.7255,69.3161,1.4469],[178.7307,69.3172,0.0],[178.7292,69.3208,0.0],[178.7297,69.3266,1.0328],[178.7328,69.3276,0.0],[178.7339,69.3328,0.959],[178.737,69.3339,0.0],[178.738,69.3391,0.862],[178.7474,69.3422,0.0],[178.7479,69.3458,0.3381],[178.7464,69.3495,0.0],[178.7578,69.3505,0.0],[178.7526,69.3526,0.3867],[178.7516,69.3557,0.5792],[178.7479,69.3583,0.0],[178.7437,69.3562,0.0],[178.7276,69.3568,0.6639],[178.7276,69.3599,0.9433],[178.7307,69.3609,0.0],[178.7318,69.3641,1.4042],[178.7396,69.3667,0.2843],[178.7521,69.3667,1.9648],[178.7583,69.3625,0.0],[178.7771,69.3604,0.0],[178.7849,69.3578,0.0],[178.7896,69.3542,0.8731],[178.7937,69.3562,0.9556],[178.8188,69.3562,0.0],[178.8229,69.3583,1.2307],[178.8542,69.3604,1.6201],[178.8568,69.3568,0.0],[178.8828,69.3495,2.0603],[178.8839,69.3443,0.0],[178.8854,69.3438,-0.1156],[178.9,69.3438,0.0],[178.9042,69.3458,0.0],[178.9229,69.3458,0.0],[178.9333,69.3417,0.0],[178.9417,69.3417,0.0],[178.9495,69.3391,0.0],[178.9505,69.3359,0.0],[178.9682,69.3307,2.0166],[178.9708,69.3271,3.103],[178.9703,69.3255,4.2541],[178.9651,69.3245,1.8316],[178.9661,69.3193,5.6509],[178.9609,69.3182,0.0],[178.9599,69.3151,0.0],[178.9568,69.3141,0.0],[178.9557,69.3089,0.0],[178.9505,69.3078,0.0],[178.9557,69.3047,2.1359],[178.9526,69.3037,0.0],[178.9516,69.2984,0.7752],[178.9484,69.2974,0.5413],[178.9484,69.2943,0.369],[178.95,69.2937,0.6255],[178.9578,69.2963,0.0],[178.9588,69.2995,0.0],[178.9667,69.3021,3.5858],[178.9729,69.3021,0.0],[178.9771,69.3042,2.5294],[178.9896,69.3042,0.0],[179.0063,69.3104,0.59],[179.0188,69.3104,2.1414],[179.0213,69.3068,0.0],[179.0328,69.3057,0.0],[179.0354,69.3021,3.4087],[179.0437,69.3021,3.8188],[179.0479,69.3,0.0],[179.0625,69.3,0.3699],[179.0667,69.2979,0.0],[179.0766,69.3005,0.3954],[179.0833,69.3042,4.6132],[179.0932,69.3047,0.0],[179.0896,69.3083,0.0],[179.0813,69.3083,7.2058],[179.0609,69.3151,6.1873],[179.0583,69.3187,0.4325],[179.0484,69.3193,4.2611],[179.0458,69.3229,0.0],[179.0359,69.3234,6.7699],[179.0349,69.3266,1.0974],[179.0271,69.3292,0.0],[179.0172,69.3297,6.6538],[179.0146,69.3333,0.0],[179.0063,69.3333,5.497],[178.9859,69.3401,7.4373],[178.9828,69.3453,0.0],[178.975,69.3479,0.0],[178.9651,69.3484,3.507],[178.9641,69.3536,2.2441],[178.9542,69.3542,1.0065],[178.9464,69.3568,1.4346],[178.9401,69.3588,1.7983],[178.9375,69.3625,0.0],[178.9292,69.3625,1.2084],[178.925,69.3646,0.0],[178.9167,69.3646,2.7633],[178.9063,69.3688,0.0],[178.8979,69.3688,2.3729],[178.8938,69.3729,0.0],[178.8854,69.3729,3.3254],[178.8776,69.3755,2.4904],[178.875,69.3792,0.0],[178.8604,69.3792,2.3469],[178.8562,69.3812,1.8458],[178.8479,69.3812,3.8791],[178.8375,69.3854,2.1441],[178.8167,69.3875,0.7786],[178.8125,69.3896,0.3507],[178.7979,69.3896,4.9256],[178.7901,69.3922,2.7219],[178.7953,69.3953,1.2341],[178.7875,69.3979,2.3844],[178.7792,69.3979,0.1803],[178.775,69.3958,-0.1258],[178.7625,69.3958,4.6773],[178.7583,69.3979,0.5905],[178.75,69.3979,4.5855],[178.7458,69.4,0.1251],[178.7375,69.4,5.2298],[178.7271,69.4042,0.6449],[178.7063,69.4063,2.6453],[178.6958,69.4104,0.0272],[178.675,69.4125,3.5935],[178.6646,69.4167,0.0576],[178.6438,69.4187,6.1805],[178.6411,69.4224,0.06],[178.6359,69.4234,0.0657],[178.6339,69.4255,0.1476],[178.6391,69.4276,1.6938],[178.6375,69.4292,0.0],[178.6292,69.4292,2.3808],[178.625,69.4271,-0.0547],[178.6062,69.4271,4.0306],[178.5984,69.4307,0.33],[178.6078,69.4318,1.6343],[178.6062,69.4333,0.0],[178.5979,69.4333,1.4684],[178.5938,69.4354,1.6851],[178.5875,69.4333,0.0951],[178.5833,69.4354,0.7456],[178.5734,69.4359,0.1272],[178.5708,69.4396,0.0],[178.5562,69.4396,1.784],[178.5521,69.4417,2.4978],[178.5437,69.4417,0.5165],[178.5396,69.4437,1.9493],[178.5313,69.4417,0.0851],[178.5271,69.4437,0.0],[178.5083,69.4437,1.2728],[178.4979,69.4479,0.0],[178.4583,69.4479,3.8496],[178.4542,69.45,0.0],[178.4354,69.45,0.0],[178.4312,69.4521,0.0],[178.4167,69.4521,0.0],[178.4104,69.45,1.5352],[178.4083,69.4521,0.0],[178.4104,69.4542,0.0],[178.437,69.4547,1.523],[178.4354,69.4563,0.0],[178.4104,69.4563,2.408],[178.4063,69.4583,0.0],[178.3687,69.4583,2.0645],[178.3672,69.4568,0.0],[178.3786,69.4537,0.0],[178.3786,69.4484,0.3971],[178.3521,69.4479,0.0],[178.3401,69.4432,0.0],[178.3516,69.4391,0.0],[178.3484,69.437,0.0],[178.3474,69.4339,0.0],[178.3422,69.4339,0.0],[178.3396,69.4375,0.0],[178.3313,69.4375,0.0],[178.3255,69.4349,0.0],[178.3245,69.4318,0.0],[178.3193,69.4307,0.0],[178.3245,69.4276,0.0],[178.3188,69.425,0.0],[178.3104,69.425,0.0],[178.3062,69.4229,0.0],[178.2875,69.4229,3.1755],[178.2833,69.425,0.0],[178.275,69.425,1.9831],[178.2464,69.4359,1.8423],[178.2516,69.438,0.0],[178.2526,69.4411,0.4851],[178.262,69.4422,0.0],[178.263,69.4453,1.8954],[178.2661,69.4464,0.0],[178.2661,69.4495,0.0],[178.2646,69.45,0.0],[178.2521,69.45,0.0],[178.2479,69.4479,4.8181],[178.2396,69.4479,0.0],[178.2333,69.4458,3.0293],[178.2307,69.4495,0.0],[178.2229,69.4521,1.4095],[178.2042,69.4521,0.0],[178.1979,69.45,7.1421],[178.1938,69.4521,0.0],[178.1729,69.4521,10.52],[178.1687,69.4542,0.0],[178.1542,69.4542,6.4319],[178.15,69.4563,0.0],[178.1438,69.4542,8.3772],[178.1396,69.4563,1.7418],[178.0958,69.4563,1.1319],[178.0917,69.4583,0.0],[178.0833,69.4583,2.8987],[178.0792,69.4604,0.0],[178.0521,69.4604,45.4426],[178.0417,69.4646,0.0],[178.0333,69.4646,14.5569],[178.0292,69.4667,0.0],[178.0146,69.4667,27.6409],[178.0104,69.4688,0.0],[177.9958,69.4688,23.9374],[177.9792,69.475,0.0],[177.9708,69.4729,23.7807],[177.9479,69.4792,0.0],[177.9271,69.4812,16.6588],[177.9167,69.4854,5.569],[177.8958,69.4875,3.5973],[177.8854,69.4917,0.0],[177.8646,69.4938,7.6417],[177.8542,69.4979,1.3067],[177.8443,69.4984,1.7382],[177.8417,69.5021,0.0],[177.8333,69.5021,2.0827],[177.8292,69.5042,0.0],[177.8208,69.5042,4.0929],[177.8104,69.5083,0.0],[177.8021,69.5083,4.9781],[177.7979,69.5125,0.0],[177.7833,69.5125,7.2029],[177.7667,69.5188,0.0],[177.7568,69.5182,0.0],[177.7557,69.5151,1.2205],[177.75,69.5125,2.2526],[177.7229,69.5125,9.183],[177.7188,69.5146,0.0],[177.7125,69.5146,0.0],[177.7083,69.5125,2.3115],[177.7,69.5125,0.0],[177.6938,69.5104,3.6586],[177.6896,69.5125,0.4918],[177.6646,69.5125,2.3047],[177.6542,69.5167,3.8943],[177.6484,69.5172,5.5831],[177.6474,69.5203,1.6084],[177.6359,69.5234,2.7358],[177.6391,69.5255,1.8882],[177.6401,69.5286,1.1647],[177.6453,69.5297,0.7111],[177.6443,69.537,2.019],[177.6536,69.5401,0.4795],[177.6547,69.5432,0.5988],[177.6641,69.5443,0.7448],[177.6641,69.5474,0.0],[177.6542,69.5479,4.8822],[177.6516,69.5516,0.0],[177.6417,69.5521,9.0768],[177.6339,69.5547,13.8713],[177.6292,69.5583,0.0],[177.6208,69.5583,26.0519],[177.6167,69.5604,9.7039],[177.6042,69.5604,31.8824],[177.5854,69.5667,0.0],[177.5771,69.5667,15.4111],[177.563,69.5714,3.168],[177.562,69.5745,0.0],[177.5396,69.5771,2.5869],[177.5318,69.5797,0.8262],[177.5271,69.5833,0.0],[177.4958,69.5854,35.6906],[177.4833,69.5896,1.9634],[177.4755,69.5891,1.2234],[177.4807,69.587,0.4104],[177.4792,69.5854,9.2635],[177.4583,69.5875,-0.1028],[177.4479,69.5833,0.5252],[177.4432,69.5891,0.6062],[177.4354,69.5917,0.3596],[177.3854,69.5917,2.7028],[177.3813,69.5938,0.2786],[177.3729,69.5938,2.239],[177.3672,69.5911,1.0896],[177.3662,69.588,2.3648],[177.3562,69.5875,2.7917],[177.3547,69.588,2.0443],[177.3547,69.5911,1.569],[177.3599,69.5922,0.979],[177.3641,69.5953,3.5639],[177.3438,69.5958,3.8975],[177.3411,69.5922,0.4634],[177.3359,69.5911,0.3077],[177.337,69.588,1.2282],[177.3271,69.5875,-0.0716],[177.3208,69.5854,7.6586],[177.3167,69.5875,0.1679],[177.3083,69.5875,3.2618],[177.3005,69.5901,0.5921],[177.2984,69.5974,0.393],[177.3037,69.5984,-0.2392],[177.3047,69.6016,0.6985],[177.3078,69.6026,2.7064],[177.3062,69.6042,0.0],[177.3,69.6021,2.0314],[177.2583,69.6021,0.0],[177.2479,69.5979,5.8679],[177.2417,69.6,0.3899],[177.2292,69.6,0.8559],[177.225,69.5979,3.5618],[177.2104,69.5979,0.8509],[177.2063,69.5958,8.8798],[177.2,69.5979,2.7383],[177.1875,69.5979,0.8854],[177.1812,69.5958,4.6379],[177.1771,69.5979,0.5358],[177.1687,69.5979,1.8798],[177.1646,69.6,0.8882],[177.1563,69.6,0.3083],[177.15,69.5979,6.0988],[177.1474,69.6016,0.5773],[177.1422,69.6026,0.9605],[177.1458,69.6062,1.1236],[177.1438,69.6083,0.0],[177.1104,69.6104,1.4816],[177.1078,69.6141,0.0],[177.0979,69.6146,2.0899],[177.0875,69.6188,0.0],[177.0729,69.6188,1.6302],[177.0667,69.6208,0.0],[177.0625,69.6167,0.6969],[177.0437,69.6188,0.0129],[177.0375,69.6167,0.5658],[177.0297,69.6203,0.0125],[177.05,69.6208,-0.2119],[177.0516,69.6224,1.1828],[177.0417,69.6229,1.2983],[177.0375,69.625,0.0],[177.0292,69.625,1.4392],[177.025,69.6229,1.5205],[177.0125,69.6229,4.6461],[177.0063,69.6271,1.4316],[176.9625,69.6271,-0.1189],[176.9583,69.625,0.3839],[176.9521,69.625,3.547],[176.9484,69.6276,1.2697],[176.9474,69.6307,3.463],[176.9396,69.6333,0.2386],[176.9312,69.6333,3.4034],[176.9287,69.637,0.0036],[176.9229,69.6375,0.1593],[176.9125,69.6417,0.0],[176.8979,69.6417,1.09],[176.8938,69.6438,0.0],[176.8854,69.6438,1.4655],[176.875,69.6479,0.0],[176.8542,69.65,1.1145],[176.85,69.6542,0.0],[176.8354,69.6542,1.8884],[176.8313,69.6563,0.0],[176.8229,69.6563,0.8984],[176.8042,69.6625,0.0],[176.7958,69.6625,1.9363],[176.7917,69.6646,0.0],[176.7604,69.6625,0.2811],[176.7563,69.6646,-0.0134],[176.7479,69.6646,0.4003],[176.7401,69.6682,0.2537],[176.7495,69.6693,-0.0448],[176.7495,69.6724,0.0],[176.7271,69.675,1.398],[176.7083,69.6813,0.0],[176.7,69.6813,2.5927],[176.6896,69.6854,0.0],[176.6734,69.6859,1.3323],[176.6787,69.688,0.0],[176.6771,69.6896,0.0],[176.6625,69.6896,1.5488],[176.6438,69.6958,0.0],[176.6229,69.6979,31.73],[176.6187,69.7,13.2206],[176.5979,69.7,22.5869],[176.5938,69.7021,0.0],[176.5854,69.7021,27.7048],[176.5625,69.7104,0.0],[176.5583,69.7104,0.0],[176.5542,69.7125,0.0],[176.5458,69.7125,10.0868],[176.5083,69.725,0.0],[176.5,69.725,31.466],[176.4958,69.7271,0.0],[176.4812,69.7271,35.2705],[176.4771,69.7292,23.5254],[176.4625,69.7292,21.701],[176.4583,69.7312,0.0],[176.45,69.7312,12.8669],[176.4458,69.7333,0.0],[176.4375,69.7333,12.6752],[176.4297,69.7359,8.5457],[176.4287,69.7391,0.0],[176.4151,69.7422,3.3933],[176.4141,69.7453,0.0],[176.4026,69.7464,2.6016],[176.3995,69.7516,0.0],[176.3854,69.7562,6.7645],[176.3708,69.7562,9.9641],[176.3646,69.7604,0.0],[176.3562,69.7604,2.1549],[176.3521,69.7625,1.1038],[176.3396,69.7625,1.5086],[176.337,69.7589,1.3919],[176.3292,69.7562,10.7285],[176.2917,69.7562,0.1191],[176.2875,69.7542,12.4339],[176.2563,69.7542,4.2539],[176.2484,69.7568,0.4125],[176.2458,69.7604,1.0676],[176.2312,69.7604,2.093],[176.2266,69.7641,-0.1052],[176.2214,69.7651,2.3163],[176.2266,69.7682,0.0813],[176.2193,69.7724,1.6193],[176.2375,69.7771,1.3851],[176.2437,69.7771,0.5438],[176.2542,69.7813,0.8747],[176.2604,69.7813,0.559],[176.2708,69.7854,0.2496],[176.2771,69.7854,0.0142],[176.2813,69.7875,4.0966],[176.2875,69.7854,0.4438],[176.2958,69.7854,0.8945],[176.2979,69.7875,0.527],[176.2974,69.7911,0.0],[176.2839,69.7943,2.0105],[176.2828,69.7974,0.0],[176.2693,69.8005,3.8697],[176.2682,69.8037,0.0],[176.2568,69.8068,2.5644],[176.2536,69.812,0.0],[176.2437,69.8125,3.5068],[176.2359,69.8151,5.6584],[176.2328,69.8203,0.0],[176.2214,69.8214,2.5574],[176.2182,69.8266,0.0],[176.2083,69.8271,1.5081],[176.2057,69.8307,1.9417],[176.1943,69.8318,5.6276],[176.1911,69.837,0.8514],[176.1797,69.838,4.6782],[176.1766,69.8411,1.4311],[176.1651,69.8443,1.6759],[176.1641,69.8474,0.8416],[176.1521,69.8479,5.4932],[176.1495,69.8516,2.1272],[176.138,69.8547,3.6702],[176.1349,69.8578,2.1227],[176.1234,69.8588,4.8924],[176.1286,69.862,0.61],[176.1187,69.8625,4.2994],[176.1172,69.8641,2.2965],[176.1203,69.8662,0.7011],[176.1089,69.8672,3.8714],[176.1057,69.8766,0.0],[176.1042,69.8771,0.0],[176.0958,69.875,7.7466],[176.0917,69.8771,0.0],[176.0646,69.8771,0.0],[176.0604,69.875,2.6847],[176.0417,69.875,0.0],[176.0375,69.8729,3.1354],[176.025,69.8729,1.5818],[176.0208,69.8708,3.3673],[175.9771,69.8688,0.0],[175.9729,69.8667,0.9399],[175.9167,69.8667,1.5691],[175.9104,69.8688,0.0],[175.9042,69.8667,1.1432],[175.8938,69.8708,0.0],[175.8729,69.8708,2.5679],[175.8687,69.8729,0.0],[175.8479,69.8729,2.8398],[175.8438,69.875,0.0],[175.8167,69.875,2.6186],[175.8125,69.8771,0.0],[175.7792,69.8771,2.2537],[175.775,69.8792,0.0],[175.7688,69.8792,0.0],[175.7646,69.8771,2.0171],[175.75,69.8771,3.2084],[175.7484,69.8755,1.8739],[175.7521,69.8729,0.0],[175.7958,69.8729,0.0],[175.8021,69.875,1.4442],[175.8047,69.8714,0.0],[175.8109,69.8693,0.0],[175.8354,69.8667,0.538],[175.8396,69.8625,0.0],[175.8542,69.8625,0.0497],[175.8583,69.8646,-1.0],[175.8708,69.8646,-0.0444],[175.875,69.8667,-0.0026],[175.8813,69.8646,-0.7918],[175.9083,69.8646,-1.5],[175.9099,69.8641,-0.4278],[175.9099,69.8609,0.9449],[175.9021,69.8604,-0.3906],[175.9005,69.8588,0.0],[175.912,69.8557,2.6657],[175.9167,69.8521,-1.5],[175.9391,69.8516,-0.0027],[175.9401,69.8464,0.2753],[175.9438,69.8438,1.587],[175.95,69.8438,-0.3904],[175.9578,69.8464,0.0],[175.962,69.8484,0.0],[175.963,69.8516,3.7149],[175.975,69.8562,5.3627],[175.9849,69.8568,0.0],[175.9839,69.8599,0.2574],[175.9917,69.8625,0.1908],[176.0104,69.8646,0.0],[176.025,69.8688,1.9603],[176.0646,69.8688,7.3765],[176.0688,69.8667,0.0],[176.0771,69.8667,4.035],[176.0875,69.8625,0.0],[176.0958,69.8625,3.1527],[176.1037,69.8599,2.236],[176.1068,69.8568,0.0],[176.1208,69.8521,0.0],[176.1307,69.8516,5.0174],[176.1276,69.8484,0.0],[176.1391,69.8453,4.3512],[176.1422,69.8422,4.104],[176.1474,69.8411,4.3027],[176.1505,69.8318,0.0],[176.1526,69.8297,0.0],[176.1641,69.8266,1.0445],[176.1589,69.8245,0.0404],[176.1604,69.8229,0.3154],[176.1662,69.8224,0.2063],[176.1667,69.8208,1.3323],[176.1662,69.8193,0.1261],[176.1609,69.8182,0.9481],[176.163,69.8109,-0.0653],[176.1687,69.8104,-0.233],[176.1703,69.8089,-0.1279],[176.1609,69.8057,1.0172],[176.1599,69.8005,1.0688],[176.1568,69.7984,0.0],[176.1667,69.7979,-0.1031],[176.1682,69.7963,-0.1029],[176.1589,69.7932,0.0666],[176.1578,69.7901,0.66],[176.1422,69.7849,0.0],[176.15,69.7813,0.4933],[176.1557,69.7807,0.207],[176.1557,69.7776,0.8766],[176.1521,69.7771,1.0437],[176.1458,69.7792,0.6393],[176.1271,69.7708,6.3392],[176.1125,69.7708,0.0],[176.1083,69.7688,12.8071],[176.0958,69.7688,0.0],[176.0917,69.7667,24.0135],[176.0854,69.7688,0.0],[176.0771,69.7688,0.0],[176.0708,69.7667,14.5596],[176.0667,69.7688,0.0],[176.0521,69.7688,13.8368],[176.0479,69.7708,0.0],[175.9979,69.7708,0.0],[175.9833,69.7667,-0.3081],[175.975,69.7667,0.0],[175.9708,69.7688,0.0],[175.9646,69.7667,0.0],[175.9521,69.7667,0.0],[175.9479,69.7688,0.0],[175.9208,69.7688,0.4591],[175.9109,69.7714,0.4789],[175.9099,69.7745,0.0],[175.9047,69.7755,0.4884],[175.9036,69.7786,0.0],[175.8963,69.7797,0.4098],[175.9016,69.7828,0.0],[175.8963,69.7839,0.0],[175.8943,69.7859,0.0],[175.8943,69.7911,0.0],[175.9036,69.7943,0.0],[175.9016,69.8016,0.0],[175.8979,69.8021,0.0],[175.8953,69.7984,0.0],[175.8911,69.7963,0.0],[175.8589,69.7849,0.0508],[175.8604,69.7833,-1.0],[175.8687,69.7833,-1.0],[175.8734,69.7797,-1.0],[175.8849,69.7766,1.0335],[175.8818,69.7745,-1.0],[175.8807,69.7693,-1.0],[175.8667,69.7688,-1.0],[175.862,69.7724,-1.0],[175.8542,69.775,-1.0],[175.8443,69.7755,0.3722],[175.8495,69.7776,-1.0],[175.8474,69.7828,-0.1664],[175.8313,69.7833,0.398],[175.8297,69.7849,0.3256],[175.8328,69.787,-0.072],[175.8125,69.7937,-1.0],[175.8068,69.7943,-1.0],[175.812,69.7963,0.8244],[175.813,69.7995,-0.1518],[175.8161,69.8005,0.0],[175.8109,69.8026,0.0],[175.8083,69.8063,1.7159],[175.7958,69.8021,-1.0],[175.7859,69.8047,-1.0],[175.7833,69.8083,0.255],[175.7688,69.8083,0.0],[175.7646,69.8063,0.0],[175.7563,69.8063,0.0],[175.7521,69.8042,0.0],[175.7443,69.8047,0.0],[175.7474,69.8068,0.0],[175.7474,69.8099,0.0],[175.7375,69.8104,0.7277],[175.7359,69.812,0.0],[175.75,69.8125,0.0],[175.7516,69.813,0.1313],[175.7516,69.8161,2.8479],[175.7495,69.8182,0.0],[175.7443,69.8193,0.0],[175.7412,69.8245,0.0],[175.7359,69.8255,-1.5],[175.7333,69.8292,0.3998],[175.7271,69.8271,0.0],[175.7188,69.8271,0.0],[175.7146,69.8292,0.0],[175.7063,69.8292,1.5964],[175.7021,69.8313,0.0],[175.6958,69.8292,0.9176],[175.6812,69.8292,1.8011],[175.6797,69.8307,0.9937],[175.6849,69.8328,0.0],[175.6734,69.8339,1.5828],[175.6708,69.8354,1.7652],[175.6708,69.8375,0.43],[175.6651,69.837,0.0],[175.6662,69.8339,0.0],[175.6583,69.8313,0.0],[175.6458,69.8354,0.95],[175.6375,69.8354,-0.4972],[175.6333,69.8333,-0.3388],[175.6208,69.8333,-0.0285],[175.6146,69.8313,0.839],[175.6104,69.8333,0.2767],[175.6021,69.8333,0.331],[175.5979,69.8354,0.1419],[175.5818,69.8359,0.8876],[175.5771,69.8458,0.9013],[175.5776,69.8474,1.1305],[175.587,69.8505,0.6598],[175.587,69.8536,0.6346],[175.5833,69.8542,0.0923],[175.5688,69.8479,0.7802],[175.5589,69.8484,1.8633],[175.5641,69.8516,0.5202],[175.5568,69.8526,2.7046],[175.5688,69.8583,0.8576],[175.5771,69.8583,1.1574],[175.5813,69.8604,1.2773],[175.5938,69.8604,0.702],[175.6016,69.863,2.5809],[175.6,69.8646,1.0471],[175.5729,69.8646,0.0],[175.5688,69.8625,6.4752],[175.525,69.8625,0.0],[175.5234,69.862,0.1817],[175.5245,69.8588,4.6005],[175.5193,69.8578,0.0],[175.5203,69.8526,0.0],[175.5151,69.8516,0.0],[175.5161,69.8464,0.0],[175.5068,69.8453,0.0],[175.5057,69.8401,0.0],[175.5026,69.8391,0.0],[175.5016,69.8359,0.0],[175.4937,69.8354,0.0],[175.4896,69.8333,0.6548],[175.475,69.8333,0.0],[175.4667,69.8292,0.308],[175.4604,69.8313,0.0],[175.4292,69.8292,3.4558],[175.425,69.8313,0.0],[175.3979,69.8313,0.0],[175.3917,69.8292,0.0],[175.3875,69.8313,0.0],[175.3687,69.8313,0.0],[175.3609,69.8287,0.0],[175.3599,69.8255,0.0],[175.3542,69.8229,3.9535],[175.3458,69.825,0.0],[175.3417,69.8229,0.4303],[175.3229,69.8229,0.0],[175.3188,69.8208,4.2901],[175.3104,69.8208,1.9094],[175.3062,69.8229,0.0],[175.2979,69.8229,3.6844],[175.2901,69.8255,0.0],[175.287,69.8287,0.0],[175.2792,69.8313,0.0],[175.2708,69.8313,2.1059],[175.2646,69.8354,0.2494],[175.2479,69.8292,0.0],[175.2417,69.8292,0.0],[175.2318,69.8318,0.8784],[175.2307,69.8349,-0.1388],[175.2208,69.8354,3.1964],[175.2172,69.838,0.0],[175.2188,69.8396,0.0],[175.2271,69.8396,0.3964],[175.2312,69.8417,0.0965],[175.2391,69.8422,0.0],[175.2375,69.8438,1.812],[175.2063,69.8438,0.0],[175.2021,69.8417,1.4241],[175.1833,69.8417,0.0],[175.1792,69.8396,1.3121],[175.1693,69.8391,0.0],[175.1708,69.8375,0.0],[175.1792,69.8375,0.1424],[175.1807,69.8359,0.0],[175.1714,69.8349,0.0],[175.1687,69.8313,0.4726],[175.1438,69.8313,3.3282],[175.1401,69.8349,0.0],[175.1458,69.8354,0.0],[175.1458,69.8375,0.6791],[175.1354,69.8375,1.6386],[175.1313,69.8396,0.0],[175.125,69.8375,1.0515],[175.0375,69.8375,3.5447],[175.0333,69.8396,0.0],[175.0188,69.8396,1.6793],[175.0161,69.8432,0.0],[175.0125,69.8438,0.0],[174.9979,69.8396,1.2771],[174.9604,69.8396,0.0],[174.9563,69.8375,2.2053],[174.925,69.8375,0.0],[174.9234,69.8359,-0.1346],[174.9349,69.8349,0.9152],[174.9349,69.8318,1.0621],[174.9318,69.8307,-1.0739],[174.9307,69.8276,3.6083],[174.925,69.825,3.3988],[174.9042,69.825,1.8155],[174.9,69.8292,-1.1514],[174.888,69.8297,-0.8264],[174.888,69.8328,-1.3262],[174.8974,69.8339,-0.7361],[174.8974,69.837,0.0],[174.8958,69.8375,0.0],[174.8875,69.8375,0.0],[174.8833,69.8354,1.2314],[174.875,69.8354,1.1906],[174.8708,69.8375,0.0],[174.8667,69.8354,1.5063],[174.7979,69.8354,8.8116],[174.7937,69.8375,0.0],[174.7854,69.8375,7.8445],[174.7813,69.8396,0.0],[174.6563,69.8396,3.3391],[174.6521,69.8417,0.0],[174.6375,69.8417,0.0],[174.6333,69.8396,3.9021],[174.6292,69.8417,0.0],[174.5833,69.8417,8.2001],[174.5792,69.8438,0.0],[174.5583,69.8438,27.6565],[174.5542,69.8458,0.0],[174.5271,69.8458,5.1622],[174.5229,69.8479,0.0],[174.5083,69.8479,4.4843],[174.4937,69.8417,14.137],[174.4875,69.8417,0.3184],[174.4812,69.8396,-0.1335],[174.4771,69.8438,0.0],[174.4667,69.8438,1.5868],[174.4625,69.8458,0.0],[174.4417,69.8458,0.4596],[174.4375,69.8479,1.36],[174.4229,69.8479,0.1721],[174.4187,69.8521,0.0],[174.4042,69.8521,0.3232],[174.3979,69.8562,0.0],[174.388,69.8568,2.925],[174.3854,69.8604,0.0],[174.375,69.8604,2.0761],[174.3646,69.8646,0.0],[174.3562,69.8646,0.0],[174.3458,69.8688,0.0],[174.3062,69.8688,0.0],[174.3005,69.8662,0.0],[174.2979,69.8625,0.0],[174.2917,69.8646,0.0],[174.2792,69.8646,0.0],[174.275,69.8625,0.0],[174.2542,69.8625,0.0],[174.25,69.8646,0.0],[174.2354,69.8646,0.0],[174.2312,69.8667,0.0],[174.2229,69.8667,0.0],[174.2188,69.8688,0.0],[174.2104,69.8667,0.4652],[174.2063,69.8688,0.0],[174.1979,69.8688,0.0],[174.1938,69.8708,0.0],[174.1833,69.8708,0.0],[174.1792,69.8729,0.0],[174.1708,69.8708,0.0],[174.1667,69.8729,0.0],[174.1542,69.8729,0.0],[174.1479,69.8708,0.0008],[174.1432,69.8745,0.0],[174.1333,69.875,0.0],[174.1292,69.8771,0.0],[174.0917,69.8771,0.1603],[174.0896,69.875,0.0064],[174.0911,69.8714,0.3928],[174.0859,69.8703,-0.3006],[174.087,69.8672,-0.37],[174.0818,69.8662,0.188],[174.0828,69.863,0.5862],[174.0667,69.8625,-0.1432],[174.0651,69.8641,0.4656],[174.0682,69.8651,0.2816],[174.0693,69.8703,0.2728],[174.0724,69.8714,0.2093],[174.0672,69.8734,0.6619],[174.0703,69.8766,-0.1122],[174.0479,69.8771,0.0524],[174.0458,69.8792,0.0],[174.0495,69.8818,0.0],[174.0495,69.8849,0.0],[174.0396,69.8875,0.0],[174.0333,69.8854,0.0],[174.0286,69.8891,0.0],[174.0208,69.8917,0.0],[174.0146,69.8896,0.0],[174.0063,69.8896,0.0],[174.0021,69.8875,0.0],[173.9755,69.887,0.0],[173.9854,69.8833,0.0],[173.9937,69.8833,0.0],[174.0016,69.8797,0.0],[173.9937,69.8792,0.0],[173.9833,69.875,0.0],[173.9792,69.8771,0.2009],[173.9708,69.8771,0.0],[173.9688,69.875,0.0],[173.9703,69.8714,-0.0064],[173.9651,69.8703,0.2134],[173.9729,69.8667,0.0],[173.9958,69.8667,0.2012],[174.0036,69.8641,0.0025],[174.0068,69.8588,-1.0139],[174.012,69.8578,-1.3033],[174.0104,69.8562,0.5742],[174.0021,69.8562,0.7974],[173.9995,69.8599,-0.2655],[173.9896,69.8604,0.5584],[173.9771,69.8646,0.0],[173.9547,69.8651,0.0],[173.9516,69.8724,0.0],[173.9464,69.8734,0.046],[173.9495,69.8755,0.0],[173.9479,69.8771,0.0],[173.9333,69.8771,0.0],[173.925,69.8729,0.0],[173.9063,69.8729,0.0],[173.9021,69.8708,0.0],[173.8875,69.8708,0.0],[173.8813,69.875,0.0],[173.8771,69.8729,0.0],[173.8734,69.8734,0.0],[173.8703,69.8786,0.0],[173.8604,69.8812,0.0],[173.8547,69.8755,0.0],[173.8599,69.8745,0.0],[173.8609,69.8714,0.0],[173.8682,69.8703,0.0],[173.8687,69.8688,0.0],[173.8667,69.8667,0.0],[173.8589,69.8662,0.0],[173.8599,69.8588,0.0067],[173.8505,69.8557,0.1013],[173.8526,69.8526,0.0],[173.8667,69.8521,0.0],[173.8708,69.8542,0.0],[173.8979,69.8542,0.0],[173.8995,69.8536,0.0],[173.8995,69.8505,0.0],[173.8854,69.85,0.0],[173.8646,69.8438,0.0],[173.85,69.8438,0.3473],[173.8458,69.8458,0.4992],[173.8313,69.8458,1.1695],[173.8271,69.8479,0.0],[173.8172,69.8484,0.0],[173.8188,69.85,0.0],[173.8391,69.8505,0.504],[173.838,69.8578,0.1383],[173.8474,69.8609,0.0],[173.8464,69.8641,-0.0117],[173.8516,69.8651,0.0],[173.85,69.8667,0.0],[173.8443,69.8672,-0.0072],[173.8417,69.8708,0.0837],[173.838,69.8703,0.0],[173.8391,69.8672,0.1228],[173.8375,69.8667,0.0],[173.8292,69.8688,0.0],[173.825,69.8667,0.0],[173.8167,69.8667,0.0],[173.8151,69.8682,0.0],[173.8182,69.8703,0.0],[173.8104,69.8708,0.0],[173.8078,69.8672,0.0],[173.8047,69.8662,0.0],[173.8099,69.8641,0.0],[173.8083,69.8625,0.0],[173.7922,69.863,0.0],[173.7974,69.8651,0.0],[173.7958,69.8667,0.0],[173.7688,69.8667,0.0],[173.7646,69.8646,0.0],[173.7583,69.8646,0.0],[173.7557,69.8609,0.4263],[173.7464,69.8578,0.0],[173.7417,69.8542,0.0],[173.7458,69.8458,0.2036],[173.7422,69.8422,0.0],[173.7536,69.8411,0.1944],[173.7536,69.838,0.0],[173.7505,69.8359,0.0],[173.7641,69.8328,0.0],[173.7641,69.8276,0.0],[173.7609,69.8266,0.0],[173.7599,69.8234,0.3071],[173.7563,69.8208,0.0],[173.7604,69.8125,0.0],[173.7583,69.8104,0.0],[173.7437,69.8104,0.0],[173.7297,69.8151,0.0],[173.7266,69.8182,0.0],[173.7167,69.8187,0.2398],[173.7141,69.8224,0.0],[173.7068,69.8234,0.4171],[173.7036,69.8287,0.0],[173.6922,69.8318,0.4529],[173.6891,69.837,0.0],[173.6818,69.838,0.0],[173.6807,69.8432,0.0],[173.6766,69.8495,0.0],[173.6651,69.8526,0.8958],[173.663,69.8547,0.77],[173.6646,69.8562,0.0],[173.6708,69.8562,0.0],[173.6787,69.8588,0.0],[173.6776,69.862,2.1503],[173.6792,69.8625,2.5902],[173.7104,69.8625,0.3553],[173.7182,69.8662,0.0],[173.7083,69.8667,1.9032],[173.7042,69.8688,0.0],[173.7,69.8688,0.0],[173.6958,69.8708,0.0],[173.6875,69.8708,2.0757],[173.6833,69.8729,0.0],[173.6687,69.8729,6.8135],[173.6583,69.8771,0.3593],[173.65,69.8771,0.0],[173.6422,69.8745,3.4277],[173.6432,69.8714,2.6301],[173.6333,69.8708,2.6869],[173.6318,69.8724,2.8102],[173.6349,69.8734,1.0325],[173.6359,69.8766,2.2253],[173.6453,69.8776,0.0],[173.6453,69.8807,0.0],[173.6417,69.8812,0.2197],[173.6354,69.8792,0.0],[173.6313,69.8833,0.0],[173.6083,69.8854,3.5164],[173.6042,69.8896,0.0],[173.6,69.8896,0.0],[173.5958,69.8917,0.0],[173.5875,69.8917,0.6716],[173.5771,69.8958,0.4127],[173.5714,69.8964,1.1334],[173.5703,69.8995,0.0],[173.5568,69.9026,0.7012],[173.5557,69.9057,0.0],[173.5437,69.9063,0.683],[173.5412,69.9099,0.0],[173.5213,69.9151,0.6478],[173.5161,69.9224,0.0],[173.5109,69.9234,0.3937],[173.5099,69.9266,0.0],[173.5026,69.9276,0.4561],[173.5,69.9313,0.0],[173.4896,69.9313,0.4888],[173.4854,69.9333,0.0],[173.4542,69.9333,0.0],[173.45,69.9313,0.6165],[173.425,69.9313,0.0],[173.4208,69.9292,0.3416],[173.4021,69.9292,0.0],[173.3979,69.9271,0.7972],[173.3771,69.9271,0.0],[173.3729,69.925,0.7114],[173.3604,69.925,0.0],[173.3562,69.9229,6.427],[173.3438,69.9229,2.1124],[173.3396,69.9208,5.8964],[173.3271,69.9208,0.0],[173.3229,69.9187,11.308],[173.3083,69.9187,0.0],[173.3,69.9146,0.7782],[173.2875,69.9146,0.0],[173.2771,69.9104,0.5152],[173.2708,69.9104,0.0],[173.263,69.9078,0.0],[173.2521,69.9021,13.5504],[173.2437,69.9021,0.0],[173.2318,69.8974,0.0],[173.2224,69.8901,0.595],[173.213,69.8891,0.0198],[173.212,69.8859,0.8819],[173.1984,69.8807,0.0],[173.1974,69.8776,0.6828],[173.1901,69.8724,0.3029],[173.1911,69.8672,0.657],[173.1859,69.8662,0.4822],[173.187,69.863,0.7756],[173.1818,69.862,-0.089],[173.1833,69.8583,0.9491],[173.1797,69.8547,0.3635],[173.1896,69.8542,0.0],[173.1958,69.8521,0.0],[173.2016,69.8547,0.2758],[173.2026,69.8578,0.2287],[173.2057,69.8588,0.1272],[173.2047,69.8641,0.1158],[173.2099,69.8651,0.0],[173.2088,69.8682,0.6749],[173.2141,69.8693,0.0],[173.2068,69.8724,0.1287],[173.2224,69.8776,0.0],[173.2214,69.8807,0.0068],[173.2266,69.8818,0.0],[173.2255,69.8849,0.2371],[173.2479,69.8938,0.0],[173.2542,69.8938,0.0],[173.262,69.8964,0.0],[173.2609,69.8995,0.1221],[173.2708,69.9,4.5974],[173.2813,69.9042,0.344],[173.2859,69.9005,0.0],[173.2912,69.8995,2.0528],[173.2922,69.8964,0.0],[173.3057,69.8953,1.2231],[173.3005,69.8932,0.0],[173.3026,69.888,0.0],[173.3266,69.8891,-0.0092],[173.3266,69.8859,0.1483],[173.3224,69.8839,-0.077],[173.3125,69.8833,2.4791],[173.3026,69.8776,0.0],[173.3167,69.8729,0.0],[173.3271,69.8729,9.7373],[173.3313,69.8688,0.0],[173.3542,69.8667,0.146],[173.3583,69.8646,0.0],[173.3729,69.8646,7.4051],[173.387,69.8599,0.5099],[173.3901,69.8568,0.0],[173.3979,69.8542,0.0],[173.4083,69.8542,0.7452],[173.4162,69.8516,0.7846],[173.4162,69.8484,0.0],[173.4125,69.8458,0.0],[173.4151,69.8422,0.0],[173.4229,69.8396,0.0],[173.4333,69.8396,0.6073],[173.4474,69.8349,0.2813],[173.4438,69.8313,0.0],[173.4458,69.8292,0.0],[173.4792,69.8292,0.2888],[173.487,69.8266,0.0],[173.4891,69.8234,0.0],[173.4839,69.8214,0.0],[173.4896,69.8208,0.0],[173.4912,69.8193,0.0],[173.4818,69.8161,0.0],[173.4807,69.813,0.0],[173.4734,69.8089,0.0],[173.4833,69.8083,0.0],[173.4875,69.8063,0.0],[173.5021,69.8063,0.4935],[173.5036,69.8047,0.3435],[173.5005,69.8026,0.0],[173.5104,69.8021,0.1965],[173.5182,69.7995,0.3034],[173.5141,69.7963,0.9963],[173.4943,69.7891,0.0],[173.4932,69.7859,0.7075],[173.4839,69.7849,0.0],[173.4849,69.7818,1.0133],[173.4667,69.775,0.0],[173.4542,69.775,0.0],[173.4333,69.7688,0.2619],[173.4021,69.7688,0.0],[173.3979,69.7667,0.3652],[173.3917,69.7667,0.0],[173.3901,69.7682,0.0],[173.3932,69.7693,0.0],[173.3943,69.7724,0.0076],[173.3974,69.7745,0.0],[173.3813,69.775,0.0],[173.3667,69.7688,0.0],[173.363,69.7714,0.1975],[173.3599,69.7766,0.0],[173.35,69.7771,0.0],[173.3443,69.7745,0.472],[173.3432,69.7714,0.7306],[173.3333,69.7667,0.0],[173.3229,69.7708,0.0],[173.3146,69.7667,0.3719],[173.3083,69.7667,0.505],[173.3005,69.7641,0.3855],[173.2912,69.7568,0.451],[173.2833,69.7542,0.64],[173.2771,69.7542,0.0],[173.2755,69.7557,0.8676],[173.2828,69.7609,0.8002],[173.2792,69.7646,0.0],[173.2667,69.7646,0.0],[173.2604,69.7625,0.0],[173.2479,69.7667,0.0],[173.2312,69.7604,0.0],[173.225,69.7646,0.0],[173.2151,69.7651,-0.1713],[173.2125,69.7688,0.0],[173.1979,69.7688,0.0828],[173.1943,69.7714,0.0],[173.1943,69.7745,0.1252],[173.1979,69.7771,0.0],[173.1943,69.7849,2.4678],[173.2021,69.7854,0.0],[173.2125,69.7896,0.0],[173.2437,69.7896,6.7051],[173.2453,69.7901,0.0],[173.2443,69.7953,0.9623],[173.2484,69.7974,0.0],[173.2583,69.7979,0.0],[173.2625,69.8,10.2018],[173.2667,69.7979,0.0],[173.2703,69.7984,0.0],[173.2703,69.8016,0.0],[173.2505,69.8068,1.2354],[173.2474,69.8099,2.0583],[173.2422,69.8109,8.3559],[173.2422,69.8141,10.4312],[173.2453,69.8161,0.0],[173.2401,69.8172,13.7282],[173.237,69.8203,4.7748],[173.2292,69.8229,0.1095],[173.2083,69.8229,8.3993],[173.2047,69.8255,0.2088],[173.2063,69.8271,0.3045],[173.2188,69.8271,-0.3066],[173.2266,69.8307,0.0],[173.2167,69.8333,0.0],[173.2083,69.8333,2.0417],[173.2042,69.8354,2.4992],[173.1979,69.8333,2.9013],[173.1792,69.8333,0.0],[173.175,69.8313,2.9655],[173.1,69.8313,179.2929],[173.0958,69.8333,215.2693],[173.0859,69.8339,242.0832],[173.0833,69.8375,136.9391],[173.075,69.8354,270.1411],[173.0562,69.8438,0.0],[173.0354,69.8438,113.3164],[173.0255,69.8464,92.631],[173.0229,69.85,0.0],[173.0083,69.85,237.8348],[173.0042,69.8521,160.4482],[172.9937,69.8521,308.7452],[172.9859,69.8547,244.9606],[172.9828,69.8599,82.1556],[172.9776,69.8609,73.8206],[172.9745,69.8641,0.0],[172.9563,69.8667,162.111],[172.9422,69.8714,95.5543],[172.9391,69.8745,89.7389],[172.9312,69.8771,65.3796],[172.9208,69.8771,130.7742],[172.9167,69.8812,85.1134],[172.9083,69.8812,136.4291],[172.8958,69.8854,90.0172],[172.875,69.8875,92.6086],[172.8687,69.8917,0.0],[172.8479,69.8938,64.6031],[172.8432,69.8974,8.1214],[172.838,69.8984,5.0269],[172.8349,69.9016,0.0],[172.825,69.9021,3.677],[172.8026,69.9089,86.9942],[172.7995,69.912,88.3034],[172.7859,69.9172,99.2046],[172.7839,69.9203,148.0414],[172.7891,69.9224,121.6939],[172.787,69.9245,136.1299],[172.7818,69.9255,171.5426],[172.7849,69.9276,105.32],[172.7859,69.9307,89.8904],[172.7953,69.9339,122.0242],[172.7932,69.937,105.6726],[172.788,69.938,72.1995],[172.7912,69.9401,42.9851],[172.7912,69.9432,0.0],[172.7713,69.9484,28.1544],[172.7682,69.9537,0.0],[172.7609,69.9547,14.7486],[172.7599,69.9578,0.0],[172.7526,69.9589,62.9946],[172.75,69.9625,61.5904],[172.7417,69.9625,39.7344],[172.7271,69.9583,34.0587],[172.7188,69.9583,0.0],[172.7146,69.9563,33.214],[172.7021,69.9563,0.0],[172.6875,69.9521,151.4987],[172.6563,69.9521,139.0159],[172.6521,69.95,115.7345],[172.6375,69.95,0.0],[172.6292,69.9458,1.1612],[172.6229,69.9458,0.0],[172.6187,69.9437,10.666],[172.6042,69.9437,0.0],[172.6,69.9417,1.872],[172.3979,69.9417,4.6967],[172.3875,69.9458,0.6451],[172.3792,69.9458,3.7262],[172.3729,69.95,0.0],[172.3646,69.9479,10.6531],[172.3542,69.9521,0.0],[172.3375,69.9521,5.0284],[172.3333,69.9542,1.3852],[172.3125,69.9542,7.9562],[172.3083,69.9563,0.3742],[172.275,69.9583,6.6119],[172.2703,69.962,1.1014],[172.2651,69.963,1.6549],[172.262,69.9661,2.0],[172.2521,69.9667,0.5356],[172.2479,69.9688,0.0],[172.1771,69.9708,0.7319],[172.1687,69.9667,2.2944],[172.1604,69.9667,2.0498],[172.1563,69.9688,-0.4528],[172.1479,69.9688,-0.0627],[172.1438,69.9708,-0.595],[172.1333,69.9708,6.1537],[172.1292,69.975,0.0],[172.0479,69.975,4.5561],[172.0437,69.9771,0.0],[171.9979,69.9771,0.9423],[171.9937,69.9792,0.0],[171.9771,69.9792,6.0991],[171.9729,69.9812,5.8149],[171.9646,69.9812,2.5254],[171.9604,69.9833,0.0],[171.9396,69.9833,10.5083],[171.9354,69.9854,0.0],[171.9021,69.9854,15.0139],[171.8979,69.9875,0.0],[171.8771,69.9875,31.5447],[171.8729,69.9896,0.0],[171.8562,69.9896,55.812],[171.8521,69.9917,9.4815],[171.8422,69.9922,21.0721],[171.8401,69.9953,0.0],[171.8578,69.9964,0.0],[171.8562,69.9979,0.0],[171.8042,69.9979,12.3163],[171.8026,69.9995,2.9313],[171.8057,70.0005,0.0],[171.8042,70.0021,0.0],[171.7833,70.0021,9.6805],[171.7792,70.0042,0.0],[171.7646,70.0042,18.6896],[171.7604,70.0062,4.056],[171.7375,70.0083,3.8149],[171.7333,70.0104,1.6263],[171.7229,70.0104,9.7443],[171.7188,70.0125,1.1814],[171.7042,70.0125,13.8696],[171.7,70.0146,1.0167],[171.6917,70.0146,32.2077],[171.6875,70.0167,14.3555],[171.6812,70.0146,105.6608],[171.625,70.0146,247.7931],[171.6208,70.0167,251.9047],[171.6042,70.0167,262.3086],[171.5792,70.025,81.9022],[171.5688,70.025,21.048],[171.5583,70.0292,7.5845],[171.5375,70.0292,127.8289],[171.5333,70.0271,170.5877],[171.5188,70.0271,104.7786],[171.5172,70.0286,69.5867],[171.5271,70.0292,87.7775],[171.5328,70.0328,24.6817],[171.5229,70.0333,93.697],[171.5188,70.0354,106.0186],[171.5083,70.0354,190.3555],[171.4979,70.0396,13.1424],[171.4708,70.0396,191.1626],[171.4667,70.0417,200.3299],[171.45,70.0417,151.6024],[171.4422,70.0453,86.5519],[171.4516,70.0463,3.9237],[171.45,70.0479,1.8878],[171.4271,70.05,2.2834],[171.4229,70.0521,0.0],[171.4083,70.0521,2.3335],[171.4042,70.0542,0.0],[171.3979,70.0521,2.0899],[171.3542,70.0521,19.9443],[171.35,70.05,117.6442],[171.325,70.05,168.608],[171.3208,70.0479,158.0421],[171.3083,70.0479,213.0273],[171.3042,70.0458,205.6945],[171.2958,70.0458,268.4754],[171.2833,70.05,231.5817],[171.275,70.05,194.8996],[171.2563,70.0563,0.0],[171.2479,70.0542,24.3883],[171.2437,70.0563,0.0],[171.2354,70.0563,2.6783],[171.2312,70.0583,0.0],[171.1917,70.0583,104.1195],[171.1792,70.0625,16.9027],[171.1708,70.0625,103.6247],[171.1667,70.0646,0.0],[171.1604,70.0625,181.4768],[171.1542,70.0625,203.1258],[171.15,70.0604,247.8918],[171.1354,70.0604,238.9502],[171.1313,70.0625,233.1763],[171.1042,70.0625,231.6993],[171.1,70.0604,229.6971],[171.0854,70.0604,219.6219],[171.0838,70.0609,220.9397],[171.0818,70.0661,163.5464],[171.0854,70.0667,136.404],[171.0896,70.0646,174.6586],[171.1042,70.0646,196.81],[171.1057,70.0661,188.5565],[171.1037,70.0703,71.1977],[171.0979,70.0708,51.9284],[171.0875,70.075,0.0],[171.0833,70.075,4.6072],[171.0792,70.0771,0.0],[171.0708,70.0771,1.1634],[171.0646,70.075,12.2507],[171.062,70.0787,0.2484],[171.0521,70.0813,0.0],[171.0437,70.0813,1.4216],[171.0396,70.0833,0.0],[171.0313,70.0813,2.1027],[171.025,70.0833,1.38],[171.0104,70.0792,9.2073],[170.9958,70.0792,13.8537],[170.9917,70.0813,0.2295],[170.9521,70.0813,-1.1726],[170.9479,70.0792,3.8529],[170.9292,70.0792,0.5435],[170.925,70.0771,0.5452],[170.9125,70.0771,1.9905],[170.9068,70.0828,4.3085],[170.9229,70.0833,0.1336],[170.9245,70.0849,3.5102],[170.9021,70.0854,0.0],[170.8917,70.0813,5.5334],[170.85,70.0813,0.0],[170.8458,70.0792,31.8466],[170.8313,70.0792,84.29],[170.8271,70.0771,134.5268],[170.8188,70.0771,152.3964],[170.8146,70.0792,92.5806],[170.8,70.0792,56.1701],[170.7958,70.0813,0.0],[170.7583,70.0813,0.0],[170.7479,70.0771,0.0],[170.7417,70.0771,0.0],[170.7354,70.075,0.0],[170.7312,70.0771,0.0],[170.7214,70.0776,15.0154],[170.7245,70.0807,0.0],[170.7188,70.0813,3.028],[170.7172,70.0828,1.7925],[170.7271,70.0833,0.0],[170.7287,70.0849,1.5221],[170.7151,70.0859,0.0],[170.7151,70.0891,0.0],[170.7182,70.0911,1.7171],[170.7146,70.0938,0.0],[170.7063,70.0938,0.0],[170.7021,70.0958,24.0],[170.6875,70.0958,62.0016],[170.6833,70.0979,86.6241],[170.675,70.0979,106.6786],[170.6708,70.0958,79.1384],[170.65,70.0958,150.625],[170.6458,70.0979,163.5199],[170.6354,70.0979,109.4097],[170.6313,70.1,110.589],[170.6167,70.1,164.9374],[170.6104,70.1021,269.2513],[170.6089,70.1016,269.5238],[170.6099,70.0984,231.3443],[170.6047,70.0974,315.4879],[170.6057,70.0943,207.457],[170.5979,70.0938,295.4923],[170.5901,70.0911,188.9098],[170.5818,70.087,134.3874],[170.5828,70.0818,95.5687],[170.5734,70.0787,0.0],[170.575,70.0771,1.742],[170.5807,70.0766,8.432],[170.5755,70.0734,0.0],[170.5891,70.0724,54.9667],[170.5838,70.0693,47.5881],[170.5896,70.0687,123.8271],[170.5995,70.0641,145.7314],[170.5953,70.0609,136.1744],[170.5854,70.0604,34.2682],[170.5838,70.0589,0.0],[170.588,70.0547,84.7244],[170.5932,70.0537,90.1971],[170.5901,70.0505,112.9866],[170.5953,70.0484,179.8855],[170.5922,70.0463,199.7188],[170.5974,70.0453,199.4586],[170.5995,70.0422,187.5698],[170.5917,70.0417,124.983],[170.5797,70.037,0.0],[170.587,70.0339,23.3023],[170.5776,70.0307,0.0],[170.5797,70.0255,12.4659],[170.5854,70.025,58.4066],[170.587,70.0234,82.5353],[170.563,70.0141,0.0],[170.5646,70.0125,41.3405],[170.5703,70.012,48.8657],[170.5703,70.0089,99.225],[170.5583,70.0042,107.3742],[170.5505,70.0036,0.0],[170.5526,69.9984,0.0],[170.5599,69.9943,87.585],[170.5568,69.9932,69.1237],[170.5583,69.9896,66.8702],[170.5547,69.987,0.0],[170.5557,69.9838,28.8568],[170.5505,69.9828,0.0],[170.5516,69.9776,68.8085],[170.5443,69.9745,42.9105],[170.5437,69.9729,20.6075],[170.55,69.9625,11.0052],[170.5464,69.9589,0.0],[170.55,69.9521,59.8713],[170.5495,69.9505,68.4326],[170.5422,69.9474,0.0],[170.5474,69.9443,57.1271],[170.5401,69.9411,20.6357],[170.5391,69.938,29.7484],[170.5359,69.937,2.1018],[170.537,69.9339,20.95],[170.5318,69.9328,0.0],[170.5339,69.9297,0.0],[170.5391,69.9287,19.8262],[170.5412,69.9255,15.8752],[170.538,69.9245,6.5407],[170.5328,69.9172,0.0],[170.5297,69.9161,0.0],[170.5307,69.913,1.1514],[170.5255,69.9109,0.0],[170.5297,69.9047,1.0439],[170.5578,69.8974,6.4646],[170.5609,69.8922,0.0],[170.5651,69.888,0.0],[170.5703,69.887,2.8409],[170.5745,69.8807,1.1377],[170.5745,69.8776,1.0708],[170.5714,69.8766,0.0],[170.5724,69.8714,0.982],[170.5693,69.8693,0.0],[170.5771,69.8562,10.2409],[170.5734,69.8536,0.0],[170.575,69.85,6.3862],[170.5714,69.8464,0.0],[170.5766,69.8443,5.8836],[170.5734,69.8432,1.6962],[170.575,69.8396,3.291],[170.5714,69.8359,0.0],[170.5766,69.8349,0.0],[170.5786,69.8318,0.4536],[170.5693,69.8287,0.0],[170.5729,69.8229,0.8738],[170.5693,69.8203,0.0],[170.5703,69.8151,0.9637],[170.5672,69.8141,0.0],[170.5661,69.8109,1.3287],[170.563,69.8089,0.0],[170.5688,69.8083,1.342],[170.5703,69.8068,1.3104],[170.5651,69.8047,0.0],[170.5729,69.8042,1.2959],[170.5729,69.8021,0.6437],[170.5786,69.8016,0.6988],[170.5755,69.7984,0.0],[170.5891,69.7932,1.8324],[170.5911,69.7901,2.7951],[170.588,69.788,0.0],[170.5932,69.787,2.3745],[170.5953,69.7849,2.8479],[170.5922,69.7818,0.0],[170.5974,69.7807,1.987],[170.5995,69.7786,3.448],[170.5943,69.7766,0.0],[170.5984,69.7714,1.0926],[170.6182,69.7662,0.0],[170.6151,69.763,0.0],[170.6271,69.7604,0.0],[170.6286,69.7589,0.0],[170.6208,69.7562,0.0],[170.6167,69.7583,0.0],[170.6021,69.7583,1.3633],[170.5703,69.7443,1.897],[170.5609,69.7432,0.0],[170.562,69.7401,5.4853],[170.5521,69.7396,0.0],[170.5333,69.7312,5.1246],[170.5208,69.7312,0.0],[170.5125,69.7271,7.0322],[170.5,69.7271,0.0],[170.4854,69.7229,15.9901],[170.4354,69.7229,64.0555],[170.4312,69.725,25.3174],[170.4167,69.725,79.139],[170.4104,69.7229,136.7077],[170.4063,69.725,25.3687],[170.3938,69.725,21.2129],[170.3833,69.7208,84.6035],[170.3771,69.7208,62.7946],[170.3625,69.7167,109.2574],[170.3354,69.7125,5.8411],[170.3313,69.7083,20.3053],[170.3188,69.7083,4.9925],[170.3042,69.7042,8.1128],[170.2901,69.7037,5.7733],[170.2797,69.6995,3.0758],[170.2828,69.6943,33.583],[170.2776,69.6922,44.6481],[170.2875,69.6917,156.924],[170.2937,69.6937,144.7672],[170.2974,69.6911,215.4697],[170.2974,69.688,280.5935],[170.2917,69.6854,315.9099],[170.2771,69.6854,160.0734],[170.2667,69.6896,3.3447],[170.2604,69.6875,15.4804],[170.2542,69.6875,0.0],[170.2516,69.6839,0.0],[170.2443,69.6807,0.0],[170.2453,69.6776,18.1456],[170.2312,69.6771,0.0],[170.2287,69.6734,11.5805],[170.2151,69.6682,0.0679],[170.2182,69.663,19.9133],[170.2104,69.6604,6.2561],[170.2042,69.6604,-0.5],[170.1984,69.6578,2.3476],[170.1995,69.6547,0.9278],[170.1943,69.6536,0.0],[170.1953,69.6505,3.43],[170.188,69.6453,0.0],[170.1891,69.6422,28.1321],[170.1797,69.6391,0.0],[170.1807,69.6359,53.6474],[170.1714,69.6349,0.0],[170.1724,69.6297,82.6317],[170.163,69.6266,0.0],[170.1662,69.6214,111.9412],[170.1609,69.6203,68.2562],[170.162,69.6172,128.6729],[170.1547,69.612,6.3532],[170.1563,69.6083,42.1138],[170.1526,69.6047,0.0],[170.1578,69.5964,5.7712],[170.1526,69.5943,0.0],[170.1583,69.5938,5.6367],[170.1771,69.5875,0.0],[170.1854,69.5896,73.0996],[170.188,69.5859,25.0044],[170.1953,69.5849,29.8279],[170.1979,69.5813,0.0],[170.225,69.5813,51.1299],[170.2312,69.5792,0.0],[170.2375,69.5813,38.2485],[170.2417,69.5792,0.0],[170.2563,69.5792,0.0],[170.2604,69.5813,58.2454],[170.2646,69.5792,0.0],[170.2729,69.5792,0.0],[170.2771,69.5813,65.3673],[170.3146,69.5813,0.0],[170.3188,69.5833,38.3082],[170.3313,69.5833,0.0],[170.3328,69.5839,0.0],[170.3318,69.587,40.1366],[170.3333,69.5875,50.8298],[170.3625,69.5896,0.0],[170.3771,69.5938,4.8781],[170.3896,69.5938,0.0],[170.3938,69.5958,14.1513],[170.4021,69.5938,0.0],[170.4063,69.5958,4.557],[170.4354,69.5958,0.0],[170.4396,69.5979,0.0],[170.4833,69.5979,0.0],[170.4896,69.6,6.7457],[170.4937,69.5979,0.0],[170.5,69.6,7.4568],[170.5042,69.5979,0.0],[170.5125,69.5979,0.0],[170.5167,69.6,4.8103],[170.525,69.6,9.6803],[170.5313,69.5979,0.0],[170.5375,69.6,15.5944],[170.5417,69.5979,0.0],[170.55,69.5979,0.0],[170.5542,69.5958,0.0],[170.5625,69.5979,1.9235],[170.5667,69.5958,0.0],[170.575,69.5958,1.8792],[170.5854,69.5917,0.0],[170.6042,69.5875,5.2427],[170.612,69.5849,15.0901],[170.6172,69.5797,0.0],[170.6286,69.5766,9.6613],[170.6339,69.5714,0.0],[170.6391,69.5703,0.0],[170.6505,69.563,0.0],[170.6557,69.562,0.0],[170.6526,69.5589,0.0],[170.6662,69.5557,16.4512],[170.6693,69.5505,0.0],[170.6766,69.5495,13.1642],[170.6714,69.5463,0.0],[170.6734,69.5443,0.0],[170.6787,69.5432,7.2601],[170.6891,69.5286,11.3718],[170.6979,69.5125,0.0],[170.6943,69.5099,0.0],[170.6964,69.5047,0.0],[170.7036,69.5036,8.7056],[170.6984,69.5016,0.0],[170.7016,69.4964,13.1543],[170.6964,69.4953,0.0],[170.7,69.4896,26.018],[170.6964,69.487,0.0],[170.6995,69.4797,55.9959],[170.6943,69.4786,0.0],[170.6995,69.4703,55.1054],[170.6964,69.4672,49.4448],[170.7042,69.4646,39.4335],[170.7125,69.4646,40.5464],[170.7172,69.4609,0.0],[170.725,69.4583,0.0],[170.7417,69.4583,65.0852],[170.7443,69.4547,0.0],[170.7516,69.4537,33.5375],[170.7526,69.4505,0.0],[170.7599,69.4495,0.0],[170.7609,69.4464,0.0],[170.7682,69.4453,7.4175],[170.763,69.4432,0.0],[170.7688,69.4333,0.0],[170.7651,69.4297,0.0],[170.7724,69.4287,2.9116],[170.7729,69.4271,2.6285],[170.7693,69.4245,0.0],[170.7703,69.4193,0.0],[170.7667,69.4167,0.0],[170.7703,69.4109,0.9397],[170.7651,69.4099,0.0],[170.7682,69.4047,2.576],[170.763,69.4036,0.0],[170.7667,69.3979,1.6667],[170.763,69.3953,0.0],[170.7641,69.3901,0.0],[170.7604,69.3875,0.0],[170.7646,69.3812,1.264],[170.7609,69.3786,1.2391],[170.763,69.3734,1.8349],[170.7713,69.3693,0.0],[170.7786,69.3682,0.0],[170.7786,69.3651,0.0],[170.7755,69.363,0.0],[170.7833,69.3604,0.0],[170.8104,69.3604,0.0],[170.8208,69.3646,0.5481],[170.825,69.3625,0.0],[170.8349,69.362,0.5828],[170.8318,69.3588,0.0],[170.837,69.3578,0.681],[170.8401,69.3526,0.0],[170.8537,69.3516,4.4129],[170.8537,69.3484,2.739],[170.8505,69.3464,0.0],[170.8557,69.3443,5.0623],[170.8526,69.3422,0.0],[170.8599,69.3411,5.9279],[170.8609,69.338,0.0],[170.8682,69.337,4.9944],[170.8714,69.3297,0.0],[170.8786,69.3287,5.0222],[170.8818,69.3234,0.0],[170.887,69.3224,3.8884],[170.8922,69.3172,0.0],[170.8974,69.3161,5.6419],[170.8995,69.313,5.5812],[170.8943,69.3109,0.0],[170.9016,69.3099,6.2871],[170.8984,69.3078,0.0],[170.8984,69.3047,0.0],[170.9057,69.3037,6.1464],[170.9005,69.3005,0.0],[170.9047,69.2963,0.0],[170.9099,69.2953,2.2216],[170.913,69.2901,0.0],[170.9203,69.2891,2.1274],[170.9214,69.2859,0.0],[170.9287,69.2849,1.9291],[170.9318,69.2776,1.0845],[170.9349,69.2745,1.3015],[170.9375,69.2688,0.5328],[170.937,69.2672,0.0],[170.9297,69.2641,0.0],[170.9349,69.2609,0.0],[170.9318,69.2599,0.0],[170.9333,69.2562,0.0],[170.9297,69.2526,0.0],[170.9349,69.2505,0.0],[170.9318,69.2495,1.0939],[170.9328,69.2464,0.0],[170.9297,69.2443,0.0],[170.9349,69.2432,0.6189],[170.937,69.2412,0.0],[170.9318,69.238,1.2002],[170.9375,69.2292,0.0],[170.9339,69.2266,0.8917],[170.9349,69.2234,1.3355],[170.9255,69.2203,0.0],[170.9328,69.2172,1.9793],[170.9276,69.2161,0.0],[170.9287,69.213,2.14],[170.9214,69.2078,0.0],[170.9229,69.2042,0.0],[170.9193,69.2016,0.0],[170.9203,69.1964,2.4508],[170.913,69.1932,0.0],[170.9162,69.1859,0.858],[170.9068,69.1828,0.0],[170.9078,69.1776,2.4605],[170.9005,69.1745,0.0],[170.9016,69.1713,4.5615],[170.8963,69.1703,0.0],[170.8974,69.1672,37.4389],[170.8901,69.163,0.0],[170.9125,69.1563,0.0],[170.9187,69.1583,24.831],[170.9229,69.1563,0.0],[170.9458,69.1542,0.0],[170.9646,69.1458,0.0],[170.9745,69.1453,12.0147],[170.9859,69.138,0.0],[170.9912,69.137,0.0],[170.9984,69.1276,52.0695],[171.0036,69.1266,70.7214],[171.0005,69.1234,0.0],[171.0057,69.1224,52.0573],[171.0109,69.1151,0.0],[171.0182,69.1141,36.967],[171.0213,69.1068,0.0],[171.0286,69.1057,15.83],[171.0349,69.0953,2.9477],[171.0313,69.0917,2.5648],[171.0328,69.088,2.8647],[171.0234,69.0849,0.0],[171.0245,69.0818,0.8026],[171.0172,69.0766,0.4676],[171.0182,69.0714,0.3511],[171.0109,69.0682,0.5465],[171.0104,69.0667,-0.0201],[171.0161,69.0661,0.5967],[171.0182,69.063,0.9028],[171.0151,69.062,0.0053],[171.0141,69.0589,0.0534],[171.0109,69.0568,0.1096],[171.0151,69.0484,0.1277],[171.0224,69.0474,0.654],[171.0234,69.0443,0.0],[171.0307,69.0432,0.8034],[171.0328,69.038,2.1281],[171.0297,69.0359,0.0],[171.0349,69.0349,4.0604],[171.037,69.0328,3.0063],[171.0339,69.0307,2.9282],[171.0339,69.0276,0.0],[171.0412,69.0266,2.7678],[171.0422,69.0234,2.1923],[171.0537,69.0234,2.4948],[171.0661,69.0297,0.0],[171.0651,69.0349,0.0],[171.0667,69.0354,0.6335],[171.075,69.0354,0.0],[171.0854,69.0313,0.0],[171.1104,69.0313,0.0],[171.1187,69.0354,0.0],[171.1438,69.0354,0.0],[171.15,69.0313,0.0],[171.1599,69.0307,0.0],[171.1557,69.0276,0.8684],[171.1521,69.0271,1.1867],[171.1443,69.0297,0.0],[171.1396,69.0333,0.0],[171.1208,69.0333,0.0],[171.1193,69.0318,0.0],[171.1354,69.0313,0.0],[171.137,69.0297,0.0],[171.1,69.0292,0.0],[171.0958,69.0271,0.0],[171.088,69.0266,0.0],[171.075,69.0208,0.0],[171.0583,69.0188,0.0],[171.0458,69.0125,0.0],[171.0271,69.0125,0.0],[171.0193,69.0151,0.5788],[171.0161,69.0182,0.0],[171.0109,69.0193,1.843],[171.0068,69.0234,0.9921],[171.012,69.0255,0.0],[171.0089,69.0307,0.0],[171.0141,69.0318,0.0],[171.013,69.0349,0.4658],[171.0167,69.0375,0.0],[171.0141,69.0411,0.0],[171.0,69.0417,-0.0749],[170.9958,69.0396,0.9505],[170.9896,69.0396,-0.1379],[170.9734,69.0328,-0.1353],[170.9745,69.0297,0.672],[170.9651,69.0286,0.1872],[170.9661,69.0234,0.3497],[170.9568,69.0203,0.159],[170.9599,69.0151,0.6979],[170.9521,69.0146,0.3688],[170.9443,69.012,0.2538],[170.9453,69.0089,0.2484],[170.9438,69.0083,0.3369],[170.9255,69.0057,0.2606],[170.9266,69.0026,0.1285],[170.913,68.9974,0.2484],[170.9141,68.9943,0.1262],[170.8979,68.9958,0.2611],[170.8963,68.9953,0.3253],[170.8974,68.9922,0.2461],[170.8932,68.9901,0.1341],[170.8854,68.9896,0.1366],[170.8771,68.9854,-0.1117],[170.8693,68.9849,0.3282],[170.8682,68.9818,0.2199],[170.8651,68.9797,0.1406],[170.8703,68.9776,-0.0185],[170.8521,68.975,0.5702],[170.8438,68.9708,0.8406],[170.8354,68.9708,1.007],[170.8354,68.9688,0.8405],[170.8292,68.9667,0.7297],[170.8229,68.9688,1.1391],[170.8203,68.9651,0.7231],[170.8125,68.9646,1.2208],[170.8,68.9583,0.9871],[170.7922,68.9578,1.1018],[170.7896,68.9542,1.0146],[170.7833,68.9563,0.7313],[170.7724,68.9505,0.8495],[170.763,68.9495,0.9909],[170.7641,68.9443,0.9546],[170.7625,68.9437,0.5435],[170.7437,68.9458,0.5239],[170.7354,68.9417,1.0683],[170.7276,68.9411,0.7504],[170.7287,68.9359,0.5369],[170.7271,68.9354,0.3981],[170.7083,68.9375,0.8675],[170.7042,68.9354,0.6231],[170.6917,68.9354,1.096],[170.6875,68.9333,0.9078],[170.675,68.9333,0.0],[170.6708,68.9313,0.6665],[170.6646,68.9313,0.0],[170.663,68.9307,0.0],[170.6641,68.9276,0.7302],[170.6547,68.9266,0.4734],[170.6568,68.9234,0.3193],[170.6682,68.9203,0.2777],[170.6734,68.9151,0.0761],[170.6787,68.9141,0.2314],[170.6755,68.9109,0.0014],[170.6807,68.9099,0.7499],[170.6839,68.9047,0.0],[170.6911,68.9036,0.625],[170.6922,68.9005,0.0],[170.6995,68.8995,0.0],[170.7005,68.8964,0.0],[170.7141,68.8932,0.1052],[170.7188,68.8896,0.4219],[170.7474,68.887,2.1306],[170.7458,68.8854,0.9282],[170.7167,68.8854,0.7118],[170.7104,68.8833,0.2842],[170.7068,68.8859,0.3007],[170.7057,68.8891,0.1921],[170.6896,68.8917,0.0913],[170.6797,68.887,0.0252],[170.6787,68.8839,0.1405],[170.6755,68.8828,0.0423],[170.6776,68.8776,-0.319],[170.6849,68.8734,-0.0404],[170.6792,68.8708,0.1144],[170.6651,68.8703,-0.0791],[170.6667,68.8688,0.0239],[170.6724,68.8682,0.1223],[170.6734,68.8651,-0.1091],[170.6807,68.8641,0.4299],[170.6818,68.8609,-0.0634],[170.6891,68.8599,0.474],[170.6922,68.8544,-0.2747],[170.7057,68.8516,1.7573],[170.7109,68.8443,-1.1079],[170.7161,68.8432,0.2938],[170.713,68.8411,-1.0417],[170.7182,68.8391,1.5768],[170.7151,68.837,-0.0806],[170.7182,68.8297,0.1743],[170.7151,68.8276,-0.795],[170.7203,68.8266,-0.1578],[170.7224,68.8245,1.0738],[170.7193,68.8214,-1.0563],[170.7307,68.8182,0.2557],[170.7328,68.8161,0.8239],[170.7255,68.812,-0.6228],[170.7245,68.8089,2.4711],[170.7172,68.8057,-0.5976],[170.7182,68.8026,1.5863],[170.7167,68.8021,0.5021],[170.713,68.8026,-0.9173],[170.7109,68.8057,1.1205],[170.7182,68.8089,-0.4056],[170.7193,68.812,0.1373],[170.7224,68.8141,-0.5372],[170.7172,68.8151,1.5116],[170.7203,68.8182,-0.8897],[170.713,68.8193,1.627],[170.7099,68.8266,-0.5984],[170.7026,68.8276,0.8004],[170.7026,68.8307,0.8242],[170.7057,68.8328,-0.8377],[170.6922,68.8359,0.0296],[170.6953,68.8391,-0.7906],[170.6839,68.8401,0.2071],[170.6792,68.8458,-0.0358],[170.6729,68.8438,0.2037],[170.663,68.8443,-0.5238],[170.6599,68.8516,1.1003],[170.6563,68.8552,0.8421],[170.662,68.8578,-0.3735],[170.6578,68.862,0.6878],[170.6526,68.863,0.8876],[170.6557,68.8662,-0.649],[170.6505,68.8672,1.0919],[170.6463,68.8714,0.0427],[170.6516,68.8745,0.1801],[170.638,68.8755,2.2915],[170.6432,68.8776,0.2978],[170.6401,68.8818,1.9196],[170.6401,68.8849,1.4465],[170.6474,68.888,0.8169],[170.6443,68.8943,1.0961],[170.6479,68.8979,-0.3595],[170.6463,68.9036,0.2672],[170.6536,68.9078,0.3628],[170.6516,68.912,0.2791],[170.6443,68.913,0.1942],[170.6432,68.9161,0.4026],[170.6359,68.9172,0.2025],[170.6349,68.9203,0.3312],[170.625,68.9229,0.4945],[170.6109,68.9203,0.4278],[170.5589,68.8953,0.8553],[170.5578,68.8922,0.3404],[170.5484,68.8912,0.6358],[170.5229,68.8792,0.2503],[170.5188,68.8792,0.5095],[170.5083,68.875,0.9718],[170.5005,68.8745,0.6072],[170.4964,68.8724,0.8459],[170.4974,68.8693,0.7079],[170.4958,68.8688,0.775],[170.4833,68.8688,0.404],[170.475,68.8646,1.0413],[170.4479,68.8604,0.2989],[170.4396,68.8562,0.6191],[170.4318,68.856,0.2416],[170.4307,68.8544,0.7306],[170.4229,68.8542,0.3669],[170.4083,68.85,0.6972],[170.3813,68.8479,0.5834],[170.3771,68.8458,0.7631],[170.3646,68.8458,0.389],[170.3547,68.8411,0.4623],[170.3771,68.8333,-0.1452],[170.3953,68.8307,-0.1438],[170.3922,68.8276,-0.2805],[170.3974,68.8266,-0.0227],[170.4021,68.8229,-0.2362],[170.4167,68.8229,0.1054],[170.4208,68.8208,-0.0042],[170.4396,68.8208,-0.275],[170.4411,68.8214,1.5887],[170.4401,68.8245,2.1316],[170.4479,68.8271,2.4135],[170.4516,68.8234,2.6858],[170.4464,68.8224,1.6424],[170.4479,68.8208,-0.3196],[170.4625,68.8208,2.2071],[170.4667,68.8187,-0.8483],[170.4812,68.8187,0.601],[170.4854,68.8167,-0.752],[170.5063,68.8167,1.5306],[170.5104,68.8146,0.5497],[170.5354,68.8146,1.4699],[170.5396,68.8125,-0.9167],[170.5516,68.812,0.2407],[170.5516,68.8089,-1.0],[170.55,68.8083,0.4309],[170.5437,68.8104,-1.0],[170.5146,68.8104,-0.0168],[170.513,68.8089,-0.0073],[170.5151,68.8047,-0.3051],[170.5224,68.8037,0.3005],[170.5297,68.7901,-0.1391],[170.537,68.7891,0.6333],[170.537,68.7859,0.479],[170.5339,68.7839,-0.8774],[170.5359,68.7818,-0.883],[170.5412,68.7807,0.2654],[170.5464,68.7734,-0.8219],[170.5542,68.7708,-0.8099],[170.5661,68.7703,1.3799],[170.5688,68.7646,-0.0102],[170.5651,68.7609,-0.1174],[170.5672,68.7589,-0.3863],[170.5724,68.7578,1.1158],[170.5693,68.7547,-0.7594],[170.5917,68.7521,0.6038],[170.5958,68.75,-0.6788],[170.6042,68.75,-0.7996],[170.6083,68.7521,2.8694],[170.6208,68.7521,1.5282],[170.6307,68.7495,3.7056],[170.6229,68.7458,-0.6832],[170.6187,68.7479,0.7589],[170.6104,68.7479,-0.4017],[170.6042,68.7458,2.0731],[170.6,68.7479,1.6855],[170.5875,68.7479,0.1863],[170.5859,68.7474,0.1863],[170.587,68.7443,1.0308],[170.5838,68.7432,-0.5809],[170.5979,68.7375,-0.7445],[170.6187,68.7375,2.0844],[170.6234,68.7338,-0.678],[170.6286,68.7328,-0.4942],[170.6271,68.7312,-0.514],[170.6208,68.7312,2.5757],[170.6083,68.7354,1.3734],[170.5938,68.7354,3.0293],[170.5833,68.7396,-0.7836],[170.5776,68.7401,1.7531],[170.575,68.7458,2.3388],[170.5786,68.7495,-0.8118],[170.5651,68.7526,2.0572],[170.562,68.7578,-0.8531],[170.5547,68.7589,1.9137],[170.5547,68.762,0.6767],[170.5578,68.7641,-0.9012],[170.5417,68.7646,1.2407],[170.538,68.7672,1.0854],[170.537,68.7703,0.1493],[170.5297,68.7714,1.06],[170.5286,68.7745,0.0034],[170.5213,68.7755,0.1304],[170.5172,68.7828,1.6162],[170.5224,68.7849,-0.8431],[170.5151,68.7859,1.623],[170.512,68.7911,-0.4538],[170.5068,68.7922,0.4301],[170.5099,68.7953,-0.6834],[170.5026,68.7963,0.3987],[170.5016,68.7995,-0.0579],[170.4958,68.8042,-0.1727],[170.4901,68.8016,-1.0],[170.4953,68.7984,0.0612],[170.4896,68.7958,0.2083],[170.4833,68.7958,-1.0],[170.475,68.7917,-1.0],[170.4688,68.7917,-1.0],[170.4646,68.7896,0.989],[170.4458,68.7896,-0.2282],[170.4375,68.7854,0.1675],[170.4193,68.7828,0.1357],[170.4203,68.7797,0.074],[170.4187,68.7792,-0.6605],[170.4109,68.7797,1.8684],[170.4089,68.7828,0.9887],[170.4162,68.787,-0.5614],[170.4109,68.788,1.3058],[170.4089,68.7911,1.9686],[170.412,68.7922,0.1236],[170.413,68.7953,2.2354],[170.4224,68.7963,0.0153],[170.4162,68.8057,-0.256],[170.4109,68.8068,1.4498],[170.4063,68.8104,1.6031],[170.3963,68.8109,1.7661],[170.3932,68.8141,-0.2213],[170.3818,68.8172,0.8791],[170.3766,68.8224,-0.4464],[170.3714,68.8234,0.1372],[170.3682,68.8287,-0.234],[170.3562,68.8292,-0.0796],[170.3313,68.8375,0.4198],[170.3125,68.8375,0.2071],[170.2974,68.8297,0.7356],[170.288,68.8287,0.6447],[170.2771,68.8229,0.8315],[170.2708,68.8229,-0.032],[170.2625,68.8187,0.462],[170.2443,68.8161,0.0],[170.2432,68.813,0.3034],[170.2375,68.8104,0.6949],[170.2312,68.8104,0.5164],[170.2167,68.8063,0.6715],[170.2063,68.8063,1.0805],[170.1979,68.8021,1.306],[170.1687,68.8,0.0],[170.1646,68.7979,1.2967],[170.1542,68.7979,0.5185],[170.15,68.7958,1.1251],[170.1375,68.7958,0.0],[170.1333,68.7937,1.2584],[170.1042,68.7937,1.1604],[170.1,68.7917,1.2958],[170.0917,68.7917,0.7782],[170.0917,68.7896,-0.5],[170.0771,68.7896,-0.5],[170.0729,68.7917,0.6653],[170.0313,68.7917,0.0],[170.0271,68.7896,0.0],[170.0188,68.7896,0.9806],[170.0146,68.7917,0.0],[170.0083,68.7917,0.0],[170.0,68.7875,0.0],[169.9859,68.787,0.0],[169.987,68.7839,0.0],[169.9792,68.7813,0.0],[169.9729,68.7813,0.0],[169.9667,68.7854,0.0],[169.9542,68.7854,0.0],[169.95,68.7833,1.8869],[169.9375,68.7833,0.0],[169.925,68.7792,0.9294],[169.9125,68.7792,0.0],[169.9083,68.7771,1.5],[169.8896,68.7771,0.0],[169.8854,68.775,0.0],[169.8625,68.775,0.0],[169.8583,68.7729,5.9346],[169.8354,68.7729,0.0],[169.8313,68.7708,5.1151],[169.8083,68.7708,0.0],[169.8042,68.7688,5.3038],[169.7417,68.7667,0.0],[169.7375,68.7646,7.0744],[169.7312,68.7667,0.0],[169.725,68.7667,0.0],[169.7208,68.7646,6.6536],[169.6563,68.7646,3.0614],[169.65,68.7667,0.0],[169.6438,68.7646,14.3832],[169.6396,68.7667,0.0],[169.6146,68.7667,10.9146],[169.6104,68.7688,0.0],[169.6021,68.7688,7.5799],[169.5833,68.775,0.0],[169.5734,68.7755,15.4124],[169.5682,68.7807,0.0],[169.563,68.7818,14.3881],[169.5599,68.7849,0.0],[169.5547,68.7859,21.9212],[169.55,68.7896,0.0],[169.5292,68.7917,22.7978],[169.5167,68.7958,0.0],[169.5083,68.7958,12.0535],[169.5042,68.7979,0.0],[169.4958,68.7979,10.1465],[169.4912,68.8016,0.0],[169.4812,68.8021,8.5384],[169.4734,68.8047,10.892],[169.4703,68.8078,0.0],[169.463,68.8089,7.7528],[169.4599,68.8141,0.0],[169.4547,68.8151,7.079],[169.4505,68.8193,5.0204],[169.437,68.8411,0.0],[169.4297,68.8422,16.9933],[169.4245,68.8495,0.0],[169.4193,68.8505,9.5177],[169.4151,68.8544,15.5435],[169.4104,68.8625,15.7248],[169.4141,68.8651,0.0],[169.413,68.8682,0.0],[169.4167,68.8708,0.5159],[169.4151,68.8745,0.0],[169.4182,68.8766,0.0],[169.4109,68.8776,2.3373],[169.4068,68.8839,1.9975],[169.4068,68.887,2.6331],[169.4099,68.888,0.0],[169.4089,68.8932,2.7646],[169.412,68.8943,2.7038],[169.4109,68.8974,0.0],[169.4141,68.8984,1.8596],[169.413,68.9016,0.0],[169.4224,68.9047,2.064],[169.4214,68.9078,0.0],[169.4287,68.9109,2.3293],[169.4297,68.9141,3.0554],[169.4411,68.9193,0.0],[169.4401,68.9245,3.0583],[169.4432,68.9255,0.0],[169.4422,68.9287,1.6351],[169.4453,68.9297,0.0],[169.4443,68.9349,0.0],[169.4474,68.9359,0.0],[169.4453,68.9411,0.0],[169.438,68.9422,5.5805],[169.4417,68.9458,5.0886],[169.4359,68.9547,10.704],[169.4391,68.9578,0.0],[169.4339,68.9599,16.4584],[169.437,68.9609,4.7025],[169.4359,68.9641,0.0],[169.4391,68.9661,0.0],[169.4292,68.9812,6.6791],[169.4328,68.9838,0.0],[169.4276,68.9922,1.8941],[169.4307,68.9943,0.0],[169.4307,68.9974,0.0],[169.4287,68.9995,0.0],[169.4234,69.0005,8.734],[169.4266,69.0036,0.0],[169.4234,69.0068,0.0],[169.4214,69.012,3.9246],[169.4245,69.0141,0.0],[169.4224,69.0182,0.0],[169.4151,69.0193,10.3891],[169.4182,69.0224,0.0],[169.413,69.0234,13.4255],[169.4109,69.0255,22.7096],[169.4141,69.0276,4.5302],[169.4141,69.0307,0.0],[169.4099,69.0349,0.0],[169.4047,69.0359,22.0748],[169.4078,69.0391,0.0],[169.4026,69.0401,22.4494],[169.4005,69.0422,28.1686],[169.4036,69.0453,0.0],[169.3984,69.0463,38.9837],[169.3938,69.05,46.5776],[169.388,69.0505,62.5102],[169.3932,69.0526,0.0],[169.3917,69.0542,0.0],[169.3813,69.0542,60.0979],[169.3734,69.0568,53.1631],[169.3687,69.0604,0.0],[169.3526,69.0609,54.1395],[169.3495,69.0661,12.1542],[169.3422,69.0672,47.5935],[169.3411,69.0703,0.0],[169.3338,69.0714,60.8054],[169.3338,69.0745,49.1119],[169.337,69.0755,0.0],[169.3349,69.0787,0.0],[169.3083,69.0792,0.0],[169.3042,69.0771,40.0596],[169.2854,69.0771,0.0],[169.2813,69.075,48.422],[169.2479,69.075,0.0],[169.2437,69.0729,79.5952],[169.2292,69.0729,84.5012],[169.225,69.075,0.0],[169.2167,69.075,35.5844],[169.2125,69.0771,0.0],[169.1979,69.0771,76.9388],[169.1854,69.0813,0.0],[169.1542,69.0813,56.901],[169.15,69.0833,0.0],[169.1229,69.0833,48.2506],[169.1187,69.0854,16.4911],[169.1042,69.0854,41.9396],[169.0964,69.088,28.1693],[169.0932,69.0911,0.0],[169.0859,69.0922,14.7054],[169.0849,69.0953,0.0],[169.0776,69.0964,36.018],[169.0766,69.0995,15.0054],[169.0703,69.1057,15.8346],[169.0562,69.1104,0.0],[169.0396,69.1104,31.3375],[169.037,69.1141,0.0],[169.0297,69.1151,11.564],[169.0286,69.1182,0.0],[169.0151,69.1193,51.0249],[169.012,69.1245,0.0],[169.0063,69.125,69.4886],[168.9958,69.1292,0.0],[168.9875,69.1292,80.8915],[168.975,69.1333,20.2856],[168.9542,69.1354,39.3],[168.9495,69.1391,2.5199],[168.9422,69.1401,14.1063],[168.9411,69.1432,0.0],[168.9276,69.1443,20.3328],[168.9245,69.1495,0.0],[168.9172,69.1505,6.8618],[168.9162,69.1536,0.0],[168.9089,69.1547,4.9567],[168.9063,69.1583,0.0],[168.8958,69.1583,15.3875],[168.8917,69.1625,0.0],[168.875,69.1625,16.0344],[168.8708,69.1646,0.0],[168.8562,69.1646,10.9455],[168.8521,69.1667,0.0],[168.8438,69.1667,15.9756],[168.8375,69.1708,0.0],[168.8229,69.1708,12.5343],[168.8151,69.1734,12.0054],[168.8104,69.1771,0.0],[168.7875,69.1792,15.5404],[168.7688,69.1854,2.8276],[168.7542,69.1854,16.2659],[168.75,69.1875,6.966],[168.7292,69.1896,23.5139],[168.7245,69.1932,0.0],[168.7172,69.1943,32.3599],[168.7146,69.1979,21.6122],[168.675,69.1979,9.3109],[168.6708,69.2,0.0],[168.6625,69.2,0.0],[168.6583,69.2021,0.0],[168.5979,69.2021,0.0],[168.5938,69.2,12.0864],[168.5854,69.2021,0.0],[168.5813,69.2,12.6913],[168.4812,69.2,6.306],[168.4771,69.2021,0.0],[168.4271,69.2021,15.893],[168.4229,69.2042,0.0],[168.3833,69.2042,12.6122],[168.3792,69.2063,0.0],[168.3417,69.2063,0.0],[168.3229,69.2125,0.0],[168.3172,69.213,0.0],[168.3141,69.2161,0.0],[168.3089,69.2172,0.0],[168.2974,69.2245,0.0],[168.2901,69.2255,0.0],[168.2891,69.2286,0.0],[168.2818,69.2297,0.0],[168.2745,69.2412,0.0],[168.2609,69.2422,0.0],[168.2682,69.2464,0.0],[168.2682,69.2495,0.0],[168.2646,69.2521,0.0],[168.2589,69.2526,1.0122],[168.2568,69.2578,0.0],[168.2599,69.2599,0.0],[168.2547,69.2609,0.0],[168.2484,69.2672,1.0009],[168.2464,69.2724,0.8591],[168.2495,69.2745,0.0],[168.2443,69.2755,0.0],[168.2401,69.2797,1.4244],[168.2432,69.2828,0.0],[168.238,69.2839,3.0707],[168.2339,69.288,4.1286],[168.237,69.2911,0.0],[168.2318,69.2922,3.4594],[168.2297,69.2943,3.7119],[168.2328,69.2963,0.0],[168.2328,69.2995,0.0],[168.2255,69.3005,4.5902],[168.2287,69.3026,3.6376],[168.2255,69.3099,4.762],[168.2287,69.312,0.0],[168.2255,69.3182,0.0],[168.2287,69.3203,0.0],[168.2208,69.3313,4.063],[168.2245,69.3349,0.0],[168.2172,69.3359,4.2456],[168.2203,69.338,4.2349],[168.2214,69.3411,4.4096],[168.2245,69.3422,0.0],[168.2229,69.3438,0.0],[168.2172,69.3443,5.0022],[168.2208,69.3479,3.4891],[168.2172,69.3536,5.7611],[168.2203,69.3547,3.3979],[168.2193,69.3599,5.0008],[168.2224,69.3609,0.0],[168.2193,69.3682,8.0722],[168.2224,69.3703,0.0],[168.2151,69.3714,8.7933],[168.2203,69.3745,0.0],[168.2151,69.3807,6.123],[168.2245,69.3839,0.0],[168.2208,69.3896,0.0],[168.2245,69.3922,0.0],[168.2214,69.3964,2.2583],[168.225,69.4,0.0],[168.2234,69.4036,0.0],[168.2349,69.4089,0.0],[168.2297,69.412,0.0],[168.2391,69.413,0.0],[168.2359,69.4182,0.0],[168.2391,69.4203,0.0],[168.2063,69.4208,0.826],[168.2026,69.4234,1.3178],[168.2042,69.425,0.5406],[168.2167,69.425,0.0],[168.2229,69.4229,0.0],[168.2292,69.425,0.0],[168.2354,69.4229,0.0],[168.2412,69.4255,0.0],[168.2401,69.4287,0.0],[168.2453,69.4297,0.0],[168.2401,69.437,0.0],[168.2495,69.4401,0.0],[168.2484,69.4432,0.0],[168.2557,69.4464,0.0],[168.2526,69.4537,0.0],[168.2641,69.4589,0.0],[168.2589,69.462,0.0],[168.2661,69.4651,0.0],[168.2651,69.4682,0.0],[168.2703,69.4693,0.0],[168.2693,69.4724,0.0],[168.2724,69.4734,0.0],[168.2713,69.4766,0.0],[168.2745,69.4776,0.0],[168.2734,69.4828,2.2087],[168.2766,69.4849,0.0],[168.2713,69.487,6.1519],[168.2745,69.488,6.1358],[168.2734,69.4912,7.4517],[168.2766,69.4932,0.0],[168.2708,69.5021,4.6456],[168.2745,69.5057,0.0],[168.2672,69.5068,10.2871],[168.2703,69.5099,0.0],[168.2651,69.512,26.0863],[168.2724,69.5151,0.0],[168.2693,69.5224,0.5294],[168.2724,69.5234,0.0],[168.2713,69.5266,0.5727],[168.2766,69.5276,0.0],[168.2755,69.5307,0.4708],[168.2828,69.5339,0.0],[168.2813,69.5375,0.6645],[168.2849,69.5411,0.0],[168.2807,69.5453,0.8647],[168.2755,69.5463,0.8785],[168.2703,69.5516,0.0],[168.2542,69.5563,0.0],[168.2312,69.5583,4.0094],[168.2271,69.5604,4.9534],[168.2188,69.5604,3.5869],[168.2146,69.5625,0.0],[168.2063,69.5625,9.1403],[168.2021,69.5646,0.0],[168.1854,69.5646,6.9283],[168.1812,69.5667,0.0],[168.1729,69.5667,6.364],[168.1687,69.5687,0.0],[168.1583,69.5687,6.7445],[168.1333,69.5771,0.0],[168.1229,69.5771,8.3367],[168.1182,69.5807,0.0],[168.113,69.5818,4.926],[168.1099,69.5849,0.0],[168.0734,69.5943,5.6899],[168.0724,69.5974,0.0],[168.0583,69.6,6.6519],[168.0505,69.6026,9.6418],[168.0474,69.6057,0.0],[168.0339,69.6088,7.0185],[168.0271,69.6146,0.0],[168.0172,69.6151,18.3989],[168.0203,69.6182,0.0],[168.0089,69.6172,11.1105],[168.0057,69.6224,0.0],[167.9984,69.6234,0.6532],[167.9974,69.6266,0.0],[167.9901,69.6276,0.8482],[167.987,69.6307,0.752],[167.9792,69.6333,0.7429],[167.9672,69.6339,0.8687],[167.9703,69.637,0.5148],[167.9651,69.638,0.8664],[167.962,69.6412,0.7802],[167.9521,69.6417,0.813],[167.9474,69.6453,0.0],[167.9401,69.6464,0.6328],[167.9443,69.6495,0.0],[167.9521,69.6521,0.7917],[167.9583,69.6479,0.5526],[167.9807,69.6484,0.0],[167.9797,69.6516,0.9405],[167.9922,69.6578,0.0],[167.9974,69.6589,0.0],[167.9964,69.662,0.0],[168.013,69.6703,0.0],[168.0182,69.6713,0.0],[168.0172,69.6745,0.6858],[168.0266,69.6755,0.0],[168.0479,69.6854,0.0],[168.0604,69.6854,0.0],[168.0667,69.6813,0.0],[168.075,69.6813,0.7027],[168.0932,69.6766,0.3736],[168.088,69.6745,0.4014],[168.0917,69.6708,0.3951],[168.0995,69.6734,0.0],[168.0932,69.6849,0.4404],[168.0859,69.6859,0.6227],[168.0786,69.6953,0.0],[168.0734,69.6964,0.0],[168.0766,69.6984,0.0],[168.0745,69.7016,0.0],[168.0672,69.7026,0.0],[168.0672,69.7057,0.0],[168.0703,69.7078,0.0],[168.0568,69.7089,0.0],[168.062,69.7109,0.0],[168.0609,69.7141,0.0],[168.0641,69.7161,0.0],[168.0568,69.7266,0.0],[168.0646,69.7271,0.0],[168.0724,69.7307,0.0],[168.0667,69.7312,0.0],[168.062,69.7349,0.0],[168.0568,69.7359,0.0],[168.0547,69.7391,0.0],[168.0578,69.7412,0.0],[168.0557,69.7432,0.0],[168.0479,69.7458,0.0],[168.0375,69.7458,0.0],[168.0333,69.7479,0.0],[168.0125,69.7479,0.6444],[168.0083,69.75,0.0],[167.9937,69.75,0.6596],[167.9896,69.7521,0.2587],[167.9792,69.7521,0.7375],[167.9688,69.7562,0.6209],[167.9547,69.7589,0.5074],[167.9495,69.7662,0.6532],[167.9417,69.7688,0.0],[167.9271,69.7688,0.3044],[167.9208,69.7667,0.9575],[167.9146,69.7708,0.4938],[167.9063,69.7708,0.5516],[167.9005,69.7672,0.0],[167.9125,69.7667,0.6569],[167.9141,69.7651,0.0],[167.8979,69.7646,0.0],[167.8938,69.7667,0.0],[167.8854,69.7667,0.0],[167.8729,69.7708,0.0],[167.8229,69.7708,0.0],[167.8188,69.7688,0.0],[167.8062,69.7688,0.0],[167.8021,69.7667,0.0],[167.7958,69.7688,0.0],[167.7708,69.7688,0.0],[167.7646,69.7667,0.0],[167.7604,69.7688,0.0],[167.7458,69.7688,0.0],[167.7375,69.7646,0.0],[167.7312,69.7646,0.0],[167.7229,69.7604,0.0],[167.7167,69.7604,0.0],[167.7141,69.7568,0.0],[167.7068,69.7536,0.0],[167.7078,69.7505,0.0],[167.6984,69.7495,0.0],[167.6995,69.7464,0.0],[167.6854,69.7458,0.0],[167.6708,69.7396,0.0],[167.663,69.7391,0.0],[167.6641,69.7359,0.0],[167.6568,69.7328,0.0],[167.6557,69.7297,11.664],[167.6479,69.7292,0.0],[167.6396,69.725,0.0],[167.6318,69.7245,0.0],[167.6276,69.7224,0.0],[167.6286,69.7193,0.0],[167.6245,69.7172,0.0],[167.6167,69.7167,0.0],[167.6089,69.7141,0.0],[167.5682,69.6943,12.5421],[167.5589,69.6932,0.0],[167.5307,69.6797,4.4423],[167.5213,69.6787,0.0],[167.4807,69.6589,3.7176],[167.4729,69.6583,0.0],[167.4536,69.6484,1.9575],[167.4458,69.6458,4.1553],[167.438,69.6453,0.0],[167.4401,69.6422,13.2852],[167.4474,69.6412,11.4638],[167.4432,69.638,11.4731],[167.4396,69.6375,13.9478],[167.4354,69.6396,13.659],[167.4255,69.6391,0.0],[167.3901,69.6224,0.0],[167.3911,69.6193,0.8378],[167.3833,69.6188,0.0],[167.375,69.6146,15.7943],[167.3687,69.6146,0.0],[167.3604,69.6104,8.3414],[167.3526,69.6099,0.0],[167.3516,69.6068,0.0],[167.3474,69.6047,4.4708],[167.338,69.6036,0.0],[167.312,69.5901,12.8957],[167.3,69.5854,9.2596],[167.2922,69.5849,0.0],[167.2729,69.575,4.2286],[167.2651,69.5745,0.0],[167.2609,69.5724,0.0],[167.262,69.5693,3.5386],[167.2578,69.5672,0.9265],[167.25,69.5667,0.0],[167.2396,69.5625,0.0],[167.2333,69.5625,0.0],[167.2318,69.562,0.0],[167.2328,69.5589,0.0],[167.2234,69.5578,0.0],[167.2255,69.5547,0.0],[167.2328,69.5537,0.0],[167.2328,69.5505,0.0],[167.2208,69.55,0.0],[167.213,69.5474,0.0],[167.2141,69.5443,0.0],[167.2125,69.5437,0.0],[167.1896,69.5437,0.0],[167.1787,69.538,1.0325],[167.1708,69.5375,0.0],[167.1563,69.5313,0.5699],[167.1484,69.5307,0.0],[167.1417,69.5271,0.0],[167.1292,69.5271,0.0],[167.1099,69.5172,0.8966],[167.1005,69.5162,0.0],[167.0896,69.5104,1.138],[167.0771,69.5104,0.0],[167.0688,69.5062,1.0984],[167.0609,69.5057,0.0],[167.05,69.5,0.9048],[167.0422,69.4995,0.0],[167.038,69.4974,0.0],[167.0391,69.4943,0.5],[167.0375,69.4938,0.9374],[167.0083,69.4917,0.0],[166.9917,69.4833,0.9846],[166.9854,69.4833,0.5282],[166.9708,69.4792,1.0344],[166.9646,69.4792,0.0],[166.9604,69.4771,0.852],[166.9187,69.4771,0.0],[166.913,69.4745,0.0],[166.9141,69.4714,0.9485],[166.9083,69.4688,0.0],[166.9047,69.4693,0.0],[166.8979,69.4771,0.3105],[166.8984,69.4786,0.0],[166.9042,69.4812,0.0],[166.912,69.4818,0.0],[166.9083,69.4854,0.0],[166.8938,69.4854,0.5635],[166.8896,69.4875,0.0],[166.8667,69.4875,0.7428],[166.8625,69.4896,0.0],[166.8562,69.4896,0.0],[166.8521,69.4875,0.5096],[166.8146,69.4875,0.0],[166.8104,69.4854,0.3338],[166.8,69.4854,0.0],[166.7937,69.4833,0.6953],[166.7896,69.4854,0.0],[166.7734,69.4859,0.0],[166.7713,69.4891,0.0],[166.7745,69.4912,0.1353],[166.7688,69.4917,0.181],[166.7583,69.4958,0.2081],[166.7479,69.4958,0.0],[166.7437,69.4979,0.0],[166.7292,69.4979,0.2176],[166.725,69.5,0.1723],[166.7167,69.5,0.3424],[166.7021,69.4958,0.9033],[166.6958,69.4958,0.0],[166.6875,69.4917,0.677],[166.6797,69.4912,0.0],[166.6807,69.488,1.3527],[166.6776,69.487,0.0],[166.6787,69.4838,1.414],[166.6755,69.4828,0.0],[166.6755,69.4797,0.0],[166.6776,69.4776,0.0],[166.6833,69.4771,0.0],[166.6849,69.4755,9.92],[166.6708,69.4688,21.7002],[166.6646,69.4688,0.0],[166.6604,69.4667,0.0],[166.6417,69.4667,0.0],[166.6375,69.4646,1.4356],[166.6229,69.4646,2.0842],[166.6187,69.4667,0.0],[166.6125,69.4667,0.0],[166.6062,69.4646,1.3521],[166.6021,69.4667,0.0],[166.5875,69.4667,0.0],[166.5833,69.4646,0.0],[166.5771,69.4646,2.5204],[166.5755,69.4661,1.33],[166.5813,69.4688,2.0121],[166.6104,69.4688,0.0],[166.6167,69.4708,1.8869],[166.6229,69.4688,0.0],[166.6271,69.4708,0.0],[166.6438,69.4708,0.3387],[166.6479,69.4729,0.9379],[166.6542,69.4729,0.0],[166.6557,69.4745,0.0],[166.6396,69.475,0.0],[166.6354,69.4771,0.6176],[166.625,69.4771,1.3646],[166.6208,69.4792,1.4343],[166.6109,69.4797,1.8262],[166.6125,69.4812,0.5249],[166.6203,69.4818,1.1021],[166.6245,69.4849,0.0],[166.6172,69.4859,1.1841],[166.6141,69.4912,0.0],[166.6042,69.4938,0.2815],[166.5838,69.4932,1.365],[166.5838,69.4901,1.565],[166.5995,69.487,0.0],[166.6016,69.4849,0.0],[166.6,69.4833,0.7602],[166.5813,69.4875,1.5181],[166.5714,69.4922,0.8695],[166.5771,69.4958,0.0],[166.5896,69.4958,0.185],[166.5938,69.4979,0.0],[166.6021,69.4979,1.1928],[166.6062,69.4958,0.0],[166.6167,69.5,0.0],[166.6203,69.4974,1.4219],[166.6172,69.4943,1.1987],[166.6193,69.4922,0.0],[166.6245,69.4912,0.9378],[166.6318,69.4838,0.0],[166.6479,69.4792,0.0],[166.6563,69.4792,0.0],[166.662,69.4818,0.0],[166.6609,69.4849,1.1556],[166.6641,69.4859,0.6522],[166.663,69.4891,0.699],[166.6667,69.4917,0.0],[166.662,69.4974,0.8944],[166.6568,69.4974,1.0686],[166.6578,69.4943,0.8972],[166.6563,69.4938,0.6932],[166.6375,69.4938,0.0],[166.6333,69.4917,0.4522],[166.6297,69.4943,0.6984],[166.6328,69.4974,0.5838],[166.6271,69.4979,0.7689],[166.6255,69.4995,1.3063],[166.6354,69.5,1.1273],[166.6417,69.4979,0.0],[166.6458,69.5,0.9234],[166.6687,69.5,0.0],[166.6729,69.5021,0.3249],[166.6854,69.5021,0.0],[166.6896,69.5042,2.019],[166.7083,69.5042,0.0],[166.7141,69.5078,0.3343],[166.7099,69.512,0.9439],[166.7,69.5146,0.0],[166.6958,69.5125,1.6413],[166.6771,69.5125,0.0],[166.6625,69.5083,2.2395],[166.6333,69.5062,0.0],[166.6292,69.5042,2.7305],[166.6187,69.5042,0.0],[166.6146,69.5021,2.6884],[166.5958,69.5021,0.0],[166.5917,69.5,2.7713],[166.5625,69.5,0.0],[166.5583,69.4979,2.0809],[166.55,69.5,0.0],[166.5458,69.4979,2.6136],[166.4917,69.4979,0.9331],[166.4875,69.4958,2.9332],[166.4688,69.4958,2.9786],[166.4646,69.4979,0.0],[166.4083,69.4979,19.0514],[166.4042,69.5,0.0],[166.3458,69.5,16.692],[166.3417,69.5021,0.0],[166.3083,69.5021,26.7933],[166.3042,69.5042,0.0],[166.2646,69.5042,20.6847],[166.2604,69.5062,0.0],[166.2542,69.5042,23.0268],[166.25,69.5062,5.4692],[166.2167,69.5062,35.2074],[166.2125,69.5083,0.0],[166.1917,69.5083,25.4944],[166.1875,69.5104,0.0],[166.1708,69.5104,25.8976],[166.1667,69.5125,0.0],[166.1521,69.5125,20.7507],[166.1479,69.5146,0.0],[166.1375,69.5146,2.4827],[166.1333,69.5167,0.0],[166.1187,69.5167,10.6555],[166.1146,69.5188,0.0],[166.0917,69.5208,27.4709],[166.0875,69.5229,3.2977],[166.0771,69.5229,34.6931],[166.0729,69.525,2.2008],[166.0646,69.525,11.4575],[166.0521,69.5292,0.0],[166.0292,69.5313,18.2417],[166.0104,69.5375,0.0],[165.9875,69.5396,11.6315],[165.9812,69.5437,0.0],[165.9708,69.5437,15.4577],[165.9604,69.5479,0.0],[165.9563,69.5479,2.5634],[165.9521,69.55,0.0],[165.9417,69.55,6.3018],[165.9312,69.5542,0.0],[165.9208,69.5542,16.5705],[165.9167,69.5563,0.0],[165.9021,69.5563,37.305],[165.8896,69.5604,13.8921],[165.875,69.5604,34.4944],[165.8708,69.5625,4.5259],[165.8604,69.5625,13.6802],[165.8562,69.5646,0.0],[165.8458,69.5646,5.1063],[165.8417,69.5667,0.0],[165.8208,69.5667,12.8306],[165.8167,69.5687,0.2295],[165.8083,69.5687,8.0142],[165.8042,69.5708,0.0],[165.7667,69.5708,0.37],[165.7604,69.5687,1.0473],[165.7563,69.5708,0.1148],[165.7396,69.5708,1.8154],[165.7354,69.5729,0.0],[165.7292,69.5729,0.0],[165.725,69.5708,18.6555],[165.7188,69.5729,0.0],[165.7042,69.5729,0.0],[165.6979,69.5708,21.1807],[165.6938,69.5729,0.0],[165.6687,69.5729,0.0],[165.6625,69.5708,18.4816],[165.6583,69.5729,0.0],[165.65,69.5729,0.0],[165.6458,69.5708,35.8505],[165.6333,69.5708,32.5835],[165.6271,69.5729,0.0],[165.6208,69.5708,16.9898],[165.6146,69.5729,0.0],[165.6104,69.5708,23.8833],[165.55,69.5708,0.0],[165.5458,69.5687,1.5259],[165.5417,69.5708,0.0],[165.5333,69.5708,0.0],[165.5292,69.5687,13.9458],[165.5146,69.5687,34.4659],[165.5083,69.5708,0.0],[165.5042,69.5687,35.1896],[165.5,69.5708,0.0],[165.4417,69.5708,1.2259],[165.4375,69.5729,0.0],[165.4167,69.5729,10.7007],[165.4125,69.575,0.0],[165.3896,69.575,17.5591],[165.3854,69.5771,0.0],[165.3708,69.5771,1.5294],[165.3667,69.5792,0.0],[165.3521,69.5792,5.3274],[165.3479,69.5813,0.0],[165.325,69.5813,4.8767],[165.3146,69.5854,0.0],[165.275,69.5854,4.0892],[165.2708,69.5875,0.0],[165.2646,69.5854,2.1256],[165.25,69.5854,1.4319],[165.2437,69.5875,0.0],[165.2292,69.5833,0.0],[165.2188,69.5833,0.725],[165.2161,69.5797,0.6257],[165.2083,69.5792,0.0],[165.2047,69.5828,0.6733],[165.2104,69.5854,1.0166],[165.2167,69.5854,0.0],[165.2182,69.587,1.2714],[165.2083,69.5875,1.6442],[165.2042,69.5854,2.0412],[165.1917,69.5854,0.0],[165.1875,69.5833,2.0636],[165.1812,69.5833,0.0],[165.1771,69.5813,1.9688],[165.1667,69.5813,0.0],[165.1625,69.5792,3.8469],[165.1438,69.5792,0.0],[165.1292,69.575,33.5614],[165.1125,69.575,0.0],[165.1083,69.5729,48.1158],[165.0771,69.5729,0.0],[165.0729,69.5708,15.015],[165.0625,69.5708,0.0],[165.0583,69.5687,46.6187],[165.0271,69.5687,0.0],[165.0229,69.5667,15.3879],[165.0104,69.5667,0.0],[165.0063,69.5646,17.5507],[164.9896,69.5646,0.0],[164.9854,69.5625,20.3466],[164.9604,69.5625,0.0],[164.9563,69.5604,18.8036],[164.9333,69.5604,0.0],[164.9292,69.5583,34.0174],[164.9229,69.5604,0.0],[164.9146,69.5604,0.0],[164.9104,69.5583,18.3983],[164.9042,69.5604,0.0],[164.9,69.5583,20.5545],[164.8625,69.5583,36.2445],[164.8562,69.5604,0.0],[164.85,69.5583,38.5693],[164.8458,69.5604,4.5172],[164.8188,69.5604,12.4415],[164.8146,69.5625,0.0],[164.7979,69.5625,9.2798],[164.7937,69.5646,0.0],[164.7667,69.5646,7.4769],[164.7604,69.5667,0.0],[164.7542,69.5646,0.0],[164.75,69.5667,1.0449],[164.7354,69.5667,2.1931],[164.7312,69.5687,0.0],[164.7146,69.5687,6.5748],[164.7104,69.5708,0.0],[164.7042,69.5687,10.0345],[164.7,69.5708,0.0],[164.6771,69.5708,18.6135],[164.6729,69.5729,0.0],[164.6521,69.5729,22.6659],[164.6479,69.575,0.0],[164.6271,69.575,16.1679],[164.6229,69.5771,0.0],[164.6,69.5771,17.538],[164.5958,69.5792,0.0],[164.5875,69.5792,11.7679],[164.5833,69.5813,0.0],[164.5604,69.5813,24.1056],[164.55,69.5854,2.1625],[164.5396,69.5854,4.8034],[164.5297,69.588,18.9054],[164.525,69.5917,0.0],[164.5021,69.5938,28.3983],[164.4974,69.5974,0.0],[164.4875,69.6,0.81],[164.4729,69.6,0.6099],[164.4667,69.6042,0.0],[164.4479,69.6,7.6891],[164.4375,69.6042,0.2635],[164.4208,69.6042,0.0],[164.4193,69.6057,1.2759],[164.4287,69.6068,1.0358],[164.437,69.612,0.2789],[164.4349,69.6141,0.0],[164.4292,69.6146,0.9719],[164.4187,69.6188,0.0],[164.3963,69.6234,10.2293],[164.3917,69.6271,0.0],[164.3833,69.6271,11.6418],[164.3786,69.6307,0.0],[164.3646,69.6333,8.497],[164.3599,69.637,0.0],[164.3521,69.6396,0.0],[164.3313,69.6438,10.6691],[164.3286,69.6474,0.0],[164.3062,69.6521,1.2713],[164.3,69.6563,0.0],[164.2917,69.6563,0.5808],[164.2792,69.6604,0.0],[164.2688,69.6604,17.1303],[164.2672,69.662,0.0],[164.2703,69.663,0.0],[164.2688,69.6646,0.0],[164.2625,69.6625,2.8773],[164.2589,69.663,8.873],[164.2589,69.6661,1.4276],[164.262,69.6672,0.0],[164.2599,69.6703,0.7992],[164.2542,69.6708,1.9514],[164.2495,69.6745,0.0],[164.2422,69.6755,0.0],[164.2307,69.6828,0.0],[164.2234,69.6839,0.0],[164.2188,69.6875,0.0],[164.213,69.688,3.2499],[164.2099,69.6911,0.0],[164.2026,69.6922,3.6441],[164.1995,69.6974,0.5145],[164.1839,69.7005,8.2308],[164.187,69.7037,0.0],[164.1812,69.7042,3.0588],[164.1776,69.7068,6.7308],[164.1755,69.712,44.1852],[164.1787,69.7141,0.0],[164.1625,69.7146,140.9624],[164.1583,69.7125,203.6659],[164.1401,69.7099,350.9551],[164.1411,69.7068,259.196],[164.1396,69.7063,269.5283],[164.1297,69.7068,304.6595],[164.1266,69.712,373.1667],[164.1208,69.7125,366.4911],[164.1193,69.7141,307.328],[164.125,69.7167,226.6314],[164.1563,69.7146,162.5322],[164.1604,69.7167,75.3503],[164.1682,69.7172,43.5316],[164.1672,69.7203,64.67],[164.1687,69.7208,67.0098],[164.1766,69.7214,0.0],[164.1667,69.725,166.5284],[164.1563,69.725,252.5889],[164.1521,69.7271,351.3654],[164.1479,69.725,293.3017],[164.1339,69.7234,255.4738],[164.1297,69.7286,213.4593],[164.1391,69.7297,227.2458],[164.138,69.7328,127.3642],[164.1396,69.7333,109.0848],[164.1474,69.7338,90.9693],[164.137,69.7453,0.0],[164.1292,69.7479,0.0],[164.1062,69.7479,3.7141],[164.1021,69.75,0.0],[164.0562,69.75,24.8325],[164.05,69.7521,0.0],[164.0458,69.75,29.7918],[164.0375,69.75,37.9477],[164.0333,69.7521,0.0],[164.025,69.7521,46.6598],[164.0208,69.7542,15.6362],[164.0125,69.7542,0.0],[164.0083,69.7521,49.657],[163.9958,69.7521,0.0],[163.9917,69.75,26.6732],[163.9839,69.7495,0.0],[163.9912,69.7464,38.2194],[163.9854,69.7438,0.0],[163.9672,69.7412,0.0],[163.963,69.7391,0.0],[163.9641,69.7359,48.3344],[163.9568,69.7328,0.0],[163.9578,69.7297,0.0],[163.9203,69.7109,13.1835],[163.913,69.7099,0.0],[163.9021,69.7042,3.9789],[163.8943,69.7037,0.0],[163.8792,69.6958,15.4179],[163.8729,69.6958,0.0],[163.8662,69.6922,7.3802],[163.8583,69.6917,0.0],[163.8542,69.6896,0.0],[163.8479,69.6896,0.0],[163.8396,69.6854,20.2959],[163.8292,69.6854,0.0],[163.8146,69.6813,1.4208],[163.8083,69.6813,0.0],[163.8042,69.6792,12.5573],[163.7917,69.6792,0.0],[163.7875,69.6771,9.0286],[163.7583,69.6771,0.0],[163.7521,69.675,18.6349],[163.7458,69.6771,0.0],[163.7417,69.675,1.3647],[163.7188,69.675,0.0],[163.7146,69.6729,45.9796],[163.6833,69.6729,0.0],[163.6792,69.6708,30.7788],[163.5583,69.6708,9.846],[163.5542,69.6729,0.0],[163.5458,69.6729,0.0],[163.5396,69.6708,18.2892],[163.5354,69.6729,4.6483],[163.5021,69.6729,16.8403],[163.4979,69.675,0.0],[163.4896,69.6729,28.1809],[163.4792,69.6771,0.0],[163.4708,69.675,77.1829],[163.4667,69.6771,71.7929],[163.4625,69.6771,89.6938],[163.4578,69.6807,36.2041],[163.4396,69.6854,14.2848],[163.4187,69.6854,20.233],[163.4005,69.6901,14.2836],[163.3958,69.6937,10.5848],[163.3813,69.6937,79.2011],[163.3687,69.6979,53.5421],[163.3583,69.6979,49.2856],[163.3542,69.7,7.3319],[163.3458,69.7,38.01],[163.3417,69.7021,0.0],[163.3313,69.7021,25.4708],[163.3271,69.7042,0.0],[163.3,69.7042,75.4711],[163.2958,69.7021,94.7213],[163.2917,69.7042,60.6425],[163.2708,69.7042,0.0],[163.2667,69.7021,4.3152],[163.2312,69.7021,0.0],[163.2271,69.7,57.77],[163.2146,69.7,60.7026],[163.2104,69.6979,177.1972],[163.1979,69.6979,97.7023],[163.1964,69.6974,55.7575],[163.1974,69.6943,197.1618],[163.1958,69.6937,196.9902],[163.1854,69.6937,108.3486],[163.1771,69.6896,135.7293],[163.1479,69.6875,0.0],[163.138,69.6849,0.0],[163.1313,69.6813,74.9202],[163.125,69.6813,21.2721],[163.1193,69.6787,107.453],[163.1203,69.6755,185.9581],[163.1187,69.675,203.6387],[163.1104,69.675,127.6491],[163.1042,69.6771,0.0],[163.0896,69.6729,49.2679],[163.0625,69.6708,0.0],[163.0583,69.6687,27.7575],[163.0521,69.6708,0.0],[163.0437,69.6708,0.0],[163.0396,69.6687,28.2349],[163.0292,69.6687,0.0],[163.025,69.6667,7.7446],[162.9979,69.6625,0.0],[162.9937,69.6604,20.127],[162.9833,69.6604,0.0],[162.975,69.6563,27.9924],[162.9625,69.6563,0.0],[162.9583,69.6542,23.7226],[162.9167,69.6542,0.0],[162.8932,69.6422,0.0],[162.8875,69.6417,0.0],[162.8807,69.638,0.0],[162.8729,69.6375,0.0],[162.8687,69.6354,17.9754],[162.8313,69.6354,28.0306],[162.8271,69.6375,0.0],[162.8104,69.6375,23.9483],[162.8062,69.6396,0.0],[162.7875,69.6396,32.9174],[162.7792,69.6354,30.3144],[162.7667,69.6354,0.0],[162.7625,69.6333,31.4177],[162.75,69.6333,41.7364],[162.7458,69.6354,7.5376],[162.7292,69.6354,24.3115],[162.7229,69.6396,0.0],[162.7146,69.6375,19.4175],[162.7083,69.6417,0.0],[162.6729,69.65,18.3212],[162.6667,69.6542,0.0],[162.6458,69.6583,40.7842],[162.6396,69.6646,0.0],[162.6229,69.6646,86.1786],[162.6187,69.6667,30.8701],[162.5938,69.6687,39.8306],[162.5896,69.6708,0.0],[162.5833,69.6708,0.0],[162.5688,69.6667,12.9593],[162.55,69.6667,0.0],[162.5464,69.6641,7.2493],[162.5453,69.6609,19.7932],[162.5396,69.6604,0.0],[162.5313,69.6563,1.8843],[162.488,69.6557,0.0],[162.4932,69.6495,0.0],[162.4901,69.6464,0.0],[162.5016,69.6474,0.3973],[162.5047,69.6443,0.0],[162.5099,69.6432,1.1394],[162.5151,69.638,0.0],[162.5224,69.637,0.0],[162.5245,69.6349,0.0],[162.5229,69.6333,0.0],[162.5146,69.6333,1.1986],[162.5068,69.6359,0.5702],[162.5036,69.6391,0.0],[162.4896,69.6417,0.9558],[162.4849,69.6453,0.0],[162.4776,69.6464,6.4049],[162.4714,69.6526,0.0],[162.4745,69.6547,1.762],[162.4729,69.6563,0.0],[162.4646,69.6542,2.6291],[162.4583,69.6563,0.0],[162.4542,69.6542,3.1414],[162.4479,69.6563,0.0],[162.4417,69.6542,4.2128],[162.4375,69.6563,0.0],[162.4125,69.6583,6.5559],[162.3963,69.663,0.0],[162.3854,69.6729,0.0],[162.3625,69.675,5.1872],[162.3609,69.6734,0.0],[162.363,69.6713,0.0],[162.3786,69.6682,15.7198],[162.3807,69.6651,16.5169],[162.3776,69.663,14.0828],[162.3849,69.6557,18.1564],[162.3829,69.654,17.7649],[162.385,69.6467,14.07],[162.3696,69.6391,13.0081],[162.3594,69.6289,13.9712],[162.3555,69.6288,11.3698],[162.3679,69.5878,112.5473],[162.3121,69.546,200.8673],[162.2938,69.5133,98.5309],[162.1947,69.4963,43.7963],[162.2991,69.4422,109.6025],[162.2619,69.3917,210.2357],[162.39,69.369,444.6253],[162.4133,69.3401,284.4373],[162.4026,69.2932,406.1243],[162.7004,69.1583,441.5294],[162.7056,69.1291,427.2545],[162.5053,69.1128,639.6346],[162.4635,69.0724,427.086],[162.439,68.9634,459.1918],[162.4992,68.9227,233.632],[162.5591,68.9099,270.2946],[162.6706,68.8986,325.6858],[162.7201,68.8505,240.9295],[162.773,68.8195,308.4654],[162.6756,68.7571,273.0264],[162.5514,68.7277,355.2224],[162.564,68.6707,266.7957],[162.6772,68.6386,451.1006],[162.628,68.5916,501.0604],[162.6427,68.5488,638.6281],[162.5203,68.5213,335.8083],[162.5325,68.4251,142.6944],[162.4745,68.3857,115.9044],[162.4817,68.302,124.4739],[162.4006,68.2514,219.8965],[162.0237,68.3163,44.5325],[161.4075,68.3858,14.2441],[161.2655,68.3737,5.3925],[160.95,68.2677,5.2308],[160.7359,68.2356,10.457],[160.2979,68.257,44.3764],[159.9906,68.264,57.2304],[159.888,68.2542,56.5591],[159.8111,68.2235,56.8638],[159.744,68.1636,49.1777],[159.6517,68.1829,60.9521],[159.5887,68.1903,28.0502],[159.5322,68.1746,27.7313],[159.4313,68.1761,67.0892],[159.3774,68.205,73.9018],[159.3466,68.2117,56.2753],[159.2491,68.1736,71.1631],[159.167,68.1571,64.1244],[159.1177,68.1509,85.6917],[158.959,68.0871,185.6461],[158.8066,68.0987,168.4743],[158.5896,68.0956,81.2106],[158.4063,68.0456,85.3178],[158.3237,67.9623,53.3715],[158.3189,67.9145,98.02],[158.2582,67.8816,118.5229],[158.1702,67.8416,161.9115],[158.2256,67.7897,162.9043],[158.352,67.7644,193.2564],[158.3614,67.7449,239.7099],[158.3071,67.7092,191.8681],[158.1691,67.6862,282.5328],[158.043,67.6944,224.2295],[157.882,67.6797,236.9794],[157.8715,67.6032,243.6628],[157.8305,67.5441,193.4529],[157.8513,67.4528,289.2339],[157.9683,67.3709,247.0995],[157.9573,67.3028,270.1368],[157.9402,67.2554,437.673],[157.9698,67.2269,298.0723],[158.1546,67.2039,747.1468],[158.2075,67.162,412.091],[158.285,67.1477,621.6122],[158.3474,67.1028,591.5999],[158.5216,67.0919,413.7739],[158.665,67.0683,397.1821],[158.8251,67.0324,262.557],[158.8595,66.9705,269.2098],[158.8314,66.9161,339.0389],[158.8171,66.878,478.0057],[158.9762,66.7984,324.2272],[158.9966,66.7639,445.1129],[158.8444,66.7297,448.9199],[158.7785,66.6767,365.6547],[158.7884,66.6278,283.7454],[158.6846,66.5783,369.1854],[158.6126,66.5244,324.2857],[158.575,66.4594,520.4689],[158.456,66.426,495.5153],[158.4982,66.3842,403.2107],[158.496,66.3599,494.3034],[158.5754,66.3175,420.7224],[158.7094,66.3131,592.5753],[158.7463,66.2663,509.722],[158.9713,66.2086,228.6334],[159.1385,66.2013,153.0375],[159.244,66.2025,151.6919],[159.2323,66.1658,160.8142],[159.0472,66.0624,161.9207],[158.9783,65.9901,167.9773],[158.9613,65.8833,188.2127],[158.9682,65.7502,237.1408],[159.1305,65.6744,197.4216],[159.3952,65.6245,204.6655],[159.6137,65.6045,211.4679],[159.7687,65.5783,236.5142],[159.8512,65.5252,220.6306],[159.9993,65.5091,230.2004],[160.1321,65.5,250.5225],[160.1884,65.4614,234.5096],[160.2253,65.381,239.2071],[160.4563,65.2527,258.3115],[160.6401,65.1753,269.4429],[160.8217,65.1521,284.6869],[161.0819,65.1518,311.6345],[161.3069,65.124,336.851],[161.534,65.0546,384.7637],[161.686,65.0433,411.2491],[161.7822,64.9402,610.0381],[161.9075,64.8499,673.9037],[162.1087,64.7897,553.9017],[162.4776,64.7533,606.3027],[162.5819,64.7549,620.9899],[162.6429,64.733,704.2491],[162.7085,64.6886,829.2497],[162.7915,64.6612,714.1561],[162.9806,64.6615,774.8186],[163.1175,64.6639,1083.9015],[163.2343,64.6692,1162.7476],[163.2292,64.709,1112.2915],[163.1531,64.7419,1105.083],[163.1582,64.7768,1172.2233],[163.2082,64.7927,1042.1865],[163.3151,64.7842,885.0112],[163.421,64.8338,1122.8245],[163.5023,64.8849,889.5881],[163.5322,64.9113,1078.6083],[163.5941,64.8886,916.1058],[163.7145,64.884,1086.363],[163.7948,64.8523,966.9028],[163.9656,64.8553,859.8879],[164.058,64.8896,851.6064],[164.1886,64.8888,673.4445],[164.3794,64.8388,866.935],[164.5374,64.7898,1053.2865],[164.5859,64.7642,1153.7031],[164.7055,64.7634,915.2368],[164.7691,64.7318,999.8301],[164.8165,64.6966,974.4479],[164.8349,64.6584,755.6143],[164.8727,64.6438,1037.7861],[164.9543,64.6698,881.6471],[164.9494,64.7147,810.1848],[164.9069,64.7544,748.876],[164.9519,64.7896,723.692],[165.1119,64.8129,722.8452],[165.2035,64.798,903.6425],[165.262,64.759,528.5673],[165.2849,64.7232,545.0206],[165.4988,64.7099,824.5295],[165.6529,64.7142,575.371],[165.7074,64.6869,668.4822],[165.7221,64.6351,638.4083],[165.7714,64.5897,782.4216],[165.7625,64.5677,487.794],[165.7336,64.5312,683.2073],[165.8049,64.5124,456.4617],[165.9154,64.5227,646.0919],[166.0182,64.5865,793.6471],[166.1408,64.5647,724.7679],[166.3093,64.5514,522.6624],[166.4106,64.4955,624.4104],[166.4733,64.4715,533.2787],[166.6383,64.4939,715.3062],[166.7624,64.4844,609.9323],[166.9236,64.5132,653.5643],[166.9971,64.554,772.666],[167.0269,64.578,633.5345],[167.0955,64.5874,695.3878],[167.1438,64.5406,724.251],[167.2494,64.4681,672.0349],[167.3527,64.4192,349.7138],[167.5121,64.3839,621.2449],[167.5082,64.3333,395.4724],[167.5258,64.2866,333.4757],[167.5929,64.2741,733.7682],[167.7332,64.2949,692.9936],[167.7513,64.2441,659.9812],[167.8439,64.2305,817.096],[167.9995,64.2481,528.6844],[168.0975,64.2872,643.5217],[168.152,64.2711,853.8602],[168.3424,64.2909,576.3555],[168.378,64.2089,409.0288],[168.4447,64.1674,213.562],[168.6419,64.148,217.9674],[168.6651,64.0521,450.6056],[168.7186,63.9756,348.136],[168.8248,63.9319,241.7247],[168.8627,63.9001,197.6217],[169.0063,63.8862,308.7777],[169.1047,63.8895,311.578],[169.2,63.8678,219.215],[169.1896,63.8099,222.2258],[169.3337,63.7713,134.5545],[169.3596,63.708,200.1654],[169.4083,63.6178,224.3167],[169.4471,63.5808,277.4767],[169.3798,63.5384,513.3704],[169.3906,63.5134,418.4792],[169.2846,63.4734,315.0157],[169.1675,63.4582,531.2162],[169.1136,63.454,352.1463],[169.0288,63.4217,284.5338],[168.9422,63.3517,283.8822],[168.8067,63.3288,281.8223],[168.7619,63.2728,275.1823],[168.681,63.248,211.1646],[168.6827,63.1776,327.579],[168.6293,63.1647,504.5541],[168.5598,63.1143,389.2915],[168.4346,63.1022,316.2818],[168.4001,63.0685,233.9312],[168.3037,63.0516,183.0076],[168.2931,63.0071,338.9353],[168.4328,62.9581,249.6605],[168.5539,62.9384,214.4865],[168.621,62.8913,233.5475],[168.7969,62.8581,268.5191],[168.9528,62.8754,295.8446],[169.1533,62.8165,355.1111],[169.2331,62.7743,389.0034],[169.4207,62.7169,479.4344],[169.4996,62.655,562.9579],[169.539,62.6211,823.6256],[169.6312,62.6231,843.8887],[169.717,62.5847,637.7973],[169.8242,62.5806,642.2062],[169.8644,62.5263,817.0266],[169.8353,62.4527,1100.2975],[169.9368,62.4036,847.7889],[169.9122,62.3626,1130.1311],[169.9906,62.3202,1068.4911],[169.9841,62.2873,1260.1696],[170.0263,62.2593,1158.1062],[170.0296,62.2206,1044.197],[170.0892,62.1967,1093.3743],[170.1605,62.2122,965.5286],[170.221,62.2504,1396.8531],[170.2996,62.2329,1086.8389],[170.4969,62.2127,1131.2244],[170.6083,62.173,860.4435],[170.6984,62.1703,740.5187],[170.7277,62.2046,1000.4019],[170.8203,62.2046,889.5405],[170.9012,62.2173,1031.2622],[170.9046,62.2563,917.9578],[171.0,62.2619,844.5706],[171.0335,62.3065,864.9513],[171.0914,62.32,1128.5104],[171.1244,62.3087,924.6434],[171.1103,62.2473,740.0553],[171.1623,62.2541,1066.1099],[171.2171,62.2838,764.7417],[171.2513,62.2792,784.9913],[171.2309,62.2324,613.7086],[171.3826,62.252,526.7855],[171.4599,62.2826,521.8663],[171.6804,62.3063,637.1719],[171.6849,62.3341,821.7046],[171.7502,62.3642,800.8975],[171.7907,62.3623,993.7657],[171.8632,62.3921,524.2859],[171.9394,62.412,555.9781],[172.0599,62.3889,451.9873],[172.1084,62.3467,759.3541],[172.2712,62.3503,299.5281],[172.3315,62.3779,567.3948],[172.4659,62.3917,314.601],[172.6524,62.358,336.086],[172.7692,62.3105,295.3307],[172.8507,62.3473,285.4756],[172.9518,62.3596,369.0469],[173.0209,62.3824,636.5269],[173.0799,62.4066,489.4504],[173.2303,62.431,669.5762],[173.3978,62.4679,567.5615],[173.5315,62.4762,305.4412],[173.6733,62.4997,313.2569],[173.7817,62.484,241.2228],[173.8285,62.4406,123.8256],[173.9549,62.4364,296.9789],[174.0423,62.4049,209.0986],[174.092,62.3294,252.5896],[174.001,62.2936,431.2566],[173.925,62.2386,305.6217],[174.0293,62.2097,453.2575],[174.0596,62.1552,604.2003],[174.0506,62.0887,112.8032],[174.1187,62.0654,354.9013],[174.2378,62.0793,512.0607],[174.2788,62.0449,368.8784],[174.2802,61.9958,315.0095],[174.3609,61.9642,294.9657],[174.3804,61.9174,15.2579],[174.3844,61.9018,15.2239],[174.4555,61.872,172.2193],[174.4517,61.8403,150.3708],[174.4429,61.8247,341.9914],[174.4365,61.8253,112.706],[174.4,61.8209,2.9882],[174.4292,61.8208,0.0],[174.4333,61.8229,31.3161],[174.4443,61.8151,0.0],[174.4495,61.8141,110.7293],[174.4464,61.8109,0.0],[174.4557,61.8099,8.2836],[174.4604,61.8063,0.0],[174.4688,61.8063,0.0],[174.4729,61.8083,34.1151],[174.5083,61.8083,0.0],[174.5099,61.8089,0.0],[174.5089,61.812,35.1153],[174.5188,61.8125,0.0],[174.525,61.8167,0.0],[174.5333,61.8167,0.0],[174.5375,61.8187,0.0],[174.55,61.8187,0.0],[174.5542,61.8208,0.0],[174.5646,61.8208,0.0],[174.5688,61.8229,9.8493],[174.575,61.8208,0.0],[174.5833,61.8208,0.0],[174.5875,61.8229,7.5867],[174.5958,61.8229,0.0],[174.6062,61.8271,9.38],[174.612,61.8276,0.0],[174.6167,61.8312,2.5206],[174.6375,61.8333,0.0],[174.6391,61.8339,0.0],[174.638,61.837,0.0],[174.6479,61.8375,0.0],[174.6542,61.8417,0.0],[174.6625,61.8417,0.0],[174.6854,61.8479,0.0],[174.6938,61.8479,0.0],[174.7042,61.8521,20.3465],[174.7167,61.8521,0.0],[174.7307,61.8609,0.0],[174.7297,61.8641,42.1202],[174.7328,61.8651,0.0],[174.7318,61.8682,60.2023],[174.7349,61.8693,0.0],[174.7318,61.8734,106.4792],[174.7349,61.8755,5.4307],[174.7339,61.8786,159.5472],[174.7396,61.8812,0.0],[174.7474,61.8818,0.0],[174.7505,61.887,2.1502],[174.7599,61.8901,0.0],[174.7589,61.8932,3.9915],[174.762,61.8953,0.0],[174.75,61.8958,0.0],[174.7484,61.8964,0.0],[174.7495,61.8995,0.0],[174.7417,61.9,1.0677],[174.7297,61.9047,1.0673],[174.7312,61.9083,0.0],[174.7287,61.912,0.0],[174.7229,61.9125,2.2155],[174.7229,61.9146,0.6986],[174.713,61.9151,2.4915],[174.7161,61.9182,0.0],[174.7047,61.9214,6.768],[174.7057,61.9266,0.0],[174.6979,61.9292,0.0],[174.6901,61.9297,4.2771],[174.6891,61.9328,0.0],[174.6839,61.9339,11.3534],[174.6807,61.9391,0.0],[174.6755,61.9401,12.0906],[174.6724,61.9453,0.0],[174.6672,61.9464,0.0],[174.6682,61.9495,0.0],[174.6604,61.95,0.0],[174.6547,61.9526,5.047],[174.6526,61.9557,1.0763],[174.6578,61.9578,0.0],[174.6484,61.9609,5.0608],[174.6453,61.9661,0.0],[174.6401,61.9672,24.4803],[174.6411,61.9703,0.0],[174.6318,61.9714,16.0775],[174.6375,61.975,0.0],[174.6583,61.9771,0.0],[174.6662,61.9745,0.0],[174.663,61.9714,0.0],[174.6682,61.9703,0.0],[174.6714,61.9672,0.0],[174.6849,61.9661,7.8924],[174.6818,61.9641,0.0],[174.6833,61.9625,0.0],[174.6938,61.9625,0.0],[174.6979,61.9646,0.0],[174.7021,61.9625,0.0],[174.7099,61.962,11.0077],[174.7068,61.9589,0.0],[174.7182,61.9557,27.3446],[174.7151,61.9536,0.0],[174.7172,61.9505,0.0],[174.7287,61.9474,4.2343],[174.7297,61.9443,0.0],[174.7349,61.9432,1.487],[174.7396,61.9375,0.0],[174.7542,61.9375,0.0],[174.7583,61.9396,1.2468],[174.7646,61.9396,0.0],[174.7875,61.9479,0.0],[174.8062,61.9479,0.0],[174.8104,61.9458,0.0],[174.825,61.9458,0.4216],[174.8292,61.9437,0.0],[174.8354,61.9437,0.0],[174.8396,61.9417,0.0],[174.85,61.9417,0.0],[174.8542,61.9396,0.0],[174.8641,61.9411,0.0],[174.8599,61.9339,2.9807],[174.8479,61.9333,0.0],[174.8479,61.9313,0.0],[174.8438,61.9292,2.571],[174.8396,61.9313,0.0],[174.8276,61.9307,0.0],[174.8297,61.9276,0.0],[174.8349,61.9255,0.0],[174.8276,61.9245,0.0],[174.825,61.9229,2.0555],[174.825,61.9208,3.9307],[174.8313,61.9208,0.0],[174.8354,61.9229,0.0],[174.8453,61.9234,0.0],[174.8443,61.9266,4.288],[174.8458,61.9271,4.0798],[174.8542,61.9271,0.0],[174.875,61.9354,4.03],[174.8792,61.9354,0.0],[174.8833,61.9375,4.4548],[174.8917,61.9375,0.0],[174.8979,61.9417,0.0],[174.9021,61.9417,0.0],[174.9208,61.9479,0.0],[174.9292,61.9479,0.0],[174.9354,61.9521,4.5829],[174.9396,61.9521,0.0],[174.95,61.9562,0.0],[174.9583,61.9562,0.0],[174.9667,61.9604,4.6282],[174.9729,61.9604,0.0],[174.9771,61.9625,4.6038],[174.9979,61.9625,0.0],[175.0021,61.9646,2.3898],[175.0104,61.9646,0.0],[175.0146,61.9667,1.9393],[175.0271,61.9667,0.0],[175.0313,61.9688,0.0],[175.0479,61.9688,0.0],[175.0604,61.9729,11.9649],[175.0729,61.9729,0.0],[175.0792,61.9771,67.5959],[175.0875,61.9771,0.0],[175.0979,61.9813,39.8932],[175.1104,61.9833,0.0],[175.1208,61.9875,4.7876],[175.1266,61.988,0.0],[175.1297,61.9911,21.7876],[175.1396,61.9938,25.4666],[175.1563,61.9938,0.0],[175.1604,61.9958,0.0],[175.1687,61.9958,0.0],[175.1792,62.0,0.0],[175.1875,62.0,0.0],[175.1917,62.0021,17.0199],[175.1958,62.0021,0.0],[175.2063,62.0062,0.0],[175.2203,62.0089,0.0],[175.2292,62.0146,0.0],[175.2349,62.013,0.0],[175.2339,62.0161,0.0],[175.2474,62.0214,0.0],[175.2464,62.0245,21.5857],[175.2536,62.0255,0.0],[175.2599,62.0297,0.0],[175.263,62.0349,91.2025],[175.2724,62.0359,0.0],[175.2755,62.0411,2.649],[175.2786,62.0422,0.0],[175.2734,62.0453,68.2392],[175.2849,62.0526,0.0],[175.2839,62.0557,1.55],[175.2932,62.0609,2.0392],[175.2912,62.0661,0.0],[175.2859,62.0672,5.2574],[175.2839,62.0693,7.9831],[175.287,62.0714,0.0],[175.2859,62.0745,0.0],[175.287,62.0766,0.0],[175.2839,62.0776,0.0],[175.2854,62.0812,0.0],[175.2839,62.0839,0.0],[175.2849,62.0891,0.0],[175.2797,62.0901,0.0],[175.2713,62.0964,0.0],[175.2745,62.0995,0.0],[175.2724,62.1016,0.0],[175.2672,62.1026,0.0],[175.2703,62.1057,0.0],[175.2651,62.1068,1.6188],[175.262,62.112,0.2107],[175.2526,62.113,0.7528],[175.2542,62.1167,0.0],[175.2526,62.1203,0.0],[175.2599,62.1255,0.0],[175.2589,62.1307,0.0],[175.262,62.1318,0.0],[175.2609,62.1349,8.7988],[175.2651,62.137,4.8362],[175.2813,62.1417,0.5081],[175.287,62.1411,0.0],[175.2849,62.138,0.0],[175.2818,62.137,0.0],[175.2828,62.1339,0.0],[175.2766,62.1297,0.0],[175.2693,62.1286,0.0],[175.2745,62.1266,0.0],[175.275,62.125,0.0],[175.2724,62.1214,0.0],[175.2672,62.1182,0.0],[175.2693,62.113,0.0],[175.2745,62.112,0.9537],[175.2818,62.1068,0.0],[175.287,62.1057,1.1003],[175.2943,62.0964,0.0],[175.3042,62.0958,0.0],[175.3083,62.0979,0.0],[175.3141,62.0974,2.1572],[175.3068,62.0901,0.0],[175.3125,62.0917,0.0],[175.3167,62.0896,1.3487],[175.3208,62.0896,0.0],[175.3266,62.0922,0.0],[175.3318,62.0995,0.0],[175.3391,62.1005,0.0],[175.3438,62.1042,0.0],[175.3479,62.1042,0.0],[175.3521,62.1063,0.0],[175.3604,62.1063,0.0],[175.3646,62.1083,0.0],[175.3771,62.1083,0.0],[175.3813,62.1063,0.0],[175.4083,62.1063,0.0],[175.4141,62.1089,0.0],[175.413,62.112,0.0],[175.4203,62.113,0.0],[175.4187,62.1167,0.0],[175.4208,62.1188,0.0],[175.425,62.1188,0.0],[175.4287,62.1161,0.0],[175.4255,62.113,0.0],[175.4354,62.1125,5.7823],[175.4422,62.1161,5.3432],[175.4495,62.1172,4.9072],[175.4542,62.1208,1.9665],[175.4625,62.1208,0.0],[175.4672,62.1245,5.1051],[175.4828,62.1276,0.0],[175.4875,62.1312,3.6198],[175.4958,62.1312,0.0],[175.5026,62.1349,4.5867],[175.5161,62.138,5.5739],[175.5208,62.1417,3.0293],[175.5292,62.1417,0.0],[175.5359,62.1453,5.3429],[175.5495,62.1484,0.0],[175.5547,62.1516,31.3505],[175.5708,62.1542,0.0],[175.5792,62.1583,27.4082],[175.5979,62.1604,0.0],[175.6125,62.1667,21.7887],[175.6208,62.1667,0.0],[175.6292,62.1708,17.1497],[175.6438,62.1729,0.0],[175.6521,62.1771,6.6183],[175.6599,62.1776,0.0],[175.6667,62.1813,22.2851],[175.675,62.1813,0.0],[175.6854,62.1854,0.0],[175.6911,62.1859,0.0],[175.6979,62.1896,12.7694],[175.7042,62.1896,0.0],[175.7167,62.1937,3.6965],[175.725,62.1937,0.0],[175.7521,62.2021,12.1159],[175.7604,62.2021,0.0],[175.775,62.2083,7.0112],[175.7833,62.2083,0.0],[175.7937,62.2125,23.9438],[175.8021,62.2125,0.0],[175.8062,62.2146,28.5426],[175.8271,62.2167,0.0],[175.8583,62.225,0.0],[175.8667,62.225,0.0],[175.8792,62.2292,0.0],[175.8854,62.2292,0.0],[175.9146,62.2375,4.5309],[175.9208,62.2375,0.0],[175.9266,62.2401,3.6356],[175.9255,62.2432,1.4419],[175.9312,62.2458,1.9973],[175.9354,62.2438,1.6397],[175.9396,62.2458,1.5749],[175.9563,62.2458,3.9621],[175.9604,62.2479,1.7162],[175.9688,62.2479,0.0],[175.9812,62.2521,2.8038],[175.9854,62.25,0.0],[175.9896,62.25,0.0],[175.9979,62.2542,4.8832],[176.0104,62.2542,0.0],[176.0146,62.2562,3.278],[176.0229,62.2562,0.0],[176.0458,62.2625,1.8026],[176.075,62.2646,0.0],[176.0792,62.2667,0.0],[176.0875,62.2667,0.0],[176.0917,62.2687,0.0],[176.0958,62.2687,0.0],[176.1,62.2708,17.9188],[176.1083,62.2708,0.0],[176.1125,62.2729,4.2852],[176.1292,62.2729,0.0],[176.1333,62.275,9.17],[176.1542,62.275,0.0],[176.1583,62.2771,11.5202],[176.1667,62.2771,3.0603],[176.1708,62.2792,2.6533],[176.175,62.2771,0.0],[176.1792,62.2771,0.0],[176.1833,62.2792,8.7915],[176.2,62.2792,0.0],[176.2063,62.2813,19.225],[176.2104,62.2792,0.0],[176.2146,62.2813,4.317],[176.2229,62.2813,0.0],[176.2333,62.2854,20.4158],[176.2458,62.2854,0.0],[176.25,62.2875,8.6157],[176.2625,62.2875,0.0],[176.2667,62.2896,0.0],[176.2708,62.2896,0.0],[176.2792,62.2938,12.2842],[176.2854,62.2938,0.0],[176.2937,62.2979,0.0],[176.2995,62.2984,0.0],[176.3026,62.3016,9.1552],[176.3083,62.3021,4.0768],[176.313,62.3057,11.3507],[176.3203,62.3068,0.0],[176.3276,62.312,6.5428],[176.3432,62.3151,0.0],[176.3422,62.3182,0.0],[176.3516,62.3234,0.0],[176.3505,62.3266,27.4808],[176.3562,62.3271,0.0],[176.362,62.3297,0.0],[176.3745,62.338,0.0],[176.3734,62.3411,8.6133],[176.3828,62.3443,0.0],[176.3859,62.3495,9.3505],[176.3932,62.3505,0.0],[176.3953,62.3547,3.9177],[176.4026,62.3599,1.9094],[176.4099,62.3609,0.0],[176.4172,62.3661,5.1572],[176.4245,62.3672,0.0],[176.438,62.3766,3.5701],[176.4474,62.3797,4.0428],[176.4588,62.387,1.2423],[176.4688,62.3896,1.7269],[176.4787,62.3901,0.0],[176.4776,62.3932,2.936],[176.4849,62.3943,4.6189],[176.4922,62.3995,5.9829],[176.5104,62.4021,0.0],[176.5141,62.4047,0.0],[176.5151,62.4078,20.3033],[176.525,62.4083,0.0],[176.5297,62.412,0.0],[176.5437,62.4146,0.0],[176.5583,62.4208,14.7886],[176.5667,62.4208,0.0],[176.5766,62.4234,0.0],[176.5813,62.4271,33.8257],[176.5896,62.4271,0.0],[176.6021,62.4313,0.0],[176.6062,62.4313,0.0],[176.6125,62.4354,21.7912],[176.6333,62.4375,0.0],[176.6349,62.438,0.0],[176.6339,62.4411,5.3318],[176.6354,62.4417,2.2971],[176.6438,62.4417,0.0],[176.662,62.4464,0.0],[176.6667,62.45,5.1418],[176.675,62.45,0.0],[176.6849,62.4526,0.0],[176.6833,62.4542,5.7309],[176.6771,62.4542,0.0],[176.6729,62.4562,0.0],[176.6687,62.4542,0.7686],[176.6646,62.4562,0.0],[176.6542,62.4562,0.0],[176.6505,62.4536,0.1286],[176.6474,62.4484,-0.018],[176.6396,62.4479,0.0117],[176.6255,62.4547,1.1696],[176.6286,62.4578,0.0],[176.6234,62.4589,1.6374],[176.6245,62.4661,0.0],[176.6193,62.4672,0.0],[176.6167,62.4708,13.0055],[176.6193,62.4745,0.0],[176.6266,62.4755,0.5799],[176.6411,62.4818,0.6821],[176.6401,62.4849,0.6972],[176.6484,62.4891,0.7132],[176.6599,62.4901,0.0],[176.6625,62.4938,0.0],[176.6609,62.4974,0.3183],[176.6641,62.4984,0.53],[176.6667,62.5021,0.0],[176.663,62.5068,0.2706],[176.6662,62.5089,0.7238],[176.6651,62.512,0.9564],[176.6708,62.5146,0.4344],[176.6875,62.5146,0.0],[176.6932,62.5172,0.5836],[176.688,62.5203,0.0],[176.6979,62.5229,0.0],[176.7104,62.5229,0.0],[176.7312,62.5292,3.0711],[176.7563,62.5292,0.0],[176.7604,62.5313,3.6298],[176.7667,62.5313,1.6872],[176.7734,62.5276,0.0],[176.7849,62.5245,4.2364],[176.7891,62.5214,1.0752],[176.787,62.5193,1.8528],[176.7771,62.5167,3.4133],[176.7547,62.5141,0.0],[176.7526,62.5109,0.0],[176.7604,62.5104,0.0],[176.762,62.5089,0.0],[176.7479,62.5062,0.0],[176.7307,62.4984,2.5095],[176.7234,62.4974,0.0],[176.7208,62.4938,3.5407],[176.7229,62.4917,0.0],[176.7437,62.4979,0.0],[176.7495,62.4974,0.0],[176.7516,62.4943,1.075],[176.7417,62.4938,0.0],[176.7359,62.4911,0.0],[176.737,62.488,0.0],[176.7297,62.487,0.0],[176.7245,62.4797,4.7617],[176.7172,62.4786,0.0],[176.713,62.4766,0.0],[176.7109,62.4734,0.0],[176.7167,62.4729,0.0],[176.7292,62.4771,0.0],[176.7458,62.4771,0.0],[176.75,62.4792,0.0],[176.7583,62.4792,0.0],[176.7672,62.4849,0.0],[176.7854,62.4896,4.0851],[176.7937,62.4896,0.0],[176.7953,62.488,0.0],[176.7875,62.4833,4.1265],[176.7833,62.4854,0.0],[176.7766,62.4818,0.0],[176.7693,62.4807,0.0],[176.7646,62.4771,3.9928],[176.7604,62.4771,0.0],[176.7563,62.475,4.7024],[176.7479,62.475,0.0],[176.7396,62.4708,2.9274],[176.7354,62.4708,0.0],[176.7312,62.4729,0.0],[176.7229,62.4729,0.0],[176.7172,62.4703,1.9919],[176.7224,62.4672,0.0],[176.7167,62.4646,0.0],[176.7068,62.4641,0.0],[176.7036,62.4609,3.1031],[176.6964,62.4599,0.0],[176.6922,62.4568,4.933],[176.7,62.4562,0.0],[176.7417,62.4688,6.947],[176.75,62.4688,0.0],[176.7568,62.4724,6.6016],[176.7625,62.4729,0.0],[176.7729,62.4771,6.7107],[176.7813,62.4771,3.32],[176.8021,62.4833,6.5616],[176.8104,62.4833,0.0],[176.8208,62.4875,5.6414],[176.85,62.4938,0.0],[176.8562,62.4979,6.3221],[176.8687,62.4979,0.0],[176.8771,62.5021,6.4852],[176.8854,62.5021,3.0314],[176.8896,62.5042,6.4333],[176.8938,62.5042,0.0],[176.8974,62.5078,6.9036],[176.8917,62.5083,0.0],[176.8875,62.5062,6.6931],[176.8667,62.5042,0.0],[176.8542,62.5,3.5281],[176.838,62.5026,0.0],[176.8396,62.5042,0.0],[176.8521,62.5042,0.0],[176.8562,62.5062,0.0],[176.8646,62.5062,0.0],[176.8687,62.5083,0.0],[176.8771,62.5083,0.0],[176.8896,62.5125,0.7908],[176.8979,62.5125,0.0],[176.9021,62.5146,0.0],[176.9083,62.5125,0.0],[176.9083,62.5146,0.7384],[176.9146,62.5167,0.0],[176.9245,62.5161,0.0],[176.9214,62.5141,0.0],[176.9229,62.5125,7.3676],[176.9333,62.5125,0.0],[176.9375,62.5146,7.4787],[176.9583,62.5167,0.0],[176.9625,62.5187,0.0],[176.9833,62.5208,0.0],[176.9937,62.525,7.2913],[177.0036,62.5255,6.7949],[177.0021,62.5271,3.8292],[176.9943,62.5276,0.0],[176.9958,62.5292,5.456],[177.0104,62.5292,1.3729],[177.0146,62.5313,0.0],[177.0333,62.5333,0.0],[177.0458,62.5375,6.9778],[177.0688,62.5375,0.0],[177.0729,62.5396,5.8006],[177.0854,62.5396,0.0],[177.0917,62.5438,6.5897],[177.0995,62.5432,5.7622],[177.1021,62.5396,0.0],[177.125,62.5396,0.0],[177.1292,62.5417,7.0134],[177.1432,62.5422,5.3576],[177.1417,62.5438,0.0],[177.1359,62.5443,0.0],[177.1375,62.5458,5.3623],[177.1458,62.5458,0.0],[177.1521,62.5417,0.0],[177.1563,62.5417,0.0],[177.1604,62.5438,7.0124],[177.1917,62.5438,0.0],[177.1958,62.5458,6.6898],[177.2396,62.5479,0.0],[177.2437,62.55,6.1898],[177.2563,62.55,5.7266],[177.2578,62.5516,5.875],[177.2417,62.5521,0.0],[177.2375,62.55,6.1331],[177.2063,62.55,0.0],[177.2021,62.5479,6.4652],[177.1812,62.5479,0.0],[177.1771,62.5458,6.736],[177.1734,62.5495,0.0],[177.1917,62.55,0.0],[177.1958,62.5521,5.8687],[177.2229,62.5521,0.0],[177.2271,62.5542,4.8288],[177.2625,62.5542,0.0],[177.2667,62.5563,5.5281],[177.2875,62.5563,0.0],[177.2917,62.5583,5.565],[177.3375,62.5583,0.0],[177.3391,62.5568,7.2991],[177.3021,62.5563,0.0],[177.2979,62.5542,6.8175],[177.2729,62.5542,0.0],[177.2708,62.5521,6.5232],[177.3167,62.5521,0.0],[177.3208,62.5542,6.9237],[177.3438,62.5542,0.0],[177.3479,62.5563,7.1927],[177.4229,62.5563,0.0],[177.4271,62.5583,16.9879],[177.4333,62.5563,0.0],[177.4688,62.5563,0.0],[177.4729,62.5583,6.0866],[177.5125,62.5583,0.0],[177.5167,62.5604,6.2149],[177.5208,62.5583,0.0],[177.55,62.5583,0.0],[177.5542,62.5604,4.1245],[177.5583,62.5583,0.0],[177.5708,62.5583,0.0],[177.5771,62.5604,2.8227],[177.5813,62.5583,0.0],[177.5854,62.5604,2.0794],[177.5896,62.5604,2.9621],[177.5938,62.5583,0.0],[177.5979,62.5604,4.0886],[177.6396,62.5604,3.0243],[177.6438,62.5625,4.1967],[177.6479,62.5625,2.2467],[177.6521,62.5583,0.0],[177.6583,62.5604,2.1352],[177.6625,62.5583,0.0],[177.6812,62.5583,3.958],[177.6854,62.5563,0.0],[177.6979,62.5604,3.0412],[177.6995,62.5599,2.8686],[177.6984,62.5568,0.0],[177.7,62.5563,0.0],[177.7188,62.5563,4.294],[177.7229,62.5542,0.0],[177.7271,62.5563,7.3642],[177.7333,62.5563,8.3802],[177.7375,62.5542,0.0],[177.775,62.5542,12.4733],[177.7792,62.5521,0.0],[177.7979,62.5521,20.8562],[177.8021,62.55,0.0],[177.8208,62.55,12.4099],[177.825,62.5479,0.0],[177.8687,62.5458,19.1763],[177.8833,62.5417,0.0],[177.8875,62.5438,27.6493],[177.8917,62.5438,36.278],[177.8958,62.5417,0.0],[177.9354,62.5417,37.9358],[177.9396,62.5396,0.0],[177.9583,62.5396,24.9531],[177.9625,62.5375,0.0],[177.9667,62.5396,39.5145],[177.9708,62.5375,0.0],[177.9917,62.5375,44.0628],[177.9958,62.5354,0.0],[178.0,62.5354,0.0],[178.0042,62.5375,41.5508],[178.0188,62.5333,0.0],[178.0229,62.5333,0.0],[178.0271,62.5354,19.8635],[178.0333,62.5333,0.0],[178.0375,62.5354,34.6769],[178.0417,62.5354,40.3598],[178.0458,62.5333,0.0],[178.05,62.5354,43.4227],[178.0542,62.5354,43.0085],[178.0583,62.5333,0.0],[178.0646,62.5333,0.0],[178.0708,62.5313,0.0],[178.075,62.5333,30.6608],[178.0833,62.5333,28.7719],[178.1016,62.5286,20.7136],[178.0984,62.5255,0.0],[178.1078,62.5245,35.4574],[178.1089,62.5214,0.0],[178.1141,62.5203,21.2537],[178.1172,62.5172,0.0],[178.1349,62.5141,115.2291],[178.1276,62.5109,0.0],[178.1417,62.5062,0.0],[178.1495,62.5057,45.098],[178.1463,62.5026,0.0],[178.1542,62.5021,28.5943],[178.1568,62.4984,0.0],[178.162,62.4974,129.5424],[178.1589,62.4943,0.0],[178.1787,62.4911,23.6657],[178.1776,62.488,0.0],[178.1792,62.4875,0.0],[178.1833,62.4875,0.0],[178.1875,62.4896,205.2657],[178.2021,62.4854,0.0],[178.2125,62.4854,220.4374],[178.2271,62.4813,0.0],[178.2333,62.4813,0.0],[178.2563,62.475,41.3143],[178.2667,62.475,90.3101],[178.2771,62.4708,0.0],[178.2875,62.4708,30.3538],[178.2979,62.4667,37.4186],[178.3125,62.4646,100.2015],[178.3292,62.4583,19.6871],[178.3479,62.4583,229.8975],[178.3625,62.4542,0.0],[178.3667,62.4542,0.0],[178.3708,62.4562,24.0171],[178.375,62.4542,4.5418],[178.3917,62.4521,56.6431],[178.4021,62.4479,0.0],[178.4083,62.4479,232.6376],[178.4229,62.4417,0.0],[178.4292,62.4417,200.868],[178.4438,62.4375,0.0],[178.4479,62.4375,51.539],[178.4521,62.4396,247.7368],[178.4917,62.4292,0.0],[178.5125,62.4292,196.6439],[178.5167,62.4271,57.3303],[178.5271,62.4271,58.521],[178.5313,62.425,0.0],[178.5417,62.425,50.1706],[178.5537,62.4203,216.3008],[178.5562,62.4167,0.0],[178.5729,62.4167,227.212],[178.5854,62.4125,0.0],[178.5958,62.4125,56.1851],[178.6,62.4146,244.9517],[178.6042,62.4125,144.9397],[178.6187,62.4125,199.9216],[178.6234,62.4089,0.0],[178.6328,62.4078,243.022],[178.6417,62.4021,0.0],[178.6458,62.4042,223.2821],[178.6542,62.4042,84.3575],[178.6604,62.4,79.3962],[178.6708,62.4,156.3578],[178.6854,62.3958,66.2775],[178.7083,62.3958,34.9097],[178.7146,62.3917,0.0],[178.7188,62.3937,44.3125],[178.7229,62.3937,114.9139],[178.7271,62.3917,0.0],[178.7375,62.3917,0.0],[178.7417,62.3896,0.0],[178.7583,62.3875,81.7179],[178.7625,62.3854,0.0],[178.7813,62.3854,104.701],[178.7854,62.3833,47.2779],[178.7932,62.3828,116.1627],[178.7859,62.3797,0.0],[178.7979,62.3792,67.5568],[178.8188,62.3708,0.0],[178.8292,62.3708,0.0],[178.8333,62.3729,108.3679],[178.8375,62.3708,72.4556],[178.8453,62.3703,112.9221],[178.8521,62.3667,0.0],[178.8625,62.3667,110.4817],[178.8667,62.3646,0.0],[178.8708,62.3667,92.6477],[178.875,62.3646,78.8861],[178.8813,62.3646,17.6951],[178.8859,62.3609,0.0],[178.8938,62.3604,0.0],[178.8979,62.3583,0.0],[178.9125,62.3583,232.5902],[178.9354,62.3521,128.379],[178.9563,62.3521,139.4299],[178.9688,62.3479,0.0],[178.9792,62.35,138.8058],[178.9833,62.3479,9.0559],[178.9896,62.3479,14.8445],[178.9937,62.3458,0.0],[179.0083,62.3438,37.6165],[179.0188,62.3396,0.0],[179.0292,62.3396,168.265],[179.037,62.337,85.9486],[179.037,62.3339,0.0],[179.0339,62.3318,0.0],[179.0432,62.3307,44.4362],[179.0422,62.3276,11.994],[179.0474,62.3245,79.6837],[179.0443,62.3214,0.0],[179.0537,62.3203,163.8385],[179.0505,62.3172,0.0],[179.0557,62.3161,100.202],[179.0547,62.3109,0.0],[179.0578,62.3099,61.5848],[179.0604,62.3063,79.38],[179.0599,62.3047,45.6744],[179.0547,62.3026,0.0],[179.0589,62.3005,0.0],[179.0609,62.2964,0.0],[179.0771,62.2958,106.3484],[179.0818,62.2922,0.0],[179.087,62.2911,72.776],[179.0833,62.2875,0.0],[179.0854,62.2833,0.0],[179.0838,62.2797,0.0],[179.0932,62.2766,82.3361],[179.0979,62.2729,0.0],[179.1021,62.275,14.9618],[179.1146,62.275,0.0],[179.1276,62.2828,224.2526],[179.1375,62.2854,171.0416],[179.1542,62.2854,0.0],[179.1557,62.2859,0.0],[179.1547,62.2891,0.0],[179.162,62.2922,0.0],[179.1568,62.2953,135.3776],[179.1662,62.3005,0.0],[179.1651,62.3036,0.0],[179.1745,62.3089,0.0],[179.1734,62.3141,264.264],[179.1807,62.3172,9.9227],[179.1828,62.3203,37.5983],[179.1766,62.3245,0.0],[179.1687,62.325,36.6669],[179.1568,62.3297,18.3386],[179.1599,62.3328,0.0],[179.1547,62.3339,3.5522],[179.1484,62.3464,0.0],[179.1516,62.3495,0.0],[179.1463,62.3505,20.62],[179.1458,62.3521,17.3625],[179.1484,62.3557,3.3061],[179.1557,62.3589,0.0],[179.1542,62.3625,5.4597],[179.1568,62.3682,9.5515],[179.1662,62.3734,0.0],[179.1693,62.3786,0.0],[179.1724,62.3797,0.0],[179.1755,62.3849,0.0],[179.1807,62.3891,165.6069],[179.1651,62.3943,321.6067],[179.162,62.4016,0.0],[179.15,62.4021,227.9937],[179.1359,62.4068,255.7094],[179.1328,62.412,102.8399],[179.1172,62.4172,19.1995],[179.1151,62.4224,2.1332],[179.1182,62.4245,0.0],[179.113,62.4255,4.5762],[179.1162,62.4276,0.0],[179.1162,62.4307,0.0],[179.1141,62.4349,4.4816],[179.1089,62.4359,0.0],[179.1089,62.4391,0.0],[179.1146,62.4375,2.75],[179.1224,62.4422,4.2962],[179.1255,62.4474,4.4611],[179.1328,62.4505,0.0],[179.1318,62.4536,2.3121],[179.1391,62.4568,0.0],[179.1443,62.4641,3.3674],[179.1516,62.4672,2.2522],[179.1547,62.4703,0.0],[179.1604,62.4729,3.5312],[179.1662,62.4734,0.0],[179.1818,62.4828,5.547],[179.1953,62.4859,0.0],[179.2063,62.4917,5.4335],[179.2375,62.4917,10.5852],[179.2417,62.4896,0.0],[179.2521,62.4896,75.925],[179.2563,62.4854,0.0],[179.2771,62.4854,72.2402],[179.2813,62.4833,0.0],[179.2937,62.4854,3.7072],[179.2979,62.4833,0.0],[179.3083,62.4833,0.0],[179.3125,62.4813,0.0],[179.3188,62.4813,75.4787],[179.3292,62.4771,20.6746],[179.3333,62.4771,0.0],[179.3375,62.4792,53.8611],[179.3646,62.4792,157.6221],[179.3687,62.4813,140.0112],[179.3729,62.4813,0.0],[179.3776,62.4849,120.9953],[179.3833,62.4854,20.4127],[179.3891,62.488,0.0],[179.388,62.4911,3.3823],[179.4021,62.4938,11.0076],[179.4104,62.4979,35.5995],[179.4162,62.4984,0.0],[179.4182,62.5005,0.0],[179.4182,62.5036,0.0],[179.413,62.5078,205.7453],[179.4203,62.5089,0.0],[179.4224,62.512,0.0],[179.4193,62.5141,32.7008],[179.4214,62.5161,7.5656],[179.4391,62.5234,0.0],[179.4401,62.5266,59.465],[179.4474,62.5276,0.0],[179.4464,62.5307,39.9196],[179.4495,62.5318,0.0],[179.4464,62.538,95.4363],[179.45,62.5417,0.0],[179.4484,62.5453,29.993],[179.4516,62.5464,0.0],[179.4505,62.5495,135.0967],[179.4578,62.5526,0.0],[179.4495,62.5703,0.0],[179.4443,62.5714,249.0458],[179.4432,62.5745,103.717],[179.438,62.5766,117.0386],[179.4438,62.5771,12.9359],[179.4495,62.5797,0.0],[179.4526,62.5849,4.9725],[179.4599,62.5859,0.0],[179.4588,62.5891,3.7412],[179.4766,62.5984,0.0],[179.4797,62.6016,3.8728],[179.4896,62.6063,4.6878],[179.5036,62.6089,0.0],[179.5083,62.6125,0.0],[179.5125,62.6125,0.0],[179.5167,62.6146,0.0],[179.5354,62.6146,27.9077],[179.5396,62.6125,0.0],[179.5437,62.6146,24.4838],[179.5625,62.6146,230.6042],[179.5667,62.6125,0.0],[179.5724,62.613,0.0],[179.5818,62.6182,14.6891],[179.5891,62.6193,0.0],[179.5953,62.6234,0.0],[179.5979,62.6292,0.0],[179.5964,62.6349,10.2387],[179.5995,62.6359,0.0],[179.5974,62.6411,0.0],[179.5938,62.6437,4.0043],[179.5875,62.6437,18.0697],[179.5688,62.65,2.0],[179.5625,62.65,21.0228],[179.5583,62.6542,2.0],[179.5521,62.6521,11.0936],[179.5453,62.6557,2.0],[179.5375,62.6563,2.0],[179.5271,62.6604,2.0],[179.5229,62.6583,15.8602],[179.5188,62.6583,49.1378],[179.5172,62.6589,40.857],[179.5182,62.662,2.0],[179.5167,62.6625,2.0],[179.5104,62.6625,14.9477],[179.5063,62.6646,19.281],[179.4958,62.6646,11.193],[179.4917,62.6667,2.0],[179.4812,62.6667,14.2573],[179.475,62.6729,8.2881],[179.4588,62.6734,1.5],[179.4568,62.6786,2.6983],[179.4667,62.6792,1.5],[179.4729,62.6813,17.326],[179.4745,62.6797,15.0343],[179.4714,62.6786,1.5],[179.4729,62.6771,1.5],[179.4833,62.6771,2.0],[179.4937,62.6729,2.0],[179.5042,62.6729,4.1283],[179.5271,62.6667,2.0],[179.5375,62.6667,7.2317],[179.5479,62.6625,2.0],[179.5542,62.6625,2.0],[179.5583,62.6604,2.0],[179.5688,62.6604,17.4],[179.5703,62.6589,12.1259],[179.5672,62.6568,2.0],[179.5688,62.6563,2.0],[179.5833,62.6563,8.3651],[179.5979,62.6521,7.8671],[179.6021,62.6542,32.3671],[179.612,62.6547,0.0],[179.613,62.6578,148.2625],[179.6203,62.6589,0.0],[179.6224,62.6609,0.0],[179.6203,62.6682,177.5775],[179.6151,62.6703,182.6266],[179.6224,62.6734,24.6022],[179.6214,62.6766,158.7638],[179.6245,62.6776,0.0],[179.6292,62.6896,145.7218],[179.6286,62.6911,166.0297],[179.6234,62.6922,286.7911],[179.6266,62.6943,152.8655],[179.6245,62.6995,56.3348],[179.6193,62.7005,13.1467],[179.6224,62.7036,0.0],[179.6172,62.7047,3.8235],[179.6162,62.7078,1.5861],[179.6047,62.7109,1.5],[179.6042,62.7125,1.5],[179.6062,62.7146,8.5201],[179.6203,62.7151,0.0],[179.6193,62.7203,183.3739],[179.6266,62.7234,0.0],[179.6208,62.7354,207.4659],[179.6245,62.7391,0.0],[179.6224,62.7432,0.0],[179.6172,62.7443,67.2493],[179.6203,62.7474,0.0],[179.6182,62.7516,0.0],[179.613,62.7526,329.42],[179.6099,62.7599,0.0],[179.6005,62.7609,66.8703],[179.5932,62.7661,2.0949],[179.5792,62.7708,0.5],[179.5672,62.7714,0.5],[179.5568,62.7755,7.943],[179.5557,62.7786,0.5],[179.5479,62.7792,0.5],[179.5443,62.7818,1.2444],[179.5443,62.7849,1.011],[179.5474,62.787,0.5],[179.5443,62.7932,1.4334],[179.5583,62.7979,0.5],[179.5708,62.7979,2.3203],[179.5766,62.8005,0.0],[179.5734,62.8078,12.0947],[179.5766,62.8089,6.2987],[179.5797,62.8161,13.0075],[179.5828,62.8182,0.0],[179.5807,62.8224,0.0],[179.5755,62.8234,20.9207],[179.5734,62.8286,37.966],[179.5766,62.8307,0.0],[179.5589,62.8297,20.3566],[179.5661,62.8339,18.0],[179.5641,62.8391,0.0],[179.5578,62.8432,4.433],[179.5526,62.8443,4.6871],[179.5432,62.8516,0.0],[179.5339,62.8547,25.0698],[179.5307,62.8599,0.0],[179.5255,62.8609,8.9371],[179.5245,62.8641,0.0],[179.5167,62.8646,7.4684],[179.5125,62.8667,2.9141],[179.4792,62.8667,3.6714],[179.4646,62.8708,0.0],[179.4167,62.8729,9.7662],[179.4141,62.8766,0.0],[179.4063,62.8792,3.7878],[179.3646,62.8771,2.9201],[179.3604,62.8812,0.0],[179.3484,62.8818,1.5559],[179.3495,62.8849,2.0664],[179.3401,62.888,2.6933],[179.3391,62.8911,1.2352],[179.3338,62.8922,1.5477],[179.3276,62.8964,0.0],[179.3214,62.9068,0.0],[179.3245,62.9099,0.0],[179.3193,62.9109,19.3656],[179.3188,62.9125,43.8164],[179.3224,62.9151,0.0],[179.3203,62.9203,0.0],[179.3151,62.9214,0.0],[179.3141,62.9245,5.5822],[179.3089,62.9255,24.1146],[179.3057,62.9307,0.0],[179.3005,62.9318,9.1049],[179.2995,62.9349,0.0],[179.2922,62.9401,0.0],[179.2953,62.9432,0.0],[179.2901,62.9443,3.0682],[179.2891,62.9474,0.0],[179.2839,62.9484,4.1599],[179.287,62.9505,0.0],[179.2839,62.9599,0.0],[179.287,62.962,0.0],[179.2849,62.9661,0.0],[179.2797,62.9672,3.3987],[179.2807,62.9724,0.0],[179.2776,62.9734,3.2026],[179.2807,62.9755,0.0],[179.2797,62.9786,3.4456],[179.2828,62.9807,0.0],[179.2713,62.9839,2.4038],[179.2786,62.988,1.9576],[179.2734,62.9901,0.0],[179.2734,62.9932,0.0],[179.2792,62.9938,2.1767],[179.2807,62.9953,1.2357],[179.2792,62.9979,1.7992],[179.2713,62.9964,0.0],[179.2693,62.9995,0.0],[179.2724,63.0016,0.0],[179.263,63.0047,2.7111],[179.2661,63.0078,0.0],[179.2625,63.0146,2.9167],[179.2646,63.0187,0.0],[179.2625,63.0229,2.2749],[179.2661,63.0266,0.0],[179.2583,63.0292,1.5718],[179.2396,63.0292,1.8826],[179.238,63.0297,1.8403],[179.2391,63.0328,0.0],[179.2375,63.0333,0.0],[179.2229,63.0333,0.0],[179.2182,63.0297,0.4055],[179.2026,63.0266,0.4414],[179.2057,63.0172,1.9201],[179.2021,63.0146,-0.5],[179.2042,63.0104,1.9533],[179.2026,63.0047,0.632],[179.2047,63.0005,0.0],[179.2099,62.9995,1.5557],[179.2125,62.9938,2.0041],[179.2088,62.9901,0.0],[179.2141,62.9891,0.0],[179.2182,62.9828,2.1684],[179.2151,62.9797,0.0],[179.2203,62.9766,-1.5],[179.2214,62.9734,-1.5],[179.2266,62.9724,2.1609],[179.2234,62.9703,-1.5],[179.2245,62.9672,-1.5],[179.2229,62.9667,-1.5],[179.2068,62.9672,0.163],[179.212,62.9714,-1.5],[179.2104,62.9729,-0.1632],[179.2063,62.9708,1.3179],[179.1964,62.9703,0.0],[179.1974,62.9672,1.0109],[179.1958,62.9667,3.3662],[179.1812,62.9667,12.2793],[179.1771,62.9688,0.0],[179.1729,62.9667,1.1353],[179.1542,62.9667,11.6307],[179.15,62.9688,0.0],[179.1438,62.9688,0.0],[179.1229,62.9625,0.0],[179.1104,62.9625,0.0],[179.1089,62.963,0.0],[179.1099,62.9661,0.0],[179.0917,62.9729,0.0],[179.0688,62.9729,0.0],[179.0651,62.9755,0.0],[179.063,62.9807,0.0],[179.0661,62.9828,0.0],[179.0609,62.9859,2.3538],[179.063,62.9891,0.3857],[179.0766,62.9901,0.0],[179.0797,62.9932,1.585],[179.087,62.9964,0.0],[179.0901,63.0016,0.0],[179.0953,63.0047,0.0],[179.0964,63.0078,5.5673],[179.1037,63.0089,0.0],[179.1109,63.0141,38.3548],[179.1182,63.0151,0.0],[179.1193,63.0182,3.2368],[179.125,63.0208,0.0],[179.1307,63.0214,0.0],[179.138,63.0266,0.0],[179.162,63.0297,0.472],[179.1662,63.0318,0.0],[179.1687,63.0354,0.0],[179.1771,63.0354,0.0],[179.1812,63.0375,1.3332],[179.1854,63.0375,1.5963],[179.1958,63.0333,0.6935],[179.2104,63.0333,0.0],[179.2146,63.0354,0.0],[179.2229,63.0354,0.0],[179.2271,63.0375,0.0],[179.2542,63.0375,0.0],[179.2583,63.0354,0.0],[179.2646,63.0354,0.0],[179.2724,63.0328,0.6968],[179.2755,63.0255,0.0],[179.2807,63.0245,3.0967],[179.2792,63.0229,2.6464],[179.2734,63.0224,0.0],[179.2734,63.0193,1.6324],[179.2776,63.013,0.0],[179.2854,63.0104,2.2637],[179.2932,63.0151,0.0],[179.2964,63.0224,0.0],[179.2995,63.0234,0.0],[179.2984,63.0266,0.0],[179.3057,63.0297,0.0],[179.3042,63.0333,3.2755],[179.3068,63.037,3.7845],[179.3182,63.0422,0.0],[179.3172,63.0453,4.5128],[179.3245,63.0464,0.0],[179.3391,63.0547,0.0],[179.3422,63.0599,4.6732],[179.3521,63.0625,5.3542],[179.3625,63.0625,0.0],[179.3667,63.0646,4.4989],[179.3854,63.0646,11.2215],[179.3896,63.0625,0.0],[179.4,63.0625,0.0],[179.4208,63.0542,0.0],[179.4287,63.0536,92.3075],[179.4312,63.05,0.0],[179.4417,63.05,53.3302],[179.4542,63.0542,0.0],[179.4641,63.0547,0.0],[179.4667,63.0583,0.0],[179.4625,63.0687,95.1688],[179.4646,63.0729,37.8662],[179.4641,63.0745,0.0],[179.4588,63.0755,220.8109],[179.4583,63.0771,210.7747],[179.462,63.0807,0.0],[179.4526,63.0818,307.9396],[179.45,63.0854,217.0775],[179.4536,63.088,43.2256],[179.4526,63.0911,74.3819],[179.4557,63.0922,0.0],[179.4526,63.1005,22.0914],[179.4557,63.1026,0.0],[179.4521,63.1104,0.0],[179.4536,63.1161,0.0],[179.4474,63.1203,0.0],[179.4422,63.1214,120.8138],[179.4411,63.1266,0.0],[179.4359,63.1276,62.0758],[179.4287,63.1328,0.0],[179.4193,63.1339,102.482],[179.4162,63.1391,0.0],[179.4068,63.1401,64.758],[179.4057,63.1432,0.0],[179.3943,63.1464,118.6084],[179.3911,63.1516,0.0],[179.3786,63.1599,154.704],[179.3734,63.1609,206.1054],[179.3724,63.1661,108.4408],[179.3609,63.1693,264.4485],[179.3557,63.1786,0.0],[179.3464,63.1797,94.6633],[179.3453,63.1849,35.5893],[179.3432,63.187,16.5626],[179.338,63.188,39.8131],[179.337,63.1932,0.0],[179.3276,63.1943,13.1521],[179.3245,63.1974,0.0],[179.3193,63.1984,6.9683],[179.3104,63.2042,0.0],[179.2984,63.2047,30.6859],[179.3016,63.2078,0.0],[179.2937,63.2083,24.4654],[179.2688,63.2167,0.0],[179.2609,63.2172,95.0436],[179.2578,63.2224,0.0],[179.2396,63.2292,0.0],[179.2021,63.2292,0.0],[179.1979,63.2271,0.9477],[179.1938,63.2292,0.0],[179.1818,63.2286,0.0871],[179.1833,63.2271,0.8355],[179.1896,63.2271,0.3509],[179.1974,63.2245,-0.0196],[179.1943,63.2224,0.0796],[179.1911,63.2172,0.7028],[179.1875,63.2167,0.7522],[179.1755,63.2234,0.7753],[179.1771,63.2271,0.7102],[179.1745,63.2328,0.5396],[179.1693,63.2339,3.4302],[179.1662,63.2391,0.0],[179.1438,63.2479,2.0362],[179.1292,63.2458,0.7045],[179.125,63.2479,0.0],[179.1167,63.2438,0.0],[179.1068,63.2422,0.0],[179.1089,63.2453,0.0],[179.112,63.2464,0.0],[179.1151,63.2516,1.4559],[179.1208,63.2542,0.0],[179.1266,63.2547,8.331],[179.1109,63.2609,0.2067],[179.1083,63.2646,0.0],[179.0792,63.2646,0.0],[179.0646,63.2687,0.2896],[179.05,63.2687,0.4835],[179.0458,63.2667,4.2101],[179.0354,63.2708,0.0],[179.0276,63.2714,0.4601],[179.0307,63.2745,0.0],[179.0229,63.275,0.0],[179.0125,63.2792,0.4774],[179.0021,63.2792,0.0],[178.9979,63.2813,0.0],[178.9714,63.2818,0.0],[178.9729,63.2833,0.0],[178.9828,63.2839,0.7064],[178.9787,63.287,0.7011],[178.9734,63.288,0.6703],[178.9766,63.2911,0.0],[178.9729,63.2938,0.0],[178.9672,63.2932,0.3083],[178.9604,63.2896,0.6749],[178.9484,63.2922,0.6864],[178.95,63.2938,0.0],[178.9557,63.2943,0.0],[178.9688,63.3021,0.0],[178.9729,63.3,0.0],[178.9807,63.3005,0.0],[178.9787,63.3036,0.0],[178.963,63.3089,0.4411],[178.9625,63.3104,0.4289],[178.9766,63.3203,0.0],[178.9688,63.3229,0.0],[178.95,63.3229,0.0],[178.9464,63.3255,0.0],[178.9453,63.3286,0.0],[178.9333,63.3292,0.0],[178.9193,63.3245,0.0],[178.9307,63.3193,0.5516],[178.925,63.3167,1.1177],[178.9167,63.3167,0.0],[178.9109,63.3141,1.0717],[178.9078,63.3068,0.0],[178.9036,63.3047,1.23],[178.8943,63.3068,7.7333],[178.8917,63.3146,3.4761],[178.8943,63.3182,7.4669],[178.8974,63.3193,0.0],[178.8995,63.3266,0.0],[178.8875,63.3312,0.0],[178.8813,63.3312,7.4148],[178.8734,63.3339,3.5702],[178.8646,63.3396,0.0],[178.8583,63.3396,5.7141],[178.8505,63.3422,12.181],[178.8495,63.3453,0.0],[178.8443,63.3464,0.0],[178.8359,63.3526,1.4417],[178.8391,63.3557,0.0],[178.8338,63.3578,8.6929],[178.837,63.3589,0.0],[178.8359,63.3641,0.0],[178.8391,63.3651,0.0],[178.8375,63.3708,0.0],[178.8401,63.3766,1.8341],[178.8547,63.3849,0.0],[178.8646,63.3875,0.0],[178.8729,63.3875,0.0],[178.8854,63.3917,0.0],[178.8938,63.3917,0.0],[178.8979,63.3937,0.0],[178.9229,63.3937,0.5446],[178.9245,63.3922,0.6809],[178.9203,63.3901,0.3765],[178.9104,63.3896,0.0],[178.9047,63.3859,0.0],[178.9099,63.3849,0.5513],[178.9187,63.3792,0.3087],[178.9266,63.3786,0.0],[178.9297,63.3714,0.0],[178.9375,63.3708,0.0],[178.9417,63.3729,0.0],[178.9495,63.3703,0.4356],[178.9495,63.3672,0.6626],[178.9401,63.362,0.5204],[178.9443,63.3589,0.0],[178.9521,63.3563,0.0],[178.9625,63.3563,0.4814],[178.9703,63.3536,0.0],[178.9714,63.3505,0.0],[178.9792,63.3479,0.0],[178.9849,63.3516,0.0],[178.9755,63.3526,2.4265],[178.9787,63.3557,0.0],[178.9734,63.3578,0.0],[178.9766,63.3599,0.0],[178.9672,63.3609,3.3521],[178.9682,63.3661,0.0],[178.9609,63.3651,2.7234],[178.9588,63.3672,2.7332],[178.9557,63.3766,0.0],[178.9505,63.3776,3.3446],[178.9484,63.3797,0.0],[178.9474,63.3849,0.0],[178.9422,63.3859,1.9011],[178.9391,63.3911,0.0],[178.9339,63.3922,4.4569],[178.9328,63.3953,0.0],[178.9276,63.3964,3.4108],[178.9245,63.4016,2.0624],[178.9193,63.4026,13.6856],[178.9193,63.4057,3.6073],[178.9224,63.4078,0.0],[178.913,63.4089,4.4489],[178.9162,63.412,0.0],[178.9109,63.413,3.4402],[178.9047,63.4172,3.2929],[178.8995,63.4266,0.0],[178.8943,63.4276,2.3859],[178.8974,63.4307,0.0],[178.8922,63.4318,3.7837],[178.8891,63.437,0.0],[178.8839,63.4401,3.4692],[178.8813,63.4458,1.397],[178.8849,63.4495,0.0],[178.8734,63.4526,3.635],[178.8703,63.4578,3.9396],[178.8651,63.4589,2.7294],[178.863,63.4661,4.1303],[178.8662,63.4682,0.0],[178.8609,63.4693,3.6079],[178.8589,63.4734,3.7171],[178.862,63.4766,0.0],[178.8526,63.4797,4.0729],[178.8537,63.4849,0.0],[178.8484,63.488,3.2559],[178.8516,63.4911,0.0],[178.8464,63.4922,1.5964],[178.8495,63.4953,0.0],[178.8443,63.4964,0.0],[178.8474,63.4995,0.0],[178.8422,63.5005,0.0],[178.8401,63.5047,0.0],[178.8432,63.5078,0.0],[178.838,63.5089,0.0],[178.8328,63.5203,0.0],[178.8276,63.5234,5.0269],[178.8286,63.5266,0.0],[178.8255,63.5276,3.8901],[178.8286,63.5307,0.0],[178.8229,63.5417,2.4201],[178.8266,63.5453,0.0],[178.8214,63.5464,0.0],[178.8193,63.5495,1.5092],[178.8224,63.5505,0.0],[178.8224,63.5536,0.0],[178.8203,63.5557,0.0],[178.8151,63.5568,5.1163],[178.8188,63.5604,0.0],[178.8172,63.5641,0.0],[178.8208,63.5667,0.0],[178.8203,63.5682,0.0],[178.8151,63.5693,3.4544],[178.8182,63.5724,0.0],[178.8146,63.5792,3.3905],[178.8182,63.5828,0.0],[178.813,63.5932,0.0],[178.8161,63.5953,0.0],[178.8,63.6,0.5077],[178.7922,63.5974,0.3283],[178.7937,63.5938,0.2846],[178.7922,63.5901,0.525],[178.7974,63.587,0.4595],[178.7943,63.5849,0.0],[178.7943,63.5818,0.4044],[178.7984,63.5734,0.0],[178.8037,63.5724,2.5587],[178.8005,63.5703,0.0],[178.8016,63.5672,1.8931],[178.7943,63.5641,0.0],[178.7964,63.5609,0.0],[178.8016,63.5578,0.9158],[178.8037,63.5536,0.0],[178.8005,63.5516,0.0],[178.7984,63.5474,0.0],[178.7995,63.5422,3.3029],[178.7964,63.5411,0.0],[178.7995,63.5391,2.3854],[178.7984,63.5359,2.0412],[178.8037,63.5328,3.0638],[178.8062,63.5271,3.2821],[178.8026,63.5245,0.0],[178.8037,63.5214,0.0],[178.8005,63.5193,0.0],[178.8099,63.5182,0.9856],[178.8068,63.5151,0.0],[178.812,63.513,1.4943],[178.8089,63.5109,0.0],[178.8203,63.5078,2.8231],[178.8172,63.5057,0.0],[178.8172,63.5026,0.0],[178.8224,63.5016,1.5631],[178.8193,63.4984,0.0],[178.8266,63.4932,0.8062],[178.8297,63.4859,0.0],[178.8349,63.4849,1.0675],[178.838,63.4797,0.3235],[178.8432,63.4786,0.43],[178.8432,63.4755,0.0],[178.8401,63.4734,0.0],[178.8453,63.4703,0.4282],[178.8474,63.4672,0.0],[178.8401,63.463,0.0],[178.8537,63.4641,0.0],[178.8505,63.4609,0.0],[178.8578,63.4557,0.0],[178.8547,63.4536,0.0],[178.8568,63.4484,0.0],[178.862,63.4474,0.7462],[178.863,63.4443,0.0],[178.8682,63.4432,0.0],[178.8651,63.4401,0.0],[178.8703,63.438,0.7771],[178.8672,63.4359,0.0],[178.8766,63.4349,0.5072],[178.8786,63.4328,0.5765],[178.8797,63.4276,0.7504],[178.8849,63.4266,1.554],[178.887,63.4245,2.5678],[178.887,63.4214,5.9058],[178.8729,63.4188,0.0],[178.8672,63.4151,0.0],[178.8854,63.4146,0.0],[178.8911,63.4109,0.0],[178.8833,63.4063,0.0],[178.875,63.4063,0.0],[178.8687,63.4042,5.9415],[178.8646,63.4063,0.0],[178.8568,63.4068,1.0],[178.8557,63.412,0.0],[178.8521,63.4146,0.0],[178.8333,63.4042,0.0],[178.8172,63.4036,0.5298],[178.8182,63.4005,0.2889],[178.8125,63.3979,0.0],[178.8083,63.3979,0.0],[178.8042,63.3958,1.8881],[178.7839,63.3953,0.0],[178.7776,63.3911,0.0],[178.7766,63.388,9.289],[178.7708,63.3875,0.0],[178.7651,63.3849,0.0],[178.762,63.3797,0.9292],[178.7589,63.3786,0.0],[178.7542,63.3729,0.0],[178.7375,63.3792,0.0],[178.7333,63.3771,6.0057],[178.7208,63.3771,0.0],[178.7167,63.375,1.8953],[178.7104,63.375,1.0138],[178.7,63.3812,0.0],[178.688,63.3818,0.9091],[178.6911,63.3849,0.0],[178.6833,63.3875,0.6136],[178.6687,63.3875,0.9867],[178.6505,63.3922,0.4795],[178.6474,63.3995,0.0],[178.6396,63.4,7.6595],[178.6255,63.4047,0.0],[178.6255,63.4078,0.0],[178.6354,63.4104,0.0],[178.6438,63.4104,0.0],[178.6479,63.4083,0.0],[178.6641,63.4089,0.0],[178.663,63.4141,6.671],[178.6667,63.4167,0.0],[178.6662,63.4182,7.3736],[178.6609,63.4203,6.377],[178.6708,63.425,0.0],[178.675,63.425,0.0],[178.6792,63.4229,5.4513],[178.6875,63.4271,0.0],[178.7016,63.4276,0.0],[178.7021,63.4313,0.0],[178.6995,63.437,9.8753],[178.6943,63.438,0.0],[178.6922,63.4411,0.0],[178.7057,63.4422,0.0],[178.7125,63.4479,0.0],[178.7104,63.45,0.0],[178.6922,63.4505,4.3157],[178.688,63.4526,0.0],[178.6891,63.4557,0.0],[178.6828,63.4599,0.0],[178.6734,63.463,0.0],[178.6714,63.4661,1.8531],[178.675,63.4688,0.0],[178.6734,63.4724,2.6094],[178.6766,63.4734,0.0],[178.6745,63.4807,0.0],[178.6667,63.4833,0.0],[178.6604,63.4833,0.0],[178.6516,63.4776,0.0],[178.6417,63.475,0.0],[178.6313,63.475,2.9613],[178.6297,63.4766,2.5824],[178.637,63.4797,0.0],[178.6401,63.4849,0.0],[178.6432,63.4859,0.0],[178.6422,63.4891,5.9267],[178.6479,63.4917,0.0],[178.6625,63.4896,0.0],[178.675,63.4938,0.0],[178.6854,63.4938,3.219],[178.687,63.4932,3.0136],[178.6901,63.4859,0.0],[178.6953,63.4849,8.3762],[178.6958,63.4833,8.7487],[178.6922,63.4807,0.0],[178.6932,63.4776,2.3049],[178.6859,63.4766,0.0],[178.6911,63.4734,2.4065],[178.6839,63.4693,0.0],[178.6953,63.4661,5.7073],[178.6964,63.463,0.0],[178.7021,63.4646,6.7921],[178.7125,63.4646,5.3527],[178.7141,63.463,0.0],[178.7109,63.4609,0.0],[178.7188,63.4583,0.0],[178.7375,63.4583,0.0],[178.7391,63.4589,0.0],[178.7422,63.4661,0.0],[178.7479,63.4688,0.0],[178.7521,63.4688,0.623],[178.7599,63.4661,0.0],[178.7568,63.4641,0.0],[178.7589,63.4609,0.0],[178.7661,63.4609,0.0],[178.7651,63.4661,8.2307],[178.775,63.4708,10.435],[178.7807,63.4714,0.0],[178.7786,63.4766,3.756],[178.7724,63.4807,0.0],[178.7563,63.4813,0.0],[178.7521,63.4792,0.0],[178.7458,63.4792,0.6682],[178.7312,63.4833,0.0],[178.7266,63.4776,1.3035],[178.7146,63.4771,5.3075],[178.7109,63.4797,0.0],[178.7088,63.4839,2.8447],[178.7146,63.4875,0.0],[178.7396,63.4854,0.0],[178.7437,63.4875,0.0],[178.7563,63.4875,0.0],[178.7661,63.4901,0.0],[178.7672,63.4932,0.0],[178.7713,63.4953,0.0],[178.7854,63.4958,0.0],[178.788,63.4995,0.0],[178.7953,63.5005,0.6206],[178.7917,63.5042,5.1776],[178.775,63.5062,16.6046],[178.7708,63.5083,0.0],[178.7604,63.5083,5.5413],[178.7526,63.5109,4.1552],[178.7458,63.5271,0.0],[178.7474,63.5307,0.0],[178.7443,63.5318,5.1323],[178.7479,63.5417,0.0],[178.7453,63.5453,1.3815],[178.7396,63.5479,0.0],[178.7333,63.5479,0.6704],[178.7234,63.5453,0.0],[178.7245,63.5401,6.6061],[178.7068,63.5307,0.4736],[178.7078,63.5276,0.8611],[178.6938,63.5229,8.0713],[178.6792,63.5229,1.0758],[178.6687,63.5271,0.0],[178.6583,63.5271,3.1753],[178.6568,63.5286,0.7768],[178.6599,63.5297,0.0],[178.6589,63.5328,0.0],[178.6604,63.5333,0.0],[178.6724,63.5339,2.084],[178.6708,63.5375,0.0],[178.6734,63.5432,0.0],[178.6792,63.5458,0.0],[178.6849,63.5464,0.0],[178.688,63.5495,1.7896],[178.7042,63.5521,0.0],[178.7104,63.5563,4.7848],[178.7245,63.5536,7.0001],[178.7214,63.5516,2.0398],[178.7229,63.55,0.4542],[178.7312,63.55,0.0],[178.7479,63.5583,0.0],[178.762,63.5589,0.0],[178.763,63.562,0.0],[178.7661,63.563,0.0],[178.7651,63.5661,0.7288],[178.7682,63.5672,0.4692],[178.7682,63.5703,0.357],[178.7521,63.5708,0.0],[178.7437,63.5667,0.0],[178.7375,63.5687,0.0],[178.7333,63.5667,0.4501],[178.725,63.5667,0.0],[178.7208,63.5646,0.0],[178.7125,63.5646,0.0],[178.7026,63.562,0.0],[178.6958,63.5583,7.2481],[178.6771,63.5583,0.89],[178.6724,63.562,0.0],[178.6589,63.5651,0.0],[178.6599,63.5682,0.0],[178.6505,63.5693,15.5774],[178.6474,63.5745,11.1078],[178.6396,63.5792,0.0],[178.6354,63.5771,5.1061],[178.6167,63.5771,0.0],[178.6125,63.575,5.8375],[178.6042,63.575,0.0],[178.6,63.5729,4.7497],[178.5854,63.5729,0.0],[178.5792,63.5687,3.9719],[178.5729,63.5687,5.8493],[178.5688,63.5708,2.6274],[178.5542,63.5708,4.7269],[178.55,63.5729,0.0],[178.5437,63.5708,12.9222],[178.5396,63.575,0.0],[178.5333,63.575,0.0],[178.5292,63.5771,0.0],[178.5188,63.5771,1.9123],[178.5141,63.5714,0.0],[178.5109,63.5703,0.0],[178.5078,63.563,0.0],[178.4984,63.5578,0.0],[178.4974,63.5547,0.0],[178.4912,63.5505,0.0],[178.4854,63.5479,4.8955],[178.4797,63.5474,0.0],[178.4766,63.5422,2.3808],[178.4682,63.538,6.4506],[178.4609,63.537,0.0],[178.4521,63.5313,6.0739],[178.4234,63.5266,0.0],[178.4214,63.5245,0.0],[178.4203,63.5193,0.5],[178.4141,63.5151,3.9116],[178.3979,63.5146,0.5],[178.3938,63.5125,1.9353],[178.375,63.5187,0.0],[178.3687,63.5187,0.0],[178.3646,63.5208,0.5664],[178.3479,63.5208,0.8325],[178.3401,63.5234,0.9658],[178.3328,63.5286,2.3934],[178.3276,63.5297,3.2886],[178.3172,63.5359,5.5254],[178.312,63.5453,0.0],[178.3005,63.5484,9.9154],[178.2932,63.562,1.5018],[178.2839,63.563,2.9299],[178.2818,63.5682,3.7548],[178.2891,63.5693,-0.361],[178.2891,63.5724,1.2638],[178.287,63.5766,0.4929],[178.2792,63.5771,1.0578],[178.2776,63.5786,3.5236],[178.2875,63.5812,0.7566],[178.2958,63.5812,1.849],[178.3,63.5833,0.0],[178.3083,63.5833,0.0],[178.3266,63.5922,0.0],[178.3255,63.5953,0.0],[178.3286,63.5964,0.0],[178.3276,63.5995,4.626],[178.3349,63.6026,0.0],[178.3338,63.6078,0.0],[178.3411,63.6109,0.0],[178.3443,63.6141,1.2472],[178.3703,63.6151,0.0],[178.3662,63.6182,0.5],[178.3583,63.6188,0.5],[178.3547,63.6214,4.7701],[178.3578,63.6245,3.0551],[178.3526,63.6255,4.493],[178.3557,63.6286,0.5],[178.3505,63.6297,3.1149],[178.35,63.6312,1.2718],[178.3505,63.6328,6.5342],[178.3562,63.6354,0.5],[178.3646,63.6354,3.7382],[178.3687,63.6333,0.5],[178.387,63.6307,4.6872],[178.3818,63.6266,0.5],[178.3807,63.6234,7.1807],[178.3776,63.6224,3.6529],[178.3854,63.6188,0.0],[178.3896,63.6208,2.4523],[178.3958,63.6208,8.1849],[178.4104,63.6167,0.0],[178.4167,63.6167,7.3563],[178.4208,63.6146,0.0],[178.425,63.6167,8.5655],[178.4771,63.6167,0.0],[178.4812,63.6188,5.1378],[178.4896,63.6188,5.2395],[178.5063,63.6125,1.6119],[178.5146,63.6167,0.5],[178.5266,63.6161,0.5],[178.5182,63.6109,0.5],[178.5109,63.6099,0.9367],[178.5109,63.6068,0.0],[178.5161,63.6057,0.5],[178.513,63.6036,0.0],[178.5146,63.6,2.3789],[178.5125,63.5958,0.0],[178.5141,63.5922,3.4357],[178.5026,63.5859,0.0],[178.5047,63.5818,6.2524],[178.5125,63.5792,0.0],[178.525,63.5854,0.7938],[178.5333,63.5854,0.0],[178.5401,63.5891,7.9862],[178.5474,63.5901,0.0],[178.55,63.5938,4.5084],[178.5484,63.6016,13.0908],[178.5537,63.6047,0.0],[178.5526,63.6099,8.1258],[178.5557,63.6109,0.0],[178.5505,63.613,7.7003],[178.5432,63.6266,0.0],[178.5333,63.6292,0.0],[178.5193,63.6297,4.3802],[178.5193,63.6328,0.0],[178.5224,63.6339,0.0],[178.5208,63.6354,0.0],[178.5026,63.6359,0.0],[178.5125,63.6396,5.9623],[178.5167,63.6375,0.0],[178.5229,63.6375,0.0],[178.5271,63.6396,0.0],[178.5313,63.6396,0.0],[178.5328,63.6401,0.0],[178.5318,63.6432,2.8708],[178.5333,63.6437,0.0],[178.537,63.6432,0.0],[178.538,63.6401,0.0],[178.5432,63.6391,4.9508],[178.5443,63.6359,0.0],[178.5479,63.6333,1.4708],[178.5792,63.6354,0.0],[178.5818,63.6391,0.0],[178.5875,63.6417,6.4428],[178.5901,63.638,0.0],[178.5979,63.6354,0.0],[178.6083,63.6354,0.0],[178.6125,63.6333,0.0],[178.6187,63.6333,4.3848],[178.6234,63.6297,0.0],[178.6286,63.6286,0.0],[178.6286,63.6255,0.0],[178.6255,63.6245,0.0],[178.6276,63.6193,0.0],[178.637,63.6182,2.0819],[178.6411,63.612,4.6747],[178.638,63.6099,0.0],[178.638,63.6068,0.0],[178.6495,63.6036,4.5248],[178.6495,63.6005,0.0],[178.6463,63.5995,0.0],[178.6474,63.5943,0.0],[178.6443,63.5932,0.0],[178.6417,63.5896,0.0],[178.6443,63.5839,0.0],[178.6536,63.5828,-0.5],[178.662,63.5766,-0.5],[178.663,63.5734,0.1407],[178.6708,63.5729,-0.5],[178.675,63.5708,-0.5],[178.6828,63.5714,0.0762],[178.6812,63.575,7.8337],[178.6839,63.5807,13.4819],[178.6995,63.5839,1.2339],[178.7026,63.5891,1.8623],[178.7083,63.5917,4.6833],[178.7188,63.5917,0.0],[178.7333,63.5875,0.0],[178.7437,63.5875,0.0],[178.7516,63.5922,0.0],[178.7505,63.5974,6.2738],[178.763,63.6036,0.0],[178.7766,63.5995,0.0],[178.7813,63.5938,0.928],[178.7828,63.5943,1.9655],[178.7849,63.6005,1.2659],[178.7818,63.6036,1.5941],[178.7891,63.6047,0.0],[178.7854,63.6083,0.0],[178.7797,63.6068,0.0],[178.7688,63.6146,0.6028],[178.7583,63.6146,0.0],[178.7505,63.6172,14.6807],[178.7536,63.6203,0.0],[178.7474,63.6245,5.3504],[178.7292,63.6271,3.5582],[178.725,63.6292,0.0],[178.7224,63.6255,7.7398],[178.7042,63.6208,3.4173],[178.6896,63.6208,9.4644],[178.6854,63.6229,0.0],[178.6792,63.6208,21.6362],[178.6724,63.6245,11.5113],[178.6609,63.6276,14.7415],[178.6536,63.6328,5.0506],[178.6484,63.6339,15.7189],[178.6474,63.637,7.2953],[178.6422,63.6401,1.5416],[178.6453,63.6432,0.0],[178.6432,63.6453,0.0],[178.638,63.6464,6.8397],[178.6411,63.6495,0.0],[178.6333,63.6521,7.5555],[178.6255,63.6526,14.7204],[178.6245,63.6578,0.0],[178.6193,63.6589,7.6726],[178.6172,63.6609,14.0837],[178.6172,63.6641,0.0],[178.6203,63.6651,0.0],[178.6193,63.6703,0.6766],[178.6266,63.6714,0.0],[178.6214,63.6745,0.0],[178.6313,63.675,0.0],[178.6354,63.6771,9.1349],[178.6458,63.6771,3.1099],[178.65,63.675,0.0],[178.6542,63.6771,3.5832],[178.6578,63.6766,2.732],[178.6625,63.6646,0.0],[178.6609,63.6609,0.0],[178.6812,63.6604,0.0],[178.6979,63.6542,5.331],[178.7083,63.6542,8.1715],[178.7109,63.6505,0.0],[178.7161,63.6495,0.0],[178.7208,63.6437,0.0],[178.7271,63.6437,0.0],[178.7312,63.6417,0.3657],[178.75,63.6417,0.0],[178.7563,63.6437,14.3979],[178.7646,63.6396,0.0],[178.7724,63.6391,4.1545],[178.7792,63.6271,0.2152],[178.7786,63.6234,0.0819],[178.7713,63.6224,0.0],[178.7734,63.6193,0.0],[178.7891,63.6141,0.0],[178.7953,63.6099,0.5488],[178.7922,63.6078,0.7689],[178.7937,63.6063,0.8822],[178.7974,63.6068,0.879],[178.8042,63.6125,0.0],[178.7979,63.6271,4.1028],[178.8,63.6312,2.0656],[178.7958,63.6417,4.6927],[178.7984,63.6474,0.0],[178.8016,63.6495,0.0],[178.7964,63.6505,3.3938],[178.7995,63.6536,0.0],[178.7943,63.6547,2.4743],[178.7974,63.6578,0.0],[178.7922,63.6589,3.0525],[178.7953,63.6609,0.0],[178.7974,63.6661,0.0],[178.788,63.6672,5.6122],[178.7912,63.6693,2.9407],[178.7922,63.6724,1.6265],[178.7953,63.6734,0.0],[178.7917,63.6813,3.1716],[178.7932,63.6849,0.0],[178.7901,63.6859,3.2978],[178.7932,63.6891,0.0],[178.788,63.6984,3.9283],[178.7917,63.7021,0.0],[178.7875,63.7104,3.0641],[178.7912,63.7141,0.0],[178.7859,63.7151,12.0244],[178.7891,63.7172,0.0],[178.7839,63.7276,9.5908],[178.787,63.7297,0.0],[178.787,63.7328,0.0],[178.7818,63.7339,6.2714],[178.7849,63.737,0.0],[178.7797,63.738,12.6873],[178.7828,63.7411,0.0],[178.7755,63.7464,3.4379],[178.7713,63.7547,5.1369],[178.7745,63.7568,1.8234],[178.7713,63.7589,4.5745],[178.7724,63.7641,0.0],[178.7703,63.7682,2.2724],[178.7651,63.7693,7.9442],[178.7646,63.7708,9.6082],[178.7682,63.7734,1.3229],[178.763,63.7839,8.7467],[178.7667,63.7875,0.0],[178.7625,63.7958,0.0],[178.7661,63.7995,0.0],[178.7609,63.8005,0.0],[178.762,63.8057,0.0],[178.7589,63.8068,0.0],[178.7547,63.813,7.5694],[178.7578,63.8161,0.0],[178.7484,63.8172,0.3337],[178.7464,63.8214,3.351],[178.7536,63.8266,0.0],[178.7484,63.8276,0.0],[178.7474,63.8307,0.0],[178.7422,63.8318,10.0859],[178.7453,63.8349,0.0],[178.7401,63.8359,8.32],[178.7432,63.8391,0.0],[178.738,63.8422,9.4102],[178.7396,63.8458,0.0],[178.7391,63.8495,0.0],[178.7214,63.8859,5.809],[178.7245,63.8891,0.0],[178.7193,63.8901,2.8931],[178.7146,63.9021,4.0008],[178.7182,63.9057,0.0],[178.7161,63.9078,0.0],[178.7109,63.9089,3.6267],[178.7109,63.912,4.1892],[178.7141,63.9141,0.0],[178.7063,63.9146,4.4494],[178.7021,63.9125,3.3527],[178.6917,63.9125,5.4099],[178.6891,63.9161,5.5606],[178.6839,63.9172,8.838],[178.6938,63.9229,3.0953],[178.6979,63.9229,4.1921],[178.7021,63.9208,4.4221],[178.7099,63.9214,0.0],[178.7099,63.9245,0.0],[178.7057,63.9328,0.0],[178.6917,63.9333,0.6853],[178.6891,63.937,0.0],[178.6797,63.938,1.0772],[178.6812,63.9396,0.0],[178.6974,63.9401,0.0],[178.6953,63.9432,0.0],[178.6833,63.9437,0.0],[178.6792,63.9417,0.0],[178.675,63.9417,0.0],[178.6672,63.9443,5.9935],[178.6662,63.9474,0.0],[178.6547,63.9505,4.9287],[178.6521,63.9542,0.0],[178.6021,63.9542,1.3738],[178.5917,63.9583,0.0],[178.5813,63.9583,1.7472],[178.5693,63.963,5.4311],[178.5661,63.9661,0.0],[178.5568,63.9672,10.1954],[178.5599,63.9703,0.0],[178.5521,63.9708,6.4511],[178.5495,63.9745,0.0],[178.5417,63.975,0.0],[178.5313,63.9792,0.0],[178.5167,63.9792,0.0],[178.5141,63.9755,0.0],[178.5109,63.9745,0.0],[178.512,63.9714,0.0],[178.5021,63.9688,0.0],[178.4917,63.9688,0.0],[178.4875,63.9667,12.3729],[178.4771,63.9708,0.0],[178.4693,63.9714,0.0],[178.4625,63.975,0.0],[178.4339,63.9755,1.1784],[178.4339,63.9786,1.3746],[178.4438,63.9813,0.0],[178.45,63.9813,1.1504],[178.4542,63.9792,0.0],[178.4583,63.9813,2.1554],[178.4729,63.9771,1.0773],[178.4807,63.9776,0.0],[178.4787,63.9828,0.0],[178.475,63.9854,0.2479],[178.4667,63.9854,-1.0],[178.4625,63.9833,-0.5],[178.4547,63.9839,1.2233],[178.4547,63.987,-0.5],[178.4688,63.9875,-1.0],[178.4708,63.9896,0.4605],[178.4688,63.9917,0.0],[178.4609,63.9922,0.5],[178.4641,63.9953,0.6177],[178.4588,63.9964,1.0441],[178.4542,64.0021,0.0],[178.4479,64.0,0.0],[178.4438,64.0021,0.0],[178.4396,64.0021,0.0],[178.4297,63.9974,0.0],[178.4307,63.9943,0.0],[178.4187,63.9938,0.0],[178.4005,63.9891,0.0],[178.3938,63.9854,1.4045],[178.3833,63.9854,1.7936],[178.3792,63.9875,0.787],[178.3646,63.9875,0.0],[178.3464,63.9828,0.0],[178.3422,63.9807,0.0],[178.3432,63.9776,2.1794],[178.3333,63.975,0.0],[178.3271,63.9771,0.8989],[178.3167,63.9771,0.0],[178.3125,63.9792,0.0],[178.3062,63.9792,0.0],[178.2958,63.9833,0.9938],[178.2854,63.9833,0.0],[178.2813,63.9854,0.0],[178.2729,63.9813,0.0],[178.2568,63.9818,0.0],[178.2583,63.9833,0.0],[178.2724,63.9859,0.0],[178.2792,63.9896,1.7422],[178.2833,63.9896,0.0],[178.2875,63.9875,0.0],[178.3,63.9875,14.0136],[178.3026,63.9839,0.0],[178.3104,63.9833,2.7768],[178.3146,63.9813,1.0356],[178.3271,63.9854,0.0],[178.3349,63.9859,0.0],[178.3396,63.9896,2.0054],[178.35,63.9896,0.0],[178.3542,63.9917,0.0],[178.3583,63.9917,0.0],[178.3599,63.9922,0.0],[178.3589,63.9953,0.0],[178.3604,63.9958,0.0],[178.3854,63.9958,0.0],[178.3901,63.9995,2.1633],[178.3995,64.0005,0.0],[178.4026,64.0036,0.0],[178.4182,64.0109,0.0],[178.4255,64.0162,1.565],[178.4375,64.0167,0.0],[178.4458,64.0208,0.9339],[178.4557,64.0214,0.0],[178.4479,64.025,0.4086],[178.4375,64.0229,0.0],[178.4255,64.0276,0.0],[178.4234,64.0297,0.9693],[178.425,64.0313,0.0],[178.4458,64.0313,0.0],[178.45,64.0292,0.0],[178.4542,64.0313,5.4015],[178.4604,64.0292,0.0],[178.4646,64.0313,1.0065],[178.4688,64.0292,0.0],[178.4875,64.0292,0.0],[178.4932,64.0318,0.0],[178.4943,64.0349,3.5197],[178.5005,64.0391,4.3771],[178.5099,64.0401,0.0],[178.5161,64.0443,0.0],[178.5151,64.0516,5.5223],[178.5224,64.0526,0.0],[178.5213,64.0557,0.0],[178.5313,64.0604,0.0],[178.5375,64.0604,0.0],[178.5521,64.0563,0.4666],[178.5646,64.0625,4.1477],[178.5792,64.0625,0.0],[178.5833,64.0604,0.0],[178.5953,64.0609,3.2584],[178.5901,64.063,7.4691],[178.5849,64.0724,2.0024],[178.5797,64.0734,9.5651],[178.5828,64.0755,0.0],[178.5797,64.0776,6.2048],[178.5807,64.0807,0.0],[178.5714,64.0839,9.9379],[178.5693,64.0859,9.6431],[178.5724,64.0891,0.0],[178.563,64.0901,9.8709],[178.5661,64.0922,0.0],[178.5661,64.0953,0.0],[178.5609,64.0964,10.1097],[178.5578,64.1016,0.0],[178.5526,64.1026,9.9735],[178.5557,64.1057,0.0],[178.5505,64.1068,10.552],[178.5495,64.1099,0.0],[178.5443,64.1109,11.058],[178.5474,64.1141,0.0],[178.5422,64.1151,9.5131],[178.537,64.1245,0.0],[178.5255,64.1318,8.4973],[178.5224,64.1391,0.0],[178.5172,64.1401,5.57],[178.5161,64.1432,0.0],[178.5109,64.1443,6.0031],[178.5141,64.1474,0.0],[178.5089,64.1484,0.0],[178.5068,64.1505,0.0],[178.5057,64.1557,0.0],[178.5005,64.1568,0.0],[178.4974,64.162,0.0],[178.4922,64.163,5.9804],[178.4912,64.1661,4.4085],[178.4818,64.1672,0.9666],[178.4891,64.1703,1.0323],[178.4818,64.1755,5.5257],[178.4807,64.1787,4.1725],[178.4755,64.1797,6.3422],[178.4682,64.1953,0.0],[178.4568,64.1984,7.7421],[178.4599,64.2005,0.0],[178.4599,64.2037,0.0],[178.4547,64.2047,5.1582],[178.4495,64.2141,0.0],[178.4417,64.2146,8.3299],[178.4375,64.2167,0.158],[178.4333,64.2146,0.9675],[178.4255,64.2151,7.0824],[178.4255,64.2182,0.7938],[178.4287,64.2203,0.9225],[178.4255,64.2255,1.6415],[178.4255,64.2286,1.0799],[178.4328,64.2297,1.6032],[178.4333,64.2312,2.2229],[178.4287,64.2391,0.0],[178.4234,64.2401,2.9604],[178.4203,64.2495,0.0],[178.4151,64.2505,6.3464],[178.413,64.2526,4.4716],[178.412,64.2578,0.0],[178.4042,64.2604,1.6937],[178.3875,64.2604,0.2641],[178.3755,64.2651,0.8722],[178.3776,64.2724,0.7022],[178.3797,64.2745,0.5201],[178.3917,64.2729,0.4898],[178.3938,64.275,1.5547],[178.3932,64.2766,4.6844],[178.388,64.2776,6.6148],[178.388,64.2807,6.6067],[178.3911,64.2828,0.0],[178.3891,64.2849,0.0],[178.3839,64.2859,7.1467],[178.3807,64.2953,0.0],[178.3755,64.2963,5.6273],[178.3708,64.3021,0.0],[178.363,64.3016,9.5924],[178.3542,64.2958,8.9553],[178.3464,64.2963,12.4168],[178.3495,64.2995,8.3668],[178.3443,64.3005,8.2382],[178.3443,64.3037,9.5804],[178.3646,64.3042,10.0184],[178.3703,64.3078,0.0],[178.3682,64.3099,0.0],[178.363,64.3109,5.338],[178.362,64.3141,0.0],[178.3568,64.3151,14.0178],[178.3568,64.3182,10.2486],[178.3599,64.3203,0.0],[178.3547,64.3214,0.0],[178.3495,64.3287,0.0],[178.3401,64.3318,8.2114],[178.3432,64.3349,0.0],[178.338,64.3359,2.9025],[178.3411,64.338,0.0],[178.3391,64.3432,0.0],[178.3276,64.3464,4.1266],[178.3224,64.3599,0.0],[178.3172,64.363,0.0],[178.312,64.3703,0.0],[178.3068,64.3714,3.6042],[178.3057,64.3766,1.7479],[178.3021,64.3771,3.2393],[178.2964,64.3745,0.0],[178.3016,64.3724,2.6334],[178.2984,64.3693,0.0],[178.3037,64.3682,2.7182],[178.3005,64.3651,0.0],[178.3042,64.3583,0.0],[178.3005,64.3547,0.0],[178.3057,64.3536,0.0],[178.3068,64.3505,0.0],[178.312,64.3495,0.9094],[178.3089,64.3464,0.0],[178.3245,64.3453,2.318],[178.3255,64.3401,0.0],[178.3307,64.3391,0.0],[178.3328,64.337,2.5615],[178.3255,64.3297,0.0],[178.3307,64.3287,0.0],[178.3349,64.3214,8.6303],[178.3276,64.3182,6.1129],[178.3266,64.3151,6.2636],[178.3172,64.3099,0.0],[178.3161,64.3068,4.1077],[178.2818,64.2891,0.0],[178.2786,64.2839,5.1319],[178.2713,64.2828,0.0],[178.2589,64.2766,1.8227],[178.2557,64.2734,3.9758],[178.2464,64.2724,0.0],[178.2474,64.2693,8.8155],[178.2432,64.2672,3.5],[178.2167,64.2604,4.3007],[178.2063,64.2604,0.0],[178.1979,64.2562,5.052],[178.1687,64.25,1.0186],[178.1536,64.2422,0.0],[178.1463,64.2412,0.0],[178.1396,64.2375,2.019],[178.1255,64.2349,0.0],[178.1245,64.2318,1.9973],[178.1214,64.2307,0.9383],[178.1234,64.2255,1.2267],[178.1286,64.2245,0.7679],[178.1255,64.2214,0.0],[178.1349,64.2203,0.0],[178.1396,64.2167,0.0],[178.1474,64.2161,0.0],[178.1463,64.2109,0.0],[178.1516,64.2078,0.0],[178.1547,64.2005,0.0],[178.1599,64.1995,0.0],[178.163,64.1943,0.0],[178.1792,64.1917,1.5328],[178.1807,64.1922,1.2992],[178.1818,64.1974,1.681],[178.1917,64.2,1.962],[178.1964,64.1943,0.5],[178.2016,64.1922,1.9881],[178.1854,64.1917,0.5],[178.1839,64.1901,0.0],[178.2146,64.1896,2.042],[178.2188,64.1875,0.0],[178.225,64.1896,2.8302],[178.2391,64.1849,2.5976],[178.2401,64.1797,0.0],[178.2453,64.1787,0.0],[178.2474,64.1766,0.0],[178.2458,64.175,0.0],[178.2229,64.1833,0.0],[178.1646,64.1833,1.7002],[178.1604,64.1854,0.0],[178.1438,64.1854,0.0],[178.1396,64.1875,0.0],[178.1354,64.1854,0.0],[178.1208,64.1854,1.5289],[178.1104,64.1896,0.0],[178.0938,64.1896,1.3395],[178.0911,64.1932,0.0],[178.0833,64.1937,1.0945],[178.063,64.2005,0.0],[178.0609,64.2078,0.9052],[178.0641,64.2099,1.0419],[178.062,64.212,0.0],[178.0437,64.2146,0.0],[178.0396,64.2167,0.0],[178.0354,64.2146,0.0],[178.0313,64.2167,0.0],[178.0188,64.2167,1.3919],[178.0146,64.2188,0.0],[178.0,64.2188,1.4141],[177.9984,64.2172,0.0],[178.0036,64.2161,0.7871],[178.0057,64.2089,0.0],[177.9917,64.2042,0.0],[177.9771,64.2042,0.0],[177.9563,64.2104,0.0],[177.95,64.2104,1.9111],[177.9474,64.2141,0.0],[177.9396,64.2146,1.1321],[177.9292,64.2188,0.0],[177.9229,64.2188,2.005],[177.9187,64.2208,0.0],[177.9125,64.2188,1.9737],[177.9083,64.2229,0.0],[177.9021,64.2229,1.7087],[177.8979,64.225,0.0],[177.8854,64.225,0.7509],[177.8771,64.2292,0.0],[177.8693,64.2297,0.0],[177.8646,64.2333,0.0],[177.8526,64.2338,1.0448],[177.8495,64.237,0.0],[177.8443,64.238,0.0],[177.8432,64.2412,0.0],[177.8318,64.2443,0.0],[177.8245,64.2495,0.0],[177.8193,64.2505,0.0],[177.8182,64.2536,0.0],[177.813,64.2547,0.0],[177.812,64.2578,0.0],[177.8005,64.2609,0.0],[177.7995,64.2641,0.0],[177.7917,64.2667,0.0],[177.7839,64.2672,0.0],[177.7807,64.2724,0.0],[177.7755,64.2734,0.0],[177.7745,64.2766,0.0],[177.7693,64.2776,0.0],[177.7599,64.2849,0.0],[177.7505,64.2859,1.9256],[177.7474,64.2911,0.0],[177.7422,64.2922,1.5425],[177.7453,64.2953,0.0],[177.7401,64.2963,0.0],[177.7391,64.2995,0.0],[177.7328,64.3016,0.0],[177.7234,64.3026,1.8585],[177.7203,64.3078,0.0],[177.7151,64.3089,0.0],[177.7141,64.312,0.0],[177.7057,64.3182,0.0],[177.6875,64.3229,0.0],[177.6797,64.3234,1.3563],[177.6787,64.3266,0.0],[177.6734,64.3276,0.0],[177.6703,64.3307,0.0],[177.6583,64.3354,0.0],[177.6463,64.3359,1.4945],[177.6479,64.3375,0.0],[177.6536,64.338,0.0],[177.6521,64.3396,0.0],[177.6396,64.3396,0.0],[177.6354,64.3438,0.0],[177.6292,64.3417,0.0],[177.625,64.3458,0.0],[177.6214,64.3453,0.0],[177.6224,64.3422,1.5781],[177.6193,64.3422,1.8734],[177.6162,64.3453,0.0],[177.6109,64.3464,2.3327],[177.6099,64.3495,0.0],[177.6005,64.3505,2.2725],[177.5974,64.3557,0.0],[177.5896,64.3562,2.2496],[177.5849,64.3599,0.0],[177.5797,64.3609,1.9588],[177.5786,64.3641,0.0],[177.5734,64.3651,2.204],[177.5682,64.3745,0.0],[177.5589,64.3755,0.0],[177.5599,64.3807,0.0],[177.5557,64.3828,0.0],[177.5417,64.3875,0.0],[177.5339,64.388,0.0],[177.5328,64.3912,0.0],[177.5276,64.3922,0.0],[177.5229,64.3958,0.0],[177.5047,64.3984,0.0],[177.5016,64.4036,0.0],[177.4859,64.4089,0.0],[177.4807,64.4182,0.0],[177.4734,64.4234,0.0],[177.4745,64.4287,0.0],[177.4682,64.4328,1.726],[177.463,64.4339,1.4376],[177.4661,64.437,0.0],[177.4609,64.438,1.7434],[177.4578,64.4453,0.0],[177.4526,64.4464,0.82],[177.4557,64.4495,0.0],[177.4464,64.4505,1.8021],[177.4495,64.4537,0.0],[177.4443,64.4547,1.4901],[177.4474,64.4578,0.0],[177.4422,64.4589,1.5244],[177.4391,64.4661,0.0],[177.4339,64.4672,1.6181],[177.437,64.4703,0.0],[177.4318,64.4714,1.5891],[177.4224,64.4786,1.5034],[177.4172,64.4797,1.8279],[177.4245,64.4849,0.0],[177.4193,64.4859,1.5395],[177.4224,64.488,0.0],[177.4224,64.4912,0.0],[177.4203,64.4932,0.0],[177.4151,64.4943,2.3429],[177.4182,64.4974,0.0],[177.413,64.4984,2.1669],[177.4167,64.5021,0.0],[177.4125,64.5104,2.2829],[177.4162,64.513,0.0],[177.413,64.5203,2.431],[177.4167,64.5229,0.0],[177.4151,64.5286,2.7164],[177.4203,64.5318,0.0],[177.4193,64.537,0.0],[177.4224,64.538,0.0],[177.4214,64.5432,5.4309],[177.425,64.5458,0.0],[177.4234,64.5495,0.0],[177.4266,64.5505,0.0],[177.4287,64.5547,0.0],[177.4276,64.5599,3.5519],[177.4307,64.562,0.0],[177.4276,64.5641,9.946],[177.4328,64.5672,0.0],[177.4339,64.5703,0.0],[177.437,64.5714,0.0],[177.4359,64.5745,0.0],[177.4391,64.5755,0.0],[177.4417,64.5813,0.0],[177.4401,64.5849,0.0],[177.4438,64.5875,0.0],[177.4422,64.5911,30.7337],[177.4495,64.5964,0.0],[177.4484,64.5995,41.7517],[177.4557,64.6026,0.0],[177.4547,64.6078,6.2749],[177.462,64.6088,0.0],[177.463,64.612,48.9389],[177.4703,64.613,0.0],[177.4771,64.6167,10.3665],[177.487,64.6172,0.0],[177.4859,64.6224,7.6348],[177.4891,64.6234,0.0],[177.4901,64.6266,0.0],[177.4958,64.6292,9.9606],[177.5016,64.6297,0.0],[177.4901,64.6339,0.0],[177.4891,64.637,0.0],[177.4839,64.638,0.0],[177.487,64.6412,0.0],[177.4818,64.6422,0.0],[177.4797,64.6443,15.796],[177.4828,64.6474,0.0],[177.4797,64.6484,16.7634],[177.4812,64.6521,19.8763],[177.4797,64.6557,25.586],[177.487,64.6589,0.0],[177.4818,64.662,19.8232],[177.4891,64.6672,0.0],[177.4875,64.6708,12.7572],[177.4912,64.6734,14.0426],[177.4901,64.6766,14.9581],[177.4974,64.6797,0.0],[177.4964,64.6828,6.9987],[177.4995,64.6839,4.7521],[177.5005,64.687,0.0],[177.5078,64.6901,0.0],[177.5068,64.6932,0.0],[177.5099,64.6943,0.0],[177.5089,64.6974,9.8653],[177.5161,64.7026,0.0],[177.5151,64.7057,12.151],[177.5182,64.7068,7.3197],[177.5193,64.7099,0.0],[177.5224,64.7109,0.0],[177.5213,64.7141,9.4647],[177.5286,64.7151,0.0],[177.5255,64.7266,3.2585],[177.5328,64.7276,8.028],[177.537,64.7307,2.5185],[177.5318,64.7318,0.0],[177.5349,64.7338,3.3093],[177.5333,64.7354,3.651],[177.5229,64.7354,17.4172],[177.5083,64.7396,5.4487],[177.4854,64.7396,70.3577],[177.4812,64.7417,0.0],[177.4771,64.7396,36.0795],[177.4438,64.7396,0.0],[177.4396,64.7375,6.9638],[177.4333,64.7396,0.0],[177.4187,64.7396,6.9685],[177.4125,64.7438,0.0],[177.4021,64.7438,16.7635],[177.3917,64.7479,0.0],[177.3792,64.7479,17.4256],[177.3646,64.7521,0.0],[177.3542,64.7521,0.0],[177.35,64.75,14.633],[177.3458,64.75,0.0],[177.3359,64.7453,0.0],[177.337,64.7422,17.1381],[177.3292,64.7417,0.0],[177.3208,64.7375,9.737],[177.3167,64.7375,0.0],[177.3125,64.7354,16.1812],[177.3042,64.7354,0.0],[177.2974,64.7318,11.8192],[177.2901,64.7307,0.0],[177.2641,64.7172,8.6821],[177.2583,64.7167,0.0],[177.2474,64.7109,0.0],[177.2401,64.7099,0.0],[177.2312,64.7042,37.0647],[177.2208,64.7042,0.0],[177.2167,64.7021,13.0194],[177.2021,64.7021,0.0],[177.1896,64.6979,26.6047],[177.1687,64.6979,8.3175],[177.1542,64.7021,0.0],[177.15,64.7,10.8126],[177.1354,64.7,0.0],[177.1292,64.6979,23.1412],[177.125,64.7,0.0],[177.1172,64.7005,8.7218],[177.1104,64.7042,0.0],[177.0938,64.7042,17.0368],[177.0896,64.7063,0.0],[177.0859,64.7057,0.0],[177.0786,64.7005,8.7802],[177.0693,64.6995,0.0],[177.062,64.6943,20.6271],[177.0547,64.6932,0.0],[177.0464,64.6891,21.4257],[177.0453,64.6859,32.1621],[177.0391,64.6818,29.9948],[177.0151,64.6703,0.0],[177.012,64.6672,0.0],[177.0047,64.6641,0.0],[177.0036,64.6609,28.6209],[176.9964,64.6599,0.0],[176.9766,64.6484,7.782],[176.9708,64.6479,0.0],[176.9599,64.6422,1.4533],[176.9526,64.6412,0.0],[176.9359,64.6328,1.3294],[176.9297,64.6286,0.0],[176.9287,64.6255,0.0],[176.913,64.6224,0.0],[176.9089,64.6203,0.0],[176.9099,64.6172,11.7912],[176.8901,64.6078,0.0],[176.887,64.6047,17.0606],[176.8776,64.6036,0.0],[176.8786,64.6005,7.4222],[176.8651,64.5932,1.2013],[176.8667,64.5875,0.558],[176.863,64.5839,0.0],[176.8667,64.5771,2.5255],[176.863,64.5745,0.0],[176.8641,64.5714,4.3818],[176.8464,64.5682,0.0],[176.8401,64.5641,0.0],[176.8391,64.5609,0.7179],[176.8245,64.5526,1.4427],[176.8062,64.5479,0.0],[176.8,64.5479,0.0],[176.7896,64.5417,0.0],[176.7854,64.5417,0.0],[176.7813,64.5396,0.0],[176.7708,64.5396,0.0],[176.7667,64.5375,0.0],[176.7589,64.5401,1.5668],[176.7568,64.5453,1.5659],[176.7599,64.5474,0.0],[176.7578,64.5516,0.0],[176.7526,64.5526,1.5119],[176.7557,64.5557,0.0],[176.7505,64.5568,1.5786],[176.7474,64.5641,0.0],[176.7422,64.5651,1.4517],[176.7453,64.5682,0.0],[176.7432,64.5703,0.0],[176.738,64.5714,1.3837],[176.7328,64.5828,0.0],[176.7276,64.5839,2.204],[176.7307,64.5859,0.0],[176.7287,64.5911,0.0],[176.7234,64.5922,2.252],[176.7203,64.5953,0.0],[176.7109,64.5984,1.773],[176.7078,64.6016,0.0],[176.7026,64.6026,2.0037],[176.6995,64.6099,0.0],[176.6943,64.6109,1.9295],[176.6953,64.6162,0.0],[176.6859,64.6172,2.1681],[176.6849,64.6203,0.0],[176.6797,64.6214,0.0],[176.6766,64.6245,1.2565],[176.6672,64.6255,1.597],[176.6662,64.6286,0.0],[176.6422,64.6359,1.6955],[176.6396,64.6396,0.0],[176.6333,64.6396,1.6512],[176.6167,64.6458,0.0],[176.6104,64.6458,1.4243],[176.5964,64.6505,1.2631],[176.5938,64.6542,0.0],[176.575,64.6563,1.0753],[176.563,64.6609,0.0],[176.5599,64.6641,0.0],[176.5417,64.6667,1.0129],[176.5375,64.6687,0.0],[176.5021,64.6687,0.0],[176.4979,64.6667,1.5718],[176.4937,64.6687,0.0],[176.4875,64.6687,0.0],[176.4833,64.6667,1.2698],[176.4734,64.6661,0.0],[176.4693,64.6641,0.0],[176.4667,64.6583,0.0],[176.4682,64.6547,2.0769],[176.4609,64.6495,1.0493],[176.462,64.6464,2.0559],[176.4547,64.6453,0.0],[176.4599,64.6432,1.2687],[176.4599,64.6401,1.8239],[176.4526,64.637,0.0],[176.4536,64.6339,0.0],[176.4505,64.6328,0.0],[176.4516,64.6297,1.723],[176.4422,64.6286,0.0],[176.4396,64.625,0.0],[176.4411,64.6214,0.0],[176.4271,64.6146,0.0],[176.3979,64.6083,0.0],[176.387,64.6026,2.2244],[176.3813,64.6021,0.0],[176.3745,64.5984,2.6948],[176.3562,64.5938,1.0257],[176.3458,64.5938,0.0],[176.3417,64.5917,2.2555],[176.3375,64.5938,0.0],[176.3021,64.5938,1.7108],[176.2979,64.5958,0.0],[176.2896,64.5958,1.0454],[176.2854,64.5979,0.0],[176.275,64.5979,1.3815],[176.2734,64.5995,1.3545],[176.2766,64.6016,0.0],[176.2688,64.6042,0.0],[176.2625,64.6042,2.4446],[176.2563,64.6083,0.0],[176.2458,64.6083,0.0],[176.2297,64.5995,0.0],[176.2266,64.5922,0.6107],[176.2208,64.5896,0.0],[176.2151,64.5891,0.0],[176.2161,64.5859,0.4693],[176.1859,64.5703,0.0],[176.187,64.5672,1.9102],[176.1755,64.562,0.0],[176.1766,64.5589,2.1311],[176.1547,64.5474,0.0],[176.1557,64.5443,0.0],[176.1526,64.5432,0.9489],[176.1516,64.5401,2.1099],[176.1339,64.5307,0.0],[176.1359,64.5255,0.0],[176.1411,64.5245,2.3777],[176.138,64.5224,2.1807],[176.1391,64.5193,2.428],[176.1359,64.5182,0.839],[176.138,64.513,1.5194],[176.1401,64.5089,1.9893],[176.1453,64.5078,2.2396],[176.138,64.5036,0.0],[176.1391,64.5005,0.0],[176.1359,64.4984,0.0],[176.1474,64.4953,2.0617],[176.1521,64.4854,1.3495],[176.1495,64.4797,0.0],[176.1359,64.4724,0.0],[176.1328,64.4672,2.3339],[176.1245,64.463,2.5417],[176.1187,64.4625,0.0],[176.0995,64.4547,2.5085],[176.0922,64.4537,0.0],[176.0833,64.4479,1.4555],[176.0755,64.4474,0.0],[176.0682,64.4422,2.1861],[176.0609,64.4411,0.0],[176.0526,64.437,0.0],[176.0537,64.4339,2.3625],[176.0422,64.4287,0.0],[176.0432,64.4255,0.0],[176.0401,64.4245,0.0],[176.0417,64.4208,0.0],[176.038,64.4182,0.0],[176.0396,64.4146,0.0],[176.038,64.4109,0.0],[176.0432,64.4099,3.0856],[176.0432,64.4068,2.7638],[176.0401,64.4047,0.0],[176.0422,64.4005,0.0],[176.0474,64.3995,3.1648],[176.0443,64.3964,0.0],[176.0495,64.3953,0.0],[176.0516,64.3922,0.0],[176.0437,64.3917,2.9411],[176.0412,64.3953,0.0],[176.0359,64.3964,2.0637],[176.0391,64.3995,0.0],[176.0313,64.4104,0.0],[176.025,64.4104,0.0],[176.0193,64.4078,0.0],[176.0161,64.4047,0.0],[176.0089,64.4016,0.0],[176.0099,64.3984,1.5217],[176.0063,64.3958,0.0],[176.0083,64.3917,2.3018],[176.0068,64.388,0.0],[176.0313,64.3792,0.0],[176.0432,64.3797,0.0],[176.038,64.3849,2.3245],[176.0417,64.3875,0.0],[176.0479,64.3875,0.0],[176.0516,64.3849,0.0],[176.0526,64.3818,0.0],[176.0578,64.3807,2.987],[176.0547,64.3776,0.0],[176.0625,64.3771,2.7435],[176.0729,64.3729,0.0],[176.0896,64.3708,3.1193],[176.0938,64.3688,0.0],[176.1,64.3708,9.0879],[176.1125,64.3708,0.0],[176.1167,64.3729,0.0],[176.1333,64.3729,1.2971],[176.1375,64.3708,0.0],[176.1479,64.3708,3.7213],[176.1521,64.3688,0.0],[176.1583,64.3688,3.0241],[176.1662,64.3651,0.0],[176.1542,64.3646,3.2152],[176.1438,64.3688,0.0],[176.1104,64.3688,0.0],[176.1021,64.3646,0.0],[176.0917,64.3646,2.63],[176.0813,64.3688,0.0],[176.0604,64.3688,0.6723],[176.0562,64.3708,0.0],[176.0458,64.3708,0.7657],[176.0417,64.3729,0.9999],[176.0354,64.3729,0.0],[176.0276,64.3755,1.7683],[176.0229,64.3792,0.0],[176.0109,64.3786,0.0],[176.013,64.3755,0.0],[176.0208,64.375,1.83],[176.0224,64.3734,0.0],[176.0104,64.3729,0.0],[176.0078,64.3766,0.0],[176.0026,64.3776,0.0],[176.0005,64.3797,1.7139],[176.0016,64.387,0.0],[175.9922,64.388,2.5397],[175.9953,64.3912,0.9585],[175.9922,64.3953,0.0],[175.9953,64.3964,0.0],[175.9984,64.4036,0.0],[176.0042,64.4063,0.0],[176.0099,64.4068,0.0],[176.0245,64.4151,0.0],[176.0234,64.4182,1.6619],[176.0266,64.4193,0.0],[176.025,64.425,0.0],[176.0276,64.4307,0.0],[176.0495,64.4422,0.0],[176.0526,64.4474,1.2565],[176.0583,64.45,2.9579],[176.0641,64.4505,0.0],[176.063,64.4537,1.1312],[176.0661,64.4547,0.0],[176.0661,64.4578,0.0],[176.062,64.4641,0.0],[176.0568,64.4651,0.0],[176.0537,64.4724,0.0],[176.0505,64.4755,0.0],[176.0537,64.4776,0.0],[176.0547,64.4807,0.0],[176.0578,64.4818,0.0],[176.0568,64.4849,0.743],[176.0651,64.4891,0.0],[176.0682,64.4891,0.0],[176.0682,64.4859,1.9595],[176.063,64.4828,0.0],[176.0641,64.4776,1.4136],[176.0609,64.4766,0.0],[176.0625,64.4729,3.2445],[176.0589,64.4693,0.0],[176.0641,64.4682,0.0],[176.0672,64.4651,0.0],[176.0792,64.4604,0.0],[176.0828,64.4609,0.0],[176.0818,64.4641,3.3784],[176.0875,64.4646,0.0],[176.0943,64.4682,1.9502],[176.1016,64.4693,0.0],[176.1109,64.4745,2.2419],[176.1182,64.4755,0.0],[176.1172,64.4807,0.0],[176.1229,64.4812,0.0],[176.1286,64.4838,0.0],[176.1234,64.4943,0.0],[176.1266,64.4974,0.0],[176.1229,64.5042,0.9359],[176.1266,64.5078,0.0],[176.1172,64.5089,1.1624],[176.1042,64.5188,1.3273],[176.0964,64.5182,0.0],[176.0974,64.5151,1.1897],[176.0943,64.5141,0.0],[176.0953,64.5109,1.1389],[176.088,64.5078,0.0],[176.0891,64.5047,1.7477],[176.0734,64.4974,0.0],[176.0745,64.4943,2.1823],[176.0688,64.4917,0.0],[176.0646,64.4958,0.6641],[176.0703,64.5005,0.0],[176.0714,64.5036,0.0],[176.0766,64.5068,0.0],[176.0755,64.512,2.7511],[176.0911,64.5172,0.0],[176.0943,64.5245,2.0877],[176.0995,64.5276,0.0],[176.1005,64.5307,1.5225],[176.1078,64.5339,0.0],[176.1109,64.5391,0.0],[176.1141,64.5401,0.0],[176.1172,64.5453,0.0],[176.1203,64.5463,0.0],[176.1151,64.5495,0.0],[176.1271,64.5563,2.3492],[176.1313,64.5563,1.2422],[176.1354,64.5583,1.0596],[176.1458,64.5583,0.0],[176.1516,64.5609,0.0],[176.1505,64.5641,0.89],[176.1536,64.5651,0.0],[176.1526,64.5682,0.4804],[176.1557,64.5693,0.0],[176.1568,64.5724,0.0],[176.1599,64.5734,0.0],[176.1589,64.5766,0.0],[176.1807,64.588,0.0],[176.1797,64.5911,2.0108],[176.187,64.5943,0.0],[176.1901,64.6016,1.4115],[176.1995,64.6068,0.0],[176.2005,64.6099,0.0],[176.2083,64.6146,1.1625],[176.2161,64.6151,0.0],[176.2151,64.6182,0.0],[176.225,64.6208,1.2344],[176.237,64.6214,0.0],[176.2432,64.6255,0.0],[176.2443,64.6286,4.0679],[176.25,64.6292,0.0],[176.2568,64.6328,0.0],[176.2667,64.6354,2.0957],[176.3,64.6375,0.0],[176.3042,64.6396,0.8542],[176.3188,64.6396,0.7191],[176.3229,64.6375,0.0],[176.3292,64.6396,0.9684],[176.3333,64.6375,0.0],[176.3375,64.6396,0.9368],[176.3521,64.6396,0.3989],[176.3562,64.6417,0.9955],[176.3604,64.6417,0.6121],[176.3714,64.6474,1.122],[176.3786,64.6484,0.0],[176.3776,64.6516,1.2124],[176.3849,64.6526,0.4887],[176.3859,64.6557,1.2774],[176.3922,64.6599,1.4193],[176.4,64.6604,0.0],[176.4042,64.6625,1.4019],[176.4125,64.6625,0.7192],[176.4182,64.6651,1.2079],[176.4172,64.6682,1.6987],[176.4245,64.6734,0.0],[176.4234,64.6766,2.4865],[176.4266,64.6787,1.5783],[176.4187,64.6792,1.8875],[176.4172,64.6807,0.648],[176.4271,64.6813,0.9032],[176.437,64.6859,0.8526],[176.4318,64.688,0.957],[176.4307,64.6911,0.0],[176.4255,64.6922,1.6406],[176.4287,64.6953,0.0],[176.4234,64.6964,1.2584],[176.4203,64.6995,1.608],[176.4151,64.7005,1.7316],[176.4141,64.7037,0.0],[176.4089,64.7047,1.8137],[176.412,64.7078,0.0],[176.3963,64.7089,1.8358],[176.3901,64.7109,1.8057],[176.3891,64.7141,0.0],[176.3776,64.7172,0.4738],[176.3766,64.7203,0.0],[176.3651,64.7234,1.414],[176.3641,64.7266,0.0],[176.3589,64.7276,1.2176],[176.362,64.7307,0.0],[176.3599,64.7328,0.0],[176.3547,64.7338,0.0],[176.3516,64.7391,0.0],[176.3464,64.7401,1.0261],[176.3432,64.7453,0.9216],[176.338,64.7464,1.0446],[176.337,64.7495,0.7164],[176.3255,64.7526,1.6356],[176.3286,64.7547,0.0],[176.3286,64.7578,0.0],[176.3109,64.763,1.28],[176.3141,64.7662,0.0],[176.3089,64.7672,0.0],[176.3057,64.7724,0.0],[176.3005,64.7734,3.6651],[176.2984,64.7786,0.0],[176.3016,64.7807,0.0],[176.2943,64.7859,7.9611],[176.2974,64.7891,0.0],[176.2901,64.7943,0.0],[176.2875,64.8,11.3734],[176.2891,64.8037,0.0],[176.2839,64.8068,2.6996],[176.287,64.8099,0.0],[176.2792,64.8104,6.6332],[176.275,64.8125,0.0],[176.2667,64.8125,21.3794],[176.2547,64.8172,15.5889],[176.2578,64.8203,0.0],[176.2464,64.8214,20.4774],[176.238,64.838,32.7826],[176.2417,64.8417,0.0],[176.2375,64.85,20.5945],[176.2391,64.8557,0.0],[176.2326,64.8604,4.9507],[176.2404,64.8917,10.4572],[176.2474,64.8891,20.0851],[176.2443,64.887,2.7906],[176.2458,64.8854,0.0],[176.2771,64.8854,0.0],[176.2875,64.8812,0.0],[176.2979,64.8812,3.1972],[176.3042,64.8771,0.0],[176.3146,64.8771,18.6425],[176.325,64.8729,0.0],[176.3438,64.8708,20.6548],[176.3557,64.8662,0.0],[176.3604,64.8625,0.0],[176.3667,64.8625,0.0],[176.3708,64.8604,0.0],[176.3917,64.8604,3.254],[176.4083,64.8542,0.0],[176.4146,64.8542,0.8966],[176.425,64.85,0.0],[176.4312,64.85,16.3505],[176.4375,64.8458,0.0],[176.4453,64.8453,4.1091],[176.4484,64.8401,0.0],[176.4536,64.8391,10.0206],[176.4547,64.8359,0.0],[176.4599,64.8349,14.7697],[176.462,64.8328,5.2795],[176.4682,64.8203,26.6164],[176.4609,64.8161,0.0],[176.462,64.8089,10.1825],[176.4505,64.7995,1.6594],[176.4505,64.7963,3.0392],[176.4521,64.7958,2.5339],[176.4625,64.7958,0.0],[176.4667,64.7979,0.0],[176.4771,64.7979,0.0],[176.4812,64.8,0.0],[176.5146,64.8,1.0693],[176.5188,64.7979,0.0],[176.525,64.7979,0.0],[176.5292,64.8,2.1475],[176.5354,64.7979,0.0],[176.5396,64.8,1.6846],[176.5458,64.8,2.956],[176.55,64.7979,0.0],[176.5599,64.8026,0.0],[176.563,64.8057,9.4824],[176.5724,64.8068,0.0],[176.5714,64.8099,23.1217],[176.587,64.8172,0.0],[176.5859,64.8203,2.7766],[176.5932,64.8214,0.0],[176.6083,64.8292,0.0],[176.6245,64.8297,0.0],[176.6318,64.8349,0.0],[176.6526,64.8453,0.0],[176.6599,64.8464,0.0],[176.6589,64.8495,0.0],[176.6667,64.85,0.0],[176.6792,64.8542,0.0],[176.6854,64.8542,0.0],[176.6938,64.85,1.007],[176.7021,64.85,1.5105],[176.7047,64.8464,0.0],[176.7125,64.8438,0.0],[176.7167,64.8458,9.1296],[176.7229,64.8438,0.0],[176.7271,64.8458,7.895],[176.7375,64.8458,0.0],[176.7417,64.8479,0.0],[176.7563,64.8479,0.0],[176.7604,64.8458,0.0],[176.7813,64.8458,22.6192],[176.7854,64.8438,0.0],[176.7917,64.8438,13.7219],[176.8104,64.8354,0.0],[176.8161,64.837,7.1431],[176.8214,64.8276,0.0],[176.8266,64.8266,6.0634],[176.8234,64.8245,0.0],[176.825,64.8229,0.0],[176.8417,64.8229,0.0],[176.8813,64.8333,0.0],[176.9042,64.8354,0.0],[176.9083,64.8375,0.0],[176.9187,64.8375,2.265],[176.9214,64.8339,0.0],[176.9417,64.8271,0.0],[176.9495,64.8266,9.7487],[176.9521,64.8229,0.0],[176.9661,64.8224,9.3079],[176.963,64.8203,0.0],[176.963,64.8172,0.0],[176.9672,64.8109,0.0],[176.9724,64.8089,19.0428],[176.9693,64.8078,14.5731],[176.9672,64.8037,3.7315],[176.9667,64.8,0.0],[176.9682,64.7963,9.736],[176.9609,64.7922,0.0],[176.963,64.788,0.0],[176.9682,64.787,1.3244],[176.9703,64.7849,1.7553],[176.9714,64.7797,1.3437],[176.9896,64.7792,0.0],[176.9937,64.7813,20.0974],[177.0292,64.7813,8.7028],[177.0333,64.7792,0.0],[177.0396,64.7792,3.1336],[177.0422,64.7755,0.0],[177.05,64.775,24.0422],[177.0547,64.7714,0.0],[177.0703,64.7662,17.5635],[177.0755,64.7568,0.0],[177.0792,64.7542,1.4296],[177.0891,64.7568,0.0],[177.0984,64.762,0.0],[177.1042,64.7625,0.0],[177.1125,64.7667,20.7671],[177.1167,64.7667,0.0],[177.1208,64.7688,23.0567],[177.1313,64.7688,0.0],[177.1354,64.7708,0.0],[177.1604,64.7708,12.9238],[177.1693,64.7651,0.0],[177.1771,64.7646,0.0],[177.1979,64.7708,7.62],[177.225,64.775,0.0],[177.2349,64.7797,0.0],[177.2359,64.7828,15.4147],[177.25,64.7854,0.0],[177.2583,64.7896,24.9243],[177.2688,64.7896,0.0],[177.2771,64.7937,12.4378],[177.3104,64.7937,0.0],[177.3167,64.7917,0.0],[177.3224,64.7943,0.0],[177.3214,64.7974,8.9805],[177.3286,64.7984,0.0],[177.3297,64.8016,9.6553],[177.3354,64.8021,0.0],[177.3411,64.8047,0.0],[177.3401,64.8078,0.0],[177.3432,64.8099,21.2589],[177.337,64.8141,0.8151],[177.3292,64.8146,0.972],[177.3214,64.8172,1.9126],[177.3203,64.8203,1.0845],[177.3125,64.8229,0.8836],[177.2854,64.8229,20.0338],[177.2734,64.8276,5.766],[177.2745,64.8307,0.8605],[177.2682,64.8349,0.6024],[177.263,64.8359,3.151],[177.2661,64.838,0.5766],[177.2661,64.8411,0.9664],[177.2641,64.8432,0.8271],[177.2589,64.8443,1.8097],[177.2589,64.8474,2.2897],[177.2661,64.8505,0.4747],[177.2651,64.8557,5.7254],[177.2724,64.8588,0.5599],[177.2745,64.862,0.8711],[177.2713,64.863,9.0162],[177.2682,64.8682,0.6779],[177.263,64.8693,8.8924],[177.2609,64.8714,8.6094],[177.2609,64.8745,19.1107],[177.2641,64.8755,0.629],[177.263,64.8786,12.3024],[177.2661,64.8807,0.8443],[177.2609,64.8828,15.2781],[177.2703,64.8839,0.5826],[177.2693,64.887,3.3116],[177.2729,64.8896,0.9412],[177.2693,64.8974,18.2153],[177.2766,64.9005,0.9871],[177.2755,64.9057,2.3475],[177.2813,64.9063,0.9134],[177.2828,64.9078,0.6871],[177.275,64.9104,2.5316],[177.2708,64.9104,0.8356],[177.2667,64.9083,1.7414],[177.2417,64.9083,18.8442],[177.2151,64.9172,10.7316],[177.2224,64.9224,0.7187],[177.2109,64.9255,2.9311],[177.2104,64.9292,2.0274],[177.212,64.9328,1.6538],[177.2057,64.937,0.789],[177.1938,64.9375,11.8335],[177.1859,64.9401,10.4309],[177.1812,64.9437,0.3521],[177.1708,64.9437,29.9255],[177.1693,64.9453,26.1572],[177.1724,64.9464,0.4822],[177.1708,64.9479,0.6845],[177.1583,64.9479,11.6781],[177.1542,64.95,0.6494],[177.1479,64.95,12.0643],[177.1313,64.9563,0.6988],[177.1104,64.9563,10.6707],[177.1026,64.9589,16.106],[177.1016,64.962,0.9987],[177.0838,64.9672,17.7493],[177.0786,64.9786,0.5577],[177.0688,64.9833,0.919],[177.0646,64.9812,1.4794],[177.0542,64.9812,0.6915],[177.05,64.9792,20.5779],[177.0339,64.9797,12.1297],[177.037,64.9818,12.1436],[177.0349,64.987,0.3602],[177.0297,64.9901,2.6787],[177.0245,64.9974,4.5937],[177.0193,64.9984,13.6321],[177.0193,65.0016,14.3856],[177.0224,65.0036,0.9875],[177.0078,65.0349,1.9789],[177.0063,65.0354,1.9789],[176.9984,65.0328,1.6211],[176.9953,65.0297,0.8652],[176.9859,65.0286,0.2583],[176.987,65.0255,0.7085],[176.9812,65.0229,1.7704],[176.975,65.025,1.8521],[176.95,65.025,0.2803],[176.9458,65.0229,1.8885],[176.9417,65.025,-0.0146],[176.9354,65.0229,1.7463],[176.9312,65.025,-0.0886],[176.925,65.0229,1.8492],[176.9208,65.025,0.0907],[176.9167,65.0229,2.7708],[176.9021,65.0229,1.5396],[176.8922,65.0203,1.691],[176.8854,65.0167,2.4831],[176.8797,65.0162,-0.0402],[176.8807,65.0109,1.966],[176.8682,65.0047,2.2298],[176.8562,65.0042,-0.162],[176.8438,65.0,1.9136],[176.8292,65.0,0.2215],[176.825,64.9979,1.4142],[176.8062,64.9979,-0.3557],[176.7833,64.9917,1.6104],[176.7604,64.9896,0.0],[176.7563,64.9875,1.7844],[176.7417,64.9875,0.0],[176.7292,64.9833,1.6324],[176.7146,64.9833,0.0],[176.7104,64.9812,1.5014],[176.6896,64.9812,0.0],[176.6833,64.9771,1.7431],[176.6083,64.9771,0.8426],[176.5875,64.9833,0.0],[176.5708,64.9833,0.0],[176.5667,64.9812,1.4357],[176.5583,64.9812,0.0],[176.5542,64.9792,1.3023],[176.5437,64.9792,0.6946],[176.5396,64.9812,0.0],[176.5313,64.9812,1.7674],[176.5271,64.9833,0.0],[176.5193,64.9838,1.7994],[176.5161,64.9891,0.0],[176.5047,64.9922,0.0],[176.5036,64.9953,0.0],[176.4984,64.9964,1.1534],[176.4953,65.0016,0.0],[176.4875,65.0021,0.0],[176.4828,65.0057,0.0],[176.4776,65.0068,1.5046],[176.4807,65.0089,0.0],[176.4807,65.012,0.0],[176.4714,65.013,5.024],[176.4729,65.0146,9.0774],[176.4787,65.0151,0.0],[176.4776,65.0203,0.0],[176.4807,65.0214,0.0],[176.4797,65.0245,9.9676],[176.4828,65.0266,0.0],[176.4708,65.0271,22.9227],[176.463,65.0297,15.5014],[176.4599,65.0328,2.2566],[176.4521,65.0333,0.0],[176.4479,65.0354,7.0911],[176.4375,65.0354,16.0101],[176.425,65.0313,0.7518],[176.4146,65.0313,0.0],[176.4047,65.0286,0.0],[176.3963,65.0245,0.0],[176.3974,65.0214,0.0],[176.3943,65.0203,0.2935],[176.3932,65.0172,0.4672],[176.3813,65.0104,8.1163],[176.3542,65.0104,4.2728],[176.35,65.0125,0.7743],[176.3422,65.013,7.6021],[176.3391,65.0203,0.93],[176.3354,65.0229,0.5629],[176.3292,65.0229,0.0],[176.325,65.0208,0.0],[176.3146,65.0208,5.2974],[176.3,65.0271,0.3998],[176.2729,65.0271,1.9791],[176.2693,65.0297,0.8095],[176.2682,65.0328,0.6663],[176.263,65.0339,4.2022],[176.2583,65.0396,0.7894],[176.2458,65.0396,11.2125],[176.2417,65.0417,-0.5],[176.2063,65.0417,0.5356],[176.2021,65.0396,-0.5],[176.1667,65.0396,1.3595],[176.1625,65.0417,0.401],[176.1443,65.0422,0.5177],[176.1443,65.0453,1.4722],[176.1458,65.0458,5.5475],[176.1667,65.0458,0.9911],[176.1771,65.0417,-0.0584],[176.1812,65.0437,1.6656],[176.2104,65.0437,0.4546],[176.2188,65.0479,0.0],[176.2229,65.0458,0.5116],[176.2312,65.0458,0.0],[176.2354,65.0437,0.4237],[176.2396,65.0437,0.5623],[176.2437,65.0458,7.5376],[176.2542,65.0458,0.4603],[176.2583,65.0437,0.6731],[176.2682,65.0432,1.9979],[176.2734,65.0339,0.3718],[176.2917,65.0292,0.0],[176.3021,65.0292,0.0],[176.3125,65.025,0.0],[176.3229,65.025,0.296],[176.3375,65.0292,0.993],[176.3521,65.0292,13.8893],[176.3583,65.025,0.4079],[176.3833,65.0333,0.0],[176.4042,65.0333,0.0],[176.4083,65.0354,0.3273],[176.4182,65.0359,0.5128],[176.4224,65.038,0.783],[176.4214,65.0432,3.2002],[176.425,65.0458,0.0],[176.4203,65.0557,0.7568],[176.4125,65.0583,1.2148],[176.3896,65.0583,0.484],[176.3859,65.063,9.3401],[176.3891,65.0661,0.8648],[176.3839,65.0672,18.4381],[176.3875,65.0708,0.748],[176.3859,65.0745,13.5162],[176.3896,65.0771,5.4409],[176.388,65.0807,0.5974],[176.3917,65.0833,0.6813],[176.3901,65.0891,0.4487],[176.3953,65.0922,0.0],[176.3963,65.0953,0.0],[176.4036,65.0984,0.7054],[176.4068,65.1016,6.1405],[176.4162,65.1026,0.0],[176.4151,65.1057,0.0],[176.4182,65.1078,0.0],[176.413,65.1099,8.4126],[176.4187,65.1104,0.0],[176.4203,65.112,0.0],[176.4109,65.1162,3.5176],[176.4208,65.1208,1.7332],[176.4292,65.1208,0.0],[176.4375,65.125,1.9906],[176.4536,65.1276,0.4561],[176.4568,65.1307,1.4511],[176.4724,65.138,0.7346],[176.4755,65.1432,0.7872],[176.4828,65.1464,1.3014],[176.4839,65.1495,0.0],[176.4912,65.1526,0.0],[176.4943,65.1557,1.1292],[176.5036,65.1568,0.0],[176.5141,65.163,0.7176],[176.5151,65.1661,0.0],[176.5271,65.1667,1.2039],[176.5359,65.1724,1.2406],[176.5453,65.1734,0.0],[176.5484,65.1766,1.6232],[176.5599,65.1818,1.4109],[176.5609,65.1849,2.8911],[176.5641,65.1859,0.0],[176.563,65.1891,8.8749],[176.5771,65.1937,0.0],[176.6,65.1917,7.9147],[176.6042,65.1875,0.0],[176.6104,65.1896,10.0441],[176.6146,65.1875,0.0],[176.6271,65.1875,1.4718],[176.6313,65.1854,0.0],[176.6563,65.1854,0.0],[176.6578,65.1839,0.0],[176.6479,65.1813,15.3609],[176.6229,65.1813,0.0],[176.6187,65.1792,0.0],[176.6042,65.1792,10.0952],[176.5964,65.1818,8.7963],[176.5917,65.1875,0.0],[176.5734,65.187,0.0],[176.5693,65.1849,0.0],[176.5703,65.1818,1.5099],[176.5672,65.1807,0.0],[176.5682,65.1776,0.926],[176.5484,65.1682,0.0],[176.5495,65.1651,3.5956],[176.5328,65.1568,4.9891],[176.513,65.1516,0.0],[176.512,65.1484,0.0],[176.5047,65.1453,0.0],[176.5057,65.1422,2.1084],[176.4964,65.1412,0.0],[176.4932,65.138,0.0],[176.4859,65.1349,0.0],[176.4849,65.1318,1.9726],[176.4776,65.1307,0.0],[176.4745,65.1255,0.0],[176.4714,65.1245,0.0],[176.4703,65.1214,0.0],[176.4646,65.1188,0.0],[176.4505,65.1162,6.7356],[176.4495,65.113,4.2582],[176.4318,65.1036,1.045],[176.4307,65.1005,1.589],[176.4234,65.0995,0.0],[176.4245,65.0964,0.6804],[176.413,65.0911,0.0],[176.4141,65.0859,2.3918],[176.4068,65.0828,0.0],[176.4104,65.075,1.0887],[176.4068,65.0714,0.0],[176.412,65.0703,1.0335],[176.4089,65.0672,0.0],[176.4167,65.0667,0.698],[176.4417,65.075,1.8618],[176.4521,65.075,0.0],[176.4563,65.0708,1.7922],[176.4547,65.0651,0.0],[176.4667,65.0646,0.0],[176.4729,65.0667,3.7125],[176.4745,65.0651,0.8859],[176.4714,65.063,0.0],[176.4849,65.062,1.6693],[176.4818,65.0589,0.0],[176.487,65.0578,0.0],[176.4922,65.0505,1.4301],[176.4974,65.0495,1.4887],[176.5,65.0458,0.0],[176.5063,65.0458,0.0],[176.5229,65.0396,0.0],[176.5271,65.0417,1.3261],[176.5479,65.0417,0.0],[176.5521,65.0437,1.146],[176.5625,65.0396,0.4804],[176.575,65.0396,2.0983],[176.5776,65.0359,0.0],[176.587,65.0349,1.8244],[176.5838,65.0318,0.0],[176.5859,65.0297,0.0],[176.5911,65.0286,19.2515],[176.6026,65.0068,0.0],[176.6146,65.0062,0.0],[176.6271,65.0104,1.4673],[176.6375,65.0104,0.0],[176.6417,65.0125,1.9343],[176.6604,65.0125,0.0],[176.6646,65.0146,9.0048],[176.675,65.0146,0.0],[176.6958,65.0208,6.8933],[176.7104,65.0208,0.0],[176.7203,65.0234,0.0],[176.7214,65.0266,1.071],[176.7287,65.0276,0.0],[176.7505,65.0391,0.5768],[176.7563,65.0396,0.0],[176.7646,65.0437,0.0],[176.7771,65.0458,0.2896],[176.7896,65.05,2.2617],[176.8042,65.05,0.509],[176.8083,65.0521,2.0038],[176.8146,65.0521,0.7686],[176.8479,65.0625,1.8969],[176.8729,65.0646,0.5216],[176.8854,65.0687,0.9708],[176.9563,65.0687,2.2677],[176.9604,65.0667,1.7293],[176.9771,65.0646,0.7029],[176.9812,65.0625,0.3085],[176.9979,65.0604,1.8912],[177.0026,65.0568,0.4191],[177.012,65.0557,7.7596],[177.0089,65.0526,0.4185],[177.0167,65.0521,1.4064],[177.0203,65.0495,1.76],[177.0172,65.0474,0.3481],[177.0182,65.0422,0.4632],[177.0151,65.0411,0.3188],[177.0167,65.0396,0.9875],[177.0437,65.0396,0.8929],[177.0479,65.0375,0.5677],[177.0521,65.0375,0.1816],[177.0583,65.0396,1.6118],[177.0729,65.0354,0.3176],[177.0854,65.0354,0.7408],[177.1037,65.0307,12.5155],[177.1078,65.0286,6.6516],[177.1068,65.0255,0.2254],[177.1162,65.0245,1.5519],[177.1172,65.0214,0.5296],[177.125,65.0208,1.5006],[177.1354,65.0167,0.5304],[177.1417,65.0167,0.2706],[177.1458,65.0188,20.3642],[177.15,65.0167,0.1746],[177.1771,65.0167,1.5766],[177.1979,65.0104,0.3885],[177.2182,65.0078,0.8218],[177.2245,65.0036,0.8806],[177.2318,64.9901,0.3684],[177.2412,64.987,3.1336],[177.2443,64.9838,0.2751],[177.2536,64.9828,1.3812],[177.2563,64.9771,7.0479],[177.2526,64.9745,0.5323],[177.2536,64.9714,0.6644],[177.2505,64.9703,0.4282],[177.2557,64.9672,15.4795],[177.2484,64.9661,0.7968],[177.2474,64.963,2.5871],[177.2443,64.962,0.7935],[177.2495,64.9599,2.7299],[177.2516,64.9526,8.1068],[177.2484,64.9516,0.4492],[177.2495,64.9484,9.4508],[177.2464,64.9474,0.6218],[177.2432,64.9401,11.3133],[177.2318,64.9349,0.8081],[177.237,64.9328,2.0695],[177.2339,64.9297,0.8169],[177.2432,64.9287,1.7572],[177.2464,64.9234,0.4279],[177.2542,64.9208,0.8621],[177.2604,64.9208,2.1546],[177.2708,64.9167,0.7927],[177.2937,64.9167,10.9897],[177.3083,64.9125,0.6322],[177.3229,64.9125,0.3916],[177.3292,64.9146,10.8857],[177.3333,64.9125,0.6076],[177.3375,64.9125,0.8483],[177.3438,64.9146,10.1784],[177.3479,64.9125,0.6927],[177.3521,64.9146,9.1867],[177.3813,64.9146,0.4807],[177.3854,64.9167,9.322],[177.4063,64.9167,7.4676],[177.4104,64.9125,0.8044],[177.4271,64.9125,0.9815],[177.4312,64.9146,3.5057],[177.45,64.9146,0.9409],[177.4542,64.9167,2.8804],[177.4896,64.9167,1.6165],[177.5,64.9125,1.9876],[177.5057,64.9151,2.2626],[177.5042,64.9187,1.1402],[177.5047,64.9224,1.954],[177.5104,64.9229,0.0],[177.5188,64.9271,2.561],[177.5292,64.9271,5.9194],[177.5333,64.925,0.0],[177.55,64.925,2.6113],[177.5542,64.9229,0.0],[177.5667,64.9271,2.3029],[177.5729,64.9271,0.0],[177.5745,64.9255,1.7422],[177.5562,64.9208,1.74],[177.5396,64.9208,1.4177],[177.5354,64.9229,0.0],[177.5234,64.9224,1.6804],[177.5193,64.9203,2.0579],[177.5224,64.9089,0.0],[177.5089,64.9016,0.6882],[177.5078,64.8984,0.8175],[177.5047,64.8974,0.8354],[177.5068,64.8943,0.8472],[177.512,64.8932,1.5924],[177.5089,64.8912,2.105],[177.5078,64.888,1.167],[177.5047,64.887,1.0778],[177.5057,64.8839,1.1516],[177.5021,64.8812,1.0817],[177.5057,64.8734,2.0373],[177.4984,64.8703,1.2132],[177.4995,64.8651,0.8465],[177.4922,64.8599,1.0049],[177.4932,64.8568,1.4217],[177.4901,64.8547,0.815],[177.4937,64.8521,1.0923],[177.5016,64.8516,1.0235],[177.5042,64.8479,0.6512],[177.5104,64.8479,0.7904],[177.525,64.8438,0.8053],[177.5333,64.8438,1.9025],[177.5349,64.8432,0.0],[177.5349,64.8401,1.4607],[177.4937,64.8187,2.4484],[177.4312,64.8187,12.8328],[177.4271,64.8167,11.6673],[177.4125,64.8167,0.8207],[177.4104,64.8146,13.088],[177.4109,64.813,0.0],[177.4162,64.812,0.0],[177.4193,64.8089,0.0],[177.4287,64.8078,23.7306],[177.4255,64.8057,0.0],[177.4271,64.8042,3.2661],[177.4516,64.8016,0.0],[177.4557,64.7995,0.0],[177.4604,64.7937,5.2126],[177.4708,64.7937,0.0],[177.4833,64.8,12.9679],[177.4937,64.8,0.0],[177.4979,64.8021,8.6684],[177.5167,64.8021,0.0],[177.5208,64.8042,12.817],[177.525,64.8021,0.0],[177.5375,64.8021,44.571],[177.5479,64.7979,0.0],[177.5557,64.7974,32.4834],[177.5526,64.7943,0.0],[177.5641,64.7911,1.6725],[177.5682,64.7797,4.7977],[177.5568,64.7745,0.0],[177.5578,64.7714,13.9643],[177.5458,64.7708,0.0],[177.5401,64.7682,0.0],[177.5412,64.7651,27.669],[177.5339,64.762,0.0],[177.5339,64.7589,0.0],[177.5417,64.7583,0.0],[177.5458,64.7604,0.0],[177.5521,64.7583,0.0],[177.5562,64.7604,0.0],[177.6042,64.7604,0.0],[177.6182,64.7557,0.0],[177.6214,64.7526,0.0],[177.6307,64.7495,0.0],[177.6391,64.7432,6.2608],[177.6359,64.7401,0.0],[177.6411,64.7391,14.1565],[177.6453,64.7307,22.6671],[177.6422,64.7286,12.1598],[177.6422,64.7255,0.0],[177.6474,64.7245,0.0],[177.6484,64.7214,0.0],[177.6563,64.7188,0.0],[177.6703,64.7182,7.2507],[177.6714,64.7151,0.0],[177.6766,64.7141,1.6861],[177.6787,64.7099,1.2404],[177.6755,64.7078,0.0],[177.6766,64.7026,0.0],[177.6724,64.7005,0.0],[177.6625,64.7,0.0],[177.6563,64.6979,0.9981],[177.6458,64.7021,2.295],[177.6359,64.6974,3.197],[177.6375,64.6958,0.0],[177.6625,64.6958,0.0],[177.6687,64.6979,1.8268],[177.6729,64.6958,0.0],[177.6771,64.6979,1.6975],[177.6833,64.6979,1.3878],[177.6859,64.6943,0.0],[177.7042,64.6896,0.0],[177.7104,64.6896,2.3879],[177.7146,64.6875,0.0],[177.7458,64.6875,0.0],[177.7604,64.6833,0.0],[177.7917,64.6833,9.7686],[177.7958,64.6813,0.0],[177.8125,64.6813,18.0022],[177.8167,64.6792,0.0],[177.8333,64.6792,23.4465],[177.8375,64.6771,0.0],[177.8479,64.6771,0.0],[177.8521,64.6792,16.2684],[177.875,64.6792,0.0],[177.8792,64.6813,15.518],[177.8938,64.6813,0.0],[177.8979,64.6833,19.9269],[177.9042,64.6813,0.0],[177.9083,64.6833,15.7072],[177.9521,64.6833,13.437],[177.9563,64.6813,0.0],[177.9771,64.6813,11.8468],[177.9812,64.6792,0.0],[177.9875,64.6813,20.5348],[177.9979,64.6771,0.0],[178.0042,64.6771,17.4369],[178.0146,64.6729,0.0],[178.0224,64.6724,1.4615],[178.0234,64.6693,0.0],[178.0286,64.6682,10.231],[178.0307,64.6661,0.0],[178.0333,64.6583,0.0],[178.0297,64.6547,0.0],[178.0328,64.6495,0.5673],[178.0328,64.6464,1.1725],[178.0255,64.6453,0.0],[178.0245,64.6422,0.0],[178.0188,64.6417,0.0],[178.013,64.6391,0.988],[178.0146,64.6375,1.2423],[178.025,64.6375,0.0],[178.0333,64.6417,2.5926],[178.0479,64.6438,0.0],[178.0562,64.6479,0.0],[178.0703,64.6505,0.0],[178.0813,64.6563,20.8622],[178.0854,64.6563,0.0],[178.1062,64.6625,8.7166],[178.1167,64.6625,0.0],[178.1208,64.6646,12.1956],[178.1354,64.6646,0.0],[178.1396,64.6667,8.898],[178.1458,64.6667,11.9468],[178.15,64.6646,1.7194],[178.1687,64.6646,0.0],[178.1729,64.6667,11.736],[178.1792,64.6667,8.0731],[178.1833,64.6646,0.0],[178.1938,64.6646,1.2037],[178.1979,64.6625,0.0],[178.2063,64.6625,0.0],[178.2104,64.6604,0.0],[178.2208,64.6625,9.549],[178.225,64.6604,0.0],[178.2396,64.6604,0.0],[178.2437,64.6583,0.0],[178.2604,64.6583,2.2647],[178.2646,64.6563,0.0],[178.2771,64.6563,16.307],[178.2917,64.6521,0.0],[178.3021,64.6521,0.0],[178.3062,64.6542,1.0104],[178.3141,64.6516,10.2885],[178.3109,64.6495,0.0],[178.3109,64.6464,0.0],[178.3224,64.6432,0.0],[178.3193,64.6412,1.2312],[178.3208,64.6396,1.2073],[178.3313,64.6396,6.7967],[178.3375,64.6354,0.0],[178.3729,64.6354,0.0],[178.3771,64.6375,10.4],[178.3896,64.6375,0.0],[178.3938,64.6396,11.1793],[178.4016,64.6401,0.0],[178.3995,64.6432,0.0],[178.3943,64.6443,2.172],[178.3958,64.6458,0.7119],[178.4021,64.6458,0.0],[178.4083,64.6417,0.9576],[178.4187,64.6417,0.0],[178.4229,64.6438,12.4754],[178.4271,64.6417,0.0],[178.4312,64.6438,12.5255],[178.4604,64.6438,0.0],[178.4646,64.6458,8.7395],[178.4896,64.6458,0.0],[178.4937,64.6479,0.0],[178.5229,64.6479,0.0],[178.5271,64.65,0.0],[178.5417,64.65,0.0],[178.5458,64.6521,8.9139],[178.55,64.65,0.0],[178.5562,64.6521,7.8204],[178.5604,64.65,0.0],[178.5792,64.65,0.0],[178.5943,64.6578,0.0],[178.6125,64.6625,8.3805],[178.6187,64.6625,2.1587],[178.6229,64.6646,10.1094],[178.6417,64.6646,0.0],[178.6484,64.6682,0.0],[178.6583,64.6708,9.5807],[178.6771,64.6708,0.0],[178.6812,64.6729,0.0],[178.7063,64.6708,0.0],[178.7208,64.675,4.207],[178.725,64.6729,0.0],[178.7312,64.675,2.6697],[178.7354,64.6729,0.0],[178.7458,64.6729,0.0],[178.75,64.675,0.8334],[178.7542,64.6729,0.0],[178.7604,64.675,0.8737],[178.7693,64.6693,0.0],[178.7786,64.6661,0.0],[178.7818,64.663,0.0],[178.8037,64.6557,0.0],[178.8005,64.6526,0.0],[178.8141,64.6516,0.0],[178.8109,64.6484,0.0],[178.8161,64.6464,0.626],[178.8078,64.6422,0.0],[178.8021,64.6417,1.0625],[178.7964,64.6391,0.0]]],
[[[-171.9261,65.4774,0.698],[-171.9255,65.4786,1.152],[-171.9271,65.4792,0.5629],[-171.9307,65.4786,0.9952],[-171.9292,65.4771,0.3679],[-171.9261,65.4774,0.698]]],
[[[-171.8479,65.4812,0.9218],[-171.8562,65.4812,0.9699],[-171.8578,65.4797,0.6225],[-171.8443,65.4797,1.1857],[-171.8479,65.4812,0.9218]]],
[[[-171.6432,65.5099,2.1459],[-171.6432,65.5089,9.6977],[-171.6401,65.5089,11.5502],[-171.6401,65.5099,8.2329],[-171.6432,65.5099,2.1459]]],
[[[-172.6599,65.2203,5.7506],[-172.6599,65.2193,0.0],[-172.6568,65.2193,6.3411],[-172.6568,65.2203,8.3219],[-172.6599,65.2203,5.7506]]],
[[[-172.2187,65.2271,8.5613],[-172.2245,65.2266,0.0],[-172.2266,65.2214,0.3244],[-172.2083,65.2208,2.6795],[-172.2026,65.2286,0.0],[-172.2057,65.2297,4.3832],[-172.2083,65.2333,15.9285],[-172.212,65.2307,10.0485],[-172.213,65.2276,12.1529],[-172.2187,65.2271,8.5613]]],
[[[-172.2021,65.4125,3.5426],[-172.1984,65.413,3.8639],[-172.1984,65.4141,2.8067],[-172.2036,65.4141,2.1071],[-172.2021,65.4125,3.5426]]],
[[[-172.3104,65.4146,0.5932],[-172.3068,65.4151,0.4911],[-172.3068,65.4161,0.5861],[-172.312,65.4161,0.6525],[-172.3104,65.4146,0.5932]]],
[[[-172.2922,65.4151,0.0],[-172.2937,65.4167,0.5684],[-172.3016,65.4161,0.4681],[-172.3,65.4146,0.499],[-172.2922,65.4151,0.0]]],
[[[-172.2375,65.425,0.8102],[-172.2453,65.4245,0.0],[-172.2474,65.4213,0.9768],[-172.2354,65.4208,0.0],[-172.2318,65.4234,0.7471],[-172.2333,65.425,0.9151],[-172.2375,65.425,0.8102]]],
[[[-172.1161,65.462,0.9118],[-172.1146,65.4583,2.1288],[-172.1161,65.4547,2.5786],[-172.1109,65.4547,2.4431],[-172.1078,65.462,2.7527],[-172.1005,65.463,1.3083],[-172.0932,65.4766,1.8421],[-172.088,65.4776,0.0],[-172.0838,65.4828,1.2995],[-172.0932,65.4828,1.977],[-172.0901,65.4797,1.6195],[-172.0953,65.4786,2.232],[-172.1047,65.4672,1.9784],[-172.1099,65.4661,1.7231],[-172.1109,65.463,1.8331],[-172.1161,65.462,0.9118]]],
[[[-172.0583,65.4792,1.4967],[-172.062,65.4776,1.7013],[-172.0562,65.475,0.0],[-172.0526,65.4755,0.0],[-172.0526,65.4786,2.0652],[-172.0583,65.4792,1.4967]]],
[[[-174.7547,64.7682,-0.0929],[-174.7729,64.7729,28.6224],[-174.7828,64.7703,1.8409],[-174.7792,64.7667,20.605],[-174.7807,64.7609,0.0],[-174.7734,64.7599,8.7227],[-174.7672,64.7557,161.2075],[-174.7682,64.7505,0.0],[-174.7667,64.75,0.0],[-174.7479,64.7458,0.0],[-174.7401,64.7484,0.5],[-174.7391,64.7516,1.5278],[-174.7276,64.7547,-0.4015],[-174.7464,64.7662,60.6611],[-174.7547,64.7682,-0.0929]]],
[[[-174.8141,64.7724,1.6983],[-174.8141,64.7714,4.5427],[-174.8109,64.7714,3.9247],[-174.8109,64.7724,1.098],[-174.8141,64.7724,1.6983]]],
[[[-174.837,64.7766,2.9119],[-174.837,64.7755,5.1729],[-174.8338,64.7755,3.7395],[-174.8338,64.7766,2.8636],[-174.837,64.7766,2.9119]]],
[[[-174.8411,64.7849,6.8525],[-174.8411,64.7839,6.9465],[-174.838,64.7839,6.8215],[-174.838,64.7849,6.7889],[-174.8411,64.7849,6.8525]]],
[[[-174.962,64.8141,0.0],[-174.962,64.813,0.0],[-174.9588,64.813,0.0],[-174.9588,64.8141,0.0],[-174.962,64.8141,0.0]]],
[[[-172.4026,65.537,0.0],[-172.4036,65.5411,11.186],[-172.3891,65.5641,4.1283],[-172.3755,65.5693,0.0],[-172.3786,65.5724,0.5001],[-172.3687,65.5729,0.0],[-172.3672,65.5745,0.9871],[-172.3792,65.575,-1.0],[-172.3917,65.5792,11.8617],[-172.3958,65.5792,17.3592],[-172.4151,65.587,10.8796],[-172.4224,65.588,9.7506],[-172.4359,65.5953,15.8381],[-172.45,65.5979,28.2918],[-172.4583,65.6021,0.0],[-172.4708,65.6042,17.2554],[-172.475,65.6062,15.3614],[-172.4896,65.6062,20.513],[-172.4937,65.6083,13.5189],[-172.5,65.6083,34.2304],[-172.5083,65.6125,0.0],[-172.5167,65.6125,99.8904],[-172.5208,65.6146,29.3747],[-172.5313,65.6146,74.6975],[-172.5354,65.6167,22.2092],[-172.5396,65.6146,35.8184],[-172.5521,65.6146,13.024],[-172.5583,65.6104,80.9273],[-172.575,65.6104,2.066],[-172.5792,65.6083,6.212],[-172.5854,65.6104,0.857],[-172.588,65.6068,10.6904],[-172.5958,65.6062,2.5215],[-172.5984,65.6099,0.4328],[-172.6042,65.6125,0.0],[-172.6083,65.6104,2.6088],[-172.6187,65.6104,6.4272],[-172.6313,65.6146,0.0],[-172.6375,65.6146,14.7524],[-172.6547,65.6245,0.3093],[-172.6604,65.625,0.3055],[-172.6662,65.6276,1.0733],[-172.6578,65.6412,0.0],[-172.6526,65.6422,0.0],[-172.6474,65.6495,-0.106],[-172.6359,65.6526,6.992],[-172.637,65.6578,2.6331],[-172.6318,65.6599,0.0],[-172.6401,65.6641,0.7059],[-172.6521,65.6646,2.8076],[-172.6562,65.6667,1.959],[-172.6604,65.6646,6.3924],[-172.6667,65.6646,5.8224],[-172.6875,65.6708,0.0],[-172.6938,65.6708,0.0],[-172.6979,65.6687,1.2146],[-172.7167,65.6687,0.0],[-172.7208,65.6667,1.7605],[-172.7563,65.6667,0.6542],[-172.7578,65.6672,0.0],[-172.7568,65.6703,0.0],[-172.7583,65.6708,0.0],[-172.7833,65.6729,2.8396],[-172.8016,65.6776,6.4019],[-172.8036,65.6828,0.0],[-172.7979,65.6833,1.9201],[-172.7896,65.6792,1.2104],[-172.7833,65.6792,2.5801],[-172.7625,65.6729,0.0],[-172.7521,65.6729,0.0],[-172.7417,65.6771,1.1589],[-172.7354,65.675,0.0],[-172.7292,65.675,0.0],[-172.7187,65.6792,0.0],[-172.7125,65.6771,0.0],[-172.6984,65.6818,0.7739],[-172.6974,65.6849,0.0],[-172.6875,65.6854,0.0],[-172.6833,65.6875,-0.5],[-172.6792,65.6854,0.0],[-172.6729,65.6875,0.1404],[-172.6687,65.6854,0.0],[-172.6625,65.6896,0.7491],[-172.6583,65.6875,0.0],[-172.6458,65.6875,0.0],[-172.6417,65.6896,8.1389],[-172.6375,65.6875,0.0],[-172.6167,65.6875,0.0],[-172.6089,65.6901,2.4598],[-172.6057,65.6932,0.3473],[-172.6005,65.6943,0.381],[-172.5958,65.6979,0.0],[-172.5896,65.6979,0.0],[-172.5854,65.7,0.5781],[-172.575,65.7,2.6675],[-172.5708,65.6979,0.0],[-172.563,65.6974,8.5049],[-172.5568,65.6932,4.661],[-172.5578,65.688,6.4775],[-172.5547,65.6859,13.046],[-172.562,65.6818,7.139],[-172.5542,65.6813,0.0],[-172.5479,65.6854,3.8448],[-172.5313,65.6875,0.0],[-172.5255,65.6849,0.264],[-172.5266,65.6818,0.0],[-172.5193,65.6787,8.2225],[-172.5203,65.6755,9.7428],[-172.5188,65.675,5.6379],[-172.4958,65.6771,0.0],[-172.4896,65.6813,6.2421],[-172.4792,65.6813,0.1809],[-172.475,65.6833,-0.0305],[-172.4521,65.6833,0.0689],[-172.4458,65.6854,0.5208],[-172.4417,65.6833,0.0],[-172.4375,65.6833,0.0],[-172.425,65.6875,0.7247],[-172.4125,65.6833,0.0],[-172.3917,65.6833,1.6975],[-172.3875,65.6813,0.3449],[-172.3792,65.6813,0.2188],[-172.375,65.6792,0.1363],[-172.3604,65.6771,-0.0806],[-172.3526,65.6724,2.4711],[-172.3542,65.6667,0.0],[-172.3516,65.663,0.0],[-172.3396,65.6625,12.0893],[-172.3313,65.6583,5.5915],[-172.3193,65.6589,-0.2765],[-172.3172,65.6609,0.8752],[-172.3172,65.6641,0.7584],[-172.3245,65.6651,1.0779],[-172.3213,65.6724,0.0],[-172.3245,65.6745,0.0],[-172.3125,65.675,0.0],[-172.3016,65.6693,5.0289],[-172.2943,65.6682,7.1333],[-172.2891,65.6651,0.0],[-172.2818,65.6641,4.2472],[-172.2609,65.6557,0.0],[-172.262,65.6505,0.1158],[-172.2563,65.65,2.2956],[-172.2547,65.6484,1.234],[-172.2661,65.6474,0.0],[-172.2672,65.6443,9.0968],[-172.2724,65.6422,7.5146],[-172.2583,65.6396,6.6646],[-172.2526,65.637,3.153],[-172.2604,65.6333,6.043],[-172.2667,65.6333,8.0981],[-172.2807,65.638,-0.0779],[-172.2797,65.6412,0.0888],[-172.2875,65.6417,0.4286],[-172.2917,65.6375,2.7944],[-172.2901,65.6339,6.1191],[-172.2979,65.6354,5.1667],[-172.3026,65.6297,11.9393],[-172.3078,65.6286,10.7561],[-172.3078,65.6255,11.6687],[-172.3057,65.6234,8.3173],[-172.2917,65.6188,6.2526],[-172.2839,65.6182,11.5719],[-172.275,65.6125,0.7684],[-172.2588,65.6099,9.2211],[-172.2557,65.6068,7.5748],[-172.2484,65.6036,7.1286],[-172.2495,65.6005,0.0],[-172.2422,65.5995,2.0692],[-172.2354,65.5958,0.0],[-172.2234,65.5953,7.883],[-172.2161,65.5901,6.7824],[-172.2047,65.5849,11.8252],[-172.2104,65.575,7.795],[-172.2088,65.5714,-0.5],[-172.2141,65.5703,0.3436],[-172.2172,65.5651,8.3253],[-172.2224,65.5641,-0.5],[-172.2255,65.5589,5.5154],[-172.2354,65.5583,0.297],[-172.2432,65.5557,-0.1163],[-172.2443,65.5526,10.2026],[-172.2557,65.5516,-0.1632],[-172.2578,65.5484,15.7149],[-172.25,65.5458,0.0],[-172.2458,65.5479,0.0],[-172.225,65.5479,0.0],[-172.2208,65.55,10.9334],[-172.2083,65.55,0.0],[-172.2042,65.5521,11.4355],[-172.1979,65.5521,8.339],[-172.1938,65.55,0.0],[-172.1833,65.55,9.8095],[-172.1818,65.5495,9.8551],[-172.1828,65.5463,0.0],[-172.1755,65.5432,23.4336],[-172.1776,65.5401,19.994],[-172.1828,65.538,0.8683],[-172.1729,65.5354,0.0],[-172.1625,65.5354,0.0],[-172.1583,65.5333,0.0],[-172.1521,65.5333,0.0],[-172.138,65.538,0.0],[-172.1354,65.5417,25.336],[-172.1255,65.5422,0.0],[-172.1245,65.5453,0.0],[-172.1109,65.5505,0.9869],[-172.1125,65.5521,5.066],[-172.1182,65.5526,4.4376],[-172.1266,65.5578,0.95009999999999994],[-172.1187,65.5604,2.6629],[-172.1,65.5625,3.0279],[-172.0984,65.562,2.7618],[-172.0995,65.5589,0.057],[-172.0937,65.5563,0.2279],[-172.0771,65.5583,0.4843],[-172.0729,65.5563,1.3254],[-172.0688,65.5583,0.8262],[-172.0646,65.5563,0.9502],[-172.0396,65.5563,5.4516],[-172.0271,65.5521,0.0],[-172.0125,65.55,4.543],[-172.0057,65.5463,0.0],[-172.0,65.5458,0.0],[-171.9943,65.5432,3.2382],[-171.9912,65.5401,5.273],[-171.9797,65.5349,12.1748],[-171.9807,65.5318,4.8219],[-171.9563,65.5188,0.0],[-171.9375,65.5188,1.3915],[-171.9333,65.5167,0.0],[-171.9286,65.5203,0.8156],[-171.9208,65.5229,7.3934],[-171.8792,65.5229,0.0],[-171.875,65.5208,0.0],[-171.85,65.5208,2.3628],[-171.8438,65.5229,7.1677],[-171.8396,65.5208,0.0],[-171.8333,65.5208,0.0],[-171.8292,65.5229,10.092],[-171.825,65.5208,0.0],[-171.8146,65.5208,7.5677],[-171.8104,65.5188,1.1266],[-171.8,65.5208,12.6608],[-171.7958,65.5188,0.0],[-171.7708,65.5188,8.0658],[-171.7667,65.5167,0.0],[-171.7521,65.5167,1.4826],[-171.7422,65.5141,3.6673],[-171.7333,65.5083,0.4929],[-171.7297,65.5089,0.3636],[-171.7287,65.512,0.2407],[-171.7229,65.5167,0.3797],[-171.7172,65.5141,0.501],[-171.7182,65.5109,0.0342],[-171.7151,65.5089,0.2329],[-171.7172,65.5068,1.7951],[-171.7287,65.5026,0.3775],[-171.7167,65.5021,0.3738],[-171.7125,65.5,0.807],[-171.7021,65.5,0.0],[-171.6979,65.5021,19.2771],[-171.6792,65.5042,0.7448],[-171.675,65.5062,0.438],[-171.6583,65.5062,0.0],[-171.6505,65.5089,0.5492],[-171.6474,65.512,0.0],[-171.6396,65.5125,0.0],[-171.6354,65.5146,0.5512],[-171.6229,65.5146,4.9773],[-171.6187,65.5125,0.0],[-171.6,65.5125,5.3596],[-171.5958,65.5104,0.0],[-171.5896,65.5104,0.0],[-171.5854,65.5125,3.2735],[-171.5583,65.5125,1.279],[-171.5542,65.5146,4.7565],[-171.55,65.5125,1.2588],[-171.5125,65.5125,0.0],[-171.5083,65.5146,4.792],[-171.5021,65.5146,0.7798],[-171.4979,65.5125,0.0],[-171.4937,65.5146,5.2356],[-171.4875,65.5146,7.7374],[-171.4833,65.5125,0.0],[-171.4771,65.5146,8.6293],[-171.4729,65.5125,0.0],[-171.4667,65.5125,0.0],[-171.4625,65.5146,21.1861],[-171.4458,65.5146,0.0],[-171.4312,65.5188,29.8282],[-171.425,65.5167,0.0],[-171.4146,65.5208,10.8402],[-171.3667,65.5208,0.0],[-171.3625,65.5229,28.8033],[-171.3562,65.5208,0.0],[-171.3417,65.525,42.5439],[-171.3354,65.5229,0.0],[-171.3292,65.5229,0.0],[-171.325,65.5271,22.6637],[-171.3188,65.525,0.0],[-171.3146,65.5271,29.5318],[-171.3042,65.5271,25.1746],[-171.2979,65.525,0.0],[-171.2875,65.5292,16.3965],[-171.2833,65.5271,25.1999],[-171.2729,65.5271,31.7047],[-171.2688,65.525,0.0],[-171.2542,65.525,20.3153],[-171.2443,65.5224,15.7884],[-171.2354,65.5167,7.9335],[-171.225,65.5167,0.0],[-171.2167,65.5125,4.5255],[-171.1943,65.5078,20.4385],[-171.1849,65.5026,0.0],[-171.1776,65.5016,27.1379],[-171.1786,65.4984,0.0],[-171.1714,65.4974,31.0149],[-171.1724,65.4922,20.2804],[-171.1646,65.4875,0.0],[-171.1542,65.4875,31.802],[-171.15,65.4854,0.0],[-171.1438,65.4854,0.0],[-171.1396,65.4875,39.6648],[-171.1354,65.4854,0.0],[-171.1208,65.4854,0.0],[-171.1109,65.4828,6.7335],[-171.1,65.4771,0.0],[-171.0859,65.4745,95.4646],[-171.087,65.4714,0.0],[-171.0797,65.4703,39.5382],[-171.0729,65.4667,0.0],[-171.0667,65.4688,103.8834],[-171.0625,65.4667,0.0],[-171.0417,65.4667,0.0],[-171.0339,65.4693,0.0],[-171.0307,65.4724,19.5625],[-171.0193,65.4755,0.0],[-171.0161,65.4807,15.829],[-171.0109,65.4818,0.0],[-171.0057,65.487,12.6138],[-171.0005,65.488,0.0],[-171.0036,65.4912,49.603],[-170.9922,65.4922,0.0],[-170.988,65.4984,0.0],[-170.9911,65.5005,28.7522],[-170.9896,65.5042,17.1038],[-170.9917,65.5083,56.4894],[-170.988,65.5141,0.0],[-170.9911,65.5162,0.0],[-170.9891,65.5182,1.4053],[-170.9839,65.5193,0.0],[-170.9797,65.5255,23.7431],[-170.9828,65.5286,6.148],[-170.9797,65.5349,6.7185],[-170.9828,65.537,28.1272],[-170.9755,65.538,0.0],[-170.9755,65.5411,0.0],[-170.9787,65.5432,44.5148],[-170.9734,65.5484,8.4776],[-170.9734,65.5516,18.7395],[-170.9766,65.5537,35.8865],[-170.9714,65.5599,0.0],[-170.9807,65.5609,15.8529],[-170.9797,65.5641,2.7673],[-170.9932,65.5724,0.0],[-170.987,65.5807,0.0],[-170.9818,65.5818,1.1798],[-170.9797,65.5849,0.0],[-170.9854,65.5875,0.995],[-170.9917,65.5854,2.3016],[-170.9958,65.5875,1.9577],[-171.0161,65.588,1.6219],[-171.0286,65.5943,30.2384],[-171.0276,65.5974,0.0],[-171.0307,65.5984,17.5397],[-171.0297,65.6016,0.0],[-171.037,65.6026,16.5317],[-171.0354,65.6062,0.0],[-171.0375,65.6104,5.1088],[-171.0359,65.6141,0.0],[-171.0391,65.6151,13.602],[-171.038,65.6182,0.0],[-171.0453,65.6193,7.0063],[-171.0521,65.6229,10.6295],[-171.0646,65.625,29.9548],[-171.0713,65.6286,12.5843],[-171.0813,65.6312,1.5092],[-171.0917,65.6312,58.5009],[-171.1042,65.6354,57.8217],[-171.1187,65.6354,155.5007],[-171.1396,65.6438,91.9189],[-171.1479,65.6438,102.4324],[-171.1521,65.6458,62.2505],[-171.1625,65.6458,41.6294],[-171.1667,65.6479,0.0],[-171.1708,65.6458,33.7516],[-171.1771,65.6458,36.6865],[-171.1812,65.6479,62.0468],[-171.1917,65.6479,91.7919],[-171.1958,65.65,55.3992],[-171.2042,65.65,55.0819],[-171.2083,65.6521,11.0234],[-171.2146,65.6521,22.8697],[-171.2208,65.65,34.6545],[-171.225,65.6521,0.0],[-171.2287,65.6495,-0.7077],[-171.2297,65.6464,-0.4156],[-171.2349,65.6464,-0.1],[-171.2391,65.6484,18.323],[-171.2359,65.6536,0.0],[-171.2432,65.6568,31.1856],[-171.2401,65.662,0.0],[-171.2661,65.6755,133.3867],[-171.2651,65.6787,20.4425],[-171.2724,65.6797,68.0285],[-171.2807,65.6839,166.0851],[-171.2797,65.687,92.6992],[-171.2896,65.6917,44.0916],[-171.3042,65.6917,160.5832],[-171.3083,65.6896,191.7171],[-171.312,65.6901,187.3114],[-171.3109,65.6932,34.761],[-171.3182,65.6964,0.0],[-171.3203,65.6984,0.0],[-171.3203,65.7016,6.904],[-171.3062,65.7021,0.0],[-171.3047,65.7037,15.5362],[-171.3104,65.7063,123.1716],[-171.3161,65.7068,166.4008],[-171.3193,65.7099,138.3149],[-171.3307,65.7151,27.039],[-171.3276,65.7203,0.7648],[-171.3313,65.7229,2.3693],[-171.3307,65.7245,0.0],[-171.3208,65.7271,1.9361],[-171.3062,65.7271,0.0],[-171.2937,65.7229,0.0],[-171.2792,65.7208,45.1991],[-171.2708,65.7167,8.0085],[-171.2672,65.7203,27.3176],[-171.2745,65.7214,44.3278],[-171.2896,65.7292,0.0],[-171.3125,65.7312,86.3011],[-171.325,65.7354,44.6983],[-171.3313,65.7333,95.5321],[-171.3422,65.7391,2.4027],[-171.3495,65.7401,19.3511],[-171.3562,65.7438,3.7046],[-171.3646,65.7438,28.5925],[-171.3729,65.7479,64.5372],[-171.3786,65.7484,72.5938],[-171.3797,65.7516,0.0],[-171.3896,65.7521,46.0725],[-171.3995,65.7568,23.8193],[-171.3963,65.762,0.0],[-171.3995,65.763,12.3271],[-171.4026,65.7682,0.0],[-171.4057,65.7693,39.4038],[-171.4047,65.7724,0.0],[-171.4078,65.7734,34.1712],[-171.4109,65.7786,39.5128],[-171.4224,65.7839,0.1658],[-171.4276,65.7932,29.7572],[-171.4307,65.7943,48.8826],[-171.4297,65.7974,3.1435],[-171.4328,65.7984,23.8435],[-171.4286,65.8057,4.4944],[-171.4234,65.8068,0.0],[-171.4193,65.8109,9.4923],[-171.4193,65.8141,10.5412],[-171.4214,65.8161,3.8435],[-171.4292,65.8167,0.659],[-171.4333,65.8146,18.957],[-171.4458,65.8146,24.8909],[-171.45,65.8167,17.971],[-171.4542,65.8167,21.21],[-171.4599,65.8193,8.3502],[-171.4588,65.8224,3.2672],[-171.463,65.8245,1.8435],[-171.4729,65.825,1.6517],[-171.4787,65.8276,0.0],[-171.4787,65.8307,0.5153],[-171.4646,65.8313,0.0],[-171.4563,65.8375,0.0],[-171.45,65.8354,0.0],[-171.4458,65.8375,11.81],[-171.4396,65.8375,26.313],[-171.4271,65.8333,0.0],[-171.4229,65.8333,0.0],[-171.4214,65.8328,0.0],[-171.4224,65.8297,0.2108],[-171.4047,65.8266,13.9657],[-171.3932,65.8193,0.0],[-171.3859,65.8182,53.2599],[-171.3849,65.8151,0.0],[-171.3693,65.812,85.8473],[-171.3703,65.8089,0.0],[-171.3609,65.8078,17.6522],[-171.3495,65.8005,1.0842],[-171.3375,65.8,5.0785],[-171.3328,65.7963,0.0],[-171.3234,65.7953,26.1222],[-171.3245,65.7922,0.0],[-171.3172,65.7911,0.0],[-171.3104,65.7875,0.0],[-171.3062,65.7875,5.7777],[-171.3021,65.7854,0.0],[-171.2901,65.7849,18.7597],[-171.2797,65.7786,0.0],[-171.2807,65.7755,0.0],[-171.2688,65.775,2.5453],[-171.2646,65.7729,0.0],[-171.2542,65.7729,10.4681],[-171.2443,65.7703,14.7051],[-171.2328,65.763,0.0],[-171.2255,65.762,13.0001],[-171.2245,65.7589,0.0],[-171.2187,65.7583,4.1013],[-171.213,65.7557,16.5071],[-171.2099,65.7505,9.6892],[-171.2005,65.7453,10.84],[-171.2016,65.7422,6.5322],[-171.1979,65.7396,1.4415],[-171.1995,65.7359,0.0],[-171.1922,65.7349,2.0338],[-171.1776,65.7266,52.2192],[-171.1786,65.7234,3.0288],[-171.1755,65.7224,31.5429],[-171.1724,65.7172,15.5021],[-171.1651,65.7141,110.4606],[-171.1662,65.7109,18.2393],[-171.163,65.7099,33.4999],[-171.1662,65.7037,0.4892],[-171.1646,65.7021,0.0],[-171.1562,65.7021,0.6823],[-171.1417,65.6979,0.0],[-171.1333,65.6979,6.6002],[-171.125,65.6937,0.0],[-171.1104,65.6937,40.9099],[-171.1062,65.6917,0.0],[-171.0854,65.6917,50.597],[-171.0813,65.6896,22.7032],[-171.0729,65.6896,45.1989],[-171.0688,65.6875,0.0],[-171.0542,65.6875,90.5954],[-171.0526,65.687,66.7038],[-171.0536,65.6839,0.0],[-171.0521,65.6833,0.0],[-171.0417,65.6833,12.0148],[-171.0375,65.6813,0.0],[-171.0229,65.6813,31.5021],[-171.013,65.6787,0.0],[-171.0063,65.675,0.0],[-171.0021,65.675,4.1562],[-170.9979,65.6729,0.0],[-170.9875,65.6729,0.0],[-170.9667,65.6667,0.0],[-170.9521,65.6667,11.5268],[-170.9396,65.6625,0.0],[-170.9292,65.6625,34.0935],[-170.9083,65.6563,0.0],[-170.9021,65.6583,17.994],[-170.8938,65.6542,0.0],[-170.8854,65.6542,11.7703],[-170.8813,65.6521,0.0],[-170.8667,65.65,15.9875],[-170.8651,65.6495,12.4518],[-170.8661,65.6464,0.0],[-170.8464,65.6412,5.4614],[-170.8359,65.6349,16.1009],[-170.8359,65.6318,24.9001],[-170.8401,65.6276,15.0468],[-170.8479,65.6271,0.0],[-170.8516,65.6245,0.0],[-170.8417,65.6208,1.7462],[-170.7917,65.6208,22.7272],[-170.7875,65.6188,0.0],[-170.7771,65.6188,11.3382],[-170.7729,65.6167,8.6418],[-170.7688,65.6167,27.2266],[-170.7604,65.6125,0.0],[-170.7375,65.6104,29.0081],[-170.7333,65.6083,6.1514],[-170.6938,65.6062,0.0],[-170.6896,65.6083,34.8858],[-170.6729,65.6083,49.7193],[-170.663,65.6057,20.4327],[-170.6562,65.6021,0.0],[-170.6375,65.6021,7.8028],[-170.6333,65.6,0.0],[-170.6292,65.6021,25.7215],[-170.6229,65.6,0.0],[-170.6167,65.6,0.0],[-170.6021,65.6042,0.0],[-170.5833,65.6042,0.0],[-170.5755,65.6068,0.0],[-170.5745,65.6099,133.2887],[-170.5609,65.613,0.0],[-170.5578,65.6182,109.324],[-170.5443,65.6234,0.0],[-170.5339,65.638,0.0],[-170.537,65.6412,72.2178],[-170.5328,65.6474,56.1902],[-170.525,65.65,50.8444],[-170.5047,65.6505,0.0],[-170.5063,65.6563,66.4093],[-170.5047,65.6599,0.0],[-170.5099,65.663,0.0],[-170.5099,65.6661,0.0],[-170.5047,65.6672,0.0],[-170.4964,65.6724,0.0],[-170.4984,65.6766,25.8196],[-170.5099,65.6776,14.8703],[-170.5141,65.6859,9.8976],[-170.5141,65.6891,4.6699],[-170.5099,65.6932,0.0],[-170.5047,65.6943,0.0],[-170.5026,65.6974,4.6029],[-170.512,65.6984,225.1314],[-170.5104,65.7,196.7718],[-170.5047,65.7005,0.0],[-170.5042,65.7021,0.0],[-170.5078,65.7047,6.5628],[-170.5068,65.7078,0.0],[-170.5125,65.7083,125.8473],[-170.5141,65.7099,214.3811],[-170.5088,65.7109,0.0],[-170.5047,65.7151,0.0],[-170.5026,65.7203,30.2455],[-170.5057,65.7214,115.5479],[-170.5047,65.7245,38.0301],[-170.5078,65.7255,152.2019],[-170.5068,65.7286,0.0],[-170.5125,65.7312,5.785],[-170.5188,65.7292,98.6842],[-170.5203,65.7297,39.5779],[-170.5193,65.7328,0.0],[-170.5266,65.7338,0.0],[-170.5255,65.737,0.0],[-170.5286,65.738,22.0894],[-170.5307,65.7453,47.9061],[-170.5255,65.7505,0.0],[-170.5245,65.7536,9.903],[-170.513,65.7578,0.0],[-170.5188,65.7583,76.3223],[-170.5224,65.7609,76.3595],[-170.5172,65.7641,0.0],[-170.5292,65.7646,51.8811],[-170.5307,65.7662,28.4537],[-170.5182,65.7828,0.0],[-170.5068,65.7859,0.0],[-170.5036,65.7911,0.0],[-170.4984,65.7922,0.0],[-170.4953,65.7953,0.0],[-170.4854,65.7958,0.0],[-170.4828,65.7995,0.0],[-170.4755,65.8005,0.0],[-170.4714,65.8078,0.0],[-170.4745,65.8089,0.0],[-170.4729,65.8125,0.0],[-170.4776,65.8224,0.0],[-170.4849,65.8234,65.7276],[-170.4839,65.8287,0.0],[-170.4932,65.8339,105.0716],[-170.4901,65.8391,0.0],[-170.4984,65.8432,32.9499],[-170.5057,65.8443,117.5351],[-170.5047,65.8474,15.8347],[-170.5141,65.8484,45.9884],[-170.5188,65.8521,0.0],[-170.525,65.85,0.0],[-170.5312,65.85,1.4317],[-170.5349,65.8474,0.2404],[-170.5292,65.8438,12.4873],[-170.5193,65.8432,111.9793],[-170.5193,65.8401,265.9371],[-170.5208,65.8396,212.5363],[-170.5271,65.8417,82.8934],[-170.5375,65.8417,55.4354],[-170.5417,65.8396,37.6127],[-170.5542,65.8396,0.0],[-170.5583,65.8375,1.2623],[-170.5854,65.8375,0.1348],[-170.5911,65.8401,0.0],[-170.587,65.8453,0.0],[-170.5583,65.8458,0.0],[-170.5536,65.8495,3.1199],[-170.5484,65.8505,0.0],[-170.5453,65.8536,0.0],[-170.5401,65.8547,1.5941],[-170.537,65.8599,2.8208],[-170.5083,65.8688,31.9741],[-170.5005,65.8693,0.0],[-170.4911,65.8807,29.3557],[-170.4859,65.8818,0.0],[-170.4891,65.8849,70.616],[-170.4755,65.888,0.0],[-170.4745,65.8912,69.2521],[-170.4693,65.8922,72.4497],[-170.4703,65.8953,74.7618],[-170.4484,65.9005,0.0],[-170.437,65.9078,29.0849],[-170.4193,65.913,26.5079],[-170.4162,65.9161,25.853],[-170.4109,65.9172,7.3048],[-170.4057,65.9224,5.8309],[-170.4005,65.9234,1.3157],[-170.3984,65.9255,0.3938],[-170.3984,65.9287,0.117],[-170.4016,65.9297,0.0964],[-170.4036,65.9328,0.0749],[-170.3979,65.9313,0.1217],[-170.3813,65.9313,0.1781],[-170.3771,65.9333,5.8186],[-170.3708,65.9313,1.05],[-170.3667,65.9333,4.5961],[-170.3479,65.9354,0.0],[-170.3432,65.9391,31.3813],[-170.3354,65.9417,33.3557],[-170.3271,65.9417,0.0],[-170.3229,65.9458,19.3271],[-170.3167,65.9458,0.0],[-170.3104,65.9437,0.0],[-170.3062,65.9479,83.2497],[-170.2875,65.9479,0.0],[-170.2833,65.95,23.4517],[-170.2604,65.95,0.0],[-170.2588,65.9516,0.0],[-170.262,65.9537,44.2959],[-170.2568,65.9547,1.9417],[-170.2516,65.9599,143.0574],[-170.2359,65.9609,0.0],[-170.2349,65.9641,29.1552],[-170.2287,65.9703,0.0],[-170.2208,65.9708,0.0],[-170.2104,65.975,0.0],[-170.2021,65.975,0.0],[-170.1974,65.9786,0.0],[-170.188,65.9797,0.0],[-170.1911,65.9828,8.264],[-170.187,65.987,28.2915],[-170.1818,65.988,0.0],[-170.1849,65.9912,30.7259],[-170.1745,66.0036,-0.3129],[-170.1687,66.0021,0.8726],[-170.15,66.0083,0.0],[-170.1354,66.0104,0.0],[-170.125,66.0146,0.4091],[-170.1125,66.0146,0.0],[-170.0896,66.0208,0.891],[-170.0771,66.0208,0.0],[-170.0729,66.0229,14.3311],[-170.0667,66.0229,0.0],[-170.0589,66.0255,0.0],[-170.0542,66.0292,8.3071],[-170.0417,66.0292,0.0],[-170.0375,66.0313,3.1004],[-170.025,66.0313,0.0],[-170.0208,66.0333,0.0],[-170.0167,66.0333,0.0],[-170.0151,66.0339,0.0],[-170.0151,66.037,1.7145],[-170.0208,66.0375,5.8414],[-170.0224,66.0391,4.1106],[-170.0203,66.0432,3.3159],[-170.0104,66.0458,0.0],[-170.0026,66.0453,0.0],[-170.0042,66.0437,0.0],[-170.0099,66.0432,0.0],[-170.0099,66.0401,0.0],[-170.0083,66.0396,2.0303],[-169.9979,66.0396,0.0],[-169.9937,66.0417,0.9101],[-169.975,66.0417,0.0],[-169.9708,66.0437,0.0],[-169.9563,66.0437,0.0],[-169.9521,66.0417,0.0],[-169.9146,66.0417,0.0],[-169.9104,66.0437,0.0],[-169.8938,66.0437,0.0],[-169.8854,66.0396,31.1971],[-169.8797,66.0391,47.1355],[-169.8724,66.0339,0.0],[-169.863,66.0328,90.7248],[-169.8641,66.0297,8.7254],[-169.8609,66.0286,77.7988],[-169.862,66.0255,0.0],[-169.8589,66.0245,0.0],[-169.8599,66.0214,0.0],[-169.8526,66.0203,45.5513],[-169.8495,66.0151,0.0],[-169.8453,66.013,0.0],[-169.8318,66.012,73.5336],[-169.8271,66.0062,0.0],[-169.8125,66.0062,0.0],[-169.8,66.0021,0.0],[-169.7937,66.0042,29.6632],[-169.7896,66.0021,0.0],[-169.775,66.0021,37.2101],[-169.7708,66.0,0.0],[-169.7646,66.0021,73.1298],[-169.7479,66.0021,0.0],[-169.7437,66.0042,94.2696],[-169.7375,66.0021,0.0],[-169.7333,66.0042,15.066],[-169.7271,66.0021,0.0],[-169.7224,66.0057,48.8903],[-169.7172,66.0068,0.0],[-169.7203,66.0099,123.3291],[-169.7068,66.0151,0.0],[-169.7099,66.0182,48.6991],[-169.7047,66.0234,19.7468],[-169.7047,66.0266,169.3635],[-169.7068,66.0286,262.8532],[-169.7146,66.0292,251.7272],[-169.7161,66.0307,206.1747],[-169.6943,66.0318,0.0],[-169.687,66.0411,7.9787],[-169.6734,66.0463,0.0],[-169.6766,66.0495,113.5763],[-169.6714,66.0505,48.8082],[-169.6724,66.0537,111.5826],[-169.6672,66.0547,0.0],[-169.6651,66.0568,0.0],[-169.6651,66.0599,0.0],[-169.6687,66.0667,53.7971],[-169.6662,66.0703,57.0714],[-169.6609,66.0714,0.0],[-169.6641,66.0745,77.2025],[-169.6542,66.075,0.0],[-169.6526,66.0766,0.0],[-169.6557,66.0776,34.7006],[-169.6583,66.0813,225.9554],[-169.6547,66.087,0.0],[-169.662,66.088,162.0505],[-169.6651,66.0953,29.6075],[-169.6682,66.0964,177.1205],[-169.6651,66.1005,64.27],[-169.6682,66.1036,142.5107],[-169.6651,66.1078,54.9699],[-169.6766,66.113,260.1098],[-169.6755,66.1162,101.5583],[-169.6786,66.1172,138.198],[-169.6734,66.1245,0.0],[-169.6766,66.1255,96.1373],[-169.6797,66.1307,212.1819],[-169.6917,66.1312,144.5382],[-169.6974,66.1339,62.7871],[-169.6963,66.137,0.0],[-169.7063,66.1396,0.0],[-169.7182,66.1401,140.219],[-169.7172,66.1432,41.5584],[-169.7245,66.1443,274.0829],[-169.7354,66.15,194.8478],[-169.7396,66.15,218.5874],[-169.7437,66.1521,130.0621],[-169.7542,66.1521,160.2148],[-169.7583,66.1542,94.6018],[-169.7688,66.1542,131.29],[-169.7729,66.1563,81.7966],[-169.7812,66.1563,85.6284],[-169.7854,66.1583,0.0],[-169.8021,66.1583,4.1217],[-169.8068,66.1547,16.1648],[-169.8182,66.1516,0.0],[-169.8213,66.1484,3.1397],[-169.8292,66.1458,3.4893],[-169.8391,66.1453,0.0],[-169.8411,66.1422,0.0],[-169.838,66.1412,0.0],[-169.8391,66.1359,0.0],[-169.8359,66.1339,4.4589],[-169.8578,66.1328,0.0],[-169.8521,66.1271,2.3116],[-169.8526,66.1255,3.0205],[-169.8604,66.1229,1.4032],[-169.8667,66.1229,0.0],[-169.8724,66.1255,0.0],[-169.8708,66.1292,0.0],[-169.8734,66.1349,3.4711],[-169.8813,66.1354,1.9236],[-169.8854,66.1333,3.3185],[-169.887,66.1349,0.0],[-169.8771,66.1396,0.9361],[-169.85,66.1396,0.0],[-169.8464,66.1432,0.0],[-169.8646,66.1438,0.0],[-169.8687,66.1417,8.2038],[-169.8729,66.1438,3.5063],[-169.8938,66.1438,11.0494],[-169.8979,66.1458,0.0],[-169.9229,66.1458,7.9193],[-169.9354,66.15,0.4851],[-169.9583,66.15,7.8769],[-169.9625,66.1479,2.6235],[-169.9687,66.1479,5.2534],[-169.9703,66.1484,1.2714],[-169.9693,66.1516,9.0892],[-169.9708,66.1521,5.1327],[-169.9937,66.1542,10.6878],[-169.9979,66.1563,0.0],[-170.0042,66.1563,12.6455],[-170.0167,66.1604,9.0575],[-170.0292,66.1625,7.8198],[-170.0354,66.1687,2.4074],[-170.0417,66.1667,6.7628],[-170.0458,66.1687,0.0],[-170.0625,66.1687,9.849],[-170.0724,66.1713,8.7244],[-170.0813,66.1771,0.0],[-170.0875,66.175,9.2155],[-170.0938,66.1771,7.8241],[-170.1016,66.1745,3.1578],[-170.1047,66.1713,4.8345],[-170.1099,66.1703,3.4249],[-170.112,66.1672,0.0],[-170.1062,66.1646,0.0],[-170.0854,66.1646,6.2273],[-170.0813,66.1625,0.9234],[-170.0688,66.1604,0.0],[-170.0672,66.1589,0.0],[-170.0792,66.1583,1.844],[-170.0833,66.1604,0.0],[-170.1,66.1604,1.9764],[-170.1042,66.1583,0.0],[-170.1167,66.1583,6.261],[-170.1208,66.1542,5.6949],[-170.1151,66.1484,1.2202],[-170.1229,66.1458,2.7133],[-170.1328,66.1453,0.4758],[-170.1359,66.1401,2.7487],[-170.1438,66.1375,6.3606],[-170.1667,66.1375,0.0],[-170.1682,66.138,0.0],[-170.1672,66.1412,0.0],[-170.1687,66.1417,1.8853],[-170.1896,66.1417,3.8992],[-170.1958,66.1458,0.0],[-170.225,66.15,8.1104],[-170.2312,66.1542,0.0],[-170.2391,66.1547,5.4085],[-170.2495,66.162,0.0226],[-170.238,66.163,0.0],[-170.2339,66.1693,0.0],[-170.237,66.1713,0.0603],[-170.2349,66.1766,0.0],[-170.2255,66.1755,0.0],[-170.2312,66.1813,0.0],[-170.2271,66.1854,1.362],[-170.2208,66.1833,0.0],[-170.2125,66.1833,1.9136],[-170.2083,66.1813,4.3346],[-170.2021,66.1833,5.4804],[-170.187,66.1755,0.377],[-170.1797,66.1745,2.7238],[-170.1708,66.1687,0.0],[-170.1542,66.1687,0.0],[-170.15,66.1708,7.2885],[-170.1375,66.1708,0.0],[-170.1307,66.1766,0.0],[-170.1229,66.1792,7.145],[-170.1167,66.1771,0.0],[-170.1125,66.1792,0.4425],[-170.1042,66.1792,0.0],[-170.1026,66.1807,0.0],[-170.1057,66.1818,0.0],[-170.1047,66.1849,2.8629],[-170.1161,66.1901,5.333],[-170.1193,66.1953,0.0],[-170.1224,66.1964,0.0],[-170.1208,66.1979,0.0],[-170.1151,66.1984,0.0],[-170.1109,66.2057,2.6457],[-170.1182,66.2089,10.1637],[-170.1151,66.213,0.0],[-170.1151,66.2161,0.0],[-170.1208,66.2167,24.402],[-170.1266,66.2193,30.6142],[-170.1234,66.2245,0.0],[-170.1313,66.225,45.5731],[-170.1375,66.2292,6.7272],[-170.1453,66.2297,71.1744],[-170.1484,66.2328,47.118],[-170.1557,66.2359,69.9396],[-170.1547,66.2412,0.0],[-170.162,66.2422,26.3067],[-170.1609,66.2453,0.0],[-170.1682,66.2484,40.8915],[-170.1651,66.2536,0.0],[-170.1828,66.263,190.0298],[-170.1839,66.2662,65.4249],[-170.1896,66.2667,234.8176],[-170.1953,66.2693,262.4084],[-170.1984,66.2745,112.2153],[-170.2057,66.2755,318.0055],[-170.2141,66.2797,282.0099],[-170.213,66.2828,84.9856],[-170.2437,66.2854,249.4072],[-170.2495,66.288,198.4113],[-170.2464,66.2922,0.0],[-170.2479,66.2937,0.0],[-170.2729,66.2958,0.9609],[-170.2771,66.2979,3.7155],[-170.2786,66.2974,3.2213],[-170.2776,66.2943,1.1737],[-170.2854,66.2937,0.4199],[-170.2896,66.2917,6.2197],[-170.3125,66.2917,7.7756],[-170.3167,66.2937,0.0],[-170.3245,66.2911,2.8845],[-170.3313,66.2854,4.1702],[-170.3354,66.2875,0.0],[-170.3391,66.287,0.0],[-170.3417,66.2833,7.4325],[-170.3537,66.2859,0.0],[-170.3526,66.2891,0.388],[-170.3542,66.2896,2.5132],[-170.3708,66.2917,0.0],[-170.3786,66.2891,0.0],[-170.3818,66.2859,0.0],[-170.387,66.2849,0.0],[-170.387,66.2818,0.2411],[-170.3813,66.2771,2.5154],[-170.3838,66.2734,0.83],[-170.3891,66.2734,0.495],[-170.3938,66.2771,0.6007],[-170.4062,66.2771,0.0],[-170.4104,66.275,14.7395],[-170.4187,66.275,0.0],[-170.4266,66.2724,0.0],[-170.4255,66.2651,6.6834],[-170.4417,66.2604,11.2271],[-170.4542,66.2604,0.0],[-170.4588,66.2547,11.0209],[-170.4667,66.2521,11.5607],[-170.4766,66.2516,1.1069],[-170.4797,66.2484,8.9447],[-170.4849,66.2474,7.1461],[-170.487,66.2453,0.4346],[-170.487,66.2422,0.0],[-170.4839,66.2401,32.2013],[-170.4953,66.2391,3.9541],[-170.5005,66.2318,17.2138],[-170.512,66.2286,0.2529],[-170.5172,66.2234,17.5963],[-170.5328,66.2224,4.3593],[-170.5349,66.2193,-0.178],[-170.5318,66.2172,0.562],[-170.5354,66.2146,0.6513],[-170.5453,66.2193,1.1897],[-170.5422,66.2234,0.1955],[-170.5437,66.225,0.7898],[-170.55,66.2229,5.0651],[-170.562,66.2245,0.0],[-170.5688,66.2167,0.0],[-170.575,66.2167,3.4833],[-170.5833,66.2208,0.0],[-170.6099,66.2214,0.0],[-170.6089,66.2266,0.0],[-170.612,66.2276,0.0],[-170.6109,66.2307,0.0],[-170.6187,66.2292,0.0],[-170.6245,66.2328,0.0],[-170.6062,66.2333,0.0],[-170.5958,66.2292,6.4742],[-170.5943,66.2297,3.385],[-170.5943,66.2328,0.0],[-170.6,66.2333,0.0],[-170.6068,66.237,0.0],[-170.625,66.2417,-0.1122],[-170.6354,66.2417,0.7795],[-170.6411,66.2453,-0.1917],[-170.6375,66.2479,0.278],[-170.625,66.2438,-1.0234],[-170.6146,66.2438,-0.1572],[-170.6104,66.2417,-0.7195],[-170.5937,66.2417,0.0],[-170.5891,66.2453,0.0],[-170.5813,66.2458,0.3766],[-170.5724,66.2401,0.0],[-170.563,66.2391,5.9103],[-170.5542,66.2333,0.0],[-170.5417,66.2333,2.37],[-170.5339,66.2359,0.3382],[-170.5276,66.2443,0.6014],[-170.5276,66.2474,0.0],[-170.5307,66.2495,0.0],[-170.5255,66.2557,0.0],[-170.5286,66.2568,18.7037],[-170.5286,66.2599,4.1579],[-170.525,66.2625,0.0],[-170.5151,66.263,0.0],[-170.512,66.2682,13.3896],[-170.5068,66.2693,0.0],[-170.5208,66.275,0.0],[-170.5266,66.2755,0.0],[-170.5307,66.2786,1.3435],[-170.5255,66.2797,0.0],[-170.5208,66.2833,0.0],[-170.5125,66.2833,0.0],[-170.4922,66.2901,0.0],[-170.4901,66.2932,0.0],[-170.4932,66.2953,0.0],[-170.4896,66.2979,0.0],[-170.4714,66.2974,0.2274],[-170.4724,66.2943,2.1158],[-170.4693,66.2922,9.8376],[-170.4766,66.2818,6.58],[-170.4687,66.2813,25.5446],[-170.4641,66.2849,1.3757],[-170.4588,66.2859,0.0],[-170.462,66.2891,8.7354],[-170.4547,66.2901,0.0],[-170.4547,66.2932,0.0],[-170.4578,66.2953,0.0],[-170.4516,66.3016,0.0],[-170.4312,66.3083,0.0],[-170.4229,66.3083,0.0],[-170.4125,66.3125,5.4423],[-170.3938,66.3125,0.0],[-170.3922,66.3141,0.0],[-170.4042,66.3146,4.0194],[-170.4187,66.3187,1.5122],[-170.4271,66.3187,9.3813],[-170.4312,66.3208,1.4466],[-170.4479,66.3208,20.6689],[-170.4578,66.3234,8.1339],[-170.4646,66.3271,2.7488],[-170.475,66.3271,0.9562],[-170.4812,66.3313,0.0],[-170.4917,66.3313,7.6529],[-170.5042,66.3354,4.3629],[-170.5208,66.3354,2.8915],[-170.5307,66.338,5.0275],[-170.5375,66.3417,2.706],[-170.5417,66.3417,7.9014],[-170.5542,66.3458,0.0],[-170.5646,66.3458,3.5039],[-170.5713,66.3495,1.3436],[-170.5786,66.3505,4.8379],[-170.5813,66.3562,0.0],[-170.5797,66.3599,0.0],[-170.588,66.3641,146.2627],[-170.5953,66.3651,191.1443],[-170.5943,66.3682,166.5137],[-170.6026,66.3724,56.4864],[-170.6099,66.3734,128.5167],[-170.6125,66.3792,21.5566],[-170.6109,66.3828,15.0945],[-170.6182,66.3839,89.2886],[-170.6193,66.387,87.4493],[-170.6266,66.388,222.5749],[-170.6349,66.3922,247.9876],[-170.638,66.3953,202.898],[-170.6578,66.4047,89.772],[-170.6568,66.4078,160.897],[-170.6745,66.4172,106.7105],[-170.6734,66.4203,12.4535],[-170.6792,66.4229,79.4186],[-170.687,66.4234,181.4604],[-170.6958,66.4292,168.7075],[-170.7016,66.4297,222.3308],[-170.7057,66.4318,98.6649],[-170.7068,66.4349,0.0],[-170.7411,66.4422,390.7414],[-170.7505,66.4474,336.3119],[-170.7563,66.4479,349.5388],[-170.762,66.4505,148.5813],[-170.7609,66.4537,43.2611],[-170.7708,66.4563,0.0],[-170.7812,66.4563,175.4161],[-170.787,66.4589,122.9049],[-170.7859,66.462,0.0],[-170.7937,66.4625,55.0121],[-170.8146,66.4708,280.5237],[-170.8188,66.4688,349.801],[-170.8224,66.4693,368.7528],[-170.8297,66.4745,315.0082],[-170.8505,66.4849,20.229],[-170.8578,66.4859,141.8929],[-170.8661,66.4901,129.2063],[-170.8651,66.4932,0.0],[-170.8708,66.4938,155.321],[-170.8807,66.4984,254.1345],[-170.8797,66.5016,7.3205],[-170.8963,66.5099,82.2223],[-170.9062,66.5125,100.4439],[-170.9167,66.5125,199.0885],[-170.9318,66.5203,10.936],[-170.9417,66.5229,0.0],[-170.9667,66.525,272.9857],[-170.9724,66.5276,237.8373],[-170.9714,66.5307,30.7536],[-170.9917,66.5417,0.0],[-171.0063,66.5437,27.3846],[-171.0146,66.5479,1.9249],[-171.0188,66.5479,2.7188],[-171.0312,66.5521,0.0],[-171.0375,66.5521,31.7438],[-171.05,66.5563,14.0391],[-171.0604,66.5563,4.1232],[-171.0729,66.5604,9.723],[-171.0792,66.5604,17.4922],[-171.0807,66.5609,0.0],[-171.0797,66.5641,2.5947],[-171.0875,66.5646,48.1762],[-171.1057,66.5693,47.7698],[-171.1099,66.5714,41.2561],[-171.1089,66.5745,0.0],[-171.137,66.5797,75.481],[-171.1401,66.5849,0.0],[-171.1484,66.5891,71.0144],[-171.1641,66.5922,181.1795],[-171.1667,66.5958,158.3612],[-171.1786,66.5964,184.4247],[-171.1818,66.6016,55.6861],[-171.1875,66.6021,155.011],[-171.1932,66.6047,117.417],[-171.1922,66.6078,12.6504],[-171.2,66.6083,8.614],[-171.2068,66.612,11.5145],[-171.2141,66.6131,131.8773],[-171.213,66.6162,0.0],[-171.2208,66.6167,198.3038],[-171.2318,66.6224,0.0],[-171.2391,66.6234,12.1039],[-171.263,66.637,72.8078],[-171.2708,66.6375,87.5839],[-171.2755,66.6412,90.7002],[-171.2833,66.6417,138.7285],[-171.2875,66.6438,144.7402],[-171.2979,66.6438,151.9747],[-171.2995,66.6443,151.9747],[-171.2984,66.6474,22.3896],[-171.3068,66.6516,28.0544],[-171.3229,66.6542,144.3787],[-171.3297,66.6578,170.681],[-171.337,66.6589,106.3013],[-171.3359,66.662,21.5689],[-171.3417,66.6646,13.3004],[-171.3495,66.6651,143.0033],[-171.3484,66.6682,0.0],[-171.3557,66.6693,130.9851],[-171.3568,66.6724,0.0],[-171.3641,66.6755,162.3459],[-171.363,66.6787,71.9518],[-171.3703,66.6818,189.8988],[-171.3693,66.6849,6.218],[-171.3766,66.688,157.029],[-171.3714,66.6911,0.0],[-171.3745,66.6922,52.8415],[-171.3776,66.6974,0.0],[-171.3807,66.6995,104.8112],[-171.375,66.7,0.0],[-171.3734,66.7016,0.0],[-171.3807,66.7047,98.2343],[-171.3818,66.7078,48.5558],[-171.3849,66.7089,152.8641],[-171.3838,66.712,39.8872],[-171.387,66.713,86.8911],[-171.3859,66.7161,0.0],[-171.3891,66.7172,117.1644],[-171.3838,66.7193,0.0],[-171.387,66.7224,81.2717],[-171.3818,66.7234,0.0],[-171.3776,66.7276,0.0],[-171.3776,66.7307,7.9634],[-171.3807,66.7328,237.3289],[-171.375,66.7333,32.993],[-171.3646,66.7375,0.0],[-171.3458,66.7396,12.6269],[-171.338,66.7422,0.0],[-171.3338,66.7474,0.0],[-171.3411,66.7526,175.2591],[-171.3401,66.7557,58.5775],[-171.3432,66.7568,183.7635],[-171.3422,66.7599,108.6054],[-171.3521,66.7646,75.4167],[-171.3625,66.7646,188.8076],[-171.3667,66.7667,179.3924],[-171.3813,66.7667,135.4851],[-171.3854,66.7688,46.6156],[-171.4125,66.7688,36.7962],[-171.425,66.775,0.0],[-171.4354,66.775,46.9604],[-171.4453,66.7776,96.7285],[-171.4521,66.7813,0.0],[-171.4625,66.7813,53.884],[-171.4667,66.7833,52.5095],[-171.4708,66.7833,74.9234],[-171.4792,66.7875,0.0],[-171.4979,66.7854,0.163],[-171.4995,66.787,4.1797],[-171.4937,66.7875,1.4051],[-171.4922,66.7891,1.4446],[-171.5,66.7896,15.4848],[-171.5083,66.7937,43.4964],[-171.5229,66.7958,66.6842],[-171.5297,66.7995,70.8475],[-171.5479,66.8042,61.9581],[-171.5542,66.8042,112.0247],[-171.5625,66.8083,86.5666],[-171.5729,66.8083,167.471],[-171.5797,66.812,131.8554],[-171.587,66.813,98.5608],[-171.5859,66.8161,5.297],[-171.5937,66.8167,34.6576],[-171.6089,66.8245,27.1412],[-171.6161,66.8255,106.594],[-171.6193,66.8307,0.0],[-171.6286,66.8318,112.3567],[-171.6276,66.8349,31.4234],[-171.6354,66.8354,175.4647],[-171.6422,66.8391,198.1068],[-171.6495,66.8401,229.2455],[-171.6484,66.8432,19.4253],[-171.6578,66.8443,133.7012],[-171.6786,66.8547,141.3904],[-171.6776,66.8578,43.1306],[-171.6849,66.862,77.9308],[-171.6797,66.863,0.0],[-171.6776,66.8662,26.6329],[-171.6849,66.8693,38.6712],[-171.6839,66.8724,0.0],[-171.6911,66.8755,9.9736],[-171.6901,66.8786,0.0],[-171.6953,66.8786,1.3291],[-171.7,66.875,-0.0522],[-171.7016,66.8755,0.0],[-171.7036,66.8807,0.0559],[-171.6922,66.8839,0.0],[-171.6875,66.8875,9.6387],[-171.6734,66.888,0.0],[-171.6682,66.8974,0.0],[-171.6458,66.9042,34.8557],[-171.6375,66.9042,0.0],[-171.6297,66.9068,0.0],[-171.6292,66.9083,0.0],[-171.6328,66.9109,34.2928],[-171.6318,66.9141,0.0],[-171.6391,66.9172,94.3991],[-171.638,66.9203,0.0],[-171.6411,66.9213,0.0],[-171.6443,66.9287,128.8221],[-171.65,66.9313,212.7836],[-171.6557,66.9318,227.1231],[-171.6667,66.9375,100.1852],[-171.6729,66.9375,171.9894],[-171.6771,66.9396,159.6915],[-171.6875,66.9396,153.1073],[-171.7,66.9437,120.7802],[-171.7104,66.9437,125.0579],[-171.7146,66.9479,67.4782],[-171.7208,66.9458,107.4908],[-171.725,66.9479,64.7173],[-171.7396,66.9479,166.8405],[-171.7437,66.95,126.2318],[-171.7542,66.95,155.7008],[-171.7583,66.9521,24.7942],[-171.7792,66.9521,35.7857],[-171.7833,66.9542,13.1828],[-171.7917,66.9542,14.5058],[-171.7943,66.9505,4.2313],[-171.8104,66.9458,-1.0],[-171.825,66.95,0.0],[-171.8354,66.95,4.3835],[-171.8396,66.9521,0.0],[-171.85,66.9521,3.3805],[-171.8578,66.9495,0.0],[-171.8568,66.9464,-0.2283],[-171.8583,66.9458,-0.3221],[-171.8646,66.9458,0.1165],[-171.8687,66.9479,-0.0642],[-171.8854,66.9458,1.0524],[-171.8896,66.9479,4.2816],[-171.9104,66.9479,0.0685],[-171.912,66.9495,0.0525],[-171.9099,66.9516,3.5835],[-171.9021,66.9521,0.0],[-171.8979,66.9542,0.0],[-171.8917,66.9521,0.0],[-171.8646,66.9521,0.0],[-171.863,66.9537,6.1943],[-171.8687,66.9563,0.0],[-171.8792,66.9563,3.6522],[-171.8875,66.9604,0.0],[-171.8995,66.9609,3.2387],[-171.8963,66.9682,0.0],[-171.9104,66.9729,5.9932],[-171.9167,66.9729,21.9061],[-171.925,66.9771,0.0],[-171.9349,66.9745,0.0],[-171.9333,66.9729,0.0],[-171.9255,66.9724,5.157],[-171.9297,66.9651,4.7804],[-171.9438,66.9604,25.8062],[-171.9687,66.9604,43.9917],[-171.9729,66.9583,50.819],[-171.9807,66.9578,28.8034],[-171.9875,66.95,52.1943],[-172.0063,66.9479,5.7467],[-172.0125,66.95,0.0],[-172.0229,66.9458,0.0],[-172.0396,66.9458,0.7804],[-172.0437,66.9437,7.3462],[-172.0583,66.9437,0.0],[-172.0625,66.9417,9.7616],[-172.0682,66.9443,0.0],[-172.0693,66.9474,0.0],[-172.0724,66.9495,0.0],[-172.0609,66.9505,1.9069],[-172.0625,66.9521,0.0],[-172.0833,66.9521,1.6794],[-172.0875,66.9542,0.0],[-172.1042,66.9542,0.977],[-172.1083,66.9563,0.0],[-172.1396,66.9583,2.36],[-172.1411,66.9568,0.0],[-172.1292,66.9563,0.657],[-172.125,66.9542,0.0],[-172.1146,66.9542,0.0],[-172.113,66.9526,0.0],[-172.1479,66.9521,10.5231],[-172.1521,66.9542,0.0],[-172.1687,66.9542,0.0],[-172.1729,66.9521,21.0316],[-172.1771,66.9542,3.301],[-172.1938,66.9542,9.4832],[-172.1979,66.9563,0.4142],[-172.2187,66.9563,1.9707],[-172.2229,66.9583,0.9268],[-172.2563,66.9583,9.0623],[-172.2604,66.9604,0.0],[-172.2708,66.9604,15.4692],[-172.275,66.9625,0.0],[-172.3104,66.9646,11.4166],[-172.3229,66.9688,0.0],[-172.3396,66.9688,9.8239],[-172.3479,66.9729,0.0],[-172.3542,66.9708,9.0649],[-172.3583,66.9729,1.7119],[-172.3792,66.9729,7.9126],[-172.3833,66.975,0.0],[-172.3938,66.975,6.262],[-172.4083,66.9792,0.0],[-172.425,66.9792,4.513],[-172.4266,66.9807,0.0],[-172.4167,66.9833,0.5514],[-172.4125,66.9812,0.0],[-172.4062,66.9812,0.0],[-172.3901,66.987,1.047],[-172.4187,66.9896,1.3423],[-172.4229,66.9917,0.0],[-172.4333,66.9917,1.8569],[-172.4458,66.9958,0.0],[-172.4729,66.9958,1.2761],[-172.4771,66.9979,1.6341],[-172.4875,66.9979,1.0898],[-172.4917,67.0,0.0],[-172.5021,67.0,1.5781],[-172.5063,67.0021,0.0],[-172.5203,67.0016,0.0],[-172.5104,66.9958,0.0],[-172.5,66.9958,0.0],[-172.4958,66.9938,0.0],[-172.4708,66.9917,0.0],[-172.4667,66.9896,0.0],[-172.4588,66.9891,0.0],[-172.4521,66.9854,0.0],[-172.4463,66.9849,0.0],[-172.4542,66.9812,6.577],[-172.4583,66.9833,0.0],[-172.475,66.9833,7.445],[-172.4792,66.9854,3.8549],[-172.5146,66.9875,7.6579],[-172.5188,66.9896,0.0],[-172.5437,66.9917,4.3896],[-172.5479,66.9938,0.0],[-172.5542,66.9917,5.477],[-172.5813,66.9917,5.8087],[-172.5854,66.9938,0.0],[-172.6125,66.9938,5.8723],[-172.6271,66.9979,0.0],[-172.6583,66.9979,4.6743],[-172.6729,67.0021,0.0],[-172.6833,67.0021,4.6644],[-172.6901,67.0057,0.0],[-172.7,67.0083,0.0],[-172.7063,67.0083,2.8236],[-172.7104,67.0104,0.0],[-172.7208,67.0104,5.3517],[-172.725,67.0125,0.0],[-172.7458,67.0125,5.1357],[-172.7583,67.0188,0.0],[-172.7646,67.0188,1.8076],[-172.7688,67.0208,0.0],[-172.7792,67.0208,4.0659],[-172.7917,67.025,0.0],[-172.7995,67.0255,0.0],[-172.7984,67.0307,0.2451],[-172.8042,67.0333,0.0],[-172.8104,67.0333,0.0],[-172.8146,67.0313,1.8967],[-172.8333,67.0313,0.6206],[-172.8349,67.0297,0.9174],[-172.8104,67.0292,0.5522],[-172.8089,67.0276,-0.2551],[-172.8125,67.025,4.1199],[-172.8208,67.025,0.0],[-172.8313,67.0208,5.1363],[-172.8479,67.0208,5.4392],[-172.8521,67.0229,0.0],[-172.8625,67.0229,5.4521],[-172.8724,67.0276,0.0],[-172.8708,67.0292,0.0],[-172.8625,67.0292,0.0],[-172.8609,67.0307,1.3359],[-172.8729,67.0313,2.8078],[-172.8771,67.0333,0.0],[-172.9,67.0333,2.6085],[-172.9016,67.0318,0.0],[-172.8896,67.0313,0.906],[-172.8839,67.0276,1.6271],[-172.9021,67.0271,2.7363],[-172.9062,67.0292,0.0],[-172.9141,67.0297,2.3126],[-172.912,67.0328,0.0],[-172.9068,67.0339,3.3884],[-172.9083,67.0354,1.617],[-172.9375,67.0354,1.0064],[-172.9417,67.0333,0.0],[-172.9458,67.0375,2.911],[-172.9604,67.0375,5.5494],[-172.9646,67.0396,0.0],[-172.975,67.0396,1.6443],[-172.9792,67.0417,0.0],[-173.0063,67.0417,2.5857],[-173.0104,67.0437,0.0],[-173.0167,67.0437,0.9766],[-173.0229,67.0417,3.2768],[-173.0292,67.0437,0.7277],[-173.0318,67.0401,0.0],[-173.037,67.0391,0.0],[-173.0396,67.0354,0.0],[-173.0375,67.0333,0.0],[-173.0213,67.0307,0.0],[-173.0234,67.0255,27.6104],[-173.0286,67.0245,0.0],[-173.0255,67.0224,15.2282],[-173.0266,67.0193,0.0],[-173.0208,67.0167,0.0],[-173.0104,67.0167,8.8131],[-173.0021,67.0125,0.0],[-172.9958,67.0146,20.2947],[-172.9896,67.0125,0.0],[-172.9792,67.0167,0.0],[-172.9667,67.0167,0.0],[-172.9604,67.0208,1.2394],[-172.9062,67.0208,7.3392],[-172.9021,67.0188,0.0],[-172.8917,67.0188,6.5692],[-172.8875,67.0167,0.0],[-172.8813,67.0167,8.4229],[-172.8771,67.0146,0.0],[-172.8667,67.0146,8.0392],[-172.8583,67.0104,0.0],[-172.8479,67.0104,5.8628],[-172.8396,67.0062,0.0],[-172.825,67.0062,0.0],[-172.8104,67.0021,0.0],[-172.7854,67.0,3.4033],[-172.7708,66.9958,0.0],[-172.7667,66.9979,2.9087],[-172.7479,66.9979,0.0],[-172.7437,67.0,3.3787],[-172.7375,67.0,0.0],[-172.7312,66.9979,0.0],[-172.7271,67.0,2.335],[-172.7229,66.9979,0.0],[-172.6708,66.9958,3.3967],[-172.6667,66.9938,0.0],[-172.6292,66.9917,8.288],[-172.625,66.9896,0.0],[-172.6042,66.9896,9.352],[-172.6,66.9875,0.0],[-172.5688,66.9875,5.7797],[-172.5625,66.9854,0.0],[-172.5583,66.9875,3.9937],[-172.5521,66.9875,5.0711],[-172.5479,66.9854,0.0],[-172.5375,66.9854,0.0],[-172.5333,66.9833,0.0],[-172.5083,66.9812,5.3457],[-172.5,66.9771,0.0],[-172.4937,66.9771,3.696],[-172.4812,66.9729,0.0],[-172.475,66.9729,1.6691],[-172.4734,66.9724,3.0727],[-172.4745,66.9693,0.0],[-172.4625,66.9688,2.6087],[-172.4516,66.963,0.0],[-172.4422,66.962,2.0202],[-172.4307,66.9547,0.0],[-172.4229,66.9542,-0.0487],[-172.4021,66.9458,0.0],[-172.3896,66.9458,0.0],[-172.3854,66.9437,0.0],[-172.3792,66.9437,0.0],[-172.375,66.9458,-1.0],[-172.3724,66.9422,0.0],[-172.3651,66.9391,0.0],[-172.3661,66.9359,0.2602],[-172.3604,66.9354,0.0],[-172.3583,66.9333,0.0],[-172.3604,66.9313,0.0],[-172.3687,66.9313,0.0],[-172.3766,66.9287,0.8633],[-172.3797,66.9255,2.1968],[-172.3849,66.9245,0.0],[-172.3875,66.9208,1.4732],[-172.3958,66.9208,0.0],[-172.4062,66.9167,2.0737],[-172.4203,66.9161,-1.0],[-172.4162,66.913,0.0],[-172.4089,66.912,0.0],[-172.4104,66.9104,0.0],[-172.4167,66.9104,0.4509],[-172.425,66.9146,0.0775],[-172.4375,66.9146,0.0],[-172.4479,66.9104,4.345],[-172.4542,66.9104,4.4637],[-172.4771,66.9042,1.4172],[-172.5021,66.9042,0.0],[-172.5063,66.9021,2.0843],[-172.5437,66.9021,1.5568],[-172.5479,66.9042,0.8536],[-172.5641,66.9068,5.3051],[-172.563,66.9099,0.0],[-172.5646,66.9104,0.0],[-172.5724,66.9109,17.2473],[-172.5713,66.9141,0.0],[-172.5828,66.9193,12.2238],[-172.5854,66.9229,18.6402],[-172.6187,66.9229,5.5931],[-172.6203,66.9224,2.479],[-172.6203,66.9193,4.4978],[-172.613,66.9161,17.8141],[-172.6141,66.913,10.8355],[-172.6109,66.9109,5.6055],[-172.6224,66.9099,0.0],[-172.6245,66.9047,0.4559],[-172.6167,66.9042,0.5541],[-172.6068,66.8995,2.2036],[-172.6109,66.8922,5.0215],[-172.625,66.8917,-0.5],[-172.6292,66.8896,4.5412],[-172.6354,66.8917,-0.5],[-172.6417,66.8917,-0.0019],[-172.6458,66.8896,0.2314],[-172.6625,66.8896,3.3423],[-172.6708,66.8938,2.318],[-172.6771,66.8938,0.0],[-172.6833,66.8917,2.9927],[-172.6875,66.8938,0.0],[-172.6953,66.8912,1.6893],[-172.7,66.8854,3.3626],[-172.7187,66.8854,9.0904],[-172.7312,66.8896,0.0],[-172.7688,66.8896,4.8106],[-172.7812,66.8958,0.0],[-172.8125,66.8958,0.6693],[-172.8167,66.8979,0.6965],[-172.8271,66.8979,6.9468],[-172.8292,66.9,6.9201],[-172.8276,66.9036,0.0],[-172.8354,66.9042,13.6889],[-172.8396,66.9063,0.0],[-172.8437,66.9042,15.4092],[-172.8562,66.9042,13.3207],[-172.8687,66.9083,0.0],[-172.9438,66.9083,9.3562],[-172.95,66.9104,0.0],[-172.9542,66.9083,8.2695],[-172.9604,66.9083,6.9463],[-172.9646,66.9104,2.083],[-172.9792,66.9104,2.0932],[-172.9833,66.9125,0.926],[-172.9937,66.9125,5.0384],[-172.9979,66.9146,0.0],[-173.0104,66.9146,5.4536],[-173.0167,66.9187,0.3891],[-173.0229,66.9187,4.3829],[-173.0271,66.9208,0.0],[-173.0417,66.9229,12.4472],[-173.0443,66.9266,0.0],[-173.0474,66.9276,11.1077],[-173.0464,66.9307,0.0],[-173.0495,66.9318,14.4919],[-173.0484,66.9349,5.7915],[-173.0516,66.9359,16.5933],[-173.0505,66.9411,0.0],[-173.0625,66.9417,1.626],[-173.0682,66.9443,5.1712],[-173.0672,66.9495,0.0],[-173.0745,66.9547,12.1016],[-173.0714,66.9589,0.0],[-173.0714,66.962,0.0],[-173.0786,66.9651,15.4536],[-173.0771,66.9688,0.0],[-173.0807,66.9724,10.4288],[-173.0766,66.9786,4.6363],[-173.0651,66.9818,0.0],[-173.0682,66.9849,17.5921],[-173.063,66.9859,0.0],[-173.0729,66.9917,18.0688],[-173.0766,66.9891,11.7118],[-173.0776,66.9859,12.4447],[-173.0833,66.9854,0.0],[-173.1,66.9792,8.3861],[-173.1292,66.9792,0.0],[-173.1438,66.975,23.1635],[-173.1521,66.975,11.9016],[-173.1662,66.9703,5.7667],[-173.1703,66.963,0.0],[-173.1646,66.9604,0.0],[-173.1568,66.9599,43.6893],[-173.1641,66.9557,14.0053],[-173.1609,66.9537,22.465],[-173.162,66.9505,0.0],[-173.1583,66.9479,2.6666],[-173.1641,66.937,4.6208],[-173.1609,66.9339,0.0],[-173.1646,66.9271,0.0],[-173.1609,66.9234,16.329],[-173.175,66.9187,6.9464],[-173.1833,66.9187,9.3673],[-173.2,66.9125,31.2235],[-173.2083,66.9125,31.6993],[-173.2224,66.9078,-0.0476],[-173.2245,66.9057,0.0425],[-173.2214,66.9036,16.6211],[-173.2203,66.9005,16.1561],[-173.2161,66.8984,2.4134],[-173.2083,66.8979,0.0],[-173.2063,66.9,0.0],[-173.2099,66.9036,0.0],[-173.2063,66.9083,12.3253],[-173.1917,66.9083,0.0],[-173.1875,66.9104,1.8498],[-173.1812,66.9104,1.7574],[-173.1771,66.9083,0.0],[-173.1667,66.9083,2.6746],[-173.1568,66.9057,2.7318],[-173.1401,66.8974,0.0],[-173.1391,66.8943,0.0],[-173.1359,66.8932,3.3692],[-173.138,66.888,0.4305],[-173.1432,66.887,5.3614],[-173.1479,66.8833,6.402],[-173.1578,66.8828,0.0],[-173.1589,66.8797,7.2005],[-173.1641,66.8786,14.7594],[-173.1672,66.8734,19.9866],[-173.1729,66.8729,2.6499],[-173.1745,66.8714,0.0],[-173.1687,66.8688,0.0],[-173.1609,66.8682,13.2108],[-173.15,66.8625,0.0],[-173.1396,66.8625,8.2426],[-173.1354,66.8604,0.0],[-173.1187,66.8604,3.3488],[-173.1146,66.8583,0.0],[-173.1042,66.8583,0.4398],[-173.0917,66.8625,0.9176],[-173.0818,66.8599,-0.5026],[-173.0807,66.8568,0.1583],[-173.0776,66.8547,-0.5533],[-173.0891,66.8505,0.0],[-173.0859,66.8495,0.0],[-173.087,66.8464,0.0],[-173.0838,66.8453,0.0087],[-173.0849,66.8422,0.0],[-173.0818,66.8401,-0.0673],[-173.0896,66.8375,0.0941],[-173.0974,66.837,-0.0848],[-173.0943,66.8349,0.0244],[-173.0958,66.8333,-0.1104],[-173.1021,66.8354,0.0],[-173.1182,66.8307,-0.1276],[-173.1208,66.8271,0.057],[-173.1333,66.8271,0.0],[-173.1417,66.8208,-0.3429],[-173.1583,66.8208,-0.0361],[-173.1646,66.8187,0.0],[-173.1771,66.8229,-0.0922],[-173.1896,66.8229,-0.0271],[-173.1958,66.8208,-1.0],[-173.2,66.8229,-0.1838],[-173.2063,66.8229,0.4977],[-173.2104,66.8208,0.2791],[-173.2375,66.8208,0.1297],[-173.2391,66.8193,-0.085],[-173.2359,66.8172,0.0048],[-173.2396,66.8167,-0.1334],[-173.2479,66.8208,0.0],[-173.2542,66.8208,0.3018],[-173.2604,66.8187,0.207],[-173.2646,66.8208,-0.1274],[-173.2724,66.8182,-1.0],[-173.2771,66.8146,-1.0],[-173.2917,66.8187,-1.0],[-173.3021,66.8187,19.2518],[-173.3104,66.8229,4.8431],[-173.3161,66.8234,17.2681],[-173.3203,66.8255,17.753],[-173.3193,66.8307,0.0],[-173.3266,66.8339,4.9156],[-173.3213,66.8359,0.0],[-173.3182,66.8411,0.0],[-173.3042,66.8417,0.2355],[-173.3005,66.8443,2.97],[-173.3078,66.8484,13.5258],[-173.3089,66.8516,10.4112],[-173.3161,66.8526,19.0948],[-173.3151,66.8578,0.0],[-173.3188,66.8604,6.7272],[-173.3141,66.8662,0.1743],[-173.3026,66.8693,0.0],[-173.3,66.8729,3.3324],[-173.2875,66.8729,0.0],[-173.2776,66.8755,0.0],[-173.2776,66.8786,0.2009],[-173.2917,66.8833,0.0],[-173.2995,66.8839,8.4028],[-173.2984,66.8891,0.0],[-173.3057,66.8901,4.8686],[-173.3099,66.8922,10.6622],[-173.3109,66.8953,0.0],[-173.3182,66.8964,17.1709],[-173.313,66.8984,0.0],[-173.3167,66.9021,0.0],[-173.3141,66.9078,0.0],[-173.3083,66.9083,0.0],[-173.2979,66.9125,2.2189],[-173.2901,66.913,0.6013],[-173.2917,66.9146,0.0],[-173.3036,66.9151,7.451],[-173.3016,66.9203,-0.5],[-173.2964,66.9224,-0.5],[-173.3021,66.925,3.4297],[-173.3078,66.9255,4.4377],[-173.3203,66.9318,9.2678],[-173.3203,66.9349,0.0],[-173.3172,66.9391,0.0],[-173.3229,66.9417,1.97],[-173.3354,66.9375,5.5349],[-173.3521,66.9396,-0.5],[-173.3708,66.9313,0.1519],[-173.3849,66.9318,2.1757],[-173.3807,66.9391,4.23],[-173.3755,66.9401,-0.5],[-173.3734,66.9422,-0.5],[-173.3703,66.9495,4.6635],[-173.3625,66.9521,-0.5],[-173.3479,66.9521,-0.5],[-173.3437,66.9542,4.2974],[-173.3396,66.9521,-0.5],[-173.3292,66.9521,4.3547],[-173.325,66.95,0.9061],[-173.3188,66.9521,5.45],[-173.3125,66.95,0.1273],[-173.3109,66.9505,-0.0898],[-173.3089,66.9557,0.0],[-173.3203,66.9609,4.1004],[-173.3193,66.9641,-0.2949],[-173.3208,66.9646,0.3133],[-173.3245,66.9641,-0.5],[-173.3292,66.9604,3.9016],[-173.3354,66.9604,-0.5],[-173.3396,66.9583,4.906],[-173.3625,66.9583,6.682],[-173.3667,66.9604,6.0155],[-173.3771,66.9604,18.7424],[-173.3922,66.9682,-0.5],[-173.4016,66.9693,0.2639],[-173.4005,66.9724,-0.5],[-173.4036,66.9745,5.0596],[-173.3958,66.975,-0.5],[-173.3917,66.9771,-0.5],[-173.3729,66.9771,-0.5],[-173.3682,66.9807,3.1627],[-173.3604,66.9833,-0.5],[-173.3479,66.9833,-0.5],[-173.3422,66.9807,7.4619],[-173.3432,66.9755,9.8949],[-173.3349,66.9714,1.6722],[-173.3292,66.9708,-0.5],[-173.3188,66.9667,-0.2133],[-173.3161,66.9703,0.0],[-173.3109,66.9714,0.0],[-173.3078,66.9766,6.2915],[-173.3005,66.9776,0.0],[-173.2974,66.9828,0.0],[-173.2922,66.9838,0.0],[-173.2891,66.9891,5.2789],[-173.2792,66.9896,0.0],[-173.275,66.9917,3.3951],[-173.2479,66.9938,1.5113],[-173.2437,66.9917,0.0],[-173.2354,66.9917,0.0],[-173.2083,67.0,-1.0],[-173.1958,67.0,2.4625],[-173.1943,66.9984,2.6749],[-173.1995,66.9974,-1.0],[-173.2016,66.9943,-0.5],[-173.1943,66.9912,0.7303],[-173.1932,66.988,0.0],[-173.1812,66.9875,10.2111],[-173.1771,66.9854,0.0],[-173.1604,66.9854,-0.3853],[-173.1557,66.9891,3.5745],[-173.1505,66.9901,1.9081],[-173.1484,66.9943,1.9281],[-173.1516,66.9964,14.3745],[-173.1505,67.0016,0.0],[-173.1578,67.0026,16.0632],[-173.1589,67.0057,0.0],[-173.1687,67.0104,1.4414],[-173.1792,67.0104,5.8616],[-173.1833,67.0125,0.0],[-173.2146,67.0125,4.5018],[-173.2188,67.0146,0.0],[-173.2292,67.0146,0.0],[-173.2333,67.0167,0.0],[-173.2563,67.0167,3.8897],[-173.2661,67.0193,0.3884],[-173.2708,67.0229,0.7614],[-173.2682,67.0286,1.4119],[-173.2568,67.0297,0.0],[-173.2599,67.0328,2.2751],[-173.2568,67.0391,0.0],[-173.2641,67.0443,5.2944],[-173.263,67.0474,0.0],[-173.2661,67.0484,3.4578],[-173.2672,67.0516,0.0],[-173.2729,67.0542,3.7491],[-173.2849,67.0537,4.3276],[-173.2818,67.0516,4.2418],[-173.2833,67.05,4.1396],[-173.2958,67.05,1.4353],[-173.3,67.0521,0.0],[-173.3078,67.0526,3.1641],[-173.3146,67.0563,0.0],[-173.3203,67.0568,-0.0745],[-173.3062,67.0625,-0.0331],[-173.2792,67.0625,0.5812],[-173.2708,67.0583,0.0],[-173.2646,67.0604,0.0],[-173.25,67.0563,0.0],[-173.2396,67.0563,0.4391],[-173.2312,67.0521,0.069],[-173.2146,67.0521,0.4459],[-173.213,67.0505,0.0],[-173.2208,67.0479,4.9256],[-173.2271,67.05,0.0],[-173.2375,67.05,3.5362],[-173.2432,67.0443,0.0],[-173.2339,67.0432,1.7249],[-173.2354,67.0396,0.2944],[-173.2333,67.0375,0.0],[-173.2271,67.0375,0.0],[-173.2208,67.0396,3.4331],[-173.2167,67.0375,0.0],[-173.2104,67.0375,0.0],[-173.2063,67.0396,7.584],[-173.2021,67.0375,0.0],[-173.1854,67.0375,0.0],[-173.1812,67.0354,0.0],[-173.175,67.0375,3.4244],[-173.1724,67.0339,0.0],[-173.1651,67.0328,-0.1853],[-173.1557,67.0276,0.0379],[-173.1438,67.0271,-0.4875],[-173.1354,67.0229,-0.0633],[-173.1318,67.0234,-0.6016],[-173.1307,67.0266,-0.4312],[-173.1234,67.0276,0.0],[-173.125,67.0292,0.1418],[-173.1328,67.0297,-0.3434],[-173.1307,67.0328,0.0],[-173.1229,67.0333,0.0078],[-173.1187,67.0313,-0.0641],[-173.1109,67.0339,-0.0644],[-173.1141,67.037,-0.2959],[-173.1062,67.0375,-0.115],[-173.0964,67.0328,-0.1394],[-173.1016,67.0307,-0.0927],[-173.1,67.0292,-0.5386],[-173.0937,67.0292,0.0114],[-173.0896,67.0271,-0.1064],[-173.0849,67.0307,0.1075],[-173.0771,67.0313,0.0],[-173.0714,67.0286,0.0],[-173.0714,67.0255,0.0],[-173.0745,67.0214,0.0],[-173.0672,67.0182,0.0],[-173.0646,67.0146,0.0],[-173.0484,67.0193,0.0],[-173.0484,67.0224,0.0],[-173.0516,67.0234,0.0],[-173.0505,67.0266,0.0],[-173.0536,67.0276,0.0],[-173.0547,67.0307,0.0],[-173.0604,67.0313,0.0],[-173.0661,67.0339,0.0],[-173.0609,67.0359,0.0],[-173.0641,67.0391,0.5062],[-173.0526,67.0432,0.0],[-173.0599,67.0443,0.8626],[-173.0667,67.0479,0.0],[-173.0937,67.0479,2.8033],[-173.0979,67.05,0.0],[-173.1083,67.05,2.5154],[-173.1125,67.0521,0.0],[-173.1187,67.05,6.611],[-173.1229,67.0521,0.0],[-173.1354,67.0521,1.122],[-173.1396,67.0542,0.0],[-173.1542,67.0542,0.9155],[-173.1583,67.0563,0.0],[-173.1812,67.0563,1.3104],[-173.1854,67.0583,0.0],[-173.2,67.0583,1.9385],[-173.2042,67.0604,0.0],[-173.2208,67.0604,2.0098],[-173.225,67.0625,0.0],[-173.2521,67.0625,1.9414],[-173.2563,67.0646,0.0],[-173.2667,67.0646,0.8939],[-173.2708,67.0667,0.0],[-173.3188,67.0687,1.6762],[-173.3229,67.0708,0.0],[-173.3375,67.0708,1.9903],[-173.3417,67.0729,0.0],[-173.3479,67.0708,1.6852],[-173.3521,67.0729,2.3589],[-173.3687,67.0729,1.7461],[-173.3833,67.0771,0.0],[-173.3938,67.0771,0.0],[-173.3979,67.0792,0.0],[-173.425,67.0792,0.818],[-173.4292,67.0813,0.0],[-173.45,67.0813,1.1775],[-173.4646,67.0854,0.6461],[-173.475,67.0854,1.9372],[-173.4792,67.0875,0.0],[-173.4937,67.0875,2.0541],[-173.4979,67.0896,0.0],[-173.5104,67.0896,1.6257],[-173.5146,67.0917,0.0],[-173.525,67.0917,0.0],[-173.5292,67.0938,0.0],[-173.55,67.0938,1.6509],[-173.5542,67.0958,0.0],[-173.5604,67.0958,1.6954],[-173.5646,67.0979,0.0],[-173.575,67.0979,2.8244],[-173.5792,67.1,0.0],[-173.5958,67.1,6.8136],[-173.6,67.0979,3.7627],[-173.6062,67.0979,4.0256],[-173.6078,67.0995,3.5734],[-173.6026,67.1016,5.751],[-173.6167,67.1083,6.8738],[-173.6271,67.1083,44.3362],[-173.6313,67.1104,38.4989],[-173.6438,67.1104,44.1062],[-173.6474,67.1078,43.6171],[-173.65,67.1021,0.0],[-173.6463,67.0984,24.0989],[-173.6516,67.0974,0.0],[-173.6484,67.0953,4.048],[-173.6505,67.0901,27.7031],[-173.6578,67.0891,0.0],[-173.6547,67.0859,55.7183],[-173.6625,67.0833,28.5956],[-173.675,67.0833,0.0],[-173.6854,67.0792,7.4563],[-173.6979,67.0792,0.0],[-173.7021,67.0771,3.8924],[-173.7104,67.0771,0.0],[-173.7146,67.075,9.358],[-173.7333,67.075,4.8836],[-173.7375,67.0729,5.3969],[-173.7417,67.075,1.7583],[-173.7479,67.075,0.0],[-173.7521,67.0729,12.3671],[-173.7854,67.0729,6.3303],[-173.7917,67.075,0.0],[-173.7958,67.0729,9.4555],[-173.8,67.075,0.0],[-173.8125,67.075,0.0],[-173.8167,67.0729,12.5656],[-173.8292,67.0729,18.5624],[-173.8333,67.075,1.7],[-173.8708,67.075,5.873],[-173.875,67.0771,0.0],[-173.9292,67.0771,13.3734],[-173.9333,67.0792,0.0],[-174.0229,67.0792,4.0595],[-174.0271,67.0813,0.0],[-174.0708,67.0813,0.0],[-174.0771,67.0792,7.2574],[-174.0813,67.0813,0.0],[-174.1458,67.0813,1.3242],[-174.15,67.0792,0.9388],[-174.1646,67.0792,0.0],[-174.1792,67.075,4.6001],[-174.2,67.0729,1.4113],[-174.2042,67.0708,2.38],[-174.2167,67.0708,0.0],[-174.2375,67.0646,2.841],[-174.2437,67.0667,0.0],[-174.2516,67.0661,0.5384],[-174.25,67.0646,1.5865],[-174.2443,67.0641,2.1729],[-174.2458,67.0625,0.0],[-174.2771,67.0667,0.0],[-174.2812,67.0646,3.3487],[-174.3417,67.0646,0.0],[-174.3458,67.0625,4.8908],[-174.3542,67.0625,0.0],[-174.3646,67.0583,6.9441],[-174.3708,67.0604,0.0],[-174.3813,67.0563,4.069],[-174.3896,67.0563,0.0],[-174.3922,67.0526,5.167],[-174.4036,67.0495,7.7231],[-174.3938,67.0458,7.0872],[-174.3859,67.0453,8.011],[-174.3938,67.0417,11.6965],[-174.4078,67.0443,7.0959],[-174.4068,67.0474,7.7858],[-174.4083,67.0479,8.4311],[-174.4146,67.0458,7.4228],[-174.4208,67.0458,7.402],[-174.425,67.0437,8.1265],[-174.4375,67.0437,3.3341],[-174.4479,67.0396,5.3875],[-174.4563,67.0396,0.0],[-174.4891,67.0286,5.5324],[-174.4911,67.0266,6.489],[-174.4896,67.025,5.2539],[-174.4563,67.025,0.0],[-174.4521,67.0271,8.8612],[-174.4438,67.0271,0.0],[-174.4396,67.0292,7.771],[-174.4,67.0313,0.0],[-174.3958,67.0333,0.8548],[-174.3875,67.0333,0.0],[-174.3833,67.0354,0.0],[-174.3708,67.0354,0.0],[-174.3604,67.0396,4.3902],[-174.3521,67.0396,0.0],[-174.3375,67.0437,0.0],[-174.3229,67.0437,0.0],[-174.3188,67.0458,0.0],[-174.3062,67.0458,0.0],[-174.3021,67.0479,0.0],[-174.2896,67.0479,0.0],[-174.2854,67.05,1.8862],[-174.2563,67.05,0.0],[-174.2521,67.0521,1.1784],[-174.2396,67.0521,0.0],[-174.2354,67.0542,1.8402],[-174.2229,67.0542,0.0],[-174.2167,67.0563,3.6452],[-174.1963,67.0495,3.7262],[-174.1974,67.0463,0.0],[-174.1943,67.0453,5.8681],[-174.1943,67.0422,5.0305],[-174.2016,67.0411,0.6527],[-174.2026,67.038,1.3897],[-174.2141,67.0339,0.7698],[-174.2083,67.0313,0.8411],[-174.2026,67.0307,0.0],[-174.2016,67.0276,0.0],[-174.1943,67.0245,5.4142],[-174.1932,67.0214,2.9368],[-174.1901,67.0193,9.4908],[-174.1958,67.0188,0.0],[-174.1974,67.0172,0.0],[-174.1922,67.0162,5.6454],[-174.1932,67.013,0.0],[-174.1896,67.0104,12.0792],[-174.1922,67.0047,11.3203],[-174.1963,67.0005,9.6883],[-174.2016,66.9995,0.0],[-174.1984,66.9964,10.5077],[-174.2078,66.9953,0.0],[-174.213,66.988,3.1503],[-174.2245,66.9849,1.3994],[-174.2255,66.9818,1.9149],[-174.2333,66.9792,2.2251],[-174.2432,66.9786,2.2335],[-174.2453,66.9755,2.1568],[-174.2411,66.9734,0.0],[-174.2359,66.9734,0.075],[-174.2328,66.9766,1.4576],[-174.2214,66.9797,-0.5],[-174.2203,66.9828,0.8144],[-174.2167,66.9833,1.3804],[-174.2109,66.9807,3.2756],[-174.2141,66.9714,2.4319],[-174.2083,66.9688,4.5972],[-174.1979,66.9688,2.058],[-174.1943,66.9714,0.0],[-174.1979,66.975,2.9643],[-174.1953,66.9807,2.7814],[-174.1854,66.9833,5.025],[-174.1729,66.9833,0.0],[-174.1687,66.9854,3.9417],[-174.1583,66.9854,2.0374],[-174.1521,66.9833,0.0],[-174.1479,66.9854,0.0],[-174.1313,66.9854,0.3648],[-174.1271,66.9833,0.0],[-174.1193,66.9828,0.0],[-174.1099,66.9776,1.3764],[-174.1,66.975,0.0],[-174.0938,66.9771,-1.0],[-174.0708,66.9771,0.5283],[-174.0667,66.975,0.0],[-174.0604,66.975,0.0],[-174.0562,66.9771,1.6147],[-174.0479,66.9771,2.6243],[-174.0437,66.9792,0.0],[-174.0312,66.9792,0.0],[-174.0271,66.9812,0.0],[-174.0026,66.9807,2.1228],[-174.0042,66.9792,0.0],[-174.0188,66.9792,0.0],[-174.0213,66.9755,2.1805],[-174.0292,66.9729,4.3269],[-174.0375,66.9729,4.2757],[-174.0396,66.9708,4.0395],[-174.0359,66.9682,2.9878],[-174.037,66.9651,0.0],[-174.0297,66.9599,4.2946],[-174.0307,66.9547,0.0],[-174.0234,66.9516,6.0265],[-174.0245,66.9484,0.0],[-174.0172,66.9432,10.1022],[-174.0188,66.9396,0.0],[-174.0151,66.9359,8.9811],[-174.0182,66.9297,4.4693],[-174.0109,66.9266,10.572],[-174.0104,66.925,12.1423],[-174.0125,66.9208,11.4679],[-174.0088,66.9172,15.8355],[-174.0161,66.9161,10.2962],[-174.0188,66.9104,0.0],[-174.0151,66.9068,10.3969],[-174.0203,66.9057,0.0],[-174.0224,66.9036,0.0],[-174.0224,66.9005,1.6373],[-174.0151,66.8974,12.4223],[-174.0161,66.8922,7.3013],[-174.0088,66.8891,2.9413],[-174.0099,66.8859,1.3745],[-173.9984,66.8807,30.3332],[-173.9974,66.8776,9.006],[-173.9943,66.8766,6.9237],[-173.9953,66.8734,0.0],[-173.9797,66.8662,9.4769],[-173.9787,66.863,0.0],[-173.9714,66.8599,10.9456],[-173.9724,66.8568,0.0],[-173.9651,66.8516,12.5798],[-173.9661,66.8484,0.0],[-173.963,66.8474,11.317],[-173.9641,66.8422,0.0],[-173.9604,66.8396,17.587],[-173.9625,66.8354,2.5571],[-173.9588,66.8328,6.6997],[-173.9599,66.8297,0.0],[-173.9568,66.8287,9.9751],[-173.9583,66.8229,13.8449],[-173.9547,66.8203,15.282],[-173.9557,66.8172,0.0],[-173.9484,66.8141,9.2562],[-173.9495,66.8089,0.0],[-173.9422,66.8037,17.305],[-173.9495,66.7901,4.0692],[-173.9463,66.7891,0.7965],[-173.9453,66.7859,2.4095],[-173.937,66.7818,7.4994],[-173.9297,66.7807,7.0],[-173.9297,66.7776,7.4503],[-173.9349,66.7766,15.9556],[-173.9396,66.7688,3.0216],[-173.9359,66.7662,4.6132],[-173.937,66.7609,0.0],[-173.9297,66.7578,11.2618],[-173.9349,66.7495,0.0],[-173.9318,66.7464,4.9306],[-173.937,66.7453,0.0],[-173.937,66.7422,0.0],[-173.9339,66.7401,0.0],[-173.9391,66.7297,5.9913],[-173.9359,66.7286,3.1573],[-173.9349,66.7255,0.0],[-173.9276,66.7224,23.3209],[-173.9349,66.7089,0.0],[-173.9255,66.7078,53.4659],[-173.9276,66.7047,51.5135],[-173.9328,66.7037,0.0],[-173.9297,66.7016,27.1067],[-173.9286,66.6984,20.6268],[-173.9255,66.6974,29.1737],[-173.9266,66.6922,7.8561],[-173.9193,66.6891,4.5221],[-173.9203,66.6839,0.2918],[-173.9162,66.6818,1.0909],[-173.8984,66.6807,0.0],[-173.8995,66.6755,0.0],[-173.8979,66.675,0.0],[-173.8813,66.675,-0.2396],[-173.8771,66.6771,0.1199],[-173.8734,66.6766,-0.0997],[-173.8693,66.6734,-1.0],[-173.8833,66.6729,0.024],[-173.887,66.6693,0.0],[-173.8797,66.6661,0.6144],[-173.8807,66.663,0.3848],[-173.8792,66.6625,0.0],[-173.8625,66.6625,0.0],[-173.8609,66.6609,0.7059],[-173.8854,66.6604,0.4798],[-173.8911,66.663,0.3698],[-173.8901,66.6661,0.9184],[-173.8917,66.6667,-0.5],[-173.9042,66.6667,0.7762],[-173.9146,66.6625,0.0],[-173.9375,66.6625,0.9054],[-173.9401,66.6589,0.8398],[-173.9542,66.6542,5.3272],[-173.9625,66.6542,0.0],[-173.9672,66.6505,2.7271],[-173.975,66.65,0.0],[-173.9812,66.6458,5.0905],[-173.9875,66.6458,0.0],[-173.9953,66.6432,0.0],[-173.9984,66.6401,3.5701],[-174.0286,66.6307,1.9539],[-174.0333,66.6271,0.4358],[-174.0474,66.6266,0.0],[-174.0484,66.6234,-0.0481],[-174.0521,66.6208,0.2244],[-174.0708,66.6188,1.4012],[-174.0786,66.6162,0.1207],[-174.0771,66.6146,-0.5],[-174.0667,66.6146,-0.5],[-174.0542,66.6188,0.2504],[-174.0521,66.6167,0.8282],[-174.0526,66.6151,3.9155],[-174.0599,66.6141,-0.5],[-174.062,66.6088,-0.5],[-174.0583,66.6062,-0.5],[-174.0609,66.6005,13.0063],[-174.063,66.5984,20.4679],[-174.0682,66.5974,-0.5],[-174.0651,66.5943,26.6358],[-174.0703,66.5932,13.3545],[-174.0713,66.5901,31.4431],[-174.0792,66.5875,20.8809],[-174.0875,66.5875,3.8544],[-174.0953,66.5849,0.5066],[-174.0984,66.5818,7.4049],[-174.1078,66.5807,-0.5],[-174.1047,66.5787,7.5063],[-174.1062,66.5771,8.0418],[-174.1125,66.5792,1.3775],[-174.1167,66.5771,5.647],[-174.1354,66.5771,1.7748],[-174.1396,66.5729,6.5443],[-174.1521,66.5729,0.5],[-174.1583,66.5708,6.5137],[-174.1682,66.5734,0.5],[-174.163,66.5766,0.5],[-174.1724,66.5776,3.1818],[-174.1849,66.5839,1.8058],[-174.1839,66.587,-0.5],[-174.1932,66.588,9.3788],[-174.188,66.5901,-0.5],[-174.1859,66.5932,12.293],[-174.1938,66.5958,0.0],[-174.1953,66.5953,0.0],[-174.2005,66.5839,21.4362],[-174.212,66.5807,0.0],[-174.2172,66.5755,11.2919],[-174.225,66.575,3.3223],[-174.2266,66.5734,0.0],[-174.2208,66.5729,0.0],[-174.2151,66.5703,4.3893],[-174.2141,66.5672,0.0],[-174.2099,66.5651,0.0],[-174.2026,66.5641,15.5794],[-174.2078,66.562,1.6619],[-174.2083,66.5604,2.4732],[-174.2078,66.5589,0.0],[-174.2021,66.5563,10.3847],[-174.1958,66.5563,13.3495],[-174.1917,66.5583,11.1237],[-174.1854,66.5583,0.0],[-174.1792,66.5604,2.5708],[-174.175,66.5583,0.0],[-174.1646,66.5583,3.4803],[-174.1589,66.5557,7.6954],[-174.1609,66.5505,16.6555],[-174.1662,66.5495,10.7832],[-174.1682,66.5474,12.3303],[-174.1724,66.5391,18.5074],[-174.1667,66.5333,5.7765],[-174.1589,66.5359,0.0],[-174.1536,66.5453,0.0],[-174.1422,66.5484,0.0],[-174.1391,66.5516,0.6416],[-174.1338,66.5526,-0.5],[-174.1307,66.5578,-0.5],[-174.1062,66.5583,1.5143],[-174.1047,66.5568,-0.5],[-174.1078,66.5526,-0.5],[-174.1047,66.5516,2.3599],[-174.1057,66.5463,0.0],[-174.0984,66.5411,15.0502],[-174.0995,66.538,0.0],[-174.0813,66.5375,2.3894],[-174.0713,66.5349,0.1471],[-174.0688,66.5313,1.1985],[-173.9958,66.5313,1.5119],[-173.9833,66.5271,0.0],[-173.9714,66.5266,6.8973],[-173.9703,66.5234,0.0],[-173.9604,66.5188,3.4852],[-173.9187,66.5188,0.0],[-173.9146,66.5208,4.5357],[-173.9021,66.5208,9.7492],[-173.8792,66.5146,0.0],[-173.8729,66.5146,0.0],[-173.8687,66.5167,20.4371],[-173.8542,66.5125,0.0],[-173.8333,66.5125,3.8358],[-173.8318,66.5109,8.8853],[-173.837,66.5089,0.0],[-173.8313,66.5083,0.0],[-173.8255,66.5057,29.0042],[-173.8245,66.5026,23.6139],[-173.8213,66.5016,22.8409],[-173.8224,66.4964,1.9058],[-173.812,66.4901,6.9894],[-173.7833,66.4896,6.6878],[-173.7776,66.487,0.0],[-173.7812,66.4833,0.115],[-173.8016,66.4807,0.5053],[-173.8042,66.475,1.3817],[-173.8016,66.4693,0.0],[-173.7896,66.4708,2.4895],[-173.7854,66.4688,0.0],[-173.7688,66.4688,0.5522],[-173.7563,66.4646,0.0],[-173.7458,66.4646,18.2817],[-173.7417,66.4604,0.0],[-173.7172,66.4557,5.5589],[-173.7088,66.4516,3.9163],[-173.7088,66.4484,4.1935],[-173.712,66.4443,0.0],[-173.7042,66.4437,6.2127],[-173.6974,66.4401,0.0],[-173.6901,66.4391,9.2282],[-173.6911,66.4318,0.0],[-173.6859,66.4287,14.8738],[-173.6911,66.4266,0.0],[-173.6963,66.4172,13.8802],[-173.7016,66.4161,4.261],[-173.7109,66.4005,2.1695],[-173.7161,66.3995,0.7883],[-173.7125,66.3958,1.3226],[-173.7141,66.3922,1.4052],[-173.7109,66.3912,1.1867],[-173.712,66.3859,1.1593],[-173.7047,66.3828,1.4536],[-173.7068,66.3797,1.1279],[-173.712,66.3776,0.0],[-173.7047,66.3745,0.9183],[-173.7042,66.3729,0.617],[-173.7088,66.3651,2.0804],[-173.7109,66.363,1.5604],[-173.7161,66.362,0.0],[-173.7172,66.3588,1.7785],[-173.7391,66.3557,0.119],[-173.7375,66.3542,0.0],[-173.7318,66.3536,0.8606],[-173.7276,66.3505,0.8171],[-173.7458,66.3521,0.2925],[-173.7474,66.3505,0.0],[-173.7443,66.3484,1.1621],[-173.7521,66.3458,0.995],[-173.7557,66.3464,0.6291],[-173.7547,66.3495,0.0],[-173.7583,66.35,0.0],[-173.7854,66.3417,1.4453],[-173.7979,66.3417,0.0],[-173.8021,66.3396,0.9789],[-173.8104,66.3396,0.0],[-173.8208,66.3354,0.6184],[-173.8271,66.3375,0.0],[-173.8313,66.3354,2.1835],[-173.8542,66.3417,0.0],[-173.8604,66.3396,26.4621],[-173.8646,66.3417,27.1796],[-173.8708,66.3417,19.469],[-173.8745,66.3391,26.547],[-173.8755,66.3359,32.7629],[-173.8854,66.3354,12.9636],[-173.8932,66.3328,9.4983],[-173.8932,66.3297,2.8431],[-173.8807,66.3234,0.3296],[-173.8734,66.3224,1.46],[-173.8745,66.3193,0.0576],[-173.8687,66.3167,0.2197],[-173.8625,66.3187,0.3982],[-173.8354,66.3187,0.339],[-173.8271,66.3146,0.5897],[-173.8167,66.3146,1.3938],[-173.8068,66.312,0.9561],[-173.8026,66.3099,0.9343],[-173.8036,66.3068,-0.0728],[-173.7958,66.3063,1.4272],[-173.7943,66.3047,11.0411],[-173.8021,66.3021,4.5817],[-173.812,66.3016,-0.346],[-173.813,66.2984,4.172],[-173.8245,66.2953,3.0906],[-173.8276,66.2922,0.8625],[-173.8354,66.2896,0.7967],[-173.8479,66.2896,0.6871],[-173.8521,66.2875,0.6794],[-173.8646,66.2875,0.1763],[-173.8792,66.2833,0.4603],[-173.8875,66.2833,0.3625],[-173.9047,66.2755,0.2463],[-173.9141,66.2745,0.3788],[-173.9193,66.2672,-0.2018],[-173.9245,66.2662,-0.2224],[-173.9214,66.263,1.0147],[-173.9266,66.262,1.3103],[-173.9276,66.2589,3.308],[-173.9349,66.2578,3.6181],[-173.938,66.2505,3.0956],[-173.9432,66.2495,0.5144],[-173.9453,66.2474,0.0953],[-173.9422,66.2443,2.9583],[-173.9687,66.2354,3.5515],[-173.9766,66.2349,-0.7658],[-173.9787,66.2318,-0.3707],[-173.9755,66.2307,-0.1352],[-173.9766,66.2276,-0.3129],[-173.9734,66.2255,-0.0161],[-173.9849,66.2224,0.3419],[-173.987,66.2151,-0.3463],[-173.9812,66.2125,-0.6826],[-173.9729,66.2125,-0.0137],[-173.9687,66.2104,-0.4272],[-173.9526,66.2078,-0.626],[-173.9578,66.2057,-0.6938],[-173.9583,66.2042,0.3208],[-173.9578,66.2026,0.2953],[-173.9505,66.1995,-0.9117],[-173.9521,66.1979,-0.1551],[-173.9583,66.1979,0.1756],[-173.9641,66.2005,0.2715],[-173.9651,66.2037,1.449],[-173.9682,66.2047,1.4357],[-173.9672,66.2078,-0.2872],[-173.9979,66.2125,1.5106],[-174.0036,66.2151,3.8149],[-174.0026,66.2182,-0.5873],[-174.0042,66.2188,0.1588],[-174.0266,66.2193,1.4348],[-174.0213,66.2214,1.0685],[-174.0203,66.2245,-0.4252],[-174.0167,66.225,1.0185],[-174.0125,66.2229,0.9774],[-174.0078,66.2266,0.2522],[-174.0026,66.2276,0.2213],[-173.9995,66.2307,0.1366],[-173.9917,66.2312,-0.2804],[-173.9839,66.2338,0.1482],[-173.987,66.2359,0.0127],[-173.9859,66.2391,-0.0233],[-173.9937,66.2396,1.0929],[-173.9979,66.2375,0.7022],[-174.0104,66.2375,0.7186],[-174.0146,66.2396,1.0846],[-174.0208,66.2396,0.3531],[-174.0224,66.2391,0.4411],[-174.0224,66.2359,-0.219],[-174.0151,66.2318,1.1228],[-174.0188,66.2292,-0.6953],[-174.025,66.2292,0.0765],[-174.0307,66.2318,0.9361],[-174.0276,66.2391,0.2541],[-174.0349,66.2422,1.0715],[-174.038,66.2495,0.9675],[-174.0604,66.25,0.0116],[-174.0667,66.2458,1.5453],[-174.0724,66.2484,1.2281],[-174.0729,66.25,1.1027],[-174.0708,66.2521,0.4211],[-174.0583,66.2521,0.4752],[-174.0542,66.2542,5.8444],[-174.0458,66.2542,0.9858],[-174.0432,66.2578,1.1841],[-174.0297,66.263,-0.1508],[-174.0234,66.2745,0.6335],[-174.0307,66.2797,10.4824],[-174.0292,66.2833,0.3484],[-174.0328,66.287,7.6062],[-174.0276,66.288,-0.0133],[-174.0292,66.2917,3.9124],[-174.0193,66.3109,7.6425],[-174.0224,66.313,13.5476],[-174.0203,66.3161,11.5813],[-174.0151,66.3172,0.1595],[-174.0141,66.3203,0.2225],[-174.0063,66.3229,1.2793],[-173.9979,66.3229,-0.0301],[-173.9714,66.3318,0.0],[-173.9703,66.3349,0.0],[-173.9651,66.3359,0.0],[-173.9583,66.3417,5.8772],[-173.9521,66.3396,0.0],[-173.9479,66.3417,3.276],[-173.9354,66.3417,1.4995],[-173.9333,66.3438,0.0],[-173.937,66.3464,5.9523],[-173.9339,66.3536,6.9135],[-173.937,66.3557,10.7468],[-173.9318,66.3568,0.0],[-173.9354,66.3604,14.558],[-173.9318,66.3651,19.6319],[-173.9318,66.3682,2.5823],[-173.9417,66.3729,4.1823],[-173.9474,66.3734,16.1848],[-173.9484,66.3766,6.8489],[-173.9557,66.3797,4.179],[-173.9547,66.3828,0.0],[-173.9787,66.3922,19.8693],[-173.9755,66.4016,0.0],[-173.9828,66.4047,8.7244],[-173.9818,66.4099,0.0],[-173.9849,66.4109,18.8164],[-173.9839,66.4161,10.4092],[-173.987,66.4172,11.4512],[-173.9849,66.4203,9.1103],[-173.9672,66.4255,1.1593],[-173.9672,66.4287,0.0],[-173.9745,66.4297,4.8841],[-173.9734,66.4328,0.0],[-173.9766,66.4349,0.0],[-173.9714,66.4359,0.0],[-173.9693,66.4401,0.0],[-173.9724,66.4432,0.7354],[-173.9609,66.4474,1.0918],[-173.9641,66.4484,1.6676],[-173.9651,66.4516,0.0],[-173.9797,66.4599,11.0146],[-173.9958,66.4625,18.7148],[-174.0042,66.4667,2.257],[-174.0104,66.4667,6.5622],[-174.0146,66.4688,0.0],[-174.0208,66.4667,16.1628],[-174.0224,66.4672,11.9257],[-174.0213,66.4703,0.0],[-174.0229,66.4708,0.0],[-174.0292,66.4688,9.3916],[-174.0521,66.4688,0.0],[-174.0562,66.4667,6.2019],[-174.0688,66.4667,2.1975],[-174.0729,66.4646,3.4968],[-174.0854,66.4646,2.1836],[-174.0896,66.4625,6.339],[-174.0958,66.4625,7.1904],[-174.1,66.4646,0.0],[-174.1104,66.4604,12.7319],[-174.1167,66.4625,0.0],[-174.1292,66.4583,6.9634],[-174.1583,66.4563,2.1479],[-174.1625,66.4542,3.429],[-174.1667,66.4563,0.0],[-174.1771,66.4563,0.0],[-174.1812,66.4583,7.9362],[-174.1958,66.4604,25.2885],[-174.2005,66.4661,2.654],[-174.2057,66.4661,17.7631],[-174.2078,66.463,0.0],[-174.2005,66.4578,19.4302],[-174.2016,66.4547,0.0],[-174.1974,66.4526,0.0],[-174.1792,66.4521,5.8708],[-174.1729,66.4542,2.6868],[-174.163,66.4516,1.6601],[-174.1641,66.4443,10.967],[-174.1484,66.437,9.2952],[-174.1495,66.4339,0.0],[-174.1463,66.4328,6.0776],[-174.1474,66.4297,0.0],[-174.1443,66.4287,4.1723],[-174.1443,66.4255,0.0],[-174.1484,66.4172,8.0198],[-174.1521,66.4146,5.6172],[-174.1583,66.4146,1.7272],[-174.1662,66.412,0.0],[-174.163,66.4089,5.6335],[-174.1651,66.4047,5.3414],[-174.1687,66.4021,5.5185],[-174.1875,66.4,0.0],[-174.1938,66.3958,3.2513],[-174.2063,66.3958,4.7409],[-174.2208,66.3917,4.3155],[-174.2271,66.3938,0.0],[-174.2312,66.3917,4.4187],[-174.2396,66.3917,4.0605],[-174.2474,66.3891,8.2716],[-174.2505,66.3839,13.362],[-174.2557,66.3828,0.0],[-174.2588,66.3776,4.8266],[-174.2641,66.3766,6.0552],[-174.2604,66.3729,8.1038],[-174.263,66.3693,7.5541],[-174.2708,66.3667,6.8554],[-174.2807,66.3662,0.0],[-174.2833,66.3625,2.7903],[-174.2932,66.362,0.0],[-174.2901,66.3588,1.3869],[-174.3016,66.3557,0.0],[-174.3047,66.3505,1.5228],[-174.3099,66.3484,0.0],[-174.3026,66.3432,8.5404],[-174.3042,66.3396,3.517],[-174.3005,66.3359,0.0],[-174.3036,66.3318,0.0],[-174.3,66.3292,7.648],[-174.3016,66.3234,0.0],[-174.2901,66.3193,20.1498],[-174.2953,66.3182,9.7197],[-174.2922,66.3151,20.9567],[-174.2974,66.3141,16.9651],[-174.3005,66.3068,0.0],[-174.3057,66.3057,0.0],[-174.313,66.2963,0.8959],[-174.3208,66.2958,0.8316],[-174.325,66.2979,0.0],[-174.3391,66.2932,1.0303],[-174.3349,66.2901,0.7792],[-174.3276,66.2891,1.2401],[-174.3234,66.2859,0.6002],[-174.35,66.2875,0.6249],[-174.3542,66.2896,0.0],[-174.3604,66.2896,0.0],[-174.3667,66.2875,0.0],[-174.3766,66.2901,0.0],[-174.3714,66.2932,0.0],[-174.3786,66.2943,0.0],[-174.3854,66.2979,0.0],[-174.3917,66.2979,0.0],[-174.3932,66.2963,0.0],[-174.3875,66.2937,0.0],[-174.3818,66.2932,0.0],[-174.3828,66.2901,0.0],[-174.3797,66.288,0.0],[-174.3938,66.2833,0.7679],[-174.4104,66.2854,0.0],[-174.4146,66.2833,0.7732],[-174.4167,66.2854,0.7984],[-174.413,66.2911,0.0],[-174.4214,66.2953,0.0],[-174.4333,66.2958,0.0],[-174.4479,66.3,1.107],[-174.4521,66.2979,0.9571],[-174.4557,66.2984,0.0],[-174.4484,66.3141,0.7236],[-174.4516,66.3151,0.8652],[-174.4505,66.3182,0.0],[-174.462,66.3234,2.8859],[-174.4568,66.3266,0.0],[-174.4625,66.3292,9.8451],[-174.4703,66.3297,6.7167],[-174.462,66.3349,3.0316],[-174.4542,66.3375,0.0],[-174.4375,66.3375,0.57],[-174.4333,66.3396,0.7015],[-174.425,66.3396,0.7003],[-174.4208,66.3417,0.5087],[-174.4083,66.3417,0.6806],[-174.4057,66.3453,0.046],[-174.3958,66.3458,0.5689],[-174.3938,66.3479,0.0],[-174.3943,66.3495,0.0],[-174.4016,66.3505,0.7978],[-174.4026,66.3536,1.326],[-174.4083,66.3562,1.7801],[-174.4266,66.3547,2.3255],[-174.4339,66.3599,0.0],[-174.4432,66.3609,2.5159],[-174.4422,66.3641,0.0],[-174.4516,66.3651,3.5669],[-174.4505,66.3682,0.0],[-174.4547,66.3703,1.0366],[-174.4667,66.3708,1.0585],[-174.4724,66.3734,0.8377],[-174.4729,66.375,0.8364],[-174.4724,66.3766,1.0317],[-174.4672,66.3776,1.9123],[-174.4703,66.3807,4.5266],[-174.4651,66.3828,0.0],[-174.4724,66.3859,4.581],[-174.4714,66.3891,0.0],[-174.4745,66.3901,0.0],[-174.4766,66.3943,9.2374],[-174.4714,66.3964,0.0],[-174.4745,66.3995,0.0],[-174.4693,66.4005,0.0],[-174.4687,66.4021,0.0],[-174.4724,66.4047,0.0],[-174.4708,66.4083,0.0],[-174.4745,66.4109,0.0],[-174.4729,66.4146,0.0],[-174.4766,66.4182,0.8258],[-174.4651,66.4193,0.0],[-174.4651,66.4224,0.415],[-174.4682,66.4234,0.2892],[-174.4672,66.4287,0.0],[-174.4703,66.4307,2.7163],[-174.4651,66.4318,0.0],[-174.463,66.4349,0.0],[-174.4661,66.437,1.3668],[-174.4641,66.4391,0.0],[-174.4588,66.4401,0.0],[-174.462,66.4422,0.0],[-174.463,66.4453,0.7498],[-174.4661,66.4464,2.827],[-174.463,66.4537,0.0],[-174.4708,66.4542,5.4564],[-174.4724,66.4557,5.5586],[-174.4672,66.4568,2.409],[-174.462,66.4641,3.7564],[-174.4542,66.4667,9.4146],[-174.4464,66.4672,7.9467],[-174.4479,66.4688,3.3445],[-174.4536,66.4693,10.3946],[-174.4521,66.4708,0.179],[-174.4458,66.4708,0.062],[-174.4417,66.4729,0.6726],[-174.4229,66.4729,0.0],[-174.4187,66.475,0.3481],[-174.4125,66.475,0.9976],[-174.4083,66.4729,0.0],[-174.4047,66.4755,1.7311],[-174.4062,66.4771,1.2294],[-174.4125,66.4771,1.3608],[-174.4182,66.4797,0.9453],[-174.4172,66.4828,0.0],[-174.4203,66.4838,0.0],[-174.4193,66.487,0.0],[-174.4266,66.4922,0.0],[-174.4255,66.4953,0.0],[-174.4312,66.4979,0.0],[-174.4391,66.4984,5.5289],[-174.438,66.5036,0.6762],[-174.4453,66.5068,1.3877],[-174.4422,66.5141,0.5183],[-174.4453,66.5162,0.4055],[-174.4401,66.5172,1.6837],[-174.438,66.5214,0.0],[-174.4417,66.525,7.0401],[-174.4401,66.5286,10.2613],[-174.4583,66.5375,0.0],[-174.4687,66.5375,9.0491],[-174.4729,66.5396,8.1525],[-174.4833,66.5396,11.4507],[-174.4875,66.5417,6.911],[-174.5125,66.5437,17.7341],[-174.5271,66.5479,7.9184],[-174.5375,66.5479,39.8801],[-174.5484,66.5537,15.1312],[-174.5557,66.5547,19.9243],[-174.5651,66.5599,0.0],[-174.5745,66.5609,27.5899],[-174.5922,66.5703,13.2208],[-174.5995,66.5714,26.4187],[-174.6062,66.575,0.0],[-174.6167,66.575,24.8283],[-174.6313,66.5792,4.2352],[-174.6562,66.5813,20.9411],[-174.6672,66.587,0.0],[-174.6745,66.588,5.3096],[-174.6734,66.5932,0.0],[-174.6812,66.5938,8.0307],[-174.6854,66.5958,7.2923],[-174.6958,66.5958,15.8354],[-174.7,66.5979,10.0006],[-174.7208,66.5979,7.5544],[-174.7271,66.6,2.8282],[-174.7297,66.5964,1.8889],[-174.7349,66.5953,0.0],[-174.7396,66.5917,2.7627],[-174.7563,66.5917,0.0],[-174.7667,66.5875,0.0],[-174.7729,66.5896,0.0],[-174.7771,66.5875,0.0],[-174.7896,66.5875,0.3178],[-174.7937,66.5896,0.1829],[-174.8083,66.5896,0.0],[-174.8125,66.5917,0.0],[-174.8188,66.5896,0.0568],[-174.8354,66.5917,-0.092],[-174.8396,66.5896,-0.1955],[-174.8792,66.5896,0.4656],[-174.8833,66.5875,0.5842],[-174.8875,66.5896,-0.1185],[-174.8938,66.5896,0.0658],[-174.9016,66.587,0.1235],[-174.9047,66.5839,0.3682],[-174.9125,66.5813,-0.2126],[-174.9187,66.5813,0.2669],[-174.9245,66.5849,-0.2588],[-174.9208,66.5875,0.2571],[-174.9146,66.5854,0.2274],[-174.9068,66.588,0.0596],[-174.9057,66.5911,2.4626],[-174.8943,66.5922,-0.0939],[-174.8911,66.5995,0.1902],[-174.8797,66.6026,-0.0678],[-174.875,66.6062,0.4003],[-174.8651,66.6068,0.7875],[-174.8625,66.6125,0.1775],[-174.8661,66.6162,1.6379],[-174.8609,66.6182,0.0],[-174.8641,66.6193,6.1229],[-174.8651,66.6224,0.0],[-174.8708,66.6229,14.0472],[-174.8807,66.6276,2.5999],[-174.8818,66.6307,0.0],[-174.8849,66.6318,7.1354],[-174.8838,66.6349,0.0],[-174.8958,66.6354,15.8106],[-174.9068,66.6412,0.0],[-174.9146,66.6417,2.0992],[-174.9229,66.6458,0.0],[-174.9349,66.6443,2.9354],[-174.9339,66.6495,0.2022],[-174.937,66.6505,0.1699],[-174.938,66.6536,0.7883],[-174.9479,66.6583,0.0],[-174.9599,66.6589,0.805],[-174.9609,66.662,0.6919],[-174.9667,66.6646,0.0],[-174.9812,66.6667,0.294],[-174.9979,66.6604,0.2522],[-175.0016,66.6609,0.2604],[-174.9995,66.6641,0.0122],[-174.9729,66.6729,0.3583],[-174.9687,66.6708,0.4028],[-174.9521,66.6708,0.9443],[-174.9479,66.6687,0.0],[-174.9354,66.6687,0.3668],[-174.9312,66.6729,0.132],[-174.9172,66.6734,0.2462],[-174.9151,66.6766,0.3878],[-174.9193,66.6787,0.2055],[-174.9375,66.6813,0.0529],[-174.9391,66.6828,0.1941],[-174.9292,66.6833,0.366],[-174.925,66.6813,0.2113],[-174.9208,66.6833,0.0],[-174.9109,66.6839,0.0],[-174.9141,66.6859,0.0],[-174.913,66.6911,0.0],[-174.9162,66.6932,14.6033],[-174.9068,66.6943,0.0],[-174.9036,66.6974,0.0],[-174.8984,66.6984,0.0],[-174.8974,66.7016,13.642],[-174.8896,66.7042,1.7941],[-174.8708,66.7063,7.3042],[-174.8667,66.7042,0.0],[-174.8604,66.7042,0.0],[-174.8562,66.7063,22.7856],[-174.8484,66.7068,0.0],[-174.8411,66.7182,0.0],[-174.8359,66.7193,0.0],[-174.8328,66.7245,0.0],[-174.8276,66.7255,0.0],[-174.8245,66.7307,0.0],[-174.8193,66.7318,0.0],[-174.8182,66.7349,3.5737],[-174.813,66.7359,0.0],[-174.8083,66.7417,0.0646],[-174.8,66.7417,0.0],[-174.7958,66.7438,2.5123],[-174.7771,66.7438,0.0],[-174.7724,66.7495,0.0],[-174.7672,66.7505,0.0],[-174.7646,66.7542,1.3299],[-174.7333,66.7521,0.2322],[-174.7292,66.75,0.0],[-174.7167,66.75,1.9705],[-174.7125,66.7479,1.4109],[-174.7047,66.7484,0.0],[-174.7078,66.7516,1.1176],[-174.7026,66.7526,0.0],[-174.7042,66.7542,0.7982],[-174.7167,66.7542,1.4749],[-174.7208,66.7521,3.3112],[-174.7271,66.7521,2.3014],[-174.737,66.7568,0.1017],[-174.737,66.7599,0.4407],[-174.7271,66.7604,0.124],[-174.7229,66.7625,2.1052],[-174.7187,66.7604,-0.0976],[-174.7047,66.7609,0.9738],[-174.7021,66.7646,1.0261],[-174.7057,66.7682,2.9343],[-174.7005,66.7703,0.0],[-174.7036,66.7714,1.4133],[-174.7021,66.775,0.0],[-174.7057,66.7776,1.5985],[-174.7047,66.7807,0.0],[-174.7099,66.7818,7.0914],[-174.7088,66.7849,0.0],[-174.712,66.7859,15.4957],[-174.7109,66.7911,0.0],[-174.7146,66.7937,15.039],[-174.713,66.7995,0.0],[-174.7203,66.8026,21.7271],[-174.7151,66.8047,0.0],[-174.7182,66.8078,10.6462],[-174.713,66.8089,0.0],[-174.7109,66.812,0.0],[-174.7182,66.8172,24.753],[-174.7172,66.8224,0.0],[-174.7203,66.8234,12.345],[-174.7193,66.8266,0.0],[-174.7266,66.8318,30.4514],[-174.7255,66.8349,0.0],[-174.7328,66.8401,21.1907],[-174.7276,66.8432,0.0],[-174.7307,66.8443,7.3168],[-174.7297,66.8474,0.0],[-174.7328,66.8484,15.351],[-174.7339,66.8516,7.3504],[-174.7375,66.8542,29.3118],[-174.7339,66.8609,9.9541],[-174.7375,66.8646,34.9396],[-174.7339,66.8724,0.0],[-174.7495,66.8797,16.8562],[-174.7505,66.8828,0.0],[-174.7578,66.8839,13.6196],[-174.7588,66.887,12.0167],[-174.762,66.8891,11.9727],[-174.7568,66.8912,0.0],[-174.7599,66.8922,0.0],[-174.7588,66.8953,0.0],[-174.7641,66.8964,0.0],[-174.763,66.9015,0.0],[-174.7661,66.9026,9.0681],[-174.7641,66.9057,5.1254],[-174.7526,66.9089,0.0],[-174.7479,66.9125,2.1495],[-174.7354,66.9125,0.0],[-174.725,66.9167,1.5257],[-174.7125,66.9167,0.9854],[-174.7109,66.9182,0.0],[-174.7229,66.9187,1.8294],[-174.7312,66.9229,0.0],[-174.7437,66.9187,1.5841],[-174.7578,66.9193,3.4222],[-174.7547,66.9266,1.7785],[-174.7646,66.9313,0.0],[-174.7724,66.9318,7.6136],[-174.7713,66.9349,0.0],[-174.7729,66.9354,0.0],[-174.787,66.9359,10.6416],[-174.7854,66.9396,0.0],[-174.7891,66.9422,4.6409],[-174.788,66.9453,1.166],[-174.8089,66.9557,0.7463],[-174.8182,66.9568,4.9883],[-174.8193,66.9599,0.0],[-174.825,66.9604,6.8198],[-174.8307,66.963,5.5678],[-174.8318,66.9661,4.1566],[-174.8349,66.9682,5.862],[-174.8297,66.9693,0.0],[-174.8276,66.9724,2.5933],[-174.8458,66.975,8.1165],[-174.8599,66.9818,10.7787],[-174.8589,66.987,0.7465],[-174.8661,66.9901,10.9137],[-174.8651,66.9932,0.0],[-174.8682,66.9943,4.8338],[-174.8693,66.9974,0.0],[-174.8729,67.0,11.1985],[-174.8682,67.0099,4.1318],[-174.863,67.0109,0.0],[-174.8609,67.0141,0.0],[-174.8708,67.0188,-0.1307],[-174.8786,67.0193,11.4368],[-174.8776,67.0245,0.0],[-174.8875,67.0292,0.0],[-174.8995,67.0297,13.2317],[-174.9005,67.0328,0.0],[-174.9036,67.0339,8.4355],[-174.9021,67.0375,0.724],[-174.9057,67.0411,6.6665],[-174.9036,67.0453,2.987],[-174.8984,67.0463,0.5261],[-174.8958,67.05,0.5544],[-174.8995,67.0526,6.4867],[-174.8984,67.0578,0.0],[-174.9021,67.0604,0.0],[-174.9016,67.062,3.4714],[-174.8963,67.0641,0.0],[-174.8995,67.0651,5.5647],[-174.8984,67.0682,0.0],[-174.9062,67.0687,1.7196],[-174.912,67.0714,5.1106],[-174.9068,67.0745,0.0],[-174.9141,67.0776,17.1259],[-174.9146,67.0792,17.8224],[-174.9068,67.0943,3.9292],[-174.9099,67.0964,12.9186],[-174.9099,67.0995,12.1176],[-174.9078,67.1016,14.0202],[-174.9026,67.1026,0.0],[-174.8995,67.1099,0.8332],[-174.8943,67.1109,0.707],[-174.8974,67.1141,1.6962],[-174.8922,67.1151,0.0],[-174.8901,67.1172,0.0],[-174.8932,67.1193,0.0],[-174.8932,67.1224,5.7686],[-174.8911,67.1245,4.9933],[-174.8859,67.1255,0.0],[-174.8838,67.1297,0.0],[-174.888,67.1328,0.0],[-174.8932,67.1339,9.8890999999999991],[-174.8891,67.1432,7.9627],[-174.8838,67.1443,0.0],[-174.887,67.1464,4.2114],[-174.8859,67.1495,0.0],[-174.8891,67.1516,7.51],[-174.8838,67.1536,0.0],[-174.887,67.1547,4.9313],[-174.888,67.1578,4.2879],[-174.8911,67.1599,6.3252],[-174.887,67.1682,6.6427],[-174.8818,67.1693,0.0],[-174.8797,67.1724,0.0],[-174.8891,67.1734,2.078],[-174.8875,67.1792,4.2261],[-174.8911,67.1828,8.3516],[-174.8849,67.1953,4.6858],[-174.8797,67.1964,0.0],[-174.8771,67.2,0.0],[-174.8792,67.2021,0.0],[-174.887,67.2026,4.4487],[-174.8854,67.2063,0.0],[-174.8891,67.2099,7.1426],[-174.887,67.2141,6.5029],[-174.8818,67.2161,0.0],[-174.8849,67.2172,6.3302],[-174.8838,67.2203,0.0],[-174.8875,67.2229,6.6146],[-174.8849,67.2286,0.0],[-174.8734,67.2318,0.0],[-174.8714,67.2338,5.7527],[-174.8714,67.237,0.999],[-174.8786,67.2401,8.7106],[-174.8786,67.2432,9.0143],[-174.8734,67.2443,0.0],[-174.8703,67.2474,0.0],[-174.8651,67.2484,0.0],[-174.8641,67.2516,5.2492],[-174.8568,67.2526,0.0],[-174.8562,67.2542,1.8949],[-174.8568,67.2557,0.4113],[-174.8641,67.2589,0.0],[-174.863,67.2641,0.0],[-174.8703,67.2693,6.9733],[-174.8703,67.2724,6.8651],[-174.863,67.2734,0.0],[-174.8599,67.2786,0.0],[-174.8521,67.2813,5.2818],[-174.8443,67.2818,0.9443],[-174.8474,67.2839,3.2535],[-174.8453,67.2891,0.0],[-174.8432,67.2911,0.0],[-174.838,67.2922,0.0],[-174.837,67.2953,0.0],[-174.8318,67.2963,0.0],[-174.8271,67.3,5.5658],[-174.8208,67.3,1.0785],[-174.8104,67.3042,0.0],[-174.7958,67.3042,0.0],[-174.7917,67.3063,4.0828],[-174.7521,67.3083,1.4355],[-174.7484,67.312,0.0],[-174.7578,67.313,3.2372],[-174.7568,67.3161,2.5726],[-174.7641,67.3214,3.4723],[-174.763,67.3266,0.0],[-174.7766,67.3318,3.7982],[-174.7755,67.3349,3.1152],[-174.7792,67.3375,1.4862],[-174.7776,67.3411,0.0],[-174.787,67.3422,3.2372],[-174.7818,67.3443,0.0],[-174.7859,67.3474,2.5364],[-174.8,67.3479,1.114],[-174.8042,67.3458,1.7269],[-174.8083,67.3479,1.8147],[-174.8208,67.3479,4.1275],[-174.8307,67.3526,3.7249],[-174.8297,67.3578,0.3126],[-174.8537,67.3588,0.54],[-174.8422,67.363,0.5795],[-174.8417,67.3646,2.3],[-174.8453,67.3672,3.2113],[-174.8443,67.3724,0.7792],[-174.8516,67.3755,1.6619],[-174.8526,67.3786,2.9551],[-174.8568,67.3807,2.9758],[-174.8708,67.3771,3.7488],[-174.875,67.3792,1.9045],[-174.8813,67.3771,3.535],[-174.8875,67.3792,0.259],[-174.8917,67.3771,2.7354],[-174.9016,67.3766,0.3225],[-174.9042,67.3729,3.8731],[-174.912,67.3734,0.1361],[-174.9109,67.3786,2.6298],[-174.9245,67.3839,3.4475],[-174.9214,67.3932,0.8781],[-174.9307,67.3943,5.9581],[-174.9292,67.3958,4.9888],[-174.9234,67.3964,0.1517],[-174.9234,67.3995,-0.0858],[-174.9266,67.4016,7.5207],[-174.9214,67.4026,-0.0088],[-174.9162,67.4141,0.3764],[-174.9141,67.4161,0.8998],[-174.9089,67.4172,0.3012],[-174.9104,67.4187,0.1162],[-174.9182,67.4193,1.474],[-174.9151,67.4266,0.0],[-174.9292,67.4271,4.0988],[-174.9375,67.4313,1.9948],[-174.9438,67.4313,1.8084],[-174.9521,67.4354,0.0],[-174.9599,67.4359,2.4731],[-174.9588,67.4391,1.9259],[-174.9625,67.4396,2.3063],[-174.9641,67.4391,0.4846],[-174.9667,67.4333,7.9723],[-174.9625,67.4292,2.2524],[-174.9651,67.4234,9.108],[-174.9672,67.4213,8.4876],[-174.9724,67.4203,2.662],[-174.9687,67.4167,10.3416],[-174.9714,67.4109,22.4387],[-174.9849,67.4057,5.3309],[-174.9859,67.4026,6.256],[-174.9911,67.4016,13.8375],[-174.9943,67.3984,21.1295],[-175.0057,67.3953,15.103],[-175.0026,67.3922,20.1095],[-175.0141,67.3912,1.4354],[-175.0141,67.388,2.6859],[-175.0109,67.387,15.8752],[-175.0109,67.3839,15.0398],[-175.0161,67.3828,12.8049],[-175.0193,67.3776,8.6254],[-175.0245,67.3766,2.3932],[-175.0276,67.3714,0.6929],[-175.0412,67.3662,0.6401],[-175.0464,67.3568,5.2864],[-175.0542,67.3542,1.6938],[-175.0625,67.3542,0.0],[-175.0651,67.3505,8.2341],[-175.075,67.35,2.4258],[-175.0792,67.3479,14.0354],[-175.0917,67.3479,1.2556],[-175.0958,67.3458,0.4996],[-175.1042,67.3458,0.0],[-175.1083,67.3438,0.4217],[-175.125,67.3438,0.0],[-175.1292,67.3417,0.6342],[-175.1375,67.3417,0.0],[-175.1417,67.3396,1.6758],[-175.15,67.3396,0.0],[-175.1516,67.338,1.6304],[-175.1422,67.3339,0.7815],[-175.1536,67.3328,-0.0284],[-175.1583,67.3271,0.2683],[-175.1828,67.3276,-0.2896],[-175.1828,67.3307,-0.1652],[-175.1807,67.3328,-0.229],[-175.1755,67.3339,-0.0834],[-175.1812,67.3375,1.2229],[-175.2,67.3354,2.0351],[-175.2016,67.3359,-0.0548],[-175.2005,67.3391,0.0],[-175.2021,67.3396,0.0],[-175.2083,67.3375,1.7428],[-175.2146,67.3375,7.1281],[-175.2187,67.3396,0.0],[-175.2396,67.3396,4.3188],[-175.2437,67.3417,0.0],[-175.2521,67.3417,0.0],[-175.2563,67.3396,16.7304],[-175.2625,67.3417,0.0],[-175.2641,67.3401,4.1513],[-175.2609,67.3391,6.5577],[-175.2599,67.3359,-0.5087],[-175.2568,67.3339,0.5726],[-175.2667,67.3333,-0.2847],[-175.2708,67.3313,-0.2254],[-175.275,67.3333,-0.2864],[-175.2875,67.3333,0.3725],[-175.2953,67.3307,0.1768],[-175.3,67.325,-0.3327],[-175.3167,67.3271,0.0],[-175.3229,67.3229,0.0],[-175.3391,67.3203,0.0],[-175.3338,67.3172,0.3737],[-175.3391,67.3161,1.8337],[-175.3359,67.313,0.2357],[-175.3411,67.3026,6.7588],[-175.3359,67.3016,14.131],[-175.337,67.2984,0.5156],[-175.3354,67.2979,-0.9229],[-175.3292,67.2979,-0.8971],[-175.325,67.3,5.7264],[-175.3214,67.2984,-0.0682],[-175.325,67.2958,1.0561],[-175.3328,67.2953,0.7701],[-175.3297,67.2932,1.4339],[-175.3313,67.2917,-0.3899],[-175.3453,67.2922,1.2071],[-175.3443,67.2953,-0.6877],[-175.3495,67.2963,-0.4813],[-175.3484,67.2995,-0.6556],[-175.3599,67.3047,5.9949],[-175.3604,67.3063,2.1623],[-175.3599,67.3078,0.0],[-175.3547,67.3089,0.2131],[-175.3495,67.3203,0.0],[-175.3474,67.3224,0.0],[-175.3333,67.3271,0.0],[-175.325,67.3271,0.0],[-175.3172,67.3297,0.0],[-175.3161,67.3328,0.0],[-175.3047,67.3359,0.0],[-175.3062,67.3375,0.0],[-175.3229,67.3375,0.0],[-175.3307,67.3349,0.0],[-175.3338,67.3318,0.0],[-175.3417,67.3313,0.0],[-175.3432,67.3328,0.0],[-175.338,67.3339,0.0],[-175.3411,67.337,4.7499],[-175.3297,67.338,0.0],[-175.3286,67.3411,0.0],[-175.3234,67.3422,0.0],[-175.3203,67.3453,0.0],[-175.3089,67.3484,0.0],[-175.3057,67.3536,0.0],[-175.3005,67.3547,0.0],[-175.2995,67.3578,0.0],[-175.2943,67.3588,0.0],[-175.2912,67.3641,14.0768],[-175.2776,67.3693,0.0],[-175.2766,67.3724,11.1823],[-175.2667,67.3729,0.0],[-175.2563,67.3771,5.5327],[-175.2484,67.3776,0.0],[-175.2443,67.3839,0.0],[-175.2479,67.3875,7.5022],[-175.2453,67.3932,4.7773],[-175.2401,67.3943,0.0],[-175.2354,67.4021,0.0],[-175.2359,67.4057,0.0],[-175.2391,67.4078,13.4288],[-175.2328,67.4182,0.0],[-175.2276,67.4193,0.0],[-175.2245,67.4266,2.4935],[-175.2167,67.4271,3.4036],[-175.2125,67.425,-0.0827],[-175.2063,67.425,0.0],[-175.2021,67.4271,-0.1819],[-175.1875,67.4271,0.0],[-175.1833,67.4292,2.5738],[-175.1771,67.4292,-0.1024],[-175.1734,67.4318,0.9349],[-175.1766,67.4339,5.2173],[-175.1776,67.437,22.565],[-175.1849,67.4401,0.0],[-175.1859,67.4432,4.5617],[-175.1891,67.4443,20.9676],[-175.188,67.4474,5.2245],[-175.1911,67.4484,15.9145],[-175.1922,67.4537,18.6151],[-175.1953,67.4547,25.7611],[-175.1932,67.4578,19.87],[-175.188,67.4589,0.0],[-175.1854,67.4646,0.0],[-175.1891,67.4672,6.222],[-175.1901,67.4703,0.0],[-175.1932,67.4714,9.7435],[-175.1922,67.4745,1.9312],[-175.1958,67.4771,4.3421],[-175.1943,67.4807,5.617],[-175.1995,67.4828,11.0153],[-175.1974,67.4849,8.6574],[-175.1922,67.4859,0.0],[-175.1859,67.4995,0.0],[-175.1938,67.5,5.794],[-175.2141,67.5089,6.1113],[-175.212,67.512,0.0],[-175.2068,67.5141,0.0],[-175.2146,67.5146,0.0],[-175.2167,67.5167,3.4079],[-175.2141,67.5224,0.0],[-175.2104,67.525,0.0],[-175.1922,67.5245,0.0],[-175.188,67.5214,0.0],[-175.1958,67.5208,0.0],[-175.1974,67.5193,0.0],[-175.188,67.5182,0.0],[-175.1891,67.5151,0.0],[-175.1875,67.5146,0.0],[-175.1812,67.5167,0.0],[-175.1687,67.5167,0.0],[-175.1646,67.5146,0.0],[-175.1609,67.5182,0.0],[-175.1662,67.5193,2.2485],[-175.1797,67.5266,0.0],[-175.1891,67.5276,0.0],[-175.1932,67.5297,0.0],[-175.1922,67.5328,0.0],[-175.1938,67.5333,0.0],[-175.2,67.5333,0.9523],[-175.2083,67.5375,1.0463],[-175.2146,67.5354,0.0],[-175.2224,67.5359,0.0],[-175.2224,67.5391,5.0454],[-175.2172,67.5401,0.0],[-175.2203,67.5422,3.2681],[-175.2193,67.5453,0.0],[-175.2328,67.5484,6.3572],[-175.2354,67.5521,0.0],[-175.2432,67.5526,10.8309],[-175.2422,67.5557,0.0],[-175.2453,67.5568,4.2767],[-175.2464,67.5599,0.0],[-175.2536,67.563,13.8327],[-175.2521,67.5646,12.1513],[-175.2443,67.5651,0.0],[-175.2422,67.5672,0.0],[-175.2396,67.5729,0.0],[-175.2432,67.5755,23.6221],[-175.2443,67.5787,0.0],[-175.25,67.5813,28.9826],[-175.262,67.5818,70.5375],[-175.2568,67.5839,0.0],[-175.2568,67.587,0.0],[-175.2703,67.588,24.6515],[-175.2713,67.5911,6.2919],[-175.2786,67.5943,16.3493],[-175.2776,67.5974,0.0],[-175.2912,67.6026,7.6487],[-175.2922,67.6057,0.0],[-175.2995,67.6088,24.7119],[-175.2979,67.6146,11.0054],[-175.3016,67.6172,29.2448],[-175.3005,67.6224,0.0],[-175.3099,67.6234,18.2341],[-175.3083,67.6271,0.0],[-175.312,67.6297,5.9545],[-175.3109,67.6349,0.0],[-175.3146,67.6375,11.1639],[-175.312,67.6412,0.0],[-175.3068,67.6422,0.0],[-175.3057,67.6453,6.9403],[-175.2979,67.6479,8.1407],[-175.2729,67.6479,0.0],[-175.2688,67.65,13.1933],[-175.2604,67.65,0.0],[-175.2588,67.6505,0.0],[-175.2568,67.6557,2.3134],[-175.2646,67.6563,72.9386],[-175.2766,67.6609,47.3335],[-175.2807,67.663,16.6415],[-175.2797,67.6661,47.692],[-175.2875,67.6687,69.844],[-175.3042,67.6687,57.0798],[-175.3083,67.6708,0.0],[-175.3125,67.6687,30.5854],[-175.3208,67.6687,22.4761],[-175.3396,67.675,13.4099],[-175.3453,67.6755,16.2113],[-175.3583,67.6813,0.0],[-175.3687,67.6813,18.6558],[-175.3833,67.6875,2.8394],[-175.3875,67.6875,19.2879],[-175.4125,67.6958,0.0],[-175.4167,67.6958,9.6508],[-175.4271,67.7,0.0],[-175.4312,67.7,2.321],[-175.4458,67.7063,0.0],[-175.4563,67.7063,1.3171],[-175.475,67.7125,2.0847],[-175.4917,67.7125,9.653],[-175.4958,67.7146,1.1049],[-175.5083,67.7146,2.2112],[-175.5141,67.7172,5.4054],[-175.5151,67.7203,4.0011],[-175.5182,67.7214,4.1956],[-175.513,67.7245,0.0],[-175.5354,67.7271,4.4702],[-175.5437,67.7312,3.6419],[-175.5474,67.7307,3.6791],[-175.5484,67.7276,4.5215],[-175.5521,67.725,5.0753],[-175.575,67.7229,5.4354],[-175.5776,67.7266,0.6014],[-175.5958,67.7292,2.6685],[-175.5974,67.7307,4.6116],[-175.5937,67.7333,0.6977],[-175.5875,67.7333,3.5823],[-175.5792,67.7292,0.7326],[-175.5729,67.7312,0.425],[-175.5646,67.7312,0.4237],[-175.5625,67.7333,0.3028],[-175.563,67.737,0.0],[-175.5854,67.7396,4.0243],[-175.587,67.7401,4.8638],[-175.5859,67.7432,0.0],[-175.5875,67.7438,0.0],[-175.5937,67.7438,3.4726],[-175.6187,67.7521,0.0],[-175.6229,67.7521,0.0],[-175.6375,67.7583,0.0],[-175.6479,67.7583,6.1291],[-175.6667,67.7667,0.0],[-175.6807,67.7682,4.3062],[-175.6833,67.7604,0.0],[-175.6812,67.7583,0.0],[-175.6708,67.7583,2.9339],[-175.6547,67.7536,0.0],[-175.6547,67.7505,0.0],[-175.6599,67.7495,0.0],[-175.6646,67.7458,0.0],[-175.6786,67.7464,0.0],[-175.6828,67.7484,1.5951],[-175.6818,67.7516,0.0],[-175.6938,67.7562,3.0726],[-175.7312,67.7562,6.6617],[-175.7391,67.7589,4.6351],[-175.737,67.762,0.0],[-175.7318,67.763,0.0],[-175.7349,67.7662,0.0],[-175.7234,67.7693,0.0],[-175.7208,67.7729,0.0],[-175.7172,67.7724,0.0],[-175.7182,67.7693,0.0],[-175.7083,67.7688,0.0],[-175.7005,67.7714,0.0],[-175.7005,67.7745,0.1822],[-175.7104,67.7792,0.0],[-175.7167,67.7792,6.8201],[-175.725,67.7833,0.0],[-175.7328,67.7839,5.1594],[-175.7339,67.787,0.0],[-175.7417,67.7875,4.6095],[-175.75,67.7917,1.7764],[-175.7536,67.7911,5.2456],[-175.7568,67.7818,0.2035],[-175.7792,67.7792,0.0],[-175.7833,67.7771,2.8973],[-175.7958,67.7771,0.0],[-175.8,67.775,0.2167],[-175.8062,67.7771,0.0],[-175.8104,67.775,0.0],[-175.8333,67.775,3.8438],[-175.8396,67.7771,0.0],[-175.8432,67.7745,4.9856],[-175.8443,67.7693,4.9112],[-175.8495,67.7682,4.3401],[-175.8526,67.763,4.0967],[-175.8729,67.7562,5.2916],[-175.8813,67.7562,0.0],[-175.8875,67.7521,7.9282],[-175.8953,67.7516,0.0],[-175.8974,67.7484,-0.5],[-175.8943,67.7464,14.6147],[-175.9021,67.7438,-0.5],[-175.9083,67.7438,-0.5],[-175.9187,67.7396,8.9756],[-175.9604,67.7375,0.0],[-175.9646,67.7354,11.0952],[-175.9729,67.7354,6.1731],[-175.9771,67.7333,8.5022],[-176.0099,67.7307,0.0],[-176.0099,67.7276,12.1051],[-176.0042,67.725,0.0],[-175.9979,67.7271,15.9417],[-175.9937,67.725,0.0],[-175.9417,67.7271,2.9142],[-175.9375,67.725,0.0],[-175.9312,67.7271,4.5638],[-175.9271,67.725,0.0],[-175.9146,67.725,5.2796],[-175.9104,67.7229,0.0],[-175.9042,67.7229,0.0],[-175.9,67.7271,1.6037],[-175.8813,67.7271,0.02],[-175.8771,67.725,-0.3701],[-175.8693,67.7245,0.552],[-175.8714,67.7214,1.8962],[-175.8766,67.7193,1.5265],[-175.8672,67.7161,4.6909],[-175.8682,67.713,0.0],[-175.8589,67.7099,0.0],[-175.8547,67.7068,4.9926],[-175.863,67.6859,7.6002],[-175.8682,67.6849,8.4091],[-175.8734,67.6776,9.4857],[-175.8786,67.6766,0.0],[-175.8813,67.6687,1.9065],[-175.8776,67.6651,5.277],[-175.8828,67.6641,0.0],[-175.8797,67.6609,11.6297],[-175.8849,67.6599,0.0],[-175.8818,67.6568,2.391],[-175.887,67.6557,0.0],[-175.888,67.6526,10.7208],[-175.8932,67.6516,0.0],[-175.8901,67.6484,16.9198],[-175.8922,67.6464,13.8521],[-175.8974,67.6453,0.0],[-175.9,67.6396,1.4142],[-175.8979,67.6375,0.8004],[-175.8838,67.6401,0.0],[-175.8807,67.6432,0.0],[-175.8729,67.6458,10.8827],[-175.8604,67.6458,0.0],[-175.8526,67.6484,0.0],[-175.8495,67.6516,5.877],[-175.8417,67.6521,0.0],[-175.8338,67.6547,0.0],[-175.837,67.6578,6.7175],[-175.8167,67.6646,0.0],[-175.8042,67.6646,2.6496],[-175.8026,67.663,1.6929],[-175.8078,67.662,0.0],[-175.8099,67.6547,2.243],[-175.7979,67.6542,6.6685],[-175.7937,67.6521,0.0],[-175.7604,67.6521,3.7717],[-175.7563,67.65,0.0],[-175.7292,67.6458,2.2647],[-175.7276,67.6453,3.0882],[-175.7287,67.6422,0.0],[-175.7234,67.6412,9.6753],[-175.7245,67.638,0.0],[-175.7151,67.6349,4.8082],[-175.7167,67.6333,4.5744],[-175.7224,67.6328,0.0],[-175.7172,67.6307,6.2624],[-175.7182,67.6276,0.0],[-175.7104,67.6271,1.9736],[-175.7063,67.625,0.0],[-175.6896,67.625,1.458],[-175.6854,67.6229,0.0],[-175.6792,67.6229,0.0],[-175.6682,67.6172,0.0],[-175.663,67.6162,1.8197],[-175.6672,67.6088,5.0782],[-175.6724,67.6078,0.0],[-175.6682,67.6047,5.7626],[-175.663,67.6036,9.2087],[-175.6672,67.5943,4.971],[-175.6724,67.5932,0.0],[-175.6755,67.588,6.4298],[-175.687,67.587,0.0],[-175.688,67.5839,7.0795],[-175.712,67.5766,0.0],[-175.7141,67.5734,0.0],[-175.7083,67.5708,0.0],[-175.7021,67.5708,0.0],[-175.6979,67.5687,0.0],[-175.6854,67.5687,0.0],[-175.6812,67.5667,0.0],[-175.6271,67.5667,0.0],[-175.6161,67.5609,0.0],[-175.6109,67.5599,4.3107],[-175.612,67.5568,0.0],[-175.6026,67.5557,1.2263],[-175.6037,67.5526,0.0],[-175.5984,67.5516,0.0],[-175.6005,67.5484,0.0],[-175.612,67.5453,0.0],[-175.613,67.5422,0.0],[-175.6245,67.5411,0.0],[-175.6276,67.5339,0.0],[-175.6328,67.5328,0.0],[-175.6349,67.5297,0.0],[-175.6208,67.5292,0.0],[-175.6167,67.5313,0.0],[-175.6104,67.5313,0.0],[-175.6021,67.5271,0.0],[-175.5958,67.5271,14.1353],[-175.5891,67.5234,0.0],[-175.5813,67.5229,0.8502],[-175.5771,67.5208,0.0],[-175.5708,67.5208,16.8831],[-175.5604,67.5167,0.0],[-175.5526,67.5193,0.0],[-175.5516,67.5224,21.3706],[-175.5464,67.5234,11.5657],[-175.5432,67.5266,0.0],[-175.5354,67.5292,0.0],[-175.5109,67.5297,0.0],[-175.5068,67.5359,0.0],[-175.512,67.538,17.7885],[-175.5099,67.5432,4.328],[-175.4958,67.5479,0.0],[-175.4729,67.5458,0.0],[-175.4687,67.5437,0.0],[-175.4625,67.5458,0.0],[-175.4401,67.5391,0.145],[-175.4422,67.5339,0.3544],[-175.4438,67.5333,0.7326],[-175.4599,67.5328,0.0],[-175.4599,67.5297,0.5686],[-175.4563,67.5271,0.8447],[-175.4583,67.525,1.3799],[-175.4687,67.5292,0.6365],[-175.475,67.5292,0.0],[-175.4854,67.525,1.3446],[-175.4937,67.525,0.2112],[-175.5078,67.5203,0.5339],[-175.5099,67.5172,0.6759],[-175.4979,67.5125,0.6188],[-175.4943,67.5151,-0.3445],[-175.4911,67.5224,1.2697],[-175.4833,67.5229,-0.7068],[-175.4818,67.5214,-0.6169],[-175.487,67.5193,0.5818],[-175.4812,67.5167,-1.0844],[-175.475,67.5167,-0.1033],[-175.4734,67.5151,-0.0177],[-175.4787,67.5141,0.0041],[-175.4812,67.5104,0.1407],[-175.4911,67.5099,0.1386],[-175.488,67.5078,0.8261],[-175.487,67.5047,0.0],[-175.4563,67.5062,-1.9711],[-175.4521,67.5083,1.346],[-175.4479,67.5062,-1.9638],[-175.4354,67.5062,-0.8806],[-175.4297,67.5026,-0.4295],[-175.4375,67.5021,-0.103],[-175.4438,67.5042,-1.2277],[-175.4542,67.5,-0.5832],[-175.4625,67.5,-0.1723],[-175.4729,67.4958,0.9436],[-175.4896,67.4958,0.885],[-175.4937,67.4979,1.6182],[-175.5016,67.4984,0.6871],[-175.5125,67.5042,0.5878],[-175.5203,67.5047,-0.5918],[-175.5151,67.5068,0.0],[-175.5167,67.5083,0.0],[-175.5333,67.5083,0.3649],[-175.5375,67.5062,0.8262],[-175.5458,67.5062,6.3994],[-175.5557,67.5089,8.7842],[-175.5568,67.512,3.2831],[-175.5625,67.5146,5.529],[-175.5854,67.5146,0.0],[-175.6,67.5188,0.0],[-175.6062,67.5167,0.9761],[-175.6146,67.5208,0.0],[-175.6208,67.5208,0.5904],[-175.625,67.5188,0.446],[-175.6542,67.5188,5.5409],[-175.6599,67.5214,0.0],[-175.6609,67.5245,0.0],[-175.6641,67.5255,1.5292],[-175.663,67.5286,0.2691],[-175.6708,67.5292,0.0],[-175.6766,67.5318,0.0],[-175.6755,67.537,0.0],[-175.6807,67.538,4.403],[-175.6766,67.5474,0.0],[-175.6714,67.5484,0.0],[-175.6693,67.5505,0.0],[-175.6693,67.5537,0.0],[-175.6771,67.5542,18.3416],[-175.6812,67.5563,1.1372],[-175.6917,67.5563,0.0],[-175.6958,67.5583,0.0],[-175.7083,67.5583,8.9611],[-175.7099,67.5589,10.5261],[-175.7088,67.562,0.0],[-175.7167,67.5625,6.3405],[-175.7208,67.5646,0.0],[-175.7479,67.5667,2.0936],[-175.7495,67.5672,0.7418],[-175.7484,67.5703,0.4315],[-175.75,67.5708,0.8164],[-175.7583,67.5687,0.674],[-175.7625,67.5708,-0.072],[-175.7667,67.5708,3.7747],[-175.7693,67.5745,0.0448],[-175.7724,67.5755,3.5232],[-175.7672,67.5776,0.1712],[-175.7672,67.5807,3.7026],[-175.7688,67.5813,0.0],[-175.7896,67.5813,5.5553],[-175.7958,67.5833,0.0],[-175.8125,67.5771,1.1159],[-175.8354,67.5771,1.4522],[-175.85,67.5813,0.0],[-175.8771,67.5833,0.0],[-175.8813,67.5813,5.8702],[-175.8974,67.5807,0.0],[-175.8974,67.5776,1.0656],[-175.8938,67.575,0.1041],[-175.8958,67.5729,0.487],[-175.8995,67.5734,0.8656],[-175.9021,67.5771,0.0],[-175.9125,67.5771,0.6878],[-175.9167,67.5792,-0.1266],[-175.9245,67.5797,0.7467],[-175.9203,67.5911,1.4037],[-175.9151,67.5922,0.6562],[-175.913,67.5943,0.0],[-175.9162,67.5974,7.7652],[-175.9109,67.5984,0.0],[-175.9099,67.6036,5.9639],[-175.8984,67.6047,0.0],[-175.8953,67.6099,7.4449],[-175.8901,67.6109,0.0],[-175.888,67.6151,0.0],[-175.8958,67.6229,5.8732],[-175.8953,67.6245,6.1106],[-175.8901,67.6255,4.5377],[-175.888,67.6276,5.7415],[-175.888,67.6307,10.495],[-175.8958,67.6312,7.1475],[-175.9083,67.6354,8.4991],[-175.9271,67.6354,25.0733],[-175.9312,67.6375,6.758],[-175.9417,67.6375,10.3571],[-175.9479,67.6354,9.0153],[-175.9542,67.6375,0.0],[-175.9583,67.6354,5.8195],[-175.9875,67.6333,1.6144],[-175.9917,67.6312,2.2934],[-176.0,67.6312,1.5797],[-176.0042,67.6292,2.8692],[-176.05,67.6292,1.9492],[-176.0542,67.6271,2.4752],[-176.0604,67.6292,0.0],[-176.0875,67.6271,4.1433],[-176.0917,67.6292,0.0],[-176.1,67.6292,0.8851],[-176.1042,67.6271,0.0],[-176.1083,67.6292,1.243],[-176.1583,67.6292,1.3715],[-176.1625,67.6312,0.0],[-176.1687,67.6292,3.621],[-176.1792,67.6333,0.0],[-176.1911,67.6339,2.2407],[-176.1859,67.637,0.0],[-176.1943,67.6412,0.0],[-176.2083,67.6417,4.9092],[-176.2125,67.6458,0.0],[-176.2229,67.6458,6.142],[-176.2255,67.6495,0.0],[-176.2297,67.6516,0.0],[-176.2375,67.6521,2.6602],[-176.2458,67.6563,0.0],[-176.2521,67.6563,1.4902],[-176.2661,67.663,3.4746],[-176.2672,67.6661,3.1472],[-176.2891,67.6755,10.367],[-176.2839,67.6776,0.0],[-176.2875,67.6813,4.4599],[-176.2839,67.6901,4.1139],[-176.2854,67.6917,4.8479],[-176.3042,67.6896,6.0354],[-176.3182,67.6849,4.6756],[-176.3229,67.6813,11.1067],[-176.3354,67.6813,0.0],[-176.3458,67.6771,3.0042],[-176.3646,67.6771,1.239],[-176.3687,67.675,9.1204],[-176.4208,67.675,7.587],[-176.4349,67.6703,8.2257],[-176.4359,67.6672,8.0152],[-176.4438,67.6646,9.1742],[-176.4792,67.6625,10.6456],[-176.4818,67.6661,0.0],[-176.4911,67.6672,5.3518],[-176.5036,67.6734,12.0564],[-176.5026,67.6787,0.0],[-176.512,67.6818,10.5216],[-176.5109,67.687,4.571],[-176.5203,67.688,9.9985],[-176.5229,67.6917,0.0],[-176.5333,67.6917,7.0168],[-176.5417,67.6958,0.0],[-176.5604,67.6958,0.0],[-176.5646,67.6937,25.4521],[-176.5875,67.6937,25.9316],[-176.5958,67.6979,0.0],[-176.6292,67.6979,0.8339],[-176.6307,67.6995,0.0],[-176.6255,67.7005,0.2934],[-176.6255,67.7037,0.0],[-176.6391,67.7047,0.0],[-176.6338,67.7078,1.3382],[-176.6474,67.713,0.1713],[-176.65,67.7167,0.0],[-176.6562,67.7167,1.065],[-176.6604,67.7188,0.0],[-176.6667,67.7167,1.1791],[-176.6693,67.7203,0.0],[-176.6771,67.7188,1.2277],[-176.6854,67.7229,0.7245],[-176.7417,67.7229,1.6888],[-176.7432,67.7234,1.7794],[-176.7422,67.7266,0.0],[-176.75,67.7292,0.0],[-176.7667,67.7292,0.0],[-176.7682,67.7307,5.4117],[-176.7375,67.7333,0.9445],[-176.7333,67.7312,0.0],[-176.7042,67.7312,0.0],[-176.7,67.7292,0.0],[-176.6896,67.7292,0.0],[-176.6854,67.7271,0.0],[-176.6792,67.7292,1.0458],[-176.6729,67.7271,0.0],[-176.6667,67.7271,0.0],[-176.6604,67.7292,0.3119],[-176.6562,67.7271,0.0],[-176.6521,67.7292,0.8978],[-176.6438,67.7292,0.8751],[-176.6422,67.7307,0.583],[-176.6516,67.7318,1.4393],[-176.6526,67.7349,0.6095],[-176.6599,67.7359,0.0],[-176.6583,67.7375,0.0],[-176.6521,67.7375,0.0],[-176.6479,67.7354,0.1031],[-176.625,67.7354,0.0],[-176.6234,67.7338,0.0],[-176.6255,67.7318,1.0849],[-176.6349,67.7307,1.155],[-176.637,67.7276,0.2619],[-176.6151,67.7286,0.0],[-176.6266,67.7245,0.0],[-176.6286,67.7214,0.0],[-176.6208,67.7208,2.2701],[-176.6089,67.7161,0.7638],[-176.612,67.7089,0.0],[-176.6068,67.7078,7.3964],[-176.6078,67.7047,0.0],[-176.6,67.7042,5.3102],[-176.5958,67.7021,3.415],[-176.5833,67.7021,7.7042],[-176.5792,67.7,0.0],[-176.5458,67.7,0.0],[-176.5417,67.6979,0.0],[-176.5312,67.6979,2.4468],[-176.5271,67.6958,0.0],[-176.5088,67.6932,6.5316],[-176.4901,67.6849,14.9482],[-176.4875,67.6813,0.0],[-176.4771,67.6792,0.4048],[-176.4729,67.6813,8.2919],[-176.4667,67.6813,0.0],[-176.4625,67.6771,0.0],[-176.45,67.6771,0.0],[-176.4234,67.6859,0.0],[-176.425,67.6875,0.0],[-176.4328,67.688,0.0],[-176.4318,67.6911,0.0],[-176.437,67.6922,0.0],[-176.4354,67.6937,0.0],[-176.4167,67.6937,0.3214],[-176.4125,67.6917,0.0],[-176.4062,67.6937,5.7548],[-176.4021,67.6917,0.0],[-176.3792,67.6917,0.0],[-176.3714,67.6943,0.0],[-176.3682,67.6995,0.0],[-176.3604,67.7021,8.9876],[-176.3276,67.7047,2.9946],[-176.3266,67.7078,8.4318],[-176.3213,67.7089,0.0],[-176.3245,67.712,3.9478],[-176.313,67.7151,0.0],[-176.3104,67.7208,0.7442],[-176.3146,67.725,-1.0],[-176.3104,67.7292,-1.0],[-176.2979,67.7292,2.3869],[-176.2937,67.7271,0.5261],[-176.2896,67.7292,0.0],[-176.2812,67.7292,4.3596],[-176.2771,67.7271,1.0713],[-176.2604,67.725,0.0],[-176.2563,67.7271,4.1177],[-176.2167,67.7271,5.895],[-176.2125,67.7292,1.469],[-176.15,67.7292,0.0],[-176.1458,67.7312,5.6412],[-176.1208,67.7312,0.4253],[-176.1167,67.7333,3.6191],[-176.0979,67.7333,5.1125],[-176.0964,67.7328,4.1289],[-176.0974,67.7297,0.0],[-176.0958,67.7292,0.0],[-176.0896,67.7312,1.2872],[-176.0854,67.7292,0.0],[-176.0729,67.7292,1.1721],[-176.0667,67.7271,0.0],[-176.0589,67.7307,0.0],[-176.0641,67.7318,9.9855],[-176.0609,67.7391,0.0],[-176.0703,67.7401,29.3699],[-176.0693,67.7453,0.0],[-176.0875,67.7479,41.3855],[-176.1062,67.7562,8.7329],[-176.1245,67.7589,21.1726],[-176.1234,67.762,4.2711],[-176.1266,67.763,0.0],[-176.1271,67.7667,0.1579],[-176.1208,67.7813,-0.2689],[-176.1229,67.7833,0.0],[-176.1307,67.7839,4.909],[-176.1271,67.7917,0.0],[-176.1307,67.7953,6.8932],[-176.1255,67.7963,0.0],[-176.1286,67.7995,7.0781],[-176.1208,67.8,0.0],[-176.1068,67.8047,0.0],[-176.1047,67.8078,0.0],[-176.1125,67.8083,3.7794],[-176.1146,67.8104,4.2311],[-176.1099,67.8224,11.7698],[-176.0984,67.8255,0.0],[-176.0953,67.8307,2.8935],[-176.0838,67.8339,0.0],[-176.0807,67.837,4.9869],[-176.0755,67.838,0.0],[-176.0724,67.8453,10.3484],[-176.0521,67.8521,7.6546],[-176.0437,67.8521,0.0],[-176.0333,67.8562,3.5128],[-175.9979,67.8562,0.0],[-175.9953,67.8599,0.3855],[-175.9901,67.862,3.22],[-176.0063,67.8646,3.3363],[-176.0104,67.8667,0.0],[-176.0167,67.8667,3.3474],[-176.025,67.8708,0.0],[-176.0375,67.8708,2.3543],[-176.0521,67.875,3.1939],[-176.0583,67.875,1.7275],[-176.0667,67.8792,0.0],[-176.0792,67.8792,1.6754],[-176.0807,67.8797,1.5338],[-176.0797,67.8828,0.0],[-176.0813,67.8833,0.0],[-176.1146,67.8875,2.3969],[-176.1307,67.8922,2.9428],[-176.1417,67.8979,0.0],[-176.1542,67.8979,1.3703],[-176.1609,67.9016,0.0],[-176.1687,67.9021,2.563],[-176.1729,67.9042,1.9491],[-176.1807,67.9036,0.0],[-176.1859,67.8943,0.0],[-176.1938,67.8917,2.8793],[-176.2125,67.8917,0.0],[-176.2271,67.8958,0.0],[-176.2375,67.8958,2.6395],[-176.2417,67.8979,2.4981],[-176.2583,67.9,0.7237],[-176.2688,67.8958,2.5794],[-176.275,67.8979,0.0],[-176.2812,67.8979,0.0],[-176.2854,67.8958,3.6345],[-176.3042,67.8958,3.1336],[-176.3083,67.8979,0.0],[-176.3146,67.8979,0.688],[-176.3188,67.8958,4.3997],[-176.3271,67.8958,0.0],[-176.3313,67.8938,1.8444],[-176.35,67.8938,0.0],[-176.3542,67.8917,5.3792],[-176.3938,67.8917,8.3969],[-176.3979,67.8938,10.8426],[-176.4104,67.8938,4.7477],[-176.4146,67.8917,2.4496],[-176.4229,67.8917,0.508],[-176.4271,67.8896,2.9924],[-176.4458,67.8896,0.0],[-176.45,67.8875,1.9744],[-176.4625,67.8875,0.0],[-176.4667,67.8854,4.3996],[-176.4854,67.8833,0.0],[-176.4958,67.8875,2.4533],[-176.5229,67.8875,0.0],[-176.5271,67.8896,0.5303],[-176.5412,67.8901,7.883],[-176.5458,67.8938,4.0712],[-176.5396,67.9083,0.0],[-176.5401,67.912,0.0],[-176.5542,67.9187,0.0],[-176.5729,67.9187,7.0022],[-176.5875,67.9229,0.0],[-176.5937,67.9229,5.7285],[-176.5995,67.9255,4.1529],[-176.5984,67.9287,0.0],[-176.6062,67.9313,0.0],[-176.6203,67.9307,5.3848],[-176.6214,67.9255,5.434],[-176.6229,67.925,6.4489],[-176.6417,67.925,0.0],[-176.6438,67.9271,1.1277],[-176.6422,67.9307,0.0],[-176.6438,67.9313,0.5195],[-176.65,67.9313,3.2247],[-176.6542,67.9333,1.0016],[-176.6729,67.9333,3.0849],[-176.6745,67.9328,3.5205],[-176.6745,67.9297,5.195],[-176.6672,67.9266,4.5298],[-176.6672,67.9213,4.8157],[-176.6771,67.9167,6.0385],[-176.6833,67.9167,6.8931],[-176.6854,67.9187,5.3688],[-176.6833,67.9229,2.0238],[-176.6839,67.9266,0.0],[-176.6875,67.9292,7.4679],[-176.6859,67.9328,0.0],[-176.6911,67.9339,1.0484],[-176.6901,67.937,0.0],[-176.6995,67.9401,1.7396],[-176.6984,67.9453,0.0],[-176.7146,67.9521,0.0],[-176.725,67.9521,1.2351],[-176.7354,67.9563,0.0],[-176.7417,67.9563,3.0896],[-176.7458,67.9583,1.8177],[-176.7583,67.9583,2.7073],[-176.7609,67.9547,0.0],[-176.7646,67.9542,1.3426],[-176.7661,67.9547,0.0],[-176.7651,67.9599,0.7985],[-176.7833,67.9625,4.7848],[-176.7849,67.963,4.7686],[-176.7839,67.9661,2.0441],[-176.7917,67.9667,2.9282],[-176.8021,67.9708,3.0533],[-176.8146,67.9708,1.2542],[-176.8188,67.9688,3.0473],[-176.8375,67.9688,0.0],[-176.8479,67.9646,2.2331],[-176.8521,67.9667,1.5581],[-176.8646,67.9667,5.1111],[-176.8687,67.9688,0.3375],[-176.875,67.9667,1.2378],[-176.8917,67.9667,5.5666],[-176.8958,67.9688,0.0],[-176.9083,67.9688,6.4209],[-176.9125,67.9729,0.0],[-176.9187,67.9729,9.9554],[-176.9229,67.975,0.0],[-176.9333,67.975,4.1639],[-176.9411,67.9776,0.0],[-176.9396,67.9792,0.0],[-176.925,67.9792,0.0],[-176.9083,67.9854,3.7996],[-176.8958,67.9854,0.0],[-176.8917,67.9875,4.3179],[-176.8792,67.9875,0.0],[-176.875,67.9833,0.0],[-176.825,67.9833,7.1485],[-176.8208,67.9812,0.0],[-176.8083,67.9812,0.4085],[-176.8042,67.9833,1.2726],[-176.7609,67.9838,1.8872],[-176.7609,67.987,0.0],[-176.7693,67.9912,6.3927],[-176.7771,67.9917,7.9693],[-176.7849,67.9943,0.0],[-176.7932,67.9995,1.1777],[-176.788,68.0005,0.0],[-176.7849,68.0057,0.0],[-176.7797,68.0068,0.0],[-176.7786,68.0099,0.0],[-176.7646,68.0146,5.034],[-176.7563,68.0146,0.0],[-176.7359,68.0214,0.0],[-176.7333,68.0271,2.2683],[-176.737,68.0297,0.0],[-176.737,68.0328,0.0],[-176.7318,68.0339,0.0],[-176.7297,68.0359,0.0],[-176.7276,68.0432,0.0],[-176.737,68.0463,4.7488],[-176.738,68.0495,0.0],[-176.7458,68.05,7.0994],[-176.7583,68.0563,1.0105],[-176.775,68.0583,2.9384],[-176.7776,68.062,0.0],[-176.7854,68.0625,2.1595],[-176.7937,68.0667,1.5487],[-176.8016,68.0672,4.6303],[-176.8016,68.0703,3.3327],[-176.7964,68.0714,0.0],[-176.7979,68.0729,0.0],[-176.8042,68.0729,3.4704],[-176.8083,68.075,2.2475],[-176.8188,68.075,2.3805],[-176.8396,68.0813,0.0],[-176.8437,68.0792,6.0857],[-176.8521,68.0792,8.7292],[-176.8562,68.0813,0.0],[-176.8641,68.0818,6.5853],[-176.863,68.0849,0.0],[-176.8682,68.0859,9.6115],[-176.8672,68.0891,0.0],[-176.8813,68.0896,3.6706],[-176.8854,68.0917,0.0],[-176.8932,68.0922,5.7173],[-176.8859,68.0964,0.0],[-176.8849,68.1016,1.9515],[-176.8797,68.1026,0.0],[-176.8839,68.1057,0.0],[-176.8917,68.1062,7.5813],[-176.9062,68.1125,0.0],[-176.9229,68.1146,16.18],[-176.9339,68.1203,1.5148],[-176.9417,68.1229,1.1691],[-176.9479,68.1229,5.1245],[-176.9563,68.1271,0.0],[-176.9833,68.1312,5.4362],[-176.9875,68.1333,1.7442],[-177.0063,68.1271,0.0],[-177.0167,68.1312,0.0],[-177.0458,68.1292,0.0],[-177.0474,68.1276,0.0],[-177.0443,68.1255,0.4875],[-177.0583,68.1271,0.0],[-177.0599,68.1255,0.0],[-177.0568,68.1234,0.0],[-177.0646,68.1229,0.0],[-177.075,68.1188,0.0],[-177.0896,68.1188,0.0],[-177.0937,68.1167,0.0],[-177.1125,68.1167,0.0],[-177.1203,68.1141,0.0],[-177.1172,68.112,0.0],[-177.1161,68.1088,0.0],[-177.112,68.1068,0.0],[-177.1042,68.1042,0.0],[-177.0964,68.1036,0.7936],[-177.1,68.1,0.0],[-177.1078,68.1005,0.0],[-177.1104,68.1042,0.0],[-177.1208,68.1042,0.0],[-177.125,68.1062,0.0],[-177.1313,68.1062,0.0],[-177.1338,68.1099,0.0],[-177.137,68.1109,0.0],[-177.137,68.1141,0.0],[-177.1318,68.1151,0.0],[-177.1359,68.1182,0.0],[-177.15,68.1188,2.266],[-177.1542,68.1208,0.0],[-177.1708,68.1208,0.0],[-177.1734,68.1245,0.0],[-177.1828,68.1255,3.5013],[-177.1839,68.1286,0.0],[-177.188,68.1307,0.0],[-177.1958,68.1312,2.1903],[-177.2078,68.1359,2.7566],[-177.2057,68.1391,1.1202],[-177.2005,68.1401,0.0],[-177.2005,68.1432,0.0],[-177.2036,68.1453,2.2344],[-177.1984,68.1464,0.0],[-177.1974,68.1495,0.0],[-177.1859,68.1526,0.0],[-177.1891,68.1547,0.0],[-177.1891,68.1578,0.0],[-177.1839,68.1589,0.0],[-177.1818,68.1609,0.0],[-177.1807,68.1661,0.0],[-177.1755,68.1672,0.0],[-177.1771,68.1687,0.0],[-177.1875,68.1687,3.5808],[-177.1995,68.1734,7.1843],[-177.1974,68.1828,0.0],[-177.1922,68.1828,0.0],[-177.1896,68.1792,0.0],[-177.1729,68.1792,0.0],[-177.1667,68.1833,0.0],[-177.1625,68.1813,0.0],[-177.1589,68.1818,0.0],[-177.1589,68.1849,0.0],[-177.1667,68.1854,1.1903],[-177.175,68.1896,0.0],[-177.1828,68.1901,1.0105],[-177.2026,68.1995,0.6242],[-177.212,68.2005,4.1513],[-177.213,68.2037,0.0],[-177.2172,68.2057,0.0],[-177.2266,68.2068,1.6277],[-177.2276,68.2099,0.0],[-177.2521,68.2146,1.6994],[-177.2792,68.2271,0.0],[-177.2958,68.2292,1.402],[-177.3062,68.2333,0.0],[-177.3141,68.2338,1.0822],[-177.3208,68.2375,0.0],[-177.3271,68.2375,1.706],[-177.3417,68.2417,1.128],[-177.3453,68.2412,0.0],[-177.3422,68.2391,0.0],[-177.3437,68.2375,2.1249],[-177.35,68.2375,7.825],[-177.3542,68.2396,0.0],[-177.3667,68.2396,0.0],[-177.3729,68.2333,2.4346],[-177.3771,68.2354,2.1359],[-177.3854,68.2354,3.4401],[-177.3896,68.2333,4.1953],[-177.3995,68.2328,3.7285],[-177.4005,68.2297,5.9583],[-177.4057,68.2286,0.0],[-177.4089,68.2234,1.4413],[-177.4167,68.2208,0.0],[-177.4396,68.2208,17.7728],[-177.4438,68.2188,6.6454],[-177.4583,68.2188,2.7787],[-177.475,68.2125,4.1573],[-177.4833,68.2125,0.0],[-177.4859,68.2089,7.2455],[-177.4974,68.2057,2.6882],[-177.4984,68.2026,3.5669],[-177.5083,68.2021,0.4107],[-177.5224,68.1974,0.8988],[-177.5255,68.1922,0.0],[-177.5354,68.1896,0.0],[-177.537,68.1901,0.0],[-177.5359,68.1932,0.0],[-177.5412,68.1943,0.0],[-177.5401,68.1974,0.0],[-177.5417,68.1979,0.0],[-177.5542,68.1937,0.0],[-177.5604,68.1937,0.0],[-177.562,68.1953,0.0],[-177.5568,68.1964,0.0],[-177.5557,68.1995,1.8089],[-177.5458,68.2,0.0],[-177.538,68.2026,0.0],[-177.537,68.2057,0.0],[-177.5271,68.2063,0.0],[-177.5245,68.2099,0.0],[-177.5146,68.2104,0.0],[-177.512,68.2141,0.0],[-177.5021,68.2146,0.0],[-177.4943,68.2182,0.0],[-177.5083,68.2208,0.0],[-177.5125,68.2167,0.0],[-177.5312,68.2167,0.0],[-177.5328,68.2182,0.0],[-177.5213,68.2193,0.0],[-177.5229,68.2208,0.0],[-177.5307,68.2214,0.0],[-177.5255,68.2234,0.0],[-177.5307,68.2266,0.0],[-177.5255,68.2286,0.0],[-177.5333,68.2292,0.0],[-177.5458,68.225,0.0],[-177.5474,68.2266,0.0],[-177.5453,68.2286,0.0],[-177.5401,68.2307,0.0],[-177.5542,68.2312,0.0],[-177.5557,68.2297,0.0],[-177.5526,68.2276,0.0],[-177.5641,68.2266,0.0],[-177.5589,68.2234,0.0],[-177.5703,68.2224,0.0],[-177.5672,68.2203,0.0],[-177.5672,68.2172,0.0],[-177.5786,68.2141,3.7086],[-177.5797,68.2109,1.1682],[-177.5875,68.2083,1.658],[-177.5958,68.2104,2.0837],[-177.6,68.2083,2.9241],[-177.6083,68.2083,0.0],[-177.6109,68.2047,1.0188],[-177.6224,68.2037,0.664],[-177.6234,68.2005,1.7866],[-177.6286,68.1995,0.1438],[-177.6297,68.1964,0.0],[-177.6396,68.1958,0.8484],[-177.6536,68.1911,0.1862],[-177.6547,68.188,0.9179],[-177.6583,68.1875,1.0195],[-177.6625,68.1896,2.351],[-177.6766,68.1901,0.0],[-177.6776,68.1932,1.001],[-177.6807,68.1943,1.0456],[-177.6797,68.1995,0.2508],[-177.6812,68.2,0.5813],[-177.6875,68.1979,0.8045],[-177.6911,68.1984,0.426],[-177.6891,68.2016,0.0],[-177.6839,68.2026,0.3467],[-177.6839,68.2057,2.3232],[-177.687,68.2078,1.2974],[-177.6792,68.2083,1.9737],[-177.6745,68.212,0.0],[-177.6693,68.213,0.0],[-177.6693,68.2161,0.0],[-177.6724,68.2182,1.9467],[-177.6672,68.2193,1.482],[-177.6667,68.2208,1.8193],[-177.6703,68.2245,1.7773],[-177.6562,68.225,0.0],[-177.6297,68.2338,0.0],[-177.6271,68.2375,0.0],[-177.6187,68.2375,0.0],[-177.6146,68.2396,0.0],[-177.6,68.2396,0.0],[-177.5984,68.2401,0.0],[-177.5984,68.2432,0.0],[-177.6062,68.2438,0.0],[-177.6104,68.2458,0.0],[-177.6229,68.2458,0.0],[-177.6271,68.2438,0.0],[-177.6354,68.2438,0.0],[-177.6396,68.2458,0.0],[-177.65,68.2458,0.0],[-177.6562,68.2479,0.0],[-177.6604,68.2458,0.0],[-177.6703,68.2453,0.0],[-177.6651,68.2422,1.4083],[-177.675,68.2417,1.2868],[-177.6807,68.2443,0.0],[-177.6818,68.2474,0.0],[-177.6854,68.2479,0.0],[-177.6958,68.2438,0.0],[-177.7,68.2458,0.0],[-177.7083,68.2458,0.0],[-177.7125,68.2438,0.0],[-177.725,68.2438,0.0],[-177.7266,68.2422,0.0],[-177.7234,68.2412,1.1361],[-177.7234,68.238,0.0],[-177.7312,68.2354,0.0],[-177.7396,68.2354,0.0],[-177.7437,68.2333,1.2675],[-177.7453,68.2338,1.1537],[-177.7464,68.2391,0.0],[-177.7495,68.2401,0.0],[-177.7443,68.2422,0.0],[-177.7432,68.2474,0.0],[-177.7354,68.25,2.6801],[-177.7271,68.25,0.0],[-177.7229,68.2521,1.9307],[-177.7146,68.2521,0.0],[-177.7104,68.2562,0.0],[-177.6958,68.2562,0.0],[-177.6854,68.2604,2.3006],[-177.6542,68.2625,0.0],[-177.65,68.2646,4.1032],[-177.6208,68.2646,0.0],[-177.613,68.2672,1.0753],[-177.6104,68.2729,0.0],[-177.6141,68.2755,0.0],[-177.6151,68.2807,0.0],[-177.6182,68.2818,0.0],[-177.6172,68.2911,0.0],[-177.6266,68.2922,15.595],[-177.6193,68.2963,0.0],[-177.6245,68.2984,0.0],[-177.6255,68.3016,0.0],[-177.6286,68.3026,4.0678],[-177.6286,68.3057,3.3458],[-177.6234,68.3068,0.0],[-177.625,68.3083,0.0],[-177.6354,68.3083,5.5876],[-177.65,68.3125,1.7034],[-177.6687,68.3125,0.0],[-177.6812,68.3083,6.2082],[-177.6854,68.3104,2.3035],[-177.6979,68.3104,5.6403],[-177.7021,68.3125,1.8957],[-177.7208,68.3125,0.0],[-177.725,68.3083,5.1601],[-177.7333,68.3083,0.0],[-177.7479,68.3042,4.6712],[-177.7625,68.3042,4.6315],[-177.7667,68.3,9.1317],[-177.7812,68.3,3.4967],[-177.8083,68.2917,8.9101],[-177.8167,68.2917,9.292],[-177.8208,68.2896,10.4656],[-177.8354,68.2896,0.0],[-177.8432,68.287,0.0],[-177.838,68.2839,0.0],[-177.8432,68.2818,0.0],[-177.8338,68.2776,8.6604],[-177.8729,68.275,0.0],[-177.8896,68.2688,10.362],[-177.8979,68.2688,0.0],[-177.9021,68.2667,8.0919],[-177.9083,68.2667,0.0],[-177.9187,68.2625,1.4752],[-177.9271,68.2625,0.0],[-177.9286,68.2609,0.0],[-177.9208,68.2604,1.1331],[-177.9193,68.2589,0.5625],[-177.9307,68.2578,0.0],[-177.9307,68.2547,0.7951],[-177.9214,68.2505,0.5672],[-177.9328,68.2495,0.7564],[-177.9339,68.2464,0.3547],[-177.9479,68.2417,1.1537],[-177.9682,68.2422,0.8616],[-177.9661,68.2495,1.2124],[-177.9563,68.25,0.4498],[-177.9484,68.2526,1.6702],[-177.95,68.2542,1.0166],[-177.9583,68.2542,0.0],[-177.9625,68.2562,0.0],[-177.9672,68.2526,0.0],[-177.975,68.25,0.0],[-177.9812,68.25,0.0],[-177.9917,68.2458,0.0],[-178.0167,68.2458,0.0],[-178.0229,68.2438,2.8826],[-178.0271,68.2458,0.0],[-178.0396,68.2458,1.4196],[-178.0437,68.2479,1.531],[-178.05,68.2479,3.6746],[-178.0516,68.2495,4.2712],[-178.0495,68.2516,3.0188],[-178.038,68.2547,0.0],[-178.038,68.2599,0.979],[-178.0412,68.262,3.0761],[-178.0359,68.263,0.0],[-178.0328,68.2682,0.0],[-178.025,68.2688,0.0],[-178.0146,68.2729,0.0],[-178.0063,68.2729,0.0],[-177.9859,68.2797,0.0],[-177.9891,68.2818,9.7512],[-177.9891,68.2849,9.6643],[-177.9839,68.2859,0.0],[-177.9807,68.2953,0.0],[-177.9755,68.2963,0.0],[-177.9745,68.2995,2.3799],[-177.9542,68.3063,3.901],[-177.9458,68.3063,0.0],[-177.938,68.3089,0.0],[-177.9349,68.312,0.0],[-177.9297,68.313,0.0],[-177.9286,68.3161,0.0],[-177.9234,68.3172,0.0],[-177.925,68.3187,0.0],[-177.9557,68.3193,4.2465],[-177.9661,68.3234,0.0],[-177.9651,68.3287,0.0],[-177.9729,68.3292,3.6753],[-177.9807,68.3318,4.0896],[-177.9797,68.3349,0.0],[-177.9849,68.3359,3.5732],[-177.9859,68.3391,0.0],[-177.9932,68.3443,0.2558],[-177.9932,68.3474,2.1598],[-177.988,68.3484,0.0],[-177.9859,68.3505,0.0],[-177.9911,68.3536,0.0],[-177.9797,68.3568,0.0],[-177.9776,68.3588,0.0],[-177.9734,68.3745,0.0],[-177.9787,68.3755,0.0],[-177.9776,68.3807,0.0],[-177.9828,68.3818,0.0],[-177.9818,68.387,0.0],[-177.9911,68.3901,0.0],[-177.9901,68.3932,0.0],[-177.9995,68.3964,2.6196],[-178.0005,68.4016,0.4076],[-178.0042,68.4042,0.4284],[-178.0026,68.4078,0.2669],[-178.0182,68.413,0.4154],[-178.0172,68.4161,0.546],[-178.0188,68.4167,0.6601],[-178.0417,68.4187,1.9754],[-178.0458,68.4208,1.7468],[-178.0542,68.4208,3.0598],[-178.0583,68.4229,0.0],[-178.0625,68.4208,2.8517],[-178.0813,68.4208,2.7986],[-178.0854,68.4229,1.6437],[-178.1021,68.425,2.0379],[-178.1125,68.4292,0.5689],[-178.1187,68.4292,1.7999],[-178.1333,68.4354,0.0],[-178.1458,68.4354,2.5919],[-178.1516,68.438,2.5322],[-178.1526,68.4411,0.0],[-178.1568,68.4432,0.0],[-178.1662,68.4443,1.5401],[-178.1672,68.4474,0.0],[-178.1766,68.4484,1.3318],[-178.1792,68.4521,0.6905],[-178.1854,68.45,1.4687],[-178.1995,68.4505,2.1011],[-178.1979,68.4521,1.6342],[-178.1896,68.4521,1.4967],[-178.188,68.4537,1.5033],[-178.1974,68.4547,0.85],[-178.2026,68.462,0.577],[-178.2104,68.4646,0.0],[-178.2271,68.4646,0.0],[-178.2333,68.4604,1.4545],[-178.2432,68.4599,0.1664],[-178.2443,68.4568,0.3565],[-178.2542,68.4563,0.2181],[-178.2583,68.4542,1.5664],[-178.2609,68.4578,1.9792],[-178.2688,68.4583,0.4859],[-178.2729,68.4604,0.6085],[-178.2766,68.4599,0.0],[-178.2776,68.4568,3.6939],[-178.2812,68.4563,2.6875],[-178.287,68.4589,0.8465],[-178.288,68.462,0.0],[-178.2937,68.4646,0.0],[-178.3062,68.4646,0.5827],[-178.3125,68.4667,1.8622],[-178.3188,68.4646,0.4071],[-178.3203,68.4651,1.2332],[-178.3193,68.4682,0.79],[-178.3208,68.4688,1.0455],[-178.3245,68.4682,0.9437],[-178.3292,68.4625,0.9346],[-178.3417,68.4625,1.9097],[-178.3474,68.4682,1.4099],[-178.3359,68.4714,2.0791],[-178.3359,68.4745,0.8159],[-178.35,68.475,1.3609],[-178.3526,68.4714,1.9812],[-178.3578,68.4703,1.9933],[-178.3547,68.4682,0.9803],[-178.3542,68.4646,0.5932],[-178.3547,68.463,1.4551],[-178.3583,68.4625,0.8468],[-178.3599,68.463,1.6489],[-178.3609,68.4682,0.2565],[-178.3687,68.4667,0.0],[-178.3745,68.4693,1.0815],[-178.3729,68.4708,0.0],[-178.3651,68.4714,0.0],[-178.363,68.4745,0.0],[-178.3911,68.4755,0.278],[-178.3828,68.4807,0.0],[-178.3714,68.4849,0.0],[-178.3833,68.4896,0.0],[-178.3932,68.4901,2.9266],[-178.4104,68.4979,1.0919],[-178.4167,68.4958,3.0077],[-178.4292,68.4958,0.4476],[-178.4375,68.5,0.7973],[-178.4667,68.5021,1.2214],[-178.4812,68.5062,0.0],[-178.5,68.5062,0.3126],[-178.5063,68.5042,2.5817],[-178.5104,68.5062,1.4278],[-178.5229,68.5062,8.0321],[-178.5271,68.5083,4.247],[-178.55,68.5083,14.4331],[-178.5542,68.5104,0.0],[-178.5667,68.5104,18.1307],[-178.5771,68.5146,2.0952],[-178.5833,68.5146,11.7324],[-178.5875,68.5167,0.0],[-178.6042,68.5188,0.0],[-178.6083,68.5208,0.0],[-178.6208,68.5208,20.815],[-178.625,68.5229,13.7721],[-178.6313,68.5229,15.9113],[-178.6338,68.5266,4.8196],[-178.637,68.5276,11.0746],[-178.638,68.5307,11.1607],[-178.6458,68.5313,14.339],[-178.65,68.5333,0.0],[-178.6687,68.5333,10.8176],[-178.6833,68.5396,0.0],[-178.7021,68.5396,0.0],[-178.7063,68.5375,0.245],[-178.7125,68.5375,0.5561],[-178.7203,68.5401,0.0],[-178.7187,68.5417,2.7781],[-178.7104,68.5417,0.3628],[-178.6963,68.5463,0.0],[-178.6963,68.5516,0.2643],[-178.7036,68.5557,0.7351],[-178.6984,68.5568,0.1866],[-178.6974,68.5599,0.2952],[-178.6922,68.5609,0.2187],[-178.6917,68.5625,0.0698],[-178.6938,68.5646,0.0],[-178.7016,68.563,0.4605],[-178.7016,68.5682,0.178],[-178.6963,68.5703,0.2647],[-178.7057,68.5734,-0.0116],[-178.7068,68.5766,0.2889],[-178.7161,68.5797,0.0],[-178.7208,68.5833,0.0],[-178.7203,68.5849,0.1948],[-178.7151,68.5859,-0.2629],[-178.712,68.5911,2.0075],[-178.7068,68.5922,0.0],[-178.7063,68.5938,0.0],[-178.7099,68.5964,0.5164],[-178.7109,68.6016,0.0365],[-178.7146,68.6042,-0.072],[-178.7141,68.6057,0.556],[-178.7088,68.6078,0.0],[-178.7141,68.6088,0.5408],[-178.713,68.612,0.0858],[-178.7182,68.6141,-0.5304],[-178.7068,68.6172,-0.1644],[-178.7057,68.6203,-0.0933],[-178.7005,68.6214,-0.2821],[-178.7078,68.6255,0.0115],[-178.7083,68.6312,-0.3439],[-178.7063,68.6354,0.3842],[-178.7068,68.637,0.4591],[-178.712,68.6391,0.5524],[-178.7083,68.6417,0.4383],[-178.7042,68.6396,-0.0554],[-178.7005,68.6412,-0.0258],[-178.7099,68.6443,-0.0547],[-178.7088,68.6495,0.0],[-178.7141,68.6505,2.3197],[-178.7182,68.6526,2.1118],[-178.7193,68.6557,0.5833],[-178.7245,68.6568,1.7605],[-178.7214,68.6682,0.1758],[-178.7266,68.6693,-0.086],[-178.7255,68.6724,0.0],[-178.7307,68.6734,0.0818],[-178.7193,68.6787,-0.1006],[-178.7287,68.6818,1.5632],[-178.7276,68.687,0.0],[-178.737,68.6901,-0.1903],[-178.738,68.6932,0.0],[-178.7578,68.7005,0.0367],[-178.7588,68.7057,0.0],[-178.7682,68.7089,-0.0451],[-178.7672,68.712,0.0],[-178.7854,68.7188,0.7569],[-178.7932,68.7193,0.3405],[-178.7932,68.7224,0.9834],[-178.788,68.7245,0.0],[-178.8,68.7292,0.0],[-178.8078,68.7297,-0.1214],[-178.8026,68.7328,0.0],[-178.825,68.7417,0.2949],[-178.8313,68.7417,-0.2165],[-178.8391,68.7443,0.7825],[-178.8432,68.7464,1.5411],[-178.8443,68.7495,0.0346],[-178.8625,68.7542,-0.1366],[-178.8687,68.7542,-0.0342],[-178.8729,68.7562,0.3213],[-178.8792,68.7562,-0.2681],[-178.8833,68.7583,0.0487],[-178.8896,68.7562,0.0684],[-178.8979,68.7562,0.6614],[-178.8995,68.7578,0.1797],[-178.8943,68.7599,0.2815],[-178.9021,68.7604,0.3695],[-178.9062,68.7625,0.2967],[-178.9203,68.763,-0.0031],[-178.9203,68.7662,0.3521],[-178.9151,68.7672,0.2236],[-178.9167,68.7688,-0.1411],[-178.9292,68.7688,0.0629],[-178.9339,68.763,0.3545],[-178.9417,68.7625,0.4313],[-178.9432,68.7641,1.0706],[-178.938,68.7662,0.3558],[-178.9432,68.7672,0.6068],[-178.9422,68.7703,-0.2161],[-178.9438,68.7708,-0.1259],[-178.9563,68.7708,-0.0307],[-178.9625,68.7729,0.0],[-178.9687,68.7708,0.9546],[-178.9833,68.7771,0.1268],[-178.9958,68.7771,0.8485],[-179.0,68.7792,0.5071],[-179.0188,68.7792,1.3823],[-179.0229,68.7813,0.863],[-179.0354,68.7813,0.825],[-179.0396,68.7833,0.6606],[-179.0688,68.7833,0.9246],[-179.0729,68.7854,0.7823],[-179.0917,68.7854,1.1705],[-179.1062,68.7896,0.0],[-179.1125,68.7875,1.893],[-179.1479,68.7875,1.7707],[-179.1505,68.7911,0.5684],[-179.1583,68.7917,0.5377],[-179.1766,68.7984,0.9717],[-179.1766,68.8016,1.6607],[-179.1714,68.8037,0.9108],[-179.1745,68.8047,1.0351],[-179.1771,68.8083,4.9187],[-179.2083,68.8083,3.0002],[-179.2125,68.8063,3.9761],[-179.2187,68.8063,2.8635],[-179.225,68.8083,0.0],[-179.2292,68.8063,0.773],[-179.2542,68.8063,0.3634],[-179.2583,68.8042,2.84],[-179.2667,68.8042,0.4818],[-179.2708,68.8021,1.1892],[-179.2833,68.8021,2.3236],[-179.2979,68.8063,0.0],[-179.3125,68.8063,0.7642],[-179.3167,68.8083,1.5354],[-179.3229,68.8083,1.1329],[-179.325,68.8104,0.0],[-179.3234,68.8141,0.0],[-179.3286,68.8151,1.4915],[-179.3276,68.8203,1.3379],[-179.3391,68.8214,2.721],[-179.3417,68.825,0.0],[-179.3479,68.8229,3.5413],[-179.3599,68.8276,2.1665],[-179.3609,68.8307,1.3577],[-179.3641,68.8318,-0.3315],[-179.3641,68.8349,0.1194],[-179.3526,68.8391,-0.0956],[-179.3641,68.8401,0.4484],[-179.3682,68.8422,0.159],[-179.3693,68.8453,0.4771],[-179.3724,68.8464,0.9965],[-179.3734,68.8516,0.0],[-179.3813,68.8542,0.6712],[-179.3875,68.8542,0.5123],[-179.3896,68.8562,0.1833],[-179.387,68.8599,0.5874],[-179.3792,68.8625,3.191],[-179.3729,68.8625,5.1661],[-179.3583,68.8562,0.0],[-179.3437,68.8562,2.4023],[-179.3422,68.8568,3.7678],[-179.3422,68.8599,0.0],[-179.3537,68.8609,2.9083],[-179.3786,68.8714,1.9472],[-179.3797,68.8745,0.0],[-179.3875,68.875,3.5189],[-179.4042,68.8812,3.3222],[-179.4104,68.8812,3.0258],[-179.4146,68.8833,0.6713],[-179.4224,68.8818,0.7217],[-179.4224,68.8849,1.5549],[-179.4208,68.8854,0.7269],[-179.4068,68.8859,0.3551],[-179.4083,68.8875,1.5184],[-179.4162,68.888,0.4905],[-179.4162,68.8932,3.815],[-179.4109,68.8953,6.3244],[-179.4187,68.8958,4.0163],[-179.425,68.8938,1.1558],[-179.4276,68.8974,2.2165],[-179.4307,68.8984,1.848],[-179.4255,68.9016,3.2962],[-179.4354,68.9021,1.9877],[-179.4417,68.9,5.4439],[-179.4474,68.9026,9.6882],[-179.4474,68.9078,0.5],[-179.4422,68.9099,2.7254],[-179.4516,68.913,13.6101],[-179.4516,68.9161,15.8737],[-179.4463,68.9172,22.8681],[-179.4479,68.9187,23.9957],[-179.4542,68.9187,21.0416],[-179.4583,68.9167,15.1826],[-179.4667,68.9187,0.0],[-179.4708,68.9167,7.9731],[-179.4792,68.9167,5.8922],[-179.4833,68.9146,8.1237],[-179.4911,68.9141,7.7267],[-179.4943,68.9109,11.9255],[-179.5083,68.9063,8.4507],[-179.5208,68.9063,0.0],[-179.525,68.9042,13.1042],[-179.5458,68.9021,0.0],[-179.5562,68.8979,27.0027],[-179.5813,68.8979,17.8382],[-179.5854,68.8958,19.8359],[-179.5896,68.8979,4.4589],[-179.5979,68.8979,0.0],[-179.6021,68.8958,15.77],[-179.6271,68.8958,6.9911],[-179.6333,68.8938,11.3629],[-179.6375,68.8958,5.4786],[-179.65,68.8958,5.0016],[-179.6542,68.8979,0.8945],[-179.6625,68.8958,3.144],[-179.6667,68.8979,0.9699],[-179.6729,68.8979,2.3632],[-179.6792,68.8958,3.6513],[-179.6833,68.8979,1.0368],[-179.6896,68.8979,3.6747],[-179.6938,68.8958,4.2056],[-179.7146,68.8958,0.0],[-179.725,68.8917,4.2448],[-179.7312,68.8917,1.9943],[-179.7432,68.8964,0.2347],[-179.7443,68.9016,0.0],[-179.7458,68.9021,0.0],[-179.7521,68.9021,1.4055],[-179.7583,68.9042,0.2772],[-179.7708,68.9,2.665],[-179.7786,68.9026,0.7749],[-179.7771,68.9042,2.9107],[-179.7672,68.9047,0.0526],[-179.7651,68.9089,0.3751],[-179.7667,68.9104,0.0],[-179.7792,68.9063,2.4453],[-179.7979,68.9063,0.0],[-179.8021,68.9083,0.0],[-179.8104,68.9083,3.6754],[-179.825,68.9125,0.1978],[-179.8313,68.9125,1.6118],[-179.8338,68.9161,0.343],[-179.8432,68.9193,1.3788],[-179.8443,68.9266,0.0],[-179.8484,68.9287,0.0],[-179.8583,68.9292,1.1391],[-179.8792,68.9354,2.7559],[-179.8854,68.9354,3.3513],[-179.8932,68.938,2.5809],[-179.8922,68.9411,0.0],[-179.9036,68.9422,3.1736],[-179.9047,68.9453,0.0],[-179.9104,68.9479,1.1277],[-179.9167,68.9479,1.0852],[-179.9208,68.95,0.0],[-179.937,68.9505,0.1806],[-179.9318,68.9537,1.8369],[-179.9375,68.9563,0.3234],[-179.9458,68.9563,3.42],[-179.9588,68.962,1.6112],[-179.9667,68.9625,1.8683],[-179.9787,68.9672,0.7334],[-179.9734,68.9693,0.0],[-179.9734,68.9766,0.0],[-179.9979,68.9792,0.0],[-180.0,67.9964,382.9181],[-180.0,66.0307,293.9526],[-179.9984,65.0484,19.1572],[-179.9958,65.0521,16.085],[-179.9833,65.0521,19.2159],[-179.9792,65.0542,25.6614],[-179.9729,65.0542,24.0654],[-179.9583,65.0583,25.0253],[-179.9479,65.0583,17.5236],[-179.9438,65.0604,18.7925],[-179.9359,65.0609,14.0113],[-179.9286,65.0661,18.7197],[-179.9172,65.0693,11.9708],[-179.9162,65.0724,14.4767],[-179.9005,65.0776,22.5847],[-179.8974,65.0807,26.6678],[-179.8896,65.0833,20.4817],[-179.8818,65.0839,0.0],[-179.8807,65.0891,22.1813],[-179.8667,65.0938,28.8275],[-179.8625,65.0917,0.0],[-179.8562,65.0938,10.5131],[-179.8521,65.0917,0.0],[-179.8417,65.0917,0.0],[-179.8338,65.0943,0.0],[-179.8328,65.0974,3.9313],[-179.8276,65.0984,0.0],[-179.8245,65.1036,0.0],[-179.8151,65.1068,0.0],[-179.813,65.1088,0.0],[-179.812,65.1141,14.5595],[-179.7901,65.1214,0.0],[-179.7807,65.1286,9.9909],[-179.7688,65.1333,0.0],[-179.7625,65.1333,0.0],[-179.7521,65.1375,0.0],[-179.7396,65.1375,0.0],[-179.7312,65.1417,3.7034],[-179.7187,65.1417,0.0],[-179.7146,65.1438,8.3559],[-179.7083,65.1438,8.3],[-179.7042,65.1417,0.0],[-179.7,65.1438,11.0821],[-179.6974,65.1401,10.2894],[-179.6917,65.1375,0.0],[-179.6755,65.138,8.5959],[-179.6729,65.1417,2.3331],[-179.6766,65.1453,8.8387],[-179.6714,65.1464,2.409],[-179.6703,65.1495,7.4917],[-179.6651,65.1505,0.0],[-179.662,65.1599,6.8948],[-179.6599,65.162,6.5582],[-179.6547,65.163,0.0],[-179.6536,65.1682,8.0365],[-179.6484,65.1693,0.0],[-179.6453,65.1745,6.493],[-179.6359,65.1755,0.0],[-179.6349,65.1787,8.0075],[-179.6297,65.1797,2.7144],[-179.6266,65.1849,6.8315],[-179.6214,65.1859,0.0],[-179.6203,65.1891,7.5594],[-179.6047,65.1943,0.0],[-179.5984,65.1984,3.5579],[-179.5953,65.2037,4.8572],[-179.5901,65.2047,0.0],[-179.5891,65.2078,3.0669],[-179.5838,65.2089,0.0],[-179.5828,65.212,5.9217],[-179.5734,65.213,0.0],[-179.5693,65.2193,4.2563],[-179.5682,65.2245,5.0156],[-179.5568,65.2276,0.0],[-179.5557,65.2307,5.3035],[-179.5443,65.2338,0.0],[-179.5422,65.2432,0.0],[-179.5495,65.2443,5.9514],[-179.55,65.2479,7.131],[-179.5453,65.2599,7.5557],[-179.5401,65.2609,0.0],[-179.5297,65.288,0.0],[-179.5328,65.2901,2.4387],[-179.5312,65.2958,0.0],[-179.5349,65.2995,14.299],[-179.5297,65.3005,0.0],[-179.5333,65.3042,16.7856],[-179.5328,65.3078,8.4565],[-179.5276,65.3089,0.0],[-179.5307,65.3109,10.7623],[-179.5307,65.3141,16.4885],[-179.5286,65.3161,10.7501],[-179.5234,65.3172,0.0],[-179.5213,65.3234,0.0],[-179.5245,65.3266,2.2367],[-179.5213,65.3287,0.0],[-179.5245,65.3307,13.0191],[-179.513,65.3339,0.0],[-179.5161,65.337,0.0],[-179.5109,65.338,0.0],[-179.5078,65.3474,11.1613],[-179.5026,65.3484,6.815],[-179.4995,65.3536,4.1004],[-179.4901,65.3568,0.0],[-179.487,65.362,6.8462],[-179.4818,65.363,5.078],[-179.4792,65.3708,0.0],[-179.4797,65.3724,7.9757999999999996],[-179.487,65.3755,6.8712],[-179.4859,65.3807,0.0],[-179.5016,65.388,11.0094],[-179.5026,65.3912,11.5776],[-179.5057,65.3922,15.8116],[-179.5057,65.3953,20.5461],[-179.5005,65.3974,1.4042],[-179.5078,65.4005,0.0],[-179.5104,65.4042,12.0401],[-179.5266,65.4036,24.1466],[-179.5292,65.4,16.3518],[-179.5255,65.3974,23.698],[-179.5255,65.3943,22.5372],[-179.5318,65.3901,23.6204],[-179.5542,65.3896,14.1591],[-179.5729,65.3979,2.6769],[-179.5833,65.3958,37.1097],[-179.5875,65.3979,21.1043],[-179.5937,65.3958,18.599],[-179.6062,65.4021,12.2361],[-179.6208,65.4021,23.7798],[-179.6313,65.3979,34.1972],[-179.6354,65.4,3.7193],[-179.6458,65.4,30.3455],[-179.6557,65.4047,0.164],[-179.6568,65.4078,-0.1205],[-179.6609,65.4099,0.0013],[-179.6687,65.4104,16.1535],[-179.6729,65.4125,15.3108],[-179.6771,65.4104,28.4763],[-179.6833,65.4125,2.9453],[-179.6917,65.4083,9.4221],[-179.7187,65.4083,3.4778],[-179.7229,65.4063,16.5025],[-179.7354,65.4063,2.5183],[-179.737,65.4057,-0.0008],[-179.7401,65.3984,11.0493],[-179.7479,65.3958,14.9158],[-179.7583,65.3958,11.1083],[-179.7724,65.3912,1.905],[-179.7734,65.388,9.5848],[-179.7812,65.3875,24.2393],[-179.7859,65.3839,24.0108],[-179.7937,65.3833,12.8928],[-179.7979,65.3812,17.6984],[-179.8188,65.3812,3.382],[-179.8203,65.3818,3.8038],[-179.8193,65.3849,0.6992],[-179.8292,65.3896,-0.0336],[-179.837,65.3901,20.112],[-179.8437,65.3938,12.7199],[-179.8516,65.3912,21.6169],[-179.8547,65.3859,20.7146],[-179.8599,65.3849,16.7922],[-179.8609,65.3818,13.5116],[-179.8661,65.3807,0.9707],[-179.8672,65.3776,10.3392],[-179.875,65.375,10.531],[-179.8958,65.375,13.8456],[-179.9,65.3771,0.1728],[-179.9062,65.3771,6.3132],[-179.9078,65.3766,12.3235],[-179.9089,65.3714,7.1392],[-179.9229,65.3667,3.1188],[-179.9411,65.3641,-0.2473],[-179.9411,65.3609,4.4916],[-179.9193,65.3557,5.5053],[-179.9203,65.3526,0.0],[-179.9089,65.3474,9.2151],[-179.9036,65.3401,0.0],[-179.8963,65.337,4.3694],[-179.8974,65.3339,0.0],[-179.8792,65.3333,0.0],[-179.875,65.3354,4.6255],[-179.8667,65.3313,0.0],[-179.8589,65.3307,2.0269],[-179.8505,65.3266,6.3341],[-179.8495,65.3234,6.487],[-179.8422,65.3203,5.2357],[-179.8464,65.3089,8.2338],[-179.8578,65.3057,1.589],[-179.8578,65.3026,7.0825],[-179.8547,65.3005,7.6736],[-179.8729,65.2958,4.4704],[-179.8938,65.2958,3.7872],[-179.8979,65.2979,4.1689],[-179.9083,65.2979,1.6789],[-179.9125,65.3,1.8627],[-179.9208,65.3,2.0649],[-179.925,65.3021,0.2002],[-179.9312,65.3021,0.9244],[-179.9375,65.3,3.9254],[-179.9474,65.3026,3.643],[-179.9542,65.3063,0.0],[-179.962,65.3068,2.354],[-179.9703,65.3109,1.7585],[-179.9693,65.3141,0.0],[-179.9724,65.3151,0.0],[-179.9734,65.3182,0.0],[-179.9766,65.3193,0.0],[-179.9776,65.3224,0.0],[-179.9807,65.3245,0.0],[-179.9755,65.3255,0.0],[-179.9724,65.3328,0.0],[-179.9646,65.3354,0.0],[-179.9542,65.3354,0.0],[-179.9526,65.337,0.0],[-179.9687,65.3375,0.0],[-179.9787,65.3422,0.0],[-179.9734,65.3443,0.0],[-179.9724,65.3495,0.0],[-179.9646,65.3521,0.0],[-179.9568,65.3526,0.0],[-179.9583,65.3542,0.0],[-179.9641,65.3547,0.0],[-179.9651,65.3578,0.0],[-179.9724,65.3588,0.0],[-179.9703,65.3662,0.0],[-179.9583,65.3667,8.3151],[-179.9542,65.3688,4.1941],[-179.9354,65.3708,-0.0648],[-179.9297,65.3745,0.1198],[-179.937,65.3786,0.2797],[-179.9271,65.3792,1.4809],[-179.9245,65.3828,10.6234],[-179.9167,65.3833,0.4145],[-179.9125,65.3854,10.1399],[-179.9021,65.3854,7.0129],[-179.8979,65.3833,0.0585],[-179.8771,65.3833,-0.006],[-179.8693,65.3859,3.666],[-179.8661,65.3953,0.0646],[-179.8583,65.4,11.326599999999999],[-179.85,65.4,0.4502],[-179.8458,65.4021,18.6281],[-179.8292,65.4021,-0.0223],[-179.825,65.4042,1.1272],[-179.8208,65.4042,0.676],[-179.8125,65.4,1.3134],[-179.8021,65.4,0.888],[-179.7979,65.3979,0.6499],[-179.7917,65.3979,0.4234],[-179.7891,65.4016,0.804],[-179.7812,65.4042,2.4873],[-179.7646,65.4042,-0.1536],[-179.7604,65.4063,10.8148],[-179.7479,65.4063,1.0186],[-179.7453,65.4099,1.2492],[-179.7401,65.4109,0.2846],[-179.7375,65.4146,16.937],[-179.7208,65.4146,4.6049],[-179.7146,65.4167,0.513],[-179.7104,65.4146,0.506],[-179.6958,65.4187,0.4834],[-179.6646,65.4187,0.8017],[-179.6604,65.4167,2.0647],[-179.6484,65.4161,25.4896],[-179.6536,65.413,-0.2078],[-179.6438,65.4083,8.7405],[-179.6271,65.4104,5.864],[-179.6229,65.4083,0.7065],[-179.6125,65.4083,29.8586],[-179.6083,65.4063,-0.0789],[-179.6042,65.4083,30.0762],[-179.6,65.4063,15.6857],[-179.5854,65.4042,33.7719],[-179.5771,65.4,-0.0669],[-179.5708,65.4021,19.1948],[-179.5646,65.4021,6.8657],[-179.5521,65.3979,6.7929],[-179.5417,65.3979,0.0],[-179.538,65.4016,0.0],[-179.5474,65.4057,22.7256],[-179.5333,65.4125,17.7843],[-179.5167,65.4125,17.6324],[-179.5125,65.4104,0.0],[-179.5063,65.4104,0.0],[-179.5036,65.4141,5.1972],[-179.4958,65.4167,1.0483],[-179.4818,65.4172,0.0],[-179.4807,65.4203,4.0261],[-179.4755,65.4213,0.0],[-179.4693,65.4255,3.6188],[-179.4672,65.4328,0.0],[-179.4703,65.4339,9.5394],[-179.4714,65.437,10.6576],[-179.4745,65.4391,0.0],[-179.463,65.4422,0.0],[-179.4661,65.4453,12.8669],[-179.4599,65.4495,0.5484],[-179.4505,65.4526,0.0],[-179.4458,65.4583,0.0],[-179.4276,65.4568,0.0],[-179.4234,65.4599,0.0],[-179.4307,65.4609,11.5136],[-179.4255,65.463,0.0],[-179.4286,65.4651,0.0],[-179.4286,65.4703,7.6388],[-179.4146,65.475,1.3721],[-179.4083,65.475,0.0],[-179.4036,65.4786,4.8179],[-179.3958,65.4792,1.5511],[-179.3875,65.4833,7.1708],[-179.3776,65.4838,5.5699],[-179.3755,65.4901,0.0],[-179.3786,65.4922,0.0],[-179.3797,65.4953,2.6738],[-179.3953,65.5005,6.391],[-179.3963,65.5036,1.0067],[-179.3995,65.5047,1.883],[-179.3984,65.5099,0.0],[-179.4016,65.5109,3.7442],[-179.4026,65.5141,0.0],[-179.4141,65.5193,6.1185],[-179.4089,65.5224,0.0],[-179.4182,65.5234,2.4061],[-179.413,65.5266,0.0],[-179.4224,65.5276,5.3627],[-179.4214,65.5307,0.0],[-179.4245,65.5318,0.0],[-179.4245,65.5349,3.8013],[-179.4193,65.537,0.3647],[-179.437,65.5422,9.3187],[-179.4359,65.5453,0.0],[-179.4391,65.5463,3.964],[-179.4401,65.5495,2.6659],[-179.4438,65.5521,6.2582],[-179.4432,65.5537,7.3489],[-179.438,65.5547,0.0],[-179.4411,65.5568,4.6382],[-179.4411,65.5599,5.8998],[-179.4359,65.5609,0.0],[-179.4333,65.5646,5.7617],[-179.4234,65.5651,0.0],[-179.4266,65.5672,6.5606],[-179.4266,65.5724,2.7441],[-179.4021,65.5729,0.0],[-179.3979,65.575,0.0],[-179.3922,65.5724,6.0368],[-179.3932,65.5672,0.0],[-179.388,65.5651,8.6988],[-179.3932,65.563,6.014],[-179.3875,65.5604,0.0],[-179.3771,65.5604,0.0],[-179.3625,65.5646,10.6735],[-179.3562,65.5646,9.5298],[-179.3521,65.5625,0.0],[-179.3401,65.563,5.3192],[-179.338,65.5661,2.4901],[-179.3411,65.5672,7.0135],[-179.3422,65.5703,15.3777],[-179.3542,65.5708,4.8806],[-179.3641,65.5734,5.0767],[-179.3651,65.5787,2.1914],[-179.3682,65.5807,2.1229],[-179.3542,65.5813,3.8697],[-179.3432,65.5755,2.466],[-179.3401,65.5755,3.3684],[-179.3391,65.5787,5.9444],[-179.3338,65.5797,0.0],[-179.3318,65.5828,0.0],[-179.3375,65.5854,6.2401],[-179.3437,65.5854,7.4401],[-179.3453,65.587,5.8481],[-179.3297,65.588,5.1867],[-179.3286,65.5932,22.7252],[-179.3172,65.5964,0.0],[-179.3141,65.6016,0.0],[-179.3089,65.6026,0.0],[-179.3062,65.6104,5.8227],[-179.3099,65.613,8.4238],[-179.3109,65.6162,1.701],[-179.3141,65.6172,2.7056],[-179.312,65.6203,0.3839],[-179.3089,65.6214,1.2317],[-179.312,65.6245,0.5693],[-179.2979,65.625,1.5302],[-179.2937,65.6229,0.4123],[-179.2833,65.6229,3.4099],[-179.2818,65.6234,3.4603],[-179.2792,65.6292,3.9052],[-179.2812,65.6312,3.3765],[-179.3062,65.6333,2.9343],[-179.3375,65.6417,1.534],[-179.3479,65.6417,6.2044],[-179.3521,65.6438,3.9497],[-179.3583,65.6438,6.9802],[-179.3667,65.6479,3.7452],[-179.3771,65.6479,23.1025],[-179.387,65.6505,2.2553],[-179.3938,65.6542,2.0836],[-179.4062,65.6542,1.8462],[-179.412,65.6516,18.0359],[-179.4089,65.6484,0.0],[-179.4141,65.6474,0.0],[-179.4151,65.6443,7.892],[-179.4266,65.6412,7.0019],[-179.4193,65.638,1.0],[-179.4286,65.637,0.0],[-179.4391,65.6328,1.5466],[-179.4463,65.6276,0.8491],[-179.4604,65.6271,9.9474],[-179.462,65.6276,9.8296],[-179.4609,65.6307,0.0],[-179.4625,65.6312,0.0],[-179.4792,65.6292,6.0167],[-179.4812,65.6312,4.1034],[-179.4745,65.6495,2.2972],[-179.4667,65.65,0.0],[-179.4526,65.6547,0.0],[-179.4526,65.6578,0.0],[-179.4557,65.6589,15.21],[-179.4536,65.6641,1.3713],[-179.4458,65.6646,1.6825],[-179.4443,65.6661,0.7444],[-179.4542,65.6708,3.5409],[-179.4688,65.6729,1.2971],[-179.4724,65.6703,1.1609],[-179.4734,65.6651,1.1293],[-179.4771,65.6625,1.7041],[-179.4812,65.6646,0.0],[-179.4979,65.6667,6.9142],[-179.5005,65.663,12.6539],[-179.5099,65.6609,2.7235],[-179.5224,65.6672,6.5815],[-179.5234,65.6703,6.2381],[-179.5266,65.6713,13.813],[-179.525,65.6729,12.0638],[-179.5068,65.6734,1.8197],[-179.5141,65.6776,6.4304],[-179.5151,65.6807,0.0],[-179.5224,65.6818,9.1847],[-179.5307,65.6859,10.7075],[-179.5333,65.6896,0.0],[-179.5479,65.6917,1.0674],[-179.5542,65.6896,1.5962],[-179.5599,65.6922,0.0],[-179.5547,65.6943,0.0],[-179.5536,65.6974,10.0525],[-179.5484,65.6984,7.774],[-179.5484,65.7016,1.4944],[-179.5557,65.7026,9.8137],[-179.5599,65.7047,0.0965],[-179.5609,65.7078,2.3879],[-179.5667,65.7104,2.2617],[-179.5729,65.7083,3.7786],[-179.5771,65.7104,1.0011],[-179.5891,65.7109,11.5519],[-179.5901,65.7141,2.394],[-179.5974,65.7172,6.5736],[-179.5958,65.7208,1.2906],[-179.5964,65.7245,3.6667],[-179.6286,65.7401,5.7132],[-179.6297,65.7432,0.0],[-179.6411,65.7484,3.5893],[-179.6422,65.7516,0.0],[-179.6662,65.763,5.8421],[-179.6672,65.7662,5.6922],[-179.6797,65.7724,11.5581],[-179.6849,65.7734,26.2103],[-179.6839,65.7766,0.5],[-179.6938,65.7813,21.5846],[-179.7,65.7813,9.8159],[-179.7042,65.7792,11.3578],[-179.725,65.7792,10.632],[-179.7276,65.7828,0.7386],[-179.7307,65.7839,1.4768],[-179.7318,65.787,0.9979],[-179.7375,65.7896,0.0],[-179.7557,65.7839,0.6907],[-179.7557,65.787,0.0],[-179.7505,65.788,0.0],[-179.7474,65.7974,1.3404],[-179.7396,65.7979,0.0],[-179.7318,65.8005,0.0],[-179.7287,65.8099,25.7446],[-179.7266,65.812,4.7015],[-179.7214,65.813,0.0],[-179.7208,65.8167,19.0524],[-179.7214,65.8182,12.9487],[-179.7287,65.8214,21.8619],[-179.7234,65.8245,0.0],[-179.7307,65.8276,14.8271],[-179.7318,65.8307,0.0],[-179.7391,65.8339,9.4958],[-179.7401,65.837,5.1437],[-179.7432,65.838,12.4631],[-179.7422,65.8432,0.0],[-179.7495,65.8484,6.2519],[-179.7505,65.8536,0.0],[-179.7578,65.8568,7.6805],[-179.7526,65.8599,0.0],[-179.7599,65.863,0.0],[-179.7609,65.8682,0.0],[-179.7682,65.8693,4.6789],[-179.7724,65.8714,0.7783],[-179.7734,65.8745,1.2626],[-179.7818,65.8786,0.9996],[-179.7912,65.8797,5.6259],[-179.7797,65.8839,3.0745],[-179.7828,65.887,0.8458],[-179.7776,65.8891,0.0],[-179.7828,65.8901,1.9958],[-179.7812,65.8938,3.2488],[-179.7854,65.8979,7.7442],[-179.7833,65.9042,0.0],[-179.787,65.9068,5.7896],[-179.7859,65.9099,0.0],[-179.7912,65.9109,7.975],[-179.7896,65.9146,0.0],[-179.7932,65.9182,7.639],[-179.788,65.9203,0.0],[-179.7912,65.9213,5.5628],[-179.7922,65.9266,0.0],[-179.7953,65.9276,7.3898],[-179.7964,65.9307,8.4594],[-179.7995,65.9318,13.9296],[-179.7943,65.9339,5.5866],[-179.7979,65.9375,10.154],[-179.7974,65.9391,11.5491],[-179.7922,65.9411,0.0],[-179.7953,65.9422,0.0],[-179.7964,65.9453,13.0988],[-179.7995,65.9474,14.9267],[-179.7974,65.9537,16.6363],[-179.7922,65.9547,0.0],[-179.7901,65.9589,0.0],[-179.7932,65.9609,13.3309],[-179.7937,65.9646,32.1973],[-179.7912,65.9745,170.2677],[-179.7891,65.9766,56.694],[-179.7839,65.9776,0.0],[-179.7891,65.9797,107.7193],[-179.787,65.9849,74.5933],[-179.7818,65.9859,0.0],[-179.7849,65.988,31.4997],[-179.7849,65.9912,91.2664],[-179.7797,65.9922,0.0],[-179.7755,66.0026,0.9365],[-179.7807,66.0057,1.7715],[-179.7693,66.0068,0.0],[-179.7724,66.0089,23.8812],[-179.7724,66.0141,22.4897],[-179.7672,66.0172,3.9259],[-179.7641,66.0224,24.6457],[-179.7588,66.0234,0.0],[-179.7682,66.0266,195.7336],[-179.763,66.0276,66.9676],[-179.762,66.0307,110.6766],[-179.7568,66.0318,40.1227],[-179.7542,66.0375,34.6105],[-179.7578,66.0411,144.9496],[-179.7526,66.0432,0.0],[-179.7599,66.0484,24.9699],[-179.7604,66.0521,43.491],[-179.7588,66.0557,0.0],[-179.7625,66.0583,22.2902],[-179.7609,66.0661,0.0],[-179.7708,66.0708,20.6128],[-179.7786,66.0714,1.4224],[-179.787,66.0755,1.4268],[-179.788,66.0807,0.0],[-179.7953,66.0818,0.9863],[-179.7859,66.0849,0.0],[-179.7932,66.088,0.6271],[-179.7943,66.0911,0.7788],[-179.7974,66.0922,1.0873],[-179.7922,66.0943,0.7509],[-179.7953,66.0974,0.8709],[-179.7896,66.1,1.1892],[-179.7833,66.0979,0.7002],[-179.7771,66.1,0.789],[-179.7729,66.0979,1.0108],[-179.7667,66.0979,1.1434],[-179.7625,66.1,0.0],[-179.7521,66.1,0.0],[-179.7255,66.1088,0.0],[-179.7245,66.112,80.0926],[-179.713,66.1151,0.0],[-179.712,66.1203,35.618],[-179.7026,66.1214,0.0],[-179.7005,66.1245,0.0],[-179.7036,66.1266,45.803],[-179.6943,66.1276,0.0],[-179.6917,66.1312,2.3905],[-179.6818,66.1318,0.0],[-179.6755,66.1359,0.0],[-179.6745,66.1412,1.7143],[-179.6693,66.1453,3.3062],[-179.687,66.1484,6.252],[-179.687,66.1516,0.0],[-179.6818,66.1526,0.0],[-179.6854,66.1563,0.0],[-179.6828,66.1641,0.0],[-179.6776,66.1651,0.0],[-179.6729,66.1687,0.6068],[-179.6562,66.1687,0.0],[-179.6521,66.1708,0.9384],[-179.6396,66.1708,0.0],[-179.6313,66.175,0.8118],[-179.6187,66.175,0.0],[-179.6146,66.1771,2.015],[-179.6042,66.1729,0.0],[-179.5984,66.1724,0.0],[-179.5958,66.1687,0.0],[-179.5797,66.1661,3.5487],[-179.5771,66.1625,0.0],[-179.5609,66.1599,8.771],[-179.5599,66.1568,0.0],[-179.5562,66.1542,43.3392],[-179.5589,66.1464,39.0376],[-179.5641,66.1443,0.0],[-179.5568,66.1412,20.2079],[-179.5557,66.138,6.4499],[-179.5484,66.1349,17.1543],[-179.5474,66.1318,0.0],[-179.5276,66.1224,13.41],[-179.5354,66.1167,1.1743],[-179.5536,66.1182,25.36],[-179.5547,66.1151,76.9856],[-179.5599,66.1141,45.4307],[-179.5542,66.1104,0.0],[-179.5417,66.1104,26.944],[-179.5375,66.1083,0.0],[-179.5333,66.1104,28.6776],[-179.5063,66.1104,0.0],[-179.5021,66.1125,4.7587],[-179.4958,66.1125,14.864],[-179.4917,66.1104,0.0],[-179.4854,66.1125,21.3603],[-179.4333,66.1125,15.3422],[-179.4292,66.1104,0.0],[-179.4125,66.1104,0.0],[-179.4083,66.1125,20.5241],[-179.3917,66.1125,1.3975],[-179.3875,66.1146,2.2871],[-179.3813,66.1125,0.0],[-179.3771,66.1146,8.2154],[-179.3562,66.1146,0.0],[-179.3396,66.1208,8.9092],[-179.3333,66.1188,0.0],[-179.3167,66.125,14.9986],[-179.3104,66.125,3.5311],[-179.2922,66.1297,4.0853],[-179.2912,66.1328,19.7488],[-179.2859,66.1339,10.6757],[-179.2849,66.137,16.3976],[-179.2734,66.138,0.0],[-179.2724,66.1412,12.3261],[-179.2672,66.1422,0.0],[-179.2661,66.1453,30.2265],[-179.2547,66.1464,0.0],[-179.2599,66.1495,45.1419],[-179.2484,66.1505,0.0],[-179.2474,66.1536,68.556],[-179.238,66.1547,0.0],[-179.2349,66.1578,0.0],[-179.2297,66.1589,0.0],[-179.2287,66.162,70.3969],[-179.2234,66.163,0.0],[-179.2234,66.1682,60.8479],[-179.2266,66.1703,114.54],[-179.2214,66.1713,8.6823],[-179.2182,66.1807,0.9942],[-179.2161,66.1828,1.2493],[-179.2109,66.1839,4.1065],[-179.2109,66.187,2.4414],[-179.2292,66.1875,27.3086],[-179.2349,66.1901,166.6905],[-179.2339,66.1953,59.327],[-179.237,66.1964,168.6686],[-179.238,66.1995,114.8457],[-179.2453,66.2005,283.4176],[-179.2401,66.2057,51.7481],[-179.2437,66.2063,95.9902],[-179.2479,66.2042,307.276],[-179.2505,66.2078,273.7916],[-179.2578,66.2109,260.4438],[-179.2578,66.2141,59.3511],[-179.2563,66.2146,24.8555],[-179.2484,66.213,18.3977],[-179.2484,66.2161,2.0423],[-179.2641,66.2234,20.9088],[-179.2651,66.2266,2.6093],[-179.2682,66.2276,17.6754],[-179.2693,66.2307,1.8254],[-179.2734,66.2328,0.0],[-179.2854,66.2333,337.0697],[-179.2953,66.238,299.5684],[-179.2943,66.2453,2.4475],[-179.3,66.2479,4.6454],[-179.3078,66.2484,45.2421],[-179.3089,66.2516,134.3483],[-179.3161,66.2526,347.7973],[-179.3172,66.2578,132.6816],[-179.3396,66.2583,497.1114],[-179.3437,66.2604,557.6627],[-179.3557,66.2609,318.9101],[-179.3547,66.2662,157.3598],[-179.3583,66.2688,21.4579],[-179.3578,66.2703,16.8614],[-179.3526,66.2724,4.9995],[-179.3625,66.2771,0.0],[-179.3807,66.2797,54.1831],[-179.3797,66.2828,0.0],[-179.3813,66.2833,0.0],[-179.3891,66.2839,189.3268],[-179.3838,66.2859,0.0],[-179.3813,66.2937,2.8481],[-179.3833,66.2958,0.8905],[-179.3891,66.2963,2.0046],[-179.3901,66.2995,0.0],[-179.3974,66.3047,101.3561],[-179.3922,66.3068,9.2651],[-179.3911,66.3099,25.1398],[-179.3859,66.3109,0.0],[-179.3891,66.313,17.8436],[-179.3901,66.3161,2.2508],[-179.3958,66.3187,0.914],[-179.4182,66.3193,142.1259],[-179.4167,66.3208,45.2647],[-179.4089,66.3214,3.3627],[-179.4146,66.325,1.404],[-179.4563,66.325,5.3231],[-179.4578,66.3266,4.511],[-179.45,66.3271,3.6445],[-179.4458,66.3292,3.4878999999999998],[-179.4276,66.3297,1.9969],[-179.4307,66.3318,2.4624],[-179.4297,66.3349,2.9267],[-179.4391,66.3359,4.0525],[-179.4375,66.3375,3.7008],[-179.4271,66.3375,3.0483],[-179.4167,66.3333,2.0178],[-179.4104,66.3354,1.9303],[-179.3875,66.3292,1.3101],[-179.3771,66.3292,1.1632],[-179.3729,66.3271,0.8407],[-179.3667,66.3271,1.8151],[-179.3568,66.3245,2.1968],[-179.35,66.3208,1.754],[-179.3359,66.3203,3.0437],[-179.3234,66.3141,6.5097],[-179.3224,66.3109,0.0],[-179.3193,66.3099,0.0],[-179.3203,66.3047,0.0],[-179.3109,66.3037,13.1705],[-179.3099,66.3005,0.0],[-179.3026,66.2995,0.0],[-179.3,66.2958,0.0],[-179.288,66.2953,34.0021],[-179.287,66.2922,0.0],[-179.2812,66.2896,0.0],[-179.275,66.2917,46.6613],[-179.2625,66.2875,0.0],[-179.25,66.2875,27.6076],[-179.2401,66.2849,5.1418],[-179.2375,66.2813,0.8191],[-179.2312,66.2833,4.8122],[-179.2271,66.2813,3.626],[-179.2125,66.2813,103.3954],[-179.2021,66.2771,0.0],[-179.1875,66.275,42.7131],[-179.1766,66.2693,0.0],[-179.1687,66.2688,78.0613],[-179.1604,66.2646,17.3817],[-179.1526,66.2672,6.7712],[-179.1479,66.2708,21.755],[-179.1297,66.2734,0.0],[-179.1297,66.2766,1.5021],[-179.1328,66.2786,3.77],[-179.1276,66.2807,0.0],[-179.1307,66.2818,3.4703],[-179.1297,66.287,0.0],[-179.1328,66.288,11.1198],[-179.1328,66.2911,45.0215],[-179.1276,66.2922,0.0],[-179.1266,66.2953,8.38],[-179.1151,66.2984,1.6403],[-179.1229,66.3063,23.7279],[-179.1224,66.3099,23.8029],[-179.1203,66.312,14.0473],[-179.1151,66.313,0.0],[-179.1203,66.3161,19.1636],[-179.1182,66.3182,4.4893],[-179.113,66.3193,2.4885],[-179.1167,66.3229,9.0313],[-179.1151,66.3287,0.0],[-179.1245,66.3297,27.4635],[-179.1193,66.3318,0.0],[-179.1229,66.3354,0.0],[-179.1203,66.3453,12.6749],[-179.1141,66.3495,4.6064],[-179.1089,66.3505,1.7986],[-179.1005,66.3568,0.0],[-179.1005,66.3599,0.0],[-179.1037,66.3609,0.0],[-179.1037,66.3641,0.0],[-179.1,66.3646,0.0],[-179.0958,66.3625,0.0],[-179.0896,66.3667,1.8825],[-179.0818,66.3672,1.7304],[-179.0807,66.3703,2.6469],[-179.0708,66.3708,1.8662],[-179.0667,66.3729,2.8163],[-179.0568,66.3682,7.0142],[-179.0599,66.3651,0.0],[-179.0526,66.362,15.1387],[-179.0521,66.3604,10.9283],[-179.0542,66.3562,6.5162],[-179.05,66.3521,34.8626],[-179.0505,66.3505,23.8394],[-179.0557,66.3484,0.0],[-179.0484,66.3453,27.2914],[-179.0479,66.3438,31.4453],[-179.0484,66.3422,27.4422],[-179.0536,66.3411,0.0],[-179.0547,66.338,8.6715],[-179.0599,66.3359,0.0],[-179.0568,66.3349,13.1041],[-179.0557,66.3318,11.7939],[-179.0484,66.3287,22.0664],[-179.0495,66.3234,2.4403],[-179.0458,66.3208,21.6848],[-179.0464,66.3193,28.648],[-179.0516,66.3172,5.5615],[-179.0443,66.312,13.5813],[-179.0453,66.3068,6.2267],[-179.0401,66.3047,24.542],[-179.0453,66.3037,15.0032],[-179.0474,66.3016,17.0898],[-179.05,66.2937,9.5716],[-179.038,66.2818,19.5249],[-179.0453,66.2766,0.0],[-179.0417,66.2729,15.7793],[-179.0443,66.2651,9.2532],[-179.0536,66.2641,0.4924],[-179.0625,66.2583,3.1209],[-179.0724,66.2578,22.3838],[-179.0693,66.2547,3.9304],[-179.0724,66.2536,12.8046],[-179.0766,66.2474,23.0182],[-179.0766,66.2443,0.0],[-179.0734,66.2422,10.8735],[-179.0786,66.2412,0.0],[-179.0786,66.2359,5.1193],[-179.0646,66.2292,0.0],[-179.0583,66.2292,38.0724],[-179.0422,66.2245,18.5217],[-179.0432,66.2193,2.6471],[-179.0297,66.2161,18.7717],[-179.0088,66.2057,34.2666],[-179.0078,66.2026,29.6253],[-179.0047,66.2016,29.9066],[-179.0036,66.1984,18.7873],[-178.9964,66.1953,25.0081],[-178.9953,66.1922,32.9118],[-178.9922,66.1911,38.1342],[-178.9932,66.188,31.7173],[-178.9901,66.187,33.0901],[-178.9995,66.1818,4.2061],[-178.9896,66.1771,20.5515],[-178.9818,66.1766,11.412],[-178.987,66.1734,2.6646],[-178.9812,66.1708,5.0534],[-178.9734,66.1703,15.2732],[-178.9745,66.1672,0.0],[-178.9651,66.1661,26.6629],[-178.9609,66.1641,27.9243],[-178.9599,66.1609,18.7697],[-178.95,66.1583,6.1449],[-178.9396,66.1583,23.72],[-178.925,66.1542,2.1497],[-178.9146,66.1542,6.1856],[-178.9104,66.1521,0.0],[-178.9062,66.1542,10.4169],[-178.8875,66.1542,13.1756],[-178.8833,66.1563,15.4963],[-178.8458,66.1563,0.0],[-178.838,66.1589,0.0],[-178.837,66.162,9.8253],[-178.8292,66.1646,13.4693],[-178.8213,66.1651,0.0],[-178.8203,66.1682,14.1963],[-178.7901,66.1776,0.0],[-178.7833,66.1813,10.6726],[-178.7646,66.1833,0.0],[-178.7568,66.1859,0.0],[-178.7557,66.1891,13.1702],[-178.7479,66.1917,2.3405],[-178.7354,66.1917,0.0],[-178.7276,66.1943,0.9061],[-178.7255,66.2037,0.0],[-178.7328,66.2068,11.6706],[-178.7333,66.2083,11.3083],[-178.7307,66.2161,34.6859],[-178.7255,66.2172,0.0],[-178.7224,66.2224,95.0887],[-178.7172,66.2234,0.0],[-178.712,66.237,25.1028],[-178.7068,66.238,4.8414],[-178.7016,66.2536,0.0],[-178.6963,66.2547,1.3114],[-178.6917,66.2583,2.4221],[-178.6839,66.2589,0.0],[-178.687,66.2609,2.7758],[-178.687,66.2641,5.532],[-178.6687,66.2688,10.9501],[-178.6604,66.2688,3.1128],[-178.6578,66.2724,10.1223],[-178.6438,66.2771,2.8642],[-178.6359,66.2776,2.5509],[-178.6338,66.2828,0.0],[-178.637,66.2839,9.8708],[-178.637,66.287,13.6247],[-178.6318,66.288,5.7925],[-178.6286,66.2974,7.9873],[-178.6234,66.2984,0.9259],[-178.6266,66.3005,5.9444],[-178.6255,66.3057,0.0],[-178.6286,66.3068,10.5419],[-178.6286,66.3099,15.3762],[-178.6234,66.3109,0.0],[-178.6224,66.3141,12.6093],[-178.6172,66.3151,8.6935],[-178.6141,66.3224,12.9919],[-178.6089,66.3234,0.0],[-178.612,66.3255,9.1002],[-178.613,66.3287,5.8654],[-178.6245,66.3339,9.9985],[-178.625,66.3375,1.6499],[-178.6224,66.3411,2.8441],[-178.6109,66.3443,0.0],[-178.6099,66.3474,3.7929],[-178.6047,66.3484,0.0],[-178.6037,66.3536,2.8323],[-178.6021,66.3542,1.5619],[-178.5854,66.3542,4.5191],[-178.5776,66.3516,31.9446],[-178.5786,66.3484,0.0],[-178.5755,66.3474,20.7658],[-178.5729,66.3438,5.1703],[-178.5458,66.3458,3.3269],[-178.5359,66.3505,0.0],[-178.5359,66.3557,37.401],[-178.5396,66.3583,25.48],[-178.538,66.362,0.0],[-178.5412,66.3641,0.0],[-178.5359,66.3662,0.0],[-178.5412,66.3682,23.1942],[-178.5391,66.3724,29.7918],[-178.5339,66.3745,0.0],[-178.5375,66.3771,20.4685],[-178.5359,66.3828,0.0],[-178.5432,66.3859,9.9597],[-178.538,66.388,0.9034],[-178.537,66.3932,2.1668],[-178.5333,66.3938,1.395],[-178.5292,66.3917,1.8072],[-178.5083,66.3917,0.6808],[-178.4937,66.3875,0.0],[-178.4833,66.3875,0.0],[-178.4792,66.3896,1.7028],[-178.475,66.3875,0.0],[-178.4672,66.387,1.725],[-178.4588,66.3828,0.0],[-178.4578,66.3797,1.4969],[-178.4547,66.3786,4.5247],[-178.4599,66.3766,1.7217],[-178.462,66.3693,0.0],[-178.4443,66.362,14.1257],[-178.4453,66.3588,19.6457],[-178.4417,66.3562,10.5025],[-178.4432,66.3505,0.0],[-178.438,66.3495,20.1433],[-178.4401,66.3464,11.7097],[-178.4453,66.3453,7.7858],[-178.4458,66.3438,10.7569],[-178.4453,66.3401,43.0324],[-178.438,66.3391,33.5915],[-178.4432,66.337,5.9458],[-178.4401,66.3339,28.5922],[-178.4432,66.3328,11.4332],[-178.4464,66.3276,35.9182],[-178.4516,66.3245,40.2544],[-178.4542,66.3208,28.4276],[-178.4505,66.3182,26.9606],[-178.4495,66.3151,0.0],[-178.4464,66.3141,41.7586],[-178.4474,66.3109,0.0],[-178.4438,66.3083,1.5363],[-178.4443,66.3068,3.6707],[-178.4495,66.3057,0.0],[-178.4516,66.2984,3.3279],[-178.4484,66.2974,9.1915],[-178.4474,66.2943,9.2272],[-178.4401,66.2911,12.0164],[-178.4453,66.2891,10.7545],[-178.4453,66.2859,8.8731],[-178.4339,66.2807,13.855],[-178.4333,66.2792,11.9756],[-178.4339,66.2776,12.4728],[-178.4453,66.2745,10.4508],[-178.4464,66.2714,11.2311],[-178.4547,66.2651,2.013],[-178.4641,66.262,1.5501],[-178.4672,66.2589,0.7437],[-178.4891,66.2516,1.2088],[-178.4917,66.2479,0.6658],[-178.4896,66.2458,1.2949],[-178.4818,66.2453,0.0],[-178.4828,66.2401,0.0],[-178.4755,66.2391,26.5305],[-178.4745,66.2359,17.4586],[-178.4661,66.2318,0.0],[-178.4484,66.2286,12.4804],[-178.4474,66.2255,2.6513],[-178.4443,66.2245,5.4153],[-178.4432,66.2214,5.1249],[-178.4401,66.2193,17.657],[-178.4453,66.2182,8.3946],[-178.4464,66.2151,13.0985],[-178.4542,66.2125,7.1046],[-178.4604,66.2125,10.8876],[-178.4651,66.2089,10.435],[-178.4703,66.2078,6.6738],[-178.4672,66.2047,8.5617],[-178.4766,66.2016,9.1049],[-178.4734,66.1984,8.987],[-178.4797,66.1943,6.6305],[-178.4849,66.1932,6.8482],[-178.4818,66.1901,3.1199],[-178.4932,66.187,8.0177],[-178.4901,66.1839,8.134],[-178.4953,66.1828,7.6354],[-178.5026,66.1776,7.4566],[-178.5078,66.1766,4.1485],[-178.5109,66.1672,6.3494],[-178.5161,66.1661,1.9882],[-178.5146,66.1646,0.0],[-178.5083,66.1646,3.6573],[-178.5016,66.1609,0.0],[-178.4943,66.1599,5.9431],[-178.4932,66.1568,0.0],[-178.4854,66.1563,6.9291],[-178.4797,66.1536,4.0996],[-178.4807,66.1506,7.048],[-178.4776,66.1495,7.2689],[-178.4766,66.1443,4.7366],[-178.4693,66.1412,15.9727],[-178.4714,66.138,9.2349],[-178.4766,66.1349,16.1301],[-178.4776,66.1318,13.0149],[-178.4828,66.1307,13.8523],[-178.4859,66.1255,12.1796],[-178.4911,66.1245,8.0245],[-178.4922,66.1214,5.9295],[-178.4974,66.1203,7.0248],[-178.5,66.1146,9.1466],[-178.4964,66.112,7.35],[-178.4964,66.1088,10.8248],[-178.5078,66.1078,8.2509],[-178.512,66.1057,8.7933],[-178.5167,66.1,12.3159],[-178.5229,66.1,9.3777],[-178.5312,66.1042,12.4368],[-178.5479,66.1021,1.4244],[-178.5516,66.0995,1.5104],[-178.5526,66.0964,1.4447],[-178.5578,66.0953,1.3585],[-178.5589,66.0922,2.0424],[-178.5729,66.0875,7.4567],[-178.5792,66.0875,5.1565],[-178.5833,66.0896,5.956],[-178.6146,66.0896,4.1935],[-178.6187,66.0917,1.0797],[-178.625,66.0917,2.1449],[-178.6396,66.0854,1.6362],[-178.6474,66.087,0.9504],[-178.65,66.0833,0.8125],[-178.6458,66.0792,1.6999],[-178.6495,66.0714,2.6502],[-178.6443,66.0703,2.8007],[-178.6453,66.0672,3.0375],[-178.6422,66.0651,4.1785],[-178.6516,66.062,3.4953],[-178.6484,66.0589,4.8322],[-178.6536,66.0578,4.0891],[-178.6557,66.0557,2.9571],[-178.6568,66.0505,5.4286],[-178.662,66.0495,5.1145],[-178.6625,66.0479,4.8553],[-178.662,66.0463,4.7875],[-178.6547,66.0432,7.5523],[-178.6557,66.0401,0.0],[-178.6526,66.0391,2.7846],[-178.6521,66.0354,4.1593],[-178.6542,66.0292,2.9775],[-178.6505,66.0266,5.2335],[-178.6516,66.0234,5.7431],[-178.6484,66.0224,6.4486],[-178.6484,66.0193,5.6313],[-178.6599,66.0162,8.8671],[-178.6672,66.0109,9.1124],[-178.6724,66.0099,5.9284],[-178.6724,66.0068,5.0701],[-178.6693,66.0047,4.6998],[-178.6771,66.0042,7.6993],[-178.6812,66.0021,2.3834],[-178.6938,66.0021,9.1569],[-178.7042,65.9979,11.815],[-178.712,65.9974,9.5048],[-178.712,65.9943,12.3051],[-178.7088,65.9922,10.6097],[-178.7245,65.9912,6.1781],[-178.7328,65.9849,1.6567],[-178.7328,65.9797,1.8633],[-178.7297,65.9776,3.8111],[-178.7333,65.975,2.991],[-178.7583,65.975,3.7782],[-178.7646,65.9771,0.0],[-178.7688,65.975,4.1665],[-178.7792,65.975,5.2015],[-178.7937,65.9792,1.5142],[-178.8042,65.9792,2.5971],[-178.8167,65.9833,3.198],[-178.8229,65.9833,9.6629],[-178.8313,65.9875,3.9419],[-178.8391,65.988,5.0218],[-178.838,65.9912,0.0],[-178.85,65.9917,4.5206],[-178.8583,65.9958,0.0],[-178.8646,65.9958,5.92],[-178.8687,65.9979,5.0632],[-178.8724,65.9943,3.6255],[-178.8562,65.9875,1.0],[-178.8443,65.987,8.1689],[-178.8453,65.9838,1.0],[-178.8422,65.9828,7.1551],[-178.8422,65.9797,10.4161],[-178.8474,65.9776,8.048],[-178.8401,65.9724,3.8936],[-178.8411,65.9651,36.6931],[-178.8338,65.962,34.3279],[-178.8349,65.9568,3.2794],[-178.8318,65.9557,16.248],[-178.8307,65.9526,0.0],[-178.8234,65.9495,7.146],[-178.8224,65.9464,9.8024],[-178.8188,65.9437,8.9854],[-178.8224,65.9359,12.8771],[-178.8172,65.9339,34.0833],[-178.8224,65.9318,10.8801],[-178.8193,65.9307,19.868],[-178.8203,65.9255,11.3122],[-178.8167,65.9229,29.0071],[-178.8172,65.9213,25.4505],[-178.8224,65.9203,11.5833],[-178.8224,65.9172,12.4125],[-178.8193,65.9151,31.1477],[-178.8213,65.913,21.8929],[-178.8266,65.912,9.3938],[-178.8213,65.9089,21.8484],[-178.825,65.9063,36.591],[-178.8313,65.9063,20.6862],[-178.8354,65.9083,0.0],[-178.8417,65.9042,3.8293],[-178.8495,65.9036,2.448],[-178.8479,65.9021,3.31],[-178.8297,65.9016,23.0666],[-178.8318,65.8984,16.4646],[-178.837,65.8974,1.4789],[-178.8411,65.8943,17.7347],[-178.8286,65.888,14.6046],[-178.8213,65.887,25.3534],[-178.8083,65.8812,4.9676],[-178.8026,65.8807,19.8445],[-178.8016,65.8776,3.8436],[-178.7943,65.8766,18.3976],[-178.7875,65.8729,8.5816],[-178.7813,65.8729,28.0116],[-178.7604,65.8646,24.0725],[-178.7526,65.8641,15.9817],[-178.7516,65.8609,0.0],[-178.7458,65.8583,0.0],[-178.7401,65.8578,7.2999],[-178.7234,65.8495,3.8692],[-178.7224,65.8464,0.0],[-178.7146,65.8458,5.8097],[-178.7088,65.8432,6.0258],[-178.7099,65.8401,0.0],[-178.7068,65.8391,5.7937],[-178.7057,65.8359,3.0133],[-178.6984,65.8328,6.4915],[-178.6979,65.8313,6.9893],[-178.7,65.825,3.9652],[-178.6963,65.8214,7.6393],[-178.7,65.8125,7.1156],[-178.6963,65.8089,7.0632],[-178.7016,65.8078,7.2093],[-178.6979,65.8042,7.5117],[-178.6995,65.8005,3.5461],[-178.6911,65.7963,6.7503],[-178.6875,65.7958,4.5797],[-178.6771,65.8,8.2696],[-178.65,65.8,0.0],[-178.6396,65.8042,2.3031],[-178.6172,65.8037,8.6919],[-178.6286,65.7995,0.0],[-178.6255,65.7963,7.0096],[-178.6307,65.7953,4.574],[-178.6333,65.7875,6.6132],[-178.6297,65.7849,6.3025],[-178.6318,65.7797,6.3036],[-178.637,65.7786,6.0658],[-178.638,65.7755,5.6738],[-178.6432,65.7734,0.0],[-178.6338,65.7724,5.9754],[-178.6411,65.7682,0.0],[-178.638,65.7662,4.4527],[-178.637,65.763,3.7059],[-178.6292,65.7625,4.2836],[-178.625,65.7604,1.8351],[-178.6167,65.7604,3.9551],[-178.6089,65.7578,1.2489],[-178.6099,65.7547,0.9128],[-178.6068,65.7536,1.407],[-178.6068,65.7505,5.5755],[-178.6146,65.75,4.9105],[-178.6161,65.7484,5.7179],[-178.6078,65.7443,5.7613],[-178.6005,65.7432,6.4198],[-178.5995,65.7401,7.8455],[-178.5953,65.738,10.2945],[-178.5792,65.7354,1.8256],[-178.5458,65.7458,5.3563],[-178.5396,65.7458,0.0],[-178.525,65.75,5.449],[-178.5167,65.75,0.0],[-178.5125,65.7521,11.1342],[-178.4771,65.7521,7.0771],[-178.4687,65.7479,0.0],[-178.4625,65.7479,6.1201],[-178.4484,65.7432,7.5909],[-178.4474,65.7401,6.8553],[-178.4443,65.7391,7.3488],[-178.4453,65.7359,0.0],[-178.438,65.7328,6.8502],[-178.437,65.7297,6.6732],[-178.4172,65.7203,6.7009],[-178.4182,65.7109,5.0974],[-178.4109,65.7099,6.2126],[-178.4162,65.7068,2.7237],[-178.4104,65.7042,0.0],[-178.4026,65.7037,6.2433],[-178.4057,65.6943,0.0],[-178.4026,65.6932,9.9638],[-178.4026,65.688,8.3243],[-178.4047,65.6859,8.9978],[-178.4099,65.6849,0.0],[-178.4104,65.6833,8.8607],[-178.4068,65.6797,10.7734],[-178.4182,65.6766,12.6577],[-178.4193,65.6713,22.0308],[-178.4307,65.6703,13.4736],[-178.4318,65.6672,14.1695],[-178.437,65.6661,12.3633],[-178.4401,65.6609,2.8003999999999998],[-178.4453,65.6599,0.0],[-178.4401,65.6578,7.6812],[-178.4453,65.6557,6.7626],[-178.4422,65.6526,7.7632],[-178.4474,65.6516,7.2511],[-178.4443,65.6495,7.5843],[-178.4458,65.6438,0.0],[-178.4422,65.6401,9.2106],[-178.4474,65.6391,7.9662],[-178.4474,65.6359,7.6124],[-178.4443,65.6339,10.0989],[-178.4464,65.6297,8.2265],[-178.4516,65.6266,0.0],[-178.4484,65.6245,11.2792],[-178.4505,65.6193,7.3193],[-178.4557,65.6182,0.0],[-178.4542,65.6167,6.9956],[-178.4484,65.6162,8.3268],[-178.4484,65.613,7.6089],[-178.4536,65.612,3.914],[-178.4505,65.6099,6.3542],[-178.4505,65.6068,6.7686],[-178.4557,65.6057,5.0528],[-178.4583,65.6021,5.1866],[-178.4682,65.6016,4.0149],[-178.4693,65.5984,3.9888],[-178.4771,65.5958,3.9104],[-178.4849,65.5953,4.0538],[-178.4849,65.5922,6.4897],[-178.4818,65.5911,6.8781],[-178.4828,65.588,5.8965],[-178.4797,65.587,6.5057],[-178.4787,65.5839,6.0208],[-178.4714,65.5807,4.7218],[-178.4724,65.5755,0.0],[-178.4687,65.5729,4.63],[-178.4703,65.5693,5.4384],[-178.4667,65.5667,8.5173],[-178.4672,65.5651,8.9624],[-178.4724,65.5641,7.2363],[-178.4755,65.5568,9.7368],[-178.4807,65.5557,8.1845],[-178.4828,65.5516,2.6265],[-178.4828,65.5484,10.6345],[-178.4755,65.5443,11.2173],[-178.4807,65.5432,14.2367],[-178.4833,65.5396,12.6719],[-178.4974,65.5391,10.767],[-178.5,65.5354,19.9125],[-178.5063,65.5375,0.0],[-178.5151,65.5318,17.5652],[-178.5203,65.5307,15.2555],[-178.5266,65.5266,7.0564],[-178.5318,65.5193,4.7218],[-178.537,65.5162,0.0],[-178.537,65.513,2.7078],[-178.5339,65.5109,4.0],[-178.5391,65.5078,3.5509],[-178.5375,65.5062,1.8263],[-178.5172,65.5057,7.3959],[-178.5161,65.5026,5.4002],[-178.513,65.5005,5.5272],[-178.5182,65.4984,7.0305],[-178.5125,65.4958,5.1059],[-178.5088,65.4964,7.146],[-178.5063,65.5,4.6764],[-178.4839,65.4974,4.0],[-178.4797,65.4953,4.595],[-178.4807,65.4901,5.3407],[-178.463,65.487,6.0624],[-178.4641,65.4838,0.0],[-178.4547,65.4828,2.1693],[-178.4557,65.4797,3.7951],[-178.4484,65.4766,7.3582],[-178.4474,65.4734,6.2716],[-178.4391,65.4693,0.0],[-178.4271,65.4688,4.4021],[-178.4229,65.4667,0.0],[-178.4083,65.4667,8.4261],[-178.4042,65.4646,0.0],[-178.3938,65.4646,7.5983],[-178.3896,65.4625,0.0],[-178.3833,65.4646,7.6122],[-178.3708,65.4604,0.0],[-178.3396,65.4604,6.0659],[-178.3354,65.4583,0.0],[-178.3042,65.4625,8.2785],[-178.3,65.4604,0.0],[-178.2812,65.4604,4.4498],[-178.2786,65.4568,0.0],[-178.2688,65.4542,0.0],[-178.2312,65.4563,0.0],[-178.2287,65.4599,3.9642],[-178.2187,65.4604,0.0],[-178.2042,65.4667,5.3435],[-178.1979,65.4646,0.0],[-178.1833,65.4667,0.0],[-178.1792,65.4646,0.0],[-178.1667,65.4646,0.0],[-178.1625,65.4667,3.029],[-178.1583,65.4667,4.1508],[-178.1521,65.4646,0.0],[-178.1417,65.4688,7.2266],[-178.1375,65.4688,7.7414],[-178.1333,65.4667,0.0],[-178.0979,65.4667,4.773],[-178.0833,65.4625,1.6862],[-178.0437,65.4625,5.7508],[-178.0312,65.4583,1.5125],[-178.0208,65.4583,2.0147],[-178.0167,65.4563,0.6713],[-178.0104,65.4563,1.3613],[-178.0063,65.4583,2.8086],[-177.95,65.4583,4.0992],[-177.9458,65.4563,2.6371],[-177.9396,65.4563,2.2254],[-177.9354,65.4583,4.4961],[-177.9292,65.4583,1.5357],[-177.925,65.4563,0.0],[-177.9208,65.4583,0.9984],[-177.9146,65.4583,0.9292],[-177.9104,65.4563,0.0],[-177.9063,65.4583,1.4477],[-177.9,65.4583,1.4816],[-177.8958,65.4563,0.0],[-177.8854,65.4563,1.2028],[-177.8792,65.4604,1.9973],[-177.8687,65.4604,0.0],[-177.8521,65.4667,5.4846],[-177.8458,65.4646,0.0],[-177.8417,65.4667,3.9847],[-177.8313,65.4667,3.4672],[-177.8271,65.4646,1.1319],[-177.8125,65.4646,4.2634],[-177.8083,65.4625,0.0],[-177.7937,65.4604,3.393],[-177.787,65.4568,0.9506],[-177.7797,65.4557,3.5283],[-177.7807,65.4505,0.0],[-177.7792,65.45,0.0],[-177.7583,65.45,0.6056],[-177.7542,65.4521,2.2786],[-177.7458,65.4521,0.2282],[-177.7417,65.4542,3.1582],[-177.7063,65.4542,0.0],[-177.7021,65.4563,2.7902],[-177.6938,65.4563,2.433],[-177.6896,65.4583,4.7785],[-177.6854,65.4563,1.9181],[-177.6792,65.4563,0.0],[-177.675,65.4583,2.1379],[-177.6687,65.4563,0.0],[-177.6542,65.4604,5.4144],[-177.65,65.4583,0.0],[-177.6438,65.4583,0.0],[-177.6396,65.4604,1.1074],[-177.6271,65.4604,0.0],[-177.6229,65.4625,5.4271],[-177.6167,65.4625,4.6165],[-177.6125,65.4604,0.0],[-177.5979,65.4646,5.3243],[-177.5917,65.4625,0.0],[-177.5875,65.4646,4.9845],[-177.5813,65.4646,2.542],[-177.5771,65.4625,0.0],[-177.5667,65.4625,0.0],[-177.5625,65.4646,4.8346],[-177.5562,65.4646,4.4156],[-177.5521,65.4625,0.0],[-177.5479,65.4646,4.6439],[-177.5312,65.4646,2.1635],[-177.5271,65.4667,4.9409],[-177.5208,65.4646,3.0784],[-177.5146,65.4667,5.0664],[-177.5104,65.4646,0.0],[-177.5,65.4646,-0.5],[-177.4958,65.4667,1.3386],[-177.475,65.4667,0.0],[-177.4734,65.4682,6.1233],[-177.4849,65.4724,5.4424],[-177.4734,65.4755,5.725],[-177.4708,65.4792,8.1934],[-177.4526,65.4786,6.3003],[-177.4443,65.4745,5.1648],[-177.4458,65.4708,5.8911],[-177.4438,65.4688,0.0],[-177.4396,65.4708,6.0958],[-177.4271,65.4708,1.67],[-177.4229,65.4729,5.9197],[-177.4167,65.4729,4.993],[-177.4125,65.4708,0.0],[-177.3854,65.4792,6.2773],[-177.3792,65.4792,7.1458],[-177.375,65.4812,6.0264],[-177.3583,65.4812,0.0],[-177.3479,65.4854,3.3049],[-177.3313,65.4854,0.0],[-177.3172,65.4901,3.3262],[-177.3141,65.4932,4.7656],[-177.3047,65.4964,0.0],[-177.3078,65.4995,5.5982],[-177.2964,65.5026,0.9195],[-177.2953,65.5057,4.3082],[-177.2901,65.5068,1.8648],[-177.2828,65.5182,10.2601],[-177.2766,65.5224,9.9505],[-177.2713,65.5234,0.0],[-177.2703,65.5266,10.4122],[-177.2588,65.5297,0.8904],[-177.2563,65.5333,8.0821],[-177.2464,65.5339,0.0],[-177.2453,65.5391,2.1715],[-177.2432,65.5411,3.734],[-177.238,65.5422,0.0],[-177.237,65.5453,10.5351],[-177.2318,65.5463,0.0],[-177.2287,65.5495,9.1242],[-177.2193,65.5526,0.0],[-177.2161,65.5557,7.3571],[-177.2068,65.5589,2.529],[-177.2036,65.562,8.3109],[-177.1984,65.563,2.2004],[-177.1974,65.5661,4.7552],[-177.1922,65.5672,2.9788],[-177.1911,65.5703,3.9327],[-177.1797,65.5714,0.0],[-177.1786,65.5745,2.7202],[-177.1693,65.5755,3.5192],[-177.1662,65.5807,2.9475],[-177.1583,65.5833,1.8656],[-177.1458,65.5833,0.0],[-177.125,65.5896,2.4955],[-177.1125,65.5896,0.0],[-177.1109,65.5911,1.004],[-177.1141,65.5922,9.8276],[-177.1141,65.5953,10.0131],[-177.1089,65.5964,0.0],[-177.1057,65.5995,6.1289],[-177.0708,65.6042,10.6059],[-177.0682,65.6078,17.2526],[-177.063,65.6088,0.0],[-177.0599,65.612,4.564],[-177.0417,65.6167,0.4014],[-177.0339,65.6172,0.5643],[-177.0292,65.6229,3.9126],[-177.0229,65.6229,0.0],[-177.0125,65.6271,5.0773],[-176.9984,65.6276,0.0],[-176.9964,65.6328,0.0],[-176.9995,65.6339,0.6011],[-177.0005,65.637,1.0128],[-177.0036,65.6391,4.2732],[-177.0016,65.6412,0.0],[-176.9964,65.6422,0.0],[-176.9953,65.6453,0.0],[-176.9875,65.6479,0.0],[-176.9797,65.6484,0.0],[-176.975,65.6521,25.4338],[-176.9479,65.6521,0.0],[-176.9463,65.6526,0.0],[-176.9432,65.6599,14.9982],[-176.9229,65.6667,2.9581],[-176.9167,65.6667,0.0],[-176.9068,65.6641,2.015],[-176.9,65.6604,0.0],[-176.8958,65.6604,0.0],[-176.8917,65.6563,0.2777],[-176.8854,65.6604,0.156],[-176.8792,65.6604,0.6364],[-176.8734,65.6568,0.5362],[-176.8755,65.6547,1.4497],[-176.8833,65.6542,1.4041],[-176.8875,65.6521,4.9255],[-176.8938,65.6521,6.5112],[-176.8979,65.6542,1.7334],[-176.9146,65.6542,24.4128],[-176.9224,65.6516,0.0],[-176.9146,65.6458,1.9514],[-176.9172,65.6401,9.8353],[-176.9187,65.6396,8.7826],[-176.95,65.6396,7.5609],[-176.9625,65.6438,0.0],[-176.9687,65.6438,0.0],[-176.9734,65.6401,11.3194],[-176.9787,65.6391,3.7395],[-176.9807,65.6318,0.0],[-176.9667,65.625,0.0],[-176.9625,65.6271,12.0296],[-176.9563,65.6271,11.5206],[-176.9396,65.6188,9.5716],[-176.9276,65.6182,0.0],[-176.9276,65.6151,3.4812],[-176.9328,65.6141,3.605],[-176.9359,65.6088,3.9403],[-176.9516,65.6078,1.4109],[-176.9516,65.6047,3.5677],[-176.95,65.6042,3.6159],[-176.9354,65.6042,3.8837],[-176.9312,65.6021,0.0],[-176.9167,65.6021,3.406],[-176.9125,65.6,0.0],[-176.8917,65.6,3.7178],[-176.8875,65.5979,0.0],[-176.8792,65.5979,4.0093],[-176.8708,65.5938,0.0],[-176.8646,65.5938,3.8079],[-176.8604,65.5917,0.0],[-176.85,65.5917,4.0856],[-176.8375,65.5875,0.0],[-176.8271,65.5875,4.1292],[-176.8188,65.5833,0.0],[-176.8083,65.5833,4.1787],[-176.7875,65.5771,0.0],[-176.7708,65.5771,9.1042],[-176.7667,65.575,2.2375],[-176.7521,65.575,3.3973],[-176.7479,65.5729,0.0],[-176.7375,65.5729,18.4944],[-176.7167,65.5667,0.0],[-176.7021,65.5667,3.7325],[-176.6979,65.5646,0.0],[-176.6875,65.5646,4.6108],[-176.6792,65.5604,0.0],[-176.6687,65.5604,0.0],[-176.6646,65.5625,3.5038],[-176.6479,65.5625,7.9946],[-176.6438,65.5604,0.6571],[-176.6359,65.5599,4.0317],[-176.6328,65.5547,1.5409],[-176.6255,65.5537,2.7333],[-176.6229,65.55,0.0],[-176.6083,65.55,3.8236],[-176.6042,65.5479,0.0],[-176.5896,65.5479,1.7036],[-176.5854,65.5458,1.7434],[-176.5792,65.5458,-0.1554],[-176.575,65.5479,1.1392],[-176.5521,65.5479,-0.1356],[-176.5479,65.55,2.045],[-176.5437,65.5479,-0.0412],[-176.5333,65.5479,1.6192],[-176.5229,65.5521,3.7117],[-176.5125,65.5521,0.8154],[-176.5083,65.55,2.7863],[-176.5021,65.55,1.2311],[-176.488,65.5432,2.3954],[-176.4891,65.5401,8.4044],[-176.4859,65.5391,9.2377],[-176.4859,65.5359,9.1347],[-176.4911,65.5349,6.8334],[-176.4932,65.5318,0.1337],[-176.4854,65.5313,9.7231],[-176.4729,65.525,2.2421],[-176.4672,65.5255,5.2026],[-176.4625,65.5292,0.7794],[-176.4563,65.5292,2.2713],[-176.4547,65.5286,0.4941],[-176.4557,65.5255,1.9726],[-176.45,65.5229,2.7271],[-176.4187,65.5229,3.7162],[-176.4151,65.5203,10.9054],[-176.4146,65.5167,10.7584],[-176.4172,65.513,12.2663],[-176.4224,65.512,3.2644],[-176.4224,65.5089,5.9449],[-176.4208,65.5083,5.7061],[-176.4167,65.5083,5.8477],[-176.4042,65.5042,0.0],[-176.3938,65.5042,8.156],[-176.387,65.5005,0.0],[-176.3771,65.4979,0.0],[-176.3708,65.4979,0.0],[-176.35,65.4917,0.0],[-176.3396,65.4917,3.4827],[-176.3354,65.4896,0.0],[-176.3292,65.4896,6.7608],[-176.3083,65.4833,0.0],[-176.2833,65.4812,5.3441],[-176.275,65.4771,0.0],[-176.2708,65.4792,12.4994],[-176.2563,65.475,0.0],[-176.2229,65.4729,3.7051],[-176.2146,65.4688,0.0],[-176.2,65.4688,9.5721],[-176.1958,65.4667,0.0],[-176.1854,65.4667,2.3797],[-176.1729,65.4625,0.0],[-176.1667,65.4646,8.6838],[-176.1625,65.4625,0.0],[-176.1479,65.4625,4.5807],[-176.1438,65.4604,0.0],[-176.1333,65.4604,5.929],[-176.1292,65.4583,0.0],[-176.1187,65.4583,6.8776],[-176.1146,65.4563,0.0],[-176.1,65.4563,11.2535],[-176.0958,65.4542,0.0],[-176.088,65.4547,1.931],[-176.0854,65.4583,17.3456],[-176.0792,65.4563,0.0],[-176.0688,65.4604,10.8842],[-176.0375,65.4604,0.9493],[-176.0312,65.4625,0.8558],[-176.0266,65.4589,0.0],[-176.0188,65.4583,0.5911],[-176.0172,65.4568,0.0],[-176.0208,65.4542,36.6277],[-176.0312,65.4542,24.9799],[-176.0391,65.4516,9.9063],[-176.0359,65.4495,9.1468],[-176.037,65.4464,1.8694],[-176.0328,65.4443,2.5206],[-176.0229,65.4417,0.0],[-176.0125,65.4417,25.5476],[-176.0083,65.4396,9.1871],[-175.9979,65.4396,38.1492],[-175.9896,65.4354,0.0],[-175.9755,65.4328,10.3202],[-175.9646,65.4271,0.0],[-175.95,65.425,6.9729],[-175.9276,65.4182,1.9947],[-175.9266,65.4151,0.0],[-175.9047,65.4036,72.7909],[-175.9099,65.4005,0.0],[-175.9026,65.3974,88.9645],[-175.9005,65.3922,113.6268],[-175.9036,65.3901,0.0],[-175.8984,65.387,15.9142],[-175.8974,65.3839,3.9185],[-175.8943,65.3828,22.9981],[-175.8974,65.3755,0.0],[-175.8901,65.3724,47.3302],[-175.8911,65.3651,0.0],[-175.8838,65.3641,55.8274],[-175.887,65.3568,5.6086],[-175.8776,65.3557,270.7466],[-175.8797,65.3526,291.9995],[-175.8849,65.3516,192.3777],[-175.888,65.3443,295.2627],[-175.9016,65.3391,89.7379],[-175.8984,65.337,165.7781],[-175.8984,65.3339,163.1349],[-175.9078,65.3349,132.3546],[-175.9099,65.3328,184.1542],[-175.9099,65.3297,47.382],[-175.8974,65.3234,0.0],[-175.8901,65.3224,23.6258],[-175.8859,65.3203,23.7597],[-175.887,65.3172,0.0],[-175.8776,65.3161,12.2084],[-175.8703,65.3109,0.0],[-175.8589,65.3057,39.0635],[-175.8562,65.3,44.6535],[-175.8578,65.2963,17.217],[-175.8505,65.2911,139.5624],[-175.8526,65.2859,106.7948],[-175.8547,65.2839,73.5098],[-175.8599,65.2828,0.0],[-175.863,65.2776,46.3497],[-175.875,65.2771,1.7784],[-175.8792,65.2792,0.0],[-175.887,65.2786,2.1302],[-175.8833,65.275,1.7808],[-175.8849,65.2714,1.9553],[-175.8755,65.2724,105.5878],[-175.8766,65.2693,269.2842],[-175.8734,65.2672,405.5402],[-175.8828,65.2662,306.5078],[-175.8859,65.2609,261.3793],[-175.8911,65.2589,12.3237],[-175.888,65.2578,14.7121],[-175.887,65.2547,0.0],[-175.8797,65.2536,10.6547],[-175.8807,65.2505,0.0],[-175.8714,65.2495,11.4134],[-175.8724,65.2464,2.1068],[-175.8568,65.2391,6.0986],[-175.8505,65.2349,0.7293],[-175.8495,65.2318,0.7359],[-175.8417,65.2333,3.5832],[-175.8401,65.2328,3.0761],[-175.8411,65.2297,0.8656],[-175.8338,65.2286,2.1168],[-175.8328,65.2255,1.1339],[-175.8297,65.2234,1.0376],[-175.837,65.2193,0.0],[-175.8292,65.2188,1.8699],[-175.8245,65.2151,1.5682],[-175.8167,65.2146,1.5711],[-175.8083,65.2104,1.2049],[-175.8042,65.2125,2.7365],[-175.7979,65.2125,2.8673],[-175.7854,65.2083,1.2946],[-175.7792,65.2104,5.9197],[-175.7693,65.2057,7.2308],[-175.7703,65.2026,4.7659],[-175.7672,65.2005,5.8337],[-175.7693,65.1964,6.4886],[-175.7979,65.1958,4.5366],[-175.7995,65.1953,8.5553],[-175.7995,65.1922,0.0],[-175.7958,65.1896,0.0],[-175.7896,65.1896,15.3879],[-175.7839,65.187,34.4167],[-175.7807,65.1818,0.0],[-175.7661,65.1734,0.0],[-175.7568,65.1724,39.9581],[-175.7542,65.1687,47.9355],[-175.7557,65.1651,0.0],[-175.7479,65.1646,27.0484],[-175.7422,65.162,11.1432],[-175.7474,65.1589,0.0],[-175.7318,65.1536,5.9861],[-175.7349,65.1464,10.5593],[-175.7318,65.1453,12.6805],[-175.7328,65.1422,8.3459],[-175.7292,65.1396,11.1179],[-175.7318,65.1339,7.137],[-175.737,65.1328,1.4761],[-175.7391,65.1307,2.1642],[-175.7422,65.1234,6.9018],[-175.7474,65.1224,1.1545],[-175.7443,65.1193,0.9521],[-175.762,65.1141,3.0468],[-175.7641,65.1088,1.0119],[-175.7609,65.1068,7.823],[-175.763,65.1047,9.5568],[-175.7708,65.1042,1.2525],[-175.7849,65.0995,0.0],[-175.7849,65.0964,13.9283],[-175.7818,65.0953,6.3727],[-175.7828,65.0922,8.7155],[-175.7797,65.0901,17.8126],[-175.7818,65.0859,17.5385],[-175.7891,65.0807,16.2778],[-175.7912,65.0755,13.6272],[-175.7839,65.0724,1.5846],[-175.7849,65.0693,1.762],[-175.7818,65.0682,2.2052],[-175.787,65.0661,16.3729],[-175.7833,65.0625,26.3063],[-175.787,65.0568,0.0],[-175.7797,65.0516,36.5],[-175.7812,65.0479,36.0298],[-175.7792,65.0437,39.0833],[-175.7818,65.0401,33.3062],[-175.7912,65.037,0.0],[-175.788,65.0349,43.7178],[-175.7891,65.0318,48.0949],[-175.7859,65.0297,51.622],[-175.7937,65.0271,46.6999],[-175.8016,65.0266,0.0],[-175.7984,65.0234,47.2541],[-175.8099,65.0224,0.0],[-175.8109,65.0193,80.371],[-175.8146,65.0167,156.4315],[-175.8208,65.0167,57.6829],[-175.825,65.0146,15.5104],[-175.8375,65.0146,1.3561],[-175.8458,65.0104,133.7172],[-175.8521,65.0104,93.0071],[-175.8583,65.0125,-9.0],[-175.8599,65.0109,13.6929],[-175.8568,65.0089,130.6843],[-175.862,65.0078,179.7708],[-175.863,65.0047,342.1649],[-175.8667,65.0042,348.1995],[-175.8708,65.0062,169.8544],[-175.8734,65.0026,352.4829],[-175.8786,65.0005,204.1673],[-175.8729,64.9979,0.0],[-175.863,64.9974,211.1455],[-175.8641,64.9922,0.0],[-175.8542,64.9896,0.0],[-175.8437,64.9896,96.9752],[-175.8313,64.9854,0.0],[-175.8083,64.9833,204.6894],[-175.8,64.9792,31.7999],[-175.7943,64.9786,61.6535],[-175.7849,64.9734,0.0],[-175.7776,64.9724,26.0896],[-175.7651,64.9661,148.2213],[-175.7693,64.9568,343.5543],[-175.7745,64.9547,221.3361],[-175.763,64.9537,493.5093],[-175.763,64.9505,491.7114],[-175.787,64.9495,315.655],[-175.7833,64.9458,26.4386],[-175.7771,64.9458,176.12],[-175.7729,64.9437,0.0],[-175.7604,64.9437,86.0994],[-175.7563,64.9417,0.0],[-175.7417,64.9417,24.4682],[-175.7375,64.9396,0.0],[-175.7271,64.9396,34.5082],[-175.7229,64.9375,0.0],[-175.7042,64.9375,37.2979],[-175.6917,64.9333,0.0],[-175.6771,64.9333,84.709],[-175.6729,64.9313,12.4084],[-175.6667,64.9313,64.1289],[-175.6625,64.9292,0.0],[-175.65,64.9271,1.698],[-175.6443,64.9245,113.1082],[-175.6453,64.9213,79.0143],[-175.6396,64.9187,0.0],[-175.6354,64.9187,50.5561],[-175.6313,64.9167,0.0],[-175.6208,64.9167,150.8965],[-175.6125,64.9125,0.0],[-175.6021,64.9146,140.7713],[-175.5838,64.9099,147.3626],[-175.5729,64.9042,0.0],[-175.563,64.9036,188.57],[-175.5604,64.9,0.0],[-175.5422,64.8974,368.2841],[-175.5412,64.8943,0.0],[-175.537,64.8922,0.0],[-175.5312,64.8917,210.5093],[-175.5255,64.8891,235.0699],[-175.5349,64.8859,108.2781],[-175.5229,64.8792,0.0],[-175.5167,64.8792,0.0],[-175.5063,64.8833,0.0],[-175.4958,64.8812,0.0],[-175.4943,64.8828,3.2354],[-175.4974,64.8839,1.6882],[-175.4974,64.887,0.7187],[-175.4896,64.8896,-0.3034],[-175.4859,64.8891,1.3865],[-175.4828,64.8859,0.4694],[-175.4703,64.8797,0.6554],[-175.4547,64.8766,58.7077],[-175.4599,64.8745,43.4344],[-175.4609,64.8714,78.591],[-175.4687,64.8708,33.1447],[-175.4766,64.8682,6.0382],[-175.4708,64.8625,282.0273],[-175.4745,64.8557,165.4935],[-175.4714,64.8526,305.3272],[-175.4766,64.8505,34.8871],[-175.4651,64.8453,217.2051],[-175.4661,64.8422,171.6515],[-175.4563,64.8375,0.0],[-175.4167,64.8375,0.0],[-175.4141,64.8411,0.0],[-175.4089,64.8422,0.0],[-175.4068,64.8443,0.0],[-175.4099,64.8474,70.6427],[-175.4021,64.85,0.0],[-175.3771,64.85,17.5397],[-175.3729,64.8479,1.3113],[-175.3687,64.85,7.0906],[-175.3562,64.85,0.0],[-175.3521,64.8521,8.0727],[-175.3458,64.8521,3.3988],[-175.3443,64.8516,0.5178],[-175.3453,64.8484,0.0],[-175.3338,64.8432,1.2276],[-175.3359,64.8401,0.4683],[-175.3411,64.8391,0.1453],[-175.3453,64.8307,0.0],[-175.3422,64.8276,37.6829],[-175.3516,64.8287,0.0],[-175.3505,64.8234,33.5755],[-175.3599,64.8203,2.8059],[-175.363,64.8172,0.0],[-175.375,64.8167,3.6709],[-175.3766,64.8172,6.6328],[-175.3755,64.8203,0.0],[-175.3833,64.8208,30.3298],[-175.4036,64.8141,72.4739],[-175.4026,64.8089,64.6185],[-175.4146,64.8042,64.9798],[-175.4271,64.8042,0.0],[-175.4375,64.8,73.7613],[-175.4417,64.8021,112.5294],[-175.4495,64.8016,119.168],[-175.4479,64.8,41.9142],[-175.4422,64.7995,96.5198],[-175.4396,64.7958,0.0],[-175.4297,64.7953,44.1251],[-175.4271,64.7896,111.7633],[-175.4307,64.7818,50.1853],[-175.4276,64.7807,116.5538],[-175.4245,64.7755,0.0],[-175.4089,64.7776,0.0],[-175.4005,64.7839,41.7517],[-175.3974,64.7891,92.3335],[-175.3896,64.7917,19.0579],[-175.3833,64.7917,0.0],[-175.3786,64.7953,3.2348],[-175.3729,64.7958,3.1868],[-175.3687,64.7937,4.1372],[-175.3583,64.7937,5.856],[-175.35,64.7896,0.0],[-175.3443,64.7891,0.0],[-175.338,64.7849,94.0255],[-175.337,64.7818,38.462],[-175.3229,64.7771,0.0],[-175.3188,64.7792,22.9765],[-175.3062,64.7792,0.0],[-175.3021,64.7813,26.2985],[-175.2917,64.7813,33.4566],[-175.2875,64.7792,0.0],[-175.2688,64.7792,16.9372],[-175.2646,64.7771,0.0],[-175.2583,64.7792,94.9915],[-175.2542,64.7771,0.0],[-175.2458,64.7771,48.6346],[-175.2417,64.775,0.0],[-175.2312,64.775,0.0],[-175.2229,64.7708,0.0],[-175.2187,64.7708,0.0],[-175.2146,64.7688,0.0],[-175.2063,64.7688,5.17],[-175.2021,64.7667,0.0],[-175.188,64.7693,0.0],[-175.1911,64.7724,63.6018],[-175.1833,64.775,26.5717],[-175.1438,64.775,87.9749],[-175.1396,64.7729,0.0],[-175.1208,64.7729,26.7108],[-175.1167,64.7708,0.0],[-175.1021,64.7708,66.327],[-175.0979,64.7688,0.0],[-175.0896,64.7688,59.4223],[-175.0854,64.7667,0.0],[-175.0646,64.7667,203.628],[-175.063,64.7662,195.2962],[-175.0641,64.763,0.0],[-175.0625,64.7625,0.0],[-175.0562,64.7625,0.0],[-175.0521,64.7646,293.5967],[-175.0417,64.7646,2.8382],[-175.0375,64.7667,102.2992],[-175.0312,64.7646,0.0],[-175.0208,64.7688,45.3892],[-175.0063,64.7688,110.0844],[-175.0,64.7667,0.0],[-174.9974,64.7703,6.4456],[-174.9896,64.7708,0.0],[-174.9833,64.775,209.5461],[-174.9771,64.775,0.0],[-174.9693,64.7776,0.0],[-174.9667,64.7813,0.0],[-174.9682,64.7849,19.3043],[-174.9588,64.788,2.7104],[-174.9604,64.7896,1.9919],[-174.9661,64.7901,1.3893],[-174.9724,64.7943,48.2307],[-174.9714,64.8016,0.4936],[-174.9766,64.8047,40.7122],[-174.9755,64.8099,16.4819],[-174.9787,64.8109,40.1383],[-174.9776,64.8141,0.0],[-174.9812,64.8167,0.0],[-174.9776,64.8234,0.0],[-174.9807,64.8255,0.0],[-174.9787,64.8307,11.5561],[-174.9734,64.8318,1.4728],[-174.9714,64.8339,0.0],[-174.9745,64.8359,0.0],[-174.9734,64.8391,0.0],[-174.9849,64.8443,30.7822],[-174.9797,64.8464,3.8265],[-174.9828,64.8495,3.0549],[-174.9776,64.8505,0.7098],[-174.9807,64.8526,0.8611],[-174.9787,64.8578,3.6839],[-174.975,64.8604,1.5701],[-174.9563,64.8625,0.0],[-174.9521,64.8646,1.0167],[-174.9417,64.8646,0.3006],[-174.9375,64.8667,1.5281],[-174.9255,64.8641,49.609],[-174.9307,64.862,5.5643],[-174.9255,64.8578,19.3827],[-174.9307,64.8547,0.0],[-174.9271,64.8521,18.6261],[-174.9292,64.8479,0.0],[-174.9271,64.8438,0.0],[-174.9286,64.8401,0.0],[-174.9255,64.838,4.2314],[-174.9307,64.8339,0.0],[-174.9245,64.8297,1.5359],[-174.9187,64.8292,6.6747],[-174.9089,64.8245,70.9748],[-174.9104,64.8208,6.049],[-174.9068,64.8172,16.6615],[-174.9146,64.8146,12.1646],[-174.9245,64.8141,0.539],[-174.9286,64.812,0.1559],[-174.9276,64.8089,1.2257],[-174.9292,64.8083,0.5475],[-174.9438,64.8104,2.0066],[-174.9516,64.8078,1.7338],[-174.9484,64.8047,0.0],[-174.9521,64.7979,1.9427],[-174.95,64.7937,4.1757],[-174.9516,64.7901,3.8093],[-174.9125,64.7875,6.0846],[-174.9,64.7833,0.0],[-174.8896,64.7833,6.3241],[-174.8854,64.7813,1.9063],[-174.8667,64.7813,5.1404],[-174.8625,64.7792,4.6732],[-174.8562,64.7792,4.699],[-174.8547,64.7797,2.5343],[-174.8526,64.7849,2.6956],[-174.8687,64.7854,5.8439],[-174.8786,64.788,5.1439],[-174.8818,64.7953,1.5479],[-174.9125,64.7958,2.1943],[-174.9162,64.7995,1.8576],[-174.913,64.8005,-0.7546],[-174.9078,64.8057,0.7708],[-174.9021,64.8063,1.9359],[-174.8896,64.8021,-0.7703],[-174.8792,64.8021,6.4407],[-174.875,64.8,-0.4283],[-174.8604,64.8,7.8427],[-174.8521,64.7958,-0.0189],[-174.8479,64.7979,35.3798],[-174.8401,64.7984,0.6527],[-174.837,64.8037,44.5472],[-174.8229,64.8083,12.1292],[-174.8167,64.8083,1.1383],[-174.8125,64.8063,1.4549],[-174.7979,64.8063,6.4487],[-174.7875,64.8,0.0178],[-174.7667,64.8,0.0001],[-174.7625,64.8021,17.7686],[-174.7547,64.8026,-0.2908],[-174.75,64.8063,130.2989],[-174.7437,64.8063,35.0912],[-174.7359,64.8089,-0.1314],[-174.7328,64.8141,14.2604],[-174.7187,64.8187,1.9545],[-174.7109,64.8193,0.3433],[-174.7026,64.8318,-0.4184],[-174.7026,64.8349,1.5776],[-174.7057,64.8359,136.4917],[-174.7036,64.8411,153.4618],[-174.6984,64.8422,9.8133],[-174.6943,64.8484,0.1342],[-174.7016,64.8536,140.7964],[-174.6963,64.8547,75.8093],[-174.6943,64.8568,18.1394],[-174.6974,64.8588,9.5564],[-174.6963,64.862,7.2863],[-174.6995,64.8641,36.3163],[-174.6953,64.8703,47.0999],[-174.6901,64.8714,-0.1916],[-174.6932,64.8734,7.1114],[-174.6932,64.8766,39.0459],[-174.688,64.8776,8.2705],[-174.6807,64.8891,0.8366],[-174.6755,64.8901,-0.3907],[-174.6729,64.8938,2.2529],[-174.675,64.8958,2.5239],[-174.6849,64.8964,6.2959],[-174.7016,64.9047,7.7742],[-174.7083,64.9104,1.173],[-174.7063,64.9125,5.2018],[-174.6854,64.9125,17.2211],[-174.6786,64.9089,0.2015],[-174.6729,64.9083,2.6531],[-174.6672,64.9057,2.7762],[-174.6682,64.9026,1.547],[-174.6604,64.9021,2.4073],[-174.6297,64.8932,1.2108],[-174.6318,64.8901,3.7475],[-174.637,64.8891,3.7726],[-174.6391,64.8818,-0.4581],[-174.6292,64.8812,5.7283],[-174.6266,64.8776,-0.4188],[-174.6167,64.8771,10.0215],[-174.6109,64.8745,9.0839],[-174.612,64.8693,2.2772],[-174.6068,64.8662,9.5085],[-174.6047,64.8609,12.1264],[-174.612,64.8557,3.142],[-174.612,64.8526,2.3034],[-174.6026,64.8474,5.675],[-174.5995,64.8422,0.5572],[-174.5922,64.8391,26.7758],[-174.5943,64.8359,9.5853],[-174.5995,64.8349,-0.3796],[-174.5964,64.8318,25.5714],[-174.6078,64.8287,3.9887],[-174.6099,64.8234,1.3842],[-174.6068,64.8224,9.4197],[-174.6068,64.8193,10.9771],[-174.6109,64.8151,-0.4424],[-174.6161,64.8141,-0.5226],[-174.6068,64.8109,36.9476],[-174.6328,64.8016,8.4332],[-174.6359,64.7963,2.995],[-174.6453,64.7953,1.7525],[-174.6422,64.7932,2.1544],[-174.6432,64.7901,3.9379],[-174.6401,64.7891,32.6968],[-174.6422,64.7839,29.1912],[-174.6443,64.7818,14.7291],[-174.6495,64.7807,12.0275],[-174.6463,64.7776,82.4245],[-174.6578,64.7745,18.5193],[-174.6505,64.7703,102.7833],[-174.6557,64.7682,27.2798],[-174.6583,64.7646,3.858],[-174.6526,64.7599,33.5096],[-174.6526,64.7568,25.6003],[-174.6641,64.7536,3.9341],[-174.6662,64.7516,3.2669],[-174.6589,64.7474,18.1355],[-174.6641,64.737,19.7722],[-174.6609,64.7338,42.3484],[-174.6729,64.7354,0.6913],[-174.6766,64.7318,4.6794],[-174.6708,64.7292,0.0],[-174.6609,64.7286,56.2844],[-174.6599,64.7255,112.4489],[-174.6536,64.7214,65.6279],[-174.6479,64.7188,245.5078],[-174.6422,64.7182,391.4717],[-174.6432,64.7109,138.7625],[-174.6359,64.7099,305.0529],[-174.637,64.7068,25.3273],[-174.6313,64.7042,0.0],[-174.6042,64.7,10.6305],[-174.5917,64.6958,12.1128],[-174.5833,64.6958,171.0283],[-174.5734,64.6932,119.0582],[-174.5667,64.6896,0.0],[-174.5625,64.6896,35.3716],[-174.5333,64.6813,0.0],[-174.5229,64.6813,142.0119],[-174.5213,64.6807,102.6726],[-174.5224,64.6776,0.0],[-174.5208,64.6771,0.0],[-174.513,64.6787,4.7024],[-174.5141,64.6755,0.0],[-174.5125,64.675,0.0],[-174.4979,64.675,58.026],[-174.4646,64.6646,0.0],[-174.4542,64.6646,81.7185],[-174.4417,64.6604,0.0],[-174.4333,64.6604,2.558],[-174.425,64.6563,20.5991],[-174.4193,64.6557,46.0034],[-174.4245,64.6526,0.0],[-174.4146,64.6521,43.6013],[-174.412,64.6484,0.0],[-174.4021,64.6479,0.0],[-174.3938,64.6438,0.0],[-174.388,64.6432,48.0898],[-174.3708,64.6333,0.0],[-174.3604,64.6333,66.5528],[-174.3562,64.6312,0.0],[-174.3313,64.6312,1.4289],[-174.3266,64.637,1.3511],[-174.3083,64.6375,0.9215],[-174.3042,64.6417,0.7604],[-174.2729,64.6417,1.2054],[-174.2625,64.6458,2.8249],[-174.2484,64.6464,0.2158],[-174.2474,64.6495,5.8102],[-174.2437,64.6521,8.7554],[-174.2276,64.6495,8.5858],[-174.2297,64.6464,8.0445],[-174.2349,64.6453,0.188],[-174.2318,64.6422,4.544],[-174.2391,64.638,1.7206],[-174.2333,64.6354,0.7935],[-174.2146,64.6354,1.4491],[-174.213,64.6349,2.6551],[-174.2109,64.6297,27.4104],[-174.2187,64.6271,8.3123],[-174.225,64.6271,0.8442],[-174.2354,64.6229,3.8094],[-174.2458,64.6229,1.6477],[-174.25,64.6208,1.8211],[-174.2604,64.6229,2.0195],[-174.2641,64.6203,2.1296],[-174.2609,64.6172,3.1267],[-174.2661,64.6151,3.6743],[-174.2604,64.6125,0.0],[-174.2521,64.6125,5.3448],[-174.2437,64.6083,0.0],[-174.2297,64.6057,48.8343],[-174.2307,64.6005,0.0],[-174.2234,64.5995,60.054],[-174.2245,64.5964,19.7724],[-174.2146,64.5917,54.3146],[-174.2088,64.5911,62.7831],[-174.2016,64.5859,0.0],[-174.1875,64.5833,20.8804],[-174.1792,64.5792,0.0],[-174.1672,64.5787,135.8211],[-174.1599,64.5734,0.0],[-174.1542,64.5729,0.0],[-174.1432,64.5672,50.8374],[-174.1359,64.5661,45.8683],[-174.1328,64.563,0.0],[-174.1193,64.562,60.4345],[-174.112,64.5568,0.0],[-174.1062,64.5563,132.0207],[-174.0953,64.5505,12.1645],[-174.088,64.5495,139.2076],[-174.0792,64.5437,0.0],[-174.0729,64.5458,39.7702],[-174.0599,64.538,19.135],[-174.05,64.5354,5.7476],[-174.0453,64.5391,7.621],[-174.0359,64.5411,4.3623],[-174.0359,64.538,2.939],[-174.038,64.5359,0.9829],[-174.0432,64.5349,0.3385],[-174.0432,64.5318,2.2287],[-174.0412,64.5297,0.0],[-174.0339,64.5286,3.3578],[-174.0391,64.5255,0.0],[-174.0276,64.5193,8.7751],[-174.0328,64.5182,2.4491],[-174.0312,64.5146,5.4105],[-174.0333,64.5104,0.0],[-174.0318,64.5068,52.3381],[-174.037,64.5057,10.6152],[-174.0432,64.4943,0.0],[-174.0396,64.4938,0.0],[-174.0354,64.4958,205.6687],[-174.0297,64.4922,250.7086],[-174.0349,64.4912,61.9808],[-174.0375,64.4875,81.9539],[-174.0359,64.4838,298.1999],[-174.0412,64.4828,218.1052],[-174.0412,64.4797,71.7444],[-174.0354,64.4792,274.4453],[-174.0339,64.4776,292.9408],[-174.0412,64.4734,0.0],[-174.0276,64.4724,311.6002],[-174.0286,64.4672,0.0],[-174.0234,64.4641,94.4249],[-174.0266,64.4568,0.0],[-174.0208,64.4542,0.0],[-174.0151,64.4537,162.247],[-174.0203,64.4505,0.0],[-174.0109,64.4453,0.0],[-174.0078,64.4401,0.0],[-173.9995,64.4359,0.0],[-173.9922,64.4349,47.6001],[-173.9891,64.4297,34.0224],[-173.9797,64.4245,163.4447],[-173.9818,64.4213,248.7041],[-173.987,64.4203,101.9562],[-173.9891,64.4151,0.0],[-173.9818,64.4141,57.9648],[-173.9708,64.4083,0.0],[-173.9583,64.4083,21.6832],[-173.9542,64.4063,0.0],[-173.9438,64.4063,19.4793],[-173.9396,64.4042,3.3076],[-173.9354,64.4042,4.0938],[-173.9255,64.4016,19.8327],[-173.9266,64.3984,0.0],[-173.9167,64.3979,86.4611],[-173.9042,64.3917,92.805],[-173.8958,64.3917,160.5576],[-173.8917,64.3896,40.7052],[-173.8771,64.3896,60.478],[-173.8729,64.3875,0.0],[-173.8583,64.3875,4.6119],[-173.8568,64.3891,0.0],[-173.8599,64.3912,0.0],[-173.8578,64.3932,12.5716],[-173.8526,64.3943,0.0],[-173.8432,64.4016,0.0],[-173.8297,64.4068,0.0],[-173.8266,64.412,19.6057],[-173.8213,64.413,0.0],[-173.8203,64.4161,9.7708],[-173.7984,64.4213,7.9028],[-173.7943,64.4255,30.0184],[-173.7849,64.4432,1.5775],[-173.7771,64.4437,0.0],[-173.7713,64.4422,0.0],[-173.7724,64.4453,4.4165],[-173.7646,64.4458,0.0],[-173.7568,64.4484,0.0],[-173.7599,64.4516,9.8778],[-173.7557,64.4578,0.0],[-173.7417,64.4625,2.2414],[-173.7375,64.4604,0.0],[-173.7339,64.4609,0.0],[-173.7328,64.4641,0.0],[-173.7292,64.4667,0.0],[-173.7187,64.4667,3.3872],[-173.7172,64.4651,3.7038],[-173.7271,64.4646,0.0],[-173.7292,64.4625,0.0],[-173.7234,64.4578,0.0],[-173.7203,64.4526,0.0],[-173.7172,64.4516,5.864],[-173.7193,64.4464,20.9839],[-173.7271,64.4458,8.636],[-173.7349,64.4432,0.0],[-173.7401,64.4359,47.0026],[-173.7516,64.4328,0.0],[-173.7536,64.4297,0.0],[-173.7505,64.4276,26.9377],[-173.7599,64.4266,0.0],[-173.7641,64.4203,0.0],[-173.7609,64.4172,84.6783],[-173.7661,64.4161,29.4944],[-173.7651,64.413,72.7273],[-173.7708,64.4104,87.6312],[-173.7807,64.4099,0.0],[-173.7776,64.4068,20.1826],[-173.7828,64.4057,2.4726],[-173.7901,64.3943,56.3868],[-173.7922,64.3922,34.5724],[-173.7974,64.3912,40.854],[-173.7901,64.3859,377.2164],[-173.7979,64.3854,185.4474],[-173.8021,64.3875,31.221],[-173.8068,64.3839,33.0043],[-173.812,64.3828,8.9089],[-173.8104,64.3771,41.1558],[-173.812,64.3734,59.3093],[-173.7974,64.3651,0.0],[-173.7901,64.3641,52.1986],[-173.7833,64.3604,0.0],[-173.7729,64.3604,0.0],[-173.7688,64.3625,40.535],[-173.7646,64.3604,0.0],[-173.75,64.3604,121.8111],[-173.7437,64.3562,0.0],[-173.7292,64.3562,26.9721],[-173.7026,64.3495,50.1964],[-173.6984,64.3474,145.4659],[-173.6995,64.3443,0.0],[-173.6917,64.3396,0.0],[-173.6812,64.3396,26.3805],[-173.6604,64.3333,0.0],[-173.6562,64.3333,0.0],[-173.6417,64.325,0.0],[-173.6271,64.325,0.0],[-173.6229,64.3271,131.2574],[-173.6167,64.3271,0.0],[-173.5937,64.3354,0.0],[-173.5813,64.3354,0.0],[-173.5771,64.3375,51.4474],[-173.5729,64.3375,48.0328],[-173.5688,64.3354,0.0],[-173.5479,64.3354,2.2371],[-173.5432,64.3411,7.5513],[-173.5354,64.3438,7.3636],[-173.5297,64.3411,4.361],[-173.537,64.337,4.6598],[-173.5312,64.3333,49.2323],[-173.5208,64.3375,60.296],[-173.5125,64.3375,0.0],[-173.5109,64.3391,0.0],[-173.5141,64.3401,41.5812],[-173.5151,64.3432,6.6915],[-173.5292,64.3438,0.292],[-173.5307,64.3453,12.7222],[-173.5271,64.3479,0.4958],[-173.5229,64.3458,0.2544],[-173.5021,64.3521,5.6889],[-173.4833,64.3542,0.0],[-173.4729,64.3583,67.22],[-173.4687,64.3562,0.0],[-173.4625,64.3562,0.0],[-173.4599,64.3599,67.127],[-173.4521,64.3625,21.1499],[-173.4443,64.363,0.0],[-173.4328,64.3703,0.0],[-173.425,64.3708,0.0],[-173.4172,64.3734,0.0],[-173.4203,64.3766,21.2235],[-173.4125,64.3771,0.0],[-173.4078,64.3807,0.0],[-173.3838,64.388,0.0],[-173.3807,64.3932,56.2866],[-173.3755,64.3943,0.0],[-173.3724,64.3995,76.1543],[-173.3609,64.4005,0.0],[-173.3578,64.4078,0.0],[-173.3526,64.4089,0.0],[-173.3474,64.4161,0.0],[-173.3333,64.4208,0.0],[-173.3255,64.4213,0.0],[-173.3203,64.4266,12.7233],[-173.3151,64.4276,0.0],[-173.3141,64.4307,14.2379],[-173.3089,64.4318,0.0],[-173.3057,64.437,25.5473],[-173.3005,64.438,0.0],[-173.2984,64.4411,0.0],[-173.3042,64.4417,33.8444],[-173.3057,64.4432,17.9188],[-173.3005,64.4453,0.0],[-173.3078,64.4464,20.8525],[-173.3042,64.4542,29.3208],[-173.3057,64.4599,125.9191],[-173.2943,64.4609,0.0],[-173.2953,64.4682,99.6996],[-173.2901,64.4693,0.0],[-173.2854,64.475,48.802],[-173.2776,64.4745,0.0],[-173.2828,64.4714,0.0],[-173.2713,64.4703,0.0],[-173.2713,64.4672,0.0],[-173.2766,64.4661,0.0],[-173.2734,64.4641,0.0],[-173.2745,64.4609,0.0],[-173.2667,64.4625,0.0],[-173.2588,64.4578,0.0],[-173.2604,64.4563,0.0],[-173.2667,64.4563,0.0],[-173.2724,64.4578,0.0],[-173.2786,64.4484,0.0],[-173.2542,64.4458,0.0],[-173.2484,64.4432,82.5407],[-173.2495,64.438,60.1049],[-173.2443,64.4339,263.7089],[-173.2495,64.4328,80.9895],[-173.2464,64.4297,241.9118],[-173.2557,64.4245,0.0],[-173.2526,64.4213,138.4804],[-173.2578,64.4203,0.0],[-173.2563,64.4187,11.7088],[-173.2354,64.4187,0.0],[-173.225,64.4229,3.3888],[-173.2172,64.4234,0.0],[-173.2141,64.4287,0.0],[-173.2088,64.4297,0.0],[-173.2036,64.437,19.7234],[-173.1922,64.4401,0.0],[-173.1875,64.4437,0.0],[-173.1589,64.4411,0.5979],[-173.1547,64.438,3.112],[-173.1583,64.4354,21.3827],[-173.1662,64.4349,7.4467],[-173.1687,64.4313,0.0],[-173.1662,64.4276,119.7511],[-173.1604,64.4271,185.24],[-173.1589,64.4255,265.6795],[-173.1724,64.4245,140.1583],[-173.1714,64.4213,257.3352],[-173.1729,64.4208,244.2903],[-173.1891,64.4203,7.5768],[-173.1953,64.412,10.4617],[-173.1922,64.4089,47.501],[-173.1974,64.4078,19.735],[-173.2005,64.4047,33.2329],[-173.2083,64.4021,19.9968],[-173.2203,64.4016,5.2765],[-173.2271,64.3958,10.939],[-173.2391,64.3953,0.0],[-173.238,64.3922,3.9095],[-173.2432,64.3891,0.2918],[-173.2401,64.3859,12.1416],[-173.2437,64.3854,6.3391],[-173.2536,64.388,10.036],[-173.2464,64.3922,-0.0873],[-173.2495,64.3943,4.7599],[-173.2484,64.3974,0.5094],[-173.2516,64.3984,8.8991],[-173.2505,64.4016,0.0],[-173.2646,64.4,81.4638],[-173.2724,64.3974,74.0706],[-173.2797,64.3859,334.3413],[-173.2849,64.3849,220.3729],[-173.288,64.3818,312.2194],[-173.3057,64.3807,6.1327],[-173.3047,64.3776,103.9938],[-173.3099,64.3766,37.1772],[-173.312,64.3724,92.6065],[-173.3089,64.3693,241.1567],[-173.3125,64.3688,311.8927],[-173.3167,64.3708,131.195],[-173.3193,64.3672,264.3371],[-173.3307,64.3662,43.1136],[-173.3328,64.3609,196.912],[-173.3297,64.3599,230.357],[-173.3276,64.3568,466.903],[-173.3307,64.3568,430.5971],[-173.3375,64.3604,79.6857],[-173.3458,64.3604,0.9445],[-173.35,64.3625,0.8087],[-173.3578,64.3599,3.4035],[-173.3557,64.3568,2.3761],[-173.3526,64.3557,0.9846],[-173.3537,64.3505,17.0612],[-173.3505,64.3495,210.1102],[-173.3516,64.3464,50.3219],[-173.3484,64.3443,244.9026],[-173.3557,64.3349,144.4833],[-173.3589,64.3276,116.7619],[-173.3641,64.3266,16.2758],[-173.3682,64.3224,168.0045],[-173.3667,64.3167,232.3949],[-173.3687,64.3125,135.0813],[-173.3667,64.3083,114.4316],[-173.3708,64.3021,12.9788],[-173.3661,64.2922,25.6413],[-173.3625,64.2896,0.0],[-173.3297,64.2901,1.2135],[-173.337,64.2943,16.4964],[-173.3354,64.2958,33.4783],[-173.3255,64.2963,1.5],[-173.3271,64.2979,1.5],[-173.3328,64.2984,1.5],[-173.3328,64.3016,27.7749],[-173.3276,64.3026,1.5],[-173.3245,64.3078,11.515],[-173.3193,64.3089,1.5],[-173.3141,64.3161,54.9508],[-173.3047,64.3172,1.5],[-173.3,64.3229,1.5],[-173.3016,64.3287,68.064],[-173.2979,64.3292,3.2328],[-173.2937,64.3271,1.5],[-173.2901,64.3297,1.5],[-173.288,64.3349,1.5],[-173.2912,64.337,11.2877],[-173.2891,64.3391,14.7801],[-173.2839,64.3401,4.3683],[-173.2776,64.3505,1.5],[-173.2807,64.3536,47.51],[-173.2672,64.3588,1.5],[-173.262,64.3682,1.5],[-173.25,64.3688,4.7291],[-173.2443,64.3651,3.1138],[-173.2464,64.363,7.2129],[-173.2516,64.362,1.5],[-173.2557,64.3547,3.2729],[-173.2484,64.3516,4.2106],[-173.2495,64.3484,1.5],[-173.2422,64.3474,7.6776],[-173.2458,64.3396,6.0856],[-173.2443,64.3339,40.7155],[-173.2495,64.3328,9.9059],[-173.2536,64.3287,3.6421],[-173.2505,64.3255,57.5667],[-173.2547,64.3193,83.3223],[-173.262,64.3203,3.1086],[-173.2609,64.3151,24.0106],[-173.2724,64.312,7.313],[-173.2766,64.3078,1.5],[-173.275,64.3021,6.5251],[-173.2786,64.2943,12.3503],[-173.2755,64.2922,27.4064],[-173.287,64.2911,1.5],[-173.2912,64.2839,4.7847],[-173.2479,64.2729,0.0],[-173.2229,64.275,1.3642],[-173.2172,64.2724,4.6872],[-173.2151,64.2693,0.0085],[-173.2229,64.2688,4.3848],[-173.2245,64.2672,0.0],[-173.1922,64.2599,24.4417],[-173.1859,64.2557,29.9766],[-173.1849,64.2526,0.0],[-173.1776,64.2516,59.8423],[-173.1786,64.2484,0.0],[-173.1771,64.2479,0.0],[-173.1708,64.2479,0.0],[-173.1667,64.25,80.4029],[-173.1625,64.2479,0.0],[-173.1542,64.2479,0.0],[-173.15,64.2458,0.0],[-173.1313,64.2458,0.0],[-173.1271,64.2438,0.0],[-173.1187,64.2438,10.0151],[-173.1146,64.2417,0.0],[-173.0979,64.2417,0.0],[-173.0937,64.2438,29.9053],[-173.0755,64.2464,0.0],[-173.0724,64.2495,0.0],[-173.0672,64.2505,0.0],[-173.0646,64.2542,27.7513],[-173.0521,64.2542,0.0],[-173.0312,64.2604,0.7866],[-173.0208,64.2604,5.2793],[-173.0167,64.2583,0.0],[-172.9771,64.2583,0.0],[-172.9729,64.2604,0.0],[-172.9359,64.2609,0.0],[-172.9339,64.2662,10.4299],[-172.937,64.2682,10.504],[-172.9328,64.2724,6.4117],[-172.9276,64.2745,4.428],[-172.9349,64.2776,8.1316],[-172.9339,64.2807,0.8843],[-172.9411,64.2818,16.9997],[-172.9401,64.2849,-0.5],[-172.9474,64.2859,12.6351],[-172.9526,64.2974,-0.5],[-172.9599,64.2984,43.2667],[-172.9588,64.3016,23.4901],[-172.9641,64.3047,46.2654],[-172.9687,64.3146,4.9536],[-172.963,64.3234,-0.5],[-172.9661,64.3266,4.5097],[-172.9563,64.3417,-0.5],[-172.9583,64.3458,1.0528],[-172.9568,64.3495,-0.5],[-172.9599,64.3516,7.0152],[-172.9547,64.3526,-0.5],[-172.9505,64.3568,-0.5],[-172.9536,64.3599,6.487],[-172.9484,64.3672,3.2519],[-172.9557,64.3714,5.8891],[-172.9526,64.3786,-0.5],[-172.9557,64.3807,3.4871],[-172.9505,64.3818,-0.5],[-172.9432,64.3912,8.142],[-172.9297,64.3964,-0.5],[-172.9266,64.4036,5.9875],[-172.9229,64.4063,0.1707],[-172.9151,64.4057,0.5603],[-172.9125,64.4021,59.3915],[-172.9193,64.3922,28.4778],[-172.9245,64.3912,1.4013],[-172.9292,64.3833,4.1483],[-172.9266,64.3797,0.4412],[-172.9193,64.3766,11.6816],[-172.9203,64.3734,-0.5],[-172.9172,64.3724,2.491],[-172.9182,64.3693,-0.5],[-172.9151,64.3672,2.2629],[-172.9214,64.3588,9.6202],[-172.9266,64.3578,-0.5],[-172.9255,64.3505,12.4914],[-172.937,64.3349,1.251],[-172.9297,64.3318,15.5942],[-172.9349,64.3297,0.4641],[-172.9276,64.3287,8.6321],[-172.9266,64.3255,-0.5],[-172.9193,64.3245,48.3779],[-172.9203,64.3214,-0.5],[-172.9141,64.3172,-0.5],[-172.9068,64.3161,30.5747],[-172.8859,64.3037,21.4583],[-172.8859,64.3005,4.7016],[-172.8901,64.2963,0.9863],[-172.9016,64.2932,-0.5],[-172.9,64.2917,-0.5],[-172.8729,64.2937,0.0],[-172.8583,64.2979,30.0701],[-172.8521,64.2958,0.0],[-172.838,64.3005,16.6757],[-172.8359,64.3057,0.0],[-172.8391,64.3078,10.2309],[-172.8338,64.3089,0.0],[-172.8354,64.3125,19.5456],[-172.8313,64.3187,0.0],[-172.837,64.3245,34.529],[-172.8318,64.3255,0.0],[-172.8297,64.3276,0.0],[-172.8266,64.3349,0.0],[-172.8193,64.3443,0.8973],[-172.8203,64.3516,1.0819],[-172.8151,64.3526,1.5602],[-172.8104,64.3583,2.9884],[-172.813,64.362,2.0426],[-172.8213,64.3662,1.2253],[-172.8286,64.3672,0.0],[-172.8276,64.3703,0.0],[-172.8307,64.3714,27.5011],[-172.8255,64.3734,0.0],[-172.8271,64.3771,17.3017],[-172.8229,64.3833,0.0],[-172.825,64.3875,16.5199],[-172.8193,64.3964,0.0],[-172.8266,64.4016,156.2609],[-172.8151,64.4047,0.0],[-172.8203,64.4099,77.6993],[-172.8089,64.413,0.0],[-172.8057,64.4182,9.0617],[-172.8005,64.4193,0.0],[-172.8026,64.4245,22.1712],[-172.8057,64.4255,45.4307],[-172.8047,64.4287,47.9098],[-172.8078,64.4297,83.0727],[-172.8047,64.4349,0.0],[-172.812,64.4359,99.513],[-172.8146,64.4417,56.8012],[-172.813,64.4453,18.0938],[-172.8203,64.4464,263.584],[-172.8193,64.4516,113.98779999999999],[-172.825,64.4521,195.2229],[-172.8313,64.45,265.3977],[-172.8437,64.4542,0.5058],[-172.8562,64.4542,0.1289],[-172.8646,64.4583,50.0496],[-172.8724,64.4578,18.5711],[-172.8734,64.4547,65.6728],[-172.8771,64.4521,111.4633],[-172.8938,64.4521,0.0],[-172.8979,64.45,11.5583],[-172.9021,64.45,12.989],[-172.9036,64.4516,-1.0],[-172.8984,64.4526,0.3267],[-172.9016,64.4547,0.0],[-172.9005,64.4578,0.0],[-172.9083,64.4583,50.0912],[-172.9125,64.4563,52.2965],[-172.9203,64.4557,0.0],[-172.9193,64.4526,36.0192],[-172.9245,64.4516,0.0],[-172.9255,64.4484,16.3208],[-172.9307,64.4474,0.0],[-172.9354,64.4437,29.0983],[-172.9417,64.4437,19.6857],[-172.9458,64.4458,0.0],[-172.95,64.4437,16.373],[-172.9667,64.4437,23.3815],[-172.9708,64.4417,83.6886],[-172.9812,64.4417,95.491],[-172.9854,64.4437,0.0],[-172.9932,64.4411,3.7368],[-172.9964,64.4359,164.0084],[-173.0042,64.4333,185.9715],[-173.0286,64.438,1.5673],[-173.0266,64.4411,0.4176],[-173.0188,64.4417,6.5035],[-173.0109,64.4453,22.5258],[-173.0312,64.4458,1.5408],[-173.037,64.4484,45.8699],[-173.0318,64.4505,1.8912],[-173.0333,64.4542,7.2611],[-173.0307,64.4578,41.1867],[-173.0255,64.4589,0.0],[-173.0161,64.4661,9.7398],[-173.0083,64.4688,19.9518],[-173.0021,64.4688,5.929],[-172.9917,64.4729,0.0],[-172.9833,64.4729,0.0],[-172.9755,64.4755,21.1882],[-172.9766,64.4828,2.3098],[-172.9729,64.4854,4.3383],[-172.9651,64.4859,0.0],[-172.9604,64.4917,0.0],[-172.9375,64.4917,0.0],[-172.9333,64.4938,14.1578],[-172.9292,64.4917,0.0],[-172.9229,64.4917,0.0],[-172.9125,64.4958,1.7692],[-172.8979,64.4958,0.0],[-172.8938,64.4979,10.6719],[-172.8875,64.4958,0.0],[-172.8833,64.4979,0.8161],[-172.8771,64.4979,9.0924],[-172.8729,64.4958,0.0],[-172.8542,64.4958,1.9249],[-172.85,64.4979,1.6975],[-172.8417,64.4979,0.0],[-172.8375,64.5,-0.0268],[-172.8188,64.5,8.2986],[-172.8146,64.4979,0.0],[-172.7937,64.4979,0.0],[-172.7922,64.4995,0.0],[-172.7953,64.5016,64.3736],[-172.7901,64.5026,0.0],[-172.7854,64.5083,2.133],[-172.7729,64.5083,0.0],[-172.7688,64.5104,-0.2128],[-172.7646,64.5083,0.0],[-172.7604,64.5083,7.8828],[-172.7588,64.5078,11.3172],[-172.7563,64.5021,1.0261],[-172.7641,64.4943,0.0],[-172.7568,64.4932,118.9488],[-172.7578,64.4901,3.688],[-172.7547,64.4891,144.0561],[-172.7557,64.4859,84.2099],[-172.7505,64.4828,264.3488],[-172.7557,64.4807,93.8755],[-172.7526,64.4786,210.2772],[-172.7557,64.4714,73.6695],[-172.7526,64.4693,139.5203],[-172.7557,64.4651,25.3756],[-172.7526,64.4641,111.6721],[-172.7536,64.4609,8.8248],[-172.7505,64.4599,49.1002],[-172.7516,64.4568,0.0],[-172.738,64.4557,77.6714],[-172.7245,64.4464,7.6008],[-172.7172,64.4432,25.9579],[-172.7182,64.4401,0.0],[-172.7088,64.4349,38.4968],[-172.7141,64.4245,0.0],[-172.7109,64.4213,102.4471],[-172.7193,64.4089,126.6314],[-172.7245,64.4078,0.0],[-172.7229,64.4042,0.0],[-172.7266,64.3984,0.0],[-172.7104,64.3979,29.8864],[-172.7063,64.3958,0.0],[-172.6917,64.3958,7.5462],[-172.6875,64.3938,6.1661],[-172.6792,64.3938,29.7971],[-172.675,64.3917,0.0],[-172.6625,64.3917,177.9432],[-172.6562,64.3854,0.0],[-172.6521,64.3854,38.4011],[-172.6479,64.3833,0.0],[-172.6375,64.3833,74.9306],[-172.6333,64.3812,8.5406],[-172.625,64.3812,42.9565],[-172.6151,64.3786,13.5994],[-172.6083,64.375,7.8172],[-172.6,64.375,65.4547],[-172.5958,64.3729,0.0],[-172.5854,64.3729,0.0],[-172.5688,64.3792,32.4851],[-172.5583,64.3792,0.0],[-172.5542,64.3812,0.0],[-172.5313,64.3812,0.0],[-172.5271,64.3833,12.5349],[-172.5229,64.3812,0.0],[-172.5188,64.3833,13.1299],[-172.5,64.3854,0.0],[-172.4958,64.3875,30.2195],[-172.4917,64.3854,0.0],[-172.4812,64.3896,9.4189],[-172.4714,64.3901,0.0],[-172.4703,64.3932,7.2622],[-172.4651,64.3943,0.0],[-172.462,64.3974,8.0562],[-172.4526,64.3984,0.0],[-172.4536,64.4016,8.5662],[-172.4521,64.4021,8.3207],[-172.4417,64.4021,1.9321],[-172.4375,64.4042,2.2718],[-172.4276,64.4047,2.2019],[-172.4234,64.4068,2.1907],[-172.4245,64.4099,1.9922],[-172.4224,64.4141,3.2445],[-172.4172,64.4151,0.5],[-172.4104,64.425,0.5],[-172.413,64.4307,0.5],[-172.4182,64.4339,6.29],[-172.4151,64.4411,0.5],[-172.4182,64.4432,5.8531],[-172.413,64.4443,0.5],[-172.4099,64.4474,1.2537],[-172.4021,64.45,1.4823],[-172.3943,64.4505,0.9999],[-172.3958,64.4542,0.5],[-172.3938,64.4563,3.306],[-172.3714,64.4557,4.5143],[-172.3672,64.4537,3.2371],[-172.3682,64.4505,3.2177],[-172.3521,64.4417,0.5],[-172.3474,64.4453,6.0118],[-172.3396,64.4458,0.5],[-172.3318,64.4484,1.7455],[-172.3349,64.4505,-1.3712],[-172.3338,64.4537,1.9683],[-172.337,64.4547,1.6264],[-172.3359,64.4578,0.0],[-172.3417,64.4604,2.7358],[-172.3474,64.4609,1.6288],[-172.3464,64.4641,0.0],[-172.3505,64.4661,0.0],[-172.3578,64.4672,1.7278],[-172.3625,64.4708,2.1574],[-172.3813,64.4708,3.9164],[-172.3911,64.4734,4.5614],[-172.3979,64.4771,1.3179],[-172.4036,64.4776,9.96],[-172.4016,64.4828,9.288],[-172.4,64.4833,5.6594],[-172.3938,64.4833,6.4179],[-172.3896,64.4812,-0.556],[-172.3792,64.4812,1.3169],[-172.3755,64.4849,0.0],[-172.3917,64.4854,13.2947],[-172.3974,64.488,3.9778],[-172.3943,64.4932,-0.3207],[-172.3974,64.4943,7.1967],[-172.3963,64.4974,2.104],[-172.3995,64.4984,5.1241],[-172.3984,64.5016,2.7943],[-172.4057,64.5047,5.9482],[-172.4047,64.5078,0.0],[-172.4104,64.5104,4.9453],[-172.4162,64.5109,69.113],[-172.413,64.5151,3.1217],[-172.413,64.5182,0.0],[-172.4187,64.5188,56.2678],[-172.4203,64.5203,116.5248],[-172.4182,64.5224,75.3365],[-172.413,64.5234,0.0],[-172.4109,64.5266,0.0],[-172.4141,64.5276,107.2835],[-172.413,64.5307,0.0],[-172.4162,64.5318,139.5025],[-172.4146,64.5354,81.4863],[-172.4172,64.5391,22.3507],[-172.4375,64.5396,87.5597],[-172.4438,64.5417,0.0],[-172.4479,64.5375,58.2675],[-172.4646,64.5375,106.8204],[-172.4687,64.5396,0.0],[-172.4792,64.5396,0.0],[-172.4833,64.5375,11.4483],[-172.4932,64.5401,40.2112],[-172.4922,64.5432,0.0],[-172.4937,64.5437,0.0],[-172.5042,64.5437,43.9336],[-172.5083,64.5458,43.6778],[-172.5167,64.5458,99.4963],[-172.5208,64.5479,157.1013],[-172.5542,64.5479,26.5218],[-172.5583,64.55,0.5643],[-172.5729,64.55,52.3569],[-172.5792,64.5542,0.0],[-172.5911,64.5547,0.7426],[-172.5943,64.5599,0.0],[-172.6016,64.5609,2.2372],[-172.6005,64.5641,2.0251],[-172.6037,64.5651,2.9643],[-172.6026,64.5682,0.0],[-172.6057,64.5693,1.7657],[-172.6026,64.5745,3.0822],[-172.6083,64.5771,1.1346],[-172.6141,64.5776,12.8087],[-172.6208,64.5813,0.0],[-172.625,64.5792,1.8155],[-172.6354,64.5792,0.0486],[-172.6479,64.5833,0.0],[-172.6625,64.5813,53.8946],[-172.6687,64.5833,28.0693],[-172.6833,64.5792,83.6458],[-172.6896,64.5792,41.5418],[-172.6938,64.5813,0.5627],[-172.7021,64.5813,0.8268],[-172.712,64.5839,13.3799],[-172.7161,64.5859,18.9524],[-172.7151,64.5891,0.0],[-172.7182,64.5901,8.4344],[-172.7172,64.5932,0.0],[-172.7203,64.5943,5.0737],[-172.7172,64.5984,1.6935],[-172.7172,64.6016,0.7576],[-172.7229,64.6042,0.0273],[-172.7333,64.6042,0.0],[-172.7375,64.6021,48.7832],[-172.7417,64.6021,111.8648],[-172.7599,64.6068,15.2053],[-172.7667,64.6104,0.0],[-172.775,64.6104,11.9975],[-172.7792,64.6125,0.0],[-172.7854,64.6104,18.1647],[-172.8042,64.6104,10.7237],[-172.8104,64.6125,1.5452],[-172.8146,64.6104,16.41],[-172.8313,64.6104,12.0205],[-172.8354,64.6083,20.1718],[-172.8458,64.6083,0.0],[-172.8474,64.6068,0.0],[-172.8443,64.6047,41.1728],[-172.8458,64.6042,45.0467],[-172.8542,64.6042,0.0],[-172.8646,64.6,0.0],[-172.8813,64.6,0.0],[-172.8891,64.5974,0.0],[-172.8859,64.5943,0.0],[-172.8922,64.5859,0.0],[-172.9062,64.5813,0.0],[-172.9141,64.5807,0.0],[-172.9042,64.575,0.0],[-172.8922,64.5755,0.0],[-172.8911,64.5787,0.0],[-172.8875,64.5813,0.0],[-172.8849,64.5776,0.0],[-172.8776,64.5766,64.689],[-172.8849,64.5724,0.0],[-172.8818,64.5693,8.0352],[-172.8854,64.5667,5.1791],[-172.9062,64.5667,0.0],[-172.9104,64.5646,21.3905],[-172.9229,64.5646,10.1103],[-172.9333,64.5604,8.6629],[-172.9396,64.5604,12.9775],[-172.9438,64.5625,0.0],[-172.9563,64.5625,5.81],[-172.9745,64.5672,-1.0],[-172.9745,64.5703,-1.0],[-172.9724,64.5724,0.0],[-172.9646,64.575,0.0],[-172.9583,64.575,0.0],[-172.9536,64.5787,0.0],[-172.9271,64.5875,2.9355],[-172.9193,64.588,0.0],[-172.9089,64.6026,0.0],[-172.9099,64.6078,0.0],[-172.9068,64.6088,0.0],[-172.9016,64.6141,0.0],[-172.8938,64.6167,-0.3924],[-172.8818,64.6172,-0.3337],[-172.8776,64.6214,0.0],[-172.8724,64.6307,21.4871],[-172.8672,64.6318,0.0],[-172.8641,64.637,15.4525],[-172.8589,64.638,0.0],[-172.8537,64.6432,23.0674],[-172.8458,64.6458,11.6006],[-172.838,64.6464,0.0],[-172.8338,64.6536,27.5685],[-172.8542,64.6542,88.7076],[-172.8583,64.6563,0.0],[-172.8813,64.6583,64.3252],[-172.888,64.662,10.0254],[-172.8953,64.663,45.1007],[-172.8943,64.6661,0.0],[-172.8984,64.6682,0.8075],[-172.9125,64.6708,-0.5],[-172.9203,64.6682,4.0442],[-172.9255,64.663,17.3107],[-172.9307,64.662,3.3792],[-172.9359,64.6547,0.0],[-172.9438,64.65,86.4089],[-172.9516,64.6505,18.3951],[-172.9505,64.6536,0.0],[-172.9578,64.6547,-0.0905],[-172.9687,64.6604,0.2971],[-172.9729,64.6583,1.9571],[-172.9807,64.6578,5.8199],[-172.9797,64.6547,10.1214],[-172.9812,64.6542,11.8881],[-172.9854,64.6563,4.8834],[-172.9958,64.6521,9.5653],[-173.0036,64.6516,0.0],[-173.0083,64.6479,2.5454],[-173.0161,64.6474,0.0],[-173.0213,64.6422,17.2282],[-173.0266,64.6412,63.1396],[-173.0234,64.6391,194.9471],[-173.025,64.6375,270.2034],[-173.0312,64.6375,217.9303],[-173.0354,64.6396,34.2328],[-173.0458,64.6396,0.0],[-173.05,64.6375,57.6888],[-173.0599,64.6401,0.8152],[-173.0667,64.6438,0.5273],[-173.0708,64.6417,3.6758],[-173.0807,64.6474,-0.3586],[-173.0693,64.6505,0.0],[-173.0661,64.6557,11.4618],[-173.0521,64.6604,0.0],[-173.0422,64.6609,0.0],[-173.0412,64.6641,46.0591],[-173.0208,64.6667,0.0],[-173.012,64.6724,6.8357],[-172.9917,64.675,0.0],[-172.987,64.6787,7.7688],[-172.9792,64.6813,40.4878],[-172.9625,64.6813,0.0],[-172.9479,64.6854,0.0],[-172.9312,64.6854,0.0],[-172.9271,64.6875,0.0],[-172.9062,64.6875,0.0],[-172.9021,64.6896,3.9453],[-172.8813,64.6896,14.8659],[-172.8687,64.6854,0.0],[-172.8625,64.6854,0.0],[-172.838,64.6922,0.0],[-172.8313,64.7021,0.0],[-172.8338,64.7078,0.0],[-172.837,64.7089,4.2888],[-172.8359,64.712,6.6797],[-172.8391,64.713,7.1605],[-172.838,64.7161,0.0],[-172.8453,64.7172,11.8621],[-172.8401,64.7193,0.0],[-172.8432,64.7224,3.7754],[-172.8391,64.7286,0.0],[-172.8297,64.7297,0.0],[-172.825,64.7333,3.1255],[-172.8021,64.7271,0.0],[-172.7979,64.7292,5.7073],[-172.7937,64.7271,0.0],[-172.7755,64.7276,0.0],[-172.7734,64.7328,62.7857],[-172.7766,64.7338,75.4854],[-172.7755,64.737,10.819],[-172.7833,64.7375,-0.5],[-172.7875,64.7354,10.9557],[-172.7937,64.7354,-0.5],[-172.7953,64.737,1.5914],[-172.7917,64.7396,10.8019],[-172.7708,64.7396,0.9312],[-172.763,64.7422,0.0],[-172.7599,64.7453,18.2889],[-172.7547,64.7464,0.0],[-172.7526,64.7484,0.0],[-172.7557,64.7505,26.6191],[-172.7536,64.7557,75.954],[-172.7484,64.7568,5.8513],[-172.7443,64.7609,8.6596],[-172.7479,64.7646,33.2727],[-172.7464,64.7682,0.0],[-172.7568,64.7745,8.9127],[-172.7667,64.775,23.0543],[-172.7708,64.7771,0.0],[-172.7812,64.7771,16.3881],[-172.7896,64.7813,2.7896],[-172.8036,64.7839,23.3573],[-172.8068,64.7891,0.0],[-172.8141,64.7901,6.7244],[-172.8172,64.7932,0.0],[-172.8307,64.7943,302.9756],[-172.8292,64.7958,183.3272],[-172.8109,64.7963,0.0],[-172.8151,64.7995,0.0],[-172.8375,64.8021,20.0305],[-172.8458,64.8063,0.3008],[-172.8578,64.8068,54.7558],[-172.8609,64.8099,0.0],[-172.8682,64.813,46.1452],[-172.8651,64.8172,0.0],[-172.8667,64.8187,0.0],[-172.8771,64.8187,176.8642],[-172.8813,64.8208,29.842],[-172.8875,64.8208,25.9611],[-172.8917,64.8187,103.2916],[-172.8958,64.8208,11.0225],[-172.9021,64.8208,0.0],[-172.9062,64.8167,23.9101],[-172.9203,64.8151,0.0],[-172.9162,64.8224,77.3396],[-172.9047,64.8255,0.0],[-172.9026,64.8287,67.8839],[-172.9057,64.8307,126.6559],[-172.9005,64.8328,0.0],[-172.9333,64.8333,21.6378],[-172.9375,64.8313,29.1146],[-172.9453,64.8307,0.0],[-172.9479,64.8271,0.0],[-172.9443,64.8234,16.0275],[-172.9463,64.8214,12.9347],[-172.9516,64.8203,0.0],[-172.9547,64.8151,28.4482],[-172.975,64.8083,3.8427],[-172.9833,64.8083,0.0],[-173.0099,64.7995,0.0],[-173.0109,64.7963,5.5957],[-173.0161,64.7953,0.0],[-173.013,64.7922,25.645],[-173.0266,64.787,21.6254],[-173.0297,64.7818,68.0043],[-173.0432,64.7766,12.2179],[-173.0464,64.7714,79.7505],[-173.0542,64.7708,45.3585],[-173.0583,64.7688,35.8215],[-173.0708,64.7688,20.3315],[-173.0755,64.7651,118.3917],[-173.0937,64.7625,55.3489],[-173.0984,64.7589,18.3198],[-173.1062,64.7562,33.0917],[-173.1208,64.7562,2.8136],[-173.1292,64.7604,32.4432],[-173.1438,64.7604,60.5006],[-173.1667,64.7521,81.3564],[-173.1771,64.7521,0.0],[-173.1818,64.7578,0.0],[-173.1849,64.7589,0.6493],[-173.1839,64.7641,2.0443],[-173.187,64.7651,7.7666],[-173.1839,64.7703,0.5975],[-173.187,64.7724,2.0793],[-173.1833,64.775,10.7415],[-173.1521,64.775,0.0],[-173.1375,64.7813,3.5914],[-173.125,64.7813,18.4656],[-173.1208,64.7792,0.0],[-173.1062,64.7833,36.4649],[-173.0875,64.7854,0.0],[-173.0849,64.7891,20.2371],[-173.0609,64.7963,0.0],[-173.0562,64.8021,33.2496],[-173.0589,64.8057,5.8524],[-173.062,64.8068,26.5633],[-173.063,64.8099,4.9674],[-173.0729,64.8125,0.0],[-173.0771,64.8104,2.7975],[-173.0911,64.8151,0.1286],[-173.0859,64.8172,0.4788],[-173.0891,64.8203,0.131],[-173.0828,64.8307,0.0],[-173.075,64.8333,12.37],[-173.0479,64.8333,0.0],[-173.0443,64.8359,0.3942],[-173.0412,64.8411,4.0713],[-173.0333,64.8438,13.6726],[-173.0255,64.8443,0.0],[-173.0208,64.8479,26.4908],[-173.0,64.8479,0.0],[-172.9964,64.8505,0.6639],[-172.9995,64.8536,4.1325],[-172.9792,64.8604,2.9665],[-172.9729,64.8583,0.0],[-172.9687,64.8625,1.8283],[-172.9458,64.8646,17.3749],[-172.9417,64.8625,0.0],[-172.9229,64.8604,0.0],[-172.9187,64.8625,0.6189],[-172.9042,64.8625,31.2915],[-172.8479,64.8479,1.8449],[-172.825,64.8479,24.021],[-172.8208,64.8458,0.0],[-172.8021,64.8458,0.0],[-172.7922,64.8432,0.0],[-172.7854,64.8396,0.0],[-172.775,64.8396,0.0],[-172.7688,64.8417,0.0],[-172.7672,64.8411,0.0],[-172.7682,64.838,0.0],[-172.7542,64.8333,0.0],[-172.7495,64.837,12.6012],[-172.7443,64.838,0.0],[-172.7417,64.8417,3.427],[-172.7187,64.8438,0.0],[-172.7141,64.8474,11.5965],[-172.7088,64.8484,0.0],[-172.7057,64.8516,65.0984],[-172.6979,64.8521,20.9699],[-172.6901,64.8547,0.0],[-172.687,64.8578,17.8482],[-172.6818,64.8588,0.0],[-172.6766,64.8682,25.9066],[-172.6714,64.8693,0.0],[-172.6682,64.8724,3.1629],[-172.6604,64.875,-0.2313],[-172.6542,64.875,0.0],[-172.6271,64.8833,12.4736],[-172.6187,64.8833,0.0],[-172.6146,64.8854,0.0],[-172.5979,64.8854,0.0],[-172.5776,64.8922,2.6324],[-172.5729,64.8958,17.6014],[-172.5651,64.8964,0.0],[-172.562,64.8995,7.0735],[-172.5505,64.9026,0.0],[-172.5495,64.9057,28.5656],[-172.5354,64.9104,12.5299],[-172.5292,64.9083,0.0],[-172.525,64.9104,0.0],[-172.5104,64.9104,0.0],[-172.5042,64.9083,0.3193],[-172.4964,64.9109,17.5508],[-172.5063,64.9146,0.0],[-172.5167,64.9146,13.7478],[-172.5224,64.9172,15.2588],[-172.5213,64.9203,0.0],[-172.5245,64.9224,2.7352],[-172.5151,64.9213,0.033],[-172.5125,64.925,0.9934],[-172.5146,64.9271,0.0],[-172.5188,64.9271,4.5788],[-172.5229,64.9292,0.0],[-172.5271,64.9271,7.8234],[-172.5313,64.9292,0.0],[-172.5417,64.9292,12.4583],[-172.5458,64.9313,0.0],[-172.5792,64.9313,2.7228],[-172.5891,64.9339,0.0],[-172.5875,64.9354,0.0],[-172.575,64.9354,0.0],[-172.5646,64.9396,0.2202],[-172.5547,64.937,1.3344],[-172.5557,64.9339,0.0],[-172.5542,64.9333,0.0],[-172.5479,64.9333,0.209],[-172.5437,64.9354,0.5117],[-172.5375,64.9333,0.2463],[-172.5333,64.9354,0.0],[-172.5188,64.9354,4.809],[-172.512,64.9318,0.0],[-172.4937,64.9271,0.3551],[-172.4833,64.9271,10.0056],[-172.4792,64.925,7.3582],[-172.475,64.925,13.4454],[-172.4734,64.9245,11.5285],[-172.4745,64.9213,0.0],[-172.4563,64.9167,0.0],[-172.4375,64.9167,29.7305],[-172.4333,64.9146,0.0],[-172.4271,64.9167,36.8126],[-172.4208,64.9167,0.0],[-172.4167,64.9187,14.736],[-172.4104,64.9187,0.0],[-172.4,64.9229,0.0],[-172.3917,64.9229,0.0],[-172.3813,64.9271,27.4661],[-172.375,64.9271,0.0],[-172.3714,64.9297,0.0],[-172.3703,64.9328,8.0018],[-172.3651,64.9339,1.4105],[-172.362,64.937,10.5436],[-172.338,64.9443,0.0],[-172.3349,64.9474,19.1478],[-172.3208,64.9521,7.4139],[-172.3083,64.9521,0.0],[-172.2979,64.9563,12.8774],[-172.2875,64.9563,0.0],[-172.2828,64.9599,27.8511],[-172.275,64.9604,0.0],[-172.2672,64.963,7.3758],[-172.2641,64.9661,8.2837],[-172.2526,64.9693,0.0],[-172.2557,64.9724,20.5764],[-172.2505,64.9734,0.0],[-172.2453,64.9807,20.4959],[-172.2401,64.9818,0.0],[-172.2349,64.9891,31.6074],[-172.2297,64.9901,0.0],[-172.2276,64.9922,0.0],[-172.2245,64.9974,29.2634],[-172.2193,64.9984,0.0],[-172.2161,65.0016,7.8423],[-172.2109,65.0026,0.0],[-172.2088,65.0047,0.0],[-172.2068,65.0099,0.0],[-172.2099,65.012,12.8551],[-172.2078,65.0141,10.5274],[-172.1964,65.0172,0.0],[-172.1917,65.0208,0.0],[-172.1854,65.0208,0.0],[-172.1651,65.0276,0.0],[-172.162,65.0328,21.4475],[-172.1505,65.0359,0.0],[-172.1474,65.0391,19.3727],[-172.1359,65.0422,0.0],[-172.1328,65.0453,7.8226],[-172.125,65.0458,0.0],[-172.1172,65.0484,6.2417],[-172.1141,65.0537,32.8384],[-172.1089,65.0547,25.8391],[-172.1068,65.0568,21.9005],[-172.1037,65.062,11.4016],[-172.0984,65.063,22.2638],[-172.0995,65.0661,25.5648],[-172.0943,65.0672,24.5667],[-172.0974,65.0703,35.828],[-172.0953,65.0724,38.6747],[-172.0901,65.0734,13.9749],[-172.0859,65.0797,0.0],[-172.0891,65.0828,24.7809],[-172.0838,65.0849,0.0],[-172.0896,65.0875,31.3377],[-172.0974,65.0849,33.5826],[-172.1005,65.0797,34.5787],[-172.112,65.0787,3.8981],[-172.1141,65.0755,0.2432],[-172.1104,65.0729,4.8934],[-172.1125,65.0708,3.5005],[-172.1187,65.0729,3.819],[-172.125,65.0729,2.5369],[-172.1417,65.0667,0.3218],[-172.1562,65.0667,0.0],[-172.1646,65.0708,0.0],[-172.1703,65.0714,0.0],[-172.1651,65.0734,0.0],[-172.1625,65.0771,1.2865],[-172.163,65.0787,1.2109],[-172.1703,65.0797,0.5108],[-172.1651,65.0818,0.0],[-172.1672,65.0849,0.3594],[-172.1787,65.0901,1.953],[-172.175,65.0958,0.0],[-172.1776,65.0995,1.7958],[-172.1807,65.1005,2.5987],[-172.1797,65.1036,0.0],[-172.188,65.1078,2.3183],[-172.1953,65.1088,2.556],[-172.1943,65.112,0.0],[-172.2,65.1146,0.4619],[-172.2057,65.1151,1.6826],[-172.2047,65.1182,0.0],[-172.2125,65.1188,0.2682],[-172.2141,65.1203,0.2256],[-172.2088,65.1214,0.0],[-172.2099,65.1266,0.0],[-172.2057,65.1307,2.0897],[-172.1943,65.1339,0.0],[-172.1891,65.1412,4.5553],[-172.1771,65.1417,1.2586],[-172.1687,65.1375,0.3417],[-172.1646,65.1396,0.9331],[-172.1583,65.1396,0.64],[-172.1542,65.1375,0.7055],[-172.1505,65.1401,1.2543],[-172.1536,65.1422,1.9423],[-172.1526,65.1453,0.0],[-172.1703,65.1547,2.2492],[-172.1693,65.1578,0.0],[-172.1766,65.1609,2.6302],[-172.1755,65.1641,0.0],[-172.1849,65.1693,2.6047],[-172.1839,65.1745,0.0],[-172.1911,65.1755,2.5704],[-172.1901,65.1807,0.0],[-172.1953,65.1839,1.7553],[-172.1943,65.1891,0.0],[-172.1974,65.1901,2.7133],[-172.1964,65.1932,0.0],[-172.1995,65.1943,2.601],[-172.1984,65.1974,0.0],[-172.2125,65.2021,0.5395],[-172.2229,65.2021,12.4019],[-172.2328,65.2047,7.9731],[-172.2359,65.2099,10.0074],[-172.2417,65.2125,4.2812],[-172.2521,65.2104,6.352],[-172.2536,65.2109,3.93],[-172.2526,65.2141,6.4658],[-172.2542,65.2146,4.989],[-172.2646,65.2146,0.0],[-172.2688,65.2125,7.8717],[-172.3062,65.2125,9.6002],[-172.3208,65.2083,13.3608],[-172.3292,65.2083,0.0],[-172.3333,65.2063,6.0264],[-172.3604,65.2063,0.0],[-172.3646,65.2042,21.6225],[-172.3687,65.2042,24.3813],[-172.3729,65.2063,0.0],[-172.3875,65.2063,1.5332],[-172.3917,65.2083,0.0],[-172.4021,65.2083,4.5472],[-172.4062,65.2104,7.7766],[-172.4208,65.2104,2.054],[-172.4271,65.2083,17.4255],[-172.4312,65.2104,10.1853],[-172.45,65.2104,5.4033],[-172.4542,65.2125,0.0],[-172.475,65.2125,19.8206],[-172.4896,65.2083,25.335],[-172.5083,65.2083,4.5255],[-172.5109,65.2047,8.5727],[-172.525,65.2,13.0294],[-172.5313,65.2021,0.0],[-172.5354,65.2,6.5381],[-172.5417,65.2,6.3481],[-172.5542,65.2042,0.4562],[-172.5688,65.2021,1.1853],[-172.5729,65.2042,0.0],[-172.5833,65.2042,9.9009],[-172.5901,65.2078,0.0],[-172.5958,65.2083,0.0],[-172.6016,65.2109,14.1224],[-172.6047,65.2141,3.8104],[-172.612,65.2172,11.1833],[-172.6109,65.2203,0.0],[-172.6167,65.2208,22.8935],[-172.625,65.225,10.3185],[-172.6557,65.2182,7.1375],[-172.6625,65.2125,10.3101],[-172.6833,65.2125,1.6018],[-172.687,65.2151,0.0],[-172.688,65.2182,0.0569],[-172.6953,65.2193,0.0],[-172.6839,65.2234,0.3394],[-172.6932,65.2297,0.547],[-172.688,65.2318,0.0],[-172.6911,65.2338,0.9325],[-172.6896,65.2375,0.0],[-172.6917,65.2417,-0.1915],[-172.6891,65.2453,-1.2534],[-172.6797,65.2464,0.0],[-172.6745,65.2516,4.1499],[-172.6604,65.2562,6.4054],[-172.65,65.2562,0.0],[-172.6453,65.2599,4.4729],[-172.6271,65.2646,4.9523],[-172.6,65.2646,0.0],[-172.5896,65.2583,5.0173],[-172.5688,65.2583,3.2262],[-172.5646,65.2562,0.2978],[-172.5562,65.2562,0.0],[-172.538,65.2516,32.2838],[-172.537,65.2484,11.8401],[-172.5339,65.2474,15.8354],[-172.5391,65.2453,0.0],[-172.5375,65.2438,0.0],[-172.5229,65.2438,6.2378],[-172.5125,65.2479,4.5363],[-172.4896,65.25,0.0],[-172.4854,65.2521,7.6242],[-172.4771,65.2521,0.0],[-172.4729,65.2542,3.6216],[-172.4625,65.2542,5.6721],[-172.4542,65.25,0.0],[-172.4396,65.25,0.0],[-172.4349,65.2536,-0.0301],[-172.4146,65.2604,0.0],[-172.3792,65.2604,0.0],[-172.375,65.2583,0.0],[-172.3583,65.2583,0.0],[-172.3542,65.2604,4.9236],[-172.35,65.2583,0.0],[-172.3396,65.2583,-0.1422],[-172.3354,65.2604,4.7894],[-172.3125,65.2604,0.0],[-172.3083,65.2625,11.5041],[-172.2937,65.2625,0.0],[-172.2896,65.2604,0.0],[-172.2646,65.2604,10.7847],[-172.2521,65.2542,0.0],[-172.2333,65.2542,0.0],[-172.2266,65.2505,0.0],[-172.2167,65.2479,0.0],[-172.2125,65.25,5.1314],[-172.2042,65.25,-0.5],[-172.1964,65.2526,0.0],[-172.1932,65.2578,0.0],[-172.1818,65.2609,45.4261],[-172.1849,65.263,47.4993],[-172.1839,65.2662,0.0],[-172.1896,65.2667,33.5774],[-172.1917,65.2688,32.9056],[-172.1776,65.2901,23.9306],[-172.1807,65.2922,71.3148],[-172.1797,65.2953,18.1463],[-172.1896,65.3,7.1121],[-172.1979,65.3,28.8535],[-172.2021,65.3021,0.0],[-172.2063,65.3021,10.9348],[-172.2088,65.3057,0.0],[-172.2161,65.3068,12.3184],[-172.213,65.3141,0.0],[-172.2161,65.3151,10.3491],[-172.2151,65.3182,1.61],[-172.2182,65.3203,8.1857],[-172.213,65.3276,0.0],[-172.2161,65.3297,6.2971],[-172.2141,65.3349,5.578],[-172.212,65.337,6.1281],[-172.2068,65.338,0.0],[-172.2099,65.3401,9.1],[-172.2078,65.3453,11.5802],[-172.2036,65.3516,11.662],[-172.1984,65.3526,0.0],[-172.1943,65.3568,0.0],[-172.1974,65.3599,20.1542],[-172.1943,65.3651,5.7379],[-172.1943,65.3682,17.4727],[-172.2,65.3688,18.0326],[-172.2016,65.3703,17.6106],[-172.1901,65.3714,12.8879],[-172.1818,65.3839,0.0],[-172.1849,65.387,13.3687],[-172.1797,65.388,5.1513],[-172.1776,65.3901,3.4545],[-172.1734,65.3984,4.4087],[-172.1766,65.4016,8.2427],[-172.1651,65.4047,0.0],[-172.163,65.4078,0.0],[-172.1662,65.4099,7.7992],[-172.1609,65.4109,4.3379],[-172.1568,65.4151,0.0],[-172.1599,65.4182,4.0585],[-172.1547,65.4193,3.8958],[-172.1526,65.4213,9.4239],[-172.1526,65.4245,1.6055],[-172.1625,65.425,4.0843],[-172.175,65.4313,0.0],[-172.1911,65.4307,0.1293],[-172.1891,65.4276,0.0],[-172.1833,65.4271,4.0481],[-172.1776,65.4245,4.0715],[-172.1776,65.4213,4.0096],[-172.1828,65.4203,1.9884],[-172.1875,65.4167,2.8953],[-172.1958,65.4167,1.103],[-172.1974,65.4151,2.4052],[-172.1891,65.4109,3.5341],[-172.1818,65.4099,2.0459],[-172.1776,65.4068,4.3731],[-172.1797,65.4026,5.6762],[-172.1896,65.4021,2.4185],[-172.1922,65.3984,15.431],[-172.1958,65.3979,19.4396],[-172.2057,65.4005,6.0472],[-172.2125,65.4042,3.2704],[-172.2182,65.4047,3.8336],[-172.2161,65.4078,3.2621],[-172.2109,65.4089,2.3064],[-172.2109,65.412,2.6566],[-172.2125,65.4125,1.8937],[-172.2182,65.412,2.1623],[-172.2214,65.4089,2.185],[-172.2292,65.4063,1.5],[-172.2328,65.4068,3.0883],[-172.2375,65.4104,2.5207],[-172.2542,65.4104,1.6077],[-172.2583,65.4083,2.97],[-172.2708,65.4083,0.0],[-172.275,65.4063,3.207],[-172.2812,65.4063,3.3511],[-172.2854,65.4083,0.0],[-172.2937,65.4083,2.8012],[-172.3021,65.4125,0.0019],[-172.3125,65.4125,2.8771],[-172.3188,65.4083,4.9578],[-172.3292,65.4083,2.2945],[-172.3391,65.4109,8.5644],[-172.338,65.4161,0.7826],[-172.3422,65.4182,0.7363],[-172.3646,65.4229,17.0643],[-172.3729,65.4271,8.5933],[-172.3786,65.4276,4.6377],[-172.3828,65.4297,3.7426],[-172.3818,65.4328,0.0],[-172.3875,65.4333,4.1439],[-172.3932,65.4359,2.6924],[-172.3979,65.4458,-0.5],[-172.3963,65.4495,0.0],[-172.3995,65.4505,0.3172],[-172.3984,65.4537,0.1587],[-172.4021,65.4542,0.0719],[-172.4062,65.4521,0.0],[-172.4146,65.4563,0.2014],[-172.4245,65.4568,0.1411],[-172.4354,65.4625,0.0],[-172.4458,65.4625,0.0],[-172.4474,65.4641,0.3311],[-172.4438,65.4667,-0.0016],[-172.4312,65.4667,0.2545],[-172.4266,65.4724,4.1216],[-172.4187,65.475,0.0],[-172.4104,65.475,0.0],[-172.4062,65.4771,1.1103],[-172.3917,65.4771,6.8044],[-172.3875,65.475,0.0],[-172.3771,65.475,2.9558],[-172.3729,65.4729,0.0],[-172.3479,65.4729,0.0],[-172.3417,65.475,10.1583],[-172.3318,65.4724,13.5197],[-172.325,65.4688,12.7698],[-172.3104,65.4688,0.0],[-172.3026,65.4714,0.0],[-172.2984,65.4766,0.0],[-172.3057,65.4797,17.5537],[-172.3047,65.4828,0.0],[-172.312,65.4838,18.3919],[-172.313,65.487,13.9412],[-172.3193,65.4912,0.0],[-172.3286,65.4922,51.365],[-172.3276,65.4953,10.8672],[-172.3495,65.5068,33.3666],[-172.3484,65.5099,0.0],[-172.362,65.5109,137.8338],[-172.3651,65.5162,0.0],[-172.3708,65.5167,144.3138],[-172.3766,65.5193,155.9834],[-172.3755,65.5224,17.7848],[-172.3813,65.525,20.1962],[-172.387,65.5255,41.6521],[-172.3953,65.5297,16.8779],[-172.4016,65.5339,0.0],[-172.4026,65.537,0.0]]],
[[[-174.9125,66.6771,0.1854],[-174.9089,66.6776,0.0],[-174.9089,66.6787,0.0],[-174.9141,66.6787,0.2665],[-174.9125,66.6771,0.1854]]],
[[[-174.5937,67.0417,-0.0698],[-174.6042,67.0417,2.3218],[-174.6057,67.0401,1.9204],[-174.5922,67.0401,1.5207],[-174.5937,67.0417,-0.0698]]],
[[[-173.9724,66.2432,0.1423],[-173.9724,66.2422,0.3921],[-173.9693,66.2422,0.5497],[-173.9693,66.2432,0.0532],[-173.9724,66.2432,0.1423]]],
[[[-173.9604,66.2438,0.118],[-173.9568,66.2443,-0.1203],[-173.9568,66.2453,0.0809],[-173.962,66.2453,0.2862],[-173.9604,66.2438,0.118]]],
[[[-173.9568,66.2662,0.3642],[-173.9729,66.2667,0.5376],[-173.9771,66.2688,0.3769],[-173.9833,66.2667,0.655],[-173.9896,66.2667,0.4705],[-173.9943,66.263,0.1726],[-173.9995,66.262,0.5628],[-174.0026,66.2568,1.162],[-174.012,66.2578,0.4505],[-174.013,66.2547,1.2711],[-174.0182,66.2536,0.3662],[-174.0203,66.2505,0.2559],[-174.013,66.2474,1.311],[-174.0141,66.2422,1.3541],[-174.0099,66.2401,0.6726],[-173.9979,66.2396,0.8306],[-173.9943,66.2422,1.3285],[-173.9974,66.2443,0.8511],[-173.9974,66.2474,1.0674],[-173.9833,66.2458,0.3138],[-173.9797,66.2505,1.2556],[-173.9828,66.2536,0.6306],[-173.9625,66.2542,-0.3454],[-173.9547,66.2568,-0.2064],[-173.9516,66.262,0.5531],[-173.9463,66.263,0.3534],[-173.9479,66.2646,0.4535],[-173.9542,66.2646,0.2112],[-173.9568,66.2662,0.3642]]],
[[[-173.9479,66.2667,0.3863],[-173.9443,66.2672,0.1918],[-173.9443,66.2682,0.2998],[-173.9495,66.2682,0.0603],[-173.9479,66.2667,0.3863]]],
[[[-173.9625,66.2688,-0.059],[-173.9588,66.2693,0.0551],[-173.9588,66.2703,0.1056],[-173.9641,66.2703,-0.0197],[-173.9625,66.2688,-0.059]]],
[[[-173.9417,66.2688,0.3025],[-173.938,66.2693,0.0235],[-173.938,66.2703,0.0131],[-173.9432,66.2703,-0.0419],[-173.9417,66.2688,0.3025]]],
[[[-173.9703,66.2745,-0.0569],[-173.9703,66.2734,0.0933],[-173.9672,66.2734,0.2875],[-173.9672,66.2745,0.1397],[-173.9703,66.2745,-0.0569]]],
[[[-174.4036,66.2891,0.0],[-174.4036,66.288,0.0],[-174.4005,66.288,0.0],[-174.4005,66.2891,0.0],[-174.4036,66.2891,0.0]]],
[[[-171.8938,65.4771,0.0],[-171.9083,65.4771,1.2765],[-171.9146,65.4833,0.4348],[-171.9182,65.4828,0.5775],[-171.9187,65.4812,0.5611],[-171.9162,65.4776,0.9367],[-171.913,65.4766,1.0197],[-171.9146,65.475,1.2034],[-171.95,65.475,1.4826],[-171.9542,65.4771,0.0],[-171.9812,65.4771,0.928],[-171.9854,65.475,1.0859],[-171.9896,65.4771,1.0569],[-172.0188,65.4771,1.1207],[-172.0229,65.4792,0.0],[-172.0266,65.4786,1.1215],[-172.0208,65.475,0.5275],[-171.9917,65.475,1.1339],[-171.9875,65.4729,0.0],[-171.9729,65.4729,1.1113],[-171.9687,65.4708,0.0],[-171.9479,65.4708,0.0],[-171.9438,65.4729,1.5596],[-171.9375,65.4729,1.6335],[-171.9312,65.4708,0.0],[-171.9271,65.4729,1.6363],[-171.9229,65.4729,1.6952],[-171.9167,65.4708,0.0],[-171.9125,65.4729,1.6493],[-171.8958,65.4729,0.0],[-171.888,65.4755,1.2874],[-171.8896,65.4771,0.0],[-171.8938,65.4771,0.0]]],
[[[-172.2354,65.4812,18.192],[-172.2391,65.4734,2.8541],[-172.2234,65.4776,7.0803],[-172.2245,65.4807,10.9073],[-172.213,65.4849,0.0],[-172.2161,65.4859,23.0554],[-172.2151,65.4891,24.2443],[-172.2182,65.4901,33.0288],[-172.2214,65.4953,10.3481],[-172.225,65.4958,8.046],[-172.2292,65.4938,19.419],[-172.237,65.4932,0.0],[-172.2391,65.4912,14.7331],[-172.2391,65.488,5.2165],[-172.2339,65.4849,11.6114],[-172.2354,65.4812,18.192]]],
[[[-172.1078,65.5537,4.4281],[-172.1078,65.5526,2.5935],[-172.1047,65.5526,0.3508],[-172.1047,65.5537,1.6261],[-172.1078,65.5537,4.4281]]],
[[[-172.0807,65.5557,1.3506],[-172.0807,65.5547,0.0],[-172.0776,65.5547,0.0],[-172.0776,65.5557,0.8091],[-172.0807,65.5557,1.3506]]],
[[[-172.8526,64.8297,0.0],[-172.8542,64.8313,0.0],[-172.862,64.8307,0.0],[-172.8604,64.8292,0.0],[-172.8526,64.8297,0.0]]],
[[[-172.8813,64.8396,0.0],[-172.887,64.8391,0.0],[-172.8891,64.8339,0.0],[-172.8693,64.8339,0.0],[-172.8776,64.8391,0.0],[-172.8813,64.8396,0.0]]],
[[[-172.8953,64.8391,0.0],[-172.8953,64.838,0.0],[-172.8922,64.838,0.0],[-172.8922,64.8391,0.0],[-172.8953,64.8391,0.0]]],
[[[-173.9932,66.2245,0.1266],[-173.9932,66.2234,0.3857],[-173.9901,66.2234,0.2321],[-173.9901,66.2245,0.4029],[-173.9932,66.2245,0.1266]]],
[[[-171.2891,65.7536,22.3615],[-171.2974,65.7516,42.5343],[-171.2974,65.7484,18.0531],[-171.288,65.7484,6.3004],[-171.2859,65.7536,19.5933],[-171.2891,65.7536,22.3615]]],
[[[-170.2063,66.1771,5.2416],[-170.2026,66.1776,4.4227],[-170.2026,66.1787,4.2126],[-170.2078,66.1787,6.0741],[-170.2063,66.1771,5.2416]]],
[[[-170.3557,66.3057,16.4862],[-170.3557,66.3047,16.5553],[-170.3526,66.3047,0.8571],[-170.3526,66.3057,0.0],[-170.3557,66.3057,16.4862]]],
[[[-170.3578,66.3089,3.3868],[-170.3625,66.3104,9.0256],[-170.3661,66.3068,0.0],[-170.3583,66.3063,17.7222],[-170.3568,66.3068,15.4032],[-170.3578,66.3089,3.3868]]],
[[[-172.7125,65.6729,0.0],[-172.7187,65.6729,0.0],[-172.7203,65.6713,0.0],[-172.7109,65.6713,0.0],[-172.7125,65.6729,0.0]]],
[[[-172.5688,65.6792,1.8723],[-172.5703,65.6787,1.7541],[-172.5703,65.6755,1.507],[-172.5661,65.6734,0.0],[-172.563,65.6734,0.0],[-172.5609,65.6755,0.0],[-172.5609,65.6787,0.0],[-172.5688,65.6792,1.8723]]],
[[[-172.0286,66.9495,2.0082],[-172.0286,66.9484,0.0],[-172.0255,66.9484,0.0],[-172.0255,66.9495,1.7924],[-172.0286,66.9495,2.0082]]],
[[[174.3833,61.8187,2.6413],[174.3958,61.8187,0.0],[174.4,61.8209,2.9882],[174.3819,61.8187,3.9459],[174.3833,61.8187,2.6413]]],
[[[174.7713,61.9016,0.0],[174.7713,61.9005,0.0],[174.7745,61.9005,2.692],[174.7745,61.9016,2.264],[174.7713,61.9016,0.0]]],
[[[174.7625,61.9042,0.0],[174.7667,61.9063,0.0],[174.7724,61.9047,0.0],[174.7766,61.9068,0.0],[174.7786,61.9099,0.0],[174.7766,61.912,0.0],[174.7734,61.912,0.0],[174.7703,61.9089,0.0],[174.763,61.9078,0.0],[174.7609,61.9057,0.0],[174.7625,61.9042,0.0]]],
[[[174.7266,61.9161,0.0],[174.7229,61.9167,0.0],[174.7229,61.9146,0.6986],[174.7266,61.9151,0.0],[174.7266,61.9161,0.0]]],
[[[174.8109,61.9161,3.5923],[174.8109,61.9151,4.0213],[174.8141,61.9151,0.0],[174.8141,61.9161,4.5847],[174.8109,61.9161,3.5923]]],
[[[174.8229,61.9208,2.8038],[174.8188,61.9208,0.0],[174.8172,61.9193,1.0662],[174.825,61.9188,0.0],[174.825,61.9208,3.9307],[174.8229,61.9208,2.8038]]],
[[[174.8354,61.9354,0.0],[174.8338,61.9339,0.0],[174.8479,61.9333,0.0],[174.8479,61.9354,0.0],[174.8438,61.9375,0.0],[174.8396,61.9375,0.0],[174.8354,61.9354,0.0]]],
[[[174.713,61.937,0.0],[174.7146,61.9354,0.0],[174.7161,61.9359,0.0],[174.7146,61.9375,0.0],[174.713,61.937,0.0]]],
[[[174.7005,61.9432,0.0],[174.7005,61.9422,0.0],[174.7036,61.9422,0.0],[174.7021,61.9437,0.0],[174.7005,61.9432,0.0]]],
[[[175.0922,61.9682,0.0],[175.0938,61.9667,0.0],[175.0953,61.9672,0.0],[175.0953,61.9682,0.0],[175.0922,61.9682,0.0]]],
[[[175.325,62.0875,0.0],[175.3188,62.0875,0.0],[175.3172,62.0859,0.0],[175.3208,62.0833,0.0],[175.3266,62.0859,0.0],[175.325,62.0875,0.0]]],
[[[175.2901,62.0891,0.0],[175.2901,62.088,0.0],[175.2932,62.088,0.0],[175.2932,62.0891,0.0],[175.2901,62.0891,0.0]]],
[[[176.9125,62.5104,7.323],[176.9167,62.5104,1.868],[176.9182,62.512,7.1688],[176.9083,62.5125,0.0],[176.9083,62.5104,6.9843],[176.9042,62.5104,6.4064],[176.9026,62.5089,6.7933],[176.9083,62.5083,4.5146],[176.9125,62.5104,7.323]]],
[[[177.2672,62.5505,6.143],[177.2708,62.55,0.0],[177.2708,62.5521,6.5232],[177.2672,62.5516,6.2294],[177.2672,62.5505,6.143]]],
[[[179.287,63.0005,0.0],[179.2854,63.0021,0.6427],[179.2776,63.0016,0.0],[179.2792,62.9979,1.7992],[179.287,63.0005,0.0]]],
[[[179.0797,63.2776,1.2157],[179.0786,63.2807,0.0],[179.063,63.2849,0.0],[179.0651,63.2818,0.0],[179.0745,63.2786,0.0],[179.0714,63.2755,0.0],[179.0755,63.2693,0.0],[179.0911,63.2714,2.0033],[179.0859,63.2734,0.0],[179.0891,63.2766,0.0],[179.0797,63.2776,1.2157]]],
[[[179.0547,63.2922,0.0],[179.0516,63.2974,0.0],[179.0437,63.2979,0.5292],[179.0396,63.3,0.0],[179.038,63.2995,0.0],[179.0391,63.2943,0.2231],[179.0359,63.2932,0.2883],[179.0474,63.2891,0.4808],[179.05,63.2854,0.0],[179.062,63.2859,0.0],[179.0599,63.2891,0.0],[179.0547,63.2922,0.0]]],
[[[179.0333,63.3042,0.0],[179.0349,63.3057,0.5871],[179.0297,63.3057,0.641],[179.0297,63.3047,0.469],[179.0333,63.3042,0.0]]],
[[[179.0099,63.3266,2.066],[179.0047,63.3297,2.4127],[179.0036,63.3328,0.0],[178.9984,63.3339,2.4433],[178.9953,63.3391,1.8281],[178.9922,63.3391,1.897],[178.9896,63.3333,0.0],[178.9922,63.3297,0.0],[178.9995,63.3286,0.0],[179.0026,63.3234,0.0],[179.0078,63.3224,0.0],[179.0151,63.3172,0.4999],[179.0245,63.3172,0.0],[179.013,63.3214,1.3299],[179.0099,63.3266,2.066]]],
[[[178.9859,63.3411,0.0],[178.9859,63.3401,0.0],[178.9891,63.3401,0.0],[178.9875,63.3417,0.0],[178.9859,63.3411,0.0]]],
[[[178.9839,63.3453,0.5736],[178.9854,63.3438,0.0],[178.987,63.3443,1.21],[178.9854,63.3458,1.7154],[178.9839,63.3453,0.5736]]],
[[[178.8083,63.4313,1.5345],[178.8078,63.4349,0.0],[178.7964,63.438,0.0],[178.7937,63.4417,0.0],[178.7729,63.4417,0.0],[178.7713,63.4411,0.0],[178.7724,63.438,35.3584],[178.7693,63.437,0.0],[178.7708,63.4354,0.0],[178.7786,63.4349,6.1505],[178.7755,63.4328,0.0],[178.7766,63.4276,6.4236],[178.7734,63.4255,0.0],[178.7813,63.4229,0.0],[178.7891,63.4224,0.0],[178.7859,63.4203,0.0],[178.7875,63.4188,0.0],[178.8099,63.4193,0.0],[178.8089,63.4224,0.0],[178.8161,63.4266,0.0],[178.8109,63.4276,6.2256],[178.8083,63.4313,1.5345]]],
[[[178.7005,63.3964,0.0],[178.6958,63.3979,0.0],[178.6922,63.3943,0.0],[178.7036,63.3943,5.4188],[178.7005,63.3964,0.0]]],
[[[178.6641,63.4026,0.1614],[178.662,63.4057,2.6386],[178.6589,63.4057,0.8453],[178.6589,63.4026,5.7752],[178.6641,63.4026,0.1614]]],
[[[178.7287,63.4141,10.2559],[178.7276,63.4161,16.0962],[178.7307,63.4182,0.0],[178.7255,63.4193,0.0],[178.7224,63.4266,0.0],[178.7193,63.4266,0.0],[178.7109,63.4224,0.0],[178.7125,63.4208,0.0],[178.7203,63.4203,9.328],[178.7151,63.4151,0.0],[178.7208,63.4146,0.0],[178.7245,63.412,0.0],[178.7339,63.3943,0.0],[178.7417,63.3937,2.4854],[178.7458,63.3917,0.0],[178.7542,63.3958,2.037],[178.7583,63.3958,0.0],[178.7625,63.3979,0.0],[178.7708,63.3979,0.0],[178.7776,63.4016,0.0],[178.7849,63.4026,0.0],[178.7917,63.4083,7.0887],[178.7896,63.4104,4.0557],[178.7833,63.4104,1.3373],[178.7766,63.4068,2.7439],[178.7667,63.4042,4.8647],[178.7479,63.4042,0.0],[178.7437,63.4063,0.0],[178.7359,63.4068,7.4502],[178.7328,63.412,5.5167],[178.7287,63.4141,10.2559]]],
[[[178.737,63.5734,0.0],[178.7453,63.5766,0.0],[178.7375,63.5792,0.0],[178.7292,63.5792,0.0],[178.7193,63.5766,0.0],[178.7146,63.5729,0.3135],[178.7188,63.5687,0.4594],[178.7292,63.5687,0.0],[178.7307,63.5693,0.0],[178.7297,63.5724,0.0],[178.737,63.5734,0.0]]],
[[[178.4693,63.6099,0.0],[178.4708,63.6083,0.0],[178.4724,63.6089,0.0],[178.4708,63.6104,0.0],[178.4693,63.6099,0.0]]],
[[[178.4734,63.612,0.0],[178.4734,63.6109,0.0],[178.4766,63.6109,0.0],[178.4766,63.612,0.0],[178.4734,63.612,0.0]]],
[[[178.712,63.9172,0.0],[178.7104,63.9188,0.0],[178.7026,63.9182,3.0402],[178.7042,63.9167,4.451],[178.712,63.9172,0.0]]],
[[[178.6859,63.9578,0.0],[178.6875,63.9562,0.1882],[178.6891,63.9568,0.1055],[178.6891,63.9578,0.4425],[178.6859,63.9578,0.0]]],
[[[178.6776,63.9766,0.612],[178.6776,63.9755,0.5455],[178.6807,63.9755,0.2352],[178.6792,63.9771,1.2907],[178.6776,63.9766,0.612]]],
[[[178.6542,63.9958,0.0],[178.6578,63.9964,0.0],[178.6578,63.9974,0.0],[178.6526,63.9974,0.0],[178.6542,63.9958,0.0]]],
[[[178.6557,64.0005,0.0],[178.6542,64.0021,0.722],[178.6463,64.0016,0.3806],[178.6479,64.0,0.0],[178.6557,64.0005,0.0]]],
[[[178.662,64.0078,2.5218],[178.6599,64.0099,2.566],[178.6568,64.0099,0.92],[178.6589,64.0068,0.67],[178.662,64.0078,2.5218]]],
[[[178.7729,63.5812,0.0],[178.7745,63.5828,0.5895],[178.7672,63.5828,0.4783],[178.7688,63.5812,0.3654],[178.7729,63.5812,0.0]]],
[[[178.7818,63.5901,1.4012],[178.7776,63.5911,0.0],[178.7755,63.5859,0.216],[178.7828,63.588,0.0],[178.7818,63.5901,1.4012]]],
[[[179.888,64.9912,0.0],[179.888,64.9901,0.0],[179.8911,64.9901,0.0],[179.8911,64.9912,0.0],[179.888,64.9912,0.0]]],
[[[179.8687,64.9917,0.0],[179.8703,64.9922,0.0],[179.8703,64.9932,0.0],[179.8672,64.9932,0.0],[179.8687,64.9917,0.0]]],
[[[178.2937,64.3875,3.5299],[178.2953,64.3891,0.0],[178.2901,64.3891,3.8777],[178.2901,64.388,4.0599],[178.2937,64.3875,3.5299]]],
[[[178.6193,64.5766,0.0],[178.625,64.5792,2.8817],[178.6307,64.5797,0.0],[178.6375,64.5833,2.9472],[178.6521,64.5854,0.0],[178.6568,64.5891,2.7369],[178.6646,64.5896,0.0],[178.6662,64.5911,0.0],[178.6625,64.5938,0.0],[178.6526,64.5911,0.9422],[178.65,64.5875,1.9475],[178.6354,64.5875,0.0],[178.6146,64.5813,1.2788],[178.5979,64.5833,1.869],[178.5938,64.5854,0.0],[178.5833,64.5854,1.8184],[178.5792,64.5875,0.0],[178.5688,64.5875,1.0916],[178.5604,64.5833,1.8548],[178.5526,64.5828,0.0],[178.5479,64.5792,1.3538],[178.5255,64.5787,0.0],[178.5328,64.5745,0.0],[178.5328,64.5714,0.0],[178.5255,64.5703,1.4437],[178.5208,64.5667,0.0],[178.5213,64.5651,0.0],[178.5292,64.5646,2.1551],[178.5396,64.5604,0.0],[178.5542,64.5604,0.0],[178.5583,64.5625,2.9822],[178.5729,64.5646,0.0],[178.5813,64.5687,0.0],[178.6,64.5708,0.0],[178.6193,64.5766,0.0]]],
[[[178.688,64.6099,0.0],[178.688,64.6088,0.0],[178.6911,64.6088,0.0],[178.6911,64.6099,2.0379],[178.688,64.6099,0.0]]],
[[[178.6859,64.6141,1.9934],[178.6859,64.613,1.8262],[178.6891,64.613,2.2552],[178.6891,64.6141,2.1365],[178.6859,64.6141,1.9934]]],
[[[178.7826,64.6271,0.0],[178.7896,64.6292,1.1605],[178.7896,64.6312,2.7699],[178.7688,64.6312,0.0],[178.7646,64.6292,2.114],[178.7583,64.6292,1.2744],[178.7526,64.6266,0.0],[178.7536,64.6234,2.3071],[178.7495,64.6214,3.2505],[178.7375,64.6208,1.4336],[178.7292,64.6167,2.2021],[178.7208,64.6167,0.0],[178.7109,64.6109,2.3703],[178.7188,64.6104,0.0],[178.7312,64.6146,3.4579],[178.7417,64.6146,0.0],[178.7682,64.6214,0.0],[178.7708,64.625,3.6893],[178.7826,64.6271,0.0]]],
[[[178.2688,64.6354,1.5832],[178.2604,64.6354,1.3919],[178.2589,64.6339,1.3262],[178.2813,64.6333,0.0],[178.287,64.637,1.5836],[178.2833,64.6375,0.0],[178.2792,64.6354,2.5388],[178.2688,64.6354,1.5832]]],
[[[178.6917,69.4146,0.0976],[178.6953,69.4151,0.1507],[178.6953,69.4161,0.6745],[178.6901,69.4161,0.3171],[178.6917,69.4146,0.0976]]],
[[[178.6167,69.4292,0.1847],[178.6203,69.4297,2.1281],[178.6203,69.4307,2.4918],[178.6151,69.4307,1.5256],[178.6167,69.4292,0.1847]]],
[[[178.4646,64.0167,0.5488],[178.4661,64.0182,0.0],[178.4588,64.0182,0.9265],[178.4604,64.0167,0.4733],[178.4646,64.0167,0.5488]]],
[[[178.637,64.0307,2.0747],[178.6292,64.0333,1.6846],[178.6214,64.0339,1.3663],[178.6245,64.0359,1.1959],[178.6245,64.0391,2.4225],[178.6146,64.0458,1.4065],[178.6104,64.0458,0.0],[178.6062,64.0437,0.8329],[178.5943,64.0432,0.4019],[178.5901,64.0411,0.0],[178.5911,64.0359,1.2935],[178.588,64.0349,0.0],[178.5896,64.0333,0.1748],[178.6167,64.0333,0.5],[178.6208,64.0313,1.3107],[178.6271,64.0313,1.1579],[178.6349,64.0266,0.5478],[178.637,64.0214,0.922],[178.6339,64.0193,0.0],[178.6396,64.0188,0.6062],[178.6453,64.0214,3.4572],[178.6453,64.0245,2.8617],[178.637,64.0307,2.0747]]],
[[[178.6021,64.0563,1.8666],[178.6,64.0583,2.1985],[178.5943,64.0547,0.0],[178.6,64.0542,0.0],[178.6021,64.0563,1.8666]]],
[[[178.2937,64.3833,0.0],[178.2953,64.3839,3.8416],[178.2953,64.3849,3.9467],[178.2922,64.3849,2.7085],[178.2937,64.3833,0.0]]],
[[[178.2547,64.4151,2.8242],[178.2516,64.4182,0.0],[178.2422,64.4213,3.7895],[178.237,64.4287,0.0],[178.2307,64.4328,2.8238],[178.2276,64.4328,0.0],[178.2276,64.4297,0.0],[178.2328,64.4203,1.9869],[178.2297,64.4172,0.0],[178.2349,64.4161,1.6259],[178.2318,64.413,0.0],[178.237,64.4099,1.1665],[178.2401,64.4047,0.8472],[178.2479,64.4021,0.0],[178.2625,64.4042,0.0],[178.2745,64.3995,0.0],[178.2776,64.3943,0.0],[178.2828,64.3932,2.9992],[178.2839,64.3901,0.0],[178.2875,64.3896,0.0],[178.2932,64.3922,0.0],[178.2818,64.3984,3.746],[178.2786,64.4036,0.0],[178.2672,64.4068,3.4626],[178.2661,64.4099,0.0],[178.2609,64.4109,3.2084],[178.2599,64.4141,0.0],[178.2547,64.4151,2.8242]]],
[[[177.6214,64.4703,0.0],[177.6214,64.4693,0.0],[177.6245,64.4693,0.0],[177.6245,64.4703,0.0],[177.6214,64.4703,0.0]]],
[[[178.2542,64.6375,0.0],[178.2437,64.6375,0.9186],[178.2422,64.6359,1.5894],[178.2557,64.6359,0.8639],[178.2542,64.6375,0.0]]],
[[[176.4724,65.0495,0.8147],[176.4542,65.0542,0.0],[176.4464,65.0516,0.0],[176.4484,65.0484,0.8457],[176.4563,65.0458,0.0],[176.4604,65.0479,0.778],[176.4667,65.0458,0.0],[176.4724,65.0495,0.8147]]],
[[[177.4521,69.5896,0.7877],[177.4557,69.5901,-0.1929],[177.4557,69.5911,0.7671],[177.4505,69.5911,1.1893],[177.4521,69.5896,0.7877]]],
[[[177.4458,69.5917,0.0629],[177.4495,69.5922,2.3081],[177.4495,69.5932,1.3313],[177.4443,69.5932,2.1152],[177.4458,69.5917,0.0629]]],
[[[170.4833,68.8063,-0.5118],[170.4891,68.8099,0.0725],[170.4818,68.8109,0.0452],[170.4792,68.8146,-0.1348],[170.4708,68.8146,-0.1074],[170.4693,68.813,-0.1244],[170.4724,68.8089,-0.1053],[170.463,68.8078,-0.1423],[170.462,68.8047,-0.0929],[170.4547,68.8005,-0.3538],[170.4583,68.7979,-0.2384],[170.4646,68.7979,-0.1312],[170.4833,68.8063,-0.5118]]],
[[[170.6938,68.85,-0.8278],[170.688,68.8505,0.0829],[170.687,68.8536,-0.5688],[170.6771,68.8562,0.1176],[170.6693,68.8557,-0.0014],[170.6714,68.8526,-0.1373],[170.6828,68.8495,0.5744],[170.6859,68.8464,-0.1773],[170.7036,68.8422,-0.0785],[170.7036,68.8453,-0.3014],[170.6964,68.8464,-0.2729],[170.6938,68.85,-0.8278]]],
[[[170.8375,68.975,1.2602],[170.8338,68.9745,1.2608],[170.8297,68.9714,1.1948],[170.8354,68.9708,1.007],[170.8354,68.9729,1.1494],[170.8391,68.9734,1.0622],[170.8375,68.975,1.2602]]],
[[[171.0068,69.0651,0.4168],[171.0099,69.0651,0.0926],[171.0104,69.0667,-0.0201],[171.0068,69.0661,0.4895],[171.0068,69.0651,0.4168]]],
[[[177.3708,69.6,0.0],[177.3604,69.6,2.6175],[177.3589,69.5984,0.1296],[177.3745,69.5984,1.8628],[177.3708,69.6,0.0]]],
[[[177.3109,69.6016,0.6928],[177.3109,69.6005,0.1326],[177.3141,69.6005,0.0799],[177.3141,69.6016,0.291],[177.3109,69.6016,0.6928]]],
[[[177.3557,69.6005,0.0],[177.3542,69.6021,0.0],[177.3417,69.6021,0.0],[177.3375,69.6042,0.0],[177.3292,69.6042,0.0],[177.3271,69.6021,2.383],[177.3292,69.6,0.3358],[177.3557,69.6005,0.0]]],
[[[177.3167,69.6021,2.5739],[177.3203,69.6026,2.6612],[177.3203,69.6036,0.0],[177.3151,69.6036,0.0],[177.3167,69.6021,2.5739]]],
[[[164.4479,69.6083,0.8615],[164.4438,69.6083,0.9113],[164.4422,69.6068,1.1233],[164.4458,69.6042,0.0],[164.4599,69.6047,0.8067],[164.4563,69.6083,0.0],[164.4479,69.6083,0.8615]]],
[[[168.2557,69.6495,0.0],[168.2516,69.6557,0.0],[168.2443,69.6568,0.0],[168.2412,69.6599,0.0],[168.2271,69.6604,0.0],[168.2255,69.6599,0.0],[168.2266,69.6568,0.0],[168.2214,69.6547,0.0],[168.2255,69.6505,0.0],[168.2307,69.6484,0.0],[168.2125,69.6479,0.0],[168.2068,69.6422,0.0],[168.2141,69.6412,9.721],[168.2167,69.6375,0.0],[168.2333,69.6375,5.8938],[168.2375,69.6354,0.0],[168.2458,69.6354,0.0],[168.262,69.6401,0.0],[168.2604,69.6417,0.0],[168.2547,69.6422,0.0],[168.2526,69.6443,0.0],[168.2526,69.6474,0.0],[168.2557,69.6495,0.0]]],
[[[168.0917,69.6646,0.5294],[168.0932,69.6661,0.3514],[168.088,69.6661,0.9408],[168.088,69.6652,0.0],[168.0917,69.6646,0.5294]]],
[[[170.0875,69.6958,1.0062],[170.0891,69.6974,0.6077],[170.087,69.7016,0.0],[170.0771,69.7042,0.0],[170.0625,69.7042,0.0],[170.0583,69.7021,3.7856],[170.0505,69.7016,0.0],[170.038,69.6953,0.0],[170.0375,69.6937,11.8417],[170.0401,69.6901,0.0],[170.0562,69.6854,0.0],[170.0688,69.6854,0.0],[170.0714,69.6891,0.1577],[170.0813,69.6896,0.2277],[170.0828,69.688,0.3741],[170.0776,69.6859,2.3321],[170.0875,69.6854,0.7365],[170.0891,69.687,0.1209],[170.0854,69.6937,0.689],[170.0875,69.6958,1.0062]]],
[[[170.2667,69.7042,3.995],[170.2563,69.7042,3.0518],[170.2547,69.7026,3.3197],[170.2828,69.7026,2.4827],[170.2813,69.7042,4.1753],[170.2667,69.7042,3.995]]],
[[[168.0708,69.725,0.0],[168.0745,69.7255,0.0],[168.0745,69.7266,0.0],[168.0693,69.7266,0.0],[168.0708,69.725,0.0]]],
[[[170.2229,69.7625,0.0],[170.2266,69.7662,0.0],[170.2193,69.7703,22.5049],[170.225,69.7729,1.2654],[170.2312,69.7729,0.0],[170.2328,69.7745,0.6623],[170.1875,69.775,0.0],[170.1833,69.7729,42.3908],[170.1417,69.7729,0.0],[170.1375,69.7708,33.1358],[170.1187,69.7708,0.0],[170.1146,69.7688,13.5313],[170.1021,69.7688,0.0],[170.0875,69.7646,7.0658],[170.0792,69.7646,0.0],[170.0646,69.7604,7.7679],[170.0583,69.7604,0.0],[170.05,69.7562,16.5385],[170.0437,69.7562,0.0],[170.0333,69.7521,0.0],[170.0271,69.7521,0.0],[170.0161,69.7464,0.0],[170.0109,69.7453,0.0],[169.9984,69.738,0.0],[170.0036,69.737,0.333],[170.0083,69.7333,0.0],[170.0182,69.7328,0.5519],[170.0151,69.7307,0.0],[170.0167,69.7292,0.0],[170.025,69.7312,0.3022],[170.0292,69.7292,0.0],[170.0437,69.7292,0.2829],[170.0479,69.7271,0.0],[170.0542,69.7292,0.3462],[170.0625,69.7292,0.3429],[170.0667,69.7271,0.4253],[170.075,69.7271,0.0],[170.0792,69.725,0.0],[170.0938,69.725,0.0],[170.0984,69.7214,0.0],[170.1037,69.7203,0.0],[170.1089,69.713,0.0],[170.1162,69.712,11.423],[170.1125,69.7083,0.0],[170.1151,69.7047,0.0],[170.125,69.7042,0.0],[170.1333,69.7083,5.2287],[170.1411,69.7089,0.0],[170.1401,69.712,28.321],[170.15,69.7125,0.0],[170.1557,69.7151,0.0],[170.1547,69.7182,0.0],[170.1682,69.7234,0.0],[170.1672,69.7266,23.6481],[170.175,69.7271,0.0],[170.1828,69.7297,0.0],[170.1818,69.7328,13.6359],[170.1995,69.7401,0.0],[170.2005,69.7432,5.4461],[170.2078,69.7464,0.0],[170.2088,69.7495,13.6756],[170.2161,69.7526,0.0],[170.2151,69.7578,37.1023],[170.2224,69.7609,0.0],[170.2229,69.7625,0.0]]],
[[[167.8276,69.7776,0.0],[167.825,69.7792,0.0],[167.8214,69.7786,0.0],[167.825,69.775,0.0],[167.8286,69.7755,0.0],[167.8276,69.7776,0.0]]],
[[[176.7708,69.6646,0.899],[176.7745,69.6651,-0.2428],[176.7745,69.6661,0.1633],[176.7693,69.6661,2.3275],[176.7708,69.6646,0.899]]],
[[[175.9208,69.8396,1.6652],[175.9182,69.8359,2.7209],[175.9151,69.8349,0.0],[175.9151,69.8318,0.0],[175.925,69.8313,-0.5],[175.9432,69.8359,0.0],[175.9438,69.8375,0.0],[175.9417,69.8438,1.5307],[175.9208,69.8396,1.6652]]],
[[[175.1583,69.8375,0.0],[175.162,69.838,0.0],[175.162,69.8391,1.6213],[175.1568,69.8391,1.3678],[175.1583,69.8375,0.0]]],
[[[175.1458,69.8393,0.0],[175.1458,69.8375,0.6791],[175.1495,69.838,1.6321],[175.1495,69.8391,0.0],[175.1458,69.8393,0.0]]],
[[[167.7521,69.7833,0.0],[167.7557,69.7839,0.0],[167.7557,69.7849,0.0],[167.7505,69.7849,0.0],[167.7521,69.7833,0.0]]],
[[[167.8021,69.7875,0.0],[167.7917,69.7875,0.0],[167.7901,69.7859,0.0],[167.8141,69.7859,0.0],[167.8125,69.7875,0.0],[167.8021,69.7875,0.0]]],
[[[168.538,70.0151,0.5814],[168.5208,70.0208,0.4434],[168.5125,70.0208,0.5173],[168.4979,70.0146,1.1052],[168.4854,70.0188,1.1299],[168.4792,70.0167,0.3024],[168.4708,70.0167,0.2759],[168.4646,70.0188,1.3291],[168.463,70.0182,0.5345],[168.4641,70.0151,0.5897],[168.4604,70.0146,0.5897],[168.4568,70.0172,0.5346],[168.4557,70.0203,0.651],[168.4521,70.0208,0.5754],[168.4495,70.0172,0.5678],[168.4375,70.0125,0.883],[168.4339,70.0151,0.4617],[168.4307,70.0203,1.2148],[168.4271,70.0208,0.6967],[168.4125,70.0146,0.5172],[168.4083,70.0167,-0.0059],[168.4,70.0167,0.2717],[168.3938,70.0146,0.3771],[168.3875,70.0167,0.4438],[168.3833,70.0146,0.4959],[168.3542,70.0125,0.2072],[168.3438,70.0083,0.2885],[168.3313,70.0083,0.6661],[168.325,70.0104,0.0248],[168.3188,70.0083,0.2987],[168.3062,70.0125,0.3949],[168.2979,70.0125,0.641],[168.2964,70.0109,0.089],[168.3021,70.0104,0.2514],[168.3037,70.0089,-0.1787],[168.2958,70.0083,0.1392],[168.2917,70.0062,0.1021],[168.2833,70.0083,0.045],[168.2776,70.0057,0.1939],[168.275,70.0021,1.0085],[168.2708,70.0042,-0.051],[168.2646,70.0021,0.4694],[168.2609,70.0026,0.4694],[168.2641,70.0047,-0.0474],[168.2625,70.0062,-0.1258],[168.2563,70.0042,0.4742],[168.2312,70.0042,0.8499],[168.2297,70.0036,0.6041],[168.2307,70.0005,0.3536],[168.2292,70.0,0.6201],[168.2125,70.0042,0.0032],[168.2109,70.0036,0.4782],[168.212,70.0005,0.364],[168.2083,70.0,0.6241],[168.2021,70.0021,0.2955],[168.2005,70.0016,0.2382],[168.2016,69.9984,0.4555],[168.1938,69.9979,0.4947],[168.1896,69.9958,0.515],[168.175,69.9958,0.5402],[168.1708,69.9979,0.4521],[168.1625,69.9979,0.941],[168.1583,69.9958,0.8546],[168.1505,69.9953,0.0],[168.1463,69.9932,0.8126],[168.1453,69.9901,0.3496],[168.1396,69.9875,0.6455],[168.1313,69.9896,0.0],[168.1271,69.9875,0.4296],[168.1208,69.9875,0.0],[168.1151,69.9849,0.4759],[168.1162,69.9818,0.4152],[168.112,69.9797,0.5249],[168.1021,69.9792,0.6255],[168.0938,69.975,0.52],[168.0813,69.975,0.0],[168.0568,69.9641,0.5053],[168.0599,69.9599,0.4699],[168.0599,69.9568,0.2331],[168.0474,69.9505,-0.4465],[168.0396,69.95,-1.0],[168.0354,69.9479,0.109],[168.0271,69.9479,-1.0],[168.0208,69.95,0.5525],[168.0182,69.9464,0.3706],[168.0141,69.9443,0.4934],[168.0047,69.9432,0.4311],[167.9896,69.9354,13.3281],[167.9797,69.9349,0.0],[167.9432,69.9172,8.376],[167.9354,69.9167,0.0],[167.9297,69.9141,0.0],[167.9287,69.9109,10.7795],[167.912,69.9026,0.0],[167.9068,69.9016,0.0],[167.9078,69.8984,20.045],[167.9005,69.8953,10.8487],[167.8995,69.8922,32.9196],[167.8901,69.8912,0.0],[167.8859,69.8891,0.0],[167.887,69.8859,0.0],[167.8734,69.8807,0.0],[167.8745,69.8776,28.4467],[167.8672,69.8745,0.0],[167.8662,69.8714,36.4795],[167.8505,69.8641,0.0],[167.8495,69.8609,28.1046],[167.838,69.8557,0.0],[167.8391,69.8526,38.7814],[167.8297,69.8495,0.0],[167.8307,69.8464,35.5297],[167.8172,69.8411,0.0],[167.8182,69.838,0.0],[167.8068,69.8328,0.0],[167.8057,69.8297,0.0],[167.7984,69.8266,0.0],[167.7995,69.8234,0.0],[167.7964,69.8224,0.0],[167.7953,69.8193,10.3213],[167.788,69.8161,0.0],[167.7891,69.813,0.0],[167.7797,69.8089,0.0],[167.7833,69.8063,0.0],[167.7917,69.8083,0.0],[167.7958,69.8063,0.0],[167.8,69.8063,5.2071],[167.8078,69.8037,0.0],[167.8109,69.8005,0.0],[167.8161,69.7995,0.0],[167.8208,69.7958,0.0],[167.825,69.7958,0.0],[167.8292,69.7937,0.0],[167.8375,69.7937,0.6441],[167.85,69.7896,0.0],[167.8833,69.7896,0.0],[167.8958,69.7854,0.0],[167.9292,69.7833,23.5117],[167.9339,69.7797,0.0],[167.9396,69.7792,0.0],[167.9583,69.7729,0.0],[167.9688,69.7729,5.8337],[167.9792,69.7688,0.0],[167.9958,69.7688,18.7693],[168.0,69.7667,0.0],[168.0083,69.7667,0.0],[168.0125,69.7646,0.0],[168.0229,69.7646,14.0195],[168.0333,69.7604,0.0],[168.0562,69.7583,8.2045],[168.0625,69.7542,0.0],[168.0708,69.7562,14.3258],[168.0786,69.7536,2.8826],[168.0833,69.75,0.0],[168.1083,69.7458,0.291],[168.1109,69.7422,0.3871],[168.1182,69.7412,0.9498],[168.1151,69.738,0.2812],[168.1182,69.7318,1.0203],[168.1089,69.7307,0.0],[168.1104,69.7292,0.0],[168.1162,69.7286,5.9373],[168.1109,69.7255,0.0],[168.1182,69.7161,0.5471],[168.1109,69.7089,0.0],[168.1182,69.7078,0.5043],[168.1214,69.7026,0.0],[168.1286,69.7016,0.4667],[168.1401,69.6943,0.0],[168.1536,69.6911,0.0],[168.1609,69.6818,0.0],[168.1667,69.6813,0.0],[168.1854,69.675,0.0],[168.2042,69.6771,0.0],[168.2083,69.675,0.0],[168.2312,69.6729,0.0],[168.2375,69.6687,0.0],[168.2521,69.6687,0.6482],[168.2682,69.6641,3.9584],[168.2729,69.6604,0.0],[168.2833,69.6604,0.4429],[168.3021,69.6542,0.0],[168.3104,69.6542,3.222],[168.312,69.6526,0.0],[168.3089,69.6516,0.0],[168.3104,69.65,0.0],[168.3188,69.6521,5.5127],[168.3234,69.6484,0.0],[168.3313,69.6458,0.0],[168.3417,69.6458,4.3328],[168.3443,69.6422,0.0],[168.3542,69.6396,0.0],[168.3771,69.6375,4.1653],[168.3813,69.6354,0.0],[168.3896,69.6354,1.8775],[168.3938,69.6333,0.0],[168.4146,69.6333,0.0],[168.4271,69.6292,0.0],[168.4354,69.6292,1.5168],[168.4401,69.6255,0.0],[168.45,69.6229,0.0],[168.4646,69.6229,4.9744],[168.4833,69.6167,0.0],[168.4937,69.6167,6.5836],[168.4979,69.6125,0.0],[168.5021,69.6125,0.0],[168.5063,69.6104,0.0],[168.5146,69.6104,4.0541],[168.5271,69.6062,0.0],[168.5604,69.6062,0.0],[168.5646,69.6042,0.0],[168.5729,69.6042,0.0],[168.5891,69.5995,0.0],[168.5859,69.5964,0.0],[168.5979,69.5958,0.0],[168.6083,69.5917,0.0],[168.6187,69.5917,0.0],[168.6229,69.5896,0.0],[168.6375,69.5896,2.1614],[168.6417,69.5875,0.0],[168.65,69.5875,0.0],[168.6542,69.5854,0.0],[168.6771,69.5833,0.0],[168.6812,69.5813,0.0],[168.7021,69.5813,7.8225],[168.7146,69.5771,0.0],[168.7292,69.5771,7.9478],[168.7333,69.575,0.0],[168.7437,69.575,0.0],[168.7479,69.5729,0.0],[168.7688,69.5729,0.0],[168.7729,69.5708,0.0],[168.8,69.5708,12.521],[168.8188,69.5646,0.0],[168.8646,69.5625,0.0],[168.8687,69.5604,0.0],[168.8792,69.5604,0.0],[168.8833,69.5583,0.0],[168.8979,69.5583,11.2212],[168.9021,69.5563,0.0],[168.9104,69.5563,0.0],[168.9146,69.5542,0.0],[168.9521,69.5542,0.0],[168.9563,69.5563,0.8614],[168.9812,69.5563,0.0],[168.9896,69.5604,0.0],[169.0021,69.5604,0.0],[169.0167,69.5646,0.0],[169.0417,69.5646,0.8489],[169.0458,69.5625,0.0],[169.0667,69.5625,0.0],[169.0708,69.5604,0.0],[169.0875,69.5604,0.0],[169.0917,69.5583,0.0],[169.0979,69.5583,0.0],[169.1042,69.5604,0.0],[169.1083,69.5583,0.0],[169.1479,69.5583,16.1946],[169.1521,69.5563,0.0],[169.1667,69.5563,14.1285],[169.1708,69.5542,0.0],[169.187,69.5547,0.0],[169.1911,69.5568,0.0],[169.1901,69.5599,20.4416],[169.1953,69.5609,0.0],[169.2088,69.5682,27.8582],[169.2182,69.5693,0.0],[169.2193,69.5724,25.8899],[169.2266,69.5755,0.0],[169.2255,69.5787,33.1104],[169.2391,69.5839,0.0],[169.238,69.587,33.3105],[169.2432,69.588,0.0],[169.2422,69.5911,35.137],[169.2495,69.5943,0.0],[169.2505,69.5974,19.6249],[169.262,69.6026,0.0],[169.263,69.6057,0.0],[169.2661,69.6068,0.0],[169.2651,69.6099,0.0],[169.2682,69.6109,0.0],[169.2693,69.6141,0.0],[169.2766,69.6172,0.0],[169.2755,69.6203,0.0],[169.2807,69.6214,0.0],[169.2797,69.6245,0.0],[169.2828,69.6255,7.474],[169.2818,69.6286,16.2387],[169.2912,69.6318,0.0],[169.2901,69.6349,0.0],[169.2932,69.6359,0.0],[169.2943,69.6391,0.0],[169.3016,69.6422,0.0],[169.3005,69.6474,0.0],[169.3037,69.6495,0.0],[169.3005,69.6557,19.7185],[169.3037,69.6578,0.0],[169.2984,69.6589,32.2945],[169.3016,69.662,15.1895],[169.2964,69.6703,23.6471],[169.3016,69.6724,0.0],[169.2943,69.6734,16.3293],[169.2917,69.6771,25.8792],[169.2953,69.6797,0.0],[169.2922,69.687,0.0],[169.2953,69.688,0.0],[169.2953,69.6911,0.0],[169.2917,69.6937,0.0],[169.2859,69.6943,16.3413],[169.2912,69.6964,0.0],[169.2891,69.6995,0.0],[169.2818,69.7005,11.7068],[169.2786,69.7057,0.0],[169.2651,69.7089,0.0],[169.263,69.712,4.8673],[169.2682,69.713,0.0],[169.2672,69.7161,0.0],[169.2755,69.7203,0.0],[169.2937,69.725,0.0],[169.3062,69.725,0.0],[169.312,69.7286,15.8965],[169.3047,69.7297,16.987],[169.3037,69.7328,0.0],[169.2964,69.7338,0.0],[169.2849,69.7412,2.1956],[169.2797,69.7422,4.0019],[169.2828,69.7453,0.0],[169.2807,69.7474,0.0],[169.2755,69.7484,0.0],[169.2713,69.7526,0.0],[169.2713,69.7557,0.0],[169.2875,69.7625,0.0],[169.2922,69.7589,0.0],[169.3021,69.7562,0.0],[169.3146,69.7562,0.0],[169.3188,69.7583,0.0],[169.3458,69.7583,0.0],[169.35,69.7562,0.0],[169.3646,69.7562,0.0],[169.3687,69.7542,0.0],[169.3896,69.7562,1.084],[169.3938,69.7542,0.0],[169.4,69.7542,0.0],[169.4078,69.7568,0.0],[169.4068,69.7599,3.0144],[169.4141,69.763,0.0],[169.4146,69.7646,0.0],[169.412,69.7682,0.0],[169.4068,69.7693,0.0],[169.4047,69.7724,5.5239],[169.4125,69.7729,0.0],[169.4208,69.7771,2.1519],[169.4287,69.7776,0.0],[169.4276,69.7828,0.0],[169.437,69.7859,0.0],[169.4505,69.7932,0.0],[169.4557,69.7943,0.0],[169.4526,69.7995,0.0],[169.4578,69.8005,0.0],[169.4563,69.8021,0.0],[169.4505,69.8026,4.7227],[169.4578,69.8068,0.3217],[169.4563,69.8125,0.0],[169.4599,69.8151,0.0],[169.4557,69.8224,0.0],[169.4484,69.8234,0.0],[169.4536,69.8266,0.0],[169.4464,69.837,0.0],[169.4516,69.8391,0.0],[169.4474,69.8432,0.0],[169.4422,69.8443,0.0],[169.438,69.8484,0.0],[169.4432,69.8516,0.0],[169.4297,69.8547,0.0],[169.4328,69.8578,0.0],[169.4208,69.8583,0.0],[169.4104,69.8625,0.0],[169.4063,69.8625,0.0],[169.4021,69.8646,0.0],[169.3938,69.8646,0.1108],[169.3813,69.8688,0.0],[169.3458,69.8729,0.5929],[169.3396,69.8771,0.0],[169.3042,69.8792,0.0],[169.3,69.8812,0.0],[169.2792,69.8812,0.6129],[169.2688,69.8854,0.0],[169.2568,69.8859,0.0],[169.2521,69.8917,0.0],[169.2417,69.8917,0.0],[169.2229,69.8979,0.0],[169.1917,69.8979,0.0],[169.1875,69.8958,0.0],[169.1604,69.8958,0.0],[169.1563,69.8979,0.0],[169.1417,69.8979,0.0],[169.1375,69.9,0.0],[169.1271,69.9,0.0],[169.1193,69.9026,0.0],[169.1141,69.9078,0.0],[169.0943,69.913,0.0],[169.0891,69.9182,0.0],[169.0838,69.9193,0.0],[169.0786,69.9245,0.0],[169.0708,69.9271,0.0],[169.0604,69.9271,0.0],[169.0578,69.9307,0.0],[169.0505,69.9318,0.0],[169.0537,69.9339,0.0],[169.0484,69.9359,0.0],[169.0516,69.9391,0.0],[169.0443,69.9401,0.0],[169.0412,69.9453,0.0],[169.0359,69.9464,0.0],[169.0375,69.9479,0.0],[169.0437,69.9479,0.0],[169.0479,69.9458,0.0],[169.0578,69.9464,0.0],[169.05,69.95,-0.1566],[169.0292,69.95,0.0],[169.0229,69.9479,0.0],[169.0182,69.9516,0.0],[169.0083,69.9521,0.0],[169.0042,69.9542,0.6477],[168.9875,69.9542,0.0],[168.9833,69.9563,0.0],[168.9563,69.9563,0.0],[168.9521,69.9583,0.3241],[168.9375,69.9583,-0.5528],[168.9333,69.9604,0.7783],[168.9063,69.9604,-0.3314],[168.9,69.9583,-0.0503],[168.8813,69.9646,0.0],[168.8583,69.9667,0.128],[168.8542,69.9688,0.0],[168.8396,69.9688,0.0],[168.8354,69.9708,0.0],[168.8146,69.9708,0.4988],[168.8104,69.9688,-0.0232],[168.8021,69.9688,-0.2126],[168.7958,69.9729,0.523],[168.7833,69.9729,-0.5965],[168.7792,69.9708,-0.1013],[168.7708,69.9708,-0.2075],[168.7609,69.9734,-0.3077],[168.7599,69.9766,-0.1808],[168.7563,69.9792,0.0],[168.7396,69.9792,-0.1848],[168.7292,69.9833,0.0],[168.7125,69.9833,0.7524],[168.7083,69.9854,0.0],[168.7,69.9854,0.6302],[168.6958,69.9875,0.0],[168.6792,69.9875,0.5621],[168.675,69.9896,0.0],[168.6542,69.9896,0.5214],[168.65,69.9917,0.2607],[168.6396,69.9917,1.6693],[168.6354,69.9938,-0.0188],[168.6292,69.9917,16.5385],[168.625,69.9938,-0.1016],[168.6146,69.9938,5.0643],[168.6083,69.9979,0.2466],[168.6,69.9979,0.1299],[168.5938,70.0021,-0.0335],[168.5838,70.0026,0.3106],[168.587,70.0057,-0.0227],[168.5797,70.0068,0.1673],[168.5771,70.0104,0.1098],[168.5729,70.0104,0.4789],[168.5688,70.0125,0.7393],[168.5568,70.013,0.6324],[168.562,70.0151,0.5752],[168.5604,70.0167,0.602],[168.5458,70.0167,0.5609],[168.5417,70.0146,0.7423],[168.538,70.0151,0.5814]]],
[[[167.7786,69.7922,0.0],[167.7849,69.7953,0.0],[167.7729,69.7979,0.0],[167.7672,69.7953,0.0],[167.7708,69.7917,0.0],[167.7786,69.7922,0.0]]],
[[[170.5729,69.8,0.0],[170.5729,69.8021,0.6437],[170.5672,69.8016,0.0],[170.5688,69.8,0.0],[170.5729,69.8,0.0]]],
[[[174.2458,69.8667,0.0],[174.2495,69.8672,0.0],[174.2495,69.8682,0.0],[174.2443,69.8682,0.0],[174.2458,69.8667,0.0]]],
[[[173.9208,69.8792,0.0],[173.9245,69.8797,0.0],[173.9245,69.8807,0.0],[173.9193,69.8807,0.0],[173.9208,69.8792,0.0]]],
[[[173.9682,69.8859,0.0],[173.9667,69.8875,0.0],[173.9588,69.887,0.0],[173.9604,69.8854,0.0],[173.9682,69.8859,0.0]]],
[[[175.275,69.8396,0.0],[175.2828,69.8422,0.0],[175.2818,69.8453,0.2598],[175.2833,69.8458,0.1555],[175.2917,69.8458,0.0],[175.2958,69.8479,0.0],[175.3083,69.8479,0.0],[175.3099,69.8495,0.0],[175.2875,69.85,0.0],[175.2833,69.8479,0.4776],[175.2708,69.8479,0.707],[175.2667,69.8458,0.0713],[175.2583,69.8479,0.0],[175.2526,69.8453,0.8741],[175.2604,69.8417,0.0],[175.2688,69.8417,0.0],[175.275,69.8396,0.0]]],
[[[175.675,69.8375,0.0],[175.6771,69.8396,0.0],[175.6724,69.8516,1.6539],[175.6625,69.8521,1.6459],[175.6609,69.8505,0.9601],[175.6662,69.8484,0.9908],[175.6568,69.8474,0.1886],[175.662,69.8453,0.0],[175.6651,69.8401,0.0],[175.675,69.8375,0.0]]],
[[[175.3396,69.85,0.0],[175.35,69.8479,0.0],[175.3542,69.85,0.0],[175.3625,69.85,0.0],[175.3667,69.8521,0.0],[175.3854,69.8521,0.0],[175.3875,69.8542,0.0],[175.3854,69.8562,1.0929],[175.3771,69.8562,0.0],[175.3729,69.8542,6.3403],[175.3479,69.8542,0.0],[175.3438,69.8521,1.0373],[175.3338,69.8516,0.0],[175.3354,69.85,0.0],[175.3396,69.85,0.0]]],
[[[175.4292,69.8562,0.0],[175.4328,69.8578,0.6169],[175.4229,69.8583,1.268],[175.4167,69.8604,0.0],[175.4125,69.8583,1.6941],[175.3984,69.8578,0.9518],[175.4,69.8562,-0.121],[175.4083,69.8562,0.0],[175.4125,69.8542,0.0],[175.4208,69.8542,0.0],[175.425,69.8562,0.0],[175.4292,69.8562,0.0]]],
[[[175.8042,69.8646,2.8315],[175.7979,69.8667,0.0],[175.7896,69.8667,0.0],[175.7854,69.8688,0.0],[175.7771,69.8667,3.6578],[175.7729,69.8688,0.0],[175.7,69.8688,0.0],[175.6958,69.8667,2.386],[175.6521,69.8667,0.0],[175.6479,69.8646,5.2036],[175.6396,69.8646,5.7394],[175.6333,69.8667,0.0],[175.6313,69.8646,5.5745],[175.6333,69.8625,-0.7376],[175.6542,69.8625,4.3217],[175.6578,69.8599,-0.168],[175.6589,69.8568,0.3086],[175.6687,69.8562,1.327],[175.675,69.8542,0.6314],[175.6776,69.8578,-0.5],[175.6938,69.8646,1.9501],[175.7208,69.8646,1.6075],[175.725,69.8625,0.0],[175.7349,69.862,4.0303],[175.738,69.8526,0.0],[175.7417,69.85,0.0],[175.7495,69.8526,0.0],[175.7484,69.8578,2.9228],[175.7563,69.8604,0.0],[175.7646,69.8604,0.0],[175.7688,69.8625,0.0],[175.7813,69.8625,3.4949],[175.7854,69.8604,0.0],[175.7937,69.8604,6.8135],[175.8062,69.8562,0.0],[175.8313,69.8562,0.0],[175.8391,69.8588,0.0],[175.8375,69.8604,0.0],[175.8292,69.8604,6.0382],[175.8167,69.8646,0.0],[175.8042,69.8646,2.8315]]],
[[[175.4625,69.8625,0.0],[175.4521,69.8625,0.0],[175.4505,69.8609,0.8387],[175.4995,69.8609,0.0],[175.4958,69.8646,0.7393],[175.4771,69.8646,0.0],[175.4729,69.8625,0.4986],[175.4625,69.8625,0.0]]],
[[[175.6245,69.863,0.0808],[175.6229,69.8646,2.2749],[175.6151,69.8641,3.4961],[175.6167,69.8625,-0.7761],[175.6245,69.863,0.0808]]],
[[[175.5229,69.8667,1.373],[175.5125,69.8667,0.0],[175.5109,69.8651,0.6054],[175.5286,69.8651,0.0],[175.5271,69.8667,1.1864],[175.5229,69.8667,1.373]]],
[[[175.6646,69.8708,1.555],[175.6563,69.8708,2.2532],[175.6547,69.8693,0.0],[175.6662,69.8693,0.102],[175.6646,69.8708,1.555]]],
[[[175.6812,69.8729,2.7349],[175.6729,69.8729,1.5214],[175.6714,69.8714,2.4478],[175.6938,69.8708,0.2849],[175.6979,69.8729,0.0],[175.7104,69.8729,0.0],[175.712,69.8745,1.1974],[175.6917,69.875,0.0],[175.6875,69.8729,2.2955],[175.6812,69.8729,2.7349]]],
[[[169.3667,69.9,0.5131],[169.363,69.8984,0.0],[169.3672,69.8943,0.0],[169.3724,69.8943,0.0],[169.3703,69.8974,0.0],[169.3667,69.9,0.5131]]],
[[[169.2,69.9396,0.0],[169.1854,69.9396,6.1318],[169.1812,69.9417,0.0],[169.1734,69.938,0.0],[169.187,69.9349,13.2301],[169.1922,69.9276,0.0],[169.2078,69.9245,0.0],[169.2104,69.9208,0.0],[169.2271,69.9208,0.0],[169.2312,69.9187,0.0],[169.2563,69.9187,0.0],[169.2625,69.9208,0.2802],[169.2667,69.9187,0.0],[169.2771,69.9187,0.0],[169.2875,69.9146,0.0],[169.2958,69.9167,1.2035],[169.3,69.9146,0.0],[169.3042,69.9146,0.5299],[169.3057,69.913,0.0],[169.3005,69.9109,0.0],[169.3062,69.9104,0.0],[169.325,69.9042,0.0],[169.3333,69.9063,0.0],[169.3438,69.9021,0.0],[169.3521,69.9021,0.0],[169.3542,69.9042,0.0],[169.3537,69.9057,0.0],[169.3438,69.9083,0.0],[169.3338,69.9089,0.0],[169.3307,69.912,0.0],[169.3234,69.913,2.5559],[169.3224,69.9161,0.0],[169.3104,69.9167,2.4047],[169.3042,69.9208,0.0],[169.2979,69.9187,1.2428],[169.2917,69.9229,0.0],[169.2833,69.9229,15.4621],[169.2625,69.9292,0.0],[169.2271,69.9333,10.016],[169.2146,69.9375,0.0],[169.2063,69.9375,7.816],[169.2,69.9396,0.0]]],
[[[169.1125,69.9354,0.0],[169.1047,69.9328,0.0],[169.1047,69.9318,0.0],[169.1162,69.9318,0.0],[169.1125,69.9354,0.0]]],
[[[169.1463,69.9443,9.1437],[169.1438,69.9458,0.0],[169.1333,69.9458,8.3244],[169.1292,69.9479,0.0],[169.0854,69.9479,0.0],[169.0797,69.9422,0.0],[169.0896,69.9375,0.0],[169.0958,69.9396,0.0],[169.1057,69.9391,0.0],[169.1042,69.9375,0.0],[169.0964,69.937,0.0],[169.0979,69.9354,0.0],[169.1062,69.9354,0.0],[169.1125,69.9375,0.0],[169.1229,69.9333,0.0],[169.1266,69.9339,0.0],[169.1276,69.937,0.0],[169.1333,69.9396,0.0],[169.1724,69.9401,2.5034],[169.1625,69.9437,0.0],[169.1463,69.9443,9.1437]]],
[[[168.5422,70.0203,0.2596],[168.5422,70.0193,0.2625],[168.5453,70.0193,0.4057],[168.5453,70.0203,0.5371],[168.5422,70.0203,0.2596]]],
[[[170.5729,70.0875,152.3716],[170.5646,70.0875,190.6922],[170.5625,70.0854,20.4079],[170.5646,70.0833,2.4555],[170.5729,70.0833,68.8971],[170.575,70.0854,130.9618],[170.5729,70.0875,152.3716]]],
[[[170.5667,70.0917,370.8822],[170.5703,70.0922,379.3361],[170.5703,70.0932,359.3314],[170.5651,70.0932,305.1546],[170.5667,70.0917,370.8822]]],
[[[170.5703,70.112,225.4948],[170.5417,70.1146,394.2084],[170.5375,70.1125,456.9806],[170.5313,70.1125,467.5484],[170.525,70.1104,414.9897],[170.5104,70.1146,303.1934],[170.5063,70.1125,392.3792],[170.4646,70.1125,286.4684],[170.4604,70.1104,303.4241],[170.4521,70.1104,260.773],[170.4479,70.1083,251.0275],[170.4292,70.1083,10.5013],[170.4276,70.1068,24.0698],[170.4349,70.1057,150.8643],[170.4297,70.1026,43.0227],[170.4339,70.0984,20.6993],[170.4417,70.0958,0.0],[170.4521,70.0958,34.0139],[170.4563,70.0938,0.0],[170.4771,70.0938,33.3958],[170.4875,70.0896,0.0],[170.5104,70.0896,39.9569],[170.5146,70.0875,0.0],[170.5521,70.0875,138.7299],[170.5599,70.0901,282.9201],[170.5589,70.0932,194.7907],[170.5708,70.0979,285.9179],[170.5792,70.0958,400.9866],[170.5849,70.0984,436.4312],[170.5807,70.1057,273.71],[170.5693,70.1068,281.5184],[170.5672,70.1099,263.9754],[170.5703,70.112,225.4948]]],
[[[170.5979,70.1042,388.6731],[170.5901,70.1005,452.5862],[170.6016,70.1005,336.0284],[170.6016,70.1036,345.3509],[170.5979,70.1042,388.6731]]],
[[[170.5813,70.1104,111.9367],[170.5828,70.112,61.1584],[170.5776,70.112,127.5517],[170.5776,70.1109,134.151],[170.5813,70.1104,111.9367]]],
[[[179.5479,69.1708,0.0],[179.5396,69.1708,0.0],[179.538,69.1693,0.0],[179.5495,69.1693,1.851],[179.5479,69.1708,0.0]]],
[[[179.4125,69.2188,0.0],[179.4208,69.2188,1.2103],[179.4224,69.2203,2.6824],[179.4172,69.2214,2.0726],[179.4146,69.225,2.1388],[179.4047,69.2224,0.0],[179.4125,69.2188,0.0]]],
[[[179.4047,69.2286,2.1485],[179.4047,69.2276,2.3672],[179.4078,69.2276,2.0916],[179.4078,69.2286,1.4291],[179.4047,69.2286,2.1485]]],
[[[178.8286,69.2703,2.2772],[178.8234,69.2703,1.018],[178.8193,69.2672,1.5183],[178.8286,69.2672,1.7486],[178.8286,69.2703,2.2772]]],
[[[179.2417,69.275,0.5858],[179.225,69.275,0.274],[179.2208,69.2771,0.0],[179.2125,69.2771,0.5936],[179.2063,69.2708,0.0],[179.2068,69.2693,0.0],[179.2104,69.2688,0.0],[179.2146,69.2708,0.3985],[179.2271,69.2708,0.4405],[179.2312,69.2729,0.0],[179.2453,69.2734,0.0],[179.2417,69.275,0.5858]]],
[[[179.2078,69.287,1.4483],[179.2042,69.2875,2.0961],[179.2026,69.2859,0.0],[179.2063,69.2833,0.0],[179.2078,69.2839,0.0],[179.2078,69.287,1.4483]]],
[[[179.1266,69.3068,0.0],[179.125,69.3083,0.9589],[179.1214,69.3078,0.0],[179.1229,69.3063,0.0],[179.1266,69.3068,0.0]]],
[[[179.0292,69.3333,0.5957],[179.0328,69.3339,2.1461],[179.0328,69.3349,1.9722],[179.0276,69.3349,1.9716],[179.0292,69.3333,0.5957]]],
[[[178.4557,69.4537,1.667],[178.4458,69.4542,1.0027],[178.4443,69.4526,0.0],[178.4542,69.4521,0.0],[178.4557,69.4537,1.667]]],
[[[178.725,70.9563,219.9571],[178.7333,70.9563,165.5529],[178.7349,70.9578,157.3082],[178.725,70.9604,338.33],[178.7229,70.9583,261.6041],[178.725,70.9563,219.9571]]],
[[[178.7125,70.9583,411.075],[178.7161,70.9589,345.806],[178.7161,70.9599,375.2397],[178.7109,70.9599,475.0157],[178.7125,70.9583,411.075]]],
[[[178.7063,70.9708,296.2909],[178.6979,70.9708,361.4685],[178.6958,70.9688,295.2546],[178.6979,70.9667,276.7101],[178.7063,70.9667,218.4514],[178.7083,70.9688,253.6852],[178.7063,70.9708,296.2909]]],
[[[179.5313,70.7354,0.0],[179.5349,70.7359,0.0],[179.5349,70.737,0.0],[179.5297,70.737,0.0],[179.5313,70.7354,0.0]]],
[[[178.7729,70.9812,403.7788],[178.7766,70.9818,444.0775],[178.7766,70.9828,459.084],[178.7713,70.9828,356.1971],[178.7729,70.9812,403.7788]]],
[[[178.9625,71.0813,403.7491],[178.9661,71.0818,386.8886],[178.9661,71.0828,381.9173],[178.9609,71.0828,401.0163],[178.9625,71.0813,403.7491]]],
[[[178.8792,71.0875,372.8374],[178.8828,71.088,371.1582],[178.8828,71.0891,389.4783],[178.8776,71.0891,438.86],[178.8792,71.0875,372.8374]]],
[[[178.6542,70.9771,0.0],[178.6557,70.9786,19.7034],[178.6505,70.9786,0.0],[178.6505,70.9776,0.0],[178.6542,70.9771,0.0]]],
[[[178.7417,70.9896,447.3278],[178.7432,70.9912,478.0245],[178.738,70.9912,464.1246],[178.738,70.9901,423.8336],[178.7417,70.9896,447.3278]]],
[[[178.7021,71.0,393.476],[178.7036,71.0016,449.3415],[178.6984,71.0016,507.0434],[178.6984,71.0005,488.9302],[178.7021,71.0,393.476]]],
[[[178.6625,71.0062,410.9953],[178.6641,71.0078,436.5776],[178.6589,71.0078,462.2603],[178.6589,71.0068,448.9045],[178.6625,71.0062,410.9953]]],
[[[178.6438,71.0354,188.6059],[178.6354,71.0354,111.4446],[178.6339,71.0339,110.4222],[178.6474,71.0339,268.5059],[178.6438,71.0354,188.6059]]],
[[[178.675,71.0396,321.9464],[178.6766,71.0411,327.6926],[178.6714,71.0411,301.9131],[178.6714,71.0401,287.6026],[178.675,71.0396,321.9464]]],
[[[178.7161,71.088,444.9192],[178.7146,71.0896,405.5018],[178.7088,71.0891,302.1877],[178.7104,71.0875,322.2584],[178.7161,71.088,444.9192]]],
[[[178.7458,71.0917,529.686],[178.7474,71.0932,558.9422],[178.7422,71.0932,533.7372],[178.7422,71.0922,527.7786],[178.7458,71.0917,529.686]]],
[[[178.7125,71.0917,371.7345],[178.7141,71.0932,450.0561],[178.7088,71.0932,406.3511],[178.7088,71.0922,377.6174],[178.7125,71.0917,371.7345]]],
[[[178.7,71.0917,212.5056],[178.7016,71.0932,280.7156],[178.6964,71.0932,251.8456],[178.6964,71.0922,219.0629],[178.7,71.0917,212.5056]]],
[[[178.6812,71.0938,73.0868],[178.6828,71.0953,57.0037],[178.6776,71.0953,19.6463],[178.6776,71.0943,33.1844],[178.6812,71.0938,73.0868]]],
[[[178.7724,71.0984,547.5229],[178.7708,71.1,596.6313],[178.7651,71.0995,591.8394],[178.7667,71.0979,584.5154],[178.7724,71.0984,547.5229]]],
[[[178.8958,71.0896,415.9301],[178.8953,71.0911,410.4467],[178.8917,71.0917,373.6833],[178.8896,71.0896,356.4673],[178.8901,71.088,365.6679],[178.8938,71.0875,433.4153],[178.8958,71.0896,415.9301]]],
[[[178.8729,71.0917,549.6309],[178.8646,71.0917,572.0552],[178.863,71.0901,535.7953],[178.8745,71.0901,482.4132],[178.8729,71.0917,549.6309]]],
[[[178.7833,71.1146,363.6161],[178.7875,71.1146,427.2091],[178.7891,71.1162,463.5641],[178.7771,71.1188,326.3163],[178.7729,71.1167,297.0209],[178.7646,71.1167,294.0524],[178.7568,71.1141,274.9355],[178.7563,71.1125,225.2544],[178.7583,71.1104,243.9908],[178.7688,71.1104,362.103],[178.7703,71.1109,381.1985],[178.7693,71.1141,322.1354],[178.7708,71.1146,314.1347],[178.7833,71.1146,363.6161]]],
[[[178.9125,71.1188,286.3686],[178.9047,71.1151,359.63869999999997],[178.9208,71.1146,260.1862],[178.9229,71.1167,222.7469],[178.9208,71.1188,243.2841],[178.9125,71.1188,286.3686]]],
[[[178.7583,71.1021,527.6258],[178.7542,71.1021,513.0981],[178.7526,71.1005,403.5838],[178.7641,71.1005,603.8195],[178.7625,71.1021,568.8204],[178.7583,71.1021,527.6258]]],
[[[178.7354,71.1042,314.365],[178.7208,71.1083,120.9847],[178.7068,71.1026,148.8594],[178.7312,71.1,248.5523],[178.7354,71.1021,249.2866],[178.7516,71.1026,470.8766],[178.75,71.1042,493.0106],[178.7354,71.1042,314.365]]],
[[[178.8875,71.1188,489.1059],[178.8797,71.1151,393.7589],[178.8911,71.1151,498.2],[178.8911,71.1182,531.3471],[178.8875,71.1188,489.1059]]],
[[[178.8771,71.1167,411.009],[178.8786,71.1182,423.9391],[178.8734,71.1182,466.8257],[178.8734,71.1172,445.3162],[178.8771,71.1167,411.009]]],
[[[178.7979,71.1208,465.0317],[178.7995,71.1224,451.7395],[178.7943,71.1224,420.4714],[178.7943,71.1214,423.3799],[178.7979,71.1208,465.0317]]],
[[[178.85,71.125,549.2988],[178.8516,71.1266,605.1223],[178.8464,71.1266,591.6577],[178.8464,71.1255,563.9666],[178.85,71.125,549.2988]]],
[[[178.8687,71.1271,596.573],[178.8604,71.1271,637.4686],[178.8589,71.1255,619.7312],[178.8703,71.1255,570.0321],[178.8687,71.1271,596.573]]],
[[[178.9396,71.1292,166.4911],[178.9411,71.1307,154.7734],[178.9359,71.1307,176.8233],[178.9359,71.1297,177.0262],[178.9396,71.1292,166.4911]]],
[[[178.9375,71.1417,188.0624],[178.9391,71.1432,200.3868],[178.9339,71.1432,177.6634],[178.9339,71.1422,175.7597],[178.9375,71.1417,188.0624]]],
[[[179.9896,70.9729,0.0],[179.9979,70.9729,0.0],[179.9995,71.112,0.0],[179.9995,71.3901,0.0],[179.9979,71.5292,0.0],[179.988,71.5266,0.0],[179.9932,71.5245,3.8411],[179.9917,71.5229,2.9878],[179.9422,71.5224,0.0],[179.9411,71.5193,1.001],[179.9359,71.5182,-0.3388],[179.9349,71.5151,-0.0695],[179.9297,71.5141,0.2352],[179.9297,71.5089,0.0],[179.9349,71.5068,1.5122],[179.9297,71.5057,0.0],[179.9271,71.5021,0.0],[179.9125,71.5021,0.1219],[179.8984,71.4974,0.3216],[179.8974,71.4943,0.9716],[179.8922,71.4922,0.0],[179.8974,71.4912,0.0],[179.8984,71.488,0.0],[179.9036,71.4859,2.1287],[179.8984,71.4849,0.0],[179.8974,71.4818,2.5252],[179.8771,71.475,-0.1352],[179.8562,71.475,-0.0548],[179.8521,71.4771,0.3919],[179.8479,71.4771,0.0],[179.8438,71.475,1.6579],[179.8292,71.475,0.0],[179.8214,71.4724,0.3723],[179.8203,71.4672,0.0],[179.8188,71.4667,0.0],[179.7964,71.4661,0.8975],[179.7964,71.463,0.0],[179.7979,71.4625,0.0],[179.8141,71.462,-0.1532],[179.8141,71.4547,0.3261],[179.7964,71.4495,0.0],[179.8016,71.4464,1.8946],[179.7875,71.4417,0.1228],[179.7792,71.4417,0.0],[179.775,71.4396,0.0],[179.7667,71.4396,0.0],[179.7625,71.4375,2.8256],[179.7563,71.4396,0.0],[179.7333,71.4375,2.0306],[179.7271,71.4396,0.0],[179.7229,71.4375,-0.0907],[179.7021,71.4375,2.8062],[179.6896,71.4417,0.2412],[179.6687,71.4417,0.0],[179.6583,71.4375,0.0],[179.6479,71.4375,0.0607],[179.6438,71.4354,3.1199],[179.6292,71.4354,0.0],[179.625,71.4333,3.1357],[179.6167,71.4333,0.0],[179.6125,71.4292,9.82],[179.6042,71.4292,2.6818],[179.6,71.4271,4.0312],[179.5917,71.4271,0.0],[179.5838,71.4245,0.0],[179.5813,71.4208,14.1911],[179.5646,71.4208,0.0],[179.5604,71.4187,1.8075],[179.5396,71.4187,0.0],[179.5354,71.4167,1.244],[179.5208,71.4167,0.0],[179.5167,71.4146,1.4507],[179.5063,71.4146,0.0],[179.4797,71.4057,0.0],[179.4787,71.4026,0.3616],[179.4734,71.4016,-0.1407],[179.475,71.4,-0.1753],[179.4807,71.3995,-0.0021],[179.4792,71.3979,-0.0771],[179.4734,71.3974,-0.182],[179.4755,71.3901,2.3803],[179.4807,71.3891,2.2447],[179.4818,71.3859,-0.0631],[179.487,71.3849,2.6035],[179.4818,71.3818,-0.057],[179.4891,71.3807,2.5777],[179.4891,71.3776,1.4503],[179.4708,71.3771,-0.2451],[179.4667,71.375,1.7204],[179.4396,71.375,-0.3195],[179.4354,71.3729,1.3514],[179.4271,71.3729,0.0379],[179.4229,71.3708,1.8649],[179.4125,71.3708,-0.1578],[179.3984,71.3662,0.0],[179.3995,71.363,2.9708],[179.3859,71.3599,0.0],[179.387,71.3568,3.2037],[179.3755,71.3536,0.0],[179.3745,71.3505,0.0],[179.3693,71.3495,0.0],[179.3682,71.3464,4.159],[179.363,71.3453,3.1717],[179.362,71.3422,2.8851],[179.3568,71.3411,1.735],[179.3557,71.338,0.0911],[179.3505,71.337,-0.1676],[179.3495,71.3318,-0.123],[179.3417,71.3292,1.8425],[179.3208,71.3313,0.0],[179.3167,71.3292,0.755],[179.3062,71.3292,0.0],[179.2547,71.312,0.0],[179.2536,71.3089,2.7129],[179.2484,71.3078,0.0],[179.2495,71.3026,8.8532],[179.238,71.2995,0.0],[179.237,71.2943,8.0205],[179.2255,71.2911,0.0],[179.2245,71.2839,0.5],[179.2193,71.2828,1.0064],[179.2193,71.2797,0.5],[179.2208,71.2792,0.5],[179.2328,71.2786,3.3918],[179.2276,71.2755,0.5],[179.2328,71.2734,3.3067],[179.1833,71.2729,0.0],[179.1818,71.2724,0.0],[179.1807,71.2672,13.1651],[179.1729,71.2646,10.6159],[179.1646,71.2646,0.0],[179.1479,71.2583,4.391],[179.1396,71.2583,0.0],[179.1354,71.2562,10.5698],[179.1146,71.2542,0.0],[179.1104,71.2521,1.1355],[179.0771,71.25,0.0],[179.0729,71.2479,13.5119],[179.0625,71.2479,5.035],[179.0583,71.2458,16.2917],[179.0437,71.2458,0.0],[179.0333,71.2417,5.6336],[179.0234,71.2412,0.0],[179.0208,71.2375,15.1847],[178.9812,71.2333,0.0],[178.9708,71.2292,27.6731],[178.9625,71.2292,0.0],[178.9396,71.2208,1.4969],[178.9312,71.2208,0.4253],[178.9234,71.2182,0.8403],[178.9287,71.2151,2.0666],[178.9234,71.2141,1.8599],[178.9234,71.2109,2.7041],[178.9354,71.2125,3.0828],[178.9432,71.2089,4.3975],[178.9333,71.2083,4.0124],[178.9292,71.2063,3.9683],[178.9229,71.2083,2.9479],[178.8984,71.2078,0.0],[178.8984,71.2047,0.0],[178.9057,71.2037,1.7116],[178.9005,71.2016,0.8502],[178.9,71.2,0.0],[178.9005,71.1984,0.0],[178.9057,71.1964,7.9577],[178.9005,71.1953,0.0],[178.8995,71.188,3.6432],[178.8943,71.187,0.0],[178.8963,71.1797,1.1888],[178.9016,71.1776,8.9625],[178.8901,71.1766,33.2812],[178.8953,71.1734,87.5468],[178.8901,71.1713,7.2684],[178.9021,71.1708,87.3123],[178.9036,71.1703,80.1969],[178.9036,71.1672,11.1745],[178.8938,71.1667,9.1509],[178.8875,71.1687,0.0],[178.8833,71.1667,20.7928],[178.8729,71.1667,6.0467],[178.8687,71.1687,7.5653],[178.8604,71.1687,1.2491],[178.8589,71.1682,1.2491],[178.8589,71.1651,2.8679],[178.8646,71.1646,4.1242],[178.8662,71.163,5.0153],[178.8464,71.162,0.0],[178.8474,71.1589,7.3514],[178.8359,71.1557,0.0],[178.8349,71.1505,25.4038],[178.8271,71.1479,26.3854],[178.8,71.1479,34.9891],[178.7922,71.1453,22.7292],[178.7912,71.1422,46.8374],[178.7859,71.1412,13.1604],[178.7849,71.1359,45.2808],[178.775,71.1354,0.0],[178.7729,71.1333,0.0],[178.7734,71.1297,24.1157],[178.7755,71.1276,90.4021],[178.7792,71.1271,124.2932],[178.7833,71.1292,106.0443],[178.7917,71.1292,155.7059],[178.7958,71.1312,155.4391],[178.8104,71.1312,204.1156],[178.8208,71.1354,134.1555],[178.8292,71.1333,186.9822],[178.8333,71.1354,151.6186],[178.8604,71.1354,260.9019],[178.8646,71.1375,218.3446],[178.8854,71.1396,159.4795],[178.8896,71.1417,144.9147],[178.9042,71.1417,159.5138],[178.9083,71.1458,89.3833],[178.925,71.1417,133.2822],[178.9328,71.1443,169.9831],[178.9354,71.1479,131.5824],[178.9625,71.1479,88.2277],[178.9703,71.1443,89.8834],[178.9588,71.1412,164.8942],[178.9609,71.138,122.7305],[178.9688,71.1354,181.4892],[178.9771,71.1354,159.3608],[178.9787,71.1339,170.9768],[178.9438,71.1333,187.7162],[178.9422,71.1318,154.0809],[178.9474,71.1307,145.4433],[178.9474,71.1276,186.9088],[178.9333,71.1229,176.0779],[178.9271,71.125,238.5839],[178.9187,71.125,265.9988],[178.9146,71.1271,291.049],[178.9063,71.1271,313.5355],[178.9042,71.125,323.8313],[178.9047,71.1193,401.8985],[178.9099,71.1193,321.4453],[178.9109,71.1224,286.6593],[178.9146,71.1229,247.7561],[178.9187,71.1208,248.213],[178.9271,71.1208,177.1953],[178.9312,71.1188,180.6721],[178.9542,71.1167,189.8918],[178.9583,71.1146,209.8065],[178.9646,71.1167,184.7234],[178.9792,71.1167,200.3569],[178.9807,71.1151,199.9461],[178.9755,71.113,190.9342],[178.9828,71.112,195.5398],[178.9828,71.1088,172.0571],[178.9583,71.1083,356.5049],[178.9542,71.1062,362.2646],[178.9396,71.1062,414.4837],[178.9354,71.1042,396.0945],[178.9229,71.1083,468.964],[178.9146,71.1083,472.9498],[178.9068,71.1057,468.4427],[178.9068,71.1026,402.5134],[178.9182,71.1016,340.2539],[178.9203,71.0995,389.923],[178.9214,71.0943,416.9383],[178.9229,71.0938,376.2639],[178.9438,71.0938,302.7743],[178.9479,71.0917,387.4187],[178.9583,71.0917,291.0822],[178.9625,71.0896,264.8515],[178.9708,71.0896,232.9972],[178.9787,71.087,253.5131],[178.9787,71.0818,285.2945],[178.9688,71.0813,369.237],[178.9672,71.0797,378.6448],[178.9807,71.0787,279.0611],[178.9818,71.0693,297.0606],[178.9937,71.0687,229.6298],[178.9953,71.0672,220.1602],[178.9854,71.0667,275.3784],[178.9812,71.0646,282.8857],[178.9583,71.0646,312.5307],[178.9568,71.0651,312.5307],[178.9568,71.0682,317.2634],[178.9682,71.0693,353.0544],[178.9693,71.0724,362.3243],[178.9745,71.0745,345.55],[178.9646,71.075,366.8305],[178.9547,71.0776,285.2324],[178.9536,71.0828,427.737],[178.9521,71.0833,447.5017],[178.9422,71.0828,462.6338],[178.9411,71.0776,346.8805],[178.9375,71.0771,339.5562],[178.9297,71.0797,354.8527],[178.9349,71.0828,479.7403],[178.9297,71.0839,516.4572],[178.925,71.0875,562.8482],[178.9151,71.0849,491.8809],[178.9167,71.0833,399.7776],[178.9224,71.0828,365.308],[178.9172,71.0807,389.8836],[178.9167,71.0792,365.6107],[178.9172,71.0776,372.7232],[178.9224,71.0766,305.1731],[178.9224,71.0734,332.5891],[178.9208,71.0729,351.4511],[178.9146,71.075,403.7502],[178.8875,71.075,450.1267],[178.8833,71.0771,452.052],[178.8776,71.0766,421.9865],[178.8786,71.0734,400.4475],[178.8771,71.0729,363.3402],[178.8651,71.0734,336.4259],[178.8651,71.0766,348.7827],[178.8766,71.0797,358.5643],[178.8771,71.0854,311.6235],[178.875,71.0875,398.2338],[178.8687,71.0854,322.8065],[178.8604,71.0854,393.6122],[178.8375,71.0771,290.4148],[178.8276,71.0776,273.9111],[178.8255,71.0828,329.9071],[178.8307,71.0849,373.9055],[178.8255,71.0859,309.2119],[178.8255,71.0891,263.4505],[178.8458,71.0958,342.6759],[178.8557,71.0964,428.1807],[178.8542,71.0979,467.0635],[178.8375,71.0979,302.683],[178.8359,71.0995,288.0604],[178.8583,71.1021,363.2716],[178.8625,71.1042,330.6752],[178.8667,71.1042,346.6147],[178.8792,71.1,488.7495],[178.8818,71.1036,542.39],[178.887,71.1047,563.949],[178.887,71.1078,501.6968],[178.8734,71.1109,419.4097],[178.8786,71.1141,406.7359],[178.8687,71.1146,409.5282],[178.8479,71.1208,424.5114],[178.8438,71.1188,430.1173],[178.8354,71.1188,501.6496],[178.8313,71.1167,481.1711],[178.8167,71.1167,515.7556],[178.8089,71.1141,505.4811],[178.8141,71.112,454.4236],[178.8141,71.1088,447.5483],[178.8021,71.1042,445.2415],[178.7839,71.1036,548.347],[178.7854,71.1021,507.0557],[178.7974,71.1016,405.5057],[178.7922,71.0995,414.1237],[178.7912,71.0964,444.7403],[178.7859,71.0964,440.2265],[178.7849,71.0995,500.4711],[178.7813,71.1,544.7434],[178.7734,71.0974,527.7063],[178.7786,71.0953,410.7703],[178.7786,71.0922,416.5348],[178.7771,71.0917,440.432],[178.7484,71.0891,493.6827],[178.7484,71.0839,413.6061],[178.7536,71.0828,338.0108],[178.7495,71.0797,372.6579],[178.7437,71.0792,362.8423],[178.7396,71.0813,405.6136],[178.7312,71.0813,408.1377],[178.7287,71.0776,364.745],[178.7234,71.0766,375.0328],[178.7245,71.0734,348.5896],[178.7021,71.0708,340.4156],[178.6979,71.0667,270.8747],[178.6859,71.0693,266.3674],[178.6854,71.0771,380.7757],[178.6833,71.0792,403.1853],[178.6625,71.0792,342.902],[178.6583,71.0771,320.8613],[178.6463,71.0766,266.9991],[178.6479,71.075,268.286],[178.6646,71.075,318.77],[178.6667,71.0729,275.3098],[178.6646,71.0708,258.8095],[178.6563,71.0708,261.3278],[178.6521,71.0729,263.1158],[178.6375,71.0729,158.5824],[178.6297,71.0703,62.0832],[178.6297,71.063,112.6596],[178.6349,71.062,110.2377],[178.6313,71.0583,24.7038],[178.6318,71.0505,38.7684],[178.637,71.0484,128.3709],[178.6255,71.0474,0.0],[178.6271,71.0458,0.0],[178.6328,71.0453,89.5843],[178.6276,71.0432,0.0],[178.6276,71.0401,0.0],[178.6292,71.0396,0.0],[178.6375,71.0417,61.2386],[178.6438,71.0396,135.4288],[178.65,71.0417,108.7183],[178.6563,71.0396,164.0601],[178.6604,71.0417,146.3413],[178.6687,71.0417,260.7186],[178.6792,71.0458,265.0172],[178.7,71.0458,262.4377],[178.7063,71.0417,370.97],[178.7161,71.0411,346.5885],[178.7083,71.0375,404.446],[178.7021,71.0396,418.2986],[178.6812,71.0396,393.7906],[178.6797,71.0391,346.0197],[178.6787,71.0339,399.3732],[178.6625,71.0333,439.7767],[178.6609,71.0328,417.8008],[178.6599,71.0276,373.8788],[178.6484,71.0266,475.6973],[178.6484,71.0234,379.57],[178.6557,71.0224,347.5052],[178.6505,71.0203,376.7599],[178.6505,71.0172,235.652],[178.6521,71.0167,218.527],[178.6583,71.0188,344.5836],[178.6667,71.0188,350.2048],[178.6771,71.0229,347.9391],[178.6917,71.0229,321.7238],[178.6995,71.0203,336.9416],[178.6995,71.0172,328.2525],[178.688,71.0162,382.0086],[178.6891,71.013,409.1727],[178.6839,71.012,389.2358],[178.6839,71.0089,379.2096],[178.6854,71.0083,406.7887],[178.7016,71.0089,376.2515],[178.7026,71.0141,320.6478],[178.7167,71.0188,298.8177],[178.7229,71.0167,326.8369],[178.7375,71.0167,360.3427],[178.7479,71.0125,401.7738],[178.7708,71.0125,353.2778],[178.7766,71.0151,475.0847],[178.7713,71.0182,325.809],[178.7828,71.0193,395.8248],[178.7854,71.0229,359.6276],[178.7937,71.0229,426.6545],[178.8016,71.0203,344.3309],[178.7984,71.0182,356.3117],[178.7974,71.0151,348.6638],[178.7896,71.0125,386.0526],[178.7797,71.012,408.7069],[178.7813,71.0104,365.2747],[178.7912,71.0099,323.593],[178.7859,71.0078,363.9337],[178.7854,71.0062,358.3753],[178.7859,71.0047,340.0009],[178.7932,71.0036,271.8968],[178.7932,71.0005,287.3639],[178.7854,70.9979,281.4717],[178.7792,71.0,357.527],[178.7625,71.0,343.4169],[178.7599,71.0036,415.6955],[178.75,71.0042,374.046],[178.7458,71.0062,386.2103],[178.7292,71.0062,359.0296],[178.725,71.0083,442.8992],[178.7214,71.0078,415.3549],[178.7234,71.0047,339.1393],[178.7312,71.0021,297.0806],[178.7412,71.0016,275.0777],[178.7422,70.9964,360.163],[178.7521,70.9938,326.8034],[178.7604,70.9938,299.6067],[178.7646,70.9917,301.1755],[178.7708,70.9938,242.2316],[178.7792,70.9938,219.3685],[178.7833,70.9917,273.0988],[178.8062,70.9917,191.6918],[178.8104,70.9875,229.2718],[178.8167,70.9854,255.8612],[178.8266,70.9849,185.27],[178.825,70.9833,201.8369],[178.7854,70.9833,406.2922],[178.7776,70.9807,439.1422],[178.7891,70.9766,353.4358],[178.7912,70.9745,352.4888],[178.7917,70.9688,429.7027],[178.7896,70.9667,413.8492],[178.775,70.9667,371.5816],[178.7708,70.9646,327.9425],[178.7547,70.963,140.3222],[178.7547,70.9661,189.3531],[178.7625,70.9688,199.5656],[178.7708,70.9688,268.3068],[178.775,70.9708,294.4012],[178.7833,70.9708,363.0434],[178.7849,70.9714,401.8277],[178.7849,70.9745,398.0526],[178.7589,70.9776,205.3399],[178.7589,70.9807,230.5711],[178.7641,70.9818,289.5163],[178.7641,70.9849,405.5545],[178.7521,70.9854,327.4428],[178.7479,70.9875,359.9758],[178.7333,70.9875,325.9909],[178.7312,70.9854,304.5121],[178.7328,70.9797,282.8232],[178.7208,70.9792,223.1652],[178.7193,70.9807,284.4217],[178.7245,70.9828,354.8297],[178.7193,70.9838,370.6025],[178.7182,70.987,383.9245],[178.713,70.9891,238.995],[178.7245,70.9901,376.2917],[178.7229,70.9917,357.0222],[178.7172,70.9922,292.5126],[178.7224,70.9953,412.3126],[178.7146,70.9979,341.0251],[178.7063,70.9979,297.7725],[178.6984,70.9953,359.1233],[178.6974,70.9922,347.3263],[178.6938,70.9917,325.1786],[178.6859,70.9943,353.9781],[178.6911,70.9974,459.9875],[178.6812,70.9979,376.8034],[178.6776,71.0005,343.6823],[178.6792,71.0021,372.597],[178.6891,71.0026,461.1177],[178.6812,71.0062,486.7464],[178.6651,71.0057,393.372],[178.6651,71.0026,370.7794],[178.6703,71.0016,311.4916],[178.6651,70.9995,368.9169],[178.6662,70.9943,321.3558],[178.6625,70.9938,343.4728],[178.6578,70.9974,342.6502],[178.6542,70.9979,233.3565],[178.6463,70.9943,64.7252],[178.6563,70.9917,200.6852],[178.6662,70.9912,294.6944],[178.6646,70.9896,290.3057],[178.6547,70.9891,139.7387],[178.6536,70.9838,34.4517],[178.6484,70.9818,0.0],[178.6583,70.9792,57.0302],[178.6667,70.9792,202.9023],[178.6771,70.9833,316.7303],[178.6854,70.9833,262.3171],[178.6932,70.9807,225.2795],[178.6932,70.9776,290.5348],[178.688,70.9755,308.4908],[178.7125,70.975,175.2383],[178.7203,70.9724,218.4937],[178.7151,70.9703,229.1419],[178.7151,70.9672,181.0755],[178.7333,70.9667,181.7461],[178.7412,70.9641,131.1157],[178.7422,70.9568,148.1214],[178.7557,70.9557,88.9646],[178.7557,70.9526,151.7429],[178.7542,70.9521,151.7429],[178.725,70.9521,247.1806],[178.7208,70.9563,288.2804],[178.7,70.9583,347.4668],[178.6859,70.9537,3.6316],[178.6911,70.9505,10.6817],[178.6859,70.9484,0.0],[178.6958,70.9458,-0.5],[178.7057,70.9453,1.8698],[178.7068,70.9359,1.5373],[178.7141,70.9349,5.4456],[178.7151,70.9318,2.3768],[178.7203,70.9307,-1.0],[178.7234,70.9213,0.0],[178.7287,70.9203,1.0896],[178.7297,70.9151,0.0],[178.7432,70.9141,3.0536],[178.7443,70.9109,0.0],[178.7557,70.9078,0.0],[178.7568,70.9047,0.0],[178.762,70.9036,4.9087],[178.7651,70.8984,1.5156],[178.7766,70.8953,2.7883],[178.7766,70.8922,1.3189],[178.7734,70.8912,0.6519],[178.7734,70.888,1.747],[178.7849,70.8849,0.904],[178.7849,70.8818,0.441],[178.7797,70.8797,0.0],[178.787,70.8786,0.4132],[178.7875,70.8771,0.5313],[178.787,70.8755,0.4776],[178.7818,70.8745,0.0],[178.7807,70.8714,0.0],[178.7708,70.8708,1.5099],[178.7693,70.8693,0.0],[178.7745,70.8682,1.2228],[178.7755,70.8651,0.0],[178.7891,70.862,2.1582],[178.7901,70.8588,0.0],[178.7953,70.8578,2.7017],[178.7901,70.8557,0.0],[178.7901,70.8526,0.0],[178.7974,70.8516,1.1343],[178.7984,70.8401,0.4416],[178.8005,70.838,0.4992],[178.8057,70.837,0.0],[178.8068,70.8318,0.0],[178.812,70.8307,0.0],[178.8068,70.8276,1.1432],[178.8188,70.8271,1.3134],[178.8266,70.8245,0.3492],[178.8214,70.8224,1.0047],[178.8208,70.8187,0.0],[178.8224,70.8151,1.1278],[178.8109,70.8141,0.5617],[178.8099,70.8109,2.7721],[178.8047,70.8099,0.0],[178.8047,70.8068,0.0],[178.8125,70.8042,1.7535],[178.8432,70.8037,0.0],[178.838,70.8016,0.0],[178.837,70.7984,3.6846],[178.8193,70.7932,2.3214],[178.8193,70.7901,4.4482],[178.8208,70.7896,4.4482],[178.8375,70.7896,0.0],[178.8458,70.7937,0.0],[178.8542,70.7937,0.0],[178.8771,70.8021,7.4654],[178.8917,70.8021,0.0],[178.8943,70.8057,2.5699],[178.9187,70.8146,6.9395],[178.9271,70.8146,1.545],[178.9411,70.8193,1.4074],[178.9438,70.8229,3.9805],[178.9536,70.8234,1.0],[178.9547,70.8266,5.1397],[178.9854,70.8375,7.232],[178.9937,70.8375,1.0],[179.0104,70.8438,3.3686],[179.0188,70.8438,1.0],[179.0292,70.8479,1.0],[179.0375,70.8479,1.0],[179.0417,70.85,1.0],[179.0562,70.85,1.0],[179.0641,70.8526,1.0],[179.063,70.8557,8.2653],[179.0646,70.8562,4.0506],[179.0729,70.8562,1.0],[179.0771,70.8583,4.6726],[179.0917,70.8583,1.0],[179.0958,70.8604,2.2868],[179.1042,70.8604,1.0],[179.1083,70.8625,4.7606],[179.1292,70.8625,1.0],[179.1333,70.8646,2.2556],[179.1667,70.8667,1.0],[179.1708,70.8688,2.275],[179.1792,70.8688,1.0],[179.1833,70.8708,5.5355],[179.1896,70.8688,1.0],[179.225,70.8688,0.0],[179.2292,70.8708,3.0766],[179.2437,70.8708,0.0],[179.2479,70.8729,3.4662],[179.2563,70.8708,0.0],[179.2604,70.8729,0.0],[179.2875,70.8729,0.0],[179.2917,70.875,3.5169],[179.3438,70.875,1.4496],[179.3479,70.8729,0.0],[179.3833,70.8729,5.0596],[179.3875,70.8708,0.0],[179.4021,70.8708,4.5429],[179.4063,70.8688,1.5369],[179.4542,70.8688,0.0],[179.4583,70.8708,4.5793],[179.4729,70.8708,0.0],[179.4807,70.8745,4.5395],[179.45,70.875,2.5584],[179.4422,70.8786,0.0],[179.45,70.8812,0.0],[179.4771,70.8812,0.0],[179.4812,70.8833,0.0],[179.5021,70.8833,0.5058],[179.5063,70.8812,0.4301],[179.5146,70.8812,0.7924],[179.5188,70.8792,0.7317],[179.5479,70.8792,1.3541],[179.5505,70.8828,2.1662],[179.5542,70.8833,2.2523],[179.562,70.8807,2.1342],[179.5505,70.8766,1.1862],[179.5557,70.8745,1.0143],[179.5583,70.8708,0.7304],[179.575,70.8708,0.8975],[179.5792,70.8688,0.5343],[179.5875,70.8688,0.7129],[179.5917,70.8708,1.5298],[179.6125,70.8708,0.0],[179.6167,70.8729,0.9533],[179.625,70.8729,0.0],[179.6417,70.8792,3.8593],[179.6625,70.8812,0.0],[179.6641,70.8818,0.0],[179.663,70.8849,1.2626],[179.6745,70.888,0.1504],[179.6755,70.8932,0.0],[179.6896,70.8979,0.0],[179.7104,70.9,0.0],[179.7146,70.9042,4.0044],[179.7292,70.9042,0.0],[179.7318,70.9078,0.0],[179.737,70.9089,0.0],[179.738,70.912,0.0],[179.762,70.9172,0.0],[179.763,70.9203,0.0],[179.7661,70.9213,-0.0361],[179.7667,70.925,0.0],[179.7661,70.9266,0.0],[179.7609,70.9276,0.6674],[179.7661,70.9307,0.0],[179.7609,70.9328,1.0844],[179.7724,70.9359,-0.0109],[179.7734,70.9391,0.8201],[179.7912,70.9443,0.0],[179.7901,70.9474,1.121],[179.7953,70.9484,0.0],[179.7979,70.9521,2.2553],[179.8125,70.9521,2.0557],[179.8167,70.9542,7.0474],[179.8375,70.9563,3.1729],[179.8417,70.9583,10.8727],[179.8771,70.9583,1.8233],[179.8875,70.9625,1.8143],[179.8958,70.9625,0.0],[179.9063,70.9667,2.1446],[179.9208,70.9667,0.0],[179.925,70.9688,22.3007],[179.9396,70.9688,0.0],[179.9438,70.9708,24.5522],[179.9708,70.9708,0.0],[179.975,70.9729,0.0],[179.9896,70.9729,0.0]]],
[[[-180.0,64.9578,0.0],[-180.0,64.9568,0.0],[-179.9984,64.9568,0.0],[-179.9984,64.9578,0.0],[-180.0,64.9578,0.0]]],
[[[-179.9979,64.9688,0.0],[-179.9984,64.9703,0.0],[-180.0,64.9698,0.0],[-180.0,64.9677,0.0],[-179.9984,64.9672,0.0],[-179.9979,64.9688,0.0]]],
[[[-179.9979,64.9812,0.0],[-179.9984,64.9828,0.0],[-180.0,64.9823,0.0],[-180.0,64.9802,0.0],[-179.9984,64.9797,0.0],[-179.9979,64.9812,0.0]]],
[[[-179.9979,64.9958,0.0],[-179.9984,64.9974,0.0],[-180.0,64.9969,0.0],[-180.0,64.9948,0.0],[-179.9984,64.9943,0.0],[-179.9979,64.9958,0.0]]],
[[[-179.9984,65.012,0.0],[-180.0,65.0109,0.0],[-180.0,65.0078,0.0],[-179.9984,65.0068,0.0],[-179.9979,65.0104,0.0],[-179.9984,65.012,0.0]]],
[[[-179.9979,65.025,0.0],[-179.9964,65.0286,0.0],[-179.9979,65.0292,0.0],[-180.0,65.0271,0.0],[-180.0,65.0229,0.0],[-179.9984,65.0214,0.0],[-179.9979,65.025,0.0]]],
[[[-180.0,65.0349,0.0],[-180.0,65.0339,0.0],[-179.9984,65.0339,0.0],[-179.9984,65.0349,0.0],[-180.0,65.0349,0.0]]],
[[[-179.5036,65.4005,1.1017],[-179.5,65.4,0.0],[-179.4984,65.4016,1.7873],[-179.5021,65.4021,0.0],[-179.5036,65.4005,1.1017]]],
[[[-179.4542,65.4333,8.5554],[-179.4557,65.4328,7.8399],[-179.4557,65.4318,7.8385],[-179.4526,65.4318,7.3107],[-179.4542,65.4333,8.5554]]],
[[[-179.3813,65.4646,0.0],[-179.3797,65.4661,0.0],[-179.3854,65.4688,7.4916],[-179.3917,65.4688,11.2492],[-179.3958,65.4708,10.3179],[-179.4036,65.4703,10.3861],[-179.4099,65.4661,8.538],[-179.4068,65.463,12.2467],[-179.4162,65.462,0.0],[-179.413,65.4599,7.3852],[-179.413,65.4547,10.7952],[-179.4182,65.4537,9.4989],[-179.4229,65.45,9.1692],[-179.4271,65.4521,0.0],[-179.4312,65.45,4.4261],[-179.4453,65.4516,3.1893],[-179.4422,65.4495,9.5886],[-179.4411,65.4464,5.2788],[-179.438,65.4453,12.0313],[-179.4432,65.4432,5.7196],[-179.4401,65.4401,10.4022],[-179.4521,65.4396,2.4216],[-179.4557,65.4359,0.0],[-179.4479,65.4354,8.6939],[-179.4297,65.4401,0.0],[-179.4203,65.4474,11.4505],[-179.4109,65.4505,0.0],[-179.4078,65.4557,12.6899],[-179.3813,65.4646,0.0]]],
[[[-179.288,65.5391,3.5396],[-179.2937,65.5417,2.764],[-179.3057,65.5422,3.6215],[-179.3349,65.5568,5.505],[-179.3375,65.5604,5.4552],[-179.3417,65.5563,0.0],[-179.338,65.5526,4.6995],[-179.3432,65.5516,6.5876],[-179.3443,65.5484,6.6088],[-179.3495,65.5474,5.8564],[-179.35,65.5458,6.7468],[-179.3464,65.5432,8.2442],[-179.3474,65.5401,0.0],[-179.338,65.5391,10.9316],[-179.3401,65.5359,7.5209],[-179.3479,65.5354,0.0],[-179.3521,65.5333,20.4648],[-179.3604,65.5375,2.4587],[-179.3667,65.5375,17.1353],[-179.3792,65.5417,8.7903],[-179.3854,65.5417,11.2932],[-179.3938,65.5458,8.3616],[-179.3953,65.5453,10.5909],[-179.3979,65.5396,0.0],[-179.3974,65.538,2.2429],[-179.3901,65.537,0.0],[-179.3833,65.5333,0.0],[-179.3667,65.5333,5.8345],[-179.3609,65.5307,5.1175],[-179.362,65.5276,0.0],[-179.3547,65.5245,9.4703],[-179.3537,65.5193,4.6884],[-179.3505,65.5182,18.688],[-179.3521,65.5125,3.8455],[-179.3484,65.5099,8.1656],[-179.3495,65.5068,0.0],[-179.3417,65.5062,8.3264],[-179.3375,65.5083,8.9026],[-179.3234,65.5099,3.3972],[-179.3255,65.5047,4.6084],[-179.3307,65.5036,4.2698],[-179.3318,65.4984,3.4366],[-179.3338,65.4964,3.7044],[-179.3432,65.4953,3.1904],[-179.3458,65.4896,2.7814],[-179.3437,65.4875,1.243],[-179.3297,65.4922,0.0],[-179.3266,65.4974,4.0037],[-179.3141,65.5057,5.053],[-179.3089,65.5068,1.2463],[-179.3016,65.512,2.7758],[-179.2964,65.513,0.0],[-179.2953,65.5162,5.2172],[-179.2859,65.5193,0.0],[-179.2828,65.5224,5.5646],[-179.2776,65.5234,0.0],[-179.2766,65.5266,4.5072],[-179.2713,65.5276,0.0],[-179.2713,65.5307,0.0],[-179.2745,65.5318,5.8549],[-179.2755,65.5349,4.0738],[-179.288,65.5391,3.5396]]],
[[[-179.4021,65.5646,7.2624],[-179.4078,65.5661,6.6721],[-179.4099,65.5609,3.5806],[-179.4005,65.5609,0.0],[-179.4005,65.5641,0.0],[-179.4021,65.5646,7.2624]]],
[[[-179.5458,65.6979,1.725],[-179.5474,65.6964,0.0],[-179.5443,65.6964,0.0],[-179.5443,65.6974,0.7592],[-179.5458,65.6979,1.725]]],
[[[-179.7672,66.0922,2.5844],[-179.7672,66.0953,4.2024],[-179.7688,66.0958,0.7992],[-179.7729,66.0917,2.7941],[-179.7708,66.0896,1.0166],[-179.7672,66.0922,2.5844]]],
[[[-179.7854,66.0938,0.405],[-179.787,66.0932,0.0],[-179.787,66.0922,0.0],[-179.7839,66.0922,0.0],[-179.7854,66.0938,0.405]]],
[[[-179.6375,66.1167,2.3828],[-179.6438,66.1167,0.9598],[-179.6453,66.1151,2.2206],[-179.6396,66.1125,3.1985],[-179.6318,66.113,3.1518],[-179.6318,66.1162,3.556],[-179.6375,66.1167,2.3828]]],
[[[-175.4771,64.8771,0.5208],[-175.4734,64.8776,0.0859],[-175.4734,64.8786,0.2522],[-175.4807,64.8786,1.8568],[-175.4771,64.8771,0.5208]]],
[[[-175.9432,65.3325,-0.0993],[-175.9417,65.3313,0.2374],[-175.9401,65.3318,0.2947],[-175.9417,65.3333,-0.258],[-175.9432,65.3325,-0.0993]]],
[[[-176.0083,65.3896,0.0],[-176.0229,65.3917,1.011],[-176.0271,65.3938,1.4408],[-176.0328,65.3932,2.2699],[-176.0297,65.3912,2.721],[-176.0307,65.388,2.6414],[-176.0182,65.3818,3.728],[-176.0109,65.3807,3.5957],[-176.0078,65.3734,0.0],[-176.0021,65.3708,0.0],[-175.9964,65.3703,3.6627],[-175.9953,65.3672,4.0035],[-175.9922,65.3662,4.0923],[-175.9932,65.363,0.0],[-175.9854,65.3646,3.1278],[-175.9839,65.3641,2.7435],[-175.9849,65.3588,3.8728],[-175.9792,65.3562,3.4907],[-175.9714,65.3568,0.0],[-175.9745,65.3588,0.8909],[-175.9755,65.362,1.8269],[-175.9787,65.363,1.8918],[-175.9734,65.3651,0.0],[-175.9708,65.3688,0.0],[-175.9745,65.3714,0.0],[-175.9734,65.3745,0.0],[-175.9766,65.3755,0.0],[-175.9776,65.3786,0.0],[-175.9974,65.3839,2.7855],[-176.0083,65.3896,0.0]]],
[[[-177.2068,65.5141,2.4656],[-177.2125,65.5167,1.2592],[-177.2161,65.513,1.5649],[-177.2083,65.5125,0.0],[-177.2068,65.5141,2.4656]]],
[[[-177.1755,65.5255,0.0],[-177.1693,65.5276,0.0],[-177.1693,65.5307,2.0606],[-177.1792,65.5333,0.0],[-177.1854,65.5313,1.5549],[-177.1896,65.5333,1.3595],[-177.1958,65.5333,0.8316],[-177.1974,65.5318,1.1184],[-177.1901,65.5286,1.2521],[-177.1901,65.5255,1.8677],[-177.1979,65.5229,1.671],[-177.2042,65.5229,1.0169],[-177.2057,65.5214,0.9383],[-177.1958,65.5167,0.0],[-177.1932,65.5203,0.0],[-177.1755,65.5255,0.0]]],
[[[-177.0771,65.6,0.0],[-177.0807,65.5995,0.0],[-177.0849,65.5922,3.5647],[-177.0526,65.5964,1.9863],[-177.0583,65.6,0.5],[-177.0771,65.6,0.0]]],
[[[-177.0125,65.6,0.0],[-176.9979,65.6,0.0],[-176.9937,65.6021,3.7325],[-176.9667,65.6021,0.0],[-176.9588,65.6057,2.2339],[-176.9646,65.6083,3.0107],[-176.9854,65.6083,3.0292],[-177.0021,65.6021,3.4469],[-177.0125,65.6021,3.6398],[-177.0167,65.6042,0.0],[-177.0229,65.6042,0.5846],[-177.0375,65.6,3.4658],[-177.05,65.6,3.1837],[-177.0516,65.5984,3.3981],[-177.0292,65.5979,0.0],[-177.025,65.6,3.6584],[-177.0125,65.6,0.0]]],
[[[-176.5292,65.5479,3.907],[-176.5307,65.5463,1.7068],[-176.5208,65.5417,11.3539],[-176.5172,65.5443,-0.4155],[-176.5229,65.5479,1.0571],[-176.5292,65.5479,3.907]]],
[[[-175.3021,67.3354,0.0],[-175.3036,67.3349,0.0],[-175.3036,67.3339,0.0],[-175.3005,67.3339,0.0],[-175.3021,67.3354,0.0]]],
[[[-175.1708,67.3396,0.0],[-175.1724,67.338,1.9624],[-175.1693,67.338,1.9066],[-175.1693,67.3391,0.0],[-175.1708,67.3396,0.0]]],
[[[-177.1266,68.1109,0.0],[-177.1229,68.1104,0.0],[-177.1214,68.112,0.0],[-177.125,68.1125,0.0],[-177.1266,68.1109,0.0]]],
[[[-177.1167,68.1188,0.0],[-177.1182,68.1172,0.0],[-177.1151,68.1172,0.0],[-177.1151,68.1182,0.0],[-177.1167,68.1188,0.0]]],
[[[-177.012,68.1359,0.0],[-177.0083,68.1354,0.0],[-177.0068,68.137,0.5353],[-177.0104,68.1375,0.0],[-177.012,68.1359,0.0]]],
[[[-178.8646,65.9083,1.6319],[-178.8708,65.9083,2.2103],[-178.8724,65.9068,3.0746],[-178.8667,65.9042,2.622],[-178.863,65.9068,1.7729],[-178.8646,65.9083,1.6319]]],
[[[-178.513,66.1088,10.9723],[-178.5146,66.1104,13.7323],[-178.5208,66.1104,12.382],[-178.5229,66.1083,12.0397],[-178.5224,66.1068,7.8142],[-178.5188,66.1062,7.6866],[-178.513,66.1088,10.9723]]],
[[[-178.6792,66.2646,1.1418],[-178.6807,66.263,2.4239],[-178.6776,66.263,0.0],[-178.6776,66.2641,0.0],[-178.6792,66.2646,1.1418]]],
[[[-177.9432,68.2505,0.973],[-177.9396,68.25,0.9671],[-177.938,68.2516,0.7643],[-177.9417,68.2521,0.4302],[-177.9432,68.2505,0.973]]],
[[[-179.2912,66.238,184.5508],[-179.2875,66.2375,154.3872],[-179.2859,66.2391,31.4786],[-179.2896,66.2396,58.1049],[-179.2912,66.238,184.5508]]],
[[[-179.3979,66.3292,1.3135],[-179.3995,66.3276,1.4799],[-179.3963,66.3276,1.3671],[-179.3963,66.3287,1.405],[-179.3979,66.3292,1.3135]]],
[[[-179.3562,68.8354,1.0321],[-179.3578,68.8349,1.0321],[-179.3578,68.8339,3.262],[-179.3547,68.8339,1.1634],[-179.3562,68.8354,1.0321]]],
[[[-179.3682,68.8745,0.8094],[-179.3604,68.8708,0.3352],[-179.3568,68.8714,1.286],[-179.3562,68.8729,1.3965],[-179.3583,68.875,2.1908],[-179.3682,68.8745,0.8094]]],
[[[-178.3625,68.4854,0.0],[-178.3661,68.4849,0.0],[-178.3672,68.4818,0.556],[-178.3724,68.4797,0.9898],[-178.3646,68.4792,0.942],[-178.3542,68.4833,0.0],[-178.3443,68.4838,0.0],[-178.3458,68.4854,0.0],[-178.3625,68.4854,0.0]]],
[[[-178.3432,68.4859,0.0],[-178.3396,68.4854,0.0],[-178.338,68.487,0.0],[-178.3417,68.4875,0.0],[-178.3432,68.4859,0.0]]],
[[[-178.1641,68.4922,1.2237],[-178.1604,68.4917,1.1554],[-178.1589,68.4932,2.1302],[-178.1625,68.4938,1.6531],[-178.1641,68.4922,1.2237]]],
[[[-178.1849,68.4984,1.8514],[-178.1812,68.4979,1.5876],[-178.1797,68.4995,2.6778],[-178.1833,68.5,2.7097],[-178.1849,68.4984,1.8514]]],
[[[-178.2563,68.5208,1.1487],[-178.2547,68.5224,0.0],[-178.2641,68.5224,1.0512],[-178.2625,68.5208,0.7432],[-178.2563,68.5208,1.1487]]],
[[[-178.2667,68.525,2.4808],[-178.2682,68.5245,1.2826],[-178.2682,68.5234,1.1451],[-178.2651,68.5234,1.4259],[-178.2667,68.525,2.4808]]],
[[[-178.3208,68.5375,0.4371],[-178.3172,68.538,0.9932],[-178.3172,68.5391,1.2714],[-178.3224,68.5391,1.2135],[-178.3208,68.5375,0.4371]]],
[[[-178.3333,68.5458,0.0],[-178.3417,68.5458,1.7156],[-178.3437,68.5437,0.0],[-178.3417,68.5417,0.0],[-178.3276,68.5422,1.818],[-178.3333,68.5458,0.0]]],
[[[-176.0937,67.6875,0.0],[-176.0896,67.6875,0.0],[-176.088,67.6891,0.0],[-176.0953,67.6922,0.0],[-176.0979,67.6958,0.0],[-176.1224,67.6953,0.0],[-176.1208,67.6937,0.0],[-176.1104,67.6937,0.0],[-176.1062,67.6917,0.0],[-176.1,67.6917,0.0],[-176.0984,67.6901,0.0],[-176.1037,67.688,0.0],[-176.0937,67.6875,0.0]]],
[[[-176.3,67.7229,0.0],[-176.2984,67.7245,0.5591],[-176.3078,67.7245,0.3842],[-176.3062,67.7229,0.5181],[-176.3,67.7229,0.0]]],
[[[-175.6859,67.7693,0.0],[-175.6875,67.7708,9.0796],[-175.6953,67.7703,0.0],[-175.6938,67.7688,0.0],[-175.6859,67.7693,0.0]]],
[[[-175.9411,67.7734,0.0],[-175.9375,67.7729,0.0],[-175.9359,67.7745,0.0],[-175.9396,67.775,0.0],[-175.9411,67.7734,0.0]]],
[[[-175.837,67.8276,0.3511],[-175.8333,67.8271,0.9495],[-175.8318,67.8287,0.7562],[-175.8354,67.8292,-0.1816],[-175.837,67.8276,0.3511]]],
[[[-175.8349,67.8318,0.8207],[-175.8312,67.8313,0.9481],[-175.8297,67.8328,0.0],[-175.8333,67.8333,0.9751],[-175.8349,67.8318,0.8207]]],
[[[-175.8896,67.8417,2.3399],[-175.9042,67.8438,2.9644],[-175.9083,67.8458,3.1599],[-175.9167,67.8458,2.8506],[-175.9187,67.8438,1.715],[-175.9182,67.8422,1.3782],[-175.9099,67.838,0.0],[-175.9021,67.8375,0.0],[-175.8979,67.8354,0.0],[-175.8792,67.8354,0.573],[-175.8729,67.8375,1.4385],[-175.8714,67.837,0.8751],[-175.8724,67.8318,0.0],[-175.8604,67.8313,0.2912],[-175.8562,67.8292,0.0],[-175.8422,67.8297,0.0637],[-175.8391,67.8349,1.0377],[-175.8338,67.8359,1.3844],[-175.8318,67.838,0.0],[-175.8396,67.8417,3.7622],[-175.8437,67.8396,2.5552],[-175.8583,67.8396,0.0],[-175.8625,67.8375,1.9757],[-175.8667,67.8396,2.4812],[-175.8792,67.8396,2.2448],[-175.8833,67.8417,3.1027],[-175.8896,67.8417,2.3399]]],
[[[-175.8292,67.8479,10.6727],[-175.8328,67.8474,10.4241],[-175.8349,67.8453,2.2834],[-175.8349,67.8422,2.1595],[-175.8318,67.8422,1.8244],[-175.8286,67.8453,0.0],[-175.8234,67.8464,0.0],[-175.825,67.8479,7.654],[-175.8292,67.8479,10.6727]]],
[[[-175.9734,67.8578,1.8301],[-175.9833,67.8583,0.8335],[-175.9849,67.8568,0.6211],[-175.975,67.8562,0.2476],[-175.9734,67.8578,1.8301]]],
[[[-176.5224,67.9109,0.0],[-176.5188,67.9104,0.842],[-176.5172,67.912,0.0],[-176.5208,67.9125,0.8013],[-176.5224,67.9109,0.0]]],
[[[-176.2644,67.9271,0.0],[-176.2688,67.9292,0.0],[-176.2766,67.9297,2.7233],[-176.2875,67.9354,0.0],[-176.3016,67.9349,3.8984],[-176.2943,67.9307,2.947],[-176.2932,67.9276,2.5495],[-176.2875,67.925,0.0],[-176.2646,67.925,3.231],[-176.2604,67.9229,0.0],[-176.2568,67.9234,1.5069],[-176.2609,67.9266,0.0],[-176.2644,67.9271,0.0]]],
[[[-176.3083,67.9375,5.9021],[-176.3068,67.9391,6.0779],[-176.312,67.9391,6.983],[-176.312,67.938,2.712],[-176.3083,67.9375,5.9021]]],
[[[-176.3276,67.9445,9.781],[-176.3292,67.9458,5.3532],[-176.337,67.9453,2.021],[-176.3354,67.9437,0.0],[-176.3276,67.9445,9.781]]],
[[[-176.3526,67.9514,7.7392],[-176.3604,67.9521,9.3131],[-176.362,67.9505,0.0],[-176.3542,67.95,3.7862],[-176.3526,67.9514,7.7392]]],
[[[-176.3687,67.9563,2.1785],[-176.3766,67.9557,8.3719],[-176.3786,67.9526,0.0],[-176.3646,67.9521,9.0563],[-176.3609,67.9547,1.38],[-176.3625,67.9563,0.0],[-176.3687,67.9563,2.1785]]],
[[[-176.5026,67.9932,0.0],[-176.5083,67.9958,0.813],[-176.5167,67.9938,5.468],[-176.525,67.9979,1.3868],[-176.5349,67.9953,0.0],[-176.5333,67.9938,2.0085],[-176.5271,67.9938,7.9811],[-176.5193,67.9912,8.335],[-176.5203,67.988,4.4379],[-176.5083,67.9833,0.0],[-176.4604,67.9771,6.2701],[-176.4417,67.9688,0.0],[-176.4234,67.9661,1.808],[-176.4062,67.9583,0.0],[-176.3958,67.9583,0.9555],[-176.3917,67.9563,0.0],[-176.3776,67.9568,8.0077],[-176.3859,67.962,0.0],[-176.3938,67.9625,4.6007],[-176.4083,67.9688,0.0],[-176.4146,67.9688,1.8727],[-176.4187,67.9708,1.472],[-176.4292,67.9708,5.5469],[-176.4333,67.9729,0.0],[-176.45,67.975,6.5061],[-176.4526,67.9786,0.0],[-176.4568,67.9807,0.0],[-176.475,67.9833,3.935],[-176.4776,67.987,0.0],[-176.4896,67.9875,4.865],[-176.5026,67.9932,0.0]]],
[[[-174.3786,66.2963,0.0],[-174.375,66.2958,0.0],[-174.3734,66.2974,0.0],[-174.3771,66.2979,0.0],[-174.3786,66.2963,0.0]]],
[[[-174.3396,66.3,0.0],[-174.3411,66.2984,0.0],[-174.338,66.2984,0.0],[-174.338,66.2995,0.0],[-174.3396,66.3,0.0]]],
[[[-174.3995,66.3359,0.815],[-174.3958,66.3354,0.4017],[-174.3943,66.337,0.5031],[-174.3979,66.3375,1.2872],[-174.3995,66.3359,0.815]]],
[[[-174.3578,66.3359,0.2689],[-174.3437,66.3354,0.0],[-174.3359,66.338,0.8749],[-174.3338,66.3432,1.2834],[-174.3479,66.3417,0.8524],[-174.3521,66.3396,0.8635],[-174.3661,66.3391,1.8763],[-174.3578,66.3359,0.2689]]],
[[[-174.387,66.4672,1.9033],[-174.3896,66.4688,2.0778],[-174.3932,66.4682,0.5785],[-174.3891,66.4651,0.0325],[-174.3838,66.4651,1.1567],[-174.387,66.4672,1.9033]]],
[[[-174.2521,66.5042,0.7007],[-174.2563,66.5062,1.7955],[-174.2599,66.5026,2.3129],[-174.2505,66.5026,1.5516],[-174.2521,66.5042,0.7007]]],
[[[-174.162,66.5776,1.278],[-174.1583,66.5771,1.5865],[-174.1568,66.5787,1.267],[-174.1604,66.5792,-0.5],[-174.162,66.5776,1.278]]],
[[[-174.125,66.6062,1.2341],[-174.1292,66.6062,1.6675],[-174.137,66.6026,0.2939],[-174.1292,66.6021,-0.5],[-174.1214,66.6047,0.7873],[-174.125,66.6062,1.2341]]],
[[[-174.5318,67.0401,0.0],[-174.5167,67.0458,1.1321],[-174.5088,67.0463,0.4418],[-174.5047,67.0537,1.0582],[-174.5188,67.0542,1.2489],[-174.5229,67.0521,2.2633],[-174.5417,67.0521,2.5796],[-174.5437,67.05,2.8474],[-174.5401,67.0474,0.2822],[-174.5417,67.0458,0.7336],[-174.5688,67.0458,2.3007],[-174.5729,67.0479,2.4387],[-174.5813,67.0479,1.6391],[-174.5828,67.0463,1.2157],[-174.5797,67.0443,1.0635],[-174.5849,67.0432,1.4357],[-174.5859,67.0401,0.8503],[-174.5911,67.038,0.8055],[-174.5792,67.0375,1.3758],[-174.575,67.0354,0.0],[-174.5688,67.0354,0.0],[-174.5625,67.0375,0.0],[-174.5583,67.0354,0.0],[-174.5542,67.0375,0.0],[-174.5318,67.0401,0.0]]],
[[[-174.6775,67.0696,1.6158],[-174.6776,67.0724,0.0],[-174.6807,67.0734,1.363],[-174.6818,67.0766,0.0],[-174.6891,67.0797,2.3646],[-174.688,67.0828,0.0],[-174.6963,67.087,2.7133],[-174.7016,67.087,1.4192],[-174.6984,67.0839,2.7115],[-174.7036,67.0828,1.7901],[-174.7047,67.0797,1.4572],[-174.7083,67.0771,1.8777],[-174.7161,67.0797,2.417],[-174.7141,67.0828,1.9196],[-174.7088,67.0849,1.5063],[-174.7167,67.0854,1.7836],[-174.7208,67.0875,2.1317],[-174.7287,67.087,1.2892],[-174.725,67.0833,1.4804],[-174.7266,67.0797,0.0],[-174.7193,67.0766,2.214],[-174.7182,67.0734,0.9449],[-174.7109,67.0703,3.2762],[-174.7099,67.0672,1.7638],[-174.7068,67.0672,3.4351],[-174.7047,67.0693,1.3431],[-174.7078,67.0724,1.4466],[-174.7,67.0729,3.0274],[-174.6984,67.0724,2.7244],[-174.6995,67.0693,1.8338],[-174.6917,67.0687,1.0679],[-174.6818,67.0641,0.4157],[-174.6854,67.0625,2.088],[-174.6896,67.0646,1.8309],[-174.6943,67.0609,2.3329],[-174.6995,67.0599,3.4567],[-174.6963,67.0568,3.4933],[-174.7016,67.0547,0.0],[-174.6922,67.0505,2.5391],[-174.6995,67.0463,1.2886],[-174.6812,67.0458,2.7433],[-174.6755,67.0432,2.7],[-174.6771,67.0417,2.0452],[-174.6833,67.0417,2.3174],[-174.6875,67.0437,0.8599],[-174.7016,67.0432,2.6892],[-174.7047,67.038,2.0322],[-174.7161,67.0349,2.1828],[-174.7193,67.0318,1.2989],[-174.7245,67.0307,1.1829],[-174.7266,67.0255,0.3623],[-174.7229,67.0229,0.2474],[-174.7245,67.0172,0.0],[-174.7167,67.0167,0.8121],[-174.7125,67.0146,0.0],[-174.6958,67.0146,0.6292],[-174.6818,67.0193,0.0],[-174.6807,67.0224,2.5018],[-174.6708,67.0229,0.0],[-174.6672,67.0255,0.0],[-174.6724,67.0276,2.0554],[-174.6714,67.0328,1.9938],[-174.6745,67.0339,1.7073],[-174.6693,67.0359,1.7545],[-174.6672,67.0391,0.0],[-174.6703,67.0401,1.3447],[-174.6693,67.0453,0.1956],[-174.6729,67.0479,1.8582],[-174.6693,67.0547,0.6693],[-174.6729,67.0583,1.4154],[-174.6714,67.062,1.7927],[-174.6786,67.0651,2.8261],[-174.6775,67.0696,1.6158]]],
[[[-174.7,67.0646,1.7104],[-174.7016,67.0641,3.8899],[-174.7016,67.063,4.18],[-174.6984,67.063,2.8081],[-174.7,67.0646,1.7104]]],
[[[-174.5063,67.0667,3.0174],[-174.5078,67.0651,1.7323],[-174.5047,67.0651,0.7908],[-174.5047,67.0661,2.6307],[-174.5063,67.0667,3.0174]]],
[[[-174.4849,67.0599,1.5712],[-174.4797,67.0609,2.2262],[-174.4776,67.0641,1.6855],[-174.4854,67.0667,3.3346],[-174.4932,67.0661,2.3908],[-174.4964,67.0589,1.7089],[-174.5036,67.0547,1.5898],[-174.4958,67.0521,1.0308],[-174.4932,67.0557,1.3048],[-174.488,67.0568,0.5018],[-174.4849,67.0599,1.5712]]],
[[[-174.3521,67.0771,2.4255],[-174.3625,67.0771,2.1685],[-174.3641,67.0755,2.3282],[-174.3338,67.0755,1.0112],[-174.3354,67.0771,2.8395],[-174.3521,67.0771,2.4255]]],
[[[-174.1203,66.6068,0.9883],[-174.1167,66.6062,0.3763],[-174.1151,66.6078,0.4456],[-174.1187,66.6083,1.6049],[-174.1203,66.6068,0.9883]]],
[[[-173.9266,66.6651,0.1668],[-173.9229,66.6646,0.8876],[-173.9214,66.6661,0.4999],[-173.925,66.6667,0.7977],[-173.9266,66.6651,0.1668]]],
[[[-173.9083,66.675,0.4637],[-173.9146,66.6771,0.6306],[-173.9167,66.675,0.645],[-173.9146,66.6729,0.1934],[-173.9068,66.6734,-0.2161],[-173.9083,66.675,0.4637]]],
[[[-173.275,66.8208,-0.366],[-173.2766,66.8203,-1.0],[-173.2766,66.8193,-1.0],[-173.2734,66.8193,-0.2115],[-173.275,66.8208,-0.366]]],
[[[-173.0854,66.8542,0.2507],[-173.0838,66.8557,0.2837],[-173.0932,66.8557,0.4567],[-173.0917,66.8542,0.0],[-173.0854,66.8542,0.2507]]],
[[[-173.1,66.8583,-1.5],[-173.1016,66.8568,0.0],[-173.0984,66.8568,0.4595],[-173.0984,66.8578,-0.496],[-173.1,66.8583,-1.5]]],
[[[-173.025,67.0021,0.0],[-173.0167,67.0021,0.0],[-173.0088,67.0047,0.0],[-173.0088,67.0078,0.0],[-173.012,67.0089,0.0],[-173.0109,67.012,0.0],[-173.0146,67.0125,0.0],[-173.0188,67.0104,0.0],[-173.0354,67.0104,0.0],[-173.0391,67.0078,0.0],[-173.0375,67.0062,0.0],[-173.0297,67.0057,0.0],[-173.0307,67.0026,0.0],[-173.025,67.0021,0.0]]],
[[[-173.0896,67.0188,0.0],[-173.0911,67.0172,0.0],[-173.088,67.0172,0.0],[-173.088,67.0182,0.0],[-173.0896,67.0188,0.0]]],
[[[-172.1505,66.9589,1.2352],[-172.1521,66.9604,1.7222],[-172.162,66.9599,0.6599],[-172.1604,66.9583,0.0],[-172.1505,66.9589,1.2352]]],
[[[-172.1776,66.962,0.5258],[-172.1896,66.9625,0.4516],[-172.1911,66.9609,0.0],[-172.1792,66.9604,0.0],[-172.1776,66.962,0.5258]]],
[[[-172.1938,66.9625,0.0],[-172.1922,66.9641,0.0],[-172.2016,66.9641,0.0],[-172.2,66.9625,0.0],[-172.1938,66.9625,0.0]]],
[[[-172.2068,66.9661,0.0],[-172.2146,66.9667,0.0],[-172.2161,66.9651,0.0],[-172.2083,66.9646,0.6676],[-172.2068,66.9661,0.0]]],
[[[-172.2214,66.9672,0.0],[-172.2229,66.9688,0.0],[-172.2333,66.9688,0.0],[-172.2375,66.9708,0.0],[-172.2516,66.9703,1.4287],[-172.25,66.9688,0.0],[-172.2396,66.9688,2.1037],[-172.2354,66.9667,0.0],[-172.2214,66.9672,0.0]]],
[[[-172.2625,66.9708,0.0],[-172.2609,66.9724,0.0],[-172.2661,66.9724,1.6344],[-172.2661,66.9714,1.2334],[-172.2625,66.9708,0.0]]],
[[[-172.2766,66.9714,0.0],[-172.2729,66.9708,0.0],[-172.2713,66.9724,1.4886],[-172.275,66.9729,0.8996],[-172.2766,66.9714,0.0]]],
[[[-172.3151,66.9786,1.0793],[-172.325,66.9792,1.0608],[-172.3266,66.9776,0.0],[-172.3167,66.9771,1.0841],[-172.3151,66.9786,1.0793]]],
[[[-174.7266,67.0901,1.4223],[-174.7229,67.0896,0.7488],[-174.7214,67.0911,2.4791],[-174.725,67.0917,1.8001],[-174.7266,67.0901,1.4223]]],
[[[-174.7229,67.1062,0.0],[-174.7245,67.1047,0.0],[-174.7208,67.1021,0.0],[-174.7224,67.0984,2.3232],[-174.7187,67.0979,2.0705],[-174.7109,67.1005,2.0452],[-174.7083,67.1062,0.0],[-174.7104,67.1083,0.6099],[-174.7146,67.1062,0.0],[-174.7229,67.1062,0.0]]],
[[[-174.7083,67.1125,0.5466],[-174.7099,67.112,0.0],[-174.7099,67.1109,0.6916],[-174.7068,67.1109,1.2235],[-174.7083,67.1125,0.5466]]],
[[[-174.7146,67.1167,0.0],[-174.713,67.1172,0.0],[-174.713,67.1203,0.0],[-174.7182,67.1203,0.6776],[-174.7182,67.1172,0.0],[-174.7146,67.1167,0.0]]],
[[[-174.7224,67.1432,0.0],[-174.7234,67.1401,0.0],[-174.7287,67.138,0.0],[-174.7167,67.1375,0.0],[-174.713,67.1401,1.1594],[-174.7172,67.1432,0.5924],[-174.7224,67.1432,0.0]]],
[[[-174.6682,67.1547,1.3514],[-174.6646,67.1542,0.3309],[-174.663,67.1557,0.0],[-174.6667,67.1563,0.6254],[-174.6682,67.1547,1.3514]]],
[[[-174.6729,67.1854,0.0],[-174.6745,67.1839,0.6366],[-174.6714,67.1828,0.9757],[-174.6724,67.1776,0.6314],[-174.6672,67.1776,0.0],[-174.6651,67.1849,0.0],[-174.6729,67.1854,0.0]]],
[[[-174.6911,67.1943,0.0],[-174.6875,67.1937,0.0],[-174.6859,67.1953,0.0],[-174.6896,67.1958,0.0],[-174.6911,67.1943,0.0]]],
[[[-174.6938,67.1979,0.0],[-174.6953,67.1964,0.2893],[-174.6922,67.1964,0.0],[-174.6922,67.1974,0.0],[-174.6938,67.1979,0.0]]],
[[[-174.6786,67.1984,0.0],[-174.675,67.1979,1.0964],[-174.6734,67.1995,0.6434],[-174.6771,67.2,0.9842],[-174.6786,67.1984,0.0]]],
[[[-174.6958,67.2,0.7157],[-174.6938,67.2021,0.0],[-174.6958,67.2042,2.0705],[-174.6995,67.2005,0.9865],[-174.6958,67.2,0.7157]]],
[[[-174.6771,67.2042,1.5209],[-174.6755,67.2057,0.0],[-174.6807,67.2057,1.3652],[-174.6807,67.2047,1.1797],[-174.6771,67.2042,1.5209]]],
[[[-174.6979,67.2229,1.2002],[-174.7021,67.225,0.0],[-174.7083,67.225,0.0],[-174.7125,67.2229,0.0],[-174.7208,67.2271,0.0],[-174.7245,67.2266,0.0],[-174.7104,67.2188,0.0],[-174.7042,67.2208,0.0],[-174.6979,67.2208,0.0],[-174.6963,67.2193,0.0],[-174.7016,67.2172,0.0],[-174.6938,67.2167,0.5336],[-174.6901,67.2193,0.0],[-174.6943,67.2224,0.0],[-174.6979,67.2229,1.2002]]],
[[[-174.7083,67.2333,1.4986],[-174.7099,67.2338,1.7228],[-174.7088,67.237,0.0],[-174.7266,67.2443,1.1621],[-174.7255,67.2474,0.0],[-174.7292,67.2479,1.37],[-174.7339,67.2422,0.0],[-174.7391,67.2412,0.0],[-174.7432,67.2318,0.0],[-174.738,67.2318,0.0],[-174.7354,67.2354,0.0],[-174.7292,67.2354,0.0],[-174.7208,67.2312,0.0],[-174.713,67.2307,0.0],[-174.7104,67.2271,0.0],[-174.7026,67.2276,1.1236],[-174.7083,67.2333,1.4986]]],
[[[-174.7401,67.2505,0.0],[-174.7401,67.2536,0.0],[-174.7458,67.2562,0.0],[-174.75,67.2562,0.0],[-174.7542,67.2583,0.0],[-174.7641,67.2578,0.0],[-174.7588,67.2557,0.0],[-174.7599,67.2526,0.0],[-174.7583,67.2521,0.0],[-174.7521,67.2521,0.0],[-174.7437,67.2479,0.0],[-174.7401,67.2505,0.0]]],
[[[-174.7422,67.2672,1.055],[-174.7437,67.2646,0.4055],[-174.7401,67.262,0.8596],[-174.7411,67.2589,0.0],[-174.7375,67.2583,0.6491],[-174.7359,67.2589,1.062],[-174.7318,67.2682,0.0],[-174.7375,67.2708,2.0905],[-174.7453,67.2703,0.5776],[-174.7422,67.2672,1.055]]],
[[[-172.3349,66.9797,1.0739],[-172.3318,66.9797,1.1385],[-172.3318,66.9807,0.0],[-172.3348,66.9808,0.0],[-172.3349,66.9797,1.0739]]],
[[[-172.3604,66.9833,1.3853],[-172.3667,66.9854,0.0],[-172.3849,66.987,0.0],[-172.3792,66.9833,0.0],[-172.3714,66.9828,0.2148],[-172.3724,66.9797,0.0],[-172.3646,66.9792,0.0],[-172.3604,66.9771,0.0],[-172.3526,66.9776,0.0],[-172.3516,66.9807,0.0],[-172.3464,66.9818,0.7953],[-172.3479,66.9833,0.0],[-172.3604,66.9833,1.3853]]],
[[[-172.5568,67.0057,1.5292],[-172.5729,67.0062,0.551],[-172.5771,67.0104,0.0],[-172.6057,67.0099,0.0],[-172.6042,67.0083,0.0],[-172.5964,67.0078,-0.1191],[-172.5932,67.0026,-0.1734],[-172.5833,66.9979,0.0953],[-172.5667,66.9979,-0.0728],[-172.5625,66.9958,-0.0507],[-172.5562,66.9979,0.0049],[-172.5521,66.9958,-0.1231],[-172.5417,66.9958,0.0571],[-172.5354,67.0,-0.0721],[-172.5255,67.0005,0.2193],[-172.5313,67.0042,0.0],[-172.5542,67.0042,0.4689],[-172.5568,67.0057,1.5292]]],
[[[-172.7229,67.0229,0.1718],[-172.7271,67.025,1.398],[-172.7396,67.025,0.7157],[-172.7437,67.0271,0.0],[-172.7557,67.0266,0.0188],[-172.7542,67.025,0.0],[-172.7484,67.0245,0.0],[-172.7458,67.0208,0.0],[-172.7354,67.0208,0.0],[-172.7292,67.0229,0.0],[-172.7146,67.0188,0.0217],[-172.7042,67.0188,-0.2104],[-172.6974,67.0151,-0.348],[-172.6875,67.0125,0.0],[-172.6708,67.0125,0.0],[-172.6646,67.0146,0.0],[-172.6562,67.0104,0.0],[-172.65,67.0125,0.0],[-172.6417,67.0083,0.0],[-172.6214,67.0109,0.0],[-172.6229,67.0125,0.0],[-172.6333,67.0125,0.0],[-172.6375,67.0146,0.9561],[-172.6542,67.0146,0.5219],[-172.6583,67.0167,0.8782],[-172.6687,67.0167,-0.3478],[-172.6729,67.0188,0.7365],[-172.6833,67.0188,1.0104],[-172.6875,67.0208,1.3006],[-172.7125,67.0229,0.6669],[-172.7167,67.025,0.0],[-172.7229,67.0229,0.1718]]],
[[[-172.7646,67.0271,-0.1222],[-172.7609,67.0276,0.2299],[-172.7609,67.0286,0.5508],[-172.7661,67.0286,0.0541],[-172.7646,67.0271,-0.1222]]],
[[[-172.7745,67.0307,1.3683],[-172.7745,67.0297,0.4797],[-172.7713,67.0297,0.6438],[-172.7713,67.0307,1.4468],[-172.7745,67.0307,1.3683]]],
[[[-173.0917,67.025,0.0],[-173.0995,67.0245,0.0],[-173.1016,67.0193,0.0],[-173.0922,67.0193,0.0],[-173.0896,67.0229,0.0],[-173.0917,67.025,0.0]]],
[[[-173.1182,67.0276,0.0],[-173.1146,67.0271,0.0],[-173.113,67.0286,0.0],[-173.1167,67.0292,-0.0079],[-173.1182,67.0276,0.0]]],
[[[-172.8479,67.0313,1.0804],[-172.8495,67.0307,2.9802],[-172.8495,67.0297,0.7071],[-172.8464,67.0297,0.6868],[-172.8479,67.0313,1.0804]]],
[[[-174.3786,67.0703,0.4492],[-174.3687,67.0708,0.0],[-174.3672,67.0724,0.0],[-174.3703,67.0734,1.1829],[-174.3729,67.0771,1.7409],[-174.3792,67.0771,1.1528],[-174.3833,67.075,2.6098],[-174.3875,67.0771,1.1055],[-174.4479,67.0771,0.0],[-174.4542,67.075,4.3556],[-174.4583,67.0771,0.0],[-174.4625,67.075,4.8681],[-174.5021,67.075,0.0],[-174.5063,67.0729,4.3623],[-174.525,67.0729,3.7399],[-174.5292,67.0708,4.1556],[-174.5354,67.0729,0.0],[-174.5521,67.0729,0.0],[-174.5562,67.0708,1.9863],[-174.5688,67.0708,1.0856],[-174.575,67.0687,2.3252],[-174.5792,67.0708,0.0],[-174.5896,67.0667,2.5068],[-174.6057,67.0661,0.0],[-174.6089,67.0609,2.2307],[-174.6141,67.0599,1.8609],[-174.6151,67.0568,1.4337],[-174.6203,67.0557,0.0],[-174.6234,67.0505,0.0],[-174.6286,67.0484,0.0],[-174.6255,67.0474,0.0],[-174.6266,67.0443,0.0],[-174.6208,67.0417,0.0],[-174.6125,67.0417,0.2095],[-174.6083,67.0437,-1.2928],[-174.5958,67.0437,0.8554],[-174.588,67.0463,2.311],[-174.5896,67.0479,1.9504],[-174.5974,67.0484,2.5567],[-174.5953,67.0516,2.4864],[-174.5813,67.0563,2.6619],[-174.5688,67.0563,0.8771],[-174.5646,67.0542,2.724],[-174.5604,67.0563,3.062],[-174.5521,67.0563,1.1117],[-174.5479,67.0583,2.2238],[-174.5297,67.0589,2.7276],[-174.5354,67.0625,3.0548],[-174.5516,67.063,1.7685],[-174.5516,67.0661,3.5456],[-174.55,67.0667,3.6196],[-174.5208,67.0646,2.2462],[-174.5167,67.0687,2.3538],[-174.5042,67.0687,0.8693],[-174.5,67.0667,2.9598],[-174.4953,67.0703,3.2428],[-174.4875,67.0708,2.622],[-174.4833,67.0729,4.2637],[-174.4646,67.0729,1.7849],[-174.4563,67.0687,1.0511],[-174.4505,67.0682,2.0594],[-174.4521,67.0667,1.948],[-174.4583,67.0667,1.4918],[-174.4625,67.0687,2.9669],[-174.4745,67.0682,3.7583],[-174.4729,67.0667,0.788],[-174.4672,67.0661,1.6944],[-174.4724,67.0641,2.7857],[-174.4708,67.0625,1.4051],[-174.4542,67.0625,0.0],[-174.4438,67.0667,1.1785],[-174.4276,67.0672,0.4295],[-174.4292,67.0687,1.0254],[-174.437,67.0693,1.6804],[-174.4354,67.0708,0.7717],[-174.4229,67.0708,1.521],[-174.4214,67.0703,1.3083],[-174.4224,67.0672,0.3087],[-174.4208,67.0667,0.0],[-174.4146,67.0667,0.2134],[-174.4104,67.0687,0.2049],[-174.3813,67.0687,0.2247],[-174.3786,67.0703,0.4492]]],
[[[-171.8542,66.9542,0.0],[-171.8557,66.9526,5.8838],[-171.8526,66.9526,4.7119],[-171.8526,66.9537,0.0],[-171.8542,66.9542,0.0]]],
[[[170.0875,68.7917,0.449],[170.0917,68.7917,0.7782],[170.0917,68.7937,0.0],[170.0859,68.7932,0.0],[170.0875,68.7917,0.449]]],
[[[-174.7401,67.2839,1.1239],[-174.7401,67.287,1.2342],[-174.7417,67.2875,0.8713],[-174.7453,67.2849,0.0],[-174.7437,67.2833,0.0],[-174.7401,67.2839,1.1239]]],
[[[-174.7411,67.2911,1.5303],[-174.7411,67.2901,1.4203],[-174.738,67.2901,0.0],[-174.738,67.2911,0.0],[-174.7411,67.2911,1.5303]]],
[[[-174.7417,67.2958,1.2528],[-174.7437,67.2979,1.6147],[-174.7422,67.3016,0.0],[-174.75,67.3042,0.5532],[-174.7547,67.3005,0.0],[-174.7599,67.2995,0.0],[-174.7583,67.2979,0.0],[-174.7505,67.2974,0.0],[-174.7495,67.2943,0.0],[-174.7437,67.2917,0.9658],[-174.7401,67.2943,0.7702],[-174.7417,67.2958,1.2528]]],
[[[-174.8755,67.4068,0.5615],[-174.8755,67.4099,0.0],[-174.8771,67.4104,0.0],[-174.8807,67.4078,0.1695],[-174.8792,67.4063,-0.0799],[-174.8755,67.4068,0.5615]]],
[[[-175.288,67.3484,0.0],[-175.2896,67.35,0.0],[-175.2974,67.3495,0.0],[-175.2958,67.3479,0.0],[-175.288,67.3484,0.0]]],
[[[-175.1724,67.363,0.0],[-175.1911,67.3682,0.0],[-175.1932,67.3651,0.0],[-175.1901,67.3641,0.0],[-175.1891,67.3609,0.0],[-175.1812,67.3604,0.0],[-175.1755,67.3568,0.0],[-175.1792,67.3542,0.0],[-175.187,67.3536,0.0],[-175.1953,67.3484,0.0],[-175.175,67.3479,0.0],[-175.1708,67.35,0.0],[-175.1667,67.3479,0.0],[-175.1542,67.3479,0.0],[-175.1516,67.3516,0.0],[-175.138,67.3547,0.0],[-175.1396,67.3562,0.0],[-175.1521,67.3562,0.0],[-175.162,67.3588,0.0],[-175.163,67.362,0.0],[-175.1724,67.363,0.0]]],
[[[-175.1037,67.4391,0.0],[-175.1037,67.438,0.0],[-175.1005,67.438,0.0],[-175.1005,67.4391,0.0],[-175.1037,67.4391,0.0]]],
[[[-175.1125,67.4417,0.0],[-175.1089,67.4422,0.0],[-175.1089,67.4432,0.0],[-175.1141,67.4432,0.0],[-175.1125,67.4417,0.0]]],
[[[-174.9042,67.4187,0.568],[-174.9026,67.4203,1.6493],[-174.9078,67.4203,0.811],[-174.9078,67.4193,0.3717],[-174.9042,67.4187,0.568]]],
[[[-174.9745,67.437,0.6657],[-174.9745,67.4359,0.0],[-174.9714,67.4359,0.303],[-174.9714,67.437,0.5188],[-174.9745,67.437,0.6657]]],
[[[-174.9683,67.4418,1.4678],[-174.9672,67.4432,0.5087],[-174.9724,67.4432,1.81],[-174.9724,67.4422,1.1298],[-174.9683,67.4418,1.4678]]],
[[[-175.0521,67.4417,0.0],[-175.0484,67.4422,0.0],[-175.0484,67.4432,0.0],[-175.0536,67.4432,0.0],[-175.0521,67.4417,0.0]]],
[[[-174.9874,67.448,1.1386],[-174.9859,67.4495,0.9184],[-174.9911,67.4495,1.7936],[-174.9911,67.4484,0.9534],[-174.9874,67.448,1.1386]]],
[[[-174.612,67.4693,180.9402],[-174.6172,67.4724,149.407],[-174.625,67.4729,145.5929],[-174.6333,67.4771,71.3478],[-174.6411,67.4766,30.9151],[-174.6338,67.4724,46.0324],[-174.6354,67.4667,40.7594],[-174.6318,67.4641,42.2313],[-174.6328,67.4609,0.0],[-174.6276,67.4599,5.9442],[-174.6151,67.4537,60.3437],[-174.6203,67.4516,0.0],[-174.6161,67.4484,0.0],[-174.5979,67.4479,0.0],[-174.5943,67.4505,0.0],[-174.5911,67.4557,0.0],[-174.5859,67.4568,0.0],[-174.5891,67.4589,80.2343],[-174.5901,67.462,40.4349],[-174.6026,67.4682,81.4481],[-174.612,67.4693,180.9402]]],
[[[-175.0521,67.4667,0.0],[-175.0599,67.4661,0.0],[-175.0599,67.463,0.0],[-175.0505,67.463,0.0],[-175.0505,67.4661,0.0],[-175.0521,67.4667,0.0]]],
[[[-175.0667,67.4688,0.9537],[-175.063,67.4693,0.5434],[-175.063,67.4703,1.1459],[-175.0682,67.4703,1.0873],[-175.0667,67.4688,0.9537]]],
[[[-175.0693,67.4714,1.2664],[-175.0724,67.4734,1.5586],[-175.0713,67.4786,1.0043],[-175.0745,67.4797,1.0781],[-175.0755,67.4828,0.0],[-175.0875,67.4833,1.1841],[-175.0911,67.4807,0.0],[-175.0896,67.4792,0.0],[-175.0818,67.4786,0.6829],[-175.0828,67.4755,0.0],[-175.0776,67.4745,0.834],[-175.0786,67.4714,-0.0152],[-175.0693,67.4714,1.2664]]],
[[[-174.6453,67.4776,0.0],[-174.6422,67.4776,12.2267],[-174.6422,67.4786,32.1548],[-174.6453,67.4786,17.1427],[-174.6453,67.4776,0.0]]],
[[[-175.0932,67.488,2.0605],[-175.1,67.4917,1.2301],[-175.1078,67.4922,0.0],[-175.1068,67.4953,1.3406],[-175.1083,67.4958,0.0],[-175.1224,67.4953,0.0],[-175.1141,67.4901,0.0],[-175.0979,67.4854,0.0],[-175.0838,67.4859,0.0],[-175.0854,67.4875,0.0],[-175.0932,67.488,2.0605]]],
[[[-175.1255,67.5016,1.9027],[-175.1333,67.5021,0.8012],[-175.1349,67.5005,0.0],[-175.1271,67.5,0.3446],[-175.1255,67.5016,1.9027]]],
[[[-175.1375,67.5042,0.8692],[-175.1338,67.5047,1.612],[-175.1338,67.5057,1.3591],[-175.1391,67.5057,1.2146],[-175.1375,67.5042,0.8692]]],
[[[-175.1458,67.5062,0.4436],[-175.1443,67.5078,0.4938],[-175.1495,67.5078,0.1199],[-175.1495,67.5068,0.3102],[-175.1458,67.5062,0.4436]]],
[[[-175.1562,67.5146,1.7478],[-175.162,67.5141,0.0],[-175.1641,67.5109,0.0],[-175.1604,67.5104,0.0],[-175.1526,67.513,1.9518],[-175.1562,67.5146,1.7478]]],
[[[-175.1938,67.5125,0.0],[-175.1901,67.513,0.0],[-175.1901,67.5141,0.0],[-175.1953,67.5141,0.0],[-175.1938,67.5125,0.0]]],
[[[-175.2063,67.5208,0.0],[-175.2026,67.5214,0.0],[-175.2026,67.5224,0.0],[-175.2078,67.5224,0.0],[-175.2063,67.5208,0.0]]],
[[[-175.7484,67.5964,0.0],[-175.75,67.5979,0.0],[-175.7578,67.5974,0.0],[-175.7563,67.5958,0.0],[-175.7484,67.5964,0.0]]],
[[[-175.7729,67.7979,2.754],[-175.7812,67.7979,0.0],[-175.7828,67.7963,0.0],[-175.7672,67.7963,3.6855],[-175.7688,67.7979,2.5219],[-175.7729,67.7979,2.754]]],
[[[-175.7833,67.8,0.1865],[-175.7792,67.8,5.1552],[-175.7776,67.8016,0.0],[-175.7896,67.8042,1.2661],[-175.7932,67.8016,0.0],[-175.7917,67.8,0.0],[-175.7833,67.8,0.1865]]],
[[[-175.7958,67.8042,0.768],[-175.7922,67.8057,1.0415],[-175.8,67.8063,2.1349],[-175.8042,67.8083,0.0],[-175.8224,67.8078,0.4247],[-175.8208,67.8063,0.0973],[-175.8104,67.8063,0.2838],[-175.8062,67.8042,0.0],[-175.7958,67.8042,0.768]]],
[[[-175.8266,67.8099,0.0],[-175.8266,67.8089,0.0],[-175.8234,67.8089,0.0],[-175.8234,67.8099,0.0],[-175.8266,67.8099,0.0]]],
[[[-176.712,68.0547,5.8007],[-176.7172,68.0578,6.3297],[-176.725,68.0583,6.0627],[-176.7333,68.0625,3.4134],[-176.7474,68.062,0.0],[-176.7417,68.0583,0.0],[-176.7339,68.0578,5.6039],[-176.7328,68.0547,0.0],[-176.7297,68.0537,0.0],[-176.7307,68.0505,0.0],[-176.7229,68.05,3.3476],[-176.7203,68.0463,0.0],[-176.7161,68.0443,0.0],[-176.7083,68.0417,0.9824],[-176.7005,68.0411,2.4382],[-176.7016,68.038,0.0286],[-176.6938,68.0375,2.0816],[-176.6896,68.0354,0.0],[-176.6708,68.0354,3.2688],[-176.6583,68.0292,0.0],[-176.6505,68.0286,5.6531],[-176.6557,68.0266,0.848],[-176.6516,68.0234,3.0845],[-176.6396,68.0188,3.484],[-176.6333,68.0188,5.0044],[-176.6187,68.0125,3.3404],[-176.6146,68.0125,3.8513],[-176.6104,68.0104,0.0],[-176.5979,68.0104,3.7917],[-176.5896,68.0062,0.0],[-176.5708,68.0062,6.293],[-176.5667,68.0042,2.0702],[-176.5604,68.0042,0.893],[-176.5583,68.0062,2.8948],[-176.5604,68.0083,0.0],[-176.5682,68.0089,5.1677],[-176.5672,68.012,0.0],[-176.5688,68.0125,0.0],[-176.5813,68.0125,5.7224],[-176.5828,68.013,5.5343],[-176.5818,68.0162,0.0],[-176.5896,68.0188,0.0],[-176.5958,68.0188,1.2753],[-176.6042,68.0229,0.0],[-176.6104,68.0229,5.137],[-176.6234,68.0286,0.0],[-176.6307,68.0297,0.0],[-176.6333,68.0333,2.7223],[-176.6458,68.0333,4.9917],[-176.6474,68.0339,4.3767],[-176.6463,68.037,2.0691],[-176.6542,68.0396,2.8757],[-176.6604,68.0396,0.0],[-176.6672,68.0432,2.0101],[-176.675,68.0437,5.3337],[-176.6896,68.05,2.5623],[-176.6938,68.05,4.8456],[-176.7042,68.0542,3.6649],[-176.712,68.0547,5.8007]]],
[[[-176.7708,68.0708,0.8223],[-176.7672,68.0714,2.5789],[-176.7672,68.0724,1.7086],[-176.7724,68.0724,1.815],[-176.7708,68.0708,0.8223]]],
[[[-177.0443,68.1422,0.0],[-177.0412,68.1453,0.0],[-177.0359,68.1474,0.0],[-177.0437,68.15,1.16],[-177.0578,68.1495,0.2078],[-177.0526,68.1474,0.7294],[-177.0536,68.1443,0.5299],[-177.0443,68.1422,0.0]]],
[[[-177.1479,68.175,0.0],[-177.1396,68.175,0.0],[-177.138,68.1766,1.299],[-177.15,68.1813,0.0],[-177.1578,68.1807,0.0],[-177.1578,68.1797,0.0],[-177.1479,68.175,0.0]]],
[[[-177.5078,68.2068,0.0],[-177.5042,68.2063,0.0],[-177.5026,68.2078,0.0],[-177.5063,68.2083,0.0],[-177.5078,68.2068,0.0]]],
[[[-177.6104,68.2167,0.4693],[-177.612,68.2172,0.5076],[-177.6109,68.2224,0.7336],[-177.6203,68.2234,0.3635],[-177.6214,68.2266,0.3378],[-177.637,68.2266,0.5635],[-177.638,68.2234,0.6185],[-177.6432,68.2224,0.1799],[-177.6453,68.2203,0.4299],[-177.6458,68.2146,0.5306],[-177.6484,68.2089,0.4138],[-177.6536,68.2089,0.5829],[-177.6526,68.212,0.0306],[-177.6542,68.2125,0.1901],[-177.6641,68.2099,0.5541],[-177.6687,68.2,2.9045],[-177.6682,68.1964,3.8565],[-177.6604,68.1937,0.6735],[-177.6589,68.1943,0.5611],[-177.6557,68.2016,0.0],[-177.6479,68.2042,1.2701],[-177.6354,68.2042,0.0],[-177.6276,68.2068,0.0],[-177.6245,68.2099,0.6779],[-177.6151,68.2109,0.0],[-177.6104,68.2146,0.5958],[-177.6062,68.2125,0.0],[-177.6026,68.213,0.0642],[-177.6026,68.2161,0.467],[-177.6104,68.2167,0.4693]]],
[[[-177.4797,68.2266,0.0],[-177.4833,68.2271,0.0],[-177.4911,68.2234,0.0],[-177.4833,68.2229,0.0],[-177.4797,68.2266,0.0]]],
[[[-177.4964,68.2286,0.0],[-177.5042,68.2292,0.0],[-177.5078,68.2255,0.0],[-177.5042,68.225,0.0],[-177.4964,68.2286,0.0]]],
[[[-177.7312,68.2396,0.0],[-177.7328,68.2391,1.4405],[-177.7328,68.238,1.5762],[-177.7297,68.238,0.0],[-177.7312,68.2396,0.0]]],
[[[-177.4271,68.2375,4.8084],[-177.4255,68.2391,0.0],[-177.4349,68.2391,11.744],[-177.4333,68.2375,2.3456],[-177.4271,68.2375,4.8084]]],
[[[-177.7391,68.2401,0.7508],[-177.7354,68.2396,0.0],[-177.7339,68.2412,0.0],[-177.7375,68.2417,1.1132],[-177.7391,68.2401,0.7508]]],
[[[-177.362,68.2422,0.0],[-177.3521,68.2417,0.0],[-177.3505,68.2432,1.056],[-177.3583,68.2458,1.2029],[-177.3661,68.2453,0.0],[-177.362,68.2422,0.0]]],
[[[-177.3687,68.2458,0.0],[-177.3672,68.2474,0.9018],[-177.3766,68.2474,0.0],[-177.375,68.2458,0.0],[-177.3687,68.2458,0.0]]],
[[[-177.4005,68.2484,0.0],[-177.4021,68.25,0.0],[-177.4083,68.25,0.0],[-177.4104,68.2479,0.0],[-177.4083,68.2458,0.0],[-177.4005,68.2484,0.0]]],
[[[-177.3792,68.25,0.0],[-177.3917,68.25,0.0],[-177.3932,68.2484,0.0],[-177.3776,68.2484,0.0],[-177.3792,68.25,0.0]]],
[[[-177.4411,68.2589,0.8425],[-177.4375,68.2583,0.0],[-177.4359,68.2599,1.5967],[-177.4396,68.2604,1.8609],[-177.4411,68.2589,0.8425]]],
[[[-177.4984,68.2745,2.2512],[-177.5016,68.2755,2.792],[-177.5042,68.2792,0.0],[-177.5104,68.2792,2.7331],[-177.5167,68.2813,0.0],[-177.5188,68.2792,2.5331],[-177.5182,68.2776,2.6103],[-177.5125,68.275,1.0732],[-177.5063,68.275,2.5925],[-177.5021,68.2729,0.0],[-177.4984,68.2745,2.2512]]],
[[[-177.525,68.2813,2.8431],[-177.5234,68.2828,3.0256],[-177.5286,68.2828,2.8553],[-177.5286,68.2818,2.6573],[-177.525,68.2813,2.8431]]],
[[[-177.7854,68.3708,2.9845],[-177.7917,68.3729,2.9574],[-177.7937,68.3708,1.8306],[-177.7917,68.3688,1.111],[-177.7839,68.3693,1.9288],[-177.7854,68.3708,2.9845]]],
[[[-177.8021,68.3729,0.6124],[-177.7958,68.3729,1.3387],[-177.7943,68.3745,2.6752],[-177.8042,68.3792,1.2024],[-177.8182,68.3786,1.3133],[-177.8167,68.3771,1.1603],[-177.8089,68.3766,1.5682],[-177.8021,68.3729,0.6124]]],
[[[-177.8182,68.3818,2.0496],[-177.8146,68.3812,2.8924],[-177.813,68.3828,2.8322],[-177.8167,68.3833,2.5123],[-177.8182,68.3818,2.0496]]],
[[[-177.8797,68.4047,1.3855],[-177.8828,68.4068,1.927],[-177.8838,68.4099,0.0],[-177.8917,68.4104,4.6673],[-177.8958,68.4125,6.321],[-177.9057,68.4099,0.0],[-177.9042,68.4083,0.0],[-177.8917,68.4083,2.3922],[-177.8875,68.4042,0.0],[-177.8797,68.4047,1.3855]]],
[[[-177.9005,68.413,5.7692],[-177.9021,68.4146,3.7927],[-177.9099,68.4141,0.0],[-177.9083,68.4125,0.0],[-177.9005,68.413,5.7692]]],
[[[-178.1391,68.4818,2.7229],[-178.1417,68.4833,3.8245],[-178.1495,68.4838,3.2539],[-178.1625,68.4896,3.6133],[-178.1687,68.4896,5.7684],[-178.1766,68.487,0.0],[-178.1667,68.4812,0.0],[-178.1568,68.4807,4.3421],[-178.1578,68.4776,0.467],[-178.1562,68.4771,0.9343],[-178.15,68.4771,1.5733],[-178.1396,68.4729,0.0],[-178.1104,68.4708,6.7026],[-178.1089,68.4703,6.7751],[-178.1099,68.4672,0.0],[-178.1021,68.4667,5.2359],[-178.0875,68.4604,0.8723],[-178.0813,68.4625,0.4197],[-178.0688,68.4625,0.0],[-178.0661,68.4589,4.3083],[-178.062,68.4568,0.0],[-178.0542,68.4542,0.0],[-178.0464,68.4537,5.2396],[-178.0453,68.4505,0.0],[-178.037,68.4464,2.0547],[-178.0271,68.4458,0.0622],[-178.0146,68.4396,0.0],[-178.0021,68.4396,6.2827],[-177.9875,68.4333,0.0],[-177.975,68.4333,4.6236],[-177.9708,68.4313,3.0426],[-177.9646,68.4313,5.5897],[-177.9422,68.4224,4.1729],[-177.9411,68.4193,2.8947],[-177.9354,68.4167,0.0],[-177.9292,68.4167,0.0],[-177.9229,68.4146,0.0],[-177.9187,68.4167,0.0],[-177.9125,68.4146,1.086],[-177.9089,68.4172,1.9917],[-177.9104,68.4187,0.0],[-177.9203,68.4193,5.6864],[-177.9312,68.425,3.1371],[-177.9396,68.425,6.3971],[-177.9505,68.4307,3.3299],[-177.9583,68.4333,2.1781],[-177.9646,68.4333,3.8906],[-177.9792,68.4396,2.7893],[-177.9917,68.4396,4.713],[-178.0026,68.4453,2.3887],[-178.0078,68.4464,1.3697],[-178.0088,68.4495,1.2299],[-178.0286,68.4526,2.4035],[-178.0328,68.4547,2.5272],[-178.0354,68.4583,0.0],[-178.0417,68.4563,1.4158],[-178.0458,68.4583,0.539],[-178.0542,68.4583,3.0315],[-178.0833,68.4708,2.1651],[-178.0974,68.4714,2.0567],[-178.1016,68.4734,3.2802],[-178.1042,68.4771,2.5469],[-178.1208,68.4792,1.1067],[-178.125,68.4812,0.9691],[-178.1391,68.4818,2.7229]]],
[[[-178.3286,68.4755,0.0],[-178.325,68.475,0.0],[-178.3234,68.4766,0.0],[-178.3271,68.4771,0.0],[-178.3286,68.4755,0.0]]],
[[[-178.3313,68.4771,1.009],[-178.3297,68.4786,0.0],[-178.3391,68.4786,1.5035],[-178.3375,68.4771,1.46],[-178.3313,68.4771,1.009]]],
[[[-178.1875,68.5,1.9358],[-178.1859,68.5016,3.0781],[-178.1953,68.5016,2.1937],[-178.1938,68.5,-0.2739],[-178.1875,68.5,1.9358]]],
[[[-178.3016,68.5276,4.2657],[-178.3104,68.5313,0.0],[-178.3182,68.5318,4.3014],[-178.3208,68.5354,0.0],[-178.3396,68.5354,8.6332],[-178.3417,68.5333,0.0],[-178.3411,68.5318,0.0],[-178.3333,68.5292,0.0],[-178.3255,68.5286,7.5065],[-178.2917,68.5146,0.0],[-178.275,68.5125,5.8036],[-178.2604,68.5083,0.0],[-178.2479,68.5083,4.7282],[-178.2412,68.5047,2.7001],[-178.2312,68.5042,4.0917],[-178.2229,68.5,0.0],[-178.2167,68.5,0.0],[-178.2125,68.5021,2.705],[-178.1963,68.5026,2.4127],[-178.2109,68.5099,4.0294],[-178.2187,68.5125,2.8894],[-178.225,68.5125,2.5918],[-178.2333,68.5167,2.5023],[-178.237,68.5162,1.4086],[-178.2375,68.5146,1.1938],[-178.2339,68.5109,0.0],[-178.2417,68.5104,3.9235],[-178.2458,68.5125,0.0],[-178.2557,68.513,4.517],[-178.2547,68.5162,0.4076],[-178.2563,68.5167,0.0],[-178.275,68.5188,3.8085],[-178.2818,68.5224,0.0],[-178.2896,68.525,0.0],[-178.2958,68.525,4.0226],[-178.3016,68.5276,4.2657]]],
[[[-178.2396,68.5167,2.1521],[-178.238,68.5182,0.0],[-178.2474,68.5182,1.254],[-178.2458,68.5167,0.8615],[-178.2396,68.5167,2.1521]]],
[[[-178.2536,68.5193,0.7411],[-178.25,68.5188,1.665],[-178.2484,68.5203,2.4857],[-178.2521,68.5208,2.5482],[-178.2536,68.5193,0.7411]]],
[[[-178.3458,68.5479,1.5974],[-178.3474,68.5463,1.3656],[-178.3443,68.5463,1.8061],[-178.3443,68.5474,2.3168],[-178.3458,68.5479,1.5974]]],
[[[-178.3849,68.5568,0.4214],[-178.3813,68.5563,1.0038],[-178.3797,68.5578,1.4078],[-178.3833,68.5583,1.353],[-178.3849,68.5568,0.4214]]],
[[[-178.3979,68.5604,0.1309],[-178.3917,68.5604,1.3424],[-178.3901,68.562,2.3563],[-178.4057,68.5641,0.6269],[-178.4016,68.5609,0.1676],[-178.3979,68.5604,0.1309]]],
[[[-178.4162,68.5672,0.0],[-178.4125,68.5667,0.9952],[-178.4109,68.5682,0.0],[-178.4146,68.5687,1.9935],[-178.4162,68.5672,0.0]]],
[[[-178.4391,68.5672,0.0],[-178.4354,68.5667,0.0],[-178.4339,68.5682,0.0],[-178.4375,68.5687,0.0],[-178.4391,68.5672,0.0]]],
[[[-178.4328,68.5693,0.0],[-178.4292,68.5687,0.0],[-178.4276,68.5703,0.0],[-178.4312,68.5708,1.0741],[-178.4328,68.5693,0.0]]],
[[[-178.4505,68.5734,1.1623],[-178.4521,68.575,1.7849],[-178.4599,68.5745,0.72],[-178.4583,68.5729,0.0],[-178.4505,68.5734,1.1623]]],
[[[-178.4849,68.588,1.6301],[-178.4891,68.5901,0.9232],[-178.4901,68.5932,0.0],[-178.4995,68.5943,3.0439],[-178.5021,68.5979,1.7961],[-178.5146,68.5979,5.8876],[-178.5182,68.5953,4.4984],[-178.5088,68.5911,5.0321],[-178.5063,68.5875,0.4],[-178.4875,68.5854,3.4814],[-178.4687,68.5771,0.4398],[-178.4609,68.5776,1.0809],[-178.4693,68.5828,1.6295],[-178.4849,68.588,1.6301]]],
[[[-178.5276,68.6057,4.3839],[-178.5307,68.6068,3.9319],[-178.5318,68.6099,1.7503],[-178.5437,68.6146,0.79],[-178.5536,68.612,1.3585],[-178.5339,68.6036,3.3998],[-178.5312,68.6,0.0],[-178.525,68.6,5.2829],[-178.5188,68.5979,4.8349],[-178.5151,68.6026,1.1532],[-178.5167,68.6042,1.4141],[-178.525,68.6042,4.267],[-178.5276,68.6057,4.3839]]],
[[[-178.6062,68.6312,0.0],[-178.6005,68.6318,0.7976],[-178.5984,68.6349,-0.4402],[-178.6104,68.6396,-0.1551],[-178.6203,68.637,0.0],[-178.6161,68.6339,0.1136],[-178.6062,68.6312,0.0]]],
[[[-178.6313,68.6438,0.0067],[-178.6286,68.6474,-0.4434],[-178.6234,68.6495,1.0239],[-178.6354,68.6542,0.1421],[-178.6453,68.6516,-0.3826],[-178.6401,68.6495,-0.0412],[-178.6411,68.6464,-0.1968],[-178.6313,68.6438,0.0067]]],
[[[-178.6458,68.6604,0.9041],[-178.6521,68.6625,0.4352],[-178.6542,68.6604,0.2786],[-178.6521,68.6583,-0.2601],[-178.6443,68.6589,0.2001],[-178.6458,68.6604,0.9041]]],
[[[-178.6562,68.6667,0.0],[-178.6578,68.6661,1.6507],[-178.6578,68.6651,0.5345],[-178.6547,68.6651,1.4181],[-178.6562,68.6667,0.0]]],
[[[-178.6693,68.6703,0.2164],[-178.6729,68.6708,-0.2353],[-178.6745,68.6693,-0.4054],[-178.6687,68.6667,0.0],[-178.6651,68.6672,0.1379],[-178.6693,68.6703,0.2164]]],
[[[-178.937,68.7693,0.1231],[-178.9333,68.7688,0.0077],[-178.9318,68.7703,-0.0334],[-178.9354,68.7708,-0.0594],[-178.937,68.7693,0.1231]]],
[[[-179.1292,68.8125,-1.5],[-179.1276,68.8141,1.5229],[-179.1328,68.8141,-0.1788],[-179.1328,68.813,0.0],[-179.1292,68.8125,-1.5]]],
[[[-179.3771,68.8812,2.7876],[-179.3813,68.8812,1.9097],[-179.3828,68.8797,1.3222],[-179.3771,68.8771,0.5496],[-179.3734,68.8776,1.8312],[-179.3734,68.8807,3.903],[-179.3771,68.8812,2.7876]]],
[[[-179.3891,68.8818,0.6645],[-179.3854,68.8812,0.7198],[-179.3838,68.8828,2.7347],[-179.3875,68.8833,2.494],[-179.3891,68.8818,0.6645]]],
[[[-179.3917,68.8854,2.4787],[-179.3932,68.8849,2.0028],[-179.3932,68.8839,1.7153],[-179.3901,68.8839,2.9509],[-179.3917,68.8854,2.4787]]],
[[[-179.3995,68.8859,2.3066],[-179.3958,68.8854,2.981],[-179.3943,68.887,4.7104],[-179.3979,68.8875,3.768],[-179.3995,68.8859,2.3066]]],
[[[-180.0,68.9859,0.0],[-179.9958,68.9854,0.0],[-179.9943,68.987,0.0],[-179.9979,68.9875,0.0],[-180.0,68.9859,0.0]]],
[[[-180.0,68.9922,0.0],[-179.9984,68.9901,0.0],[-179.9984,68.9995,0.0],[-180.0,68.9974,0.0],[-180.0,68.9922,0.0]]],
[[[-179.9979,69.0083,0.0],[-180.0,69.0078,0.0],[-180.0,69.0068,0.0],[-179.9964,69.0068,0.0],[-179.9979,69.0083,0.0]]],
[[[-180.0,69.0234,0.0],[-179.9984,69.0214,0.0],[-179.9984,69.0307,0.0],[-180.0,69.0286,0.0],[-180.0,69.0234,0.0]]],
[[[-179.9979,69.0542,0.0],[-179.9984,69.0557,0.0],[-180.0,69.0552,0.0],[-180.0,69.0531,0.0],[-179.9984,69.0526,0.0],[-179.9979,69.0542,0.0]]],
[[[-180.0,69.087,0.0],[-180.0,69.0859,0.0],[-179.9984,69.0859,0.0],[-179.9984,69.087,0.0],[-180.0,69.087,0.0]]],
[[[-179.9979,69.0938,0.0],[-179.9958,69.1,0.0],[-179.9979,69.1021,0.0],[-180.0,69.099,0.0],[-180.0,69.0927,0.0],[-179.9984,69.0901,0.0],[-179.9979,69.0938,0.0]]],
[[[-180.0,69.1073,0.0],[-180.0,69.1052,0.0],[-179.9964,69.1047,0.0],[-179.9964,69.1078,0.0],[-180.0,69.1073,0.0]]],
[[[-179.1396,68.8187,1.9578],[-179.1495,68.8151,0.0],[-179.1339,68.8151,1.2567],[-179.1339,68.8182,0.0],[-179.1396,68.8187,1.9578]]],
[[[-179.0125,71.5833,2.7455],[-179.0312,71.5833,2.1908],[-179.0354,71.5854,3.8691],[-179.0474,71.5849,0.8385],[-179.0396,71.5813,0.8621],[-179.0312,71.5813,1.6458],[-179.0188,71.5771,0.3137],[-179.0104,71.5771,-0.0649],[-178.9964,71.5724,0.3471],[-178.9964,71.5693,0.7206],[-178.9979,71.5687,0.7414],[-179.0083,71.5687,0.3314],[-179.0125,71.5667,1.3217],[-179.0333,71.5667,1.618],[-179.037,71.5641,2.9669],[-179.0354,71.5625,0.3966],[-179.0188,71.5625,0.6227],[-179.0167,71.5604,-0.2177],[-179.0188,71.5583,-3.0],[-179.0354,71.5583,0.2258],[-179.0417,71.5563,0.9702],[-179.0443,71.5599,-0.1049],[-179.0542,71.5604,0.1059],[-179.0583,71.5583,1.0063],[-179.0688,71.5583,0.2826],[-179.0854,71.5646,0.4595],[-179.1208,71.5667,-0.3554],[-179.1286,71.5641,1.4716],[-179.1297,71.5589,1.7369],[-179.1349,71.5578,0.8093],[-179.1359,71.5547,0.152],[-179.1432,71.5537,0.4128],[-179.1443,71.5505,1.8251],[-179.1495,71.5495,0.8598],[-179.1505,71.5443,1.4834],[-179.1521,71.5437,1.4577],[-179.1583,71.5458,0.6782],[-179.1687,71.5458,0.0],[-179.2,71.5354,0.8651],[-179.2063,71.5375,0.5835],[-179.2146,71.5375,0.2797],[-179.2187,71.5354,-0.4354],[-179.2292,71.5354,-0.2234],[-179.2333,71.5396,-0.4873],[-179.2479,71.5396,-0.2338],[-179.2583,71.5354,0.8331],[-179.2641,71.5349,0.8923],[-179.2667,71.5313,1.7617],[-179.2875,71.5292,0.0],[-179.2937,71.525,0.0],[-179.3099,71.5255,-0.1522],[-179.3099,71.5286,1.0693],[-179.3047,71.5307,0.0],[-179.3224,71.5359,1.0027],[-179.325,71.5396,0.7606],[-179.3349,71.5401,1.3123],[-179.3359,71.5453,0.707],[-179.3474,71.5463,0.2947],[-179.35,71.55,0.1165],[-179.3583,71.55,1.3757],[-179.3687,71.5458,1.2715],[-179.3854,71.5458,-0.3092],[-179.3896,71.5479,1.2071],[-179.3995,71.5484,2.1419],[-179.4021,71.5521,1.9322],[-179.4375,71.5542,-0.0335],[-179.4401,71.5505,-0.0439],[-179.4479,71.5479,0.8146],[-179.4661,71.5474,0.9524],[-179.4688,71.5437,1.1901],[-179.4917,71.5458,0.1838],[-179.4958,71.5437,1.2719],[-179.5042,71.5437,0.6294],[-179.5057,71.5453,0.1765],[-179.5005,71.5463,0.1365],[-179.5005,71.5495,0.1496],[-179.5057,71.5505,-0.0287],[-179.5083,71.5542,4.7524],[-179.5146,71.5521,3.1946],[-179.5354,71.5521,1.5092],[-179.5396,71.55,4.0382],[-179.5437,71.55,4.0398],[-179.5578,71.5547,3.9032],[-179.5589,71.5578,0.0],[-179.5667,71.5604,0.238],[-179.5766,71.5609,2.1102],[-179.5776,71.5641,0.0],[-179.5854,71.5667,0.138],[-179.6099,71.5599,2.4997],[-179.6125,71.5563,1.3165],[-179.6208,71.5583,-0.2346],[-179.625,71.5563,2.7714],[-179.6417,71.5563,3.9283],[-179.6495,71.5537,0.0],[-179.6495,71.5484,-0.3708],[-179.6443,71.5474,0.2742],[-179.6458,71.5458,-0.2042],[-179.6562,71.5458,0.952],[-179.6604,71.5437,1.2643],[-179.6875,71.5437,7.0056],[-179.6901,71.5474,2.5604],[-179.6953,71.5484,1.3489],[-179.6963,71.5516,0.1628],[-179.7016,71.5526,-0.0539],[-179.7026,71.5557,0.5507],[-179.7078,71.5568,2.3031],[-179.7026,71.5589,1.4653],[-179.7016,71.5661,1.2301],[-179.6963,71.5672,0.8323],[-179.6963,71.5703,1.8862],[-179.6979,71.5708,1.9376],[-179.7125,71.5708,0.6786],[-179.7167,71.5687,0.5597],[-179.725,71.5687,1.002],[-179.7349,71.5661,0.0],[-179.7297,71.5641,1.3999],[-179.7292,71.5625,1.157],[-179.7297,71.5609,1.1903],[-179.7349,71.5599,0.9687],[-179.7359,71.5568,1.3277],[-179.7411,71.5557,0.1172],[-179.7359,71.5526,1.5586],[-179.7495,71.5516,0.0],[-179.7505,71.5463,0.8034],[-179.7583,71.5437,5.1159],[-179.8062,71.5437,5.2401],[-179.8125,71.5458,0.0],[-179.8167,71.5437,5.3166],[-179.8208,71.5437,4.9933],[-179.8224,71.5443,4.8885],[-179.8213,71.5474,0.0],[-179.8229,71.5479,0.0],[-179.8396,71.5479,2.0019],[-179.8458,71.55,0.8495],[-179.8484,71.5463,2.5902],[-179.8583,71.5458,0.0],[-179.862,71.5432,0.0],[-179.8547,71.5401,6.3351],[-179.8604,71.5396,3.0729],[-179.862,71.538,2.1261],[-179.8396,71.5313,-0.0694],[-179.8313,71.5313,2.2306],[-179.8234,71.5286,0.2829],[-179.8224,71.5234,-0.1967],[-179.8125,71.5229,0.1149],[-179.8083,71.5208,0.1326],[-179.7922,71.5203,-0.1013],[-179.7937,71.5188,0.9676],[-179.8146,71.5188,-0.1753],[-179.8188,71.5208,-0.4749],[-179.8417,71.5208,1.4275],[-179.8458,71.5229,0.0274],[-179.8604,71.5229,1.4188],[-179.8646,71.5208,0.9884],[-179.8813,71.5208,2.7576],[-179.8838,71.5172,2.0911],[-179.8938,71.5167,1.2126],[-179.9016,71.5193,4.686],[-179.9026,71.5224,0.0],[-179.9125,71.5229,3.8044],[-179.9167,71.525,2.3057],[-179.9792,71.525,0.4628],[-179.9833,71.5271,-0.2727],[-179.9917,71.5271,1.7372],[-179.9979,71.5292,3.2934],[-180.0,71.3917,38.2398],[-180.0,71.1167,604.5468],[-179.9979,70.9792,62.9366],[-179.9812,70.9792,51.5991],[-179.9771,70.9771,0.0],[-179.95,70.9771,0.0],[-179.9438,70.9792,15.8178],[-179.9396,70.9771,0.0],[-179.9292,70.9771,0.0],[-179.9229,70.9792,14.6671],[-179.9187,70.9771,0.0],[-179.8979,70.9771,9.2588],[-179.8938,70.975,1.7186],[-179.8729,70.9729,14.9829],[-179.8687,70.9708,4.6159],[-179.8479,70.9688,9.9914],[-179.8437,70.9667,0.0],[-179.8354,70.9667,3.0056],[-179.8313,70.9646,0.0],[-179.8167,70.9646,8.4468],[-179.8125,70.9625,0.0],[-179.8042,70.9625,5.3784],[-179.8,70.9604,0.0],[-179.7917,70.9604,2.5493],[-179.7875,70.9583,0.0],[-179.7729,70.9583,4.074],[-179.7688,70.9563,0.0],[-179.7479,70.9563,9.4726],[-179.7437,70.9542,0.0],[-179.7292,70.9542,7.1517],[-179.725,70.9521,0.0],[-179.6958,70.9521,7.2679],[-179.6917,70.95,0.0],[-179.6771,70.95,4.5556],[-179.6729,70.9479,0.0],[-179.6646,70.9479,5.1051],[-179.6354,70.9375,0.0],[-179.6271,70.9375,4.6904],[-179.6229,70.9333,0.0],[-179.6083,70.9333,3.0337],[-179.6042,70.9313,0.0],[-179.5958,70.9313,3.513],[-179.5917,70.9292,1.3121],[-179.5771,70.9292,3.816],[-179.5729,70.9271,2.0088],[-179.5583,70.9271,-0.2848],[-179.5542,70.9292,1.7463],[-179.5271,70.9292,0.4844],[-179.5167,70.9333,2.8251],[-179.5125,70.9333,2.4279],[-179.5083,70.9313,-0.8069],[-179.5,70.9313,-0.5934],[-179.4958,70.9292,-0.8863],[-179.4875,70.9292,2.0099],[-179.4818,70.9266,3.0999],[-179.4812,70.925,2.5401],[-179.4818,70.9234,-0.5624],[-179.487,70.9213,-0.7752],[-179.4755,70.9182,2.0582],[-179.4807,70.9161,2.1203],[-179.4812,70.9125,0.5509],[-179.4807,70.9109,-0.7896],[-179.4755,70.9089,-0.5764],[-179.5125,70.9083,1.9037],[-179.5167,70.9104,0.7398],[-179.525,70.9104,2.0266],[-179.5292,70.9125,0.5392],[-179.5375,70.9125,2.2215],[-179.5396,70.9104,1.2333],[-179.5391,70.9089,1.2994],[-179.5312,70.9063,-0.4468],[-179.5229,70.9063,3.0663],[-179.5088,70.9016,3.3346],[-179.5063,70.8979,0.0],[-179.4979,70.8979,3.9926],[-179.4839,70.8932,3.8206],[-179.4849,70.8901,0.0],[-179.4833,70.8896,0.0],[-179.4667,70.8896,1.5665],[-179.4641,70.8932,1.5322],[-179.4542,70.8938,0.9129],[-179.4463,70.8964,0.2449],[-179.4479,70.8979,0.9434],[-179.4578,70.8984,2.6211],[-179.45,70.9021,0.6855],[-179.4438,70.9,0.0],[-179.4354,70.9,0.3141],[-179.4312,70.8979,0.0],[-179.4229,70.8979,0.0],[-179.4167,70.9,3.2583],[-179.4125,70.8979,0.0],[-179.4083,70.8979,0.0],[-179.4021,70.9,5.1815],[-179.4005,70.8995,3.4086],[-179.4016,70.8964,0.2136],[-179.4,70.8958,1.026],[-179.3958,70.8958,1.979],[-179.3917,70.8979,1.6157],[-179.3646,70.8979,0.6773],[-179.3583,70.8958,0.0],[-179.3542,70.8979,0.2297],[-179.3333,70.8979,0.0],[-179.3292,70.9,0.0],[-179.3208,70.8979,0.0],[-179.3167,70.9,2.3115],[-179.2812,70.9,0.0],[-179.2771,70.9021,2.561],[-179.2688,70.9021,2.6665],[-179.2646,70.9,0.0],[-179.25,70.9,0.0],[-179.2458,70.9042,2.172],[-179.2042,70.9042,0.8719],[-179.2026,70.9036,0.9697],[-179.2036,70.8984,0.0],[-179.1938,70.8979,0.2635],[-179.1833,70.8938,0.0],[-179.1687,70.8938,1.3093],[-179.1646,70.8958,2.736],[-179.1417,70.8958,0.0],[-179.1375,70.9,1.9894],[-179.1313,70.8979,0.0],[-179.1229,70.8979,0.0],[-179.1062,70.9042,6.4557],[-179.0833,70.9042,0.0],[-179.0807,70.9078,2.6593],[-179.0693,70.9109,0.4397],[-179.0667,70.9146,-0.1422],[-179.0312,70.9146,0.0],[-179.0146,70.9208,5.7041],[-178.9979,70.9208,0.0],[-178.9937,70.925,7.3493],[-178.9854,70.9229,0.0],[-178.9812,70.925,1.7735],[-178.9729,70.925,0.0],[-178.9625,70.9292,7.0959],[-178.9396,70.9292,0.0],[-178.9292,70.9333,10.1238],[-178.9208,70.9333,4.8246],[-178.9167,70.9354,9.4382],[-178.8813,70.9354,0.0],[-178.8771,70.9375,1.8382],[-178.8562,70.9375,0.0],[-178.8521,70.9396,17.5192],[-178.8354,70.9396,0.0],[-178.8125,70.9479,7.7482],[-178.8021,70.9479,-1.0],[-178.7979,70.95,7.7438],[-178.7833,70.95,-1.0],[-178.7729,70.9542,18.298],[-178.7646,70.9542,14.8304],[-178.7583,70.9521,0.1364],[-178.7479,70.9563,11.2313],[-178.7375,70.9563,0.1108],[-178.7333,70.9583,7.6137],[-178.7187,70.9583,0.0],[-178.7146,70.9604,6.9616],[-178.6875,70.9604,7.4257],[-178.6833,70.9583,0.5593],[-178.6792,70.9583,0.7465],[-178.6729,70.9604,-0.2321],[-178.6667,70.9583,0.0],[-178.6562,70.9625,22.09],[-178.6167,70.9625,0.0],[-178.6125,70.9646,7.2429],[-178.5896,70.9646,0.0],[-178.5854,70.9667,9.9618],[-178.5437,70.9667,0.0],[-178.5412,70.9703,21.662],[-178.525,70.9708,0.0],[-178.5208,70.975,21.5105],[-178.4979,70.975,0.0],[-178.4937,70.9771,12.43],[-178.4854,70.9771,0.0],[-178.4812,70.9792,4.8296],[-178.4604,70.9792,0.0],[-178.4563,70.9812,0.0],[-178.4458,70.9812,0.0],[-178.4417,70.9833,16.754],[-178.4062,70.9854,0.0],[-178.4021,70.9875,8.2088],[-178.3167,70.9875,0.0],[-178.3125,70.9896,4.4535],[-178.2979,70.9896,0.7958],[-178.2917,70.9875,0.0],[-178.2875,70.9896,1.661],[-178.2792,70.9896,0.8501],[-178.275,70.9917,2.1027],[-178.2521,70.9938,0.0],[-178.2417,70.9979,8.4633],[-178.225,70.9979,0.0],[-178.2208,71.0,0.0],[-178.2063,71.0,0.0],[-178.2021,71.0021,0.0],[-178.1938,71.0021,0.0],[-178.175,71.0083,22.116],[-178.1667,71.0083,0.0],[-178.1625,71.0104,4.1234],[-178.1417,71.0104,4.23],[-178.1375,71.0083,-0.3327],[-178.0958,71.0083,0.0],[-178.0917,71.0104,1.6221],[-178.0833,71.0104,1.6844],[-178.0792,71.0125,2.5673],[-178.0688,71.0125,0.2523],[-178.0646,71.0146,22.1772],[-178.0562,71.0125,0.0],[-178.0521,71.0146,0.4661],[-178.025,71.0146,0.0],[-178.0208,71.0167,68.2953],[-177.9792,71.0167,0.0],[-177.975,71.0188,18.8695],[-177.9604,71.0188,0.0],[-177.9563,71.0208,5.9807],[-177.9333,71.0208,0.0],[-177.9292,71.0229,35.4729],[-177.9208,71.0208,0.0],[-177.9167,71.025,161.6357],[-177.9063,71.025,70.7226],[-177.9021,71.0292,211.1443],[-177.8875,71.0292,49.3383],[-177.8417,71.0437,125.6188],[-177.8333,71.0437,0.0],[-177.8307,71.0474,95.5814],[-177.825,71.0479,24.1734],[-177.8146,71.0521,66.7309],[-177.8062,71.0521,0.0],[-177.8016,71.0557,64.5693],[-177.7937,71.0583,73.4246],[-177.7708,71.0604,0.0],[-177.7667,71.0625,47.8447],[-177.7583,71.0625,27.4872],[-177.7521,71.0604,0.0],[-177.7479,71.0625,41.4891],[-177.7333,71.0625,25.1262],[-177.7292,71.0646,51.3515],[-177.7187,71.0646,0.0],[-177.7172,71.0651,0.0],[-177.7167,71.0729,1.5306],[-177.7146,71.075,0.3535],[-177.7,71.0708,0.0],[-177.6812,71.0771,48.5609],[-177.6714,71.0776,0.0],[-177.6682,71.0828,42.5256],[-177.6484,71.088,0.0],[-177.6458,71.0917,88.4704],[-177.6359,71.0922,0.0],[-177.6333,71.0958,97.285],[-177.6229,71.0958,0.0],[-177.6125,71.1,88.5169],[-177.5896,71.1,0.0],[-177.5818,71.1026,0.0],[-177.587,71.1047,79.8795],[-177.5875,71.1062,83.6845],[-177.5854,71.1083,58.5559],[-177.5797,71.1088,69.9153],[-177.5792,71.1104,82.055],[-177.5797,71.1141,82.7499],[-177.5849,71.1151,92.8359],[-177.5849,71.1182,99.7155],[-177.5667,71.1188,10.9498],[-177.5651,71.1203,0.0],[-177.5703,71.1224,91.3657],[-177.5589,71.1234,0.0],[-177.5641,71.1255,82.4417],[-177.562,71.1307,57.2429],[-177.5568,71.1318,32.1092],[-177.5557,71.1349,100.9833],[-177.5484,71.1359,100.1343],[-177.5474,71.1391,131.9006],[-177.5422,71.1401,114.1677],[-177.5422,71.1432,141.0763],[-177.5453,71.1453,138.8126],[-177.5401,71.1464,133.5181],[-177.5396,71.1479,140.0254],[-177.5401,71.1516,177.1825],[-177.5516,71.1557,90.9142],[-177.5495,71.1578,111.0794],[-177.538,71.1609,175.4628],[-177.5396,71.1625,234.72],[-177.5604,71.1625,80.0588],[-177.5646,71.1646,104.0851],[-177.5729,71.1646,112.3183],[-177.5745,71.1661,82.6636],[-177.5625,71.1667,73.2832],[-177.5521,71.1708,41.2062],[-177.5437,71.1687,65.1391],[-177.5359,71.1724,51.8224],[-177.5437,71.175,40.7807],[-177.5646,71.175,97.1028],[-177.5688,71.1771,112.4815],[-177.5896,71.175,140.06],[-177.5911,71.1766,122.0941],[-177.5859,71.1776,89.7518],[-177.5859,71.1807,107.0213],[-177.5937,71.1833,116.1925],[-177.6,71.1813,112.4443],[-177.6083,71.1813,81.7791],[-177.6125,71.1833,119.4053],[-177.6208,71.1833,107.956],[-177.6224,71.1849,125.1368],[-177.6172,71.1859,127.0303],[-177.6151,71.1891,102.3644],[-177.625,71.1896,106.6824],[-177.6328,71.1932,92.4123],[-177.6104,71.1937,77.5801],[-177.6062,71.1917,78.2463],[-177.5979,71.1917,73.2992],[-177.5937,71.1937,67.5951],[-177.5771,71.1937,42.9467],[-177.5646,71.1896,44.0261],[-177.5604,71.1917,35.3229],[-177.5505,71.1922,33.1643],[-177.5557,71.1943,48.1535],[-177.5542,71.1958,48.6318],[-177.5312,71.1979,60.1002],[-177.525,71.1958,53.9583],[-177.5188,71.1979,54.2065],[-177.5109,71.1953,32.9693],[-177.5099,71.1922,20.1521],[-177.5047,71.1911,16.7959],[-177.5057,71.188,9.5429],[-177.5042,71.1875,8.9612],[-177.4937,71.1896,38.9361],[-177.4896,71.1875,33.1868],[-177.4812,71.1875,29.7835],[-177.475,71.1854,3.5998],[-177.4729,71.1875,29.4474],[-177.4734,71.1911,40.6483],[-177.4896,71.1917,70.0464],[-177.4974,71.1953,44.6737],[-177.4875,71.1958,66.9583],[-177.4833,71.1937,86.0905],[-177.4797,71.1943,76.5612],[-177.4828,71.1964,69.6091],[-177.4828,71.2016,29.9596],[-177.4792,71.2021,21.5415],[-177.475,71.2,44.0104],[-177.4651,71.2005,0.0],[-177.462,71.2078,24.7843],[-177.4568,71.2089,0.0],[-177.462,71.212,58.8493],[-177.4563,71.2125,0.0],[-177.4396,71.2188,95.3697],[-177.4354,71.2188,0.0],[-177.4333,71.2208,0.0],[-177.4339,71.2224,0.0],[-177.4453,71.2255,150.8255],[-177.438,71.2297,0.0],[-177.4432,71.2318,0.0],[-177.4443,71.2349,0.0],[-177.4542,71.2354,115.5568],[-177.4646,71.2396,0.0],[-177.4708,71.2375,82.9114],[-177.5125,71.2375,33.249],[-177.5203,71.2401,79.6159],[-177.5188,71.2417,33.263],[-177.5083,71.2417,7.7667],[-177.5068,71.2432,0.0],[-177.5307,71.2516,23.9997],[-177.5255,71.2526,12.3727],[-177.5224,71.2557,0.6494],[-177.5109,71.2589,0.0],[-177.5109,71.262,0.0],[-177.5161,71.2641,20.2303],[-177.5088,71.2651,18.1613],[-177.5104,71.2667,0.0],[-177.5333,71.2667,12.9512],[-177.5396,71.2646,17.5092],[-177.5458,71.2667,9.8614],[-177.55,71.2646,14.0227],[-177.5583,71.2646,12.9317],[-177.5646,71.2667,13.8665],[-177.5833,71.2604,12.6875],[-177.5917,71.2604,5.8386],[-177.5958,71.2625,0.0],[-177.6229,71.2625,7.4782],[-177.6255,71.2662,6.6238],[-177.6354,71.2667,11.6292],[-177.6682,71.2776,10.6424],[-177.6693,71.2807,1.5705],[-177.6807,71.2839,10.304],[-177.6797,71.287,8.3129],[-177.6812,71.2875,8.2216],[-177.6917,71.2854,11.5734],[-177.7,71.2896,1.7768],[-177.712,71.2901,8.9624],[-177.7109,71.2932,0.0],[-177.7224,71.2943,6.5978],[-177.7234,71.2995,0.0],[-177.7333,71.3,0.5482],[-177.7724,71.313,3.7081],[-177.7713,71.3161,0.5008],[-177.7766,71.3172,4.7057],[-177.7776,71.3203,1.2646],[-177.7891,71.3214,4.3638],[-177.7839,71.3245,0.0],[-177.8016,71.3297,4.8222],[-177.8026,71.3328,2.6425],[-177.8068,71.3349,1.7162],[-177.8203,71.3339,0.0439],[-177.8203,71.337,0.5466],[-177.8146,71.3375,0.0],[-177.813,71.3391,0.0],[-177.8182,71.3401,2.4643],[-177.8193,71.3432,1.0032],[-177.8307,71.3464,3.6833],[-177.8318,71.3495,1.9016],[-177.8396,71.3521,4.3345],[-177.8495,71.3526,3.1121],[-177.8682,71.3588,6.3829],[-177.8672,71.362,2.5357],[-177.8911,71.3693,4.3033],[-177.8922,71.3724,0.0],[-177.8974,71.3734,1.924],[-177.8984,71.3766,2.3949],[-177.9036,71.3776,3.6718],[-177.9026,71.3807,0.0],[-177.9162,71.3818,2.877],[-177.9151,71.3849,0.0],[-177.9203,71.3859,3.5337],[-177.9229,71.3896,0.1924],[-177.9458,71.3896,4.4952],[-177.95,71.3917,3.9484],[-177.9646,71.3917,4.8446],[-177.9812,71.3979,1.9064],[-177.9896,71.3979,0.4408],[-177.9974,71.3953,2.701],[-178.0005,71.3901,1.5454],[-178.0146,71.3854,-0.1601],[-178.0245,71.388,3.0908],[-178.0193,71.3912,1.2923],[-178.0292,71.3917,0.4567],[-178.0318,71.3953,0.9289],[-178.0432,71.3964,0.6085],[-178.0432,71.3995,0.1372],[-178.0354,71.4021,3.0286],[-178.025,71.4,0.1023],[-178.0172,71.4026,-0.126],[-178.0146,71.4063,3.409],[-178.0026,71.4068,0.0],[-178.0026,71.4099,2.4514],[-178.0167,71.4146,0.1535],[-178.0375,71.4146,3.1388],[-178.0516,71.4193,0.056],[-178.0526,71.4224,0.0],[-178.0578,71.4245,0.0967],[-178.05,71.4271,0.8425],[-178.0437,71.425,0.0],[-178.0083,71.425,0.0],[-178.0068,71.4255,0.2117],[-178.0068,71.4287,0.4571],[-178.0182,71.4328,0.4694],[-178.0146,71.4354,0.1207],[-178.0063,71.4354,0.0],[-178.0,71.4333,0.0123],[-177.9922,71.437,2.3967],[-177.9974,71.438,1.8079],[-178.0,71.4417,1.2086],[-178.0099,71.4422,3.8118],[-178.0088,71.4453,1.7702],[-178.0271,71.4458,2.0891],[-178.0312,71.45,0.0],[-178.0412,71.4495,0.0],[-178.0422,71.4443,0.0353],[-178.0437,71.4437,0.958],[-178.0521,71.4437,0.3562],[-178.0547,71.4474,0.7095],[-178.0625,71.45,0.4739],[-178.0854,71.4479,0.0901],[-178.0932,71.4505,-0.1384],[-178.0854,71.4542,0.4733],[-178.075,71.4542,0.0],[-178.0708,71.4563,0.0],[-178.0464,71.4568,0.8278],[-178.0479,71.4583,0.6747],[-178.0578,71.4589,1.0354],[-178.0604,71.4625,1.7143],[-178.0688,71.4625,2.1151],[-178.0917,71.4708,3.075],[-178.0953,71.4703,3.1304],[-178.0984,71.4651,0.0759],[-178.1083,71.4646,0.4],[-178.1099,71.4651,0.0735],[-178.1109,71.4703,-0.3257],[-178.1161,71.4714,1.8518],[-178.1172,71.4745,0.0],[-178.1208,71.475,0.0],[-178.1271,71.4729,2.0765],[-178.1313,71.475,2.1706],[-178.1396,71.475,0.0],[-178.1411,71.4734,1.0553],[-178.1359,71.4724,1.2012],[-178.1349,71.4693,0.0615],[-178.1234,71.4661,0.6752],[-178.1255,71.4589,0.3475],[-178.1354,71.4563,-0.1016],[-178.1396,71.4583,-0.0731],[-178.1479,71.4583,0.3658],[-178.1521,71.4604,0.308],[-178.175,71.4604,0.8136],[-178.1812,71.4625,1.4469],[-178.1875,71.4604,1.2689],[-178.1917,71.4625,0.0],[-178.2063,71.4625,0.6101],[-178.2104,71.4646,0.7287],[-178.2208,71.4646,0.2076],[-178.2234,71.4609,0.5016],[-178.2312,71.4583,1.5035],[-178.2417,71.4583,3.5581],[-178.2536,71.4641,0.2342],[-178.2359,71.4651,0.833],[-178.2349,71.4682,1.3025],[-178.2276,71.4693,0.0],[-178.2328,71.4724,2.8825],[-178.2276,71.4734,2.0586],[-178.2266,71.4766,1.5108],[-178.2214,71.4786,0.8855],[-178.2292,71.4812,1.1105],[-178.2375,71.4812,1.4844],[-178.2417,71.4833,0.0],[-178.2625,71.4833,1.2051],[-178.2667,71.4875,-0.0942],[-178.2875,71.4896,1.0924],[-178.2953,71.4922,-0.3813],[-178.2953,71.4953,0.1832],[-178.2901,71.4974,0.0],[-178.3141,71.5005,0.2277],[-178.3089,71.5026,-0.2055],[-178.3141,71.5057,-0.0892],[-178.3089,71.5078,-0.1923],[-178.3229,71.5125,0.1393],[-178.3328,71.513,0.3262],[-178.3313,71.5146,0.4077],[-178.3146,71.5146,1.2297],[-178.3104,71.5125,-0.2538],[-178.2958,71.5125,0.3809],[-178.2917,71.5104,0.0],[-178.2854,71.5125,2.1978],[-178.275,71.5125,2.2247],[-178.2672,71.5099,1.6544],[-178.2682,71.5068,-0.1322],[-178.2667,71.5062,-0.058],[-178.2437,71.5062,1.4497],[-178.2333,71.5021,0.0],[-178.2297,71.5026,0.0],[-178.2292,71.5042,3.2949],[-178.2297,71.5057,1.2208],[-178.2375,71.5083,0.5187],[-178.2583,71.5104,3.788],[-178.2812,71.5188,0.0],[-178.2958,71.5188,4.2735],[-178.3,71.5229,0.0],[-178.3104,71.5208,4.2504],[-178.3208,71.525,0.0],[-178.3354,71.525,2.9469],[-178.3458,71.5292,0.0],[-178.3604,71.5292,4.0531],[-178.3646,71.5313,0.0],[-178.3729,71.5313,2.6641],[-178.3771,71.5333,0.3771],[-178.3875,71.5333,4.5715],[-178.3979,71.5375,0.0],[-178.4062,71.5375,2.7918],[-178.4104,71.5396,0.0],[-178.425,71.5396,3.3556],[-178.4292,71.5417,0.7192],[-178.45,71.5437,2.9572],[-178.4542,71.5458,0.0],[-178.4646,71.5458,4.6638],[-178.4687,71.5479,1.1281],[-178.4833,71.5479,3.9048],[-178.4875,71.55,2.127],[-178.4974,71.5505,4.1036],[-178.5,71.5542,1.3031],[-178.5063,71.5521,3.1022],[-178.5146,71.5542,0.0],[-178.5188,71.5521,4.2724],[-178.5229,71.5521,4.2327],[-178.5271,71.5542,3.1814],[-178.5354,71.5542,3.854],[-178.5396,71.5563,0.0],[-178.5542,71.5563,0.0],[-178.5568,71.5526,-0.3894],[-178.5625,71.5521,-0.3003],[-178.5703,71.5547,1.3826],[-178.5693,71.5578,2.8299],[-178.5708,71.5583,0.0],[-178.6,71.5583,0.0],[-178.6062,71.5563,1.9048],[-178.6104,71.5583,0.0],[-178.6271,71.5583,0.0],[-178.6286,71.5589,0.0],[-178.6286,71.562,0.0],[-178.6229,71.5625,2.8145],[-178.6214,71.5641,1.1567],[-178.6333,71.5646,1.263],[-178.6375,71.5667,0.3235],[-178.6583,71.5667,3.0904],[-178.6646,71.5646,0.0],[-178.6687,71.5687,2.8298],[-178.6917,71.5687,1.4941],[-178.6958,71.5708,3.2942],[-178.7042,71.5708,2.0905],[-178.7083,71.5729,3.0782],[-178.7229,71.5729,2.5779],[-178.7271,71.575,0.0],[-178.7688,71.575,3.7677],[-178.7729,71.5771,-0.8773],[-178.7771,71.5771,0.0],[-178.7813,71.575,4.2832],[-178.7896,71.575,3.8438],[-178.7937,71.5729,0.5684],[-178.8021,71.5729,-0.0614],[-178.8062,71.5708,1.1217],[-178.8104,71.5708,0.8424],[-178.8146,71.5729,0.0],[-178.8229,71.5708,2.2401],[-178.8271,71.5729,0.9049],[-178.85,71.5729,2.425],[-178.8562,71.5708,1.0366],[-178.8604,71.5729,0.0],[-178.8687,71.5729,3.0606],[-178.8729,71.575,1.6893],[-178.8813,71.575,3.2553],[-178.8854,71.5771,1.5932],[-178.8917,71.575,1.8395],[-178.9208,71.575,1.1416],[-178.9375,71.5813,-0.748],[-178.9479,71.5813,0.0],[-178.9542,71.5792,0.1784],[-178.9583,71.5813,2.208],[-178.9667,71.5813,0.0],[-178.9708,71.5833,0.0],[-178.9792,71.5813,2.3108],[-178.9833,71.5833,1.287],[-179.0125,71.5833,2.7455]]],
[[[-179.0729,71.5625,0.2806],[-179.0693,71.563,-1.0744],[-179.0693,71.5641,-0.0179],[-179.0766,71.5641,0.0374],[-179.0729,71.5625,0.2806]]],
[[[-178.8042,71.5771,0.0],[-178.8167,71.5771,-0.4726],[-178.8182,71.5755,4.1678],[-178.7984,71.5755,3.5792],[-178.8,71.5771,0.0],[-178.8042,71.5771,0.0]]],
[[[-177.4833,71.1563,122.7578],[-177.4797,71.1578,96.6932],[-177.4849,71.1589,125.1841],[-177.4875,71.1625,162.4705],[-177.4958,71.1604,170.5667],[-177.5021,71.1625,62.503],[-177.5047,71.1589,130.4174],[-177.512,71.1578,90.2802],[-177.5104,71.1563,92.0277],[-177.5021,71.1563,157.1275],[-177.4979,71.1542,50.0173],[-177.4917,71.1563,180.1834],[-177.4833,71.1563,122.7578]]],
[[[-177.513,71.1589,89.4362],[-177.5172,71.162,64.0453],[-177.525,71.1646,72.6042],[-177.5349,71.1641,154.6924],[-177.5333,71.1625,150.6262],[-177.5271,71.1625,76.0011],[-177.5167,71.1583,76.3864],[-177.513,71.1589,89.4362]]],
[[[-177.4797,71.163,49.88],[-177.4812,71.1646,60.3652],[-177.4849,71.1641,132.3158],[-177.4833,71.1625,99.2187],[-177.4797,71.163,49.88]]],
[[[-177.5099,71.1641,47.1491],[-177.5047,71.1661,49.4577],[-177.5099,71.1672,66.7166],[-177.5088,71.1703,48.8414],[-177.5104,71.1708,44.1259],[-177.5286,71.1682,71.7851],[-177.5271,71.1667,75.5742],[-177.5172,71.1661,59.1879],[-177.5146,71.1625,51.5206],[-177.5099,71.1641,47.1491]]],
[[[-177.4766,71.1734,16.8148],[-177.4818,71.1766,2.8993],[-177.4917,71.1792,12.5975],[-177.4932,71.1776,22.3315],[-177.4901,71.1755,5.2486],[-177.4917,71.175,7.8916],[-177.4979,71.1771,12.4439],[-177.5016,71.1766,9.3907],[-177.5016,71.1734,33.0531],[-177.4964,71.1724,33.3258],[-177.4958,71.1708,29.9473],[-177.4964,71.1693,28.8415],[-177.5021,71.1687,45.4581],[-177.5036,71.1672,48.211],[-177.4714,71.1672,0.0],[-177.4766,71.1703,17.4872],[-177.4714,71.1724,0.0],[-177.4766,71.1734,16.8148]]],
[[[-177.5271,71.1771,37.488],[-177.5229,71.1771,28.8409],[-177.5213,71.1787,24.1689],[-177.5292,71.1813,28.5396],[-177.5437,71.1813,31.0637],[-177.5458,71.1792,31.8534],[-177.5437,71.1771,36.4247],[-177.5271,71.1771,37.488]]],
[[[-177.4755,71.1797,24.438],[-177.4771,71.1813,7.1232],[-177.4807,71.1807,9.5006],[-177.4792,71.1792,30.1811],[-177.4755,71.1797,24.438]]],
[[[-177.4818,71.1818,3.683],[-177.4833,71.1833,3.4067],[-177.487,71.1828,3.9942],[-177.4854,71.1813,5.9576],[-177.4818,71.1818,3.683]]],
[[[-177.5104,71.1875,10.4284],[-177.5229,71.1875,16.9344],[-177.5292,71.1896,25.155],[-177.5307,71.1891,17.8425],[-177.5312,71.1854,26.4655],[-177.5292,71.1833,41.3052],[-177.5068,71.1828,26.477],[-177.5083,71.1813,26.6821],[-177.5141,71.1807,23.6942],[-177.5141,71.1776,15.287],[-177.5125,71.1771,15.287],[-177.5042,71.1771,11.4491],[-177.4995,71.1807,24.5161],[-177.4943,71.1818,5.0334],[-177.4937,71.1833,9.7676],[-177.4958,71.1854,9.9238],[-177.5042,71.1854,13.7175],[-177.5104,71.1875,10.4284]]],
[[[-177.5542,71.1854,46.4119],[-177.5479,71.1833,32.481],[-177.538,71.187,26.8708],[-177.5578,71.187,52.3973],[-177.5542,71.1854,46.4119]]],
[[[-177.5854,71.1875,51.6038],[-177.5792,71.1854,77.119],[-177.5714,71.1891,44.9158],[-177.5891,71.1891,64.1513],[-177.5854,71.1875,51.6038]]],
[[[-177.538,71.1901,30.3488],[-177.5396,71.1917,42.802],[-177.5432,71.1911,24.5671],[-177.5417,71.1896,22.6843],[-177.538,71.1901,30.3488]]],
[[[-177.4588,71.1974,0.0],[-177.4625,71.1979,0.0],[-177.4641,71.1964,0.0],[-177.4604,71.1958,0.0],[-177.4588,71.1974,0.0]]],
[[[-177.4359,71.2161,0.0],[-177.4396,71.2167,37.7837],[-177.4411,71.2151,0.0],[-177.4375,71.2146,0.0],[-177.4359,71.2161,0.0]]],
[[[-179.9984,69.1203,0.0],[-180.0,69.1203,0.0],[-180.0,69.1193,0.0],[-179.9984,69.1193,0.0],[-179.9984,69.1203,0.0]]],
[[[-180.0,69.124,0.0],[-179.9984,69.1234,0.0],[-179.9984,69.1266,0.0],[-180.0,69.126,0.0],[-180.0,69.124,0.0]]],
[[[-179.2359,71.5432,-0.3028],[-179.2417,71.5437,-0.0563],[-179.2432,71.5422,-0.0426],[-179.2375,71.5417,-0.4727],[-179.2359,71.5432,-0.3028]]],
[[[-179.4984,71.5547,2.9837],[-179.5,71.5563,3.7854],[-179.5036,71.5557,2.7242],[-179.5021,71.5542,2.5414],[-179.4984,71.5547,2.9837]]],
[[[-179.5047,71.5578,3.5745],[-179.5104,71.5583,0.0],[-179.512,71.5568,2.5576],[-179.5063,71.5563,3.6226],[-179.5047,71.5578,3.5745]]],
[[[-179.4958,71.5604,4.0409],[-179.5021,71.5604,2.7267],[-179.5036,71.5589,3.259],[-179.4922,71.5589,4.3323],[-179.4958,71.5604,4.0409]]],
[[[-179.5838,71.5693,0.0],[-179.5854,71.5708,0.1489],[-179.5891,71.5703,-0.6702],[-179.5875,71.5687,0.2472],[-179.5838,71.5693,0.0]]],
[[[-179.5901,71.5714,0.2134],[-179.5917,71.5729,0.6138],[-179.5953,71.5724,0.7728],[-179.5937,71.5708,0.1754],[-179.5901,71.5714,0.2134]]],
[[[-179.3021,71.5917,0.0],[-179.2984,71.5932,1.4716],[-179.3062,71.5958,3.7037],[-179.3271,71.5958,3.336],[-179.3307,71.5932,1.3195],[-179.3292,71.5917,0.9424],[-179.3188,71.5917,2.7256],[-179.3146,71.5896,2.0583],[-179.3083,71.5917,1.6894],[-179.3021,71.5917,0.0]]],
[[[-179.2187,71.5938,2.0312],[-179.2292,71.5938,3.6636],[-179.2333,71.5958,0.0],[-179.2396,71.5938,4.3971],[-179.2458,71.5958,2.2718],[-179.2974,71.5953,1.9006],[-179.2958,71.5938,0.5494],[-179.2729,71.5938,3.6154],[-179.2688,71.5917,0.0],[-179.2604,71.5917,0.0],[-179.2563,71.5896,0.0],[-179.2208,71.5896,0.6722],[-179.2167,71.5917,2.0832],[-179.2047,71.5922,0.0],[-179.2063,71.5938,2.7061],[-179.2187,71.5938,2.0312]]],
[[[-178.8255,71.5766,3.4026],[-178.8292,71.5771,0.0],[-178.8307,71.5755,0.9343],[-178.8271,71.575,0.0],[-178.8255,71.5766,3.4026]]],
[[[-179.0917,76.1667,0.0],[-179.0958,76.1667,0.0],[-179.0974,76.1651,0.0],[-179.088,76.1651,0.0],[-179.0917,76.1667,0.0]]]]}}