{"type":"Feature","properties":{"GID_3":"RUS.60.20.1_1","GID_0":"RUS","country":"Russia","GID_1":"RUS.60_1","province":"Sakha","NL_NAME_1":"РеспубликаСаха","GID_2":"RUS.60.20_1","county":"Nizhnekolymskiyrayon","NL_NAME_2":"Нижнеколымскийрайон","city":"NA","VARNAME_3":"NA","NL_NAME_3":"NA","TYPE_3":"NA","ENGTYPE_3":"NA","CC_3":"NA","HASC_3":"NA","name":"N_A.city"},
"geometry":{"type": "MultiPolygon","coordinates": [[[[162.3679,69.5878,112.5473],[162.3555,69.6288,11.3698],[162.3594,69.6289,13.9712],[162.3696,69.6391,13.0081],[162.385,69.6467,14.07],[162.3829,69.654,17.7649],[162.3818,69.6536,15.7079],[162.3828,69.6505,0.0],[162.3714,69.6453,0.0],[162.3724,69.6422,3.2819],[162.3662,69.638,10.035],[162.3537,69.6318,2.0652],[162.3458,69.6312,0.0],[162.3417,69.6292,9.327],[162.3125,69.6292,0.0],[162.3083,69.6271,1.9318],[162.2958,69.6271,0.0],[162.2917,69.625,22.5459],[162.2542,69.625,25.5667],[162.2359,69.6297,25.3045],[162.2328,69.6328,25.4019],[162.2229,69.6354,17.7668],[162.2172,69.6318,0.0],[162.2229,69.6312,24.6866],[162.2245,69.6297,30.2118],[162.2172,69.6266,0.0],[162.2182,69.6234,0.0],[162.2109,69.6193,0.0],[162.2167,69.6146,0.0],[162.2271,69.6146,0.0],[162.237,69.612,0.0],[162.2412,69.6078,22.0101],[162.2339,69.6036,0.0],[162.2349,69.6005,0.0],[162.2318,69.5995,0.0],[162.2328,69.5964,20.929],[162.225,69.5958,0.0],[162.2167,69.5917,5.0935],[162.2021,69.5896,0.0],[162.1979,69.5875,13.754],[162.1771,69.5875,0.0],[162.1729,69.5896,0.0],[162.1667,69.5875,0.0],[162.1625,69.5896,0.0],[162.1479,69.5896,38.6561],[162.1224,69.5755,43.8492],[162.113,69.5745,0.0],[162.1141,69.5714,16.1967],[162.1083,69.5687,30.2907],[162.1042,69.5687,20.4628],[162.1,69.5667,21.4101],[162.0813,69.5667,0.0],[162.0771,69.5646,5.3155],[162.0609,69.562,0.6773],[162.0682,69.5537,8.7128],[162.0651,69.5505,0.0],[162.0745,69.5401,0.5771],[162.0589,69.5328,0.0],[162.0599,69.5297,0.7541],[162.0578,69.5276,0.9245],[162.0412,69.5193,8.3903],[162.0333,69.5188,0.0],[162.0229,69.5125,25.8703],[162.0167,69.5125,0.0],[162.0021,69.5083,13.9649],[161.9917,69.5083,0.0],[161.9875,69.5062,22.6012],[161.9714,69.5068,0.0],[161.9729,69.5083,0.0],[161.9807,69.5089,0.0],[161.9776,69.513,0.0],[161.9792,69.5146,1.0661],[161.9854,69.5125,0.0],[161.9979,69.5125,0.0],[161.9995,69.513,0.0],[161.9984,69.5162,0.0],[162.0063,69.5167,0.0],[162.0146,69.5208,0.964],[162.0208,69.5208,0.0],[162.0297,69.5266,0.5545],[162.0375,69.5271,0.0],[162.0474,69.5318,0.4271],[162.0417,69.5375,0.425],[162.0271,69.5375,0.0],[162.0188,69.5333,0.6932],[162.0083,69.5333,0.0],[162.0,69.5292,0.9977],[161.9818,69.5266,0.0],[161.9755,69.5224,0.0],[161.9766,69.5193,1.0995],[161.975,69.5188,1.0491],[161.9625,69.5188,0.0],[161.9542,69.5146,1.3873],[161.9396,69.5125,0.0],[161.9354,69.5104,0.0],[161.9063,69.5104,0.0],[161.8917,69.5062,0.0],[161.875,69.5062,0.0],[161.8708,69.5042,0.5884],[161.8583,69.5042,0.0],[161.8542,69.5021,0.0],[161.8375,69.5021,0.0],[161.8276,69.4974,0.0],[161.8286,69.4943,0.0],[161.8255,69.4932,0.0],[161.8266,69.4901,4.5374],[161.8172,69.4891,0.0],[161.8141,69.4859,23.3808],[161.8042,69.4812,28.7937],[161.7964,69.4807,0.0],[161.7766,69.4693,16.174],[161.7688,69.4688,0.0],[161.762,69.4651,4.6959],[161.7521,69.4625,10.4215],[161.7396,69.4625,0.0],[161.7328,69.4589,1.9212],[161.7271,69.4583,1.4907],[161.7214,69.4557,0.0],[161.7224,69.4526,7.2581],[161.7146,69.4521,0.0],[161.7088,69.4495,1.5455],[161.7068,69.4464,1.9785],[161.7099,69.4422,13.2789],[161.6901,69.4328,0.0],[161.6911,69.4297,38.7655],[161.6839,69.4287,0.0],[161.6849,69.4255,33.306],[161.663,69.4141,0.0],[161.6641,69.4109,30.573],[161.6547,69.4099,0.0],[161.6557,69.4068,27.8011],[161.6484,69.4057,0.0],[161.6495,69.4026,32.4694],[161.6328,69.3943,0.0],[161.6255,69.3932,0.0],[161.6187,69.3896,2.1694],[161.6125,69.3896,0.0],[161.6042,69.3854,14.828],[161.5792,69.3854,23.9535],[161.575,69.3875,0.0],[161.5667,69.3875,0.0],[161.5625,69.3854,33.3394],[161.5562,69.3875,0.0],[161.5521,69.3854,39.5823],[161.5354,69.3833,0.0],[161.5229,69.3792,28.812],[161.5104,69.3792,0.0],[161.5089,69.3786,0.0],[161.5099,69.3714,3.6698],[161.5068,69.3703,0.0],[161.5078,69.3672,0.0],[161.5047,69.3662,0.0],[161.5057,69.363,3.4475],[161.4984,69.3599,0.0],[161.4995,69.3568,1.4966],[161.4937,69.3562,0.0],[161.4854,69.3521,6.9702],[161.475,69.3521,0.0],[161.4693,69.3495,2.9967],[161.4708,69.3479,0.0],[161.4766,69.3474,0.0],[161.4818,69.3422,0.0],[161.5036,69.337,0.0],[161.5021,69.3354,1.5566],[161.4964,69.3349,0.0],[161.4974,69.3318,1.1481],[161.4943,69.3297,0.0],[161.5016,69.3287,0.9233],[161.5057,69.3234,0.0],[161.4937,69.3187,0.9294],[161.4891,69.3224,0.4185],[161.4833,69.3229,0.8348],[161.4729,69.3271,0.0],[161.4505,69.3266,1.4637],[161.4464,69.3245,0.0],[161.4474,69.3214,1.0788],[161.4422,69.3182,0.0],[161.4432,69.3151,0.0],[161.4401,69.3141,0.0],[161.4432,69.3099,2.2601],[161.4401,69.3078,0.0],[161.4432,69.3037,0.0],[161.4422,69.3005,0.0],[161.4505,69.2963,0.0],[161.4578,69.2953,2.8679],[161.4609,69.2922,0.0],[161.4766,69.2891,2.078],[161.488,69.2776,0.0],[161.4953,69.2766,2.4301],[161.4922,69.2734,0.0],[161.4995,69.2724,2.3591],[161.5036,69.2682,0.0],[161.5005,69.2651,0.0],[161.5063,69.2646,2.3242],[161.5078,69.263,1.5428],[161.4984,69.2578,0.0],[161.4995,69.2547,0.0],[161.4922,69.2505,0.0],[161.5042,69.25,0.0],[161.5057,69.2484,0.0],[161.4917,69.2479,0.0],[161.4787,69.2401,0.0],[161.4667,69.2396,0.0],[161.4609,69.237,0.0],[161.462,69.2338,0.0],[161.4588,69.2318,0.0],[161.4661,69.2234,2.7505],[161.4609,69.2203,0.0],[161.462,69.2172,3.3672],[161.4505,69.212,0.0],[161.4516,69.2089,4.1867],[161.4495,69.2068,2.9539],[161.438,69.2005,0.0],[161.4453,69.1995,0.0],[161.4505,69.1943,0.0],[161.4578,69.1932,8.4371],[161.4547,69.1901,0.0],[161.4667,69.1896,25.1839],[161.4729,69.1854,0.0],[161.4937,69.1854,4.5116],[161.4979,69.1833,0.0],[161.5099,69.1828,2.6794],[161.5141,69.1787,17.0388],[161.5109,69.1766,0.0],[161.513,69.1734,0.0],[161.5328,69.1724,0.0],[161.5412,69.1641,1.9185],[161.5297,69.1578,0.0],[161.537,69.1547,0.0],[161.5151,69.1432,0.0],[161.513,69.1412,0.0],[161.5141,69.138,0.0],[161.5083,69.1354,9.8288],[161.5005,69.1349,0.0],[161.5068,69.1276,0.0],[161.5141,69.1266,50.5427],[161.5193,69.1214,0.0],[161.5266,69.1203,3.5903],[161.5286,69.1172,0.0],[161.5255,69.1151,0.0],[161.5349,69.1068,1.6755],[161.5271,69.1062,0.0],[161.5213,69.1036,0.0],[161.5224,69.1005,1.67],[161.5193,69.0984,0.0],[161.5213,69.0964,0.0],[161.5271,69.0958,0.0],[161.5286,69.0943,0.8848],[161.5234,69.0911,1.0431],[161.5245,69.088,0.0],[161.5213,69.087,0.0],[161.5224,69.0839,1.3841],[161.5193,69.0828,0.0],[161.5203,69.0797,1.5806],[161.5151,69.0766,0.0],[161.5161,69.0734,3.6856],[161.5089,69.0703,0.0],[161.5099,69.0672,0.0],[161.4964,69.0599,0.0],[161.4974,69.0568,18.3827],[161.4943,69.0547,0.0],[161.5078,69.0537,21.6162],[161.5151,69.0463,0.0],[161.5307,69.0432,16.8735],[161.5276,69.0411,0.0],[161.5292,69.0396,0.0],[161.5453,69.0391,18.292],[161.5443,69.0359,6.9275],[161.5474,69.0318,0.0],[161.5443,69.0297,0.0],[161.55,69.0292,3.7694],[161.5516,69.0276,4.6367],[161.5484,69.0266,2.5888],[161.5495,69.0234,27.2962],[161.538,69.0193,0.0],[161.5422,69.0151,2.9041],[161.5495,69.0141,6.7005],[161.5526,69.0109,0.0],[161.5578,69.0099,2.7687],[161.5599,69.0078,3.8034],[161.5589,69.0047,2.6119],[161.5599,69.0026,2.0487],[161.5568,69.0016,2.1558],[161.5578,68.9984,32.1839],[161.5484,68.9974,0.0],[161.5422,68.9922,14.4002],[161.5557,68.9891,5.7299],[161.5604,68.9854,0.0],[161.5661,68.9849,0.6269],[161.5745,68.9766,0.0],[161.5734,68.9734,0.0],[161.5786,68.9672,2.0467],[161.5672,68.962,0.0],[161.5682,68.9589,1.8718],[161.5672,68.9568,0.0],[161.5745,68.9557,4.0303],[161.5714,68.9526,0.0],[161.5755,68.9484,0.0],[161.5813,68.9479,2.6684],[161.5849,68.9453,3.3403],[161.5818,68.9422,0.0],[161.5932,68.9411,4.2058],[161.5964,68.938,3.0071],[161.6037,68.937,4.1139],[161.6083,68.9333,0.0],[161.6224,68.9307,1.1116],[161.6271,68.9271,0.0],[161.6391,68.9266,3.371],[161.6359,68.9234,0.0],[161.6417,68.9229,3.9725],[161.6432,68.9213,3.5434],[161.6401,68.9203,0.0],[161.6411,68.9172,2.9951],[161.6339,68.9141,0.0],[161.6349,68.9109,0.0],[161.6328,68.9089,0.0],[161.6292,68.9083,0.0],[161.6276,68.9099,0.0],[161.6307,68.912,0.0],[161.6276,68.9151,3.7682],[161.6286,68.9182,0.0],[161.6276,68.9203,0.0],[161.6307,68.9224,0.0],[161.6187,68.9229,4.1295],[161.6042,68.9313,0.0],[161.588,68.9307,4.0522],[161.5896,68.9292,3.8833],[161.6037,68.9266,3.2263],[161.6083,68.9229,3.3785],[161.6141,68.9224,2.4448],[161.6203,68.9161,3.3125],[161.6172,68.9141,3.9163],[161.6182,68.9109,4.9324],[161.6151,68.9099,5.4835],[161.6162,68.9068,6.3166],[161.6151,68.9047,3.9421],[161.6203,68.8984,0.0],[161.6125,68.8979,4.9481],[161.6109,68.8964,1.8134],[161.6167,68.8958,0.0],[161.6203,68.8932,4.1748],[161.6172,68.8901,0.0],[161.6245,68.8891,0.0],[161.6172,68.8849,0.0],[161.6182,68.8776,0.0],[161.6151,68.8766,0.0],[161.6203,68.8693,4.6664],[161.6062,68.8688,3.3064],[161.6026,68.8714,4.2455],[161.6037,68.8745,4.1746],[161.6021,68.875,4.2022],[161.588,68.8745,3.7026],[161.5932,68.8672,4.0038],[161.588,68.8641,4.4602],[161.5891,68.8609,3.9364],[161.5818,68.8578,4.3705],[161.5828,68.8544,4.0663],[161.5693,68.8536,3.959],[161.5708,68.8521,4.6562],[161.5766,68.8516,3.8312],[161.5708,68.8479,4.0282],[161.5625,68.85,3.5345],[161.55,68.8458,4.4521],[161.5375,68.8458,3.9813],[161.5359,68.8474,4.0472],[161.5422,68.8516,5.2395],[161.5599,68.8544,3.8373],[161.5682,68.8588,3.9126],[161.5703,68.8609,3.8379],[161.5693,68.8641,5.2005],[161.5724,68.8662,5.0454],[161.5672,68.8724,1.0551],[161.5891,68.8849,4.0395],[161.5688,68.8833,0.0],[161.5646,68.8812,0.9027],[161.5542,68.8812,0.0],[161.5474,68.8776,1.2446],[161.5375,68.875,1.2074],[161.5271,68.875,0.0],[161.5125,68.8708,3.6274],[161.5021,68.8708,0.0],[161.4953,68.8672,0.0],[161.488,68.8662,0.0],[161.4891,68.863,4.4961],[161.4812,68.8625,0.0],[161.4755,68.8599,0.0],[161.4724,68.8568,4.4477],[161.4609,68.8516,0.0],[161.4588,68.8495,0.0],[161.4599,68.8464,5.53],[161.4484,68.8411,0.0],[161.4339,68.8318,0.0],[161.4375,68.8292,3.5799],[161.4458,68.8292,0.0],[161.4474,68.8297,0.0],[161.4464,68.8328,2.9049],[161.4479,68.8333,2.9134],[161.4792,68.8333,4.7179],[161.4833,68.8313,0.0],[161.4896,68.8333,2.048],[161.4912,68.8318,0.0],[161.4854,68.8292,2.7336],[161.4792,68.8292,4.6714],[161.475,68.8313,0.0],[161.4625,68.8313,4.0878],[161.4583,68.8292,4.2515],[161.4505,68.8287,5.766],[161.4359,68.8203,0.0],[161.437,68.8172,4.7498],[161.4234,68.8099,4.2725],[161.4245,68.8068,0.0],[161.4203,68.8047,0.0],[161.4005,68.7995,3.9889],[161.3938,68.7958,5.169],[161.3833,68.7958,0.0],[161.3724,68.7901,28.9936],[161.3651,68.7891,0.0],[161.3662,68.7859,27.2756],[161.363,68.7839,0.0],[161.3682,68.7776,2.2828],[161.3526,68.7724,0.0],[161.3537,68.7693,1.4009],[161.3474,68.7651,26.2552],[161.338,68.7641,0.0],[161.3307,68.7589,11.9572],[161.3214,68.7578,0.0],[161.3224,68.7547,13.1894],[161.3151,68.7536,0.0],[161.3167,68.7521,0.0],[161.3224,68.7516,18.4757],[161.3193,68.7484,0.0],[161.3234,68.7443,1.7493],[161.3292,68.7438,5.1058],[161.3307,68.7422,4.6055],[161.3208,68.7417,1.2547],[161.3167,68.7438,0.0],[161.3005,68.7391,0.0],[161.3016,68.7318,3.8489],[161.2922,68.7266,0.0],[161.2974,68.7203,4.8922],[161.2943,68.7172,0.0],[161.3016,68.7161,5.8594],[161.3068,68.7109,0.0],[161.3224,68.7078,5.1756],[161.3255,68.7047,0.0],[161.3307,68.7037,5.2431],[161.3359,68.6984,0.0],[161.3432,68.6974,4.9012],[161.3526,68.688,3.0142],[161.3562,68.6875,2.5125],[161.3646,68.6917,5.0682],[161.3708,68.6917,2.4389],[161.3724,68.6901,3.2247],[161.3687,68.6875,4.5071],[161.3526,68.6849,3.6497],[161.3537,68.6818,5.873],[161.3505,68.6807,5.7129],[161.3516,68.6776,0.0],[161.3484,68.6766,0.0],[161.3516,68.6713,4.8234],[161.3391,68.663,3.3658],[161.3313,68.6625,0.0],[161.3229,68.6583,2.3842],[161.3109,68.6578,1.7693],[161.2901,68.6453,0.0],[161.2912,68.6422,3.7274],[161.2859,68.6391,3.5367],[161.287,68.6359,4.4278],[161.2813,68.6333,5.3093],[161.2734,68.6328,0.0],[161.2766,68.6286,0.0],[161.2755,68.6255,0.0],[161.2766,68.6234,2.8948],[161.2672,68.6182,0.0],[161.2682,68.6151,1.987],[161.2443,68.6016,0.0],[161.2453,68.5984,5.0308],[161.2359,68.5932,0.0],[161.237,68.5901,3.7395],[161.2193,68.5807,0.0],[161.2203,68.5776,4.1672],[161.2109,68.5724,0.0],[161.212,68.5693,3.2161],[161.2099,68.5672,2.2404],[161.2005,68.562,0.0],[161.2036,68.5568,4.644],[161.1964,68.5537,5.4383],[161.1932,68.5505,4.0303],[161.1839,68.5495,0.0],[161.1849,68.5463,0.0],[161.1755,68.5411,0.0],[161.1766,68.538,6.4334],[161.1693,68.537,0.0],[161.1495,68.5255,1.9673],[161.1438,68.525,0.0],[161.138,68.5224,0.0],[161.1307,68.5172,6.3504],[161.1187,68.5167,0.0],[161.1172,68.5162,0.0],[161.1182,68.513,2.7065],[161.1088,68.5125,0.0],[161.0932,68.5333,0.8246],[161.1167,68.5396,2.1677],[161.1245,68.5401,0.0],[161.1276,68.5432,2.3873],[161.1516,68.5568,0.0],[161.1505,68.5599,2.9201],[161.1557,68.563,0.0],[161.1547,68.5661,1.4962],[161.1578,68.5672,0.0],[161.1568,68.5703,1.8212],[161.1599,68.5714,0.0],[161.1589,68.5787,3.6559],[161.1662,68.5818,0.0],[161.1651,68.5891,1.5351],[161.1682,68.5911,0.0],[161.1651,68.5953,1.7521],[161.1682,68.5964,1.715],[161.1672,68.5995,1.9374],[161.1729,68.6,0.0],[161.1787,68.6026,0.0],[161.1776,68.6057,4.4879],[161.1901,68.6141,4.9494],[161.1995,68.6151,0.0],[161.1984,68.6224,3.3628],[161.2042,68.625,4.3864],[161.212,68.6255,0.0],[161.2141,68.6276,0.0],[161.213,68.6307,2.9627],[161.2266,68.638,0.0],[161.2255,68.6412,3.2136],[161.2349,68.6474,2.0474],[161.2328,68.6495,0.0],[161.2292,68.65,0.0],[161.2229,68.6458,1.6853],[161.1854,68.6458,4.9658],[161.1812,68.6479,0.0],[161.175,68.6458,3.314],[161.1708,68.6479,5.343],[161.1604,68.6479,4.8176],[161.1563,68.65,0.0],[161.1417,68.65,4.8522],[161.1255,68.6547,4.9787],[161.1125,68.6604,0.0],[161.0917,68.6646,4.4407],[161.0854,68.6687,0.0],[161.0771,68.6687,4.0371],[161.0755,68.6703,0.0],[161.0776,68.6724,5.0381],[161.0813,68.6729,5.0517],[161.0938,68.6687,0.0],[161.1021,68.6687,4.9315],[161.1229,68.6625,0.0],[161.1271,68.6625,5.1999],[161.1318,68.6589,0.0],[161.1417,68.6563,0.0],[161.1646,68.6542,4.1562],[161.1687,68.6521,1.2787],[161.1771,68.6521,3.5256],[161.1812,68.65,0.0],[161.2188,68.65,0.0],[161.2234,68.6536,1.8848],[161.2328,68.6547,0.0],[161.2318,68.6578,2.9359],[161.2412,68.6641,0.0],[161.2266,68.6787,0.0],[161.2214,68.6818,2.65],[161.2245,68.6849,0.0],[161.2214,68.6891,2.6181],[161.2245,68.6911,0.0],[161.2214,68.6953,4.9611],[161.2359,68.7037,0.0],[161.2432,68.7047,0.0],[161.2422,68.7078,0.0],[161.2516,68.713,2.0778],[161.2505,68.7161,2.7312],[161.2536,68.7172,0.0],[161.2521,68.7188,0.0],[161.2464,68.7193,3.9907],[161.2495,68.7224,4.3014],[161.2453,68.7266,0.0],[161.2396,68.7271,4.1137],[161.2359,68.7297,4.3443],[161.237,68.7328,4.3464],[161.2318,68.738,4.3658],[161.2349,68.7412,0.0],[161.2276,68.7422,4.3133],[161.2349,68.7464,0.0],[161.2276,68.7495,1.243],[161.2328,68.7526,4.0955],[161.2318,68.7557,4.2615],[161.2349,68.7568,1.8729],[161.2339,68.7599,4.4526],[161.2391,68.763,4.6926],[161.238,68.7662,4.3173],[161.2557,68.7755,0.0],[161.2547,68.7786,4.3074],[161.262,68.7797,0.0],[161.2609,68.7828,4.1929],[161.2724,68.788,0.0],[161.2693,68.7922,4.4021],[161.2713,68.7953,4.9069],[161.2807,68.7963,0.0],[161.2797,68.7995,4.9917],[161.2818,68.8016,2.9824],[161.2912,68.8026,0.0],[161.2901,68.8057,4.3208],[161.2932,68.8068,3.74],[161.2922,68.8141,5.8423],[161.2953,68.8151,0.0],[161.2943,68.8182,5.245],[161.2974,68.8193,0.0],[161.2995,68.8224,7.2247],[161.2896,68.8229,5.0347],[161.288,68.8245,5.479],[161.3,68.825,5.7862],[161.3161,68.8339,0.0],[161.3089,68.837,4.1504],[161.3182,68.838,0.0],[161.3172,68.8411,5.7524],[161.3307,68.8484,0.0],[161.3328,68.8505,0.0],[161.3318,68.8536,5.2779],[161.3391,68.8568,0.0],[161.338,68.8599,1.9898],[161.3401,68.862,5.5079],[161.3516,68.8672,0.0],[161.3505,68.8703,4.2517],[161.3526,68.8724,2.8249],[161.3662,68.8797,0.0],[161.3651,68.8828,3.7202],[161.3682,68.8839,0.0],[161.3672,68.887,0.0],[161.3703,68.8891,2.4248],[161.3646,68.8896,2.2677],[161.363,68.8912,1.3491],[161.3807,68.8943,0.0],[161.3797,68.8974,4.8132],[161.3854,68.8979,0.0],[161.3938,68.9021,5.8317],[161.4016,68.9026,0.0],[161.4036,68.9047,2.7142],[161.4026,68.9078,3.9895],[161.4083,68.9104,3.4206],[161.4162,68.9109,0.0],[161.4151,68.9141,4.4205],[161.4162,68.9161,3.656],[161.4099,68.9224,2.9671],[161.3938,68.9229,4.1874],[161.3813,68.9271,0.0],[161.3714,68.9276,4.4244],[161.363,68.9339,3.0892],[161.3662,68.9359,0.0],[161.3651,68.9391,2.5988],[161.3703,68.9391,0.0],[161.3776,68.9318,2.6199],[161.3849,68.9307,5.0617],[161.3896,68.9271,0.0],[161.4167,68.925,5.2542],[161.4245,68.9297,5.0099],[161.4234,68.9328,5.5308],[161.4266,68.9339,4.1492],[161.4255,68.937,3.936],[161.4328,68.9401,0.0],[161.4349,68.9422,0.0],[161.4339,68.9453,4.96],[161.4411,68.9484,0.0],[161.4401,68.9557,4.9085],[161.4432,68.9568,4.0846],[161.4422,68.9599,5.3963],[161.4453,68.9609,0.0],[161.4443,68.9641,0.0],[161.4474,68.9661,0.0],[161.4401,68.9672,4.47],[161.4292,68.9771,0.0],[161.4083,68.9812,2.2043],[161.4021,68.9854,0.0],[161.3667,68.9938,0.8418],[161.3604,68.9979,0.0],[161.35,68.9979,2.8118],[161.3438,69.0021,0.0],[161.3338,69.0026,3.1449],[161.3286,69.0078,0.0],[161.3214,69.0089,2.0339],[161.3182,69.012,0.0],[161.3109,69.013,1.7429],[161.3078,69.0162,0.0],[161.3005,69.0172,3.2626],[161.2974,69.0203,0.0],[161.2901,69.0214,3.0034],[161.2854,69.025,0.0],[161.2625,69.0271,3.9792],[161.25,69.0313,0.0],[161.2417,69.0313,2.1689],[161.2292,69.0354,0.0],[161.2188,69.0354,2.8268],[161.2146,69.0375,0.0],[161.2,69.0375,2.1663],[161.1958,69.0396,0.0],[161.1734,69.0391,0.0],[161.175,69.0375,0.0],[161.1807,69.037,1.3236],[161.1854,69.0333,0.0],[161.2078,69.0286,4.1929],[161.2167,69.0208,0.0],[161.2271,69.0208,4.2041],[161.2349,69.0182,4.0146],[161.2396,69.0146,0.0],[161.2641,69.0141,0.0],[161.2672,69.0109,0.0],[161.2729,69.0104,3.071],[161.2766,69.0078,2.7162],[161.2734,69.0047,0.0],[161.2807,69.0036,0.9996],[161.2859,68.9984,0.0],[161.2932,68.9974,2.6731],[161.2964,68.9943,1.3143],[161.3042,68.9917,0.0],[161.3333,68.9854,0.0],[161.3458,68.9812,0.0],[161.3667,68.9812,4.2888],[161.3766,68.9786,3.9316],[161.387,68.9682,3.9671],[161.3839,68.9651,0.0],[161.3891,68.9589,3.8503],[161.3839,68.9557,0.0],[161.387,68.9505,2.2752],[161.3755,68.9453,0.0],[161.3724,68.9422,0.0],[161.3687,68.9417,4.1537],[161.3672,68.9432,3.1075],[161.3766,68.9495,0.0],[161.3714,68.9547,1.6564],[161.3745,68.9578,0.0],[161.3672,68.9589,4.3699],[161.3703,68.9609,0.7386],[161.3693,68.9641,0.0],[161.3703,68.9661,0.0],[161.3651,68.9714,4.4672],[161.3682,68.9745,0.0],[161.35,68.9792,2.0703],[161.3417,68.9792,4.4117],[161.3375,68.9812,1.2679],[161.3146,68.9833,3.5745],[161.3104,68.9854,1.1622],[161.2896,68.9896,0.0],[161.2849,68.9932,0.0],[161.2776,68.9943,3.3594],[161.2703,69.0016,0.0],[161.263,69.0026,3.9282],[161.2661,69.0057,0.0],[161.2589,69.0068,3.4137],[161.2557,69.0099,2.3329],[161.2458,69.0125,1.982],[161.2375,69.0125,4.0978],[161.2167,69.0188,0.0],[161.2063,69.0188,4.049],[161.1995,69.0245,0.0],[161.1776,69.0297,3.7633],[161.1745,69.0328,4.0718],[161.1672,69.0339,3.7922],[161.162,69.0391,0.0],[161.1547,69.0401,3.7201],[161.15,69.0437,0.0],[161.1458,69.0437,2.8679],[161.1417,69.0458,0.0],[161.1333,69.0458,1.7385],[161.1292,69.0479,0.0],[161.1,69.0479,2.2721],[161.0958,69.05,0.0],[161.0875,69.05,3.5456],[161.0833,69.0521,0.0],[161.0437,69.0521,1.6846],[161.0396,69.0542,1.0397],[161.0313,69.0542,1.9716],[161.0021,69.0625,0.0],[160.9979,69.0625,3.6729],[160.9917,69.0667,2.5795],[160.9839,69.0661,1.4952],[160.987,69.0609,3.404],[160.9812,69.0583,3.4424],[160.9672,69.0589,3.601],[160.9693,69.062,3.8083],[160.9766,69.0651,1.6473],[160.9755,69.0682,2.7716],[160.9828,69.0693,2.2167],[160.9755,69.0776,2.2378],[160.9787,69.0797,0.0],[160.9776,69.0828,3.8126],[160.9922,69.0911,0.0],[160.9995,69.0922,0.0],[161.012,69.0984,0.0],[161.0068,69.1036,1.5096],[161.0141,69.1068,0.0],[161.013,69.1099,3.6191],[161.0188,69.1104,0.0],[161.0271,69.1146,3.8183],[161.0349,69.1151,0.0],[161.0479,69.1229,4.1569],[161.0557,69.1234,0.0],[161.062,69.1276,0.0],[161.0609,69.1307,0.0],[161.0703,69.1318,0.0],[161.0734,69.1349,3.0509],[161.0849,69.1401,0.0],[161.0838,69.1432,1.6017],[161.0891,69.1464,0.0],[161.088,69.1495,2.0762],[161.0911,69.1505,0.0],[161.0901,69.1536,1.3867],[161.0932,69.1547,0.0],[161.0922,69.1578,0.0],[161.0932,69.1599,0.0],[161.088,69.1651,0.0],[161.0911,69.1682,0.0],[161.0838,69.1693,0.0],[161.0766,69.1766,0.0],[161.0693,69.1776,1.6332],[161.063,69.1839,0.0],[161.0661,69.187,0.0],[161.0589,69.188,0.0],[161.062,69.1911,0.0],[161.0583,69.1937,0.0],[161.0526,69.1943,1.3532],[161.0537,69.1974,0.0],[161.0484,69.1984,1.4116],[161.0495,69.2016,2.0687],[161.0484,69.2037,1.4457],[161.0516,69.2057,0.0],[161.0464,69.212,1.2934],[161.0495,69.2141,0.9576],[161.0339,69.2172,0.0],[161.0276,69.2245,3.1734],[161.0307,69.2255,0.0],[161.0297,69.2328,2.7835],[161.0328,69.2338,0.0],[161.0318,69.237,0.0],[161.0349,69.238,0.0],[161.0339,69.2412,0.0],[161.0432,69.2464,0.0],[161.0422,69.2495,2.0687],[161.0495,69.2526,0.0],[161.0443,69.2568,2.9553],[161.0474,69.2589,2.7604],[161.0443,69.263,2.1134],[161.0474,69.2651,2.6815],[161.0464,69.2682,2.1941],[161.0542,69.2688,0.9971],[161.0604,69.2667,0.8818],[161.0661,69.2693,1.0738],[161.0651,69.2724,1.2634],[161.0724,69.2755,0.0],[161.0745,69.2776,0.0],[161.0734,69.2807,3.0494],[161.0911,69.2901,0.0],[161.0901,69.2932,1.8659],[161.0974,69.2974,0.0],[161.0901,69.3047,1.8062],[161.0911,69.3078,0.0],[161.0828,69.3161,0.0],[161.0755,69.3172,1.4534],[161.0641,69.3287,0.0],[161.0521,69.3313,1.0774],[161.0484,69.3287,1.9353],[161.0495,69.3255,2.2227],[161.0479,69.325,0.0],[161.0359,69.3276,0.0],[161.0391,69.3297,0.0],[161.038,69.3328,0.0],[161.0391,69.3349,0.0],[161.0339,69.3411,1.0414],[161.0412,69.3453,0.0],[161.0339,69.3464,1.2126],[161.037,69.3495,0.0],[161.0286,69.3578,1.3638],[161.0213,69.3588,-1.0],[161.0161,69.3641,0.0],[161.0068,69.3672,2.0423],[161.0047,69.3693,2.4878999999999998],[161.0057,69.3724,0.0],[160.9984,69.3734,2.3871],[160.9964,69.3755,2.3842],[160.9995,69.3786,0.0],[160.9943,69.3849,2.4181],[160.9974,69.3859,0.0],[160.9964,69.3891,0.8056],[160.9995,69.3912,0.0],[160.9937,69.3917,1.6043],[160.9901,69.3943,2.2879],[160.9922,69.3974,0.9879],[160.9953,69.3984,0.0],[160.9922,69.4026,1.3811],[160.9953,69.4057,0.0],[160.9922,69.4099,1.6979],[160.9995,69.4109,0.0],[160.9964,69.4161,1.6615],[161.0021,69.4187,0.0],[161.0099,69.4193,0.0],[161.0089,69.4224,1.0093],[161.0099,69.4245,0.6482],[161.0068,69.4287,0.5748],[161.0099,69.4307,0.0],[161.0026,69.4318,0.8975],[160.9979,69.4354,0.0],[160.9917,69.4333,0.9093],[160.9833,69.4375,0.0],[160.9625,69.4375,0.0],[160.9526,69.4401,0.9523],[160.9484,69.4453,2.1583],[160.9557,69.4484,0.0],[160.9547,69.4557,1.9299],[160.9578,69.4568,0.0],[160.9568,69.4599,1.5637],[160.9599,69.4609,0.0],[160.9568,69.4661,1.7829],[160.962,69.4693,1.4843],[160.9609,69.4724,1.8359],[160.9724,69.4776,0.0],[160.9714,69.4807,0.0],[160.9734,69.4828,1.0695],[160.9917,69.4854,0.0],[160.9974,69.488,0.0],[160.9875,69.4917,1.0306],[160.9755,69.4922,0.0],[160.9849,69.4984,-3.0],[160.9839,69.5016,2.3021],[160.9875,69.5021,-3.0],[160.9937,69.5,1.089],[161.0036,69.5047,0.0],[161.0057,69.5068,0.0],[161.0047,69.5099,0.9372],[161.0208,69.5083,0.0],[161.0292,69.5125,1.5357],[161.0349,69.513,0.0],[161.0443,69.5182,1.2609],[161.0537,69.5193,0.0],[161.0651,69.5266,0.0],[161.0729,69.5271,1.7643],[161.0786,69.5297,1.5731],[161.0818,69.5328,1.1846],[161.0932,69.538,0.9795],[161.0922,69.5411,1.4278],[161.0953,69.5422,1.2328],[161.0943,69.5495,0.4977],[161.0974,69.5505,1.2929],[161.0964,69.5537,0.1522],[161.1057,69.5547,0.0],[161.1026,69.5589,0.0],[161.1037,69.562,0.5903],[161.1026,69.5641,-1.2776],[161.1057,69.5651,0.9566],[161.1047,69.5682,0.8992],[161.1078,69.5703,1.0297],[161.1,69.5771,0.0],[161.0729,69.5771,0.5882],[161.0688,69.5792,0.7223],[161.0583,69.5792,0.9165],[161.0542,69.5813,0.0],[161.0271,69.5813,-0.831],[161.0229,69.5792,0.0],[161.0167,69.5792,0.0],[161.0068,69.5818,0.0],[161.0016,69.587,0.0],[160.9917,69.5896,0.0],[160.9609,69.5901,-1.859],[160.9641,69.5922,0.1087],[160.963,69.5953,0.6337],[160.9646,69.5958,0.0],[160.9682,69.5953,0.0],[160.9729,69.5917,0.9455],[160.9828,69.5922,0.5718],[160.9812,69.5938,0.0],[160.9755,69.5943,1.1724],[160.9714,69.5984,0.8885],[160.9766,69.6026,0.0],[160.9745,69.6057,0.0],[160.9672,69.6068,0.9064],[160.9703,69.6088,0.0],[160.9693,69.612,0.0],[160.9724,69.6141,0.0],[160.9651,69.6151,0.5143],[160.9682,69.6182,0.0],[160.9443,69.6234,0.8631],[160.9375,69.6292,0.9613],[160.9271,69.6292,0.5249],[160.9208,69.6312,0.9048],[160.9172,69.6286,0.3239],[160.9182,69.6256,0.8318],[160.9146,69.625,0.0],[160.9083,69.6292,-0.3963],[160.8917,69.6292,1.2124],[160.8854,69.6333,0.0],[160.875,69.6333,0.3992],[160.8703,69.637,-0.7099],[160.8604,69.6396,0.0],[160.85,69.6396,0.6187],[160.8438,69.6417,0.0],[160.8338,69.6391,0.6922],[160.8354,69.6375,-0.9955],[160.8411,69.637,-0.2615],[160.8495,69.6286,0.3361],[160.8464,69.6266,0.0],[160.8474,69.6234,0.0],[160.8438,69.6229,0.3201],[160.8401,69.6255,0.8102],[160.8432,69.6286,0.0],[160.8359,69.6297,0.7262],[160.8307,69.6349,0.0],[160.8125,69.6396,0.0],[160.8021,69.6396,0.7614],[160.7979,69.6417,0.0],[160.7771,69.6417,0.7473],[160.7729,69.6438,0.0],[160.7646,69.6438,0.6334],[160.7583,69.6417,-3.6317],[160.7568,69.6432,0.0],[160.7599,69.6453,0.0],[160.7583,69.6458,0.0],[160.75,69.6458,-1.2834],[160.7437,69.6438,-4.4962],[160.7375,69.6479,1.0588],[160.7333,69.6479,0.4403],[160.7292,69.65,0.0],[160.7208,69.65,1.1294],[160.7083,69.6542,0.0],[160.7,69.6521,1.2837],[160.6958,69.6542,0.0],[160.6854,69.6542,0.5264],[160.6792,69.6583,0.0],[160.6625,69.6583,0.0],[160.65,69.6625,0.0],[160.6354,69.6625,0.4118],[160.6313,69.6646,0.3747],[160.6208,69.6646,0.0],[160.6167,69.6667,0.0],[160.6,69.6667,0.697],[160.5938,69.6708,0.0],[160.5854,69.6708,0.0],[160.5792,69.6687,-0.3515],[160.5729,69.6708,0.0],[160.5688,69.6687,0.0],[160.5641,69.6724,0.0],[160.5542,69.675,0.0],[160.5146,69.675,0.0],[160.5047,69.6724,0.0],[160.5005,69.6693,0.0],[160.5042,69.6667,0.0],[160.5208,69.6667,0.0744],[160.525,69.6646,0.0],[160.5458,69.6604,0.3746],[160.5521,69.6563,0.0],[160.5729,69.6542,0.6531],[160.5771,69.6563,0.5],[160.5854,69.6563,-0.6877],[160.5896,69.6542,0.0],[160.6,69.6542,0.0],[160.6099,69.6505,0.396],[160.5792,69.65,-0.3875],[160.575,69.6479,-0.3753],[160.5604,69.6479,0.582],[160.5557,69.6516,0.663],[160.5458,69.6542,0.5704],[160.5354,69.6542,1.0785],[160.5229,69.6583,0.7186],[160.5125,69.6583,1.0608],[160.5078,69.662,0.8512],[160.4922,69.6651,0.0],[160.4953,69.6672,0.0],[160.4937,69.6687,0.0],[160.4854,69.6687,0.2138],[160.4812,69.6667,0.0],[160.4688,69.6667,0.8124],[160.4625,69.6687,0.0],[160.4583,69.6667,0.7397],[160.45,69.6667,0.0],[160.4438,69.6687,0.0],[160.4396,69.6667,0.7821],[160.4292,69.6667,0.8647],[160.425,69.6646,0.6728],[160.4187,69.6646,0.0],[160.413,69.662,0.5856],[160.4141,69.6589,0.8761],[160.413,69.6568,0.6684],[160.4151,69.6547,0.0],[160.4208,69.6542,0.0],[160.4224,69.6526,0.7568],[160.4146,69.6521,0.9611],[160.4063,69.6479,0.8896],[160.3896,69.6479,0.0],[160.388,69.6474,0.0],[160.3891,69.6443,1.1791],[160.3849,69.6422,0.9043],[160.3755,69.6412,1.1937],[160.3766,69.638,1.0226],[160.3755,69.6359,0.0],[160.3849,69.6328,0.6154],[160.3911,69.6266,0.6271],[160.388,69.6234,0.0],[160.3953,69.6224,0.8368],[160.3922,69.6193,0.6841],[160.3974,69.6141,0.0],[160.3963,69.6109,0.0],[160.4182,69.612,-0.5],[160.4167,69.6104,0.5693],[160.4089,69.6099,-0.5],[160.4026,69.6047,0.0],[160.4047,69.6026,0.0],[160.412,69.6016,1.1595],[160.4141,69.5995,1.0944],[160.4109,69.5974,0.0],[160.4141,69.5932,0.9806],[160.413,69.5901,0.0],[160.4187,69.5917,0.8162],[160.4287,69.5911,0.0],[160.4271,69.5896,1.0853],[160.4193,69.5891,0.0],[160.4172,69.587,0.951],[160.4182,69.5839,0.9631],[160.4151,69.5828,0.6097],[160.4203,69.5766,0.4657],[160.4172,69.5734,0.7386],[160.4214,69.5714,0.5541],[160.4349,69.5682,1.3145],[160.4458,69.5604,1.1561],[160.4536,69.5609,-0.5],[160.4526,69.5641,-0.5],[160.4583,69.5667,0.5713],[160.4703,69.5641,1.3327],[160.4724,69.5609,1.3406],[160.4682,69.5589,-0.5],[160.4563,69.5583,1.3308],[160.4547,69.5568,0.0],[160.4646,69.5542,0.0],[160.4729,69.5542,1.406],[160.4833,69.5479,0.0],[160.4875,69.55,-0.5],[160.4958,69.55,1.358],[160.4974,69.5484,-0.5],[160.4943,69.5463,0.7728],[160.5016,69.5453,1.124],[160.5047,69.5422,0.0],[160.5188,69.5396,1.6151],[160.5234,69.5359,0.0],[160.5333,69.5333,1.3349],[160.537,69.5339,0.0],[160.5359,69.537,0.0],[160.5375,69.5375,0.0],[160.55,69.5375,0.0],[160.5542,69.5396,1.0254],[160.587,69.5391,0.9418],[160.5813,69.5354,0.9024],[160.5604,69.5375,0.0],[160.5562,69.5354,0.0],[160.5458,69.5354,0.9368],[160.5401,69.5328,1.2825],[160.5464,69.5255,0.0],[160.5537,69.5245,1.533],[160.5557,69.5224,0.4434],[160.5505,69.5172,0.0],[160.5578,69.5099,1.5342],[160.5547,69.5068,0.0],[160.5661,69.4974,1.0392],[160.563,69.4953,0.7066],[160.5641,69.4922,1.3061],[160.5521,69.4854,1.3477],[160.5333,69.4854,0.7124],[160.5292,69.4833,1.2955],[160.525,69.4833,0.8654],[160.5109,69.4755,0.0],[160.5182,69.4745,1.4079],[160.5151,69.4714,0.0],[160.5182,69.4703,0.0],[160.5422,69.4464,0.0],[160.5495,69.4453,2.2073],[160.5464,69.4422,0.0],[160.5583,69.4375,0.0],[160.5724,69.4349,2.1059],[160.5776,69.4297,0.0],[160.5849,69.4287,1.5829],[160.5901,69.4234,0.0],[160.5974,69.4224,2.2005],[160.5964,69.4193,0.0],[160.6037,69.4182,1.5375],[160.6057,69.4151,2.5146],[160.5984,69.412,0.0],[160.6016,69.4068,0.843],[160.5984,69.4057,0.0],[160.5995,69.4026,1.0745],[160.5943,69.3984,0.0],[160.6,69.3979,0.8461],[160.6037,69.3953,2.4266],[160.6005,69.3922,0.0],[160.6057,69.387,0.0],[160.6047,69.3839,0.0],[160.6146,69.3833,1.0726],[160.6193,69.3797,0.0],[160.6266,69.3786,1.3269],[160.6313,69.375,0.0],[160.6787,69.3641,2.7094],[160.6807,69.3609,0.0],[160.6771,69.3604,1.1625],[160.6729,69.3625,0.0],[160.6625,69.3625,1.8969],[160.6583,69.3646,1.0373],[160.6542,69.3646,1.0347],[160.6354,69.3708,0.0],[160.625,69.3708,2.8908],[160.6182,69.3766,0.0],[160.6125,69.3771,0.617],[160.6078,69.3807,0.0],[160.6005,69.3818,2.6716],[160.5943,69.388,0.7403],[160.5953,69.3912,0.0],[160.5932,69.3932,0.4865],[160.5859,69.3943,2.4661],[160.5891,69.3964,0.0],[160.588,69.3995,0.0],[160.5911,69.4005,0.0],[160.588,69.4047,2.5068],[160.5891,69.4078,2.0515],[160.588,69.4099,1.3959],[160.5911,69.4109,0.0],[160.588,69.4151,0.0],[160.5911,69.4172,0.6456],[160.5891,69.4203,0.0],[160.5818,69.4213,1.3276],[160.5766,69.4266,0.0],[160.5693,69.4276,1.0699],[160.5646,69.4313,0.0],[160.5526,69.4318,1.2858],[160.5453,69.4391,0.6905],[160.538,69.4401,1.0723],[160.5307,69.4474,0.0],[160.5234,69.4484,1.1748],[160.5213,69.4505,1.4356],[160.5224,69.4537,1.0558],[160.5203,69.4557,0.0],[160.513,69.4568,0.6052],[160.5047,69.4651,0.0],[160.5078,69.4682,0.0],[160.5005,69.4693,0.6544],[160.4984,69.4714,0.8022],[160.5016,69.4745,0.0],[160.488,69.4755,1.437],[160.4932,69.4797,1.2047],[160.4922,69.4828,1.8143],[160.5208,69.4854,0.0],[160.5266,69.488,0.0],[160.5255,69.4912,1.522],[160.5313,69.4938,0.5],[160.537,69.4943,2.1955],[160.5453,69.4984,1.9614],[160.5443,69.5016,1.3309],[160.5474,69.5036,0.0],[160.5359,69.513,1.3729],[160.5391,69.5162,0.0],[160.5318,69.5172,1.1657],[160.5276,69.5214,1.092],[160.5307,69.5245,0.0],[160.5172,69.5255,-1.5],[160.5057,69.537,0.0],[160.4958,69.5396,0.0],[160.4812,69.5396,0.0],[160.4771,69.5375,-0.5],[160.4688,69.5375,0.8608],[160.4599,69.5453,-0.4986],[160.45,69.5479,0.8268],[160.4401,69.5484,-0.5],[160.4411,69.5516,0.0],[160.4396,69.5521,0.0],[160.4292,69.5521,0.7624],[160.4214,69.5547,0.0],[160.4068,69.5609,1.1629],[160.4,69.5667,0.7916],[160.3813,69.5646,0.1836],[160.3776,69.5672,0.2267],[160.3891,69.5714,0.9269],[160.3776,69.5839,1.1941],[160.3786,69.587,1.015],[160.3599,69.6057,0.0],[160.3526,69.6068,0.8528],[160.3464,69.613,1.0177],[160.3474,69.6162,0.0],[160.3401,69.6234,0.8466],[160.3432,69.6266,0.0],[160.3396,69.6292,0.0],[160.3338,69.6297,0.0],[160.337,69.6318,0.0],[160.3349,69.6349,0.0],[160.3276,69.6359,0.7597],[160.3193,69.6422,1.1744],[160.3266,69.6464,0.0],[160.3255,69.6495,1.0433],[160.3359,69.6557,0.7385],[160.35,69.6563,0.0],[160.362,69.663,1.0339],[160.3609,69.6661,1.3623],[160.3641,69.6682,1.027],[160.3609,69.6724,0.7887],[160.3662,69.6766,0.7617],[160.35,69.6771,0.7139],[160.3484,69.6776,0.6381],[160.3495,69.6807,0.9972],[160.3474,69.6828,0.9955],[160.3313,69.6833,1.6638],[160.3297,69.6839,0.6794],[160.3307,69.687,1.0171],[160.3193,69.688,1.1407],[160.3203,69.6911,0.0],[160.3188,69.6917,0.0],[160.2979,69.6917,0.7081],[160.2917,69.6937,0.5135],[160.2875,69.6917,0.7282],[160.2792,69.6917,0.6134],[160.2776,69.6932,1.1337],[160.2807,69.6953,0.7877],[160.2786,69.6974,0.5542],[160.2651,69.6984,0.7636],[160.263,69.7016,1.0414],[160.2661,69.7037,0.0],[160.2542,69.7042,0.8605],[160.2417,69.7083,0.0],[160.2333,69.7083,0.0],[160.2271,69.7063,1.3761],[160.2229,69.7083,0.0],[160.2042,69.7083,0.9653],[160.2,69.7063,1.8946],[160.1875,69.7063,1.9245],[160.1833,69.7042,1.7133],[160.175,69.7042,0.772],[160.1651,69.7068,0.6257],[160.1682,69.7089,1.2079],[160.1667,69.7104,1.862],[160.1438,69.7104,0.7155],[160.1401,69.713,1.5317],[160.1458,69.7167,1.8865],[160.1521,69.7146,1.3615],[160.1583,69.7167,1.6443],[160.1646,69.7146,1.931],[160.1745,69.7151,1.5485],[160.1729,69.7167,1.7091],[160.1672,69.7172,1.4752],[160.1682,69.7203,0.0],[160.1667,69.7208,0.0],[160.1583,69.7208,0.7624],[160.1542,69.7229,0.0],[160.1333,69.7229,0.0],[160.1318,69.7224,0.9488],[160.1328,69.7193,1.5887],[160.1292,69.7188,0.0],[160.125,69.7208,2.1017],[160.113,69.7214,0.8553],[160.1109,69.7245,2.8377],[160.1146,69.725,2.3214],[160.1187,69.7229,1.9671],[160.1286,69.7234,1.1164],[160.1271,69.725,2.0281],[160.1214,69.7255,0.7326],[160.1167,69.7292,0.0],[160.1062,69.7292,0.6402],[160.1021,69.7312,1.1253],[160.0792,69.7312,0.6736],[160.0729,69.7333,0.7719],[160.0693,69.7297,0.0],[160.0766,69.7286,0.0],[160.0797,69.7255,0.0],[160.0896,69.7229,0.0],[160.1,69.7229,0.0],[160.1068,69.7172,0.0],[160.1141,69.7161,0.0],[160.1068,69.712,0.0],[160.1089,69.7089,0.0],[160.1141,69.7089,0.0],[160.113,69.712,0.3947],[160.1229,69.7167,1.8009],[160.1333,69.7167,3.3403],[160.1396,69.7188,2.7998],[160.1411,69.7172,2.5083],[160.1276,69.7099,1.5382],[160.1318,69.7047,0.0],[160.1438,69.7042,2.1689],[160.1479,69.7021,0.0],[160.1583,69.7021,1.6635],[160.1708,69.6979,0.0],[160.175,69.6979,1.0711],[160.1766,69.6964,0.0],[160.1734,69.6943,0.0],[160.1854,69.6937,0.0],[160.1901,69.6901,0.0],[160.2042,69.6875,0.0],[160.2057,69.6859,0.0],[160.1833,69.6854,1.3738],[160.1792,69.6875,0.9774],[160.1687,69.6875,1.4431],[160.1641,69.6911,0.0],[160.1568,69.6922,1.2106],[160.1521,69.6958,0.0],[160.1479,69.6958,0.0],[160.1438,69.6979,0.4955],[160.1354,69.6979,1.2395],[160.1172,69.7026,0.9198],[160.1182,69.7057,0.0],[160.1167,69.7063,0.0],[160.1062,69.7063,0.8436],[160.0984,69.7089,0.8182],[160.0943,69.7109,0.8484],[160.087,69.7182,0.0],[160.0771,69.7208,0.0],[160.0734,69.7203,0.0],[160.0745,69.7172,0.7243],[160.0734,69.7151,1.4],[160.0818,69.7068,2.1033],[160.0875,69.7063,1.4305],[160.0891,69.7047,1.456],[160.0818,69.7016,2.0459],[160.0828,69.6984,0.0],[160.075,69.6979,0.9801],[160.0703,69.7016,0.6979],[160.063,69.7026,1.0818],[160.0568,69.7068,0.9607],[160.0422,69.7214,0.0],[160.0437,69.7229,0.0],[160.0521,69.7229,1.0597],[160.0537,69.7214,0.9538],[160.0505,69.7193,0.0],[160.0526,69.7172,0.0],[160.0682,69.7172,1.9812],[160.0641,69.7224,0.0],[160.0568,69.7234,0.0],[160.0537,69.7266,0.4971],[160.0437,69.7292,0.0],[160.0354,69.7292,0.0],[160.0313,69.7271,1.1135],[160.0229,69.7312,1.0616],[160.0172,69.7318,1.0086],[160.0141,69.7349,0.0],[160.0068,69.7359,1.0712],[160.0036,69.7391,0.6927],[159.9964,69.7401,0.9312],[159.9912,69.7453,0.0],[159.9854,69.7458,1.2796],[159.9807,69.7495,1.2814],[159.9708,69.7521,0.0],[159.9542,69.7521,0.0],[159.9479,69.7562,0.0],[159.9229,69.7583,1.6924],[159.9104,69.7625,0.0],[159.9021,69.7625,1.7557],[159.8979,69.7646,0.0],[159.8938,69.7646,1.9371],[159.8813,69.7688,0.0],[159.8708,69.7688,1.8386],[159.8646,69.7729,0.0],[159.8542,69.7729,1.9349],[159.85,69.775,0.0],[159.8229,69.775,0.0],[159.8109,69.7682,1.6645],[159.8146,69.7667,1.5538],[159.8188,69.7688,1.8215],[159.8328,69.7682,2.0612],[159.8307,69.7651,1.7504],[159.8229,69.7646,1.4699],[159.8146,69.7604,2.2957],[159.8089,69.7599,1.7205],[159.8099,69.7568,1.4227],[159.8068,69.7557,0.0],[159.8167,69.7521,1.6885],[159.8229,69.7542,1.7393],[159.8266,69.7536,1.8586],[159.8224,69.7505,1.9781],[159.813,69.7495,1.615],[159.8057,69.7443,1.7854],[159.7979,69.7438,0.0],[159.7896,69.7396,1.7219],[159.7729,69.7396,0.0],[159.7688,69.7375,2.2247],[159.7625,69.7375,2.0873],[159.7526,69.7328,1.7492],[159.7505,69.7307,0.729],[159.7516,69.7276,0.0],[159.75,69.7271,0.0],[159.738,69.7297,1.6383],[159.7359,69.7328,2.1443],[159.7412,69.7359,2.2081],[159.7401,69.7391,1.9189],[159.7479,69.7396,0.0],[159.7536,69.7422,0.0],[159.7464,69.7453,0.9899],[159.7557,69.7516,1.6033],[159.7536,69.7536,1.5683],[159.7437,69.7562,1.8441],[159.7271,69.7562,2.1211],[159.7234,69.7599,2.0615],[159.7292,69.7625,1.604],[159.7375,69.7625,1.9716],[159.7437,69.7583,2.0581],[159.7583,69.7583,1.9986],[159.7599,69.7578,1.7727],[159.7589,69.7547,1.9749],[159.7708,69.7521,1.2957],[159.7828,69.7589,1.4823],[159.7807,69.762,1.8163],[159.7734,69.763,1.6222],[159.7713,69.7662,1.9422],[159.775,69.7667,1.6376],[159.7792,69.7646,1.9015],[159.787,69.7651,1.7502],[159.7859,69.7682,1.9749],[159.7932,69.7714,1.0799],[159.7922,69.7745,1.7772],[159.7995,69.7755,0.0],[159.7979,69.7771,0.0],[159.7922,69.7776,1.735],[159.7901,69.7807,1.4389],[159.7937,69.7813,1.7375],[159.8,69.7792,1.3135],[159.8099,69.7839,0.0],[159.8161,69.7891,1.5149],[159.8042,69.8,0.9139],[159.7875,69.8,1.8976],[159.7813,69.8021,0.0],[159.7771,69.8,1.8674],[159.7458,69.8,1.7007],[159.7333,69.8042,1.4616],[159.7104,69.8042,1.7192],[159.7042,69.8083,1.6028],[159.6875,69.8083,1.7617],[159.6776,69.8109,1.1274],[159.6755,69.8141,1.7113],[159.6787,69.8161,0.9915],[159.6589,69.8172,0.9569],[159.6568,69.8203,1.8908],[159.6625,69.8208,2.3704],[159.6641,69.8224,1.0628],[159.6526,69.8234,2.2439],[159.6432,69.8307,1.3663],[159.6292,69.8333,1.5804],[159.6276,69.8349,1.7367],[159.6375,69.8354,1.7196],[159.6474,69.8328,1.6691],[159.6521,69.8292,1.0423],[159.6625,69.8292,2.1542],[159.6641,69.8276,1.8816],[159.6609,69.8255,0.9725],[159.6745,69.8245,1.7669],[159.6714,69.8214,0.873],[159.6787,69.8203,1.6667],[159.6833,69.8167,1.164],[159.6875,69.8167,1.7002],[159.7,69.8125,1.3669],[159.7063,69.8125,1.71],[159.7125,69.8083,1.0718],[159.7333,69.8083,1.4571],[159.7396,69.8063,1.1541],[159.7458,69.8083,1.9521],[159.7521,69.8042,1.1712],[159.7604,69.8042,0.9856],[159.7646,69.8063,1.6301],[159.7729,69.8063,1.3345],[159.7771,69.8042,1.4674],[159.787,69.8047,1.8113],[159.7786,69.812,0.0],[159.7667,69.8125,1.8539],[159.762,69.8161,2.0839],[159.7547,69.8172,1.0991],[159.7516,69.8203,1.5647],[159.7443,69.8214,1.5533],[159.7422,69.8245,1.3709],[159.7453,69.8266,1.3834],[159.738,69.8276,1.7965],[159.7328,69.8328,1.353],[159.7271,69.8333,1.2605],[159.7214,69.8359,2.6339],[159.7229,69.8375,1.5755],[159.7307,69.838,1.0223],[159.7349,69.8411,0.0],[159.7229,69.8417,1.4787],[159.7167,69.8458,0.0],[159.7047,69.8464,1.137],[159.7078,69.8495,1.3562],[159.7036,69.8536,0.8279],[159.6964,69.8547,1.4435],[159.6974,69.8578,0.0],[159.6917,69.8583,0.8411],[159.687,69.862,0.7361],[159.6797,69.863,1.2197],[159.6776,69.8662,1.525],[159.6833,69.8688,0.0],[159.7099,69.8672,0.8612],[159.7057,69.8724,0.0],[159.7,69.8729,0.0],[159.6953,69.8766,0.0],[159.688,69.8776,0.0],[159.6859,69.8807,0.6662],[159.6891,69.8818,0.0],[159.688,69.8849,0.0],[159.7042,69.8938,0.0],[159.7078,69.8932,0.0],[159.7099,69.8912,0.0],[159.7068,69.888,0.0],[159.7167,69.8854,0.0],[159.7203,69.8859,0.0],[159.7172,69.8901,0.0],[159.7182,69.8932,0.0],[159.7172,69.8953,1.1867],[159.7245,69.8984,0.0],[159.7234,69.9016,0.0],[159.7328,69.9068,0.0],[159.7318,69.9099,0.0],[159.7432,69.9151,0.5389],[159.7464,69.9182,1.0529],[159.7557,69.9193,0.0],[159.7547,69.9224,0.0],[159.7641,69.9234,0.0],[159.763,69.9266,0.0],[159.7651,69.9287,1.0579],[159.7828,69.9339,0.0],[159.7859,69.937,0.0],[159.8016,69.9443,0.0],[159.8005,69.9474,1.9298],[159.8078,69.9484,0.0],[159.8401,69.9661,0.0],[159.8495,69.9672,0.0],[159.8516,69.9693,0.0],[159.8505,69.9724,0.0],[159.8589,69.9766,0.0],[159.8682,69.9776,0.0],[159.8609,69.9849,2.3842],[159.8682,69.9891,0.0],[159.8662,69.9912,0.0],[159.8604,69.9917,1.8389],[159.8568,69.9943,0.9764],[159.8599,69.9974,0.0],[159.8521,69.9979,0.0],[159.8505,69.9995,0.0],[159.862,70.0047,0.0],[159.8609,70.0078,0.0],[159.8662,70.0109,0.0],[159.8651,70.0141,0.0],[159.8724,70.0172,0.0],[159.8714,70.0203,0.0],[159.8745,70.0214,0.0],[159.8734,70.0245,0.0],[159.8807,70.0255,0.0],[159.8797,70.0286,0.0],[159.8828,70.0297,0.0],[159.8818,70.0328,0.0],[159.9036,70.0443,0.0],[159.9026,70.0474,0.0],[159.912,70.0484,0.0],[159.9151,70.0516,0.0],[159.9266,70.0568,0.0],[159.9255,70.0599,0.0],[159.9391,70.0609,0.0],[159.9359,70.0661,13.6922],[159.9516,70.0734,0.0],[159.9505,70.0766,0.0],[159.9516,70.0787,0.0],[159.9443,70.0797,18.02],[159.9396,70.0833,0.0],[159.9292,70.0833,21.5824],[159.925,70.0854,0.0],[159.9187,70.0833,19.8772],[159.8687,70.0833,0.0],[159.8646,70.0854,0.0],[159.8542,70.0854,1.6724],[159.85,70.0875,0.0],[159.8396,70.0875,1.2045],[159.8333,70.0917,0.0],[159.825,70.0896,1.4552],[159.8188,70.0938,0.0],[159.8125,70.0917,1.8059],[159.8042,70.0917,1.3853],[159.8,70.0938,0.0],[159.7896,70.0938,0.7101],[159.7771,70.0979,1.2216],[159.7646,70.1,0.8581],[159.7599,70.1036,0.0],[159.7417,70.1083,0.0],[159.7354,70.1062,1.0803],[159.7167,70.1062,1.2054],[159.7125,70.1042,2.0757],[159.6938,70.1042,0.0],[159.6896,70.1021,0.0],[159.6792,70.1021,0.0],[159.675,70.1,1.9882],[159.6687,70.1,0.0],[159.6542,70.0958,1.8391],[159.6505,70.0964,1.9434],[159.6453,70.1016,0.0],[159.6333,70.1021,0.9609],[159.6318,70.1036,0.0],[159.6646,70.1042,0.0],[159.6687,70.1062,0.0],[159.6792,70.1062,0.0],[159.6833,70.1083,1.317],[159.6896,70.1083,0.0],[159.7042,70.1125,0.994],[159.7167,70.1125,0.0],[159.7229,70.1167,1.2114],[159.7437,70.1167,1.8194],[159.7479,70.1146,0.0],[159.7563,70.1146,0.0],[159.7604,70.1167,0.6098],[159.7688,70.1167,1.3087],[159.775,70.1146,0.0],[159.7766,70.1151,0.0],[159.7755,70.1182,1.5],[159.7813,70.1208,1.5],[159.7875,70.1208,1.5],[159.7932,70.1182,2.2153],[159.7901,70.1162,1.4169],[159.7917,70.1146,0.7848],[159.8,70.1146,0.0],[159.8042,70.1167,1.4788],[159.8104,70.1167,1.7786],[159.8167,70.1146,0.0],[159.8229,70.1167,1.2897],[159.8292,70.1146,0.0],[159.8333,70.1167,0.8372],[159.8604,70.1167,0.9382],[159.8646,70.1146,0.0],[159.8875,70.1146,1.4922],[159.8891,70.113,0.0],[159.8859,70.1109,0.0],[159.9042,70.1062,0.0],[159.925,70.1062,0.0],[159.9266,70.1068,0.0],[159.9255,70.1099,0.8995],[159.9349,70.1151,0.0],[159.9318,70.1203,1.139],[159.9391,70.1234,0.0],[159.938,70.1307,0.7893],[159.9453,70.1339,0.0],[159.9443,70.137,0.0],[159.9516,70.1401,0.0],[159.9505,70.1432,0.0],[159.9557,70.1464,0.0],[159.9547,70.1495,1.425],[159.9641,70.1505,0.0],[159.9609,70.1557,1.417],[159.9703,70.1609,0.0],[159.9693,70.1641,0.0],[160.0036,70.1818,0.0],[160.0026,70.1849,0.0],[160.0078,70.188,0.0],[160.0068,70.1911,1.3197],[160.0224,70.1922,0.0],[160.0266,70.1943,0.0],[160.0255,70.1974,0.0],[160.0318,70.2016,0.0],[160.0412,70.2026,0.0],[160.0401,70.2057,0.0],[160.0703,70.2214,0.0],[160.0693,70.2245,0.0],[160.0828,70.2318,0.0],[160.0818,70.2349,0.0],[160.0974,70.2422,0.0],[160.0964,70.2453,0.0],[160.0995,70.2474,0.0],[160.0964,70.2495,0.0],[160.0995,70.2505,0.0],[160.0984,70.2536,0.0],[160.1016,70.2547,0.0],[160.1,70.2562,0.0],[160.0943,70.2568,0.0],[160.0901,70.2609,9.9154],[160.0932,70.263,0.0],[160.0911,70.2662,0.0],[160.088,70.2672,9.2396],[160.0911,70.2703,0.0],[160.0797,70.2818,0.0],[160.0849,70.287,0.0],[160.0813,70.2896,0.0],[160.0755,70.2901,4.4475],[160.0786,70.2932,0.0],[160.0714,70.2943,6.2829],[160.0745,70.2963,0.0],[160.0734,70.2995,0.0],[160.0766,70.3016,0.0],[160.0693,70.3026,0.0],[160.0745,70.3078,0.0],[160.0609,70.3214,0.0],[160.0641,70.3245,0.0],[160.0568,70.3255,0.0],[160.0578,70.3287,0.0],[160.0568,70.3307,0.0],[160.0599,70.3328,0.0],[160.0537,70.3391,0.0],[160.0464,70.3401,5.8454],[160.0495,70.3432,0.0],[160.0422,70.3484,3.3146],[160.0453,70.3516,0.0],[160.0286,70.3682,0.0],[160.0213,70.3734,4.9556],[160.0245,70.3766,0.0],[160.013,70.388,0.0],[160.0141,70.3912,0.0],[160.0083,70.3917,0.0],[160.0047,70.3943,0.0],[160.0078,70.3974,0.0],[160.0005,70.3984,7.875],[160.0036,70.4005,0.0],[160.0016,70.4036,0.0],[159.9943,70.4047,4.9242],[159.9974,70.4078,0.0],[159.9901,70.413,0.0],[159.9932,70.4161,0.0],[159.9797,70.4172,2.369],[159.9828,70.4203,1.5135],[159.9755,70.4276,2.216],[159.9766,70.4307,0.0],[159.9693,70.4318,2.4976],[159.9724,70.4349,0.0],[159.9651,70.4422,4.1327],[159.9682,70.4453,0.0],[159.9609,70.4464,6.4067],[159.9641,70.4495,0.0],[159.9578,70.4537,0.0],[159.9505,70.4547,1.5279],[159.9536,70.4578,0.0],[159.9464,70.4589,0.0],[159.9495,70.462,0.0],[159.9422,70.463,0.7106],[159.9401,70.4651,1.4601],[159.9432,70.4682,0.0],[159.9339,70.4693,2.2244],[159.937,70.4724,0.0],[159.9297,70.4734,2.2019],[159.9328,70.4766,0.0],[159.9292,70.4792,0.0],[159.9234,70.4797,1.4012],[159.9266,70.4828,0.0],[159.9193,70.4838,1.2347],[159.9224,70.4859,0.0],[159.9203,70.4891,0.0],[159.9146,70.4917,0.0],[159.9089,70.4922,0.6716],[159.9047,70.4964,0.5087],[159.9078,70.4995,0.0],[159.9005,70.5005,0.5763],[159.9036,70.5026,0.0],[159.9016,70.5057,0.0],[159.8958,70.5062,0.6623],[159.8901,70.5089,1.267],[159.8932,70.512,0.0],[159.8859,70.513,0.0],[159.8755,70.5234,0.0],[159.8786,70.5266,0.0],[159.8651,70.5276,2.9778],[159.8662,70.5307,0.9199],[159.8641,70.5328,0.0],[159.8568,70.5339,3.5792],[159.8599,70.537,0.0],[159.8537,70.5432,0.0],[159.8464,70.5443,2.2988],[159.8401,70.5484,0.0],[159.8432,70.5516,0.0],[159.8359,70.5526,0.0],[159.8266,70.562,0.0],[159.8193,70.563,5.5345],[159.8172,70.5651,0.0],[159.8182,70.5682,0.0],[159.8125,70.5687,0.0],[159.8078,70.5724,0.0],[159.8005,70.5734,1.8253],[159.7984,70.5766,0.9668],[159.8016,70.5787,0.0],[159.7943,70.5797,0.0],[159.7828,70.5891,0.0],[159.7755,70.5901,1.3756],[159.7661,70.5995,0.0],[159.7464,70.6047,0.0],[159.7422,70.6088,0.0],[159.7453,70.612,0.0],[159.7417,70.6125,0.0],[159.7354,70.6104,0.0],[159.7307,70.6141,0.0],[159.7234,70.6151,0.0],[159.7141,70.6224,0.0],[159.6984,70.6255,1.3196],[159.6964,70.6286,1.3969],[159.6995,70.6307,0.0],[159.6922,70.6318,1.1128],[159.6807,70.6412,0.0],[159.6734,70.6422,1.8521],[159.6687,70.6458,1.226],[159.6604,70.6458,1.6438],[159.6563,70.6438,1.4031],[159.6463,70.6443,1.7151],[159.6443,70.6474,1.6183],[159.6583,70.6479,1.558],[159.6641,70.6516,0.0],[159.6578,70.6557,0.0],[159.6422,70.6589,1.2568],[159.6401,70.662,1.7439],[159.6432,70.6641,0.0],[159.6359,70.6651,0.0],[159.6307,70.6703,0.0],[159.6214,70.6713,1.2151],[159.6182,70.6745,0.0],[159.6109,70.6755,1.94],[159.6057,70.6807,0.0],[159.5984,70.6818,1.4602],[159.6016,70.6849,0.0],[159.5818,70.6901,12.8808],[159.5786,70.6932,0.0],[159.5714,70.6943,0.0],[159.5682,70.6974,0.0],[159.55,70.6979,2.5977],[159.5412,70.7037,0.0],[159.5339,70.7047,0.0],[159.5307,70.7078,0.0],[159.525,70.7083,3.414],[159.5203,70.712,0.0],[159.5104,70.7146,0.0],[159.4922,70.7151,3.0319],[159.4937,70.7167,2.9996],[159.4995,70.7172,0.0],[159.4979,70.7188,0.0],[159.4771,70.7188,2.1637],[159.4755,70.7182,2.3809],[159.4766,70.7151,2.5577],[159.4755,70.713,2.2284],[159.4792,70.7125,2.4995],[159.4854,70.7146,3.0413],[159.4901,70.7109,2.436],[159.4974,70.7099,2.5916],[159.5016,70.7057,2.5964],[159.4984,70.7037,2.6935],[159.4995,70.7005,2.744],[159.4984,70.6984,2.8259],[159.5083,70.6958,1.8591],[159.525,70.6958,2.3522],[159.5349,70.6932,2.6064],[159.537,70.6901,2.7004],[159.5271,70.6854,2.5408],[159.5063,70.6854,2.6065],[159.4964,70.688,2.2712],[159.4995,70.6911,1.8974],[159.4958,70.6937,2.5796],[159.4896,70.6917,2.5763],[159.4812,70.6917,2.3737],[159.4755,70.6964,2.5724],[159.4766,70.6995,2.6062],[159.4734,70.7026,2.6079],[159.4766,70.7057,2.5239],[159.4714,70.7057,2.6195],[159.4604,70.7,2.8467],[159.4568,70.7005,2.4905],[159.4526,70.7047,2.7738],[159.4583,70.7083,2.8075],[159.4646,70.7063,2.5877],[159.4682,70.7068,2.7353],[159.4672,70.7099,2.7501],[159.4703,70.7109,2.5052],[159.4693,70.7182,2.6007],[159.4766,70.7214,0.0],[159.4693,70.7245,2.5868],[159.4766,70.7286,0.0],[159.4646,70.7292,0.0],[159.4563,70.7333,0.0],[159.4354,70.7375,0.0],[159.4307,70.7412,0.0],[159.4234,70.7422,0.0],[159.4187,70.7458,0.0],[159.4125,70.7458,0.0],[159.4083,70.7479,0.0],[159.3979,70.7479,2.2035],[159.3911,70.7536,0.0],[159.3792,70.7542,3.3081],[159.375,70.7562,2.7322],[159.3708,70.7562,3.177],[159.3693,70.7568,3.0365],[159.3703,70.7599,0.0],[159.3479,70.7646,1.9439],[159.3417,70.7688,0.0],[159.3313,70.7688,1.1847],[159.3229,70.7729,0.0],[159.3172,70.7734,1.31],[159.3141,70.7766,0.0],[159.3068,70.7776,0.0],[159.3021,70.7813,0.0],[159.2917,70.7813,0.0],[159.2875,70.7833,0.0],[159.2813,70.7833,1.401],[159.275,70.7875,0.0],[159.2646,70.7875,1.5438],[159.2417,70.7958,0.0],[159.2354,70.7958,1.2915],[159.2229,70.8,1.118],[159.2125,70.8,2.9387],[159.2109,70.8016,1.7146],[159.2141,70.8037,0.0],[159.1958,70.8083,0.0],[159.1896,70.8083,1.6905],[159.1833,70.8125,0.0],[159.1792,70.8125,0.0],[159.175,70.8146,0.0],[159.1646,70.8146,0.0],[159.1521,70.8187,0.0],[159.1458,70.8187,2.1417],[159.1396,70.8229,0.0],[159.1292,70.8229,1.3625],[159.1255,70.8255,0.0],[159.1286,70.8287,0.0],[159.125,70.8313,0.0],[159.0938,70.8313,1.9838],[159.0755,70.8359,1.4443],[159.0708,70.8396,0.0],[159.0583,70.8396,1.6215],[159.0521,70.8438,0.0],[159.0417,70.8438,1.9004],[159.0375,70.8458,1.4987],[159.0333,70.8458,2.0237],[159.0271,70.85,0.0],[159.0146,70.85,2.4835],[158.9937,70.8562,1.489],[158.9833,70.8562,2.0137],[158.9734,70.8588,1.9574],[158.9667,70.8625,0.0],[158.9563,70.8625,2.2677],[158.9271,70.8708,0.0],[158.9146,70.8708,1.5226],[158.9083,70.875,0.0],[158.8979,70.875,2.148],[158.8854,70.8792,0.0],[158.8792,70.8792,1.5932],[158.875,70.8812,0.0],[158.8646,70.8812,1.8998],[158.8521,70.8854,0.0],[158.8354,70.8854,2.2134],[158.8271,70.8896,0.0],[158.8167,70.8896,2.0777],[158.8042,70.8938,0.0],[158.775,70.8938,1.836],[158.7646,70.9,1.7907],[158.7417,70.9,1.9546],[158.7375,70.9021,2.0339],[158.7188,70.9021,2.4152],[158.7172,70.9036,2.101],[158.7245,70.9078,2.0346],[158.7146,70.9083,2.0906],[158.7083,70.9063,2.3398],[158.7036,70.9099,1.8053],[158.6964,70.9109,1.5338],[158.6917,70.9146,0.0],[158.6812,70.9146,2.2359],[158.675,70.9125,2.0815],[158.6667,70.9187,1.6639],[158.6563,70.9187,1.8293],[158.6516,70.9224,0.0],[158.6438,70.9229,1.4748],[158.6313,70.9271,0.0],[158.6042,70.9271,0.0],[158.6,70.925,2.3498],[158.5625,70.925,1.3855],[158.5609,70.9245,2.3236],[158.562,70.9213,1.9543],[158.5604,70.9208,2.1452],[158.5521,70.9229,2.3686],[158.5479,70.9208,2.1876],[158.5375,70.9208,1.5465],[158.5359,70.9224,0.0],[158.5443,70.9266,0.0],[158.5641,70.9297,0.0],[158.5542,70.9333,0.0],[158.5396,70.9333,0.0],[158.5313,70.9292,0.0],[158.5188,70.9292,0.0],[158.5104,70.925,0.0],[158.5042,70.925,0.0],[158.4917,70.9187,0.0],[158.4667,70.9187,2.1304],[158.4542,70.9125,2.4885],[158.4276,70.912,2.8213],[158.4234,70.9099,2.8963],[158.4266,70.9068,2.9091],[158.4234,70.9057,2.8833],[158.4245,70.9026,2.7691],[158.4214,70.9005,2.7985],[158.4266,70.9005,2.6804],[158.4375,70.9063,2.7497],[158.4474,70.9057,2.6583],[158.4292,70.8958,2.4735],[158.4208,70.8958,2.8675],[158.4162,70.8995,2.4745],[158.4125,70.9,2.672],[158.4109,70.8995,3.0979],[158.412,70.8964,2.8937],[158.4078,70.8943,2.9665],[158.3979,70.8938,2.6748],[158.3963,70.8953,2.5539],[158.3995,70.8974,2.8783],[158.3974,70.8995,2.9415],[158.3901,70.9005,3.3633],[158.3917,70.9021,3.2053],[158.3979,70.9021,2.776],[158.4036,70.9047,2.6568],[158.4005,70.9078,3.054],[158.4047,70.9099,2.7476],[158.4187,70.9104,2.8928],[158.4203,70.9109,2.9546],[158.4193,70.9141,2.7038],[158.4234,70.9161,2.8508],[158.4328,70.9172,2.72],[158.4312,70.9187,2.7902],[158.4193,70.9193,2.7653],[158.4208,70.9208,2.7678],[158.4354,70.9208,2.8652],[158.4396,70.9187,2.8356],[158.4495,70.9193,2.6863],[158.4396,70.9229,2.5891],[158.4318,70.9234,2.673],[158.4276,70.9276,2.6178],[158.4292,70.9292,2.7272],[158.4375,70.9271,2.5096],[158.4391,70.9276,2.7264],[158.438,70.9307,2.2458],[158.4396,70.9313,2.2286],[158.4542,70.9313,2.6171],[158.4557,70.9297,2.1739],[158.4479,70.9292,2.3051],[158.4464,70.9276,2.5567],[158.45,70.925,2.6842],[158.4583,70.925,2.5744],[158.4599,70.9255,2.3046],[158.4588,70.9287,2.3067],[158.4604,70.9292,2.1588],[158.4688,70.9271,2.1402],[158.475,70.9292,2.6872],[158.4766,70.9276,2.6755],[158.4714,70.9234,2.5315],[158.475,70.9208,1.9284],[158.4896,70.9208,0.0],[158.4953,70.9234,0.0],[158.4943,70.9266,2.2561],[158.4974,70.9276,2.1121],[158.4958,70.9292,2.0161],[158.4833,70.9292,2.0064],[158.4792,70.9313,2.0654],[158.4688,70.9313,1.9298],[158.4646,70.9333,1.7431],[158.4604,70.9333,2.1845],[158.4588,70.9349,2.0184],[158.4667,70.9354,2.4436],[158.4682,70.937,2.0995],[158.4588,70.938,2.2198],[158.4604,70.9396,2.2006],[158.4771,70.9396,2.4003],[158.4812,70.9375,2.2523],[158.4932,70.937,2.1235],[158.4917,70.9354,2.038],[158.4714,70.9349,2.196],[158.4729,70.9333,2.345],[158.4958,70.9313,2.161],[158.5,70.9333,2.6909],[158.5083,70.9333,2.4712],[158.5125,70.9313,1.0059],[158.5167,70.9313,0.0],[158.5245,70.9359,0.0],[158.5234,70.9391,0.0],[158.5266,70.9401,0.0],[158.5229,70.9417,0.0],[158.5167,70.9396,0.0],[158.5104,70.9437,1.225],[158.5042,70.9437,2.1255],[158.5,70.9458,0.0],[158.4896,70.9458,2.2599],[158.4771,70.95,0.0],[158.4604,70.95,1.8556],[158.4563,70.9521,0.0],[158.4063,70.9521,2.1782],[158.4021,70.9542,2.0458],[158.3917,70.9542,2.3007],[158.3875,70.9563,1.8591],[158.375,70.9563,2.1655],[158.3687,70.9604,1.9332],[158.3521,70.9604,2.3245],[158.3479,70.9625,2.1946],[158.3292,70.9625,1.6448],[158.325,70.9646,1.8302],[158.3083,70.9646,2.0825],[158.3042,70.9667,2.0541],[158.2937,70.9667,2.0588],[158.2896,70.9688,1.8197],[158.2818,70.9693,2.2314],[158.2786,70.9724,1.8042],[158.2688,70.975,1.8858],[158.2563,70.975,1.9681],[158.2521,70.9771,1.7518],[158.2417,70.9771,1.7612],[158.2375,70.9792,1.6171],[158.1979,70.9792,1.6377],[158.1917,70.9771,2.0617],[158.1833,70.9812,1.9497],[158.175,70.9812,1.8774],[158.1687,70.9792,1.928],[158.1563,70.9833,1.9447],[158.1458,70.9833,1.9886],[158.1401,70.9859,1.4997],[158.1432,70.9891,1.7028],[158.1313,70.9896,1.406],[158.125,70.9938,0.0],[158.075,70.9938,1.2761],[158.0708,70.9958,1.435],[158.0604,70.9958,1.4008],[158.0521,71.0,1.2822],[158.0292,71.0,1.5385],[158.025,71.0021,1.032],[158.0104,71.0021,1.1351],[158.0042,71.0,1.1895],[158.0,71.0021,1.4696],[157.975,71.0021,1.7375],[157.9703,71.0057,1.1637],[157.9604,71.0083,1.1366],[157.9208,71.0104,1.1913],[157.9083,71.0146,0.771],[157.8958,71.0146,1.0225],[157.8917,71.0167,0.9046],[157.8771,71.0167,0.8586],[157.8708,71.0146,0.9829],[157.8604,71.0208,0.7577],[157.8542,71.0188,0.7319],[157.8458,71.0208,1.0004],[157.8417,71.0188,0.7332],[157.8333,71.0188,1.0598],[157.8292,71.0208,0.9068],[157.8062,71.0208,1.105],[157.7979,71.025,0.7871],[157.7917,71.0229,0.9002],[157.7854,71.025,0.7787],[157.7792,71.0229,0.9977],[157.7708,71.0229,1.2351],[157.7667,71.025,0.8857],[157.7458,71.025,1.1048],[157.7396,71.0229,0.0],[157.7312,71.0271,0.9562],[157.6958,71.0271,1.024],[157.6812,71.0313,0.8404],[157.6563,71.0333,1.1088],[157.6521,71.0354,0.9641],[157.6458,71.0333,1.0022],[157.6354,71.0333,1.3061],[157.6292,71.0354,0.9754],[157.6229,71.0333,1.0036],[157.6187,71.0354,0.7327],[157.6104,71.0354,0.8502],[157.6089,71.0349,1.2283],[157.6099,71.0318,0.0],[157.6,71.0313,1.0703],[157.5984,71.0328,0.6457],[157.6016,71.0339,0.7969],[157.6,71.0354,0.6959],[157.5896,71.0354,1.1264],[157.5854,71.0375,0.91],[157.5667,71.0375,1.0607],[157.5625,71.0396,0.6483],[157.5542,71.0396,0.6289],[157.55,71.0375,0.9004],[157.5437,71.0396,0.6905],[157.5021,71.0396,0.8193],[157.4979,71.0375,1.434],[157.4833,71.0375,1.6722],[157.4792,71.0396,1.1372],[157.4688,71.0396,0.9986],[157.4646,71.0417,1.1229],[157.4208,71.0417,1.4986],[157.4172,71.0453,1.5654],[157.425,71.0458,1.6397],[157.4266,71.0474,1.0083],[157.4208,71.05,1.0018],[157.4063,71.05,1.1051],[157.3979,71.0458,1.2203],[157.3896,71.0458,1.303],[157.3839,71.0505,1.3748],[157.387,71.0526,1.3681],[157.3854,71.0542,1.2074],[157.3542,71.0542,1.5375],[157.3479,71.0563,1.2052],[157.3438,71.0542,1.1156],[157.3354,71.0542,1.3176],[157.3313,71.0563,1.1987],[157.3188,71.0563,1.0171],[157.3146,71.0583,1.2554],[157.3,71.0583,1.2693],[157.2958,71.0563,1.1535],[157.2875,71.0563,1.0811],[157.2833,71.0583,1.0461],[157.2771,71.0563,1.3577],[157.2708,71.0583,1.1626],[157.2609,71.0578,1.8042],[157.2708,71.0542,2.2902],[157.2953,71.0537,1.674],[157.2937,71.0521,2.0075],[157.275,71.0521,1.6828],[157.2713,71.0495,1.8193],[157.2729,71.0479,1.8488],[157.2813,71.0479,1.4645],[157.2875,71.05,1.8393],[157.2912,71.0474,1.6558],[157.2854,71.0437,2.2158],[157.2417,71.0458,2.3987],[157.238,71.0484,2.4306],[157.2396,71.05,1.9319],[157.2599,71.0505,1.7315],[157.2578,71.0537,1.7819],[157.2505,71.0547,1.4962],[157.2536,71.0568,1.7297],[157.2521,71.0583,1.293],[157.2276,71.0578,1.1202],[157.2292,71.0563,1.2335],[157.237,71.0557,1.5052],[157.2391,71.0537,2.4394],[157.2375,71.0521,2.0142],[157.2297,71.0516,2.1823],[157.2328,71.0474,2.2584],[157.2312,71.0458,2.2694],[157.2083,71.0479,2.499],[157.2042,71.05,2.1085],[157.1812,71.05,2.0179],[157.1771,71.0479,2.5735],[157.1687,71.0479,2.8005],[157.1646,71.05,2.1065],[157.1479,71.05,2.4474],[157.1463,71.0516,2.1543],[157.1521,71.0542,1.8535],[157.1604,71.0521,2.204],[157.1646,71.0542,2.0809],[157.1708,71.0542,2.2713],[157.1812,71.0604,1.4723],[157.1875,71.0583,2.0911],[157.1938,71.0583,1.5266],[157.1984,71.0547,1.841],[157.2021,71.0542,1.9787],[157.2104,71.0583,1.3978],[157.2229,71.0583,1.4095],[157.2287,71.062,1.2107],[157.2021,71.0625,1.1526],[157.1979,71.0646,0.0],[157.1646,71.0625,1.6541],[157.1604,71.0646,1.3375],[157.1479,71.0646,1.1554],[157.1438,71.0667,1.4882],[157.1333,71.0667,1.2566],[157.1292,71.0687,0.0],[157.1229,71.0667,1.1938],[157.0979,71.0667,1.2659],[157.0833,71.0625,1.6824],[157.0708,71.0625,1.4877],[157.0667,71.0604,1.727],[157.0521,71.0604,1.8702],[157.0292,71.0667,1.4612],[157.0208,71.0667,1.5141],[157.0146,71.0646,1.4856],[157.0104,71.0667,1.8243],[157.0026,71.0672,1.5239],[157.0042,71.0687,1.471],[157.0245,71.0693,1.3608],[157.0229,71.0708,0.0],[157.0021,71.0708,0.0],[156.9958,71.0687,1.4378],[156.9896,71.0708,0.0],[156.9833,71.0687,1.9274],[156.9792,71.0708,0.7952],[156.9542,71.0708,1.1392],[156.9479,71.0729,0.9063],[156.9396,71.0687,1.1649],[156.9255,71.0682,1.553],[156.9271,71.0667,1.4868],[156.9458,71.0667,1.4543],[156.9474,71.0651,1.2523],[156.9443,71.0641,0.5],[156.9458,71.0625,1.212],[156.9521,71.0646,1.0],[156.9604,71.0646,1.6264],[156.962,71.063,1.0],[156.9588,71.0609,1.577],[156.9745,71.0599,1.9512],[156.9729,71.0583,2.077],[156.9667,71.0583,1.5],[156.9604,71.0563,2.246],[156.9563,71.0583,1.5],[156.9375,71.0583,2.3323],[156.9276,71.0609,0.5],[156.9229,71.0646,1.4636],[156.8963,71.0651,0.5],[156.8979,71.0667,0.7942],[156.912,71.0672,1.4173],[156.9203,71.0714,1.2486],[156.9187,71.0729,1.3637],[156.8958,71.0729,1.0927],[156.8917,71.0708,1.0735],[156.8833,71.0708,0.915],[156.8792,71.0729,1.131],[156.8583,71.0729,1.285],[156.8568,71.0714,1.0781],[156.8604,71.0687,1.0567],[156.8729,71.0687,1.2388],[156.8828,71.0651,1.2584],[156.8729,71.0646,1.0],[156.8687,71.0667,0.5],[156.8604,71.0667,0.5],[156.8589,71.0661,0.5],[156.8599,71.063,0.5],[156.8562,71.0625,0.5],[156.85,71.0667,1.597],[156.8146,71.0646,1.7979],[156.8109,71.0672,1.2592],[156.8125,71.0687,0.5],[156.8375,71.0687,1.3406],[156.8432,71.0714,0.5],[156.8417,71.0729,1.1898],[156.825,71.0729,1.2799],[156.8188,71.0708,1.5033],[156.8146,71.0729,1.2943],[156.8042,71.0729,1.0431],[156.8,71.075,0.0],[156.7729,71.075,0.0],[156.7688,71.0729,0.5],[156.7583,71.0729,1.02],[156.7542,71.075,0.0],[156.7458,71.075,0.0],[156.7396,71.0729,1.2279],[156.7333,71.075,0.0],[156.7292,71.0729,1.013],[156.7083,71.0729,1.0459],[156.7021,71.075,0.0],[156.6958,71.0729,1.4267],[156.6917,71.075,0.0],[156.6625,71.075,0.0],[156.6583,71.0729,1.2655],[156.6521,71.0729,1.0761],[156.6479,71.0708,1.3686],[156.6417,71.0708,0.0],[156.6375,71.0687,0.0],[156.6214,71.0661,1.0475],[156.6047,71.0578,0.0],[156.6026,71.0547,0.0],[156.6057,71.0505,2.5603],[156.5964,71.0453,0.0],[156.5974,71.0422,2.1613],[156.5943,71.0411,1.772],[156.6026,71.0339,2.1662],[156.6203,71.0307,2.5147],[156.6224,71.0276,0.0],[156.6193,71.0255,0.0],[156.6286,71.0245,3.2896],[156.6255,71.0224,0.0],[156.6266,71.0193,1.9146],[156.6234,71.0172,0.0],[156.6328,71.0162,2.3191],[156.638,71.0109,0.0],[156.6458,71.0104,0.0],[156.6495,71.0078,0.9305],[156.6438,71.0042,0.0],[156.6354,71.0042,2.1272],[156.6245,71.012,0.0],[156.6109,71.013,1.9396],[156.612,71.0162,0.0],[156.6089,71.0203,0.0],[156.612,71.0224,0.0],[156.6057,71.0266,0.0],[156.5938,71.0271,1.3793],[156.5854,71.0313,0.0],[156.5729,71.0333,0.0],[156.5672,71.0359,0.0],[156.5703,71.0391,0.0],[156.5672,71.0422,0.0],[156.5682,71.0453,0.0],[156.5672,71.0474,0.0],[156.5786,71.0526,0.0],[156.5755,71.0557,0.0],[156.5786,71.0578,0.0],[156.5703,71.0641,0.0],[156.5583,71.0646,1.5],[156.55,71.0687,0.0],[156.5333,71.0687,0.0],[156.5292,71.0708,0.0],[156.5208,71.0708,0.0],[156.5167,71.0687,0.0],[156.4396,71.0687,0.0],[156.4333,71.0667,15.8877],[156.4292,71.0687,0.0],[156.4083,71.0687,0.0],[156.4021,71.0667,0.0],[156.3979,71.0687,0.0],[156.3938,71.0687,0.0],[156.3875,71.0667,4.9478],[156.3833,71.0687,0.0],[156.3146,71.0687,10.2512],[156.3104,71.0708,0.0],[156.2667,71.0708,8.7548],[156.2625,71.0729,0.0],[156.2,71.0729,7.2575],[156.1958,71.075,0.0],[156.1458,71.075,0.0],[156.1417,71.0771,0.0],[156.075,71.0771,0.0],[156.0688,71.075,15.8531],[156.0646,71.0771,0.0],[156.05,71.0771,0.0],[156.0458,71.075,16.4388],[156.0313,71.075,0.0],[156.025,71.0771,0.0],[156.0208,71.075,0.0],[155.9438,71.075,0.0],[155.9396,71.0729,19.0893],[155.8938,71.0729,0.0],[155.8896,71.0708,18.05],[155.8813,71.0729,0.0],[155.8771,71.0708,0.0],[155.8583,71.0708,0.0],[155.8542,71.0687,18.2609],[155.8292,71.0687,0.0],[155.825,71.0667,14.5509],[155.7937,71.0667,0.0],[155.7896,71.0646,0.0],[155.7771,71.0646,0.0],[155.7729,71.0625,9.5758],[155.7604,71.0625,0.0],[155.7563,71.0604,13.313],[155.7375,71.0604,0.0],[155.7333,71.0583,11.9505],[155.7083,71.0583,0.0],[155.7042,71.0563,0.0],[155.6917,71.0563,0.0],[155.6875,71.0542,12.9021],[155.6687,71.0542,0.0],[155.6542,71.05,3.3059],[155.6417,71.05,0.0],[155.637,71.0463,0.0],[155.6276,71.0453,0.0],[155.6146,71.0375,0.0],[155.5964,71.0391,0.0],[155.6016,71.0349,0.0],[155.5984,71.0318,0.0],[155.6016,71.0297,0.0],[155.5922,71.0286,0.0],[155.5932,71.0255,0.0],[155.5875,71.0229,0.0],[155.5818,71.0224,0.0],[155.5682,71.0151,0.0],[155.5505,71.012,0.0],[155.525,70.9979,0.0],[155.5213,70.9984,0.0],[155.5193,71.0005,0.0],[155.5224,71.0036,0.0],[155.5193,71.0057,0.0],[155.5266,71.0089,0.0],[155.5297,71.012,0.0],[155.5375,71.0125,0.0],[155.5458,71.0167,0.0],[155.5521,71.0167,0.0],[155.5651,71.0245,0.0],[155.5833,71.0271,0.0],[155.587,71.0307,0.0],[155.5833,71.0333,0.0],[155.5688,71.0354,2.6571],[155.5646,71.0375,0.0],[155.525,71.0375,0.0],[155.5208,71.0354,1.5978],[155.4833,71.0354,0.0],[155.4792,71.0333,1.5556],[155.4604,71.0333,0.0],[155.4563,71.0313,0.9916],[155.4229,71.0313,0.0],[155.4187,71.0292,8.4079],[155.3813,71.0292,0.0],[155.3771,71.0271,0.0],[155.3646,71.0271,0.0],[155.3604,71.025,3.1675],[155.3354,71.025,0.0],[155.3313,71.0229,6.4598],[155.3,71.0229,0.0],[155.2937,71.0208,6.2538],[155.2875,71.0229,0.0],[155.2833,71.0208,0.0],[155.2646,71.0208,0.0],[155.2604,71.0188,0.0],[155.2229,71.0188,0.0],[155.2188,71.0167,3.3796],[155.2,71.0167,0.0],[155.1958,71.0146,0.0],[155.1875,71.0146,0.0],[155.1812,71.0167,0.0],[155.1771,71.0146,0.0],[155.1521,71.0146,0.0],[155.1479,71.0125,13.016],[155.1104,71.0125,0.0],[155.1062,71.0104,12.3109],[155.0938,71.0104,0.0],[155.0896,71.0083,12.5871],[155.0708,71.0083,0.0],[155.0646,71.0062,14.8887],[155.0583,71.0083,0.0],[155.0542,71.0062,11.8037],[155.0417,71.0062,0.0],[155.0375,71.0042,16.1826],[155.0188,71.0042,0.0],[155.0146,71.0021,11.0207],[154.9958,71.0021,0.0],[154.9917,71.0,12.49],[154.9833,71.0021,0.0],[154.9792,71.0,3.5146],[154.9375,70.9979,0.0],[154.9333,70.9958,0.8934],[154.9208,70.9958,0.0],[154.9167,70.9938,0.9293],[154.875,70.9917,0.0],[154.8708,70.9896,0.8712],[154.8583,70.9896,0.0],[154.8542,70.9875,0.9639],[154.8292,70.9875,0.0],[154.8167,70.9833,1.0481],[154.8104,70.9833,1.201],[154.7958,70.9792,1.189],[154.7818,70.9786,1.345],[154.7833,70.9771,1.4556],[154.7896,70.9771,1.3076],[154.7937,70.975,2.1589],[154.8167,70.975,2.2784],[154.8224,70.9724,2.1964],[154.8141,70.9672,2.7569],[154.8083,70.9667,2.1873],[154.8016,70.963,4.9397],[154.7937,70.9625,2.3166],[154.7896,70.9604,4.4037],[154.775,70.9604,4.6293],[154.7708,70.9625,2.3513],[154.7568,70.963,2.2427],[154.7526,70.9672,2.6516],[154.7547,70.9703,2.7532],[154.7604,70.9729,2.6299],[154.7729,70.9729,2.3446],[154.7786,70.9766,1.1406],[154.7708,70.9771,1.0],[154.7667,70.9792,1.5741],[154.7458,70.9792,0.8253],[154.7417,70.9771,1.1298],[154.7104,70.9771,0.0],[154.7021,70.9729,1.2313],[154.6604,70.9708,1.2619],[154.6463,70.9661,1.0],[154.6479,70.9646,1.6477],[154.6536,70.9641,1.3755],[154.65,70.9604,2.4544],[154.6271,70.9604,1.4519],[154.6255,70.962,1.6082],[154.6286,70.9641,1.7585],[154.625,70.9667,0.0],[154.6167,70.9667,1.2498],[154.6125,70.9646,1.3486],[154.5729,70.9646,0.0],[154.5714,70.963,0.9576],[154.5745,70.9609,0.9261],[154.5688,70.9583,1.0968],[154.5609,70.9578,0.926],[154.5578,70.9547,1.7208],[154.5542,70.9542,1.9668],[154.5526,70.9557,1.2199],[154.5578,70.9599,0.6746],[154.5417,70.9604,1.421],[154.5354,70.9583,1.1241],[154.5292,70.9604,0.672],[154.513,70.9557,1.1293],[154.5161,70.9537,1.0411],[154.513,70.9505,1.6498],[154.5182,70.9474,1.6815],[154.5167,70.9458,1.4038],[154.5021,70.9458,1.8494],[154.4964,70.9484,1.6666],[154.4979,70.95,1.4339],[154.5057,70.9505,1.1871],[154.5042,70.9521,0.891],[154.4964,70.9526,0.9279],[154.4995,70.9547,1.0857],[154.4979,70.9563,1.0867],[154.4917,70.9542,1.3293],[154.4542,70.9542,0.0],[154.45,70.9521,0.7514],[154.4312,70.9521,0.0],[154.4229,70.9479,1.1805],[154.3917,70.9479,0.0],[154.3792,70.9437,1.3002],[154.3667,70.9437,0.9843],[154.3625,70.9417,0.8263],[154.3438,70.9417,0.0],[154.3396,70.9396,1.0592],[154.3208,70.9396,0.0],[154.3172,70.937,1.1559],[154.3188,70.9354,1.1795],[154.3245,70.9349,1.4281],[154.3229,70.9333,1.1346],[154.3146,70.9333,1.2173],[154.3104,70.9354,1.0291],[154.2958,70.9354,0.0],[154.2917,70.9333,1.3149],[154.2792,70.9333,0.0],[154.275,70.9313,0.8918],[154.2625,70.9313,0.4021],[154.2583,70.9292,0.9458],[154.2312,70.9271,0.7848],[154.2229,70.9229,1.3402],[154.2167,70.925,1.0859],[154.2083,70.925,1.08],[154.1938,70.9208,1.5138],[154.1734,70.9203,1.2183],[154.175,70.9187,1.4244],[154.1891,70.9182,1.4314],[154.1875,70.9167,1.474],[154.1646,70.9167,1.1754],[154.1583,70.9187,1.153],[154.1542,70.9167,1.9778],[154.1438,70.9167,0.0],[154.1396,70.9146,0.0],[154.1333,70.9146,0.0],[154.1292,70.9125,1.6758],[154.1089,70.912,0.0],[154.1109,70.9089,1.3262],[154.1141,70.9078,1.785],[154.1125,70.9063,2.3013],[154.0979,70.9063,1.4777],[154.0938,70.9083,1.5183],[154.0854,70.9083,0.0],[154.0813,70.9063,1.7053],[154.075,70.9063,0.0],[154.0604,70.9021,1.5135],[154.0208,70.9,0.0],[154.0151,70.8974,1.6606],[154.0172,70.8943,1.8503],[154.0313,70.8938,2.0854],[154.0375,70.8917,1.7258],[154.0437,70.8958,1.5923],[154.0562,70.8958,1.6589],[154.0625,70.8979,1.5815],[154.0682,70.8943,1.4634],[154.0625,70.8917,9.1833],[154.05,70.8917,1.4246],[154.0458,70.8896,2.3548],[154.0208,70.8896,1.3972],[154.0161,70.8859,1.8523],[154.0083,70.8854,1.7866],[154.0042,70.8833,2.3806],[153.9979,70.8854,2.3046],[153.9792,70.8854,1.6364],[153.9776,70.887,1.5631],[153.9917,70.8875,1.659],[154.0063,70.8917,1.7585],[154.0125,70.8917,1.5788],[154.0141,70.8932,1.7214],[153.9833,70.8938,0.0],[153.9708,70.8896,1.7567],[153.9583,70.8896,0.0],[153.9542,70.8875,1.7184],[153.9479,70.8875,1.6086],[153.9464,70.8859,1.8433],[153.9495,70.8849,1.4761],[153.9479,70.8833,1.4682],[153.9375,70.8854,1.9414],[153.9333,70.8833,1.4659],[153.9151,70.8828,1.2925],[153.9167,70.8812,1.3531],[153.9224,70.8807,1.5627],[153.9208,70.8792,2.0322],[153.9021,70.8792,1.7972],[153.8958,70.8771,1.7674],[153.8917,70.8792,1.7217],[153.8833,70.8792,0.0],[153.8797,70.8766,1.7457],[153.8813,70.875,1.4353],[153.8932,70.8745,1.6024],[153.8875,70.8708,1.653],[153.8792,70.8708,1.5728],[153.8729,70.875,1.0231],[153.8583,70.875,0.3367],[153.8542,70.8729,1.8762],[153.8401,70.8724,0.0],[153.8474,70.8693,1.5652],[153.8438,70.8667,1.8914],[153.8354,70.8667,1.4092],[153.8338,70.8672,1.5283],[153.8349,70.8703,1.9333],[153.8292,70.8708,0.0],[153.8208,70.875,1.3076],[153.8125,70.875,0.4211],[153.7984,70.8703,0.3783],[153.7995,70.8672,0.0],[153.7979,70.8667,0.0],[153.7943,70.8672,-1.0],[153.7896,70.8708,1.2092],[153.7813,70.8708,0.0],[153.7755,70.8672,0.0],[153.7896,70.8625,0.8614],[153.8021,70.8625,0.0],[153.8037,70.8609,1.9137],[153.7854,70.8583,1.579],[153.7813,70.8562,2.4397],[153.7776,70.8568,1.0],[153.7807,70.8588,1.5671],[153.7792,70.8604,1.2967],[153.7646,70.8604,1.3675],[153.7583,70.8583,1.6762],[153.7542,70.8604,0.9761],[153.7312,70.8604,0.0],[153.7271,70.8583,1.3537],[153.7167,70.8583,0.0],[153.7083,70.8542,0.4682],[153.7005,70.8536,0.0],[153.6958,70.85,1.2439],[153.688,70.8495,0.0],[153.6818,70.8453,1.2219],[153.687,70.8401,0.0],[153.6833,70.8396,1.1685],[153.6729,70.8438,0.0],[153.6714,70.8422,1.1236],[153.6745,70.8401,0.0],[153.6687,70.8375,0.5],[153.6625,70.8396,0.5267],[153.6589,70.8391,0.5669],[153.6599,70.8359,0.7717],[153.6547,70.8328,0.5582],[153.663,70.8255,0.0],[153.6708,70.825,0.0],[153.6807,70.8224,0.8855],[153.6875,70.8187,0.0],[153.6932,70.8182,0.0],[153.6974,70.8161,0.0],[153.6958,70.8146,0.0],[153.6818,70.8172,0.9147],[153.6771,70.8208,0.0],[153.65,70.8229,1.2472],[153.638,70.8297,2.5722],[153.6396,70.8313,2.5362],[153.6474,70.8318,0.0],[153.6463,70.8349,0.6772],[153.6536,70.8401,1.5829],[153.6526,70.8432,1.513],[153.6583,70.8458,1.2075],[153.6641,70.8464,0.0],[153.6568,70.8495,1.3876],[153.6662,70.8547,1.1541],[153.6609,70.8588,0.8499],[153.6641,70.862,0.914],[153.6125,70.8625,-0.2102],[153.6083,70.8646,0.0],[153.5938,70.8646,0.0],[153.5896,70.8625,0.9475],[153.5708,70.8625,0.4622],[153.5667,70.8604,0.8357],[153.5167,70.8604,0.6271],[153.5125,70.8583,0.8746],[153.5,70.8583,0.7303],[153.4958,70.8562,0.997],[153.4771,70.8562,0.0],[153.4729,70.8542,0.8315],[153.4479,70.8542,0.0],[153.4438,70.8521,1.3343],[153.4333,70.8521,0.0],[153.4187,70.8479,0.7811],[153.4104,70.85,0.0],[153.4063,70.8479,0.7241],[153.3813,70.8479,0.0],[153.3771,70.8458,1.0751],[153.3521,70.8458,0.0],[153.3505,70.8443,1.1273],[153.3562,70.8417,0.6927],[153.3729,70.8417,0.7932],[153.3745,70.8401,1.3151],[153.3667,70.8354,1.1396],[153.3562,70.8354,1.2165],[153.3417,70.8313,-0.5],[153.338,70.8318,-0.5],[153.3391,70.8349,0.6444],[153.3349,70.8391,0.4443],[153.3292,70.8417,0.0],[153.3229,70.8396,1.0157],[153.3167,70.8396,0.0],[153.3125,70.8375,0.5517],[153.3062,70.8396,1.4461],[153.2979,70.8396,0.8595],[153.2937,70.8375,1.2539],[153.2833,70.8375,1.1857],[153.2792,70.8354,0.0],[153.2729,70.8375,0.0],[153.2625,70.8375,0.0],[153.2526,70.8349,1.1534],[153.2542,70.8333,0.3502],[153.2599,70.8328,0.3366],[153.2589,70.8297,1.039],[153.2604,70.8292,1.2489],[153.2786,70.8287,0.0],[153.275,70.825,1.5249],[153.2688,70.8271,0.0],[153.2563,70.8271,1.3932],[153.2521,70.8292,1.2409],[153.2401,70.8297,0.8274],[153.2417,70.8313,0.8517],[153.2474,70.8318,0.6642],[153.2458,70.8333,0.6238],[153.2125,70.8333,0.0],[153.1896,70.8271,0.0],[153.1812,70.8271,1.1977],[153.1771,70.8292,0.891],[153.1729,70.8292,0.0],[153.1604,70.825,1.3232],[153.1417,70.825,0.8011],[153.1354,70.8229,1.037],[153.1292,70.825,0.6131],[153.1276,70.8234,1.1864],[153.1328,70.8193,0.0],[153.1187,70.8187,0.0],[153.1172,70.8172,1.1811],[153.1313,70.8167,0.0],[153.1391,70.8109,1.1273],[153.1292,70.8104,1.5572],[153.1276,70.8109,1.0108],[153.1286,70.8141,1.6302],[153.125,70.8146,0.0],[153.1208,70.8125,1.5689],[153.113,70.812,0.5],[153.1162,70.8099,0.5],[153.1146,70.8083,1.4111],[153.1047,70.8089,1.3501],[153.1057,70.812,1.4406],[153.1042,70.8125,1.1871],[153.0958,70.8104,1.2449],[153.0943,70.812,1.3748],[153.0974,70.8141,1.4045],[153.0896,70.8146,1.5438],[153.0854,70.8167,1.259],[153.0625,70.8167,1.1724],[153.0562,70.8187,1.3748],[153.0547,70.8182,1.6214],[153.0557,70.8151,1.2186],[153.0542,70.8146,1.2186],[153.05,70.8146,1.357],[153.0458,70.8125,1.6347],[153.0375,70.8125,0.0],[153.0333,70.8146,1.5919],[153.0255,70.8151,1.5469],[153.0286,70.8182,1.2712],[153.0188,70.8187,1.2903],[153.0172,70.8172,1.1554],[153.0203,70.813,1.3079],[153.0104,70.8104,1.4988],[153.0021,70.8104,1.5855],[153.0005,70.812,1.5018],[153.0042,70.8146,1.1656],[153.012,70.8151,1.2483],[153.0104,70.8167,1.2178],[152.9958,70.8167,1.1333],[152.9812,70.8125,0.0],[152.9729,70.8146,0.0],[152.9661,70.8109,0.0],[152.9563,70.8083,1.1249],[152.95,70.8104,0.5],[152.9464,70.8099,1.0973],[152.9422,70.8078,1.2725],[152.9453,70.8057,1.4519],[152.9438,70.8042,1.0],[152.9359,70.8068,1.5329],[152.9391,70.8089,0.8455],[152.9375,70.8104,1.2389],[152.9312,70.8083,0.5],[152.9229,70.8083,0.5],[152.9187,70.8104,1.1265],[152.9,70.8104,1.3619],[152.8958,70.8125,0.0],[152.8896,70.8104,0.0],[152.8813,70.8125,0.0],[152.8771,70.8104,0.7854],[152.8708,70.8104,0.0],[152.8693,70.8089,0.0],[152.8724,70.8078,0.0],[152.8708,70.8063,0.0],[152.8625,70.8063,1.4688],[152.8479,70.8104,0.0],[152.8396,70.8104,0.0],[152.8292,70.8063,1.0],[152.8276,70.8078,1.0],[152.8307,70.8099,1.3045],[152.8167,70.8104,1.8034],[152.813,70.813,0.0],[152.8146,70.8146,0.0],[152.8224,70.8151,0.0],[152.8208,70.8167,0.0],[152.8083,70.8167,0.0],[152.8021,70.8187,0.0],[152.7958,70.8167,0.0],[152.7917,70.8187,0.0],[152.7833,70.8187,0.0],[152.7771,70.8167,0.0],[152.7708,70.8187,0.0],[152.7667,70.8167,0.0],[152.7604,70.8167,0.0],[152.7589,70.8151,0.0],[152.7729,70.8146,0.0],[152.7745,70.813,0.0],[152.7526,70.812,0.9691],[152.7542,70.8104,1.0],[152.762,70.8099,1.4804],[152.7589,70.8078,1.0],[152.7599,70.8047,1.0],[152.7375,70.8042,1.7307],[152.7339,70.8078,1.0],[152.7391,70.812,2.0923],[152.725,70.8125,1.2854],[152.7208,70.8146,0.0],[152.7125,70.8125,1.794],[152.7063,70.8167,0.0],[152.6917,70.8167,0.0],[152.6875,70.8146,1.8463],[152.6812,70.8167,0.0],[152.6687,70.8167,0.0],[152.6646,70.8187,0.0],[152.6563,70.8187,0.0],[152.6521,70.8167,0.0],[152.6123,70.8167,1.6341],[152.5635,70.7892,2.0847],[152.5641,70.788,2.2517],[152.5589,70.7849,2.2352],[152.5599,70.7734,2.8863],[152.5521,70.7729,0.0],[152.5505,70.7714,0.0],[152.5599,70.7703,2.243],[152.562,70.7672,2.4294],[152.5568,70.763,2.7218],[152.5646,70.7625,1.5],[152.5661,70.7609,2.3677],[152.5568,70.7599,2.1817],[152.5547,70.7578,1.3486],[152.5557,70.7547,1.6267],[152.5537,70.7526,1.3799],[152.5464,70.7495,1.979],[152.5495,70.7464,3.564],[152.5276,70.7443,0.0],[152.5307,70.7474,0.0],[152.5276,70.7495,1.6361],[152.5412,70.7568,0.0],[152.538,70.7599,1.9993],[152.5412,70.7609,0.0],[152.5432,70.7641,0.0],[152.5359,70.7651,1.2373],[152.537,70.7724,0.0],[152.4875,70.7256,1.8552],[152.4876,70.676,3.13],[152.5013,70.6153,0.0],[152.4135,70.5783,4.8921],[152.2893,70.5414,4.1533],[152.1875,70.4877,6.0064],[152.2279,70.4301,9.1533],[152.3343,70.3671,7.4741],[152.4033,70.2948,13.2177],[152.4293,70.2468,12.5438],[152.4131,70.2071,65.5418],[152.2754,70.1641,62.9628],[152.1667,70.1245,36.9134],[152.0435,70.0914,48.0216],[152.0261,70.0618,37.408],[152.0524,70.0206,28.6248],[152.2539,69.9256,178.4057],[152.2266,69.8779,91.4731],[152.19,69.8299,48.7219],[152.0984,69.7298,38.299],[152.0094,69.7033,39.7074],[152.0873,69.6882,32.9882],[152.0426,69.6596,45.381],[151.9436,69.6187,28.3102],[151.9874,69.5565,24.2176],[152.1046,69.5064,19.1985],[152.2116,69.47,16.2973],[152.305,69.4208,17.5341],[152.3734,69.3935,16.0758],[152.4408,69.3751,17.5086],[152.5379,69.3722,21.0815],[152.7605,69.3987,25.1015],[152.9478,69.4108,24.5794],[153.0372,69.3529,15.599],[153.0703,69.3134,15.178],[153.1314,69.2552,30.1711],[153.2485,69.2492,30.915],[153.3825,69.2746,17.7004],[153.5144,69.2892,18.0381],[153.5976,69.2698,36.4455],[153.6637,69.2076,37.681],[153.7021,69.1319,27.9591],[153.732,69.1006,21.4832],[153.8556,69.0701,23.7789],[154.0251,69.0317,16.4693],[154.0978,68.996,13.6253],[154.1543,68.9479,12.0634],[154.1744,68.8916,13.9778],[154.2086,68.8516,13.8887],[154.2955,68.8442,18.1704],[154.4297,68.858,27.2672],[154.6758,68.9102,32.7735],[154.7509,68.8848,40.8868],[154.922,68.857,40.8775],[155.1873,68.8353,52.7222],[155.3553,68.8366,30.8529],[155.534,68.8735,41.5662],[155.687,68.9015,21.418],[155.767,68.8865,28.045],[155.7731,68.8473,37.8997],[155.7139,68.8211,34.2821],[155.6604,68.7905,22.6305],[155.6581,68.7489,24.5889],[155.7611,68.7141,32.6105],[155.8538,68.7244,37.9068],[156.0024,68.7325,28.9839],[156.1294,68.7332,34.8772],[156.2369,68.7226,32.7418],[156.3719,68.7482,45.2602],[156.4447,68.738,40.073],[156.5027,68.6907,49.6299],[156.4917,68.6467,31.72],[156.561,68.6282,44.2071],[156.7359,68.6398,56.0956],[156.9072,68.6688,46.9594],[157.0625,68.6286,52.6265],[157.1904,68.6102,59.3007],[157.3469,68.611,76.0162],[157.6059,68.6087,42.9662],[157.7126,68.5818,4.9515],[157.905,68.5673,8.907],[158.0429,68.5527,20.8544],[158.1312,68.5237,46.2754],[158.2355,68.435,86.1607],[158.2614,68.3559,78.9413],[158.3362,68.3048,71.2633],[158.3851,68.268,78.2946],[158.3709,68.238,70.7684],[158.3141,68.1948,82.2496],[158.2775,68.1433,54.9971],[158.3018,68.0855,85.7037],[158.3844,68.024,66.4423],[158.4063,68.0456,85.3178],[158.5896,68.0956,81.2106],[158.8066,68.0987,168.4743],[158.959,68.0871,185.6461],[159.1177,68.1509,85.6917],[159.167,68.1571,64.1244],[159.2491,68.1736,71.1631],[159.3466,68.2117,56.2753],[159.3774,68.205,73.9018],[159.4313,68.1761,67.0892],[159.5322,68.1746,27.7313],[159.5887,68.1903,28.0502],[159.6517,68.1829,60.9521],[159.744,68.1636,49.1777],[159.8111,68.2235,56.8638],[159.888,68.2542,56.5591],[159.9906,68.264,57.2304],[160.2979,68.257,44.3764],[160.7359,68.2356,10.457],[160.95,68.2677,5.2308],[161.2655,68.3737,5.3925],[161.4075,68.3858,14.2441],[162.0237,68.3163,44.5325],[162.4006,68.2514,219.8965],[162.4817,68.302,124.4739],[162.4745,68.3857,115.9044],[162.5325,68.4251,142.6944],[162.5203,68.5213,335.8083],[162.6427,68.5488,638.6281],[162.628,68.5916,501.0604],[162.6772,68.6386,451.1006],[162.564,68.6707,266.7957],[162.5514,68.7277,355.2224],[162.6756,68.7571,273.0264],[162.773,68.8195,308.4654],[162.7201,68.8505,240.9295],[162.6706,68.8986,325.6858],[162.5591,68.9099,270.2946],[162.4992,68.9227,233.632],[162.439,68.9634,459.1918],[162.4635,69.0724,427.086],[162.5053,69.1128,639.6346],[162.7056,69.1291,427.2545],[162.7004,69.1583,441.5294],[162.4026,69.2932,406.1243],[162.4133,69.3401,284.4373],[162.39,69.369,444.6253],[162.2619,69.3917,210.2357],[162.2991,69.4422,109.6025],[162.1947,69.4963,43.7963],[162.2938,69.5133,98.5309],[162.3121,69.546,200.8673],[162.3679,69.5878,112.5473]]],
[[[152.8604,70.8146,0.0],[152.85,70.8146,0.0],[152.8458,70.8167,0.0],[152.8359,70.8161,0.0],[152.8458,70.8125,0.0],[152.862,70.813,0.0],[152.8604,70.8146,0.0]]],
[[[152.9349,70.8161,0.0],[152.9312,70.8167,0.0],[152.9297,70.8151,0.0],[152.9333,70.8146,0.0],[152.9349,70.8161,0.0]]],
[[[152.7328,70.8161,0.0],[152.7292,70.8167,0.0],[152.7276,70.8151,0.0],[152.7312,70.8146,0.0],[152.7328,70.8161,0.0]]],
[[[160.0646,69.7083,0.0],[160.063,69.7068,0.0],[160.0651,69.7047,0.0],[160.0703,69.7047,0.0],[160.0682,69.7078,0.6151],[160.0646,69.7083,0.0]]],
[[[160.062,69.7141,1.1405],[160.0583,69.7146,0.0],[160.0568,69.713,0.0],[160.0604,69.7125,0.0],[160.062,69.7141,1.1405]]],
[[[159.7578,69.8266,1.4206],[159.7547,69.8234,1.3702],[159.7583,69.8229,1.8127],[159.7641,69.8255,0.0],[159.7583,69.8292,0.0],[159.7568,69.8287,0.0],[159.7578,69.8266,1.4206]]],
[[[159.7516,69.8307,0.0],[159.7479,69.8313,1.3122],[159.7464,69.8297,1.5662],[159.75,69.8292,1.1672],[159.7516,69.8307,0.0]]],
[[[159.7354,69.8375,1.5579],[159.7339,69.8359,1.3729],[159.7359,69.8339,1.2401],[159.7412,69.8339,1.3556],[159.7391,69.837,1.1562],[159.7354,69.8375,1.5579]]],
[[[159.7224,69.8776,0.0],[159.7224,69.8786,0.0],[159.7193,69.8786,0.0],[159.7193,69.8776,0.5083],[159.7224,69.8776,0.0]]],
[[[159.7182,69.8828,0.859],[159.7146,69.8833,0.0],[159.713,69.8818,0.0],[159.7167,69.8812,0.0],[159.7182,69.8828,0.859]]],
[[[160.4771,70.9083,0.0],[160.4646,70.9125,0.0],[160.4438,70.9125,15.5906],[160.4339,70.9078,0.0],[160.4411,70.9047,8.6122],[160.4339,70.9005,9.2655],[160.4521,70.9,0.0],[160.462,70.8974,6.9983],[160.4651,70.8943,0.0],[160.4724,70.8932,0.0],[160.4787,70.8891,6.161],[160.4755,70.8859,0.0],[160.4792,70.8833,16.4399],[160.4932,70.8859,0.0],[160.4922,70.8891,19.3657],[160.4937,70.8896,23.3174],[160.5125,70.8917,1.4234],[160.5167,70.8896,0.0],[160.5417,70.8875,4.7889],[160.5599,70.8828,14.4822],[160.5568,70.8797,0.0],[160.562,70.8766,1.7677],[160.5589,70.8734,0.0],[160.5641,70.8672,0.0],[160.5568,70.8641,0.0],[160.5578,70.8609,0.0],[160.5505,70.8578,0.0],[160.5516,70.8547,0.0],[160.5484,70.8536,0.0],[160.5495,70.8505,0.0],[160.5464,70.8495,0.0],[160.5474,70.8464,6.0739],[160.5417,70.8438,0.0],[160.5339,70.8432,0.0],[160.5349,70.8401,4.8821],[160.5292,70.8375,5.9491],[160.5104,70.8375,0.0],[160.5063,70.8354,5.9994],[160.4984,70.8349,0.0],[160.5005,70.8318,0.0],[160.5078,70.8307,17.6827],[160.5068,70.8276,0.0],[160.5141,70.8266,21.9427],[160.5161,70.8234,29.8314],[160.5047,70.8182,0.0],[160.5057,70.8151,14.7429],[160.4979,70.8146,0.0],[160.4964,70.813,0.0],[160.5036,70.812,19.4696],[160.5083,70.8083,4.8793],[160.5141,70.8078,22.6558],[160.5172,70.8047,0.0],[160.5625,70.8042,3.1602],[160.5724,70.8016,12.8457],[160.5693,70.7995,0.0],[160.5708,70.7979,0.0],[160.575,70.7979,0.0],[160.5792,70.7958,0.0],[160.5896,70.7958,13.9381],[160.5938,70.7937,0.0],[160.6,70.7958,19.9338],[160.6083,70.7937,0.0],[160.6125,70.7958,0.0],[160.625,70.7958,0.0],[160.6396,70.8,1.9291],[160.7,70.8,0.0],[160.7125,70.7958,0.0],[160.7229,70.7958,0.0],[160.7292,70.7937,0.0],[160.7437,70.7979,0.0],[160.75,70.7979,0.0],[160.7583,70.8021,0.0],[160.7661,70.8026,0.0],[160.7609,70.8089,18.6377],[160.7641,70.812,0.0],[160.7557,70.8203,0.0],[160.7516,70.8224,0.0],[160.7396,70.8229,30.3391],[160.7349,70.8266,0.0],[160.7276,70.8276,6.1296],[160.7245,70.8307,0.0],[160.7125,70.8313,20.5573],[160.7078,70.8349,0.0697],[160.7005,70.8359,2.2086],[160.6953,70.8411,0.0],[160.6776,70.8443,-0.205],[160.6755,70.8474,0.0],[160.687,70.8526,0.0],[160.6839,70.8578,4.9259],[160.687,70.8599,0.0],[160.6797,70.8609,0.0],[160.6724,70.8682,0.0],[160.6651,70.8693,10.4589],[160.6766,70.8755,0.0],[160.6724,70.8786,5.7395],[160.6479,70.8792,39.817],[160.638,70.8818,41.4089],[160.6349,70.8849,0.0],[160.6276,70.8859,41.2178],[160.6307,70.8891,0.0],[160.6125,70.8938,0.0],[160.6062,70.8917,18.9352],[160.5958,70.8917,9.8037],[160.5917,70.8938,0.0],[160.5813,70.8938,15.5039],[160.575,70.8979,21.7561],[160.5708,70.8979,41.5812],[160.5667,70.9,25.1909],[160.5562,70.9,44.1508],[160.5521,70.9021,0.0],[160.5417,70.9021,33.1461],[160.537,70.9057,0.0],[160.5292,70.9063,40.5485],[160.5167,70.9104,28.3442],[160.5083,70.9104,19.8646],[160.5042,70.9083,37.6932],[160.4917,70.9083,0.0],[160.4875,70.9063,32.3155],[160.4771,70.9083,0.0]]],
[[[152.9891,70.8182,0.0],[152.9854,70.8187,0.0],[152.9839,70.8172,0.0],[152.9875,70.8167,0.0],[152.9891,70.8182,0.0]]],
[[[153.0417,70.8187,1.5466],[153.0375,70.8187,1.6137],[153.0359,70.8172,1.2432],[153.0474,70.8172,1.3667],[153.0458,70.8187,1.348],[153.0417,70.8187,1.5466]]],
[[[153.0958,70.8208,1.0435],[153.0917,70.8208,1.1183],[153.0901,70.8193,1.1409],[153.1016,70.8193,0.0],[153.1,70.8208,1.1081],[153.0958,70.8208,1.0435]]],
[[[153.1141,70.8245,0.0],[153.1104,70.825,0.0],[153.1089,70.8234,0.0],[153.1125,70.8229,1.1148],[153.1141,70.8245,0.0]]],
[[[161.3813,69.5625,0.2727],[161.3755,69.5589,0.1351],[161.387,69.5589,0.5835],[161.3859,69.562,0.8043],[161.3891,69.5641,0.7983],[161.3854,69.5646,0.5469],[161.3813,69.5625,0.2727]]],
[[[161.4458,69.6,0.0],[161.438,69.5984,0.0],[161.4391,69.6016,0.5897],[161.438,69.6036,0.8126],[161.4411,69.6047,0.0],[161.4396,69.6062,0.0],[161.4271,69.6062,0.0],[161.4229,69.6042,0.0],[161.4151,69.6036,0.0],[161.4172,69.6005,0.0],[161.4328,69.5974,0.0],[161.4297,69.5953,0.8386],[161.4312,69.5938,1.0414],[161.4516,69.5943,0.0],[161.4458,69.6,0.0]]],
[[[161.4328,69.613,0.0],[161.4297,69.6109,0.0],[161.4318,69.6088,0.0],[161.4354,69.6083,0.0],[161.4453,69.6141,0.0],[161.4354,69.6146,0.0],[161.4328,69.613,0.0]]],
[[[161.3995,69.6109,0.6076],[161.3979,69.6125,0.7358],[161.3943,69.612,0.0],[161.3958,69.6104,0.0],[161.3995,69.6109,0.6076]]],
[[[161.3297,69.5859,0.536],[161.3307,69.5839,0.8213],[161.3297,69.5818,0.0],[161.3375,69.5813,1.1996],[161.3474,69.587,0.0],[161.3438,69.5896,0.8662],[161.3354,69.5896,0.0],[161.3297,69.5859,0.536]]],
[[[161.3646,69.5958,0.0],[161.3589,69.5922,0.0],[161.3703,69.5922,0.7697],[161.3682,69.5953,0.4887],[161.3646,69.5958,0.0]]],
[[[161.3537,69.6026,0.5192],[161.3505,69.6005,0.0],[161.3542,69.5979,0.9879],[161.3578,69.5984,1.0784],[161.362,69.6005,0.5785],[161.3609,69.6036,0.7417],[161.3724,69.6088,0.7126],[161.3745,69.612,0.0],[161.3589,69.612,0.0],[161.3505,69.6078,0.0],[161.3537,69.6026,0.5192]]],
[[[161.0672,69.6162,0.0],[161.0703,69.6182,1.2376],[161.0604,69.6208,0.5337],[161.0458,69.6208,0.0],[161.0401,69.6182,0.3848],[161.0443,69.613,-4.2569],[161.0516,69.612,-3.8597],[161.0568,69.6068,0.0],[161.0599,69.6057,-0.0477],[161.062,69.6026,0.8907],[161.0589,69.6005,0.0],[161.0688,69.5979,0.0],[161.0938,69.5979,0.0],[161.1037,69.6026,1.3141],[161.1026,69.6057,0.6438],[161.1037,69.6078,0.0],[161.1021,69.6083,0.0],[161.0979,69.6062,1.3415],[161.0896,69.6062,0.0],[161.0854,69.6083,0.0],[161.0672,69.6088,0.8784],[161.0688,69.6104,0.5983],[161.0917,69.6104,0.0],[161.0932,69.612,1.3066],[161.0813,69.6167,-0.1399],[161.0771,69.6146,0.6648],[161.0688,69.6146,0.0],[161.0672,69.6162,0.0]]],
[[[161.0412,69.6276,0.9142],[161.0396,69.6292,0.5313],[161.0359,69.6286,0.0],[161.0375,69.6271,0.0],[161.0412,69.6276,0.9142]]],
[[[161.1167,69.6375,-0.4621],[161.1026,69.638,0.7307],[161.1057,69.6412,0.4914],[161.1021,69.6438,0.0],[161.0875,69.6438,0.0],[161.0797,69.6391,0.7675],[161.0813,69.6375,0.3229],[161.087,69.637,0.8464],[161.0838,69.6349,-0.6731],[161.0854,69.6333,0.0],[161.1,69.6333,1.0519],[161.1042,69.6312,0.0],[161.1146,69.6312,0.0],[161.1193,69.6276,0.0],[161.1266,69.6266,0.6034],[161.1313,69.6229,0.0],[161.1411,69.6234,0.0],[161.1359,69.6297,-1.1525],[161.1391,69.6318,0.0],[161.137,69.6349,0.0],[161.1271,69.6375,1.0638],[161.1167,69.6375,-0.4621]]],
[[[161.0562,69.6354,0.736],[161.0521,69.6354,-1.687],[161.0484,69.638,0.6287],[161.0516,69.6401,0.7331],[161.05,69.6417,0.0],[161.0297,69.6412,0.0],[161.0313,69.6396,1.2544],[161.0412,69.6391,0.2398],[161.0401,69.6359,1.0786],[161.0479,69.6292,1.0113],[161.0557,69.6297,0.0],[161.0547,69.6328,0.6297],[161.0578,69.6339,0.2234],[161.0562,69.6354,0.736]]],
[[[161.0089,69.6755,0.9819],[161.0063,69.6771,0.0],[160.9979,69.6771,0.0],[160.9937,69.6792,0.0],[160.9792,69.6792,0.2827],[160.975,69.6771,0.0],[160.9672,69.6766,0.0],[160.9734,69.6693,0.0],[160.9792,69.6687,0.0],[160.9839,69.6651,0.0],[160.9912,69.6641,-1.4061],[160.988,69.6609,0.0],[160.9953,69.6599,-0.0696],[160.9943,69.6568,0.0],[161.0042,69.6563,0.3197],[161.0083,69.6542,0.3355],[161.0583,69.6542,0.0],[161.0625,69.6563,0.7236],[161.0807,69.6589,0.4706],[161.0771,69.6625,0.0],[161.0396,69.6708,-1.2166],[161.0271,69.675,0.0],[161.0089,69.6755,0.9819]]],
[[[160.9536,69.6599,0.0],[160.9417,69.6604,0.5356],[160.9375,69.6625,0.0],[160.9318,69.6589,0.7449],[160.9375,69.6542,0.0],[160.962,69.6505,0.0],[160.9536,69.6599,0.0]]],
[[[160.9542,69.6708,0.3592],[160.9583,69.6687,0.0],[160.962,69.6693,0.0],[160.9583,69.6729,-0.4871],[160.9422,69.6724,0.0],[160.9458,69.6687,0.0],[160.9542,69.6708,0.3592]]],
[[[160.9542,69.6833,-0.275],[160.9417,69.6833,0.5398],[160.9375,69.6854,-0.1764],[160.9312,69.6833,0.6273],[160.9271,69.6854,0.7137],[160.9234,69.6849,-1.6884],[160.9292,69.6792,0.0],[160.9417,69.6792,-3.5283],[160.9479,69.6813,0.3756],[160.9542,69.6792,0.5513],[160.9583,69.6813,0.5703],[160.9661,69.6818,0.0],[160.9646,69.6833,0.0],[160.9542,69.6833,-0.275]]],
[[[160.0786,69.7026,1.6247],[160.0771,69.7042,1.3217],[160.0734,69.7037,0.0],[160.075,69.7021,0.8764],[160.0786,69.7026,1.6247]]],
[[[153.3495,70.8359,-1.5],[153.3479,70.8375,0.688],[153.3443,70.837,1.4031],[153.3458,70.8354,-1.5],[153.3495,70.8359,-1.5]]],
[[[153.3458,70.8438,1.0411],[153.3422,70.8422,1.0331],[153.3458,70.8396,0.7907],[153.3495,70.8401,0.8029],[153.3495,70.8411,0.6413],[153.3458,70.8438,1.0411]]],
[[[153.8375,70.8771,0.0],[153.8338,70.8766,0.7436],[153.8318,70.8734,0.614],[153.837,70.8734,0.0],[153.8391,70.8755,1.1973],[153.8375,70.8771,0.0]]],
[[[153.8813,70.8854,0.0],[153.8755,70.8818,0.7788],[153.8854,70.8812,0.7038],[153.8896,70.8833,0.8468],[153.8974,70.8839,0.7291],[153.8958,70.8854,0.9972],[153.8813,70.8854,0.0]]],
[[[160.737,70.8588,0.0],[160.7354,70.8604,0.0],[160.7318,70.8599,0.0],[160.7333,70.8583,0.0],[160.737,70.8588,0.0]]],
[[[160.7328,70.863,0.0],[160.7312,70.8646,0.0],[160.7276,70.8641,0.0],[160.7292,70.8625,0.0],[160.7328,70.863,0.0]]],
[[[160.7203,70.8693,0.0],[160.7188,70.8708,0.0],[160.7151,70.8703,0.0],[160.7167,70.8688,0.0],[160.7203,70.8693,0.0]]],
[[[158.5307,70.9318,0.0],[158.5292,70.9333,0.0],[158.5255,70.9328,0.0],[158.5271,70.9313,0.0],[158.5307,70.9318,0.0]]],
[[[154.6349,70.9672,1.2084],[154.6333,70.9688,0.0],[154.6297,70.9682,0.0],[154.6313,70.9667,1.8091],[154.6349,70.9672,1.2084]]],
[[[158.1833,70.9854,1.7551],[158.1771,70.9854,1.7268],[158.1755,70.9838,1.6413],[158.187,70.9838,1.6923],[158.1833,70.9854,1.7551]]],
[[[157.6286,71.038,0.9385],[157.6271,71.0396,0.6072],[157.6234,71.0391,0.679],[157.625,71.0375,0.7871],[157.6286,71.038,0.9385]]],
[[[157.1812,71.0563,1.4449],[157.1755,71.0526,1.9781],[157.1911,71.0547,2.0782],[157.1896,71.0563,1.6428],[157.1812,71.0563,1.4449]]],
[[[157.2224,71.0547,1.6497],[157.2208,71.0563,2.0698],[157.2172,71.0557,1.4401],[157.2188,71.0542,1.9084],[157.2224,71.0547,1.6497]]],
[[[157.0542,71.0625,1.5427],[157.0729,71.0646,1.7257],[157.0786,71.0682,1.2771],[157.0625,71.0687,0.0],[157.0583,71.0667,1.341],[157.0443,71.0661,1.5505],[157.0542,71.0625,1.5427]]],
[[[154.1516,71.1589,0.0],[154.15,71.1604,0.0],[154.1463,71.1599,0.0],[154.1479,71.1583,0.0],[154.1516,71.1589,0.0]]],
[[[154.8911,71.1984,0.0],[154.8896,71.2,0.0],[154.8859,71.1995,0.0],[154.8875,71.1979,0.0],[154.8911,71.1984,0.0]]],
[[[161.2849,68.7037,0.0],[161.2828,68.7057,0.0],[161.2729,68.7083,1.9035],[161.2526,68.7078,0.0],[161.2495,68.7047,0.0],[161.2422,68.7016,0.0],[161.2453,68.6964,6.1042],[161.2359,68.6911,0.0],[161.2391,68.687,1.8577],[161.238,68.6839,2.8731],[161.2391,68.6818,3.5003],[161.2359,68.6797,0.0],[161.2401,68.6755,0.0],[161.2474,68.6745,5.2162],[161.2516,68.6703,5.996],[161.2484,68.6672,0.0],[161.2583,68.6646,0.0],[161.262,68.6651,0.0],[161.2641,68.6672,0.0],[161.263,68.6703,2.3678],[161.2703,68.6734,0.0],[161.2693,68.6766,3.9201],[161.275,68.6771,4.2019],[161.2807,68.6797,5.2274],[161.2734,68.6828,5.782],[161.2818,68.687,2.9154],[161.2875,68.6875,3.2612],[161.2932,68.6901,3.8078],[161.2922,68.6932,4.6528],[161.2932,68.6953,3.2106],[161.2849,68.7037,0.0]]],
[[[161.3505,68.8141,1.1211],[161.3464,68.8109,0.968],[161.3578,68.8109,0.0],[161.3682,68.8182,0.9466],[161.3583,68.8187,0.0],[161.3505,68.8141,1.1211]]],
[[[161.3839,68.8651,3.7246],[161.3849,68.8682,0.0],[161.3771,68.8708,0.0],[161.3687,68.8708,0.0],[161.3589,68.8662,0.0],[161.362,68.863,1.8967],[161.3562,68.8604,4.6007],[161.3484,68.8599,0.0],[161.3495,68.8526,5.4574],[161.3422,68.8495,0.0],[161.3432,68.8464,3.6966],[161.338,68.8432,0.0],[161.3391,68.8401,4.1809],[161.3297,68.8349,0.0],[161.3307,68.8318,5.5094],[161.3182,68.8255,2.1549],[161.3125,68.825,0.0],[161.3068,68.8224,0.0],[161.3078,68.8193,1.9656],[161.3047,68.8172,0.0],[161.3125,68.8125,0.0],[161.3167,68.8146,5.3847],[161.3313,68.8167,0.0],[161.3328,68.8172,0.0],[161.3318,68.8203,4.1905],[161.3396,68.8208,0.0],[161.3458,68.825,5.6231],[161.3537,68.8255,0.0],[161.3625,68.8313,5.0492],[161.3703,68.8318,0.0],[161.3776,68.837,0.6093],[161.3891,68.8422,0.9272],[161.3953,68.8464,0.0],[161.3943,68.8495,1.1608],[161.4016,68.8526,0.0],[161.4005,68.8599,3.2617],[161.4036,68.862,0.0],[161.3938,68.8646,0.0],[161.3839,68.8651,3.7246]]],
[[[161.4141,69.5286,0.0],[161.412,69.5307,17.9269],[161.4021,69.5333,26.9914],[161.3958,69.5313,17.3015],[161.3833,69.5313,0.0],[161.3771,69.5271,0.0],[161.3687,69.5271,0.0],[161.3625,69.5292,0.0],[161.3568,69.5255,0.0],[161.3687,69.525,0.0],[161.3703,69.5234,0.0],[161.3646,69.5208,0.0],[161.3583,69.5229,0.0],[161.3521,69.5229,0.0],[161.3438,69.5188,38.6616],[161.3313,69.5188,14.23],[161.3271,69.5167,46.3848],[161.3125,69.5146,0.0],[161.3109,69.5141,0.0],[161.312,69.5109,39.6202],[161.3042,69.5104,14.8646],[161.2958,69.5062,26.4978],[161.2901,69.5057,0.0],[161.2912,69.5026,43.6667],[161.2786,69.4964,19.5404],[161.2713,69.4953,0.0],[161.2604,69.4896,22.161],[161.2542,69.4896,0.0],[161.2417,69.4854,40.7347],[161.2292,69.4854,0.0],[161.225,69.4833,24.1793],[161.2172,69.4828,0.0],[161.2151,69.4797,9.4998],[161.2172,69.4776,0.0],[161.2229,69.4771,0.0],[161.2245,69.4755,0.0],[161.2146,69.4708,1.4742],[161.2109,69.4714,0.0],[161.2063,69.475,0.0],[161.1917,69.475,0.0],[161.187,69.4714,2.9842],[161.1792,69.4708,0.0],[161.1693,69.4661,0.0],[161.1703,69.463,1.6011],[161.1667,69.4604,0.8433],[161.1313,69.4604,1.7462],[161.1271,69.4583,2.1661],[161.1193,69.4578,0.0],[161.1099,69.4526,0.5555],[161.1026,69.4516,0.0],[161.0943,69.4474,0.0],[161.0953,69.4443,0.0],[161.0922,69.4422,0.0],[161.0974,69.4391,2.0739],[161.0943,69.4359,0.0],[161.0995,69.4297,2.2654],[161.0922,69.4266,0.0],[161.0953,69.4224,1.9459],[161.0943,69.4193,1.1015],[161.0953,69.4172,1.4372],[161.0922,69.4161,0.0],[161.0932,69.413,1.4778],[161.0901,69.412,0.0],[161.0911,69.4089,0.0],[161.088,69.4068,0.0],[161.0953,69.4057,2.1948],[161.0922,69.4036,0.0],[161.0943,69.4005,2.2445],[161.0974,69.3995,2.1708],[161.0943,69.3974,1.9952],[161.0974,69.3922,2.4039],[161.0943,69.3901,0.0],[161.0979,69.3875,0.0],[161.1037,69.387,1.9863],[161.1005,69.3839,0.0],[161.1078,69.3828,2.4008],[161.113,69.3776,1.4059],[161.1203,69.3766,2.5381],[161.1172,69.3734,0.0],[161.1245,69.3724,1.5808],[161.1339,69.363,0.0],[161.1411,69.362,2.0687],[161.1432,69.3588,1.7256],[161.1401,69.3568,0.0],[161.1432,69.3526,0.784],[161.138,69.3484,0.0],[161.1474,69.3391,1.1194],[161.1443,69.3359,0.0],[161.1667,69.3313,1.637],[161.1714,69.3276,0.0],[161.1787,69.3266,2.0503],[161.1849,69.3203,1.6303],[161.1818,69.3172,0.0],[161.1891,69.3099,0.0],[161.188,69.3068,0.0],[161.1932,69.3047,2.3696],[161.1896,69.3021,1.252],[161.1833,69.3021,0.0],[161.1776,69.2995,0.0],[161.1818,69.2943,0.0],[161.1875,69.2937,0.0],[161.1891,69.2922,0.9021],[161.1797,69.287,0.0],[161.1807,69.2839,2.6955],[161.1766,69.2818,0.0],[161.1646,69.2792,1.3725],[161.1604,69.2813,0.0],[161.15,69.2813,1.135],[161.1438,69.2833,0.0],[161.138,69.2807,0.0],[161.1411,69.2766,1.4099],[161.1401,69.2734,0.0],[161.1432,69.2693,2.9526],[161.1401,69.2682,0.0],[161.1411,69.2651,0.0],[161.138,69.2641,0.0],[161.1411,69.2589,2.7279],[161.1359,69.2557,0.0],[161.137,69.2526,1.5312],[161.1339,69.2516,0.0],[161.1349,69.2484,0.7739],[161.1318,69.2474,0.0],[161.1328,69.2401,3.2241],[161.1297,69.2391,0.0],[161.1307,69.2359,3.0357],[161.1276,69.2349,0.0],[161.1286,69.2318,2.9168],[161.1234,69.2286,0.0],[161.1266,69.2234,2.2151],[161.1193,69.2203,0.0],[161.1245,69.213,1.8947],[161.1187,69.2125,0.0],[161.1089,69.2078,0.0],[161.1141,69.2016,3.3756],[161.113,69.1984,3.6019],[161.1141,69.1964,3.1755],[161.1109,69.1943,0.0],[161.1162,69.1891,2.0639],[161.113,69.187,0.0],[161.1141,69.1839,3.1177],[161.1109,69.1828,0.0],[161.1162,69.1787,3.1725],[161.113,69.1755,0.0],[161.1162,69.1713,2.9973],[161.113,69.1693,0.0],[161.1203,69.162,2.7555],[161.1193,69.1589,0.0],[161.1266,69.1516,1.4298],[161.1234,69.1484,0.0],[161.1255,69.1464,0.0],[161.1328,69.1453,3.5767],[161.1297,69.1432,2.9174],[161.1307,69.1401,0.0],[161.1276,69.138,0.0],[161.1349,69.137,2.9579],[161.1318,69.1339,0.0],[161.1411,69.1297,1.7752],[161.1375,69.1271,3.3376],[161.1208,69.125,0.0],[161.1162,69.1214,2.266],[161.1083,69.1208,0.0],[161.1042,69.1188,1.4361],[161.0938,69.1188,0.0],[161.0896,69.1167,2.7973],[161.0729,69.1167,0.0],[161.0688,69.1146,0.8882],[161.0521,69.1125,0.0],[161.0474,69.1088,2.171],[161.038,69.1078,0.0],[161.0276,69.1016,0.0],[161.0286,69.0984,3.0749],[161.0213,69.0953,0.0],[161.0193,69.0932,0.0],[161.0203,69.0901,1.6943],[161.0021,69.0896,0.0],[161.0005,69.088,0.0],[161.0078,69.0807,1.7391],[161.0047,69.0776,0.0],[161.0167,69.0771,2.7184],[161.0234,69.0714,0.0],[161.05,69.0667,2.1321],[161.0547,69.063,0.0],[161.0646,69.0604,0.0],[161.075,69.0604,1.9263],[161.0792,69.0583,0.0],[161.1,69.0583,3.7841],[161.1042,69.0563,0.0],[161.1146,69.0563,3.9613],[161.1187,69.0542,0.0],[161.1563,69.0542,3.4357],[161.1625,69.05,0.0],[161.1729,69.05,0.0],[161.1771,69.0479,0.0],[161.1917,69.0479,1.5319],[161.1958,69.0458,0.0],[161.2063,69.0458,3.3412],[161.2104,69.0437,0.0],[161.2208,69.0437,0.0],[161.225,69.0417,0.0],[161.2396,69.0417,2.5669],[161.2437,69.0396,0.0],[161.2771,69.0396,3.5278],[161.2813,69.0375,0.0],[161.2896,69.0375,3.3897],[161.2937,69.0354,0.0],[161.2979,69.0354,0.0],[161.3021,69.0333,0.0],[161.3188,69.0333,1.4837],[161.3203,69.0318,2.0919],[161.3172,69.0297,0.0],[161.3188,69.0292,0.0],[161.3292,69.0292,0.0],[161.3396,69.025,0.0],[161.362,69.0203,3.1761],[161.3672,69.0151,0.0],[161.3745,69.0141,3.3324],[161.3859,69.0026,0.0],[161.4078,68.9974,2.0398],[161.4109,68.9943,0.0],[161.4182,68.9932,1.0531],[161.4229,68.9896,0.0],[161.437,68.987,3.7155],[161.4339,68.9849,0.0],[161.4354,68.9833,0.0],[161.4474,68.9828,1.3993],[161.4526,68.9776,0.0],[161.4599,68.9766,4.2556],[161.4568,68.9734,0.0],[161.4682,68.9724,3.8955],[161.4672,68.9693,0.0],[161.4745,68.9682,2.6414],[161.4797,68.963,0.0],[161.4849,68.962,0.0],[161.4901,68.9568,0.0],[161.5021,68.9521,2.6411],[161.5078,68.9516,3.2723],[161.5099,68.9484,4.796],[161.5047,68.9453,0.0],[161.5057,68.9422,3.6086],[161.488,68.9328,0.431],[161.4891,68.9297,1.1883],[161.4797,68.9287,1.0956],[161.4766,68.9255,2.6514],[161.4588,68.9161,0.0],[161.4599,68.913,2.6712],[161.4505,68.912,0.0],[161.4474,68.9089,0.0],[161.4359,68.9036,1.1244],[161.4287,68.8984,2.1714],[161.4109,68.8953,0.0],[161.4026,68.8912,0.0],[161.4036,68.888,1.2819],[161.4016,68.8859,2.4283],[161.3901,68.8807,0.0],[161.3911,68.8776,2.102],[161.3901,68.8755,2.7554],[161.3932,68.8714,5.0504],[161.3901,68.8693,0.0],[161.4,68.8667,0.0],[161.4083,68.8667,5.044],[161.4125,68.8646,0.0],[161.4333,68.8646,0.0],[161.4349,68.8651,0.0],[161.4339,68.8682,3.0551],[161.4411,68.8693,0.0],[161.4521,68.875,3.5749],[161.4771,68.8771,0.0],[161.5,68.8833,0.0],[161.5063,68.8833,0.0],[161.5125,68.8875,5.2552],[161.5286,68.8901,0.0],[161.5276,68.8932,3.365],[161.5354,68.8938,0.0],[161.537,68.8953,0.0],[161.5318,68.9005,4.1053],[161.5349,68.9026,0.5355],[161.5339,68.9057,0.0],[161.5349,68.9078,0.0],[161.5318,68.912,4.3171],[161.5349,68.9141,0.0],[161.5276,68.9151,3.457],[161.5349,68.9193,0.0],[161.5333,68.9208,0.0],[161.5276,68.9213,2.0],[161.5307,68.9234,2.8422],[161.5297,68.9307,3.8771],[161.5328,68.9318,0.0],[161.5318,68.9349,1.2945],[161.5349,68.9359,0.0],[161.5318,68.9411,2.6323],[161.5349,68.9422,0.0],[161.5339,68.9453,0.0],[161.5349,68.9474,0.0],[161.5297,68.9484,1.7423],[161.5307,68.9516,0.0],[161.5255,68.9568,4.0868],[161.5286,68.9589,0.0],[161.5276,68.962,3.8667],[161.5307,68.963,0.0],[161.5276,68.9672,4.7622],[161.5286,68.9703,4.2068],[161.5276,68.9724,2.6227],[161.5307,68.9745,0.0],[161.5234,68.9755,2.6062],[161.5182,68.9807,2.7539],[161.5109,68.9818,3.4555],[161.5141,68.9849,0.0],[161.5104,68.9875,0.0],[161.5047,68.988,2.6532],[161.5026,68.9912,2.2384],[161.5057,68.9932,0.0],[161.5,68.9938,2.5113],[161.4953,68.9974,1.7985],[161.488,68.9984,1.4882],[161.4896,69.0,3.8988],[161.4974,69.0005,0.0],[161.4943,69.0057,0.0],[161.4974,69.0078,0.0],[161.4932,69.012,2.7177],[161.4859,69.013,2.4956],[161.4839,69.0162,1.7465],[161.487,69.0182,0.0],[161.4812,69.0188,0.6276],[161.4776,69.0214,3.9005],[161.4787,69.0245,0.0],[161.4776,69.0266,1.276],[161.4807,69.0286,0.0],[161.4734,69.0297,1.0572],[161.4714,69.0318,0.8798],[161.4745,69.0349,1.0204],[161.4693,69.0411,1.6978],[161.4724,69.0432,0.0],[161.4667,69.0437,1.2196],[161.463,69.0463,1.5166],[161.4609,69.0495,2.2924],[161.4641,69.0516,0.0],[161.4568,69.0526,3.0311],[161.4599,69.0547,0.0],[161.4578,69.0578,0.0],[161.4458,69.0583,0.0],[161.4359,69.0609,1.8404],[161.4339,69.063,3.7442],[161.437,69.0651,0.6891],[161.4359,69.0682,0.0],[161.4391,69.0703,0.0],[161.4318,69.0766,3.7255],[161.4391,69.0797,0.0],[161.438,69.0828,0.0],[161.4453,69.0859,0.0],[161.4443,69.0891,0.0],[161.4495,69.0932,0.0],[161.4438,69.0938,1.4579],[161.4422,69.0953,2.4222],[161.4453,69.0964,2.9193],[161.4443,69.0995,2.596],[161.4536,69.1047,0.0],[161.4484,69.112,2.8011],[161.4516,69.113,0.0],[161.4505,69.1162,1.5655],[161.4536,69.1182,0.0],[161.4495,69.1224,0.0],[161.4422,69.1234,0.0],[161.4453,69.1266,0.0],[161.4422,69.1307,0.0],[161.4516,69.1307,0.0],[161.4625,69.1208,1.3337],[161.4703,69.1234,0.0],[161.4693,69.1266,2.1714],[161.4787,69.1318,0.0],[161.4776,69.1349,2.2641],[161.4807,69.1359,0.0],[161.4787,69.1391,1.5882],[161.4729,69.1396,0.0],[161.4714,69.1412,0.0],[161.4797,69.1453,2.1438],[161.4854,69.1458,0.0],[161.4912,69.1484,0.0],[161.488,69.1526,2.124],[161.4912,69.1547,0.0],[161.488,69.1589,0.0],[161.4891,69.162,0.0],[161.4849,69.1661,2.58],[161.4797,69.1672,0.0],[161.4807,69.1703,2.0579],[161.4766,69.1745,1.3264],[161.4693,69.1755,0.0],[161.4661,69.1787,0.0],[161.4557,69.1828,2.8001],[161.4396,69.1875,0.0],[161.4292,69.1875,0.0],[161.425,69.1896,0.0],[161.4146,69.1896,0.0],[161.4104,69.1917,0.0],[161.4021,69.1917,3.2801],[161.3922,69.1943,3.0773],[161.3849,69.2016,0.0],[161.3776,69.2026,2.2624],[161.3807,69.2057,0.0],[161.3766,69.2099,0.0],[161.3693,69.2109,2.3409],[161.3724,69.2141,0.0],[161.3682,69.2182,0.0],[161.3609,69.2193,3.5128],[161.3547,69.2255,3.5975],[161.3599,69.2307,0.0],[161.3526,69.2318,3.2717],[161.3599,69.2359,0.0],[161.3589,69.2391,3.2875],[161.3766,69.2484,0.0],[161.3693,69.2516,1.152],[161.3854,69.2542,0.0],[161.3963,69.2599,2.1004],[161.4021,69.2604,0.0],[161.4104,69.2646,3.1701],[161.4182,69.2651,0.0],[161.4287,69.2714,0.0],[161.4276,69.2745,1.7259],[161.4307,69.2755,0.9135],[161.4276,69.2807,2.2289],[161.4307,69.2828,0.0],[161.4224,69.2911,2.0794],[161.4125,69.2937,0.0],[161.3896,69.2937,1.5419],[161.3792,69.2979,1.4255],[161.3651,69.3005,0.976],[161.3604,69.3042,0.0],[161.3547,69.3047,1.6748],[161.3578,69.3078,0.0],[161.3547,69.312,2.8425],[161.3641,69.3172,0.0],[161.363,69.3203,0.958],[161.3729,69.325,2.8219],[161.3786,69.3255,0.0],[161.4016,69.3391,0.0],[161.3859,69.3547,0.0],[161.3891,69.3578,0.0],[161.3818,69.3588,0.0],[161.3828,69.362,0.0],[161.3755,69.3693,1.6648],[161.3786,69.3724,0.0],[161.3714,69.3734,0.0],[161.3651,69.3797,1.4303],[161.3667,69.3812,0.0],[161.3745,69.3818,0.0],[161.3662,69.3912,0.0],[161.3625,69.3917,0.0],[161.3542,69.3875,0.0],[161.3505,69.388,0.0],[161.3484,69.3912,0.0],[161.3516,69.3932,0.0],[161.3484,69.3974,0.0],[161.3516,69.3984,0.0],[161.3505,69.4016,0.0],[161.3516,69.4036,0.0],[161.3354,69.4042,0.0],[161.3318,69.4068,2.2764],[161.3391,69.4109,0.0],[161.3338,69.4151,2.2219],[161.338,69.4182,2.3338],[161.3458,69.4187,0.0],[161.35,69.4208,1.2296],[161.3604,69.4208,0.0],[161.3646,69.4229,0.0],[161.3917,69.425,0.0],[161.4057,69.4318,0.0],[161.4047,69.4349,0.0],[161.4109,69.4391,0.0],[161.4292,69.4417,0.0],[161.4349,69.4443,0.0],[161.4339,69.4474,0.0],[161.4359,69.4495,0.0],[161.4432,69.4526,0.0],[161.4401,69.4578,0.0],[161.4432,69.4599,0.0],[161.437,69.4661,0.0],[161.4172,69.4672,0.0],[161.413,69.4714,1.2959],[161.4162,69.4745,0.0],[161.4104,69.475,1.3926],[161.4068,69.4776,1.5032],[161.4151,69.4828,0.0],[161.4224,69.4838,0.0],[161.4391,69.4922,0.0],[161.437,69.4953,0.0],[161.4318,69.4984,1.5741],[161.4349,69.5005,1.5181],[161.4339,69.5036,1.5443],[161.437,69.5047,0.9079],[161.4318,69.5109,0.0],[161.4349,69.5141,0.6055],[161.4266,69.5224,0.0],[161.4229,69.5229,0.0],[161.4187,69.5208,1.682],[161.4042,69.5208,0.5],[161.4005,69.5234,1.3852],[161.4021,69.525,1.7007],[161.4104,69.525,1.7476],[161.4146,69.5229,0.5],[161.4182,69.5234,1.3008],[161.4141,69.5286,0.0]]],
[[[161.0875,69.2646,0.0],[161.0891,69.2662,0.0],[161.0792,69.2688,1.5226],[161.0714,69.2662,0.0],[161.0745,69.2609,0.8889],[161.0693,69.2578,0.0],[161.0703,69.2547,0.0],[161.0672,69.2536,0.0],[161.0682,69.2505,1.1171],[161.0521,69.2479,0.0],[161.0422,69.2432,0.0],[161.0432,69.2359,1.0416],[161.0401,69.2338,0.0],[161.0432,69.2297,1.0326],[161.0401,69.2276,0.7808],[161.0464,69.2214,0.0],[161.0537,69.2203,2.4775],[161.0604,69.2146,0.0],[161.0703,69.2151,0.0],[161.0849,69.2234,0.0],[161.0838,69.2266,2.3494],[161.0932,69.2318,0.0],[161.0901,69.237,1.7354],[161.0974,69.2401,0.5932],[161.0958,69.2417,1.0832],[161.0901,69.2422,0.8331],[161.0932,69.2443,0.5898],[161.0922,69.2474,0.0],[161.0932,69.2495,0.0],[161.088,69.2505,1.5062],[161.0891,69.2536,1.5818],[161.0859,69.2568,1.8552],[161.0891,69.2589,1.4043],[161.0859,69.263,1.4527],[161.0875,69.2646,0.0]]],
[[[161.1307,69.3266,0.0],[161.1271,69.3292,0.0],[161.1151,69.3307,0.0],[161.1224,69.3245,0.8146],[161.1193,69.3214,0.0],[161.1245,69.3161,2.0623],[161.1214,69.3141,1.1787],[161.1245,69.3089,2.5145],[161.1214,69.3068,0.0],[161.1245,69.3047,2.6898],[161.1172,69.3016,0.0],[161.1187,69.3,0.0],[161.1245,69.2995,2.6655],[161.1172,69.2953,0.0],[161.1214,69.2901,0.661],[161.137,69.2922,0.0],[161.1703,69.3109,0.0],[161.162,69.3203,0.0],[161.1438,69.325,0.0],[161.1333,69.325,1.2329],[161.1307,69.3266,0.0]]],
[[[161.0854,69.3604,0.5739],[161.0729,69.3646,0.0],[161.0693,69.3641,0.0],[161.0724,69.3599,0.0],[161.0693,69.3578,0.0],[161.0724,69.3536,0.0],[161.0714,69.3505,0.0],[161.0786,69.3495,1.1937],[161.0859,69.3422,0.0],[161.0953,69.3422,1.8308],[161.0943,69.3453,1.6796],[161.0974,69.3464,1.8312],[161.0964,69.3495,1.7114],[161.0995,69.3516,1.0394],[161.0911,69.3599,0.8456],[161.0854,69.3604,0.5739]]],
[[[161.0208,69.4854,0.0],[161.0318,69.4912,0.0],[161.0391,69.4922,0.0],[161.0474,69.4974,0.0],[161.0417,69.5021,0.635],[161.0333,69.5021,0.0],[161.025,69.4979,1.3009],[161.013,69.4974,0.0],[161.0005,69.4912,0.0],[161.0021,69.4896,0.2174],[161.0125,69.4896,0.8562],[161.0172,69.4859,0.0],[161.0208,69.4854,0.0]]],
[[[161.1646,69.5125,-0.0456],[161.163,69.5109,0.4414],[161.1651,69.5089,0.8535],[161.175,69.5083,0.0],[161.1792,69.5104,1.62],[161.2083,69.5104,0.0],[161.2125,69.5125,1.1631],[161.2188,69.5125,0.0],[161.2203,69.5141,0.0],[161.175,69.5146,0.1067],[161.1708,69.5125,1.0171],[161.1646,69.5125,-0.0456]]],
[[[161.2312,69.5458,0.9502],[161.2328,69.5474,0.5349],[161.2229,69.55,-1.3156],[161.2193,69.5495,-0.1697],[161.2172,69.5474,0.7175],[161.2182,69.5443,0.953],[161.2109,69.5411,0.0],[161.2141,69.5359,0.815],[161.2068,69.5318,0.0],[161.2182,69.5318,1.5799],[161.2266,69.5359,0.0],[161.2255,69.5391,-0.0402],[161.2312,69.5417,0.0],[161.237,69.5422,0.0],[161.2354,69.5437,0.8542],[161.2297,69.5443,0.6547],[161.2312,69.5458,0.9502]]],
[[[161.2068,69.5453,0.7807],[161.2026,69.5422,0.8198],[161.2063,69.5417,0.0],[161.212,69.5443,0.0],[161.2104,69.5458,0.6225],[161.2068,69.5453,0.7807]]],
[[[161.1958,69.55,0.7134],[161.1917,69.55,0.0],[161.1901,69.5484,0.8252],[161.2016,69.5484,0.0],[161.2,69.55,1.1706],[161.1958,69.55,0.7134]]],
[[[161.0146,69.4667,0.0],[161.0104,69.4667,0.0],[161.0089,69.4651,0.0],[161.0203,69.4651,0.0],[161.0188,69.4667,1.1795],[161.0146,69.4667,0.0]]],
[[[161.0432,69.6036,0.5767],[161.0412,69.6057,0.1331],[161.0313,69.6083,0.6531],[161.025,69.6062,0.0],[161.0125,69.6062,0.7005],[161.0083,69.6083,0.0],[160.9922,69.6078,-0.0225],[160.9953,69.6026,0.0],[160.9922,69.6005,0.0],[160.9995,69.5995,-1.8937],[161.0026,69.5964,-3.7226],[161.0125,69.5938,0.0],[161.0161,69.5943,0.0],[161.0266,69.6005,0.0],[161.025,69.6021,-0.3991],[161.0193,69.6026,0.9306],[161.0208,69.6042,0.6698],[161.0307,69.6036,-2.067],[161.0328,69.6005,0.3195],[161.0297,69.5984,0.0],[161.0333,69.5958,0.0],[161.0417,69.5958,0.0],[161.0474,69.5984,-0.5314],[161.0432,69.6036,0.5767]]],
[[[160.9958,69.6167,0.3502],[160.9917,69.6167,0.2752],[160.9901,69.6151,-3.7663],[160.9995,69.6151,0.3077],[160.9958,69.6167,0.3502]]],
[[[161.0229,69.625,0.0],[161.0292,69.625,0.0],[161.0307,69.6266,1.2603],[161.0224,69.6349,0.7759],[161.0063,69.6354,-1.0005],[161.0026,69.6328,0.501],[161.0068,69.6276,0.0],[161.0167,69.6271,0.2707],[161.0229,69.625,0.0]]],
[[[161.5938,68.8958,3.3763],[161.5901,68.8943,3.1757],[161.5938,68.8917,2.6212],[161.6016,68.8943,3.2766],[161.6,68.8958,2.167],[161.5938,68.8958,3.3763]]],
[[[161.6,68.9,1.5],[161.6042,68.9,4.8183],[161.6057,68.9016,4.7477],[161.5974,68.9099,1.5],[161.5859,68.9099,1.9202],[161.587,68.9068,0.0],[161.5859,68.9047,0.0],[161.5911,68.9036,1.5468],[161.5901,68.9005,0.0],[161.6,68.9,1.5]]],
[[[161.5849,68.9213,4.0173],[161.5833,68.9229,4.182],[161.5797,68.9224,2.5248],[161.5813,68.9208,1.4716],[161.5849,68.9213,4.0173]]],
[[[161.5807,68.9359,4.6952],[161.5792,68.9375,0.0],[161.5734,68.938,4.5547],[161.5688,68.9417,4.8928],[161.5609,68.9411,0.0],[161.5625,68.9396,0.0],[161.5682,68.9391,1.4123],[161.5703,68.937,1.6275],[161.5672,68.9349,0.0],[161.5688,68.9333,0.0],[161.575,68.9333,0.0],[161.5807,68.9359,4.6952]]],
[[[161.4797,68.9578,2.0959],[161.4828,68.9599,0.0],[161.4708,68.9625,0.0],[161.4651,68.9599,0.0],[161.4661,68.9526,3.4363],[161.4588,68.9495,2.3124],[161.4599,68.9464,3.088],[161.4526,68.9453,0.0],[161.4557,68.9411,3.6296],[161.4526,68.9391,4.3345],[161.4557,68.9349,4.239],[161.4526,68.9328,0.0],[161.4547,68.9297,0.0],[161.4667,68.9271,0.0],[161.4891,68.9401,0.0],[161.4859,68.9453,3.455],[161.4891,68.9464,0.7693],[161.488,68.9495,2.328],[161.4912,68.9516,0.0],[161.4839,68.9526,3.2937],[161.487,68.9557,0.0],[161.4812,68.9563,2.1359],[161.4797,68.9578,2.0959]]],
[[[161.4339,69.2286,0.0],[161.437,69.2307,0.0],[161.4297,69.2318,0.0],[161.4255,69.2359,0.0],[161.4287,69.2391,0.0],[161.4187,69.2396,0.0],[161.413,69.237,0.0],[161.4141,69.2297,0.0],[161.4109,69.2276,0.0],[161.4141,69.2234,0.0],[161.4109,69.2214,0.0],[161.425,69.2229,0.0],[161.4339,69.2286,0.0]]],
[[[161.4839,69.2662,0.0],[161.487,69.2682,0.0],[161.4797,69.2693,1.6832],[161.475,69.2729,0.0],[161.463,69.2682,0.0],[161.4641,69.2651,2.5948],[161.4588,69.262,0.0],[161.4599,69.2589,1.8964],[161.4484,69.2536,0.0],[161.4516,69.2505,2.9007],[161.4484,69.2484,0.0],[161.4604,69.25,0.0],[161.4714,69.2557,0.0],[161.4787,69.2568,0.0],[161.4776,69.2599,2.4366],[161.4849,69.263,0.0],[161.4839,69.2662,0.0]]],
[[[161.4547,69.3912,0.0],[161.4557,69.388,2.6206],[161.4547,69.3859,1.333],[161.4563,69.3854,0.0],[161.4604,69.3875,2.1372],[161.4667,69.3875,0.0],[161.4766,69.3922,1.4234],[161.4797,69.3953,2.3616],[161.4891,69.3964,0.0],[161.5016,69.4036,0.0],[161.4792,69.4042,0.0],[161.4547,69.3912,0.0]]],
[[[161.5682,69.4005,0.0],[161.5667,69.4021,0.0],[161.563,69.4016,0.0],[161.5646,69.4,0.0],[161.5682,69.4005,0.0]]],
[[[161.6411,69.4516,0.0],[161.6292,69.4521,1.7456],[161.625,69.4542,0.0],[161.5958,69.4521,0.0],[161.5901,69.4495,0.0],[161.588,69.4474,0.0],[161.5891,69.4443,2.5185],[161.5849,69.4422,2.2914],[161.5755,69.4411,1.2018],[161.5557,69.4297,1.5439],[161.5464,69.4287,0.0],[161.5474,69.4255,0.0],[161.5464,69.4234,2.3286],[161.5495,69.4193,2.7586],[161.537,69.413,2.3924],[161.5125,69.4125,0.0],[161.5068,69.4089,0.0],[161.5396,69.4083,0.0],[161.5437,69.4104,1.6221],[161.5562,69.4104,0.0],[161.5604,69.4125,2.4961],[161.6,69.4125,0.0],[161.6042,69.4146,0.0],[161.6104,69.4146,0.0],[161.6495,69.4359,0.0],[161.6479,69.4375,0.0],[161.6422,69.438,1.7548],[161.6453,69.4411,0.0],[161.638,69.4422,0.0],[161.6339,69.4464,2.4359],[161.6411,69.4516,0.0]]],
[[[161.5458,69.6125,0.6093],[161.5375,69.6125,0.1156],[161.5313,69.6167,0.4494],[161.5167,69.6167,0.0679],[161.5104,69.6146,0.7765],[161.5042,69.6167,0.0],[161.5,69.6146,0.6652],[161.4958,69.6167,0.6582],[161.4875,69.6167,0.0],[161.4859,69.6162,0.0],[161.487,69.613,0.8512],[161.4797,69.6099,0.45],[161.4807,69.6068,0.9641],[161.4755,69.6036,0.0],[161.4787,69.5995,0.7849],[161.4755,69.5964,0.0],[161.4787,69.5922,1.2046],[161.4714,69.5891,0.0],[161.4724,69.5859,0.0],[161.4646,69.5833,1.0143],[161.4542,69.5917,1.2516],[161.4484,69.5891,0.9569],[161.45,69.5875,0.0],[161.4557,69.587,1.2334],[161.4516,69.5839,0.7141],[161.4479,69.5833,1.0166],[161.4417,69.5854,0.8655],[161.4333,69.5813,0.0],[161.4229,69.5813,0.0],[161.4172,69.5787,0.0],[161.4224,69.5714,1.2679],[161.4193,69.5703,0.9197],[161.4203,69.5672,0.9041],[161.4172,69.5661,0.5394],[161.4182,69.563,0.0],[161.4151,69.562,0.0],[161.413,69.5589,0.0],[161.4182,69.5537,0.9559],[161.4151,69.5505,0.0],[161.4224,69.5495,1.0722],[161.4193,69.5463,0.0],[161.4224,69.5422,0.0],[161.4193,69.5401,0.0],[161.4349,69.537,1.0017],[161.4318,69.5349,0.0],[161.4333,69.5333,0.0],[161.4453,69.5328,1.4347],[161.4682,69.5099,0.7392],[161.463,69.5057,0.8096],[161.4641,69.5026,1.5645],[161.4568,69.4995,0.0],[161.4578,69.4964,0.957],[161.4547,69.4953,0.0],[161.4557,69.4922,0.0],[161.4464,69.4912,0.0],[161.4474,69.4838,0.0],[161.4333,69.4833,0.0],[161.4234,69.4786,0.0],[161.4318,69.4714,0.0],[161.4453,69.4682,0.0],[161.4516,69.462,0.0],[161.4505,69.4589,0.0],[161.4578,69.4578,1.565],[161.4547,69.4547,2.1943],[161.4578,69.4505,1.2849],[161.4505,69.4474,0.0],[161.4516,69.4443,0.0],[161.437,69.4359,1.7108],[161.4292,69.4354,0.0],[161.4162,69.4276,2.07],[161.4068,69.4266,0.0],[161.4099,69.4213,2.4201],[161.4021,69.4208,0.0],[161.3979,69.4187,0.0],[161.3854,69.4187,0.0],[161.3813,69.4208,0.0],[161.3729,69.4208,0.0],[161.363,69.4182,0.0],[161.3547,69.4141,0.0],[161.3599,69.4078,2.4692],[161.3568,69.4047,0.0],[161.3693,69.3922,0.0],[161.3766,69.3912,2.719],[161.3813,69.3875,0.0],[161.3896,69.3875,0.0],[161.3963,69.3912,2.0627],[161.4042,69.3917,0.0],[161.4089,69.3953,0.0],[161.4167,69.3958,0.0],[161.4234,69.3995,1.4362],[161.4333,69.4021,2.8393],[161.4396,69.4021,0.0],[161.4438,69.4042,2.6552],[161.4563,69.4042,0.0],[161.4604,69.4063,2.7276],[161.4708,69.4063,0.0],[161.4937,69.4125,2.4221],[161.5,69.4125,0.0],[161.5042,69.4146,1.9857],[161.5208,69.4146,0.0],[161.525,69.4167,2.3678],[161.5313,69.4167,1.193],[161.5328,69.4172,1.4422],[161.5318,69.4203,2.4092],[161.5349,69.4213,0.0],[161.5339,69.4245,1.659],[161.537,69.4255,0.0],[161.5359,69.4287,2.7136],[161.538,69.4307,2.5946],[161.5437,69.4333,2.4265],[161.5516,69.4339,1.0061],[161.5672,69.4432,2.1373],[161.5766,69.4443,0.0],[161.5807,69.4464,0.0],[161.5797,69.4495,0.0],[161.5859,69.4537,0.0],[161.6042,69.4563,0.0],[161.6083,69.4583,2.0073],[161.6187,69.4583,0.0],[161.6229,69.4604,1.4287],[161.6354,69.4604,0.0],[161.6662,69.4776,0.0],[161.663,69.4828,1.1949],[161.6662,69.4838,0.0],[161.6651,69.487,1.3427],[161.6682,69.4891,0.0],[161.6641,69.4932,0.0],[161.6542,69.4958,0.6223],[161.6479,69.4938,0.0],[161.6401,69.4943,0.6367],[161.6411,69.4974,0.0],[161.6391,69.4995,0.0],[161.6297,69.5026,0.0],[161.6328,69.5057,0.0],[161.6255,69.5068,1.4114],[161.6286,69.5099,0.0],[161.6214,69.5109,1.4731],[161.6245,69.5141,0.0],[161.6214,69.5182,1.9119],[161.6245,69.5203,0.0],[161.6214,69.5245,1.6084],[161.6307,69.5255,0.0],[161.6276,69.5297,0.0],[161.6297,69.5328,0.0],[161.6411,69.538,0.0],[161.6401,69.5411,1.7352],[161.6516,69.5463,1.4113],[161.6484,69.5495,1.5817],[161.6578,69.5505,0.0],[161.6568,69.5537,1.4779],[161.6599,69.5547,1.4446],[161.6589,69.5578,1.454],[161.662,69.5589,1.3096],[161.6609,69.562,1.3557],[161.6641,69.563,0.0],[161.6609,69.5682,0.0],[161.6662,69.5724,0.0],[161.6589,69.5734,1.1119],[161.662,69.5766,0.5519],[161.6547,69.5776,1.1137],[161.6578,69.5807,0.0],[161.6443,69.5818,0.6744],[161.6349,69.5911,0.6148],[161.6229,69.5958,0.0],[161.613,69.5964,0.826],[161.6037,69.6057,0.0],[161.5938,69.6083,0.0],[161.5833,69.6083,0.8677],[161.5792,69.6104,0.6821],[161.5688,69.6104,0.3668],[161.5646,69.6125,-0.4036],[161.5458,69.6125,0.6093]]],
[[[161.3995,69.5432,0.5482],[161.3875,69.5437,0.643],[161.3813,69.5458,0.0],[161.3755,69.5422,0.1225],[161.3792,69.5396,0.0],[161.4016,69.5401,0.0],[161.3995,69.5432,0.5482]]],
[[[161.762,69.4838,0.6091],[161.7589,69.4818,1.27],[161.7625,69.4792,0.0],[161.7708,69.4792,0.0],[161.775,69.4812,0.0],[161.7792,69.4812,0.0],[161.7891,69.4859,0.0],[161.788,69.4891,1.0166],[161.7912,69.4912,0.7249],[161.7891,69.4932,0.0],[161.7854,69.4938,0.0],[161.7771,69.4896,1.3345],[161.7713,69.4891,0.0],[161.762,69.4838,0.6091]]],
[[[161.7458,69.5042,0.9826],[161.7401,69.5005,0.0],[161.7542,69.5,0.0],[161.7583,69.5021,0.3704],[161.7661,69.5026,1.3016],[161.7604,69.5083,0.0],[161.7479,69.5083,1.0444],[161.7464,69.5078,1.0492],[161.7474,69.5047,1.2195],[161.7458,69.5042,0.9826]]],
[[[161.9891,69.5432,1.2992],[161.9937,69.5417,0.0],[162.0063,69.5458,1.2539],[162.0141,69.5463,0.0],[162.0182,69.5484,0.0],[162.0172,69.5516,1.1908],[162.0203,69.5526,0.942],[162.0193,69.5557,0.5576],[162.0224,69.5578,0.604],[162.0182,69.562,0.6651],[162.0146,69.5625,0.7617],[162.0089,69.5599,0.0],[162.0099,69.5568,0.9567],[161.9932,69.5484,1.0347],[161.9859,69.5474,0.0],[161.9792,69.5437,-0.0521],[161.9729,69.5437,1.0805],[161.9714,69.5422,0.9176],[161.9812,69.5417,0.0],[161.9854,69.5437,1.3226],[161.9891,69.5432,1.2992]]],
[[[162.0422,69.5557,0.8345],[162.0453,69.5578,0.4018],[162.038,69.5589,0.7527],[162.0333,69.5625,0.5307],[162.0297,69.562,0.0],[162.0349,69.5557,0.6011],[162.0339,69.5526,0.1769],[162.0349,69.5505,1.3264],[162.0318,69.5495,0.0],[162.0339,69.5463,1.256],[162.0391,69.5463,0.5045],[162.0453,69.5505,1.0518],[162.0422,69.5557,0.8345]]],
[[[162.0146,69.5792,0.0],[162.0021,69.5792,0.4705],[161.9979,69.5813,0.0],[161.9818,69.5807,0.0],[161.963,69.5703,0.2454],[161.9641,69.5672,1.1797],[161.9568,69.5641,0.0],[161.9578,69.5609,0.66],[161.9547,69.5589,0.0],[161.9604,69.5583,1.2179],[161.962,69.5568,1.3323],[161.9588,69.5557,0.0],[161.9599,69.5526,1.1227],[161.9568,69.5505,0.0],[161.9667,69.5479,0.0],[161.975,69.5479,0.0],[161.9849,69.5526,0.0],[161.988,69.5557,1.2718],[161.9974,69.5568,0.0],[161.9964,69.5599,1.0911],[162.0036,69.563,0.0],[162.0026,69.5661,0.8849],[162.0224,69.5672,0.0],[162.0203,69.5703,0.0],[162.013,69.5714,0.3555],[162.0109,69.5734,0.3807],[162.0125,69.575,0.0],[162.0208,69.575,0.0],[162.0307,69.5724,0.7929],[162.0276,69.5703,0.0],[162.0292,69.5687,0.2869],[162.0375,69.5687,0.0],[162.0458,69.5729,0.0],[162.062,69.5755,0.7296],[162.0604,69.5771,0.0],[162.0208,69.5771,0.0],[162.0146,69.5792,0.0]]],
[[[162.0922,69.5828,0.1689],[162.0953,69.5849,0.0],[162.088,69.5859,0.6101],[162.0911,69.588,0.2533],[162.0901,69.5911,0.4343],[162.0932,69.5922,0.6207],[162.0896,69.5958,0.3648],[162.0708,69.5958,0.0],[162.0667,69.5938,0.802],[162.0542,69.5938,0.2162],[162.0443,69.5891,0.7939],[162.0464,69.5859,0.1216],[162.0537,69.5849,0.2533],[162.0583,69.5813,0.0],[162.075,69.5813,0.1395],[162.0813,69.5792,0.0],[162.0922,69.5828,0.1689]]],
[[[161.8922,69.6443,0.7772],[161.8891,69.6474,0.0],[161.8792,69.65,0.5614],[161.8729,69.6479,0.6355],[161.8687,69.65,0.0],[161.8542,69.65,0.0],[161.85,69.6479,0.9264],[161.8375,69.6479,0.0],[161.8276,69.6453,0.9344],[161.8234,69.6432,0.9486],[161.8245,69.6401,0.8002],[161.8068,69.6349,0.0],[161.8099,69.6307,0.6167],[161.8083,69.6292,0.0],[161.7974,69.637,1.0522],[161.7896,69.6375,0.5483],[161.7854,69.6354,1.0397],[161.7729,69.6354,0.6836],[161.7646,69.6312,0.8375],[161.75,69.6292,0.0],[161.7484,69.6286,0.0],[161.7495,69.6255,0.0],[161.7479,69.625,0.0],[161.7443,69.6255,0.0],[161.7412,69.6286,0.0],[161.7312,69.6312,0.0],[161.7208,69.6271,0.0],[161.7042,69.6271,0.0],[161.6984,69.6234,0.0],[161.7042,69.6229,0.3945],[161.7057,69.6214,0.3894],[161.6984,69.6182,0.0],[161.6995,69.6151,0.9098],[161.6901,69.6099,0.0],[161.6917,69.6083,0.0],[161.6974,69.6078,0.7706],[161.6901,69.6036,0.0],[161.6932,69.5984,1.3517],[161.6901,69.5964,0.0],[161.6953,69.5911,1.3151],[161.6922,69.588,0.0],[161.6964,69.5839,0.0],[161.7036,69.5828,1.5021],[161.7005,69.5797,0.0],[161.7042,69.5771,0.0],[161.7099,69.5766,0.0],[161.7151,69.5714,0.9111],[161.725,69.5687,1.5443],[161.7333,69.5687,0.0],[161.7349,69.5693,0.0],[161.7339,69.5724,1.5291],[161.7599,69.5859,0.0],[161.7583,69.5875,0.0],[161.7479,69.5875,0.0],[161.7464,69.5891,0.0],[161.7557,69.5901,0.0],[161.763,69.5953,0.0],[161.7745,69.6005,0.0],[161.7734,69.6036,1.347],[161.7813,69.6042,0.0],[161.787,69.6068,0.0],[161.7891,69.6088,0.0],[161.788,69.612,1.3847],[161.7953,69.6151,0.0],[161.7922,69.6203,1.2434],[161.8,69.6208,0.0],[161.8104,69.625,0.0],[161.812,69.6234,1.2141],[161.8047,69.6193,0.0],[161.8104,69.6188,1.21],[161.812,69.6172,0.0],[161.8062,69.6146,1.3493],[161.7984,69.6141,0.0],[161.7995,69.6109,0.8343],[161.7693,69.5953,0.0],[161.7724,69.5911,1.428],[161.7713,69.588,0.7774],[161.7724,69.5859,1.0623],[161.7516,69.5755,1.3328],[161.7443,69.5745,0.0],[161.7453,69.5714,0.0],[161.738,69.5682,0.0],[161.7391,69.5651,1.5009],[161.7359,69.563,0.0],[161.7432,69.5557,1.5138],[161.7401,69.5526,0.0],[161.7474,69.5516,0.0],[161.7495,69.5495,1.598],[161.7464,69.5474,1.3488],[161.7484,69.5443,0.0],[161.7557,69.5432,0.0],[161.7646,69.5354,0.0],[161.8042,69.5354,0.7716],[161.8104,69.5333,0.0],[161.8146,69.5354,1.1731],[161.8333,69.5354,0.0],[161.8375,69.5375,1.6856],[161.8438,69.5375,0.0],[161.8479,69.5354,0.0],[161.8687,69.5354,0.0],[161.8729,69.5375,0.0],[161.8771,69.5375,0.0],[161.8854,69.5417,1.3266],[161.8932,69.5422,0.0],[161.9026,69.5474,0.6068],[161.9099,69.5484,0.0],[161.9089,69.5516,0.0],[161.912,69.5526,0.0],[161.9078,69.5578,0.7993],[161.9042,69.5583,0.0],[161.8995,69.5547,0.5788],[161.8917,69.5542,0.0],[161.8833,69.55,0.9467],[161.8797,69.5505,0.0],[161.8776,69.5526,0.0],[161.8792,69.5542,0.8337],[161.887,69.5547,0.7475],[161.9016,69.563,0.6462],[161.8911,69.5745,0.4729],[161.8839,69.5755,0.7296],[161.887,69.5787,0.0],[161.8776,69.588,0.9328],[161.8807,69.5901,0.4951],[161.8776,69.5953,0.8146],[161.8807,69.5974,0.0],[161.8734,69.6047,0.0],[161.8786,69.6099,0.0],[161.8745,69.6141,0.6339],[161.8693,69.6151,0.9356],[161.8714,69.6182,0.8669],[161.8797,69.6224,0.815],[161.8891,69.6234,0.0],[161.9016,69.6297,0.7226],[161.8984,69.6328,1.1314],[161.9057,69.6359,0.9865],[161.9047,69.6391,0.8236],[161.9078,69.6412,0.0],[161.8958,69.6417,0.0],[161.8922,69.6443,0.7772]]],
[[[161.6839,69.6036,0.0],[161.687,69.6057,0.0],[161.6812,69.6062,0.8642],[161.6797,69.6078,0.3327],[161.687,69.6109,0.0],[161.6859,69.6141,0.8218],[161.687,69.6162,0.6989],[161.6776,69.6162,0.0],[161.6787,69.613,0.2714],[161.6714,69.6088,0.0],[161.6776,69.6026,0.5265],[161.6812,69.6021,0.8907],[161.6839,69.6036,0.0]]],
[[[161.6641,69.6214,0.8311],[161.6609,69.6203,0.0],[161.663,69.6172,0.0],[161.6745,69.6172,0.0],[161.6734,69.6203,0.0],[161.6839,69.6266,0.0],[161.6932,69.6276,0.0],[161.6922,69.6307,0.6949],[161.6953,69.6328,0.522],[161.6932,69.6349,0.0],[161.6896,69.6354,0.0],[161.6812,69.6312,0.8208],[161.6651,69.6286,0.0],[161.6662,69.6255,0.6703],[161.663,69.6245,0.0],[161.6641,69.6214,0.8311]]],
[[[161.9443,69.6412,0.5223],[161.9474,69.6432,0.0],[161.9401,69.6443,0.8636],[161.9354,69.6479,0.8328],[161.9292,69.6479,0.6538],[161.9234,69.6453,0.0],[161.925,69.6438,0.0],[161.9307,69.6432,0.9894],[161.9328,69.6412,0.5735],[161.9297,69.638,0.0],[161.9354,69.6333,0.0],[161.9516,69.638,0.0],[161.9443,69.6412,0.5223]]],
[[[162.3958,70.65,24.5745],[162.3833,70.65,37.9492],[162.3792,70.6521,0.0],[162.3708,70.6521,0.0],[162.3651,70.6495,0.0],[162.3667,70.6479,0.0],[162.3724,70.6474,31.4214],[162.3693,70.6453,0.0],[162.3682,70.6422,0.0],[162.3521,70.6417,0.0],[162.3458,70.6438,0.0],[162.3443,70.6432,0.0],[162.3453,70.6401,0.0],[162.3396,70.6375,0.0],[162.2937,70.6375,9.8642],[162.2875,70.6396,0.0],[162.2818,70.6359,0.0],[162.2854,70.6333,0.0],[162.2912,70.6328,24.487],[162.2958,70.6292,0.0],[162.3062,70.6292,11.7095],[162.3104,70.6271,10.1458],[162.3146,70.6271,23.8683],[162.3208,70.6229,0.0],[162.3313,70.6229,0.0],[162.3354,70.6208,0.0],[162.3875,70.6208,0.0],[162.4083,70.6312,0.0],[162.4229,70.6312,0.0],[162.4271,70.6333,16.9227],[162.4333,70.6312,0.0],[162.45,70.6312,0.0],[162.4625,70.6271,0.0],[162.4771,70.6271,0.0],[162.4828,70.6297,0.0],[162.4797,70.6349,0.0],[162.4875,70.6354,0.0],[162.4974,70.6401,21.1147],[162.4958,70.6417,25.0265],[162.4542,70.6417,9.9856],[162.45,70.6438,0.0],[162.4438,70.6417,26.726],[162.4354,70.6417,43.7929],[162.4312,70.6438,0.0],[162.4193,70.6443,57.7766],[162.4224,70.6464,0.0],[162.4208,70.6479,0.0],[162.4042,70.6479,60.4402],[162.4,70.65,0.0],[162.3958,70.65,24.5745]]],
[[[162.2766,70.6401,0.0],[162.275,70.6417,1.3259],[162.2713,70.6412,0.0],[162.2729,70.6396,0.0],[162.2766,70.6401,0.0]]],
[[[161.4771,69.6146,0.6755],[161.4708,69.6146,0.0],[161.4693,69.613,0.0],[161.4807,69.613,0.0],[161.4771,69.6146,0.6755]]],
[[[161.4521,69.6146,0.0],[161.4536,69.6162,0.0],[161.4505,69.6162,0.0],[161.4505,69.6151,0.0],[161.4521,69.6146,0.0]]],
[[[161.5995,70.8172,0.0],[161.5979,70.8187,0.0],[161.5943,70.8182,0.0],[161.5958,70.8167,0.0],[161.5995,70.8172,0.0]]],
[[[161.5036,70.9172,0.0],[161.5016,70.9203,0.0],[161.4943,70.9213,27.596],[161.4854,70.9292,9.3365],[161.4458,70.9292,0.0],[161.4417,70.9271,15.5703],[161.4318,70.9266,5.5295],[161.4276,70.9234,3.0276],[161.4312,70.9208,0.0],[161.4391,70.9203,16.8471],[161.4359,70.9172,0.0],[161.4432,70.9161,0.0],[161.4474,70.9109,26.0612],[161.438,70.9099,0.0],[161.4411,70.9047,0.0],[161.4339,70.9016,0.0],[161.437,70.8964,25.3896],[161.4276,70.8953,0.0],[161.4307,70.8901,11.5161],[161.4276,70.888,0.0],[161.4458,70.8833,0.0],[161.4667,70.8833,0.0],[161.475,70.8875,10.8246],[161.5208,70.8875,0.0],[161.525,70.8854,0.0],[161.5437,70.8854,16.4804],[161.5479,70.8833,0.0],[161.5583,70.8833,31.709],[161.5646,70.8792,0.0],[161.5911,70.8818,0.0],[161.5896,70.8833,0.0],[161.5792,70.8833,22.6688],[161.5693,70.8859,23.4687],[161.5604,70.8938,0.0],[161.5521,70.8938,0.0],[161.5375,70.8896,6.2637],[161.5208,70.8896,3.5516],[161.5161,70.8932,0.0],[161.5089,70.8943,3.2786],[161.5057,70.8974,0.0],[161.4984,70.8984,2.8578],[161.4964,70.9016,3.1831],[161.4995,70.9036,0.0],[161.4859,70.9047,8.1661],[161.4875,70.9063,6.3987],[161.4937,70.9063,0.0],[161.4995,70.9089,0.0],[161.4979,70.9104,0.0],[161.4922,70.9109,0.0],[161.4901,70.9141,0.0],[161.4958,70.9167,5.9168],[161.5036,70.9172,0.0]]],
[[[162.2458,70.6458,24.9646],[162.2422,70.6443,0.0],[162.2458,70.6417,0.0],[162.2667,70.6417,0.0],[162.2766,70.6474,0.0],[162.2745,70.6495,11.7599],[162.2708,70.65,3.092],[162.2667,70.6479,28.7826],[162.2542,70.6479,0.0],[162.25,70.6458,33.8405],[162.2458,70.6458,24.9646]]],
[[[161.6964,70.6797,22.9247],[161.6932,70.6828,24.3],[161.6833,70.6854,10.8254],[161.675,70.6854,0.0],[161.6693,70.6828,0.0],[161.6724,70.6776,5.8699],[161.6693,70.6766,0.0],[161.6703,70.6734,16.3238],[161.663,70.6703,0.0],[161.6662,70.6651,0.0],[161.663,70.663,0.0],[161.6729,70.6604,0.0],[161.7099,70.6609,0.0],[161.7026,70.6693,0.0],[161.7057,70.6724,0.0],[161.6964,70.6797,22.9247]]],
[[[161.7141,70.7172,0.0],[161.7125,70.7188,0.0],[161.7088,70.7182,0.0],[161.7104,70.7167,0.0],[161.7141,70.7172,0.0]]],
[[[161.5667,70.8083,0.0],[161.5568,70.8109,11.1787],[161.5599,70.8141,0.0],[161.5562,70.8167,0.0],[161.5417,70.8167,0.0],[161.5375,70.8146,13.7946],[161.5234,70.8141,7.0115],[161.5193,70.8109,0.0],[161.5266,70.8099,17.335],[161.5286,70.8078,0.0],[161.5255,70.8047,0.0],[161.5307,70.7984,6.8275],[161.5213,70.7974,0.0],[161.5224,70.7943,3.5651],[161.513,70.7932,0.0],[161.5141,70.7901,11.7302],[161.5047,70.7891,0.0],[161.5057,70.7859,13.7039],[161.5026,70.7849,4.5946],[161.5036,70.7818,8.7942],[161.4922,70.7755,0.0],[161.4979,70.7708,0.0],[161.5021,70.7708,3.6878],[161.5063,70.7688,0.0],[161.5229,70.7688,14.8783],[161.5271,70.7667,0.0],[161.5479,70.7729,0.0],[161.5562,70.7729,0.5152],[161.5688,70.7688,0.0],[161.5792,70.7688,4.3672],[161.5854,70.7646,0.0],[161.6016,70.762,7.8835],[161.6068,70.7568,0.0],[161.6208,70.7542,13.0359],[161.6255,70.7505,0.0],[161.6411,70.7474,12.1892],[161.638,70.7443,0.0],[161.6453,70.7432,3.2319],[161.6526,70.7359,2.3543],[161.6625,70.7333,0.0],[161.6729,70.7333,18.1603],[161.6745,70.7318,13.9697],[161.6714,70.7297,0.0],[161.6787,70.7286,6.8932],[161.6833,70.725,0.0],[161.6938,70.725,0.0],[161.7005,70.7193,0.0],[161.7057,70.7193,3.0454],[161.7047,70.7224,3.0719],[161.7078,70.7245,0.0],[161.7021,70.725,2.2962],[161.7005,70.7266,8.4279],[161.7036,70.7276,2.1989],[161.7026,70.7307,15.3923],[161.7057,70.7318,7.6765],[161.7047,70.7349,0.0],[161.7078,70.737,0.0],[161.7036,70.7412,24.0584],[161.6964,70.7422,1.5003],[161.6932,70.7453,0.0],[161.6797,70.7464,5.3956],[161.6828,70.7495,0.0],[161.6787,70.7536,0.0],[161.6714,70.7547,0.0],[161.6667,70.7583,0.0],[161.6609,70.7589,5.9917],[161.6641,70.762,0.0],[161.6547,70.7714,0.0],[161.6578,70.7745,0.0],[161.6547,70.7786,2.5506],[161.6604,70.7813,3.1905],[161.6687,70.7792,0.0],[161.675,70.7813,8.5822],[161.6812,70.7792,0.0],[161.6854,70.7813,7.3227],[161.6932,70.7818,0.0],[161.6922,70.7849,11.6685],[161.6953,70.7859,0.0],[161.6943,70.7891,14.3673],[161.6974,70.7911,0.0],[161.6812,70.7917,0.0],[161.6771,70.7896,6.4434],[161.6646,70.7896,0.0],[161.6583,70.7875,8.0893],[161.6536,70.7911,0.0],[161.6463,70.7922,7.8022],[161.6391,70.7995,0.0],[161.6292,70.8021,0.0],[161.6229,70.8,0.0],[161.6125,70.8,7.6782],[161.6083,70.8021,0.0],[161.5979,70.8021,21.2003],[161.5938,70.8042,10.2213],[161.5771,70.8042,14.5965],[161.5724,70.8078,0.0],[161.5667,70.8083,0.0]]]]}}