{"type":"Feature","properties":{"GID_1":"RUS.28_1","GID_0":"RUS","country":"Russia","province":"Khabarovsk","VARNAME_1":"KhabarovskiyKray","NL_NAME_1":"Хабаровскийкрай","TYPE_1":"Kray","ENGTYPE_1":"Territory","CC_1":"NA","HASC_1":"RU.KH","ISO_1":"NA","name":"Khabarovsk.province"},
"geometry":{"type": "MultiPolygon","coordinates": [[[[136.6467,45.0453,2.8841],[136.6419,45.0467,2.271],[136.6389,45.0422,0.8565],[136.6403,45.0392,2.2626],[136.645,45.0358,1.2039],[136.6586,45.0394,0.4184],[136.6619,45.0422,6.3369],[136.66,45.0439,0.0],[136.6542,45.0431,2.53],[136.6467,45.0453,2.8841]]],
[[[134.0492,46.774,45.2729],[134.0481,46.763,45.1326],[134.0332,46.7482,45.5589],[134.024,46.7324,51.7083],[134.0258,46.7085,45.2728],[134.0248,46.6838,46.6061],[134.0179,46.6637,60.2113],[134.0375,46.6632,107.1808],[134.0875,46.679,531.9553],[134.1804,46.6827,520.6926],[134.2684,46.6994,174.4592],[134.3514,46.7088,62.9103],[134.4192,46.7126,289.6627],[134.4681,46.7328,134.0913],[134.5023,46.7627,92.0465],[134.5136,46.8106,92.4191],[134.4882,46.852,127.5252],[134.5057,46.9149,385.5957],[134.4598,46.9651,371.0633],[134.4707,47.0161,274.0361],[134.517,47.0098,206.6552],[134.5642,46.9744,276.9121],[134.6069,46.9725,193.872],[134.6135,47.0407,427.537],[134.6576,47.069,507.0014],[134.6722,47.1095,568.2192],[134.6904,47.1427,599.3277],[134.7283,47.1487,542.6212],[134.7622,47.149,535.3193],[134.8233,47.1421,566.877],[134.8615,47.1716,492.133],[134.8875,47.174,509.8761],[134.9493,47.1563,268.5461],[134.9885,47.1484,292.8031],[135.0305,47.162,334.1633],[135.0635,47.1966,447.9409],[135.0902,47.2286,484.6248],[135.1333,47.2253,390.1007],[135.1851,47.2165,269.3458],[135.2155,47.2016,268.1516],[135.2361,47.1822,454.4185],[135.2812,47.1863,357.5476],[135.327,47.1942,362.1928],[135.3544,47.1794,438.4536],[135.3403,47.1332,329.9318],[135.3629,47.0975,280.4815],[135.4028,47.089,294.492],[135.4357,47.0751,371.2646],[135.4548,47.054,599.3118],[135.4421,47.0353,348.2509],[135.4223,47.011,306.5586],[135.3846,46.9753,377.0966],[135.3771,46.9513,330.3132],[135.3971,46.9393,480.8139],[135.4403,46.9284,421.9077],[135.4924,46.9419,302.4683],[135.5275,46.9714,300.488],[135.5613,46.9974,345.4753],[135.6102,46.9976,257.4084],[135.6114,46.9753,280.5993],[135.6799,46.9729,513.5659],[135.7269,46.9801,579.9899],[135.778,46.9678,586.1372],[135.777,46.9382,498.7836],[135.7493,46.9233,532.5331],[135.8221,46.892,530.3358],[135.845,46.8557,549.0069],[135.918,46.8262,432.4092],[135.9694,46.8116,397.9253],[135.9962,46.8142,398.3266],[136.0265,46.8632,358.9163],[136.0506,46.8858,387.6],[136.0999,46.8885,353.0014],[136.1219,46.8691,386.23],[136.1481,46.8335,467.399],[136.2512,46.8005,587.3432],[136.3339,46.7852,683.3271],[136.3858,46.7972,1258.5366],[136.4139,46.8158,873.7403],[136.4558,46.8309,916.8651],[136.4861,46.8288,697.934],[136.5345,46.8191,993.1617],[136.6004,46.8157,1060.2454],[136.6713,46.85,1355.7905],[136.7061,46.8711,899.5104],[136.7331,46.8965,1026.9131],[136.7942,46.9192,1295.116],[136.8617,46.9581,1044.9111],[136.9009,46.9606,1356.8127],[136.916,46.9763,1166.09],[136.9589,47.0056,1252.7458],[136.9919,47.0223,1175.7708],[136.9813,47.051,1050.7552],[136.9369,47.1034,1138.4788],[136.9634,47.1513,1112.135],[136.98,47.1948,1183.4592],[137.0216,47.2491,1536.564],[137.0439,47.3072,1310.4352],[137.0753,47.3204,1380.5105],[137.1456,47.2981,1344.1475],[137.2215,47.2766,957.4829],[137.2728,47.275,989.0734],[137.2958,47.2398,1065.4355],[137.3425,47.2242,1166.7354],[137.4158,47.2109,1344.8687],[137.4577,47.2226,1287.5237],[137.4707,47.2424,1311.2979],[137.4934,47.2539,1136.7511],[137.52,47.2595,1153.1162],[137.5611,47.2737,1329.9924],[137.5972,47.3176,1505.7577],[137.6359,47.3445,983.6971],[137.7009,47.3664,963.0493],[137.7568,47.3593,945.7166],[137.8032,47.3413,966.7062],[137.9141,47.3773,835.2061],[137.923,47.4436,1238.6239],[138.0017,47.4509,826.1721],[138.016,47.4798,1320.0291],[138.0833,47.5037,1147.3119],[138.0846,47.5393,1154.1982],[138.0823,47.5691,945.082],[138.0713,47.6069,786.875],[138.0282,47.6161,594.493],[137.9845,47.6286,930.6712],[138.0477,47.6735,838.3783],[138.0551,47.699,969.2366],[138.0297,47.6951,707.1519],[137.9928,47.693,1000.4064],[137.9689,47.7161,1038.2612],[137.9373,47.7319,1086.7386],[137.908,47.7339,1080.3202],[137.826,47.7118,847.986],[137.776,47.7142,977.3083],[137.7242,47.7364,1017.4154],[137.6021,47.7979,963.3344],[137.5589,47.8024,1118.1548],[137.512,47.8042,1165.4763],[137.4667,47.7927,1215.2838],[137.4339,47.8065,1053.2964],[137.4264,47.8297,1069.0792],[137.4591,47.854,1021.9692],[137.5068,47.8667,1040.7393],[137.5696,47.8782,1235.3496],[137.5862,47.8997,984.7749],[137.594,47.9238,1043.4912],[137.5655,47.9485,841.7856],[137.5222,47.9646,1118.7374],[137.4068,47.9982,1076.8256],[137.4015,48.032,1021.9718],[137.3929,48.0418,1064.9697],[137.3511,48.0603,1042.2261],[137.3305,48.1056,1261.6318],[137.3676,48.1395,1419.3928],[137.4734,48.2004,1313.1752],[137.5314,48.194,1032.4601],[137.5641,48.2159,1067.1023],[137.5847,48.2261,1162.332],[137.6317,48.2295,1164.6793],[137.6779,48.2238,1089.556],[137.7172,48.2146,1201.324],[137.7401,48.1966,1270.3252],[137.7648,48.2008,851.5507],[137.8065,48.2272,1604.5271],[137.8668,48.2237,1619.5903],[137.9126,48.244,1212.5479],[137.9187,48.2874,1004.7018],[137.9537,48.3008,921.4772],[138.0014,48.3108,1116.1882],[138.0632,48.3075,1262.7103],[138.1111,48.3299,1172.8823],[138.1644,48.3249,1032.0361],[138.1903,48.3379,1010.1967],[138.1643,48.3647,1211.6375],[138.1606,48.3851,1430.8594],[138.1971,48.4175,1441.6483],[138.238,48.4356,1319.1945],[138.2877,48.4529,1335.4783],[138.3351,48.4535,1177.9457],[138.3951,48.4392,1250.1625],[138.444,48.4212,1182.3704],[138.4776,48.3816,1291.0344],[138.4856,48.3457,1310.3484],[138.4679,48.3114,1107.6372],[138.4849,48.2831,1041.5957],[138.5366,48.2669,1161.6147],[138.5597,48.2485,1100.704],[138.5519,48.1994,1135.2561],[138.5898,48.1786,1207.948],[138.6569,48.1734,988.9987],[138.7072,48.186,1176.7026],[138.7119,48.1335,1451.4436],[138.6326,48.1136,1307.8323],[138.6049,48.0721,1169.6892],[138.5806,48.0396,1315.1162],[138.5993,48.0166,1097.0361],[138.6497,48.006,1207.5077],[138.6858,47.9869,950.22],[138.7204,47.959,880.2163],[138.7499,47.8803,953.9542],[138.7843,47.8735,845.1796],[138.787,47.8458,981.2264],[138.7676,47.8046,951.1491],[138.7241,47.7837,863.2574],[138.6813,47.7688,728.3776],[138.5785,47.7381,713.7505],[138.5432,47.7091,700.9629],[138.5271,47.6747,672.346],[138.5567,47.651,722.9138],[138.6018,47.6192,756.552],[138.5963,47.5801,893.1066],[138.5837,47.5473,645.6019],[138.5241,47.4938,462.4695],[138.6034,47.4893,694.0514],[138.6462,47.4778,715.257],[138.6926,47.4569,771.0648],[138.7399,47.4581,979.849],[138.7816,47.4779,506.5975],[138.8238,47.4909,333.9654],[138.8632,47.4871,472.5806],[138.8966,47.4741,599.7355],[138.9268,47.4572,252.4976],[138.9538,47.4311,138.4769],[139.0524,47.4074,19.4395],[139.0508,47.4271,33.3569],[139.0542,47.4408,27.493],[139.0591,47.4518,1.6839],[139.0597,47.4607,0.0],[139.0503,47.4731,0.0],[139.0594,47.4781,0.0],[139.0619,47.4893,0.0],[139.0694,47.5002,4.5226],[139.0722,47.5103,0.0],[139.0815,47.5151,8.0967],[139.0957,47.5262,0.0],[139.1048,47.5363,0.0],[139.1011,47.5419,0.0],[139.1095,47.5519,0.0],[139.1089,47.5549,0.0],[139.1116,47.5589,0.0],[139.108,47.5621,4.2558],[139.1087,47.5642,0.0],[139.1153,47.5695,0.0],[139.1168,47.5757,62.384],[139.1228,47.583,34.9773],[139.1344,47.5925,26.0585],[139.1387,47.5987,0.0],[139.1423,47.6006,10.3048],[139.1452,47.6071,30.3478],[139.1565,47.6171,4.0423],[139.158,47.6196,0.0],[139.1536,47.6218,8.7045],[139.1541,47.6243,0.0],[139.1652,47.628,3.18],[139.1659,47.6312,8.7536],[139.1631,47.6344,0.0],[139.1644,47.6386,0.0],[139.1763,47.6412,0.0],[139.1786,47.6439,0.0],[139.1785,47.6483,2.0163],[139.1847,47.6519,0.0],[139.1889,47.6508,0.3899],[139.1933,47.6523,28.3175],[139.1996,47.6591,0.0],[139.2019,47.6652,0.0],[139.2011,47.6725,23.9221],[139.2025,47.6761,15.0992],[139.2011,47.6828,5.7109],[139.1975,47.6881,0.0],[139.1986,47.6919,0.0],[139.2025,47.695,0.0],[139.2138,47.72,2.2123],[139.2161,47.7217,0.0],[139.2177,47.7291,0.0],[139.231,47.7423,35.782],[139.2452,47.7532,0.0],[139.2464,47.7637,1.2096],[139.2506,47.7687,0.0],[139.2564,47.7827,14.6079],[139.2623,47.7879,0.0],[139.2615,47.7943,0.0],[139.2648,47.8024,50.8645],[139.2777,47.816,0.4171],[139.2942,47.8256,14.4496],[139.3049,47.8289,0.8347],[139.3057,47.8342,6.1704],[139.3135,47.8404,0.0],[139.3168,47.8466,0.0],[139.3409,47.8669,1.8287],[139.3527,47.8702,0.0],[139.3553,47.8761,19.565],[139.3668,47.8844,0.0],[139.3747,47.8947,0.0],[139.3778,47.8957,38.3547],[139.3833,47.9018,0.0],[139.3858,47.9072,24.705],[139.3927,47.9129,0.0],[139.3946,47.9166,22.3979],[139.4043,47.9241,8.7009],[139.4114,47.9277,3.3317],[139.419,47.9292,6.9567],[139.4279,47.9347,0.3709],[139.4358,47.9366,1.3687],[139.444,47.9361,0.0],[139.4728,47.9491,39.1787],[139.4887,47.9544,9.2192],[139.4944,47.9547,2.6311],[139.4999,47.9579,5.2902],[139.5066,47.9581,1.1648],[139.5204,47.9661,5.7551],[139.5296,47.967,0.0],[139.5386,47.9703,0.0],[139.5394,47.9719,0.0],[139.5353,47.9717,1.6527],[139.5328,47.9736,0.1463],[139.5325,47.9806,0.0],[139.5403,47.992,0.0],[139.5556,48.0,0.0],[139.5559,48.0023,6.7258],[139.5605,48.0066,1.1659],[139.5725,48.016,5.0836],[139.5851,48.0233,0.0],[139.5893,48.0294,2.7302],[139.6046,48.0379,0.0],[139.6131,48.0477,0.5759],[139.6199,48.0526,4.7059],[139.6288,48.0583,0.7741],[139.6345,48.0599,0.5697],[139.64,48.0594,7.2861],[139.6444,48.0617,0.0],[139.6527,48.0782,20.7869],[139.6672,48.0946,3.9274],[139.6715,48.1037,0.0],[139.6921,48.1166,0.0],[139.6873,48.122,10.524],[139.6886,48.1256,7.796],[139.6927,48.1288,3.5332],[139.6979,48.1295,0.0],[139.699,48.1322,19.1005],[139.7047,48.1331,5.6942],[139.7074,48.1355,0.0],[139.71,48.1424,0.0],[139.7073,48.1459,1.5063],[139.7087,48.1503,1.3822],[139.7149,48.1546,0.0],[139.7148,48.1568,0.0],[139.7178,48.1577,0.0],[139.7208,48.1624,16.0705],[139.7606,48.1817,0.0],[139.7709,48.1907,20.7069],[139.7806,48.1939,23.1666],[139.8094,48.2119,0.0],[139.813,48.2126,0.0],[139.8165,48.2183,0.0],[139.8261,48.2261,10.8149],[139.8352,48.2308,14.1007],[139.8399,48.2315,2.1636],[139.8429,48.2374,8.0095],[139.8533,48.239,6.8105],[139.8667,48.2454,0.0],[139.8666,48.2499,0.0],[139.8703,48.2564,1.8132],[139.8749,48.2597,0.0],[139.8748,48.2631,0.0],[139.8793,48.2667,2.3492],[139.8798,48.2697,12.5999],[139.9058,48.2806,1.3397],[139.909,48.2832,0.3404],[139.9164,48.2957,10.4241],[139.9222,48.3002,0.0],[139.9557,48.3138,4.6855],[139.9892,48.3218,0.0],[139.9987,48.3258,0.0],[140.0332,48.33,0.0],[140.0385,48.3343,46.1874],[140.0404,48.3396,0.0],[140.0391,48.3468,0.0],[140.0466,48.3505,8.596],[140.0485,48.3634,0.0],[140.0546,48.3696,4.9269],[140.0547,48.3723,19.3151],[140.06,48.3811,2.2127],[140.0688,48.3888,14.5113],[140.0808,48.3956,15.5247],[140.083,48.3978,0.0],[140.0845,48.4037,0.0],[140.097,48.4105,6.2124],[140.0982,48.4129,36.7353],[140.107,48.4189,7.7605],[140.1467,48.4323,0.3197],[140.1665,48.4415,0.0],[140.1746,48.448,0.0],[140.1757,48.4544,0.9297],[140.17,48.4675,1.789],[140.1698,48.474,61.5742],[140.1799,48.4891,0.0],[140.1778,48.4946,67.9011],[140.1784,48.503,85.6691],[140.1806,48.5064,0.0],[140.1803,48.5097,2.7586],[140.1841,48.5111,1.2308],[140.1801,48.5147,0.0],[140.1826,48.5193,22.0393],[140.1798,48.5222,0.0],[140.1729,48.5236,48.1266],[140.1705,48.5256,0.0],[140.1698,48.5302,34.4957],[140.175,48.5361,0.0],[140.1642,48.5411,36.4437],[140.1593,48.5515,2.5821],[140.1522,48.5514,0.0],[140.1597,48.5547,2.5737],[140.1634,48.5609,0.891],[140.1741,48.5696,0.4661],[140.1888,48.5694,6.3089],[140.1899,48.5728,0.0],[140.1855,48.5773,1.6678],[140.1848,48.5802,0.0],[140.1886,48.5846,12.5524],[140.188,48.5915,1.9359],[140.1939,48.5946,0.0],[140.191,48.599,0.0],[140.1787,48.5995,0.0],[140.1703,48.6047,7.7907],[140.1721,48.6082,0.4738],[140.18,48.6081,0.0],[140.1836,48.6123,0.0],[140.1838,48.6152,4.8588],[140.1787,48.6216,0.0],[140.184,48.6251,1.1942],[140.1817,48.6272,0.0],[140.1818,48.6309,0.0],[140.1864,48.6322,26.8423],[140.1873,48.6346,0.0],[140.1803,48.6486,0.0],[140.177,48.6642,5.0934],[140.175,48.6671,0.0],[140.1754,48.6742,13.5503],[140.1804,48.6792,2.0425],[140.1809,48.6822,0.0],[140.1788,48.6834,0.0],[140.1801,48.6851,0.0],[140.1788,48.6926,0.0],[140.1811,48.701,0.0],[140.1801,48.7047,0.0],[140.1839,48.7095,4.9245],[140.1821,48.7142,13.0786],[140.1915,48.7319,0.0],[140.198,48.7352,0.0],[140.1995,48.7391,0.0],[140.1995,48.7407,0.0],[140.1938,48.7455,0.0],[140.185,48.747,3.3438],[140.1816,48.7499,0.0],[140.1897,48.7492,0.3796],[140.1911,48.7503,0.0],[140.1943,48.7555,36.0596],[140.1936,48.7606,46.6787],[140.1985,48.7636,0.0],[140.2017,48.7706,16.7099],[140.2073,48.7739,53.0565],[140.2076,48.7794,0.0],[140.2114,48.7829,46.5836],[140.2142,48.7897,0.0],[140.2227,48.7979,20.69],[140.224,48.801,0.0],[140.2349,48.8098,0.0],[140.237,48.8167,0.0],[140.2309,48.8317,35.6781],[140.235,48.8424,4.034],[140.2533,48.8561,7.0318],[140.2971,48.8742,1.6449],[140.3061,48.8793,36.7065],[140.3194,48.8883,9.7206],[140.323,48.8962,0.0],[140.3455,48.907,0.0],[140.3476,48.911,0.0],[140.3615,48.9197,1.6915],[140.3636,48.9275,56.3416],[140.3621,48.9353,0.0],[140.366,48.9394,0.0],[140.3642,48.9431,0.0],[140.3641,48.95,0.0],[140.3667,48.958,1.3145],[140.3713,48.9636,14.2916],[140.3701,48.9674,12.7828],[140.3767,48.971,13.7541],[140.379,48.9702,0.0],[140.3865,48.9727,2.1285],[140.3906,48.976,0.0],[140.387,48.9796,0.0],[140.3765,48.9832,0.0],[140.3757,48.9849,5.3439],[140.3792,48.9876,8.3362],[140.3759,48.9902,15.7219],[140.3672,48.992,19.9154],[140.3607,48.9916,9.8893],[140.3573,48.9895,5.0393],[140.3526,48.9907,6.7401],[140.3528,48.9952,8.5065],[140.3556,48.9986,0.0],[140.3568,49.0043,0.0],[140.3547,49.0042,0.0],[140.3541,49.0011,0.8367],[140.3518,48.9996,8.5427],[140.3467,48.9983,19.5647],[140.3434,48.9994,2.9685],[140.3467,49.0028,0.0],[140.3432,49.0064,2.2465],[140.3388,49.0028,5.7226],[140.3361,49.0032,5.6593],[140.3338,49.0074,1.9471],[140.3376,49.01,0.0],[140.3412,49.009,0.0],[140.3446,49.0119,0.0],[140.3505,49.0108,2.0601],[140.3486,49.015,1.3667],[140.3508,49.0213,10.8723],[140.3489,49.0251,10.7196],[140.3454,49.0248,11.2791],[140.3399,49.0209,0.0],[140.3325,49.0236,5.3147],[140.3283,49.0173,0.0],[140.3212,49.0163,12.4963],[140.315,49.0125,4.3341],[140.3132,49.0078,1.177],[140.3144,49.0056,0.0],[140.3171,49.0057,1.949],[140.3157,49.0039,0.0],[140.3063,49.005,1.0065],[140.3061,49.0008,0.0],[140.3085,48.9991,3.9963],[140.3066,48.996,3.2617],[140.3043,48.9966,0.0],[140.3056,48.9983,0.0],[140.3044,48.9994,0.0],[140.3,48.9985,1.8603],[140.2969,48.9943,10.5506],[140.2837,48.9947,24.711],[140.2831,48.9831,0.0],[140.2863,48.9793,4.7158],[140.282,48.9801,3.6659],[140.2803,48.9833,0.0],[140.278,48.9833,0.0],[140.2738,48.9799,10.0732],[140.274,48.9744,10.6154],[140.2719,48.9713,4.4167],[140.2753,48.9679,0.5072],[140.2714,48.9661,0.0],[140.2794,48.9602,0.0],[140.2787,48.9586,0.0],[140.2721,48.9628,0.0],[140.2649,48.9611,0.0],[140.2519,48.9567,2.0257],[140.2516,48.9549,1.1272],[140.2544,48.9529,1.5709],[140.254,48.951,0.6368],[140.2584,48.9488,0.0],[140.2496,48.9505,0.0],[140.2475,48.9544,12.418],[140.2475,48.9592,14.8904],[140.2548,48.9636,0.0],[140.2605,48.963,0.0],[140.2629,48.9655,12.8889],[140.2624,48.9726,2.1894],[140.2578,48.9732,11.6211],[140.2504,48.9702,19.2129],[140.2349,48.969,0.0],[140.2283,48.9663,9.0004],[140.2196,48.9683,9.0585],[140.2163,48.9656,23.2108],[140.2153,48.9615,6.4462],[140.2065,48.9537,5.3992],[140.2008,48.9509,1.6561],[140.2129,48.9619,2.938],[140.2142,48.9661,0.0],[140.2131,48.9681,0.943],[140.2144,48.9697,0.1671],[140.2267,48.9748,0.0],[140.2232,48.9755,-0.7476],[140.2258,48.9774,-0.0735],[140.2212,48.9787,0.0138],[140.2214,48.9803,0.0],[140.2293,48.9783,0.0],[140.2406,48.9858,6.239],[140.2561,48.9878,13.1116],[140.2581,48.9892,26.2107],[140.2577,48.9962,28.1922],[140.2533,49.0,0.0],[140.2721,49.0051,0.0],[140.2763,49.0092,6.8873],[140.2822,49.0114,3.1174],[140.2865,49.0168,0.0],[140.2788,49.0186,24.4817],[140.2675,49.0148,15.1285],[140.2588,49.0182,0.0],[140.2524,49.0123,0.0],[140.2457,49.0117,9.1695],[140.2336,49.0147,4.4532],[140.2226,49.0078,0.0],[140.2114,49.0078,0.0],[140.2092,49.0061,0.4834],[140.2057,49.0077,0.0],[140.2026,49.0169,0.4868],[140.205,49.0171,1.7542],[140.2153,49.0092,12.3747],[140.2331,49.0183,0.0],[140.2402,49.0188,11.6335],[140.2466,49.017,0.0],[140.256,49.0253,0.0],[140.2602,49.0255,5.8582],[140.2678,49.0212,3.0299],[140.2793,49.0269,0.0],[140.2867,49.0256,6.3323],[140.2928,49.0321,1.0025],[140.2911,49.0355,11.1893],[140.2952,49.0372,0.0],[140.2962,49.041,0.0],[140.3025,49.0454,0.0],[140.3052,49.0455,1.1732],[140.3098,49.0504,0.5567],[140.3138,49.0513,0.2501],[140.3108,49.0536,0.0],[140.312,49.055,0.0],[140.309,49.0582,6.5184],[140.3132,49.0619,0.0],[140.3196,49.0633,2.2587],[140.3245,49.0673,3.0587],[140.3229,49.0707,0.0],[140.3123,49.065,13.0954],[140.3054,49.0631,4.5336],[140.3044,49.0665,0.0],[140.3111,49.07,0.0],[140.3089,49.0725,0.0],[140.3038,49.072,13.0751],[140.3006,49.074,8.0687],[140.3056,49.0754,0.0],[140.3066,49.0775,0.0],[140.2974,49.079,0.0],[140.2915,49.0842,0.0],[140.2782,49.0857,0.0],[140.2704,49.0827,0.7943],[140.267,49.0783,1.6984],[140.2651,49.0791,0.0],[140.2622,49.0762,1.3385],[140.2492,49.0725,2.0312],[140.2442,49.0678,6.0087],[140.24,49.0691,0.5166],[140.2514,49.0761,5.6828],[140.2611,49.0771,0.0],[140.2725,49.0884,0.4869],[140.2813,49.0933,2.2208],[140.2924,49.0919,0.0],[140.3025,49.0873,0.0],[140.3055,49.0919,0.0],[140.3153,49.0909,2.4793],[140.3169,49.0942,2.6244],[140.3236,49.0961,2.5091],[140.3303,49.0933,0.0],[140.3458,49.0943,0.0],[140.3451,49.0982,13.5933],[140.3509,49.1037,1.4826],[140.3441,49.1089,0.0],[140.3416,49.109,0.0],[140.3407,49.1064,3.8158],[140.3356,49.1036,2.8564],[140.3276,49.1065,1.0781],[140.3308,49.1106,8.9804],[140.3286,49.1161,11.8916],[140.3324,49.1164,0.0],[140.3339,49.118899999999996,3.5657],[140.3302,49.1207,0.874],[140.3288,49.1253,2.103],[140.3382,49.1297,0.0],[140.3462,49.129,0.0],[140.3476,49.1316,0.0],[140.3515,49.1329,0.0],[140.3519,49.1343,0.7753],[140.3498,49.1359,0.0],[140.3532,49.14,4.8375],[140.3477,49.1441,0.0],[140.3489,49.148,0.0],[140.3538,49.15,0.0],[140.3588,49.1484,0.0],[140.3616,49.1501,8.3096],[140.3594,49.1549,10.7096],[140.3555,49.1576,1.8338],[140.3508,49.1562,5.931],[140.3478,49.1571,0.0],[140.3416,49.1627,0.0],[140.3336,49.165,1.7943],[140.3329,49.1685,2.5066],[140.3357,49.1721,0.0],[140.3305,49.1758,2.3484],[140.3306,49.1776,0.0],[140.3346,49.1807,3.9437],[140.3422,49.1794,0.0],[140.3437,49.1807,0.0],[140.3422,49.1881,4.2404],[140.3465,49.1949,0.0],[140.3456,49.2035,0.0],[140.3423,49.2022,0.0],[140.3431,49.1982,1.7087],[140.3364,49.1961,5.348],[140.3321,49.1967,2.925],[140.3322,49.1897,0.3321],[140.3308,49.1917,0.0],[140.325,49.1914,1.6604],[140.3171,49.196,0.0],[140.3111,49.2022,0.0],[140.3106,49.205,0.0],[140.3124,49.2075,0.0],[140.3109,49.2161,0.0],[140.3163,49.2202,0.0],[140.3209,49.2179,0.0],[140.3249,49.2198,0.0],[140.3256,49.2225,9.4279],[140.3294,49.2256,0.0],[140.328,49.2283,22.1151],[140.3292,49.2355,0.0],[140.3319,49.2372,0.0],[140.3317,49.2389,2.4312],[140.3352,49.2427,0.0],[140.3442,49.247,1.6036],[140.3418,49.2489,0.0],[140.3359,49.2493,0.5387],[140.3368,49.2531,16.9017],[140.3407,49.2542,2.137],[140.3389,49.2596,0.0],[140.3443,49.2605,8.2599],[140.3468,49.2573,8.4769],[140.3532,49.2535,0.0],[140.3581,49.2527,11.6016],[140.3599,49.249,10.6178],[140.3668,49.2508,6.952],[140.3704,49.2499,0.0],[140.3741,49.2514,0.0],[140.3752,49.2545,0.0],[140.3718,49.2552,16.0776],[140.3728,49.2592,0.0],[140.3688,49.2619,0.0],[140.3687,49.2644,1.8375],[140.3767,49.2637,0.0],[140.3768,49.2657,0.0],[140.3745,49.2672,0.0],[140.3761,49.2699,1.9327],[140.3841,49.2654,0.0],[140.3879,49.2671,7.0212],[140.3831,49.2722,0.0],[140.3736,49.2756,0.0],[140.3726,49.2786,0.0],[140.3755,49.2829,0.0],[140.3707,49.2855,0.0],[140.3593,49.2816,0.0],[140.3565,49.2785,13.4196],[140.3452,49.2797,3.5388],[140.3273,49.2711,21.2237],[140.3248,49.2757,0.3052],[140.3271,49.2782,0.0772],[140.3248,49.2826,-0.1704],[140.3289,49.2842,0.0],[140.3328,49.2883,0.0413],[140.3275,49.2936,0.0674],[140.3278,49.2964,1.3658],[140.3403,49.2951,0.0],[140.3478,49.2959,8.3701],[140.3587,49.2896,0.0],[140.37,49.2897,1.1803],[140.3726,49.2872,0.4772],[140.3804,49.2853,0.0],[140.3886,49.2912,0.0],[140.4119,49.3001,0.4781],[140.4159,49.2962,10.6721],[140.4205,49.2941,9.6746],[140.4244,49.2952,4.396],[140.4274,49.3063,28.5826],[140.4216,49.3138,0.0],[140.4128,49.3211,14.3529],[140.4133,49.3285,0.0],[140.418,49.3367,0.0],[140.4156,49.3411,0.0],[140.4152,49.35,103.2912],[140.4229,49.3547,24.9633],[140.4253,49.363,62.2799],[140.4274,49.3646,0.0],[140.4246,49.3671,83.3179],[140.4253,49.3698,80.0527],[140.4342,49.3762,0.0],[140.4344,49.3778,0.0],[140.4319,49.3838,0.0],[140.4253,49.3865,76.805],[140.4186,49.3922,0.0],[140.417,49.3968,10.0623],[140.418,49.4024,9.6009],[140.4261,49.4168,0.0],[140.4355,49.4224,20.618],[140.4389,49.4311,11.5265],[140.4561,49.4457,15.6948],[140.4556,49.4471,34.1717],[140.4646,49.4556,47.2589],[140.4684,49.4633,29.4774],[140.4744,49.4671,55.8608],[140.4755,49.47,16.6835],[140.4851,49.4775,124.0125],[140.4973,49.4819,0.0],[140.5061,49.4817,0.0],[140.5089,49.4844,0.0],[140.5085,49.4859,14.1028],[140.5117,49.4885,9.4645],[140.5094,49.4917,58.3167],[140.511,49.4944,21.1455],[140.5089,49.4991,18.3111],[140.5114,49.5086,25.9189],[140.5074,49.5117,23.9912],[140.5042,49.5187,0.0],[140.5061,49.5227,0.0],[140.5061,49.5296,0.0],[140.5041,49.5307,0.0],[140.5049,49.5331,0.0],[140.5089,49.5348,0.0],[140.5167,49.532,0.0],[140.5234,49.5347,0.0],[140.5284,49.5452,103.3034],[140.5419,49.5567,0.0],[140.5473,49.5649,0.0],[140.5469,49.569,102.7405],[140.5437,49.5723,22.1464],[140.5419,49.5787,13.0376],[140.5425,49.5863,62.728],[140.5402,49.5923,14.7],[140.5392,49.6022,0.0],[140.5347,49.6076,8.9594],[140.5333,49.612,0.0],[140.5325,49.6167,23.3046],[140.5345,49.6193,3.2345],[140.5261,49.6259,25.4309],[140.5218,49.6327,69.8566],[140.5146,49.639,0.0],[140.5132,49.6444,5.5663],[140.5152,49.6467,0.0],[140.5129,49.6515,0.0],[140.5127,49.6568,0.0],[140.5097,49.6605,47.8274],[140.5098,49.6657,15.9286],[140.4992,49.6792,43.1376],[140.5002,49.6919,0.0],[140.4984,49.7024,0.0],[140.5014,49.7062,19.7195],[140.4985,49.7152,13.5309],[140.514,49.7406,45.0693],[140.5236,49.7462,1.1655],[140.5183,49.7618,12.5109],[140.5225,49.7661,0.0],[140.5287,49.7857,6.1413],[140.522,49.7897,23.1816],[140.5142,49.788,30.2815],[140.5054,49.7889,0.0],[140.4921,49.7877,0.6884],[140.4861,49.7914,19.2572],[140.4704,49.797,11.0014],[140.4662,49.8002,32.1573],[140.4585,49.8023,0.0],[140.4474,49.8089,14.8716],[140.4469,49.814,3.4704],[140.4439,49.8179,26.6703],[140.4429,49.8226,0.0],[140.4399,49.8238,55.2865],[140.4341,49.831,0.0],[140.4325,49.8372,0.0],[140.4158,49.8497,0.0],[140.4049,49.8633,50.6347],[140.3992,49.8732,0.0],[140.4,49.8819,0.0],[140.4022,49.8864,0.0],[140.4052,49.8868,0.0],[140.4064,49.8897,1.0094],[140.4111,49.8898,4.96],[140.4164,49.8925,41.594],[140.4225,49.8922,25.5758],[140.4301,49.8977,32.611],[140.4347,49.8969,0.0],[140.4322,49.9035,14.4122],[140.4356,49.9206,7.0205],[140.4443,49.9294,0.0],[140.4533,49.9349,0.0],[140.4589,49.9422,102.1723],[140.4624,49.9426,31.6554],[140.4633,49.947,0.0],[140.4612,49.9534,0.0],[140.4734,49.9701,4.4906],[140.4717,49.9735,14.5642],[140.4728,49.9784,31.6631],[140.4714,49.9826,4.4977],[140.4848,49.9962,41.0174],[140.4983,50.0014,0.0],[140.4989,50.0031,14.8501],[140.5041,50.0055,11.8679],[140.5236,50.0118,0.0],[140.5232,50.0132,12.9507],[140.5309,50.0175,12.688],[140.5415,50.0214,3.7761],[140.5661,50.0283,0.0],[140.5737,50.0285,0.0],[140.5809,50.0325,44.6418],[140.6015,50.0385,16.5011],[140.6047,50.038,0.0],[140.6072,50.0405,56.8366],[140.6153,50.0432,1.9895],[140.6325,50.0456,4.0261],[140.6409,50.0572,46.854],[140.66,50.0615,18.7818],[140.6624,50.0677,0.0],[140.6617,50.074,92.4849],[140.6678,50.0815,2.9962],[140.6879,50.0899,1.4188],[140.6866,50.096,13.0438],[140.6765,50.0991,0.0],[140.6687,50.0971,8.3328],[140.6647,50.0944,21.9728],[140.6534,50.0945,1.0895],[140.6501,50.0916,5.4405],[140.6491,50.0952,1.4486],[140.625,50.0986,1.447],[140.5811,50.1081,0.6299],[140.5433,50.1194,0.6301],[140.535,50.1239,0.0],[140.5255,50.1347,0.0],[140.5189,50.139,8.4184],[140.5069,50.1569,78.7605],[140.5023,50.1682,0.0],[140.5022,50.1844,0.0],[140.4956,50.1972,1.8526],[140.4933,50.2064,22.3531],[140.4944,50.2106,0.0],[140.506,50.2239,0.0],[140.5032,50.2294,10.915],[140.5027,50.2367,0.372],[140.5061,50.2395,10.1076],[140.5073,50.2441,60.3044],[140.4983,50.2539,47.475],[140.4928,50.2658,5.3744],[140.4928,50.2684,6.2603],[140.4958,50.272,0.0],[140.4951,50.2738,0.0],[140.4979,50.2774,0.0],[140.4944,50.2903,0.0],[140.4961,50.2947,0.0],[140.4939,50.2953,0.0],[140.4932,50.3016,2.391],[140.4978,50.3075,0.0],[140.4972,50.3086,80.9953],[140.4995,50.3097,57.986],[140.5011,50.3147,5.4244],[140.5056,50.3181,3.2962],[140.505,50.3211,6.9419],[140.5111,50.3275,17.8215],[140.5209,50.3338,8.5622],[140.528,50.3357,3.5334],[140.5317,50.34,20.9172],[140.5283,50.345,16.7077],[140.5202,50.3486,38.4042],[140.5068,50.358,35.5222],[140.4989,50.3683,32.7758],[140.5,50.3711,0.0],[140.4975,50.3751,83.0126],[140.4967,50.3789,78.6126],[140.4978,50.38,0.0],[140.495,50.3864,2.2994],[140.4961,50.3886,0.0],[140.4944,50.3897,0.0],[140.4941,50.3988,0.0],[140.4956,50.4025,0.0],[140.4872,50.4228,73.485],[140.4878,50.4278,0.0],[140.4828,50.4353,23.0451],[140.4839,50.4367,6.666],[140.4767,50.4444,1.1997],[140.4778,50.45,0.6549],[140.4844,50.4577,11.3567],[140.48,50.4647,0.0],[140.4739,50.47,14.4026],[140.4644,50.4753,53.5483],[140.4511,50.4861,5.5718],[140.4433,50.4892,5.8933],[140.4228,50.5075,32.0398],[140.425,50.5106,0.0],[140.4217,50.5147,0.0],[140.4222,50.5175,0.0],[140.4195,50.5226,0.0],[140.4206,50.5242,0.0],[140.4161,50.5289,46.6503],[140.4133,50.5419,6.3715],[140.4172,50.5547,15.034],[140.4351,50.5734,0.0],[140.4368,50.5767,39.2154],[140.4346,50.579,0.0],[140.4352,50.5809,3.7198],[140.4406,50.5839,8.014],[140.4433,50.5931,20.1979],[140.4528,50.6031,0.0],[140.4517,50.6056,145.7915],[140.4544,50.6086,0.0],[140.4654,50.6148,0.0],[140.471,50.6157,16.2052],[140.4721,50.6169,16.2052],[140.47,50.623,0.0],[140.4746,50.6244,6.7387],[140.4818,50.6208,16.6573],[140.4933,50.6289,0.0],[140.4811,50.6333,0.0],[140.4706,50.6425,26.0825],[140.4711,50.6442,0.0],[140.465,50.6544,0.0],[140.465,50.6575,12.0412],[140.4678,50.66,0.0],[140.4617,50.665,151.9129],[140.4628,50.6664,0.0],[140.4528,50.6792,0.0],[140.4472,50.6908,0.0],[140.444,50.6942,16.4618],[140.443,50.6964,15.2799],[140.4454,50.701,0.0],[140.4334,50.711,0.0],[140.4296,50.7175,3.6155],[140.4367,50.7267,1.5746],[140.4463,50.7282,0.0],[140.4505,50.7326,11.1746],[140.4511,50.7369,33.6774],[140.4461,50.7417,32.9289],[140.4456,50.7461,5.004],[140.4511,50.7561,13.4869],[140.4718,50.7689,48.6518],[140.478,50.7706,7.6652],[140.4813,50.7761,0.0],[140.4911,50.7819,0.0],[140.4939,50.7956,0.0],[140.501,50.8047,9.5812],[140.5071,50.8097,16.5878],[140.508,50.8135,13.7845],[140.5133,50.8178,0.0],[140.5106,50.8189,0.0],[140.51,50.8208,17.0251],[140.5173,50.8276,0.0],[140.5189,50.8333,21.026],[140.5128,50.8439,0.0],[140.5048,50.8479,0.0],[140.5007,50.8537,21.1791],[140.4983,50.8678,38.8048],[140.5064,50.8748,10.4748],[140.5146,50.8789,0.0],[140.526,50.888,18.69],[140.53,50.8892,0.0],[140.5283,50.8928,15.6645],[140.5233,50.8943,3.0844],[140.5234,50.8983,14.9885],[140.5256,50.9006,6.2042],[140.5457,50.916,49.4682],[140.5544,50.9197,13.9569],[140.5544,50.9211,75.6652],[140.567,50.93,6.9762],[140.5796,50.935,0.0],[140.5814,50.938,10.8883],[140.5918,50.9415,2.8063],[140.5913,50.9472,11.1332],[140.5938,50.9468,0.5],[140.5977,50.9431,0.0],[140.6066,50.9447,0.0],[140.6123,50.9435,0.0],[140.6162,50.9466,6.5154],[140.6324,50.9487,0.0],[140.6397,50.9512,0.0],[140.6478,50.9565,0.0],[140.6505,50.9602,0.0],[140.6493,50.9622,146.4866],[140.6513,50.9647,0.0],[140.6487,50.9778,0.0],[140.6385,50.9848,13.5843],[140.6343,50.9903,0.0],[140.6331,50.9947,52.3957],[140.6339,51.0,0.0],[140.6433,51.02,8.1495],[140.6307,51.0254,48.7195],[140.6209,51.0254,30.1488],[140.6133,51.0281,8.2238],[140.63,51.0278,12.7784],[140.6467,51.0225,4.4124],[140.6787,51.0337,0.0],[140.6778,51.0438,0.0],[140.6819,51.0566,99.9425],[140.6786,51.0612,30.2597],[140.6761,51.0778,5.2922],[140.6733,51.0811,67.3384],[140.6722,51.0881,97.8916],[140.6669,51.0999,0.0],[140.6575,51.1052,32.0143],[140.6522,51.1103,11.6132],[140.6522,51.1131,0.0],[140.6472,51.1153,86.3587],[140.6467,51.1183,33.3725],[140.6367,51.1167,34.5633],[140.629,51.1177,6.455],[140.643,51.1198,0.0],[140.6488,51.124,21.8125],[140.6535,51.1364,20.6315],[140.6576,51.1392,0.0],[140.6562,51.1414,0.0],[140.6626,51.1486,0.0],[140.6641,51.1578,50.5511],[140.6606,51.1667,10.5555],[140.6678,51.1722,0.0],[140.6656,51.18,1.9425],[140.6573,51.1943,0.0],[140.6587,51.2018,58.7629],[140.6549,51.2086,23.2297],[140.655,51.2111,16.5883],[140.6588,51.2204,42.6847],[140.6469,51.2266,14.431],[140.6382,51.2286,40.2235],[140.6313,51.2282,33.9672],[140.6249,51.231,0.0],[140.6174,51.2273,6.4263],[140.6095,51.2305,0.0],[140.6073,51.2332,4.337],[140.5978,51.2331,14.6383],[140.595,51.2353,6.0997],[140.5972,51.2364,0.0],[140.6117,51.2351,0.0],[140.615,51.2365,1.9552],[140.6188,51.2348,0.0],[140.6243,51.2357,8.6461],[140.6277,51.232,0.0],[140.63,51.2317,0.7164],[140.6328,51.2358,11.3535],[140.644,51.2389,12.7325],[140.6483,51.2372,8.5909],[140.6656,51.2471,22.7679],[140.6879,51.2514,5.361],[140.7,51.2492,17.3412],[140.7033,51.25,4.4291],[140.7033,51.2522,0.0],[140.6978,51.2558,0.0],[140.6963,51.2623,19.0467],[140.6928,51.2653,23.3592],[140.6933,51.2678,20.6843],[140.6913,51.2688,0.0],[140.69,51.2724,7.9007],[140.6717,51.2883,54.7049],[140.676,51.2963,5.379],[140.6744,51.2989,22.9112],[140.677,51.3041,0.0],[140.6745,51.3091,46.2041],[140.6756,51.3128,6.7046],[140.6683,51.3208,26.733],[140.6709,51.3235,6.8143],[140.6713,51.3269,14.4108],[140.6753,51.3291,3.8081],[140.6817,51.3308,3.2613],[140.69,51.3303,0.0],[140.7205,51.3394,24.199],[140.7587,51.3452,0.0],[140.7644,51.3437,0.0],[140.7662,51.3406,12.766],[140.7803,51.3341,19.8957],[140.7861,51.3375,77.3118],[140.7972,51.3386,0.0],[140.8093,51.3443,99.3795],[140.8165,51.346,8.0113],[140.8222,51.3542,157.6007],[140.8282,51.3571,45.982],[140.8328,51.3647,24.9251],[140.8356,51.3661,14.899],[140.86,51.3708,0.0],[140.8541,51.3753,0.0],[140.8576,51.3831,119.6908],[140.8615,51.3863,31.5493],[140.8646,51.3921,0.0],[140.8579,51.4,58.0896],[140.8588,51.4052,73.3603],[140.8551,51.4092,0.0],[140.8545,51.4123,0.0],[140.8569,51.4167,9.7142],[140.8645,51.4215,0.0],[140.8591,51.4224,0.0],[140.8448,51.4195,3.7125],[140.834,51.4212,0.0],[140.832,51.4181,19.5222],[140.8295,51.4175,0.709],[140.8219,51.42,52.7624],[140.8194,51.4233,0.0],[140.815,51.4256,0.0],[140.8107,51.4263,25.8721],[140.7978,51.4217,5.2765],[140.7983,51.4172,5.1489],[140.7961,51.4158,7.0232],[140.7933,51.4169,8.7048],[140.7939,51.42,0.0],[140.7889,51.4219,12.5025],[140.7839,51.4272,0.0],[140.785,51.4317,0.0],[140.7828,51.4342,0.0],[140.7831,51.4398,0.0],[140.7878,51.445,0.7669],[140.785,51.4478,0.0],[140.7842,51.4518,2.1872],[140.7854,51.4545,1.5049],[140.7729,51.4537,33.8227],[140.7578,51.4594,13.8154],[140.7521,51.4638,0.0974],[140.751,51.4619,57.462],[140.7388,51.4619,32.7446],[140.7281,51.4652,1.1061],[140.7345,51.4696,0.398],[140.7392,51.4699,0.0],[140.7569,51.4672,7.8001],[140.7685,51.4685,0.0],[140.7849,51.4648,0.0],[140.7822,51.4675,0.0],[140.7828,51.4692,2.744],[140.7861,51.4706,10.4271],[140.7911,51.4758,17.6831],[140.7961,51.4769,0.0],[140.7928,51.4834,0.0],[140.8044,51.4894,8.9449],[140.8078,51.4875,10.7895],[140.8106,51.4886,0.0],[140.8237,51.501,12.0704],[140.8264,51.4994,0.0],[140.8266,51.491,0.0],[140.8223,51.4861,0.0],[140.8281,51.484,12.8988],[140.8352,51.4897,5.6157],[140.8394,51.491,17.0411],[140.8455,51.4908,29.7849],[140.8588,51.4853,0.0],[140.8658,51.4881,29.8066],[140.8757,51.4888,49.3557],[140.8867,51.4952,0.0],[140.8879,51.498,38.252],[140.886,51.5018,109.6113],[140.8868,51.5128,7.4266],[140.8953,51.5182,0.0],[140.8995,51.5244,0.0],[140.8895,51.5374,3.4624],[140.8886,51.5423,0.0],[140.8906,51.5506,17.9301],[140.887,51.5526,7.027],[140.8858,51.556399999999996,45.8564],[140.8895,51.5628,0.0],[140.885,51.5656,0.0],[140.8806,51.5722,40.2467],[140.8794,51.5816,48.5333],[140.874,51.5896,26.7862],[140.8734,51.5936,27.1169],[140.875,51.597,0.0],[140.8793,51.6003,9.8963],[140.8806,51.607,7.0395],[140.8723,51.6139,0.0],[140.8772,51.6206,0.0],[140.8755,51.625,7.1652],[140.877,51.6279,0.0],[140.881,51.6294,6.1652],[140.8967,51.6271,23.5262],[140.907,51.6298,24.2807],[140.926,51.6411,94.8424],[140.9426,51.6465,0.0],[140.949,51.6503,0.0],[140.9554,51.6568,0.0],[140.957,51.6615,0.0],[140.9639,51.6658,55.1506],[140.9737,51.6694,9.9206],[141.0011,51.6747,6.9855],[141.0094,51.6794,30.4658],[141.0308,51.6836,0.0],[141.0444,51.6825,0.0],[141.0572,51.6842,17.8321],[141.0606,51.6861,56.6796],[141.0771,51.6858,37.1997],[141.0832,51.6842,6.2847],[141.0878,51.6853,0.0],[141.0906,51.6833,0.0],[141.0994,51.6842,115.331],[141.1064,51.681399999999996,0.0],[141.1073,51.6872,0.0],[141.1172,51.6906,0.0],[141.1168,51.6991,71.6595],[141.1206,51.7028,0.0],[141.1178,51.7042,0.0],[141.1111,51.7039,5.5856],[141.1039,51.7092,20.7927],[141.1017,51.7125,26.2678],[141.1024,51.7182,36.9884],[141.1098,51.7255,11.7231],[141.1234,51.7307,20.8244],[141.1281,51.7348,7.1877],[141.1301,51.7388,24.1707],[141.14,51.7447,0.0],[141.1367,51.7492,65.6895],[141.1435,51.7559,21.2465],[141.1494,51.7583,12.4252],[141.1517,51.7614,8.3883],[141.1506,51.7641,13.3813],[141.1611,51.7714,0.0],[141.1583,51.7739,22.5043],[141.16,51.7764,49.3806],[141.1803,51.7839,8.7386],[141.1802,51.7877,0.0],[141.1667,51.7928,0.0],[141.1622,51.7961,24.739],[141.1611,51.7997,9.903],[141.1633,51.8028,3.7008],[141.1601,51.8063,69.2169],[141.1628,51.8097,0.0],[141.1617,51.8144,25.8668],[141.1711,51.8225,15.0775],[141.1694,51.8283,0.0],[141.18,51.8372,16.5475],[141.1844,51.8392,23.0975],[141.1922,51.8475,5.2955],[141.2011,51.8508,7.4942],[141.235,51.8575,15.6634],[141.2444,51.8564,0.0],[141.2495,51.8581,0.0],[141.2505,51.8586,0.0],[141.2379,51.8657,0.0],[141.2377,51.8675,0.0],[141.2379,51.8692,33.9875],[141.245,51.8747,0.0],[141.245,51.8772,8.5595],[141.2472,51.8792,3.896],[141.2739,51.8889,22.5409],[141.2811,51.8858,7.7597],[141.2939,51.8911,7.756],[141.3017,51.8914,10.7074],[141.3039,51.8972,17.7647],[141.3253,51.9051,0.0],[141.3367,51.9136,2.1608],[141.3583,51.9197,7.5668],[141.3628,51.9197,15.0041],[141.3653,51.9166,0.0],[141.3848,51.9169,0.0],[141.3899,51.9142,0.0],[141.3911,51.9189,23.7241],[141.3961,51.9211,0.0],[141.3956,51.9256,0.0],[141.3928,51.9278,8.3436],[141.3967,51.9331,16.4423],[141.395,51.935,6.4427],[141.3978,51.9378,0.0],[141.3967,51.9389,71.4988],[141.3978,51.9408,16.7065],[141.4084,51.9471,40.7936],[141.4175,51.9483,0.0],[141.4178,51.9514,8.5966],[141.4214,51.9527,7.4433],[141.4225,51.9554,0.0],[141.4163,51.9575,3.8151],[141.4135,51.9602,22.994],[141.4136,51.9629,17.5982],[141.4165,51.966,11.9558],[141.4149,51.9697,9.2383],[141.4036,51.9693,0.0],[141.3966,51.9672,0.0],[141.3903,51.9692,1.6089],[141.3832,51.9776,0.0],[141.3706,51.9819,21.3229],[141.3663,51.9868,2.6636],[141.3566,51.9864,1.2828],[141.3509,51.9882,1.0957],[141.3522,51.9903,0.0],[141.3444,51.9986,1.2026],[141.345,52.0,1.2871],[141.3411,52.0085,1.2259],[141.3392,52.021,0.0],[141.3398,52.026,0.0],[141.338,52.0308,0.4442],[141.3397,52.0361,0.0],[141.3386,52.0405,0.8036],[141.3446,52.0587,0.9936],[141.3437,52.0635,1.0437],[141.3454,52.0659,0.4499],[141.3436,52.0685,1.0527],[141.3462,52.0722,0.9039],[141.346,52.0775,0.9649],[141.3487,52.0835,1.1072],[141.352,52.085,0.0],[141.3485,52.0934,1.0596],[141.3493,52.0995,0.4949],[141.3542,52.1,0.0],[141.3644,52.1096,0.1697],[141.3886,52.1231,0.101],[141.4191,52.1437,0.3121],[141.4239,52.1446,0.0],[141.4262,52.1472,1.3265],[141.4393,52.1527,1.1753],[141.4628,52.1597,0.2636],[141.4744,52.1614,0.7379],[141.4814,52.1589,3.6123],[141.4894,52.1614,0.694],[141.502,52.1617,0.6779],[141.5172,52.16,3.1281],[141.5202,52.1569,0.0],[141.5431,52.1514,1.1702],[141.5466,52.1521,7.4682],[141.539,52.1642,0.0],[141.5393,52.1678,0.0],[141.5371,52.1724,0.0],[141.5342,52.1753,27.6754],[141.5299,52.1763,5.3385],[141.5252,52.1831,0.0],[141.5253,52.1851,0.0],[141.5283,52.1875,6.4991],[141.5301,52.1949,0.0],[141.5386,52.2043,3.1463],[141.5204,52.2132,7.0523],[141.514,52.2192,3.2719],[141.5149,52.2222,1.0417],[141.525,52.2291,0.0],[141.5263,52.2333,16.1818],[141.5289,52.2354,0.0],[141.528,52.2365,9.934],[141.5203,52.2384,10.0755],[141.5136,52.2379,1.3388],[141.5133,52.2406,0.0],[141.5117,52.2414,0.0],[141.5081,52.2373,0.3969],[141.5033,52.2348,0.525],[141.5076,52.2219,6.1697],[141.4953,52.2178,3.1141],[141.4855,52.2164,7.2311],[141.4814,52.2166,8.7638],[141.4777,52.219,0.0],[141.4573,52.2206,0.0],[141.4552,52.2217,15.1059],[141.4547,52.225,1.2017],[141.4528,52.2256,0.0],[141.4492,52.2188,0.0],[141.442,52.2169,3.9181],[141.4097,52.218,1.6538],[141.385,52.2224,0.0],[141.3821,52.2267,3.9892],[141.37,52.2316,32.5347],[141.362,52.2418,0.0],[141.3535,52.2445,5.1503],[141.3408,52.2523,1.3308],[141.3378,52.2555,0.0],[141.3386,52.2596,3.5412],[141.3329,52.2646,4.1749],[141.3287,52.2733,15.4333],[141.3179,52.2809,4.5147],[141.3143,52.2862,10.792],[141.2936,52.2845,4.053],[141.2852,52.287,3.8067],[141.2788,52.2869,7.9278],[141.258,52.2939,1.6253],[141.2525,52.2974,21.8316],[141.25,52.3007,0.0],[141.2515,52.3026,0.0],[141.243,52.3051,22.164],[141.2422,52.3088,9.5001],[141.2468,52.3145,0.0],[141.2547,52.3164,6.6908],[141.2527,52.3197,35.9697],[141.2506,52.3212,5.6949],[141.2444,52.3215,2.8095],[141.2356,52.3181,8.2094],[141.2279,52.3203,18.2198],[141.2267,52.3223,0.0],[141.2281,52.3243,0.0],[141.2279,52.3294,0.0],[141.2219,52.3303,16.6541],[141.2207,52.3335,4.8649],[141.2126,52.3354,4.317],[141.2144,52.3386,0.0],[141.2099,52.3458,0.0],[141.2108,52.3489,0.0],[141.2025,52.3487,37.7233],[141.1979,52.3512,5.7735],[141.1981,52.3534,0.0],[141.1966,52.3542,0.0],[141.1902,52.3532,24.8406],[141.1848,52.3572,0.0],[141.1719,52.359,3.8208],[141.1667,52.3621,0.0],[141.1609,52.3601,7.288],[141.1583,52.3552,6.5021],[141.1428,52.3522,3.4263],[141.1574,52.3566,0.0],[141.1594,52.3613,2.0627],[141.1679,52.3649,0.1151],[141.1591,52.3688,0.5988],[141.1586,52.3728,-0.1362],[141.1469,52.381,0.3305],[141.1456,52.3849,0.274],[141.1369,52.3854,0.931],[141.1316,52.3936,-0.1116],[141.1368,52.397,0.1009],[141.1284,52.3965,-0.0235],[141.1273,52.3974,-0.0015],[141.1301,52.3988,0.1096],[141.1297,52.4,0.1096],[141.1226,52.3994,0.0156],[141.1167,52.4098,0.6216],[141.1218,52.4154,0.0],[141.1188,52.4188,0.4862],[141.1215,52.4218,0.0],[141.1141,52.4264,0.8613],[141.1203,52.4269,0.0],[141.1213,52.4279,0.0],[141.1192,52.4293,0.0109],[141.123,52.4285,0.0],[141.1246,52.4297,0.2009],[141.1194,52.4342,0.0],[141.1227,52.4369,0.0],[141.1212,52.44,0.0],[141.1221,52.4429,0.0],[141.1107,52.4463,0.2107],[141.1157,52.4495,-0.0203],[141.1192,52.4492,0.0774],[141.1206,52.4511,0.2819],[141.1159,52.4529,0.0522],[141.1172,52.4558,0.0112],[141.1146,52.4563,0.1913],[141.1141,52.4581,-0.0295],[141.1079,52.4598,0.0872],[141.1198,52.4664,0.0],[141.1122,52.4688,0.2581],[141.1141,52.4696,0.0326],[141.1135,52.4729,0.1923],[141.1191,52.4733,0.0],[141.1152,52.4748,0.0116],[141.1128,52.4776,0.4556],[141.1106,52.4839,6.0373],[141.1194,52.4889,0.1498],[141.1228,52.4936,0.7862],[141.1333,52.4978,1.2417],[141.1483,52.5081,2.006],[141.1578,52.5097,3.4974],[141.1694,52.5072,6.2043],[141.18,52.5086,1.3222],[141.1878,52.5064,0.1926],[141.2125,52.5085,0.0],[141.2223,52.5171,0.0],[141.2222,52.5244,0.0],[141.2279,52.532,0.0],[141.2283,52.5358,0.8771],[141.2425,52.5516,0.0],[141.2418,52.558,2.8169],[141.2535,52.5835,0.0],[141.2571,52.588,0.0],[141.265,52.589,0.0],[141.2673,52.5916,0.0],[141.2667,52.5939,0.0],[141.2608,52.5995,0.0],[141.2601,52.6131,0.0],[141.2546,52.6429,11.0722],[141.2625,52.6524,6.1718],[141.2706,52.652,0.0],[141.2758,52.6555,22.9076],[141.2812,52.6557,24.488],[141.2843,52.6583,0.0],[141.2824,52.66,10.4792],[141.2807,52.6664,8.3457],[141.2715,52.6673,0.0],[141.2603,52.6732,0.9661],[141.2553,52.6779,1.2339],[141.2504,52.6871,0.0],[141.2478,52.7069,3.5468],[141.2468,52.7365,0.0],[141.2393,52.7438,0.0],[141.2278,52.7464,4.6675],[141.2205,52.7528,2.3386],[141.22,52.7556,0.0],[141.2152,52.7571,1.2189],[141.1961,52.7725,7.1826],[141.1866,52.7737,19.1307],[141.1784,52.7779,2.4076],[141.1734,52.7828,10.969],[141.1696,52.784,0.0],[141.1635,52.7917,8.1981],[141.1647,52.8002,0.0],[141.1673,52.8053,0.0],[141.1727,52.8105,1.0163],[141.1787,52.8124,0.0],[141.1792,52.8144,0.0],[141.1862,52.8198,0.9033],[141.1828,52.8215,9.4767],[141.1826,52.824,7.7898],[141.1888,52.8315,3.0321],[141.1981,52.8388,3.9757],[141.1996,52.842,0.0],[141.2226,52.8563,0.0],[141.2381,52.8614,0.0],[141.24,52.866,0.0],[141.2346,52.8684,27.1445],[141.2235,52.8678,13.7476],[141.2141,52.8655,14.6854],[141.2062,52.8599,2.2761],[141.1952,52.8567,4.3983],[141.1725,52.8564,25.2688],[141.1448,52.8659,2.0217],[141.125,52.8751,55.8116],[141.1144,52.8828,25.2303],[141.0993,52.8872,0.0],[141.0705,52.8828,3.2784],[141.0643,52.8846,0.0],[141.0594,52.8839,0.4607],[141.0623,52.8861,0.0],[141.056,52.8877,0.5392],[141.0541,52.8905,1.7979],[141.0551,52.8946,5.6448],[141.0587,52.8977,2.0461],[141.0529,52.9092,0.0],[141.041,52.9246,0.6737],[141.0318,52.9242,4.6213],[141.0181,52.927,7.6487],[140.9928,52.9247,9.1547],[140.9847,52.9254,31.8819],[140.9629,52.933,14.7295],[140.9551,52.9397,1.6571],[140.9489,52.9546,25.1782],[140.9504,52.9708,0.0],[140.9484,52.9776,10.6517],[140.9411,52.9925,3.363],[140.9281,53.005,14.0846],[140.9296,53.0094,9.9307],[140.9251,53.0134,7.8544],[140.9236,53.0165,0.0],[140.9256,53.0186,0.0],[140.9222,53.0208,0.0],[140.9228,53.0253,0.3241],[140.93,53.0347,0.0],[140.93,53.0367,0.0],[140.9267,53.0369,0.0],[140.9122,53.03,2.2966],[140.9004,53.028,3.1323],[140.8899,53.0309,2.5569],[140.8783,53.0369,7.1559],[140.8739,53.0372,5.0178],[140.8637,53.0437,14.0931],[140.8469,53.0479,0.0],[140.8367,53.0408,0.0],[140.8278,53.0403,3.2285],[140.8261,53.0414,3.8946],[140.8272,53.0447,0.0],[140.8144,53.0614,22.9871],[140.8141,53.0655,5.8588],[140.7989,53.0761,0.0],[140.7933,53.0767,13.9514],[140.7865,53.0819,14.7809],[140.775,53.0875,3.7204],[140.7722,53.0949,0.0],[140.7679,53.0975,0.0],[140.765,53.1019,1.2284],[140.7225,53.1117,18.6659],[140.725,53.1279,0.0],[140.7263,53.1283,0.0],[140.7195,53.1301,0.4926],[140.725,53.1308,0.0],[140.7228,53.1322,3.9415],[140.7239,53.1331,3.9415],[140.7272,53.1322,0.3971],[140.7317,53.1342,4.3041],[140.7372,53.1342,1.9593],[140.7389,53.1361,5.8433],[140.7456,53.1342,0.7644],[140.75,53.1372,0.0562],[140.7489,53.1386,0.0562],[140.7544,53.1383,0.0],[140.7661,53.1417,7.5252],[140.7783,53.1414,3.8469],[140.7883,53.1386,0.0],[140.8006,53.1378,7.16],[140.8067,53.135,0.0],[140.8133,53.1367,0.0],[140.8183,53.1361,7.3083],[140.8233,53.1322,3.8906],[140.8328,53.1303,0.0],[140.8378,53.1233,0.0],[140.8461,53.1194,0.0],[140.8506,53.1153,0.0],[140.8628,53.11,0.4291],[140.8628,53.1072,0.0],[140.8608,53.1051,0.0],[140.8617,53.1028,0.0],[140.8633,53.1019,0.0],[140.8633,53.0998,0.0],[140.8678,53.0969,6.8141],[140.8683,53.0925,0.0],[140.875,53.0872,15.4494],[140.8728,53.0839,0.3637],[140.875,53.08,0.3218],[140.8811,53.0806,1.9203],[140.8905,53.0842,24.3579],[140.9083,53.0792,13.3678],[140.9233,53.0786,0.0],[140.9483,53.0694,2.5869],[140.9611,53.0675,17.2354],[140.9733,53.0617,0.0],[140.98,53.0572,25.7824],[140.9811,53.0542,0.0],[141.0058,53.0402,1.22],[141.0155,53.0375,11.6714],[141.0261,53.0319,0.0],[141.0317,53.0278,5.3427],[141.0322,53.0256,2.9726],[141.0428,53.0267,0.0],[141.0633,53.0203,0.0],[141.0723,53.0156,10.8857],[141.0794,53.0172,6.0402],[141.0854,53.0162,4.0626],[141.0937,53.0106,13.7241],[141.0961,53.0011,0.0],[141.1017,52.9974,17.4829],[141.1189,53.0028,4.2245],[141.1233,52.9975,1.8609],[141.1222,52.995,24.8148],[141.1234,52.9933,3.6143],[141.1393,52.9909,26.7471],[141.1468,52.9913,1.4956],[141.1552,52.9946,3.8019],[141.1774,52.9996,8.2471],[141.202,53.0013,0.0],[141.2058,53.0047,7.9603],[141.1983,53.0075,5.6184],[141.1983,53.0111,3.8301],[141.2083,53.0183,1.5814],[141.2072,53.0214,16.7746],[141.2367,53.0283,0.0],[141.245,53.0336,0.0],[141.2439,53.0364,9.0416],[141.2461,53.0381,1.2618],[141.2578,53.0419,0.0],[141.2444,53.0478,20.5343],[141.2448,53.0535,0.0],[141.2417,53.0558,3.2089],[141.2239,53.06,2.4659],[141.2195,53.0672,1.6119],[141.2206,53.0697,0.3011],[141.2406,53.08,0.853],[141.25,53.0825,0.9903],[141.2522,53.0858,1.0483],[141.2572,53.0831,0.7517],[141.2839,53.0833,0.7984],[141.2861,53.0839,0.4851],[141.285,53.0856,0.9914],[141.2928,53.0864,0.4524],[141.2989,53.0889,1.6635],[141.3156,53.0886,0.1963],[141.3372,53.0839,3.5871],[141.34,53.0811,15.1404],[141.3394,53.0794,4.6846],[141.3461,53.0769,0.0],[141.35,53.0772,1.5354],[141.3578,53.0811,1.5825],[141.3683,53.0825,1.4125],[141.37,53.0836,1.4125],[141.3622,53.0872,0.8101],[141.3628,53.0886,0.8101],[141.3539,53.0908,0.0],[141.3539,53.0928,0.0],[141.3439,53.1011,11.0096],[141.3461,53.1053,0.0],[141.3456,53.1086,0.692],[141.3572,53.1147,11.1297],[141.3661,53.1172,0.0],[141.3672,53.1203,0.0],[141.3611,53.1272,0.204],[141.3622,53.135,0.0],[141.3639,53.1369,0.0],[141.39,53.1428,0.0],[141.395,53.1425,0.0],[141.3983,53.1447,0.0],[141.4106,53.1442,0.3703],[141.4194,53.1522,1.8975],[141.4222,53.1519,1.4744],[141.42,53.1478,0.6502],[141.4211,53.1461,0.0],[141.4267,53.145,0.0],[141.4439,53.1525,0.0],[141.4367,53.1567,0.0],[141.4439,53.1611,0.0],[141.4428,53.1633,0.0],[141.4439,53.1644,4.6663],[141.4322,53.1692,0.0],[141.4328,53.1728,0.0],[141.4228,53.1792,4.4499],[141.4106,53.1931,5.0582],[141.4094,53.1992,0.555],[141.4117,53.2039,0.0],[141.4072,53.2114,3.7639],[141.4089,53.2153,3.0196],[141.4189,53.2214,0.561],[141.415,53.2233,26.9636],[141.415,53.2256,6.4718],[141.4044,53.2272,0.0],[141.3933,53.2256,0.0],[141.3895,53.2267,4.9535],[141.3861,53.2247,1.3065],[141.365,53.2217,1.7165],[141.3567,53.2253,0.0],[141.35,53.225,0.0],[141.3478,53.2267,0.0],[141.3489,53.2283,0.0],[141.3467,53.2292,0.0],[141.3472,53.2306,0.0],[141.3417,53.2306,0.0],[141.3422,53.2331,0.309],[141.3656,53.2394,0.0],[141.3678,53.2411,0.0],[141.3672,53.2433,0.0],[141.3717,53.2453,0.0],[141.3828,53.2442,0.0],[141.3944,53.2472,0.0],[141.3922,53.2486,0.0],[141.3944,53.2508,0.0],[141.3905,53.2522,0.0],[141.3861,53.25,0.0],[141.3761,53.2508,1.6198],[141.3828,53.2533,0.0],[141.3861,53.2578,0.0],[141.3917,53.2567,0.0],[141.3922,53.2614,0.0],[141.3967,53.2639,0.0],[141.39,53.2642,0.0],[141.3895,53.2669,0.0],[141.4055,53.285,0.351],[141.4167,53.2911,0.3],[141.4156,53.2925,9.6367],[141.4172,53.2956,22.5612],[141.4094,53.3025,0.0],[141.4017,53.3053,13.6993],[141.3917,53.3,3.9884],[141.3844,53.2986,9.5055],[141.3717,53.2997,10.4967],[141.3661,53.3023,0.0],[141.3666,53.3054,0.0],[141.3633,53.3056,0.0],[141.3517,53.3,9.629],[141.3413,53.3001,0.0],[141.3378,53.2981,5.6101],[141.3328,53.3,2.6783],[141.3217,53.2997,3.811],[141.3161,53.3036,0.9719],[141.2883,53.3086,14.0902],[141.2828,53.3147,3.0116],[141.2794,53.3117,5.2347],[141.2694,53.3078,4.7937],[141.2439,53.3042,3.9415],[141.2389,53.3061,0.0],[141.2372,53.3083,0.0],[141.2261,53.3081,0.719],[141.2094,53.3128,0.3266],[141.2078,53.3144,0.0],[141.21,53.3172,0.0],[141.2061,53.3214,0.0],[141.2011,53.32,0.0],[141.1978,53.3222,0.0],[141.1967,53.3172,0.0],[141.19,53.3175,0.2474],[141.1744,53.3317,0.0],[141.1689,53.3322,0.0],[141.165,53.3364,0.0],[141.1567,53.3378,1.8112],[141.15,53.345,0.5831],[141.1367,53.3539,5.102],[141.1255,53.3589,0.0],[141.1217,53.3592,0.0],[141.115,53.3633,0.0],[141.11,53.3642,0.0],[141.095,53.375,0.0],[141.085,53.3728,0.0],[141.0956,53.3786,0.0],[141.0956,53.38,0.0],[141.0928,53.3811,0.0],[141.0978,53.3828,0.0],[141.0956,53.3844,0.2416],[141.0983,53.3869,0.305],[141.1061,53.3881,0.0],[141.1111,53.3908,0.0],[141.1128,53.3942,1.1037],[141.1095,53.3969,0.0],[141.0947,53.401,0.0],[141.0822,53.3989,0.0],[141.0589,53.3994,0.576],[141.0456,53.4031,0.316],[141.0289,53.4036,1.2509],[140.992,53.4125,1.3985],[140.9832,53.411,1.2376],[140.9896,53.4144,0.8391],[140.9867,53.4208,0.8397],[140.9889,53.4245,0.8363],[140.9883,53.4306,1.0354],[140.9961,53.4439,1.5211],[140.9944,53.445,1.5211],[140.9863,53.4453,10.4929],[140.9722,53.4428,0.0],[140.9639,53.4383,1.1787],[140.9611,53.4356,0.0],[140.9589,53.4292,5.1755],[140.9533,53.4267,8.7525],[140.91,53.4247,6.4718],[140.905,53.4267,0.5003],[140.9072,53.4288,0.0],[140.9059,53.435,0.0],[140.9071,53.4388,0.0],[140.9095,53.441,0.0],[140.913,53.4491,0.0],[140.9088,53.4566,2.1951],[140.9017,53.4639,0.2325],[140.9022,53.465,0.2325],[140.8967,53.4689,15.7988],[140.91,53.4683,0.0],[140.915,53.4697,1.6938],[140.915,53.4756,5.8959],[140.9206,53.4786,0.0],[140.9194,53.4797,0.0],[140.9206,53.4814,1.2519],[140.9278,53.4867,0.0],[140.9311,53.4933,4.3145],[140.935,53.4925,0.6366],[140.9437,53.4972,1.2419],[140.9522,53.4966,0.8484],[140.9553,53.4947,0.3889],[140.9937,53.4868,0.4596],[141.0041,53.4832,1.0541],[141.0061,53.4809,0.485],[141.0139,53.4817,0.0],[141.0244,53.4792,3.0389],[141.0283,53.4753,0.0],[141.0339,53.475,0.0],[141.0378,53.47,0.4221],[141.0494,53.4728,2.9252],[141.0556,53.4714,1.5054],[141.0667,53.4644,0.0],[141.1067,53.4567,0.5],[141.115,53.4506,0.0],[141.1272,53.4464,0.0],[141.1311,53.4483,0.0],[141.1239,53.4514,3.3622],[141.1217,53.4547,0.4905],[141.0928,53.4653,0.6323],[141.0544,53.4747,0.0],[141.0367,53.4775,2.3401],[140.9922,53.4894,0.0],[140.9422,53.4997,2.2912],[140.8939,53.5144,3.7466],[140.8317,53.53,4.4537],[140.815,53.5372,0.0],[140.7772,53.5497,3.183],[140.7333,53.5622,2.2273],[140.6739,53.5919,5.8069],[140.6478,53.6008,0.2828],[140.63,53.6039,0.9023],[140.6311,53.605,0.9023],[140.63,53.6069,2.7496],[140.62,53.6131,1.3493],[140.5939,53.6219,4.7714],[140.5461,53.6472,4.1031],[140.5228,53.6628,3.2544],[140.5094,53.6758,12.1615],[140.5067,53.6808,8.4141],[140.5056,53.6847,6.382],[140.5063,53.6895,10.5143],[140.5083,53.6922,4.7164],[140.5072,53.6931,14.3277],[140.5094,53.6939,11.6409],[140.5145,53.7025,0.9052],[140.5217,53.7067,4.9292],[140.5211,53.7097,4.712],[140.5172,53.7133,2.8414],[140.4867,53.7261,6.4185],[140.4761,53.7322,0.7234],[140.4153,53.7509,2.1583],[140.3745,53.7669,1.6573],[140.3728,53.7667,1.7306],[140.375,53.7656,1.6573],[140.3739,53.7653,5.3885],[140.3606,53.7706,0.7431],[140.3561,53.7692,2.8768],[140.3572,53.7717,3.5629],[140.345,53.7786,5.0125],[140.3644,53.7708,0.2992],[140.3456,53.7797,3.0165],[140.3117,53.8039,4.3685],[140.3061,53.8117,3.2564],[140.305,53.8158,0.0],[140.2928,53.825,3.1126],[140.2717,53.8475,0.9857],[140.2645,53.8614,7.0752],[140.2606,53.8642,3.1564],[140.2533,53.8736,7.9567],[140.2556,53.8936,3.1322],[140.2589,53.8986,0.0],[140.2672,53.9022,0.9136],[140.2706,53.9081,3.0125],[140.2756,53.9103,0.0],[140.2796,53.9213,3.1049],[140.2978,53.9267,0.0],[140.305,53.9267,0.0],[140.3094,53.9283,2.1487],[140.3133,53.9378,5.6388],[140.3172,53.9419,0.0],[140.3278,53.9464,0.0],[140.3249,53.9495,2.8327],[140.3256,53.9511,0.8993],[140.33,53.9525,0.0],[140.3289,53.9558,0.0],[140.283,53.9689,0.0],[140.2811,53.9722,0.0],[140.2707,53.9717,32.8644],[140.2531,53.9767,6.9366],[140.2316,53.9851,15.0243],[140.2078,53.9991,0.0],[140.2056,54.0025,7.7389],[140.2116,54.0099,0.0],[140.2113,54.0126,9.2847],[140.2159,54.0217,2.2064],[140.2104,54.0334,3.6235],[140.2096,54.0426,0.0],[140.1992,54.0549,0.0],[140.1739,54.0628,0.8952],[140.1603,54.0635,22.531],[140.1514,54.0677,19.3888],[140.1395,54.0706,16.8316],[140.1344,54.0738,0.0],[140.1195,54.078,0.436],[140.1177,54.0793,3.3947],[140.1176,54.0822,0.0],[140.1102,54.0802,83.3426],[140.0936,54.0817,16.1726],[140.0605,54.0923,0.0],[140.0291,54.0997,3.5988],[139.9851,54.1135,142.3485],[139.9496,54.1276,51.1849],[139.9307,54.1378,19.7128],[139.9183,54.1495,8.7961],[139.8918,54.1644,62.8748],[139.8761,54.1764,25.0218],[139.8739,54.18,45.5027],[139.875,54.1825,7.587],[139.8889,54.1875,0.0],[139.89,54.1917,6.3042],[139.8917,54.1925,0.0],[139.8833,54.1956,3.1063],[139.88,54.1983,13.1606],[139.8768,54.1979,13.1606],[139.8755,54.1947,15.4105],[139.8676,54.1905,0.0],[139.8605,54.1844,0.0],[139.8589,54.1811,2.2104],[139.8528,54.1803,25.7542],[139.8288,54.1863,1.0037],[139.7939,54.2006,0.8877],[139.7811,54.2114,12.6531],[139.7767,54.22,9.3154],[139.782,54.2232,0.0],[139.7843,54.2272,0.0],[139.7839,54.2319,0.0],[139.7867,54.2356,26.3271],[139.7872,54.2414,107.5781],[139.7887,54.2422,25.9929],[139.7867,54.2458,56.959],[139.7922,54.2611,0.0],[139.7926,54.2687,0.0],[139.7892,54.2744,44.9678],[139.7889,54.2811,11.4761],[139.785,54.2839,0.0],[139.7856,54.2869,10.8119],[139.7894,54.2886,4.533],[139.7888,54.2904,30.9726],[139.7294,54.2963,0.0],[139.7083,54.2864,30.2361],[139.6956,54.285,29.3955],[139.6772,54.2772,2.4792],[139.6661,54.2714,5.2217],[139.6435,54.2525,0.0],[139.6396,54.251,7.2309],[139.6061,54.2397,34.5379],[139.5611,54.2281,19.6841],[139.5369,54.2252,45.3079],[139.5117,54.2192,0.0],[139.4845,54.205,6.568],[139.4717,54.2011,5.4382],[139.4419,54.1933,5.9503],[139.4024,54.1921,0.0],[139.3892,54.1889,5.0061],[139.3757,54.188,7.3832],[139.3585,54.1882,6.6284],[139.3215,54.1776,0.0],[139.3022,54.1765,21.083],[139.2621,54.178,3.6182],[139.1672,54.1876,3.2022],[139.1045,54.1987,4.5637],[138.9967,54.2211,7.2685],[138.9403,54.2349,9.1541],[138.8967,54.2478,4.4302],[138.8522,54.2636,8.015],[138.8324,54.2745,10.9265],[138.766,54.2904,61.8326],[138.7528,54.2961,39.0982],[138.7511,54.2983,77.9776],[138.7533,54.3019,0.0],[138.7483,54.3042,0.0],[138.7345,54.3033,50.8372],[138.7274,54.3068,2.9267],[138.7179,54.3001,60.6205],[138.7114,54.2982,33.8526],[138.6965,54.2992,0.0],[138.6939,54.2981,0.0],[138.6925,54.2947,8.3626],[138.6989,54.2892,5.0494],[138.6961,54.2867,36.2447],[138.6806,54.285,35.7455],[138.6728,54.2883,7.9508],[138.6584,54.2862,0.0],[138.6622,54.28,0.0],[138.6745,54.2752,25.8748],[138.675,54.2736,0.0],[138.6806,54.2739,37.9125],[138.6828,54.2697,0.0],[138.6928,54.2653,0.0],[138.7056,54.2633,0.0],[138.7186,54.265,0.0],[138.7276,54.2628,0.0],[138.7327,54.258,36.665],[138.7367,54.2477,80.3851],[138.735,54.24,10.1871],[138.7361,54.2386,11.4848],[138.7339,54.2375,0.0],[138.7345,54.2356,43.2244],[138.73,54.2275,6.8401],[138.7311,54.2256,11.0795],[138.7294,54.2236,0.0],[138.7294,54.2136,0.0],[138.7244,54.2069,63.5048],[138.7244,54.2044,120.3838],[138.72,54.1969,27.3369],[138.72,54.1942,10.402],[138.7251,54.1906,62.803],[138.7261,54.1839,0.0],[138.725,54.1803,0.0],[138.7322,54.1683,60.0956],[138.7306,54.1653,0.0],[138.7308,54.1551,9.2551],[138.7293,54.1512,0.0],[138.7272,54.1503,0.0],[138.7283,54.1481,10.7614],[138.7103,54.1218,20.9865],[138.7075,54.1155,7.596],[138.6983,54.1044,0.0],[138.6956,54.098,19.8415],[138.6811,54.0819,28.227],[138.6625,54.0651,20.3961],[138.6617,54.0603,0.0],[138.6661,54.0561,4.3397],[138.6833,54.0561,4.6878],[138.7017,54.0678,6.1084],[138.7104,54.0692,4.6466],[138.7162,54.0734,4.2235],[138.7367,54.0767,1.377],[138.755,54.0847,2.5174],[138.7589,54.0836,0.9061],[138.7622,54.0908,6.2364],[138.7683,54.0931,1.2175],[138.7717,54.0919,3.2206],[138.7672,54.0914,2.4555],[138.7633,54.0886,1.4878],[138.7645,54.085,2.1206],[138.7722,54.0819,3.0042],[138.7756,54.0772,2.8999],[138.7739,54.0725,2.4653],[138.7717,54.0711,2.5065],[138.7722,54.0675,5.9962],[138.7672,54.0639,3.418],[138.765,54.0531,0.9715],[138.7667,54.0503,3.2479],[138.7617,54.0469,0.0],[138.7604,54.0422,4.1341],[138.7605,54.0373,4.9369],[138.765,54.0294,5.4202],[138.7689,54.0164,4.3687],[138.7678,54.0142,3.6819],[138.7706,54.0106,11.3617],[138.77,54.0,28.9335],[138.7683,53.9997,4.5162],[138.7637,53.991,1.7621],[138.7694,53.9871,35.9774],[138.7694,53.9808,32.9064],[138.7569,53.9625,15.7689],[138.7531,53.9527,9.7699],[138.7417,53.9417,0.0],[138.7444,53.9389,21.4704],[138.7372,53.9281,20.9512],[138.7317,53.9239,15.3386],[138.7228,53.9219,11.3314],[138.7222,53.9206,11.3314],[138.7261,53.9178,13.0237],[138.725,53.9158,21.0177],[138.72,53.9131,16.3047],[138.7128,53.9119,8.3971],[138.7195,53.9078,13.8336],[138.7117,53.905,10.5703],[138.7122,53.9028,11.8395],[138.7167,53.9,13.296],[138.7161,53.8983,14.3022],[138.7133,53.8956,10.1839],[138.7056,53.8931,7.1451],[138.7117,53.8861,15.6359],[138.7106,53.8794,15.0667],[138.7044,53.8761,3.927],[138.7039,53.8714,3.696],[138.7067,53.8633,3.0936],[138.705,53.8581,0.0],[138.7067,53.8528,0.0],[138.7061,53.8489,1.4831],[138.7078,53.8469,14.8763],[138.7045,53.8422,0.0],[138.7033,53.8322,3.199],[138.6956,53.8239,0.0],[138.6961,53.8208,6.8951],[138.6928,53.8161,1.7948],[138.6933,53.8144,10.4906],[138.6894,53.8092,8.9425],[138.678,53.7845,4.7184],[138.679,53.7738,32.4469],[138.6742,53.7569,7.6294],[138.6685,53.7499,8.5563],[138.6647,53.7417,33.2178],[138.6666,53.7315,27.0518],[138.6646,53.7169,12.5626],[138.6613,53.709,1.1695],[138.6501,53.7002,5.7657],[138.6497,53.696,0.0],[138.6465,53.6933,0.0],[138.6463,53.6883,1.1314],[138.6441,53.6844,33.4174],[138.6289,53.6736,0.0],[138.6289,53.6714,0.0],[138.6267,53.67,0.0],[138.6278,53.6686,0.0],[138.6233,53.6644,0.0],[138.6245,53.6631,0.0],[138.6222,53.6625,0.0],[138.62,53.6581,0.0],[138.6222,53.6569,3.0909],[138.6172,53.6528,0.0],[138.6178,53.6511,0.0],[138.615,53.6489,0.0],[138.6156,53.6472,3.209],[138.6133,53.6439,4.7674],[138.6017,53.6339,0.0],[138.5983,53.6294,0.0],[138.6,53.6283,3.9895],[138.5961,53.6264,0.0],[138.595,53.6228,12.7092],[138.59,53.6206,0.0],[138.5911,53.6192,1.1578],[138.5778,53.6081,10.0643],[138.5589,53.5958,0.0],[138.5594,53.5942,2.6666],[138.5561,53.5911,0.0],[138.5572,53.5886,14.427],[138.5517,53.5828,19.1671],[138.5456,53.5803,0.6072],[138.5472,53.5789,9.839],[138.5456,53.5769,16.7919],[138.5222,53.5656,19.0155],[138.5211,53.5625,2.6247],[138.5139,53.5569,4.7689],[138.5145,53.5536,20.4859],[138.5067,53.5469,17.2586],[138.4939,53.5406,0.0],[138.4939,53.5375,4.9674],[138.4917,53.5361,15.6536],[138.4794,53.5308,6.6368],[138.4706,53.5292,0.0],[138.4656,53.5261,0.0],[138.4633,53.5267,0.0],[138.4511,53.5219,1.1472],[138.4483,53.5225,0.0],[138.4361,53.5194,0.0],[138.4289,53.5158,0.3307],[138.4144,53.5142,0.0],[138.405,53.5117,0.0],[138.4028,53.5097,1.4213],[138.385,53.5072,0.0],[138.34,53.5086,2.7103],[138.3167,53.5117,1.8711],[138.2928,53.5183,0.9962],[138.2439,53.5044,0.0],[138.2439,53.5011,0.0],[138.2489,53.4961,2.881],[138.2456,53.4933,0.9017],[138.2383,53.5053,0.2259],[138.2428,53.5083,0.0],[138.2606,53.5114,0.0],[138.2606,53.5125,0.0],[138.2439,53.5108,0.0],[138.235,53.5056,0.1794],[138.2361,53.5019,2.1258],[138.2317,53.5008,8.4825],[138.2339,53.5075,5.831],[138.2411,53.5122,5.1351],[138.2544,53.5158,2.7224],[138.2655,53.5161,0.0],[138.2689,53.5186,0.4979],[138.2606,53.5228,1.4068],[138.2594,53.5247,1.5176],[138.2556,53.5247,2.9199],[138.2594,53.5264,2.0563],[138.2544,53.5317,5.0985],[138.2583,53.5389,6.629],[138.2744,53.5433,10.7258],[138.2672,53.5486,6.0237],[138.265,53.5533,2.5271],[138.2667,53.56,16.3394],[138.2633,53.5628,10.6617],[138.2694,53.5631,0.7393],[138.2739,53.5611,0.0],[138.3006,53.565,0.0],[138.3039,53.5667,4.8734],[138.3067,53.5706,2.2489],[138.3139,53.5728,7.4246],[138.3167,53.5756,3.9484],[138.3317,53.5817,0.0],[138.3445,53.5892,26.9042],[138.3521,53.5971,0.0],[138.3522,53.6008,2.1724],[138.3539,53.6028,0.2285],[138.3661,53.6056,5.3291],[138.356,53.6207,0.0],[138.3461,53.62,2.6961],[138.3389,53.6242,2.6062],[138.3417,53.6306,1.6363],[138.3561,53.6436,0.0],[138.3567,53.6472,7.8124],[138.3644,53.6481,0.0],[138.37,53.6511,0.0],[138.3878,53.6719,1.9247],[138.3961,53.6753,0.0],[138.4022,53.6819,23.7528],[138.4055,53.6833,0.0],[138.405,53.6844,6.0736],[138.4117,53.6869,0.0],[138.4122,53.6908,4.6458],[138.4378,53.705,0.0],[138.4411,53.7086,0.0],[138.44,53.7103,8.0739],[138.4478,53.7136,0.0],[138.4517,53.7194,12.9365],[138.47,53.7244,0.0],[138.475,53.7289,0.7634],[138.4761,53.7333,14.1052],[138.485,53.7383,11.3672],[138.4906,53.7478,5.3029],[138.5161,53.7558,0.0],[138.525,53.7611,0.0],[138.5322,53.77,8.5184],[138.5317,53.7717,14.1571],[138.5406,53.7764,0.0],[138.5478,53.7861,7.9186],[138.555,53.7875,2.6702],[138.5589,53.7933,6.3711],[138.5628,53.795,0.0],[138.5694,53.8017,3.7777],[138.5744,53.8097,0.0],[138.5722,53.8158,7.7347],[138.5761,53.8239,8.8003],[138.5756,53.8264,11.4474],[138.5822,53.8322,2.4177],[138.5828,53.8378,4.5051],[138.5794,53.8425,12.1514],[138.5811,53.8497,12.7497],[138.5945,53.8619,0.0],[138.5889,53.8775,0.0],[138.5858,53.8793,5.9066],[138.5833,53.8833,6.7936],[138.5833,53.8883,0.0],[138.5794,53.8906,6.1579],[138.5772,53.895,25.0916],[138.5783,53.8969,2.205],[138.5778,53.9058,11.5833],[138.5806,53.9086,0.0],[138.5811,53.9128,2.085],[138.5767,53.9214,17.8045],[138.5772,53.9317,48.0437],[138.5794,53.9375,37.3429],[138.5783,53.9417,9.3532],[138.5811,53.9458,12.2255],[138.5811,53.9514,13.2989],[138.5844,53.9533,0.8178],[138.588,53.9605,15.2947],[138.5922,53.9633,1.8961],[138.595,53.9628,3.5994],[138.5983,53.9575,1.5864],[138.5983,53.9544,0.4048],[138.6018,53.9551,3.7532],[138.6017,53.9578,0.5781],[138.5984,53.9599,2.3527],[138.5972,53.9636,0.0],[138.5967,53.9694,0.0],[138.5978,53.9708,0.0],[138.5894,53.9792,21.6402],[138.5922,53.9819,0.0],[138.5917,53.9858,43.4628],[138.5928,53.9861,0.0],[138.5878,53.9919,9.0965],[138.5828,53.9942,1.7984],[138.5694,53.9928,0.0],[138.5567,53.9889,0.0],[138.5506,53.9847,23.0918],[138.53,53.9761,2.3452],[138.5145,53.9722,2.692],[138.5117,53.9708,0.0],[138.5122,53.9672,57.4365],[138.51,53.9636,84.5773],[138.4878,53.9508,20.2668],[138.4338,53.9329,41.4859],[138.4172,53.9228,27.4101],[138.3722,53.9039,5.874],[138.3689,53.9003,2.4726],[138.3689,53.8967,6.273],[138.3641,53.8908,44.5992],[138.3628,53.8856,36.2622],[138.3589,53.8828,0.0],[138.3589,53.8789,0.0],[138.3617,53.8756,59.1854],[138.3556,53.8672,0.0],[138.3544,53.8569,41.4773],[138.3522,53.8553,8.6635],[138.3522,53.8528,61.7018],[138.3483,53.8464,9.8124],[138.34,53.8383,2.5779],[138.3394,53.8342,30.2233],[138.335,53.8292,0.0],[138.3361,53.8236,0.0],[138.3344,53.8206,0.0],[138.3344,53.8128,0.0],[138.3372,53.8033,29.1975],[138.3356,53.7967,0.0],[138.3383,53.7908,15.0555],[138.3333,53.7792,0.0],[138.3333,53.775,14.6887],[138.33,53.7717,7.7289],[138.3294,53.7664,48.5031],[138.3239,53.7564,10.3779],[138.3106,53.7458,2.8207],[138.3066,53.735,37.7564],[138.3006,53.7303,31.6569],[138.2933,53.7275,5.4784],[138.2767,53.7162,3.6788],[138.2583,53.7094,5.4845],[138.2339,53.7025,6.6225],[138.2154,53.7015,26.4649],[138.2104,53.6944,41.501],[138.2,53.6911,1.4604],[138.2,53.6883,108.0426],[138.1944,53.6853,0.0],[138.1933,53.68,18.8283],[138.1861,53.6772,0.0],[138.1839,53.6742,1.7536],[138.1726,53.6701,6.5875],[138.1617,53.6689,0.0],[138.1528,53.6644,1.3379],[138.1117,53.6556,0.0],[138.1022,53.6489,0.0],[138.1011,53.6439,6.0295],[138.0761,53.6378,16.7381],[138.0683,53.6378,6.4751],[138.0596,53.6336,91.7408],[138.0383,53.6319,29.5675],[138.0234,53.6261,7.8526],[138.01,53.6256,3.6721],[138.0017,53.6194,41.4573],[137.997,53.6137,52.2733],[137.9777,53.6093,4.744],[137.9746,53.6013,0.0],[137.9583,53.5923,0.0],[137.9556,53.5892,0.0],[137.955,53.5833,20.2723],[137.9511,53.5811,5.3406],[137.9261,53.5742,3.0282],[137.8506,53.5667,27.8987],[137.844,53.5645,19.7647],[137.775,53.5628,0.0],[137.7594,53.56,18.2053],[137.7489,53.5603,47.3186],[137.7289,53.5556,0.0],[137.7144,53.5547,24.5604],[137.7016,53.5495,5.2388],[137.69,53.5478,6.3516],[137.6522,53.5472,2.3532],[137.6189,53.5503,4.0927],[137.4589,53.5483,6.2521],[137.4289,53.545,4.9782],[137.4267,53.5433,9.0688],[137.4089,53.5408,5.5534],[137.3989,53.5383,3.5948],[137.3972,53.5353,5.9351],[137.3783,53.5317,2.8371],[137.3755,53.5294,5.4025],[137.3489,53.5328,4.251],[137.335,53.5328,4.3322],[137.3333,53.5294,3.3695],[137.3307,53.5285,1.4071],[137.3283,53.5322,0.2859],[137.3172,53.5333,2.0129],[137.3144,53.5322,2.5274],[137.2967,53.5392,2.7594],[137.2961,53.5411,2.1231],[137.2922,53.5403,3.1518],[137.2911,53.5431,2.1617],[137.2867,53.5444,2.4543],[137.2861,53.5464,2.0719],[137.28,53.5469,3.0104],[137.2706,53.5531,1.7736],[137.255,53.5586,2.1836],[137.2439,53.5606,1.5905],[137.2339,53.5589,1.2037],[137.2273,53.5599,1.6419],[137.2283,53.5611,2.0853],[137.2322,53.5603,1.2037],[137.2317,53.5619,1.9661],[137.2339,53.5619,1.7722],[137.2317,53.5636,2.1861],[137.2328,53.565,1.6638],[137.2317,53.5656,2.4448],[137.2339,53.5669,1.724],[137.2322,53.5678,2.1284],[137.2345,53.5686,1.362],[137.2333,53.5692,2.2968],[137.235,53.5708,2.0073],[137.2317,53.5717,2.6891],[137.2317,53.5744,1.6967],[137.23,53.5753,1.6967],[137.2211,53.5767,2.8851],[137.2217,53.5792,1.7005],[137.2189,53.5794,2.648],[137.2195,53.5819,2.5353],[137.2172,53.5797,2.9428],[137.215,53.5825,2.4493],[137.2178,53.5842,2.1374],[137.2161,53.585,2.2827],[137.1983,53.5861,1.2848],[137.1933,53.5848,2.0232],[137.187,53.5748,3.2286],[137.1834,53.5718,3.3247],[137.1743,53.5745,1.5816],[137.1623,53.5724,1.2668],[137.1752,53.5756,3.322],[137.1839,53.5734,0.6773],[137.192,53.5856,3.0837],[137.2067,53.5878,1.5389],[137.2139,53.5928,1.9374],[137.2167,53.5925,1.9374],[137.2161,53.5939,2.1404],[137.2211,53.5958,1.5849],[137.2217,53.5981,1.9861],[137.2239,53.5972,0.9598],[137.2244,53.6,1.8414],[137.2278,53.5992,1.8414],[137.2294,53.6008,2.1924],[137.2322,53.6006,1.3999],[137.2478,53.61,1.2287],[137.2472,53.6111,1.7184],[137.2578,53.6203,1.941],[137.2594,53.62,1.4864],[137.2606,53.6228,2.3033],[137.2589,53.6233,2.3033],[137.2622,53.6244,2.5176],[137.26,53.6272,2.924],[137.2667,53.6331,3.2023],[137.2717,53.635,2.3891],[137.2767,53.6344,2.2603],[137.2772,53.6364,3.2603],[137.285,53.6383,1.6856],[137.2894,53.6378,2.3311],[137.3056,53.6433,1.3519],[137.3172,53.6531,2.2104],[137.3272,53.6564,2.0806],[137.3289,53.6583,2.3024],[137.3372,53.6592,2.1393],[137.3394,53.6611,2.5606],[137.3511,53.6644,2.9436],[137.3611,53.6653,1.5783],[137.3644,53.6675,2.9802],[137.3956,53.6697,1.9125],[137.4011,53.6719,1.3424],[137.4189,53.6714,1.7424],[137.4206,53.6728,2.5668],[137.4267,53.6731,2.2222],[137.4283,53.6756,2.6238],[137.4361,53.6739,2.547],[137.4406,53.6758,2.8492],[137.4422,53.6733,1.833],[137.4489,53.6747,2.4634],[137.4522,53.6731,1.9211],[137.465,53.6747,2.4006],[137.47,53.6736,2.0898],[137.4722,53.6758,2.9017],[137.4711,53.6744,2.6056],[137.4728,53.6731,2.1563],[137.4872,53.6725,2.4635],[137.49,53.6703,1.8905],[137.4939,53.6714,2.3229],[137.4977,53.6691,0.0],[137.4989,53.6722,0.0],[137.4956,53.6767,3.3587],[137.4961,53.6783,3.4707],[137.4983,53.6781,0.0],[137.4983,53.6811,0.0],[137.4967,53.6817,3.3341],[137.4983,53.6872,0.0],[137.4983,53.6889,0.0],[137.4967,53.6886,2.5727],[137.4972,53.6911,4.1634],[137.5155,53.6997,2.9278],[137.5267,53.7122,19.0826],[137.5383,53.7156,5.4712],[137.5406,53.7208,17.5769],[137.5444,53.7244,64.5879],[137.5589,53.7292,21.8276],[137.56,53.7344,6.9458],[137.5617,53.7356,0.0],[137.5611,53.7381,44.6046],[137.5667,53.7436,9.7382],[137.5678,53.7489,0.0],[137.5667,53.7578,13.4807],[137.5639,53.76,29.377],[137.5661,53.7628,0.0],[137.5644,53.765,10.4538],[137.5711,53.7739,13.1375],[137.5761,53.7769,0.0],[137.5817,53.775,0.7432],[137.58,53.7744,0.7432],[137.59,53.7725,31.8331],[137.5994,53.7736,2.9884],[137.5956,53.7861,13.6373],[137.5967,53.7897,0.0],[137.5994,53.7908,48.7086],[137.6,53.7947,45.7178],[137.5983,53.7953,45.7178],[137.5989,53.7983,8.6112],[137.5961,53.8019,63.1977],[137.5967,53.8103,0.0],[137.5956,53.8108,9.6786],[137.5994,53.8231,9.9275],[137.6083,53.8331,0.8013],[137.6189,53.8353,0.0],[137.6383,53.8469,2.842],[137.6444,53.8472,0.0],[137.6494,53.85,6.5056],[137.6517,53.8533,0.0],[137.6506,53.8539,0.0],[137.6517,53.8547,0.0],[137.6489,53.8558,13.0082],[137.65,53.8597,0.0],[137.6567,53.8667,3.914],[137.6633,53.87,0.0],[137.6689,53.8703,0.0],[137.68,53.8647,0.0],[137.6894,53.8672,0.0],[137.6906,53.8708,6.605],[137.6994,53.8806,50.4332],[137.7089,53.8814,0.0],[137.7128,53.8844,15.4892],[137.7189,53.8825,10.7596],[137.7261,53.8853,2.6847],[137.7328,53.8842,3.3446],[137.7394,53.8925,41.797],[137.7489,53.8944,0.0],[137.7594,53.9008,9.6773],[137.7717,53.8986,0.0],[137.7839,53.9028,13.3037],[137.8039,53.9036,4.1366],[137.8094,53.9108,129.6916],[137.8161,53.9147,2.815],[137.815,53.9167,9.4667],[137.8183,53.9189,14.7475],[137.8183,53.9306,47.4562],[137.8206,53.9325,0.0],[137.82,53.9386,0.0],[137.8261,53.9444,11.099],[137.8278,53.9486,1.4229],[137.8294,53.9492,0.0],[137.8283,53.95,44.724],[137.83,53.9497,0.0],[137.8294,53.9511,8.945],[137.8328,53.9528,0.0],[137.8339,53.9561,55.3767],[137.8356,53.9561,1.6353],[137.8389,53.9606,82.6092],[137.8533,53.9631,4.8328],[137.8522,53.9633,4.8328],[137.8561,53.965,2.791],[137.855,53.9672,2.0981],[137.8567,53.9689,0.0],[137.8539,53.9708,0.0],[137.8489,53.9706,0.0],[137.8356,53.9667,0.0],[137.8306,53.9633,56.9787],[137.7989,53.9556,0.0],[137.7811,53.9544,0.0],[137.7655,53.9508,0.0],[137.7611,53.9522,0.0],[137.7417,53.9519,35.7255],[137.7322,53.9567,18.0134],[137.7246,53.9546,15.777],[137.7106,53.9606,0.0],[137.6957,53.961,5.4107],[137.6883,53.9636,54.5269],[137.6761,53.9614,32.5495],[137.6644,53.9658,0.0],[137.6489,53.9633,35.8365],[137.6461,53.965,4.5495],[137.6228,53.9631,1.2014],[137.6031,53.9527,7.1585],[137.5972,53.9525,3.6755],[137.5811,53.9558,14.9863],[137.5461,53.9722,4.1003],[137.4918,54.0027,0.0],[137.4764,54.0097,2.8947],[137.4307,54.0384,22.6787],[137.4204,54.0378,11.1301],[137.4169,54.0336,24.4496],[137.4117,54.0314,21.2565],[137.3986,54.0361,0.0],[137.3901,54.0421,2.3819],[137.3788,54.038,2.4336],[137.3702,54.0369,2.5222],[137.3462,54.0372,2.1774],[137.3151,54.0441,2.047],[137.304,54.048,2.9548],[137.2961,54.0531,8.1398],[137.2906,54.0511,10.5476],[137.2878,54.0517,13.2092],[137.2944,54.055,2.4826],[137.2956,54.0581,3.2097],[137.2944,54.0633,2.9978],[137.3,54.0717,1.9665],[137.3018,54.0809,27.5761],[137.3046,54.0859,2.848],[137.3119,54.0932,10.3473],[137.3123,54.0966,1.8243],[137.3219,54.1029,20.2063],[137.3203,54.1101,3.9088],[137.3142,54.1158,8.8114],[137.3236,54.1159,4.5257],[137.3299,54.1201,1.9377],[137.3334,54.1265,8.5774],[137.3599,54.1316,1.2638],[137.3646,54.1359,4.7063],[137.3691,54.1371,13.2532],[137.3859,54.1402,1.9532],[137.389,54.1386,1.4746],[137.3966,54.1383,1.2016],[137.4179,54.1392,0.9877],[137.4242,54.1414,1.0817],[137.4245,54.1428,1.688],[137.4295,54.1415,0.8678],[137.4411,54.1437,0.6657],[137.4457,54.1475,0.473],[137.4491,54.1429,0.8673],[137.4512,54.1435,1.0913],[137.4517,54.1418,0.6448],[137.464,54.1355,2.3232],[137.4589,54.1184,0.0],[137.461,54.1125,6.7686],[137.4541,54.1011,0.0],[137.4548,54.0928,32.7449],[137.4522,54.0904,27.4487],[137.4532,54.0882,7.7975],[137.4454,54.0859,1.2009],[137.4648,54.0884,0.0],[137.4765,54.0947,25.5563],[137.4763,54.0989,56.8585],[137.48,54.1023,0.0],[137.4775,54.1062,0.0],[137.4759,54.1143,14.5933],[137.4798,54.1168,0.6063],[137.4813,54.1234,0.0],[137.4872,54.1256,0.0],[137.4865,54.127,18.5348],[137.4901,54.1334,1.4161],[137.5044,54.1413,0.0],[137.5202,54.1423,18.8983],[137.524,54.146,13.2437],[137.5239,54.1498,85.1837],[137.5268,54.1557,4.39],[137.5349,54.1607,0.0],[137.5374,54.1639,26.1947],[137.5474,54.165,0.0],[137.55,54.1683,0.48],[137.5522,54.1757,13.6154],[137.5662,54.1822,55.0415],[137.5766,54.1895,72.3476],[137.5863,54.1934,0.0],[137.5881,54.1967,0.0],[137.5858,54.2027,14.1513],[137.6052,54.21,0.0],[137.6061,54.2138,96.5903],[137.6206,54.2207,9.3853],[137.6232,54.2258,5.8272],[137.6228,54.2299,98.222],[137.6259,54.2321,11.5369],[137.6258,54.2377,45.7197],[137.6288,54.2406,25.3501],[137.663,54.2545,21.4962],[137.6659,54.2583,1.5858],[137.6647,54.2625,3.198],[137.6795,54.2694,1.748],[137.6805,54.2723,32.9804],[137.6867,54.2778,2.9923],[137.7028,54.2853,2.1336],[137.7085,54.2864,14.903],[137.7086,54.2878,84.4744],[137.7124,54.289,1.9503],[137.7155,54.2922,41.6183],[137.7291,54.2943,30.4244],[137.7346,54.2973,0.0],[137.7385,54.3044,26.5758],[137.7381,54.3085,7.5598],[137.7406,54.3111,0.0],[137.7383,54.3128,52.5608],[137.7391,54.3146,19.3265],[137.7353,54.3202,3.9458],[137.7244,54.3211,29.7237],[137.7237,54.3183,6.7293],[137.7192,54.3134,21.2225],[137.7123,54.3123,3.4251],[137.7027,54.314,1.902],[137.7009,54.3154,35.0643],[137.7007,54.3184,0.0],[137.6967,54.3195,6.8809],[137.6792,54.3137,126.9792],[137.6698,54.3159,0.0],[137.6669,54.3126,56.1749],[137.6674,54.3111,71.3606],[137.6583,54.3059,0.0],[137.66,54.3041,25.7961],[137.6424,54.2948,7.1265],[137.6331,54.2933,4.1852],[137.6239,54.295,29.5808],[137.6243,54.2976,31.9832],[137.6179,54.2995,8.1207],[137.6171,54.3024,0.0],[137.6103,54.3035,49.2227],[137.5883,54.296,9.2875],[137.5812,54.2964,3.6068],[137.5685,54.2913,15.1835],[137.5539,54.2933,39.0273],[137.5212,54.2941,13.0253],[137.506,54.2973,30.1733],[137.5061,54.3015,24.8137],[137.5015,54.305,3.3474],[137.5024,54.3069,0.0],[137.4986,54.3091,2.4624],[137.4877,54.3053,20.1247],[137.4725,54.305,62.0704],[137.458,54.309,13.9181],[137.4531,54.3136,24.9927],[137.4506,54.3131,10.2922],[137.4492,54.3089,0.0],[137.4448,54.3052,21.7192],[137.4247,54.2992,0.0],[137.4141,54.3003,51.2561],[137.4091,54.3058,0.0],[137.3954,54.3052,37.7729],[137.3926,54.3019,78.8415],[137.3886,54.3009,0.0],[137.3804,54.2952,17.7756],[137.3801,54.2933,5.9375],[137.3833,54.2902,0.0],[137.3933,54.2858,24.0701],[137.3806,54.2747,3.3964],[137.3581,54.2651,4.732],[137.3453,54.2626,5.7664],[137.3416,54.263,8.4098],[137.3337,54.2686,70.8476],[137.3244,54.2687,59.3263],[137.3223,54.2702,6.3274],[137.3207,54.2694,6.3274],[137.3199,54.2653,24.2535],[137.3143,54.2625,2.242],[137.3075,54.2605,0.9079],[137.2986,54.2622,0.0],[137.2923,54.2549,44.6765],[137.289,54.2533,7.6039],[137.2745,54.2504,21.3456],[137.2653,54.2467,23.0151],[137.2645,54.2444,0.0],[137.2694,54.2398,0.0],[137.2782,54.2425,17.0655],[137.2866,54.2406,8.2401],[137.2889,54.236,1.2167],[137.2879,54.2305,12.7764],[137.2932,54.2278,9.2051],[137.2903,54.2249,3.0965],[137.2821,54.2229,1.9136],[137.2636,54.2128,1.0193],[137.2442,54.2079,24.1878],[137.2419,54.2097,56.9025],[137.2418,54.2121,0.0],[137.2305,54.2118,37.1985],[137.2245,54.2147,7.325],[137.2234,54.22,33.6303],[137.2103,54.2212,9.5378],[137.2067,54.2151,21.2626],[137.1974,54.2137,86.1161],[137.1889,54.2095,53.917],[137.1908,54.2074,16.0741],[137.1964,54.2069,0.0],[137.1994,54.2039,23.4987],[137.198,54.2001,29.8187],[137.1925,54.1982,0.0],[137.1948,54.1934,0.0],[137.1897,54.1892,8.6313],[137.1725,54.1849,29.4915],[137.1687,54.1793,4.8507],[137.1653,54.1773,7.0061],[137.1492,54.174,0.9874],[137.1422,54.1762,16.4507],[137.1402,54.1727,18.9708],[137.1383,54.1723,2.721],[137.1326,54.174,3.8121],[137.1287,54.1726,2.777],[137.1276,54.1699,62.3201],[137.1152,54.166,8.3729],[137.1134,54.1636,2.5276],[137.1143,54.1613,5.4383],[137.1077,54.1562,19.8542],[137.103,54.1494,9.9592],[137.1076,54.1479,25.1332],[137.1103,54.1414,10.7463],[137.1018,54.1418,25.4278],[137.098,54.1442,20.331],[137.0997,54.1464,12.4748],[137.0939,54.1465,6.0757],[137.0932,54.142,33.2226],[137.0901,54.1397,3.6348],[137.0925,54.1384,21.1211],[137.0921,54.1356,29.2006],[137.0846,54.131,13.5365],[137.0829,54.1272,29.38],[137.0849,54.124,23.6906],[137.095,54.1222,43.0885],[137.1011,54.1183,0.0],[137.1159,54.1173,31.1653],[137.125,54.11,16.8686],[137.1206,54.1042,0.0],[137.121,54.1018,22.9121],[137.1184,54.1002,1.6895],[137.121,54.0975,15.7751],[137.1201,54.0937,52.7643],[137.1148,54.0883,2.9223],[137.1246,54.0867,0.0],[137.1282,54.0843,35.6219],[137.1307,54.079,25.4452],[137.1457,54.0737,6.8031],[137.1472,54.0701,0.0],[137.1531,54.0691,38.5971],[137.1561,54.0619,0.0],[137.1583,54.0603,0.0],[137.1536,54.0472,14.5209],[137.1549,54.0446,22.443],[137.1604,54.0435,21.3814],[137.1595,54.0362,0.0],[137.1623,54.0352,0.0],[137.1773,54.0369,0.0],[137.1965,54.0346,23.9085],[137.2193,54.0437,8.1381],[137.2312,54.0457,21.0496],[137.2345,54.0476,23.8624],[137.2409,54.046,14.3364],[137.2457,54.0484,0.0],[137.2531,54.0487,0.0],[137.2671,54.0531,0.0],[137.283,54.0493,4.6053],[137.2943,54.0449,5.4291],[137.298,54.0427,5.2483],[137.3046,54.0336,8.075],[137.303,54.0264,10.7299],[137.2987,54.025,10.5378],[137.2929,54.0255,1.6972],[137.2874,54.0231,1.631],[137.273,54.0104,22.4653],[137.2677,54.0015,23.3162],[137.2683,54.0,42.5393],[137.2661,53.9992,0.0],[137.2589,53.975,48.0996],[137.2556,53.9708,1.7028],[137.2522,53.9619,0.0],[137.2434,53.9515,1.8052],[137.234,53.9365,16.9486],[137.2256,53.9297,6.4521],[137.2094,53.9117,23.3412],[137.2094,53.9103,7.3969],[137.2133,53.9092,15.4374],[137.2133,53.9072,7.2904],[137.2089,53.9046,4.2746],[137.2095,53.8964,23.7812],[137.1979,53.8802,10.2949],[137.1994,53.8642,8.66],[137.1939,53.8553,2.8],[137.1944,53.8519,0.8018],[137.1972,53.8517,10.7744],[137.1967,53.8492,3.6737],[137.1811,53.8375,1.1963],[137.1772,53.8328,13.7857],[137.1555,53.8214,10.3685],[137.1439,53.8161,11.8653],[137.1289,53.8119,5.2045],[137.1194,53.8067,7.9478],[137.115,53.8067,6.3928],[137.0839,53.8114,2.8318],[137.0739,53.8156,0.0],[137.0717,53.8203,0.0],[137.0722,53.8267,0.0],[137.0678,53.8311,3.9484],[137.0689,53.8331,12.9043],[137.0672,53.8367,54.7181],[137.0683,53.8444,3.7131],[137.0661,53.8453,46.2131],[137.0583,53.8461,5.2698],[137.0378,53.8436,66.4331],[136.995,53.8419,63.999],[136.9868,53.8437,35.2758],[136.9864,53.8475,12.24],[136.984,53.849,2.8486],[136.9749,53.8474,7.2917],[136.9628,53.8478,20.5939],[136.9482,53.8502,67.4505],[136.9431,53.8537,42.3804],[136.9398,53.8525,10.02],[136.9413,53.8457,2.5593],[136.9366,53.8431,5.2282],[136.9349,53.8393,22.2368],[136.9155,53.8363,23.7598],[136.9051,53.8374,3.2601],[136.9037,53.8345,9.3408],[136.8972,53.8343,9.5124],[136.8941,53.8314,18.9963],[136.8783,53.8323,6.1335],[136.8675,53.827,41.3322],[136.8622,53.8269,27.5214],[136.8575,53.8294,4.3444],[136.8518,53.8274,13.2687],[136.8595,53.8165,41.5211],[136.8576,53.8061,10.7201],[136.8589,53.8034,0.0],[136.8581,53.7995,3.2015],[136.8427,53.7935,21.0962],[136.8411,53.79,100.6297],[136.835,53.7844,9.0381],[136.8077,53.7785,33.7952],[136.8091,53.7733,0.8531],[136.8112,53.7733,1.4003],[136.8083,53.7683,2.3197],[136.7922,53.7607,0.0],[136.7806,53.7637,0.0],[136.7788,53.7694,3.9728],[136.7648,53.777,6.4234],[136.7617,53.7802,4.504],[136.7451,53.7854,0.0],[136.722,53.7885,0.0],[136.7133,53.7917,5.4525],[136.7058,53.7994,12.4429],[136.7083,53.8024,18.9815],[136.7139,53.8048,0.0],[136.715,53.8095,0.5661],[136.7002,53.8236,2.7638],[136.6999,53.8252,0.0],[136.7039,53.8286,0.0],[136.7031,53.8314,3.247],[136.6996,53.8361,0.0],[136.7003,53.8376,0.0],[136.6946,53.8466,21.1228],[136.6942,53.8496,1.6184],[136.6887,53.8531,0.873],[136.6928,53.856,3.1985],[136.7025,53.8584,0.0],[136.7014,53.8618,0.0],[136.7037,53.8682,9.3654],[136.6909,53.8713,12.685],[136.6877,53.877,15.655],[136.6887,53.8806,0.0],[136.6835,53.8874,6.2847],[136.6868,53.892,0.0],[136.682,53.8992,19.653],[136.6921,53.9011,13.7546],[136.6882,53.9062,3.5052],[136.691,53.9115,6.6935],[136.684,53.9116,17.2168],[136.6754,53.9164,2.2552],[136.6694,53.9175,2.1057],[136.6753,53.9199,0.0],[136.6794,53.929,0.0],[136.6787,53.9319,0.0],[136.6825,53.9352,37.3878],[136.6791,53.9405,0.0],[136.6789,53.946,0.0],[136.6762,53.9494,12.9316],[136.677,53.9531,0.0],[136.6757,53.957,15.0817],[136.681,53.9588,9.1479],[136.6808,53.9633,8.8763],[136.6905,53.9706,6.5493],[136.694,53.9804,0.0],[136.6998,53.9834,0.0],[136.6961,53.9869,26.857],[136.696,53.9895,1.0667],[136.6844,53.9944,17.8491],[136.6974,53.9922,0.0],[136.6964,53.9954,17.7682],[136.698,53.9976,0.0],[136.6954,54.0016,10.8871],[136.6945,54.0058,24.0034],[136.6956,54.0071,0.0],[136.694,54.0088,20.1093],[136.6968,54.0119,0.0],[136.6964,54.0143,24.2052],[136.7018,54.016,0.0],[136.701,54.0198,0.0],[136.7115,54.0178,0.0],[136.7107,54.0244,13.6604],[136.7155,54.0276,7.198],[136.7168,54.0318,9.0546],[136.7216,54.0349,4.5254],[136.7259,54.0352,0.0],[136.731,54.0398,0.0],[136.7368,54.0398,0.0],[136.7421,54.042,0.0],[136.7436,54.0436,0.0],[136.7429,54.0458,20.3811],[136.7577,54.0491,20.93],[136.7686,54.047,0.0],[136.7696,54.0482,0.0],[136.7666,54.0542,42.8187],[136.7665,54.0587,30.7967],[136.7741,54.0617,0.0],[136.7837,54.0631,11.3269],[136.7788,54.068,75.875],[136.7781,54.0725,6.5759],[136.7754,54.0754,35.0139],[136.7775,54.0781,0.0],[136.7713,54.0846,0.0],[136.791,54.0962,13.4465],[136.8006,54.1097,0.0],[136.7996,54.1127,13.9718],[136.7967,54.1129,41.4636],[136.7907,54.1172,0.0],[136.7854,54.1181,14.5778],[136.7779,54.1164,27.5269],[136.7735,54.1186,38.361],[136.7742,54.121,14.4679],[136.7687,54.125,11.751],[136.7767,54.1244,0.0],[136.7872,54.1272,48.7593],[136.7927,54.1249,0.0],[136.7948,54.126,15.054],[136.8015,54.1251,0.0],[136.805,54.1281,0.0],[136.8047,54.1301,0.0],[136.8109,54.1308,18.2198],[136.8164,54.1339,0.0],[136.8164,54.1363,0.0],[136.8133,54.1386,27.1862],[136.8146,54.1437,0.0],[136.8074,54.1521,4.6026],[136.8098,54.158,87.4659],[136.8138,54.1616,3.9825],[136.8112,54.1661,52.0716],[136.8131,54.1684,0.0],[136.8115,54.1703,49.1475],[136.8068,54.1748,0.0],[136.8024,54.176,0.0],[136.8034,54.1782,0.0],[136.802,54.1806,0.0],[136.7899,54.1897,15.1181],[136.7788,54.1903,23.2549],[136.7756,54.189,7.9237],[136.769,54.1912,0.0],[136.7597,54.2027,0.0],[136.7591,54.2111,0.0],[136.7565,54.2136,7.6343],[136.7484,54.2153,4.3557],[136.7527,54.2157,0.0],[136.7522,54.2179,7.0603],[136.756,54.2196,2.7502],[136.7659,54.2169,0.0],[136.7733,54.22,0.0],[136.7863,54.2201,0.0],[136.7867,54.2225,34.095],[136.7939,54.2263,0.0],[136.7947,54.2305,13.748],[136.8085,54.2354,0.0],[136.8043,54.2387,10.2927],[136.8046,54.2404,0.0],[136.7979,54.2489,16.1348],[136.7985,54.252,12.4487],[136.8036,54.2588,1.0145],[136.7928,54.2613,3.6521],[136.7873,54.2544,0.0],[136.7816,54.2537,14.2373],[136.7769,54.2559,17.1502],[136.7676,54.2623,0.0],[136.7639,54.2699,12.6479],[136.7564,54.2709,4.0334],[136.7499,54.285,0.0],[136.7474,54.2859,0.9281],[136.7575,54.2935,0.0],[136.7724,54.2954,0.0],[136.7839,54.3024,11.586],[136.7869,54.2981,0.0],[136.7961,54.2986,0.0],[136.7996,54.2947,0.0],[136.8042,54.2951,0.0],[136.805,54.3,0.0],[136.81,54.3015,30.7035],[136.8109,54.3058,45.1261],[136.8144,54.3085,0.0],[136.8158,54.3114,0.0],[136.8145,54.3161,0.0],[136.8186,54.3191,10.7244],[136.8186,54.3209,0.0],[136.8045,54.3282,15.3024],[136.8022,54.3325,0.0],[136.7997,54.3324,0.0],[136.7928,54.3275,8.8362],[136.7813,54.3309,0.0],[136.7729,54.3378,0.0],[136.7622,54.3432,57.9052],[136.7494,54.3555,0.0],[136.7472,54.3589,0.0],[136.7556,54.3733,0.0],[136.7567,54.385,0.0],[136.7609,54.3928,0.0],[136.7532,54.4038,2.4325],[136.7468,54.4085,0.0],[136.7473,54.4116,0.0],[136.7416,54.4129,5.4948],[136.7463,54.4135,0.0],[136.7496,54.4178,0.0],[136.7603,54.4192,3.3216],[136.7636,54.4213,7.957],[136.7597,54.4228,5.9776],[136.7542,54.4276,21.3069],[136.7534,54.4302,9.9638],[136.7601,54.4265,0.0],[136.7659,54.4283,2.6049],[136.7655,54.4321,26.8214],[136.7703,54.4322,23.134],[136.7689,54.4286,0.0],[136.7784,54.4268,0.0],[136.7799,54.4327,10.1862],[136.786,54.4322,2.1018],[136.7922,54.4227,22.4057],[136.7927,54.4173,16.131],[136.7895,54.4136,0.0],[136.7874,54.4045,0.0],[136.7891,54.4011,1.3869],[136.7933,54.4001,0.0],[136.798,54.4021,8.0062],[136.7996,54.4054,28.7166],[136.8179,54.4167,0.0],[136.8216,54.4209,39.0721],[136.8271,54.4232,0.0],[136.8271,54.4253,0.0],[136.8304,54.4283,0.0],[136.8286,54.4317,16.7386],[136.8246,54.4338,0.0],[136.825,54.4382,3.2388],[136.8185,54.4392,25.5314],[136.814,54.4428,62.0298],[136.8008,54.4609,2.7161],[136.8008,54.4645,9.9694],[136.8061,54.4688,19.8946],[136.8218,54.4671,4.9901],[136.8206,54.4711,3.9579],[136.8232,54.4743,5.5158],[136.8289,54.4722,0.0],[136.825,54.4781,0.0],[136.8251,54.4822,0.0],[136.8273,54.4862,0.0],[136.8351,54.4877,6.1477],[136.8494,54.4872,0.0],[136.85,54.4883,0.0],[136.8403,54.4899,23.614],[136.8361,54.4933,8.4562],[136.8299,54.4919,19.0208],[136.8123,54.4995,0.0],[136.8036,54.5088,1.8715],[136.8022,54.514,6.1556],[136.812,54.5158,27.0347],[136.8104,54.5188,13.7734],[136.8109,54.5224,0.0],[136.8084,54.5241,9.7123],[136.8101,54.5277,3.4058],[136.8241,54.5278,3.9038],[136.8275,54.5295,0.0],[136.8281,54.5362,0.0],[136.8326,54.5391,67.4307],[136.829,54.5425,0.0],[136.8329,54.5477,4.9502],[136.8372,54.5489,64.0698],[136.8489,54.5456,19.2275],[136.8532,54.5486,0.0],[136.8506,54.556399999999996,8.4493],[136.8568,54.5622,37.3528],[136.8638,54.5627,5.3846],[136.8728,54.5672,27.2463],[136.8791,54.5638,4.785],[136.8819,54.5646,7.5183],[136.8766,54.5686,0.0],[136.8778,54.5729,0.0],[136.8765,54.5751,0.0],[136.8662,54.5803,107.221],[136.8561,54.591,3.1274],[136.8327,54.5899,0.0],[136.8221,54.587,15.3263],[136.82,54.5889,33.9862],[136.824,54.591,0.0],[136.8245,54.5932,0.0],[136.8277,54.5949,0.0],[136.8268,54.5961,0.0],[136.8158,54.5946,16.7228],[136.81,54.5987,8.387],[136.8068,54.5974,8.387],[136.8022,54.5987,3.6416],[136.811,54.6016,0.0],[136.817,54.6013,0.0],[136.8219,54.6045,9.7269],[136.8224,54.6079,13.054],[136.8184,54.6075,8.9244],[136.8152,54.6096,3.6298],[136.815,54.6116,0.0],[136.8199,54.6139,29.7608],[136.8232,54.6185,0.0],[136.8127,54.62,9.3538],[136.8097,54.6226,23.8454],[136.8162,54.6261,5.311],[136.8134,54.6331,14.7373],[136.8196,54.636,57.7785],[136.8206,54.6381,8.3675],[136.8294,54.6428,0.0],[136.8294,54.6442,0.0],[136.8233,54.6444,0.0],[136.8165,54.6418,147.4955],[136.7979,54.64,72.1393],[136.773,54.6421,0.0],[136.761,54.6356,0.0],[136.7654,54.6311,8.0689],[136.7655,54.6283,15.7445],[136.7572,54.6225,5.1722],[136.7477,54.619,1.4786],[136.7495,54.618,15.0974],[136.7491,54.6137,10.6734],[136.731,54.61,6.2565],[136.7119,54.6092,0.0],[136.7089,54.6103,2.0492],[136.7006,54.6031,3.6352],[136.6792,54.6052,6.0538],[136.6513,54.617,8.0634],[136.6417,54.6241,0.0],[136.6489,54.6332,20.251],[136.6555,54.6363,2.7731],[136.6561,54.64,18.5234],[136.6534,54.6461,15.7281],[136.6567,54.6508,47.6416],[136.6625,54.6535,0.0],[136.6662,54.6633,0.0],[136.6692,54.6649,4.414],[136.6678,54.6776,0.0],[136.6692,54.6801,0.0],[136.6668,54.6832,0.0],[136.6551,54.6757,7.6776],[136.6557,54.6717,39.6711],[136.6473,54.6606,0.0],[136.6152,54.6385,55.388],[136.6125,54.633,0.0],[136.6132,54.6245,7.0693],[136.6055,54.6185,9.0908],[136.5877,54.6093,0.8802],[136.569,54.6024,1.8953],[136.5292,54.5945,1.7895],[136.5267,54.5908,4.1884],[136.5083,54.5864,3.6228],[136.4871,54.5848,7.199],[136.4625,54.5865,6.9181],[136.4136,54.5938,0.0],[136.3965,54.5892,22.1709],[136.384,54.5882,8.2125],[136.3802,54.5894,0.0],[136.3746,54.596,0.0],[136.3766,54.5994,0.0],[136.375,54.6005,0.0],[136.3484,54.5924,0.0],[136.3319,54.5901,18.1563],[136.3273,54.5943,0.0],[136.3263,54.5983,16.8427],[136.313,54.5977,8.693],[136.3056,54.5997,15.1535],[136.3034,54.6063,8.2466],[136.275,54.5949,6.1413],[136.2528,54.5931,14.9034],[136.244,54.5978,5.6618],[136.2259,54.6013,14.8224],[136.2247,54.6036,1.6468],[136.2274,54.61,25.8507],[136.2261,54.6125,10.8488],[136.2224,54.614,0.889],[136.2112,54.614,0.4846],[136.2033,54.6119,31.3724],[136.1945,54.6117,16.2437],[136.1845,54.6077,0.0],[136.1839,54.6057,2.0864],[136.1657,54.6013,16.2849],[136.1412,54.5989,0.0],[136.1341,54.6003,29.063],[136.1321,54.6028,0.0],[136.1088,54.6021,0.0],[136.1008,54.6032,2.056],[136.1004,54.6011,22.6259],[136.0945,54.598,44.2977],[136.0895,54.5925,0.0],[136.0754,54.5898,32.764],[136.0506,54.5886,42.0195],[136.0378,54.5855,0.0],[136.0161,54.5754,13.0681],[135.9772,54.5689,2.2018],[135.9439,54.5661,6.159],[135.8453,54.5621,0.9108],[135.8178,54.5625,1.9453],[135.78,54.5667,2.5449],[135.7778,54.5653,2.3302],[135.7846,54.5626,3.2631],[135.7828,54.5597,2.9101],[135.7856,54.5575,4.0106],[135.7844,54.5531,3.5],[135.7822,54.5528,3.5],[135.78,54.5533,7.0304],[135.7811,54.5556,5.4671],[135.78,54.556399999999996,5.4671],[135.7689,54.5625,1.7296],[135.7317,54.5692,1.945],[135.7122,54.5758,2.0551],[135.7044,54.5825,32.2941],[135.7098,54.5886,0.0],[135.7032,54.5925,16.6908],[135.6994,54.5972,0.0],[135.6939,54.5994,21.2198],[135.6972,54.6033,2.3507],[135.7022,54.6044,0.0],[135.7032,54.6068,14.1869],[135.7,54.6119,6.939],[135.6872,54.6197,2.7116],[135.6921,54.6271,21.6483],[135.6856,54.6331,16.9692],[135.6864,54.636,29.7047],[135.6933,54.6378,4.0692],[135.6928,54.6411,11.8869],[135.7008,54.6438,2.4556],[135.6906,54.645,49.6616],[135.6651,54.6578,5.889],[135.6537,54.6585,17.8728],[135.6388,54.665,19.4829],[135.6295,54.6642,1.5566],[135.6225,54.6589,0.0],[135.6141,54.6591,0.0],[135.6079,54.656,0.0],[135.5978,54.6569,12.9477],[135.5922,54.6594,0.8895],[135.575,54.6589,4.5553],[135.5711,54.6606,12.7863],[135.5717,54.6617,4.1352],[135.5694,54.6633,10.7785],[135.5228,54.6769,11.1235],[135.5028,54.6811,3.478],[135.4922,54.681399999999996,10.9841],[135.4606,54.6872,0.0],[135.4439,54.6886,14.6335],[135.4206,54.6947,2.0311],[135.4028,54.6972,0.0],[135.308,54.7248,0.0],[135.2776,54.7313,0.0],[135.2761,54.733,0.0],[135.2669,54.7348,0.0],[135.2659,54.7375,0.6489],[135.2606,54.7372,3.2688],[135.2556,54.7403,4.8401],[135.2439,54.7522,0.0],[135.2206,54.7697,3.1551],[135.1994,54.7889,0.0],[135.1772,54.8131,0.9139],[135.175,54.8172,1.4289],[135.175,54.8228,0.0],[135.1717,54.8256,14.5522],[135.1733,54.8261,2.6777],[135.1722,54.8308,3.8596],[135.1744,54.8319,0.0],[135.1733,54.8364,13.2997],[135.1756,54.8406,6.5139],[135.1739,54.8478,26.8333],[135.1806,54.8578,0.8525],[135.1828,54.8644,9.7378],[135.1928,54.8683,3.5202],[135.2006,54.8653,0.0],[135.2062,54.8656,22.1484],[135.2022,54.8786,1.2182],[135.2022,54.8853,1.3277],[135.2056,54.8925,18.7937],[135.2215,54.8928,3.0027],[135.2239,54.905,0.0],[135.2306,54.9119,0.0],[135.2428,54.9143,5.7986],[135.2544,54.9139,27.0922],[135.2567,54.9156,0.0],[135.2556,54.9172,15.9049],[135.2578,54.9275,10.779],[135.2611,54.931399999999996,16.5918],[135.2689,54.9336,28.35],[135.2793,54.9306,0.0],[135.2811,54.9406,52.8041],[135.2894,54.9444,21.5701],[135.2911,54.95,12.8521],[135.2972,54.9594,32.4769],[135.3117,54.9625,17.6607],[135.3133,54.9656,32.8813],[135.3172,54.9658,0.0],[135.3233,54.9744,9.2464],[135.3289,54.9775,12.0427],[135.3372,54.9783,0.0],[135.3406,54.9844,9.6686],[135.3494,54.9878,0.0],[135.3506,54.9903,1.8279],[135.4033,55.0088,7.5932],[135.4279,55.0225,10.0187],[135.4368,55.0226,0.0],[135.4525,55.0271,0.0],[135.4546,55.0291,0.0],[135.4527,55.0335,1.382],[135.4557,55.0373,0.9608],[135.4606,55.0498,1.9576],[135.4662,55.0573,22.594],[135.477,55.0591,4.3262],[135.4898,55.0639,8.5164],[135.493,55.0668,3.3937],[135.5065,55.0702,0.0],[135.5207,55.0824,31.1583],[135.5289,55.0837,0.0],[135.5396,55.0903,0.0],[135.5502,55.0914,0.0],[135.5566,55.0948,15.2025],[135.5641,55.094,36.822],[135.5783,55.0967,0.0],[135.588,55.1009,0.0],[135.5921,55.1054,0.0],[135.5971,55.1081,10.8959],[135.603,55.1075,56.6412],[135.6082,55.1048,1.6824],[135.6169,55.1069,0.0],[135.6199,55.1096,6.2536],[135.6318,55.1138,4.6314],[135.6337,55.1158,16.9966],[135.644,55.1179,42.4041],[135.662,55.1166,0.0],[135.6662,55.1178,0.0],[135.668,55.1208,2.1555],[135.6737,55.1211,3.8524],[135.6794,55.1199,2.3059],[135.6806,55.1176,14.9941],[135.6878,55.1145,5.3684],[135.6986,55.1138,52.7433],[135.7061,55.1181,63.3343],[135.71,55.1183,0.0152],[135.7181,55.1219,0.0],[135.7243,55.1286,11.9321],[135.7354,55.13,0.0],[135.7462,55.1377,31.7043],[135.7503,55.1383,3.8971],[135.7554,55.1356,26.0301],[135.7598,55.1362,0.0],[135.7586,55.1385,0.0],[135.7626,55.1405,60.0507],[135.7611,55.1417,60.0507],[135.7732,55.1533,0.0],[135.7859,55.1558,62.1458],[135.7964,55.1639,98.7272],[135.8048,55.1659,1.6778],[135.8122,55.1745,0.0],[135.8119,55.1781,44.1282],[135.8094,55.1786,50.6405],[135.8122,55.1803,0.0],[135.8117,55.1831,14.9578],[135.8156,55.185,8.5121],[135.8217,55.1833,2.032],[135.8239,55.1803,0.0],[135.8334,55.1765,0.0],[135.8595,55.1723,4.8663],[135.864,55.1747,2.5665],[135.8701,55.1752,0.0],[135.8696,55.1768,78.148],[135.875,55.1825,31.8169],[135.8818,55.1858,61.4534],[135.9014,55.1891,6.8501],[135.904,55.1939,99.9911],[135.9112,55.1984,0.0],[135.9114,55.2009,0.0],[135.9089,55.2045,0.0],[135.9124,55.2074,0.0],[135.9114,55.2092,19.8587],[135.9176,55.2117,0.0],[135.9342,55.2143,1.6247],[135.9404,55.2191,44.6195],[135.9568,55.2243,0.0],[135.9566,55.2276,0.0],[135.953,55.2325,39.9275],[135.9587,55.2404,22.6871],[135.9652,55.2432,24.6979],[135.9711,55.2412,10.0423],[135.9778,55.242,0.0],[135.9848,55.2472,119.7338],[135.9944,55.2509,57.0947],[136.0056,55.25,11.5901],[136.0083,55.2467,0.0],[136.0135,55.2462,0.0],[136.0145,55.2497,0.0],[136.02,55.2539,99.6252],[136.0328,55.2558,13.5938],[136.0344,55.2592,0.0],[136.0328,55.2597,21.5477],[136.0333,55.2608,32.294],[136.0437,55.2641,11.8296],[136.047,55.2678,0.0],[136.0478,55.2733,5.2538],[136.0511,55.2792,23.4756],[136.0589,55.2819,0.0],[136.0622,55.2858,8.4006],[136.07,55.2858,30.9155],[136.0767,55.2889,17.636],[136.0833,55.2867,0.0],[136.0956,55.2894,59.292],[136.1339,55.2883,0.0],[136.1378,55.2917,0.0],[136.1367,55.2992,123.7926],[136.1383,55.3006,0.0],[136.1372,55.3014,113.4536],[136.1411,55.3039,18.9519],[136.1439,55.3111,0.0],[136.1472,55.3139,174.5043],[136.1511,55.3139,7.9262],[136.1539,55.3164,4.9269],[136.1708,55.3168,0.0],[136.1672,55.3242,0.0],[136.1733,55.3297,0.0],[136.1683,55.3347,49.696],[136.17,55.3403,80.6584],[136.1744,55.3458,29.4959],[136.1806,55.3472,110.2642],[136.1922,55.3461,17.6632],[136.1972,55.3486,5.1798],[136.2144,55.3515,0.0],[136.2189,55.3581,71.242],[136.2306,55.3697,6.9401],[136.235,55.3711,0.0],[136.2356,55.375,0.0],[136.2422,55.3797,0.0],[136.2433,55.3831,12.7638],[136.2495,55.385,0.0],[136.2489,55.3881,42.5627],[136.2528,55.3931,0.0],[136.2528,55.3967,0.0],[136.2561,55.4011,0.0],[136.255,55.4033,0.0],[136.2567,55.4036,0.0],[136.2594,55.4131,0.0],[136.265,55.4169,0.0],[136.2683,55.4169,0.0],[136.2756,55.4206,91.5946],[136.2894,55.4217,0.0],[136.2922,55.4244,20.4523],[136.3022,55.4242,0.0],[136.3044,55.4281,0.0],[136.3033,55.4339,0.0],[136.3017,55.435,138.1328],[136.3028,55.4367,0.0],[136.3006,55.4567,24.8437],[136.3139,55.465,0.0],[136.3144,55.4689,0.0],[136.3172,55.4719,0.0],[136.3239,55.4747,0.0],[136.3228,55.4753,0.0],[136.3256,55.4772,0.0],[136.3267,55.4817,0.0],[136.3328,55.4883,0.0],[136.3328,55.4958,0.0],[136.3383,55.5089,67.7261],[136.3489,55.5131,0.0],[136.3544,55.5258,61.5935],[136.3617,55.5303,0.0],[136.3711,55.5314,0.0],[136.3794,55.54,10.4127],[136.39,55.5397,0.0],[136.3984,55.5368,0.0],[136.3972,55.5408,0.0],[136.4011,55.5472,75.4712],[136.4028,55.5472,0.0],[136.42,55.5675,7.12],[136.43,55.5692,0.0],[136.44,55.5731,0.0],[136.455,55.5811,14.6403],[136.4689,55.5789,0.0],[136.4817,55.5847,29.1101],[136.495,55.5833,0.0],[136.5044,55.5797,3.4098],[136.5139,55.5797,0.0],[136.52,55.5781,0.0],[136.5289,55.5817,0.0],[136.5406,55.5822,5.5525],[136.5422,55.5833,5.5525],[136.5411,55.5864,48.1451],[136.5439,55.5928,46.4575],[136.5506,55.5942,0.0],[136.5483,55.5961,0.0],[136.5522,55.6019,32.3928],[136.55,55.6036,23.0753],[136.5528,55.6064,28.2954],[136.5517,55.6069,28.2954],[136.5533,55.6103,14.7453],[136.555,55.6108,0.0],[136.5528,55.6128,60.9362],[136.5533,55.6153,0.0],[136.5561,55.6167,0.0],[136.5522,55.6206,29.649],[136.5544,55.6228,2.4579],[136.55,55.6228,7.9519],[136.5522,55.6253,0.5],[136.5678,55.62,0.0],[136.5783,55.6222,52.416],[136.5911,55.6197,10.8655],[136.5939,55.6159,6.8984],[136.5934,55.6143,0.0],[136.5954,55.6135,0.0],[136.6017,55.6136,0.0],[136.6039,55.6172,72.0227],[136.6106,55.618899999999996,111.7939],[136.62,55.6183,0.0],[136.625,55.6228,24.6409],[136.6311,55.6239,0.0],[136.6383,55.6278,6.4147],[136.6417,55.6325,0.0],[136.6478,55.6342,0.0],[136.6511,55.6375,101.2775],[136.6544,55.6378,0.0],[136.6689,55.645,12.3847],[136.6811,55.6475,0.0],[136.6922,55.6547,75.4516],[136.6989,55.6567,0.0],[136.6978,55.6589,24.4303],[136.6994,55.6608,12.4725],[136.7161,55.6678,3.9395],[136.7219,55.6684,31.413],[136.7247,55.6628,14.0331],[136.7323,55.6577,9.3975],[136.7461,55.6558,52.1576],[136.7528,55.6525,21.5406],[136.7564,55.6488,0.0],[136.7563,55.6445,0.0],[136.7583,55.6432,0.0],[136.7596,55.6481,0.0],[136.7622,55.6497,0.0],[136.7633,55.6536,0.0],[136.7689,55.6597,13.5689],[136.78,55.6619,13.7761],[136.7889,55.6594,4.6264],[136.7978,55.6636,0.0],[136.7939,55.6706,0.0],[136.7994,55.6775,9.6729],[136.7972,55.6839,88.5198],[136.8006,55.6972,31.949],[136.8067,55.7008,0.0],[136.8078,55.7047,11.1438],[136.8106,55.7058,0.0],[136.8111,55.7078,17.9879],[136.8172,55.7083,0.0],[136.8311,55.7156,0.0],[136.8372,55.7242,44.464],[136.8439,55.7258,23.8575],[136.845,55.7283,40.9395],[136.8439,55.73,10.956],[136.8483,55.7322,11.1962],[136.8528,55.7397,12.2577],[136.8589,55.7406,8.3855],[136.8589,55.7419,8.3855],[136.8617,55.7425,2.4628],[136.8706,55.7422,36.9637],[136.8806,55.7461,31.5276],[136.8922,55.7447,0.0],[136.8944,55.7525,24.4968],[136.8928,55.7547,0.0],[136.9006,55.7661,6.0156],[136.9211,55.7792,32.1561],[136.9283,55.7794,14.949],[136.9333,55.7775,11.9665],[136.9383,55.7783,0.0],[136.9483,55.7847,16.152],[136.9756,55.7942,60.2806],[136.9861,55.7961,30.654],[136.9956,55.7953,0.0],[137.0056,55.7967,23.5489],[137.0139,55.7939,150.3219],[137.0215,55.7869,0.0],[137.0289,55.786,3.3017],[137.0406,55.7892,67.4898],[137.0541,55.7877,19.8454],[137.0528,55.7889,147.7491],[137.0561,55.7953,11.7273],[137.0556,55.8072,1.8393],[137.0606,55.8136,1.4393],[137.0611,55.8214,21.3435],[137.065,55.8278,87.8],[137.0711,55.8308,44.5478],[137.0739,55.8358,2.7054],[137.0783,55.8378,10.1924],[137.085,55.8497,2.3342],[137.0917,55.8558,68.1885],[137.0989,55.86,32.2287],[137.1172,55.8631,0.0],[137.1306,55.8686,0.0],[137.1439,55.8794,0.0],[137.15,55.8825,0.0],[137.1511,55.8864,3.5341],[137.1594,55.8928,50.6193],[137.1733,55.8944,2.4243],[137.1789,55.8942,114.4435],[137.1834,55.8917,0.0],[137.1917,55.9017,66.8271],[137.1983,55.9033,17.9599],[137.2061,55.9031,6.3691],[137.2122,55.9064,19.8921],[137.2239,55.9086,0.0],[137.225,55.9106,38.579],[137.2378,55.9169,0.0],[137.2472,55.92,0.0],[137.2495,55.9244,0.0],[137.2617,55.9356,45.0226],[137.265,55.9408,37.121],[137.27,55.9422,0.0],[137.2706,55.9447,0.0],[137.2767,55.9508,129.4174],[137.2861,55.9578,64.9191],[137.3,55.9647,19.8201],[137.3133,55.9686,8.8888],[137.3522,55.9689,35.4748],[137.3539,55.9677,13.6181],[137.3529,55.9664,7.7888],[137.3544,55.9643,0.0],[137.3513,55.9621,55.6398],[137.3522,55.9581,0.0],[137.3622,55.9569,31.6896],[137.3673,55.9503,0.0],[137.3712,55.9485,0.0],[137.3789,55.9481,13.6419],[137.3821,55.946,0.0],[137.3899,55.9448,0.0],[137.395,55.9467,0.5809],[137.3956,55.9519,12.0355],[137.3939,55.9536,109.375],[137.3939,55.9583,41.9346],[137.3983,55.9667,11.3216],[137.4017,55.97,49.7059],[137.4061,55.9708,84.9403],[137.4139,55.9692,0.0],[137.4183,55.9758,0.0],[137.4122,55.9794,0.0],[137.4128,55.9975,22.5101],[137.4139,55.9981,22.5101],[137.413,56.0031,46.947],[137.4236,56.0292,58.4342],[137.4282,56.0365,12.4656],[137.4415,56.0453,55.2347],[137.4563,56.0491,8.0051],[137.4626,56.0559,54.205],[137.4733,56.0597,37.601],[137.4899,56.0618,0.0],[137.4945,56.0663,58.8033],[137.5097,56.0732,25.675],[137.5177,56.0824,52.2568],[137.5398,56.0917,0.0],[137.5457,56.0982,0.8283],[137.5422,56.1016,87.6507],[137.54,56.1073,7.356],[137.5463,56.1135,12.5364],[137.5522,56.1161,2.3908],[137.5539,56.1194,30.1044],[137.5594,56.1192,0.8456],[137.5616,56.1167,1.0806],[137.5612,56.1131,59.4768],[137.5481,56.1056,1.7234],[137.5572,56.1082,1.3373],[137.5608,56.1061,2.6593],[137.5651,56.1059,11.9872],[137.5876,56.1165,13.8492],[137.5924,56.1167,2.1064],[137.5954,56.1143,23.1513],[137.6265,56.1212,28.4429],[137.6431,56.118899999999996,24.5388],[137.6539,56.1261,0.0],[137.6676,56.1291,81.7676],[137.677,56.1264,57.1368],[137.6796,56.1238,80.98],[137.6876,56.123,8.9318],[137.6935,56.1313,24.6393],[137.7002,56.1333,5.3614],[137.7087,56.1328,7.4507],[137.7125,56.1347,25.0144],[137.7172,56.1333,0.0],[137.7238,56.136,0.0],[137.7243,56.1377,0.0],[137.7218,56.1409,0.0],[137.7166,56.1441,131.7393],[137.7183,56.1444,20.569],[137.7171,56.1484,60.2576],[137.7185,56.1544,31.3229],[137.7227,56.1601,0.397],[137.7277,56.1619,16.4828],[137.727,56.164,48.0917],[137.7351,56.1738,13.9872],[137.7513,56.1763,6.4131],[137.7537,56.1782,2.1684],[137.7534,56.1803,30.2375],[137.7571,56.1866,0.0],[137.7636,56.1919,6.3551],[137.7703,56.2052,4.2279],[137.7794,56.2174,25.6103],[137.7974,56.2263,36.3492],[137.8168,56.2267,0.0],[137.8257,56.2293,64.6416],[137.8352,56.228,0.0],[137.8428,56.2343,0.0],[137.8397,56.2339,0.0],[137.8423,56.244,0.0],[137.8409,56.2455,41.9469],[137.84,56.2578,7.3868],[137.846,56.2607,19.5026],[137.8518,56.2691,9.5983],[137.8643,56.275,0.0],[137.8648,56.2776,28.1436],[137.869,56.2812,67.5713],[137.8673,56.2844,64.9808],[137.8717,56.2981,25.066],[137.8711,56.3022,125.687],[137.8766,56.3092,0.0],[137.8748,56.3137,13.6568],[137.8758,56.3159,10.0136],[137.8801,56.3189,45.5681],[137.887,56.3188,0.0],[137.8856,56.3201,16.3378],[137.8887,56.3247,11.1479],[137.89,56.3316,14.8841],[137.8931,56.3338,5.9472],[137.8939,56.3366,51.6797],[137.898,56.339,0.0],[137.907,56.3536,0.0],[137.9155,56.3576,1.1025],[137.9175,56.3649,2.9458],[137.9294,56.3672,56.8511],[137.9403,56.3639,11.5771],[137.9494,56.3673,79.5573],[137.9536,56.3666,0.0],[137.9526,56.3681,1.3902],[137.9539,56.3694,3.3718],[137.9668,56.3741,7.944],[137.9878,56.3722,9.6424],[137.9947,56.3764,20.999],[138.0028,56.3778,12.7017],[138.0072,56.3767,0.0],[138.0133,56.3811,53.6716],[138.0184,56.3824,123.1114],[138.0442,56.379,11.598],[138.048,56.3852,5.8936],[138.0548,56.3904,31.1075],[138.055,56.3925,131.2522],[138.0644,56.3975,29.6909],[138.0686,56.3972,11.5506],[138.0672,56.4,122.6018],[138.0639,56.4015,90.6946],[138.0625,56.411,0.0],[138.0583,56.4131,8.6383],[138.0617,56.4225,0.0],[138.0544,56.4256,12.6527],[138.0528,56.4281,6.5306],[138.0647,56.4381,3.3724],[138.0693,56.4402,0.0],[138.0867,56.4372,14.7333],[138.1061,56.4419,0.0],[138.1167,56.4376,6.5455],[138.1254,56.4388,215.4175],[138.1294,56.4364,0.0],[138.14,56.4406,24.7532],[138.1489,56.4392,6.984],[138.1633,56.4436,0.0],[138.1678,56.4458,0.0],[138.1667,56.4489,21.9861],[138.18,56.445,13.951],[138.1794,56.4389,63.983],[138.1857,56.4368,6.6919],[138.1867,56.4269,0.0],[138.1987,56.4305,83.239],[138.2004,56.4296,10.1157],[138.1992,56.4285,0.0],[138.2035,56.4294,67.2882],[138.2069,56.428,0.0],[138.2107,56.4294,176.2881],[138.2165,56.4278,81.5837],[138.2149,56.4267,0.0],[138.223,56.4273,89.9008],[138.2276,56.426,67.5851],[138.23,56.43,0.0],[138.2283,56.4316,0.0],[138.2315,56.4357,8.3111],[138.2284,56.4416,13.563],[138.2306,56.4494,17.7791],[138.236,56.4536,0.0],[138.2477,56.4549,0.0],[138.2542,56.4583,0.0],[138.2561,56.4619,2.8338],[138.2554,56.4694,0.0],[138.2453,56.4702,27.3478],[138.2364,56.4645,81.3937],[138.2317,56.4637,59.1621],[138.22,56.465,16.1072],[138.2099,56.4699,13.9413],[138.2001,56.4684,10.551],[138.191,56.472,28.0188],[138.1758,56.4719,31.4001],[138.1604,56.4782,25.6457],[138.1545,56.4836,2.7752],[138.1469,56.4859,2.4972],[138.1354,56.4933,8.9582],[138.1311,56.4994,97.2998],[138.13,56.505,0.0],[138.1233,56.5097,18.4432],[138.1211,56.5181,0.0],[138.1151,56.5198,2.834],[138.1122,56.5231,42.2151],[138.1093,56.5316,0.3382],[138.1081,56.5461,4.1316],[138.1106,56.555,0.0],[138.1089,56.5628,0.0],[138.1128,56.5781,2.2034],[138.1159,56.5809,31.3696],[138.1206,56.5813,0.0],[138.1328,56.5981,9.168],[138.1411,56.6025,36.8906],[138.1536,56.6052,0.0],[138.1687,56.606,3.9642],[138.1772,56.6097,9.5623],[138.1861,56.6067,0.0],[138.1933,56.6072,3.974],[138.1934,56.6087,3.974],[138.2006,56.61,0.0],[138.2089,56.6086,0.0],[138.2106,56.6069,0.0],[138.2167,56.6078,24.7898],[138.2189,56.6097,0.0],[138.2167,56.6156,12.8905],[138.2178,56.6183,0.0],[138.22,56.6217,0.0],[138.2278,56.6269,5.1705],[138.2444,56.6294,28.9834],[138.2517,56.6222,0.0],[138.2567,56.6208,42.8217],[138.2617,56.6169,0.0],[138.2672,56.6167,0.0],[138.2732,56.6198,0.0],[138.2724,56.6215,0.0],[138.2631,56.6244,0.0],[138.2639,56.6288,3.9454],[138.2622,56.6333,53.0329],[138.2594,56.6353,8.7445],[138.2611,56.6369,4.8462],[138.2567,56.6395,0.0],[138.2533,56.6467,29.4702],[138.2551,56.652,0.0],[138.2526,56.6553,0.0],[138.2532,56.6568,0.9844],[138.2568,56.6562,0.0],[138.26,56.6581,0.0],[138.2606,56.6597,0.0],[138.2572,56.6633,0.0],[138.26,56.6658,0.4094],[138.2633,56.6667,0.0],[138.2682,56.6646,0.0],[138.2778,56.6669,0.0],[138.2833,56.6739,0.0],[138.2787,56.6783,28.5503],[138.2756,56.6792,13.8768],[138.2763,56.682,11.3444],[138.2844,56.6928,0.0],[138.3017,56.7036,3.9831],[138.3217,56.7106,12.3262],[138.3356,56.7178,6.8867],[138.3428,56.7186,0.0],[138.3556,56.7125,0.0],[138.3617,56.7186,0.0],[138.3672,56.7181,0.0],[138.3794,56.7208,31.1092],[138.3789,56.7236,22.6217],[138.385,56.7256,11.2737],[138.3895,56.7311,0.0],[138.395,56.7331,0.0],[138.395,56.7358,0.0],[138.3983,56.7411,0.0],[138.3961,56.7467,4.1128],[138.4006,56.7497,0.0],[138.4006,56.7547,0.0],[138.4028,56.7586,0.0],[138.4128,56.765,0.0],[138.4133,56.7714,1.9191],[138.4233,56.7722,4.7579],[138.4228,56.78,0.0],[138.4206,56.785,0.0],[138.4317,56.7936,0.0],[138.4422,56.7986,0.0],[138.455,56.8075,6.0112],[138.4706,56.8144,0.0],[138.4583,56.8181,2.7186],[138.4572,56.8156,6.3739],[138.4539,56.8153,10.4124],[138.445,56.8231,3.3759],[138.4344,56.8264,3.3058],[138.4323,56.8292,2.2424],[138.44,56.8294,1.732],[138.437,56.8334,0.2332],[138.44,56.8375,0.6159],[138.4339,56.8411,0.8956],[138.4356,56.8436,1.2513],[138.4433,56.845,2.5919],[138.4467,56.8433,0.0],[138.4572,56.8478,7.2263],[138.4646,56.8453,0.0],[138.4744,56.8461,0.0],[138.4911,56.8506,3.0297],[138.5,56.8475,20.8191],[138.5111,56.8469,0.0],[138.5178,56.8494,5.8642],[138.5333,56.8508,6.4202],[138.5322,56.8592,13.0841],[138.5389,56.8631,2.1935],[138.5433,56.8628,4.8906],[138.5522,56.8575,14.6233],[138.5616,56.8602,2.5936],[138.5617,56.8464,3.7918],[138.5517,56.8422,3.0941],[138.5517,56.8372,23.4747],[138.5544,56.8353,0.0],[138.5556,56.8308,6.7098],[138.5528,56.8236,1.7787],[138.5532,56.8164,2.1565],[138.5487,56.8152,0.0],[138.5454,56.8122,0.0],[138.545,56.7964,0.0],[138.5522,56.7853,3.5226],[138.5589,56.7825,4.1469],[138.5589,56.7803,0.0],[138.5611,56.7786,0.0],[138.5661,56.7786,0.0],[138.5783,56.7839,20.4137],[138.58,56.7847,0.0],[138.5778,56.7892,4.6137],[138.58,56.7933,0.0],[138.5744,56.7978,0.0],[138.575,56.8,0.0],[138.5724,56.8024,1.7358],[138.5728,56.8097,1.3469],[138.5664,56.8161,0.0],[138.557,56.8165,3.7078],[138.5553,56.8264,1.5935],[138.5581,56.8294,4.8319],[138.5631,56.829,8.5605],[138.5672,56.8308,13.8886],[138.5664,56.8369,11.3384],[138.5715,56.8395,13.4588],[138.5653,56.8427,41.8801],[138.565,56.8511,4.5891],[138.5711,56.8808,8.677],[138.577,56.8818,1.4276],[138.5783,56.8953,2.4802],[138.5817,56.9014,1.3525],[138.5839,56.9106,0.0],[138.5861,56.9122,0.0],[138.5906,56.9239,2.3442],[138.61,56.9544,0.0],[138.6306,56.9669,0.0],[138.6383,56.97,0.0],[138.6456,56.9703,0.0],[138.6611,56.98,4.8972],[138.6767,56.985,0.0],[138.6878,56.9864,2.889],[138.6925,56.9854,0.0],[138.6989,56.9784,0.0],[138.7088,56.9776,6.9487],[138.7208,56.9842,16.0365],[138.7312,56.9938,61.1815],[138.7511,57.0,0.0],[138.7504,57.0011,15.7072],[138.7633,57.01,3.9915],[138.7706,57.0106,30.6797],[138.7894,57.0022,0.0],[138.7922,57.0028,0.406],[138.7937,57.0052,0.0],[138.8021,57.0057,0.0],[138.8043,57.0095,0.0],[138.8063,57.0084,0.0],[138.8084,57.0104,0.0],[138.8039,57.0117,0.0],[138.8006,57.0106,0.0],[138.7818,57.0171,0.0],[138.7825,57.021,6.5069],[138.7867,57.0242,17.0887],[138.7856,57.0261,17.6796],[138.7867,57.0275,47.3603],[138.7956,57.0303,0.5107],[138.82,57.0317,0.7777],[138.8222,57.0303,0.0],[138.8233,57.0269,0.0],[138.8278,57.0244,10.6878],[138.8278,57.0231,14.8694],[138.824,57.0228,0.0],[138.8222,57.0211,0.0],[138.8261,57.0172,4.2906],[138.8256,57.0156,1.9901],[138.8394,57.0139,0.0],[138.8439,57.015,0.0],[138.86,57.0125,0.0],[138.8656,57.0139,37.5357],[138.8678,57.0126,0.0],[138.8734,57.013,0.0],[138.8731,57.0146,17.1421],[138.8899,57.0245,6.3762],[138.8923,57.0282,121.515],[138.9043,57.0308,87.7359],[138.9072,57.0342,0.0],[138.9064,57.0367,42.0763],[138.9094,57.0397,0.0],[138.9079,57.0419,35.5011],[138.91,57.0433,0.0],[138.91,57.0469,0.0],[138.9139,57.05,5.0906],[138.9153,57.0542,5.3592],[138.9197,57.0591,13.4601],[138.9253,57.0599,0.0],[138.9257,57.0629,12.3845],[138.9282,57.064,18.6345],[138.9256,57.0686,0.0],[138.9229,57.0701,5.2916],[138.9256,57.0722,0.0],[138.9278,57.0828,0.0],[138.9317,57.0908,0.0],[138.9283,57.0964,9.0077],[138.9128,57.0997,9.7629],[138.9094,57.1022,0.0],[138.9089,57.1047,36.5276],[138.9116,57.1095,0.0],[138.9183,57.1122,10.778],[138.9217,57.1167,0.5698],[138.9339,57.1147,0.0],[138.9344,57.1164,0.0],[138.9323,57.12,3.167],[138.9339,57.125,0.0],[138.9272,57.1286,68.4295],[138.9256,57.1314,5.8123],[138.9317,57.1356,0.0],[138.9389,57.1439,2.5724],[138.9444,57.1453,4.0516],[138.9524,57.1431,0.0],[138.9672,57.1514,0.5761],[138.9761,57.1544,9.0337],[138.9975,57.1559,16.8242],[139.0056,57.1536,0.6066],[139.005,57.1506,0.0],[139.0072,57.1461,0.0],[139.0139,57.1411,0.3448],[139.0228,57.1375,10.5438],[139.0302,57.1375,16.6534],[139.0333,57.1561,4.7875],[139.0317,57.1592,34.261],[139.0455,57.1804,0.0],[139.0506,57.1908,4.5753],[139.0917,57.22,0.5894],[139.0983,57.2264,2.775],[139.1306,57.2464,6.0955],[139.1555,57.2569,0.0],[139.1844,57.2717,2.4032],[139.2017,57.2697,0.0],[139.2117,57.2742,5.5574],[139.2212,57.2758,41.7662],[139.2613,57.2769,0.0],[139.285,57.2811,30.1317],[139.2961,57.28,3.561],[139.3017,57.2764,2.5058],[139.3083,57.2764,0.0],[139.3178,57.2803,0.0],[139.3328,57.2906,15.5146],[139.3556,57.3006,10.0593],[139.3606,57.3008,1.632],[139.3717,57.3056,15.0186],[139.385,57.3089,8.613],[139.3972,57.3089,19.3034],[139.4139,57.3003,0.0],[139.418,57.3004,0.0],[139.4483,57.3175,9.4484],[139.4567,57.3247,0.8922],[139.4683,57.3308,14.8007],[139.4778,57.3344,4.3341],[139.4933,57.335,0.0],[139.5172,57.3525,0.4928],[139.5256,57.3606,0.6224],[139.5267,57.3647,0.0],[139.5406,57.3803,1.364],[139.5417,57.3847,8.6687],[139.5506,57.3936,0.0],[139.5489,57.3958,32.4599],[139.5539,57.4083,15.2894],[139.5572,57.4119,0.0],[139.56,57.4194,7.2108],[139.5722,57.4353,0.0],[139.5856,57.4475,16.434],[139.6011,57.4589,39.3962],[139.6111,57.4636,1.2209],[139.6458,57.4681,2.7154],[139.6778,57.4819,0.0],[139.7056,57.4897,3.0316],[139.7195,57.4914,3.2107],[139.7394,57.4925,3.7944],[139.77,57.4881,14.2314],[139.7819,57.4838,41.1736],[139.7908,57.4839,8.1703],[139.8044,57.4942,0.0],[139.8039,57.4958,67.2008],[139.8106,57.5075,42.5944],[139.8204,57.5109,6.6908],[139.8278,57.5231,0.0],[139.8283,57.5283,9.0286],[139.8344,57.5356,21.6611],[139.8343,57.5397,34.5179],[139.8425,57.5542,3.6346],[139.8794,57.6019,37.0006],[139.8985,57.6221,23.4441],[139.9267,57.6498,29.286],[139.9333,57.6536,0.8215],[139.9384,57.6595,4.8451],[139.9572,57.6744,5.7047],[139.9739,57.6828,8.3756],[139.9944,57.6983,0.0],[140.0,57.7,0.0],[140.0078,57.7053,8.1966],[140.0194,57.7083,1.7381],[140.0617,57.7281,0.8668],[140.0739,57.73,0.0],[140.09,57.7364,6.5206],[140.115,57.7425,6.2439],[140.1306,57.7425,6.038],[140.1605,57.7469,0.0],[140.198,57.7464,0.5072],[140.2233,57.7578,2.4523],[140.2433,57.7644,4.1893],[140.2719,57.7667,0.0],[140.2899,57.7635,0.0],[140.2989,57.7586,0.0],[140.3,57.7478,0.0],[140.3076,57.7458,0.0],[140.3156,57.7554,0.0],[140.3156,57.7589,15.1478],[140.3189,57.7622,0.0],[140.3183,57.7639,23.3688],[140.3376,57.7816,0.0],[140.35,57.79,0.8592],[140.3789,57.795,0.0],[140.3867,57.7989,22.1379],[140.3964,57.801,6.5877],[140.4081,57.8085,0.0],[140.4119,57.8139,0.7298],[140.4276,57.8263,1.3027],[140.4335,57.828,1.1992],[140.4414,57.8267,0.0],[140.4605,57.8365,2.2295],[140.4716,57.8366,0.0],[140.4903,57.8422,0.0],[140.4961,57.8496,0.0],[140.4948,57.8617,0.0],[140.4966,57.8699,11.3094],[140.4902,57.8748,0.6464],[140.4939,57.8888,0.0],[140.5525,58.0024,2.6169],[140.5581,58.0077,0.0],[140.5735,58.033,10.678],[140.584,58.0425,0.0],[140.5913,58.0527,5.6052],[140.6029,58.059,0.8293],[140.6075,58.0634,0.0],[140.6079,58.0728,1.8158],[140.6133,58.0841,1.6837],[140.6196,58.0936,0.0],[140.6301,58.1052,0.0],[140.6291,58.1084,3.4603],[140.6326,58.1147,0.0],[140.6358,58.1288,4.6672],[140.6524,58.1581,0.0],[140.6529,58.1612,2.5771],[140.6566,58.1653,0.0],[140.6609,58.177,1.5341],[140.6785,58.2026,4.0428],[140.6843,58.2075,2.9084],[140.6945,58.2216,3.8524],[140.731,58.2616,2.6479],[140.7625,58.2922,6.5517],[140.7729,58.3003,0.8254],[140.8033,58.3186,2.2266],[140.8189,58.3231,0.0],[140.8391,58.3365,5.5103],[140.8625,58.3471,4.4853],[140.8707,58.354,3.7372],[140.8774,58.3566,0.0],[140.9039,58.3747,4.0506],[140.9468,58.3971,3.9655],[140.9689,58.4064,0.0],[141.0122,58.4306,4.2608],[141.0283,58.4378,4.175],[141.0422,58.4428,3.8368],[141.0827,58.4503,0.0],[141.1189,58.4608,2.1198],[141.1433,58.4697,3.9243],[141.1589,58.4703,0.0],[141.1694,58.4647,0.2552],[141.1883,58.4689,13.6357],[141.1956,58.4683,0.0],[141.211,58.4783,1.5279],[141.2251,58.4844,3.1399],[141.265,58.4981,9.1116],[141.2828,58.5031,2.2407],[141.2913,58.5027,0.3019],[141.3161,58.5061,0.3907],[141.3189,58.5094,0.6977],[141.3283,58.5153,2.2794],[141.4111,58.5499,0.0],[141.4283,58.5608,3.0686],[141.4363,58.5616,0.0],[141.463,58.5731,105.2072],[141.4789,58.5756,36.3845],[141.5005,58.5858,21.1973],[141.5089,58.5878,13.0472],[141.5203,58.594,14.3637],[141.5406,58.5996,0.0],[141.5544,58.6089,48.0546],[141.5632,58.6116,0.5291],[141.5722,58.62,0.2782],[141.5872,58.6272,1.7786],[141.5968,58.6344,0.0],[141.6189,58.6439,11.3454],[141.6267,58.6506,53.8816],[141.6328,58.6531,0.0],[141.6383,58.6578,0.0],[141.6383,58.6596,6.3683],[141.6467,58.6658,37.0325],[141.665,58.6753,0.0],[141.6675,58.6792,8.5091],[141.6729,58.681,6.6325],[141.681,58.6809,9.8886],[141.6893,58.6904,0.4218],[141.705,58.7008,0.0],[141.7342,58.7287,4.5362],[141.7616,58.7483,0.0],[141.7739,58.7625,0.0],[141.7956,58.7828,0.9479],[141.8067,58.7903,0.0],[141.8072,58.7931,0.0],[141.8183,58.8,0.0],[141.8278,58.8097,0.7956],[141.8399,58.8158,0.0],[141.8517,58.8256,0.0],[141.8611,58.8347,0.0],[141.8689,58.8456,2.0999],[141.8778,58.8525,1.1242],[141.8811,58.8567,0.9956],[141.8811,58.8597,2.2353],[141.925,58.9117,0.5641],[141.9572,58.9408,0.7188],[141.9611,58.9425,0.0],[141.9617,58.945,3.4782],[141.971,58.9511,0.0],[141.9811,58.9606,4.0865],[141.9946,58.969,0.0],[142.0196,58.99,4.884],[142.0467,59.0083,0.476],[142.0478,59.0106,4.9928],[142.0656,59.0203,0.0],[142.0802,59.0319,0.0],[142.0866,59.0342,0.0],[142.1017,59.0439,4.5659],[142.1644,59.0775,0.0],[142.1861,59.0872,3.2578],[142.1933,59.0886,0.0],[142.1972,59.0917,0.6647],[142.2011,59.0914,0.0],[142.2083,59.0972,3.1506],[142.2956,59.1367,0.0],[142.3356,59.1531,0.8533],[142.3433,59.1547,0.0],[142.3617,59.1639,4.863],[142.4222,59.1881,0.6089],[142.4789,59.2056,2.3478],[142.5717,59.2278,3.8341],[142.6245,59.2364,0.668],[142.6939,59.2503,0.8353],[142.8389,59.2725,1.9643],[142.8467,59.2722,1.8414],[142.9183,59.2942,2.7902],[142.9767,59.31,1.8552],[143.0361,59.3231,1.4351],[143.0595,59.3257,1.5362],[143.0628,59.3273,1.2587],[143.0522,59.3264,2.1251],[143.0691,59.3302,2.9326],[143.0658,59.3334,3.2103],[143.0703,59.3339,0.1579],[143.0714,59.3355,0.6687],[143.0703,59.3362,0.6687],[143.0734,59.3376,0.7465],[143.0771,59.3379,1.7611],[143.0779,59.3355,1.6173],[143.0853,59.3347,1.4655],[143.0876,59.3365,1.5629],[143.092,59.3349,1.6258],[143.1061,59.3394,1.813],[143.1334,59.3445,0.9782],[143.1266,59.3414,2.3599],[143.1006,59.3369,2.4515],[143.0913,59.3334,2.8418],[143.0905,59.3326,2.8418],[143.0917,59.3321,2.8418],[143.1553,59.3441,0.0],[143.1587,59.3452,0.0],[143.1583,59.3469,0.604],[143.1654,59.348,1.1102],[143.1661,59.3458,0.9305],[143.2108,59.3555,5.1923],[143.2515,59.3607,4.4296],[143.3002,59.3622,4.7946],[143.3206,59.3597,1.3167],[143.3525,59.3447,1.0782],[143.3585,59.3369,0.0],[143.3716,59.3331,0.0],[143.3756,59.3289,3.2366],[143.3828,59.3253,0.0],[143.3916,59.3258,4.1745],[143.3976,59.3238,4.6727],[143.4056,59.3253,0.0],[143.4218,59.3244,0.0],[143.4349,59.3258,3.2095],[143.4425,59.3242,0.8603],[143.4561,59.3261,1.0699],[143.4715,59.3244,7.377],[143.4774,59.3186,0.0],[143.4819,59.3184,0.0],[143.5021,59.3251,0.3133],[143.5067,59.3248,0.0],[143.548,59.3358,3.8346],[143.5552,59.3342,0.0],[143.5678,59.3367,0.0],[143.623,59.3527,0.5088],[143.7521,59.3843,1.6197],[143.8196,59.3954,0.0],[143.8755,59.4004,0.0],[143.9893,59.4025,2.8169],[144.1239,59.3961,1.4824],[144.2111,59.3847,0.0],[144.2789,59.3788,1.2979],[144.2858,59.3762,0.0],[144.3822,59.3692,0.307],[144.409,59.3695,1.4401],[144.3874,59.3722,0.0],[144.3656,59.3714,1.9625],[144.3117,59.3772,0.0],[144.2906,59.3775,2.0913],[144.2877,59.3797,0.0],[144.2818,59.3799,0.46],[144.2806,59.3815,0.0],[144.2706,59.3819,1.3348],[144.2823,59.3823,0.3128],[144.2765,59.3855,0.9555],[144.28,59.3885,0.0],[144.2761,59.391,0.7316],[144.2791,59.3913,0.6959],[144.2852,59.3893,0.5426],[144.3013,59.3899,0.0],[144.3428,59.3869,0.4528],[144.3539,59.3819,0.0],[144.3989,59.3718,0.3337],[144.4124,59.3745,2.042],[144.4166,59.3722,1.171],[144.4305,59.3713,0.6612],[144.4131,59.3707,0.0],[144.4118,59.3691,2.4799],[144.5239,59.3681,0.0],[144.5889,59.3703,0.0],[144.6206,59.3733,1.7737],[144.5305,59.3703,3.8712],[144.5109,59.3711,0.0],[144.5176,59.374,1.8371],[144.5425,59.3737,0.0],[144.5523,59.3766,0.0],[144.572,59.3783,0.0],[144.6994,59.3814,0.0],[144.7091,59.383,1.2735],[144.7081,59.387,0.486],[144.7131,59.3879,0.9754],[144.7258,59.3871,1.4665],[144.7265,59.3839,1.9708],[144.7294,59.3822,0.5681],[144.7759,59.3831,0.7418],[144.784,59.3875,1.6827],[144.7855,59.3853,1.9882],[144.7796,59.3821,0.1544],[144.7797,59.3802,0.0],[144.7841,59.3782,0.0],[144.7982,59.3792,1.8064],[144.7982,59.3775,0.7895],[144.8029,59.3764,0.3781],[144.8043,59.3741,0.395],[144.8115,59.374,1.6306],[144.819,59.3773,1.6003],[144.8214,59.3749,0.9244],[144.8282,59.3748,1.3947],[144.8367,59.3714,0.3646],[144.846,59.3722,1.5746],[144.8485,59.3739,1.7279],[144.8496,59.3735,0.7826],[144.8483,59.3707,0.9495],[144.8626,59.3695,1.403],[144.8813,59.3707,1.224],[144.8838,59.3729,1.9222],[144.8886,59.3736,1.6049],[144.8879,59.3708,0.6562],[144.8943,59.3718,1.5289],[144.8955,59.3688,1.3457],[144.8985,59.3679,0.6813],[144.9101,59.3737,1.5379],[144.9172,59.3741,2.1483],[144.9206,59.3722,1.9275],[144.9269,59.3749,0.7381],[144.9278,59.3729,1.0184],[144.9262,59.3693,1.1388],[144.9471,59.3704,0.3491],[144.9652,59.3682,2.8064],[144.8797,59.3667,1.6315],[144.8344,59.3695,1.4572],[144.8192,59.3682,0.0],[144.8944,59.3653,0.0],[144.9854,59.3669,0.0],[145.0061,59.3686,0.0],[145.0809,59.382,0.0],[145.1939,59.4064,2.4345],[145.2566,59.4161,5.2293],[145.2965,59.4149,1.3559],[145.3193,59.4083,7.9735],[145.3252,59.402,1.7414],[145.3299,59.3996,16.4232],[145.3321,59.3956,35.9644],[145.3313,59.3932,39.9653],[145.3208,59.3918,3.9598],[145.321,59.388,40.7065],[145.3161,59.3864,0.0],[145.3194,59.3847,0.0],[145.3595,59.3872,11.5705],[145.3722,59.3917,6.3198],[145.4087,59.3999,3.285],[145.4471,59.4063,0.7804],[145.4581,59.4066,0.0],[145.4683,59.4097,2.3325],[145.5086,59.4124,10.1981],[145.5347,59.4167,0.0],[145.5743,59.4206,44.6892],[145.6186,59.4147,0.0],[145.6517,59.4141,67.3068],[145.6813,59.4099,0.3225],[145.6826,59.4106,0.0],[145.6808,59.4122,0.0],[145.6741,59.4148,26.7756],[145.6773,59.4188,2.1915],[145.6817,59.4208,0.0],[145.6806,59.4225,5.2638],[145.6889,59.4253,0.0],[145.6978,59.4258,1.8251],[145.7039,59.4253,14.0629],[145.7117,59.4197,2.1164],[145.7056,59.4158,0.0],[145.7056,59.4133,0.0],[145.7078,59.4114,21.3647],[145.7072,59.4068,0.0],[145.7151,59.4025,20.9191],[145.7151,59.4012,2.9033],[145.7287,59.3988,59.6147],[145.7445,59.393,0.0],[145.7655,59.3894,4.2465],[145.7668,59.3871,0.0],[145.7626,59.3847,9.8551],[145.7623,59.3816,14.7673],[145.7664,59.3784,0.0],[145.7718,59.3775,49.0412],[145.7714,59.3752,0.0],[145.7733,59.3731,3.2751],[145.7902,59.3667,0.0],[145.8032,59.3651,0.0],[145.816,59.3718,4.0599],[145.811,59.3767,8.857],[145.8121,59.385,7.7659],[145.8136,59.3895,14.2954],[145.8233,59.3968,0.0],[145.8237,59.4012,8.4915],[145.8189,59.4094,0.0],[145.8222,59.4114,0.0],[145.8372,59.4136,0.0],[145.8411,59.4111,0.0],[145.8433,59.4069,0.0],[145.8683,59.3994,1.7338],[145.8772,59.3983,0.0],[145.8822,59.4022,48.5714],[145.8961,59.405,4.6588],[145.895,59.4061,50.6571],[145.8967,59.4075,41.0814],[145.9033,59.4094,0.0],[145.9022,59.4131,0.0],[145.9122,59.4161,3.1574],[145.9189,59.4214,8.0665],[145.9228,59.4225,10.8053],[145.9461,59.4167,0.0],[145.9678,59.4069,1.0978],[145.9706,59.4033,9.4668],[145.965,59.4,6.5038],[145.9683,59.3925,4.7443],[145.9672,59.3892,22.6981],[145.9583,59.3869,3.0376],[145.9544,59.3825,0.0],[145.955,59.3728,3.7532],[145.9539,59.3708,0.0],[145.946,59.3702,2.9531],[145.943,59.3632,0.0],[145.9487,59.3524,61.8134],[145.9477,59.3479,19.8263],[145.9422,59.3436,10.1404],[145.9346,59.3426,4.336],[145.9284,59.3387,13.008],[145.9233,59.3378,1.0347],[145.9212,59.3344,1.4641],[145.9149,59.331,9.6874],[145.9055,59.3288,1.1666],[145.9063,59.326,0.0],[145.9032,59.3223,1.6442],[145.9021,59.3177,13.379],[145.8917,59.3118,30.1837],[145.8723,59.305,28.6606],[145.8656,59.3068,18.3085],[145.8602,59.3029,1.978],[145.8519,59.3023,0.0],[145.8548,59.2944,13.5763],[145.8535,59.2907,0.0],[145.8477,59.2884,6.8569],[145.85,59.278,15.6753],[145.8495,59.273,0.0],[145.8475,59.2709,0.0],[145.8415,59.2695,0.0],[145.843,59.2634,17.9732],[145.83,59.2525,6.2309],[145.8267,59.246,0.0],[145.8291,59.2419,0.0],[145.8356,59.2424,14.013],[145.8432,59.2402,0.0],[145.8458,59.2386,9.585],[145.8461,59.2356,3.6512],[145.8524,59.2344,14.6816],[145.857,59.2298,11.1825],[145.88,59.2199,8.9019],[145.8786,59.2171,23.0235],[145.8806,59.2157,14.9246],[145.8883,59.2155,39.2334],[145.8932,59.2123,3.5397],[145.9007,59.2168,1.5454],[145.9115,59.2183,1.0613],[145.9272,59.2158,37.0931],[145.9292,59.2146,0.0],[145.9297,59.2115,0.0],[145.9436,59.205,0.0],[145.9534,59.2025,11.0351],[145.9543,59.2014,0.0],[145.9509,59.1981,1.3363],[145.9562,59.1991,16.1306],[145.959,59.198,18.7458],[145.9675,59.1916,6.1118],[145.968,59.1881,0.0],[145.9746,59.1875,6.6121],[145.9901,59.1812,8.734],[145.9905,59.1744,7.54],[145.9888,59.1669,0.0],[145.9829,59.1582,0.0],[145.9857,59.1518,4.6075],[145.9802,59.1486,17.9283],[145.9794,59.1444,2.8083],[145.9932,59.146,10.0399],[146.0,59.1439,63.853],[146.0039,59.1408,1.484],[146.0127,59.1442,57.991],[146.0235,59.1417,0.0],[146.039,59.1428,9.6865],[146.0466,59.1408,6.1003],[146.0534,59.144,6.6701],[146.056,59.1476,3.3979],[146.0632,59.1514,0.6667],[146.063,59.1538,10.6628],[146.0761,59.1617,4.0252],[146.0875,59.1629,0.0],[146.0877,59.1646,0.0],[146.0838,59.1659,16.5291],[146.0857,59.1676,10.278],[146.0962,59.1688,17.0262],[146.1087,59.167,0.0],[146.1122,59.1686,0.0],[146.1195,59.1764,0.0],[146.1252,59.1789,11.3806],[146.1285,59.1784,8.8403],[146.127,59.1766,0.0],[146.1287,59.1715,0.0],[146.1407,59.1671,2.263],[146.1425,59.1689,0.0],[146.1416,59.1731,3.7018],[146.1391,59.1765,4.4631],[146.1296,59.18,12.8076],[146.1289,59.1828,10.7087],[146.1304,59.1848,0.0],[146.1358,59.1859,5.9738],[146.138,59.1843,3.0737],[146.1462,59.1838,0.0],[146.1452,59.1863,0.0],[146.1498,59.1888,5.0558],[146.1495,59.1908,6.5277],[146.1529,59.1936,0.0],[146.1635,59.1937,0.0],[146.1689,59.1967,1.0868],[146.1755,59.1946,0.0],[146.1771,59.1963,0.0],[146.174,59.1986,8.7213],[146.1748,59.1994,9.618],[146.1845,59.1997,0.4395],[146.1876,59.2013,0.0],[146.1895,59.2045,2.2393],[146.1985,59.2062,0.0],[146.2011,59.2088,5.5271],[146.2064,59.2085,0.0],[146.2114,59.2042,0.7043],[146.2195,59.204,3.6388],[146.2212,59.2052,2.0232],[146.2202,59.2073,3.8458],[146.2271,59.2126,0.0],[146.2287,59.2113,30.2161],[146.2242,59.2078,0.0],[146.2255,59.2064,7.1233],[146.2245,59.2039,9.2276],[146.2302,59.2019,0.3204],[146.2352,59.2038,12.6479],[146.2403,59.1984,0.0],[146.2477,59.1973,2.8273],[146.2518,59.1999,0.0],[146.2598,59.2011,5.4697],[146.2615,59.1999,12.4818],[146.2581,59.1972,0.6095],[146.262,59.1972,5.0919],[146.2677,59.1986,0.0],[146.2676,59.2011,0.0],[146.271,59.2017,1.5693],[146.2711,59.1989,0.0],[146.2694,59.1972,0.0],[146.2778,59.1992,1.5576],[146.2811,59.1981,0.0],[146.2794,59.1954,0.0],[146.2909,59.1946,0.0],[146.2905,59.1931,1.5853],[146.2958,59.1916,5.5628],[146.2972,59.1888,15.0129],[146.3009,59.1883,0.6977],[146.3037,59.1857,3.9206],[146.3107,59.1849,4.2048],[146.3237,59.1905,16.6203],[146.3416,59.2042,3.7093],[146.3521,59.2064,1.921],[146.3518,59.2156,14.925],[146.3493,59.2196,13.3883],[146.3508,59.224,3.9067],[146.3406,59.225,9.4824],[146.336,59.2282,3.8627],[146.3288,59.2292,2.6852],[146.3246,59.234,2.4272],[146.3176,59.2354,9.2593],[146.3126,59.2427,8.2724],[146.3131,59.2495,1.7454],[146.3197,59.261,0.9432],[146.3253,59.2624,4.3768],[146.3331,59.2619,0.0],[146.3375,59.2651,2.1025],[146.329,59.2666,4.5848],[146.3229,59.2633,0.8921],[146.3156,59.2639,0.7646],[146.3055,59.2703,7.4736],[146.3028,59.2756,0.0],[146.3046,59.2819,0.0],[146.3261,59.3057,0.0],[146.3252,59.3132,0.0],[146.3274,59.3226,0.0],[146.3258,59.3242,18.911],[146.3276,59.3262,0.0],[146.3262,59.3278,19.6483],[146.3247,59.3403,44.9045],[146.321,59.3538,0.0],[146.3116,59.3689,28.9182],[146.3139,59.3756,21.8047],[146.3137,59.3788,4.8091],[146.3117,59.3808,67.2293],[146.3125,59.3831,60.9524],[146.3087,59.3877,0.0],[146.3038,59.3891,2.7599],[146.3033,59.3907,13.9841],[146.31,59.4008,1.2073],[146.3539,59.4267,0.0],[146.3922,59.4442,2.0746],[146.4433,59.4624,11.9288],[146.4663,59.4619,0.0],[146.5118,59.4655,98.0268],[146.5229,59.4616,0.0],[146.5335,59.4628,25.4736],[146.5466,59.4567,0.0],[146.5714,59.456,3.05],[146.5768,59.4513,68.2033],[146.5746,59.4471,0.0],[146.6159,59.448,30.3048],[146.6347,59.441,19.6358],[146.6768,59.4329,0.0],[146.6905,59.4258,45.1624],[146.6991,59.4176,2.324],[146.6999,59.4145,30.3164],[146.6959,59.4097,0.0],[146.6912,59.3941,0.0],[146.7009,59.3895,0.0],[146.7253,59.3883,0.0],[146.7339,59.3911,3.795],[146.7383,59.3891,16.4939],[146.7358,59.3839,0.0],[146.7428,59.3825,0.0],[146.7435,59.3836,7.8001],[146.7582,59.3834,0.0],[146.7691,59.3755,61.3228],[146.7819,59.3721,103.9228],[146.8146,59.3728,54.5415],[146.8317,59.3705,47.5817],[146.844,59.3625,133.4475],[146.8525,59.3595,6.8482],[146.861,59.3609,12.6167],[146.8652,59.3638,176.5396],[146.8739,59.3659,109.8223],[146.8895,59.3677,34.2034],[146.9061,59.3684,16.9892],[146.9205,59.3661,13.2849],[146.9421,59.3687,17.1108],[146.9575,59.3681,0.0],[146.9576,59.3692,104.7668],[146.9628,59.3697,47.97],[147.03,59.3962,354.8717],[147.1961,59.4161,217.3719],[147.1996,59.5453,55.9878],[147.2791,59.6448,42.6759],[147.2526,59.6916,43.9844],[147.2713,59.7336,53.9373],[147.2572,59.7632,77.556],[147.1949,59.7941,182.6058],[147.247,59.8221,131.4521],[147.231,59.8679,147.2236],[147.1144,59.8917,613.9728],[147.1068,59.954,252.3171],[147.027,59.9504,757.9438],[146.9062,59.8894,325.9494],[146.8591,59.897,709.8881],[146.8267,59.9315,612.4365],[146.7465,59.9915,439.8806],[146.8097,60.0422,304.4261],[146.8066,60.0647,278.0603],[146.7731,60.0959,329.4068],[146.6575,60.0995,559.3228],[146.5728,60.1186,601.2945],[146.5402,60.1704,480.0031],[146.4712,60.2263,614.7446],[146.353,60.2444,686.8463],[146.2147,60.2039,1244.2236],[146.1532,60.2039,1143.4105],[146.081,60.2221,784.3315],[146.0376,60.216,732.6289],[145.9849,60.1869,792.5502],[145.937,60.1838,753.939],[145.7099,60.2938,541.8858],[145.6207,60.3541,1015.234],[145.694,60.3719,737.8124],[145.6636,60.4184,635.5195],[145.5992,60.4434,715.5887],[145.6318,60.485,498.1487],[145.7267,60.498,598.3875],[145.7261,60.5583,697.9056],[145.7975,60.5712,669.9605],[145.8766,60.6122,1077.3748],[145.9458,60.6119,816.1994],[145.9933,60.6363,1077.9847],[146.0213,60.6937,744.3113],[146.0924,60.6973,847.0291],[146.1575,60.7346,800.3347],[146.2271,60.7434,650.4881],[146.3276,60.6877,842.7149],[146.4271,60.6625,967.8824],[146.5334,60.6637,903.7233],[146.5833,60.7079,842.2621],[146.559,60.7361,879.0858],[146.5311,60.7542,733.946],[146.5535,60.815,823.8958],[146.5463,60.8724,752.8348],[146.534,60.8982,837.9487],[146.5792,60.9292,1063.5272],[146.6664,60.9286,1002.3583],[146.7392,60.9383,1301.8444],[146.7753,60.9636,1230.609],[146.8069,61.0336,957.5198],[146.7858,61.057,992.074],[146.8436,61.0923,1164.4261],[146.8327,61.1291,1335.4078],[146.851,61.1752,1125.3433],[146.789,61.2481,1119.0701],[146.7474,61.3269,1107.9343],[146.7805,61.3949,886.2761],[146.73,61.4435,1228.1619],[146.6708,61.4607,1032.5573],[146.659,61.5128,1415.058],[146.6899,61.5783,1299.1195],[146.6509,61.6133,1414.012],[146.5698,61.6414,1262.7119],[146.5312,61.6727,1215.3643],[146.5353,61.7199,1109.894],[146.4147,61.8049,1617.5754],[146.3349,61.8473,1578.6365],[146.2867,61.8646,1261.7993],[146.2453,61.906,1229.2988],[146.16,61.9293,1302.4048],[146.1236,61.9327,1443.4988],[146.0543,61.974,1379.874],[145.9765,61.9931,1274.748],[145.8314,62.0048,1596.1506],[145.7727,62.0672,1226.9061],[145.7146,62.045,1152.7876],[145.7332,61.9885,1138.3401],[145.6851,61.9569,1212.9824],[145.6026,61.9508,1093.6196],[145.5731,61.9192,1143.1387],[145.4917,61.9196,1075.0275],[145.5279,61.9705,1047.4781],[145.4597,61.9624,1283.5734],[145.4242,61.971,1187.3068],[145.4214,61.9927,1383.6915],[145.3672,61.9978,1133.6676],[145.2952,61.9462,1132.6639],[145.2672,61.9645,1081.0408],[145.1592,61.9847,1291.7916],[145.1157,61.996,1256.2783],[145.1015,62.0264,1161.8326],[145.0381,62.0552,1325.9877],[144.9592,62.0552,1363.9271],[144.8916,62.0431,1438.0525],[144.8382,62.0361,1325.4949],[144.7892,62.0412,1528.5566],[144.7453,62.0103,1522.5801],[144.6693,61.9851,1646.1333],[144.6423,61.9299,1371.8735],[144.6071,61.8695,1388.6615],[144.5953,61.8396,1318.2192],[144.5272,61.822,1482.5345],[144.4365,61.8135,1452.8612],[144.3985,61.7702,1218.7456],[144.3298,61.7448,1552.1908],[144.2458,61.7395,1798.5863],[144.1786,61.7419,1771.0065],[144.1135,61.7196,1622.1514],[144.0053,61.7478,1800.8556],[143.9871,61.7893,1599.1609],[144.049,61.8366,1332.6438],[144.0161,61.8833,1387.0355],[144.0231,61.9148,1516.5284],[144.0598,61.945,1359.2159],[144.0031,61.957,1351.8182],[143.9325,61.9296,1469.8601],[143.8495,61.9191,1302.1978],[143.7694,61.842,1145.8107],[143.6896,61.9138,1527.4309],[143.6489,61.9438,1594.2822],[143.6857,61.9682,1685.1337],[143.6403,62.019,1802.7687],[143.5489,62.028,1558.5457],[143.4817,61.9982,1435.3082],[143.4288,61.9938,1530.9008],[143.4347,62.0188,1772.3529],[143.3401,62.0501,1514.979],[143.3351,62.1025,1715.9506],[143.2612,62.1007,2135.9651],[143.2063,62.0767,1932.6852],[143.2176,62.0313,1625.3768],[143.2129,61.9958,1462.8138],[143.1476,61.9608,2086.582],[143.1024,61.9335,2190.4194],[143.0916,61.8788,1489.0778],[143.0032,61.8641,1666.3646],[142.9666,61.9135,2227.9956],[142.7167,61.9475,1715.6929],[142.5885,61.8787,1392.3602],[142.4818,61.8721,1569.4636],[142.452,61.8898,1758.9376],[142.4,61.9128,1861.5214],[142.3274,61.9235,1568.1919],[142.2976,61.9557,1603.0735],[142.2757,62.0041,1639.7083],[142.264,62.0469,1783.4714],[142.1634,62.0456,1647.6049],[142.1042,62.0073,1395.2819],[142.0377,62.0058,1326.9519],[141.9639,61.9845,1486.0222],[141.8915,62.0525,1659.2135],[141.7703,62.0676,1698.502],[141.7507,62.1005,1769.0621],[141.6588,62.1225,1332.193],[141.5927,62.1681,1833.3865],[141.5973,62.2351,1757.6794],[141.4785,62.2698,1992.7419],[141.3752,62.3424,2503.2644],[141.3515,62.3983,2693.7527],[141.2587,62.3771,2451.156],[141.2027,62.3738,1820.7737],[141.1443,62.3812,1671.5708],[141.1469,62.4232,1968.9265],[141.1501,62.4464,1899.3718],[141.1112,62.4542,1807.6198],[141.0242,62.443,2193.9524],[140.9954,62.4608,2469.0085],[140.9641,62.4935,1919.8745],[140.8229,62.4926,2239.6907],[140.7794,62.4438,1863.5498],[140.7243,62.4051,1697.645],[140.6378,62.3926,1878.5219],[140.5222,62.4021,2084.9792],[140.4308,62.3692,1681.4121],[140.3967,62.3165,1484.3979],[140.3676,62.2263,1431.618],[140.3506,62.1541,1514.4159],[140.3347,62.0762,1443.412],[140.3941,62.0337,1895.5018],[140.3318,62.0039,1897.4172],[140.2984,61.9838,1468.0107],[140.2852,61.9486,1515.8228],[140.2555,61.9415,1712.8981],[140.0966,61.9539,1941.272],[140.0047,61.9323,1360.1329],[140.0545,61.8569,1425.1857],[139.9968,61.7637,1365.798],[139.8981,61.6724,1260.5741],[139.8834,61.616,1391.5033],[139.7947,61.5958,994.5338],[139.6824,61.5077,922.7103],[139.6531,61.4766,1089.2858],[139.5295,61.4662,1551.9036],[139.4603,61.4562,1363.1118],[139.3936,61.4281,1247.2888],[139.3268,61.4098,1405.2526],[139.1966,61.4306,1318.6453],[139.1321,61.3985,1225.453],[139.1344,61.3414,1458.994],[139.0817,61.3112,1361.9597],[138.9906,61.3199,1268.0583],[138.8907,61.3106,1222.6514],[138.8235,61.286,924.4287],[138.8133,61.3086,1348.3463],[138.7732,61.3231,1271.8881],[138.7135,61.2723,996.8607],[138.7588,61.214,1998.5649],[138.7153,61.1766,1624.0078],[138.6113,61.1245,1546.3741],[138.533,61.1065,1329.5061],[138.4761,61.0754,1485.1149],[138.3844,61.0864,1708.5842],[138.3533,61.0647,1407.3119],[138.3893,61.0148,1137.0005],[138.2827,60.9203,1139.9794],[138.2423,60.8518,1024.2954],[138.358,60.7724,1053.2997],[138.4964,60.7074,1754.5745],[138.5481,60.6748,900.0031],[138.4972,60.5985,1163.8203],[138.4321,60.5539,1297.8473],[138.4393,60.5169,1192.7053],[138.418,60.4889,1149.2491],[138.352,60.4446,1012.4404],[138.3909,60.4084,945.7131],[138.4152,60.3692,859.1499],[138.3743,60.3138,1116.812],[138.3067,60.2593,1038.967],[138.2664,60.2319,807.7016],[138.2588,60.1813,793.2361],[138.2651,60.1403,773.6672],[138.227,60.1091,938.5012],[138.271,60.0497,745.701],[138.2724,59.9995,864.1583],[138.2488,59.9542,970.8674],[138.3159,59.9199,944.2368],[138.3283,59.9041,749.6247],[138.2237,59.8223,979.1929],[138.2448,59.7812,514.5434],[138.2495,59.7379,386.6364],[138.3216,59.718,436.3518],[138.3252,59.6954,786.3312],[138.2838,59.6797,537.809],[138.246,59.6468,697.0771],[138.1322,59.6446,837.0509],[138.153,59.7011,664.5125],[138.1125,59.7473,716.3319],[138.0451,59.7184,731.3843],[137.8796,59.7293,352.6407],[137.6804,59.7209,353.0714],[137.5977,59.6862,387.575],[137.5179,59.638,379.5521],[137.5281,59.5965,565.2421],[137.5379,59.5731,373.2719],[137.4962,59.5396,636.7535],[137.4,59.4934,397.5724],[137.2481,59.4278,400.1126],[137.2188,59.4095,361.7556],[137.1171,59.3938,642.8545],[137.0045,59.3909,354.8132],[136.8933,59.3485,445.0023],[136.8228,59.304,516.0094],[136.7535,59.3013,348.7777],[136.6851,59.3194,567.9296],[136.5974,59.3507,318.6128],[136.4823,59.3514,340.9073],[136.3766,59.3586,347.299],[136.3194,59.3813,260.5058],[136.2059,59.3834,272.8122],[136.1275,59.3988,251.3971],[136.1154,59.4266,255.9153],[136.0089,59.443,406.6484],[135.9147,59.4848,239.0043],[135.7751,59.4972,231.7942],[135.6639,59.4812,224.6214],[135.5855,59.4252,244.3542],[135.5306,59.3936,236.4696],[135.5016,59.347,350.3159],[135.3913,59.2964,314.001],[135.3494,59.2621,217.2384],[135.3503,59.1974,343.999],[135.251,59.1427,355.381],[135.2516,59.1167,364.987],[135.1615,59.0914,611.2885],[135.0664,59.1027,470.2538],[134.9787,59.1294,504.4616],[134.9168,59.1391,592.423],[134.8566,59.1276,573.2302],[134.7953,59.1444,624.3294],[134.7807,59.1795,417.1196],[134.7343,59.2032,511.2134],[134.6769,59.2052,591.9507],[134.5586,59.1547,480.6725],[134.4505,59.1557,736.2074],[134.377,59.1806,648.4672],[134.3449,59.204,642.472],[134.2539,59.1887,507.1704],[134.1474,59.2268,758.1878],[134.0106,59.2536,548.159],[133.9493,59.237,534.2096],[133.8651,59.2449,514.993],[133.749,59.2208,642.3597],[133.6664,59.215,510.795],[133.5458,59.25,624.3981],[133.4026,59.2137,584.0494],[133.2769,59.1928,598.4072],[133.1446,59.2051,636.2239],[133.0554,59.1824,531.4504],[133.0226,59.1081,531.0627],[132.937,59.0884,454.7628],[132.861,59.0995,414.8413],[132.8404,59.0595,421.9777],[132.8,59.0166,510.2217],[132.8947,58.966,497.0501],[132.8498,58.9102,629.4603],[132.7375,58.8956,475.0553],[132.6796,58.8959,555.2594],[132.6249,58.8861,554.296],[132.5749,58.8114,473.057],[132.5763,58.7614,437.2438],[132.5217,58.7131,484.9096],[132.5742,58.6425,458.0491],[132.4789,58.5818,539.8828],[132.4784,58.5424,627.9446],[132.444,58.512,711.7319],[132.1911,58.5285,654.7836],[132.1974,58.4357,649.3778],[132.2402,58.3271,746.6056],[132.2551,58.2846,548.5465],[132.1819,58.2706,675.8969],[132.1309,58.2142,819.4153],[132.1494,58.1393,1010.2628],[132.1932,58.0768,880.1547],[132.0476,58.072,879.5189],[131.969,58.1213,764.907],[131.874,58.1524,894.2405],[131.8015,58.1583,864.5466],[131.7275,58.2192,938.9857],[131.6284,58.2096,998.499],[131.5422,58.1956,988.0826],[131.5641,58.1111,1020.988],[131.6618,58.0987,939.6651],[131.6765,58.0716,991.0573],[131.6371,58.0363,1037.049],[131.714,57.9868,893.3926],[131.8092,57.9769,862.2418],[131.8709,57.9524,717.0314],[131.8199,57.903,860.0307],[131.9236,57.8601,900.4146],[132.0237,57.8028,955.6218],[132.0948,57.7663,962.1663],[132.1302,57.7271,1170.62],[132.0941,57.6899,1238.1361],[132.0364,57.6841,1363.179],[132.0172,57.6383,1215.6427],[131.9378,57.6343,1151.0254],[131.8266,57.5805,1256.7229],[131.8131,57.5403,1623.7717],[131.7211,57.4813,1134.1898],[131.657,57.4363,987.6731],[131.6501,57.4004,845.7651],[131.6526,57.3568,754.288],[131.5902,57.2908,862.9213],[131.536,57.2717,462.7117],[131.4498,57.2969,966.6642],[131.3856,57.3121,872.1003],[131.3867,57.3413,926.3179],[131.3324,57.3364,618.3583],[131.3025,57.2659,780.8927],[131.2283,57.2571,635.4283],[131.2642,57.1852,388.7503],[131.3629,57.1793,573.4311],[131.4348,57.1487,375.944],[131.5138,57.1018,632.077],[131.7285,56.9417,896.5175],[131.8316,56.8483,1055.1471],[131.8768,56.7967,987.6216],[131.8568,56.7549,848.4562],[131.7185,56.7016,724.5155],[131.731,56.6302,1075.1858],[131.7062,56.5876,583.0081],[131.7827,56.5136,1029.8868],[131.7448,56.4768,639.7229],[131.6645,56.4642,602.4565],[131.6236,56.4859,612.2406],[131.6107,56.5245,673.5942],[131.5701,56.5389,800.4631],[131.5205,56.5115,1359.4047],[131.4901,56.4705,791.9852],[131.4255,56.4627,690.8628],[131.3875,56.4958,689.5339],[131.3437,56.513,990.1166],[131.2644,56.4978,1244.9536],[131.1819,56.429,772.9372],[131.1648,56.3279,875.4235],[131.1571,56.2539,882.8728],[131.0585,56.1485,940.9512],[130.9753,56.0748,909.9273],[130.9225,56.001,957.8003],[130.9395,55.9583,1196.8379],[130.8928,55.9219,1469.3076],[130.9017,55.8619,1674.0076],[130.9637,55.8108,2051.8979],[130.9851,55.7894,1631.2986],[130.9616,55.7425,1840.8899],[130.9861,55.7012,1671.0125],[131.0171,55.69,1872.6156],[131.1075,55.6698,1515.0758],[131.1941,55.6753,1990.1816],[131.2673,55.668,2008.3593],[131.3288,55.6702,1668.2548],[131.4281,55.6905,1197.5488],[131.5166,55.6777,1477.5872],[131.6899,55.7149,1272.0415],[131.7598,55.7134,1803.2195],[131.7777,55.6751,1550.6035],[131.8529,55.6896,1265.7938],[131.9424,55.6999,1608.01],[132.0364,55.6954,1587.0295],[132.1387,55.6998,1345.9114],[132.2262,55.7271,1364.1289],[132.2903,55.7446,1505.5298],[132.348,55.7536,1205.8051],[132.4169,55.7374,1350.3672],[132.4522,55.7363,1348.0122],[132.5099,55.739,1180.827],[132.5475,55.7226,1303.7261],[132.5546,55.683,1378.4042],[132.5879,55.6397,1252.1041],[132.6783,55.6033,1530.7354],[132.6634,55.5744,1505.1667],[132.6354,55.5421,1404.6802],[132.6747,55.5063,1245.402],[132.7417,55.4684,1110.1311],[132.8286,55.4504,1354.0377],[132.9274,55.4235,1656.8254],[132.8957,55.3914,1497.7274],[132.8234,55.3904,1706.7024],[132.724,55.3788,1338.9839],[132.6594,55.3326,1373.0945],[132.6534,55.2854,1209.7281],[132.5973,55.2419,866.4688],[132.5092,55.2309,1054.1274],[132.4016,55.2133,959.8427],[132.3914,55.1571,683.9037],[132.3992,55.1236,955.4193],[132.3501,55.0801,687.9637],[132.2348,55.0533,803.2448],[132.1468,55.0495,1047.418],[132.0864,55.0415,1080.1115],[132.0757,55.0115,1492.0332],[132.0454,54.9676,1784.7502],[131.973,54.9208,1402.4238],[131.8733,54.9048,1748.6958],[131.8125,54.8482,1488.6592],[131.7366,54.8262,1676.2448],[131.6246,54.8075,1369.9099],[131.5991,54.7665,1184.928],[131.5292,54.7467,1487.9783],[131.4204,54.7497,1065.0659],[131.3999,54.7237,1316.5039],[131.3784,54.6908,1196.4791],[131.3177,54.6755,1181.8093],[131.2408,54.6495,1264.2819],[131.2156,54.6033,965.86],[131.2391,54.5595,1050.991],[131.2098,54.5042,867.927],[131.1709,54.4539,758.1841],[131.1321,54.3881,748.3798],[131.1201,54.3423,728.907],[131.0656,54.3253,694.0487],[131.017,54.3446,717.894],[130.9476,54.3441,751.4781],[130.8835,54.3196,734.8186],[130.8507,54.3035,631.4028],[130.7936,54.3036,490.7982],[130.7393,54.2864,494.7822],[130.6662,54.2143,459.5162],[130.6086,54.2053,446.8951],[130.5611,54.177,454.9131],[130.5305,54.1234,495.9628],[130.5292,54.0645,528.1652],[130.5018,54.0122,589.7205],[130.4479,53.9797,792.0914],[130.3781,53.9293,1450.7935],[130.4791,53.8973,1181.3992],[130.5572,53.8921,1226.7352],[130.6243,53.9075,953.2921],[130.6863,53.8844,930.9294],[130.7,53.8549,965.446],[130.7661,53.85,925.3143],[130.8152,53.851,1026.9519],[130.8391,53.8257,947.2458],[130.9177,53.7843,941.4836],[130.9747,53.8136,902.0839],[131.0559,53.8246,1164.3302],[131.2132,53.7781,1102.4602],[131.2789,53.7956,1217.3973],[131.3344,53.7935,1157.4534],[131.3871,53.7767,1105.5247],[131.4304,53.7505,1233.0134],[131.4201,53.7052,909.8973],[131.4741,53.5894,916.8896],[131.5007,53.5413,755.3479],[131.4683,53.4946,817.7966],[131.5156,53.4341,757.3765],[131.5538,53.3958,656.4354],[131.5761,53.3572,742.6588],[131.5602,53.3117,630.5633],[131.5236,53.2776,819.6414],[131.4435,53.2219,874.0868],[131.5115,53.2074,858.4122],[131.719,53.2592,594.3199],[131.8147,53.2576,783.4062],[131.8624,53.2501,594.9057],[131.884,53.2208,645.9957],[131.8266,53.187,798.8936],[131.8735,53.1334,668.35],[131.9659,53.1161,1054.7341],[132.0628,53.1448,734.9861],[132.0828,53.1984,788.0433],[132.2552,53.221,894.9915],[132.323,53.237,777.8615],[132.3746,53.2372,817.9321],[132.4243,53.2133,828.5307],[132.5259,53.2205,1065.6854],[132.6296,53.23,838.6714],[132.708,53.2298,969.441],[132.8035,53.2096,754.8609],[132.8891,53.2267,821.5909],[132.942,53.2877,918.5413],[133.0246,53.3057,930.4376],[133.0771,53.2813,688.4064],[133.1492,53.3142,1008.9183],[133.1189,53.3637,789.7307],[133.1332,53.4051,1001.274],[133.2106,53.4383,977.8157],[133.3174,53.4765,1102.733],[133.388,53.4857,1028.4871],[133.4468,53.4778,1057.4929],[133.5038,53.5355,851.9253],[133.6009,53.5222,984.1877],[133.6337,53.4872,997.9211],[133.6782,53.4576,921.0024],[133.7466,53.4558,906.4175],[133.8152,53.4707,1163.329],[133.8658,53.4516,1091.2482],[133.8999,53.4244,1081.0186],[133.9867,53.4298,1639.8472],[134.0732,53.4617,1156.1298],[134.1375,53.4746,1631.6915],[134.2565,53.5239,1565.7451],[134.3335,53.5145,1739.8773],[134.4093,53.5224,1429.7673],[134.4475,53.5675,1965.714],[134.4933,53.5846,1418.709],[134.552,53.574,1519.0114],[134.5819,53.533,1322.436],[134.6488,53.5238,1504.6688],[134.6907,53.5051,1329.7239],[134.7104,53.4718,1510.4006],[134.7923,53.4509,1439.7463],[134.8587,53.4193,1261.5914],[134.901,53.394,1469.5702],[134.8746,53.3618,1418.2521],[134.8018,53.3681,1252.9608],[134.7323,53.3647,1327.9565],[134.7085,53.3381,1276.3572],[134.7338,53.3166,1455.3024],[134.7994,53.297,1154.1245],[134.8294,53.2601,1366.0891],[134.8507,53.2272,1320.2913],[134.7983,53.1599,1430.1721],[134.7929,53.13,1500.8588],[134.8231,53.0899,1384.5898],[134.7897,53.052,1258.4229],[134.7292,53.0298,1697.3153],[134.6873,52.998,1357.2534],[134.6286,52.9341,1762.0444],[134.5866,52.8814,1527.0801],[134.5982,52.8468,1613.7615],[134.5968,52.799,1593.0099],[134.636,52.7685,1454.071],[134.6313,52.7407,1663.5886],[134.6084,52.7003,1889.5754],[134.6701,52.6819,1272.9569],[134.6923,52.6311,1751.351],[134.6605,52.6002,1556.24],[134.5945,52.5635,1424.9119],[134.565,52.535,1357.4028],[134.6089,52.4945,1706.4832],[134.6095,52.4524,1696.9205],[134.582,52.4223,1681.1331],[134.5115,52.4134,1737.2317],[134.4415,52.4399,1643.4275],[134.3627,52.4443,1389.2635],[134.2672,52.444,1493.1956],[134.2208,52.4663,1815.3997],[134.0634,52.4651,1454.5498],[133.9837,52.505,1384.5469],[133.8646,52.5121,1568.2697],[133.8145,52.5417,1204.2776],[133.7147,52.563,1578.6912],[133.6467,52.5672,1284.7491],[133.5334,52.6022,1120.511],[133.4552,52.6367,1157.9812],[133.3406,52.6666,1149.3699],[133.276,52.6662,1275.9575],[133.2085,52.6097,1006.3835],[133.2307,52.5401,896.9997],[133.2881,52.4972,920.5912],[133.2217,52.4529,1139.3799],[133.2415,52.3998,975.2195],[133.3416,52.3519,944.2243],[133.3932,52.2912,1093.1311],[133.3757,52.236,1035.5054],[133.2861,52.1822,1368.6831],[133.1867,52.1544,1029.2571],[133.0124,52.1616,1149.9034],[132.932,52.151,1125.8389],[132.8904,52.1534,1158.2991],[132.8508,52.1674,1035.6879],[132.7484,52.133,1006.903],[132.6117,52.0656,935.1322],[132.5542,52.034,678.9247],[132.51,52.0032,446.8626],[132.4733,51.9547,558.7035],[132.4105,51.9392,401.7882],[132.4017,51.8848,412.9238],[132.383,51.8397,446.9969],[132.3188,51.7941,561.1584],[132.2366,51.7705,620.2349],[132.2012,51.7758,622.2682],[132.1057,51.7392,812.3461],[132.034,51.7407,692.3812],[131.997,51.7393,945.4706],[131.9368,51.7096,862.9539],[131.8685,51.7192,813.2039],[131.7924,51.6833,961.0484],[131.6994,51.664,951.7424],[131.6148,51.6541,1416.0249],[131.4857,51.6733,847.3094],[131.4505,51.6499,940.6147],[131.4768,51.6214,785.9001],[131.4365,51.5651,633.8594],[131.4572,51.5171,643.5548],[131.5237,51.4275,705.3564],[131.5198,51.3923,739.949],[131.495,51.3606,1075.3044],[131.4178,51.3575,933.9845],[131.3645,51.3641,742.5449],[131.3152,51.325,815.2972],[131.2653,51.2577,864.7534],[131.2132,51.2325,588.7032],[131.1581,51.2325,798.2783],[131.112,51.2277,611.0394],[131.0449,51.1234,802.7334],[130.9796,51.0106,656.2725],[130.928,50.9862,624.7628],[130.8466,50.9701,730.6539],[130.8024,50.9485,961.6394],[130.821,50.9186,879.9439],[130.8577,50.8851,1090.0186],[130.862,50.8556,880.3896],[130.8258,50.8336,815.5094],[130.7906,50.7942,825.5667],[130.762,50.7426,723.3666],[130.7469,50.7061,681.9019],[130.7092,50.6885,848.46],[130.7169,50.643,614.0168],[130.7602,50.6207,688.0928],[130.8785,50.6746,649.63],[130.9447,50.6753,460.5387],[130.9911,50.6408,601.0547],[131.0282,50.5921,466.7253],[131.0316,50.5368,413.1667],[130.977,50.4975,326.6985],[130.9338,50.4638,281.924],[130.9238,50.4177,314.1395],[130.9885,50.3886,246.0],[131.0317,50.4012,397.1511],[131.0611,50.4172,262.9465],[131.1518,50.4069,309.0026],[131.1678,50.3767,328.7162],[131.2197,50.3715,411.6522],[131.2825,50.393,641.1486],[131.3086,50.3284,665.0304],[131.3087,50.2982,503.6197],[131.418,50.2757,553.2113],[131.4315,50.2282,578.3438],[131.4798,50.2108,399.639],[131.4999,50.1701,524.2616],[131.459,50.1198,426.6046],[131.4088,50.0854,562.7794],[131.415,50.0613,575.0123],[131.4805,50.0515,520.3672],[131.4979,50.0117,507.2955],[131.4819,49.9665,373.3876],[131.5405,49.9124,397.562],[131.5387,49.8879,447.905],[131.5128,49.8508,474.7079],[131.5028,49.8278,456.2148],[131.5311,49.7996,425.4111],[131.5192,49.7621,470.8075],[131.4673,49.7315,478.5342],[131.4352,49.7206,445.7939],[131.4028,49.6847,408.669],[131.4317,49.6533,440.7467],[131.4808,49.6153,391.1396],[131.5078,49.5673,414.2067],[131.5032,49.5113,411.291],[131.4966,49.4822,502.6378],[131.5082,49.4351,516.4587],[131.5097,49.3902,641.7387],[131.4895,49.3484,593.2581],[131.4756,49.2995,577.6064],[131.45,49.2665,632.98],[131.3881,49.2532,839.1657],[131.4811,49.2264,695.953],[131.5541,49.2642,646.4785],[131.6014,49.2831,896.5048],[131.6534,49.2944,627.1334],[131.7533,49.3425,793.6053],[131.7926,49.3407,878.6703],[131.8555,49.3272,805.359],[131.9064,49.2851,994.8515],[131.9727,49.2956,977.363],[131.9664,49.3675,893.3664],[132.0189,49.3886,930.0908],[132.0408,49.4593,815.6398],[132.149,49.4893,813.6678],[132.2043,49.4761,1071.2825],[132.2708,49.4357,955.0827],[132.3771,49.4134,1192.1963],[132.4072,49.3688,1110.9583],[132.3872,49.3197,1071.5437],[132.4668,49.2798,1084.8179],[132.553,49.3116,756.5886],[132.6508,49.2928,637.5928],[132.6994,49.3007,638.3641],[132.739,49.3229,541.5938],[132.7868,49.2415,716.1689],[132.8909,49.2406,657.008],[132.9474,49.2253,895.7067],[133.0222,49.2302,917.4055],[133.0836,49.1958,667.5281],[133.1435,49.1863,321.3712],[133.1992,49.0814,149.0073],[133.2194,48.9968,102.2174],[133.2386,48.9044,83.4353],[133.4016,48.7902,71.3059],[133.7321,48.6916,50.6889],[134.0515,48.6508,45.6646],[134.1636,48.6451,41.9852],[134.2237,48.6705,43.322],[134.2568,48.6944,43.1505],[134.2804,48.7248,39.7657],[134.3148,48.7472,40.7519],[134.3807,48.7437,41.1837],[134.4272,48.7164,37.0],[134.4417,48.6896,38.4949],[134.5033,48.6824,38.1542],[134.5104,48.6366,36.9652],[134.5604,48.6049,37.549],[134.597,48.6356,35.5],[134.649,48.6267,36.509],[134.6898,48.5931,33.5],[134.7692,48.6223,35.8642],[134.8434,48.6081,34.8889],[134.8906,48.5936,34.115],[134.9063,48.5713,34.1232],[134.8992,48.5296,41.2778],[134.8578,48.473,39.1305],[134.7578,48.4309,36.8925],[134.6825,48.4362,42.2472],[134.6006,48.4665,42.4349],[134.5172,48.4788,42.5919],[134.4441,48.4646,40.8529],[134.351,48.4124,39.7473],[134.3065,48.3776,36.0],[134.2932,48.3738,36.0],[134.3443,48.3736,36.0],[134.3893,48.3857,35.5],[134.4043,48.385,35.5],[134.4277,48.3776,35.5],[134.4532,48.363,35.5],[134.4714,48.3552,35.5],[134.5111,48.347,35.2588],[134.529,48.3487,35.0],[134.537,48.3527,35.0],[134.5546,48.3654,35.0],[134.5697,48.3663,39.1859],[134.5754,48.3632,38.1223],[134.5813,48.3478,35.0],[134.5896,48.3321,35.0],[134.5996,48.3258,36.4694],[134.6301,48.2997,34.5],[134.6567,48.2903,34.6687],[134.7041,48.2798,33.5],[134.7118,48.2758,34.5131],[134.6843,48.2535,33.3849],[134.6753,48.2427,33.0],[134.6686,48.2289,33.5],[134.6679,48.1871,33.5],[134.6711,48.1642,40.2624],[134.664,48.1477,34.0],[134.6349,48.1204,34.0],[134.6275,48.1036,35.2976],[134.6214,48.0962,34.0],[134.5788,48.0611,34.0],[134.5654,48.0394,34.0],[134.5566,48.0323,37.097],[134.5506,48.0244,36.886],[134.5513,47.9936,40.0716],[134.5539,47.9813,36.904],[134.5809,47.9613,40.9781],[134.5852,47.9501,36.0],[134.5867,47.9394,37.6443],[134.5805,47.9274,36.0],[134.5811,47.9179,37.1869],[134.5889,47.9068,36.0],[134.6016,47.9019,36.0],[134.6406,47.9,36.0],[134.6569,47.8934,36.0],[134.664,47.8793,37.9529],[134.6704,47.8332,36.0],[134.6755,47.8226,38.0409],[134.6904,47.81,36.0],[134.7237,47.786,36.5],[134.7593,47.7668,36.5],[134.7716,47.7535,40.8455],[134.7739,47.7291,36.5],[134.7613,47.705,36.5],[134.7533,47.6786,42.7913],[134.739,47.6681,39.6724],[134.7117,47.6537,37.0],[134.678,47.6307,37.0],[134.6746,47.6152,37.0],[134.676,47.6005,38.5851],[134.6698,47.5838,37.5],[134.6203,47.5415,39.0],[134.5759,47.5177,78.9392],[134.5744,47.4999,39.0],[134.5676,47.4942,39.0],[134.5284,47.4748,39.5977],[134.4935,47.4438,39.5],[134.4837,47.4435,39.5],[134.4609,47.4477,39.5],[134.4422,47.4453,39.5],[134.3962,47.4347,39.5],[134.3827,47.4343,39.5],[134.3599,47.439,39.5],[134.334,47.4364,39.75],[134.2956,47.4211,40.0],[134.2682,47.4013,40.0],[134.2518,47.3788,40.0],[134.2483,47.3647,40.0],[134.242,47.3529,40.0],[134.2334,47.3465,42.4067],[134.187,47.3309,41.1567],[134.1813,47.3234,44.0359],[134.1669,47.2979,41.5],[134.157,47.2738,41.5],[134.1491,47.2595,42.8792],[134.1491,47.2467,41.5],[134.1606,47.2361,41.5],[134.2045,47.2107,41.5],[134.2154,47.1965,44.019],[134.2226,47.1807,41.5],[134.2243,47.1573,41.5],[134.2214,47.1186,41.5],[134.2132,47.1038,41.5],[134.187,47.0947,43.5273],[134.1454,47.092,45.581],[134.1346,47.0878,41.5],[134.1142,47.0624,41.5],[134.113,47.0529,41.5],[134.1141,47.0371,42.7367],[134.0955,47.0004,67.5691],[134.0661,46.9721,100.0373],[134.0692,46.9545,43.7118],[134.0739,46.942,49.2504],[134.0722,46.9267,113.1913],[134.0651,46.9094,65.2823],[134.0497,46.893,48.7207],[134.0441,46.8807,49.3705],[134.0401,46.8477,45.2287],[134.0297,46.8384,48.2849],[134.0207,46.8223,48.9545],[134.0234,46.8116,50.025],[134.0386,46.7931,49.5972],[134.0492,46.774,45.2729]]],
[[[136.295,54.6947,0.8158],[136.2814,54.6977,0.7515],[136.2803,54.701,0.0],[136.2764,54.7014,9.3401],[136.2713,54.6967,52.4221],[136.264,54.6947,0.0],[136.2565,54.6822,0.0],[136.2601,54.6799,0.0],[136.2693,54.6812,15.4223],[136.2728,54.6761,0.0],[136.2799,54.673,6.3988],[136.2807,54.6677,3.6571],[136.2794,54.6636,14.2521],[136.2837,54.6602,0.0],[136.287,54.66,0.0],[136.2858,54.6523,18.65],[136.2926,54.649,0.0],[136.3072,54.6524,2.1871],[136.3155,54.6486,0.0],[136.3338,54.6502,0.0],[136.3504,54.6469,0.0],[136.3565,54.6418,0.0],[136.3643,54.6405,13.8194],[136.3765,54.6345,0.0],[136.3931,54.6319,0.0],[136.4105,54.633,0.0],[136.4183,54.6311,0.0],[136.4251,54.6319,0.0],[136.4357,54.6292,19.7657],[136.4412,54.6302,0.0],[136.4533,54.6257,12.7019],[136.4559,54.6261,6.1942],[136.4595,54.6297,15.5444],[136.4584,54.6336,8.1525],[136.4605,54.6368,0.0],[136.4666,54.6403,0.0],[136.461,54.6457,13.1589],[136.4627,54.647,0.0],[136.4613,54.6489,2.0422],[136.4575,54.651,0.0],[136.4545,54.6507,2.7987],[136.4528,54.6444,13.5225],[136.4481,54.6407,0.0],[136.4308,54.6404,28.8658],[136.4261,54.6364,5.6022],[136.4186,54.6356,0.0],[136.3877,54.6392,0.0],[136.3794,54.6428,15.1283],[136.3607,54.6463,11.1212],[136.3465,54.6515,62.646],[136.3324,54.6596,43.1935],[136.3306,54.6645,0.0],[136.3318,54.6663,13.4914],[136.329,54.6709,0.0],[136.3306,54.6756,1.5837],[136.3367,54.678,8.2523],[136.3459,54.6768,0.0],[136.3491,54.6781,0.0],[136.3328,54.6924,1.1011],[136.3324,54.6968,42.366],[136.3215,54.6966,30.601],[136.3151,54.6937,31.9549],[136.3103,54.6933,10.2384],[136.295,54.6947,0.8158]]],
[[[140.3298,49.0528,2.0767],[140.3268,49.052,6.9685],[140.3244,49.0537,3.0258],[140.3199,49.0501,6.4063],[140.3152,49.0511,0.0],[140.3133,49.0424,3.5484],[140.31,49.0387,13.1085],[140.3072,49.038,3.7065],[140.3058,49.0341,1.3426],[140.3008,49.0312,0.0],[140.2993,49.0258,0.0],[140.3015,49.0246,0.0],[140.3045,49.0254,0.0],[140.3136,49.0357,4.8011],[140.3317,49.044,0.0],[140.3332,49.0524,0.0],[140.3314,49.0537,4.1305],[140.3298,49.0528,2.0767]]],
[[[140.3472,49.1678,0.0],[140.3492,49.1669,0.0],[140.3506,49.1697,0.0],[140.3477,49.169,3.5266],[140.3472,49.1678,0.0]]],
[[[140.3347,49.2789,0.0],[140.3364,49.2789,0.2174],[140.3394,49.2808,0.0],[140.3342,49.2797,0.0],[140.3347,49.2789,0.0]]],
[[[140.6855,51.3288,0.0],[140.6861,51.3268,0.0],[140.6883,51.3268,0.0],[140.688,51.3287,0.0],[140.6855,51.3288,0.0]]],
[[[140.8833,51.4275,0.0],[140.8778,51.4264,13.6119],[140.8729,51.4295,0.0],[140.8695,51.4366,31.76],[140.863,51.4372,2.0785],[140.8639,51.4331,12.8888],[140.8716,51.4278,0.0],[140.8703,51.4236,0.0],[140.8772,51.4219,0.0],[140.8905,51.4247,0.0],[140.8833,51.4275,0.0]]],
[[[139.7882,54.3529,15.8806],[139.7813,54.3544,25.7784],[139.781,54.3583,0.0],[139.7741,54.3549,20.2918],[139.7661,54.3552,6.828],[139.7639,54.3519,64.3816],[139.7592,54.3536,25.2679],[139.7575,54.3525,7.4284],[139.7594,54.3494,45.8261],[139.7536,54.3459,0.0],[139.7533,54.3433,0.0],[139.7563,54.339,11.8312],[139.765,54.3361,0.0],[139.7704,54.3366,0.0],[139.7837,54.3409,20.4188],[139.8013,54.3426,2.8672],[139.8056,54.346,0.0],[139.8056,54.3482,11.3335],[139.8083,54.3499,0.0],[139.8073,54.3513,4.9267],[139.809,54.3529,9.2884],[139.801,54.3528,6.3562],[139.7976,54.3549,3.7224],[139.7882,54.3529,15.8806]]],
[[[140.836,51.4435,7.5838],[140.8349,51.4416,0.0],[140.8393,51.4414,0.0],[140.8375,51.4433,0.0],[140.836,51.4435,7.5838]]],
[[[140.8142,51.467,4.7679],[140.8103,51.4649,0.0],[140.8107,51.4637,0.0],[140.8188,51.4657,0.0],[140.8142,51.467,4.7679]]],
[[[140.8139,51.4772,0.0],[140.8171,51.4749,0.0],[140.82,51.4783,0.0],[140.8134,51.4786,0.0],[140.8139,51.4772,0.0]]],
[[[141.1788,52.402,4.8943],[141.1838,52.4006,8.2491],[141.1897,52.4024,0.0],[141.1768,52.4061,0.0],[141.1736,52.4055,0.0],[141.1788,52.402,4.8943]]],
[[[137.4969,53.6551,1.7541],[137.4953,53.6534,0.0],[137.4995,53.6557,0.0],[137.4981,53.656,1.7066],[137.4969,53.6551,1.7541]]],
[[[137.411,54.076,2.4241],[137.4101,54.075,0.0],[137.4121,54.0737,0.0],[137.4179,54.0775,0.0],[137.415,54.0775,0.0],[137.411,54.076,2.4241]]],
[[[137.4314,54.0829,0.0],[137.4292,54.0812,0.0],[137.4338,54.0817,0.0],[137.4403,54.0849,0.6155],[137.4353,54.0843,0.6931],[137.4314,54.0829,0.0]]],
[[[137.4453,54.1444,1.8019],[137.4446,54.1435,1.0663],[137.4462,54.1428,0.8673],[137.4466,54.1448,1.2627],[137.4453,54.1444,1.8019]]],
[[[137.8238,54.3439,0.0],[137.8173,54.3495,0.0],[137.8174,54.3529,0.0],[137.8142,54.3535,16.1904],[137.8105,54.3516,44.3525],[137.8028,54.3514,9.9049],[137.7989,54.3486,0.0],[137.801,54.3457,0.0],[137.7984,54.3435,19.3714],[137.7863,54.3442,0.0],[137.7846,54.3401,0.0],[137.7936,54.3377,17.7465],[137.8025,54.3396,0.0],[137.8079,54.3437,0.0],[137.8185,54.3417,0.0],[137.8238,54.3439,0.0]]],
[[[137.9265,54.4856,24.1304],[137.9207,54.4899,52.2744],[137.9197,54.4933,0.0],[137.9146,54.4952,38.0166],[137.9068,54.493899999999996,0.0],[137.898,54.4897,34.9926],[137.8871,54.4903,94.9729],[137.8782,54.4929,21.2926],[137.868,54.4929,6.0804],[137.8577,54.4877,8.1025],[137.8494,54.4876,11.1698],[137.8409,54.4843,9.6658],[137.8395,54.481,45.9064],[137.8411,54.4786,81.1772],[137.8378,54.4756,12.1826],[137.8384,54.4702,9.8173],[137.8329,54.4637,9.2997],[137.8318,54.4594,0.0],[137.8286,54.4575,0.0],[137.8208,54.4477,0.0],[137.8246,54.4439,87.4776],[137.8238,54.44,0.0],[137.8288,54.4375,19.1005],[137.8263,54.433,2.1462],[137.8074,54.4215,10.4312],[137.7922,54.4155,11.0577],[137.792,54.4114,32.0479],[137.7796,54.4068,46.7017],[137.774,54.3985,1.3142],[137.7707,54.3965,8.8747],[137.76,54.3924,0.9785],[137.743,54.3909,7.7608],[137.7384,54.3881,8.9886],[137.7397,54.3857,0.0],[137.7383,54.3834,18.2701],[137.72,54.3791,7.9414],[137.7077,54.3717,18.5551],[137.7101,54.3674,49.564],[137.7096,54.3621,49.576],[137.7118,54.3573,47.0344],[137.7138,54.3558,42.1912],[137.7215,54.3557,29.4778],[137.7248,54.3574,54.6402],[137.7334,54.3574,31.1843],[137.7427,54.3656,39.7825],[137.7459,54.3667,0.0],[137.7551,54.3656,4.6042],[137.7574,54.3698,0.0],[137.7618,54.3724,45.2521],[137.7708,54.3736,0.0],[137.7841,54.3707,12.5086],[137.7976,54.3784,43.2476],[137.804,54.3794,50.649],[137.8073,54.3762,17.2625],[137.8113,54.3753,0.0],[137.8163,54.3804,0.0],[137.8291,54.3831,0.0],[137.8346,54.3876,53.5373],[137.8334,54.3897,28.4975],[137.834,54.3939,27.8291],[137.8408,54.3988,13.0977],[137.8402,54.4011,16.1262],[137.8475,54.4076,0.0],[137.85,54.414,7.7706],[137.8528,54.4162,0.0],[137.8519,54.4203,0.0],[137.8534,54.4375,0.0],[137.856,54.4408,29.1321],[137.8787,54.4463,5.4686],[137.8838,54.446,16.3171],[137.8874,54.4483,0.9614],[137.8916,54.4478,4.2097],[137.9101,54.4516,0.0],[137.9156,54.4511,8.7464],[137.9227,54.4538,67.8939],[137.9336,54.4539,23.8606],[137.9545,54.4605,0.0],[137.942,54.4734,0.0],[137.9386,54.4747,68.7195],[137.933,54.4811,4.6605],[137.9265,54.4856,24.1304]]],
[[[137.6214,54.5534,9.5537],[137.6236,54.5549,7.3194],[137.6224,54.5569,37.6063],[137.6087,54.5549,48.2845],[137.6073,54.5492,12.5162],[137.6125,54.5466,5.9275],[137.6118,54.5456,5.9275],[137.6043,54.5475,1.4765],[137.5961,54.5449,36.4396],[137.5904,54.5449,12.6764],[137.5915,54.5416,0.0],[137.5906,54.5383,12.398],[137.5855,54.5353,34.1136],[137.5734,54.5334,9.3318],[137.5729,54.5312,12.5516],[137.5748,54.5286,38.4413],[137.5718,54.5226,13.825],[137.563,54.5172,6.1941],[137.5545,54.5084,0.0],[137.5589,54.5044,2.6712],[137.5622,54.5031,0.5867],[137.5667,54.5038,55.3702],[137.5694,54.5011,42.1754],[137.5686,54.4965,5.866],[137.5616,54.489,24.1411],[137.5613,54.4855,78.3236],[137.5633,54.4831,7.0838],[137.5687,54.4822,24.2569],[137.5716,54.4785,67.6242],[137.5683,54.466,9.4233],[137.5784,54.4654,0.0],[137.5835,54.4675,31.8314],[137.5878,54.4663,21.9138],[137.5916,54.4608,1.596],[137.5906,54.4567,3.4989],[137.5919,54.4523,3.7845],[137.5866,54.4439,45.2408],[137.5813,54.439,0.0],[137.5794,54.4356,0.0],[137.5802,54.4344,38.8781],[137.56,54.4158,0.6354],[137.5594,54.4136,1.5193],[137.5533,54.4094,1.9683],[137.5462,54.409,0.0],[137.5394,54.4039,14.606],[137.5467,54.3997,0.0],[137.546,54.3964,0.0],[137.5475,54.3953,0.0],[137.5547,54.3966,12.4319],[137.5578,54.3942,11.3929],[137.5667,54.3924,5.3431],[137.5701,54.3896,45.8176],[137.57,54.3858,14.2148],[137.5744,54.3831,0.0],[137.5833,54.3844,25.0325],[137.595,54.3823,37.6617],[137.6095,54.3864,2.1069],[137.6174,54.3905,0.0],[137.6087,54.3972,0.0],[137.6118,54.4003,0.9798],[137.616,54.4015,3.8862],[137.6189,54.3992,14.5689],[137.6276,54.3984,14.4515],[137.628,54.3963,5.4027],[137.6383,54.3944,3.9985],[137.6422,54.3886,0.0],[137.655,54.3797,0.0],[137.6574,54.384,36.5608],[137.656,54.3881,11.5053],[137.6506,54.3914,11.282],[137.6499,54.3951,0.0],[137.6432,54.3988,4.4043],[137.6427,54.402,0.0],[137.6359,54.4044,15.7086],[137.6353,54.4066,5.7077],[137.6367,54.4085,23.9815],[137.6306,54.4115,27.5341],[137.6304,54.4129,0.0],[137.6206,54.4164,16.2723],[137.6064,54.4292,11.3717],[137.6051,54.4321,1.5011],[137.6056,54.4343,14.7689],[137.6187,54.4451,2.4654],[137.622,54.4457,16.2811],[137.6228,54.4503,47.9024],[137.6274,54.4526,0.0],[137.628,54.4595,7.7681],[137.6319,54.4634,0.0],[137.647,54.4668,17.5625],[137.6477,54.4686,0.0],[137.6441,54.4766,0.0],[137.6465,54.483,18.9098],[137.6555,54.4836,0.0],[137.662,54.4885,0.0],[137.6512,54.4961,17.1569],[137.655,54.5003,0.0],[137.6539,54.506,0.0],[137.6493,54.5055,19.4947],[137.6456,54.5085,29.5079],[137.639,54.5094,30.3113],[137.635,54.5137,85.4422],[137.6339,54.5217,54.867],[137.6368,54.5256,21.3987],[137.6321,54.5276,3.2834],[137.6311,54.5297,14.9234],[137.6347,54.5361,38.4187],[137.6285,54.5387,33.5461],[137.6253,54.542,12.5978],[137.6262,54.5442,8.9557],[137.6192,54.5449,16.4303],[137.6163,54.5475,11.5825],[137.6169,54.551,0.0],[137.6214,54.5534,9.5537]]],
[[[137.0878,54.6143,10.8609],[137.0808,54.6129,17.9031],[137.0767,54.615,1.9804],[137.0764,54.6129,8.3842],[137.0732,54.6112,10.8796],[137.0609,54.6068,15.448],[137.0591,54.6023,47.9655],[137.0693,54.5975,8.3677],[137.0708,54.5945,0.0],[137.0775,54.5965,10.8244],[137.0811,54.5999,10.4091],[137.0819,54.6041,0.0],[137.096,54.6136,0.0],[137.0942,54.6148,0.0],[137.0906,54.6133,43.7058],[137.0878,54.6143,10.8609]]],
[[[135.2875,54.7317,0.0],[135.2889,54.7339,0.0],[135.2809,54.7322,1.5484],[135.2836,54.7313,0.0],[135.2875,54.7317,0.0]]],
[[[135.2953,54.7343,0.0],[135.2967,54.7351,0.0],[135.2917,54.7356,0.0],[135.2929,54.7327,0.0],[135.2953,54.7343,0.0]]],
[[[136.3561,54.7927,6.3751],[136.3536,54.7899,2.6625],[136.3571,54.7887,0.0],[136.3614,54.7901,0.0],[136.3653,54.795,2.4435],[136.3635,54.7951,21.0273],[136.3561,54.7927,6.3751]]],
[[[136.3111,54.8245,13.6672],[136.3093,54.8217,0.0],[136.3155,54.8204,0.0],[136.3189,54.8216,4.2355],[136.3151,54.8244,7.107],[136.3111,54.8245,13.6672]]],
[[[137.1895,54.6877,16.908],[137.1869,54.6859,47.5523],[137.1864,54.6823,11.5353],[137.1894,54.6847,3.922],[137.1967,54.6851,0.0],[137.2029,54.6885,0.0],[137.2024,54.6893,0.0],[137.1895,54.6877,16.908]]],
[[[137.2113,54.6933,8.6082],[137.2067,54.6901,0.0],[137.2104,54.6906,4.9404],[137.2123,54.6927,0.0],[137.2113,54.6933,8.6082]]],
[[[137.6634,55.1832,29.6205],[137.6555,55.1831,29.4032],[137.6494,55.185,65.8028],[137.6311,55.1959,1.7817],[137.6273,55.1934,42.4302],[137.6255,55.1897,21.1877],[137.618,55.1869,83.7943],[137.6047,55.187,58.8439],[137.5947,55.1847,27.8488],[137.5756,55.185,34.6349],[137.5667,55.1828,13.099],[137.5584,55.1829,5.3063],[137.5533,55.1794,6.9327],[137.5521,55.1754,6.776],[137.5583,55.1689,27.4928],[137.5578,55.1622,4.5669],[137.5556,55.1572,6.522],[137.5333,55.1386,30.289],[137.5172,55.1283,43.4168],[137.5164,55.1269,52.0607],[137.5178,55.1253,45.1591],[137.5155,55.1203,34.6548],[137.5053,55.1122,0.0],[137.5059,55.1106,0.0],[137.5123,55.1091,74.4522],[137.5167,55.1056,132.588],[137.5189,55.1022,5.2237],[137.5183,55.0975,13.6971],[137.5122,55.0928,15.1334],[137.5122,55.0904,82.603],[137.5083,55.0867,28.5749],[137.502,55.0824,20.988],[137.5032,55.0803,0.0],[137.5089,55.0772,16.2767],[137.5083,55.0725,8.4642],[137.4983,55.0639,2.9589],[137.4878,55.0578,22.4765],[137.4875,55.0556,27.3298],[137.4917,55.0517,70.7605],[137.4911,55.0461,8.1793],[137.4825,55.0382,27.9086],[137.4789,55.0315,100.5505],[137.4708,55.0255,0.0],[137.4566,55.0194,15.1179],[137.4495,55.0124,0.0],[137.4267,55.0034,21.2748],[137.4075,54.9981,32.7617],[137.4015,54.9941,0.0],[137.4003,54.9896,27.0729],[137.3912,54.9844,1.7282],[137.3935,54.9794,6.0745],[137.3978,54.9759,29.0518],[137.3924,54.9684,25.0239],[137.3776,54.9631,17.8802],[137.3759,54.9586,34.5108],[137.3675,54.9529,2.7932],[137.3489,54.9453,8.4549],[137.3394,54.9397,31.3635],[137.3221,54.9229,0.0],[137.3201,54.9183,39.7178],[137.3081,54.911,1.6662],[137.3037,54.9064,4.2807],[137.2976,54.8978,0.0],[137.2982,54.8933,37.416],[137.286,54.8795,3.149],[137.2871,54.8767,0.0],[137.2858,54.8713,15.3154],[137.2781,54.8655,0.0],[137.2749,54.8591,0.0],[137.2755,54.8575,21.0313],[137.2711,54.854,74.5725],[137.2668,54.8398,5.2406],[137.2645,54.8364,0.0],[137.2621,54.8094,1.3808],[137.2573,54.802,32.5129],[137.2538,54.7916,12.3975],[137.2499,54.7898,24.7947],[137.247,54.776,76.9103],[137.2427,54.7701,74.3141],[137.2366,54.7654,89.1653],[137.2354,54.7619,2.834],[137.2426,54.7608,0.0],[137.2499,54.765,0.0],[137.2619,54.7635,0.0],[137.2711,54.7661,9.1507],[137.2782,54.7662,12.2758],[137.2923,54.7715,0.0],[137.2935,54.7747,16.3648],[137.3045,54.7766,0.0],[137.3066,54.7831,0.0],[137.3047,54.7862,0.0],[137.3014,54.7879,61.3339],[137.3027,54.7905,33.6523],[137.3149,54.7949,0.0],[137.3201,54.7939,10.2916],[137.3293,54.7963,0.0],[137.339,54.8012,0.0],[137.3423,54.8063,4.352],[137.3524,54.8119,0.0],[137.3606,54.8133,0.0],[137.3746,54.8125,0.0],[137.3733,54.8179,13.2228],[137.3889,54.8299,7.3637],[137.3962,54.8432,14.8985],[137.4082,54.8484,0.0],[137.4106,54.8514,1.4461],[137.4196,54.8556,11.9273],[137.4405,54.8567,0.0],[137.4586,54.8618,0.0],[137.4724,54.8677,22.028199999999998],[137.4822,54.8681,0.0],[137.4845,54.87,8.9972],[137.4845,54.8722,12.0285],[137.4872,54.8728,5.4668],[137.4939,54.8669,7.1826],[137.4911,54.8656,0.4108],[137.4919,54.8632,7.0394],[137.4899,54.862,0.9696],[137.4909,54.8597,0.0],[137.5227,54.8315,7.2054],[137.5442,54.8052,0.0],[137.5518,54.7928,55.0304],[137.5528,54.7839,33.1443],[137.5502,54.7805,19.9521],[137.5507,54.7764,8.0739],[137.5604,54.7693,18.285],[137.5798,54.7699,1.9067],[137.5855,54.767,2.5863],[137.5894,54.7622,2.2956],[137.5989,54.7636,5.1679],[137.6033,54.7625,4.2467],[137.5945,54.7514,15.848],[137.5974,54.7394,47.3544],[137.5961,54.7381,0.0],[137.6059,54.7365,3.0471],[137.6119,54.7375,23.4544],[137.6204,54.7307,32.1953],[137.626,54.7188,2.8919],[137.6277,54.6973,26.7809],[137.6348,54.6956,23.014],[137.6403,54.6917,29.6635],[137.6439,54.6806,39.8288],[137.644,54.6754,28.1954],[137.6494,54.6712,0.0],[137.6567,54.6596,2.2495],[137.6564,54.6568,0.0],[137.6587,54.654,10.9042],[137.6578,54.6518,0.0],[137.6626,54.648,33.2902],[137.663,54.6445,5.8342],[137.6662,54.6423,23.3703],[137.6755,54.6443,21.371],[137.6887,54.6423,22.24],[137.6971,54.6329,29.8607],[137.7,54.6264,13.687],[137.7006,54.6226,15.4663],[137.697,54.619,41.6962],[137.6981,54.6171,31.0274],[137.7005,54.615,0.0],[137.7112,54.6162,6.8861],[137.7217,54.6203,0.0],[137.7257,54.625,8.7729],[137.7233,54.6277,16.0967],[137.7236,54.6315,19.0111],[137.7327,54.636,0.0],[137.7295,54.6414,83.0498],[137.7313,54.6466,29.6355],[137.7395,54.6509,74.0293],[137.7475,54.6628,13.2896],[137.7654,54.6667,0.0],[137.7678,54.669,0.0],[137.767,54.6717,0.0],[137.7683,54.6749,10.039],[137.778,54.684,19.9604],[137.7869,54.6872,72.8317],[137.7943,54.6877,20.6201],[137.802,54.6861,0.0],[137.8055,54.6895,2.1518],[137.8079,54.6973,33.9001],[137.8103,54.6999,4.1731],[137.8225,54.703,7.463],[137.836,54.7011,10.1373],[137.8442,54.7047,14.5406],[137.8485,54.7091,49.4815],[137.8525,54.7107,2.6691],[137.8594,54.7168,14.5099],[137.8582,54.7229,18.4745],[137.8602,54.7301,9.7871],[137.8691,54.7434,36.9572],[137.8867,54.7564,0.0],[137.9022,54.7615,46.7657],[137.9193,54.7625,48.3884],[137.9387,54.7577,16.4264],[137.9485,54.7522,35.3172],[137.9521,54.7528,33.8355],[137.9588,54.7661,26.243],[137.9653,54.7682,3.5921],[137.9839,54.7701,0.0],[137.9898,54.7779,5.8904],[137.9995,54.785,0.0],[138.0017,54.7883,0.0],[138.0014,54.7914,42.5075],[138.0067,54.7964,15.6823],[138.0083,54.8006,10.1498],[138.0072,54.8044,90.5376],[138.0106,54.8086,3.3438],[138.009,54.8109,44.2621],[138.0083,54.8228,19.7393],[138.0117,54.8252,0.0],[138.0094,54.8266,58.0032],[138.0083,54.8301,17.4542],[138.0017,54.8353,2.0356],[138.0028,54.8372,0.0],[138.0008,54.8388,20.0327],[138.0009,54.8422,60.4274],[138.0044,54.8456,0.0],[137.9973,54.8521,17.5676],[137.9987,54.8535,0.0],[137.9926,54.8711,2.0223],[137.9941,54.8763,74.6387],[137.9981,54.8813,0.0],[137.9969,54.8847,171.4191],[137.9973,54.9051,95.3536],[137.9957,54.9122,2.5603],[137.9979,54.9208,0.0],[138.0128,54.9253,0.0],[138.0256,54.9317,0.0],[138.025,54.9344,6.7241],[138.0272,54.9392,2.3203],[138.0372,54.945,0.0],[138.04,54.9456,4.4717],[138.0494,54.9411,1.6946],[138.059,54.9409,0.0],[138.0572,54.9483,0.9614],[138.0589,54.9592,26.2198],[138.0622,54.9614,0.0],[138.0639,54.9689,58.6937],[138.0775,54.9802,5.5943],[138.0914,54.9831,0.0],[138.1261,55.0022,25.9147],[138.1306,55.0022,42.4176],[138.1407,54.9978,0.0],[138.1792,54.9942,3.2454],[138.1897,54.9992,1.68],[138.2064,55.0185,0.0],[138.2207,55.024,4.7764],[138.2197,55.0281,0.0],[138.2173,55.03,125.57],[138.2178,55.0325,0.0],[138.2141,55.035,29.7635],[138.208,55.0334,74.3425],[138.1957,55.0367,44.391],[138.1689,55.0384,62.4001],[138.1403,55.0445,0.0],[138.1239,55.0452,74.2954],[138.1141,55.0477,25.0599],[138.1072,55.0514,0.0],[138.0963,55.0512,21.412],[138.0931,55.0493,6.8549],[138.079,55.0482,2.1927],[138.0575,55.0531,17.0316],[138.0428,55.0528,5.5111],[138.0372,55.0478,5.4507],[138.0228,55.05,10.7963],[138.015,55.0458,6.4574],[137.9968,55.0407,0.0],[137.985,55.0397,3.3034],[137.9674,55.0349,17.2037],[137.9505,55.0258,0.0],[137.9487,55.023,4.2382],[137.9443,55.0227,6.5863],[137.9361,55.0178,1.5033],[137.9344,55.0105,10.9869],[137.9305,55.0047,11.5779],[137.9183,54.9975,2.3368],[137.9083,54.9985,3.3226],[137.9027,54.9961,0.0],[137.9012,54.9944,0.0],[137.9032,54.9899,6.8231],[137.8941,54.9843,0.0],[137.8905,54.98,10.8126],[137.8789,54.9781,10.3642],[137.8721,54.9812,0.8354],[137.8778,54.9844,0.3693],[137.8782,54.989,1.0792],[137.8732,54.9844,0.6777],[137.8707,54.9846,1.2959],[137.8697,54.987,3.961],[137.879,54.99,1.0792],[137.8838,54.9989,3.391],[137.8876,55.0015,0.0],[137.8963,55.0139,12.0541],[137.9107,55.0209,2.8865],[137.9112,55.023,0.0],[137.907,55.025,0.0],[137.9225,55.0266,0.3645],[137.9268,55.0251,0.4739],[137.9285,55.0301,0.0],[137.9282,55.0367,0.4203],[137.9363,55.0398,0.0],[137.9429,55.0458,0.0],[137.9467,55.0517,0.0],[137.956,55.0574,1.1494],[137.9675,55.0711,0.0],[137.9754,55.0756,2.4729],[137.9778,55.0813,1.4653],[137.9833,55.0786,0.2877],[137.9845,55.0814,3.3192],[137.9867,55.0819,0.7985],[137.9876,55.0776,1.9811],[138.0039,55.0725,4.8335],[138.0094,55.0681,0.546],[138.0256,55.0633,1.8888],[138.0478,55.0542,4.167],[138.0511,55.0553,2.381],[137.9935,55.0823,2.0034],[137.9561,55.1039,16.6136],[137.9556,55.1089,0.0],[137.9454,55.1146,6.6579],[137.9444,55.1178,0.0],[137.94,55.1214,3.1847],[137.94,55.1264,0.0],[137.9444,55.1272,0.4741],[137.9444,55.1291,0.8419],[137.9337,55.1366,0.0],[137.9304,55.1411,2.3838],[137.9167,55.1436,39.3905],[137.8905,55.1292,4.9065],[137.8755,55.1267,33.7652],[137.8678,55.1269,64.3068],[137.8443,55.1319,70.1496],[137.8339,55.1322,0.0],[137.7872,55.1443,13.2855],[137.7805,55.1444,8.0695],[137.775,55.1419,34.8023],[137.7635,55.1418,26.0251],[137.7459,55.1455,0.0],[137.73,55.1508,0.4693],[137.7139,55.1614,0.0],[137.7028,55.1647,4.9533],[137.7011,55.1678,0.0],[137.6917,55.1733,18.7569],[137.6846,55.1761,16.2482],[137.6783,55.1761,14.7119],[137.6683,55.1811,10.5497],[137.6671,55.1834,0.1423],[137.6634,55.1832,29.6205]]],
[[[136.9296,54.9078,0.0],[136.9313,54.9095,0.0],[136.9289,54.9116,0.0],[136.925,54.9097,0.0],[136.9217,54.9053,38.0351],[136.9183,54.9053,0.0],[136.9178,54.9039,0.0],[136.9288,54.9018,-0.1685],[136.9304,54.9056,0.0],[136.9296,54.9078,0.0]]],
[[[137.8801,54.9809,1.3679],[137.881,54.9794,1.5301],[137.8812,54.9833,0.0],[137.8767,54.9821,0.0],[137.8784,54.9812,1.3679],[137.8801,54.9809,1.3679]]],
[[[138.3735,55.0951,82.3659],[138.3626,55.0963,0.0],[138.359,55.0936,47.3216],[138.3391,55.0925,0.0],[138.3303,55.0888,0.0],[138.3251,55.0817,28.743],[138.3246,55.0776,58.8249],[138.3266,55.072,21.6635],[138.3234,55.0652,0.0],[138.3248,55.0635,126.1403],[138.3246,55.0592,35.7686],[138.3401,55.0593,22.4546],[138.3552,55.0573,85.4672],[138.3667,55.0504,0.0],[138.3856,55.049,19.9036],[138.4039,55.0436,0.0],[138.4111,55.0442,0.0],[138.4169,55.0475,16.9803],[138.4223,55.0587,0.0],[138.4245,55.0602,0.0],[138.4258,55.0741,61.8728],[138.4294,55.0784,53.8332],[138.4263,55.0835,121.9238],[138.4262,55.0868,28.3939],[138.4089,55.0939,0.6429],[138.3957,55.093,78.2714],[138.3735,55.0951,82.3659]]],
[[[137.9339,55.1405,0.0],[137.9337,55.1393,0.0],[137.9364,55.1403,0.0],[137.9347,55.1409,0.0],[137.9339,55.1405,0.0]]],
[[[138.3894,56.7024,0.0],[138.3849,56.6984,0.0],[138.3887,56.6982,0.0],[138.391,56.6999,0.0],[138.3894,56.7024,0.0]]],
[[[138.9995,56.9997,0.0],[139.0,57.0,0.0],[138.9995,57.0003,0.0],[138.9995,56.9997,0.0]]],
[[[139.8504,57.4473,28.0348],[139.8527,57.4471,8.7732],[139.8534,57.4485,8.7732],[139.8473,57.4522,0.0],[139.8422,57.4515,3.589],[139.8466,57.4482,0.0],[139.8504,57.4473,28.0348]]],
[[[136.7746,54.9106,0.0],[136.777,54.9095,0.0],[136.7817,54.9115,0.0],[136.7801,54.9122,0.0],[136.7746,54.9106,0.0]]],
[[[137.1817,55.1169,132.889],[137.1701,55.1188,0.0],[137.1395,55.1119,62.6475],[137.125,55.1131,18.1062],[137.1183,55.11,35.5187],[137.0917,55.1053,6.2012],[137.075,55.105,4.8488],[137.0538,55.1084,26.5394],[137.0422,55.1067,49.6824],[137.0233,55.1081,19.8952],[137.0142,55.1061,27.6647],[136.9983,55.0933,75.4911],[136.9634,55.0763,7.8723],[136.9572,55.0717,82.3936],[136.9503,55.0696,4.431],[136.9478,55.0669,86.3181],[136.9317,55.0608,43.8819],[136.9194,55.0591,1.0653],[136.9034,55.0525,6.6768],[136.9014,55.0512,0.0],[136.9011,55.0464,0.0],[136.8988,55.0428,90.8767],[136.8939,55.0397,17.5159],[136.85,55.0253,94.3715],[136.8222,55.0217,20.4518],[136.7852,55.0128,0.0],[136.7855,55.0107,15.7532],[136.7744,55.0042,0.0],[136.7772,55.0,58.5089],[136.7656,54.9893,5.7268],[136.7501,54.9823,7.2911],[136.7441,54.9779,3.4731],[136.7143,54.9684,54.8872],[136.6821,54.95,0.0],[136.6851,54.9458,29.1487],[136.6862,54.9309,6.5972],[136.6798,54.9182,38.5686],[136.668,54.9122,2.9224],[136.6729,54.8984,8.8024],[136.6782,54.897,0.0],[136.684,54.8991,33.7165],[136.6911,54.8972,44.4544],[136.6942,54.8952,1.4847],[136.6931,54.8906,10.1921],[136.6943,54.8902,0.6978],[136.7068,54.8973,25.2438],[136.7172,54.8927,0.0],[136.7343,54.8893,23.2478],[136.7513,54.8822,33.6402],[136.7588,54.8821,18.0764],[136.7649,54.8842,0.0],[136.7739,54.891,21.109],[136.7749,54.8935,69.4877],[136.7791,54.8947,13.4823],[136.7714,54.9028,0.0],[136.7726,54.9071,0.0],[136.7618,54.9132,22.1839],[136.7603,54.9199,0.0],[136.7633,54.9231,0.0],[136.7574,54.9262,0.0],[136.7602,54.9303,0.0],[136.7683,54.9341,15.0627],[136.775,54.935,0.0],[136.7896,54.9292,17.5647],[136.8044,54.9283,8.3471],[136.81,54.9249,0.0],[136.8175,54.9262,10.6334],[136.8274,54.9249,0.0],[136.8318,54.9306,9.6944],[136.8223,54.934,18.6217],[136.8206,54.9368,8.4341],[136.825,54.9433,0.0],[136.8383,54.9466,0.0],[136.8616,54.9381,0.0],[136.8785,54.9382,0.0],[136.8808,54.9393,0.0],[136.8798,54.9431,2.4039],[136.8889,54.9524,0.5972],[136.8863,54.953,0.5972],[136.8823,54.9477,0.7945],[136.8765,54.9503,0.3989],[136.8763,54.9522,1.1534],[136.8866,54.9552,0.0],[136.8954,54.9556,30.3218],[136.9015,54.9608,32.8092],[136.9158,54.959,1.9565],[136.9305,54.9536,0.0],[136.9431,54.9444,6.1833],[136.9458,54.94,5.7593],[136.9433,54.9379,0.0],[136.9469,54.9363,4.6233],[136.9417,54.9366,0.3922],[136.9371,54.9347,34.9518],[136.9364,54.9361,0.0],[136.9323,54.9358,0.0],[136.9278,54.9336,0.0],[136.9339,54.9269,49.0534],[136.9294,54.9236,0.0],[136.9297,54.9216,5.4218],[136.942,54.9142,7.3217],[136.9688,54.9183,0.0],[136.9761,54.918,5.9196],[136.9791,54.9163,1.7308],[136.985,54.918,9.8513],[136.9883,54.9167,0.0],[136.9989,54.9175,11.8575],[137.0093,54.9126,0.0],[137.0215,54.9165,6.9082],[137.0329,54.9123,29.915],[137.0451,54.914,43.1549],[137.0495,54.9126,1.4765],[137.0537,54.9155,51.338],[137.0617,54.9151,0.0],[137.0661,54.9257,24.818],[137.0739,54.9302,0.0],[137.083,54.9326,7.0862],[137.0848,54.9363,0.0],[137.0844,54.9407,0.8185],[137.0909,54.946,3.8845],[137.0884,54.9521,26.6265],[137.0902,54.953,1.2545],[137.0786,54.9568,7.3068],[137.0635,54.9658,4.1466],[137.0552,54.9771,2.7627],[137.0556,54.9795,11.7418],[137.0621,54.9808,0.0],[137.0615,54.9846,0.0],[137.0637,54.9903,12.9943],[137.0679,54.9919,0.0],[137.0695,54.9968,0.0],[137.0689,55.0036,27.9857],[137.0733,55.0086,0.8778],[137.0789,55.0097,2.1443],[137.0872,55.0147,24.089],[137.1109,55.0173,4.4357],[137.1127,55.0201,0.0],[137.1106,55.025,11.5684],[137.1139,55.0306,15.4712],[137.1128,55.0325,14.8799],[137.1146,55.0375,104.9624],[137.1204,55.0397,11.7047],[137.1249,55.039,8.066],[137.1289,55.0428,18.2898],[137.1278,55.0486,2.3318],[137.1317,55.0525,0.0],[137.1322,55.06,0.0],[137.1395,55.065,0.0],[137.14,55.0689,7.4046],[137.148,55.0739,32.9613],[137.1583,55.0757,6.5979],[137.1639,55.0858,51.7109],[137.1689,55.0908,44.5009],[137.1928,55.1047,43.5109],[137.1961,55.1092,17.0604],[137.1922,55.1153,59.1937],[137.1876,55.1171,0.0],[137.1817,55.1169,132.889]]],
[[[136.527,54.9612,34.1608],[136.5066,54.9616,68.8453],[136.5005,54.9597,4.1779],[136.4983,54.9575,0.0],[136.5005,54.9536,0.0],[136.5062,54.9527,18.774],[136.5127,54.9474,8.2976],[136.5162,54.9472,55.1086],[136.5191,54.944,6.6143],[136.5249,54.9479,0.0],[136.5268,54.9512,0.0],[136.5352,54.9514,0.0],[136.5425,54.9547,31.1956],[136.548,54.9542,8.1393],[136.5517,54.9556,60.4428],[136.5584,54.9514,0.9794],[136.5668,54.9504,2.0905],[136.5672,54.9532,32.5579],[136.5653,54.9561,5.8267],[136.5589,54.9592,0.0],[136.5511,54.9606,0.0],[136.5411,54.9581,34.4894],[136.5331,54.9612,0.0],[136.527,54.9612,34.1608]]],
[[[141.33,51.9014,1.4139],[141.3278,51.8992,0.0],[141.3328,51.9,0.0],[141.3322,51.9017,0.0],[141.33,51.9014,1.4139]]],
[[[141.3148,52.2898,6.7882],[141.3161,52.2886,0.0],[141.3203,52.2893,0.0],[141.318,52.2911,3.2632],[141.3148,52.2898,6.7882]]],
[[[141.2095,52.3964,23.5736],[141.2066,52.401,3.4105],[141.197,52.4006,0.0],[141.1981,52.3985,13.3849],[141.1967,52.3964,0.0],[141.2005,52.3919,11.1779],[141.198,52.3849,1.095],[141.2074,52.3831,0.0],[141.2134,52.3867,3.7687],[141.2194,52.3876,23.0142],[141.2178,52.3917,6.1475],[141.2118,52.3938,0.0],[141.2095,52.3964,23.5736]]],
[[[141.3752,52.437,20.3296],[141.3739,52.4358,0.0],[141.3755,52.434,7.2574],[141.3789,52.4364,8.5904],[141.378,52.4373,0.0],[141.3752,52.437,20.3296]]],
[[[141.3795,52.4412,0.623],[141.3823,52.4387,0.0],[141.3865,52.4424,13.9246],[141.3864,52.4484,8.8128],[141.3839,52.4506,0.0],[141.3819,52.4504,0.0],[141.379,52.4459,0.4605],[141.3795,52.4412,0.623]]],
[[[141.3875,52.466,0.0],[141.3733,52.4694,2.6383],[141.3689,52.4669,23.2361],[141.36,52.4669,14.9369],[141.3424,52.4631,20.5033],[141.3364,52.4639,11.8723],[141.3338,52.4659,0.0],[141.3295,52.4643,9.0076],[141.3278,52.4616,4.2674],[141.3296,52.4588,14.1122],[141.3286,52.4556,0.0],[141.3321,52.4531,0.0],[141.3371,52.4571,34.7711],[141.3477,52.4573,23.3989],[141.3577,52.4558,13.2555],[141.363,52.4528,0.822],[141.3621,52.4545,8.3853],[141.3649,52.4545,4.2554],[141.3692,52.459,13.8301],[141.3749,52.4617,0.0],[141.3834,52.4606,17.1371],[141.3887,52.4628,0.0],[141.39,52.4649,0.0],[141.3875,52.466,0.0]]],
[[[141.3911,52.5066,8.9971],[141.3767,52.5103,23.3214],[141.3751,52.5035,2.3293],[141.3767,52.5024,5.4892],[141.3812,52.5036,0.0],[141.3847,52.5017,0.0],[141.3915,52.504,8.0413],[141.3929,52.5056,1.867],[141.3911,52.5066,8.9971]]],
[[[141.3706,52.5106,1.2764],[141.3683,52.5111,2.5349],[141.3673,52.5103,2.4724],[141.37,52.5092,2.4724],[141.3706,52.5106,1.2764]]],
[[[141.3627,52.5134,0.0],[141.3638,52.5147,8.9491],[141.3621,52.5167,4.2228],[141.3566,52.5178,3.6748],[141.348,52.5172,0.0],[141.3468,52.515,0.0],[141.3544,52.511,2.5315],[141.3627,52.5134,0.0]]],
[[[141.2935,52.5162,3.9539],[141.2824,52.5184,12.9934],[141.2821,52.5159,13.4979],[141.2787,52.5137,0.0],[141.2884,52.5119,0.0],[141.299,52.5128,2.7725],[141.3028,52.5155,2.7165],[141.2935,52.5162,3.9539]]],
[[[141.2599,52.5194,2.1758],[141.2563,52.5198,0.0],[141.2608,52.5172,5.1026],[141.2623,52.5183,0.0],[141.2599,52.5194,2.1758]]],
[[[141.2411,53.0633,0.0],[141.2472,53.0619,0.0],[141.2444,53.0689,0.2001],[141.2406,53.0661,0.2793],[141.2411,53.0633,0.0]]],
[[[141.295,53.0672,1.0515],[141.2844,53.0706,0.6984],[141.28,53.0692,0.9764],[141.2728,53.0697,0.9104],[141.275,53.0667,0.6788],[141.2805,53.0647,0.8183],[141.2961,53.0661,1.1314],[141.295,53.0672,1.0515]]],
[[[141.2394,53.0686,0.0],[141.2433,53.0703,0.2001],[141.2406,53.0731,0.544],[141.2389,53.0711,0.3522],[141.2272,53.0717,0.2512],[141.2328,53.0667,0.0],[141.235,53.0703,0.2753],[141.2372,53.0658,0.1241],[141.2394,53.0686,0.0]]],
[[[141.3178,53.0733,0.745],[141.3183,53.0756,0.8011],[141.315,53.0767,0.9316],[141.3111,53.0736,1.0916],[141.3056,53.0731,1.0535],[141.3,53.0753,1.0157],[141.2922,53.075,0.8821],[141.2883,53.0733,0.857],[141.2872,53.0708,0.6984],[141.2906,53.0694,1.0675],[141.2994,53.0706,1.0276],[141.3067,53.0689,0.9572],[141.3178,53.0733,0.745]]],
[[[141.3661,53.3517,0.7673],[141.3422,53.3528,0.0],[141.3383,53.3514,1.5571],[141.3244,53.3511,0.0],[141.3189,53.3483,0.6582],[141.3156,53.3433,0.0],[141.3206,53.3389,0.2762],[141.3194,53.3369,0.0],[141.3256,53.3331,1.5807],[141.325,53.33,1.0643],[141.3322,53.3275,0.0],[141.3378,53.3292,1.1286],[141.3489,53.3269,0.0],[141.3622,53.3272,0.0],[141.3633,53.3283,0.0],[141.3539,53.3317,0.0],[141.3539,53.3336,0.0],[141.3572,53.3358,0.0],[141.3628,53.3367,0.7342],[141.3656,53.3406,1.7452],[141.3678,53.3408,1.6257],[141.3722,53.335,0.8911],[141.3739,53.3286,0.0],[141.3828,53.3244,2.3859],[141.3822,53.3228,0.0],[141.3839,53.3219,0.0],[141.3911,53.32,0.0],[141.3933,53.3217,0.0],[141.3978,53.3197,0.0],[141.4017,53.3211,0.0],[141.4272,53.3158,1.0931],[141.4339,53.3111,0.6624],[141.4489,53.3083,0.0],[141.455,53.3053,1.5834],[141.4583,53.2969,0.0],[141.4744,53.2956,0.0],[141.4783,53.2969,0.0],[141.4822,53.2956,0.0],[141.485,53.2975,0.0],[141.47,53.31,0.0],[141.435,53.3247,1.9331],[141.4322,53.3264,1.5443],[141.4311,53.3294,1.7066],[141.425,53.3319,1.6741],[141.4261,53.3328,0.3457],[141.4206,53.3342,0.7789],[141.4044,53.3428,0.5003],[141.3828,53.3497,0.8233],[141.3661,53.3517,0.7673]]],
[[[141.1183,52.4617,-0.0817],[141.1235,52.4632,0.0526],[141.1201,52.4644,0.058],[141.1156,52.4627,0.1347],[141.1163,52.4613,-0.1876],[141.1183,52.4617,-0.0817]]],
[[[141.12,52.4786,0.1654],[141.1207,52.4749,0.0439],[141.1239,52.4758,0.0376],[141.124,52.4788,0.034],[141.1217,52.4797,0.034],[141.12,52.4786,0.1654]]],
[[[141.2003,52.8208,0.0],[141.1986,52.8203,0.0],[141.2039,52.8195,0.0],[141.203,52.8201,4.8077],[141.2003,52.8208,0.0]]],
[[[141.0738,52.9846,0.4862],[141.0624,52.985,1.4045],[141.0553,52.9812,0.8828],[141.0541,52.9773,0.0],[141.065,52.9696,0.402],[141.0749,52.9664,0.0],[141.0819,52.9666,0.3226],[141.072,52.9733,0.5378],[141.0659,52.9745,1.1612],[141.0652,52.9764,0.7192],[141.0774,52.978,0.7145],[141.0872,52.9736,1.125],[141.0863,52.9724,1.125],[141.0889,52.9711,0.1039],[141.0978,52.9717,0.5807],[141.0978,52.9761,0.4673],[141.0917,52.9778,1.9303],[141.0872,52.9811,0.2644],[141.0738,52.9846,0.4862]]],
[[[140.8511,53.0856,0.2561],[140.8445,53.0872,0.0],[140.8261,53.0847,0.6366],[140.825,53.0831,0.7139],[140.8283,53.0822,5.2755],[140.85,53.0675,1.799],[140.8556,53.0658,0.0],[140.8578,53.0692,0.0],[140.8533,53.0722,0.7242],[140.8511,53.0764,0.9869],[140.8528,53.0786,0.0],[140.8483,53.0806,0.3952],[140.8528,53.0831,0.0],[140.8511,53.0856,0.2561]]],
[[[140.8261,53.0917,1.4498],[140.8178,53.0928,0.0],[140.8139,53.0911,0.0],[140.8233,53.0883,0.0],[140.8294,53.0892,0.0],[140.8261,53.0917,1.4498]]],
[[[141.2033,53.385,0.0],[141.209,53.3825,0.0],[141.2132,53.3844,0.0],[141.2098,53.3874,0.0],[141.2023,53.39,0.7955],[141.1953,53.3883,0.3389],[141.2033,53.385,0.0]]],
[[[141.1178,53.4453,1.821],[141.1095,53.4478,0.0],[141.1122,53.4453,0.0],[141.1233,53.4419,0.0],[141.1439,53.4392,2.8015],[141.1544,53.4353,0.0],[141.1644,53.4358,3.7738],[141.1672,53.4328,0.8465],[141.185,53.4269,2.8786],[141.19,53.4169,0.0],[141.1967,53.4186,0.0],[141.1928,53.4194,0.0],[141.1928,53.4211,0.0],[141.1956,53.4219,0.0],[141.1989,53.4206,1.304],[141.2,53.4183,0.8554],[141.1989,53.4172,1.3117],[141.2039,53.4167,0.0],[141.2061,53.4183,0.0],[141.2022,53.4194,0.0],[141.2056,53.4214,0.8784],[141.2111,53.4172,3.5857],[141.2089,53.4147,0.0],[141.2106,53.4136,0.0],[141.2233,53.4125,1.7799],[141.2306,53.4094,1.3155],[141.235,53.4103,0.0],[141.2328,53.4144,0.0],[141.2256,53.4164,2.5914],[141.2222,53.4203,0.0],[141.2072,53.4236,3.494],[141.2017,53.4278,0.0],[141.175,53.4392,0.0],[141.1339,53.4414,0.0],[141.1178,53.4453,1.821]]],
[[[141.0828,53.4456,0.0],[141.0789,53.4478,0.0],[141.0756,53.4472,0.0],[141.0719,53.445,0.6402],[141.069,53.4402,0.0],[141.0723,53.4392,0.6955],[141.0828,53.4456,0.0]]],
[[[137.8385,54.3679,5.3232],[137.844,54.3672,4.0911],[137.8402,54.37,18.116],[137.8356,54.3688,0.9443],[137.8385,54.3679,5.3232]]],
[[[137.9865,54.4601,10.4665],[137.9852,54.4586,28.2768],[137.9875,54.4565,6.6952],[137.9936,54.4593,18.8557],[137.9932,54.4622,0.0],[137.9865,54.4601,10.4665]]],
[[[139.2541,54.5875,87.7709],[139.2657,54.5977,22.5494],[139.2707,54.6001,0.0],[139.2744,54.605,23.6597],[139.2783,54.6155,0.0],[139.2651,54.6065,23.9726],[139.2639,54.6036,34.9648],[139.2552,54.6009,3.6548],[139.2431,54.5936,64.0606],[139.2284,54.5915,47.6279],[139.2136,54.5921,0.0],[139.2116,54.5914,22.0658],[139.2125,54.5882,38.6761],[139.2109,54.5863,0.0],[139.2158,54.5801,0.0],[139.228,54.5796,0.0],[139.2437,54.5807,4.329],[139.2541,54.5875,87.7709]]],
[[[138.2272,54.7226,14.876],[138.2152,54.7239,0.0],[138.1965,54.7215,15.1935],[138.1806,54.7169,5.2588],[138.1805,54.7126,4.1926],[138.1883,54.705,0.0],[138.2028,54.6986,0.0],[138.2072,54.6994,27.6364],[138.2106,54.702,0.9044],[138.2333,54.7066,0.0],[138.2462,54.711,5.5223],[138.2453,54.7132,5.6803],[138.2467,54.7169,0.0],[138.2345,54.7217,5.1877],[138.2272,54.7226,14.876]]],
[[[141.2169,53.3755,0.0],[141.2205,53.3735,0.0],[141.223,53.3756,0.0],[141.2178,53.3771,0.0],[141.2169,53.3755,0.0]]],
[[[141.2578,53.4058,0.7918],[141.244,53.4108,0.0],[141.2383,53.4086,0.0],[141.2495,53.3992,0.6049],[141.2533,53.4,0.0],[141.2583,53.3978,1.2828],[141.2606,53.3942,1.341],[141.2783,53.3869,1.1728],[141.2778,53.3856,1.1728],[141.2828,53.3819,0.0],[141.2917,53.3814,0.0],[141.295,53.3786,0.0],[141.3056,53.3758,2.7579],[141.305,53.3742,1.1657],[141.3083,53.375,0.0],[141.3061,53.3781,2.4193],[141.3072,53.38,0.0],[141.2972,53.3858,0.4091],[141.2956,53.3889,2.5184],[141.2972,53.3894,2.4989],[141.3083,53.3839,2.6081],[141.3083,53.3825,1.4318],[141.3128,53.38,1.3499],[141.3122,53.3775,0.0],[141.315,53.3772,0.3569],[141.3172,53.3789,1.9433],[141.32,53.3775,1.5878],[141.3172,53.3747,0.0],[141.3256,53.3719,0.0],[141.3289,53.3736,0.0],[141.3,53.3914,0.0],[141.2728,53.3992,0.0],[141.2578,53.4058,0.7918]]],
[[[141.4544,53.1428,0.0],[141.4578,53.1453,0.0],[141.4583,53.1481,0.0],[141.4522,53.1489,0.0],[141.4456,53.1444,0.0],[141.4439,53.1461,0.0],[141.445,53.1475,0.0],[141.4422,53.1483,0.0],[141.4311,53.1433,0.0],[141.43,53.1397,0.0],[141.4344,53.1372,0.0],[141.4456,53.1369,0.0],[141.45,53.1383,0.0],[141.4544,53.1428,0.0]]],
[[[141.4208,53.2327,1.8815],[141.4197,53.2318,0.8101],[141.4222,53.2308,4.8764],[141.4248,53.2324,0.0],[141.4237,53.2336,0.0],[141.4208,53.2327,1.8815]]],
[[[141.45,53.3017,0.0],[141.4444,53.3047,0.0],[141.4356,53.3044,0.0],[141.433,53.3038,0.0],[141.4317,53.2994,0.0],[141.4351,53.2988,1.5332],[141.4439,53.3019,0.0],[141.4478,53.2972,0.0],[141.45,53.2972,0.0],[141.45,53.3017,0.0]]],
[[[143.3891,56.4051,0.0],[143.3862,56.4068,28.6475],[143.3825,56.4059,0.0],[143.3846,56.4031,0.0],[143.3895,56.403,0.0],[143.3903,56.4044,0.0],[143.3891,56.4051,0.0]]],
[[[146.2804,59.1934,1.425],[146.2794,59.1944,0.0],[146.2781,59.1931,2.246],[146.2802,59.1929,1.425],[146.2804,59.1934,1.425]]],
[[[144.9089,59.3716,2.0647],[144.9056,59.3699,1.3464],[144.9059,59.3684,0.5534],[144.9077,59.369,1.3842],[144.9089,59.3716,2.0647]]],
[[[144.5319,59.3712,0.7109],[144.5375,59.3719,0.0],[144.5218,59.3716,0.0],[144.5229,59.3713,0.0],[144.5319,59.3712,0.7109]]],
[[[144.6862,59.3746,0.5561],[144.6688,59.3757,0.0],[144.6243,59.3725,2.4664],[144.7261,59.3729,2.3621],[144.8249,59.3705,0.9902],[144.7793,59.3725,0.4413],[144.7619,59.3751,1.5832],[144.7595,59.3735,3.9473],[144.7531,59.3754,1.8144],[144.7061,59.3737,2.277],[144.6862,59.3746,0.5561]]],
[[[144.3763,59.3754,0.5088],[144.371,59.3743,0.0],[144.3794,59.3744,0.0],[144.3784,59.3761,0.0],[144.3758,59.3763,0.1991],[144.3763,59.3754,0.5088]]],
[[[144.7956,59.3772,0.0],[144.7889,59.3783,1.4902],[144.7867,59.3772,1.4902],[144.7939,59.3764,0.0],[144.7956,59.3772,0.0]]],
[[[144.3061,59.3815,0.4525],[144.306,59.3801,0.1896],[144.3108,59.3799,0.0],[144.3094,59.3811,0.0],[144.3061,59.3815,0.4525]]],
[[[144.2903,59.3825,0.1925],[144.2872,59.3825,0.5823],[144.284,59.3806,0.1426],[144.2921,59.3816,0.0],[144.2903,59.3825,0.1925]]]]}}