{"type":"Feature","properties":{"ISO3166-1-Alpha-3":"RUS","country":"Russia","fill":"#FF0","id":"2614","name":"Khabarovsk"},
"geometry":{"type": "MultiPolygon","coordinates": [[[[137.8357,54.39912,166.3701],[137.84832,54.43773,24.6276],[137.86354,54.44652,182.3277],[137.90431,54.45478,279.9143],[137.92172,54.4641,123.0234],[137.9275,54.47451,201.2094],[137.92506,54.48871,18.5311],[137.91798,54.50943,0.0],[137.88966,54.50365,0.0],[137.85808,54.5019,0.0],[137.83229,54.49103,0.0],[137.82179,54.45783,0.0],[137.81642,54.44432,0.0],[137.80348,54.43244,0.0],[137.7483,54.3946,0.0],[137.73927,54.39208,0.0],[137.72039,54.3937,0.0],[137.71648,54.39216,0.0],[137.71876,54.38589,0.0],[137.7151,54.36717,130.0627],[137.73219,54.36441,167.3938],[137.79859,54.37564,0.0],[137.81967,54.38496,136.6095],[137.8357,54.39912,166.3701]]],
[[[137.63445,54.41132,0.0],[137.61402,54.42829,0.0],[137.6089,54.44111,90.0222],[137.61248,54.45539,112.9288],[137.62322,54.46678,88.9966],[137.63722,54.47565,122.1444],[137.6504,54.48212,0.0],[137.64503,54.48981,116.6442],[137.64332,54.49555,26.1877],[137.64503,54.50145,67.8314],[137.6504,54.50943,0.0],[137.63559,54.52082,0.2525],[137.62941,54.53669,56.6458],[137.6268,54.55435,0.0],[137.62257,54.57079,0.0],[137.60808,54.56574,0.0],[137.59645,54.55768,0.0],[137.57472,54.53669,0.0],[137.55104,54.52204,0.0],[137.54672,54.51626,0.0],[137.54786,54.50922,0.0],[137.55274,54.50471,0.0],[137.55812,54.5008,0.0],[137.56105,54.49575,0.0],[137.57203,54.44864,0.0],[137.56886,54.42634,0.0],[137.54672,54.4138,0.0],[137.56813,54.39663,64.3384],[137.58961,54.40058,15.8031],[137.61345,54.40778,29.9639],[137.64112,54.40046,55.7188],[137.63445,54.41132,0.0]]],
[[[139.26214,54.59199,0.0],[139.27579,54.60733,0.0],[139.27675,54.61311,28.179],[139.27003,54.61026,44.5317],[139.26146,54.59923,141.0543],[139.23961,54.58926,183.0272],[139.22546,54.58936,179.5375],[139.21373,54.58558,221.0925],[139.21945,54.58072,61.3495],[139.24359,54.58103,4.329],[139.26214,54.59199,0.0]]],
[[[138.21014,54.70113,0.9044],[138.231,54.70695,2.8298],[138.241,54.71371,177.0914],[138.22678,54.71563,514.5972],[138.19001,54.71558,301.9934],[138.18082,54.71508,11.7652],[138.18254,54.70785,0.0],[138.19594,54.70111,0.0],[138.21014,54.70113,0.9044]]],
[[[137.18067,55.09321,0.0],[137.18531,55.10627,298.1063],[137.17123,55.11953,0.0],[137.14633,55.12617,0.0],[137.12208,55.12128,0.0],[137.10157,55.107,41.2909],[137.08815,55.08539,60.7579],[137.04607,55.10643,50.9697],[136.97901,55.08686,0.0],[136.85597,55.03022,0.0],[136.82342,55.02314,0.0],[136.80926,55.01805,63.9082],[136.79379,55.00971,49.3545],[136.75473,54.98233,82.9855],[136.73862,54.97553,12.6596],[136.71119,54.96939,0.0],[136.70094,54.96479,0.0],[136.69077,54.95441,25.5476],[136.68727,54.94257,90.0127],[136.68832,54.93114,15.4583],[136.68572,54.92121,80.7399],[136.67042,54.91352,94.178],[136.67042,54.90729,37.2188],[136.69239,54.90274,226.7482],[136.71534,54.89179,0.0],[136.73813,54.88508,0.0],[136.75978,54.89301,326.7705],[136.74537,54.91364,189.9427],[136.73862,54.92031,170.9067],[136.74887,54.9311,76.1423],[136.75904,54.9326,15.511],[136.78338,54.92772,0.0],[136.79371,54.93159,76.4125],[136.80299,54.93887,169.6544],[136.81275,54.94302,67.8978],[136.82472,54.93769,0.0],[136.84132,54.93781,0.0],[136.89584,54.96015,92.4939],[136.92335,54.95783,3.598],[136.92872,54.951,0.0],[136.92856,54.94212,0.0],[136.92742,54.93366,0.0],[136.92986,54.92772,0.0],[136.94304,54.92284,166.209],[137.01791,54.92036,186.6518],[137.04859,54.92329,174.4906],[137.07496,54.93317,129.4021],[137.08815,54.95441,0.0],[137.08229,54.96064,0.0],[137.07179,54.97993,0.0],[137.06511,55.00023,178.4478],[137.07106,55.00971,85.3779],[137.09498,55.01398,0.0],[137.11362,55.02538,0.0],[137.18067,55.09321,0.0]]],
[[[137.78639,55.1376,151.06],[137.7671,55.14346,0.0],[137.74692,55.14614,0.0],[137.72071,55.14639,70.8185],[137.70216,55.15127,120.7458],[137.70493,55.16791,0.0],[137.63885,55.19253,0.0],[137.60613,55.2001,0.0],[137.56788,55.19465,0.0],[137.54396,55.17862,0.0],[137.5171,55.13516,0.0],[137.4922,55.11953,0.0],[137.49806,55.09691,0.0],[137.4909,55.0705,0.0],[137.47657,55.04536,0.0],[137.46144,55.0268,0.0],[137.44459,55.01618,0.0],[137.40846,55.01138,0.0],[137.39015,55.00629,0.0],[137.37648,54.99579,0.0],[137.35621,54.9689,0.0],[137.32057,54.94404,0.0],[137.29664,54.92308,0.0],[137.27491,54.89826,0.0],[137.25953,54.8725,0.0],[137.25611,54.86079,0.0],[137.25375,54.82469,0.0],[137.2492,54.80915,0.0],[137.24269,54.79865,0.0],[137.22592,54.77782,0.0],[137.26092,54.78368,149.2793],[137.29274,54.79584,217.8394],[137.3947,54.85139,91.699],[137.43067,54.86571,237.6552],[137.48536,54.87934,17.9005],[137.50148,54.86319,13.1302],[137.51954,54.83906,24.1714],[137.53443,54.81367,0.0],[137.54412,54.78474,0.0],[137.55274,54.77485,15.286],[137.56381,54.76594,0.0],[137.57439,54.75959,0.0],[137.58522,54.75104,0.0],[137.64625,54.66132,0.0],[137.65309,54.6551,0.0],[137.67774,54.64322,0.0],[137.70607,54.62499,73.4566],[137.71892,54.62434,175.2279],[137.73585,54.63638,0.0],[137.73854,54.64057,0.0],[137.73943,54.64558,0.0],[137.73927,54.6562,163.1702],[137.74269,54.66022,124.7157],[137.76026,54.66454,2.3719],[137.76645,54.66706,0.0],[137.78858,54.68586,0.0],[137.84311,54.71507,297.009],[137.85694,54.72578,226.7324],[137.8628,54.73871,143.2885],[137.87908,54.75971,202.9067],[137.98618,54.79743,316.3159],[138.00473,54.81953,134.4632],[138.0027,54.83881,0.0],[137.99236,54.85879,35.9413],[137.98618,54.88276,358.2867],[137.98951,54.88825,202.138],[137.99643,54.89566,88.2468],[138.00343,54.9051,0.0],[138.01092,54.93325,316.0858],[138.02101,54.93724,117.4802],[138.03443,54.9372,0.0],[138.0477,54.94082,0.0],[138.1128,55.00629,197.7802],[138.13282,55.01557,128.7875],[138.18824,55.02106,439.2353],[138.21217,55.03636,0.0],[138.1836,55.0576,0.0],[138.13722,55.06318,0.0],[138.04672,55.05805,2.9715],[138.02491,55.05573,1.9895],[137.88315,55.00288,6.2456],[137.89812,55.02546,12.0995],[137.96616,55.07197,6.7606],[137.98618,55.09907,0.0],[137.97202,55.10643,0.0],[137.96599,55.1197,0.0],[137.96144,55.13451,0.0],[137.95216,55.14688,0.0],[137.92905,55.15314,0.0],[137.90431,55.14753,0.0],[137.87941,55.13817,0.0],[137.85597,55.13321,0.0],[137.78639,55.1376,151.06]]],
[[[140.86937,62.50197,2406.6628],[140.86327,62.50662,2373.8464],[140.85913,62.51197,2168.6885],[140.85634,62.51727,2394.4709],[140.84218,62.53701,2327.115],[140.83702,62.54135,2588.26],[140.83071,62.54533,2365.9055],[140.82151,62.54822,2346.262],[140.81118,62.5505,2263.3059],[140.77139,62.55427,2220.0542],[140.76074,62.55649,2160.1436],[140.75206,62.55931,2002.2819],[140.7256,62.57329,2195.5261],[140.7163,62.57442,2076.0361],[140.70472,62.57272,1794.2679],[140.65377,62.5399,1777.7618],[140.64881,62.53533,1877.3052],[140.64654,62.53029,1862.2919],[140.64788,62.52533,2005.7488],[140.65274,62.52115,2025.8706],[140.67175,62.509,1901.353],[140.67692,62.50456,1946.4893],[140.68075,62.49967,1827.8397],[140.68343,62.49438,1954.0793],[140.68395,62.48838,2206.0469],[140.6825,62.48223,2085.5029],[140.67909,62.47676,2036.8768],[140.65708,62.45859,1914.3459],[140.65315,62.45314,1758.2031],[140.64323,62.43593,1930.4543],[140.63517,62.42529,1767.8262],[140.62762,62.42048,1835.6041],[140.6145,62.41697,2238.8899],[140.59062,62.41526,2172.0103],[140.54856,62.4225,2151.2256],[140.51807,62.43144,2069.3022],[140.48293,62.43169,2104.5664],[140.40386,62.42175,2046.5371],[140.3864,62.41345,2098.3967],[140.35963,62.39738,1798.4819],[140.34723,62.38746,1669.4249],[140.34082,62.38079,1638.6609],[140.3186,62.34431,1821.1395],[140.31364,62.33191,1806.7189],[140.30992,62.31894,1653.4099],[140.3064,62.29462,1640.3867],[140.30082,62.28359,1390.4332],[140.29441,62.27424,1385.2196],[140.29431,62.26752,1499.2222],[140.29565,62.26147,1559.447],[140.29875,62.25633,1301.8994],[140.31054,62.24189,1440.4091],[140.3124,62.23636,1375.6801],[140.31198,62.23018,1418.1946],[140.30888,62.22323,1405.933],[140.29865,62.20613,1374.172],[140.29937,62.19961,1554.219],[140.3031,62.19429,1683.9294],[140.30806,62.18985,1658.2128],[140.31178,62.18504,1498.7294],[140.31384,62.17946,1429.9028],[140.3126,62.17254,1594.2977],[140.30268,62.15502,1579.4012],[140.30144,62.14794,1670.7352],[140.30589,62.13073,1612.5544],[140.30454,62.12484,1703.2583],[140.29958,62.11936,1523.7893],[140.25824,62.099,1687.7695],[140.2538,62.09435,1798.3245],[140.2539,62.08828,1802.5042],[140.25876,62.08386,1707.6365],[140.2662,62.08019,1583.9382],[140.27488,62.0773,1533.235],[140.28232,62.07389,1679.3134],[140.2877,62.0697,1677.8925],[140.28697,62.06259,1734.8208],[140.27963,62.05337,1981.8591],[140.25638,62.03828,2000.2627],[140.24139,62.03161,1807.3076],[140.2263,62.0281,2013.5082],[140.18786,62.02681,1782.8054],[140.17856,62.02417,1986.8937],[140.17215,62.01983,2104.6919],[140.1707,62.01249,2103.6746],[140.17091,62.00066,2121.9009],[140.1706,61.99916,2096.6414],[140.16967,61.99704,2037.931],[140.16512,61.99151,1801.0594],[140.15726,61.98516,1851.2667],[140.14052,61.97637,1896.9658],[140.12719,61.97234,2099.3479],[140.11396,61.97051,1952.5027],[140.10228,61.97079,1857.5944],[140.09205,61.97265,1828.7244],[140.06445,61.98061,1858.0093],[140.03996,61.98356,1627.2125],[140.01495,61.98428,1532.1486],[140.00596,61.98299,1508.9659],[139.99996,61.98123,1469.8713],[139.99428,61.97766,1508.6396],[139.98828,61.97198,1577.9182],[139.97195,61.9478,1151.6842],[139.96265,61.93793,1127.5592],[139.95542,61.92692,1125.4353],[139.95159,61.91431,1111.7496],[139.95118,61.90811,1111.6317],[139.95283,61.9025,1102.0677],[139.95635,61.89746,1101.6562],[139.96131,61.89307,1090.9191],[139.97319,61.88511,1069.3344],[139.97784,61.88054,1069.0426],[139.97991,61.87524,1071.9922],[139.98001,61.86956,1067.7079],[139.97743,61.86403,1080.2063],[139.95314,61.83261,1107.9745],[139.93423,61.81266,1068.5627],[139.92741,61.80734,1055.9406],[139.91893,61.80191,1053.4871],[139.88431,61.7877,1039.0942],[139.87625,61.78305,1031.4032],[139.86912,61.777,1023.5864],[139.86209,61.76641,1010.5269],[139.85434,61.75794,1001.9956],[139.8438,61.749,995.0544],[139.79791,61.7184,990.0165],[139.78127,61.70998,967.3414],[139.74158,61.70158,951.8925],[139.73321,61.69794,907.1935],[139.72907,61.6905,967.162],[139.72804,61.68388,1007.5308],[139.72597,61.67686,1183.0229],[139.72194,61.67063,1268.5284],[139.7114,61.66554,1229.0979],[139.6897,61.66068,1488.0433],[139.67998,61.65727,1307.7657],[139.67275,61.65153,1444.4757],[139.66717,61.64089,1368.8518],[139.66148,61.61807,1467.692],[139.659,61.61198,1396.2156],[139.6528,61.60068,1486.9148],[139.65063,61.59464,1490.6437],[139.64918,61.58813,1406.3976],[139.64846,61.57544,1528.0032],[139.64567,61.56888,1452.1482],[139.63926,61.56167,1453.7726],[139.60402,61.53919,1466.5411],[139.59533,61.53139,1374.8962],[139.56144,61.49118,1424.6216],[139.55544,61.48627,1506.8392],[139.54821,61.48167,1367.4875],[139.53622,61.47733,1364.15],[139.51441,61.47302,1408.8011],[139.50428,61.47237,1388.4723],[139.49477,61.47392,1395.8982],[139.43462,61.49113,1508.8629],[139.42191,61.49185,1235.1499],[139.41044,61.49108,1163.2861],[139.40062,61.4887,1130.4323],[139.39287,61.48534,1317.7472],[139.38791,61.47914,1413.1389],[139.38294,61.47397,1284.543],[139.37178,61.46937,1261.3621],[139.34295,61.46131,1412.8037],[139.30533,61.44504,1562.3669],[139.27029,61.43475,1490.0002],[139.25954,61.43346,1493.6266],[139.24735,61.43305,1333.4633],[139.12012,61.44943,1231.3611],[139.10823,61.44912,1149.2335],[139.09769,61.44757,1256.9333],[139.07165,61.43966,1189.1367],[139.05707,61.43289,1599.3998],[139.05056,61.42896,1483.4296],[139.04622,61.42436,1334.0391],[139.04746,61.4176,1337.5739],[139.05191,61.41274,1239.6718],[139.06286,61.40406,1274.1277],[139.0642,61.39899,1204.8776],[139.05976,61.3932,1152.582],[139.04653,61.38669,1179.9333],[139.02545,61.37946,1132.9214],[139.01129,61.37238,1118.5671],[138.96664,61.33595,1174.6483],[138.95331,61.32747,1067.6982],[138.9407,61.32112,1011.5118],[138.92003,61.31745,1231.6447],[138.90856,61.31786,1475.335],[138.89987,61.32008,1388.9359],[138.89388,61.32401,1177.8037],[138.88964,61.32882,1114.8448],[138.88344,61.33264,1074.2128],[138.87393,61.33507,1034.8412],[138.86236,61.33651,1076.131],[138.84034,61.33724,1391.198],[138.83135,61.33546,1445.0044],[138.76551,61.31233,1544.0078],[138.75601,61.31135,1233.9263],[138.74815,61.31264,1147.4281],[138.74515,61.31742,1215.2122],[138.74732,61.32458,1142.8615],[138.75466,61.33558,1192.7261],[138.75291,61.34111,1144.9895],[138.74515,61.3437,1244.5779],[138.73461,61.34308,1223.3541],[138.72614,61.34055,1272.5536],[138.71901,61.33708,1123.3489],[138.68139,61.31125,1074.5493],[138.65079,61.28194,1169.9631],[138.64366,61.26928,1278.0001],[138.64232,61.2606,1226.4829],[138.64459,61.25461,1266.5072],[138.64759,61.24934,1157.2313],[138.64955,61.24376,1146.6881],[138.64945,61.22918,1335.7623],[138.64707,61.21926,1198.713],[138.6542,61.21487,1282.551],[138.66526,61.2127,1472.7637],[138.69058,61.21063,1762.6425],[138.69989,61.20805,2009.1093],[138.70609,61.20415,1991.0059],[138.7065,61.19875,1790.9944],[138.70299,61.19309,1971.8936],[138.69162,61.18857,1807.5079],[138.65007,61.17983,1147.6572],[138.63395,61.17404,1346.0502],[138.57059,61.14252,1695.0828],[138.56129,61.14025,1633.0248],[138.55064,61.1388,1591.5698],[138.48512,61.13901,1896.7428],[138.47458,61.13751,1703.9799],[138.46538,61.13508,1780.6112],[138.44336,61.12505,1495.1039],[138.4137,61.10658,1733.4579],[138.40502,61.10283,1815.9329],[138.3951,61.10025,1974.1234],[138.38332,61.09953,1729.4465],[138.29733,61.11121,1674.5334],[138.29164,61.10997,1508.6365],[138.29206,61.1065,1691.1115],[138.29516,61.10216,1701.2729],[138.30404,61.09286,1405.2581],[138.30663,61.08743,1614.1353],[138.30839,61.08175,1921.0975],[138.30839,61.07534,1627.6414],[138.30776,61.06924,1450.8646],[138.30839,61.06333,1460.8019],[138.31097,61.05803,1731.3157],[138.31583,61.05366,1435.4548],[138.32234,61.04992,1437.9845],[138.33722,61.04315,1552.6449],[138.34311,61.03922,1259.7579],[138.34642,61.03405,1216.1355],[138.34828,61.02837,1310.7832],[138.34828,61.02181,1302.6674],[138.34611,61.00144,1006.6351],[138.3458,61.0001,997.8189],[138.33743,60.99191,673.7219],[138.32296,60.98279,589.0342],[138.31118,60.97814,575.7374],[138.29826,60.97581,790.0082],[138.24865,60.97344,711.8589],[138.22922,60.9693,949.3964],[138.22136,60.9663,1047.6201],[138.21485,60.96258,1123.2241],[138.20937,60.95778,928.9372],[138.20534,60.95178,887.6512],[138.20359,60.94321,1048.853],[138.2039,60.93633,889.4291],[138.20689,60.92419,884.6504],[138.20689,60.91845,1037.6896],[138.2039,60.91256,1156.225],[138.19914,60.90672,1093.7531],[138.19108,60.90042,937.1465],[138.1856,60.89497,962.252],[138.18281,60.88941,1018.4705],[138.18612,60.883,1071.3324],[138.19583,60.87318,1187.1705],[138.19924,60.8682,1096.9976],[138.20297,60.8568,1181.3411],[138.20793,60.85231,1168.8011],[138.23097,60.8428,1137.9708],[138.23624,60.83861,1123.2052],[138.23842,60.83293,1220.4838],[138.24069,60.82078,916.3709],[138.24369,60.81562,1196.4611],[138.24751,60.81081,1253.4615],[138.25268,60.80662,1366.8973],[138.278,60.79148,1442.3773],[138.28234,60.78688,1420.057],[138.2843,60.78156,1393.1448],[138.28368,60.77577,1307.8706],[138.27965,60.7643,1348.2373],[138.27986,60.75898,1306.8623],[138.2843,60.75484,1362.8536],[138.29257,60.75205,1447.8213],[138.33784,60.7458,1474.1104],[138.34735,60.74348,1606.4368],[138.35324,60.73955,1732.642],[138.35665,60.73469,1897.5776],[138.35882,60.72983,1856.1709],[138.36358,60.72565,1657.0704],[138.37071,60.72244,1546.907],[138.39944,60.71536,1795.8037],[138.41587,60.70963,1924.4385],[138.4229,60.70617,1838.2054],[138.42889,60.70232,1821.72],[138.43355,60.69774,1552.9011],[138.43623,60.69237,1484.5837],[138.43747,60.68645,1257.9347],[138.43747,60.68038,1197.5875],[138.43417,60.67198,1511.2679],[138.41928,60.64444,1490.9241],[138.41701,60.63444,1837.3108],[138.41587,60.62622,1516.358],[138.41246,60.61888,1545.3539],[138.4044,60.61139,1652.9507],[138.38518,60.60087,1323.3979],[138.3706,60.59677,1187.1893],[138.35613,60.5948,1208.7678],[138.33257,60.59408,1791.1084],[138.32327,60.59214,1572.7883],[138.31552,60.58777,1246.8245],[138.3118,60.58111,1399.6392],[138.31345,60.56845,1677.0491],[138.32048,60.55925,1623.6384],[138.32875,60.55067,1311.9884],[138.33412,60.54338,1571.4181],[138.33412,60.53662,1481.1521],[138.32854,60.52954,1578.1682],[138.30663,60.51636,1082.8832],[138.29733,60.51253,1141.2324],[138.25361,60.50117,868.7],[138.24658,60.4976,851.5765],[138.24276,60.49269,1116.7123],[138.24534,60.4862,968.8549],[138.25185,60.48189,1030.4644],[138.26911,60.47561,1175.0156],[138.27376,60.4713,962.7396],[138.27428,60.46592,1129.4821],[138.2718,60.45853,1040.838],[138.27283,60.453,881.0647],[138.27872,60.44866,993.184],[138.29722,60.44236,1122.5303],[138.30477,60.43895,1336.9706],[138.31025,60.43481,1136.8298],[138.31428,60.43047,1151.7539],[138.32658,60.40629,1058.9879],[138.32792,60.40122,1064.3981],[138.32885,60.39595,1134.4764],[138.32906,60.39063,1146.8759],[138.32813,60.38494,1035.6488],[138.32575,60.37895,1165.2208],[138.30973,60.35316,1267.6583],[138.30714,60.34707,1325.0442],[138.30714,60.3418,1097.6342],[138.30901,60.33709,1115.3578],[138.31686,60.32882,1352.6919],[138.31862,60.32389,1244.3529],[138.31521,60.31808,1336.347],[138.28916,60.30516,1110.4325],[138.27087,60.29839,1135.4102],[138.24152,60.28389,1298.2043],[138.22446,60.27121,1094.6007],[138.21227,60.25857,1088.8336],[138.20576,60.24991,1211.6229],[138.20172,60.24242,1172.4766],[138.20069,60.23669,1070.583],[138.20048,60.23126,1137.7988],[138.20255,60.22619,1053.3666],[138.20534,60.22152,978.4861],[138.21309,60.2126,856.0123],[138.2196,60.20341,867.3106],[138.22384,60.19896,914.7639],[138.23345,60.19059,1001.1766],[138.23717,60.18604,1069.144],[138.23728,60.17953,957.1505],[138.23314,60.17111,994.5452],[138.20844,60.14165,900.8269],[138.20545,60.13561,1016.3859],[138.20328,60.12961,848.0777],[138.20255,60.12398,1039.1934],[138.20317,60.11871,1064.9744],[138.20534,60.11385,894.7314],[138.20958,60.10951,1025.3839],[138.24782,60.08672,1038.6421],[138.25278,60.08248,953.114],[138.2564,60.07768,1033.2224],[138.25836,60.07225,929.9083],[138.2534,60.06429,941.6137],[138.23914,60.04512,1040.4802],[138.23573,60.03892,995.2874],[138.23407,60.03308,1024.7363],[138.23294,60.02734,909.3764],[138.23283,60.02192,962.6519],[138.23356,60.0167,1097.8524],[138.23966,60.00021,952.2174],[138.24028,59.99567,1019.2838],[138.24276,59.98621,850.0747],[138.24524,59.98115,783.1005],[138.24896,59.97649,1021.9626],[138.26704,59.95931,953.17],[138.27314,59.95541,871.6934],[138.2718,59.94833,940.1305],[138.2626,59.93831,985.2212],[138.2257,59.91712,815.5049],[138.19759,59.89671,895.1341],[138.19077,59.88446,1022.7599],[138.18839,59.87846,1032.5428],[138.18302,59.85542,799.8213],[138.1762,59.84286,791.804],[138.17372,59.83671,791.9087],[138.17382,59.83123,824.2955],[138.17785,59.82679,962.2308],[138.18343,59.82281,869.6487],[138.18984,59.81898,903.9633],[138.19397,59.81464,814.4322],[138.19614,59.80973,760.0822],[138.1917,59.77067,766.2655],[138.19304,59.76498,476.917],[138.19614,59.7594,413.2458],[138.20193,59.75289,431.7949],[138.20937,59.7486,502.1459],[138.2195,59.74576,478.1356],[138.25547,59.73899,392.4625],[138.26467,59.73584,386.2757],[138.27066,59.73196,383.2872],[138.27345,59.72734,373.6287],[138.26694,59.72062,375.8019],[138.25299,59.71253,382.7576],[138.21991,59.69966,493.943],[138.18426,59.68191,719.5942],[138.17372,59.67982,597.1279],[138.08287,59.68674,500.9316],[138.04318,59.68457,691.4584],[138.03491,59.68576,811.1745],[138.02902,59.68889,872.4223],[138.02592,59.69341,939.2942],[138.02561,59.69868,856.1913],[138.0284,59.70462,709.8066],[138.03646,59.71682,626.7394],[138.04266,59.72917,801.4279],[138.04391,59.73501,548.662],[138.04442,59.74057,603.5516],[138.04349,59.74584,597.5308],[138.04132,59.75067,789.9855],[138.03047,59.76958,683.6097],[138.02034,59.78335,554.8862],[138.01135,59.79165,468.6747],[138.00535,59.7949,449.9778],[137.99988,59.79702,417.5945],[137.99388,59.79692,392.6546],[137.98592,59.79397,377.1357],[137.97817,59.7855,373.083],[137.97538,59.77894,367.133],[137.97414,59.77261,351.0],[137.97228,59.76689,352.697],[137.96897,59.76147,369.3589],[137.96081,59.75643,375.4124],[137.94872,59.75253,358.2676],[137.89952,59.7455,354.494],[137.88939,59.74633,350.8016],[137.8804,59.7486,347.0733],[137.8556,59.75814,362.1505],[137.84443,59.76002,356.6054],[137.83338,59.76077,378.1137],[137.61571,59.73976,338.4287],[137.59907,59.73341,336.6386],[137.57706,59.72266,336.7682],[137.45831,59.64726,325.7122],[137.44704,59.63605,323.9974],[137.44239,59.62773,321.9674],[137.44529,59.6176,327.6049],[137.45014,59.60799,319.627],[137.45676,59.59879,322.0667],[137.47061,59.58592,346.0745],[137.47433,59.58148,534.1345],[137.47681,59.57667,480.1158],[137.47774,59.57158,462.4188],[137.4765,59.56603,379.2393],[137.47288,59.56053,332.7137],[137.46575,59.55525,321.1792],[137.45552,59.55115,319.9273],[137.43691,59.54887,315.935],[137.42296,59.54869,316.7948],[137.37439,59.55332,329.8552],[137.36198,59.55177,311.6858],[137.34896,59.54856,312.2552],[137.33284,59.5389,318.4208],[137.32354,59.53218,304.5],[137.30193,59.50846,304.1311],[137.29201,59.50148,302.0],[137.28871,59.49962,302.9023],[137.23827,59.47911,309.0541],[137.2177,59.46433,305.4545],[137.2084,59.4525,310.9615],[137.18246,59.44557,381.7302],[137.0974,59.45079,290.5],[137.06887,59.43865,298.4089],[137.05378,59.43033,288.3494],[137.04448,59.42699,287.3774],[137.0327,59.42552,293.8959],[136.9927,59.43015,293.0605],[136.97947,59.43027,288.1357],[136.96407,59.42831,293.9242],[136.83592,59.39803,306.7584],[136.82682,59.39467,302.1521],[136.81907,59.39059,294.9977],[136.81287,59.38614,281.6615],[136.7923,59.36459,323.2257],[136.78579,59.3603,339.7948],[136.77463,59.35684,280.9245],[136.75871,59.35465,281.7714],[136.66011,59.3539,275.4755],[136.64864,59.35715,276.9546],[136.6413,59.36129,272.344],[136.6381,59.36594,275.8319],[136.63407,59.37033,279.0467],[136.62942,59.37457,273.7058],[136.62363,59.37834,272.0731],[136.61588,59.38134,269.8044],[136.59976,59.38263,265.8376],[136.53495,59.38087,271.035],[136.50136,59.38351,263.9124],[136.48896,59.3879,259.7682],[136.45806,59.39498,262.0157],[136.44597,59.39606,269.3365],[136.37496,59.39263,254.9569],[136.3638,59.39415,259.5232],[136.35429,59.39689,265.6616],[136.34664,59.4003,257.9499],[136.34158,59.40438,255.3206],[136.32422,59.42681,285.4053],[136.31936,59.43058,325.0162],[136.31254,59.43369,326.5292],[136.30086,59.43472,350.9899],[136.28742,59.43312,313.7482],[136.26758,59.42746,253.4881],[136.23947,59.41503,250.6873],[136.23027,59.41224,261.4666],[136.21869,59.41126,253.5745],[136.2004,59.41374,246.8743],[136.18789,59.41658,246.7814],[136.16888,59.42304,302.9558],[136.14841,59.42785,248.4716],[136.13363,59.42836,248.46],[136.08992,59.42588,251.8526],[136.07545,59.42738,242.1653],[136.06501,59.43022,261.5594],[136.05343,59.43803,260.8453],[136.0217,59.47337,244.0112],[136.01674,59.47756,249.7996],[136.00527,59.48448,242.7497],[135.99907,59.48624,242.0315],[135.93561,59.48647,237.4135],[135.92073,59.48898,236.7878],[135.91184,59.49249,237.4848],[135.90615,59.49993,235.6683],[135.89417,59.50996,227.8201],[135.88207,59.51761,243.0769],[135.86781,59.52464,251.5098],[135.85034,59.53073,411.4351],[135.83877,59.53283,277.0228],[135.8151,59.53476,438.8322],[135.79102,59.5343,324.0255],[135.75722,59.5288,292.9982],[135.70896,59.51265,243.4445],[135.69562,59.50978,221.5933],[135.65356,59.50621,271.7464],[135.63713,59.50309,298.4207],[135.61894,59.49549,227.7849],[135.60964,59.48893,241.3409],[135.60281,59.48236,239.4751],[135.59858,59.47621,236.7811],[135.58917,59.46495,215.5],[135.58359,59.46004,217.2695],[135.57708,59.45575,224.5474],[135.57015,59.45213,215.6079],[135.52106,59.43715,217.2359],[135.42174,59.38692,219.5111],[135.41564,59.38247,228.2816],[135.41037,59.37736,226.5584],[135.38381,59.34196,219.346],[135.37823,59.33708,215.1918],[135.37192,59.33292,214.6176],[135.35559,59.32454,212.6907],[135.34609,59.31855,217.7488],[135.34516,59.31359,216.2498],[135.3464,59.30863,213.0952],[135.34578,59.30331,200.5],[135.34236,59.29798,206.6415],[135.33306,59.28726,214.4665],[135.32583,59.27532,209.0522],[135.32056,59.26946,213.1654],[135.31322,59.26475,205.1062],[135.30237,59.26036,207.9756],[135.29544,59.256,212.649],[135.26774,59.23117,204.2238],[135.2633,59.22564,201.0813],[135.2602,59.22011,236.5637],[135.26051,59.21499,222.9308],[135.26423,59.2106,218.4303],[135.27674,59.20308,211.9203],[135.28077,59.19882,209.6444],[135.28128,59.1938,205.0668],[135.2786,59.18876,190.5],[135.27384,59.18409,194.8608],[135.2664,59.18001,197.9543],[135.23622,59.16972,189.8574],[135.2294,59.16577,216.0012],[135.22599,59.1606,206.4146],[135.22568,59.15598,203.2329],[135.22651,59.14869,249.6169],[135.2264,59.14388,395.2118],[135.22372,59.1381,379.3348],[135.21999,59.1321,395.9125],[135.21483,59.12693,470.7037],[135.20914,59.12233,488.8242],[135.20201,59.11892,519.0035],[135.18692,59.11624,542.9608],[135.12233,59.11443,509.7861],[135.10217,59.1167,553.3968],[135.08946,59.12032,551.3978],[135.07602,59.13314,551.9224],[135.07024,59.13711,566.6658],[135.05763,59.1398,520.4266],[135.00657,59.14187,513.0029],[134.9551,59.15112,532.021],[134.94425,59.15205,541.4158],[134.93247,59.15122,606.0122],[134.92017,59.14915,660.0275],[134.86467,59.12843,524.954],[134.85454,59.12704,588.2627],[134.84286,59.12962,609.9774],[134.8195,59.13931,603.7832],[134.80059,59.1444,645.0915],[134.76752,59.14704,595.6973],[134.7579,59.14926,659.8259],[134.7517,59.15262,687.8362],[134.75057,59.15758,649.5475],[134.75356,59.16269,554.9153],[134.75852,59.16771,512.8739],[134.77537,59.18179,401.7493],[134.77909,59.18703,446.4228],[134.7793,59.1921,427.018],[134.77444,59.19597,410.7968],[134.76504,59.19851,445.3284],[134.75522,59.20011,458.2361],[134.74654,59.20279,427.3514],[134.73248,59.20941,543.9259],[134.72493,59.21135,635.4858],[134.71563,59.21042,634.9749],[134.68897,59.1984,516.7872],[134.67719,59.1953,524.3248],[134.66117,59.19298,642.4133],[134.59399,59.1905,593.0912],[134.57817,59.18802,511.3226],[134.55471,59.18104,510.1178],[134.54386,59.17476,528.1866],[134.53704,59.16843,539.9037],[134.53166,59.15608,604.2972],[134.52794,59.15091,577.9767],[134.52205,59.14745,576.2777],[134.51254,59.14812,659.2856],[134.49208,59.15422,625.4203],[134.43668,59.16399,651.1169],[134.428,59.16685,664.5962],[134.42056,59.17026,710.0169],[134.41498,59.17422,626.4775],[134.41033,59.17838,586.9294],[134.4063,59.18285,566.3818],[134.39679,59.19127,624.6476],[134.3909,59.19484,679.7632],[134.38294,59.19747,647.5354],[134.28744,59.19701,526.8069],[134.23701,59.20393,563.4364],[134.21861,59.20874,632.83],[134.16993,59.22781,704.9475],[134.09314,59.24964,621.4592],[134.04653,59.256,684.5635],[133.93635,59.24625,570.388],[133.89129,59.247,556.0022],[133.8763,59.24579,531.5038],[133.80096,59.22458,534.145],[133.76665,59.22274,588.8536],[133.62516,59.23215,641.4706],[133.61492,59.23406,571.9328],[133.60728,59.23716,566.0807],[133.60304,59.2415,603.5128],[133.6018,59.24669,622.3509],[133.6017,59.25225,590.8455],[133.60242,59.26377,551.7153],[133.60542,59.27587,538.4279],[133.60397,59.28088,607.2165],[133.59766,59.28416,517.5497],[133.58681,59.2863,554.7076],[133.57017,59.2924,579.0858],[133.5586,59.29406,565.7147],[133.5433,59.2939,536.4098],[133.47953,59.27979,535.2259],[133.43829,59.27716,543.9732],[133.42899,59.27563,578.5845],[133.41917,59.27204,588.9976],[133.40977,59.26687,533.264],[133.39861,59.25664,544.5895],[133.39055,59.24362,545.1722],[133.38424,59.24016,580.5165],[133.34517,59.23638,595.0689],[133.3245,59.22615,583.7605],[133.30652,59.22148,605.2825],[133.29195,59.21918,653.9105],[133.26001,59.21814,663.1759],[133.25133,59.21871,696.6839],[133.24523,59.22166,653.6487],[133.24017,59.22548,619.5127],[133.23438,59.22879,662.3185],[133.22601,59.22915,726.965],[133.21753,59.22538,655.9917],[133.20833,59.21571,518.1301],[133.20368,59.20827,527.7876],[133.19872,59.20171,511.2764],[133.19159,59.19742,492.3354],[133.17888,59.1953,570.7598],[133.16803,59.19592,626.7106],[133.12576,59.2044,555.9453],[133.11397,59.20357,543.5303],[133.10353,59.20021,570.5453],[133.087,59.18489,513.7889],[133.07894,59.17964,497.0186],[133.03294,59.16515,538.6345],[133.02023,59.15737,534.4051],[132.94406,59.09681,438.8642],[132.936,59.0928,452.5444],[132.9236,59.0903,418.2818],[132.91275,59.09097,398.7254],[132.90313,59.09329,416.3768],[132.86117,59.10797,396.9578],[132.85177,59.10885,401.3416],[132.84319,59.10709,405.692],[132.83637,59.10332,412.6117],[132.83296,59.09598,413.027],[132.83378,59.09035,447.494],[132.8375,59.08544,433.5636],[132.84288,59.08141,417.2951],[132.86169,59.06448,402.1522],[132.86448,59.0597,403.7718],[132.86396,59.05412,407.345],[132.86014,59.04818,418.2541],[132.85239,59.04265,425.6393],[132.82769,59.03242,445.9324],[132.81973,59.0273,488.7901],[132.81539,59.01996,555.3969],[132.8159,59.01423,559.7459],[132.81942,59.0094,604.9361],[132.84588,58.99469,651.0485],[132.87068,58.98694,649.1557],[132.87326,58.98333,652.1143],[132.8683,58.97728,565.7333],[132.82676,58.94364,648.068],[132.8219,58.93844,624.1284],[132.81838,58.93232,634.5518],[132.81528,58.92586,581.3322],[132.81105,58.91323,548.9256],[132.80981,58.89026,589.193],[132.81063,58.88498,580.2423],[132.80795,58.88018,561.467],[132.79947,58.87615,509.1932],[132.77353,58.87429,530.4638],[132.75255,58.87537,485.4299],[132.72247,58.88188,582.7341],[132.7111,58.88731,603.2027],[132.68661,58.89413,631.228],[132.59928,58.89103,602.2656],[132.55122,58.81768,542.7339],[132.54419,58.80956,515.162],[132.53148,58.79801,490.1297],[132.52476,58.79075,469.3683],[132.52135,58.78489,487.0923],[132.52569,58.78106,480.1479],[132.55153,58.77238,465.256],[132.55866,58.76897,458.4775],[132.56455,58.7652,446.2807],[132.56837,58.76075,436.5382],[132.57116,58.75595,436.8561],[132.57199,58.7506,435.881],[132.57168,58.74474,436.0511],[132.56713,58.72634,466.8068],[132.53861,58.67172,487.5974],[132.54047,58.66226,535.0499],[132.54688,58.65616,565.4153],[132.55659,58.65353,519.7579],[132.56455,58.65043,490.1121],[132.56682,58.64562,453.6608],[132.56424,58.63994,541.5676],[132.54367,58.62841,616.9943],[132.47794,58.6079,544.8582],[132.4643,58.60102,561.259],[132.452,58.59296,580.5957],[132.41427,58.55782,576.0649],[132.40962,58.54914,628.6575],[132.40435,58.54216,687.5007],[132.39815,58.53591,647.577],[132.3719,58.5239,633.04],[132.36911,58.51922,661.8099],[132.37211,58.51284,644.0665],[132.37738,58.50816,650.8109],[132.38286,58.50413,687.3453],[132.4152,58.49124,667.1884],[132.41893,58.48692,695.5033],[132.41696,58.48196,703.98],[132.40497,58.47602,690.3391],[132.39319,58.47426,586.5752],[132.38048,58.47442,593.0043],[132.30875,58.48387,547.8389],[132.29935,58.48609,522.3068],[132.28612,58.49294,552.1163],[132.27919,58.49576,572.3652],[132.2703,58.49695,627.3687],[132.26142,58.49612,612.2973],[132.21697,58.48777,652.6414],[132.12861,58.48935,684.7487],[132.12416,58.48684,662.0762],[132.12509,58.4831,649.6938],[132.12881,58.47886,666.4585],[132.16096,58.45499,606.6058],[132.1685,58.44594,637.4551],[132.17005,58.44083,684.8278],[132.16974,58.43504,681.3052],[132.16788,58.42295,649.892],[132.16757,58.41155,646.0709],[132.1685,58.40041,623.8383],[132.16995,58.39525,588.9971],[132.17181,58.39008,619.7407],[132.18204,58.3706,701.0071],[132.18576,58.3661,698.7866],[132.19052,58.36186,676.7392],[132.20219,58.35422,667.4915],[132.20685,58.35003,667.9424],[132.20953,58.3446,684.214],[132.2086,58.33737,639.6374],[132.20436,58.32714,604.4172],[132.20292,58.31985,594.8607],[132.20292,58.31344,615.035],[132.20343,58.30797,648.7427],[132.20343,58.30166,690.7265],[132.20281,58.29487,721.739],[132.19579,58.27122,708.6707],[132.19599,58.24843,574.0374],[132.19475,58.24254,537.5786],[132.1901,58.23676,604.7644],[132.1778,58.23117,593.6091],[132.16788,58.23102,623.5383],[132.15972,58.23309,602.7331],[132.1345,58.24776,596.7118],[132.12706,58.25066,617.216],[132.11796,58.2519,668.0587],[132.10938,58.25097,716.549],[132.10194,58.24831,749.4492],[132.09326,58.24288,687.4267],[132.05182,58.20787,719.4173],[132.04489,58.20461,741.4783],[132.02918,58.19934,853.3776],[132.02246,58.19536,868.5447],[132.01719,58.1904,821.1489],[132.01626,58.18141,863.6615],[132.01833,58.17547,835.4529],[132.0298,58.16115,885.2463],[132.03156,58.15609,893.9556],[132.0298,58.14958,967.5769],[132.02463,58.14084,983.9948],[132.01316,58.12736,875.8159],[132.00851,58.11454,824.4578],[132.00882,58.10669,823.908],[132.01389,58.10157,848.3335],[132.02174,58.09847,816.4],[132.1131,58.07708,949.1097],[132.12706,58.07018,962.941],[132.13295,58.06638,973.7519],[132.13512,58.06126,946.272],[132.13295,58.05527,902.9304],[132.11982,58.04648,868.8308],[132.08861,58.03439,853.3884],[132.07848,58.02506,886.3507],[132.0697,58.0194,885.1964],[132.05729,58.01599,867.1635],[132.04748,58.01703,917.7858],[132.03931,58.01961,938.6837],[131.99973,58.0379,941.5764],[131.9957,58.04059,953.7365],[131.98681,58.04819,948.2678],[131.96944,58.05956,865.2535],[131.95518,58.06643,915.4845],[131.92149,58.07808,806.5761],[131.87477,58.10849,833.9368],[131.84635,58.12211,773.5169],[131.82744,58.12663,838.58],[131.81689,58.12736,843.666],[131.777,58.12526,853.8772],[131.76667,58.12689,857.8181],[131.75726,58.12932,833.4072],[131.7493,58.13242,765.5909],[131.74258,58.13604,774.0415],[131.73742,58.14002,776.408],[131.7337,58.14451,784.0958],[131.7306,58.14927,825.7683],[131.7246,58.1649,846.1836],[131.72088,58.16947,848.7523],[131.71447,58.17257,888.9418],[131.70476,58.17392,943.7611],[131.67727,58.17076,952.7765],[131.64543,58.1741,941.8496],[131.63551,58.17376,972.0337],[131.59892,58.1688,1008.1577],[131.58911,58.16927,1038.9131],[131.55045,58.17764,1066.1249],[131.54043,58.1781,1037.7805],[131.53154,58.17673,968.9378],[131.50808,58.17004,1051.9376],[131.49557,58.16818,1059.7864],[131.47686,58.16751,1077.4303],[131.4687,58.16467,1113.6447],[131.46374,58.15991,1137.8671],[131.46436,58.1509,938.9105],[131.46911,58.14544,857.1959],[131.47645,58.1411,859.7056],[131.50177,58.13087,1024.8586],[131.51273,58.12449,954.6199],[131.52224,58.11619,1044.4402],[131.53247,58.10235,941.3055],[131.53774,58.09255,823.7247],[131.54074,58.08788,800.6047],[131.54518,58.08369,736.6679],[131.55169,58.08007,808.6833],[131.62259,58.06643,1003.2983],[131.6291,58.06317,1055.5225],[131.63313,58.05894,1071.6774],[131.63623,58.05382,1077.4216],[131.63799,58.0486,1069.1921],[131.64461,58.03362,1008.3417],[131.64605,58.02845,988.4931],[131.64523,58.02313,958.5748],[131.6384,58.01785,939.5414],[131.63003,58.01522,968.9324],[131.61143,58.01196,1015.681],[131.60554,58.0085,956.175],[131.60388,58.00096,893.2167],[131.60461,57.99951,936.7737],[131.6104,57.99538,945.5789],[131.7368,57.9284,839.6837],[131.74599,57.92603,874.4242],[131.75633,57.92479,928.2927],[131.78506,57.92592,957.1703],[131.79312,57.92391,980.8277],[131.7987,57.92039,976.1339],[131.80243,57.91585,968.2301],[131.8048,57.91088,964.722],[131.80604,57.90554,928.4679],[131.80294,57.8975,943.2745],[131.79529,57.88737,902.9562],[131.75685,57.85308,967.9139],[131.75571,57.84619,935.3076],[131.75995,57.8419,966.0493],[131.76832,57.83952,827.924],[131.77845,57.8389,784.5209],[131.79922,57.83954,875.4222],[131.82082,57.83781,992.8135],[131.82981,57.83544,981.7549],[131.83664,57.83208,887.4479],[131.84759,57.82417,946.5799],[131.888,57.80862,1035.2454],[131.89307,57.80459,1000.5746],[131.90102,57.79575,975.0815],[131.90599,57.78598,987.0866],[131.90733,57.78061,961.2073],[131.9094,57.77562,875.8116],[131.9125,57.77084,783.3716],[131.91818,57.76702,856.1603],[131.92573,57.76376,836.2863],[131.95187,57.75539,906.9668],[131.96676,57.74901,994.5569],[132.00169,57.72433,1288.8431],[132.03476,57.69095,1234.1675],[132.03828,57.68643,1300.0669],[132.04127,57.6817,1536.5228],[132.04303,57.67666,1618.7234],[132.04406,57.67162,1697.767],[132.04748,57.66108,1352.1846],[132.04396,57.65452,1303.1335],[132.03549,57.64757,1272.4857],[132.00138,57.63524,1168.7871],[131.99022,57.63341,1180.8164],[131.98092,57.63297,1190.0597],[131.97161,57.63137,1194.318],[131.96448,57.62796,1204.9768],[131.96118,57.62046,1231.5027],[131.96118,57.61455,1253.9995],[131.96273,57.60873,1259.146],[131.97037,57.59416,1066.759],[131.97378,57.58961,950.8538],[131.97471,57.58584,941.8148],[131.97048,57.58295,796.6013],[131.95839,57.58341,878.6827],[131.89028,57.59297,899.4488],[131.86898,57.59302,1164.0907],[131.84966,57.59106,1245.6842],[131.8324,57.58762,1288.4763],[131.81689,57.58243,1307.7228],[131.77008,57.56168,1371.8503],[131.75468,57.55899,1296.8302],[131.74227,57.55917,1693.0002],[131.72408,57.56439,1656.2881],[131.71323,57.56584,1633.8579],[131.70207,57.56496,1520.9185],[131.69308,57.56052,1451.4797],[131.68533,57.55008,1436.3965],[131.68233,57.5429,1350.9893],[131.68471,57.53732,1275.2365],[131.69163,57.53398,1363.0361],[131.73018,57.52341,1224.4514],[131.73514,57.51938,1307.7396],[131.737,57.51458,1345.8978],[131.73587,57.50925,1370.5974],[131.7306,57.50158,1328.6221],[131.72936,57.50034,1292.522],[131.67075,57.47427,1229.3679],[131.6476,57.46667,1154.1365],[131.61732,57.45257,940.2126],[131.59551,57.4367,925.0441],[131.58538,57.42559,896.0168],[131.57143,57.39965,889.0771],[131.56812,57.38844,933.9232],[131.56616,57.37639,937.0479],[131.56523,57.36461,954.7376],[131.56564,57.35903,932.9839],[131.5674,57.35386,854.1188],[131.5827,57.33035,808.0416],[131.59086,57.3103,1018.3577],[131.59861,57.29583,951.7287],[131.59582,57.29059,872.6599],[131.58735,57.2857,697.853],[131.56719,57.28234,408.2522],[131.55231,57.28214,316.5397],[131.53929,57.28348,311.9091],[131.52885,57.2855,314.8452],[131.51883,57.28617,367.7268],[131.51025,57.28446,390.4001],[131.50487,57.27857,317.1974],[131.50332,57.27268,319.6068],[131.50332,57.26674,302.8356],[131.50859,57.25108,676.5735],[131.50591,57.24581,834.9033],[131.49836,57.24379,891.8671],[131.47955,57.24421,718.5411],[131.44152,57.25253,547.7352],[131.42943,57.2533,713.7882],[131.40524,57.25253,810.2098],[131.38168,57.24963,614.9619],[131.35759,57.24881,664.5203],[131.3453,57.25072,931.6497],[131.33341,57.25454,779.8337],[131.32359,57.25976,512.0905],[131.31171,57.27196,656.4709],[131.30189,57.28451,693.0356],[131.29455,57.29059,424.0604],[131.28432,57.29635,607.6536],[131.27274,57.30146,458.2191],[131.26065,57.30477,295.7346],[131.25062,57.30425,290.9325],[131.24039,57.30084,296.6409],[131.22923,57.29221,299.0612],[131.21807,57.28048,298.7704],[131.20215,57.25449,440.2151],[131.19213,57.24302,734.7074],[131.18334,57.23547,756.6339],[131.16629,57.23165,531.6569],[131.15668,57.23082,311.987],[131.14613,57.23087,303.4725],[131.11255,57.2347,316.0698],[131.10469,57.2341,330.7537],[131.10169,57.23093,346.4716],[131.10913,57.22429,348.8243],[131.12805,57.21111,361.8781],[131.15234,57.18899,576.8559],[131.16856,57.1686,747.5546],[131.17197,57.15129,383.8632],[131.17931,57.13729,600.7776],[131.18489,57.13398,694.0518],[131.19275,57.13073,699.2333],[131.20195,57.13052,571.3004],[131.20928,57.13297,531.907],[131.21528,57.13687,640.1066],[131.22448,57.14705,872.1646],[131.2282,57.15279,675.0841],[131.23295,57.15773,485.7531],[131.23905,57.16183,450.0233],[131.24649,57.16442,404.3398],[131.25569,57.16563,454.4312],[131.26561,57.16535,572.8128],[131.27533,57.16375,620.3818],[131.28328,57.16096,679.8761],[131.28959,57.15734,749.4008],[131.29352,57.15129,640.7813],[131.29538,57.14354,850.5872],[131.29672,57.13114,584.7727],[131.3022,57.12587,840.0588],[131.30933,57.12432,877.9797],[131.31739,57.12478,820.8549],[131.32597,57.12339,680.472],[131.47428,57.0792,381.4703],[131.48224,57.076,495.196],[131.48668,57.07197,548.7321],[131.48565,57.06706,544.7626],[131.47759,57.06241,417.0302],[131.45671,57.05985,872.4009],[131.44834,57.05791,942.6013],[131.44234,57.05406,979.2598],[131.43924,57.04846,959.6293],[131.43904,57.04223,922.7412],[131.44482,57.0358,921.3975],[131.45351,57.03207,961.3497],[131.47149,57.02618,646.6173],[131.47821,57.02293,502.7379],[131.48317,57.01833,669.6554],[131.48503,57.01314,835.469],[131.48575,57.00427,953.3354],[131.48751,57.0004,990.5901],[131.49195,56.99678,930.6557],[131.51335,56.99249,640.6696],[131.51986,56.9897,685.6096],[131.52358,56.98396,642.9163],[131.52658,56.9752,871.4321],[131.54105,56.9605,899.6149],[131.54415,56.95585,806.8585],[131.5488,56.95208,637.2314],[131.55407,56.94965,572.4088],[131.5612,56.95022,518.7803],[131.57577,56.95448,521.0129],[131.58414,56.95448,559.4902],[131.59148,56.95229,651.7683],[131.59655,56.94795,803.7587],[131.59985,56.94242,937.4299],[131.6014,56.93451,999.5939],[131.60357,56.92857,909.3823],[131.60802,56.92386,960.2526],[131.63685,56.91647,730.772],[131.64347,56.91239,522.6051],[131.64698,56.90697,538.5782],[131.65101,56.88694,890.3867],[131.65339,56.88201,970.1785],[131.6569,56.87767,1000.3754],[131.66404,56.87482,872.6107],[131.69473,56.86984,648.8256],[131.70145,56.8664,606.2449],[131.70507,56.86196,594.2201],[131.70724,56.85694,645.3229],[131.71003,56.85224,717.6638],[131.71447,56.84824,927.463],[131.72243,56.84586,835.322],[131.74145,56.84462,1026.0524],[131.75106,56.84291,1026.7009],[131.75602,56.83777,873.9941],[131.7584,56.830329999999996,820.1984],[131.75654,56.817,1023.2533],[131.7586,56.80945,822.9188],[131.76325,56.80392,537.1815],[131.76977,56.80044,570.3182],[131.77762,56.79731,607.2615],[131.78341,56.79204,755.5613],[131.78682,56.7848,895.8762],[131.78558,56.77116,609.8394],[131.78868,56.76382,923.2696],[131.79178,56.75827,976.4067],[131.79519,56.75535,933.0824],[131.79715,56.75302,880.6619],[131.79829,56.74832,737.2626],[131.79932,56.74132,498.979],[131.79901,56.7293,502.4791],[131.79953,56.72238,515.0613],[131.79715,56.71737,513.876],[131.78744,56.71628,510.8767],[131.77876,56.71718,519.2848],[131.76987,56.71669,544.425],[131.76181,56.71302,521.2818],[131.75406,56.70439,571.921],[131.73339,56.6969,540.2125],[131.72739,56.69292,537.9058],[131.72491,56.68553,589.2656],[131.72036,56.6784,606.1548],[131.70951,56.67055,698.1429],[131.70062,56.66631,614.8944],[131.68388,56.66083,610.9025],[131.67758,56.6576,779.9193],[131.67385,56.65373,765.1196],[131.67582,56.64838,557.7146],[131.68223,56.64476,602.5547],[131.6968,56.63804,793.7332],[131.69959,56.63393,767.322],[131.69711,56.62926,693.564],[131.68853,56.62455,610.4814],[131.68037,56.62114,628.6108],[131.67385,56.61675,559.4044],[131.67044,56.61133,830.6201],[131.67055,56.60378,974.7155],[131.67261,56.59799,1018.6993],[131.67603,56.59285,900.3262],[131.67727,56.58642,858.7737],[131.67551,56.57794,691.2947],[131.669,56.56404,814.6929],[131.66982,56.55655,679.5893],[131.66982,56.54957,582.9803],[131.66652,56.54322,680.3849],[131.65525,56.53234,590.6659],[131.64977,56.52441,922.7725],[131.64977,56.51433,949.2515],[131.65618,56.50988,986.681],[131.66311,56.50616,1001.0858],[131.66652,56.50301,888.4019],[131.66776,56.50107,809.3916],[131.66776,56.49983,736.2472],[131.66807,56.49852,660.6631],[131.669,56.49541,615.2167],[131.67241,56.49172,601.057],[131.67706,56.48784,623.2427],[131.70145,56.47337,595.205],[131.70486,56.4688,609.4288],[131.70517,56.46384,831.0791],[131.70145,56.45909,804.2618],[131.69184,56.45624,741.8124],[131.68316,56.45712,711.6152],[131.67789,56.46053,687.9412],[131.67385,56.46495,650.6885],[131.66951,56.4687,596.9256],[131.66238,56.47061,606.9698],[131.65463,56.46981,616.2572],[131.64574,56.46606,648.8431],[131.62166,56.45196,797.4651],[131.61143,56.45061,807.541],[131.60388,56.45227,868.4797],[131.59996,56.45658,953.6189],[131.59934,56.46198,976.541],[131.6014,56.46777,936.4434],[131.61722,56.48937,613.3008],[131.61939,56.49464,613.3628],[131.61949,56.49826,614.5189],[131.61949,56.49976,615.1643],[131.61887,56.50074,617.9509],[131.61701,56.50193,666.4478],[131.61257,56.50394,811.6976],[131.60523,56.50446,860.8899],[131.58735,56.5034,920.694],[131.57774,56.50373,997.3237],[131.56895,56.5057,1052.385],[131.56151,56.50864,1097.9302],[131.55655,56.51244,1096.9674],[131.55479,56.51712,973.4434],[131.55634,56.52234,869.6677],[131.55717,56.528,944.8832],[131.55634,56.53324,914.8146],[131.55283,56.53774,850.641],[131.54766,56.54161,937.4969],[131.54053,56.54492,718.0714],[131.52079,56.54906,979.1759],[131.5025,56.54993,1115.5947],[131.49743,56.54952,1078.2478],[131.48286,56.54621,777.4113],[131.46746,56.54123,979.1693],[131.45361,56.53521,1020.3121],[131.44079,56.52813,734.3922],[131.43532,56.52394,715.2912],[131.3978,56.48554,846.6146],[131.39377,56.47914,789.2086],[131.39625,56.47061,762.7952],[131.40214,56.4656,742.7675],[131.41744,56.45847,672.6412],[131.42353,56.45485,670.9952],[131.42725,56.45048,672.8746],[131.42756,56.44451,711.5955],[131.42353,56.43723,731.0048],[131.41123,56.427,734.2478],[131.40193,56.42162,733.4462],[131.39191,56.4186,708.3953],[131.3823,56.41829,710.7262],[131.37248,56.41919,786.7458],[131.36411,56.42157,851.7544],[131.35853,56.42529,868.1365],[131.35511,56.42979,819.4796],[131.35367,56.43506,759.5167],[131.35429,56.44103,834.6373],[131.35728,56.45361,768.7742],[131.35801,56.45976,754.828],[131.35708,56.46542,789.8162],[131.35367,56.47009,819.4532],[131.34798,56.47392,839.6411],[131.33341,56.48027,815.9072],[131.32731,56.48399,879.7159],[131.31977,56.49268,1025.3865],[131.31491,56.49609,1166.4785],[131.30654,56.49728,1242.8751],[131.25827,56.49454,1181.0106],[131.24091,56.49149,980.6277],[131.2252,56.48689,755.1396],[131.18438,56.46795,758.4667],[131.16226,56.45102,762.5696],[131.14996,56.43865,763.9764],[131.13053,56.41521,768.6566],[131.12557,56.41051,768.4601],[131.11399,56.39537,772.455],[131.09167,56.35889,794.2697],[131.08919,56.35222,805.1259],[131.08774,56.34524,812.4026],[131.08929,56.33734,818.4801],[131.09105,56.33124,823.1686],[131.09539,56.32065,825.1246],[131.11244,56.29202,809.2388],[131.11906,56.27744,801.9159],[131.12019,56.27264,802.2412],[131.11875,56.26365,804.1387],[131.11523,56.25155,809.079],[131.0926,56.20587,846.7806],[131.0834,56.19585,846.7463],[131.07782,56.19161,838.694],[131.06511,56.18468,872.0269],[130.99369,56.15528,861.3343],[130.98222,56.1482,866.8084],[130.96361,56.12856,935.2595],[130.96124,56.12112,930.9097],[130.96031,56.11249,939.8499],[130.96372,56.09975,902.5],[130.96661,56.09198,902.5],[130.96992,56.08578,902.5],[130.97168,56.07921,902.9012],[130.97178,56.07115,913.1241],[130.96661,56.05679,930.3096],[130.96217,56.04813,948.2617],[130.95741,56.04097,939.6081],[130.94873,56.03043,951.0039],[130.91783,55.99989,955.9473],[130.91804,55.98558,1002.7791],[130.92424,55.94181,1239.4216],[130.92093,55.93478,1270.0256],[130.9169,55.92889,1299.9398],[130.91163,55.92398,1436.9905],[130.90605,55.91979,1424.7357],[130.89964,55.91633,1537.6791],[130.87049,55.90579,1691.7454],[130.8646,55.89948,1702.171],[130.86171,55.88889,1637.9912],[130.86605,55.83365,1586.83],[130.86584,55.82677,1563.208],[130.8676,55.81995,1248.9388],[130.8708,55.81344,1167.0573],[130.89116,55.79494,1592.728],[130.89499,55.7906,1489.9771],[130.91928,55.77052,1446.4869],[130.92589,55.76135,1647.9935],[130.93168,55.7489,1695.7133],[130.93426,55.73582,1997.5466],[130.93509,55.72288,1580.6521],[130.93333,55.70298,1624.2861],[130.923,55.67857,1455.314],[130.94945,55.67087,1607.0378],[130.96465,55.66404,1385.2423],[130.99059,55.64487,1318.6436],[130.99586,55.64198,1320.1207],[131.04774,55.63294,1389.4187],[131.08681,55.61805,1262.4983],[131.09611,55.61601,1272.1368],[131.10696,55.61537,1328.4655],[131.12216,55.61857,1389.6897],[131.16691,55.63774,1686.6105],[131.17693,55.63986,1671.278],[131.19058,55.64058,1601.3463],[131.21548,55.6373,1780.6221],[131.30065,55.61764,1298.364],[131.31636,55.61661,1107.0747],[131.33971,55.61723,1208.3911],[131.37516,55.6219,1123.0881],[131.39108,55.62707,950.0171],[131.40152,55.63201,998.3522],[131.40648,55.63676,1181.4424],[131.41206,55.64079,1322.0996],[131.41868,55.64399,1243.7489],[131.42684,55.64604,1431.869],[131.43749,55.64637,1316.424],[131.44958,55.64513,1171.0],[131.4656,55.64038,1039.1694],[131.47366,55.63583,1024.4215],[131.47883,55.63087,909.2798],[131.48348,55.6271,902.172],[131.56306,55.6126,1095.5619],[131.5736,55.61283,1073.6542],[131.5829,55.61769,1293.9021],[131.586,55.62312,1440.7869],[131.58797,55.63498,1306.0768],[131.59035,55.64123,1403.6073],[131.59396,55.64694,1386.8308],[131.59861,55.6518,1406.2676],[131.61815,55.65324,1121.0588],[131.64936,55.65082,974.8046],[131.7523,55.63226,1134.6029],[131.76987,55.62596,1462.299],[131.77442,55.62182,1404.3162],[131.77979,55.61816,1471.2487],[131.78992,55.61555,1291.1882],[131.80367,55.61431,1278.8595],[131.89338,55.62658,1180.2246],[131.90102,55.62924,1218.5427],[131.90733,55.63296,1182.1575],[131.91291,55.63712,1213.7855],[131.91808,55.64172,1327.5045],[131.92945,55.64989,1484.4207],[131.94402,55.65521,1887.9827],[131.95218,55.65691,1649.9376],[131.96231,55.65784,1457.0195],[132.07931,55.64281,1163.5801],[132.10938,55.64229,1079.6172],[132.12602,55.64477,982.8005],[132.13109,55.6502,1077.3518],[132.13533,55.6557,1307.3521],[132.14008,55.66058,1462.7761],[132.14587,55.66466,1442.3365],[132.1529,55.6674,1567.0774],[132.19568,55.67469,1219.1534],[132.20261,55.67764,1063.613],[132.20767,55.68218,1075.4524],[132.21119,55.68766,1044.2395],[132.21583999999999,55.69957,1237.0281],[132.22473,55.70322,1456.028],[132.23971,55.70404,1187.8318],[132.30493,55.69593,1070.9696],[132.38689,55.70497,1105.6647],[132.40001,55.70322,978.6884],[132.46595,55.6804,1024.8799],[132.47391,55.67919,1084.6086],[132.52135,55.68063,1425.6548],[132.53065,55.67903,1552.0228],[132.5384,55.67562,1471.5518],[132.54409,55.66265,1457.9563],[132.54543,55.65691,1647.4651],[132.54915,55.64678,1365.1354],[132.57199,55.62617,1193.4014],[132.66294,55.56074,1488.4031],[132.62212,55.53077,1505.5645],[132.61561,55.52341,1452.2977],[132.61592,55.5162,1403.9952],[132.61881,55.51098,1431.0834],[132.62563,55.50287,1450.4725],[132.62894,55.50008,1427.4161],[132.64351,55.49057,1505.1224],[132.71937,55.45408,1102.9202],[132.7296,55.44644,1245.3555],[132.74035,55.43264,1286.7887],[132.74914,55.4246,1298.1006],[132.75503,55.42101,1454.5894],[132.76206,55.41801,1345.4314],[132.77095,55.41631,1318.7261],[132.78066,55.41546,1471.2715],[132.83812,55.41868,1267.4133],[132.8496,55.41791,1336.644],[132.86365,55.41527,1502.7584],[132.87264,55.41197,1572.8512],[132.89228,55.40111,1390.531],[132.92515,55.38959,1831.2473],[132.9391,55.38298,1307.0292],[132.94375,55.3791,1460.5416],[132.94551,55.37466,1424.8025],[132.94034,55.36954,1195.1783],[132.92835,55.36375,1133.276],[132.91802,55.36076,1417.8909],[132.90789,55.35913,1167.3099],[132.81714,55.35926,1322.4265],[132.77911,55.34799,1462.2437],[132.76092,55.34613,1439.2798],[132.74159,55.3467,1488.165],[132.7326,55.34871,1489.6139],[132.72557,55.35187,1369.0656],[132.71937,55.35543,1393.3424],[132.70552,55.36189,1428.1057],[132.69023,55.36706,1652.2817],[132.68217,55.36747,1557.3379],[132.67483,55.36417,1388.8708],[132.66852,55.35843,1623.3342],[132.66149,55.3482,1433.3755],[132.65829,55.34058,1242.0355],[132.65653,55.33357,1305.3953],[132.65684,55.32804,1455.0598],[132.65808,55.32285,1650.7651],[132.66077,55.31807,1595.9493],[132.66398,55.31342,1473.0742],[132.67224,55.30432,1641.3931],[132.68537,55.28562,1326.572],[132.68775,55.28076,1484.5381],[132.68878,55.27559,1370.0061],[132.68661,55.27017,1350.7446],[132.68279,55.265,1675.9811],[132.63669,55.21999,1178.7606],[132.62646,55.21281,1255.4049],[132.60641,55.20201,1295.5078],[132.59307,55.19772,1307.1609],[132.58078,55.19586,1506.1172],[132.52714,55.19898,1218.3834],[132.48073,55.19529,1559.9189],[132.46089,55.19544,1048.4275],[132.40993,55.20474,801.1194],[132.3997,55.20511,847.294],[132.39092,55.20407,773.4603],[132.36105,55.19425,718.1751],[132.35485,55.19136,692.1022],[132.35567,55.18795,585.1273],[132.36218,55.1787,668.9499],[132.36218,55.17245,612.873],[132.35609,55.16573,815.8652],[132.34482,55.15813,866.1158],[132.33903,55.15167,899.2072],[132.34182,55.14511,1049.2498],[132.36032,55.14309,794.145],[132.3687,55.14098,1028.8429],[132.37118,55.13607,1118.0073],[132.37025,55.12987,1198.1815],[132.36777,55.12307,1288.7637],[132.3687,55.11653,976.4863],[132.37304,55.11033,1061.9795],[132.3996,55.09227,628.1077],[132.40301,55.08594,564.7219],[132.40177,55.07891,556.9363],[132.39774,55.07194,733.6104],[132.38513,55.06395,982.4359],[132.37583,55.05959,971.8839],[132.36684,55.05643,1152.2394],[132.32653,55.04739,1271.8315],[132.25459,55.03959,1151.6499],[132.08675,55.04992,967.852],[132.07724,55.04925,850.9072],[132.06939,55.04739,861.6926],[132.06205,55.04491,880.497],[132.0545,55.04098,948.235],[132.01492,55.01553,1223.9871],[131.97079,54.99796,1186.6313],[131.96552,54.99489,1204.6722],[131.96107,54.99049,1197.5303],[131.95952,54.98336,1121.9922],[131.96169,54.97814,1224.5222],[131.97564,54.95969,1307.2078],[131.9898,54.93618,1258.2357],[131.99166,54.9312,1354.8352],[131.9927,54.92592,1384.2684],[131.99446,54.92078,1393.3724],[131.99487,54.9152,1171.3011],[131.99446,54.90941,1388.3607],[131.99135,54.90321,1124.3297],[131.98619,54.89753,1286.7723],[131.97689,54.89252,1289.2095],[131.96862,54.88926,1432.0048],[131.91467,54.8735,1236.5903],[131.88842,54.85887,1366.5703],[131.87932,54.85603,1226.4033],[131.86919,54.85497,1277.4484],[131.83788,54.85621,1159.5631],[131.82682,54.85453,1392.4065],[131.81617,54.85097,1535.1573],[131.7894,54.83888,1554.2773],[131.78124,54.8319,1357.8843],[131.77504,54.82056,1449.8068],[131.77235,54.81247,1445.8219],[131.7708,54.80544,1355.417],[131.76884,54.80027,1335.9777],[131.7645,54.7965,1470.7699],[131.70662,54.78725,1490.5642],[131.69928,54.78508,1447.0933],[131.67737,54.77123,1460.6298],[131.66889,54.76841,1384.504],[131.65959,54.76684,1434.645],[131.65008,54.76671,1293.5062],[131.6413,54.76746,1332.6053],[131.63468,54.76947,1564.9078],[131.63148,54.77356,1533.9031],[131.62962,54.77841,1519.8668],[131.62838,54.78301,1503.9497],[131.62466,54.7856,1446.0483],[131.61939,54.7843,1291.8108],[131.61226,54.78079,1207.1331],[131.56037,54.73521,1516.3265],[131.54539,54.72638,1391.552],[131.53247,54.7224,1483.204],[131.49867,54.7225,981.2195],[131.42963,54.71617,1332.1041],[131.39935,54.71914,1287.1943],[131.38881,54.71661,1180.4663],[131.37837,54.71087,1292.6222],[131.3638,54.6979,1261.7861],[131.35398,54.69149,1189.3701],[131.34488,54.6872,1028.8556],[131.32979,54.68276,1191.5801],[131.31388,54.67586,1221.7925],[131.29114,54.65754,1381.7231],[131.27708,54.64287,1205.094],[131.26592,54.63718,1054.4895],[131.256,54.63387,1015.3215],[131.23905,54.63093,888.7625],[131.23161,54.62855,883.0347],[131.21331,54.61827,867.8085],[131.19946,54.61279,1030.0688],[131.19368,54.60829,972.6014],[131.19047,54.60256,951.8905],[131.19151,54.59336,978.6494],[131.19492,54.58737,875.0799],[131.19915,54.5822,1049.1454],[131.2035,54.57801,1004.7198],[131.22262,54.55057,1048.7252],[131.22396,54.5453,994.6956],[131.22448,54.53969,842.1856],[131.22024,54.5267,703.5203],[131.16856,54.42639,760.7832],[131.16102,54.40464,664.3074],[131.1141,54.32327,663.2773],[131.10603,54.31625,639.3934],[131.09828,54.31136,612.5573],[131.07079,54.30036,753.9456],[131.06552,54.29617,708.4901],[131.05673,54.2863,742.2222],[131.05064,54.28304,762.7606],[131.04309,54.28206,770.3495],[131.03534,54.28312,768.2482],[130.98738,54.29932,681.2947],[130.94387,54.32325,639.3089],[130.93602,54.32542,680.0276],[130.92765,54.32614,698.2137],[130.91959,54.32498,702.8017],[130.86119,54.30506,627.5562],[130.85416,54.30087,613.4465],[130.84238,54.2878,582.1217],[130.83649,54.28351,562.3799],[130.82925,54.28139,573.1434],[130.81975,54.28185,619.1645],[130.79256,54.28769,525.2325],[130.77365,54.2879,481.4123],[130.7566,54.28537,464.5168],[130.74905,54.28325,468.4479],[130.74213,54.28046,480.6601],[130.73727,54.27591,466.4107],[130.73345,54.27049,461.9091],[130.73035,54.26449,454.2193],[130.72683,54.25917,464.981],[130.72218,54.25509,454.5068],[130.71577,54.25224,448.2568],[130.68508,54.24418,458.0717],[130.67836,54.24051,455.7029],[130.6734,54.23467,464.0679],[130.67092,54.2246,465.7764],[130.66658,54.21806,462.0172],[130.66151,54.21287,455.9915],[130.59185,54.17716,462.5988],[130.56974,54.1614,478.6351],[130.55134,54.15111,469.2273],[130.5069,54.11985,493.3602],[130.50318,54.11515,494.6328],[130.49873,54.10724,496.7245],[130.48912,54.08287,514.3536],[130.48602,54.07011,524.3778],[130.48488,54.06399,528.9489],[130.48633,54.0413,552.1586],[130.4824,54.01655,584.3961],[130.48354,53.9934,623.9808],[130.48168,53.98802,641.4244],[130.47899,53.98231,660.0992],[130.47155,53.97231,874.3904],[130.46711,53.96769,882.5149],[130.46132,53.96399,1119.0938],[130.4545,53.9611,1079.6018],[130.41037,53.94756,1002.2122],[130.40416,53.94407,1004.4207],[130.3992,53.93965,1104.199],[130.39569,53.93397,1308.8214],[130.39321,53.92777,1292.8351],[130.39166,53.92157,1456.3927],[130.39362,53.91531,1261.6307],[130.39858,53.90932,1041.7491],[130.42876,53.88849,1027.5602],[130.43631,53.88495,969.0323],[130.44654,53.8824,1001.0262],[130.46328,53.88126,906.3472],[130.47455,53.88193,1147.0264],[130.48416,53.88364,959.6787],[130.49605,53.88883,1173.1801],[130.50876,53.89702,900.6932],[130.51651,53.8978,981.0436],[130.52715,53.89534,845.247],[130.54338,53.88756,1029.998],[130.5595,53.88193,923.4454],[130.57335,53.87847,1031.6349],[130.59123,53.878,1010.4697],[130.6024,53.87904,1067.1798],[130.63505,53.88679,790.9567],[130.65387,53.88343,845.8625],[130.68177,53.87568,900.786],[130.74451,53.85165,1077.4937],[130.79256,53.83925,909.6244],[130.82212,53.83873,790.8801],[130.83174,53.83496,992.0015],[130.84011,53.82845,917.9873],[130.84641,53.81429,953.6862],[130.84879,53.8055,1020.7753],[130.84951,53.7977,940.203],[130.85292,53.7916,922.6288],[130.85664,53.78716,811.5711],[130.8829,53.77574,886.4066],[130.92114,53.76778,888.3086],[130.93974,53.77512,989.3299],[130.96713,53.79576,886.9893],[130.97943,53.80279,930.1772],[130.98625,53.80571,1005.7234],[131.00361,53.81015,981.9803],[131.09673,53.81294,1120.4823],[131.17528,53.79651,1082.6372],[131.20525,53.79506,1052.4546],[131.22055,53.79232,1296.6168],[131.26065,53.78075,1110.3094],[131.2808,53.77935,1083.0345],[131.30261,53.78121,1190.677],[131.33062,53.77863,1368.1273],[131.36772,53.76778,1235.9259],[131.37361,53.76525,1416.578],[131.42085,53.75134,1401.7781],[131.43087,53.74483,1310.0142],[131.43366,53.73863,1054.8477],[131.42787,53.72706,979.7353],[131.42632,53.72109,1018.6321],[131.4257,53.71527,1016.5181],[131.42808,53.70458,992.0884],[131.43625,53.68411,919.7469],[131.43924,53.67951,991.9164],[131.44679,53.67078,882.4798],[131.44958,53.66613,834.3126],[131.45051,53.6607,871.0209],[131.45051,53.65507,898.9627],[131.44917,53.64918,982.7064],[131.44369,53.6375,1078.7996],[131.44214,53.63202,985.2768],[131.444,53.62717,939.1931],[131.44927,53.6235,1060.2584],[131.46839,53.61342,1044.0295],[131.47821,53.60572,1033.4297],[131.48482,53.59657,969.9425],[131.4872,53.59172,800.8921],[131.49805,53.57394,884.7892],[131.49939,53.57094,876.8124],[131.49991,53.56906,916.1351],[131.50033,53.56285,771.9637],[131.49991,53.55947,707.1045],[131.49939,53.55735,759.6555],[131.49815,53.55487,837.6788],[131.46663,53.51441,727.8424],[131.46198,53.50356,841.6074],[131.46157,53.50108,820.0424],[131.46157,53.49981,805.8599],[131.46374,53.49591,776.1672],[131.46684,53.49219,797.2253],[131.47676,53.48449,774.9713],[131.48079,53.48038,826.8859],[131.48348,53.4756,772.7853],[131.48389,53.47012,724.7593],[131.48296,53.4642,783.5444],[131.4811,53.45829,740.4918],[131.48017,53.45237,788.8939],[131.48017,53.44676,734.3636],[131.48172,53.4416,668.6242],[131.48451,53.43695,716.5031],[131.48906,53.43297,739.6972],[131.49433,53.42976,693.9241],[131.49836,53.42651,714.7239],[131.50053,53.42405,736.1531],[131.5025,53.41979,793.2858],[131.52141,53.35922,808.8159],[131.52224,53.35514,824.201],[131.52327,53.34481,897.1891],[131.52658,53.33447,901.9924],[131.52885,53.32959,785.669],[131.53226,53.31943,700.4164],[131.53329,53.31419,665.7668],[131.53309,53.30879,656.4677],[131.53123,53.30357,641.9139],[131.52751,53.29856,684.7919],[131.52317,53.29375,662.6781],[131.51955,53.28853,699.1443],[131.51738,53.28269,735.5619],[131.51728,53.27127,802.8353],[131.51779,53.26605,772.5803],[131.51707,53.26125,742.2675],[131.51335,53.25711,693.0095],[131.50828,53.25401,642.3608],[131.50281,53.25138,756.1835],[131.47097,53.24306,743.1539],[131.45723,53.23784,812.9608],[131.45144,53.23412,809.6883],[131.447,53.22967,845.2445],[131.44493,53.22414,834.9812],[131.44586,53.21918,863.374],[131.45082,53.21531,842.698],[131.46529,53.21293,843.7209],[131.62559,53.21427,606.4497],[131.6723,53.22466,671.4943],[131.74145,53.22691,737.8149],[131.75251,53.22905,826.9005],[131.75922,53.23189,785.7117],[131.77101,53.23887,955.187],[131.78258,53.24119,878.9811],[131.80015,53.24119,695.5085],[131.85307,53.23355,882.1517],[131.86309,53.229,790.4398],[131.86464,53.22373,719.7175],[131.86392,53.21784,759.9841],[131.86154,53.21158,616.6029],[131.84573,53.1811,730.0178],[131.83788,53.17092,818.0225],[131.83571,53.16626,961.4628],[131.83736,53.16198,933.7723],[131.8416,53.15805,879.6266],[131.87994,53.13226,742.3942],[131.88614,53.12932,808.0992],[131.8942,53.12797,926.0215],[131.90671,53.13087,825.4725],[131.9157,53.13386,755.0528],[131.93668,53.14319,787.3489],[131.94526,53.14451,734.2079],[131.95549,53.14397,700.5543],[131.99053,53.13386,780.1847],[131.99942,53.1335,792.5133],[132.00696,53.13459,859.2665],[132.01988,53.13851,897.6396],[132.02742,53.14285,815.3562],[132.03352,53.14782,794.6743],[132.04189,53.15805,784.334],[132.06515,53.20011,843.493],[132.06939,53.205329999999996,823.2065],[132.07383,53.21009,842.13],[132.0791,53.21427,846.8433],[132.0853,53.21773,782.9536],[132.09212,53.22037,807.822],[132.09967,53.22233,839.3793],[132.11155,53.22295,704.1047],[132.16416,53.21954,1003.2722],[132.21418,53.2214,831.9279],[132.26379,53.23246,784.1033],[132.32756,53.2352,755.4523],[132.35268,53.23928,965.3472],[132.36001,53.24151,803.8691],[132.37603,53.24466,643.5623],[132.38637,53.24517,687.3463],[132.39846,53.24424,780.7904],[132.41789,53.23877,672.1036],[132.43867,53.23091,678.3409],[132.44797,53.2289,688.172],[132.59401,53.22972,915.0656],[132.6092,53.23231,1003.6047],[132.63545,53.25349,1088.6221],[132.64289,53.25603,956.3329],[132.65188,53.25701,754.8089],[132.67576,53.25013,957.2689],[132.69178,53.24362,807.7839],[132.70273,53.24125,635.8728],[132.71782,53.23995,749.6041],[132.79058,53.24463,826.2335],[132.80453,53.24321,830.9274],[132.8528,53.23231,883.3184],[132.86386,53.23096,914.9572],[132.87502,53.23112,827.5437],[132.89332,53.23463,774.3805],[132.902,53.2398,1006.3909],[132.90851,53.24564,928.8036],[132.92525,53.27649,765.9312],[132.92949,53.28171,949.2636],[132.93507,53.28553,883.9598],[132.94282,53.28739,918.5413],[132.95119,53.2885,893.0448],[132.96018,53.28838,947.7838],[132.9698,53.28714,959.2071],[132.98148,53.28367,905.7266],[132.99346,53.28176,862.4548],[133.02168,53.28336,764.6434],[133.0902,53.30282,877.8993],[133.09826,53.30414,942.0973],[133.10684,53.30359,894.699],[133.13351,53.29328,983.7179],[133.14333,53.29163,948.9078],[133.15335,53.29117,853.1854],[133.164,53.29396,841.4948],[133.17051,53.29845,827.8678],[133.17485,53.30414,973.8062],[133.17702,53.31016,947.5297],[133.17712,53.31571,815.8885],[133.17557,53.32088,850.4911],[133.17237,53.32538,1030.9445],[133.16462,53.33401,937.5504],[133.16193,53.3385,882.6818],[133.16255,53.34341,847.4631],[133.16648,53.3476,1028.1982],[133.17712,53.35473,912.5191],[133.18053,53.35915,1133.8297],[133.1826,53.37023,986.2981],[133.1826,53.37592,1135.9437],[133.18394,53.38204,896.2512],[133.18632,53.38837,778.7599],[133.18921,53.39452,794.3545],[133.20523,53.41627,917.2301],[133.20968,53.42113,920.4413],[133.21516,53.42542,973.02739999999994],[133.22105,53.42899,902.9368],[133.24647,53.44149,1060.4458],[133.28978,53.45555,980.5412],[133.30125,53.46299,1048.0558],[133.31396,53.46929,1269.6428],[133.3214,53.47136,1284.9657],[133.33804,53.47395,1199.4211],[133.38941,53.47503,921.7087],[133.40057,53.47674,1044.9578],[133.40884,53.47979,921.9491],[133.41917,53.48816,922.0742],[133.42507,53.49183,970.1007],[133.45752,53.50717,943.2982],[133.46455,53.50878,786.3401],[133.47147,53.50867,866.1457],[133.47922,53.5034,1055.0872],[133.4816,53.50082,1002.0406],[133.48201,53.49834,918.7266],[133.48201,53.49547,912.9828],[133.48501,53.49268,865.7472],[133.494,53.49221,884.9916],[133.49989,53.4925,895.1964],[133.52935,53.49679,1040.7742],[133.53307,53.49903,949.2094],[133.53462,53.50071,867.2526],[133.53927,53.51399,1012.3738],[133.54227,53.51989,1178.5717],[133.54981,53.53131,991.6331],[133.55415,53.53642,1092.1439],[133.55932,53.54102,1139.6921],[133.56542,53.54443,1037.3833],[133.57327,53.54603,1019.9886],[133.61999,53.54598,897.2651],[133.63208,53.54366,1144.897],[133.64345,53.53963,975.4627],[133.65709,53.53094,945.3483],[133.66464,53.52511,930.46],[133.70918,53.47684,1001.8685],[133.71383,53.47307,873.346],[133.71869,53.47007,970.3388],[133.72706,53.46762,967.0684],[133.73998,53.46669,866.3657],[133.75021,53.46702,931.0446],[133.759,53.46847,1088.4398],[133.76634,53.47064,972.0629],[133.78949,53.48562,1236.6226],[133.79548,53.48728,1428.4413],[133.80189,53.48588,1368.4155],[133.80623,53.4802,1318.1182],[133.80933,53.47488,1143.3372],[133.81285,53.46994,1216.4728],[133.81832,53.46588,1265.1544],[133.8268,53.46309,1327.6846],[133.84189,53.46232,1236.965],[133.87868,53.46619,1232.9231],[133.88705,53.46544,1130.9636],[133.99702,53.43405,1222.558],[134.00591,53.43289,1335.679],[134.01056,53.43317,1283.9778],[134.07309,53.44472,1135.1748],[134.09221,53.4448,1206.6399],[134.10027,53.4462,1110.4968],[134.10771,53.44875,1056.4504],[134.12042,53.45545,1251.0701],[134.14182,53.47219,1811.363],[134.14637,53.4773,1765.0023],[134.15443,53.48025,1674.9103],[134.16652,53.48025,1363.7881],[134.1906,53.47271,1616.5002],[134.20424,53.4711,1486.217],[134.21458,53.47183,1445.5918],[134.21882,53.47653,1358.3],[134.2214,53.48211,1264.7913],[134.22316,53.50056,1466.676],[134.22223,53.51027,1457.9517],[134.22264,53.51493,1665.6129],[134.22605,53.51844,1778.9868],[134.2337,53.5187,1844.7307],[134.25168,53.51591,1761.4419],[134.26067,53.5158,1536.2776],[134.26894,53.51684,1381.6111],[134.29023,53.52418,1549.401],[134.29767,53.52573,1552.4666],[134.30646,53.52573,1580.4],[134.32444,53.52299,1483.5459],[134.33333,53.52299,1430.3447],[134.34108,53.52464,1401.3345],[134.34821,53.52697,1416.6757],[134.35462,53.53014,1341.2017],[134.3633,53.53115,1430.8763],[134.37395,53.53027,1596.5112],[134.39338,53.52113,1196.1387],[134.40661,53.51772,1344.0034],[134.41746,53.51653,1637.4727],[134.425,53.51844,1446.8003],[134.43203,53.52082,1477.4944],[134.43834,53.5241,1468.2416],[134.44423,53.52779,1617.1129],[134.44857,53.5325,1618.287],[134.45136,53.53777,1719.0244],[134.45105,53.54283,1495.437],[134.4494,53.54769,1525.5425],[134.44454,53.5573,1905.5997],[134.43792,53.57732,1640.8884],[134.4371,53.58252,1667.9233],[134.43834,53.58756,1715.6465],[134.44288,53.59172,1943.3203],[134.44971,53.59394,1964.4761],[134.50696,53.59533,1803.5846],[134.51409,53.59642,2044.353],[134.52092,53.59885,1711.384],[134.52701,53.60252,1529.774],[134.5419,53.61626,2118.5073],[134.54789,53.61962,1942.1929],[134.55523,53.62086,1881.9314],[134.56308,53.61947,2107.4104],[134.58406,53.61022,1989.5854],[134.63698,53.5952,1498.6927],[134.64256,53.59254,1463.8535],[134.66551,53.57849,1439.67],[134.68545,53.56301,1312.2703],[134.74798,53.53926,1522.0907],[134.75356,53.5356,1306.2808],[134.75635,53.53053,1411.8942],[134.75677,53.52469,1483.7358],[134.74643,53.50438,1315.7561],[134.74467,53.50004,1366.6141],[134.74467,53.4981,1427.771],[134.74519,53.49384,1481.9857],[134.74747,53.4864,1575.9963],[134.75367,53.47963,1374.7539],[134.76142,53.47521,1320.4669],[134.77103,53.47312,1281.0378],[134.78033,53.47271,1330.1404],[134.78839,53.47415,1405.5837],[134.81051,53.48035,1576.9956],[134.81847,53.48097,1853.7988],[134.82663,53.47942,1856.4559],[134.83221,53.47581,1823.978],[134.83439,53.47025,1526.54],[134.83314,53.46211,1402.9597],[134.83356,53.45591,1349.5718],[134.83811,53.45131,1272.061],[134.90301,53.43431,1202.6624],[134.90983,53.431,1096.985],[134.91552,53.42702,1194.0676],[134.92379,53.41658,1298.0405],[134.92575,53.40904,1371.4615],[134.92513,53.39922,1514.3252],[134.91758,53.38181,1326.7988],[134.91149,53.3738,1420.0496],[134.90394,53.37194,1433.7375],[134.83614,53.38346,1193.9846],[134.83035,53.38157,1259.506],[134.82694,53.3769,1039.6426],[134.81516,53.34698,1280.601],[134.81423,53.34065,1266.1604],[134.81919,53.33256,1346.0239],[134.82736,53.32835,1544.5621],[134.83749,53.32538,1449.4811],[134.88244,53.32008,1334.5796],[134.8902,53.31814,1105.0741],[134.89702,53.31535,1153.9153],[134.90063,53.30961,1224.9434],[134.90363,53.30295,1287.7253],[134.9056,53.29055,1323.9119],[134.90932,53.28367,1085.5999],[134.91552,53.27884,1071.5442],[134.94342,53.27334,981.809],[134.95169,53.27055,960.5577],[134.95613,53.26398,924.2594],[134.95644,53.25386,1202.3062],[134.94921,53.2335,1115.7211],[134.9428,53.22233,875.0056],[134.9304,53.21298,944.0367],[134.89133,53.20011,1193.6017],[134.87562,53.19686,1515.5342],[134.86725,53.19231,1616.1062],[134.8594,53.1844,1223.8839],[134.83873,53.13939,1585.4919],[134.83656,53.13226,1566.8801],[134.83594,53.12466,1646.7189],[134.84007,53.11531,1530.6632],[134.84441,53.10932,1459.8708],[134.85009,53.10451,1655.8157],[134.86694,53.09356,1409.9626],[134.87035,53.0889,1262.6887],[134.87211,53.08353,1108.3042],[134.86715,53.07635,1393.6359],[134.8625,53.07221,1512.2258],[134.84255,53.06798,1418.8331],[134.82694,53.06839,1613.6715],[134.82012,53.06751,1714.8767],[134.81206,53.0656,1654.0714],[134.80503,53.06307,1585.9939],[134.79883,53.05976,1560.7438],[134.79377,53.0557,1549.3225],[134.78922,53.05092,1207.2639],[134.78219,53.04002,1309.6851],[134.77754,53.03526,1207.2393],[134.77186,53.03144,1413.4114],[134.76566,53.02824,1483.4962],[134.75449,53.02023,1379.4432],[134.73465,53.0009,1477.6643],[134.72959,52.99496,1153.3086],[134.68401,52.9563,1495.6962],[134.66757,52.94669,2033.1902],[134.66323,52.94349,1764.868],[134.65889,52.93915,1642.8745],[134.65641,52.93263,1579.3204],[134.65538,52.92514,1496.5272],[134.65858,52.91481,1276.4756],[134.6623,52.90762,1326.968],[134.66757,52.90013,1680.5186],[134.67605,52.89052,1449.3727],[134.68928,52.87832,1110.5996],[134.69196,52.8744,1081.3328],[134.69196,52.87088,1073.5549],[134.68731,52.8685,1084.6488],[134.67987,52.86726,1253.0513],[134.65124,52.86773,1459.4708],[134.64277,52.86685,1501.1238],[134.63574,52.86442,1566.401],[134.63047,52.8561,1336.3807],[134.62799,52.84241,1457.8214],[134.62892,52.81388,1389.2285],[134.6313,52.80055,1709.5302],[134.63481,52.79135,1679.3463],[134.63853,52.78701,1649.6421],[134.6438,52.78326,1794.9587],[134.65062,52.77998,1656.132],[134.70592,52.76624,1357.8456],[134.71005,52.76396,1385.2993],[134.7116,52.76086,1502.7487],[134.70726,52.75843,1437.0807],[134.66024,52.74094,1454.7202],[134.6561,52.73673,1789.2861],[134.65651,52.73006,1686.3521],[134.65796,52.72433,1535.3578],[134.66137,52.71911,1690.1206],[134.66664,52.71541,1764.6951],[134.67512,52.71317,1820.5477],[134.68463,52.71208,1811.1541],[134.74778,52.71301,1811.2634],[134.75449,52.71099,1581.3132],[134.7579,52.70541,1459.792],[134.75852,52.69508,1636.4258],[134.7608,52.68182,1717.3151],[134.76349,52.6771,1808.0393],[134.76721,52.67281,1526.4397],[134.77165,52.66862,1530.9995],[134.78219,52.66077,1415.9139],[134.78395,52.65467,1337.9934],[134.7824,52.6471,1485.1003],[134.76938,52.63296,1578.1052],[134.7608,52.62563,1519.6515],[134.74147,52.61255,1624.4907],[134.73506,52.60976,1617.7052],[134.72669,52.60914,1340.1477],[134.7178,52.60948,1348.6819],[134.70716,52.60754,1282.4924],[134.69693,52.60216,1144.6182],[134.68277,52.58894,1167.9464],[134.6652,52.5777,1216.769],[134.65858,52.57506,1251.0085],[134.65114,52.56868,1313.1072],[134.64349,52.55938,1527.3879],[134.62148,52.52026,1703.1888],[134.61993,52.51251,1433.3035],[134.622,52.50015,1887.5917],[134.62603,52.4932,1680.4039],[134.63202,52.48811,1879.6633],[134.65672,52.4799,1540.9612],[134.66117,52.47592,1577.702],[134.66261,52.47085,1405.7548],[134.66179,52.46419,1569.3965],[134.65931,52.45659,1839.3282],[134.64804,52.43796,1439.6124],[134.63471,52.42703,1619.3071],[134.60567,52.41758,1632.146],[134.58034,52.42021,1789.0432],[134.54469,52.41975,1758.4188],[134.53611,52.42156,1597.6289],[134.52216,52.42765,1715.4406],[134.50521,52.43825,1903.5315],[134.49673,52.44235,1551.1678],[134.48288,52.44744,1581.655],[134.46428,52.45168,1756.9441],[134.31328,52.45938,1934.0715],[134.29395,52.46303,1828.9698],[134.22388,52.48879,1643.7704],[134.20373,52.49204,1885.4584],[134.18564,52.49181,1662.1313],[134.13055,52.48375,1490.0643],[134.11639,52.48437,1831.708],[134.10554,52.48636,1543.541],[134.09903,52.48961,1513.6208],[134.09097,52.49225,1629.0105],[134.06585,52.49633,1526.2782],[134.06007,52.49819,1719.748],[134.05728,52.49938,1796.1515],[134.05603,52.50015,1838.9404],[134.00808,52.53674,1728.0504],[134.00312,52.53922,1760.7598],[133.89387,52.51835,1693.0074],[133.87496,52.51974,1419.7046],[133.86628,52.52191,1532.7365],[133.85977,52.52506,1471.9144],[133.85584,52.5293,1417.1182],[133.85295,52.53385,1453.9869],[133.8484,52.54349,1525.4369],[133.8455,52.54821,1694.8051],[133.84034,52.55178,1618.7185],[133.8329,52.55421,1577.0415],[133.82421,52.55498,1474.2433],[133.79941,52.55219,1466.2527],[133.65875,52.57165,1441.1848],[133.65379,52.57328,1373.0411],[133.6482,52.57607,1447.4525],[133.62609,52.59601,1496.4883],[133.60697,52.60604,1408.3071],[133.5648,52.61922,1302.1658],[133.52614,52.62583,1368.49],[133.50919,52.63074,1314.621],[133.50382,52.63374,1336.6469],[133.50082,52.63705,1341.8602],[133.49948,52.63994,1351.5477],[133.49803,52.64413,1271.9094],[133.49473,52.64805,1155.567],[133.48759,52.65053,1090.2047],[133.47891,52.65141,1236.594],[133.43282,52.6511,1358.7897],[133.42372,52.65245,1371.3035],[133.41628,52.65513,1218.5413],[133.41163,52.6589,1133.652],[133.39861,52.67115,1124.2657],[133.39303,52.67482,1133.8649],[133.3862,52.67803,1108.6691],[133.36936,52.68304,1281.4321],[133.35964,52.68454,1083.0193],[133.35003,52.68495,1200.3833],[133.33215,52.68407,1220.4773],[133.3213,52.68182,1367.8169],[133.30528,52.67601,1397.859],[133.27954,52.66392,1372.9426],[133.25319,52.64568,1167.839],[133.24265,52.63503,1117.3737],[133.23996,52.62759,1109.1257],[133.24368,52.61754,1076.1796],[133.24668,52.61291,1046.4177],[133.24916,52.60821,1078.7369],[133.2504,52.60304,1155.236],[133.2504,52.59746,1070.422],[133.24916,52.59142,1133.9718],[133.24668,52.58519,1074.9309],[133.24048,52.57304,1012.7939],[133.23841,52.56692,1162.5911],[133.23872,52.56152,1010.242],[133.24306,52.55746,1065.5779],[133.25019,52.55436,1083.3877],[133.26632,52.54889,1006.5878],[133.27221,52.54548,954.9574],[133.27696,52.54144,947.9871],[133.28068,52.53721,943.4906],[133.28358,52.53256,927.9044],[133.28575,52.5277,917.9716],[133.28637,52.52222,905.8459],[133.28637,52.51654,899.4792],[133.28409,52.49912,940.5403],[133.28161,52.49251,940.7822],[133.2783,52.48744,934.3683],[133.26466,52.47313,905.7493],[133.25267,52.46303,999.0861],[133.24616,52.45558,1102.9286],[133.24616,52.45013,1162.9221],[133.24926,52.44553,1142.344],[133.25949,52.43794,1105.2856],[133.27148,52.43112,1135.6216],[133.3214,52.41179,840.1856],[133.32543,52.40776,800.6537],[133.32574,52.40233,813.4238],[133.31241,52.37122,870.379],[133.31107,52.36515,808.8602],[133.31117,52.35954,786.8165],[133.31293,52.35448,878.6413],[133.31613,52.35003,983.8498],[133.32016,52.3458,1004.8038],[133.32471,52.34184,991.5387],[133.33029,52.33823,1027.2256],[133.33711,52.33495,1054.6559],[133.40956,52.31053,962.6714],[133.42186,52.30358,986.7454],[133.43034,52.29541,916.558],[133.43313,52.29081,947.615],[133.43519,52.28598,958.5936],[133.43612,52.28069,989.7302],[133.43643,52.26968,1102.3794],[133.43468,52.2641,1226.944],[133.43116,52.25924,1173.609],[133.4262,52.25498,1213.9594],[133.42041,52.25138,1276.6487],[133.36998,52.22617,936.6322],[133.35902,52.21754,910.7604],[133.35127,52.21002,890.1137],[133.34011,52.20395,1046.7295],[133.32171,52.19826,1269.739],[133.21547,52.18193,1096.3851],[133.20368,52.17573,939.7535],[133.19624,52.17067,924.0256],[133.18849,52.16676,956.6414],[133.18012,52.16534,1092.8949],[133.16813,52.16695,1129.0038],[133.14405,52.17449,1047.3999],[133.13475,52.1734,999.5515],[133.12328,52.17061,1141.1824],[133.10612,52.16446,1137.4425],[133.09072,52.16333,1060.7823],[133.07987,52.16446,1191.7632],[133.07212,52.16736,1134.3301],[133.0623,52.1685,919.1349],[133.04834,52.16658,946.6106],[133.02209,52.15816,1084.3147],[133.0068,52.1547,987.399],[132.99109,52.15506,958.2743],[132.97124,52.15935,1152.2446],[132.95987,52.15997,1187.5835],[132.92794,52.15586,1035.531],[132.91688,52.15677,1088.7052],[132.90696,52.15863,1284.0718],[132.83409,52.1793,1140.0533],[132.82893,52.17782,1051.3435],[132.82676,52.17371,1155.8799],[132.82696,52.16927,1164.0713],[132.82521,52.16441,1213.6021],[132.82117,52.16023,1161.4269],[132.81601,52.1563,1216.7363],[132.80412,52.14966,1395.3303],[132.79306,52.14201,1140.9475],[132.7881,52.13767,1237.9933],[132.77632,52.13227,1194.4961],[132.66801,52.10199,734.9633],[132.65529,52.09315,727.427],[132.64909,52.08711,558.5551],[132.64144,52.08243,623.513],[132.62966,52.08199,533.6644],[132.60951,52.08462,653.8025],[132.59959,52.084,597.6822],[132.58977,52.08152,481.3889],[132.57912,52.07424,555.7605],[132.56651,52.06323,458.1879],[132.55039,52.0516,544.4553],[132.54574,52.04726,500.3066],[132.54181,52.0422,457.939],[132.53964,52.03636,454.972],[132.53644,52.0239,461.7755],[132.53406,51.99796,436.7354],[132.52507,51.96298,424.1207],[132.52217,51.95714,492.0287],[132.5169,51.95298,498.2343],[132.50926,51.95127,518.28],[132.49799,51.95306,620.1979],[132.48941,51.9558,632.5762],[132.47556,51.96257,525.9588],[132.46099,51.96815,441.0464],[132.45169,51.9697,423.9329],[132.42347,51.96964,427.9747],[132.41386,51.96758,411.6431],[132.40373,51.96342,401.8603],[132.39846,51.95621,412.0396],[132.39784,51.95042,403.6913],[132.39898,51.94484,426.2691],[132.40983,51.91471,404.3091],[132.41086,51.90954,441.1253],[132.41262,51.90453,472.68],[132.42544,51.88092,403.3265],[132.42916,51.87156,393.7991],[132.42885,51.86725,389.6186],[132.4273,51.86386,435.9741],[132.42347,51.85994,484.1339],[132.33428,51.8249,423.3847],[132.31898,51.81689,545.6217],[132.30338,51.80475,735.3674],[132.2919,51.79767,681.3586],[132.2855,51.79487,636.4547],[132.27868,51.79299,690.5928],[132.26958,51.79472,764.6783],[132.25552,51.80087,777.8629],[132.23909,51.81182,675.6931],[132.23258,51.81498,687.2555],[132.22442,51.81673,766.9154],[132.21573,51.81684,854.6061],[132.13791,51.79552,809.9835],[132.12489,51.78981,879.3741],[132.1162,51.78413,929.791],[132.11238,51.7787,976.0486],[132.10814,51.77369,954.8955],[132.10153,51.76981,1010.9984],[132.09264,51.76831,1003.2998],[132.07838,51.77048,831.7811],[132.07187,51.77457,788.1937],[132.06877,51.77994,807.8002],[132.06753,51.79084,917.719],[132.06577,51.79596,940.1879],[132.06236,51.80015,935.4459],[132.05667,51.80252,941.1947],[132.04934,51.80232,913.0575],[132.0236,51.78552,893.6783],[131.9989,51.77555,999.4598],[131.99259,51.77123,1011.7656],[131.98774,51.76594,1067.2466],[131.97358,51.74304,977.6206],[131.968,51.7386,869.0841],[131.95921,51.73674,899.9706],[131.92283,51.7387,1004.9185],[131.91322,51.74061,975.9501],[131.90692,51.74387,980.1361],[131.89637,51.75111,1023.0332],[131.89059,51.75415,1023.6676],[131.88376,51.75607,1100.7805],[131.87405,51.75643,1186.2452],[131.86392,51.75462,1073.3848],[131.85307,51.74785,1060.2592],[131.84687,51.74165,1087.7666],[131.83829,51.72997,1040.6051],[131.83333,51.72563,955.5039],[131.82744,51.72227,883.9442],[131.79953,51.71333,1057.5969],[131.7801,51.70491,1229.0765],[131.74568,51.68408,1077.8357],[131.7278,51.68108,1053.318],[131.5703,51.67132,1271.8732],[131.43087,51.68832,927.4603],[131.40958,51.68129,996.9609],[131.41744,51.67276,801.7841],[131.42663,51.66506,968.4161],[131.42963,51.66041,884.4756],[131.42912,51.65393,861.9866],[131.42529,51.64579,871.1874],[131.41558,51.63395,759.8198],[131.40276,51.62091,761.6953],[131.39842,51.61452,834.1967],[131.39501,51.60703,755.9962],[131.39356,51.59401,821.2778],[131.39594,51.58667,878.6817],[131.39945,51.58088,822.7538],[131.40348,51.5767,769.5804],[131.40658,51.57215,762.2583],[131.40782,51.56688,779.7271],[131.40741,51.5552,670.445],[131.40875,51.55008,634.3748],[131.41061,51.54512,627.3823],[131.41341,51.54042,621.9645],[131.41826,51.53657,646.5743],[131.42415,51.53313,662.8525],[131.44493,51.52564,651.6204],[131.44793,51.52347,635.8096],[131.44979,51.5199,638.2496],[131.4502,51.5159,632.8928],[131.4502,51.51275,629.8659],[131.44824,51.49991,622.1556],[131.44834,51.49856,619.1788],[131.44896,51.49567,617.9845],[131.45144,51.49195,618.6848],[131.45578,51.4882,616.0851],[131.46219,51.48497,623.0739],[131.47738,51.47939,656.062],[131.48379,51.47613,668.6503],[131.4873,51.4719,650.2816],[131.49495,51.44616,722.4035],[131.50673,51.38188,854.2375],[131.50704,51.37614,859.8066],[131.50591,51.36999,933.8779],[131.50405,51.36379,1034.02],[131.50053,51.35733,1116.9409],[131.49743,51.35294,988.1658],[131.49319,51.34839,1048.7023],[131.48844,51.34457,1052.6562],[131.48048,51.34175,1046.5386],[131.47066,51.33989,1010.9202],[131.45475,51.33976,999.6002],[131.44451,51.34116,1023.531],[131.43583,51.34374,1063.7596],[131.42943,51.34679,1086.769],[131.38881,51.37123,843.7145],[131.38209,51.37428,885.5338],[131.37403,51.37661,935.139],[131.35201,51.37743,1056.3496],[131.32948,51.37599,901.5846],[131.2898,51.36387,763.7125],[131.27057,51.3502,751.0297],[131.23853,51.3193,653.3948],[131.20897,51.27134,782.5651],[131.19078,51.25584,919.3197],[131.1852,51.25222,952.6641],[131.17693,51.24897,967.6789],[131.16908,51.24866,993.564],[131.13518,51.25687,882.4125],[131.11647,51.25868,759.9309],[131.10035,51.25648,704.3571],[131.0649,51.24571,837.7567],[131.06046,51.24302,864.1346],[131.05591,51.2392,880.0723],[131.05177,51.23274,930.7952],[131.04816,51.22457,978.5886],[131.04568,51.21083,878.6409],[131.04433,51.18959,769.1335],[131.04103,51.18416,818.5092],[131.03389,51.17879,854.8505],[131.02087,51.17124,789.3189],[131.00103,51.15719,850.1642],[130.99462,51.15114,928.4823],[130.99111,51.14551,890.3635],[130.988,51.13853,872.1349],[130.98676,51.12799,969.0203],[130.98707,51.12096,948.8215],[130.98625,51.11381,915.5798],[130.98315,51.10722,995.5789],[130.96547,51.08536,1187.0686],[130.93943,51.04133,1193.0754],[130.93364,51.03409,1101.7013],[130.9262,51.02738,1099.8784],[130.91866,51.02433,969.4476],[130.87049,51.01658,663.0001],[130.85251,51.01642,684.7957],[130.82409,51.01973,785.9278],[130.81561,51.01952,804.0632],[130.80889,51.0172,793.7549],[130.803,51.01384,865.7094],[130.7937,51.00572,908.9227],[130.78905,51.00071,1028.1549],[130.78812,50.99991,1005.5413],[130.78233,50.99306,953.5297],[130.77055,50.96857,990.4006],[130.76838,50.96195,921.5579],[130.76683,50.95513,1049.8158],[130.76745,50.9487,1051.5742],[130.77179,50.94247,969.0622],[130.77944,50.9401,839.4564],[130.80476,50.93803,937.2358],[130.81044,50.93503,958.5131],[130.81417,50.931,970.8498],[130.82553,50.90671,941.3206],[130.83453,50.89379,919.8842],[130.83897,50.88552,806.1298],[130.84073,50.88087,998.2799],[130.8398,50.87586,1087.0437],[130.83339,50.87064,1153.7847],[130.82646,50.86728,1194.7698],[130.81809,50.86584,1014.4432],[130.8092,50.86558,905.048],[130.80094,50.86449,925.4621],[130.79494,50.86139,911.3779],[130.78977,50.85741,880.4572],[130.78512,50.85297,945.6934],[130.74761,50.8092,1050.6716],[130.74461,50.80274,1073.7957],[130.74213,50.79543,1158.7529],[130.74182,50.78414,953.6101],[130.73748,50.77866,749.1223],[130.73148,50.7752,751.5511],[130.71701,50.77142,865.8334],[130.71081,50.7677,860.7038],[130.70513,50.76305,875.3509],[130.68849,50.74559,768.2768],[130.68477,50.73995,857.9532],[130.6827,50.73367,884.5519],[130.68332,50.72564,840.1748],[130.68921,50.71918,713.8804],[130.70017,50.71034,974.8004],[130.70234,50.70548,917.587],[130.69831,50.69758,863.9969],[130.69283,50.69334,900.2421],[130.68611,50.69045,891.0206],[130.66534,50.68445,868.7362],[130.65945,50.6813,793.5068],[130.65387,50.67768,846.5271],[130.64942,50.67339,783.0142],[130.64611,50.66838,924.6419],[130.64487,50.66275,955.214],[130.64508,50.6573,937.5748],[130.65407,50.64794,848.8495],[130.66213,50.64091,703.7017],[130.72838,50.59769,963.0516],[130.73686,50.60389,929.6636],[130.73965,50.60818,893.1753],[130.74275,50.61433,914.3014],[130.74575,50.62688,851.2823],[130.74616,50.6444,820.8708],[130.74709,50.65045,849.0812],[130.74936,50.65665,807.9622],[130.75288,50.66192,757.0553],[130.75835,50.66538,666.5701],[130.7659,50.66616,704.1912],[130.77572,50.66409,828.1165],[130.80207,50.65469,996.6086],[130.81251,50.65355,969.3849],[130.82212,50.6535,980.0361],[130.82998,50.65463,951.8813],[130.84755,50.65551,853.3746],[130.88445,50.65383,629.0119],[130.89271,50.65443,563.2169],[130.89716,50.65815,613.127],[130.89922,50.66319,715.8185],[130.90047,50.66828,753.8904],[130.90305,50.67189,718.9211],[130.90946,50.6727,717.344],[130.91679,50.67127,682.7849],[130.92465,50.6689,628.7157],[130.93261,50.66567,500.1367],[130.954,50.64998,551.2449],[131.00547,50.58425,375.4848],[131.01043,50.57521,508.745],[131.01105,50.56813,570.4948],[131.00785,50.56312,566.1389],[131.00103,50.55449,542.9571],[130.99834,50.55216,552.6177],[130.98408,50.5418,494.8021],[130.97478,50.53309,560.5309],[130.95969,50.51232,572.6189],[130.95473,50.50803,507.5501],[130.94894,50.50508,553.2984],[130.88403,50.48798,309.2672],[130.87814,50.48483,315.327],[130.87349,50.48051,301.1079],[130.87018,50.47506,321.4736],[130.86791,50.46891,333.5465],[130.86646,50.46271,400.1245],[130.86553,50.45651,497.5665],[130.86987,50.44958,586.0438],[130.88,50.44281,490.5811],[130.91907,50.42741,338.5015],[130.92548,50.42033,318.9956],[130.92393,50.41496,298.7801],[130.92093,50.40917,288.5531],[130.91773,50.40416,287.2393],[130.91648,50.39863,246.0],[130.9199,50.393,276.0621],[130.92827,50.38798,301.9163],[130.96217,50.38085,258.4543],[130.97354,50.38023,246.0],[130.98614,50.38116,293.393],[130.98894,50.38178,295.6681],[130.99896,50.38713,246.0],[131.00671,50.39248,278.5942],[131.01343,50.39822,309.7053],[131.01839,50.40369,341.6059],[131.02252,50.40938,346.4919],[131.02707,50.41398,268.0491],[131.03203,50.41723,251.7644],[131.04196,50.42059,299.8933],[131.04712,50.42142,301.1371],[131.05425,50.42163,299.4834],[131.07978,50.41868,246.0],[131.08898,50.41997,246.0],[131.10169,50.42421,261.7675],[131.11379,50.42958,246.0],[131.11988,50.431,246.0],[131.12588,50.43036,246.0],[131.13074,50.42452,293.3973],[131.13415,50.4193,297.3169],[131.14303,50.39341,364.5176],[131.15151,50.37961,324.4821],[131.15337,50.37501,291.5857],[131.15482,50.37036,281.1593],[131.15802,50.3454,323.3945],[131.1605,50.3407,293.575],[131.16567,50.33662,335.5923],[131.17249,50.33383,425.7497],[131.18458,50.33352,445.0339],[131.19202,50.33615,435.284],[131.19843,50.33985,363.9554],[131.20339,50.3439,365.3933],[131.20897,50.34737,308.9255],[131.21528,50.35005,359.4846],[131.22324,50.35129,442.6586],[131.25062,50.35088,517.3594],[131.25889,50.35181,564.4097],[131.26592,50.35385,511.8161],[131.27223,50.35656,547.5848],[131.2898,50.36607,541.6473],[131.29693,50.3653,513.0096],[131.30468,50.36044,547.9072],[131.31233,50.34483,638.9703],[131.31512,50.33553,684.1537],[131.3176,50.31646,603.3553],[131.32142,50.30081,533.9891],[131.32328,50.27848,472.0442],[131.32535,50.26877,473.2289],[131.32824,50.26432,521.4864],[131.33475,50.25921,556.9131],[131.34995,50.2527,557.922],[131.37082,50.2466,690.4254],[131.37641,50.24166,704.9792],[131.37961,50.23213,696.6207],[131.38178,50.21843,609.586],[131.38922,50.20727,606.8619],[131.4164,50.19216,574.8115],[131.43521,50.18908,541.4634],[131.44152,50.18619,608.3698],[131.44431,50.18169,616.7849],[131.44803,50.17177,619.3613],[131.45382,50.1626,574.5687],[131.46157,50.1542,567.5423],[131.46446,50.14981,599.3619],[131.4656,50.14547,610.7202],[131.46105,50.14082,575.9705],[131.45413,50.1388,522.8823],[131.44493,50.13836,464.4272],[131.42622,50.13914,481.8848],[131.41744,50.1387,442.9588],[131.40999,50.1371,427.8379],[131.40493,50.13348,455.3066],[131.4009,50.12836,482.162],[131.38705,50.10604,496.1389],[131.3702,50.08681,555.4792],[131.36018,50.07896,585.2355],[131.34891,50.07219,577.3961],[131.3424,50.06961,530.4363],[131.31274,50.06366,473.3497],[131.30726,50.06056,496.9771],[131.30468,50.05627,457.8553],[131.30933,50.03819,489.5113],[131.31233,50.03204,513.877],[131.31357,50.02635,481.4251],[131.31419,50.02031,500.4216],[131.31109,50.01188,537.4979],[131.30757,50.00607,521.7556],[131.30199,49.99974,487.6278],[131.30075,49.9985,493.2189],[131.29786,49.99493,505.3015],[131.29517,49.98977,495.326],[131.29538,49.98227,449.728],[131.3022,49.97473,427.8249],[131.31026,49.97209,403.0761],[131.31863,49.97194,409.1896],[131.36411,49.98036,470.3078],[131.37144,49.98093,509.1139],[131.37899,49.97948,575.7036],[131.38509,49.97664,633.4832],[131.39046,49.97307,642.9066],[131.39656,49.96984,617.4452],[131.40348,49.96687,605.5807],[131.41155,49.96468,549.9625],[131.42074,49.96351,528.9049],[131.42943,49.96341,435.8373],[131.43749,49.96413,449.8596],[131.44513,49.96408,419.1251],[131.45227,49.96233,393.2045],[131.45816,49.95953,394.9827],[131.47728,49.94755,416.7063],[131.48224,49.94134,488.188],[131.48668,49.93295,492.7811],[131.49195,49.91747,457.3688],[131.49722,49.91036,449.2294],[131.49898,49.90522,453.6058],[131.49939,49.90078,433.9812],[131.48875,49.88254,449.5399],[131.48699,49.87678,447.8814],[131.48606,49.86864,484.7145],[131.48699,49.83241,425.8075],[131.48575,49.8227,433.2736],[131.4779,49.80272,433.0357],[131.47562,49.79422,461.8448],[131.47531,49.78642,459.4025],[131.47707,49.77608,463.977],[131.48472,49.75888,445.6805],[131.48627,49.75386,443.1528],[131.48627,49.74761,444.4234],[131.48451,49.7412,439.2048],[131.47738,49.73293,443.9502],[131.46911,49.72999,468.1053],[131.41981,49.72415,477.5298],[131.37858,49.72523,473.5964],[131.37144,49.72425,450.3867],[131.36483,49.72208,491.7413],[131.35904,49.71893,476.2992],[131.35542,49.71262,427.0578],[131.35449,49.70374,466.9639],[131.35801,49.68885,457.791],[131.36111,49.68059,467.3832],[131.36452,49.67402,477.1507],[131.37186,49.6656,451.5727],[131.37734,49.66209,469.4521],[131.38426,49.65935,478.0766],[131.39294,49.65795,423.4319],[131.41651,49.65816,392.4161],[131.42281,49.65609,407.9194],[131.44958,49.64452,399.6304],[131.49433,49.61728,429.0013],[131.49784,49.61395,409.7909],[131.49991,49.61131,436.1164],[131.50115,49.60379,439.5288],[131.50157,49.59235,401.1287],[131.49908,49.56731,393.4114],[131.49908,49.54607,435.1681],[131.49991,49.54049,413.7311],[131.49991,49.52788,422.1378],[131.49991,49.52695,428.7671],[131.49991,49.5268,428.7671],[131.49877,49.51538,438.8839],[131.48606,49.46269,539.4395],[131.48575,49.45083,550.4186],[131.4873,49.44313,472.9821],[131.49784,49.43151,504.3159],[131.49991,49.42871,565.8359],[131.49867,49.42184,581.1548],[131.49402,49.41135,584.4433],[131.39573,49.24361,756.5264],[131.40844,49.2373,662.902],[131.41888,49.23054,623.267],[131.447,49.20775,825.782],[131.45382,49.20594,812.4287],[131.4627,49.20581,859.1124],[131.47759,49.21092,824.9716],[131.4935,49.2187,740.7804],[131.50498,49.22692,804.6544],[131.52782,49.2387,614.5989],[131.57825,49.25903,750.9716],[131.58352,49.26309,668.5023],[131.59035,49.274,796.45],[131.59407,49.2789,871.0038],[131.59903,49.28299,903.5173],[131.60523,49.2858,985.0916],[131.61195,49.2881,967.0115],[131.76708,49.30991,708.4976],[131.77256,49.31335,754.9937],[131.78196,49.3219,748.1011],[131.78899,49.32474,771.0872],[131.79829,49.32541,643.8445],[131.81359,49.322,786.2366],[131.82268,49.31844,646.2424],[131.8293,49.3143,701.1705],[131.84356,49.29735,738.435],[131.84594,49.29317,709.2017],[131.84976,49.28898,803.6545],[131.85431,49.28505,693.7613],[131.85989,49.28138,851.7773],[131.86609,49.27831,922.7002],[131.87322,49.27586,901.2883],[131.88211,49.27446,1056.2085],[131.90785,49.27291,996.9457],[131.9157,49.271,1029.2998],[131.9218,49.26805,922.9116],[131.93503,49.25606,786.7986],[131.97172,49.23627,910.9226],[131.97947,49.23521,974.2919],[131.98639,49.23643,1064.1869],[131.9898,49.24175,1003.8643],[131.99022,49.24705,1013.5562],[131.98608,49.26273,1047.5177],[131.98195,49.27239,918.6166],[131.97223,49.2858,982.3199],[131.96707,49.29503,948.1897],[131.96572,49.30025,977.7761],[131.96552,49.30526,1012.172],[131.968,49.31038,1130.6805],[131.97223,49.31461,1003.2719],[131.9772,49.31833,1083.8466],[131.99425,49.32702,1064.5986],[131.99849,49.32999,1019.4975],[132.00107,49.3328,934.9947],[132.00345,49.33776,917.0327],[132.0051,49.3435,877.1761],[132.00562,49.3552,939.0413],[132.00324,49.3651,1076.1663],[132.00066,49.36872,1108.9707],[131.99952,49.37084,1147.5687],[131.99828,49.37363,1095.6436],[132.00045,49.37533,996.0713],[132.00355,49.37683,1043.0109],[132.06391,49.38551,960.2708],[132.07259,49.38944,1052.3441],[132.07445,49.39342,951.7282],[132.0698,49.39704,864.4556],[132.06174,49.4052,922.8757],[132.05264,49.4129,916.809],[132.04903,49.41709,1025.8657],[132.04872,49.42194,953.6606],[132.0512,49.42716,915.5393],[132.0545,49.43249,846.3522],[132.05709,49.43815,822.4229],[132.05915,49.44432,777.5067],[132.06163,49.45657,790.9696],[132.0638,49.46194,787.5336],[132.06815,49.46587,866.2074],[132.11982,49.48551,813.4787],[132.13853,49.4839,725.5729],[132.16695,49.479,792.2639],[132.2331,49.46101,812.355],[132.2764,49.44494,976.7528],[132.28756,49.43249,953.1409],[132.29221,49.42926,981.1245],[132.2978,49.42603,1072.168],[132.37397,49.4052,1097.7976],[132.38916,49.39854,1109.5647],[132.39774,49.39295,1092.606],[132.40218,49.37277,1020.541],[132.40249,49.36732,1122.8574],[132.40239,49.36159,1217.4121],[132.40084,49.35564,1247.8336],[132.39836,49.34965,1323.1331],[132.39464,49.34433,1283.2664],[132.3903,49.33973,1157.0295],[132.37603,49.32702,996.9067],[132.3719,49.32252,1028.1296],[132.36849,49.31761,1103.613],[132.36746,49.31218,1259.0049],[132.36849,49.30717,1294.8335],[132.37149,49.30247,1049.9792],[132.37665,49.2987,1101.1394],[132.38234,49.29529,1328.2283],[132.39164,49.29239,1214.2915],[132.40342,49.29007,977.523],[132.43763,49.2865,1105.7375],[132.45655,49.28206,1101.6853],[132.4922,49.27958,972.3168],[132.50243,49.28092,1090.0394],[132.51391,49.2841,949.1967],[132.55866,49.30397,844.8012],[132.56961,49.31136,770.2643],[132.57633,49.31459,652.3518],[132.5845,49.31658,635.0078],[132.59773,49.31472,594.0219],[132.60661,49.31187,656.4147],[132.61406,49.30821,730.0111],[132.61912,49.30454,758.6374],[132.6278,49.29689,766.8375],[132.63297,49.29312,780.2551],[132.63855,49.28983,748.7087],[132.65002,49.2896,652.5145],[132.66635,49.29229,749.0711],[132.73177,49.31518,624.3111],[132.76981,49.34802,705.8103],[132.78159,49.32939,663.2039],[132.78407,49.31704,663.6082],[132.78397,49.3118,643.8325],[132.785,49.30753,652.991],[132.80671,49.27689,729.5593],[132.81187,49.26759,737.7466],[132.81322,49.2626,726.8198],[132.8126,49.25668,706.1116],[132.8095,49.24402,735.1425],[132.81094,49.2387,809.7974],[132.81539,49.23472,809.0163],[132.82634,49.23312,756.2572],[132.83502,49.23307,723.0291],[132.85156,49.23467,640.7349],[132.89363,49.24568,680.4738],[132.90386,49.24516,691.3524],[132.91812,49.24206,797.8116],[132.94334,49.23043,779.5984],[132.97,49.22361,836.4743],[133.00659,49.2233,766.387],[133.03253,49.21886,1132.9423],[133.04462,49.21395,1021.3418],[133.05816,49.20651,1125.2903],[133.07987,49.18899,709.9059],[133.09227,49.18106,498.6808],[133.10322,49.17602,723.8774],[133.11118,49.17478,663.6222],[133.1734,49.17509,201.9424],[133.2012,49.14077,158.7885],[133.26042,48.97189,90.3578],[133.26621,48.95412,89.6493],[133.30869,48.82601,73.2586],[133.3213,48.81919,73.3527],[133.34259,48.81423,73.4066],[133.77006,48.75925,60.0728],[133.77574,48.75609,59.7234],[133.7806,48.75253,53.0893],[133.7836,48.74839,59.2216],[133.78329,48.74349,48.8999],[133.7836,48.73827,46.2271],[133.78463,48.7333,51.329],[133.78773,48.72426,50.0271],[133.79021,48.71858,47.6968],[133.79176,48.71635,48.1385],[133.79321,48.71501,52.9855],[133.80561,48.70824,45.0],[133.81037,48.70457,47.3409],[133.81398,48.70028,47.243],[133.81615,48.69576,49.4924],[133.8177,48.69088,54.5],[133.8206,48.6868,46.87],[133.8239,48.68333,47.1718],[133.86814,48.66008,46.0868],[133.87568,48.65693,46.8649],[133.90194,48.65005,47.4285],[133.90741,48.64742,45.9075],[133.91217,48.64432,44.0],[133.92137,48.6416,46.4385],[133.9347,48.63982,43.5],[133.95919,48.63993,45.6764],[133.9842,48.63729,45.4524],[134.03226,48.63874,44.6213],[134.03836,48.63817,45.897],[134.04312,48.63589,43.0526],[134.04684,48.633,56.3309],[134.05149,48.63109,46.1509],[134.05603,48.63099,44.0208],[134.08477,48.63471,43.8108],[134.08921,48.63445,44.268],[134.09913,48.63269,43.2342],[134.10502,48.63274,43.1379],[134.10895,48.6346,47.4223],[134.1167,48.64083,45.466],[134.126,48.6453,42.83],[134.15381,48.65062,43.8848],[134.17334,48.65171,42.857],[134.1814,48.65372,43.0886],[134.1906,48.65762,42.5916],[134.20838,48.67191,41.2864],[134.21396,48.67517,41.5493],[134.22078,48.67713,41.534],[134.23297,48.67677,40.4714],[134.2399,48.67455,40.7505],[134.24486,48.67129,40.9078],[134.24734,48.66845,41.5941],[134.25003,48.66613,42.1992],[134.25354,48.66483,41.4335],[134.25819,48.6669,40.7262],[134.26842,48.68483,39.5],[134.2706,48.69046,40.6943],[134.26811,48.69486,40.7908],[134.26522,48.69925,46.0954],[134.26367,48.70406,40.8491],[134.2647,48.70964,41.1115],[134.26905,48.71566,43.9719],[134.27835,48.72199,40.8092],[134.28599,48.72467,42.2258],[134.29406,48.72607,39.6262],[134.3077,48.7256,40.1314],[134.33178,48.72858,38.2555],[134.39183,48.74297,37.5],[134.40289,48.72778,38.531],[134.40723,48.72457,37.0],[134.41684,48.72287,40.7453],[134.42686,48.72307,38.0882],[134.43017,48.7216,37.173],[134.43586,48.71827,39.3838],[134.44071,48.71008,38.0248],[134.4435,48.70382,38.1203],[134.44588,48.69284,39.2251],[134.44754,48.68809,39.0959],[134.45064,48.68375,37.3195],[134.45487,48.67987,36.3868],[134.48247,48.65941,38.8324],[134.4866,48.65543,38.1514],[134.48722,48.65235,40.4131],[134.48433,48.64964,40.3666],[134.48309,48.64623,39.7113],[134.48536,48.643,40.7197],[134.49642,48.64285,37.3102],[134.51244,48.6467,37.225],[134.51926,48.64742,35.5],[134.52681,48.64571,36.7911],[134.54572,48.6329,36.8198],[134.55213,48.6298,37.9358],[134.55781,48.62633,37.4944],[134.56081,48.62217,36.5881],[134.56112,48.61778,36.5092],[134.55874,48.61383,37.2273],[134.55347,48.60783,37.1396],[134.55172,48.6038,35.9374],[134.55389,48.59988,36.905],[134.56112,48.59765,36.1896],[134.63016,48.60174,35.2406],[134.63967,48.60422,36.9604],[134.64556,48.60654,36.0615],[134.65341,48.61298,34.8524],[134.6592,48.61429,36.1444],[134.66602,48.61336,35.1877],[134.67346,48.60688,36.0546],[134.6775,48.60148,36.7179],[134.68049,48.59605,36.275],[134.68339,48.59192,36.4292],[134.6901,48.58561,35.6022],[134.69734,48.58014,36.2294],[134.7116,48.57331,35.4571],[134.72431,48.57019,37.9185],[134.74561,48.56913,36.8915],[134.76917,48.57745,35.3317],[134.78426,48.57915,36.3946],[134.79108,48.58076,38.3571],[134.80927,48.58877,34.923],[134.82953,48.59393,34.8405],[134.83563,48.59647,34.7471],[134.8409,48.60008,34.6326],[134.85144,48.61739,34.508],[134.85609,48.62205,32.9306],[134.86188,48.62515,34.3485],[134.8688,48.62649,34.5317],[134.87676,48.62623,34.6507],[134.88482,48.6245,34.1919],[134.90373,48.6159,34.25],[134.91087,48.61512,33.7839],[134.91738,48.6153,33.8794],[134.92544,48.61724,32.0],[134.93102,48.61925,34.1199],[134.93846,48.62117,33.9913],[134.94425,48.62086,32.5],[134.9489,48.61884,32.8955],[134.96089,48.61158,33.2927],[134.9674,48.6098,33.5642],[134.97153,48.60923,31.0],[134.97825,48.60938,34.8191],[134.98301,48.60453,31.7004],[134.98662,48.59481,34.4944],[134.97991,48.56802,32.8228],[134.97701,48.54515,35.5771],[134.97929,48.52908,34.8122],[134.97929,48.52495,33.3973],[134.98073,48.51404,34.2893],[134.9796,48.51042,34.4564],[134.97743,48.50681,35.7003],[134.93588,48.47911,35.584],[134.92348,48.46588,35.5888],[134.90591,48.42795,35.7431],[134.89175,48.42604,31.5],[134.88389,48.42433,31.5],[134.76917,48.37374,32.5],[134.7515,48.37152,32.5],[134.73434,48.37328,32.5],[134.59802,48.41642,34.0],[134.58024,48.41782,40.3859],[134.5051,48.41366,35.0],[134.49621,48.41167,35.0],[134.44733,48.39508,39.5731],[134.38635,48.38134,42.1898],[134.40547,48.37033,39.1718],[134.45312,48.34418,38.333],[134.47131,48.33989,39.1666],[134.48981,48.33917,37.5632],[134.5082,48.34258,38.0379],[134.52588,48.34899,35.0],[134.54262,48.35731,36.8047],[134.56949,48.31553,39.378],[134.61135,48.28543,36.8815],[134.66116,48.26698,35.0],[134.70085,48.26153,33.0],[134.71873,48.26341,58.1039],[134.70302,48.25256,69.5847],[134.68742,48.21985,136.6336],[134.68297,48.13551,47.7887],[134.66272,48.10797,34.751],[134.64794,48.10218,34.0],[134.58644,48.06115,35.0251],[134.56722,48.04038,34.8641],[134.55936,48.00953,37.5506],[134.56691,47.9855,36.0],[134.60132,47.94413,38.2982],[134.58768,47.92591,37.7815],[134.59905,47.91069,36.0],[134.62272,47.90023,37.0908],[134.64577,47.8963,38.5652],[134.65775,47.88669,36.0],[134.66757,47.86468,38.6177],[134.67408,47.84044,39.6597],[134.67646,47.82432,38.5243],[134.69651,47.79507,39.0721],[134.76979,47.74101,36.5],[134.76514,47.71817,39.5144],[134.77258,47.71073,43.176],[134.72545,47.66324,37.0],[134.71398,47.65614,37.0],[134.69289,47.6489,37.0],[134.68669,47.63115,67.983],[134.68618,47.60885,44.3354],[134.68266,47.58785,37.0],[134.66819,47.574,38.0],[134.62427,47.54963,38.5],[134.61497,47.53663,40.916],[134.60411,47.52772,41.3001],[134.5606,47.48181,40.446],[134.55688,47.47119,39.7596],[134.53528,47.46558,41.9953],[134.50045,47.43891,46.9962],[134.48464,47.43018,46.4859],[134.47193,47.42863,62.1416],[134.43658,47.42982,50.829],[134.41498,47.43922,39.5],[134.40185,47.43736,39.5],[134.38904,47.43276,40.974],[134.37818,47.43018,51.5487],[134.354,47.42935,63.0573],[134.33261,47.42636,80.1198],[134.31287,47.42013,40.0],[134.29282,47.40972,44.0259],[134.27948,47.39781,40.0],[134.25747,47.36724,40.0],[134.24507,47.3551,40.0],[134.203,47.33843,43.56],[134.18357,47.3275,41.4365],[134.17551,47.31042,44.2027],[134.17014,47.2868,43.0318],[134.16001,47.27164,44.8914],[134.15412,47.25789,43.9926],[134.16187,47.23844,41.5],[134.16838,47.23058,41.5],[134.18647,47.21371,45.0334],[134.19318,47.21048,41.5],[134.19721,47.20534,43.3003],[134.19556,47.19371,43.7039],[134.18977,47.17294,51.1801],[134.19876,47.15555,48.855],[134.21623,47.13767,45.0796],[134.22729,47.11775,43.9837],[134.21716,47.09444,49.7611],[134.19711,47.08516,41.5],[134.14574,47.08118,45.8065],[134.12425,47.07051,41.5],[134.11422,47.05581,41.5],[134.08735,46.99881,43.621],[134.08084,46.99269,44.2652],[134.07412,46.98814,43.6069],[134.06916,46.98124,52.0944],[134.06699,46.96778,126.6453],[134.06699,46.9268,43.6082],[134.06275,46.90685,83.3008],[134.02048,46.83404,44.0944],[134.01666,46.81947,43.8478],[134.02141,46.80614,44.0],[134.03588,46.7896,44.4523],[134.04467,46.772,44.3787],[134.04177,46.7527,49.9855],[134.02585,46.71082,50.3799],[134.0148,46.66503,45.8767],[134.00529,46.64584,48.1073],[133.9985,46.6377,50.851],[133.9995,46.63697,49.6665],[134.00457,46.63188,49.798],[134.00922,46.62982,68.1342],[134.0149,46.62646,63.523],[134.02255,46.62591,63.7547],[134.03361,46.62837,84.5989],[134.05386,46.64098,149.8517],[134.07588,46.65002,404.2711],[134.09014,46.65395,714.3322],[134.1012,46.65423,626.8741],[134.19928,46.64439,358.0483],[134.20672,46.64524,339.7959],[134.21365,46.64764,354.6628],[134.23018,46.65627,403.3189],[134.24817,46.66372,379.3393],[134.25592,46.66532,332.7249],[134.26346,46.6662,348.3991],[134.27804,46.6663,219.0974],[134.30553,46.66098,194.2328],[134.31204,46.66123,167.92],[134.31948,46.6632,202.0195],[134.33746,46.66994,117.8838],[134.34387,46.67147,111.9398],[134.3695,46.67224,59.1509],[134.41198,46.67751,125.2853],[134.41932,46.68015,151.5458],[134.42769,46.68707,178.4884],[134.44805,46.71849,191.787],[134.45157,46.72865,236.9695],[134.4527,46.73591,147.6008],[134.45198,46.74113,170.0409],[134.45219,46.74655,256.5924],[134.45343,46.75193,261.7249],[134.45642,46.75761,143.8251],[134.46428,46.76903,174.5485],[134.46821,46.77611,338.6779],[134.46728,46.78128,366.7036],[134.46459,46.78598,328.0863],[134.46056,46.79006,292.6965],[134.45715,46.79425,261.5208],[134.44423,46.80645,383.2744],[134.42986,46.82314,308.8366],[134.42407,46.83208,282.7555],[134.41074,46.86009,590.8593],[134.41167,46.86644,428.3724],[134.41684,46.87435,293.3932],[134.42862,46.88763,460.6078],[134.44009,46.90349,446.5439],[134.44268,46.90923,355.5303],[134.44588,46.9269,304.7154],[134.44588,46.93248,287.1096],[134.44485,46.93773,273.215],[134.44288,46.94246,300.6255],[134.44454,46.94737,410.0356],[134.45167,46.95202,357.415],[134.47327,46.95719,345.3844],[134.48598,46.95768,273.9199],[134.4958,46.95667,276.8094],[134.51099,46.95264,274.92],[134.51875,46.95176,249.2054],[134.52794,46.95287,214.9889],[134.53725,46.95677,261.1323],[134.54872,46.96726,390.9373],[134.5543,46.97525,388.7081],[134.5574,46.98261,384.6637],[134.56143,47.00003,382.8901],[134.5697,47.0194,457.7681],[134.5728,47.02509,421.6584],[134.57662,47.03015,430.0945],[134.59399,47.04845,339.4827],[134.59977,47.05243,369.0574],[134.60691,47.05491,315.798],[134.62665,47.05454,271.5147],[134.6345,47.05604,303.5621],[134.64029,47.06188,311.2128],[134.64318,47.06798,423.7781],[134.64721,47.08043,517.9748],[134.65341,47.0918,551.1031],[134.66148,47.09837,580.7548],[134.67439,47.1056,500.0598],[134.70499,47.11681,765.7643],[134.72669,47.12245,550.5844],[134.75232,47.12493,605.098],[134.77382,47.1225,428.9244],[134.78436,47.1234,450.2395],[134.80121,47.12774,413.139],[134.82043,47.13464,526.7312],[134.85113,47.15407,413.0631],[134.86188,47.14684,543.2357],[134.8657,47.14361,470.0144],[134.87779,47.13671,426.0641],[134.88616,47.13464,414.3928],[134.8966,47.13449,522.4585],[134.91293,47.13759,414.9178],[134.93071,47.14348,361.5293],[134.93774,47.14503,314.0592],[134.94559,47.14518,287.3196],[134.95541,47.14208,334.058],[134.96192,47.13847,374.7847],[134.96719,47.13446,352.2304],[134.97526,47.12632,317.1262],[134.98022,47.12265,320.7657],[134.986,47.11955,336.5458],[134.99221,47.11718,436.5321],[134.99872,47.11671,534.9578],[135.00368,47.11795,451.0137],[135.0105,47.12276,364.8882],[135.01515,47.12808,295.7596],[135.01856,47.13444,388.0895],[135.02104,47.14066,417.459],[135.02559,47.15878,339.4308],[135.02869,47.1642,377.7932],[135.03334,47.16808,383.1213],[135.03902,47.171,322.8393],[135.06693,47.18128,379.9357],[135.07323,47.18689,469.2473],[135.07819,47.19265,400.5027],[135.08998,47.19443,367.632],[135.10858,47.19169,510.2356],[135.14982,47.17877,310.3858],[135.20511,47.15296,248.0494],[135.21224,47.15118,265.8025],[135.21937,47.15097,323.1018],[135.22878,47.15609,350.6171],[135.24883,47.15981,459.0405],[135.30908,47.14436,418.0955],[135.30981,47.13619,390.4337],[135.30753,47.13185,345.084],[135.3002,47.12183,413.3215],[135.29741,47.11656,342.5664],[135.29668,47.11128,310.025],[135.29772,47.10617,319.9492],[135.30071,47.10178,283.4177],[135.30474,47.09775,227.6704],[135.31043,47.09439,254.9433],[135.31756,47.0916,297.6253],[135.34329,47.08465,285.2178],[135.34981,47.08157,329.1858],[135.35487,47.07806,286.6547],[135.35859,47.07387,350.4673],[135.36169,47.06943,366.8543],[135.36645,47.05475,237.3046],[135.37265,47.05093,244.0258],[135.3834,47.04845,285.5433],[135.4052,47.04721,354.7058],[135.41564,47.04416,369.5374],[135.42329,47.04059,382.0334],[135.4267,47.03643,417.7158],[135.43228,47.02762,359.0109],[135.43363,47.02323,328.5433],[135.433,47.0192,350.9336],[135.42918,47.01568,332.2617],[135.42422,47.01243,320.8015],[135.41833,47.00969,302.5545],[135.4082,47.00375,335.3361],[135.40417,47.00013,336.3247],[135.40396,46.99992,336.3247],[135.39435,46.98928,292.3501],[135.39053,46.98411,279.934],[135.38784,46.97822,348.6418],[135.38629,46.97228,364.8071],[135.38536,46.96155,412.8813],[135.38216,46.95708,391.5405],[135.37533,46.95334,339.574],[135.36304,46.94964,425.4041],[135.35704,46.94437,402.9901],[135.35394,46.93874,404.0463],[135.35342,46.933,434.3538],[135.35404,46.92773,506.0199],[135.3559,46.92292,518.8699],[135.35983,46.91889,521.0604],[135.36727,46.91641,444.5045],[135.41957,46.91088,359.4998],[135.42804,46.9114,305.7297],[135.436,46.91326,311.2325],[135.44355,46.91889,428.3649],[135.44882,46.92385,392.0115],[135.45791,46.92856,380.0301],[135.49357,46.93714,304.0468],[135.50515,46.94148,297.0975],[135.51372,46.94584,282.2308],[135.51868,46.94969,286.6671],[135.52602,46.95349,286.402],[135.56354,46.96204,287.2569],[135.57356,46.96287,296.2632],[135.58431,46.96106,311.0069],[135.59134,46.95806,311.5193],[135.59703,46.95434,325.9874],[135.60075,46.95016,350.7695],[135.60385,46.94582,387.5633],[135.60653,46.94142,358.425],[135.61057,46.93812,417.9654],[135.61666,46.9368,337.2794],[135.62359,46.93677,318.7161],[135.64457,46.94137,333.7872],[135.67351,46.95225,380.7706],[135.68405,46.95471,410.0354],[135.74585,46.94856,589.7981],[135.75206,46.94478,655.1627],[135.75536,46.94011,664.4048],[135.75547,46.93509,594.7269],[135.75195,46.93016,561.7037],[135.74368,46.92608,587.4323],[135.72859,46.92122,578.1918],[135.71991,46.91662,740.9978],[135.71454,46.91218,812.5934],[135.71309,46.90742,750.5814],[135.71588,46.90344,609.7335],[135.72198,46.90055,578.8585],[135.75691,46.89461,396.8913],[135.77366,46.88985,393.7072],[135.78761,46.88406,432.0125],[135.79825,46.87709,513.0302],[135.80218,46.873,556.2383],[135.80425,46.86822,697.7417],[135.80993,46.84277,575.7612],[135.8152,46.83373,555.8444],[135.81892,46.8296,507.5538],[135.82719,46.82226,445.365],[135.83629,46.81595,567.9164],[135.84249,46.81311,459.2451],[135.85014,46.81089,519.5347],[135.90367,46.80288,393.9892],[135.92,46.79797,378.0878],[135.93365,46.79203,427.3259],[135.9415,46.78975,440.0399],[135.95411,46.78996,444.4053],[135.9693,46.79285,393.3616],[135.99597,46.80272,473.9519],[136.01829,46.81363,422.6696],[136.02904,46.82058,409.0282],[136.04847,46.83668,425.0334],[136.05695,46.84608,441.9239],[136.06201,46.84991,450.9499],[136.06863,46.85104,374.5902],[136.0862,46.84549,362.0352],[136.11203,46.83249,461.6514],[136.12216,46.82523,583.0713],[136.13033,46.81761,488.0379],[136.14015,46.80552,500.3314],[136.1448,46.80179,577.4601],[136.15038,46.79833,691.7781],[136.16361,46.79208,699.4037],[136.17942,46.78696,625.0018],[136.23234,46.77482,888.9565],[136.2467,46.76914,675.053],[136.26365,46.765,647.988],[136.35688,46.76273,1054.6626],[136.37248,46.76534,820.3109],[136.38395,46.76924,746.03],[136.39791,46.77818,1020.4934],[136.40535,46.78417,912.7016],[136.41486,46.79549,794.9573],[136.42147,46.80112,882.8998],[136.43129,46.80614,681.2903],[136.45113,46.81017,739.6582],[136.46323,46.81027,1115.4877],[136.47222,46.80805,919.3619],[136.48855,46.79753,783.6545],[136.49485,46.79523,832.8104],[136.50002,46.79425,916.2034],[136.5057,46.79404,1036.7083],[136.52524,46.79818,792.1616],[136.53185,46.7989,831.0457],[136.53836,46.79818,967.4323],[136.54405,46.79559,1158.311],[136.56317,46.78092,1245.808],[136.56978,46.77849,1097.6929],[136.57722,46.77746,1184.8434],[136.59014,46.7805,1565.9963],[136.6072,46.78733,1211.8464],[136.67996,46.82505,1410.6888],[136.72791,46.84148,1054.3368],[136.73349,46.84525,902.4382],[136.73711,46.85208,1074.6074],[136.73814,46.85781,1410.0479],[136.74393,46.86582,1210.199],[136.75509,46.87497,1104.6575],[136.80677,46.90647,1302.1548],[136.81483,46.91672,1045.7363],[136.82403,46.93548,1117.609],[136.82848,46.94065,1021.8423],[136.8353,46.94375,1180.8041],[136.8477,46.94349,1208.23],[136.85514,46.94091,1292.447],[136.86134,46.93742,1168.3555],[136.86858,46.93621,1016.1794],[136.87736,46.93838,1287.3396],[136.88883,46.94768,1310.2227],[136.90516,46.96597,1241.8286],[136.91012,46.96995,1114.0398],[136.93462,46.98468,1281.8311],[136.94723,46.99388,1193.3597],[136.95384,46.99987,1136.0714],[136.9742,47.0117,1367.3527],[136.97834,47.01568,1471.7537],[136.98092,47.02008,1426.4333],[136.97947,47.02437,1462.261],[136.97493,47.02798,1410.9432],[136.95529,47.03728,958.7709],[136.94516,47.04467,960.7102],[136.94113,47.04865,1108.5425],[136.93431,47.0571,1079.4224],[136.93245,47.06178,1104.936],[136.93203,47.06669,1184.5315],[136.93421,47.0718,1086.9723],[136.9371,47.07661,1152.6276],[136.93896,47.08214,1167.8153],[136.94082,47.09307,1227.915],[136.94351,47.09881,1229.3203],[136.95756,47.12245,1233.6431],[136.96004,47.1286,1256.8529],[136.96087,47.13433,1243.8848],[136.95932,47.13927,1295.1144],[136.94981,47.1518,1229.9884],[136.94981,47.15591,1215.3899],[136.95291,47.16012,1195.5496],[136.95787,47.16368,1203.5718],[136.98371,47.17686,1035.007],[136.99084,47.18167,1049.9485],[136.99549,47.18756,1155.2144],[136.99797,47.19278,1191.2014],[137.00666,47.2242,1455.8975],[137.00945,47.2303,1427.9968],[137.01265,47.23614,1341.2725],[137.05409,47.28662,1544.9128],[137.05895,47.29099,1556.1407],[137.06546,47.29487,1418.5435],[137.07611,47.29673,1256.6323],[137.09368,47.2966,1131.5531],[137.11404,47.29127,1285.5394],[137.1252,47.28704,1284.4127],[137.13946,47.2797,1363.7529],[137.17254,47.26947,1284.5781],[137.17905,47.26507,1168.9688],[137.18401,47.26047,1196.7418],[137.1868,47.25593,1124.2117],[137.19052,47.252,1036.9818],[137.19589,47.24916,1093.6639],[137.20344,47.24849,943.0599],[137.21222,47.25107,1009.6506],[137.21874,47.25469,995.3769],[137.24881,47.27934,1005.3927],[137.25491,47.28171,1045.502],[137.26225,47.28115,1033.7469],[137.27258,47.27407,989.0734],[137.27692,47.26823,986.6938],[137.27971,47.26239,990.8905],[137.28405,47.25737,984.4586],[137.29046,47.25241,982.7587],[137.3039,47.24652,1024.8729],[137.30917,47.24117,1143.134],[137.31258,47.23583,1222.0632],[137.31382,47.23076,1185.7175],[137.31589,47.22601,1119.7842],[137.31899,47.22161,1089.9844],[137.32292,47.21743,1100.3691],[137.32819,47.21386,1133.5791],[137.34989,47.20528,1049.7375],[137.36198,47.19867,940.9547],[137.37004,47.19578,1151.1825],[137.38141,47.19402,1174.8418],[137.45242,47.19836,1104.1906],[137.45975,47.20032,1136.5542],[137.46668,47.20363,1277.8368],[137.47319,47.21056,1259.127],[137.47805,47.21665,1310.627],[137.48632,47.22332,1313.563],[137.49293,47.22745,1190.6283],[137.53489,47.23805,1259.5216],[137.55784,47.24993,1195.7015],[137.56786,47.25784,1225.4906],[137.58554,47.27779,1044.0349],[137.58895,47.28337,1233.6199],[137.59411,47.2951,1125.9603],[137.59773,47.30032,1190.8474],[137.60311,47.30342,1280.1248],[137.60962,47.30543,1528.6331],[137.64589,47.3107,1068.626],[137.65995,47.31411,902.2843],[137.67266,47.31877,804.9338],[137.7201,47.34104,848.9262],[137.7263,47.3429,994.6683],[137.7325,47.34336,1096.8079],[137.73767,47.34073,1072.5045],[137.74087,47.33577,1045.5835],[137.74449,47.32874,1032.8914],[137.74987,47.32698,996.7762],[137.75472,47.32926,914.1104],[137.76868,47.34274,1042.2119],[137.77415,47.34631,1096.9836],[137.78036,47.34863,1196.0985],[137.8095,47.35251,1307.0411],[137.81612,47.35427,1267.9829],[137.82221,47.35716,1264.7046],[137.83761,47.36869,1030.3999],[137.85012,47.37339,1065.9532],[137.85694,47.37494,1046.6707],[137.86335,47.37716,1110.3464],[137.86924,47.38005,1184.9796],[137.8897,47.39538,1109.3748],[137.89435,47.39974,1044.7402],[137.89828,47.40455,1164.0569],[137.90583,47.42119,1367.9626],[137.90944,47.42672,1526.181],[137.91358,47.43165,1544.5325],[137.91843,47.43592,1339.8779],[137.92412,47.43902,1164.4126],[137.93735,47.44289,1289.2086],[137.94376,47.44542,1421.9956],[137.94944,47.44904,1510.6255],[137.95957,47.45695,1312.2489],[137.96525,47.45904,1510.0732],[137.97166,47.45824,1322.939],[137.97724,47.45555,1306.6165],[137.9822,47.45194,1007.7017],[137.98727,47.44915,907.5918],[137.99357,47.44801,861.2794],[137.99853,47.44909,845.3967],[138.00174,47.4509,826.1721],[138.00577,47.45457,894.2278],[138.02117,47.47597,1307.0669],[138.02995,47.4855,1252.0868],[138.03977,47.49359,860.9971],[138.04928,47.50005,798.6362],[138.04959,47.5001,798.6362],[138.05641,47.50459,1087.9221],[138.06179,47.50723,1107.8586],[138.08132,47.51343,1349.6515],[138.0868,47.51661,1186.9089],[138.08907,47.52126,1004.502],[138.08928,47.52878,862.4666],[138.08411,47.53849,1109.0254],[138.0837,47.55891,847.9153],[138.08246,47.56733,971.9583],[138.07346,47.57712,829.4211],[138.06644,47.58278,953.2455],[138.05982,47.5865,857.2281],[138.05362,47.58725,855.6204],[138.04711,47.58614,879.2847],[138.03946,47.58573,900.9811],[138.01404,47.58924,821.1807],[138.00701,47.58911,849.5065],[137.99244,47.58552,851.5897],[137.98665,47.5848,933.8348],[137.98158,47.58552,929.4872],[137.97662,47.58816,920.774],[137.97363,47.59252,868.1411],[137.97228,47.59766,794.9602],[137.97507,47.6049,905.9535],[137.9791,47.61007,887.7466],[137.98386,47.6151,771.0067],[138.04835,47.66833,863.9208],[138.05093,47.67234,848.7465],[138.05021,47.6759,847.986],[138.04525,47.67735,831.3569],[138.01683,47.67407,760.6908],[138.00918,47.67451,785.9758],[138.00225,47.67575,810.4332],[137.99802,47.67714,832.1479],[137.99326,47.67983,859.8781],[137.96112,47.70768,830.2658],[137.9543,47.71127,918.7564],[137.94634,47.71404,1029.6548],[137.91099,47.72112,1096.7627],[137.90366,47.72334,1054.0481],[137.89642,47.72435,968.3818],[137.88991,47.72334,1025.7031],[137.88381,47.72081,962.472],[137.86335,47.70593,731.5104],[137.85818,47.70329,719.0224],[137.8526,47.70158,834.4882],[137.84505,47.70195,851.867],[137.82097,47.70688,851.8074],[137.81508,47.70717,790.672],[137.80929,47.705329999999996,829.5175],[137.79875,47.69838,982.6809],[137.79317,47.69621,1084.453],[137.78687,47.69652,1100.2094],[137.73405,47.72071,807.078],[137.71948,47.73145,846.9969],[137.71318,47.73368,845.8558],[137.69716,47.73667,925.9474],[137.6892,47.739,729.4282],[137.68269,47.7421,839.6016],[137.66687,47.75218,881.6506],[137.62729,47.76977,752.7034],[137.61613,47.77652,827.8273],[137.60962,47.78241,848.8542],[137.60652,47.78354,858.9979],[137.60052,47.78422,900.2615],[137.55908,47.77636,1066.9716],[137.54357,47.77522,987.4877],[137.45459,47.77693,933.7434],[137.44684,47.77848,1164.783],[137.44032,47.78204,1024.9446],[137.43629,47.78843,1021.354],[137.43412,47.79414,1089.9766],[137.43629,47.80127,983.929],[137.44053,47.8084,1060.6458],[137.45169,47.81843,950.0679],[137.46048,47.82246,976.2746],[137.46875,47.82525,918.5782],[137.47567,47.82654,997.5439],[137.48208,47.82917,880.7621],[137.48756,47.83248,963.4532],[137.49231,47.83687,874.5504],[137.50037,47.84742,987.3541],[137.50533,47.8516,1026.9952],[137.51112,47.85481,976.6165],[137.51743,47.85705,869.9607],[137.53872,47.86116,903.1538],[137.54667,47.86147,950.1879],[137.56383,47.86031,935.9937],[137.57923,47.86137,935.5736],[137.59236,47.86561,991.4387],[137.59804,47.86876,1072.0729],[137.603,47.87263,1206.1915],[137.60652,47.87878,1212.4459],[137.60765,47.8863,1128.73],[137.60517,47.89827,1074.8982],[137.60124,47.90498,955.4449],[137.59659,47.91041,959.7737],[137.58543,47.91739,1006.3102],[137.5784,47.92043,936.6078],[137.57251,47.92385,922.995],[137.56755,47.92757,918.7192],[137.55908,47.93542,1106.6619],[137.53665,47.94963,1100.3303],[137.51153,47.96245,980.7603],[137.49996,47.96707,982.9722],[137.48704,47.97025,1029.7389],[137.47877,47.97134,1080.1426],[137.42937,47.97335,834.6887],[137.42275,47.97506,938.7436],[137.41686,47.97795,831.8958],[137.41345,47.9826,970.8583],[137.41211,47.98808,963.6047],[137.41211,47.99986,1004.835],[137.41159,48.00136,1013.6008],[137.41066,48.00407,1127.2902],[137.4088,48.00797,1203.3136],[137.40188,48.01624,939.1787],[137.39165,48.02368,897.0552],[137.37252,48.03335,1046.0481],[137.32674,48.05014,950.8801],[137.32292,48.05433,971.715],[137.32044,48.05888,981.7655],[137.31888,48.06373,1045.707],[137.31775,48.0689,886.7994],[137.31733,48.07412,856.816],[137.31465,48.08422,986.3297],[137.31547,48.09029,1040.8354],[137.31868,48.09727,1206.7639],[137.34441,48.12202,1419.9791],[137.35888,48.14528,1357.8479],[137.36539,48.15153,1404.615],[137.37459,48.15737,1345.8904],[137.40167,48.1706,875.7794],[137.41469,48.17871,803.067],[137.41965,48.18303,890.4183],[137.42761,48.1936,892.7378],[137.43588,48.19871,1078.7629],[137.4489,48.20158,1339.0039],[137.50223,48.20186,1075.0035],[137.51215,48.20357,1170.4658],[137.54833,48.21804,1055.0687],[137.5598,48.22424,1200.5105],[137.57871,48.22845,1286.8855],[137.62781,48.22465,1068.0776],[137.67979,48.22956,1209.8633],[137.69747,48.22471,1360.3824],[137.71545,48.20949,1092.4932],[137.72496,48.20812,910.096],[137.76919,48.21592,904.6524],[137.78563,48.2168,1070.4609],[137.79906,48.21623,1353.5273],[137.83172,48.20871,1547.0525],[137.8433,48.2091,1488.4696],[137.88557,48.22067,1675.1273],[137.92061,48.23768,1428.6235],[137.9329,48.24656,1222.8293],[137.9358,48.25158,1135.6082],[137.94066,48.26274,1131.7196],[137.94386,48.26767,1180.6577],[137.94882,48.27142,1039.9956],[137.99492,48.29705,919.947],[138.00256,48.29907,1112.2135],[138.01383,48.29881,1120.3584],[138.04235,48.29431,1224.6694],[138.07853,48.29969,1183.4854],[138.14529,48.31579,858.106],[138.16514,48.32294,989.2876],[138.18581,48.33689,1142.478],[138.19149,48.34506,1154.4067],[138.19242,48.35157,1201.2598],[138.18643,48.36041,1163.6044],[138.18023,48.37457,1458.4722],[138.17899,48.37917,1430.2534],[138.18064,48.38402,1258.824],[138.18757,48.38852,1253.5817],[138.21516,48.40108,1212.3975],[138.22426,48.40681,1098.3474],[138.23097,48.41289,1174.967],[138.2348,48.41875,1141.4324],[138.24028,48.42438,1147.1521],[138.24741,48.42921,1333.4626],[138.30559,48.44459,1160.3557],[138.31428,48.445,1084.4042],[138.32358,48.44397,1124.3113],[138.34466,48.43467,1051.9144],[138.35572,48.43182,1305.5433],[138.36451,48.43046,1216.1882],[138.40099,48.43524,1099.5188],[138.41298,48.43074,1038.1902],[138.41763,48.42774,1035.0476],[138.4229,48.42361,1107.2682],[138.43127,48.41555,1166.4705],[138.43603,48.41195,1092.3488],[138.4415,48.40909,1103.9857],[138.44863,48.40816,1168.1245],[138.47086,48.41022,1277.619],[138.4784,48.40955,1206.7883],[138.48512,48.40663,1071.4097],[138.48884,48.40175,1099.2772],[138.48956,48.3941,1140.7197],[138.48853,48.38733,1283.182],[138.48832,48.38095,1302.9849],[138.48956,48.37581,1328.4771],[138.49742,48.37209,1406.3427],[138.50775,48.36397,1174.8895],[138.50796,48.35483,1336.8303],[138.50579,48.34904,1400.3102],[138.50114,48.34578,1374.5555],[138.49328,48.34196,1230.0031],[138.49018,48.33762,1213.8812],[138.4877,48.33211,1056.3667],[138.48212,48.31426,1070.689],[138.47985,48.30258,1104.2262],[138.47964,48.29705,1085.4536],[138.48109,48.29152,1081.6929],[138.48419,48.28584,1077.1644],[138.48884,48.2792,1060.6256],[138.49649,48.27442,913.9123],[138.50145,48.27225,1014.2248],[138.50889,48.27106,961.19],[138.5247,48.27018,1121.981],[138.53214,48.2677,1146.3042],[138.53741,48.26287,1149.1428],[138.54031,48.25318,1127.0598],[138.54176,48.24522,1182.2496],[138.54155,48.23814,1263.6617],[138.54021,48.23235,1233.1371],[138.53752,48.22636,1322.0349],[138.534,48.22083,1308.2258],[138.53101,48.21473,1192.0482],[138.52925,48.20889,1048.2673],[138.52997,48.20269,880.2518],[138.5338,48.1967,982.2197],[138.543,48.1892,917.6232],[138.55044,48.1845,1161.7869],[138.5585,48.18078,1388.1875],[138.56677,48.17822,1178.9076],[138.57576,48.17636,1024.5769],[138.58423,48.17546,1231.1965],[138.63891,48.17897,1426.8612],[138.64604,48.18026,1230.6532],[138.65224,48.18274,1230.4902],[138.65761,48.18641,1286.8706],[138.66227,48.19091,1295.3755],[138.66764,48.19473,1297.6085],[138.67332,48.19778,1312.9423],[138.68077,48.19887,1261.5872],[138.68883,48.19845,1200.3909],[138.6971,48.19644,1208.2295],[138.7033,48.19329,1252.1639],[138.70784,48.18879,1201.7379],[138.70991,48.18326,1216.0016],[138.70919,48.17494,1171.0573],[138.70795,48.16827,1057.6943],[138.70764,48.16119,1149.9504],[138.7096,48.15463,1230.1655],[138.72025,48.14078,1527.7598],[138.72242,48.13613,1510.6545],[138.71694,48.13233,1401.9402],[138.71084,48.12936,1370.9758],[138.6971,48.12528,1441.5621],[138.69151,48.12213,1360.7605],[138.68263,48.11448,1198.0315],[138.67694,48.1137,1360.0873],[138.66991,48.11484,1327.1006],[138.66299,48.11706,1305.1489],[138.63984,48.12213,1395.1042],[138.63219,48.12259,1352.3387],[138.62651,48.12109,1270.5999],[138.62371,48.11629,1357.2028],[138.62402,48.10926,1298.8645],[138.62568,48.09727,1067.8724],[138.62464,48.08931,874.8815],[138.62196,48.08203,1122.5273],[138.6108,48.06541,1165.6365],[138.58144,48.03066,1336.9221],[138.57948,48.0273,1320.8986],[138.57948,48.02188,1240.8047],[138.58237,48.01573,1269.0503],[138.59436,48.00772,1258.0731],[138.617,48.00027,1036.6685],[138.61731,48.00012,1036.6685],[138.61762,47.99991,1036.6685],[138.65358,47.98808,1222.8674],[138.65875,47.98441,1193.2769],[138.67115,47.97227,1082.0052],[138.6819,47.96503,1018.2424],[138.69616,47.95909,997.9019],[138.7065,47.95351,1142.98],[138.71756,47.94529,903.8247],[138.77978,47.87966,1004.7341],[138.78412,47.87615,980.1892],[138.7896,47.873,872.118],[138.79652,47.87103,1015.2534],[138.80479,47.86979,976.4892],[138.81264,47.86948,993.13],[138.81978,47.86674,1023.4993],[138.82556,47.8609,1020.8586],[138.82846,47.84705,966.5868],[138.82897,47.83855,1031.502],[138.82618,47.8314,1038.2456],[138.82215,47.82672,834.7595],[138.81233,47.81822,993.8904],[138.80799,47.81357,909.5789],[138.80458,47.80871,731.9626],[138.8051,47.80297,648.4861],[138.80851,47.79708,592.0101],[138.81688,47.78892,505.0637],[138.82102,47.78236,637.05],[138.8206,47.77435,663.1815],[138.81626,47.76977,912.7169],[138.80913,47.76794,930.2826],[138.76644,47.77264,926.0082],[138.76076,47.77166,916.9528],[138.75694,47.77047,910.7841],[138.75218,47.76789,903.6547],[138.70712,47.73517,739.8008],[138.70371,47.73347,740.7551],[138.69844,47.73166,723.4866],[138.69182,47.73094,792.2625],[138.66764,47.73414,861.3081],[138.65255,47.73331,915.8324],[138.60987,47.72587,850.3956],[138.60346,47.7236,772.891],[138.58692,47.71337,694.0452],[138.58051,47.71094,702.9222],[138.55912,47.70719,698.8311],[138.55292,47.70469,715.6145],[138.54796,47.7005,720.5007],[138.51664,47.66851,635.3054],[138.51261,47.66345,533.8574],[138.51054,47.65745,588.1033],[138.51168,47.65012,646.7464],[138.52264,47.64035,650.563],[138.53307,47.63484,561.3101],[138.54961,47.63125,542.0622],[138.56005,47.63074,463.3523],[138.59261,47.63203,777.2372],[138.60976,47.63058,768.5506],[138.61824,47.62864,730.0179],[138.62682,47.62417,708.7297],[138.63457,47.61787,791.3879],[138.64273,47.60567,898.5701],[138.64273,47.59831,941.1205],[138.64015,47.59221,886.873],[138.59478,47.5478,740.4999],[138.5923,47.54291,738.9644],[138.59602,47.53684,717.6933],[138.60439,47.53033,661.5728],[138.62216,47.51917,579.0728],[138.62475,47.51384,710.0325],[138.62247,47.51002,700.7881],[138.56491,47.49271,736.9199],[138.55467,47.48651,759.156],[138.55095,47.4816,828.2142],[138.55157,47.47661,786.8494],[138.55726,47.47312,681.861],[138.57483,47.47302,395.4223],[138.60098,47.47715,753.1523],[138.60759,47.47597,679.8327],[138.61255,47.47082,678.7312],[138.61472,47.46542,756.3049],[138.61565,47.45995,867.8187],[138.61793,47.45524,917.3735],[138.62868,47.45142,1036.9016],[138.71735,47.4416,892.3408],[138.73058,47.43705,927.2291],[138.74505,47.437,722.1343],[138.75466,47.43829,828.0787],[138.76221,47.44114,782.255],[138.77389,47.44744,743.1378],[138.78619,47.45261,854.532],[138.84034,47.46604,991.2361],[138.84789,47.46661,870.025],[138.85616,47.4663,915.2306],[138.87197,47.46119,752.5764],[138.89274,47.45219,435.7401],[138.95269,47.41716,115.3957],[138.96292,47.40848,89.9636],[138.96984,47.39473,137.7412],[138.98287,47.38822,379.4988],[139.02483,47.38992,0.0],[139.02638,47.38943,0.0],[139.02638,47.38943,0.0],[139.03736,47.40107,70.3241],[139.04542,47.41743,142.3089],[139.04819,47.43448,125.2893],[139.04859,47.45433,283.3291],[139.05331,47.47871,16.918],[139.0652,47.49632,113.1161],[139.08066,47.51276,0.0],[139.09645,47.53351,182.8733],[139.11622,47.56761,0.0],[139.13974,47.59349,0.0],[139.14357,47.5987,0.0],[139.15089,47.62177,14.4315],[139.1683,47.63614,0.0],[139.18898,47.6481,0.0],[139.20566,47.6638,0.0],[139.20956,47.67402,0.0],[139.20997,47.69355,0.0],[139.21192,47.70417,0.0],[139.21803,47.71475,0.0],[139.23609,47.73871,0.0],[139.24635,47.76716,38.4281],[139.26173,47.78791,0.0],[139.39047,47.90424,0.0],[139.42482,47.9239,0.0],[139.4957,47.95441,0.0],[139.50733,47.96149,116.86],[139.51669,47.97199,45.6773],[139.56113,48.00926,24.3728],[139.65187,48.06875,0.0],[139.68409,48.09553,0.0],[139.71201,48.12995,0.0],[139.72665,48.15534,0.0],[139.7339,48.16348,0.0],[139.76734,48.18769,0.0],[139.7776,48.19135,0.0],[139.95126,48.30488,0.0],[139.99326,48.32172,0.0],[140.02638,48.32543,0.0],[140.03492,48.32795,0.0],[140.04347,48.33625,0.0],[140.0525,48.357,0.0],[140.05869,48.36587,0.0],[140.063,48.37434,0.0],[140.07211,48.39863,32.3841],[140.07936,48.40371,36.3098],[140.08863,48.40746,15.6232],[140.12363,48.43159,19.0196],[140.16505,48.44941,0.0],[140.17701,48.46182,0.0],[140.1858,48.48627,0.0],[140.19044,48.50727,0.0],[140.19264,48.53034,0.0],[140.18955,48.53803,0.0],[140.17587,48.55687,0.0],[140.17197,48.56818,0.0],[140.19345,48.58112,0.0],[140.19532,48.60395,0.0],[140.1858,48.65009,0.0],[140.19443,48.70978,0.0],[140.20191,48.73949,0.0],[140.21298,48.7674,0.0],[140.22145,48.78059,0.0],[140.23976,48.8017,0.0],[140.24659,48.8146,0.0],[140.24887,48.82673,0.0],[140.2496,48.83698,0.0],[140.25392,48.84805,0.0],[140.26694,48.86237,36.7562],[140.32472,48.89151,0.0],[140.35231,48.91022,0.0],[140.35646,48.9313,191.1415],[140.37867,48.95873,0.0],[140.39796,48.99274,0.0],[140.38795,48.99177,0.0],[140.38063,48.99372,0.0],[140.37062,49.00019,0.0],[140.36988,49.00283,0.0],[140.36874,49.01337,0.0],[140.36695,49.01728,0.0],[140.35914,49.02131,0.0],[140.35255,49.0196,0.0],[140.3462,49.01586,19.1863],[140.32138,49.00873,23.5928],[140.30527,48.99628,0.0],[140.29664,48.98041,46.941],[140.30112,48.9654,56.6061],[140.29127,48.96479,42.8145],[140.28126,48.9654,37.1477],[140.28346,48.97626,24.9296],[140.27809,48.97753,37.0199],[140.2684,48.97443,0.0],[140.25709,48.97224,11.6211],[140.24838,48.9763,0.0],[140.25392,48.98542,0.0],[140.26515,48.99494,0.0],[140.27442,49.00019,0.0],[140.2645,49.01227,55.1312],[140.25082,49.01089,24.404],[140.2352,49.00751,60.2958],[140.21925,49.01386,25.0823],[140.2422,49.02147,55.4666],[140.29176,49.02802,0.0],[140.33717,49.03978,0.0],[140.3436,49.04706,0.0],[140.34278,49.06167,0.0],[140.33603,49.06769,0.0],[140.29493,49.0821,0.0],[140.29493,49.08832,0.0],[140.32968,49.08808,0.0],[140.34498,49.09007,0.0],[140.35646,49.09577,0.0],[140.35987,49.11701,0.0],[140.36533,49.13239,0.0],[140.3768,49.14354,0.0],[140.36207,49.15803,0.0],[140.35922,49.17365,0.0],[140.36524,49.18976,0.0],[140.3768,49.20563,0.0],[140.37403,49.20767,0.0],[140.37306,49.20791,0.0],[140.37257,49.20873,0.0],[140.37062,49.21247,0.0],[140.36533,49.20808,0.0],[140.35532,49.20258,0.0],[140.35019,49.19819,0.0],[140.34498,49.20771,0.0],[140.34376,49.21841,0.0],[140.34571,49.22919,0.0],[140.35019,49.23916,0.0],[140.37753,49.25703,0.0],[140.38063,49.26024,0.0],[140.38941,49.26529,0.0],[140.39023,49.27505,0.0],[140.38453,49.28156,0.0],[140.36402,49.2731,51.6262],[140.35035,49.2731,60.2167],[140.33888,49.27774,0.0],[140.33595,49.28754,0.0],[140.35108,49.29507,1.1278],[140.43556,49.29438,0.0],[140.43287,49.30614,0.0],[140.44402,49.36498,0.0],[140.45427,49.42084,0.0],[140.46258,49.43863,0.0],[140.49147,49.47297,0.0],[140.50123,49.48216,65.1332],[140.51108,49.48615,0.0],[140.51832,49.4914,0.0],[140.51987,49.5034,0.0],[140.5197,49.51716,0.0],[140.52117,49.52717,0.0],[140.55063,49.55524,0.0],[140.5608,49.57538,0.0],[140.55209,49.5998,0.0],[140.53972,49.61725,0.0],[140.53142,49.6341,0.0],[140.52117,49.67178,0.0],[140.51905,49.67674,0.0],[140.5114,49.68757,0.0],[140.5075,49.69164,0.0],[140.5381,49.74421,0.0],[140.54225,49.75678,0.0],[140.535,49.77741,0.0],[140.51726,49.78555,65.9896],[140.49464,49.7888,0.0],[140.47332,49.79462,41.5726],[140.45851,49.80561,0.0],[140.41578,49.8627,0.0],[140.41521,49.87458,0.0],[140.42555,49.88345,0.0],[140.44606,49.89086,0.0],[140.44256,49.90746,0.0],[140.45289,49.92479,0.0],[140.48072,49.95234,0.0],[140.47332,49.95913,0.0],[140.48227,49.97529,0.0],[140.49464,49.98355,0.0],[140.52858,49.99331,0.0],[140.54591,50.00072,0.0],[140.59059,50.02741,0.0],[140.66066,50.05801,0.0],[140.69093,50.08027,0.0],[140.68629,50.10318,0.0],[140.67457,50.09821,83.5167],[140.63844,50.09634,1.6721],[140.62875,50.0917,3.6895],[140.61085,50.07803,31.3878],[140.6006,50.07518,18.318],[140.58676,50.08124,0.5],[140.54916,50.11408,0.5],[140.53484,50.13044,0.0],[140.52296,50.15107,0.0],[140.51783,50.17329,0.0],[140.52027,50.19554,0.0],[140.53175,50.21613,0.0],[140.53696,50.23607,0.0],[140.52996,50.25849,0.0],[140.51954,50.27945,0.0],[140.5149,50.29491,0.0],[140.52467,50.31664,0.0],[140.53891,50.33015,0.0],[140.54542,50.34406,0.0],[140.52711,50.37641,0.0],[140.52263,50.39912,0.0],[140.51108,50.41938,0.0],[140.51238,50.42699,0.0],[140.51564,50.43456,0.0],[140.5149,50.44575,0.0],[140.50636,50.46068,0.0],[140.45631,50.51065,0.0],[140.44215,50.5301,0.0],[140.44288,50.54438,0.0],[140.46656,50.57551,0.0],[140.4839,50.60716,0.0],[140.49578,50.61677,0.0],[140.5149,50.61709,0.0],[140.48536,50.67617,0.0],[140.47706,50.68529,0.0],[140.46608,50.68952,0.0],[140.46339,50.69896,0.0],[140.46583,50.70954,0.0],[140.46998,50.7167,0.0],[140.47731,50.72626,0.0],[140.4769,50.73151,0.0],[140.47592,50.73701,0.0],[140.48072,50.74738,0.0],[140.49586,50.7613,0.0],[140.53443,50.78913,0.0],[140.54225,50.80512,0.0],[140.54461,50.81664,0.0],[140.54786,50.82616,0.0],[140.54762,50.83564,0.0],[140.53028,50.8557,0.0],[140.5298,50.86237,0.0],[140.54225,50.87714,0.0],[140.59986,50.92845,0.0],[140.60743,50.93179,0.0],[140.63315,50.93293,0.0],[140.65675,50.93781,0.0],[140.67359,50.94831,0.0],[140.67945,50.96654,0.0],[140.67595,50.97651,0.0],[140.66456,50.9975,0.0],[140.66521,51.00812,0.0],[140.67408,51.01472,0.0],[140.70118,51.02188,0.0],[140.70672,51.03168,0.0],[140.70818,51.07355,0.0],[140.70436,51.09235,0.0],[140.69304,51.10993,0.0],[140.66733,51.13142,0.0],[140.66635,51.14142,0.0],[140.68002,51.18976,0.0],[140.67945,51.19929,0.0],[140.67498,51.20771,0.0],[140.66179,51.21849,0.0],[140.65895,51.22382,0.0],[140.66717,51.23607,0.0],[140.70387,51.24531,0.0],[140.71355,51.26138,0.0],[140.70973,51.25934,0.0],[140.70265,51.26728,0.0],[140.69304,51.28181,0.0],[140.68629,51.31281,0.0],[140.70574,51.33478,0.0],[140.74977,51.34174,0.0],[140.8296,51.34325,0.0],[140.84718,51.34984,0.0],[140.8628,51.35928,0.0],[140.87379,51.37177,0.0],[140.8781,51.38764,0.0],[140.88404,51.40107,0.0],[140.89389,51.41649,0.0],[140.89601,51.42878,0.0],[140.8781,51.43268,0.0],[140.84254,51.41804,12.0306],[140.81886,51.41673,60.5095],[140.80844,51.42211,54.6614],[140.80494,51.43976,0.0],[140.80006,51.45417,0.0],[140.80307,51.46711,0.0],[140.82276,51.48041,0.0],[140.83473,51.48371,0.0],[140.84449,51.4829,0.0],[140.85377,51.4809,0.0],[140.88795,51.48041,0.0],[140.89137,51.48261,0.0],[140.89308,51.48729,0.0],[140.89552,51.49193,0.0],[140.90138,51.49409,0.0],[140.91212,51.56297,0.0],[140.90553,51.59638,0.0],[140.90561,51.61542,0.0],[140.91529,51.62385,0.0],[140.93263,51.62824,0.0],[140.98797,51.65925,0.0],[141.10922,51.67878,0.0],[141.13185,51.69269,0.0],[141.12233,51.70502,0.0],[141.13396,51.72114,0.0],[141.16912,51.75104,0.0],[141.17897,51.76822,0.0],[141.19044,51.80561,0.0],[141.20021,51.82368,0.0],[141.2588,51.85749,0.0],[141.28012,51.88032,0.0],[141.3318,51.89045,0.0],[141.34352,51.90192,0.0],[141.35475,51.90908,0.0],[141.40773,51.9173,0.0],[141.42555,51.92548,0.0],[141.42954,51.94196,0.0],[141.41782,51.95474,47.0532],[141.38136,51.977,29.9392],[141.36118,51.98656,1.4545],[141.33595,51.99396,1.2505],[141.31365,52.0041,2.8611],[141.30258,52.02167,1.8934],[141.30893,52.0371,1.6163],[141.32618,52.05402,1.3272],[141.36402,52.08373,0.0],[141.34278,52.09382,1.6126],[141.35499,52.1059,1.0773],[141.37859,52.11799,0.5896],[141.39137,52.12783,1.1695],[141.4026,52.1402,1.4634],[141.47389,52.15888,0.0],[141.49366,52.17231,6.0918],[141.50082,52.17381,10.4832],[141.51482,52.17194,49.1175],[141.53883,52.15424,44.5903],[141.55063,52.14985,0.0],[141.55584,52.1623,0.0],[141.55274,52.16592,0.0],[141.54689,52.17691,0.0],[141.54298,52.1883,0.0],[141.54591,52.19359,0.0],[141.53981,52.19526,0.0],[141.53614,52.19945,0.0],[141.53566,52.20466,32.132],[141.54469,52.21772,0.0],[141.54005,52.22077,0.0],[141.5324,52.22093,0.0],[141.52914,52.22036,0.0],[141.52076,52.21988,0.0],[141.48072,52.21284,70.94],[141.46599,52.21361,133.4295],[141.41432,52.22175,0.0],[141.40211,52.22553,0.0],[141.39088,52.23111,0.0],[141.36622,52.24681,0.0],[141.36085,52.25165,0.0],[141.34978,52.26813,0.0],[141.27898,52.29344,0.0],[141.2684,52.30659,0.0],[141.25831,52.32372,0.0],[141.23471,52.33564,0.0],[141.18637,52.35065,80.8414],[141.16717,52.36489,0.1151],[141.12818,52.42292,0.0],[141.11769,52.44896,0.1361],[141.13526,52.47053,0.0],[141.21339,52.50788,0.0],[141.23512,52.52631,0.0],[141.27215,52.56664,0.0],[141.28061,52.57876,0.0],[141.28419,52.59113,0.0],[141.28598,52.60395,0.0],[141.28956,52.61758,0.0],[141.30006,52.64142,0.0],[141.30616,52.64948,0.0],[141.31625,52.65913,0.0],[141.29851,52.67113,0.0],[141.292,52.68476,0.0],[141.28907,52.70112,0.0],[141.28199,52.72126,0.0],[141.27027,52.73526,0.0],[141.25074,52.7508,0.0],[141.22877,52.76325,0.0],[141.21013,52.76838,0.0],[141.20102,52.77741,0.0],[141.21209,52.79759,0.0],[141.25929,52.84663,0.0],[141.26059,52.85224,0.0],[141.19776,52.84882,56.4704],[141.18637,52.8509,29.9995],[141.17726,52.85562,1.7863],[141.15797,52.86921,0.0],[141.14869,52.87202,0.0],[141.09783,52.87824,129.2782],[141.08253,52.88398,0.0],[141.07569,52.8898,0.0],[141.07097,52.89667,0.0],[141.0573,52.91157,0.0],[141.05242,52.91861,0.0],[141.04493,52.92426,0.0],[141.03199,52.92666,0.0],[141.00668,52.92512,13.2836],[140.99383,52.92585,0.0],[140.98414,52.93008,0.0],[140.97462,52.93781,0.0],[140.9699,52.9409,0.0],[140.96608,52.94465,0.0],[140.95493,52.96361,0.0],[140.94557,52.98469,0.0],[140.93946,52.99494,22.2895],[140.94695,53.00117,0.0],[140.94581,53.02334,0.0],[140.93344,53.03156,0.0],[140.87623,53.03848,0.0],[140.86036,53.04515,0.0],[140.8296,53.06387,0.0],[140.77345,53.08991,2.2876],[140.70672,53.11103,71.105],[140.72999,53.12694,0.0],[140.77703,53.12783,0.0],[140.86069,53.11848,37.5346],[140.87127,53.11197,5.5813],[140.88697,53.0834,0.0],[140.89479,53.07685,0.0],[140.94068,53.06948,0.0],[140.96656,53.06196,0.0],[140.98414,53.05329,0.0],[140.9983,53.04365,0.0],[141.13185,52.98749,0.0],[141.15138,52.98338,0.0],[141.17042,52.98347,0.0],[141.18881,52.98749,0.0],[141.21949,53.0021,0.0],[141.2518,53.02399,0.0],[141.26157,53.03587,0.0],[141.2225,53.03555,67.9289],[141.20362,53.03742,112.9967],[141.18637,53.04267,99.287],[141.18637,53.0502,58.9587],[141.21013,53.06232,5.4074],[141.23113,53.07648,1.394],[141.25367,53.08784,1.1158],[141.28199,53.09113,2.0971],[141.29884,53.0871,1.0214],[141.33318,53.07274,0.0],[141.34978,53.07001,0.0],[141.36443,53.07339,0.0],[141.36866,53.07998,0.0],[141.36354,53.08686,1.7551],[141.34978,53.09113,46.34],[141.3755,53.12344,0.0],[141.38502,53.13207,0.0],[141.42644,53.14452,0.0],[141.43295,53.14887,0.8963],[141.43214,53.15917,2.2457],[141.42937,53.1673,70.1961],[141.424,53.17487,45.6973],[141.41554,53.18329,33.5588],[141.41245,53.19497,0.0],[141.41969,53.20653,0.0],[141.424,53.21784,0.0],[141.41179,53.22834,0.0],[141.40113,53.22215,37.5181],[141.38461,53.21556,3.3543],[141.36842,53.21353,1.6269],[141.35776,53.22089,1.4341],[141.36109,53.23005,0.0],[141.37379,53.2403,0.0],[141.39812,53.2556,0.0],[141.40431,53.27798,0.0],[141.41188,53.29365,30.1769],[141.40748,53.30378,0.0],[141.3777,53.30964,0.0],[141.25123,53.31098,0.0],[141.22926,53.31599,0.0],[141.20899,53.32563,0.0],[141.18995,53.34101,0.0],[141.16871,53.35126,0.0],[141.13844,53.36205,0.0],[141.11769,53.37523,0.0],[141.12436,53.39277,0.0],[141.08953,53.40327,0.0],[141.03541,53.40974,0.0],[141.02573,53.41804,0.0],[141.01832,53.42886,0.0],[141.00782,53.43993,0.0],[140.99537,53.44843,0.0],[140.98455,53.45185,0.0],[140.9725,53.44843,0.0],[140.95623,53.43684,0.0],[140.94313,53.4326,0.0],[140.93092,53.43635,0.0],[140.92742,53.44453,0.0],[140.93946,53.4536,0.0],[140.93377,53.47651,0.0],[140.94972,53.48896,0.0],[140.97429,53.49413,0.0],[140.9944,53.49518,0.0],[141.04737,53.47846,0.0],[141.09783,53.47476,0.0],[141.08326,53.48216,0.0],[141.02622,53.49213,0.0],[140.71315,53.58161,0.0],[140.65113,53.61982,0.0],[140.58123,53.63931,0.0],[140.54908,53.65965,0.0],[140.53981,53.6717,0.0],[140.53696,53.68195,0.0],[140.53663,53.69131,0.0],[140.53386,53.7062,0.0],[140.53492,53.70848,0.0],[140.53443,53.71198,0.0],[140.52858,53.72114,0.0],[140.52174,53.72704,0.0],[140.51092,53.73379,0.0],[140.41635,53.77188,0.0],[140.37355,53.78278,0.0],[140.3567,53.79003,0.0],[140.25733,53.86856,2.5285],[140.25196,53.89057,14.6872],[140.2728,53.91144,5.553],[140.30242,53.93049,190.5619],[140.32252,53.94709,52.459],[140.33074,53.96174,0.0],[140.33082,53.97028,0.0],[140.32081,53.97407,0.0],[140.29835,53.975,0.0],[140.2815,53.97907,0.0],[140.25733,53.98908,0.0],[140.23569,54.00129,0.0],[140.22633,54.01227,0.0],[140.23072,54.02432,0.0],[140.23927,54.03425,0.0],[140.2448,54.04438,0.0],[140.24057,54.05695,0.0],[140.05307,54.1142,0.0],[140.01775,54.11835,0.0],[140.00172,54.12299,0.0],[139.92042,54.17569,0.0],[139.90846,54.18887,0.0],[139.91847,54.20034,0.0],[139.90821,54.19892,0.0],[139.89112,54.18952,0.0],[139.88364,54.18732,110.6875],[139.87517,54.18887,181.0578],[139.81593,54.21516,0.0],[139.80104,54.2263,0.0],[139.79493,54.23884,0.0],[139.79908,54.2685,0.0],[139.80356,54.28681,0.0],[139.79705,54.29743,0.0],[139.76759,54.30394,0.0],[139.7317,54.30414,0.0],[139.70338,54.29597,0.0],[139.64479,54.26606,0.0],[139.37184,54.19587,0.0],[139.30226,54.19062,0.0],[139.16188,54.20474,0.0],[139.0901,54.22358,0.0],[138.93442,54.25308,0.0],[138.73854,54.31599,0.0],[138.71925,54.31761,0.0],[138.70037,54.3146,0.0],[138.64357,54.29719,0.0],[138.70509,54.2814,119.6163],[138.73439,54.26634,226.5223],[138.74659,54.2425,94.5315],[138.7435,54.23127,308.826],[138.7295,54.20962,46.4585],[138.72543,54.20034,224.6424],[138.72608,54.19465,135.6055],[138.7317,54.18622,107.7999],[138.73292,54.18049,150.7645],[138.73211,54.17438,207.9081],[138.72804,54.16682,0.0],[138.72543,54.15933,0.0],[138.71315,54.13736,0.0],[138.67547,54.09781,0.0],[138.66472,54.07746,0.0],[138.67579,54.07152,61.4914],[138.7671,54.10468,11.5132],[138.77215,54.05781,11.7559],[138.77182,54.01557,22.2317],[138.76059,53.97525,0.0],[138.73292,53.93403,0.0],[138.69565,53.89777,4.2295],[138.68247,53.87543,0.0],[138.68824,53.85456,0.0],[138.69858,53.83674,0.0],[138.69679,53.81867,19.7639],[138.65577,53.73176,0.0],[138.5503,53.5869,0.0],[138.52784,53.56415,66.6863],[138.50213,53.54352,15.7949],[138.47316,53.52595,9.9052],[138.43922,53.51366,5.2853],[138.40577,53.51057,0.0],[138.28443,53.52485,0.0],[138.26734,53.52253,0.508],[138.22608,53.49225,8.2459],[138.21559,53.49177,13.0858],[138.21656,53.50043,11.3927],[138.24073,53.52289,4.2971],[138.24684,53.53278,4.9533],[138.24293,53.55829,39.28],[138.2461,53.56635,76.0979],[138.25994,53.57713,19.2924],[138.27394,53.58389,70.8246],[138.34506,53.60712,57.3318],[138.34986,53.61127,76.356],[138.34596,53.61831,8.9798],[138.34254,53.63548,12.267],[138.35328,53.6601,15.7248],[138.37875,53.68415,45.989],[138.53663,53.78608,35.8264],[138.57993,53.82831,1.2067],[138.58888,53.87938,0.0],[138.56813,53.92202,40.1286],[138.56495,53.94208,55.2595],[138.58473,53.97724,46.5946],[138.58375,53.99055,97.2236],[138.57862,53.99934,0.0],[138.57211,53.99893,0.0],[138.55893,53.98957,0.0],[138.46811,53.9499,0.0],[138.39568,53.92841,0.0],[138.36638,53.90949,0.0],[138.34929,53.88898,0.0],[138.33888,53.86961,0.0],[138.29819,53.75617,0.0],[138.28419,53.73851,0.0],[138.27052,53.73041,0.0],[138.219,53.71117,0.0],[138.16822,53.68037,0.0],[138.15008,53.67276,0.0],[138.04721,53.65046,0.0],[137.91822,53.58662,0.0],[137.67807,53.55012,0.0],[137.438,53.54003,6.0546],[137.37045,53.52753,6.6878],[137.33513,53.52936,3.1724],[137.26596,53.54902,3.2549],[137.2282,53.5668,2.8229],[137.21168,53.58771,0.0],[137.21762,53.60057,2.9328],[137.23194,53.60765,2.9651],[137.24903,53.61066,1.2045],[137.26319,53.61127,0.0],[137.27768,53.6164,0.0],[137.29086,53.62824,0.0],[137.30299,53.64208,1.3782],[137.31471,53.65282,15.6553],[137.34539,53.66474,3.4988],[137.38071,53.6684,2.0469],[137.47722,53.66584,0.3202],[137.48797,53.67056,2.1815],[137.4922,53.68358,3.3804],[137.50025,53.69819,148.8493],[137.51905,53.70527,57.9019],[137.53981,53.70913,0.0],[137.55421,53.7143,0.0],[137.56398,53.72687,0.0],[137.5643,53.7364,0.0],[137.56129,53.74502,209.4987],[137.56105,53.75528,236.3447],[137.56593,53.77094,113.8227],[137.57065,53.77749,21.5047],[137.59181,53.79316,197.5583],[137.59571,53.80239,20.6436],[137.59498,53.81314,13.4884],[137.59693,53.82416,14.4418],[137.60914,53.83442,20.0526],[137.61695,53.83641,53.2975],[137.63315,53.83796,0.0],[137.63966,53.84125,0.0],[137.64283,53.84715,31.9829],[137.64357,53.85334,115.3738],[137.64503,53.85944,46.9659],[137.6504,53.86514,42.4425],[137.67897,53.87783,177.8702],[137.77394,53.89932,33.7474],[137.79916,53.91328,167.008],[137.83872,53.95014,0.0],[137.8628,53.9676,0.0],[137.81056,53.95661,297.911],[137.77133,53.94355,311.0904],[137.75392,53.94562,151.4723],[137.73666,53.95087,24.013],[137.69654,53.956,124.7583],[137.65691,53.9654,5.6576],[137.63624,53.9676,0.0],[137.62745,53.9654,0.0],[137.60922,53.956,13.7319],[137.60206,53.95384,0.0],[137.59051,53.95612,0.0],[137.57114,53.96548,0.0],[137.54623,53.97207,16.2594],[137.43816,54.03701,0.0],[137.41774,54.04389,0.0],[137.3991,54.0454,0.0],[137.34197,54.04389,0.5412],[137.32008,54.04947,0.9815],[137.31088,54.05768,1.1098],[137.30519,54.06733,1.4206],[137.29363,54.07746,44.496],[137.30274,54.08788,19.8664],[137.30421,54.09858,27.3033],[137.30397,54.10904,26.2864],[137.30787,54.11835,20.7503],[137.32008,54.12665,35.4547],[137.33692,54.13251,36.7721],[137.40512,54.14667,3.1467],[137.42237,54.14802,2.2463],[137.43686,54.1457,2.104],[137.44858,54.14175,0.0],[137.45362,54.13837,0.0],[137.45802,54.13264,0.0],[137.4607,54.12417,0.0],[137.45777,54.12116,0.0],[137.45338,54.12035,0.0],[137.45118,54.11835,0.0],[137.44947,54.10432,0.0],[137.44703,54.09504,0.0],[137.45021,54.08906,0.0],[137.46485,54.08487,0.0],[137.4839,54.08466,0.0],[137.48732,54.09162,0.0],[137.48439,54.10204,0.0],[137.48536,54.11213,0.0],[137.50424,54.13654,0.0],[137.52565,54.1564,107.0055],[137.55079,54.17292,46.0023],[137.58082,54.18732,0.0],[137.58872,54.20612,77.4329],[137.68458,54.2766,77.0604],[137.72625,54.29548,131.3372],[137.74,54.30659,29.7835],[137.73585,54.32099,0.0],[137.71168,54.33047,0.0],[137.68678,54.32075,0.0],[137.66342,54.30524,60.8899],[137.64332,54.29719,0.0],[137.54672,54.29719,0.0],[137.47755,54.31489,0.0],[137.45143,54.31761,0.0],[137.43922,54.31639,0.0],[137.41912,54.31135,0.0],[137.39479,54.30829,0.0],[137.3899,54.30353,0.0],[137.386,54.29719,17.597],[137.37672,54.29027,0.0],[137.35182,54.28319,0.0],[137.32521,54.27904,0.0],[137.30014,54.27192,0.0],[137.27996,54.25556,0.0],[137.28736,54.24872,116.1206],[137.26051,54.22744,0.0],[137.23414,54.22028,0.0],[137.2068,54.21703,0.0],[137.1775,54.20775,0.0],[137.09059,54.15428,0.0],[137.06137,54.1457,0.0],[137.13819,54.08344,95.7831],[137.14389,54.07429,53.3375],[137.15699,54.04401,22.443],[137.18816,54.0388,167.4017],[137.25375,54.05012,20.5436],[137.27166,54.05024,0.0],[137.28094,54.04853,0.0],[137.28736,54.04389,0.0],[137.29086,54.03571,0.0],[137.28834,54.03262,0.0],[137.28346,54.02985,0.0],[137.27996,54.02277,0.0],[137.26319,53.97842,57.1363],[137.24741,53.96174,0.0],[137.23365,53.94257,0.0],[137.18572,53.85106,0.0],[137.16668,53.83023,1.9583],[137.14275,53.81391,12.3809],[137.10792,53.80793,3.4929],[137.07789,53.82005,0.0],[137.04957,53.83853,162.4344],[137.01979,53.85151,0.0],[137.01254,53.85212,0.0],[136.99187,53.85151,0.0],[136.96632,53.85684,0.0],[136.95777,53.85765,0.0],[136.89869,53.84699,0.0],[136.87436,53.83657,0.0],[136.85727,53.83438,0.0],[136.84205,53.82876,0.0],[136.83546,53.81391,0.0],[136.83172,53.79906,0.0],[136.82179,53.7884,0.0],[136.80836,53.78107,0.0],[136.79379,53.77635,0.0],[136.77516,53.7731,3.9824],[136.76433,53.7753,7.6793],[136.73862,53.79003,0.0],[136.70248,53.80036,33.2893],[136.68474,53.8085,255.9254],[136.67709,53.82075,67.9548],[136.67555,53.84357,38.4855],[136.65919,53.92617,27.1346],[136.65919,53.93504,46.9985],[136.66358,53.94709,60.7717],[136.68458,53.96821,8.3009],[136.69207,53.98017,61.4449],[136.68735,53.99238,0.0],[136.68914,54.01227,77.3353],[136.72006,54.03278,0.0],[136.78028,54.06379,81.3563],[136.76881,54.08023,75.0233],[136.78354,54.10615,239.5684],[136.80535,54.13483,93.6574],[136.81446,54.15933,0.0],[136.80649,54.17377,0.0],[136.79282,54.18358,98.0169],[136.77687,54.19245,0.0],[136.76287,54.20405,0.0],[136.76344,54.2165,0.0],[136.77955,54.22818,198.241],[136.80006,54.23884,153.4316],[136.81446,54.24872,0.0],[136.80014,54.25678,95.7824],[136.76205,54.27265,0.0],[136.75229,54.28351,0.0],[136.75522,54.29743,33.2249],[136.76987,54.29971,82.1423],[136.78761,54.29719,4.4047],[136.80063,54.29719,44.8926],[136.82065,54.31611,0.0],[136.80307,54.33267,0.0],[136.77231,54.34854,0.0],[136.75229,54.36542,17.5577],[136.76002,54.38109,0.0],[136.75408,54.39167,115.3173],[136.74366,54.40119,67.1702],[136.73862,54.4138,12.401],[136.74488,54.42894,54.9028],[136.75864,54.43696,56.5568],[136.7754,54.43749,46.6504],[136.80665,54.42402,161.1629],[136.82691,54.42512,0.0],[136.84083,54.43232,0.0],[136.83863,54.44424,0.0],[136.82651,54.45816,0.0],[136.81804,54.47346,106.9075],[136.82057,54.48526,156.9917],[136.84164,54.48827,6.1122],[136.81088,54.508,0.0],[136.80747,54.51626,60.9883],[136.81471,54.52448,0.0],[136.83815,54.534,0.0],[136.83863,54.55158,139.4436],[136.87224,54.57807,0.0],[136.88331,54.59138,0.0],[136.86256,54.59614,0.0],[136.84441,54.60407,0.0],[136.82846,54.61433,0.0],[136.81446,54.62613,5.311],[136.82667,54.63935,0.0],[136.8235,54.64753,0.0],[136.81072,54.6516,0.0],[136.79379,54.65278,0.0],[136.77556,54.65082,0.0],[136.76124,54.64492,0.0],[136.7483,54.63544,0.0],[136.7352,54.62271,0.0],[136.72023,54.61445,0.0],[136.70086,54.61188,0.0],[136.68141,54.61469,0.0],[136.667,54.62271,0.0],[136.65895,54.63744,0.0],[136.66481,54.64777,0.0],[136.67449,54.65835,0.0],[136.67709,54.6739,0.0],[136.66245,54.68525,0.0],[136.63844,54.66812,0.0],[136.5984,54.62271,0.0],[136.56723,54.60273,0.0],[136.53492,54.59553,0.614],[136.32057,54.6118,0.0],[136.29119,54.60712,0.0],[136.27654,54.60749,0.0],[136.26254,54.61555,0.0],[136.24928,54.62043,0.0],[136.20672,54.62067,0.0],[136.12924,54.61225,0.0],[135.97999,54.5808,0.0],[135.88071,54.58515,0.0],[135.75017,54.57095,0.0],[135.72511,54.5777,0.0],[135.71192,54.58625,0.0],[135.69858,54.59903,0.0],[135.68824,54.61416,81.7284],[135.68019,54.6496,76.6818],[135.66969,54.66087,0.0],[135.65414,54.66596,0.0],[135.34083,54.71483,3.8753],[135.29249,54.71564,1.3642],[135.26857,54.71109,4.4841],[135.24415,54.70124,10.8172],[135.2378,54.70799,8.1865],[135.24977,54.71772,2.9779],[135.25538,54.72069,4.0778],[135.26515,54.72167,3.9854],[135.17335,54.82128,14.7151],[135.18372,54.85916,0.0],[135.20395,54.86929,34.8504],[135.21957,54.89412,40.1004],[135.26514,54.92845,0.0],[135.33922,54.98071,0.0],[135.39144,55.00447,6.4607],[135.45542,55.02883,0.0],[135.46906,55.05666,0.0],[135.53426,55.08656,7.5029],[135.59236,55.10141,0.0],[135.67047,55.12131,1.8102],[135.70635,55.11541,0.0],[135.75544,55.13948,84.779],[135.81085,55.17136,0.0],[135.84207,55.17264,0.0],[135.86894,55.17389,3.1456],[135.91411,55.19675,0.0],[135.91743,55.20591,0.0],[135.93041,55.21334,0.0],[135.95408,55.22999,3.4559],[135.98108,55.24481,34.2073],[136.01882,55.25653,221.4427],[136.05436,55.26884,0.0],[136.08788,55.28548,0.0],[136.11833,55.29971,506.3253],[136.12664,55.30825,428.677],[136.14259,55.31444,273.7862],[136.16163,55.31828,123.607],[136.17535,55.32942,0.0],[136.17806,55.34312,0.0],[136.19046,55.34326,0.0],[136.21978,55.35459,0.0],[136.23618,55.37384,0.0],[136.26871,55.41494,0.0],[136.30767,55.42462,0.0],[136.31202,55.45954,0.0],[136.31902,55.48656,293.5217],[136.35061,55.50994,0.0],[136.37949,55.53291,0.0],[136.41791,55.55604,0.0],[136.43016,55.56525,0.0],[136.46285,55.57929,0.0],[136.48805,55.58331,0.0],[136.52948,55.5804,0.0],[136.54633,55.59325,0.0],[136.55219,55.60323,23.0753],[136.55479,55.61494,0.0],[136.56551,55.6232,52.8174],[136.57981,55.62343,69.0361],[136.60234,55.61751,72.0227],[136.62307,55.61604,0.0],[136.67096,55.6464,78.9472],[136.71492,55.65873,0.0],[136.74781,55.6577,282.4742],[136.77329,55.66055,36.6682],[136.80063,55.68187,0.0],[136.82488,55.71369,0.0],[136.83546,55.72285,6.3497],[136.85133,55.7309,0.0],[136.88783,55.74494,0.0],[136.90992,55.77127,0.0],[136.95623,55.78779,9.8759],[136.97943,55.79226,0.0],[137.00558,55.79494,0.0],[137.03003,55.78755,101.4153],[137.0498,55.79312,167.2018],[137.05691,55.79971,0.0],[137.0467,55.81909,196.3129],[137.11489,55.86328,12.5282],[137.15568,55.88755,0.0],[137.18293,55.89363,28.4325],[137.20333,55.89964,0.0],[137.23753,55.91561,0.0],[137.25431,55.93277,252.0133],[137.29563,55.96132,0.0],[137.33108,55.9689,102.9754],[137.35495,55.96026,42.1058],[137.36791,55.95203,39.0958],[137.39083,55.94561,111.3006],[137.39751,55.9551,0.0],[137.40021,55.96565,0.0],[137.40705,55.96904,0.0],[137.41682,55.97301,67.4039],[137.41348,55.98737,1.3714],[137.41684,56.00451,0.0],[137.42599,56.03115,0.0],[137.44366,56.04851,265.5522],[137.45941,56.0503,8.0051],[137.47202,56.05435,0.0],[137.48878,56.05805,0.0],[137.50025,56.06281,0.0],[137.57195,56.11652,33.0322],[137.61797,56.11841,0.0],[137.69803,56.1262,0.0],[137.7236,56.13632,3.5126],[137.72038,56.14734,0.0],[137.7231,56.15895,0.397],[137.73585,56.16791,0.0],[137.75414,56.17678,0.0],[137.76164,56.19428,183.8925],[137.77629,56.21127,0.0],[137.79167,56.22103,0.0],[137.83443,56.22548,0.0],[137.85377,56.26878,0.0],[137.87066,56.29281,0.0],[137.88935,56.32469,11.1479],[137.90154,56.34282,0.0],[137.91407,56.35953,24.4107],[137.93675,56.3662,138.31],[137.97744,56.37241,0.0],[138.02302,56.38171,0.0],[138.05368,56.38785,0.0],[138.05502,56.40449,60.4373],[138.05885,56.4145,2.6656],[138.06023,56.42617,0.0],[138.06943,56.43775,0.0],[138.1049,56.44092,0.0],[138.14862,56.44106,32.4949],[138.16308,56.45114,0.0],[138.19156,56.42911,86.7611],[138.22348,56.42416,0.0],[138.2285,56.44367,43.9038],[138.24944,56.45535,0.0],[138.25777,56.46605,0.0],[138.24588,56.46954,27.3478],[138.23403,56.47052,0.0],[138.2085,56.46893,10.4689],[138.1747,56.47176,31.4001],[138.16006,56.47877,0.0],[138.14535,56.49288,0.0],[138.12513,56.50693,101.1738],[138.11484,56.5281,0.0],[138.12078,56.54084,0.0],[138.11785,56.55532,0.0],[138.12086,56.56957,0.0],[138.12965,56.58564,0.0],[138.14845,56.60358,0.0],[138.18561,56.60882,190.5924],[138.21633,56.60961,106.2313],[138.23099,56.62449,0.0],[138.25311,56.62389,99.8011],[138.26051,56.61582,0.0],[138.26783,56.62663,0.0],[138.25918,56.64278,0.0],[138.26187,56.65431,0.0],[138.27963,56.66657,0.0],[138.28785,56.67499,0.0],[138.29021,56.69213,0.0],[138.3281,56.71171,0.0],[138.35245,56.71576,141.0621],[138.37562,56.72048,53.4279],[138.39601,56.73127,0.0],[138.40398,56.74018,0.0],[138.4061,56.74946,0.0],[138.41139,56.75971,0.0],[138.41822,56.76789,0.0],[138.43328,56.77448,0.0],[138.43873,56.78254,0.0],[138.44321,56.79247,0.0],[138.46661,56.81661,2.3537],[138.45445,56.83934,0.0],[138.48491,56.84954,12.271],[138.51776,56.84932,5.8642],[138.54983,56.85952,25.3194],[138.54604,56.81896,0.0],[138.54336,56.79386,0.0],[138.56361,56.77751,2.7046],[138.58174,56.78451,0.0],[138.5711,56.81107,12.7611],[138.56152,56.82655,0.0],[138.57757,56.88114,1.4276],[138.58596,56.92168,4.2507],[138.60563,56.94522,0.0],[138.62306,56.9593,0.0],[138.66162,56.97794,0.0],[138.69716,56.98407,128.6098],[138.71807,56.98003,0.0],[138.76017,57.00483,0.0],[138.78731,57.00616,46.7872],[138.796,57.01353,6.8087],[138.78885,57.02344,0.0],[138.80606,57.03161,0.9188],[138.82333,57.02142,19.0582],[138.85914,57.01316,0.0],[138.88511,57.01911,0.0],[138.90247,57.03121,153.6384],[138.92248,57.05812,0.0],[138.93155,57.09565,0.0],[138.92158,57.10756,0.0],[138.93024,57.11757,113.303],[138.93296,57.13502,0.0],[138.96004,57.14495,0.0],[138.9899,57.15426,0.0],[139.00469,57.14882,0.0],[139.02562,57.14,132.1306],[139.02943,57.14604,113.1712],[139.03717,57.16685,0.0],[139.06873,57.20702,8.9714],[139.11381,57.23439,0.0],[139.16228,57.25625,0.0],[139.19654,57.27265,177.9828],[139.26849,57.27716,0.0],[139.30086,57.27901,100.9815],[139.31707,57.27761,0.0],[139.34246,57.29133,0.0],[139.38002,57.30816,10.6132],[139.40497,57.30603,1.8016],[139.41846,57.29719,0.0],[139.44679,57.32075,55.7259],[139.47285,57.33442,43.6109],[139.49789,57.33954,63.158],[139.5222,57.35964,6.1607],[139.54162,57.38106,2.4869],[139.56307,57.43006,82.223],[139.62057,57.46734,164.7276],[139.67368,57.48139,65.844],[139.71209,57.49177,8.9692],[139.78968,57.48273,0.0],[139.8143,57.50736,0.0],[139.87744,57.59411,0.0],[139.93487,57.6533,0.0],[139.98154,57.68774,0.0],[140.00465,57.69623,0.0],[140.03484,57.71308,0.0],[140.05274,57.72045,0.0],[140.07154,57.72557,0.0],[140.11608,57.73998,0.0],[140.16715,57.74816,19.0487],[140.20758,57.74766,0.0],[140.22332,57.76024,8.2328],[140.261,57.76431,0.0],[140.28028,57.7626,0.0],[140.30245,57.74779,93.7758],[140.31147,57.75104,9.5763],[140.34578,57.78684,0.0],[140.40004,57.80033,0.0],[140.42839,57.82065,0.0],[140.45857,57.83179,0.0],[140.49573,57.84477,0.0],[140.49949,57.86758,0.0],[140.51051,57.90913,0.0],[140.51873,57.93252,0.0],[140.62281,58.11127,6.5509],[140.66676,58.19111,2.6702],[140.69988,58.23383,7.91],[140.74,58.27131,2.1422],[140.90431,58.38276,41.9115],[140.91896,58.38813,34.8309],[140.93751,58.3913,0.0],[140.95493,58.39907,0.0],[140.98732,58.41852,1.9255],[141.10542,58.45922,13.8697],[141.13635,58.46444,0.0],[141.18563,58.45636,0.0],[141.24851,58.47689,0.0],[141.39243,58.54328,40.3701],[141.58373,58.61775,0.0],[141.67311,58.68293,128.5206],[141.78191,58.76472,0.0],[141.94679,58.94302,3.8422],[142.01531,58.99726,2.5],[142.05584,59.02171,4.7419],[142.08399,59.03238,0.7228],[142.1443,59.05687,0.0],[142.26238,59.12458,7.1425],[142.5818,59.2261,0.0],[142.89226,59.30207,6.9953],[143.15968,59.35391,0.2144],[143.14576,59.36005,1.5776],[143.13917,59.36131,1.6104],[143.16481,59.38101,3.2044],[143.20436,59.38373,0.9802],[143.22795,59.36227,4.6175],[143.31087,59.36074,1.8062],[143.35945,59.34037,5.4991],[143.40798,59.32432,0.0],[143.49362,59.31852,0.0],[143.58228,59.33886,0.0],[143.84051,59.40248,11.924],[143.90391,59.42271,0.5],[143.93801,59.40508,7.4052],[144.13004,59.39986,0.5],[144.2811,59.38764,0.0],[144.29737,59.38862,0.0],[144.35727,59.40082,119.8513],[144.37965,59.40229,132.3461],[144.41969,59.39785,12.5857],[144.44117,59.39134,14.579],[144.44825,59.38117,8.5133],[144.42384,59.38239,4.8975],[144.40162,59.38239,8.8609],[144.36573,59.38117,1.8841],[144.45484,59.37495,3.7662],[144.69459,59.37495,0.0],[144.65154,59.3793,0.0],[144.62973,59.38394,7.2366],[144.61329,59.39545,6.9877],[144.80445,59.39545,8.5158],[144.79786000000001,59.38638,2.081],[144.78761,59.38491,2.4199],[144.77638,59.38369,0.7418],[144.76295,59.38117,0.0],[145.00076,59.36958,3.985],[145.13493,59.39005,0.0],[145.22872,59.40798,0.0],[145.30388,59.40876,0.0],[145.31414,59.40078,0.0],[145.32455,59.39545,0.0],[145.35369,59.39273,163.4785],[145.44874,59.40851,60.5626],[145.54135,59.41323,0.0],[145.5923,59.42308,319.4137],[145.62257,59.4208,303.975],[145.65162,59.42194,116.2611],[145.67465,59.43643,7.9404],[145.6753,59.42349,64.5362],[145.69264,59.41169,0.0],[145.73609,59.39545,10.2282],[145.7691,59.37491,0.0],[145.8089,59.36683,0.0],[145.81401,59.39757,303.2637],[145.81813,59.41596,37.1431],[145.84742,59.40835,76.9927],[145.88943,59.40197,0.0],[145.95701,59.41672,15.5295],[145.9758,59.39875,91.6893],[145.95402,59.37867,0.0],[145.9465,59.35532,10.7038],[145.91095,59.34282,0.0],[145.88663,59.32568,0.0],[145.86521,59.30848,0.0],[145.84391,59.29274,0.0],[145.834,59.27531,0.0],[145.8242,59.25934,0.0],[145.82496,59.24128,0.0],[145.8423,59.2331,0.0],[145.85768,59.22785,0.0],[145.91529,59.22114,131.5864],[145.93214,59.2132,68.3428],[145.96339,59.1894,0.0],[145.98991,59.17242,25.2483],[145.9748,59.16244,0.0],[145.9762,59.14332,0.0],[146.05029,59.13887,0.0],[146.09913,59.17438,72.1365],[146.13579,59.16939,7.5974],[146.15773,59.19242,0.0],[146.20462,59.20462,0.0],[146.24121,59.19648,0.0],[146.28117,59.19411,0.0],[146.32296,59.17995,0.0],[146.33956,59.20601,38.0327],[146.36311,59.21281,0.0],[146.3423,59.23143,0.0],[146.31902,59.23786,0.0],[146.33107,59.24722,0.0],[146.33326,59.25934,0.0],[146.32667,59.27098,0.0],[146.31219,59.27875,0.0],[146.32374,59.29877,0.0],[146.32496,59.3194,134.3447],[146.31902,59.36473,0.0],[146.31914,59.40169,0.0],[146.35896,59.42994,4.4387],[146.43964,59.46041,0.0],[146.50392,59.46312,0.0],[146.52508,59.46198,0.0],[146.56373,59.45238,0.0],[146.61891,59.44575,0.0],[146.63722,59.44042,19.6358],[146.69348,59.42362,33.2241],[146.68922,59.41226,0.0],[146.69483,59.40681,20.6633],[146.69728,59.39435,156.7147],[146.70265,59.38862,0.0],[146.71957,59.3819,0.0],[146.86052,59.36131,12.6167],[146.88657,59.36473,0.0],[146.88659,59.36473,0.0],[146.89773,59.38211,615.915],[146.91292,59.39214,658.1058],[146.92398,59.39648,784.4005],[146.94383,59.40108,980.4115],[146.95458,59.4018,797.6653],[147.00284,59.40072,379.4935],[147.07529,59.41095,199.4247],[147.09286,59.41756,180.8406],[147.10185,59.42387,172.3724],[147.09669,59.43958,223.8321],[147.09545,59.44505,190.9102],[147.09483,59.45653,125.1398],[147.09565,59.46247,124.3404],[147.09751,59.46836,118.3266],[147.10123,59.47368,114.1227],[147.10588,59.47875,112.4487],[147.12294,59.49391,94.9358],[147.12821,59.50179,88.9502],[147.13017,59.50841,85.1394],[147.12924,59.5142,81.08],[147.12697,59.51926,80.0205],[147.12077,59.52892,75.4585],[147.11901,59.53422,73.5688],[147.11922,59.54009,71.0285],[147.12025,59.54624,65.8124],[147.12273,59.55264,60.5681],[147.13265,59.57099,51.4026],[147.13534,59.57745,51.0885],[147.13689,59.5837,51.4786],[147.13658,59.58949,50.071],[147.13441,59.59466,49.3068],[147.13162,59.59982,47.0477],[147.13203,59.60701,45.3115],[147.13813,59.6176,44.0563],[147.15456,59.63254,48.6586],[147.1588,59.64122,47.1014],[147.15859,59.6475,41.3381],[147.15332,59.6516,79.7309],[147.09669,59.68029,80.4053],[147.091,59.68483,93.2151],[147.08707,59.69109,66.0871],[147.08955,59.69592,72.7145],[147.09503,59.70013,81.552],[147.10836,59.70742,54.1427],[147.12573,59.72106,64.5492],[147.13937,59.73537,98.002],[147.14547,59.74473,90.3174],[147.14805,59.75248,105.2018],[147.14857,59.75842,131.1922],[147.14702,59.76979,294.2404],[147.14495,59.77485,327.2264],[147.14206,59.77979,390.0701],[147.13224,59.78824,346.4904],[147.12046,59.79594,412.9243],[147.11312,59.79924,338.468],[147.10712,59.80291,344.3197],[147.10309,59.80663,302.637],[147.10506,59.81105,290.6128],[147.10991,59.81521,391.5624],[147.12521,59.82565,371.7751],[147.13534,59.8348,420.5695],[147.13968,59.84219,567.866],[147.14092,59.8486,491.9238],[147.13751,59.8533,348.2508],[147.12614,59.8611,356.8181],[147.12294,59.86648,468.8841],[147.12087,59.87265,642.6776],[147.11746,59.88017,678.818],[147.11126,59.88492,554.556],[147.10289,59.88849,527.7453],[147.04987,59.89981,735.1867],[147.04305,59.90329,771.5541],[147.03964,59.90968,685.3726],[147.0354,59.9313,541.5783],[147.02951,59.9382,562.1139],[147.02113,59.94296,637.9021],[147.00387,59.94735,676.3664],[146.99788,59.94797,630.8097],[146.9893,59.94781,693.0303],[146.87282,59.93267,626.0485],[146.8042,59.90482,981.2981],[146.79583,59.90236,828.578],[146.78683,59.90105,836.4477],[146.77609,59.90642,594.3249],[146.76492,59.91686,692.176],[146.75056,59.94254,608.9495],[146.74022,59.95402,565.3597],[146.73051,59.96151,740.8167],[146.65713,59.98223,311.0628],[146.64979,59.98562,432.4745],[146.64514,59.98957,446.3015],[146.64472,59.99417,551.5981],[146.6472,59.99773,516.2009],[146.64906,59.99954,488.0623],[146.66736,60.01122,498.5046],[146.67263,60.01587,371.4211],[146.67666,60.02145,427.6052],[146.67914,60.02765,394.4267],[146.68317,60.04724,361.2578],[146.68348,60.05427,382.5105],[146.68007,60.09548,757.4868],[146.67604,60.10204,558.9536],[146.67025,60.10713,570.7565],[146.64069,60.12054,451.5683],[146.62343,60.12646,528.3237],[146.604,60.13067,508.0973],[146.59336,60.13096,567.2658],[146.58292,60.13023,462.4677],[146.57403,60.12811,542.1211],[146.56039,60.12088,769.9977],[146.55419,60.11685,826.7971],[146.54706,60.11339,883.3843],[146.53837,60.11189,952.8626],[146.52804,60.11333,840.7722],[146.51925,60.11907,636.6998],[146.5146,60.12527,804.6334],[146.51109,60.13313,691.8983],[146.50551,60.13731,660.3496],[146.49724,60.13809,668.1155],[146.48907,60.13633,595.3253],[146.47243,60.13096,455.67],[146.46386,60.12972,466.2796],[146.45393,60.13178,378.1095],[146.45145,60.13654,374.7757],[146.45207,60.14243,366.6554],[146.45548,60.14847,405.312],[146.45941,60.15413,442.4287],[146.46262,60.16129,410.093],[146.46437,60.16935,384.4499],[146.46355,60.18041,396.6256],[146.46014,60.18723,414.2539],[146.45486,60.19245,465.9949],[146.4189,60.21085,578.8543],[146.40184,60.2247,715.6663],[146.39719,60.23105,686.1841],[146.3882,60.25994,687.0657],[146.38231,60.26671,738.1848],[146.37425,60.27121,790.1662],[146.3634,60.27229,711.098],[146.35213,60.27245,701.0016],[146.3419,60.27131,740.9121],[146.2896,60.25741,811.5319],[146.27927,60.25653,656.3067],[146.231,60.25839,558.2941],[146.22118,60.25694,618.0946],[146.17312,60.2401,694.6152],[146.10016,60.22413,730.9952],[145.86338,60.22227,569.5324],[145.85376,60.22056,555.5648],[145.84612,60.21746,588.8287],[145.83433,60.20894,768.4241],[145.82906,60.20434,789.2944],[145.82307,60.2002,982.7052],[145.81594,60.19689,734.3834],[145.8055,60.19617,704.2266],[145.79299,60.19816,657.7438],[145.76674,60.21108,695.5167],[145.75878,60.21591,692.6148],[145.7438,60.22263,887.7674],[145.72623,60.22831,770.994],[145.71145,60.23508,743.3779],[145.61368,60.29185,743.9011],[145.59404,60.30697,866.5899],[145.5774,60.32541,893.567],[145.57078,60.33508,1103.8333],[145.56872,60.34004,936.8253],[145.5683,60.34495,863.705],[145.57213,60.34924,760.8558],[145.57916,60.35239,642.4651],[145.61864,60.35843,914.2707],[145.62804,60.36076,747.6999],[145.63497,60.36435,886.7343],[145.6392,60.36918,711.3588],[145.63962,60.37559,806.6291],[145.63672,60.38246,818.8836],[145.6299,60.39161,687.7512],[145.62143,60.39673,632.9276],[145.61089,60.39993,573.2028],[145.55818,60.4052,610.1916],[145.54526,60.40872,534.0991],[145.53027,60.41492,579.0701],[145.52448,60.42096,673.8943],[145.52231,60.42727,697.6324],[145.5219,60.43306,689.9443],[145.52014,60.44076,616.2919],[145.51725,60.44964,712.1091],[145.51001,60.4637,622.1985],[145.51032,60.47207,583.4579],[145.51425,60.47812,642.0532],[145.54433,60.49899,717.9726],[145.55115,60.50266,677.7685],[145.56737,60.50835,693.2619],[145.60344,60.51682,689.1982],[145.60985,60.52072,785.7224],[145.61347,60.52581,700.9449],[145.61461,60.53186,792.3704],[145.61368,60.54618,738.7913],[145.61543,60.55253,758.9949],[145.62019,60.55734,730.4365],[145.62877,60.55979,507.1129],[145.64799,60.56318,523.2166],[145.66525,60.56798,691.753],[145.70959,60.58762,926.8373],[145.73532,60.60333,961.4619],[145.74318,60.60643,923.6224],[145.75248,60.60839,1053.3206],[145.76333,60.60901,967.1289],[145.77491,60.60855,1072.5236],[145.78565,60.60674,986.0364],[145.80571,60.5993,832.3188],[145.81449,60.59855,1038.9963],[145.82297,60.60018,967.6937],[145.83092,60.60271,944.6893],[145.84612,60.60896,897.7339],[145.87485,60.61439,1065.1302],[145.88229,60.61922,966.7178],[145.88663,60.62757,838.1519],[145.88436,60.64539,1053.7045],[145.88818,60.65402,914.9096],[145.89552,60.65899,1127.6827],[145.92807,60.66172,1093.2023],[146.03143,60.69965,777.8315],[146.03794,60.70353,773.5167],[146.04321,60.70818,856.2335],[146.04662,60.71428,811.4683],[146.05158,60.72735,816.3192],[146.05448,60.73309,657.6923],[146.05985,60.73727,610.2307],[146.06894,60.73883,615.8974],[146.11804,60.73562,809.1523],[146.13995,60.7364,778.3968],[146.14987,60.73557,725.1876],[146.15866,60.7333,908.1291],[146.1661,60.72999,816.0326],[146.17188,60.72601,826.8782],[146.17592,60.72151,934.6323],[146.18191,60.7117,978.186],[146.18553,60.70702,858.2554],[146.19131,60.70296,902.9236],[146.19948,60.69991,1034.5586],[146.2094,60.69743,1003.0865],[146.24609,60.69221,856.2614],[146.2555,60.68947,806.9761],[146.26325,60.68617,787.1604],[146.30118,60.6641,963.8653],[146.30986,60.66074,955.6525],[146.32009,60.65868,1007.7188],[146.36598,60.65875,907.9499],[146.38675,60.66123,1136.7003],[146.39575,60.66338,1167.9393],[146.40401,60.66612,1199.6305],[146.41828,60.67309,1096.3834],[146.44308,60.68968,928.5286],[146.46437,60.70875,1395.9615],[146.46892,60.71407,1199.6797],[146.47274,60.72053,1061.6714],[146.47574,60.72756,1022.1135],[146.47636,60.73645,1186.9303],[146.47202,60.74182,1250.2576],[146.4561,60.74895,1168.1302],[146.44949,60.7526,1119.1484],[146.44773,60.758,1102.5734],[146.44794,60.76358,940.2318],[146.45011,60.76895,889.2087],[146.45507,60.77283,886.4835],[146.47233,60.77784,1045.7562],[146.48039,60.78123,1057.1177],[146.48442,60.78792,951.314],[146.48194,60.79288,942.796],[146.47057,60.80053,986.8138],[146.47016,60.80461,1017.8976],[146.47398,60.8089,1141.1371],[146.48566,60.81732,1110.8948],[146.496,60.82704,928.8282],[146.50003,60.83381,1015.9899],[146.50272,60.84161,883.5536],[146.50272,60.85277,1037.3794],[146.49838,60.85908,1136.6561],[146.49104,60.86771,981.6732],[146.48504,60.87851,1033.0216],[146.47636,60.90083,942.4598],[146.47523,60.913,1067.8583],[146.47698,60.92228,1014.9743],[146.48608,60.93292,927.485],[146.49135,60.93778,1094.2819],[146.49714,60.94222,1143.0076],[146.51016,60.95018,1198.4335],[146.5175,60.95364,984.6641],[146.52587,60.95633,933.2542],[146.53527,60.95793,1015.0134],[146.54602,60.95801,963.0463],[146.59129,60.9507,1125.4407],[146.64317,60.94734,1137.1858],[146.66684,60.94791,1132.7207],[146.67738,60.9492,1090.5159],[146.6872,60.95127,1041.2628],[146.69526,60.95437,1107.0916],[146.70115,60.95886,1092.8707],[146.70477,60.96475,1086.568],[146.70705,60.97111,1266.7769],[146.71159,60.99499,1353.9147],[146.71387000000001,61.0002,1168.4883],[146.71562,61.00082,1100.6987],[146.71903,61.0015,1043.3575],[146.72658,61.00175,1181.467],[146.73133,61.00351,1103.4601],[146.73154,61.00718,1046.6211],[146.72865,61.01137,1120.4305],[146.72338,61.01555,1200.4399],[146.71655,61.01912,1279.569],[146.71252,61.02379,1217.5808],[146.70973,61.02868,1136.2916],[146.70787,61.03395,1241.7751],[146.70539,61.03907,1322.7482],[146.70167,61.04372,1420.2278],[146.69671,61.04801,1218.7151],[146.68979,61.05157,1262.1493],[146.67325,61.05777,1233.2754],[146.66643,61.06113,1377.0691],[146.6656,61.06609,1412.026],[146.66746,61.07175,1276.761],[146.67211,61.07684,1151.7692],[146.678,61.08118,1270.7897],[146.68689,61.08366,1201.9187],[146.7272,61.0895,1196.7715],[146.74115,61.09736,1285.0935],[146.74725,61.11487,1256.0734],[146.73423,61.14965,1050.8058],[146.73309,61.16624,951.1431],[146.73464,61.17239,963.2321],[146.7457,61.19479,915.527],[146.75004,61.20846,960.2554],[146.74994,61.21642,891.5724],[146.74725,61.22288,889.3738],[146.73867,61.23192,978.4871],[146.70632,61.25657,1039.5225],[146.69991,61.26375,1019.7722],[146.69361,61.27357,1052.9283],[146.6841,61.29285,822.3734],[146.68203,61.3038,822.4108],[146.68327,61.31259,818.1335],[146.6872,61.31817,823.9545],[146.69216,61.32339,821.6964],[146.72369,61.34494,800.3336],[146.72927,61.34964,796.7998],[146.73361,61.35525,796.7125],[146.74053,61.36757,790.6793],[146.7487,61.3791,820.4437],[146.75924,61.38969,800.4563],[146.76389,61.39558,775.7623],[146.76761,61.40328,772.0494],[146.7642,61.40814,772.554],[146.75655,61.41129,780.3878],[146.67666,61.40757,807.8755],[146.66333,61.40917,849.3],[146.6503,61.41217,882.4919],[146.63708,61.41729,799.0705],[146.62509,61.42421,872.3243],[146.61475,61.43408,812.4283],[146.61289,61.44261,836.6795],[146.61599,61.44865,895.3358],[146.62106,61.4548,999.9521],[146.62571,61.46147,984.894],[146.62777,61.47209,984.5673],[146.62695,61.4793,1028.0912],[146.62498,61.48545,1138.6781],[146.62168,61.4903,1227.7174],[146.61785,61.49495,1437.1541],[146.5853,61.52115,1430.8362],[146.5794,61.52792,1627.3627],[146.57816,61.53438,1751.4396],[146.58261,61.55888,1469.9543],[146.58199,61.57293,1317.646],[146.5792,61.5826,1375.6019],[146.56907,61.60348,1254.0342],[146.56897,61.61035,1203.144],[146.5731,61.6166,1243.2301],[146.57982,61.6212,1181.0646],[146.58437,61.62968,1327.9884],[146.58344,61.63551,1340.5183],[146.57971,61.64076,1459.7603],[146.57372,61.64476,1247.6643],[146.55884,61.65166,1490.109],[146.53992,61.65665,1531.9797],[146.51636,61.65898,1319.224],[146.50489,61.66161,1286.9153],[146.45455,61.69737,1320.0767],[146.44546,61.70564,1368.3125],[146.44236,61.71249,1361.1936],[146.44422,61.72683,1519.8621],[146.44174,61.73241,1551.9589],[146.43719,61.73706,1629.9199],[146.4191,61.74889,1303.5349],[146.41146,61.75233,1402.3997],[146.382,61.76099,1083.0458],[146.37342,61.76507,1076.8822],[146.36474,61.77096,1373.1987],[146.36061,61.77646,1510.9138],[146.35823,61.78212,1512.0844],[146.35885,61.78817,1302.0085],[146.36278,61.80176,1444.1471],[146.36309,61.80956,1563.6938],[146.36071,61.82015,1386.2125],[146.35544,61.82651,1409.7169],[146.34841,61.83132,1493.6484],[146.29973,61.85579,1507.6646],[146.29208,61.85824,1405.8894],[146.27059,61.86111,1364.819],[146.26108,61.86382,1502.1948],[146.25663,61.86821,1414.1219],[146.25229,61.87498,1405.0492],[146.2464,61.88056,1360.3812],[146.23658,61.88599,1315.0616],[146.23142,61.89343,1269.911],[146.21891,61.90294,1336.9917],[146.21209,61.90656,1332.1948],[146.20403,61.90971,1362.2406],[146.19411,61.91178,1409.8334],[146.18346,61.9124,1336.1499],[146.16331,61.9109,1393.3015],[146.15452,61.91198,1366.4587],[146.15059,61.91643,1413.7341],[146.14739,61.92971,1206.6998],[146.13468,61.93911,1300.9203],[146.0952,61.95103,1715.71],[146.06894,61.95131,1441.9374],[146.03794,61.94836,1447.068],[146.02791,61.95048,1640.6281],[146.02016,61.95369,1509.981],[146.01003,61.96221,1541.5804],[146.00228,61.9711,1555.6779],[146.00053,61.9757,1683.1573],[145.9996,61.97896,1563.6721],[145.9968,61.98423,1405.7391],[145.98471,61.99244,1333.8359],[145.95877,62.00526,1739.2216],[145.89128,62.02536,1491.2174],[145.87423,62.02753,1547.7971],[145.86482,62.02619,1612.0525],[145.83371,62.01487,1749.196],[145.81408,62.00976,1517.6595],[145.80074,62.00919,1382.3446],[145.79155,62.01131,1371.4877],[145.78483,62.01492,1495.1798],[145.77945,62.01906,1460.3455],[145.76219,62.0372,1275.1205],[145.75041,62.05252,1380.9335],[145.74318,62.05823,1167.9049],[145.73284,62.05996,1129.8416],[145.72158,62.06019,1253.5038],[145.6792,62.05461,1466.6781],[145.67031,62.05203,1489.7054],[145.66339,62.04825,1385.0786],[145.65853,62.04319,1366.2684],[145.65543,62.03714,1285.4664],[145.64892,62.01761,1370.9163],[145.64551,62.01136,1451.3362],[145.64055,62.0066,1342.2594],[145.6361,62.00299,1245.4331],[145.63125,62.00045,1204.6553],[145.61802,61.99534,1062.9519],[145.60034,61.99079,1152.4208],[145.54918,61.98278,1161.4879],[145.53337,61.97653,1039.531],[145.51363,61.96413,1101.5637],[145.50329,61.96004,1174.8123],[145.48417,61.95627,1129.1921],[145.46836,61.9557,1188.9026],[145.45327,61.95653,1231.6675],[145.4418,61.9588,1137.2695],[145.43343,61.96221,1191.8379],[145.42971,61.96689,1163.5209],[145.41575,61.97348,1228.5088],[145.39167,61.98051,1312.3052],[145.29359,61.99167,1135.0608],[145.27168,61.99151,1184.8772],[145.263,61.98893,1209.1256],[145.23344,61.97498,1261.3802],[145.22269,61.9711,1274.0564],[145.20853,61.96797,1262.8767],[145.18373,61.965,1217.541],[145.1676,61.96542,1204.6995],[145.15582,61.96759,1194.0586],[145.11004,61.98808,1210.344],[145.03263,62.0096,1230.8722],[145.02487,62.01301,1401.1072],[145.01847,62.01689,1437.3101],[144.98291,62.04691,1305.2218],[144.96762,62.05678,1501.7015],[144.94519,62.06334,1414.0768],[144.86995,62.06913,1339.738],[144.84731,62.06784,1333.0979],[144.83181,62.06536,1330.9188],[144.79739,62.0543,1719.5979],[144.7451,62.04688,1709.3962],[144.71451,62.04376,1734.8446],[144.70655,62.04143,1607.866],[144.69807,62.0372,1667.7195],[144.68009,62.01578,1541.8582],[144.66469,62.00324,1618.1885],[144.66014,62.00045,1647.4337],[144.65797,61.99942,1704.1908],[144.63027,61.99012,1816.6194],[144.59968,61.985,1648.9971],[144.59131,61.98211,1640.147],[144.58552,61.97751,1634.0631],[144.56816,61.94774,1632.0629],[144.55524,61.93183,1395.2673],[144.55245,61.92661,1360.7231],[144.55297,61.92134,1451.9164],[144.55607,61.91653,1482.4465],[144.56072,61.91209,1393.4186],[144.57157,61.90403,1521.3024],[144.57457,61.9003,1522.1329],[144.56971,61.897,1454.6145],[144.53994,61.89364,1338.8015],[144.53157,61.88992,1356.8115],[144.52919,61.88516,1396.5983],[144.53322,61.88067,1438.2408],[144.54439,61.87261,1486.6929],[144.54893,61.86847,1517.4448],[144.55017,61.86398,1430.6229],[144.54645,61.85974,1468.7966],[144.54025,61.85591,1550.1912],[144.48093,61.83586,1718.1813],[144.46946,61.834,1638.515],[144.4308,61.83387,1508.2939],[144.40445,61.83062,1409.7048],[144.37902,61.82232,1343.9039],[144.37323,61.81785,1390.2517],[144.36951,61.81189,1363.4312],[144.36362,61.79943,1597.1624],[144.35959,61.7938,1716.9143],[144.35391,61.78941,1577.6174],[144.34471,61.78703,1677.7953],[144.29954,61.78315,1694.5646],[144.27939,61.77956,1562.0579],[144.27102,61.77664,1529.5204],[144.26389,61.77305,1504.0312],[144.25086,61.76486,1597.1925],[144.24497,61.76011,1657.7426],[144.24094,61.75442,1653.7379],[144.23536,61.74171,1776.4401],[144.23143,61.73603,1813.7748],[144.22244,61.73318,1846.7004],[144.20911,61.73336,1622.2007],[144.16332,61.74316,1843.844],[144.14017,61.74357,1493.2786],[144.12994,61.74034,1630.7599],[144.12281,61.73613,1644.7227],[144.11527,61.73313,1763.9795],[144.05098,61.73336,1872.1499],[144.00199,61.72652,1568.7823],[143.99434,61.72724,1445.9751],[143.98318,61.72962,1622.5886],[143.95869,61.74016,1947.2543],[143.94504,61.74863,2031.36],[143.9344,61.75685,1915.6207],[143.93006,61.76145,1877.5825],[143.92696,61.76626,1688.2814],[143.92716,61.77168,1774.8036],[143.93192,61.78248,1885.0789],[143.9315,61.7877,1868.5165],[143.92882,61.79261,1703.7703],[143.91538,61.8062,1663.134],[143.91207,61.81111,1505.087],[143.90959,61.81633,1401.4087],[143.90866,61.82186,1575.4414],[143.90959,61.82765,1792.8126],[143.9129,61.83307,1684.6488],[143.95135,61.87323,1508.6185],[143.95404,61.87824,1442.2433],[143.95248,61.88299,1368.6019],[143.94721,61.88702,1324.6497],[143.94081,61.8908,1302.6193],[143.93585,61.89478,1365.0577],[143.93409,61.89927,1389.489],[143.93719,61.90377,1400.8568],[143.94659,61.91325,1593.61],[143.94918,61.91875,1502.4059],[143.94907,61.92418,1488.9331],[143.94763,61.92966,1402.8745],[143.9469,61.93532,1360.2261],[143.94794,61.94095,1468.8917],[143.95404,61.95146,1454.606],[143.95414,61.95681,1585.4659],[143.94225,61.97095,1481.028],[143.93223,61.98573,1443.3683],[143.92716,61.98914,1475.3269],[143.9191,61.98996,1538.9857],[143.89926,61.98356,1539.4362],[143.84975,61.95694,1532.3962],[143.84169,61.95405,1721.5111],[143.83022,61.95296,1813.9961],[143.78226,61.95591,1526.3551],[143.77027,61.95482,1582.7843],[143.76221,61.95188,1532.9346],[143.75704,61.94754,1739.0494],[143.7557,61.94219,1554.026],[143.75611,61.93656,1686.0359],[143.75787,61.931,1583.5817],[143.7586,61.91906,1671.5155],[143.75673,61.91286,1648.7094],[143.75363,61.90697,1638.1481],[143.74733,61.90294,1720.3414],[143.73875,61.900149999999996,1606.8104],[143.7188,61.89656,1696.0509],[143.71291,61.89219,1805.2762],[143.70351,61.88178,1667.4899],[143.69793,61.87726,1566.9386],[143.691,61.87369,1685.6221],[143.68242,61.87095,1675.3253],[143.67209,61.86935,1687.2421],[143.66041,61.86873,1758.1565],[143.64687,61.86994,1688.2307],[143.63385,61.87297,1696.704],[143.62021,61.87979,1634.9738],[143.6139,61.88573,1679.5004],[143.61059,61.89188,1659.8989],[143.60997,61.89777,1628.8702],[143.60873,61.90343,1628.9542],[143.60687,61.90878,1515.6361],[143.60346,61.91369,1428.5587],[143.59819,61.9179,1442.7635],[143.59199,61.92175,1399.2307],[143.58465,61.92526,1324.5248],[143.56729,61.93126,1338.8098],[143.56191,61.93508,1379.6722],[143.56078,61.93966,1402.071],[143.56471,61.94413,1523.545],[143.57091,61.94792,1480.6184],[143.6108,61.96335,1805.1588],[143.61648,61.96717,1685.6703],[143.61917,61.97167,1772.5054],[143.61638,61.97591,1820.7482],[143.59891,61.98761,1638.5856],[143.59612,61.99164,1697.5204],[143.59798,61.99523,1648.262],[143.60408,61.99766,1760.6307],[143.61855,62.00061,1733.3851],[143.62041,62.00138,1694.5881],[143.6232,62.0033,1779.1542],[143.62455,62.00691,1869.0807],[143.623,62.01146,1721.7167],[143.6199,62.01621,1638.351],[143.60935,62.02469,1654.7441],[143.60253,62.02836,1816.551],[143.59199,62.0311,1686.0785],[143.57783,62.03249,1595.2942],[143.54104,62.03012,1716.7438],[143.5184,62.02652,1892.2046],[143.50693,62.02609,1704.5745],[143.49391,62.02769,1933.5754],[143.46042,62.04208,1962.9341],[143.45174,62.04438,1989.8685],[143.44161,62.04453,2236.3774],[143.42962,62.04128,1977.7499],[143.42084,62.03756,2133.9509],[143.4134,62.03337,2109.7903],[143.3982,62.02671,1940.2928],[143.38921,62.02417,1981.2061],[143.37753,62.02298,1784.0818],[143.36234,62.02412,1734.4266],[143.25775,62.05389,1509.1439],[143.25124,62.05761,1514.4436],[143.24607,62.06195,1569.2443],[143.24328,62.06712,1600.6093],[143.24162,62.0727,1634.0068],[143.23883,62.09011,1646.5424],[143.23553,62.10112,1744.9297],[143.23263,62.10613,1976.4221],[143.2287,62.11083,2036.5551],[143.22209,62.11404,2028.9265],[143.2132,62.11551,1858.6946],[143.17951,62.10866,1967.9089],[143.14427,62.10603,2346.6287],[143.13455,62.10412,2497.9148],[143.12649,62.10107,2183.2],[143.1207,62.09657,2103.9348],[143.11698,62.09099,2399.0803],[143.11471,62.08471,2193.4902],[143.10489,62.04572,1872.7251],[143.1021,62.03952,1855.1439],[143.09869,62.03358,1808.8491],[143.0898,62.02304,2028.9998],[143.08453,62.01839,2175.1272],[143.02262,61.98371,2171.02],[143.01053,61.97503,2522.9893],[143.00205,61.96604,2411.2583],[142.99657,61.9586,2140.9246],[142.99399,61.95327,2191.6016],[142.99161,61.94743,2016.665],[142.99089,61.94134,2034.024],[142.99068,61.93534,2221.9282],[142.99399,61.91818,2062.7861],[142.99337,61.91291,2270.9912],[142.98903,61.90842,2455.2537],[142.98117,61.90558,2211.8965],[142.95327,61.89886,2386.7825],[142.94169,61.89844,2391.4021],[142.92784,61.90077,2009.3607],[142.91017,61.90842,2386.5479],[142.89384,61.91958,1971.5986],[142.8864,61.92364,1895.72],[142.84217,61.93756,1976.8695],[142.83627,61.94159,1969.8956],[142.83193,61.94604,2044.4135],[142.82563,61.94932,1918.9453],[142.81281,61.9494,2130.0574],[142.79204,61.94542,2228.707],[142.78201,61.94482,2235.5483],[142.77147,61.94676,2120.5161],[142.75432,61.95932,1879.2374],[142.74532,61.96208,1890.9611],[142.71959,61.96004,1829.5112],[142.70357,61.96115,2052.3208],[142.68114,61.96562,1873.3848],[142.66388,61.96454,1644.8621],[142.65324,61.96164,1602.9434],[142.64745,61.95648,1744.4647],[142.63949,61.94547,1562.8744],[142.63412,61.94082,1546.5513],[142.62698,61.93736,1534.4396],[142.61748,61.93516,1489.1356],[142.55371,61.93379,1548.1371],[142.54368,61.93198,1671.0912],[142.53624,61.92847,1689.5948],[142.53056,61.92397,1726.9794],[142.5228,61.91302,1849.2308],[142.51774,61.90821,1991.6945],[142.51195,61.90387,1930.4194],[142.50482,61.900149999999996,1978.2938],[142.49645,61.89726,1775.0653],[142.47816,61.89266,1758.8521],[142.47134,61.88888,1877.9696],[142.45346,61.87597,1821.4329],[142.44632,61.87245,1849.0284],[142.43754,61.86971,1897.7356],[142.42638,61.8692,1951.3024],[142.41325,61.87126,1727.5544],[142.39682,61.87914,1538.5806],[142.38938,61.88547,1759.801],[142.38586,61.89206,1844.7889],[142.38597,61.89803,1782.1555],[142.38803,61.90403,1936.6482],[142.39113,61.90981,1935.3401],[142.3995,61.92051,1870.1738],[142.4023,61.92632,1662.0398],[142.40323,61.93234,1735.8081],[142.40137000000001,61.93777,1790.8269],[142.39826,61.94281,1636.1111],[142.39392,61.94738,1489.6146],[142.38617,61.95167,1650.1996],[142.37511,61.9555,1745.8575],[142.29036,61.96332,1763.8724],[142.27755,61.96689,1785.671],[142.26422,61.974,1660.533],[142.2577,61.97963,1563.489],[142.25553,61.98542,1545.4009],[142.25863,61.99022,1596.2781],[142.2637,61.99425,1720.3191],[142.27352,62.00045,1666.2982],[142.27424,62.00159,1651.7788],[142.27507,62.00397,1622.1843],[142.27352,62.00758,1593.8091],[142.26887,62.01141,1777.7743],[142.26246,62.01503,1704.3684],[142.19414,62.04619,1957.6885],[142.18143,62.05384,1817.6665],[142.17709,62.05812,1772.0535],[142.17461,62.06267,1977.9382],[142.17709,62.06758,1946.3337],[142.18577,62.07675,2089.0627],[142.18691,62.08102,1975.0964],[142.1773,62.08525,1983.1194],[142.16086,62.08874,1939.1453],[142.12624,62.09197,1392.5565],[142.10764,62.09169,1712.5681],[142.0943,62.08952,1546.9479],[142.08748,62.08572,1458.3711],[142.08211,62.08097,1505.4729],[142.07064,62.06443,1422.6407],[142.06557,62.05965,1381.153],[142.04201,62.04236,1385.8794],[142.02754,62.03451,1344.1527],[142.008,62.02691,1344.1562],[141.99384,62.02676,1383.2643],[141.93814,62.03229,1606.7589],[141.92036,62.03161,1515.3538],[141.90651,62.02981,1583.6813],[141.89793,62.02696,1682.9482],[141.88832,62.02482,1705.3601],[141.87582,62.02469,1705.6582],[141.86145,62.02712,1920.7246],[141.84367,62.03503,1632.4366],[141.83758,62.04123,1789.5986],[141.83727,62.04673,1770.9587],[141.84274,62.05079,1559.6379],[141.87148,62.06484,1957.3478],[141.87747,62.06918,1819.7794],[141.88119,62.0744,1672.1014],[141.88212,62.08014,1737.8666],[141.87933,62.08505,1750.495],[141.87096,62.08908,2027.5361],[141.85835,62.09208,1834.0197],[141.83603,62.09388,1611.6943],[141.80605,62.09347,1873.4417],[141.78456,62.09058,1839.6738],[141.77618,62.08774,1714.3324],[141.76109,62.08084,1780.8436],[141.75148,62.07905,1914.7251],[141.74042,62.07967,1735.8293],[141.73009,62.08334,1612.707],[141.72141,62.09187,1633.5723],[141.71707,62.09859,1654.957],[141.70849,62.10463,1776.6504],[141.69505,62.11016,1521.3044],[141.66787,62.11688,1341.407],[141.65154,62.12536,1333.4855],[141.64658,62.13202,1359.3645],[141.6472,62.13817,1466.1694],[141.6472,62.1437,1513.7352],[141.64441,62.14864,1583.38],[141.63635,62.1529,1573.9867],[141.62332,62.15615,1622.188],[141.5794,62.16261,1803.0983],[141.561,62.16892,1846.1913],[141.5518,62.17378,2121.4519],[141.54478,62.17858,1896.0641],[141.53661,62.18804,1746.1604],[141.53423,62.19347,1968.1028],[141.53268,62.1991,1975.5796],[141.53113,62.22359,2229.6321],[141.52927,62.23543,2253.3879],[141.52431,62.25238,2445.8037],[141.52194,62.25765,2574.4016],[141.51821,62.26253,2641.8079],[141.50509,62.26803,2506.6763],[141.42241,62.291,2348.4253],[141.4099,62.29651,2303.5776],[141.40608,62.30069,2363.9236],[141.40298,62.30555,2297.3306],[141.39491,62.32757,2363.9836],[141.39223,62.33284,2258.2974],[141.38809,62.33754,2335.988],[141.38324,62.34203,2467.1658],[141.33766,62.37495,2589.1572],[141.32867,62.3842,2699.8904],[141.32153,62.39449,2657.9673],[141.3021,62.43118,2700.7153],[141.29539,62.4351,2549.5232],[141.28567,62.43681,2490.8423],[141.25291,62.43076,2586.8035],[141.23937,62.42963,2304.1565],[141.21022,62.43665,1766.6602],[141.19648,62.4382,2018.205],[141.18356,62.43702,2420.8325],[141.16775,62.43154,2098.3625],[141.1603,62.4257,2174.0945],[141.151,62.41423,2055.6758],[141.14604,62.40942,2044.417],[141.13901,62.4057,1852.2684],[141.12723,62.40384,1900.4977],[141.11235,62.40415,1667.5344],[141.08858,62.40854,2162.2483],[141.07648,62.41286,2281.9102],[141.06729,62.41738,2039.9926],[141.06253,62.42187,2043.1333],[141.05891,62.42686,1843.6919],[141.05664,62.43226,1765.0449],[141.05519,62.438,1979.5966],[141.05509,62.44415,2152.9751],[141.05788,62.4642,2111.1885],[141.05788,62.47055,2080.0859],[141.05726,62.4766,2106.6377],[141.05509,62.48203,2236.4255],[141.04806,62.48551,2016.4148],[141.03649,62.48637,2315.6687],[140.99969,62.47924,2450.5911],[140.98398,62.4781,2324.4766],[140.96559,62.48079,1990.7471],[140.95484,62.48446,1892.0054],[140.9474,62.48885,1947.7584],[140.93923,62.4983,2267.7844],[140.93375,62.50249,2423.4363],[140.92383,62.50414,2332.7119],[140.91122,62.50352,2242.8601],[140.89365,62.49967,2331.1697],[140.88115,62.49872,2261.6729],[140.86937,62.50197,2406.6628]]]]}}