{"type":"Feature","properties":{"GID_3":"RUS.60.19.1_1","GID_0":"RUS","country":"Russia","GID_1":"RUS.60_1","province":"Sakha","NL_NAME_1":"РеспубликаСаха","GID_2":"RUS.60.19_1","county":"NewSiberiaIslands","NL_NAME_2":"Новосиби́рскиеострова","city":"NA","VARNAME_3":"NA","NL_NAME_3":"NA","TYPE_3":"NA","ENGTYPE_3":"NA","CC_3":"NA","HASC_3":"NA","name":"N_A.city"},
"geometry":{"type": "MultiPolygon","coordinates": [[[[142.3828,73.2297,0.0],[142.3813,73.2312,0.0],[142.3755,73.2307,0.0],[142.3771,73.2292,0.0],[142.3828,73.2297,0.0]]],
[[[142.3901,73.2297,0.0],[142.3958,73.2292,0.0],[142.3974,73.2307,0.0],[142.3896,73.2333,0.0],[142.3859,73.2328,0.0],[142.3901,73.2297,0.0]]],
[[[142.0229,73.2542,0.0],[142.0245,73.2557,0.0],[142.0068,73.2578,0.0],[142.0125,73.2542,0.0],[142.0229,73.2542,0.0]]],
[[[141.2979,73.3333,0.0],[141.2995,73.3349,0.0],[141.2943,73.3349,0.0],[141.2943,73.3339,0.0],[141.2979,73.3333,0.0]]],
[[[143.5099,73.3818,1.3293],[143.5083,73.3833,1.4619],[143.5026,73.3828,1.2189],[143.5042,73.3812,1.138],[143.5099,73.3818,1.3293]]],
[[[143.5161,73.3859,1.2034],[143.5146,73.3875,1.2656],[143.5089,73.387,1.2586],[143.5104,73.3854,1.2826],[143.5161,73.3859,1.2034]]],
[[[143.5979,73.3938,1.4895],[143.5995,73.3953,1.7605],[143.5943,73.3953,0.703],[143.5943,73.3943,1.1207],[143.5979,73.3938,1.4895]]],
[[[143.5349,73.3943,1.2124],[143.5333,73.3958,1.2381],[143.5276,73.3953,1.1653],[143.5292,73.3938,1.0017],[143.5349,73.3943,1.2124]]],
[[[143.5422,73.4047,1.1819],[143.5339,73.4089,1.3434],[143.5391,73.4141,1.2227],[143.5333,73.4146,1.3724],[143.5292,73.4125,1.3896],[143.5213,73.412,1.3725],[143.5266,73.4089,1.4355],[143.5203,73.4047,1.1099],[143.5125,73.4042,1.3745],[143.5109,73.4026,1.0967],[143.5167,73.4,1.2265],[143.5271,73.4021,1.1659],[143.5354,73.3979,1.3109],[143.5437,73.3979,1.059],[143.5479,73.3958,1.271],[143.5516,73.3964,1.205],[143.5484,73.3984,1.2527],[143.55,73.4,1.3678],[143.5542,73.4,1.2721],[143.5583,73.3979,1.3082],[143.5688,73.3979,1.2785],[143.575,73.4,1.3816],[143.5807,73.3964,1.2079],[143.5729,73.3958,1.1234],[143.5688,73.3938,1.3052],[143.5562,73.3938,1.3655],[143.5521,73.3917,1.1226],[143.5375,73.3917,1.1971],[143.5266,73.3839,1.3214],[143.5188,73.3833,1.3802],[143.5172,73.3818,1.1609],[143.5271,73.3812,1.2623],[143.5313,73.3792,1.2907],[143.5417,73.3792,1.2032],[143.5542,73.3875,1.2314],[143.5604,73.3875,1.3174],[143.5646,73.3896,1.3587],[143.5766,73.388,1.2058],[143.5734,73.3912,1.3212],[143.5828,73.3922,1.419],[143.5891,73.3964,1.3803],[143.5859,73.3984,1.106],[143.5875,73.4,1.3305],[143.6057,73.3984,1.2743],[143.6,73.4021,1.2155],[143.5625,73.4021,1.1872],[143.5583,73.4042,1.2801],[143.5422,73.4047,1.1819]]],
[[[143.5161,73.4078,1.2399],[143.5104,73.4083,1.1828],[143.5089,73.4068,1.0862],[143.5146,73.4063,1.2333],[143.5161,73.4078,1.2399]]],
[[[143.5104,73.4146,1.2389],[143.512,73.4161,1.2625],[143.5068,73.4161,0.986],[143.5068,73.4151,1.1763],[143.5104,73.4146,1.2389]]],
[[[143.4063,73.5542,0.0],[143.4078,73.5557,0.0],[143.4026,73.5557,0.0],[143.4026,73.5547,0.0],[143.4063,73.5542,0.0]]],
[[[142.0792,73.9042,1.9793],[142.075,73.9063,0.0],[142.0667,73.9063,7.8763],[142.0625,73.9083,4.7027],[142.0354,73.9083,0.0],[142.0313,73.9063,11.5951],[142.0208,73.9063,4.3353],[142.0146,73.9083,0.0],[142.0104,73.9063,0.5954],[141.9812,73.9063,0.0],[141.9771,73.9042,9.1565],[141.9479,73.9042,0.0],[141.9438,73.9021,3.2639],[141.8167,73.9021,0.0],[141.8125,73.9,0.0],[141.7958,73.8979,2.5473],[141.7917,73.8958,11.9915],[141.7708,73.8958,0.0],[141.7667,73.8938,0.0],[141.7542,73.8938,0.0],[141.75,73.8917,3.2269],[141.7354,73.8917,0.0],[141.7312,73.8896,0.0],[141.7188,73.8896,0.0],[141.7042,73.8854,15.1912],[141.6812,73.8854,0.0],[141.6771,73.8833,6.8904],[141.6417,73.8833,0.0],[141.6375,73.8812,6.103],[141.6167,73.8812,0.0],[141.6021,73.8771,6.8799],[141.5813,73.8771,0.0],[141.5667,73.8729,6.4093],[141.5521,73.8729,0.0],[141.5479,73.8708,0.0],[141.5313,73.8688,0.0],[141.5271,73.8667,1.7988],[141.5146,73.8667,0.0],[141.5104,73.8646,0.0],[141.4937,73.8625,0.0],[141.4792,73.8583,3.5648],[141.4729,73.8583,0.0],[141.4688,73.8562,3.5677],[141.4563,73.8562,0.0],[141.4479,73.8521,0.0],[141.4312,73.85,0.0],[141.4214,73.8474,0.0],[141.4146,73.8438,0.0],[141.3833,73.8417,0.0],[141.3792,73.8396,0.0],[141.3583,73.8396,0.0],[141.3542,73.8375,23.1234],[141.3417,73.8375,0.0],[141.3375,73.8354,7.4618],[141.3125,73.8396,0.0],[141.3083,73.8375,0.0036],[141.2813,73.8375,0.0],[141.2708,73.8333,0.0],[141.2667,73.8354,0.0],[141.2458,73.8375,10.0386],[141.2349,73.8432,0.0],[141.2297,73.8443,0.9957],[141.2312,73.8458,0.0],[141.2354,73.8458,0.0],[141.2396,73.8438,0.0],[141.2453,73.8443,0.0],[141.2375,73.8479,0.0],[141.2229,73.8479,0.0],[141.2146,73.8521,0.0],[141.1979,73.8521,16.4726],[141.1922,73.8547,1.174],[141.1932,73.8578,0.0],[141.1875,73.8583,0.0],[141.1812,73.8562,0.5233],[141.1729,73.8604,0.0],[141.1687,73.8604,0.0],[141.1646,73.8583,7.3643],[141.1438,73.8583,0.0],[141.1396,73.8562,6.7756],[141.1125,73.8521,0.0],[141.1083,73.85,0.0],[141.0958,73.85,0.0],[141.0917,73.8479,0.0],[141.0854,73.8479,0.0],[141.0771,73.8438,0.0],[141.0714,73.8432,0.0],[141.0786,73.8391,4.8096],[141.0766,73.8359,0.0],[141.0672,73.8349,0.0],[141.0583,73.8292,0.0],[141.0458,73.8292,0.0],[141.0417,73.8271,0.0],[141.0339,73.8266,0.0],[141.0292,73.8229,0.8474],[141.0213,73.8224,0.0],[141.0172,73.8193,0.0],[141.0224,73.8172,0.8681],[141.0167,73.8146,0.0],[141.0089,73.8141,0.0],[141.0016,73.8068,0.9963],[140.9937,73.8063,0.0],[140.9854,73.8021,1.1728],[140.975,73.8042,0.0],[140.9734,73.8026,0.0],[140.9766,73.8005,0.6204],[140.9708,73.8,0.0],[140.9651,73.7974,0.0],[140.9667,73.7958,0.0],[140.9766,73.7953,0.8483],[140.9755,73.7922,0.8597],[140.9787,73.7901,2.3907],[140.9708,73.7896,1.0506],[140.9667,73.7875,1.2493],[140.9458,73.7875,0.0],[140.9307,73.7755,0.0],[140.9214,73.7745,0.0],[140.9245,73.7714,0.0],[140.912,73.7609,0.0],[140.9089,73.7599,0.0],[140.9141,73.7568,1.2283],[140.9047,73.7557,0.0],[140.9078,73.7536,0.0],[140.9068,73.7505,0.0],[140.9099,73.7484,1.3171],[140.9063,73.7458,1.3689],[140.8984,73.7453,0.0],[140.9016,73.7422,1.9065],[140.8922,73.7412,0.0],[140.888,73.737,0.0],[140.8911,73.7349,1.7201],[140.8891,73.7318,1.2842],[140.8813,73.7312,0.0],[140.8776,73.7286,0.0],[140.8807,73.7266,1.4043],[140.8786,73.7234,1.5546],[140.8729,73.7208,0.0],[140.8651,73.7203,0.0],[140.8667,73.7188,0.0],[140.875,73.7188,0.9598],[140.8766,73.7172,1.7465],[140.8724,73.713,1.5458],[140.863,73.712,0.0],[140.8568,73.7068,0.0],[140.8646,73.7042,1.7691],[140.875,73.7042,0.323],[140.8792,73.7063,1.7721],[140.9,73.7063,0.3],[140.9063,73.7104,1.6142],[140.9167,73.7083,0.8609],[140.9208,73.7104,0.1465],[140.9354,73.7104,0.2752],[140.9432,73.7172,2.1372],[140.9401,73.7203,2.1327],[140.9438,73.7229,1.7711],[140.9495,73.7224,2.3842],[140.9484,73.7193,1.9744],[140.9542,73.7167,2.1781],[140.9729,73.7167,2.1749],[140.9745,73.7182,1.5223],[140.9667,73.7208,1.87],[140.9588,73.7214,2.4418],[140.9599,73.7245,1.8002],[140.9568,73.7255,2.1183],[140.9578,73.7286,1.8645],[140.9484,73.7328,1.9399],[140.9563,73.7375,2.2265],[140.9833,73.7417,2.2758],[140.9896,73.7458,2.526],[141.0083,73.7458,2.5452],[141.0125,73.7438,1.5261],[141.0271,73.7438,1.4439],[141.0328,73.7412,2.023],[141.0313,73.7396,1.8607],[141.025,73.7396,2.1432],[141.0208,73.7375,2.0422],[141.0083,73.7375,1.7156],[140.9984,73.7307,2.1648],[141.0,73.7292,1.6094],[141.0104,73.7292,2.2722],[141.0146,73.7312,2.1883],[141.0188,73.7312,2.0588],[141.0245,73.7276,2.1145],[141.0104,73.7271,2.2213],[141.0063,73.725,2.3703],[140.9896,73.7229,2.2269],[140.9859,73.7203,2.3123],[140.9891,73.7182,2.0963],[140.9875,73.7167,1.9711],[140.9812,73.7167,1.2747],[140.9771,73.7146,2.2348],[140.9604,73.7125,1.9887],[140.9563,73.7104,2.5367],[140.9422,73.7099,2.1242],[140.9479,73.7063,0.96],[140.9703,73.7037,0.6426],[140.9693,73.7005,0.7322],[140.9724,73.6995,0.6919],[140.9714,73.6964,0.4051],[140.9745,73.6953,1.2093],[140.9729,73.6937,-0.1019],[140.9609,73.6943,1.4575],[140.962,73.6974,1.5743],[140.9588,73.6984,2.1425],[140.9599,73.7016,-1.0586],[140.9583,73.7021,0.1871],[140.95,73.7021,1.2499],[140.9458,73.7042,0.4356],[140.9375,73.7042,0.7552],[140.9312,73.7063,1.0747],[140.9271,73.7042,1.6519],[140.9063,73.7042,0.7384],[140.8979,73.7,1.6526],[140.8854,73.7,0.8881],[140.8839,73.6984,1.2407],[140.887,73.6974,0.8228],[140.8854,73.6958,1.467],[140.8646,73.6958,0.2204],[140.8578,73.6901,2.3055],[140.8484,73.6891,0.0],[140.8359,73.6787,0.0],[140.8391,73.6755,0.0],[140.8338,73.6713,0.0],[140.8391,73.6693,0.0],[140.8313,73.6646,0.0],[140.8234,73.6641,0.0],[140.825,73.6625,0.0],[140.8349,73.662,0.0],[140.8328,73.6589,0.0],[140.8276,73.6557,0.0],[140.8307,73.6526,0.0],[140.8234,73.6516,0.0],[140.8266,73.6495,0.0],[140.8245,73.6464,0.0],[140.8151,73.6453,0.0],[140.813,73.6422,0.0],[140.8161,73.6401,0.0],[140.8068,73.6391,0.0],[140.8099,73.6359,0.0],[140.8026,73.6297,0.0],[140.8078,73.6276,1.4746],[140.7984,73.6266,0.0],[140.7964,73.6234,0.0],[140.7995,73.6214,0.0],[140.787,73.6109,0.0],[140.7839,73.6099,0.0],[140.7917,73.6062,1.1063],[140.8021,73.6083,0.9439],[140.8062,73.6062,0.1735],[140.825,73.6042,0.1815],[140.8266,73.6026,0.0508],[140.8083,73.6021,1.0862],[140.8042,73.6042,0.2912],[140.7854,73.6042,0.5868],[140.7813,73.6021,0.251],[140.763,73.5995,0.0],[140.7682,73.5964,0.0],[140.7589,73.5953,0.0],[140.762,73.5922,0.0],[140.7578,73.588,0.0],[140.7484,73.587,0.0],[140.7516,73.5839,0.0],[140.7391,73.5734,0.0],[140.7297,73.5724,0.0],[140.7182,73.563,0.0],[140.7088,73.562,0.0],[140.7141,73.5589,0.0],[140.7063,73.5583,0.0],[140.6974,73.5526,0.0],[140.688,73.5516,0.0],[140.6859,73.5484,0.0],[140.6891,73.5463,0.0],[140.6818,73.5453,0.0],[140.6729,73.5396,0.0],[140.6651,73.5391,0.0],[140.6578,73.5318,0.0],[140.6521,73.5292,0.0],[140.6463,73.5286,0.0],[140.6391,73.5234,0.0],[140.6234,73.5224,0.0],[140.6214,73.5193,0.0],[140.6245,73.5172,0.0],[140.6151,73.5162,0.0],[140.612,73.513,0.0],[140.6026,73.512,0.0],[140.5979,73.5083,0.0],[140.5797,73.5057,0.0],[140.5724,73.4984,0.0],[140.5542,73.4958,0.0],[140.5479,73.4917,0.0],[140.5417,73.4917,0.0],[140.5375,73.4896,0.0],[140.5229,73.4875,0.0],[140.5161,73.4838,0.0],[140.5104,73.4833,0.0],[140.5036,73.4797,0.0],[140.4937,73.4771,0.0],[140.4792,73.4771,0.0],[140.4708,73.4708,16.7053],[140.4542,73.4688,0.0],[140.4479,73.4646,0.0],[140.4417,73.4646,0.0],[140.4292,73.4604,0.0],[140.4125,73.4583,0.0],[140.4078,73.4547,0.0],[140.3896,73.4521,0.0],[140.3849,73.4484,0.0],[140.3792,73.4479,0.0],[140.3708,73.4437,2.7397],[140.3583,73.4437,0.0],[140.3354,73.4375,11.1583],[140.3062,73.4375,0.0],[140.3021,73.4354,12.0848],[140.2917,73.4354,9.6351],[140.2901,73.437,0.0],[140.2932,73.4391,0.0],[140.2833,73.4396,0.0],[140.2792,73.4417,0.0],[140.2417,73.4417,2.4606],[140.2375,73.4437,1.5881],[140.2188,73.4437,0.0],[140.2146,73.4417,9.7916],[140.1729,73.4417,0.0],[140.1687,73.4396,0.0],[140.1625,73.4417,0.0],[140.1521,73.4417,0.0],[140.1438,73.4375,0.0],[140.1167,73.4375,0.0],[140.1125,73.4354,16.1811],[140.1062,73.4375,0.0],[140.0875,73.4375,0.0],[140.0833,73.4354,1.6057],[140.0625,73.4354,0.0],[140.0583,73.4333,9.1999],[140.0396,73.4333,0.0],[140.0354,73.4313,18.3872],[140.025,73.4313,25.3637],[140.0208,73.4333,0.0],[140.0021,73.4333,12.751],[139.9958,73.4313,70.4546],[139.9917,73.4333,46.7372],[139.975,73.4333,46.1948],[139.9708,73.4354,0.0],[139.9604,73.4333,31.7995],[139.9563,73.4354,0.0],[139.8729,73.4354,27.6601],[139.8687,73.4333,49.3159],[139.8562,73.4333,0.0],[139.8521,73.4313,1.0338],[139.8313,73.4313,0.0],[139.8297,73.4297,0.0],[139.8349,73.4276,21.77],[139.8151,73.4245,17.3048],[139.8089,73.4182,0.0],[139.812,73.4151,3.5127],[139.8042,73.4146,0.0],[139.8,73.4125,14.8546],[139.7875,73.4125,0.0],[139.7828,73.4089,10.3439],[139.7734,73.4078,0.0],[139.7713,73.4047,0.0],[139.7849,73.3995,0.0],[139.7839,73.3964,0.0],[139.7854,73.3958,0.0],[139.7937,73.3958,3.6359],[139.7979,73.3938,0.0],[139.8057,73.3932,15.0497],[139.8047,73.3901,0.0],[139.8099,73.3891,0.0],[139.8068,73.3859,0.0],[139.8182,73.3849,0.0],[139.8109,73.3818,0.0],[139.8234,73.3755,0.0],[139.8286,73.3745,5.1501],[139.8276,73.3714,0.0],[139.8411,73.3662,0.0],[139.8338,73.3599,0.0],[139.838,73.3568,0.0],[139.8495,73.3557,0.0],[139.8484,73.3526,0.0],[139.8646,73.3458,2.1728],[139.8729,73.3458,5.3676],[139.8771,73.3438,0.0],[139.8833,73.3458,0.0],[139.8953,73.3453,14.4967],[139.8938,73.3438,0.0],[139.8776,73.3411,0.0],[139.8792,73.3396,0.0],[139.9187,73.3396,0.0],[139.9229,73.3417,0.0],[139.9661,73.3422,0.0],[139.9609,73.3443,112.4971],[139.9625,73.3458,125.1316],[139.9729,73.3458,120.9563],[139.9771,73.3438,86.5388],[139.9958,73.3438,0.0],[140.0,73.3458,29.6949],[140.0208,73.3458,0.0],[140.0333,73.35,0.0],[140.0458,73.35,0.0],[140.0604,73.3542,1.6148],[140.0729,73.3542,0.0],[140.0875,73.3583,1.9093],[140.1083,73.3583,0.0],[140.1146,73.3625,3.8967],[140.1271,73.3625,0.0],[140.1313,73.3646,4.6603],[140.1438,73.3646,0.0],[140.1479,73.3667,7.5225],[140.175,73.3667,0.0],[140.1896,73.3708,7.3276],[140.2104,73.3708,0.0],[140.2146,73.3729,0.0],[140.2271,73.3729,0.0],[140.2417,73.3771,1.396],[140.2542,73.3771,2.0633],[140.2583,73.3792,1.6322],[140.2729,73.3812,0.0],[140.2818,73.387,1.3753],[140.2891,73.388,1.2288],[140.2979,73.3938,15.8054],[140.3057,73.3943,0.0],[140.3104,73.3979,0.0],[140.3167,73.3979,0.0],[140.3292,73.4021,0.0],[140.3417,73.4021,0.0],[140.3562,73.4063,7.282],[140.3625,73.4063,0.0],[140.3667,73.4083,0.0],[140.3875,73.4083,0.0],[140.4,73.4125,8.7359],[140.4104,73.4104,0.0],[140.425,73.4146,11.5203],[140.4458,73.4146,0.0],[140.45,73.4167,0.0],[140.4625,73.4167,0.0],[140.4667,73.4187,0.0],[140.4875,73.4187,0.0],[140.4917,73.4208,8.9646],[140.5271,73.4208,0.0],[140.5313,73.4229,0.0],[140.5437,73.4229,0.0],[140.5479,73.425,4.8389],[140.5583,73.425,0.0],[140.5646,73.4229,0.0],[140.5688,73.425,0.0],[140.6271,73.425,0.0],[140.6313,73.4271,5.2598],[140.6854,73.4271,4.4436],[140.6917,73.425,0.0],[140.6958,73.4271,6.4129],[140.7,73.4271,15.5075],[140.7042,73.425,0.0],[140.725,73.425,0.0],[140.7292,73.4229,0.0],[140.7458,73.4229,0.0],[140.75,73.4208,0.0],[140.7813,73.4208,0.0],[140.7854,73.4229,0.0],[140.7896,73.4229,0.0],[140.8042,73.4187,0.0],[140.8354,73.4187,0.0],[140.8396,73.4167,0.0],[140.8604,73.4167,0.0],[140.8646,73.4146,0.0],[140.9,73.4125,0.0],[140.9042,73.4104,0.0],[140.9125,73.4104,0.0],[140.9208,73.4063,0.0],[140.9312,73.4083,16.9993],[140.95,73.4,0.0],[140.9583,73.4,0.0],[140.9667,73.3958,0.0],[140.975,73.3958,0.0],[140.9818,73.3922,0.0],[140.9896,73.3917,0.0],[140.9937,73.3896,0.0],[141.0167,73.3896,0.0],[141.0208,73.3875,0.0],[141.0354,73.3875,0.0],[141.0396,73.3854,0.0],[141.0479,73.3854,0.0],[141.0521,73.3833,0.0],[141.0604,73.3833,0.0],[141.0646,73.3812,0.0],[141.0792,73.3812,0.0],[141.0875,73.3771,0.0],[141.1042,73.3771,0.0],[141.125,73.3708,0.0],[141.1396,73.3708,0.0],[141.1411,73.3703,0.0],[141.1401,73.3672,0.0],[141.1417,73.3667,0.0],[141.1563,73.3667,7.1528],[141.1662,73.362,0.0],[141.1651,73.3588,0.0],[141.1667,73.3583,0.0],[141.1812,73.3583,0.0],[141.1854,73.3562,0.0],[141.1896,73.3562,0.0],[141.1938,73.3583,0.0],[141.2042,73.3583,10.8479],[141.2208,73.35,0.0],[141.2417,73.3479,0.0],[141.2458,73.3458,0.0],[141.2542,73.3458,0.0],[141.2667,73.3396,0.0],[141.2828,73.3391,0.0],[141.2813,73.3375,0.0],[141.2734,73.337,0.0],[141.275,73.3354,0.0],[141.3,73.3375,0.0],[141.3042,73.3354,0.0],[141.3125,73.3354,0.0],[141.3167,73.3333,0.0],[141.3313,73.3333,6.4536],[141.3354,73.3313,0.0],[141.3438,73.3313,17.3011],[141.3479,73.3292,0.0],[141.3667,73.3271,15.4169],[141.3771,73.3229,0.0],[141.3917,73.3229,6.2438],[141.4,73.3187,0.0],[141.4083,73.3187,0.0],[141.4229,73.3146,0.0],[141.4396,73.3146,0.0],[141.4438,73.3125,0.0],[141.4646,73.3125,0.0],[141.4661,73.312,0.0],[141.4651,73.3089,0.0],[141.4667,73.3083,0.0],[141.4958,73.3083,0.0],[141.5,73.3063,0.0],[141.5229,73.3063,14.6502],[141.5271,73.3042,0.0],[141.5417,73.3042,0.0],[141.5458,73.3021,0.0],[141.5688,73.3021,12.2127],[141.5833,73.2979,0.0],[141.5979,73.2979,0.0],[141.6083,73.2937,0.0],[141.6417,73.2917,0.0],[141.6458,73.2896,0.0],[141.6604,73.2896,0.0],[141.6646,73.2875,0.0],[141.6687,73.2875,0.0],[141.6729,73.2896,12.7521],[141.6833,73.2896,23.2855],[141.6849,73.288,0.0],[141.6818,73.2859,0.0],[141.6833,73.2854,0.0],[141.6875,73.2854,0.0],[141.6917,73.2875,0.0],[141.7021,73.2875,14.0394],[141.7063,73.2854,0.0],[141.7396,73.2833,0.0],[141.7437,73.2813,0.0],[141.7813,73.2813,0.0],[141.7854,73.2792,0.0],[141.7917,73.2813,1.9746],[141.8021,73.2792,0.0],[141.8062,73.2813,3.0185],[141.8167,73.2813,0.7217],[141.825,73.2771,0.0],[141.8479,73.2771,8.1037],[141.8625,73.2729,0.0],[141.8792,73.2729,0.0],[141.8833,73.2708,0.0],[141.8979,73.2708,0.0],[141.9021,73.2688,0.0],[141.95,73.2667,0.0],[141.9542,73.2646,0.0],[141.9646,73.2667,0.0],[141.9688,73.2646,0.0],[141.9979,73.2646,19.0736],[142.0021,73.2625,0.0],[142.0167,73.2625,0.0],[142.0208,73.2604,0.0],[142.0437,73.2604,0.0],[142.0479,73.2583,0.0],[142.0625,73.2583,0.0],[142.0667,73.2562,0.0],[142.0875,73.2562,0.0],[142.0917,73.2542,0.0],[142.1438,73.2542,0.0],[142.15,73.2521,0.0],[142.1542,73.2542,4.3511],[142.1583,73.2542,7.2706],[142.1625,73.2521,0.0],[142.2063,73.2521,5.9464],[142.2104,73.25,0.0],[142.2167,73.2521,5.0362],[142.2271,73.25,0.0],[142.2312,73.2521,6.9745],[142.2354,73.2521,8.1712],[142.2396,73.25,0.0],[142.3313,73.2479,11.2671],[142.3458,73.2438,0.0],[142.3604,73.2438,-0.0585],[142.3687,73.2396,0.0],[142.3771,73.2396,2.0442],[142.3813,73.2375,0.0],[142.4,73.2354,0.7879],[142.4016,73.2349,2.0564],[142.4005,73.2318,0.0],[142.4021,73.2312,0.0],[142.4125,73.2333,3.0862],[142.4167,73.2312,0.0],[142.4229,73.2312,1.4054],[142.4245,73.2307,4.4068],[142.4234,73.2276,0.0],[142.425,73.2271,0.0],[142.4411,73.2266,0.0],[142.4401,73.2234,0.0],[142.4458,73.2208,0.0],[142.4688,73.2208,0.0],[142.4729,73.2188,0.0],[142.525,73.2188,0.0],[142.5292,73.2208,0.0],[142.5437,73.2208,0.0],[142.5479,73.2229,0.0],[142.5604,73.2229,0.0],[142.5646,73.225,5.2439],[142.5979,73.225,0.0],[142.6021,73.2271,1.0766],[142.6167,73.2271,0.0],[142.6208,73.2292,1.5803],[142.6375,73.2292,0.0],[142.6417,73.2271,0.0],[142.6458,73.2271,0.0],[142.65,73.2292,0.0],[142.6625,73.2292,0.0],[142.6667,73.2312,0.8748],[142.6729,73.2292,0.0],[142.6833,73.2312,4.2207],[142.6875,73.2292,0.0],[142.725,73.2292,0.0],[142.7292,73.2271,0.0],[142.7583,73.2271,9.8937],[142.7625,73.225,0.0],[142.7813,73.2229,0.0],[142.7854,73.2208,0.0],[142.8062,73.2208,0.0],[142.8104,73.2188,0.0],[142.825,73.2188,12.1861],[142.8354,73.2146,0.0],[142.85,73.2146,3.7824],[142.8542,73.2125,0.0],[142.8729,73.2104,0.0],[142.8771,73.2083,0.0],[142.9063,73.2083,0.0],[142.9104,73.2063,0.0],[142.925,73.2063,0.0],[142.9292,73.2042,0.0],[142.9396,73.2063,11.3244],[142.9542,73.2021,0.0],[142.9646,73.2042,0.0],[142.9688,73.2021,0.0],[142.9979,73.2021,1.9835],[143.0021,73.2,0.0],[143.05,73.1979,0.0],[143.0542,73.1958,0.0],[143.0833,73.1958,8.7098],[143.0875,73.1937,0.0],[143.1062,73.1917,0.0],[143.1104,73.1896,0.0],[143.1333,73.1896,0.0],[143.1375,73.1875,0.0],[143.1521,73.1875,0.0],[143.1563,73.1854,0.0],[143.1771,73.1854,0.0],[143.1812,73.1833,0.0],[143.2104,73.1833,10.5028],[143.2146,73.1813,0.0],[143.2521,73.1813,8.6616],[143.2563,73.1792,0.0],[143.2625,73.1813,0.0],[143.275,73.1813,0.0],[143.2792,73.1833,12.4116],[143.2833,73.1833,6.9023],[143.2875,73.1813,0.0],[143.2979,73.1813,0.0],[143.3021,73.1833,0.0],[143.3146,73.1833,0.0],[143.3188,73.1854,0.0],[143.3479,73.1875,0.0],[143.3562,73.1917,1.3598],[143.3625,73.1917,0.0],[143.3667,73.1937,0.0],[143.3792,73.1937,0.0],[143.3833,73.1958,0.0],[143.3958,73.1958,0.0],[143.4042,73.2,0.0],[143.4167,73.2,0.0],[143.4229,73.2042,4.0278],[143.4375,73.2042,0.0],[143.4438,73.2083,6.4661],[143.45,73.2083,0.0],[143.4542,73.2104,5.9505],[143.4667,73.2104,0.0],[143.4708,73.2125,3.7123],[143.5167,73.2125,0.0],[143.5208,73.2104,0.0],[143.525,73.2104,0.0],[143.5313,73.2125,3.4801],[143.5437,73.2063,0.0],[143.5771,73.2063,0.0],[143.5813,73.2083,0.0],[143.5938,73.2083,0.0],[143.5974,73.2109,0.0],[143.5776,73.2214,12.1142],[143.5786,73.2245,0.0],[143.5625,73.225,12.1411],[143.5583,73.2271,0.0],[143.5505,73.2276,15.2243],[143.538,73.2338,0.0],[143.5391,73.237,0.0],[143.5276,73.2422,7.0196],[143.5307,73.2474,0.0],[143.5193,73.2526,5.9238],[143.5224,73.2557,0.0],[143.5172,73.2568,0.0],[143.5203,73.2589,0.0],[143.5172,73.2609,0.0],[143.5182,73.2641,0.0],[143.5068,73.2693,0.0],[143.512,73.2745,0.0],[143.5026,73.2776,4.0273],[143.5057,73.2807,0.0],[143.5026,73.2818,0.0],[143.5036,73.2849,0.0],[143.5005,73.2859,0.0],[143.5016,73.2891,0.0],[143.4943,73.2922,0.0],[143.4974,73.2943,0.0],[143.4943,73.2963,0.0],[143.4953,73.2995,0.0],[143.4839,73.3005,7.7277],[143.4854,73.3021,12.3761],[143.4932,73.3026,0.0],[143.4917,73.3042,0.0],[143.4839,73.3047,0.0],[143.487,73.3099,0.0],[143.4839,73.312,0.0],[143.487,73.313,0.0],[143.4891,73.3161,0.0],[143.4859,73.3172,0.0],[143.487,73.3203,0.0],[143.4839,73.3224,0.0],[143.487,73.3234,0.0],[143.4891,73.3266,0.0],[143.4859,73.3276,0.0],[143.487,73.3307,0.0],[143.4839,73.3328,0.0],[143.487,73.3339,0.0],[143.4891,73.337,0.0],[143.4818,73.3411,1.0886],[143.487,73.3453,1.1347],[143.4776,73.3484,1.7906],[143.4807,73.3516,1.1639],[143.4693,73.3568,1.7769],[143.4724,73.362,1.1452],[143.4693,73.3641,2.4179],[143.4724,73.3662,0.7436],[143.4693,73.3682,2.2422],[143.475,73.3688,1.3079],[143.4766,73.3703,1.0422],[143.4693,73.3734,4.5204],[143.4724,73.3766,1.0395],[143.4693,73.3786,4.4357],[143.4787,73.3859,0.9084],[143.4755,73.388,9.1646],[143.4776,73.3912,1.2448],[143.4891,73.3984,0.9415],[143.4818,73.4036,1.0242],[143.4854,73.4063,1.0517],[143.4932,73.4068,1.2019],[143.5016,73.413,1.1177],[143.5,73.4146,1.2141],[143.4922,73.4151,0.7976],[143.4943,73.4182,1.2612],[143.5146,73.4187,1.1135],[143.5188,73.4167,1.0845],[143.5292,73.4167,1.2858],[143.5307,73.4182,1.1632],[143.5276,73.4203,1.285],[143.5333,73.4208,1.0945],[143.5349,73.4224,0.9077],[143.5266,73.4266,1.0736],[143.5188,73.4271,0.9527],[143.5172,73.4287,0.7688],[143.525,73.4292,1.2352],[143.5292,73.4313,1.0737],[143.5396,73.4313,1.2212],[143.5412,73.4297,1.1981],[143.538,73.4276,1.1749],[143.5422,73.4255,1.1162],[143.5542,73.425,1.0212],[143.5557,73.4266,1.2142],[143.5526,73.4287,1.121],[143.5568,73.4307,1.3249],[143.5724,73.4318,1.2387],[143.5693,73.4339,1.4273],[143.5703,73.437,1.1713],[143.563,73.4401,1.2939],[143.5661,73.4432,1.3924],[143.5609,73.4443,1.552],[143.5641,73.4474,1.4047],[143.5609,73.4484,1.5796],[143.562,73.4516,1.5403],[143.5547,73.4547,1.5366],[143.5557,73.4578,1.4988],[143.5333,73.4688,0.0],[143.525,73.4688,1.2342],[143.5208,73.4708,0.9981],[143.513,73.4714,0.8366],[143.5146,73.4729,0.1964],[143.5208,73.4729,0.6352],[143.525,73.475,0.9192],[143.5313,73.475,0.0],[143.5328,73.4766,0.0],[143.5104,73.4792,1.0388],[143.5089,73.4807,1.0346],[143.512,73.4828,1.2965],[143.5021,73.4833,1.2549],[143.4979,73.4854,1.127],[143.4583,73.4833,0.451],[143.4568,73.4838,0.536],[143.4578,73.487,0.2374],[143.4547,73.4891,0.8605],[143.4625,73.4896,1.3621],[143.4682,73.4932,0.7513],[143.4583,73.4938,1.4978],[143.4542,73.4958,1.604],[143.4484,73.4953,1.7238],[143.4438,73.4917,1.5207],[143.425,73.4917,1.6113],[143.4193,73.4943,1.7306],[143.425,73.4979,1.8407],[143.4312,73.4958,1.6036],[143.437,73.4964,1.4991],[143.4297,73.5016,1.4987],[143.437,73.5078,1.19],[143.4255,73.5089,0.8252],[143.4287,73.512,0.7865],[143.4234,73.5141,1.3676],[143.4417,73.5167,1.1547],[143.4432,73.5182,0.9264],[143.4359,73.5214,1.0936],[143.4391,73.5245,0.0],[143.4297,73.5276,1.6851],[143.4349,73.5328,0.0],[143.4151,73.5422,0.0],[143.4162,73.5453,0.0],[143.412,73.5474,0.0],[143.4005,73.5484,5.0365],[143.4099,73.5516,0.0],[143.3938,73.5521,0.0],[143.3854,73.5563,0.0],[143.3755,73.5568,4.9295],[143.3714,73.5589,2.4948],[143.3724,73.562,0.0],[143.363,73.563,0.7879],[143.3641,73.5661,0.0],[143.3391,73.5787,0.0],[143.3292,73.5792,0.0],[143.3182,73.5849,0.0],[143.3104,73.5875,0.0],[143.3026,73.588,14.5273],[143.2932,73.5932,0.0],[143.288,73.5943,0.0],[143.2912,73.5974,0.0],[143.2797,73.5984,8.0963],[143.2828,73.6016,0.0],[143.2604,73.6042,2.4783],[143.2589,73.6057,0.9946],[143.262,73.6078,0.0],[143.2474,73.6141,0.0],[143.2354,73.6125,6.5736],[143.2255,73.6172,0.922],[143.2266,73.6203,0.0],[143.2224,73.6224,0.0],[143.2146,73.6229,0.0],[143.2104,73.625,0.0],[143.2021,73.625,2.7314],[143.1911,73.6307,0.0],[143.1833,73.6333,0.0],[143.1771,73.6333,0.0],[143.1687,73.6375,0.0],[143.1604,73.6375,0.0],[143.1563,73.6396,0.0],[143.1375,73.6417,2.1963],[143.1187,73.65,0.0],[143.1042,73.65,2.1911],[143.0958,73.6542,0.0],[143.0875,73.6542,1.9362],[143.0833,73.6563,0.0],[143.075,73.6563,3.5003],[143.0708,73.6583,0.2214],[143.0313,73.6583,0.9406],[143.0271,73.6563,-0.1812],[143.0229,73.6563,0.2715],[143.0213,73.6578,0.2722],[143.0271,73.6604,0.0752],[143.0396,73.6604,-0.0873],[143.0437,73.6625,0.7979],[143.05,73.6625,0.6456],[143.0516,73.6641,0.0],[143.0417,73.6687,0.0],[143.0318,73.6693,14.1269],[143.0276,73.6713,8.5427],[143.0307,73.6745,0.0],[143.0193,73.6755,0.0],[143.0203,73.6787,0.0],[143.0125,73.6792,0.0],[142.9979,73.6854,0.0],[142.9917,73.6854,0.0],[142.9771,73.6917,0.0],[142.9708,73.6917,4.1837],[142.963,73.6943,0.0],[142.9661,73.6964,0.0],[142.9646,73.6979,0.0],[142.9479,73.6979,15.7577],[142.9464,73.6995,14.1217],[142.9495,73.7016,0.0],[142.9396,73.7021,9.1062],[142.9271,73.7083,0.0],[142.9125,73.7083,13.1894],[142.9083,73.7104,0.0],[142.9,73.7104,17.7843],[142.8932,73.7141,0.0],[142.8833,73.7146,13.1012],[142.875,73.7188,0.0],[142.8667,73.7188,14.9719],[142.8583,73.7229,0.0],[142.8375,73.725,10.0401],[142.8318,73.7276,9.5918],[142.8349,73.7307,0.0],[142.825,73.7312,0.0],[142.8125,73.7375,0.0],[142.7943,73.738,8.4064],[142.7974,73.7412,4.278],[142.7854,73.7458,0.0],[142.7776,73.7464,5.7355],[142.7786,73.7495,0.0],[142.7625,73.75,5.162],[142.7609,73.7505,7.1524],[142.762,73.7536,0.0],[142.7604,73.7542,0.0],[142.7521,73.7542,3.6824],[142.7437,73.7583,6.0531],[142.7339,73.7589,9.4602],[142.737,73.762,0.0],[142.725,73.7667,0.0],[142.7172,73.7672,7.2403],[142.7182,73.7703,0.0],[142.6964,73.7797,0.7923],[142.6995,73.7828,0.0],[142.6896,73.7833,1.0421],[142.6812,73.7875,0.0],[142.6729,73.7875,1.3812],[142.662,73.7932,0.0],[142.6542,73.7958,0.0],[142.6463,73.7963,5.1152],[142.6474,73.7995,0.0],[142.6359,73.8005,1.1425],[142.6391,73.8037,0.0],[142.6276,73.8047,0.8854],[142.6286,73.8078,0.0],[142.6271,73.8083,0.0],[142.6083,73.8104,4.4209],[142.6042,73.8125,0.0],[142.5958,73.8125,6.1218],[142.5943,73.813,5.157],[142.5953,73.8161,0.0],[142.5875,73.8167,0.0],[142.5833,73.8187,0.0],[142.5667,73.8187,10.9009],[142.5651,73.8203,3.707],[142.5682,73.8224,0.0],[142.5667,73.8229,0.0],[142.5583,73.8229,1.8198],[142.5542,73.825,0.0],[142.5458,73.825,5.1635],[142.5417,73.8271,0.0],[142.5333,73.8271,2.4908],[142.5292,73.8292,0.0],[142.5208,73.8292,11.1688],[142.5125,73.8333,0.0],[142.4979,73.8333,14.0174],[142.4964,73.8339,9.3885],[142.4974,73.837,0.0],[142.4958,73.8375,0.0],[142.4854,73.8375,0.0],[142.4792,73.8354,16.341],[142.475,73.8375,10.1243],[142.4667,73.8375,6.3885],[142.4625,73.8396,0.0],[142.4271,73.8417,21.3481],[142.4229,73.8438,0.0],[142.4146,73.8438,0.0],[142.4104,73.8458,0.0],[142.3917,73.8458,0.0],[142.3854,73.8438,17.1788],[142.3813,73.8458,0.0],[142.3646,73.8458,19.9323],[142.3604,73.8479,0.0],[142.3375,73.8479,1.5678],[142.3313,73.85,0.0],[142.3271,73.8479,2.1666],[142.3229,73.8479,1.7865],[142.3188,73.85,0.0],[142.2958,73.85,3.7598],[142.2917,73.8521,0.0],[142.2771,73.8521,0.0],[142.2729,73.8542,0.0],[142.2563,73.8542,0.8017],[142.2547,73.8557,0.0],[142.2578,73.8578,0.0],[142.2464,73.8588,0.0],[142.2422,73.8609,0.0],[142.2432,73.8641,0.0],[142.2417,73.8646,0.0],[142.2333,73.8646,0.0],[142.2292,73.8667,0.0],[142.2146,73.8667,0.0],[142.213,73.8672,0.0],[142.2141,73.8703,0.0],[142.2083,73.8729,0.0],[142.2,73.8729,0.0],[142.1958,73.875,0.0],[142.1812,73.875,5.5556],[142.1755,73.8776,0.0],[142.1766,73.8807,0.0],[142.175,73.8812,0.0],[142.1542,73.8833,0.0],[142.1417,73.8896,0.0],[142.1333,73.8896,1.6499],[142.1276,73.8922,1.543],[142.1286,73.8953,0.0],[142.1271,73.8958,0.0],[142.1187,73.8958,1.8386],[142.1104,73.9,0.0],[142.0958,73.9,7.2857],[142.0943,73.9005,7.5579],[142.0953,73.9036,0.0],[142.0938,73.9042,0.0],[142.0792,73.9042,1.9793]]],
[[[141.3417,73.8396,0.0],[141.3432,73.8411,0.0],[141.338,73.8411,0.0],[141.338,73.8401,0.0],[141.3417,73.8396,0.0]]],
[[[142.4536,73.8464,0.0],[142.4521,73.8479,0.0],[142.4464,73.8474,0.0],[142.4479,73.8458,0.0],[142.4536,73.8464,0.0]]],
[[[141.3901,73.8474,0.0],[141.3953,73.8505,0.0],[141.3995,73.8557,0.0],[141.3875,73.8562,0.0],[141.3859,73.8547,0.0],[141.3911,73.8526,0.0],[141.387,73.8505,0.0],[141.3729,73.85,0.0],[141.3687,73.8479,0.0],[141.3625,73.8479,0.0],[141.3609,73.8464,0.0],[141.3667,73.8438,0.0],[141.3771,73.8438,0.0],[141.3901,73.8474,0.0]]],
[[[143.3786,73.5693,0.0],[143.3771,73.5708,0.0],[143.3714,73.5703,0.0],[143.3729,73.5687,0.0],[143.3786,73.5693,0.0]]],
[[[142.7146,74.8604,0.0],[142.7063,74.8604,0.0],[142.7047,74.8588,0.0],[142.7203,74.8588,0.0],[142.7188,74.8604,0.0],[142.7146,74.8604,0.0]]],
[[[142.7557,74.8818,0.0],[142.7542,74.8833,0.0],[142.7484,74.8828,0.0],[142.75,74.8812,0.0],[142.7557,74.8818,0.0]]],
[[[143.6679,74.9288,0.1162],[143.6625,74.9292,0.3304],[143.6609,74.9276,0.0],[143.6667,74.9271,0.0],[143.6679,74.9288,0.1162]]],
[[[143.7016,74.938,0.0],[143.7,74.9396,0.0],[143.6943,74.9391,0.0],[143.6958,74.9375,0.0],[143.7016,74.938,0.0]]],
[[[143.9396,75.0229,0.2191],[143.9359,75.0224,0.119],[143.9318,75.0193,0.0],[143.9375,75.0188,0.0467],[143.9432,75.0214,0.0593],[143.9396,75.0229,0.2191]]],
[[[142.5911,75.1568,0.0],[142.5896,75.1583,0.0],[142.5838,75.1578,0.0],[142.5854,75.1563,0.0],[142.5911,75.1568,0.0]]],
[[[142.512,75.1943,0.0],[142.5104,75.1958,0.0],[142.5047,75.1953,0.0],[142.5063,75.1937,0.0],[142.512,75.1943,0.0]]],
[[[142.4917,75.2125,0.0],[142.4833,75.2125,0.0],[142.4818,75.2109,0.0],[142.4974,75.2109,0.0],[142.4958,75.2125,0.0],[142.4917,75.2125,0.0]]],
[[[142.4688,75.2146,0.0],[142.4703,75.2161,0.0],[142.4651,75.2161,0.0],[142.4651,75.2151,0.0],[142.4688,75.2146,0.0]]],
[[[142.4912,75.2484,0.0],[142.4896,75.25,0.0],[142.4839,75.2495,0.0],[142.4854,75.2479,0.0],[142.4912,75.2484,0.0]]],
[[[144.8537,75.3026,0.0],[144.8521,75.3042,0.0],[144.8464,75.3037,0.0],[144.8479,75.3021,0.0],[144.8537,75.3026,0.0]]],
[[[144.8266,75.3109,0.0],[144.825,75.3125,0.0],[144.8193,75.312,0.0],[144.8208,75.3104,0.2281],[144.8266,75.3109,0.0]]],
[[[144.7974,75.3318,0.3244],[144.7958,75.3333,0.3222],[144.7901,75.3328,0.0859],[144.7917,75.3313,0.1347],[144.7974,75.3318,0.3244]]],
[[[144.8432,75.4609,1.3189],[144.8417,75.4625,1.0177],[144.8359,75.462,1.0857],[144.8375,75.4604,1.0847],[144.8432,75.4609,1.3189]]],
[[[143.0599,75.6255,0.0],[143.0583,75.6271,0.0],[143.0526,75.6266,0.0],[143.0542,75.625,0.0],[143.0599,75.6255,0.0]]],
[[[149.5021,74.725,0.0],[149.5125,74.725,0.0],[149.5182,74.7286,0.0],[149.5063,74.7271,0.0],[149.5021,74.7292,0.0],[149.4896,74.7292,0.0],[149.4839,74.7266,0.0],[149.4854,74.725,0.0],[149.5021,74.725,0.0]]],
[[[149.5432,74.7359,0.0],[149.5417,74.7375,0.0],[149.5359,74.737,0.0],[149.5375,74.7354,0.0],[149.5432,74.7359,0.0]]],
[[[149.5521,74.7396,0.0],[149.5484,74.738,0.0],[149.5542,74.7354,0.0],[149.5599,74.7359,0.0],[149.5557,74.7391,0.0],[149.5521,74.7396,0.0]]],
[[[149.5146,74.7417,0.0],[149.5161,74.7432,0.0],[149.4979,74.7458,0.0],[149.4937,74.7438,0.0],[149.4859,74.7432,0.0],[149.4818,74.7401,0.0],[149.4979,74.7312,0.0],[149.5104,74.7312,0.0],[149.512,74.7328,0.0],[149.5089,74.7349,0.0],[149.5161,74.738,0.0],[149.513,74.7401,0.0],[149.5146,74.7417,0.0]]],
[[[149.5688,74.7375,0.0],[149.5703,74.7391,0.0],[149.5651,74.7391,0.0],[149.5651,74.738,0.0],[149.5688,74.7375,0.0]]],
[[[149.5432,74.7401,0.0],[149.5417,74.7417,0.0],[149.5359,74.7412,0.0],[149.5375,74.7396,0.0],[149.5432,74.7401,0.0]]],
[[[149.7349,74.7568,0.0],[149.7333,74.7583,0.0],[149.7276,74.7578,0.0],[149.7292,74.7562,0.0],[149.7349,74.7568,0.0]]],
[[[149.7083,74.7583,0.0],[149.7167,74.7562,0.0],[149.7224,74.7599,0.0],[149.7005,74.7599,0.0],[149.7021,74.7583,0.0],[149.7083,74.7583,0.0]]],
[[[149.7557,74.7714,0.0],[149.7542,74.7729,0.0],[149.7484,74.7724,0.0],[149.75,74.7708,0.0],[149.7557,74.7714,0.0]]],
[[[150.6938,74.8646,0.0],[150.6901,74.8641,0.0],[150.6859,74.8609,0.0],[150.6917,74.8604,0.0],[150.6974,74.863,0.0],[150.6938,74.8646,0.0]]],
[[[150.6932,74.9734,0.0],[150.6917,74.975,0.0],[150.6859,74.9745,0.0],[150.6875,74.9729,0.0],[150.6932,74.9734,0.0]]],
[[[150.8286,75.0609,0.0],[150.8271,75.0625,0.0],[150.8214,75.062,0.0],[150.8229,75.0604,0.0],[150.8286,75.0609,0.0]]],
[[[148.3637,74.7663,9.5787],[148.3583,74.7667,4.6058],[148.3568,74.7651,0.0],[148.3625,74.7646,6.8223],[148.3637,74.7663,9.5787]]],
[[[148.1411,74.7859,0.0],[148.1396,74.7875,0.0],[148.1339,74.787,0.0],[148.1354,74.7854,0.0],[148.1411,74.7859,0.0]]],
[[[148.1229,74.7917,0.0],[148.1193,74.7901,0.0],[148.1271,74.7875,0.0],[148.1328,74.7901,0.0],[148.1313,74.7917,0.0],[148.1229,74.7917,0.0]]],
[[[146.4604,75.1479,0.0],[146.462,75.1495,0.0],[146.4568,75.1495,0.0],[146.4568,75.1484,0.0],[146.4604,75.1479,0.0]]],
[[[150.5734,75.1005,0.0],[150.5766,75.0995,8.197],[150.5734,75.0974,4.8605],[150.575,75.0958,2.8617],[150.5938,75.0958,0.6336],[150.5979,75.0979,2.1793],[150.6062,75.0979,0.9913],[150.612,75.1016,3.8276],[150.6057,75.1057,0.0],[150.6,75.1062,0.0],[150.5958,75.1042,1.9374],[150.575,75.1021,0.0],[150.5734,75.1005,0.0]]],
[[[150.6229,75.1062,2.828],[150.6167,75.1062,2.9521],[150.6151,75.1047,1.9821],[150.6292,75.1042,1.0731],[150.6349,75.1078,0.9959],[150.6292,75.1083,0.0],[150.6229,75.1062,2.828]]],
[[[150.7104,75.1312,0.0],[150.7026,75.1276,0.6535],[150.7083,75.1271,0.7764],[150.7141,75.1297,0.0],[150.7104,75.1312,0.0]]],
[[[151.9536,75.1464,0.0],[151.9521,75.1479,0.0],[151.9464,75.1474,0.0],[151.9479,75.1458,0.0],[151.9536,75.1464,0.0]]],
[[[146.3891,75.1484,0.0],[146.3875,75.15,0.0],[146.3818,75.1495,0.0],[146.3833,75.1479,0.0],[146.3891,75.1484,0.0]]],
[[[146.5042,75.5875,32.7164],[146.4896,75.5875,39.2857],[146.4854,75.5896,0.0],[146.4812,75.5896,0.0],[146.4771,75.5875,19.9185],[146.4604,75.5875,0.0],[146.4521,75.5833,22.1924],[146.4422,75.5828,6.3918],[146.4312,75.5771,8.3774],[146.4229,75.5771,0.0],[146.4193,75.5745,0.0],[146.4224,75.5714,0.0],[146.4151,75.5682,0.0],[146.4182,75.5651,0.0],[146.4016,75.5568,8.2199],[146.3901,75.5557,0.0],[146.388,75.5526,0.0],[146.3911,75.5505,1.7828],[146.3797,75.5495,0.0],[146.3813,75.5479,0.0],[146.3911,75.5474,4.9092],[146.3797,75.5411,0.0],[146.3828,75.5391,0.0],[146.3797,75.537,0.0],[146.3813,75.5354,0.0],[146.3896,75.5354,0.325],[146.3938,75.5333,0.3124],[146.4063,75.5333,0.0993],[146.4104,75.5354,0.1302],[146.4146,75.5354,0.3954],[146.4187,75.5333,0.0558],[146.4307,75.5328,0.3568],[146.4292,75.5313,0.2605],[146.4208,75.5313,0.266],[146.4167,75.5292,0.0953],[146.3917,75.5292,0.3626],[146.3818,75.5245,0.0],[146.3932,75.5182,6.3866],[146.3901,75.5162,0.0],[146.3917,75.5146,0.0],[146.4104,75.5146,0.3591],[146.4146,75.5125,0.2566],[146.4229,75.5125,0.5378],[146.4328,75.5078,0.3391],[146.4089,75.4953,0.0],[146.4141,75.4922,3.0351],[146.4068,75.4891,1.1938],[146.4099,75.4859,0.273],[146.4068,75.4838,0.159],[146.4182,75.4786,1.0232],[146.4151,75.4766,0.295],[146.4167,75.475,0.1964],[146.45,75.475,0.223],[146.4578,75.4724,0.2954],[146.4547,75.4693,0.1185],[146.4578,75.4672,0.3672],[146.4521,75.4667,1.6848],[146.4479,75.4688,-0.0435],[146.4271,75.4708,0.4162],[146.4229,75.4729,0.0897],[146.4125,75.4729,0.6981],[146.4083,75.475,0.2255],[146.4,75.475,3.0003],[146.3958,75.4771,1.9545],[146.3901,75.4766,0.0],[146.388,75.4734,3.2971],[146.3911,75.4714,10.9333],[146.3755,75.4641,0.0],[146.3786,75.4609,1.2925],[146.3714,75.4578,0.0],[146.3766,75.4547,1.5452],[146.3667,75.4542,0.0],[146.3609,75.4516,0.0],[146.3641,75.4484,0.0],[146.3609,75.4464,0.0],[146.3641,75.4443,1.5598],[146.3526,75.4391,0.0],[146.3505,75.4359,0.2082],[146.3537,75.4339,5.8454],[146.3313,75.4313,0.0],[146.3229,75.4271,2.263],[146.3146,75.4271,0.0],[146.3062,75.4229,10.741],[146.2875,75.4208,0.0],[146.275,75.4146,8.7886],[146.2651,75.4141,0.0],[146.238,75.3984,0.0],[146.2604,75.3958,-0.2402],[146.2646,75.3938,-0.4107],[146.2729,75.3938,-0.4507],[146.2745,75.3922,-0.1862],[146.2688,75.3896,3.5323],[146.2479,75.3896,2.3895],[146.2464,75.3912,1.8606],[146.2495,75.3932,-0.0712],[146.2437,75.3938,0.13],[146.2276,75.3891,0.0],[146.2307,75.3859,5.9543],[146.2234,75.3828,0.0],[146.2307,75.3786,0.0],[146.2255,75.3734,0.0],[146.237,75.3724,6.4138],[146.2354,75.3708,0.0],[146.2271,75.3708,0.0],[146.2255,75.3693,0.0],[146.2312,75.3667,0.0],[146.2412,75.3662,10.9411],[146.238,75.3641,0.0],[146.2412,75.362,0.0],[146.238,75.3599,0.0],[146.2412,75.3578,0.0],[146.2401,75.3547,0.0],[146.2432,75.3536,0.0],[146.2401,75.3505,0.0],[146.25,75.3458,0.0],[146.2599,75.3453,15.3903],[146.2568,75.3432,0.0],[146.2599,75.3401,0.0],[146.2568,75.338,0.0],[146.2682,75.337,14.3082],[146.263,75.3318,0.0],[146.2745,75.3307,9.895],[146.2672,75.3255,0.0],[146.2729,75.3229,0.0],[146.2828,75.3224,3.1241],[146.2797,75.3193,0.3215],[146.3578,75.3182,0.4613],[146.3562,75.3167,-0.0483],[146.3479,75.3167,0.0173],[146.3438,75.3146,0.0735],[146.3208,75.3146,0.1974],[146.3167,75.3125,-0.1912],[146.3,75.3125,0.0838],[146.2958,75.3104,5.6561],[146.2875,75.3104,0.1615],[146.2713,75.3016,0.0],[146.2828,75.2953,0.0],[146.2797,75.2922,0.0],[146.2912,75.287,0.0],[146.288,75.2849,0.0],[146.2912,75.2828,0.0],[146.2901,75.2797,0.0],[146.2958,75.2771,0.0],[146.3167,75.275,0.0312],[146.3182,75.2734,-0.2415],[146.3151,75.2714,-0.205],[146.325,75.2708,0.5842],[146.3266,75.2693,0.0126],[146.3208,75.2667,-0.0909],[146.3083,75.2667,-0.0663],[146.3,75.2708,-0.0568],[146.2958,75.2708,-0.0246],[146.2917,75.2688,2.1426],[146.2833,75.2688,0.0],[146.2792,75.2667,0.0986],[146.2646,75.2667,0.0],[146.2333,75.25,5.1786],[146.2167,75.25,0.0],[146.2083,75.2458,-0.1443],[146.1854,75.2458,0.0],[146.1812,75.2438,0.2833],[146.1729,75.2438,0.1241],[146.1604,75.2375,-0.0968],[146.1458,75.2375,0.0],[146.1417,75.2354,0.1796],[146.1375,75.2354,0.1794],[146.1333,75.2375,-0.1487],[146.1292,75.2375,0.6194],[146.1234,75.2349,0.5071],[146.1266,75.2318,0.7926],[146.1234,75.2297,0.0],[146.1547,75.2151,0.0],[146.1662,75.2141,8.3787],[146.163,75.2109,0.0],[146.187,75.2078,7.5244],[146.1797,75.2037,0.0],[146.1812,75.2021,0.0],[146.1938,75.2042,6.8895],[146.2088,75.1964,0.0],[146.2203,75.1953,0.0],[146.2193,75.1922,0.0],[146.2208,75.1917,0.0],[146.2417,75.1896,13.2015],[146.2542,75.1833,0.0],[146.2708,75.1833,3.6531],[146.2724,75.1818,8.9811],[146.2693,75.1797,0.0],[146.2807,75.1787,5.939],[146.2776,75.1755,0.0],[146.2958,75.175,7.5534],[146.2974,75.1734,6.0071],[146.2943,75.1713,0.0],[146.3042,75.1708,0.0],[146.3125,75.1667,0.0],[146.3208,75.1667,0.0],[146.3292,75.1625,0.0],[146.3375,75.1625,0.0],[146.3417,75.1604,0.0],[146.3583,75.1604,0.0],[146.3625,75.1583,0.0],[146.3792,75.1583,0.0],[146.3833,75.1563,0.0],[146.4083,75.1563,5.65],[146.4125,75.1542,0.0],[146.4354,75.1542,0.0],[146.4396,75.1521,0.0],[146.4646,75.1521,5.8955],[146.4771,75.1458,0.0],[146.5146,75.1438,2.0225],[146.5188,75.1417,0.0],[146.5354,75.1417,9.6456],[146.5396,75.1396,0.0],[146.5562,75.1396,18.0851],[146.5672,75.1339,0.0],[146.5771,75.1333,1.4626],[146.5854,75.1292,0.0],[146.6021,75.1292,9.7653],[146.6187,75.1208,0.0],[146.6438,75.1208,7.7881],[146.6521,75.1167,0.0],[146.6687,75.1167,0.1573],[146.6729,75.1146,0.0],[146.6958,75.1146,6.3944],[146.7,75.1125,0.0],[146.7083,75.1125,2.8632],[146.7125,75.1104,0.0],[146.7208,75.1104,0.0],[146.725,75.1083,0.0],[146.7417,75.1083,7.0735],[146.7542,75.1021,0.0],[146.7724,75.1016,2.596],[146.7693,75.0995,0.0],[146.7708,75.0979,0.0],[146.7875,75.0979,5.5456],[146.7891,75.0964,2.2623],[146.7859,75.0943,0.0],[146.7958,75.0938,0.0],[146.8042,75.0896,0.0],[146.8125,75.0896,1.7547],[146.8208,75.0854,0.0],[146.8292,75.0854,0.0],[146.8417,75.0792,0.0],[146.8583,75.0792,7.1534],[146.8667,75.075,0.0],[146.875,75.075,11.1479],[146.8833,75.0708,0.0],[146.8932,75.0703,4.6271],[146.9,75.0667,0.0],[146.9187,75.0646,9.326],[146.9271,75.0604,0.0],[146.9479,75.0583,0.0],[146.9563,75.0542,0.0],[146.9729,75.0542,1.2288],[146.9771,75.0521,0.0],[146.9854,75.0521,0.7899],[146.987,75.0505,0.0],[146.9839,75.0495,0.0],[146.9854,75.0479,0.0],[147.0021,75.0479,0.881],[147.0104,75.0437,0.0],[147.0188,75.0437,2.4375],[147.0203,75.0422,2.3858],[147.0172,75.0401,0.0],[147.0286,75.0391,8.9869],[147.0255,75.0359,0.0],[147.0354,75.0354,0.0],[147.0412,75.0328,4.7384],[147.038,75.0297,0.0],[147.0604,75.0271,25.9624],[147.0661,75.0245,20.2158],[147.0646,75.0229,0.0],[147.0547,75.0224,0.0],[147.0589,75.0193,0.0],[147.0771,75.0188,0.0],[147.0813,75.0167,0.0],[147.0896,75.0167,21.1116],[147.0911,75.0151,0.0],[147.088,75.013,0.0],[147.0922,75.0109,0.0],[147.1146,75.0083,0.0],[147.1187,75.0062,0.0],[147.1292,75.0083,37.1268],[147.1349,75.0057,22.0591],[147.1339,75.0026,0.0],[147.1396,75.0,0.0],[147.175,74.9979,0.0],[147.1792,74.9958,0.0],[147.1958,74.9958,0.0],[147.2,74.9938,0.0],[147.2229,74.9938,2.2759],[147.2271,74.9917,0.0],[147.2354,74.9917,0.0],[147.2396,74.9896,0.0],[147.2479,74.9896,0.0],[147.2521,74.9875,0.0],[147.2688,74.9875,0.0],[147.2729,74.9854,0.0],[147.2958,74.9854,6.6948],[147.3,74.9833,0.0],[147.325,74.9833,22.3078],[147.3292,74.9812,0.0],[147.3458,74.9812,8.15],[147.35,74.9792,0.0],[147.3646,74.9792,6.8193],[147.3687,74.9771,0.0],[147.3854,74.9771,0.0],[147.3896,74.975,0.0],[147.4021,74.9771,21.7983],[147.4063,74.975,0.0],[147.4208,74.975,0.0],[147.425,74.9729,0.0],[147.4896,74.9729,0.0],[147.4937,74.9708,0.0],[147.4979,74.9708,0.0],[147.5021,74.9729,0.0],[147.5146,74.9729,7.3953],[147.5188,74.9708,0.0],[147.5583,74.9708,14.3997],[147.5625,74.9688,0.0],[147.5958,74.9688,5.9966],[147.6104,74.9646,0.0],[147.6271,74.9646,13.4854],[147.6354,74.9604,0.0],[147.6521,74.9604,6.9663],[147.6604,74.9563,0.0],[147.6667,74.9563,0.0],[147.6708,74.9542,0.0],[147.6875,74.9542,1.6085],[147.6984,74.9484,0.0],[147.7083,74.9479,6.5481],[147.7182,74.9432,13.5319],[147.7151,74.9401,0.0],[147.7193,74.938,0.0],[147.7307,74.937,0.0],[147.7443,74.9297,0.0],[147.7521,74.9292,0.0],[147.7578,74.9266,0.0],[147.7568,74.9234,0.0],[147.7646,74.9229,0.0],[147.7703,74.9203,0.0],[147.7672,74.9172,0.0],[147.7703,74.9151,0.0],[147.7672,74.913,0.0],[147.7771,74.9125,4.3955],[147.7828,74.9099,0.0],[147.7797,74.9068,0.0],[147.7854,74.9063,0.0],[147.7896,74.9083,8.0862],[147.7937,74.9083,12.2765],[147.7979,74.9063,0.0],[147.8146,74.9063,9.1906],[147.8203,74.9036,15.782],[147.8172,74.9005,0.0],[147.8349,74.8995,7.0808],[147.8318,74.8964,0.0],[147.8432,74.8953,0.0],[147.8625,74.8854,0.0],[147.8792,74.8854,0.0],[147.8807,74.8839,0.0],[147.8776,74.8818,0.0],[147.8833,74.8792,0.0],[147.8917,74.8792,11.3943],[147.8979,74.875,0.0],[147.9063,74.875,0.0],[147.9187,74.8688,0.0],[147.9411,74.8662,9.6002],[147.9547,74.8588,0.0],[147.9641,74.8578,0.0],[147.9609,74.8547,0.0],[147.9693,74.8505,0.0],[147.9807,74.8495,6.604],[147.9776,74.8474,0.0],[147.9807,74.8443,0.0],[147.9776,74.8422,0.0],[147.9958,74.8417,5.9216],[148.0016,74.8391,0.0],[147.9984,74.8359,0.0],[148.0016,74.8339,0.0],[147.9984,74.8318,0.0],[148.0068,74.8276,0.0],[148.0271,74.825,1.4195],[148.0354,74.8208,0.0],[148.0453,74.8203,0.0],[148.0521,74.8167,0.0],[148.0604,74.8167,4.1515],[148.062,74.8151,5.2239],[148.0589,74.813,0.0],[148.0792,74.8104,0.0],[148.0943,74.8026,0.0],[148.1042,74.8021,0.0],[148.1099,74.7995,0.0],[148.1026,74.7953,0.0],[148.1042,74.7937,0.0],[148.1354,74.7937,0.0],[148.1396,74.7917,0.0],[148.1479,74.7917,0.0],[148.1589,74.7859,0.0],[148.1667,74.7854,0.0],[148.1708,74.7833,0.0],[148.1792,74.7833,0.0],[148.1833,74.7813,0.0],[148.2,74.7813,0.0],[148.2042,74.7792,0.0],[148.2188,74.7792,0.0],[148.2229,74.7771,0.0],[148.2354,74.7792,0.0],[148.2479,74.7729,0.0],[148.2625,74.7729,0.0],[148.2667,74.7708,0.0],[148.2833,74.7708,0.0],[148.2875,74.7688,0.0],[148.3104,74.7688,12.001],[148.3146,74.7667,0.0],[148.3375,74.7667,5.2292],[148.3417,74.7646,0.0],[148.3458,74.7646,0.0],[148.3542,74.7688,0.7258],[148.3708,74.7688,0.0],[148.3771,74.7708,0.0],[148.3786,74.7703,0.0],[148.3776,74.7672,0.0],[148.3854,74.7667,0.0],[148.3896,74.7646,0.0],[148.4146,74.7646,0.0],[148.4187,74.7625,0.0],[148.4583,74.7625,0.4594],[148.4599,74.7609,0.0],[148.4568,74.7599,0.0],[148.4583,74.7583,0.0],[148.4729,74.7583,0.0],[148.4771,74.7562,0.0],[148.5,74.7562,0.0],[148.5042,74.7542,0.0],[148.5208,74.7542,12.6937],[148.525,74.7521,0.0],[148.5562,74.7521,8.0089],[148.5604,74.75,0.0],[148.6,74.75,0.0],[148.6042,74.7479,0.0],[148.6167,74.75,4.1786],[148.6208,74.7479,0.0],[148.6286,74.7474,0.0],[148.6255,74.7443,0.0],[148.6354,74.7438,0.0],[148.6396,74.7417,0.0],[148.6563,74.7417,0.0],[148.6625,74.7396,0.0],[148.6667,74.7417,0.0],[148.6792,74.7417,6.3424],[148.6833,74.7396,0.0],[148.6979,74.7396,6.605],[148.7021,74.7375,0.0],[148.7625,74.7375,0.0],[148.7641,74.7391,0.0],[148.7599,74.7412,2.3501],[148.75,74.7417,0.7827],[148.7484,74.7432,0.0594],[148.7625,74.7438,0.2746],[148.775,74.7375,0.0],[148.8021,74.7375,0.0],[148.8062,74.7396,0.0],[148.8729,74.7396,1.0553],[148.8771,74.7375,0.0],[148.8958,74.7354,0.0],[148.9,74.7333,0.0],[148.9396,74.7333,0.0],[148.9438,74.7312,0.0],[148.9604,74.7312,0.0],[148.9688,74.7271,0.0],[148.9792,74.7271,0.0],[148.9833,74.7292,0.0],[149.0146,74.7292,0.0],[149.0188,74.7312,0.0],[149.0313,74.7312,4.7789],[149.0354,74.7292,0.0],[149.0813,74.7292,11.2268],[149.0854,74.7271,0.0],[149.0979,74.7271,0.0],[149.1021,74.7292,0.0],[149.1333,74.7292,0.0],[149.1375,74.7312,5.6856],[149.15,74.7312,5.7442],[149.1583,74.7271,0.0],[149.1771,74.7271,0.0],[149.1812,74.7292,0.0],[149.1896,74.7292,0.0],[149.1979,74.7333,0.0],[149.2125,74.7333,0.0],[149.2167,74.7354,0.0],[149.2375,74.7354,2.9428],[149.2417,74.7333,0.0],[149.2688,74.7333,0.0],[149.2771,74.7375,10.3564],[149.2917,74.7375,0.0],[149.2958,74.7396,13.7306],[149.3521,74.7396,0.0],[149.3604,74.7438,0.8026],[149.3646,74.7438,1.0768],[149.3687,74.7417,0.0],[149.3958,74.7417,0.0],[149.4,74.7438,0.0],[149.4042,74.7438,0.0],[149.4083,74.7417,0.0],[149.4187,74.7417,0.0],[149.4271,74.7458,0.0],[149.4521,74.7458,0.0],[149.4583,74.7479,0.0],[149.4625,74.7458,0.0],[149.4667,74.7458,0.0],[149.475,74.75,1.6925],[149.5,74.75,0.0],[149.5042,74.7521,1.1431],[149.5146,74.7521,1.6897],[149.5188,74.75,0.0],[149.5583,74.75,0.0],[149.5625,74.7479,0.0],[149.5813,74.7479,0.0],[149.5911,74.7526,0.0],[149.588,74.7557,0.0],[149.6062,74.7562,0.0],[149.6104,74.7583,0.8962],[149.6146,74.7583,0.0],[149.6187,74.7562,0.0],[149.6458,74.7562,0.0],[149.65,74.7583,0.0],[149.6625,74.7583,0.0],[149.6667,74.7562,0.0],[149.6812,74.7562,0.0],[149.6896,74.7521,0.0],[149.7083,74.7521,0.0],[149.7099,74.7536,0.0],[149.7078,74.7557,0.0],[149.6979,74.7562,0.0],[149.6922,74.7589,0.0],[149.6953,74.762,0.0],[149.688,74.7662,0.0],[149.6938,74.7667,0.0],[149.6979,74.7646,0.0],[149.7021,74.7646,0.0],[149.7104,74.7688,0.0],[149.7188,74.7688,0.0],[149.7271,74.7729,0.0],[149.7417,74.7729,0.0],[149.7542,74.7792,1.0511],[149.7625,74.7792,0.0],[149.7667,74.7813,1.5181],[149.7979,74.7813,0.0],[149.8021,74.7833,3.1577],[149.8062,74.7833,3.6172],[149.8104,74.7813,0.0],[149.8146,74.7813,0.0],[149.8188,74.7833,2.8491],[149.8417,74.7833,0.0],[149.8458,74.7854,0.0],[149.8625,74.7854,0.0],[149.8708,74.7896,0.0],[149.8917,74.7917,0.0],[149.9042,74.7979,1.9858],[149.9396,74.8,0.0],[149.9438,74.8021,4.2922],[149.9917,74.8021,0.0],[150.0042,74.8083,4.0113],[150.0125,74.8083,0.0],[150.0208,74.8125,0.0],[150.0354,74.8125,0.0],[150.0437,74.8167,4.7058],[150.0562,74.8146,0.0],[150.0604,74.8167,0.0],[150.0688,74.8167,0.0],[150.0729,74.8187,0.0],[150.1125,74.8187,0.0],[150.1167,74.8208,8.6491],[150.1333,74.8208,0.0],[150.1375,74.8229,9.1906],[150.1438,74.8208,0.0],[150.1563,74.8208,0.0],[150.1604,74.8229,15.0086],[150.1771,74.8229,0.0],[150.1812,74.825,12.3521],[150.2208,74.825,0.0],[150.225,74.8271,0.0],[150.2479,74.8271,0.0],[150.2521,74.8292,5.9943],[150.2688,74.8292,0.0],[150.2729,74.8313,6.2846],[150.3042,74.8313,0.0],[150.3125,74.8354,16.8033],[150.3167,74.8354,9.9984],[150.3208,74.8333,0.0],[150.3333,74.8333,0.0],[150.3375,74.8354,0.0],[150.3521,74.8354,0.0],[150.3562,74.8375,17.5518],[150.3729,74.8375,0.0],[150.3771,74.8396,19.8996],[150.3854,74.8396,13.106],[150.3896,74.8417,16.1937],[150.4146,74.8417,0.0],[150.4292,74.8458,5.0684],[150.4458,74.8458,0.0],[150.45,74.8479,17.1694],[150.4625,74.8458,0.0],[150.4641,74.8474,0.0],[150.4609,74.8495,15.2247],[150.4667,74.8521,18.5437],[150.4833,74.8521,0.0],[150.4875,74.8542,9.0405],[150.4958,74.8542,0.0],[150.5,74.8562,0.0],[150.5063,74.8562,0.0],[150.5167,74.8604,14.5868],[150.5271,74.8583,0.0],[150.5313,74.8604,0.0],[150.5479,74.8604,0.0],[150.5521,74.8625,0.0],[150.5792,74.8625,12.4027],[150.5833,74.8604,0.0],[150.5958,74.8604,0.0],[150.6,74.8625,10.0423],[150.6042,74.8625,4.5375],[150.6083,74.8604,0.0],[150.6125,74.8604,0.0],[150.6167,74.8625,0.0],[150.6271,74.8625,0.0],[150.6354,74.8583,0.0],[150.6396,74.8583,0.0],[150.6438,74.8604,0.0],[150.6542,74.8604,0.0],[150.6557,74.8588,0.0],[150.6484,74.8547,0.0],[150.6667,74.8521,0.0],[150.6682,74.8536,0.0],[150.6651,74.8557,0.0],[150.675,74.8562,0.0],[150.6766,74.8578,0.0],[150.6667,74.8583,0.0],[150.6651,74.8599,0.0],[150.675,74.8604,0.0],[150.6766,74.862,0.0],[150.6604,74.8625,0.0],[150.6563,74.8646,0.0],[150.6396,74.8646,6.813],[150.6276,74.8714,0.8348],[150.6307,74.8745,9.2988],[150.6193,74.8755,13.9268],[150.6208,74.8771,6.9466],[150.6292,74.8771,2.637],[150.6375,74.8812,0.0],[150.6474,74.8818,0.0],[150.6463,74.8849,0.0],[150.6495,74.887,0.0],[150.6463,74.8891,15.1582],[150.6495,74.8912,0.0],[150.6463,74.8932,7.0942],[150.6495,74.8953,0.0],[150.6463,74.8974,6.0174],[150.6495,74.8984,1.5112],[150.6484,74.9016,5.6075],[150.6557,74.9047,5.279],[150.6484,74.9099,9.2737],[150.6703,74.9193,0.0],[150.6589,74.9266,5.8033],[150.6787,74.9276,0.0],[150.6771,74.9292,0.0],[150.6687,74.9292,0.594],[150.6672,74.9307,3.9773],[150.6724,74.9318,0.0],[150.6693,74.9349,10.8635],[150.6792,74.9354,0.0],[150.6849,74.938,0.0],[150.6818,74.9411,0.0],[150.6891,74.9443,0.0],[150.6859,74.9474,10.977],[150.6891,74.9484,13.8667],[150.688,74.9516,14.0394],[150.6911,74.9526,14.494],[150.688,74.9557,10.0427],[150.6995,74.9568,0.0],[150.6938,74.9604,0.0],[150.6859,74.9609,6.5581],[150.6891,74.9641,0.0],[150.6807,74.9682,0.0],[150.6693,74.9693,0.0],[150.6745,74.9714,0.0],[150.6703,74.9745,0.0],[150.6589,74.9755,2.4364],[150.6703,74.9828,0.0],[150.6625,74.9833,0.0],[150.6568,74.987,7.0395],[150.6953,75.0047,0.0],[150.6922,75.0078,0.0],[150.7047,75.0141,8.2132],[150.7146,75.0146,10.2442],[150.7203,75.0172,12.0608],[150.7188,75.0188,9.2501],[150.7125,75.0188,11.2288],[150.7068,75.0214,4.964],[150.7109,75.0245,6.671],[150.7167,75.025,10.5142],[150.7208,75.0229,4.8173],[150.725,75.0229,4.8102],[150.7292,75.025,4.9009],[150.7375,75.025,0.0],[150.7391,75.0266,5.3734],[150.7359,75.0286,5.7138],[150.7375,75.0292,6.2882],[150.7583,75.0313,4.6069],[150.7708,75.0375,3.6445],[150.7792,75.0375,0.0],[150.7875,75.0417,6.4704],[150.7974,75.0422,0.0],[150.7943,75.0453,5.786],[150.8037,75.0484,0.0],[150.8005,75.0516,6.5615],[150.8104,75.0521,0.0],[150.812,75.0537,0.0],[150.7979,75.0542,1.7622],[150.7937,75.0521,1.4649],[150.7854,75.0521,1.0477],[150.7839,75.0505,0.974],[150.787,75.0484,3.3818],[150.7854,75.0479,2.9037],[150.7797,75.0484,0.6079],[150.7755,75.0516,0.952],[150.7854,75.0563,2.1055],[150.7937,75.0563,0.5209],[150.8057,75.0609,0.0],[150.8026,75.0641,0.5775],[150.8141,75.0651,0.0],[150.8182,75.0672,0.0],[150.8151,75.0703,5.0733],[150.8193,75.0724,4.6425],[150.8307,75.0734,0.0],[150.8214,75.0807,3.1385],[150.8328,75.0818,0.0],[150.8667,75.0979,3.778],[150.875,75.0979,0.0],[150.8833,75.1021,0.0],[150.8932,75.1026,0.0],[150.8901,75.1047,0.0],[150.8917,75.1062,0.0],[150.9125,75.1083,0.0],[150.9167,75.1104,0.0],[150.925,75.1104,0.0],[150.9401,75.1182,10.0305],[150.95,75.1188,0.0],[150.962,75.1234,0.0],[150.9588,75.1266,15.4704],[150.962,75.1286,14.1079],[150.9542,75.1333,0.0],[150.9458,75.1333,25.3452],[150.9375,75.1375,12.5762],[150.9292,75.1375,30.1741],[150.925,75.1396,0.0],[150.9146,75.1375,39.8151],[150.913,75.1391,34.1634],[150.9162,75.1412,14.0197],[150.9146,75.1417,0.0],[150.8896,75.1417,39.4518],[150.888,75.1432,38.1989],[150.8911,75.1443,0.0],[150.8896,75.1458,0.0],[150.8708,75.1458,0.0],[150.8667,75.1438,29.5515],[150.8625,75.1438,26.7054],[150.8583,75.1458,0.0],[150.8458,75.1458,0.0],[150.8417,75.1438,25.6956],[150.8292,75.1438,19.4312],[150.825,75.1458,0.0],[150.8208,75.1458,0.0],[150.8167,75.1438,13.3572],[150.8083,75.1438,0.0],[150.8042,75.1417,27.3834],[150.8,75.1417,22.2163],[150.7958,75.1438,0.0],[150.7854,75.1438,0.0],[150.775,75.1396,14.8985],[150.7667,75.1396,0.0],[150.7625,75.1375,11.7082],[150.7479,75.1375,0.0],[150.7375,75.1333,1.0618],[150.7292,75.1333,0.0],[150.7234,75.1307,0.0],[150.7266,75.1276,1.7899],[150.7234,75.1255,0.9181],[150.7333,75.125,1.9462],[150.7375,75.1229,1.0829],[150.7521,75.1229,0.9522],[150.7536,75.1214,1.136],[150.7505,75.1193,1.1355],[150.7604,75.1188,1.2118],[150.762,75.1172,2.0228],[150.738,75.1141,0.7516],[150.7297,75.1099,1.2438],[150.7307,75.1068,1.5317],[150.725,75.1042,1.7051],[150.7167,75.1042,1.1209],[150.7125,75.1021,1.1117],[150.7042,75.1021,1.2507],[150.7,75.1,1.5785],[150.6792,75.0979,1.1457],[150.675,75.0958,1.2612],[150.6667,75.0958,0.9805],[150.6651,75.0943,1.1761],[150.6682,75.0922,1.3773],[150.6583,75.0875,1.4646],[150.6417,75.0875,1.0125],[150.6375,75.0854,1.8669],[150.6333,75.0854,2.4578],[150.6292,75.0875,0.8973],[150.625,75.0875,0.8523],[150.6208,75.0854,1.0876],[150.6083,75.0854,1.041],[150.6021,75.0875,1.0741],[150.5979,75.0854,1.2338],[150.5896,75.0854,1.1435],[150.5854,75.0833,1.2417],[150.5771,75.0833,1.3077],[150.5729,75.0813,1.3483],[150.5479,75.0813,1.5044],[150.5437,75.0792,1.1239],[150.5271,75.0792,1.3759],[150.5229,75.0771,1.1686],[150.5104,75.0771,1.2845],[150.5047,75.0807,1.003],[150.5167,75.0854,0.9746],[150.5229,75.0833,1.497],[150.5437,75.0833,1.2379],[150.5479,75.0854,0.7249],[150.5562,75.0854,1.223],[150.5646,75.0896,1.4349],[150.5729,75.0896,1.4161],[150.5745,75.0911,1.5145],[150.5688,75.0938,1.1673],[150.5583,75.0938,1.2352],[150.5542,75.0917,1.5584],[150.55,75.0917,1.5412],[150.5458,75.0938,2.3564],[150.5375,75.0938,3.1661],[150.5333,75.0958,4.9287],[150.5104,75.0958,7.1457],[150.5063,75.0979,9.7112],[150.4937,75.0958,6.8957],[150.4922,75.0974,7.7375],[150.4953,75.0995,8.3647],[150.4937,75.1,0.0],[150.4771,75.1,7.0667],[150.4625,75.1042,0.0],[150.4458,75.1042,11.1962],[150.4443,75.1057,11.751],[150.4474,75.1078,0.0],[150.4458,75.1083,0.0],[150.4312,75.1083,16.133],[150.4271,75.1104,0.0],[150.4104,75.1104,12.7729],[150.4063,75.1125,7.2558],[150.3979,75.1125,10.4162],[150.3938,75.1146,0.0],[150.3875,75.1146,5.6039],[150.3792,75.1188,0.0],[150.3693,75.1193,6.8958],[150.3724,75.1224,0.0],[150.3667,75.125,13.3246],[150.3589,75.1255,16.4276],[150.362,75.1276,0.0],[150.3604,75.1292,0.0],[150.3338,75.1297,8.1022],[150.337,75.1328,5.5989],[150.3292,75.1375,4.7625],[150.3125,75.1375,2.647],[150.3083,75.1396,0.7613],[150.2875,75.1396,1.239],[150.2792,75.1354,1.4183],[150.2693,75.1349,1.2166],[150.2724,75.1328,2.2053],[150.2708,75.1312,2.5327],[150.2667,75.1312,1.6248],[150.2625,75.1333,1.1087],[150.25,75.1333,1.3345],[150.2437,75.1312,1.3357],[150.2422,75.1328,1.4815],[150.2464,75.1349,1.4244],[150.2563,75.1354,0.7615],[150.262,75.138,1.3584],[150.2604,75.1396,1.2555],[150.2505,75.1401,1.387],[150.2464,75.1432,1.6191],[150.2729,75.1438,0.9224],[150.2786,75.1464,0.7101],[150.2755,75.1495,1.1532],[150.2813,75.1521,2.0699],[150.2937,75.1521,2.6896],[150.2979,75.15,0.6724],[150.3021,75.15,0.7424],[150.312,75.1557,0.0],[150.3042,75.1563,3.3092],[150.2943,75.1609,11.6584],[150.3016,75.1661,0.0],[150.2901,75.1672,14.3952],[150.288,75.1703,10.1885],[150.2912,75.1724,0.0],[150.2729,75.1729,22.7681],[150.2713,75.1745,25.0416],[150.2745,75.1766,5.1009],[150.263,75.1776,24.0156],[150.2609,75.1797,19.8992],[150.2641,75.1818,0.0],[150.2625,75.1833,0.0],[150.2417,75.1854,17.8991],[150.2333,75.1896,0.0],[150.2188,75.1896,24.3212],[150.2104,75.1937,0.0],[150.2021,75.1937,6.038],[150.2005,75.1953,0.0],[150.2104,75.1958,0.0],[150.212,75.1974,0.0],[150.2021,75.1979,0.0],[150.1979,75.2,0.0],[150.1917,75.1979,0.0],[150.1792,75.2,0.0],[150.175,75.1979,8.2292],[150.1708,75.1979,10.0343],[150.1625,75.2021,0.0],[150.1526,75.2026,17.7027],[150.1557,75.2057,0.0],[150.15,75.2083,0.0],[150.1396,75.2083,0.0],[150.1313,75.2042,32.2856],[150.1187,75.2042,28.8993],[150.1146,75.2063,0.0],[150.0979,75.2063,19.0],[150.0938,75.2083,0.0],[150.0896,75.2083,0.0],[150.0854,75.2063,11.732],[150.0562,75.2083,0.0],[150.05,75.2063,3.7871],[150.0458,75.2083,0.0],[150.0417,75.2083,0.0],[150.0375,75.2063,3.169],[150.025,75.2063,3.729],[150.0208,75.2083,5.2361],[150.0042,75.2083,13.4561],[150.0,75.2104,0.0],[149.9688,75.2104,4.2286],[149.9604,75.2146,0.0],[149.9547,75.2141,0.0],[149.9578,75.2109,4.5659],[149.9521,75.2104,4.6768],[149.9479,75.2125,0.0],[149.9063,75.2125,7.5566],[149.8917,75.2167,0.0],[149.8875,75.2167,0.0],[149.8833,75.2146,0.0],[149.8792,75.2146,0.0],[149.875,75.2167,0.0],[149.8542,75.2167,0.0],[149.85,75.2146,6.18],[149.8458,75.2146,5.6141],[149.8417,75.2167,0.0],[149.8292,75.2167,0.673],[149.825,75.2146,1.6296],[149.8208,75.2146,0.9306],[149.8167,75.2167,2.7594],[149.8104,75.2167,2.9625],[149.8021,75.2208,0.0],[149.7646,75.2208,0.6879],[149.763,75.2193,0.3242],[149.7661,75.2182,3.2357],[149.7646,75.2167,2.6263],[149.7354,75.2188,0.0543],[149.7312,75.2167,0.8081],[149.7271,75.2167,1.2891],[149.7234,75.2203,3.2434],[149.7474,75.2234,-0.044],[149.7443,75.2266,0.0],[149.7474,75.2286,0.0],[149.725,75.2271,5.8274],[149.7208,75.2292,0.0],[149.7125,75.2292,2.1877],[149.7083,75.2312,0.0],[149.6854,75.2312,10.8545],[149.6812,75.2333,0.0],[149.6646,75.2333,15.7124],[149.6604,75.2354,18.6724],[149.6521,75.2354,17.4129],[149.6479,75.2375,4.4669],[149.6396,75.2375,10.531],[149.6354,75.2396,8.3383],[149.6208,75.2396,22.5018],[149.6167,75.2417,26.9523],[149.5792,75.2438,30.917],[149.575,75.2458,20.5391],[149.55,75.2458,31.7877],[149.5437,75.25,0.0],[149.5021,75.25,25.1004],[149.4937,75.2542,0.0],[149.488,75.2536,0.0],[149.4912,75.2516,16.6018],[149.4896,75.25,21.6567],[149.4854,75.25,11.9448],[149.4812,75.2521,9.7409],[149.4729,75.2521,18.6178],[149.4688,75.2542,0.0],[149.4583,75.2521,19.3486],[149.45,75.2562,0.0],[149.4333,75.2562,18.2358],[149.4292,75.2583,0.0],[149.4125,75.2583,24.9931],[149.4083,75.2604,26.5374],[149.3917,75.2604,28.6558],[149.3875,75.2625,0.0],[149.3521,75.2625,0.0],[149.3479,75.2604,35.2858],[149.3313,75.2604,19.207],[149.3271,75.2583,20.0542],[149.2937,75.2583,0.0],[149.2896,75.2562,7.6493],[149.2813,75.2562,0.0],[149.2771,75.2542,4.5511],[149.2604,75.2542,0.0],[149.2563,75.2521,0.0],[149.2479,75.2521,0.0],[149.2437,75.25,5.5702],[149.2208,75.25,0.0],[149.2167,75.2479,6.0088],[149.2083,75.2479,0.0],[149.2042,75.2458,12.6552],[149.1875,75.2458,0.0],[149.1833,75.2438,7.5375],[149.175,75.2438,12.8974],[149.1708,75.2417,17.3678],[149.1542,75.2417,0.0],[149.1318,75.2307,0.0],[149.1333,75.2292,0.9356],[149.1479,75.2292,1.8702],[149.1521,75.2271,0.485],[149.162,75.2266,0.5942],[149.1604,75.225,0.6784],[149.1396,75.225,4.8078],[149.1354,75.2271,0.5183],[149.1083,75.2271,0.0],[149.1042,75.225,7.3983],[149.0917,75.225,2.4371],[149.0875,75.2271,0.0],[149.0583,75.2271,0.0],[149.0542,75.225,13.2112],[149.0375,75.225,0.0],[149.0333,75.2229,14.6717],[149.025,75.2229,10.8172],[149.0208,75.2208,12.6722],[148.9729,75.2208,0.0],[148.9646,75.2167,8.4693],[148.9422,75.2141,0.0],[148.9479,75.2104,1.0865],[148.9563,75.2104,0.5116],[148.963,75.2068,0.8942],[148.9708,75.2063,1.2306],[148.9766,75.2037,0.6648],[148.975,75.2021,1.1796],[148.9667,75.2021,0.4155],[148.9625,75.2,1.4247],[148.9438,75.2,1.5371],[148.9354,75.2042,0.5935],[148.8938,75.2042,3.7764],[148.8896,75.2063,0.0],[148.8708,75.2063,0.0],[148.8667,75.2042,2.2212],[148.8333,75.2042,0.0],[148.8193,75.1974,0.0],[148.825,75.1937,0.6913],[148.8349,75.1932,1.8117],[148.8307,75.1901,2.0629],[148.8125,75.1896,0.5711],[148.8083,75.1875,1.3959],[148.7917,75.1875,0.6482],[148.7875,75.1854,1.8771],[148.7818,75.1859,1.8829],[148.7776,75.1891,1.6469],[148.8,75.1917,0.8649],[148.8016,75.1932,0.7897],[148.7917,75.1979,0.0],[148.7833,75.1979,0.0],[148.7792,75.2,0.0],[148.7521,75.2,0.0],[148.7479,75.1979,12.6516],[148.7312,75.1979,0.0],[148.7229,75.1937,6.4931],[148.6854,75.1937,5.8167],[148.6812,75.1958,0.0],[148.6729,75.1958,4.021],[148.6583,75.2,0.0],[148.6167,75.2,5.6575],[148.6083,75.2042,0.0],[148.5896,75.2063,3.2191],[148.5813,75.2104,0.0],[148.5729,75.2104,4.2897],[148.5604,75.2167,0.0],[148.5437,75.2167,0.9411],[148.5396,75.2188,1.2679],[148.5313,75.2188,1.0126],[148.5271,75.2208,0.8863],[148.513,75.2203,0.6992],[148.5089,75.2182,0.6149],[148.512,75.2151,0.4898],[148.5063,75.2125,0.795],[148.4875,75.2125,1.6502],[148.475,75.2188,0.7862],[148.4542,75.2188,0.6444],[148.45,75.2167,0.8274],[148.4417,75.2167,0.3463],[148.4359,75.2141,0.4797],[148.4318,75.212,0.5898],[148.4349,75.2099,0.464],[148.4333,75.2083,0.5473],[148.4125,75.2083,0.631],[148.4083,75.2104,0.6896],[148.3984,75.2109,0.8635],[148.3963,75.2141,0.6713],[148.4042,75.2146,0.8946],[148.4125,75.2188,0.7182],[148.4224,75.2193,0.6254],[148.4193,75.2224,0.8785],[148.4224,75.2245,0.9377],[148.4021,75.225,0.4899],[148.3979,75.2229,1.0255],[148.3854,75.2229,0.6199],[148.3813,75.225,0.6753],[148.3604,75.2271,0.7593],[148.3562,75.2292,0.4874],[148.3438,75.2271,0.74],[148.3396,75.2292,0.5832],[148.3354,75.2292,0.6766],[148.3297,75.2266,0.7193],[148.3396,75.2208,0.3677],[148.3495,75.2203,0.6251],[148.3479,75.2188,0.8596],[148.3396,75.2188,0.5671],[148.3338,75.2161,0.4416],[148.3411,75.212,0.1945],[148.3396,75.2104,0.6784],[148.3354,75.2104,1.0896],[148.3313,75.2125,0.7251],[148.2958,75.2125,1.017],[148.2875,75.2083,0.5929],[148.2583,75.2083,0.8344],[148.2542,75.2104,0.5848],[148.2318,75.2099,0.1691],[148.2333,75.2083,-0.0655],[148.2417,75.2083,0.9547],[148.2432,75.2068,0.4015],[148.2234,75.2057,0.463],[148.2266,75.2026,0.469],[148.2234,75.2005,0.14],[148.2307,75.1964,0.0221],[148.2151,75.188,0.0944],[148.2349,75.187,0.4979],[148.2333,75.1854,0.3616],[148.2042,75.1854,0.6159],[148.1984,75.1891,0.4037],[148.2057,75.1932,0.0712],[148.1974,75.1974,0.7164],[148.1729,75.1979,0.8005],[148.1687,75.2,0.4387],[148.1563,75.2,0.4472],[148.1521,75.1979,0.9295],[148.1438,75.1979,0.177],[148.1203,75.1859,0.8773],[148.1104,75.1854,0.461],[148.1042,75.1833,0.8959],[148.1,75.1854,0.5898],[148.0917,75.1854,1.1233],[148.0859,75.188,0.0865],[148.0974,75.1943,-0.1603],[148.0875,75.2,-0.0448],[148.0667,75.2,-0.002],[148.0599,75.1964,0.612],[148.0542,75.1958,0.7811],[148.05,75.1979,0.3475],[148.0167,75.1979,0.6073],[148.0125,75.2,-0.2308],[148.0042,75.2,0.6424],[148.0026,75.2016,0.3471],[148.0057,75.2037,0.1773],[148.0042,75.2042,0.1488],[147.9771,75.2021,0.2492],[147.9729,75.2042,0.2731],[147.9688,75.2042,0.1658],[147.9563,75.1979,0.905],[147.9354,75.1979,0.6069],[147.9312,75.2,0.0095],[147.9146,75.2,0.166],[147.913,75.2016,-0.6069],[147.9187,75.2042,0.9578],[147.9396,75.2042,0.9651],[147.9438,75.2021,1.0439],[147.9563,75.2021,0.5344],[147.9646,75.2063,0.1984],[147.9854,75.2083,-0.3683],[147.9937,75.2125,0.0567],[148.0057,75.212,0.3049],[148.0026,75.2089,0.2434],[148.0083,75.2063,0.0163],[148.0167,75.2063,0.2258],[148.0208,75.2042,0.0171],[148.0333,75.2042,0.2694],[148.0349,75.2057,0.3692],[148.0125,75.2083,0.3143],[148.0109,75.2099,0.4052],[148.0208,75.2104,0.2736],[148.025,75.2125,0.3214],[148.0292,75.2125,0.1986],[148.0333,75.2104,0.3237],[148.0458,75.2104,0.1236],[148.05,75.2125,0.4565],[148.0682,75.213,-0.0925],[148.0766,75.2182,0.3919],[148.0708,75.2208,-0.0377],[148.0542,75.2208,0.4591],[148.0526,75.2224,0.2127],[148.0682,75.2307,0.1016],[148.0625,75.2333,0.0978],[148.05,75.2312,0.5674],[148.0443,75.2338,-0.1764],[148.0474,75.237,-0.061],[148.0432,75.2391,0.2485],[148.0318,75.2401,6.0046],[148.0417,75.2458,0.1688],[148.0516,75.2464,0.0608],[148.0484,75.2495,0.6828],[148.0557,75.2526,0.2237],[148.0526,75.2557,0.1996],[148.0599,75.2589,0.0934],[148.0568,75.2609,-0.3328],[148.0599,75.263,0.2496],[148.0568,75.2651,-0.2015],[148.0583,75.2667,0.1019],[148.0625,75.2667,0.3945],[148.0667,75.2646,-0.1026],[148.075,75.2646,0.5134],[148.0833,75.2604,-0.1378],[148.0911,75.2599,0.29],[148.0891,75.2568,-0.2942],[148.0833,75.2542,-0.2174],[148.0667,75.2542,-0.2395],[148.0609,75.2505,0.1178],[148.0708,75.25,0.2326],[148.0833,75.2438,0.7053],[148.0995,75.2432,-0.1127],[148.112,75.237,-0.0982],[148.1047,75.2328,0.0043],[148.1062,75.2312,-0.3454],[148.1146,75.2312,0.4017],[148.1187,75.2292,0.0769],[148.1229,75.2292,-0.0153],[148.1271,75.2312,0.4429],[148.1313,75.2312,0.3267],[148.137,75.2286,-0.1166],[148.1214,75.2203,-0.1159],[148.1245,75.2172,-0.0951],[148.1187,75.2146,-0.1612],[148.1104,75.2146,0.0113],[148.1047,75.212,0.3338],[148.1078,75.2089,0.3665],[148.0984,75.2037,-0.1104],[148.0995,75.2005,-0.0271],[148.0984,75.1984,0.4844],[148.1005,75.1964,0.2064],[148.1104,75.1958,0.096],[148.1146,75.1937,0.5182],[148.1286,75.1943,0.1369],[148.137,75.1984,-0.1955],[148.1339,75.2016,0.9295],[148.1453,75.2026,-0.0316],[148.1422,75.2047,0.1774],[148.1438,75.2063,0.3902],[148.1521,75.2063,0.2844],[148.1563,75.2083,0.0567],[148.1604,75.2083,0.5638],[148.1646,75.2063,0.1464],[148.1771,75.2063,0.1723],[148.1896,75.2125,0.4614],[148.2208,75.2125,0.4812],[148.225,75.2146,0.4615],[148.2583,75.2146,0.6344],[148.2625,75.2167,0.4573],[148.2667,75.2167,0.4686],[148.2682,75.2151,0.4046],[148.2651,75.2141,0.3374],[148.2667,75.2125,0.3832],[148.2875,75.2125,0.293],[148.2917,75.2146,0.6782],[148.3062,75.2146,0.3647],[148.3104,75.2167,0.56],[148.3188,75.2167,0.5016],[148.3245,75.2203,0.5106],[148.3188,75.2229,0.4496],[148.3104,75.2229,0.8373],[148.3089,75.2245,0.5019],[148.3203,75.2297,1.0099],[148.3172,75.2328,3.5985],[148.3271,75.2333,0.6468],[148.3313,75.2354,1.9596],[148.3438,75.2354,0.1512],[148.3479,75.2333,0.8957],[148.3646,75.2333,0.8042],[148.3687,75.2312,0.6598],[148.3729,75.2312,0.6311],[148.3786,75.2338,0.8216],[148.3755,75.237,0.418],[148.3797,75.2391,0.4648],[148.3854,75.2417,-0.0506],[148.3938,75.2417,0.3901],[148.3979,75.2438,3.5551],[148.4021,75.2438,0.8015],[148.4063,75.2417,-0.0796],[148.425,75.2417,-0.1991],[148.4292,75.2438,2.3797],[148.4625,75.2438,1.1445],[148.4641,75.2453,1.0594],[148.4609,75.2464,1.8824],[148.4625,75.2479,1.8572],[148.4792,75.2479,0.7566],[148.4833,75.25,0.9792],[148.4958,75.25,0.7067],[148.5,75.2479,0.5909],[148.5208,75.2479,0.9456],[148.5292,75.2521,1.8536],[148.5391,75.2526,0.0],[148.5474,75.2568,0.0],[148.5443,75.2599,12.2733],[148.5516,75.263,0.0],[148.55,75.2646,0.0],[148.5401,75.2651,13.672],[148.5359,75.2682,19.66],[148.5542,75.2688,0.0],[148.5557,75.2703,0.0],[148.5443,75.2714,8.337],[148.5474,75.2745,0.0],[148.5359,75.2755,14.5786],[148.5391,75.2786,0.0],[148.5151,75.2901,6.3852],[148.5182,75.2932,0.0],[148.5109,75.2963,0.0],[148.5141,75.2995,0.0],[148.5109,75.3016,0.0],[148.5141,75.3026,0.0],[148.513,75.3057,0.0],[148.5203,75.3099,0.0],[148.5104,75.3104,0.0],[148.5089,75.312,0.0],[148.5203,75.313,0.0],[148.5172,75.3161,0.0],[148.5203,75.3182,0.0],[148.5172,75.3203,4.5966],[148.5229,75.3229,0.0],[148.5328,75.3234,0.0],[148.5297,75.3266,0.0],[148.538,75.3307,0.587],[148.5495,75.3318,0.0],[148.5479,75.3333,0.0],[148.5313,75.3333,3.6731],[148.5255,75.3359,3.7205],[148.5297,75.3391,3.7982],[148.5396,75.3396,3.7124],[148.5437,75.3417,3.832],[148.5646,75.3417,3.1109],[148.5688,75.3396,0.0],[148.5729,75.3396,0.0],[148.5745,75.3411,0.0],[148.5672,75.3453,3.8498],[148.5828,75.3443,0.0],[148.5797,75.3474,1.7124],[148.587,75.3505,0.0],[148.5838,75.3526,0.0],[148.587,75.3557,0.0],[148.5838,75.3578,0.0],[148.587,75.3599,0.0],[148.5838,75.362,2.0374],[148.587,75.3641,0.0],[148.5729,75.3708,0.0],[148.563,75.3714,11.7389],[148.5661,75.3734,0.0],[148.5646,75.375,0.0],[148.5396,75.375,5.455],[148.5354,75.3771,0.0],[148.5167,75.3792,2.8906],[148.5125,75.3812,0.0],[148.5042,75.3812,2.448],[148.5,75.3833,0.0],[148.4833,75.3833,8.2434],[148.4792,75.3854,12.7065],[148.4583,75.3875,13.6196],[148.45,75.3917,0.0],[148.4333,75.3917,13.7877],[148.4292,75.3938,9.4143],[148.4208,75.3938,8.4903],[148.4125,75.3979,6.6897],[148.4042,75.3979,9.9553],[148.4,75.4,0.0],[148.3917,75.4,8.9373],[148.3875,75.4021,0.0],[148.3646,75.4021,0.0],[148.3604,75.4042,0.0],[148.3562,75.4042,0.0],[148.3521,75.4021,0.0],[148.3021,75.4021,0.0],[148.2979,75.4,3.5317],[148.2937,75.4,2.859],[148.2896,75.4021,0.0],[148.2771,75.4021,0.0],[148.2729,75.4,10.8657],[148.2688,75.4,9.9317],[148.2646,75.4021,0.0],[148.2521,75.4021,0.0],[148.2479,75.4,7.5256],[148.2063,75.4,0.0],[148.2021,75.3979,4.887],[148.1687,75.3979,0.0],[148.1646,75.3958,4.0681],[148.1604,75.3958,6.1237],[148.1563,75.3979,0.0],[148.1438,75.3979,0.0],[148.1354,75.3938,10.9913],[148.0958,75.3938,0.0],[148.0917,75.3917,4.7586],[148.0333,75.3917,0.0],[148.0292,75.3896,7.1081],[148.025,75.3896,11.7406],[148.0208,75.3917,6.5794],[147.9958,75.3917,15.188],[147.9917,75.3938,0.0],[147.9833,75.3938,0.0],[147.9792,75.3958,0.0],[147.925,75.3979,7.1099],[147.9208,75.4,2.5167],[147.9,75.4021,7.9469],[147.8958,75.4042,0.0],[147.8792,75.4042,0.4601],[147.875,75.4063,0.0],[147.8562,75.4083,6.6814],[147.8396,75.4167,0.0],[147.8313,75.4167,21.357],[147.8229,75.4208,29.2864],[147.8146,75.4208,30.3992],[147.8104,75.4229,23.7098],[147.7854,75.4229,22.6201],[147.7813,75.425,14.3073],[147.7729,75.425,17.3124],[147.7688,75.4271,0.0],[147.7437,75.4271,3.8504],[147.7396,75.4292,0.0],[147.7229,75.4292,7.1071],[147.7188,75.4313,0.0],[147.6938,75.4313,9.6424],[147.6896,75.4333,0.0],[147.6729,75.4333,8.6158],[147.6687,75.4354,2.0081],[147.6521,75.4354,24.3886],[147.6438,75.4396,0.0],[147.6062,75.4396,0.0],[147.6021,75.4375,34.6005],[147.5813,75.4354,0.0],[147.5729,75.4313,10.9237],[147.5521,75.4292,0.0],[147.5437,75.425,1.8238],[147.5339,75.4245,0.0],[147.5271,75.4208,0.0],[147.5125,75.4208,0.0],[147.5109,75.4193,1.4348],[147.5141,75.4172,4.5954],[147.5083,75.4146,0.3198],[147.4943,75.4151,1.0125],[147.4901,75.4172,1.342],[147.4932,75.4203,0.4603],[147.4875,75.4229,0.0],[147.45,75.425,24.1028],[147.4458,75.4271,18.6358],[147.4,75.4271,0.0],[147.3958,75.425,16.943],[147.3917,75.425,15.0085],[147.3875,75.4271,0.0],[147.3833,75.4271,0.0],[147.375,75.4229,17.9458],[147.3583,75.4229,22.896],[147.3542,75.4208,12.6421],[147.3458,75.4208,7.4287],[147.3401,75.4182,4.8496],[147.3458,75.4146,0.4443],[147.3542,75.4146,0.7008],[147.3583,75.4125,0.0],[147.3833,75.4125,9.6424],[147.3849,75.4109,6.4262],[147.3818,75.4099,0.2016],[147.3833,75.4083,0.3963],[147.3917,75.4083,0.403],[147.3958,75.4063,0.2301],[147.4125,75.4063,0.9409],[147.4182,75.4036,0.1768],[147.4167,75.4021,0.3617],[147.4083,75.4021,0.2969],[147.4026,75.3995,0.1442],[147.4083,75.3958,0.4364],[147.4224,75.3964,0.4267],[147.4193,75.3995,0.8743],[147.425,75.4021,0.4292],[147.4458,75.4021,0.6546],[147.45,75.4,0.2047],[147.4599,75.3995,0.6848],[147.45,75.3938,0.5033],[147.4318,75.3932,0.0548],[147.4349,75.3912,0.3139],[147.4318,75.3891,0.2808],[147.4333,75.3875,0.3676],[147.4542,75.3875,0.5032],[147.4583,75.3896,0.7148],[147.4708,75.3896,0.3464],[147.475,75.3875,0.4027],[147.4932,75.387,0.1855],[147.4917,75.3854,0.2537],[147.475,75.3854,0.2467],[147.4708,75.3833,0.3209],[147.4625,75.3833,0.2535],[147.4479,75.3792,0.1271],[147.4354,75.3792,0.4821],[147.4339,75.3807,0.1971],[147.437,75.3828,0.2678],[147.4354,75.3833,0.2931],[147.4271,75.3833,0.7494],[147.4229,75.3854,0.4098],[147.4063,75.3854,0.3321],[147.4005,75.388,0.518],[147.4036,75.3912,0.5257],[147.3896,75.3917,0.6126],[147.3839,75.388,1.0086],[147.3896,75.3854,0.6483],[147.3979,75.3854,0.9177],[147.3995,75.3839,0.1291],[147.3854,75.3833,0.5388],[147.3755,75.388,0.4182],[147.3828,75.3932,0.1686],[147.3714,75.3943,0.8354],[147.3729,75.3958,0.5624],[147.3807,75.3964,0.5123],[147.3776,75.3995,1.0431],[147.3807,75.4016,0.3102],[147.3708,75.4021,0.9209],[147.3625,75.4063,0.3302],[147.35,75.4063,0.0],[147.3458,75.4042,1.5508],[147.3313,75.4042,0.0],[147.3271,75.4021,0.0],[147.3172,75.4016,0.0],[147.313,75.3995,0.0],[147.3161,75.3964,0.9304],[147.3104,75.3938,1.5206],[147.3005,75.3932,0.0],[147.2964,75.3912,0.0],[147.2995,75.388,0.7471],[147.2937,75.3854,1.1906],[147.2854,75.3854,0.0],[147.2771,75.3812,2.2581],[147.2688,75.3812,0.0],[147.2604,75.3771,1.6698],[147.2542,75.3771,0.0],[147.25,75.375,1.9341],[147.2417,75.375,0.0],[147.2375,75.3729,1.4164],[147.2292,75.3729,0.0],[147.225,75.3708,1.4948],[147.2083,75.3708,0.0],[147.2042,75.3688,0.0],[147.1958,75.3688,0.0],[147.1901,75.3662,0.7084],[147.1974,75.362,0.8287],[147.1943,75.3588,0.7699],[147.2068,75.3526,0.7199],[147.2125,75.3521,0.998],[147.2167,75.3542,0.8948],[147.2208,75.3542,1.0591],[147.225,75.3521,0.8737],[147.2292,75.3521,0.57],[147.2401,75.3578,0.5246],[147.25,75.3583,0.4054],[147.2542,75.3604,0.249],[147.2792,75.3604,0.0],[147.2833,75.3625,0.9185],[147.2917,75.3625,0.4734],[147.2958,75.3646,0.714],[147.3042,75.3646,0.3706],[147.3083,75.3667,0.3756],[147.3313,75.3667,0.4852],[147.3354,75.3688,0.8887],[147.3521,75.3688,0.6635],[147.3537,75.3703,0.4534],[147.3505,75.3714,0.5548],[147.3521,75.3729,0.3906],[147.3687,75.3729,1.038],[147.3745,75.3755,0.4613],[147.3714,75.3786,0.1747],[147.3854,75.3792,0.2102],[147.387,75.3776,0.1287],[147.3797,75.3734,0.9732],[147.4063,75.3729,0.8432],[147.412,75.3693,0.9281],[147.3646,75.3708,0.7579],[147.3589,75.3682,0.2708],[147.362,75.3662,0.264],[147.3589,75.363,0.5786],[147.362,75.3609,0.4726],[147.3589,75.3588,0.4194],[147.3662,75.3557,0.6429],[147.3651,75.3526,0.2394],[147.3667,75.3521,0.4033],[147.3828,75.3516,0.4732],[147.3818,75.3484,0.218],[147.3875,75.3458,0.3392],[147.4021,75.3458,0.5329],[147.4063,75.3438,0.3419],[147.4162,75.3432,1.0478],[147.4125,75.3396,0.0],[147.4083,75.3396,0.4252],[147.4042,75.3417,0.4135],[147.3875,75.3417,0.6865],[147.3792,75.3458,0.5232],[147.3458,75.3458,0.0],[147.3375,75.35,0.5566],[147.3,75.35,0.3797],[147.2958,75.3479,0.9166],[147.2875,75.3479,0.7211],[147.2833,75.3458,0.9208],[147.275,75.3458,0.7449],[147.2708,75.3438,0.4643],[147.2542,75.3438,0.4891],[147.2458,75.3396,0.7486],[147.2396,75.3396,0.5422],[147.2354,75.3375,0.5982],[147.2229,75.3396,0.4719],[147.2214,75.338,0.6345],[147.2245,75.3359,0.8562],[147.2146,75.3354,0.5533],[147.2063,75.3313,2.1259],[147.1979,75.3313,0.0],[147.1938,75.3292,1.4725],[147.1854,75.3292,0.0],[147.1812,75.3271,0.0],[147.1729,75.3271,0.0],[147.1646,75.3229,3.6522],[147.15,75.3229,0.0],[147.1458,75.3208,0.0],[147.1375,75.3208,0.0],[147.1333,75.3187,8.0235],[147.0229,75.3187,7.3298],[147.0188,75.3208,0.0],[147.0104,75.3208,8.4041],[147.0063,75.3229,0.0],[146.9729,75.3229,16.9374],[146.9688,75.325,4.9173],[146.9438,75.325,7.5391],[146.9396,75.3271,0.0],[146.9146,75.3271,13.3855],[146.9021,75.3333,0.0],[146.8854,75.3333,26.4147],[146.8813,75.3354,7.5137],[146.8729,75.3354,27.9699],[146.8687,75.3375,0.0],[146.8604,75.3375,12.8661],[146.8521,75.3417,0.0],[146.8396,75.3396,19.4897],[146.8313,75.3438,0.0],[146.8146,75.3438,25.8694],[146.8104,75.3458,24.1515],[146.8021,75.3458,11.3252],[146.7896,75.3521,0.0],[146.7797,75.3526,18.3988],[146.7516,75.3662,0.0],[146.7401,75.3672,6.3283],[146.7359,75.3693,4.8171],[146.7391,75.3724,0.0],[146.7318,75.3766,0.0],[146.7432,75.3828,0.0],[146.7297,75.388,7.075],[146.7328,75.3912,0.0],[146.7297,75.3932,3.8391],[146.7328,75.3953,4.0929],[146.7188,75.4021,0.0],[146.7088,75.4026,12.4493],[146.6911,75.412,8.7532],[146.6797,75.413,22.9163],[146.6693,75.4172,16.7994],[146.6724,75.4203,0.0],[146.6625,75.4208,10.6526],[146.6484,75.4276,4.7207],[146.6516,75.4307,0.0],[146.6443,75.4339,7.0492],[146.6474,75.437,0.0],[146.6443,75.4391,4.026],[146.6495,75.4422,0.0],[146.6463,75.4453,0.0],[146.6495,75.4474,0.0],[146.6463,75.4495,3.6955],[146.6536,75.4537,0.0],[146.6463,75.4578,2.5169],[146.6536,75.462,0.0],[146.6443,75.4661,10.0162],[146.6667,75.4688,0.0],[146.6724,75.4714,0.0],[146.6693,75.4734,0.6563],[146.6708,75.475,0.4369],[146.6958,75.475,0.0],[146.7,75.4771,0.0],[146.7083,75.4771,0.0],[146.7141,75.4797,0.0],[146.7109,75.4818,0.0],[146.7125,75.4833,0.0],[146.7391,75.4838,0.0],[146.7412,75.487,0.0],[146.7339,75.4912,3.6874],[146.7437,75.4917,0.0],[146.7495,75.4943,0.0],[146.7464,75.4964,9.8591],[146.7495,75.4995,0.0],[146.7464,75.5016,12.6304],[146.7536,75.5047,0.0],[146.7505,75.5078,19.2414],[146.7536,75.5099,0.0],[146.7484,75.5109,12.0308],[146.7516,75.5141,0.0],[146.7401,75.5151,17.0556],[146.7276,75.5214,2.9945],[146.7307,75.5245,0.0],[146.7167,75.5313,0.0],[146.7068,75.5318,9.2313],[146.7099,75.5349,0.0],[146.6964,75.5359,10.3536],[146.6995,75.5391,4.6846],[146.6922,75.5422,25.0916],[146.6953,75.5453,0.0],[146.6896,75.5479,0.0],[146.6812,75.5479,35.5804],[146.6771,75.55,4.3338],[146.6687,75.55,22.6017],[146.6646,75.5521,28.6137],[146.6563,75.5521,35.9234],[146.6521,75.5542,26.6838],[146.6354,75.5542,27.1747],[146.6297,75.5568,19.2166],[146.6328,75.5589,0.0],[146.6313,75.5604,0.0],[146.6208,75.5604,9.6858],[146.6167,75.5625,0.0],[146.6,75.5625,14.1735],[146.5917,75.5667,0.0],[146.575,75.5667,12.1848],[146.5734,75.5682,23.6002],[146.5766,75.5703,2.6609],[146.5667,75.5708,17.191],[146.5542,75.5771,0.0],[146.5375,75.5771,24.5068],[146.5359,75.5776,23.5388],[146.537,75.5807,11.7538],[146.5354,75.5813,2.6407],[146.5271,75.5813,21.191],[146.5188,75.5854,16.9866],[146.5104,75.5854,18.6478],[146.5042,75.5875,32.7164]]],
[[[146.2182,75.1839,0.0],[146.2167,75.1854,0.0],[146.2109,75.1849,0.0],[146.2125,75.1833,0.0],[146.2182,75.1839,0.0]]],
[[[146.2057,75.1901,0.0],[146.2042,75.1917,0.0],[146.1984,75.1911,0.0],[146.2,75.1896,0.0],[146.2057,75.1901,0.0]]],
[[[148.2141,75.2047,0.6877],[148.2125,75.2063,0.0957],[148.2068,75.2057,0.523],[148.2083,75.2042,0.7708],[148.2141,75.2047,0.6877]]],
[[[148.4151,75.2328,0.8933],[148.425,75.2333,0.7645],[148.4292,75.2354,0.8272],[148.4458,75.2354,1.005],[148.4474,75.237,0.9708],[148.4417,75.2396,0.6545],[148.3979,75.2396,0.8535],[148.3922,75.237,0.8629],[148.3938,75.2354,0.747],[148.4036,75.2349,1.1711],[148.4005,75.2328,0.4464],[148.4021,75.2312,-0.0237],[148.4125,75.2312,0.7367],[148.4151,75.2328,0.8933]]],
[[[146.1224,75.238,0.2635],[146.1208,75.2396,0.1121],[146.1151,75.2391,0.0],[146.1167,75.2375,0.0],[146.1224,75.238,0.2635]]],
[[[148.0583,75.2417,0.651],[148.05,75.2417,0.7781],[148.0484,75.2401,0.0744],[148.0641,75.2401,0.1471],[148.0625,75.2417,0.6094],[148.0583,75.2417,0.651]]],
[[[146.1203,75.2422,0.2191],[146.1187,75.2438,-0.0867],[146.113,75.2432,0.0],[146.1146,75.2417,0.0],[146.1203,75.2422,0.2191]]],
[[[146.2453,75.2609,0.0],[146.2437,75.2625,0.0],[146.238,75.262,0.0],[146.2396,75.2604,0.0],[146.2453,75.2609,0.0]]],
[[[148.5266,75.3005,0.0],[148.525,75.3021,0.0],[148.5193,75.3016,0.0],[148.5208,75.3,0.0],[148.5266,75.3005,0.0]]],
[[[148.5724,75.3964,0.0],[148.5708,75.3979,0.0],[148.5651,75.3974,0.0],[148.5667,75.3958,0.0],[148.5724,75.3964,0.0]]],
[[[141.2021,73.3521,0.0],[141.1984,73.3505,0.0],[141.2042,73.3479,0.0],[141.2083,73.3479,0.0],[141.212,73.3505,0.0],[141.2104,73.3521,0.0],[141.2021,73.3521,0.0]]],
[[[141.1479,73.3583,0.0],[141.1495,73.3599,0.0],[141.1443,73.3599,0.0],[141.1443,73.3588,0.0],[141.1479,73.3583,0.0]]],
[[[141.1255,73.3682,0.0],[141.1286,73.3662,0.0],[141.1276,73.363,0.0],[141.1292,73.3625,0.0],[141.1328,73.363,0.0],[141.1349,73.3651,0.0],[141.1307,73.3682,0.0],[141.1255,73.3682,0.0]]],
[[[140.9646,73.7917,1.1506],[140.9661,73.7932,1.0419],[140.9609,73.7932,1.1258],[140.9609,73.7922,1.04],[140.9646,73.7917,1.1506]]],
[[[140.2646,73.45,0.0],[140.2563,73.45,0.0],[140.2547,73.4484,0.0],[140.2682,73.4484,0.0],[140.2646,73.45,0.0]]],
[[[140.5729,73.925,0.7934],[140.5583,73.925,1.0305],[140.5542,73.9271,1.3955],[140.55,73.9271,1.9738],[140.5484,73.9255,1.2724],[140.5516,73.9234,1.045],[140.5437,73.9229,1.0322],[140.5422,73.9213,0.869],[140.5562,73.9208,0.7425],[140.5604,73.9229,0.7362],[140.5745,73.9234,0.3626],[140.5729,73.925,0.7934]]],
[[[140.3792,73.925,0.0],[140.3807,73.9266,0.0],[140.3755,73.9266,0.0],[140.3755,73.9255,0.0],[140.3792,73.925,0.0]]],
[[[140.6458,73.9333,0.7408],[140.6474,73.9349,0.6579],[140.6422,73.9349,0.693],[140.6422,73.9339,0.7435],[140.6458,73.9333,0.7408]]],
[[[140.7474,73.9464,1.3599],[140.7458,73.9479,1.2576],[140.7401,73.9474,0.7455],[140.7417,73.9458,0.9328],[140.7474,73.9464,1.3599]]],
[[[140.7729,74.2688,2.8008],[140.7583,74.2688,3.8491],[140.7542,74.2708,0.0],[140.7437,74.2708,0.0],[140.7396,74.2688,6.0026],[140.7354,74.2688,5.7737],[140.7312,74.2708,0.0],[140.7208,74.2708,0.0],[140.7167,74.2688,6.1927],[140.7063,74.2688,3.7847],[140.7021,74.2708,0.0],[140.6896,74.2708,0.0],[140.6833,74.2688,9.9225],[140.6792,74.2708,0.0],[140.6667,74.2708,0.0],[140.6625,74.2688,7.194],[140.6187,74.2688,0.0],[140.6146,74.2667,6.7157],[140.5688,74.2667,0.0],[140.5646,74.2646,6.1709],[140.5542,74.2667,0.0],[140.55,74.2646,1.4759],[140.5042,74.2646,0.0],[140.5,74.2625,5.9033],[140.4792,74.2625,0.0],[140.475,74.2604,11.1115],[140.4604,74.2604,2.5418],[140.4458,74.2562,0.485],[140.4396,74.2583,0.8833],[140.4271,74.2583,0.0],[140.4229,74.2562,8.7661],[140.4021,74.2562,0.0],[140.3979,74.2542,2.4231],[140.3833,74.2542,0.0],[140.3771,74.25,8.1582],[140.3458,74.2479,1.8805],[140.3313,74.2438,8.1995],[140.3167,74.2438,0.0],[140.3125,74.2417,8.7522],[140.2979,74.2417,0.0],[140.2937,74.2396,0.0],[140.2859,74.2391,0.0],[140.2813,74.2354,7.4122],[140.2646,74.2333,0.0],[140.2583,74.2292,8.2824],[140.2521,74.2292,0.0],[140.2437,74.225,2.1524],[140.2359,74.2245,0.0],[140.2245,74.2151,10.8792],[140.2151,74.2141,0.0],[140.2182,74.2109,14.8554],[140.2088,74.2099,0.0],[140.1964,74.1995,0.0],[140.1995,74.1964,6.0776],[140.1901,74.1953,0.0],[140.1953,74.1922,1.7354],[140.1922,74.1911,0.0],[140.1901,74.188,0.0],[140.1995,74.1849,11.9091],[140.1979,74.1833,7.8697],[140.1901,74.1828,0.0],[140.1932,74.1807,4.021],[140.1922,74.1776,0.0],[140.2016,74.1745,6.5288],[140.1922,74.1713,0.0],[140.2021,74.1708,0.2019],[140.2036,74.1693,9.0957],[140.1958,74.1687,1.205],[140.1922,74.1661,0.0],[140.1953,74.163,6.1334],[140.188,74.1578,0.0],[140.1911,74.1547,2.4992],[140.1839,74.1495,0.0],[140.1891,74.1474,2.1021],[140.187,74.1443,1.5262],[140.1812,74.1417,0.0],[140.1734,74.1412,0.0],[140.1787,74.138,0.0],[140.1693,74.137,0.0],[140.1734,74.1339,0.0],[140.1833,74.1333,6.6586],[140.1849,74.1318,4.3624],[140.1755,74.1307,0.0],[140.1807,74.1286,6.3243],[140.1755,74.1245,0.0],[140.1787,74.1214,8.266],[140.1693,74.1203,0.0],[140.1745,74.1182,1.9688],[140.1714,74.1151,0.0],[140.1766,74.1141,7.1466],[140.175,74.1125,6.8524],[140.1672,74.112,0.0],[140.1703,74.1099,0.0],[140.1693,74.1068,0.0],[140.1724,74.1057,2.4338],[140.1714,74.1026,4.0924],[140.1745,74.1005,10.4042],[140.1651,74.0995,0.0],[140.1703,74.0974,0.0],[140.1693,74.0943,0.0],[140.1724,74.0922,4.155],[140.1672,74.0891,0.0],[140.163,74.0839,0.0],[140.1745,74.0828,6.5488],[140.1693,74.0776,0.0],[140.1745,74.0766,2.016],[140.1714,74.0734,0.0],[140.1766,74.0724,4.7961],[140.1734,74.0693,0.0],[140.1787,74.0682,5.7744],[140.1755,74.0651,0.0],[140.1849,74.062,3.6348],[140.1839,74.0589,0.0],[140.1932,74.0557,15.9949],[140.188,74.0505,0.0],[140.1974,74.0474,7.2631],[140.1943,74.0443,0.0],[140.2036,74.0411,9.808],[140.2026,74.038,0.0],[140.2141,74.037,0.8057],[140.213,74.0339,0.5796],[140.2146,74.0333,0.4601],[140.225,74.0354,0.7424],[140.237,74.0307,0.5672],[140.2312,74.0271,0.4148],[140.2188,74.0271,1.503],[140.213,74.0234,0.0],[140.2312,74.0229,4.0121],[140.2328,74.0224,9.0467],[140.2318,74.0193,1.1909],[140.2359,74.0172,2.3236],[140.2458,74.0167,0.2365],[140.2578,74.012,1.123],[140.2484,74.0089,0.0],[140.2583,74.0083,1.7465],[140.2667,74.0042,0.0],[140.275,74.0042,0.984],[140.2833,74.0,0.0],[140.2932,73.9995,1.659],[140.2901,73.9943,0.0],[140.3016,73.9932,0.0],[140.3005,73.9901,0.0],[140.3182,73.9828,2.0173],[140.3172,73.9797,0.0],[140.3245,73.9766,1.127],[140.3214,73.9724,0.0],[140.3245,73.9703,0.0],[140.3234,73.9672,0.0],[140.3328,73.9641,2.1739],[140.3297,73.9609,0.0],[140.3349,73.9599,1.4918],[140.3297,73.9547,0.0],[140.3432,73.9495,1.4543],[140.3422,73.9464,0.0],[140.3641,73.937,0.0],[140.363,73.9339,0.0],[140.3854,73.9313,3.8308],[140.4026,73.9234,0.0],[140.4125,73.9229,0.0],[140.4208,73.9187,0.0],[140.4375,73.9187,1.8017],[140.4417,73.9167,1.5425],[140.4604,73.9167,1.446],[140.4646,73.9187,1.4845],[140.4708,73.9187,1.2797],[140.4745,73.9213,1.7549],[140.4714,73.9234,2.0609],[140.4729,73.925,2.3458],[140.4833,73.925,2.0232],[140.4896,73.9229,1.4849],[140.4937,73.925,1.8839],[140.5063,73.925,1.6642],[140.5078,73.9234,1.6045],[140.5047,73.9213,1.6254],[140.5125,73.9187,0.8702],[140.5229,73.9187,1.0596],[140.5271,73.9208,1.2837],[140.5349,73.9213,1.1221],[140.537,73.9234,1.2525],[140.5276,73.9287,1.8172],[140.5437,73.9292,1.8898],[140.5479,73.9313,1.9147],[140.5542,73.9313,1.5727],[140.5604,73.9354,1.5901],[140.5938,73.9354,1.6582],[140.5953,73.9339,1.2961],[140.5932,73.9318,0.9622],[140.5838,73.9307,1.1386],[140.587,73.9287,0.8143],[140.5859,73.9255,0.7113],[140.6062,73.925,1.0129],[140.6208,73.9292,0.8052],[140.6271,73.9292,0.7019],[140.6307,73.9318,0.9216],[140.6266,73.9349,1.4277],[140.6167,73.9354,1.5605],[140.6151,73.937,1.7487],[140.6245,73.938,1.723],[140.6292,73.9417,1.6515],[140.6354,73.9417,1.3569],[140.6396,73.9437,1.7659],[140.6521,73.9437,1.3253],[140.6667,73.9479,1.367],[140.6724,73.9474,1.2728],[140.6672,73.9422,0.4265],[140.6729,73.9417,0.8254],[140.6771,73.9437,0.7604],[140.6979,73.9437,0.6738],[140.7042,73.9479,1.0891],[140.7083,73.9479,1.2878],[140.7125,73.9458,0.8194],[140.7229,73.9458,1.0683],[140.7292,73.95,1.3628],[140.7479,73.95,1.5623],[140.7521,73.9479,0.94],[140.7563,73.9479,1.1517],[140.7604,73.95,1.7918],[140.7729,73.95,0.0],[140.7786,73.9526,0.8802],[140.7734,73.9547,1.7306],[140.775,73.9563,0.7868],[140.7896,73.9563,0.2534],[140.7958,73.9604,0.5988],[140.8229,73.9646,0.0],[140.8271,73.9667,0.0],[140.8333,73.9667,0.0],[140.8396,73.9708,3.2768],[140.8542,73.9708,0.0],[140.8687,73.975,3.724],[140.9604,73.9771,0.0],[140.9646,73.9792,4.1456],[140.9708,73.9792,0.0],[140.975,73.9812,8.1458],[140.9932,73.9838,0.0],[140.9984,73.9891,0.0],[141.0016,73.9901,4.5484],[140.9964,73.9932,15.7058],[141.0042,73.9938,9.22],[141.0125,73.9979,9.3209],[141.0203,73.9984,0.0],[141.0151,74.0016,11.1342],[141.0349,74.0047,0.0],[141.0474,74.013,0.0],[141.0422,74.0151,11.7583],[141.0474,74.0193,0.0],[141.0443,74.0224,4.32],[141.0537,74.0297,0.0],[141.0505,74.0328,2.8668],[141.0578,74.038,0.0],[141.0526,74.0411,7.6424],[141.062,74.0422,0.0],[141.0589,74.0453,3.0762],[141.0682,74.0526,1.5126],[141.0651,74.0557,1.9175],[141.0703,74.0589,0.6004],[141.0724,74.062,0.4862],[141.0693,74.063,4.3991],[141.0703,74.0661,2.9268],[141.0672,74.0672,6.4511],[141.0682,74.0703,4.0602],[141.0651,74.0714,8.1204],[141.0661,74.0745,2.2518],[141.063,74.0755,11.7812],[141.0651,74.0787,2.5828],[141.0682,74.0797,0.0],[141.063,74.0818,2.1984],[141.0661,74.0849,0.0],[141.0609,74.0859,3.5157],[141.0641,74.0891,0.0],[141.0547,74.0922,7.7266],[141.062,74.0995,0.0],[141.0443,74.1005,3.9206],[141.0453,74.1036,3.8729],[141.0422,74.1047,0.7791],[141.0432,74.1078,0.0],[141.0318,74.1088,8.7407],[141.0328,74.112,6.4424],[141.0297,74.1141,9.0973],[141.0333,74.1167,3.7791],[141.0412,74.1172,0.0],[141.0505,74.1245,1.7777],[141.0599,74.1255,0.0],[141.0568,74.1286,1.3644],[141.0646,74.1292,0.0],[141.0724,74.1339,0.0],[141.0745,74.137,0.0],[141.0714,74.1391,4.2943],[141.0807,74.1401,0.0],[141.0849,74.1443,0.0],[141.0818,74.1474,7.1072],[141.1037,74.163,0.0],[141.1005,74.1651,0.0],[141.1026,74.1682,0.0],[141.112,74.1693,0.0],[141.1089,74.1713,0.0],[141.1099,74.1745,0.0],[141.0984,74.1755,6.3852],[141.1005,74.1787,2.3995],[141.1057,74.1818,0.0],[141.1026,74.1849,4.8228],[141.1078,74.1891,0.0],[141.1026,74.1901,7.2621],[141.1057,74.1922,0.0],[141.1005,74.1943,4.3471],[141.1037,74.1974,0.0],[141.0943,74.2005,9.6706],[141.0953,74.2037,9.7567],[141.0922,74.2047,10.9346],[141.0932,74.2078,3.0384],[141.0859,74.2109,12.424],[141.087,74.2141,0.0],[141.0797,74.2172,2.5572],[141.0807,74.2203,0.0],[141.0708,74.2208,4.468],[141.0651,74.2234,2.6169],[141.0661,74.2266,1.155],[141.0568,74.2297,1.5451],[141.0599,74.2328,0.0],[141.0375,74.2354,0.4142],[141.0229,74.2417,0.8226],[141.0146,74.2417,1.3697],[141.0089,74.2443,0.9792],[141.0099,74.2474,0.0],[141.0,74.2479,1.7496],[140.9812,74.2562,0.0],[140.9458,74.2583,2.7038],[140.9354,74.2625,0.0],[140.9208,74.2625,2.6384],[140.9167,74.2646,0.0],[140.9083,74.2646,1.3543],[140.9042,74.2667,0.0],[140.8875,74.2667,1.9792],[140.8833,74.2688,0.0],[140.8708,74.2667,3.2779],[140.8667,74.2688,0.0],[140.7729,74.2688,2.8008]]],
[[[140.2083,74.8146,0.3692],[140.2099,74.8161,0.4853],[140.2047,74.8161,0.5548],[140.2047,74.8151,0.3697],[140.2083,74.8146,0.3692]]],
[[[140.1682,74.8193,0.5302],[140.1667,74.8208,0.6766],[140.1609,74.8203,0.7042],[140.1625,74.8187,0.4552],[140.1682,74.8193,0.5302]]],
[[[140.075,74.8313,0.3341],[140.0667,74.8313,0.3696],[140.0651,74.8297,0.2498],[140.0854,74.8292,0.4435],[140.0911,74.8318,0.3884],[140.0932,74.8349,0.0197],[140.0875,74.8354,0.1008],[140.0813,74.8313,0.2632],[140.075,74.8313,0.3341]]],
[[[140.0833,74.8438,0.2727],[140.075,74.8438,0.2254],[140.0734,74.8422,0.1234],[140.0891,74.8422,0.2402],[140.0875,74.8438,0.3889],[140.0833,74.8438,0.2727]]],
[[[139.9203,74.9172,0.5114],[139.9187,74.9187,0.3746],[139.913,74.9182,0.4512],[139.9146,74.9167,0.3526],[139.9203,74.9172,0.5114]]],
[[[139.9208,74.9396,0.8873],[139.9271,74.9396,0.0],[139.9287,74.9411,0.6265],[139.9167,74.9437,0.0753],[139.913,74.9411,0.6619],[139.9146,74.9396,0.0],[139.9208,74.9396,0.8873]]],
[[[136.1391,73.8818,0.0],[136.1375,73.8833,0.0],[136.1318,73.8828,0.0],[136.1333,73.8812,0.0],[136.1391,73.8818,0.0]]],
[[[136.1266,73.8839,0.0],[136.125,73.8854,0.0],[136.1193,73.8849,0.0],[136.1208,73.8833,0.0],[136.1266,73.8839,0.0]]],
[[[135.4812,74.2292,101.3933],[135.4776,74.2297,102.2341],[135.4787,74.2328,92.5234],[135.4734,74.2338,83.3717],[135.4745,74.237,11.9779],[135.4729,74.2375,0.0],[135.4688,74.2375,17.5345],[135.4646,74.2354,98.0435],[135.4521,74.2354,101.7209],[135.4479,74.2333,84.8114],[135.4401,74.2328,0.0],[135.438,74.2307,0.0],[135.4396,74.2292,0.0],[135.4438,74.2292,-0.2321],[135.4479,74.2312,61.0357],[135.4536,74.2307,70.3212],[135.4516,74.2276,-1.0],[135.4438,74.2271,0.1299],[135.4422,74.2255,0.0],[135.4516,74.2224,0.0],[135.4505,74.2193,0.0],[135.462,74.2182,0.0],[135.4588,74.213,0.0],[135.4724,74.212,25.1119],[135.4708,74.2104,18.7517],[135.463,74.2099,0.0],[135.4682,74.2068,0.0],[135.4588,74.2057,0.0],[135.4641,74.2026,0.0],[135.4588,74.1974,0.0],[135.462,74.1943,0.0],[135.4588,74.1901,0.0],[135.4641,74.1891,0.0],[135.4609,74.1839,0.0],[135.4661,74.1818,4.1882],[135.4536,74.1693,0.0],[135.4443,74.1682,0.0],[135.4495,74.1661,0.0],[135.4464,74.162,0.0],[135.4495,74.1599,2.4608],[135.4484,74.1568,0.0],[135.4641,74.1516,53.598],[135.463,74.1484,1.1973],[135.4682,74.1474,33.1851],[135.4672,74.1443,0.0],[135.4958,74.1333,0.0],[135.5063,74.1333,0.0],[135.5104,74.1354,0.0],[135.5604,74.1354,11.7645],[135.5646,74.1333,0.0],[135.575,74.1333,-0.5],[135.5766,74.1349,6.3841],[135.5708,74.1375,-0.5],[135.5542,74.1375,-0.5],[135.5464,74.1401,1.6633],[135.5516,74.1464,-0.5],[135.5484,74.1495,1.6735],[135.5557,74.1505,-0.5],[135.5688,74.1625,-0.5],[135.5891,74.162,-0.5],[135.588,74.1589,-0.5],[135.5932,74.1578,-0.5],[135.5901,74.1536,-0.5],[135.5932,74.1516,-0.5],[135.5922,74.1484,-0.5],[135.6037,74.1453,-0.5],[135.6078,74.1432,6.7724],[135.6068,74.1401,-0.5],[135.612,74.1391,13.5157],[135.6026,74.1276,1.1723],[135.6125,74.1271,2.7026],[135.6432,74.1162,0.0],[135.6589,74.1088,0.0],[135.6667,74.1062,0.0],[135.675,74.1062,0.0],[135.7057,74.0953,0.0],[135.6964,74.0922,0.0],[135.7063,74.0917,0.0],[135.7141,74.0891,10.5275],[135.713,74.0859,0.0],[135.7161,74.0849,2.2951],[135.7151,74.0818,0.0],[135.7203,74.0807,0.0],[135.7193,74.0776,0.0],[135.7245,74.0766,26.2784],[135.7193,74.0703,0.0],[135.7224,74.0682,0.0],[135.7214,74.0651,0.0],[135.7328,74.062,36.5531],[135.7297,74.0589,0.0],[135.7349,74.0578,0.0],[135.7339,74.0547,0.0],[135.7391,74.0537,0.0],[135.738,74.0505,0.0],[135.7536,74.0453,0.0],[135.7484,74.038,0.0],[135.762,74.0328,23.8276],[135.7609,74.0297,0.0],[135.7729,74.0292,0.0],[135.7813,74.025,0.0],[135.7917,74.025,6.9994],[135.8,74.0208,0.0],[135.8083,74.0208,0.0],[135.8224,74.0162,0.0],[135.8354,74.0104,0.0],[135.8453,74.0099,15.0116],[135.8443,74.0068,0.0],[135.8458,74.0062,0.0],[135.8542,74.0062,0.0],[135.8708,74.0,0.0],[135.8792,74.0,26.5355],[135.8875,73.9958,0.0],[135.9042,73.9958,25.374],[135.9208,73.9896,0.0],[135.9292,73.9896,0.0],[135.9411,73.9849,0.0],[135.9396,73.9833,0.0],[135.9354,73.9833,0.0],[135.9292,73.9854,0.0],[135.9255,73.9828,0.0],[135.9271,73.9812,0.0],[135.95,73.9812,0.0],[135.9542,73.9792,0.0],[135.9708,73.9792,21.1552],[135.9724,73.9786,17.4721],[135.9714,73.9755,0.0],[135.9922,73.9672,0.0],[136.0,73.9646,0.0],[136.0083,73.9646,20.9828],[136.0224,73.9599,0.0],[136.0193,73.9568,0.0],[136.0271,73.9542,0.0],[136.037,73.9537,0.0],[136.0359,73.9505,0.0],[136.0578,73.9432,0.0],[136.0568,73.9401,0.0],[136.0703,73.9349,1.2544],[136.0693,73.9318,0.0],[136.0745,73.9307,1.4809],[136.0714,73.9255,0.0],[136.0766,73.9234,22.4251],[136.0682,73.9151,26.343],[136.0589,73.9141,0.0],[136.063,73.9109,0.0],[136.0708,73.9083,0.0],[136.0792,73.9083,0.0],[136.087,73.9057,0.0],[136.0859,73.9026,0.0],[136.0875,73.9021,0.0],[136.0958,73.9021,0.0],[136.1271,73.8896,0.0],[136.1354,73.8896,0.0],[136.1432,73.887,0.0],[136.1474,73.8849,0.0],[136.1463,73.8818,0.0],[136.1479,73.8812,0.0],[136.1563,73.8812,0.0],[136.1667,73.8771,0.0],[136.1896,73.8771,0.0],[136.1938,73.875,0.0],[136.1979,73.875,0.0],[136.2042,73.8792,0.0],[136.2182,73.8797,0.0],[136.2271,73.8875,0.0],[136.2333,73.8875,0.0],[136.2375,73.8896,0.0],[136.2536,73.8922,0.0],[136.2599,73.8984,0.0],[136.2568,73.9005,0.0],[136.2583,73.9021,0.0],[136.2625,73.9021,0.0],[136.2667,73.9042,0.0],[136.2792,73.9042,0.0],[136.2854,73.9021,0.0],[136.2917,73.9063,0.0],[136.3099,73.9089,0.0],[136.3141,73.913,0.0],[136.3125,73.9146,0.0],[136.3005,73.9151,0.0],[136.3016,73.9182,0.0],[136.2984,73.9203,5.5111],[136.3005,73.9224,0.0],[136.3083,73.9229,0.0],[136.3099,73.9245,0.0],[136.2984,73.9276,0.0],[136.2995,73.9307,0.0],[136.2859,73.9359,0.0],[136.2891,73.9411,10.6678],[136.2839,73.9432,16.6263],[136.287,73.9474,0.0],[136.2755,73.9484,17.4932],[136.2849,73.9516,0.0],[136.2729,73.9521,0.0],[136.2583,73.9583,5.1842],[136.25,73.9583,9.4318],[136.2396,73.9625,9.8441],[136.2297,73.963,18.242],[136.2312,73.9646,10.2609],[136.2391,73.9651,8.4814],[136.2484,73.9745,24.3322],[136.2578,73.9755,27.1348],[136.262,73.9807,30.2572],[136.2521,73.9812,26.4446],[136.2479,73.9833,30.1508],[136.2375,73.9833,37.0861],[136.2292,73.9875,20.1162],[136.2208,73.9875,29.537],[136.2167,73.9896,15.9298],[136.2063,73.9896,21.4043],[136.1349,74.0182,28.8117],[136.1234,74.0214,20.6866],[136.1193,74.0234,21.3791],[136.1203,74.0266,0.0],[136.1047,74.0318,2.1875],[136.1078,74.037,0.0],[136.0984,74.0401,8.4577],[136.0995,74.0432,0.0],[136.0734,74.0526,14.1718],[136.0745,74.0557,28.6579],[136.0693,74.0568,29.238],[136.0703,74.0599,20.889],[136.0568,74.0651,32.0526],[136.0578,74.0682,10.4074],[136.0464,74.0714,29.8141],[136.0167,74.0833,12.1567],[136.0083,74.0833,5.1972],[135.9937,74.0896,19.765],[135.9818,74.0901,23.0559],[135.9672,74.0964,9.8934],[135.9682,74.0995,5.7155],[135.9568,74.1026,6.2212],[135.9578,74.1057,0.0],[135.9563,74.1062,0.0],[135.9479,74.1062,0.0],[135.9396,74.1104,0.0],[135.9167,74.1125,21.0271],[135.9021,74.1188,0.0],[135.8917,74.1188,6.455],[135.8833,74.1229,7.5355],[135.875,74.1229,5.5358],[135.8583,74.1292,6.9289],[135.85,74.1292,10.9224],[135.8422,74.1318,7.8439],[135.8432,74.1349,10.8572],[135.8286,74.1412,4.7612],[135.8146,74.1458,4.1751],[135.8047,74.1464,15.8335],[135.8141,74.1495,0.0],[135.8005,74.1505,0.0],[135.8016,74.1536,0.0],[135.8,74.1542,0.0],[135.7792,74.1563,11.4694],[135.7688,74.1604,10.7504],[135.7604,74.1604,12.6735],[135.7563,74.1625,12.0867],[135.7479,74.1625,19.0971],[135.7005,74.1797,31.9475],[135.6953,74.1828,30.0153],[135.6839,74.1859,32.2977],[135.6797,74.188,26.3498],[135.6807,74.1911,0.0],[135.6703,74.1953,0.0],[135.6396,74.2063,0.0],[135.6313,74.2063,35.6096],[135.6234,74.2089,34.5244],[135.6,74.2188,30.3763],[135.5896,74.2188,27.2521],[135.5854,74.2208,22.1184],[135.5771,74.2208,17.6212],[135.5729,74.2229,8.7925],[135.5188,74.2229,98.4755],[135.5146,74.225,91.7113],[135.4979,74.225,105.5639],[135.4875,74.2292,95.2289],[135.4812,74.2292,101.3933]]],
[[[137.3167,75.3229,0.0],[137.3083,75.3229,0.0],[137.3068,75.3214,0.0],[137.3224,75.3214,0.0],[137.3208,75.3229,0.0],[137.3167,75.3229,0.0]]],
[[[138.8953,74.6713,0.0],[138.8938,74.6729,0.0],[138.888,74.6724,0.0],[138.8896,74.6708,0.0],[138.8953,74.6713,0.0]]],
[[[138.8828,74.6734,0.0],[138.8813,74.675,0.0],[138.8755,74.6745,0.0],[138.8771,74.6729,0.0],[138.8828,74.6734,0.0]]],
[[[138.8141,74.6818,0.0],[138.8125,74.6833,0.0],[138.8068,74.6828,0.0],[138.8083,74.6813,0.0],[138.8141,74.6818,0.0]]],
[[[139.4349,74.6922,0.0],[139.4333,74.6937,0.0],[139.4276,74.6932,0.0],[139.4292,74.6917,0.0],[139.4349,74.6922,0.0]]],
[[[138.6745,74.7026,0.0],[138.6729,74.7042,0.0],[138.6672,74.7037,0.0],[138.6687,74.7021,0.0],[138.6745,74.7026,0.0]]],
[[[138.6016,74.7193,0.0],[138.6,74.7208,0.0],[138.5943,74.7203,0.0],[138.5958,74.7188,0.0],[138.6016,74.7193,0.0]]],
[[[138.1687,74.75,0.0],[138.1651,74.7495,0.0],[138.1609,74.7464,0.0],[138.1682,74.7464,0.0],[138.1703,74.7484,0.0],[138.1687,74.75,0.0]]],
[[[139.587,74.8005,0.0],[139.5854,74.8021,0.0],[139.5797,74.8016,0.0],[139.5813,74.8,0.0],[139.587,74.8005,0.0]]],
[[[137.8807,74.9318,0.0],[137.8792,74.9333,6.164],[137.8734,74.9328,0.0],[137.875,74.9313,0.0],[137.8807,74.9318,0.0]]],
[[[139.8453,74.9443,0.2087],[139.8438,74.9458,0.4221],[139.838,74.9453,0.9513],[139.8396,74.9437,0.6907],[139.8453,74.9443,0.2087]]],
[[[139.8875,74.95,0.5643],[139.8729,74.95,0.5504],[139.8687,74.9521,0.5734],[139.8646,74.9521,0.3463],[139.863,74.9505,0.4061],[139.8682,74.9484,0.7189],[139.8589,74.9422,0.3752],[139.8708,74.9417,0.6452],[139.875,74.9396,0.543],[139.8938,74.9396,0.3142],[139.8979,74.9417,0.4538],[139.9063,74.9417,1.709],[139.9099,74.9443,0.8408],[139.9047,74.9464,1.0757],[139.9078,74.9484,0.7102],[139.9063,74.95,0.786],[139.8875,74.95,0.5643]]],
[[[137.7974,74.9547,0.0],[137.7958,74.9563,0.0],[137.7901,74.9557,0.0],[137.7917,74.9542,0.0],[137.7974,74.9547,0.0]]],
[[[141.0786,74.2234,0.0],[141.0771,74.225,0.0],[141.0714,74.2245,1.6449],[141.0729,74.2229,1.7125],[141.0786,74.2234,0.0]]],
[[[141.0703,74.2338,0.0],[141.0688,74.2354,0.0],[141.063,74.2349,0.0],[141.0646,74.2333,0.0],[141.0703,74.2338,0.0]]],
[[[140.9807,74.2589,0.0],[140.9792,74.2604,0.0],[140.9734,74.2599,0.0],[140.975,74.2583,0.0],[140.9807,74.2589,0.0]]],
[[[139.0667,76.1958,0.0],[139.0729,76.1958,0.0],[139.0745,76.1974,0.6264],[139.0667,76.2,0.0],[139.0542,76.2,0.0],[139.0396,76.1917,0.5935],[139.0,76.1917,4.7063],[138.9896,76.1958,0.6148],[138.9542,76.1958,3.9466],[138.95,76.1979,0.0],[138.9458,76.1979,0.8042],[138.9443,76.1964,0.3695],[138.9495,76.1943,4.9981],[138.938,76.187,0.8222],[138.9411,76.1839,4.0062],[138.9229,76.1833,0.469],[138.9214,76.1818,0.2845],[138.9266,76.1797,3.611],[138.9125,76.1792,2.9948],[138.8943,76.1859,2.5516],[138.9016,76.1932,0.5072],[138.8922,76.1964,0.8814],[138.8932,76.1995,0.854],[138.8521,76.2,4.9005],[138.8375,76.1958,5.0337],[138.8292,76.1958,4.8454],[138.8208,76.1917,8.8255],[138.8146,76.1917,4.4681],[138.8042,76.1854,30.1864],[138.7875,76.1854,5.889],[138.7833,76.1833,8.4355],[138.75,76.1833,-0.2225],[138.7458,76.1813,1.5405],[138.7021,76.1813,-0.4782],[138.6875,76.1771,4.2939],[138.6625,76.1771,-0.0965],[138.6542,76.1729,5.4131],[138.6375,76.1729,6.0258],[138.6313,76.1687,3.0983],[138.6062,76.1687,0.3956],[138.6021,76.1667,8.7057],[138.5979,76.1667,10.8429],[138.5938,76.1687,0.0606],[138.5708,76.1687,0.0],[138.5667,76.1667,6.5173],[138.5583,76.1667,0.0],[138.5437,76.1625,0.0],[138.5354,76.1625,0.0],[138.525,76.1563,7.6862],[138.5083,76.1563,0.0],[138.5068,76.1547,0.0],[138.512,76.1536,3.3788],[138.5109,76.1505,0.0],[138.5229,76.15,4.0802],[138.5245,76.1484,6.4445],[138.5063,76.1479,0.0],[138.5021,76.1458,7.1161],[138.4937,76.1458,3.4394],[138.4901,76.1432,0.0],[138.4943,76.1401,0.0],[138.5021,76.1375,0.0],[138.5125,76.1375,1.6483],[138.5141,76.1359,5.2178],[138.5047,76.1349,0.0],[138.488,76.1245,0.0],[138.4932,76.1214,0.4607],[138.488,76.1172,0.0],[138.4995,76.113,3.7458],[138.4917,76.1083,5.7148],[138.4818,76.1078,0.0],[138.487,76.1047,4.1182],[138.4807,76.1005,4.3313],[138.4693,76.0995,0.0],[138.4708,76.0979,0.0],[138.4812,76.0979,1.8775],[138.4828,76.0964,2.1802],[138.4734,76.0953,0.0],[138.4766,76.0922,0.0],[138.4688,76.0917,0.0],[138.4672,76.0901,0.0],[138.4792,76.0896,0.4883],[138.4807,76.088,0.0],[138.475,76.0854,0.0],[138.4672,76.0849,0.0],[138.4568,76.0787,0.0],[138.4682,76.0745,15.6335],[138.463,76.0703,7.0772],[138.4682,76.0682,12.8691],[138.4651,76.0651,0.0],[138.4766,76.062,-0.0526],[138.4807,76.0589,-0.0251],[138.4729,76.0583,0.1906],[138.4688,76.0563,0.3241],[138.4604,76.0563,0.9906],[138.4568,76.0526,0.0],[138.4599,76.0516,3.8448],[138.4588,76.0484,11.1188],[138.4604,76.0479,7.674],[138.4729,76.0479,0.0],[138.4771,76.05,4.8742],[138.4812,76.05,0.0],[138.4854,76.0479,0.0],[138.4958,76.0479,3.7973],[138.5,76.0458,-0.382],[138.512,76.0453,0.0755],[138.5104,76.0437,0.122],[138.5021,76.0437,-0.2304],[138.5005,76.0422,-0.2924],[138.5141,76.0411,0.5116],[138.512,76.038,0.3375],[138.5063,76.0354,1.082],[138.4984,76.0349,-0.1345],[138.4943,76.0318,-0.0464],[138.5057,76.0286,1.3848],[138.5026,76.0255,-0.2641],[138.5146,76.025,1.4582],[138.5328,76.0182,1.7769],[138.5313,76.0167,5.5971],[138.525,76.0167,-0.1804],[138.5208,76.0146,-0.1184],[138.5151,76.0151,1.553],[138.5161,76.0182,-0.0303],[138.5146,76.0188,0.2044],[138.5104,76.0188,1.0955],[138.5063,76.0167,1.3881],[138.4937,76.0167,1.3635],[138.4922,76.0182,1.1684],[138.4974,76.0224,0.0897],[138.4755,76.0234,1.6827],[138.4771,76.025,1.4294],[138.4849,76.0255,-0.3741],[138.4797,76.0276,0.8219],[138.4828,76.0307,-0.132],[138.4609,76.0318,1.2658],[138.4625,76.0333,1.1038],[138.4891,76.0339,-0.1387],[138.4839,76.037,1.4476],[138.4891,76.0411,1.4245],[138.4812,76.0437,1.5773],[138.4521,76.0437,0.0],[138.4479,76.0417,0.1353],[138.4318,76.0422,0.089],[138.4349,76.0453,1.1762],[138.4193,76.0505,0.0],[138.4234,76.0557,0.0],[138.4328,76.0557,0.0],[138.4297,76.0537,0.0],[138.4312,76.0521,0.0],[138.4438,76.0521,0.0],[138.4495,76.0557,0.0],[138.4359,76.0568,0.0],[138.4411,76.062,0.0],[138.4292,76.0625,16.1546],[138.4214,76.0651,9.0849],[138.4172,76.0682,6.5201],[138.4255,76.0745,0.0],[138.4333,76.075,8.1512],[138.4391,76.0787,0.0],[138.4255,76.0797,8.9277],[138.4307,76.0849,0.0],[138.4187,76.0854,12.2926],[138.4172,76.0859,8.3552],[138.4182,76.0891,0.0],[138.4083,76.0896,9.6037],[138.4005,76.0922,4.6727],[138.4057,76.0974,0.0],[138.3938,76.0979,4.3435],[138.3922,76.0984,4.2419],[138.3932,76.1016,0.0],[138.3797,76.1026,1.539],[138.3828,76.1057,0.0],[138.3708,76.1062,0.3881],[138.363,76.1088,7.7649],[138.3646,76.1104,4.567],[138.3745,76.1109,0.0],[138.3693,76.113,0.0],[138.3703,76.1162,0.0],[138.3662,76.1182,0.0],[138.3583,76.1208,0.1628],[138.3479,76.1208,5.9937],[138.3333,76.1271,1.5261],[138.3271,76.1271,0.0],[138.3229,76.125,9.6373],[138.3083,76.125,1.6059],[138.3042,76.1229,9.7416],[138.2875,76.1229,0.0],[138.2833,76.1208,8.4623],[138.2667,76.1208,0.0],[138.2625,76.1188,0.0],[138.2563,76.1188,0.0],[138.2479,76.1146,0.0],[138.2401,76.1141,0.0],[138.2333,76.1104,9.4646],[138.2167,76.1104,0.0],[138.2125,76.1083,0.0],[138.2063,76.1083,0.0],[138.2047,76.1068,0.0],[138.2099,76.1047,0.0],[138.2042,76.1021,0.0],[138.1964,76.1016,0.0],[138.1896,76.0979,0.0],[138.1818,76.0974,0.0],[138.1849,76.0943,0.0],[138.1797,76.0911,0.0],[138.1755,76.0859,0.0],[138.1787,76.0849,4.2749],[138.1776,76.0818,0.0],[138.1828,76.0807,0.0],[138.1797,76.0776,0.0],[138.1932,76.0766,2.7181],[138.1922,76.0734,0.0],[138.1953,76.0724,0.0],[138.1943,76.0693,0.0],[138.1995,76.0682,3.2731],[138.1922,76.062,0.0],[138.1953,76.0589,3.4148],[138.1849,76.0505,5.648],[138.1734,76.0495,0.0],[138.1609,76.0411,0.0],[138.1724,76.037,7.065],[138.1667,76.0333,12.1082],[138.1589,76.0328,0.0],[138.1641,76.0297,8.5734],[138.1583,76.0271,3.2106],[138.1422,76.0266,0.0],[138.1359,76.0224,0.0],[138.1391,76.0193,0.0],[138.1297,76.0182,0.0],[138.1172,76.0099,0.0],[138.1224,76.0078,2.2994],[138.1203,76.0047,1.6729],[138.1146,76.0021,0.0],[138.1068,76.0016,0.0],[138.1,75.9979,6.8698],[138.0958,75.9979,7.0793],[138.0917,76.0,0.4539],[138.0729,76.0,10.8091],[138.0688,76.0021,0.0],[138.0646,76.0021,0.0],[138.0542,75.9958,0.4191],[138.05,75.9958,0.7291],[138.0458,75.9979,7.0361],[138.0333,75.9979,2.4192],[138.0292,75.9958,9.9651],[138.0208,75.9958,0.0],[138.0172,75.9932,0.392],[138.0266,75.9891,0.7129],[138.025,75.9875,0.4274],[138.0208,75.9875,0.4778],[138.0063,75.9938,0.0],[137.9812,75.9958,10.0965],[137.9797,75.9964,9.5141],[137.9807,75.9995,5.618],[137.9792,76.0,3.6773],[137.9583,76.0,0.0],[137.9542,75.9979,6.4029],[137.9292,75.9979,0.5606],[137.9255,75.9943,0.0],[137.9307,75.9922,0.0],[137.925,75.9896,0.2876],[137.8979,75.9917,0.6906],[137.8875,75.9958,4.4309],[137.8667,75.9958,0.0],[137.8625,75.9938,11.5781],[137.85,75.9938,0.0],[137.8458,75.9958,0.0],[137.8417,75.9958,0.0],[137.8375,75.9938,0.0],[137.8146,75.9938,0.0],[137.8104,75.9958,0.0],[137.8062,75.9958,0.0],[137.8021,75.9938,0.0],[137.7979,75.9938,0.0],[137.7937,75.9958,0.0],[137.775,75.9958,1.5686],[137.7708,75.9979,9.0449],[137.7229,75.9979,0.0],[137.7188,75.9958,0.0],[137.7021,75.9958,0.0],[137.6979,75.9938,5.1298],[137.6938,75.9938,0.0],[137.6896,75.9958,0.0],[137.6771,75.9958,0.0],[137.6626,75.9917,0.0],[137.6438,75.9896,0.0],[137.6396,75.9875,0.0],[137.6313,75.9875,0.0],[137.625,75.9833,0.0],[137.6167,75.9833,0.0],[137.6078,75.9776,0.0],[137.5984,75.9766,0.0],[137.5953,75.9734,4.1116],[137.5838,75.9724,0.0],[137.5891,75.9693,0.0833],[137.5792,75.9688,0.0],[137.5729,75.9646,8.1313],[137.5526,75.962,0.0],[137.5578,75.9599,6.1719],[137.5562,75.9583,8.4136],[137.5375,75.9563,0.0],[137.5313,75.9521,16.1715],[137.5229,75.9521,0.0],[137.5167,75.9479,16.8935],[137.5068,75.9474,0.0],[137.5,75.9417,17.0137],[137.4917,75.9417,0.0],[137.4854,75.9375,0.0],[137.4755,75.937,0.0],[137.4807,75.9339,0.0],[137.4771,75.9313,15.547],[137.4672,75.9307,0.0],[137.4724,75.9276,21.5752],[137.4646,75.9271,0.0],[137.4588,75.9245,0.0],[137.4307,75.9026,0.0],[137.4276,75.9016,0.0],[137.4328,75.8984,0.0],[137.4276,75.8943,0.0],[137.4391,75.8901,6.7276],[137.4297,75.8891,0.0],[137.4255,75.887,0.0],[137.4234,75.8839,0.0],[137.4354,75.8833,0.0],[137.437,75.8818,0.0],[137.4339,75.8797,0.0],[137.4458,75.8792,0.0],[137.4536,75.8766,3.3158],[137.4526,75.8734,0.0],[137.4542,75.8729,0.0],[137.4661,75.8724,7.1795],[137.463,75.8693,0.0],[137.4745,75.8662,0.0],[137.4714,75.863,0.0],[137.4766,75.862,0.0],[137.4755,75.8588,0.0],[137.4849,75.8557,0.7757],[137.4839,75.8526,1.2617],[137.4917,75.85,0.0],[137.5021,75.85,1.5726],[137.5104,75.8458,0.0],[137.5208,75.8458,5.9878],[137.5224,75.8453,10.5443],[137.5213,75.8422,0.0],[137.5318,75.838,0.0],[137.5453,75.837,8.5332],[137.538,75.8297,0.0],[137.55,75.8292,0.2241],[137.5542,75.8271,0.0],[137.5646,75.8271,8.3286],[137.5661,75.8255,12.4753],[137.563,75.8234,0.0],[137.5682,75.8224,0.0],[137.5667,75.8208,0.0],[137.5521,75.8208,0.0],[137.5505,75.8193,0.0],[137.5807,75.8182,11.0855],[137.5755,75.813,0.0],[137.587,75.8099,8.2118],[137.5838,75.8068,6.5438],[137.5953,75.8037,0.0],[137.5922,75.8005,0.0],[137.6042,75.8,0.8889],[137.612,75.7974,6.2037],[137.6109,75.7943,0.0],[137.6167,75.7917,0.0],[137.6438,75.7917,6.7042],[137.6578,75.787,6.996],[137.6547,75.7839,0.0],[137.6667,75.7833,4.9929],[137.6682,75.7828,5.0974],[137.6672,75.7797,0.0],[137.6687,75.7792,0.0],[137.6875,75.7792,5.0506],[137.6891,75.7776,2.5522],[137.6859,75.7755,0.0],[137.7,75.7708,0.0],[137.7203,75.7703,0.0],[137.7245,75.7682,0.0],[137.7234,75.7651,0.0],[137.7349,75.762,3.5034],[137.7318,75.7589,0.0],[137.7432,75.7557,0.0],[137.7401,75.7526,0.0],[137.7453,75.7505,2.0948],[137.7375,75.75,0.0],[137.7333,75.7479,0.5301],[137.7292,75.7479,0.5148],[137.725,75.75,0.0],[137.7146,75.75,0.0],[137.7068,75.7526,0.0],[137.7078,75.7557,0.0],[137.7021,75.7583,0.0],[137.6964,75.7578,0.0],[137.6922,75.7557,0.0],[137.6901,75.7526,0.0],[137.7021,75.7479,0.0],[137.7125,75.7479,0.0],[137.7229,75.7438,0.0],[137.7333,75.7438,0.5575],[137.7349,75.7422,0.9679],[137.7318,75.7401,0.0],[137.7661,75.7276,0.473],[137.7521,75.7271,0.0],[137.7417,75.7312,0.9152],[137.7312,75.7312,11.9756],[137.7297,75.7328,9.8535],[137.7375,75.7333,0.0],[137.7391,75.7349,0.0],[137.7292,75.7354,1.4758],[137.7063,75.7438,0.0],[137.6979,75.7438,0.2046],[137.6938,75.7458,0.0],[137.675,75.7458,0.2295],[137.6734,75.7474,0.4359],[137.6812,75.7479,0.0],[137.6828,75.7495,0.0],[137.6625,75.75,3.9603],[137.6542,75.7542,0.0],[137.6438,75.7542,0.3249],[137.6396,75.7562,0.0],[137.6104,75.7562,2.4761],[137.6062,75.7542,11.7723],[137.5875,75.7521,0.0],[137.5833,75.75,7.5421],[137.575,75.75,0.0],[137.5708,75.7479,21.3149],[137.5479,75.7479,0.0],[137.5333,75.7438,5.5111],[137.5151,75.7432,0.0],[137.5203,75.7412,11.5528],[137.5188,75.7396,11.8222],[137.4896,75.7396,0.0],[137.4854,75.7417,5.4171],[137.4583,75.7417,6.8525],[137.4479,75.7458,1.3526],[137.4292,75.7458,9.5959],[137.4083,75.7542,1.766],[137.3963,75.7547,11.393],[137.3974,75.7578,0.0],[137.3917,75.7604,0.0],[137.3729,75.7604,0.7928],[137.3714,75.7609,0.7197],[137.3724,75.7641,0.8192],[137.3646,75.7667,0.0],[137.3375,75.7688,0.0],[137.3333,75.7667,0.0],[137.2937,75.7667,0.0],[137.2896,75.7646,8.9753],[137.2646,75.7646,0.0],[137.25,75.7604,7.9222],[137.2417,75.7604,0.0],[137.237,75.7568,5.9216],[137.2292,75.7562,0.0],[137.2208,75.7521,0.0],[137.2146,75.7521,0.0],[137.2083,75.7479,15.707],[137.2,75.7479,0.0],[137.1891,75.7401,13.1768],[137.1797,75.7391,0.0],[137.1703,75.7318,10.0483],[137.1609,75.7307,0.0],[137.1662,75.7276,15.3878],[137.1547,75.7266,0.0],[137.1526,75.7234,0.0],[137.1578,75.7214,3.5125],[137.1463,75.7203,0.0],[137.1422,75.7151,0.0],[137.1474,75.713,0.0],[137.1443,75.712,0.0],[137.1401,75.7068,0.0],[137.1432,75.7057,0.0],[137.1422,75.7026,0.0],[137.1474,75.7016,0.0],[137.1463,75.6984,0.0],[137.1479,75.6979,0.0],[137.1646,75.6979,1.3116],[137.1812,75.6917,0.0],[137.1938,75.6937,1.8945],[137.1953,75.6932,1.8945],[137.1943,75.6901,0.0],[137.1984,75.688,0.0],[137.212,75.687,1.2884],[137.2109,75.6839,0.0],[137.2161,75.6828,4.2703],[137.213,75.6797,0.0],[137.2182,75.6787,0.0],[137.2172,75.6755,0.0],[137.2224,75.6745,18.657],[137.2151,75.6682,0.0],[137.2182,75.6651,0.0],[137.2151,75.6609,0.0],[137.2245,75.6578,0.0],[137.2234,75.6547,0.0],[137.2287,75.6526,15.2216],[137.2208,75.6479,0.906],[137.2063,75.6479,0.0],[137.2047,75.6464,0.0],[137.2167,75.6417,0.0],[137.2287,75.6412,5.398],[137.2276,75.638,0.0],[137.2292,75.6375,0.0],[137.2412,75.637,0.0],[137.237,75.6339,0.0],[137.2292,75.6333,0.0],[137.225,75.6312,6.1183],[137.2042,75.6312,8.7428],[137.2,75.6333,1.3653],[137.1958,75.6333,3.0411],[137.1797,75.6286,0.9684],[137.1849,75.6255,1.5355],[137.1791,75.625,1.4224],[137.175,75.6271,0.0],[137.1708,75.6271,0.0],[137.1672,75.6234,1.4999],[137.1854,75.6229,0.0],[137.1896,75.6208,0.0],[137.1958,75.6208,0.0],[137.1974,75.6224,0.0],[137.1922,75.6245,0.0],[137.1979,75.625,0.0],[137.2083,75.6208,0.0],[137.225,75.6208,0.0],[137.2266,75.6203,0.0],[137.2255,75.6172,0.0],[137.2271,75.6167,0.0],[137.2458,75.6167,0.0],[137.25,75.6146,0.0],[137.2557,75.6151,0.0],[137.2604,75.6188,0.0],[137.2646,75.6188,0.0],[137.2688,75.6167,0.0],[137.2792,75.6167,1.4369],[137.2807,75.6162,1.3477],[137.2797,75.613,0.4931],[137.2896,75.6125,0.3737],[137.2912,75.6109,0.0],[137.275,75.6083,1.9815],[137.2672,75.6109,0.0],[137.2703,75.6141,0.0],[137.2646,75.6146,0.0],[137.2604,75.6125,0.0],[137.2417,75.6104,0.0],[137.2401,75.6088,0.0],[137.2453,75.6078,0.0],[137.2495,75.6047,0.0],[137.2401,75.6036,0.0],[137.2359,75.5984,0.0],[137.2417,75.5958,0.0],[137.2542,75.5979,0.0],[137.2682,75.5932,0.0],[137.2609,75.5859,0.0],[137.2688,75.5833,0.0],[137.2937,75.5833,11.7347],[137.2979,75.5813,1.5661],[137.325,75.5813,6.2241],[137.3328,75.5787,0.0],[137.3313,75.5771,0.0],[137.3234,75.5766,0.0],[137.3266,75.5734,0.9415],[137.3224,75.5693,6.6866],[137.3125,75.5687,0.2651],[137.3083,75.5667,0.5536],[137.2792,75.5667,9.1812],[137.2708,75.5708,14.3807],[137.2583,75.5708,12.941],[137.2542,75.5687,14.052],[137.2375,75.5687,0.0],[137.2359,75.5672,0.0],[137.2479,75.5667,0.0],[137.2495,75.5651,5.7967],[137.2453,75.5609,2.3218],[137.2354,75.5604,0.0],[137.2292,75.5563,0.0],[137.1984,75.5516,0.0],[137.1964,75.5484,0.0],[137.2016,75.5463,9.2616],[137.1984,75.5453,3.6765],[137.1964,75.5422,0.0],[137.2016,75.5411,9.2916],[137.1984,75.538,0.0],[137.212,75.537,4.6224],[137.2109,75.5339,1.023],[137.2188,75.5313,0.0],[137.2354,75.5313,4.2208],[137.2396,75.5292,0.0],[137.2667,75.5292,2.3175],[137.2771,75.525,0.0],[137.2875,75.525,5.2653],[137.2995,75.5203,0.0],[137.2979,75.5188,0.0],[137.2937,75.5188,0.0],[137.2896,75.5208,0.0],[137.2792,75.5208,3.5875],[137.2724,75.5245,0.0],[137.2667,75.525,0.0],[137.2625,75.5229,2.8299],[137.2375,75.5229,0.0],[137.2333,75.5208,11.8103],[137.2208,75.5229,0.0],[137.2167,75.5208,7.8382],[137.2021,75.5208,0.0],[137.2005,75.5193,0.0],[137.2125,75.5188,0.5461],[137.2141,75.5172,0.0],[137.2109,75.5151,0.0],[137.2188,75.5125,0.0],[137.2292,75.5125,0.0],[137.2536,75.5036,0.0],[137.2505,75.5005,0.0],[137.2625,75.5,0.0],[137.287,75.4912,6.3106],[137.2854,75.4896,4.4718],[137.2776,75.4891,0.0],[137.2755,75.4859,0.0],[137.2854,75.4854,0.0],[137.2932,75.4828,0.728],[137.2922,75.4797,0.0],[137.3016,75.4766,7.8302],[137.2943,75.4693,0.0],[137.3021,75.4667,0.2687],[137.3224,75.4661,3.4358],[137.3182,75.463,0.0],[137.3104,75.4625,0.0],[137.3089,75.4609,0.0],[137.3245,75.4557,0.0],[137.3234,75.4526,0.0],[137.3286,75.4516,0.0],[137.3255,75.4484,0.0],[137.3307,75.4464,1.3678],[137.3234,75.4401,0.0],[137.337,75.4391,1.0092],[137.3349,75.4359,0.0],[137.3292,75.4354,0.0],[137.3109,75.4422,0.0],[137.312,75.4453,0.0],[137.3,75.4458,8.6527],[137.2917,75.45,0.0],[137.2708,75.45,0.6863],[137.2667,75.4479,10.7642],[137.2583,75.4479,0.0],[137.2521,75.4437,8.6002],[137.2375,75.4437,0.0],[137.2312,75.4396,0.7848],[137.2146,75.4396,0.0],[137.2104,75.4375,0.0],[137.2063,75.4375,0.0],[137.2047,75.4391,0.0],[137.2078,75.4411,0.0],[137.1938,75.4417,0.0],[137.1896,75.4396,0.0],[137.1812,75.4396,0.0],[137.1797,75.438,0.0],[137.1849,75.4359,0.0],[137.1755,75.4349,0.0],[137.1672,75.4276,0.0],[137.1724,75.4266,12.7986],[137.1714,75.4234,0.0],[137.1807,75.4203,19.8628],[137.1797,75.4172,0.0],[137.2016,75.4099,14.9931],[137.1984,75.4068,0.0],[137.212,75.4057,9.7085],[137.2109,75.4026,0.9567],[137.2292,75.3958,0.0221],[137.2479,75.3958,1.5285],[137.2542,75.3938,0.0],[137.2583,75.3958,0.8171],[137.2682,75.3964,0.0],[137.2729,75.4,5.7165],[137.2958,75.4,0.0],[137.3021,75.4042,0.0],[137.3188,75.4042,0.0],[137.3229,75.4063,4.4045],[137.3271,75.4063,3.5344],[137.3313,75.4042,0.0],[137.3438,75.4042,0.0],[137.3479,75.4063,0.6231],[137.375,75.4063,6.6546],[137.3891,75.4016,0.0],[137.3859,75.3995,0.0],[137.3875,75.3979,0.0],[137.4125,75.3958,0.0],[137.4271,75.3896,0.0],[137.4375,75.3896,5.5106],[137.4646,75.3792,0.0],[137.4729,75.3792,5.565],[137.4807,75.3766,10.0679],[137.4755,75.3714,0.0],[137.4807,75.3703,0.5155],[137.4797,75.3672,2.6768],[137.4849,75.3662,6.6287],[137.4818,75.363,1.9185],[137.487,75.362,6.4589],[137.4854,75.3604,10.1969],[137.4776,75.3599,0.0],[137.4807,75.3568,0.0],[137.4776,75.3526,0.0],[137.4828,75.3505,12.3597],[137.4797,75.3495,4.8589],[137.4661,75.338,8.1265],[137.4443,75.3349,0.0],[137.4495,75.3318,-0.1921],[137.4312,75.3292,0.0],[137.4271,75.3271,2.5806],[137.4187,75.3271,0.0],[137.4146,75.325,0.4469],[137.3833,75.325,0.0],[137.3792,75.3229,8.4193],[137.3562,75.3229,0.0],[137.35,75.3187,8.6154],[137.3271,75.3187,0.0],[137.3229,75.3167,2.9536],[137.2688,75.3167,5.3755],[137.2646,75.3187,0.0],[137.2604,75.3187,0.0],[137.2563,75.3167,7.6373],[137.2521,75.3167,13.3929],[137.2479,75.3187,0.0],[137.2312,75.3187,10.3562],[137.2271,75.3208,0.0],[137.2083,75.3208,18.033],[137.1964,75.3255,1.1883],[137.1974,75.3287,0.0],[137.1958,75.3292,0.0],[137.1792,75.3292,6.2202],[137.1687,75.3333,0.0],[137.1568,75.3339,10.4],[137.1578,75.337,0.0],[137.1422,75.3422,0.0],[137.1453,75.3453,0.0],[137.1339,75.3484,0.0],[137.1391,75.3536,0.0],[137.1339,75.3557,0.0],[137.15,75.3562,0.0],[137.1516,75.3578,0.0],[137.1318,75.3588,0.0],[137.1411,75.362,0.0],[137.1297,75.3651,0.9262],[137.1229,75.3688,0.3992],[137.1125,75.3688,1.3069],[137.1083,75.3708,0.0],[137.1042,75.3708,0.0],[137.1,75.3688,17.1828],[137.0854,75.3688,14.992],[137.0813,75.3667,26.0475],[137.0583,75.3667,0.0],[137.0542,75.3646,0.3821],[137.0458,75.3646,0.0],[137.0417,75.3625,13.6334],[137.0083,75.3604,1.7008],[137.0042,75.3583,4.6267],[136.9979,75.3583,5.5381],[136.9833,75.3542,7.1868],[136.9771,75.3542,1.2769],[136.9729,75.3521,2.2602],[136.9646,75.3521,0.0],[136.9604,75.35,13.4003],[136.9542,75.35,0.0],[136.9396,75.3458,10.041],[136.9333,75.3458,0.0],[136.9255,75.3411,0.0],[136.9307,75.3391,0.0],[136.9297,75.3359,0.0],[136.9349,75.3349,0.0],[136.9297,75.3297,0.0],[136.9411,75.3266,0.0],[136.9359,75.3214,0.0],[136.9479,75.3208,0.0],[136.9536,75.3182,7.5197],[136.9505,75.313,0.0],[136.9557,75.312,0.9082],[136.9526,75.3089,0.0],[136.9578,75.3078,0.0],[136.9547,75.3026,0.0],[136.9661,75.3016,16.3583],[136.9651,75.2984,0.0],[136.9766,75.2953,25.544],[136.975,75.2937,14.7104],[136.9651,75.2932,0.0],[136.9703,75.2901,15.2681],[136.9609,75.2891,0.0],[136.9625,75.2875,0.0],[136.9729,75.2875,26.8645],[136.9745,75.2859,15.3455],[136.9609,75.2766,0.0],[136.9661,75.2734,0.0],[136.9568,75.2724,0.0],[136.9661,75.2672,7.6371],[136.9625,75.2646,15.2279],[136.9547,75.2641,0.0],[136.9505,75.2589,0.0],[136.962,75.2578,20.5106],[136.9609,75.2547,8.287],[136.9661,75.2536,8.2036],[136.963,75.2505,0.0],[136.9807,75.2453,0.0],[136.9937,75.2396,26.188],[137.0188,75.2396,4.479],[137.0229,75.2375,0.0],[137.0333,75.2375,0.0],[137.0375,75.2354,0.0],[137.0562,75.2354,8.1469],[137.0604,75.2333,0.0],[137.0688,75.2333,1.9131],[137.0729,75.2312,0.0],[137.0833,75.2312,11.8972],[137.0849,75.2307,17.1835],[137.0838,75.2276,0.0],[137.0938,75.2271,5.2616],[137.1078,75.2224,18.7003],[137.112,75.2203,8.0332],[137.1109,75.2172,0.0],[137.1125,75.2167,0.0],[137.1229,75.2167,6.8368],[137.1271,75.2146,0.0],[137.1313,75.2146,0.0],[137.1354,75.2167,8.158],[137.1411,75.2161,0.0],[137.1349,75.2109,18.1626],[137.1292,75.2104,25.0346],[137.1187,75.2146,0.0],[137.0958,75.2167,25.0562],[137.0891,75.2203,10.2785],[137.0776,75.2234,17.421],[137.0786,75.2266,0.0],[137.0771,75.2271,0.0],[137.0688,75.2271,11.8375],[137.0646,75.2292,1.3978],[137.0458,75.2292,21.8214],[137.0313,75.2354,0.0],[137.0005,75.2349,0.0],[137.0083,75.2312,0.0],[137.0182,75.2307,23.1437],[137.0172,75.2276,0.0],[137.0495,75.2161,10.7052],[137.0484,75.213,0.0],[137.062,75.212,33.3042],[137.0661,75.2099,32.2996],[137.063,75.2047,0.0],[137.075,75.2,0.0],[137.087,75.1995,30.8461],[137.0859,75.1964,0.0],[137.0953,75.1932,5.4542],[137.0943,75.1901,0.0],[137.1162,75.1828,0.0],[137.113,75.1797,0.0],[137.1411,75.1703,3.9153],[137.1401,75.1672,0.0],[137.1599,75.1599,10.1613],[137.1589,75.1568,0.0],[137.1667,75.1542,0.7811],[137.1766,75.1536,-0.4405],[137.1734,75.1484,0.0],[137.1787,75.1464,25.1457],[137.1755,75.1453,0.0],[137.1734,75.1422,0.0],[137.187,75.1412,19.4859],[137.1859,75.138,0.0],[137.2057,75.1307,0.0],[137.2047,75.1276,0.0],[137.2307,75.1182,17.0839],[137.2297,75.1151,0.0],[137.2349,75.1141,8.0121],[137.2339,75.1109,0.0],[137.238,75.1088,0.0],[137.2495,75.1057,0.0],[137.2563,75.1021,0.0],[137.2682,75.1016,7.2482],[137.2724,75.0995,11.0168],[137.2713,75.0964,0.0],[137.3037,75.0849,0.0],[137.3026,75.0818,0.0],[137.3349,75.0703,16.6771],[137.3338,75.0672,0.0],[137.3495,75.062,15.8184],[137.3464,75.0599,0.0],[137.3479,75.0583,0.0],[137.3667,75.0583,0.0838],[137.3724,75.0557,0.2914],[137.3714,75.0526,0.0],[137.3729,75.0521,0.0],[137.3833,75.0521,0.0],[137.3979,75.0458,0.0],[137.4083,75.0458,0.0],[137.4167,75.0417,0.0],[137.4271,75.0417,0.0],[137.4479,75.0333,0.0],[137.4729,75.0333,23.7729],[137.4964,75.0234,0.0],[137.5104,75.0188,0.0],[137.5188,75.0188,9.5869],[137.5396,75.0104,0.0],[137.5604,75.0104,0.0],[137.5646,75.0125,0.0],[137.5688,75.0125,0.0],[137.5896,75.0042,0.0],[137.5932,75.0057,0.0],[137.5838,75.0099,0.0],[137.5896,75.0104,0.0],[137.6,75.0062,0.0],[137.6167,75.0062,13.1706],[137.6182,75.0057,18.1318],[137.6172,75.0026,0.0],[137.6187,75.0021,0.0],[137.6354,75.0021,13.7539],[137.6396,75.0,0.0],[137.6521,75.0,1.9973],[137.6583,75.0042,0.0],[137.675,75.0062,0.0],[137.6807,75.0089,0.0],[137.6755,75.0109,0.0],[137.6776,75.0141,0.6452],[137.6917,75.0146,0.1681],[137.6932,75.013,0.1149],[137.688,75.0089,0.0],[137.6932,75.0078,7.9836],[137.6922,75.0047,1.8101],[137.7104,75.0042,0.0],[137.7182,75.0005,0.0],[137.7125,74.9979,10.2728],[137.7,74.9979,0.0],[137.6911,74.9922,0.7426],[137.6833,74.9917,1.1758],[137.6818,74.9901,0.0],[137.6932,74.9891,13.4277],[137.6922,74.9859,0.0],[137.7141,74.9786,0.0],[137.7182,74.9766,0.0],[137.7172,74.9734,0.0],[137.7354,74.9667,0.0],[137.7396,74.9667,0.0],[137.7437,74.9688,0.0],[137.7495,74.9682,0.0],[137.7443,74.963,0.0],[137.7505,74.9609,0.0],[137.7708,74.9625,0.0],[137.7813,74.9583,0.0],[137.7979,74.9583,0.0],[137.8057,74.9557,0.0],[137.8047,74.9526,0.0],[137.8161,74.9516,0.0],[137.813,74.9474,0.0],[137.8146,74.9458,0.0],[137.8313,74.9458,7.5748],[137.8354,74.9437,0.0],[137.8521,74.9437,0.0],[137.8562,74.9417,0.0],[137.8667,74.9417,17.4459],[137.8682,74.9401,16.301],[137.8651,74.938,0.0],[137.8771,74.9375,8.8172],[137.8813,74.9354,6.0923],[137.8979,74.9354,0.0],[137.9021,74.9333,0.0],[137.9063,74.9333,0.0],[137.9208,74.9375,7.8808],[137.9266,74.937,0.0],[137.9245,74.9339,1.6523],[137.9151,74.9328,0.0],[137.9182,74.9307,0.0],[137.9162,74.9276,0.0],[137.9,74.9271,6.382],[137.8958,74.925,11.6585],[137.8896,74.925,0.0],[137.888,74.9234,0.0],[137.8911,74.9224,0.0],[137.8901,74.9193,0.0],[137.9021,74.9187,13.8145],[137.9036,74.9172,16.2101],[137.9005,74.9151,0.0],[137.912,74.912,15.8712],[137.9089,74.9089,0.0],[137.9141,74.9078,0.1643],[137.913,74.9047,0.0],[137.9162,74.9036,0.0],[137.9151,74.9005,0.0],[137.9203,74.8984,0.0],[137.9125,74.8979,0.0],[137.9109,74.8964,0.0],[137.9208,74.8958,0.0],[137.9287,74.8932,4.1426],[137.9193,74.8901,0.0],[137.9391,74.8828,15.4525],[137.938,74.8797,11.6873],[137.9411,74.8786,5.5905],[137.9401,74.8755,0.0],[137.9557,74.8703,0.0],[137.9599,74.8682,0.0],[137.9588,74.8651,0.0],[137.9641,74.8641,0.0],[137.9609,74.8609,0.0],[137.9688,74.8583,0.0],[137.9787,74.8578,0.0],[137.9755,74.8526,0.0],[137.9833,74.85,0.0],[137.9932,74.8495,12.5791],[137.9901,74.8453,0.0],[137.9932,74.8432,0.0],[137.9901,74.8391,0.0],[137.9932,74.837,0.0],[137.9922,74.8339,0.0],[138.0104,74.8333,9.3673],[138.0182,74.8307,11.7773],[138.0172,74.8276,0.0],[138.0271,74.8271,5.3922],[138.0349,74.8245,0.0],[138.0318,74.8214,0.0],[138.0557,74.8161,3.3411],[138.0599,74.8141,10.6534],[138.0589,74.8109,0.0],[138.0682,74.8078,1.1692],[138.0672,74.8047,0.0],[138.1037,74.7911,7.5258],[138.0943,74.788,0.0],[138.1021,74.7854,0.0],[138.1083,74.7875,0.0],[138.1141,74.787,8.1534],[138.113,74.7839,0.0],[138.1182,74.7828,3.3358],[138.1151,74.7797,0.0],[138.1286,74.7786,5.8533],[138.1255,74.7755,0.0],[138.1391,74.7745,0.8503],[138.138,74.7714,0.0],[138.1438,74.7688,0.0],[138.1536,74.7682,9.728],[138.1526,74.7651,0.0],[138.1734,74.7568,0.0],[138.187,74.7557,0.0],[138.1849,74.7526,0.0],[138.1818,74.7516,0.0],[138.1833,74.75,0.0],[138.1958,74.7521,0.0],[138.2,74.75,0.0],[138.2125,74.75,0.0],[138.2167,74.7521,0.0],[138.2245,74.7526,0.0],[138.2193,74.7557,1.8047],[138.225,74.7562,1.9897],[138.2292,74.7542,0.0],[138.2458,74.7542,0.0],[138.2604,74.7479,0.0],[138.3083,74.7479,0.0],[138.3125,74.7458,0.0],[138.3375,74.7458,6.979],[138.3417,74.7438,0.0],[138.3604,74.7438,0.6477],[138.3646,74.7417,0.0],[138.4021,74.7396,11.291],[138.4063,74.7375,0.0],[138.4146,74.7375,8.6626],[138.4187,74.7354,0.0],[138.4292,74.7354,0.0],[138.4333,74.7333,0.0],[138.45,74.7333,0.0],[138.4542,74.7312,0.0],[138.4625,74.7312,0.0],[138.4667,74.7292,0.0],[138.4937,74.7312,3.2163],[138.4979,74.7292,0.0],[138.5146,74.7292,0.0],[138.5188,74.7271,0.0],[138.5521,74.7271,0.0],[138.5562,74.725,0.0],[138.6104,74.7229,0.0],[138.6187,74.7188,0.0],[138.6313,74.7208,4.1458],[138.6354,74.7188,0.0],[138.6438,74.7188,4.4363],[138.6479,74.7167,0.0],[138.6646,74.7167,3.4122],[138.6687,74.7146,0.0],[138.7042,74.7146,0.0322],[138.7083,74.7167,0.0009],[138.7125,74.7167,0.1836],[138.7141,74.7161,-0.2358],[138.713,74.713,-0.0591],[138.7161,74.712,0.212],[138.7151,74.7089,0.9838],[138.7266,74.7078,1.7223],[138.7234,74.7037,0.0],[138.725,74.7021,0.0],[138.7292,74.7021,0.0],[138.7333,74.7042,0.0],[138.7604,74.7042,10.3816],[138.775,74.6979,0.0],[138.7979,74.6958,5.2443],[138.8021,74.6937,0.0],[138.8104,74.6937,2.248],[138.8188,74.6896,0.0],[138.8292,74.6896,4.7488],[138.8333,74.6875,0.0],[138.8542,74.6854,5.5183],[138.862,74.6828,2.0214],[138.8589,74.6797,0.0],[138.8667,74.6771,0.0],[138.8833,74.6771,1.3479],[138.8875,74.675,0.0],[138.9057,74.6745,-0.0544],[138.8984,74.6672,0.0],[138.9063,74.6646,0.0],[138.9146,74.6646,0.0],[138.925,74.6604,0.0],[138.9375,74.6646,6.5244],[138.9521,74.6583,0.0],[138.9771,74.6563,-0.2006],[138.9812,74.6583,0.1083],[138.9958,74.6604,-0.2061],[138.9974,74.6589,0.0064],[138.988,74.6505,0.0],[138.9995,74.6495,11.8145],[138.9984,74.6464,0.0],[139.0099,74.6453,0.0],[139.0089,74.6422,0.0],[139.0104,74.6417,0.0],[139.0146,74.6417,0.0],[139.0188,74.6438,5.8348],[139.0292,74.6438,9.3634],[139.0396,74.6396,17.3836],[139.0479,74.6396,31.6645],[139.0625,74.6333,0.0],[139.0667,74.6333,0.0],[139.0708,74.6354,0.0],[139.0813,74.6333,0.0],[139.0854,74.6354,7.136],[139.0896,74.6354,3.5111],[139.0938,74.6333,0.0],[139.1375,74.6333,0.0],[139.1417,74.6354,2.0535],[139.1458,74.6354,1.7157],[139.1521,74.6333,0.0],[139.1563,74.6354,1.2259],[139.1708,74.6354,0.0],[139.175,74.6375,9.9639],[139.1979,74.6375,1.5025],[139.2021,74.6396,0.2006],[139.2167,74.6396,7.2514],[139.2208,74.6417,11.4092],[139.2333,74.6417,3.0223],[139.2375,74.6438,8.1599],[139.2458,74.6438,3.9556],[139.2604,74.6479,4.7759],[139.2729,74.6479,0.0],[139.2771,74.65,0.0],[139.2958,74.6521,0.0],[139.3005,74.6557,0.0],[139.3083,74.6563,0.0],[139.3146,74.6604,0.0],[139.3313,74.6625,0.0],[139.3354,74.6646,0.0],[139.3438,74.6646,0.0],[139.3505,74.6703,0.0],[139.3599,74.6713,0.0],[139.3583,74.6729,0.0],[139.3401,74.6734,0.263],[139.3443,74.6766,0.7488],[139.375,74.6771,0.0],[139.3792,74.6792,1.3679],[139.3854,74.6792,0.0],[139.3901,74.6828,0.0],[139.3979,74.6833,0.0],[139.4036,74.6859,0.0],[139.4089,74.6911,13.2162],[139.4203,74.6922,1.2846],[139.4271,74.6979,0.4083],[139.4333,74.6979,6.5995],[139.4375,74.7,8.9811],[139.4536,74.7005,0.0],[139.4818,74.7224,0.0],[139.4875,74.725,0.0],[139.4953,74.7255,0.0],[139.4901,74.7286,8.6172],[139.4932,74.7297,5.872],[139.4984,74.7349,9.8314],[139.5063,74.7354,0.0],[139.5146,74.7396,0.0],[139.5224,74.7401,0.0],[139.5245,74.7432,0.0],[139.5213,74.7453,0.0],[139.5292,74.7458,0.0],[139.5307,74.7474,0.0],[139.5229,74.75,2.0321],[139.5063,74.75,7.7008],[139.5047,74.7516,0.0565],[139.5208,74.7521,0.6807],[139.537,74.7568,0.0],[139.5318,74.7599,5.3658],[139.5453,74.7693,0.6745],[139.5401,74.7724,9.6607],[139.5516,74.7734,0.0],[139.5464,74.7766,13.5421],[139.5547,74.7828,11.4631],[139.5641,74.7839,0.0],[139.5609,74.787,3.7744],[139.5693,74.7932,0.0],[139.5953,74.7943,0.0],[139.5875,74.7979,0.0],[139.575,74.7958,0.0],[139.5734,74.7974,0.0],[139.5766,74.7995,0.0],[139.575,74.8,0.0],[139.5484,74.8005,0.3048],[139.5505,74.8037,0.251],[139.5562,74.8042,0.1844],[139.5604,74.8021,0.1352],[139.5745,74.8026,0.7823],[139.5693,74.8057,0.1071],[139.5786,74.8068,0.6161],[139.5755,74.8089,1.7579],[139.5766,74.812,-0.0367],[139.5734,74.813,4.8136],[139.5755,74.8161,0.746],[139.5833,74.8167,0.235],[139.5917,74.8208,-0.0114],[139.5979,74.8208,0.0],[139.6042,74.825,0.0],[139.612,74.8255,0.0],[139.6162,74.8276,0.0],[139.6182,74.8307,0.6095],[139.6062,74.8354,1.7644],[139.5833,74.8375,4.8915],[139.5818,74.8391,0.0],[139.5849,74.8411,0.2762],[139.5833,74.8417,0.2844],[139.5667,74.8417,2.8951],[139.5651,74.8422,1.5562],[139.5661,74.8453,0.2726],[139.5646,74.8458,0.4834],[139.5479,74.8458,0.7473],[139.5089,74.8609,9.8438],[139.5141,74.8651,0.0],[139.5109,74.8682,6.6282],[139.5203,74.8693,0.0],[139.5188,74.8708,0.0],[139.5068,74.8714,12.4908],[139.5151,74.8786,0.0],[139.5182,74.8797,0.0],[139.513,74.8818,10.9816],[139.5182,74.887,0.0],[139.513,74.888,18.9309],[139.5161,74.8912,0.0],[139.5109,74.8932,14.7177],[139.5224,74.8943,0.0],[139.5172,74.8974,2.4511],[139.5224,74.9005,5.1299],[139.5266,74.9057,0.0],[139.5151,74.9068,3.1061],[139.5161,74.9099,0.6749],[139.5146,74.9104,0.5153],[139.4896,74.9104,4.8676],[139.4672,74.9203,0.8853],[139.4812,74.9208,3.2881],[139.4917,74.9167,0.3692],[139.5,74.9167,0.5732],[139.5042,74.9146,0.6979],[139.5083,74.9146,0.6549],[139.5125,74.9167,0.5352],[139.5271,74.9167,0.0],[139.5318,74.9203,1.3132],[139.5396,74.9208,0.0],[139.5453,74.9234,2.4962],[139.5557,74.9318,0.3194],[139.5464,74.937,0.4334],[139.5521,74.9375,0.3251],[139.5562,74.9354,0.4809],[139.5604,74.9354,0.5576],[139.5646,74.9375,1.1693],[139.5724,74.938,0.4487],[139.5693,74.9401,0.5876],[139.5708,74.9417,0.0],[139.5771,74.9396,0.3659],[139.5979,74.9396,0.0],[139.5995,74.9411,0.0],[139.5943,74.9432,0.6079],[139.6,74.9458,2.1698],[139.6078,74.9464,0.0],[139.6047,74.9484,0.0],[139.6068,74.9516,9.6782],[139.6162,74.9526,0.0],[139.6208,74.9563,15.7954],[139.6292,74.9563,0.0],[139.6339,74.9599,0.0],[139.6417,74.9604,0.0],[139.65,74.9646,4.2857],[139.6833,74.9667,0.5089],[139.6938,74.9729,0.6171],[139.712,74.9755,0.0],[139.7182,74.9807,0.0],[139.713,74.9818,19.3829],[139.7088,74.9849,4.7603],[139.713,74.9891,0.0],[139.7229,74.9896,0.0],[139.7271,74.9917,0.0],[139.7312,74.9917,0.4935],[139.737,74.9891,0.3389],[139.7276,74.9859,0.0],[139.7396,74.9812,0.2686],[139.7667,74.9833,0.2026],[139.7708,74.9812,0.0],[139.8042,74.9812,0.0],[139.8083,74.9792,0.0],[139.8167,74.9792,0.0],[139.8245,74.9755,0.5669],[139.8104,74.975,0.4543],[139.8062,74.9771,0.8173],[139.7958,74.9771,0.7648],[139.7943,74.9755,0.3902],[139.8167,74.9729,0.2139],[139.8208,74.9708,0.4331],[139.8313,74.9708,0.461],[139.837,74.9672,0.6896],[139.8292,74.9667,0.3505],[139.8276,74.9651,0.6782],[139.8333,74.9625,0.5327],[139.8458,74.9625,0.0],[139.85,74.9646,0.0],[139.8578,74.9651,0.6777],[139.8646,74.9688,0.5448],[139.8813,74.9708,0.0],[139.8917,74.9771,0.0],[139.9057,74.9766,0.3602],[139.9026,74.9734,0.3204],[139.9078,74.9714,1.2371],[139.9047,74.9703,0.922],[139.9026,74.9672,0.611],[139.9057,74.9651,0.8962],[139.8974,74.9589,0.9433],[139.8839,74.9589,0.7792],[139.8932,74.9682,0.5473],[139.8792,74.9688,0.8382],[139.875,74.9667,0.7587],[139.8672,74.9661,0.6802],[139.8609,74.962,0.6658],[139.8568,74.9568,0.4765],[139.8979,74.9563,0.832],[139.8995,74.9557,0.7839],[139.8984,74.9526,0.0],[139.9,74.9521,0.0],[139.9229,74.9563,0.1342],[139.9245,74.9547,0.6355],[139.9214,74.9526,0.8871],[139.9318,74.9484,0.6839],[139.9453,74.9474,0.618],[139.9318,74.937,0.1059],[139.9349,74.9339,0.6085],[139.9167,74.9313,0.5057],[139.9109,74.9287,0.0],[139.9089,74.9255,0.8489],[139.9167,74.9229,0.5169],[139.9266,74.9224,0.5562],[139.9255,74.9193,0.7076],[139.9328,74.9161,0.8937],[139.9318,74.913,0.0],[139.9417,74.9125,0.4329],[139.9667,74.9021,0.0],[139.9771,74.9021,0.331],[139.9787,74.9005,0.4029],[139.9755,74.8984,0.0],[139.9833,74.8958,0.0],[139.9917,74.8958,0.2442],[140.0063,74.8896,0.0],[140.0146,74.8896,0.3608],[140.0328,74.8828,0.3958],[140.0297,74.8797,0.0],[140.0349,74.8776,0.1273],[140.0255,74.8724,0.0],[140.0307,74.8693,0.0],[140.0255,74.8662,0.0],[140.0234,74.863,0.0],[140.0266,74.862,0.0],[140.0255,74.8588,0.0],[140.0286,74.8578,0.0],[140.0276,74.8547,0.0],[140.0578,74.8432,0.4232],[140.0526,74.838,0.3438],[140.0682,74.838,0.4892],[140.063,74.8411,0.6136],[140.0682,74.8453,0.2054],[140.0568,74.8464,0.3735],[140.0578,74.8495,0.4247],[140.0484,74.8536,0.3015],[140.0708,74.8542,0.632],[140.0766,74.8516,0.2212],[140.0745,74.8484,0.1583],[140.0714,74.8474,0.3812],[140.0729,74.8458,0.3869],[140.0953,74.8474,0.3634],[140.0922,74.8443,0.2046],[140.0974,74.8422,0.1839],[140.0922,74.8391,0.0179],[140.0938,74.8375,-0.0199],[140.0995,74.838,0.0667],[140.1042,74.8417,0.124],[140.1224,74.8391,0.209],[140.1203,74.8359,0.4424],[140.1125,74.8354,0.3929],[140.1068,74.8328,0.4555],[140.1083,74.8313,0.4457],[140.1417,74.8313,0.4036],[140.1432,74.8307,0.3154],[140.1422,74.8276,0.5146],[140.1521,74.8271,0.0872],[140.1604,74.8229,0.5863],[140.1896,74.825,0.6724],[140.1938,74.8229,1.2475],[140.1979,74.8229,0.941],[140.2042,74.825,0.1918],[140.2057,74.8245,0.6041],[140.2047,74.8214,0.8505],[140.2063,74.8208,1.1298],[140.2104,74.8208,1.1447],[140.2146,74.8229,0.9352],[140.2188,74.8229,1.1496],[140.2229,74.8208,1.1881],[140.2333,74.8208,1.1844],[140.2375,74.8229,1.2826],[140.2417,74.8229,1.2143],[140.2474,74.8203,0.897],[140.2432,74.8151,0.1601],[140.2255,74.8141,0.2641],[140.2271,74.8125,0.2378],[140.2458,74.8125,0.2975],[140.2542,74.8167,0.3098],[140.2646,74.8167,0.1149],[140.2688,74.8146,0.4138],[140.2729,74.8146,0.0],[140.2771,74.8167,0.4606],[140.2833,74.8167,0.276],[140.2979,74.8208,0.7584],[140.3104,74.8187,0.0],[140.325,74.8229,0.4001],[140.3396,74.8229,0.0],[140.3542,74.8271,-0.0278],[140.3896,74.8292,0.0],[140.3911,74.8307,0.0],[140.3859,74.8328,0.3669],[140.3917,74.8354,0.426],[140.4021,74.8354,0.5573],[140.4036,74.8349,0.4102],[140.4026,74.8318,0.0],[140.4083,74.8313,0.0],[140.4229,74.8354,0.0],[140.4375,74.8354,0.0],[140.4438,74.8396,0.2157],[140.4625,74.8417,0.1646],[140.4667,74.8438,0.0652],[140.4958,74.8438,0.0],[140.5,74.8458,0.0],[140.5083,74.8458,0.0],[140.5229,74.85,0.2328],[140.5458,74.85,0.0],[140.5604,74.8542,0.1934],[140.5667,74.8542,0.0],[140.5708,74.8562,0.2231],[140.5833,74.8542,0.0],[140.5896,74.8583,0.3053],[140.6208,74.8583,0.0],[140.625,74.8604,0.0],[140.6328,74.8609,0.0],[140.6396,74.8646,0.1452],[140.6438,74.8646,0.1809],[140.6479,74.8625,0.0],[140.6583,74.8625,0.0],[140.6729,74.8667,0.0],[140.6812,74.8667,0.0],[140.6875,74.8708,-0.0638],[140.7,74.8708,0.2457],[140.7042,74.8688,0.0],[140.7083,74.8688,0.0],[140.7125,74.8708,0.0],[140.7271,74.8708,0.0],[140.7417,74.875,0.2204],[140.7729,74.875,0.0],[140.7771,74.8771,0.0],[140.8,74.8771,0.0],[140.8146,74.8812,0.0],[140.8292,74.8812,0.0],[140.8438,74.8854,0.2869],[140.875,74.8854,0.0],[140.8792,74.8875,0.2822],[140.9021,74.8875,0.0],[140.9063,74.8896,0.2514],[140.9208,74.8896,0.0],[140.925,74.8917,0.0287],[140.9563,74.8917,0.0],[140.9604,74.8938,-0.0737],[140.9937,74.8958,0.0132],[140.9979,74.8979,0.0192],[141.0104,74.8958,0.0],[141.0146,74.8979,-0.1478],[141.0521,74.8979,0.0],[141.0562,74.9,0.2001],[141.1062,74.9021,0.045],[141.1104,74.9042,0.2718],[141.1333,74.9042,0.2504],[141.1375,74.9063,-0.0859],[141.1938,74.9063,0.0],[141.2,74.9104,0.0464],[141.2542,74.9104,0.0],[141.2583,74.9125,-0.2034],[141.2896,74.9125,0.0],[141.2937,74.9146,-0.0801],[141.325,74.9146,0.0],[141.3292,74.9167,-0.1358],[141.3521,74.9167,0.0],[141.3667,74.9208,-0.2223],[141.3979,74.9208,0.0457],[141.4021,74.9229,0.1029],[141.4333,74.9229,-0.2014],[141.4375,74.925,-0.133],[141.4771,74.925,-0.0934],[141.4812,74.9271,-0.1498],[141.5125,74.9271,0.0108],[141.5271,74.9313,-0.1528],[141.5313,74.9313,0.2613],[141.5354,74.9292,-0.1416],[141.5458,74.9292,0.0],[141.55,74.9313,-0.1987],[141.575,74.9313,0.0],[141.5896,74.9354,0.3461],[141.6057,74.9359,0.0],[141.6016,74.9391,0.0],[141.5922,74.9422,-0.352],[141.5943,74.9453,0.1118],[141.5995,74.9484,0.0],[141.5964,74.9516,0.0],[141.6125,74.9521,0.0],[141.6229,74.9583,0.0],[141.6313,74.9583,0.0],[141.6354,74.9604,0.0],[141.65,74.9604,0.0],[141.6542,74.9625,0.0],[141.6938,74.9625,0.0],[141.6979,74.9646,0.0],[141.7125,74.9646,0.0],[141.7167,74.9667,0.0],[141.7312,74.9667,0.0],[141.7354,74.9688,0.3724],[141.75,74.9688,0.0],[141.7542,74.9708,0.0],[141.7625,74.9708,0.0],[141.7667,74.9729,0.4631],[141.7745,74.9734,0.0],[141.7833,74.9792,0.4181],[141.8037,74.9818,0.0],[141.8099,74.9859,0.0],[141.8047,74.988,0.5071],[141.8062,74.9896,0.6331],[141.8146,74.9896,0.0],[141.8188,74.9917,0.2842],[141.8333,74.9917,0.0],[141.8375,74.9938,0.0],[141.8453,74.9943,0.0],[141.8422,74.9964,0.0],[141.8438,74.9979,0.0],[141.8771,75.0,0.0],[141.8813,75.0021,0.1506],[141.8938,75.0021,0.2039],[141.8979,75.0,0.0],[141.9479,75.0,0.3499],[141.9521,74.9979,0.0],[142.0167,74.9979,0.4064],[142.0208,74.9958,0.0],[142.0458,74.9958,0.2798],[142.05,74.9938,0.0],[142.0688,74.9938,0.0],[142.0729,74.9958,0.3784],[142.0771,74.9958,0.2355],[142.0813,74.9938,0.0],[142.0938,74.9938,0.0],[142.0979,74.9958,0.3513],[142.1208,74.9958,0.0],[142.125,74.9979,0.0],[142.1333,74.9979,0.0],[142.1375,75.0,0.263],[142.1521,75.0,0.0],[142.1667,75.0042,0.2474],[142.1896,75.0042,0.0],[142.1979,75.0083,-0.0204],[142.2208,75.0083,0.0],[142.225,75.0104,0.0036],[142.2307,75.0099,0.1278],[142.2349,75.0078,0.0633],[142.2339,75.0047,0.0],[142.2412,75.0016,0.2235],[142.2359,74.9964,0.0],[142.2412,74.9943,0.5173],[142.2297,74.9932,0.0],[142.2328,74.9912,0.0],[142.2318,74.988,0.0],[142.2349,74.9859,0.4678],[142.2328,74.9838,0.2745],[142.2229,74.9833,0.0],[142.2193,74.9807,0.0],[142.2224,74.9786,0.0],[142.2214,74.9755,0.0],[142.2328,74.9745,0.5238],[142.2276,74.9693,0.0],[142.2333,74.9667,0.0],[142.2432,74.9661,0.316],[142.2422,74.963,0.0],[142.2437,74.9625,0.0],[142.2646,74.9604,0.3303],[142.2661,74.9589,0.3441],[142.263,74.9568,0.0],[142.2708,74.9542,0.0],[142.2792,74.9542,0.0],[142.2937,74.9479,0.0],[142.3146,74.9458,0.0],[142.3229,74.9417,0.0],[142.3411,74.9411,0.0],[142.3401,74.938,0.0],[142.3474,74.9349,-0.0206],[142.3464,74.9318,0.0],[142.3495,74.9307,0.0],[142.3484,74.9276,0.0],[142.3687,74.9187,0.0],[142.4021,74.9187,0.0],[142.4036,74.9172,0.0],[142.3922,74.9161,0.0],[142.3953,74.9141,0.0],[142.3938,74.9125,0.0],[142.3021,74.9125,5.5109],[142.2964,74.9151,0.0],[142.2995,74.9182,0.0],[142.2859,74.9234,2.0545],[142.2953,74.9266,0.0],[142.2854,74.9271,2.2024],[142.2734,74.9318,0.1945],[142.2766,74.9339,0.0],[142.275,74.9354,0.0],[142.2505,74.938,1.7872],[142.2557,74.9422,0.0],[142.2516,74.9453,0.0],[142.2417,74.9458,0.0],[142.2375,74.9479,0.0],[142.2208,74.9479,4.1992],[142.2193,74.9484,2.3872],[142.2203,74.9516,0.3643],[142.2104,74.9563,0.0],[142.1938,74.9563,0.4106],[142.1896,74.9583,0.0],[142.1812,74.9583,0.2592],[142.1771,74.9604,0.0988],[142.1667,74.9604,0.2709],[142.1651,74.962,0.4393],[142.1682,74.9641,-0.1096],[142.1625,74.9667,0.0],[142.1458,74.9667,2.138],[142.1417,74.9688,0.0],[142.1375,74.9688,0.0],[142.1333,74.9667,0.7146],[142.1187,74.9667,0.0],[142.1104,74.9625,1.9785],[142.0792,74.9625,0.0],[142.075,74.9604,2.5355],[142.0521,74.9604,0.0],[142.0479,74.9583,4.8994],[142.0437,74.9583,4.8797],[142.0396,74.9604,1.9217],[142.0271,74.9604,0.0],[142.0182,74.9547,0.0],[142.0089,74.9537,0.0],[142.0104,74.9521,0.0],[142.0188,74.9521,4.1018],[142.0203,74.9505,2.3791],[142.0078,74.9422,0.0],[141.9984,74.9411,0.0],[142.0016,74.9391,0.0],[141.9995,74.9359,4.0007],[141.9937,74.9333,3.3275],[141.9859,74.9328,0.0],[141.9792,74.9292,-0.4678],[141.9714,74.9287,-0.113],[141.9729,74.9271,-0.2942],[141.9912,74.9266,0.6594],[141.9896,74.925,2.0591],[141.9818,74.9245,-0.2068],[141.9891,74.9203,2.3425],[141.987,74.9172,2.9402],[141.9812,74.9167,-0.5674],[141.9771,74.9187,-0.7988],[141.9729,74.9187,0.0595],[141.9714,74.9172,0.6325],[141.9833,74.9125,0.0],[142.0057,74.9099,2.0936],[142.0026,74.9068,0.0],[142.0104,74.9042,0.0],[142.0188,74.9042,-0.1163],[142.0271,74.9,0.0],[142.037,74.8995,2.4613],[142.0359,74.8964,0.0],[142.0417,74.8938,0.0],[142.0646,74.8917,1.356],[142.0729,74.8875,0.0933],[142.0828,74.887,4.0391],[142.0818,74.8839,0.0],[142.0833,74.8833,0.0],[142.0917,74.8833,4.4338],[142.1,74.8792,0.0],[142.1083,74.8792,3.6652],[142.1229,74.8729,0.0],[142.1438,74.8708,6.8741],[142.1625,74.8625,0.0],[142.1724,74.862,0.9932],[142.1714,74.8588,0.0],[142.1828,74.8578,0.0],[142.1797,74.8557,0.0],[142.1812,74.8542,0.0],[142.1979,74.8542,0.0],[142.2125,74.8479,0.0],[142.2333,74.8458,2.32],[142.2349,74.8453,1.8776],[142.2339,74.8422,0.0],[142.238,74.8401,0.0],[142.2479,74.8396,0.0],[142.2625,74.8333,0.0],[142.2708,74.8333,0.0],[142.2854,74.8271,0.0],[142.2937,74.8271,0.0],[142.2979,74.825,0.0],[142.3062,74.825,0.0],[142.3104,74.8229,0.0],[142.3188,74.8229,0.0],[142.3229,74.8208,0.0],[142.3313,74.8208,1.0961],[142.3354,74.8187,0.0],[142.3521,74.8187,-0.9544],[142.3537,74.8172,1.9502],[142.3505,74.8151,0.0],[142.3583,74.8125,0.0],[142.3667,74.8125,2.8429],[142.3708,74.8104,0.0],[142.3792,74.8104,1.1471],[142.3911,74.8057,0.0],[142.388,74.8037,0.0],[142.3896,74.8021,0.0],[142.4021,74.8021,0.0],[142.4063,74.8042,0.0],[142.4104,74.8042,0.0],[142.4187,74.8,0.0],[142.4292,74.8,0.0],[142.4333,74.8021,0.35],[142.4458,74.8021,-3.7525],[142.4542,74.7979,0.0],[142.4625,74.7979,0.0],[142.4703,74.7953,0.0],[142.4745,74.7932,0.0],[142.4734,74.7901,0.0],[142.475,74.7896,0.0],[142.4937,74.7896,0.0],[142.4979,74.7917,0.0],[142.5042,74.7917,0.0],[142.5057,74.7932,0.0],[142.5026,74.7943,0.0],[142.5042,74.7958,0.0],[142.5167,74.7937,0.0],[142.5313,74.7979,0.0],[142.5625,74.7979,0.0],[142.5641,74.7995,0.0],[142.5589,74.8016,0.5108],[142.5833,74.8021,0.0],[142.5849,74.8037,0.0],[142.575,74.8042,0.0],[142.5734,74.8057,3.4626],[142.5896,74.8063,0.0],[142.5979,74.8104,0.4272],[142.6125,74.8104,0.0],[142.6141,74.812,0.0],[142.6109,74.8141,2.2737],[142.6125,74.8146,3.8274],[142.6286,74.8151,0.0],[142.6328,74.8172,0.0],[142.6349,74.8203,0.1918],[142.6318,74.8214,1.0427],[142.6328,74.8245,0.1854],[142.6297,74.8255,0.0],[142.6328,74.8287,0.0],[142.6276,74.8307,0.0],[142.6391,74.8318,0.0],[142.6411,74.8349,0.0],[142.638,74.837,3.3813],[142.6474,74.8422,0.354],[142.6422,74.8453,-0.7479],[142.6484,74.8495,-0.2873],[142.6896,74.85,0.0],[142.7057,74.8547,0.0],[142.7016,74.8578,2.9737],[142.6917,74.8583,3.257],[142.6901,74.8599,3.0994],[142.6995,74.8609,0.0],[142.6964,74.863,0.0],[142.6984,74.8662,2.7257],[142.7188,74.8688,0.0],[142.7266,74.8735,0.0],[142.7193,74.8776,0.0],[142.7203,74.8807,0.0],[142.713,74.8839,1.9882],[142.7167,74.8875,0.0],[142.7312,74.8875,0.0],[142.7354,74.8896,0.0],[142.7563,74.8896,-0.1382],[142.7604,74.8875,0.0],[142.8083,74.8875,0.5927],[142.8125,74.8854,0.0],[142.8208,74.8854,0.0],[142.8354,74.8792,0.0],[142.8537,74.8786,2.8055],[142.8521,74.8771,1.9943],[142.8438,74.8771,0.0],[142.8422,74.8755,0.0],[142.8521,74.875,0.0],[142.8641,74.8703,0.5398],[142.8589,74.8651,0.0],[142.8771,74.8625,0.0],[142.8917,74.8667,-0.0281],[142.9146,74.8667,-0.152],[142.9229,74.8708,1.6825],[142.9292,74.8708,0.0],[142.9349,74.8735,0.0],[142.9318,74.8766,0.7356],[142.937,74.8797,0.0],[142.9318,74.8828,0.284],[142.9536,74.8859,0.0],[142.9479,74.8896,0.0],[142.938,74.8901,0.0344],[142.9396,74.8917,0.2193],[142.9792,74.8917,0.0],[142.9833,74.8938,0.0],[143.0021,74.8938,0.0],[143.0063,74.8917,0.0],[143.0203,74.8922,0.0838],[143.0151,74.8943,0.0116],[143.0167,74.8958,0.2146],[143.0286,74.8932,0.2591],[143.0255,74.8901,0.0],[143.0391,74.8849,0.1227],[143.0359,74.8818,0.0],[143.0401,74.8797,0.0],[143.0479,74.8771,0.1892],[143.0562,74.8771,0.3427],[143.0604,74.875,0.0],[143.0958,74.875,0.0],[143.1,74.8771,0.2345],[143.1146,74.8771,0.0],[143.1187,74.8792,0.1914],[143.15,74.8792,0.0207],[143.1542,74.8812,0.2584],[143.1771,74.8812,0.0],[143.1812,74.8833,-0.1127],[143.1958,74.8833,0.0],[143.2,74.8854,0.2828],[143.2083,74.8854,0.1744],[143.2125,74.8875,0.3203],[143.2271,74.8875,0.0],[143.2312,74.8896,0.0],[143.25,74.8917,0.0],[143.2542,74.8938,0.0],[143.2682,74.8932,0.153],[143.2667,74.8917,0.4675],[143.2568,74.8912,0.0],[143.2583,74.8896,0.0],[143.275,74.8896,0.3422],[143.2792,74.8875,0.0],[143.2833,74.8875,0.0],[143.2875,74.8896,0.359],[143.3,74.8896,0.3239],[143.3042,74.8875,0.0],[143.3208,74.8875,0.2559],[143.325,74.8854,0.0],[143.3687,74.8875,0.0],[143.375,74.8854,0.0],[143.3792,74.8875,0.0],[143.4271,74.8875,0.0],[143.4312,74.8896,0.347],[143.4625,74.8896,0.0],[143.4667,74.8917,0.1316],[143.4979,74.8917,0.0],[143.5125,74.8958,0.2607],[143.5479,74.8979,0.0],[143.5562,74.9021,0.0366],[143.5641,74.9026,0.0],[143.5729,74.9083,-0.0939],[143.5828,74.9089,0.0],[143.5776,74.912,0.3387],[143.5833,74.9146,0.3559],[143.5917,74.9146,0.1151],[143.6062,74.9187,0.2049],[143.6125,74.9187,0.0],[143.6167,74.9208,0.0456],[143.6333,74.9208,0.0],[143.6349,74.9224,0.0],[143.6318,74.9234,-0.0778],[143.6333,74.925,0.0988],[143.6563,74.925,0.0],[143.6578,74.9266,0.0697],[143.6526,74.9287,0.1315],[143.6625,74.9333,-0.106],[143.6667,74.9333,0.167],[143.6708,74.9313,0.0599],[143.6812,74.9313,0.0],[143.687,74.9339,0.1315],[143.6839,74.9359,0.0302],[143.6859,74.9391,0.2277],[143.7016,74.9484,0.0],[143.6943,74.9526,0.2012],[143.6974,74.9557,0.0],[143.688,74.9589,0.0],[143.6911,74.962,0.0],[143.6797,74.963,0.0],[143.6807,74.9661,0.0],[143.6708,74.9667,0.0],[143.6521,74.975,0.0],[143.6422,74.9755,0.3196],[143.6453,74.9786,0.0],[143.6396,74.9812,0.0],[143.6313,74.9812,-0.0684],[143.6208,74.9854,0.0],[143.6042,74.9854,-0.1762],[143.6026,74.987,-0.0301],[143.6125,74.9875,0.2339],[143.6141,74.9891,0.0],[143.6083,74.9917,0.0],[143.6,74.9917,0.0909],[143.5896,74.9958,0.0],[143.5729,74.9958,-0.0474],[143.5714,74.9974,0.4074],[143.5745,74.9984,0.171],[143.5729,75.0,0.0],[143.5604,75.0,0.0722],[143.5562,74.9979,0.0376],[143.5208,74.9979,-0.1897],[143.5167,75.0,0.0543],[143.4958,75.0,0.0084],[143.4917,74.9979,-0.1596],[143.4771,74.9979,0.1213],[143.4729,74.9958,0.0244],[143.3958,74.9958,-0.1512],[143.3917,74.9979,0.0837],[143.3833,74.9979,0.0877],[143.3792,75.0,0.0],[143.3708,75.0,-0.0382],[143.3625,75.0042,0.0],[143.3542,75.0042,-0.0414],[143.3396,75.0104,0.0],[143.3188,75.0125,-0.2367],[143.2917,75.025,0.0],[143.2708,75.0271,0.1079],[143.2667,75.0292,0.2884],[143.2563,75.0292,-0.1069],[143.2521,75.0313,0.0],[143.2354,75.0313,-0.0664],[143.2312,75.0333,0.0],[143.225,75.0313,0.1733],[143.2125,75.0313,-0.1222],[143.2042,75.0354,-0.0611],[143.1875,75.0354,0.0525],[143.1833,75.0375,0.0],[143.1792,75.0375,0.0],[143.1708,75.0333,-0.229],[143.1667,75.0333,0.0],[143.1625,75.0354,-0.21],[143.1417,75.0375,-0.3394],[143.1359,75.0401,-0.1636],[143.137,75.0432,-0.2469],[143.1354,75.0437,-0.1708],[143.1083,75.0417,-0.4195],[143.1068,75.0432,0.0197],[143.1146,75.0437,-0.0656],[143.1162,75.0453,-0.1912],[143.1104,75.0479,0.0097],[143.1021,75.0479,-0.274],[143.0917,75.0521,0.0],[143.0833,75.0521,-0.2243],[143.075,75.0563,0.0],[143.0583,75.0563,-0.1865],[143.05,75.0604,-0.1143],[143.025,75.0604,-0.1671],[143.0208,75.0625,-0.0785],[143.0042,75.0625,0.0515],[143.0,75.0646,0.0],[142.9708,75.0625,0.0771],[142.9667,75.0646,-0.072],[142.9417,75.0646,-0.0151],[142.9375,75.0667,0.0],[142.8375,75.0667,0.0],[142.8333,75.0646,0.0666],[142.8042,75.0646,0.0808],[142.8,75.0667,-0.0807],[142.7917,75.0667,0.0092],[142.7875,75.0687,0.0],[142.7625,75.0687,0.1299],[142.7583,75.0708,-0.3629],[142.75,75.0708,-0.081],[142.7417,75.075,-0.1856],[142.7333,75.075,-0.1642],[142.7318,75.0755,-0.1335],[142.7328,75.0787,-0.1824],[142.7255,75.0818,-0.0202],[142.7266,75.0849,0.0],[142.7151,75.0859,-0.0668],[142.7167,75.0875,0.0],[142.7245,75.088,0.0],[142.7229,75.0896,0.0],[142.6917,75.0896,-0.1196],[142.6875,75.0917,-0.0933],[142.6771,75.0917,-0.0084],[142.6729,75.0938,-0.0163],[142.663,75.0943,-0.0514],[142.6662,75.0974,-0.0123],[142.6563,75.0979,-0.0461],[142.6443,75.1026,0.0448],[142.6458,75.1042,-0.0366],[142.6604,75.1042,0.0],[142.662,75.1057,0.0],[142.6438,75.1062,-0.1329],[142.638,75.1088,-0.0029],[142.6391,75.112,-0.1965],[142.6359,75.1141,-0.1697],[142.6458,75.1146,0.0],[142.6474,75.1162,0.0],[142.6339,75.1172,-0.0161],[142.637,75.1203,-0.0009],[142.6276,75.1245,-0.0328],[142.6375,75.125,0.0],[142.6391,75.1266,0.0],[142.6255,75.1318,-0.2963],[142.6266,75.1349,-0.0865],[142.6167,75.1396,-0.0545],[142.6083,75.1396,0.0372],[142.5979,75.1438,0.0],[142.5896,75.1438,-0.3349],[142.5734,75.1505,-0.1256],[142.5766,75.1536,0.0],[142.5672,75.1568,-0.175],[142.5703,75.1599,-0.164],[142.5651,75.1609,-0.2717],[142.5682,75.1641,-0.0503],[142.5589,75.1672,-0.1338],[142.5641,75.1724,0.0581],[142.5417,75.175,-0.1669],[142.5375,75.1771,-0.2986],[142.5292,75.1771,-0.1436],[142.5213,75.1797,-0.2511],[142.5245,75.1828,0.0],[142.5063,75.1833,-0.0033],[142.5047,75.1839,-0.4427],[142.5057,75.187,0.0],[142.5016,75.1891,0.0],[142.4917,75.1896,-0.0957],[142.4755,75.1964,-0.2738],[142.4771,75.1979,-0.2616],[142.4917,75.1979,0.0],[142.4932,75.1995,0.0],[142.4901,75.2016,0.0],[142.5063,75.2021,0.0],[142.5161,75.2078,0.0],[142.5104,75.2083,0.0],[142.5063,75.2063,0.0],[142.4979,75.2063,0.0],[142.4937,75.2042,0.0],[142.4729,75.2042,-0.1942],[142.4714,75.2057,-0.165],[142.4896,75.2063,0.0],[142.4912,75.2078,0.0],[142.4547,75.2089,-0.0685],[142.4557,75.212,-0.2],[142.4526,75.2141,-0.0397],[142.4557,75.2161,0.0],[142.4505,75.2182,0.0],[142.4604,75.2188,0.0],[142.462,75.2203,0.0],[142.4438,75.2208,0.0],[142.4422,75.2224,0.0],[142.4583,75.2229,0.0],[142.4599,75.2245,0.0],[142.4417,75.225,0.0],[142.4401,75.2266,0.0],[142.4688,75.2292,0.0],[142.4703,75.2307,0.0],[142.4604,75.2312,0.0],[142.4588,75.2328,0.0],[142.475,75.2333,0.0],[142.4807,75.2359,0.0],[142.4755,75.238,0.0],[142.4787,75.2412,0.0],[142.4604,75.2417,0.0],[142.4588,75.2432,0.0],[142.4625,75.2458,0.0],[142.475,75.2438,0.0],[142.4807,75.2464,0.0],[142.4729,75.25,0.0],[142.4646,75.25,0.0],[142.463,75.2516,0.0],[142.4745,75.2526,0.0],[142.4766,75.2557,0.0],[142.4734,75.2578,0.0],[142.4771,75.2604,0.0],[142.4953,75.2609,0.0],[142.4937,75.2625,0.0],[142.4771,75.2625,0.0],[142.4755,75.2641,0.0],[142.4833,75.2646,0.0],[142.4901,75.2682,0.0],[142.4979,75.2688,0.0],[142.4995,75.2703,0.0],[142.4563,75.2708,0.0],[142.4505,75.2745,0.0],[142.4583,75.2771,0.0],[142.4688,75.2729,0.0],[142.4812,75.2729,0.0],[142.4828,75.2745,0.0],[142.475,75.2771,0.0],[142.4667,75.2771,0.0],[142.4521,75.2833,0.0],[142.4438,75.2833,0.0],[142.4396,75.2854,0.0],[142.3922,75.288,0.0],[142.3938,75.2896,0.0],[142.4099,75.2901,0.0],[142.4083,75.2917,0.0],[142.375,75.2917,0.0],[142.3708,75.2937,0.0],[142.3583,75.2937,0.0],[142.3542,75.2917,0.0],[142.35,75.2917,0.0],[142.3458,75.2937,0.0],[142.3417,75.2937,0.0],[142.3375,75.2917,0.0],[142.3333,75.2917,0.0],[142.3146,75.3,1.8337],[142.2771,75.3021,-0.1323],[142.2713,75.3047,-0.3066],[142.2724,75.3078,0.0],[142.2625,75.3083,-0.1396],[142.2505,75.313,-0.2382],[142.2536,75.3161,-0.4152],[142.2484,75.3182,-0.3429],[142.2583,75.3187,0.0],[142.2599,75.3203,0.0],[142.25,75.3208,0.0],[142.2484,75.3214,0.0],[142.2495,75.3245,0.0],[142.2396,75.325,-0.3809],[142.238,75.3266,-0.2352],[142.2443,75.3307,-0.2435],[142.2521,75.3313,0.0],[142.2536,75.3328,0.0],[142.2422,75.3339,-0.1593],[142.2453,75.337,0.0],[142.2375,75.3396,-0.3403],[142.2193,75.3401,-0.3876],[142.2208,75.3417,-0.4705],[142.2307,75.3422,-0.1498],[142.237,75.3464,-0.3217],[142.2276,75.3516,-0.0494],[142.2333,75.3542,-0.2842],[142.2479,75.3542,0.0],[142.2495,75.3557,0.0],[142.2437,75.3583,0.0],[142.2354,75.3583,0.0],[142.2312,75.3604,-0.2136],[142.2188,75.3583,-0.2051],[142.2146,75.3604,-0.3323],[142.1917,75.3625,-0.345],[142.1859,75.3651,-0.0848],[142.1875,75.3667,-0.1929],[142.1953,75.3672,-0.3669],[142.1922,75.3693,-0.3042],[142.1932,75.3724,-0.6717],[142.1901,75.3734,-0.4375],[142.1932,75.3766,-0.2157],[142.1854,75.3792,-0.2159],[142.1672,75.3797,-0.2504],[142.1687,75.3812,-0.2699],[142.1833,75.3812,-0.4209],[142.1849,75.3828,-0.327],[142.1734,75.3839,-0.17],[142.1766,75.3859,-0.1133],[142.175,75.3875,0.0],[142.163,75.388,-0.2182],[142.1662,75.3912,-0.3697],[142.163,75.3932,-0.3674],[142.1703,75.3984,0.0],[142.1672,75.4016,-0.3961],[142.1703,75.4026,0.0],[142.1724,75.4057,0.0],[142.1667,75.4083,0.0],[142.1563,75.4083,-0.4502],[142.1463,75.413,-0.4417],[142.1479,75.4146,-0.5559],[142.1625,75.4146,0.0],[142.1641,75.4161,0.0],[142.1359,75.4172,-0.2798],[142.1375,75.4187,-0.2794],[142.1521,75.4187,-0.3964],[142.162,75.4234,-0.3835],[142.1714,75.4307,-0.4239],[142.1812,75.4313,0.0],[142.187,75.4339,0.0],[142.1854,75.4354,0.0],[142.175,75.4354,-0.5416],[142.1708,75.4375,-0.3895],[142.1667,75.4375,-0.4395],[142.1604,75.4333,-0.2289],[142.1547,75.4339,-0.2171],[142.163,75.4411,-0.2861],[142.1745,75.4422,-0.5569],[142.1714,75.4443,-0.3882],[142.1724,75.4474,-0.1452],[142.1693,75.4495,-0.4782],[142.1745,75.4537,-0.4451],[142.163,75.4547,-0.4669],[142.1641,75.4578,-0.5034],[142.1609,75.4599,-0.4993],[142.1687,75.4646,-0.6856],[142.1729,75.4646,-0.4373],[142.1771,75.4625,-0.141],[142.1828,75.463,0.0],[142.1771,75.4667,0.0],[142.1568,75.4672,-0.222],[142.1583,75.4688,-0.4351],[142.1766,75.4693,-0.5336],[142.175,75.4708,-0.3112],[142.1583,75.4708,-0.3597],[142.1568,75.4724,-0.2848],[142.1787,75.4755,0.0],[142.1771,75.4771,0.0],[142.1667,75.4771,-0.2157],[142.1609,75.4807,-0.5531],[142.1708,75.4812,0.0],[142.175,75.4833,0.0],[142.1812,75.4833,0.0],[142.1828,75.4849,0.0],[142.1313,75.4854,-0.461],[142.1297,75.487,-0.4435],[142.1375,75.4875,-0.3582],[142.1432,75.4901,0.0],[142.1401,75.4922,-0.3848],[142.1422,75.4953,0.0],[142.1521,75.4958,0.0],[142.1536,75.4974,0.0],[142.1417,75.4979,0.0],[142.1333,75.5021,0.0],[142.1167,75.5021,-0.1525],[142.1125,75.5042,0.0],[142.1083,75.5042,0.0],[142.1042,75.5021,-0.5485],[142.0984,75.5026,-0.2534],[142.1037,75.5078,-0.4192],[142.1005,75.5089,-0.5308],[142.1016,75.512,-0.1477],[142.0984,75.5141,-0.1226],[142.1062,75.5146,-0.1765],[142.112,75.5172,0.0],[142.1089,75.5193,0.0],[142.1099,75.5224,0.0],[142.1068,75.5234,0.0],[142.1078,75.5266,0.0],[142.1005,75.5307,0.0],[142.1062,75.5313,0.0],[142.1104,75.5292,0.0],[142.1146,75.5292,0.0],[142.1187,75.5313,0.0],[142.125,75.5313,0.0],[142.1266,75.5328,0.0],[142.1208,75.5354,0.0],[142.1083,75.5333,0.0],[142.1005,75.5359,0.0],[142.1037,75.538,0.0],[142.1021,75.5396,0.0],[142.0979,75.5396,0.0],[142.0922,75.537,0.0],[142.0974,75.5339,0.0],[142.0917,75.5333,0.0],[142.0797,75.538,-0.0552],[142.0813,75.5396,-0.0544],[142.0896,75.5396,0.0],[142.0911,75.5411,0.0],[142.0776,75.5422,-0.3276],[142.0833,75.5458,-0.3727],[142.0979,75.5458,0.0],[142.1021,75.5479,0.0],[142.1229,75.55,0.0],[142.1292,75.5542,1.4306],[142.1391,75.5547,0.0],[142.1453,75.5589,0.0],[142.1422,75.5609,0.0],[142.1432,75.5641,0.4437],[142.1292,75.5646,-0.3283],[142.125,75.5625,-0.0179],[142.1125,75.5625,0.1051],[142.1109,75.5641,-0.4663],[142.1208,75.5687,0.3653],[142.15,75.5667,0.0],[142.1536,75.5703,0.0],[142.1505,75.5714,1.6721],[142.1516,75.5745,0.1527],[142.1484,75.5766,1.5162],[142.1583,75.5771,0.0],[142.1646,75.5813,3.8202],[142.1812,75.5813,0.0],[142.1932,75.5891,0.0],[142.1839,75.5922,0.0032],[142.187,75.5943,0.0],[142.1854,75.5958,0.0],[142.1729,75.5958,0.0],[142.1687,75.5938,-0.1089],[142.1646,75.5938,0.0],[142.1526,75.5984,1.3966],[142.1536,75.6016,2.1178],[142.1521,75.6021,0.2699],[142.1271,75.6021,0.0],[142.1229,75.6042,0.0],[142.1021,75.6042,1.8585],[142.0964,75.6016,2.0271],[142.1109,75.5943,3.8113],[142.1162,75.5932,3.5435],[142.1083,75.5875,0.8924],[142.0958,75.5875,1.0336],[142.0917,75.5896,0.8655],[142.0797,75.5901,1.1351],[142.0813,75.5917,2.5967],[142.0938,75.5917,2.7622],[142.0979,75.5896,0.8926],[142.1021,75.5896,1.0709],[142.1078,75.5922,4.7667],[142.1,75.5958,1.6743],[142.0875,75.5958,0.9666],[142.0833,75.5938,4.69],[142.0792,75.5938,4.5517],[142.0776,75.5953,4.7145],[142.0807,75.5974,1.2681],[142.0792,75.5979,1.2681],[142.0708,75.5979,3.7979],[142.0667,75.6,1.1054],[142.0437,75.6,0.0],[142.0401,75.5974,-0.1959],[142.0432,75.5943,0.4125],[142.0271,75.5917,2.7422],[142.0255,75.5922,3.9819],[142.0266,75.5953,0.1908],[142.0104,75.6021,0.0],[141.9937,75.6021,-0.3695],[141.9859,75.6047,-0.3077],[141.9891,75.6078,-0.4215],[141.9839,75.6088,0.3513],[141.9912,75.613,-0.1296],[141.9932,75.6162,-0.3696],[141.9833,75.6167,1.1473],[141.9818,75.6182,-0.2583],[141.9958,75.6188,1.9994],[142.0,75.6167,-0.368],[142.0042,75.6167,0.0],[142.0083,75.6188,-0.4461],[142.0229,75.6208,1.3936],[142.0271,75.6188,-0.3404],[142.0375,75.6188,0.0485],[142.0417,75.6167,-0.229],[142.0458,75.6167,-0.3387],[142.0474,75.6182,3.456],[142.0443,75.6203,4.0856],[142.0521,75.6208,0.9728],[142.0537,75.6224,1.3321],[142.0354,75.6229,2.8835],[142.0276,75.6255,-0.2739],[142.0307,75.6276,-0.4768],[142.0292,75.6292,-0.078],[142.0109,75.6266,0.0239],[142.0125,75.625,0.8752],[142.0245,75.6245,0.7836],[142.0229,75.6229,1.6627],[142.0104,75.6229,3.1395],[142.0063,75.625,2.5026],[142.0021,75.625,2.2274],[141.9979,75.6229,1.0862],[141.9922,75.6234,-0.4019],[141.9943,75.6266,-0.168],[141.9984,75.6286,1.8972],[142.0063,75.6292,-0.2624],[142.012,75.6318,-0.3475],[142.0104,75.6333,-0.3833],[142.0005,75.6339,0.4396],[142.0026,75.637,0.0296],[142.013,75.6432,0.2647],[142.0229,75.6438,-0.278],[142.0245,75.6453,0.2545],[142.0167,75.6479,0.8749],[142.0083,75.6479,0.4282],[141.9979,75.6521,0.0],[141.9896,75.6521,-0.3734],[141.988,75.6536,-0.396],[141.9912,75.6557,0.0],[141.9859,75.6578,-0.2194],[141.9979,75.6646,-0.4393],[142.0063,75.6646,-0.4839],[142.0208,75.6687,-0.6144],[142.0375,75.6687,0.0],[142.0443,75.6724,-0.2947],[142.0521,75.6729,-0.37],[142.0562,75.675,-0.1506],[142.0896,75.675,-0.1419],[142.0938,75.6771,-0.2397],[142.1062,75.675,-0.1464],[142.1104,75.6771,-0.1698],[142.1146,75.6771,-0.2176],[142.1224,75.6745,-0.3103],[142.1193,75.6724,-0.3634],[142.1208,75.6708,-0.502],[142.1313,75.6708,-0.3156],[142.1354,75.6687,-0.5488],[142.1438,75.6687,-0.2672],[142.1479,75.6667,-0.2668],[142.1646,75.6667,-0.4618],[142.1687,75.6646,0.0],[142.1792,75.6646,-0.1773],[142.1833,75.6625,0.0],[142.1958,75.6625,0.0],[142.2,75.6646,2.378],[142.2042,75.6646,3.8503],[142.2083,75.6625,0.0],[142.2208,75.6625,0.0],[142.225,75.6646,1.4155],[142.2542,75.6646,0.6038],[142.2583,75.6625,0.0],[142.2771,75.6625,0.7745],[142.2813,75.6604,0.0],[142.3146,75.6604,-0.2916],[142.3188,75.6583,0.0],[142.3479,75.6583,0.0],[142.3495,75.6599,0.3417],[142.3464,75.662,0.1305],[142.3562,75.6625,-0.3714],[142.3604,75.6646,-0.2083],[142.3729,75.6625,0.0],[142.3792,75.6667,-0.239],[142.4208,75.6667,0.0],[142.4411,75.6776,0.0],[142.4318,75.6828,0.0573],[142.4536,75.6859,0.4498],[142.4521,75.6875,0.3129],[142.4396,75.6875,-0.4638],[142.4354,75.6854,2.2531],[142.4214,75.6859,-0.4979],[142.4271,75.6896,0.8243],[142.4349,75.6901,-0.1834],[142.4318,75.6922,2.1021],[142.4333,75.6937,2.6091],[142.4458,75.6917,0.0],[142.45,75.6937,0.0],[142.4542,75.6937,1.6238],[142.4625,75.6896,0.0],[142.4807,75.6922,0.0],[142.475,75.6958,1.778],[142.4396,75.6958,0.0],[142.4354,75.6979,0.6998],[142.4146,75.6979,-0.3471],[142.4104,75.6958,0.0984],[142.4063,75.6958,0.8674],[142.4047,75.6974,1.8908],[142.4141,75.7037,0.0],[142.3917,75.7042,1.6658],[142.3833,75.7,-0.2857],[142.3755,75.6995,-0.0876],[142.3786,75.6964,0.6049],[142.3755,75.6953,1.6372],[142.3734,75.6922,-0.2671],[142.3792,75.6896,-0.144],[142.3833,75.6896,-0.3937],[142.3875,75.6917,-0.3707],[142.4,75.6917,1.7168],[142.4016,75.6901,0.9069],[142.3979,75.6875,-0.364],[142.3813,75.6875,-0.2052],[142.3797,75.6859,-0.2029],[142.3828,75.6839,2.8503],[142.3771,75.6833,4.5182],[142.3729,75.6854,0.0734],[142.3547,75.6859,3.606],[142.3562,75.6875,-0.124],[142.3625,75.6875,-0.4553],[142.3682,75.6901,-0.2244],[142.3667,75.6917,-0.3553],[142.3479,75.6917,3.9016],[142.3438,75.6937,3.7622],[142.3396,75.6937,3.3741],[142.3354,75.6917,3.2489],[142.3297,75.6922,3.4392],[142.337,75.6964,0.3965],[142.3354,75.6979,-0.0142],[142.3146,75.6979,3.1274],[142.3047,75.6932,1.5812],[142.3099,75.6911,1.2008],[142.3083,75.6896,0.143],[142.2813,75.6917,0.1447],[142.2797,75.6932,-0.0193],[142.2828,75.6953,-0.4181],[142.2734,75.6984,-0.3335],[142.2766,75.7016,-0.5869],[142.2713,75.7026,-0.3962],[142.2745,75.7057,-0.317],[142.2693,75.7068,-0.2175],[142.275,75.7104,-0.3047],[142.2917,75.7104,-0.4079],[142.2953,75.713,-0.1519],[142.2937,75.7146,-0.413],[142.2755,75.7151,0.4705],[142.2771,75.7167,0.2494],[142.2854,75.7167,-0.2459],[142.2896,75.7188,-0.357],[142.2937,75.7188,-0.508],[142.2979,75.7167,-0.6534],[142.3188,75.7167,-0.1402],[142.3203,75.7182,-0.2386],[142.3151,75.7193,0.6772],[142.3109,75.7224,-0.6788],[142.3167,75.7229,-0.3926],[142.3208,75.7208,-0.6301],[142.325,75.7208,-0.6734],[142.3292,75.7229,-0.4305],[142.3375,75.7229,-0.4903],[142.3432,75.7266,-0.4274],[142.3313,75.7271,-0.3222],[142.3297,75.7286,-0.0141],[142.3458,75.7333,2.2406],[142.3708,75.7333,-0.3925],[142.375,75.7354,0.1595],[142.3833,75.7354,-0.3172],[142.3911,75.7401,1.0382],[142.388,75.7422,2.6615],[142.3896,75.7438,0.5515],[142.4146,75.7438,-0.0577],[142.4187,75.7458,0.0271],[142.4229,75.7458,0.2882],[142.4349,75.7401,1.0687],[142.4083,75.7396,0.0535],[142.4068,75.738,-0.0874],[142.425,75.7375,-0.2704],[142.4292,75.7354,0.0],[142.4479,75.7354,-0.2203],[142.4521,75.7333,-0.1916],[142.4646,75.7333,-0.4549],[142.4729,75.7375,0.1943],[142.5021,75.7375,1.8197],[142.5063,75.7354,0.473],[142.5161,75.7349,0.3666],[142.5141,75.7318,0.799],[142.5109,75.7307,0.1082],[142.5141,75.7286,-0.2691],[142.513,75.7255,-0.3411],[142.5229,75.725,-0.2817],[142.5271,75.7229,1.4338],[142.5313,75.7229,-0.0089],[142.5354,75.725,-0.1965],[142.5479,75.725,2.661],[142.5495,75.7234,1.4502],[142.5443,75.7193,1.0783],[142.55,75.7188,2.5016],[142.5589,75.7245,0.7205],[142.5703,75.7255,-0.417],[142.5672,75.7276,0.1558],[142.5688,75.7292,-0.1585],[142.5729,75.7292,0.2981],[142.5771,75.7271,0.1355],[142.5854,75.7271,0.2548],[142.5958,75.7229,0.0],[142.6,75.7229,0.0],[142.6146,75.7271,0.4648],[142.6229,75.7271,1.3136],[142.6307,75.7318,2.0707],[142.6292,75.7333,2.367],[142.6193,75.7338,0.7988],[142.6208,75.7354,0.9659],[142.6333,75.7354,2.0459],[142.6375,75.7333,3.6109],[142.6729,75.7333,0.0],[142.6771,75.7312,0.0],[142.6812,75.7312,0.0],[142.6849,75.7338,0.0],[142.6818,75.737,0.0],[142.6932,75.738,0.0],[142.688,75.7412,0.0],[142.6979,75.7458,1.8635],[142.7188,75.7458,0.0],[142.7229,75.7438,0.0],[142.7271,75.7438,0.0],[142.7312,75.7458,0.0],[142.7437,75.7458,0.0],[142.7542,75.7417,0.0],[142.7625,75.7417,0.0],[142.7745,75.737,4.4583],[142.7713,75.7349,0.0],[142.7745,75.7328,0.4704],[142.7724,75.7297,-0.2508],[142.7609,75.7286,0.0],[142.7641,75.7266,1.0549],[142.763,75.7234,0.0],[142.7646,75.7229,-0.0454],[142.7937,75.7229,0.0],[142.7979,75.725,0.0],[142.8229,75.725,0.0],[142.8271,75.7271,3.7282],[142.8313,75.7271,4.0864],[142.8328,75.7255,0.0287],[142.8297,75.7234,0.0],[142.8313,75.7229,0.0],[142.8438,75.7229,0.0],[142.8479,75.725,0.1306],[142.9375,75.725,0.0],[142.9417,75.7229,0.0],[142.95,75.7229,0.0],[142.9604,75.7188,0.0],[142.9646,75.7188,0.0],[142.9688,75.7208,0.3467],[142.9979,75.7208,0.9195],[142.9995,75.7193,0.5534],[142.9922,75.7151,0.0],[143.0,75.7125,0.0],[143.0125,75.7146,0.009],[143.0167,75.7125,-0.3044],[143.025,75.7125,-0.0468],[143.0354,75.7083,-0.0189],[143.0437,75.7083,-0.1608],[143.0583,75.7021,-0.19],[143.0667,75.7021,-0.0937],[143.0745,75.6995,-0.1813],[143.0729,75.6979,-0.4229],[143.0667,75.6979,0.1492],[143.0625,75.7,-0.5313],[143.0583,75.7,-0.4298],[143.0521,75.6958,-0.0156],[143.0354,75.6958,0.0],[143.0297,75.6922,0.0],[143.0432,75.6911,0.0804],[143.0401,75.6891,0.0839],[143.0417,75.6875,0.0],[143.0583,75.6875,-0.2788],[143.0599,75.687,0.0372],[143.0589,75.6839,-0.0027],[143.0688,75.6833,-0.0845],[143.0891,75.6745,4.1438],[143.0838,75.6693,0.0],[143.087,75.6682,1.694],[143.0859,75.6651,0.0],[143.0891,75.6641,6.1007],[143.0859,75.6609,0.0],[143.0911,75.6589,12.4944],[143.0813,75.6583,0.0],[143.0797,75.6568,0.0],[143.0911,75.6557,8.4117],[143.0859,75.6505,0.0],[143.0953,75.6474,2.688],[143.0922,75.6443,0.0],[143.0953,75.6422,2.0731],[143.0901,75.638,0.0],[143.0932,75.637,0.0],[143.0922,75.6339,1.4458],[143.0953,75.6328,3.8286],[143.0922,75.6297,3.73],[143.0974,75.6276,1.7809],[143.0859,75.6266,0.0],[143.0891,75.6245,0.6081],[143.087,75.6214,4.1867],[143.0755,75.6162,0.0],[143.0578,75.6047,9.84],[143.0464,75.6036,0.0],[143.0443,75.6005,0.0],[143.0474,75.5984,16.1483],[143.0234,75.5849,3.61],[143.0203,75.5818,12.4165],[143.0104,75.5813,0.0],[143.0021,75.5771,5.8237],[142.9937,75.5771,0.0],[142.9792,75.5729,4.4966],[142.9625,75.5729,1.6692],[142.9583,75.5708,8.4444],[142.9484,75.5703,0.0],[142.95,75.5687,0.0],[142.962,75.5682,2.6433],[142.9703,75.5641,0.1259],[142.9688,75.5625,-0.3246],[142.9563,75.5625,0.5613],[142.9479,75.5667,0.0],[142.9438,75.5667,0.0],[142.9354,75.5625,3.7242],[142.9276,75.562,0.0],[142.9182,75.5568,3.6573],[142.9104,75.5563,0.0],[142.9063,75.5542,3.8278],[142.8979,75.5542,0.0],[142.8938,75.5521,11.4281],[142.8771,75.5521,0.0],[142.8729,75.55,3.6717],[142.8583,75.55,0.0],[142.8542,75.5479,3.9599],[142.8458,75.5479,1.999],[142.8417,75.5458,3.8859],[142.8333,75.5458,0.7796],[142.8292,75.5437,5.0522],[142.8146,75.5437,0.0],[142.8062,75.5396,12.2961],[142.7979,75.5396,0.0],[142.7917,75.5354,11.0683],[142.7818,75.5349,0.0],[142.7729,75.5292,10.398],[142.763,75.5286,0.0],[142.7479,75.5188,9.3935],[142.7255,75.5162,0.0],[142.7307,75.5141,9.4362],[142.7292,75.5125,13.5571],[142.7125,75.5125,0.0],[142.7068,75.5099,0.0],[142.712,75.5068,17.1611],[142.7005,75.5057,0.0],[142.6964,75.5026,0.0],[142.7016,75.5005,16.6605],[142.6917,75.5,0.0],[142.6859,75.4974,0.0],[142.6953,75.4932,14.7838],[142.6901,75.4891,0.0],[142.6932,75.4859,14.9603],[142.6896,75.4833,4.1952],[142.6797,75.4828,0.0],[142.6828,75.4797,0.0],[142.675,75.4792,0.0],[142.6693,75.4766,0.0],[142.6724,75.4734,10.9763],[142.6646,75.4729,0.0],[142.6563,75.4688,4.4903],[142.6271,75.4688,0.1459],[142.6203,75.4724,-0.0393],[142.6146,75.4729,-0.1541],[142.6089,75.4703,-0.3504],[142.6068,75.4672,-0.3235],[142.6167,75.4667,-0.3087],[142.6182,75.4651,-0.0837],[142.6083,75.4646,-0.4459],[142.6042,75.4625,-0.331],[142.5896,75.4625,-0.2051],[142.5797,75.4578,-0.3714],[142.5875,75.4542,0.0],[142.6042,75.4542,-0.2004],[142.6099,75.4516,1.3856],[142.6089,75.4484,0.0],[142.6182,75.4453,9.4418],[142.6109,75.4411,3.3982],[142.6162,75.438,6.1628],[142.6104,75.4354,8.4095],[142.6005,75.4349,-0.2534],[142.6057,75.4318,3.6405],[142.5984,75.4287,0.8022],[142.5953,75.4255,1.992],[142.5838,75.4245,0.0],[142.5932,75.4193,8.7969],[142.5818,75.4182,0.0],[142.5755,75.4141,0.0],[142.5786,75.412,15.1133],[142.5766,75.4089,6.5627],[142.5505,75.3932,-0.1761],[142.5547,75.3901,-0.0754],[142.5599,75.3891,-0.0696],[142.5568,75.3859,0.0],[142.5599,75.3839,0.0],[142.5547,75.3807,0.0],[142.5578,75.3786,0.0],[142.5568,75.3755,0.0],[142.5599,75.3745,10.7421],[142.5578,75.3714,4.7975],[142.5547,75.3703,0.3167],[142.5578,75.3672,1.1665],[142.5422,75.3578,0.0],[142.5474,75.3547,11.6783],[142.5359,75.3536,0.0],[142.5375,75.3521,0.0],[142.5458,75.3521,10.539],[142.5474,75.3505,14.6408],[142.538,75.3495,0.0],[142.5339,75.3474,0.0],[142.5318,75.3443,-0.0307],[142.5417,75.3396,-0.2193],[142.5583,75.3396,1.8038],[142.5625,75.3375,0.0],[142.5854,75.3354,0.0],[142.5974,75.3307,3.9657],[142.5943,75.3276,0.0],[142.6057,75.3266,0.163],[142.6047,75.3234,0.0],[142.6062,75.3229,0.0],[142.6146,75.3229,0.3848],[142.6187,75.3208,0.0],[142.6521,75.3208,10.7731],[142.6625,75.3167,0.0],[142.6792,75.3167,3.7481],[142.6833,75.3146,0.0],[142.6917,75.3146,0.0],[142.6958,75.3125,0.0],[142.7042,75.3125,0.0],[142.712,75.3099,0.0],[142.7088,75.3078,0.0],[142.7104,75.3063,0.0],[142.7188,75.3063,0.1865],[142.7292,75.3021,-0.0473],[142.7391,75.3016,0.2414],[142.7432,75.2995,0.0],[142.7422,75.2963,0.0],[142.7557,75.2911,1.8985],[142.7422,75.2828,5.5343],[142.7453,75.2797,3.2865],[142.7401,75.2755,-0.1068],[142.7453,75.2734,0.322],[142.738,75.2703,-0.0523],[142.7432,75.2682,0.1963],[142.7401,75.2651,0.2508],[142.7521,75.2604,0.0],[142.7604,75.2604,0.0355],[142.7661,75.2578,0.0],[142.7651,75.2547,-0.0105],[142.7682,75.2536,-0.4536],[142.7651,75.2516,-0.3679],[142.7667,75.25,-0.4038],[142.7932,75.2495,-0.1812],[142.7912,75.2464,-0.027],[142.7807,75.2401,0.5762],[142.7729,75.2396,0.0535],[142.7672,75.237,-0.2359],[142.7703,75.2349,-0.2201],[142.7693,75.2318,-0.2149],[142.7766,75.2276,-0.3695],[142.7688,75.2271,-0.3651],[142.7672,75.2255,-0.0354],[142.7854,75.225,0.1819],[142.7896,75.2229,0.0],[142.7937,75.2229,0.0],[142.7979,75.225,-0.1822],[142.8104,75.225,-0.259],[142.8146,75.2229,0.0],[142.8188,75.2229,0.0],[142.8229,75.225,-0.2349],[142.8333,75.225,-0.3557],[142.8375,75.2229,-0.0767],[142.8792,75.2229,3.9197],[142.887,75.2203,3.917],[142.8839,75.2172,0.0],[142.887,75.2151,6.0777],[142.8776,75.2089,0.0],[142.887,75.2057,7.5401],[142.8839,75.2026,0.0],[142.9078,75.1932,4.3342],[142.9026,75.1891,0.0],[142.9057,75.1859,4.7667],[142.8963,75.1797,0.0],[142.9063,75.1792,2.4808],[142.9182,75.1745,3.3832],[142.9089,75.1672,0.0],[142.9167,75.1646,0.0],[142.9266,75.1641,2.8858],[142.9234,75.1609,0.0],[142.9333,75.1604,0.0],[142.9479,75.1542,0.0],[142.9578,75.1536,0.3017],[142.9557,75.1505,0.0528],[142.9458,75.15,-0.1448],[142.9401,75.1474,-0.2113],[142.9547,75.1401,-0.1776],[142.9667,75.1396,-0.1473],[142.9708,75.1375,-0.117],[142.9792,75.1375,0.0957],[142.9833,75.1354,0.0],[142.9875,75.1354,0.0],[142.9917,75.1375,0.1225],[143.0063,75.1375,0.1305],[143.0104,75.1396,0.5627],[143.0479,75.1396,-0.2934],[143.0521,75.1375,-0.089],[143.0688,75.1375,3.3224],[143.0786,75.1328,9.7386],[143.0766,75.1297,2.673],[143.0693,75.1266,0.0],[143.0786,75.1224,6.0535],[143.0734,75.1172,0.0],[143.0849,75.1162,4.3507],[143.0818,75.113,0.0],[143.0938,75.1083,0.0],[143.1104,75.1083,6.5919],[143.1146,75.1062,0.0],[143.1271,75.1062,0.0],[143.1313,75.1083,3.5543],[143.1354,75.1083,4.8053],[143.1396,75.1062,0.0],[143.1708,75.1062,0.0],[143.175,75.1042,0.0],[143.2,75.1042,3.3245],[143.2078,75.1016,7.6588],[143.2047,75.0984,0.0],[143.2104,75.0958,0.0],[143.2188,75.0958,7.4085],[143.2318,75.0901,0.0],[143.2417,75.0896,7.0894],[143.2563,75.0833,0.0],[143.2729,75.0833,5.6056],[143.2854,75.0771,0.0],[143.2937,75.0771,7.9299],[143.3016,75.0745,6.1178],[143.3229,75.0646,0.1157],[143.3625,75.0646,0.6201],[143.3641,75.063,0.1087],[143.3589,75.0589,-0.0555],[143.3708,75.0542,-0.1275],[143.375,75.0542,0.0521],[143.3792,75.0563,0.1586],[143.3896,75.0563,0.1863],[143.3938,75.0542,0.1361],[143.4104,75.0542,-0.0239],[143.4208,75.05,-0.1227],[143.4312,75.05,4.1221],[143.4354,75.0521,1.8695],[143.4604,75.0521,0.4913],[143.4646,75.0542,0.2614],[143.4958,75.0542,-0.2166],[143.5,75.0563,0.9944],[143.5042,75.0563,1.2845],[143.5083,75.0542,-0.0895],[143.5188,75.0542,-0.0512],[143.5229,75.0563,0.4883],[143.5417,75.0583,0.1719],[143.5458,75.0604,0.092],[143.5625,75.0604,0.0],[143.5688,75.0646,5.9214],[143.5854,75.0646,0.0],[143.5896,75.0667,0.0],[143.6208,75.0667,0.0],[143.625,75.0687,7.2943],[143.6292,75.0687,9.8399],[143.6333,75.0667,0.0],[143.65,75.0667,0.7969],[143.6542,75.0646,0.0],[143.6875,75.0646,0.0048],[143.6917,75.0625,0.0],[143.7104,75.0625,0.0],[143.7146,75.0646,0.2152],[143.7312,75.0646,0.0],[143.7354,75.0667,8.6859],[143.7958,75.0667,9.654],[143.8,75.0646,0.0],[143.825,75.0646,11.9613],[143.8292,75.0625,0.0],[143.8375,75.0625,3.0013],[143.8417,75.0604,0.0],[143.8813,75.0604,7.5088],[143.8854,75.0583,0.0],[143.9063,75.0563,0.0],[143.9104,75.0542,0.0],[143.9208,75.0542,0.0],[143.9224,75.0526,0.0],[143.9193,75.0505,0.0],[143.9266,75.0474,0.1346],[143.9255,75.0443,0.0],[143.9287,75.0432,0.3883],[143.9255,75.0401,0.0],[143.9287,75.038,0.3251],[143.9234,75.0339,0.0],[143.9328,75.0307,0.6722],[143.9297,75.0276,0.4208],[143.9438,75.0271,0.549],[143.9479,75.0292,0.6103],[143.9724,75.0297,0.6119],[143.9708,75.0313,0.9234],[143.9443,75.0318,1.0601],[143.9474,75.0349,0.8465],[143.9443,75.037,1.0434],[143.9521,75.0375,0.7856],[143.9563,75.0396,1.3015],[143.9604,75.0396,1.4051],[143.9646,75.0375,0.5669],[143.9812,75.0375,1.3249],[143.987,75.0349,1.0264],[143.9839,75.0318,0.9946],[143.9891,75.0297,0.3128],[143.9833,75.0271,0.5421],[143.9688,75.0271,0.585],[143.9646,75.025,0.5161],[143.9563,75.025,0.2982],[143.9547,75.0234,0.4041],[143.9812,75.0229,0.5183],[143.9854,75.0208,0.1564],[144.0292,75.0208,0.2515],[144.0307,75.0224,0.1654],[144.0208,75.0229,0.255],[144.0193,75.0245,0.2342],[144.0292,75.025,0.3366],[144.0333,75.0271,0.5905],[144.0458,75.0229,0.2092],[144.0562,75.0229,0.3167],[144.0604,75.025,0.3409],[144.0703,75.0255,0.2833],[144.0672,75.0286,0.3943],[144.075,75.0292,0.2537],[144.0792,75.0313,0.3235],[144.0875,75.0313,0.1414],[144.0938,75.0354,0.4582],[144.1146,75.0354,0.6195],[144.1187,75.0333,0.2642],[144.1479,75.0333,0.1249],[144.1521,75.0354,0.3863],[144.1833,75.0354,0.0],[144.1875,75.0375,0.0],[144.2021,75.0375,0.0],[144.2063,75.0396,3.9672],[144.2229,75.0396,0.0],[144.2375,75.0437,6.0619],[144.2604,75.0437,0.0],[144.2646,75.0458,0.0],[144.2729,75.0458,0.0],[144.2771,75.0479,1.9173],[144.3813,75.0479,0.0],[144.3896,75.0521,0.0],[144.3974,75.0526,0.0],[144.4104,75.0604,7.9416],[144.4203,75.0609,0.0],[144.4359,75.0703,5.9093],[144.4438,75.0708,0.0],[144.4521,75.075,0.0],[144.462,75.0755,0.0],[144.4651,75.0787,0.0],[144.475,75.0833,0.0],[144.4937,75.0854,0.0],[144.5,75.0896,4.4833],[144.5099,75.0901,0.0],[144.5068,75.0922,3.9311],[144.5083,75.0938,0.5634],[144.5271,75.0958,0.0],[144.5313,75.0979,0.0],[144.5396,75.0979,0.0],[144.5458,75.1021,6.5003],[144.5625,75.1021,0.0],[144.5641,75.1036,0.0],[144.5609,75.1057,0.0],[144.563,75.1078,4.3284],[144.5854,75.1104,0.0],[144.5917,75.1146,0.0],[144.6167,75.1146,0.0],[144.6182,75.1162,0.0],[144.613,75.1182,0.0],[144.6187,75.1208,0.0],[144.6286,75.1214,0.0],[144.6255,75.1234,0.0],[144.6276,75.1266,14.5714],[144.6391,75.1276,0.0],[144.6479,75.1333,6.8171],[144.6563,75.1333,0.0],[144.6604,75.1354,0.0],[144.6792,75.1375,0.0],[144.6917,75.1438,2.6278],[144.7104,75.1458,0.0],[144.7188,75.15,4.0485],[144.7266,75.1505,0.0],[144.7307,75.1536,0.0],[144.7234,75.1578,11.835],[144.7328,75.1589,0.0],[144.7297,75.1609,0.0],[144.7328,75.1641,0.0],[144.7297,75.1661,0.0],[144.7349,75.1693,0.0],[144.7318,75.1724,3.3547],[144.7412,75.1734,0.0],[144.738,75.1766,0.0],[144.7412,75.1787,0.0],[144.738,75.1807,3.3689],[144.7516,75.188,0.0],[144.7474,75.1911,0.0],[144.7422,75.1922,6.8427],[144.7495,75.1964,0.0],[144.7464,75.1995,9.6185],[144.7521,75.2,0.0],[144.7563,75.1979,0.0],[144.7604,75.1979,0.0],[144.7641,75.2005,0.0],[144.7625,75.2021,0.0],[144.7542,75.2021,0.0],[144.7526,75.2037,0.0],[144.7703,75.213,0.0],[144.7672,75.2151,0.0],[144.7682,75.2182,0.0],[144.7651,75.2203,3.9425],[144.7724,75.2245,0.0],[144.7672,75.2255,12.6659],[144.7703,75.2286,0.0],[144.7672,75.2307,6.9605],[144.7964,75.2474,0.1853],[144.8062,75.2479,0.0],[144.8125,75.2521,0.8396],[144.8224,75.2526,0.1873],[144.8182,75.2557,0.1083],[144.8083,75.2562,0.7029],[144.8068,75.2578,0.0111],[144.8208,75.2583,-0.0378],[144.8292,75.2542,0.6069],[144.8417,75.2542,0.0],[144.8562,75.2583,0.0],[144.8646,75.2583,0.0],[144.8755,75.2641,0.8168],[144.8833,75.2646,0.4171],[144.8875,75.2667,1.3025],[144.9,75.2646,0.0],[144.9042,75.2667,0.0],[144.9125,75.2667,0.0],[144.9167,75.2688,0.2488],[144.9411,75.2693,0.0],[144.9396,75.2708,0.0],[144.9172,75.2734,0.8261],[144.9203,75.2766,0.0],[144.9146,75.2792,0.0],[144.8792,75.2833,2.3671],[144.8708,75.2875,0.0],[144.85,75.2896,2.3195],[144.8417,75.2937,0.3668],[144.8333,75.2937,-0.0063],[144.8318,75.2943,0.2943],[144.8328,75.2974,0.0],[144.8313,75.2979,0.0],[144.8271,75.2979,0.158],[144.8229,75.2958,0.3481],[144.8172,75.2963,0.306],[144.8203,75.2995,0.3222],[144.8089,75.3005,0.2278],[144.812,75.3037,0.1672],[144.8078,75.3057,0.1262],[144.7958,75.3104,0.0353],[144.7859,75.3109,0.1166],[144.7875,75.3125,0.1104],[144.7958,75.3125,0.1373],[144.7974,75.3141,0.0208],[144.7875,75.3146,0.0764],[144.7833,75.3167,0.0902],[144.7583,75.3167,-0.0401],[144.7505,75.3193,1.4769],[144.7563,75.3229,0.2141],[144.7745,75.3234,0.1288],[144.7786,75.3255,0.2141],[144.7734,75.3276,0.2241],[144.7766,75.3307,-0.0443],[144.7693,75.3307,0.3396],[144.7651,75.3276,-0.0184],[144.7703,75.3255,0.4638],[144.7646,75.325,0.3698],[144.7589,75.3276,-0.0945],[144.7609,75.3307,0.1275],[144.7641,75.3318,0.2582],[144.7609,75.3349,0.0465],[144.7641,75.337,0.1086],[144.7521,75.3396,0.194],[144.7505,75.338,-0.0247],[144.7557,75.3359,0.1583],[144.75,75.3354,0.0499],[144.7354,75.3417,0.4509],[144.7255,75.3422,0.2374],[144.7271,75.3438,0.202],[144.7354,75.3438,0.0418],[144.7396,75.3458,0.0433],[144.7437,75.3458,0.0042],[144.7479,75.3438,0.2962],[144.7604,75.3438,0.1234],[144.762,75.3453,0.2187],[144.7589,75.3474,1.1115],[144.7807,75.3505,0.269],[144.7776,75.3536,0.0539],[144.7828,75.3578,0.2796],[144.7755,75.362,1.0546],[144.787,75.363,0.0],[144.7734,75.3693,0.6152],[144.7766,75.3724,0.0],[144.7734,75.3745,1.6563],[144.7786,75.3776,0.0],[144.7755,75.3807,0.0],[144.7786,75.3828,0.0],[144.7734,75.3839,0.2991],[144.7766,75.387,0.0],[144.7724,75.3891,0.65],[144.7667,75.3896,0.2988],[144.7583,75.3854,0.3546],[144.7375,75.3854,-0.0272],[144.7359,75.387,0.1837],[144.7542,75.3875,0.4098],[144.7667,75.3938,1.2373],[144.7854,75.3958,0.2545],[144.7937,75.4,0.9734],[144.8037,75.4005,0.0],[144.7984,75.4036,0.292],[144.8083,75.4042,0.0],[144.8203,75.4109,0.1801],[144.8188,75.4125,0.3542],[144.8089,75.413,0.3434],[144.8146,75.4167,0.4245],[144.8271,75.4146,0.106],[144.8286,75.4161,0.465],[144.8255,75.4182,0.9698],[144.8271,75.4187,0.9217],[144.8495,75.4172,0.0],[144.8401,75.4213,0.5252],[144.8474,75.4255,0.3817],[144.8417,75.4292,0.4515],[144.8375,75.4292,0.6489],[144.8333,75.4271,0.8704],[144.825,75.4271,-0.1331],[144.8208,75.425,0.3447],[144.8083,75.425,0.7552],[144.8042,75.4271,0.5141],[144.7875,75.4271,0.396],[144.7833,75.4292,0.0555],[144.775,75.4292,0.1142],[144.7646,75.4333,0.7304],[144.7479,75.4333,0.3854],[144.7437,75.4354,0.1398],[144.7354,75.4354,0.3162],[144.7339,75.437,0.0345],[144.7646,75.4375,0.0183],[144.7771,75.4313,-0.0157],[144.7875,75.4313,0.4981],[144.7917,75.4292,0.0082],[144.7974,75.4297,0.1937],[144.8021,75.4333,0.4494],[144.8062,75.4333,0.426],[144.8104,75.4313,-0.1465],[144.8313,75.4313,0.1296],[144.8354,75.4333,0.5944],[144.8562,75.4333,0.6983],[144.8604,75.4313,0.7599],[144.8646,75.4313,0.7158],[144.8687,75.4333,1.0612],[144.8771,75.4333,0.0],[144.8828,75.4359,0.0],[144.8776,75.438,1.0224],[144.8792,75.4396,0.7412],[144.8875,75.4396,0.2727],[144.8917,75.4417,0.9552],[144.9083,75.4417,0.0],[144.9099,75.4432,0.5457],[144.9,75.4437,0.8447],[144.8958,75.4458,0.2819],[144.8625,75.4458,1.1873],[144.8609,75.4474,0.9966],[144.8687,75.4479,0.9069],[144.8703,75.4495,0.612],[144.8604,75.4542,0.1175],[144.8438,75.4542,0.2363],[144.8292,75.4604,0.6771],[144.8234,75.4599,0.954],[144.8146,75.4542,0.6058],[144.8062,75.4542,0.8049],[144.8047,75.4526,0.8213],[144.8313,75.4521,0.7033],[144.8328,75.4505,0.8167],[144.825,75.45,1.0908],[144.8167,75.4458,1.2261],[144.8083,75.4458,0.7928],[144.8042,75.4437,1.0669],[144.8,75.4437,1.1694],[144.7943,75.4464,0.9423],[144.7974,75.4484,0.6731],[144.7958,75.45,0.657],[144.7917,75.45,0.9156],[144.7875,75.4479,0.9164],[144.775,75.4479,1.2687],[144.7708,75.45,0.6877],[144.7521,75.45,1.2841],[144.7505,75.4516,1.2917],[144.7536,75.4537,0.8401],[144.7437,75.4542,1.3448],[144.7396,75.4563,1.1181],[144.7271,75.4563,0.6033],[144.7229,75.4542,0.5982],[144.7021,75.4542,0.9881],[144.6979,75.4563,0.849],[144.6854,75.4563,0.5423],[144.6839,75.4547,0.5728],[144.687,75.4526,0.7547],[144.6849,75.4505,0.9792],[144.6708,75.45,0.5844],[144.663,75.4526,0.6003],[144.6589,75.4557,0.858],[144.6646,75.4583,0.6959],[144.6745,75.4589,0.5302],[144.6714,75.4609,0.5884],[144.6729,75.4625,0.4611],[144.6854,75.4625,0.5483],[144.6896,75.4604,0.657],[144.6938,75.4604,0.5822],[144.6984,75.4641,0.6846],[144.7083,75.4646,0.6068],[144.7125,75.4667,1.0211],[144.725,75.4667,0.8985],[144.7266,75.4651,0.716],[144.7234,75.463,0.5505],[144.7276,75.4609,0.5158],[144.7417,75.4604,0.7555],[144.7458,75.4625,0.7892],[144.7557,75.463,0.6345],[144.7599,75.4651,0.7921],[144.7568,75.4672,0.9174],[144.7583,75.4688,1.2406],[144.7708,75.4688,1.164],[144.7792,75.4646,0.552],[144.8083,75.4646,1.1497],[144.8161,75.4693,1.0891],[144.813,75.4714,0.607],[144.8146,75.4729,0.5821],[144.8203,75.4724,0.5968],[144.8271,75.4688,0.9479],[144.8313,75.4688,1.0723],[144.837,75.4714,0.3978],[144.8338,75.4745,0.3518],[144.837,75.4766,-0.0058],[144.8313,75.4792,0.0963],[144.8271,75.4792,-0.0761],[144.8229,75.4771,0.2641],[144.7964,75.4766,0.7669],[144.7979,75.475,0.4534],[144.8078,75.4745,-0.3222],[144.8062,75.4729,0.2581],[144.7854,75.4729,0.3754],[144.7797,75.4755,0.1366],[144.7849,75.4797,0.5727],[144.7833,75.4812,0.6795],[144.7792,75.4812,0.7641],[144.775,75.4792,0.7278],[144.7604,75.4792,-0.5197],[144.7563,75.4771,0.5646],[144.7437,75.4771,0.158],[144.7396,75.4792,-0.1565],[144.7188,75.4792,0.8756],[144.7146,75.4771,0.4133],[144.7063,75.4771,-0.1381],[144.6995,75.4734,0.842],[144.6938,75.4729,0.719],[144.6854,75.4771,-0.063],[144.6672,75.4776,0.5515],[144.6714,75.4807,-0.0472],[144.6792,75.4812,-0.1252],[144.6833,75.4833,0.358],[144.6875,75.4833,0.4898],[144.6917,75.4812,0.6016],[144.7125,75.4812,-0.1633],[144.7208,75.4854,0.2909],[144.725,75.4854,0.5061],[144.7292,75.4833,0.1263],[144.7375,75.4833,0.45],[144.7417,75.4812,0.0316],[144.7542,75.4812,-0.0579],[144.7583,75.4833,0.4075],[144.7682,75.4838,-0.2416],[144.7786,75.4901,0.0543],[144.7771,75.4917,-0.3251],[144.7672,75.4922,-0.1978],[144.7688,75.4938,-0.2756],[144.7771,75.4938,0.2015],[144.7854,75.4979,0.1713],[144.8062,75.4979,0.3378],[144.8078,75.4964,0.0954],[144.8037,75.4943,0.5342],[144.7937,75.4938,0.0374],[144.788,75.4912,0.0692],[144.7932,75.488,-0.6689],[144.7833,75.4875,0.3902],[144.7818,75.4859,0.6459],[144.7958,75.4854,-0.0461],[144.8,75.4875,0.6142],[144.8042,75.4875,1.1226],[144.8057,75.4859,0.9063],[144.8026,75.4838,-0.6847],[144.8042,75.4833,-0.113],[144.8125,75.4833,0.6653],[144.8167,75.4812,0.1067],[144.8208,75.4812,0.2581],[144.825,75.4833,0.5302],[144.8292,75.4833,0.7213],[144.8479,75.475,-0.7077],[144.8521,75.475,0.7227],[144.8562,75.4771,0.6093],[144.8771,75.4771,0.829],[144.8813,75.475,0.1909],[144.9021,75.475,0.6823],[144.9063,75.4771,0.7838],[144.9292,75.4771,-0.1923],[144.9333,75.4792,0.5779],[144.9458,75.4792,0.7033],[144.9536,75.4766,0.2338],[144.9505,75.4734,0.4442],[144.9646,75.4729,0.4103],[144.9688,75.475,0.967],[144.9771,75.475,0.7423],[144.9812,75.4771,1.0833],[144.9854,75.4771,0.5338],[144.9896,75.475,-0.1718],[144.9937,75.475,-0.4834],[144.9979,75.4771,1.0341],[145.0083,75.4771,1.1197],[145.0125,75.475,-0.326],[145.025,75.475,0.3878],[145.0266,75.4766,1.2754],[145.0125,75.4833,0.6475],[144.9943,75.4838,0.1084],[144.9974,75.487,0.2422],[144.9922,75.4891,0.2435],[145.0146,75.4875,0.7491],[145.0271,75.4938,1.1444],[145.037,75.4943,1.0005],[145.0354,75.4958,1.0326],[145.025,75.4958,1.0974],[145.0208,75.4979,1.0336],[145.0109,75.4984,0.5663],[145.0125,75.5,0.7161],[145.0458,75.5,0.6484],[145.05,75.5021,0.8339],[145.0667,75.5021,0.1917],[145.0708,75.5042,1.0],[145.1083,75.5042,0.0259],[145.1125,75.5021,-0.0088],[145.1224,75.5016,0.2069],[145.1151,75.4974,0.5228],[145.1167,75.4958,0.1398],[145.1208,75.4958,0.1943],[145.125,75.4979,0.369],[145.15,75.4979,0.0],[145.1583,75.5021,1.0507],[145.2083,75.5021,0.0],[145.2125,75.5042,1.1822],[145.2167,75.5042,1.054],[145.2208,75.5021,0.0],[145.2333,75.5021,0.0],[145.2375,75.5042,1.9814],[145.2792,75.5042,0.0],[145.2833,75.5062,3.4551],[145.2875,75.5062,2.7508],[145.2917,75.5042,0.0],[145.3083,75.5042,0.0],[145.3125,75.5021,0.0],[145.3375,75.5021,12.4963],[145.3417,75.5,0.0],[145.3583,75.5,8.4328],[145.3625,75.4979,0.0],[145.3932,75.4984,0.0],[145.3849,75.5036,18.7333],[145.3797,75.5047,15.1209],[145.3828,75.5078,11.263],[145.3797,75.5099,13.2778],[145.3828,75.512,0.0],[145.3745,75.5162,0.0],[145.3687,75.5167,0.0],[145.3646,75.5146,0.0],[145.3604,75.5146,4.1405],[145.3443,75.5214,6.4824],[145.3474,75.5245,0.0],[145.3443,75.5266,0.0],[145.3474,75.5286,0.0],[145.3422,75.5307,0.0],[145.3604,75.5313,0.0],[145.3662,75.5349,0.0],[145.3479,75.5375,0.0],[145.3464,75.5359,0.0],[145.3495,75.5339,0.0],[145.3438,75.5333,0.0],[145.3313,75.5396,0.0],[145.3188,75.5375,22.3483],[145.313,75.5401,18.2921],[145.3141,75.5432,0.0],[145.3099,75.5453,0.0],[145.2984,75.5463,14.0734],[145.3,75.5479,13.411],[145.3167,75.5479,0.0],[145.3208,75.55,0.0],[145.3292,75.55,0.0],[145.3307,75.5516,0.0],[145.3167,75.5521,0.0],[145.3125,75.55,0.0],[145.3068,75.5505,0.0],[145.3089,75.5537,0.0],[145.312,75.5547,0.0],[145.3104,75.5563,0.0],[145.3047,75.5557,0.0],[145.2979,75.5521,0.0],[145.2937,75.5521,0.0],[145.2542,75.5708,0.0],[145.2333,75.5729,16.0671],[145.2292,75.575,0.0],[145.2188,75.575,11.5123],[145.2063,75.5813,0.0],[145.1938,75.5792,21.232],[145.1896,75.5813,23.6666],[145.1812,75.5813,18.1924],[145.1755,75.5839,14.4312],[145.1771,75.5854,15.2232],[145.1812,75.5854,18.4227],[145.1854,75.5833,20.7773],[145.1911,75.5839,23.6046],[145.1833,75.5875,0.0],[145.1583,75.5875,17.2827],[145.1542,75.5896,24.8149],[145.1458,75.5896,23.0046],[145.1443,75.5911,23.7786],[145.1474,75.5932,16.9719],[145.1375,75.5938,25.9137],[145.1229,75.6,0.0],[145.1047,75.6005,9.9189],[145.1005,75.6026,0.0],[145.1037,75.6057,0.0],[145.0958,75.6083,0.0],[145.0901,75.6078,0.0],[145.0953,75.6057,0.0],[145.0938,75.6042,0.0],[145.0792,75.6042,22.9583],[145.0708,75.6083,0.0],[145.0625,75.6083,0.0],[145.0583,75.6104,0.0],[145.0417,75.6104,25.11],[145.0333,75.6146,0.0],[145.0146,75.6146,11.5864],[145.0104,75.6167,0.0],[144.9854,75.6167,28.015],[144.9771,75.6208,14.3153],[144.9688,75.6208,21.9242],[144.9646,75.6229,0.0],[144.9458,75.6229,15.0319],[144.9417,75.625,0.0],[144.9042,75.6271,14.918],[144.9,75.6292,0.0],[144.8813,75.6292,17.5138],[144.8771,75.6312,14.5676],[144.8687,75.6312,25.1942],[144.8604,75.6354,0.0],[144.8521,75.6354,22.0608],[144.8479,75.6375,0.0],[144.8396,75.6375,16.7258],[144.8354,75.6396,0.0],[144.8125,75.6417,20.4158],[144.8109,75.6432,17.1922],[144.8141,75.6453,0.0],[144.8042,75.6458,13.0742],[144.7937,75.65,0.0],[144.7854,75.65,23.2122],[144.7755,75.6547,0.0],[144.7807,75.6599,0.0],[144.775,75.6604,0.0],[144.7708,75.6583,0.0],[144.7667,75.6583,0.0],[144.7609,75.6609,0.0],[144.7625,75.6625,0.0],[144.7708,75.6625,0.0],[144.7724,75.6641,0.0],[144.7693,75.6651,0.0],[144.7703,75.6682,0.0],[144.7604,75.6687,0.0],[144.7495,75.6745,0.0],[144.7443,75.6755,0.8828],[144.7474,75.6787,0.0],[144.7359,75.6797,1.826],[144.7391,75.6828,0.0],[144.7146,75.6854,5.4379],[144.7063,75.6896,0.0],[144.6964,75.6901,18.3261],[144.6974,75.6932,0.0],[144.6958,75.6937,0.0],[144.6792,75.6937,31.0001],[144.6708,75.6979,0.0],[144.6583,75.6958,12.4177],[144.6542,75.6979,17.2958],[144.6458,75.6979,27.3651],[144.6417,75.7,0.0],[144.6146,75.7,27.4412],[144.6104,75.7021,0.0],[144.5979,75.7021,0.0],[144.5938,75.7,22.9532],[144.4958,75.7,1.78],[144.4917,75.7021,0.0],[144.425,75.7021,4.4179],[144.4208,75.7042,4.6871],[144.4104,75.7042,14.6751],[144.4021,75.7083,0.0],[144.3938,75.7083,0.0],[144.3854,75.7125,0.0],[144.3729,75.7104,0.272],[144.3651,75.713,0.0],[144.3682,75.7161,0.0],[144.3583,75.7167,0.0],[144.35,75.7208,0.0],[144.3313,75.7208,0.0],[144.3271,75.7229,0.0],[144.3188,75.7229,0.0],[144.3146,75.725,0.0],[144.2917,75.7271,2.7715],[144.2688,75.7375,0.0],[144.2604,75.7375,14.8395],[144.2458,75.7438,0.0],[144.2359,75.7443,11.7624],[144.2391,75.7474,0.0],[144.2312,75.75,0.0],[144.213,75.7505,8.3887],[144.2161,75.7536,0.0],[144.2109,75.7557,0.0],[144.2141,75.7578,0.0],[144.1958,75.7583,9.2797],[144.1943,75.7599,1.194],[144.1974,75.762,0.0],[144.1896,75.7646,0.0],[144.1812,75.7646,6.6964],[144.1729,75.7688,0.0],[144.1609,75.7693,13.9977],[144.1641,75.7714,0.0],[144.1625,75.7729,0.0],[144.1542,75.7729,0.0],[144.15,75.775,0.0],[144.1229,75.775,1.1127],[144.1214,75.7766,3.7002],[144.1245,75.7786,0.0],[144.1162,75.7828,0.0],[144.1042,75.7833,13.3893],[144.0917,75.7896,0.0],[144.0797,75.7901,3.3162],[144.0828,75.7932,0.0],[144.0771,75.7958,0.0],[144.0667,75.7958,1.5814],[144.0583,75.8,0.0],[144.0354,75.8021,0.0],[144.0313,75.8042,0.0],[144.0146,75.8042,13.5509],[144.0104,75.8063,0.0],[143.9917,75.8063,17.6641],[143.9875,75.8083,21.0806],[143.9776,75.8089,16.0117],[143.9792,75.8104,10.9725],[143.9891,75.8109,0.0],[143.9833,75.8146,0.0],[143.9792,75.8146,0.0],[143.975,75.8125,0.0],[143.9604,75.8125,19.8595],[143.9563,75.8146,0.0],[143.9479,75.8146,9.0178],[143.9438,75.8167,0.0],[143.9271,75.8167,2.0178],[143.9229,75.8187,1.0611],[143.9,75.8208,10.0658],[143.8854,75.8271,0.0],[143.8813,75.8271,0.0],[143.8771,75.825,6.5982],[143.8646,75.825,20.8176],[143.863,75.8266,11.6457],[143.8662,75.8287,0.0],[143.8604,75.8292,0.0],[143.8562,75.8271,4.5941],[143.85,75.8271,6.3805],[143.8375,75.8333,0.0],[143.825,75.8333,0.0],[143.8208,75.8313,0.0],[143.8167,75.8313,7.435],[143.8125,75.8333,0.0],[143.8021,75.8333,6.6463],[143.7937,75.8375,0.0],[143.7813,75.8354,13.9092],[143.7708,75.8396,0.0],[143.7583,75.8375,7.6755],[143.75,75.8417,0.0],[143.7312,75.8417,8.5124],[143.7271,75.8438,0.0],[143.7021,75.8438,10.3543],[143.6979,75.8458,0.0],[143.6875,75.8458,9.5427],[143.6833,75.8479,0.0],[143.65,75.8479,4.9901],[143.6458,75.85,0.0],[143.6187,75.85,13.0108],[143.6146,75.8521,0.0],[143.5583,75.8521,15.2311],[143.5542,75.85,25.3069],[143.4958,75.85,0.0],[143.4917,75.8479,9.4457],[143.4833,75.8479,9.0607],[143.4792,75.8458,17.302],[143.4458,75.8458,0.0],[143.4417,75.8438,25.2858],[143.425,75.8438,0.0],[143.4208,75.8417,2.8741],[143.4042,75.8417,0.0],[143.3995,75.838,0.0],[143.3896,75.8375,0.0],[143.3813,75.8333,0.7146],[143.363,75.8328,0.0],[143.3724,75.8276,1.7012],[143.3542,75.8271,0.0],[143.338,75.8182,0.0],[143.3396,75.8167,0.0],[143.3479,75.8167,0.0],[143.3557,75.8141,0.0],[143.3526,75.8109,0.0],[143.3687,75.8042,0.0],[143.387,75.8037,0.8939],[143.3854,75.8021,1.0833],[143.3792,75.8021,1.12],[143.375,75.8,0.7071],[143.3693,75.8005,0.0],[143.3562,75.8063,0.0],[143.3208,75.8063,0.0],[143.3193,75.8078,0.9099],[143.3224,75.8099,0.0],[143.3193,75.8109,0.0],[143.3203,75.8141,0.0],[143.2979,75.8146,0.3157],[143.2937,75.8125,0.4571],[143.2854,75.8125,0.5121],[143.2813,75.8104,2.0411],[143.2312,75.8104,0.0],[143.2271,75.8083,0.0],[143.2104,75.8083,0.0],[143.2021,75.8042,0.0],[143.1833,75.8021,0.0],[143.1792,75.8,6.6057],[143.1625,75.8,0.0],[143.1583,75.7979,10.0718],[143.1417,75.7979,0.3148],[143.1375,75.7958,0.4301],[143.1333,75.7958,0.1946],[143.1292,75.7979,1.3568],[143.1125,75.7979,3.2331],[143.1083,75.8,0.0],[143.0813,75.8,0.0],[143.0771,75.8021,0.0],[143.0583,75.8021,0.0],[143.0542,75.8042,0.0],[143.0417,75.8021,3.3713],[143.0375,75.8042,0.0],[143.0208,75.8042,3.7879],[143.0167,75.8063,0.0],[142.9979,75.8063,1.9756],[142.9896,75.8104,0.0],[142.9771,75.8083,8.6247],[142.9729,75.8104,4.5521],[142.9625,75.8104,5.5277],[142.9583,75.8125,0.0],[142.9187,75.8146,12.1229],[142.9042,75.8208,0.0],[142.8958,75.8208,14.1798],[142.8917,75.8229,0.0],[142.8729,75.8229,15.0036],[142.8604,75.8292,0.0],[142.8208,75.8313,8.2237],[142.8167,75.8333,13.0802],[142.8062,75.8333,20.9627],[142.8021,75.8354,21.2767],[142.7854,75.8354,17.6578],[142.7813,75.8375,8.6452],[142.7708,75.8375,16.5004],[142.7667,75.8396,0.0],[142.75,75.8396,5.8859],[142.7458,75.8417,0.0],[142.7354,75.8417,0.0],[142.7312,75.8438,0.0],[142.6875,75.8438,8.4918],[142.6833,75.8458,0.0],[142.6667,75.8458,7.0194],[142.6563,75.85,0.0],[142.6396,75.85,3.4785],[142.6354,75.8521,0.0],[142.625,75.8521,0.3394],[142.6104,75.8583,0.0],[142.5854,75.8583,14.9901],[142.5838,75.8588,14.3184],[142.5849,75.862,0.0],[142.575,75.8625,7.5272],[142.5604,75.8688,0.0],[142.525,75.8729,11.5837],[142.5146,75.8771,0.0],[142.5063,75.8771,8.7115],[142.4854,75.8854,0.0],[142.4625,75.8875,1.3877],[142.4542,75.8917,0.0],[142.4354,75.8917,1.0713],[142.4339,75.8932,0.8324],[142.4411,75.8974,0.0],[142.4276,75.8984,0.7866],[142.4307,75.9016,0.0],[142.4172,75.9026,1.4812],[142.4203,75.9057,0.0],[142.3963,75.9151,0.975],[142.4005,75.9182,0.4314],[142.4083,75.9187,0.0],[142.4099,75.9203,0.0],[142.4,75.9208,0.0],[142.3922,75.9234,3.6273],[142.3953,75.9266,0.0],[142.3854,75.9271,11.9998],[142.3672,75.9339,9.0601],[142.3703,75.937,0.0],[142.3662,75.9391,0.0],[142.3542,75.9396,7.6889],[142.3422,75.9443,1.5474],[142.3453,75.9474,0.0],[142.3333,75.9479,6.3247],[142.325,75.9521,0.0],[142.313,75.9526,12.8814],[142.3146,75.9542,8.5876],[142.3229,75.9542,0.0],[142.3245,75.9557,0.0],[142.3146,75.9563,0.0],[142.3,75.9625,0.0],[142.2896,75.9625,14.6055],[142.2708,75.9708,0.0],[142.2604,75.9708,14.4589],[142.2521,75.975,0.0],[142.2417,75.975,7.4157],[142.2333,75.9792,1.2534],[142.2229,75.9792,9.9922],[142.2146,75.9833,0.0],[142.2042,75.9833,3.6379],[142.1958,75.9875,0.0],[142.1854,75.9875,3.0657],[142.1839,75.9891,0.0],[142.187,75.9912,0.0],[142.1854,75.9917,0.0],[142.1667,75.9917,8.3229],[142.1625,75.9938,0.0],[142.1542,75.9938,12.5896],[142.1396,76.0,0.0],[142.1208,76.0,8.9973],[142.1078,76.0057,0.0],[142.0979,76.0062,5.832],[142.0833,76.0125,0.0],[142.0729,76.0125,3.1519],[142.0714,76.0141,2.5566],[142.0745,76.0162,0.0],[142.0609,76.0172,11.4691],[142.0641,76.0203,0.0],[142.0537,76.0245,0.0],[142.0401,76.0255,8.8689],[142.0432,76.0286,0.0],[142.0391,76.0307,0.0],[142.0016,76.0453,0.0],[141.9917,76.0458,23.0138],[141.9734,76.0526,0.0],[141.9766,76.0547,0.0],[141.975,76.0563,0.0],[141.9625,76.0542,10.2056],[141.9609,76.0547,2.5451],[141.962,76.0578,0.0],[141.9563,76.0604,0.0],[141.9458,76.0604,13.9533],[141.9417,76.0625,0.6986],[141.9318,76.063,12.047],[141.9328,76.0661,0.0],[141.9297,76.0672,0.0],[141.9307,76.0703,0.0],[141.925,76.0729,0.0],[141.8963,76.0734,7.5236],[141.8979,76.075,0.0],[141.9078,76.0755,0.0],[141.9063,76.0771,0.0],[141.8776,76.0776,13.4761],[141.8807,76.0807,0.0],[141.8729,76.0833,0.0],[141.8646,76.0833,15.8541],[141.8464,76.0901,21.6251],[141.8516,76.0953,0.0],[141.8417,76.0958,0.0],[141.8234,76.1026,0.0],[141.825,76.1042,0.0],[141.8349,76.1047,0.0],[141.8333,76.1062,0.0],[141.8208,76.1062,0.0],[141.8167,76.1042,0.0],[141.8125,76.1042,33.1471],[141.7979,76.1104,0.0],[141.7792,76.1104,32.6293],[141.7688,76.1146,0.0],[141.7333,76.1167,0.0],[141.7292,76.1146,17.1159],[141.725,76.1146,17.7578],[141.7208,76.1167,11.2982],[141.7021,76.1167,13.3107],[141.6979,76.1188,0.0],[141.6583,76.1208,5.5329],[141.6542,76.1229,0.0],[141.6438,76.1229,5.429],[141.6396,76.125,0.0],[141.6208,76.125,9.0171],[141.6167,76.1271,0.0],[141.6062,76.1271,2.7711],[141.6021,76.1292,0.0],[141.5771,76.125,5.9561],[141.5729,76.1271,0.3272],[141.563,76.1276,0.0265],[141.5646,76.1292,0.2191],[141.5708,76.1292,0.4653],[141.5766,76.1318,0.4313],[141.5708,76.1354,0.0],[141.5604,76.1354,6.569],[141.55,76.1396,0.0],[141.5313,76.1396,2.1346],[141.5255,76.1422,4.0523],[141.5286,76.1443,0.0],[141.5271,76.1458,0.0],[141.5167,76.1458,0.7985],[141.5063,76.15,0.0],[141.4979,76.15,10.936],[141.4875,76.1542,7.6863],[141.4771,76.1542,8.2719],[141.4583,76.1625,0.0],[141.4354,76.1646,30.515],[141.425,76.1687,13.1085],[141.4146,76.1687,24.6439],[141.4104,76.1708,13.2158],[141.4021,76.1708,13.2197],[141.3979,76.1729,4.5591],[141.375,76.1729,0.0],[141.3708,76.1708,17.1552],[141.3542,76.1708,0.0],[141.35,76.1687,0.0],[141.3417,76.1687,0.0],[141.3401,76.1672,0.0],[141.3537,76.1661,0.8022],[141.3505,76.163,0.0],[141.3625,76.1583,0.1677],[141.4042,76.1563,7.2155],[141.4146,76.1521,0.0],[141.4229,76.1521,0.0],[141.4375,76.1458,0.0],[141.4495,76.1453,1.7999],[141.4464,76.1422,0.0],[141.4516,76.1412,0.4166],[141.4557,76.138,0.164],[141.4464,76.1328,0.0],[141.4516,76.1307,6.9694],[141.4484,76.1276,2.2154],[141.4667,76.1208,20.4015],[141.4771,76.1208,18.1801],[141.5021,76.1104,16.0199],[141.512,76.1099,6.1728],[141.5099,76.1068,10.9465],[141.5026,76.1036,16.4121],[141.5005,76.1005,0.0],[141.5141,76.0953,0.3222],[141.5109,76.0922,0.0],[141.5224,76.0891,0.0],[141.5193,76.0859,0.0],[141.5224,76.0839,0.0],[141.5188,76.0813,0.0],[141.5104,76.0813,0.0],[141.5089,76.0797,0.0],[141.5208,76.075,0.0],[141.5333,76.075,0.0],[141.5391,76.0776,0.0],[141.5339,76.0807,0.0],[141.5396,76.0833,0.0],[141.5437,76.0833,0.0],[141.562,76.0766,0.0],[141.5604,76.075,0.0],[141.5505,76.0745,0.0],[141.5464,76.0724,0.0],[141.5443,76.0693,0.0],[141.5729,76.0687,0.2482],[141.5849,76.0641,0.5107],[141.5833,76.0625,0.5131],[141.575,76.0625,0.2418],[141.5708,76.0604,1.1753],[141.5667,76.0604,0.905],[141.5625,76.0625,0.2997],[141.5479,76.0625,0.0],[141.5464,76.0609,0.0],[141.562,76.0547,0.6212],[141.5562,76.0542,0.0],[141.5458,76.0583,0.0],[141.5417,76.0583,0.0],[141.5359,76.0557,0.0],[141.5339,76.0526,0.0],[141.5396,76.0521,0.0],[141.5437,76.0542,0.0],[141.5479,76.0542,0.0],[141.5521,76.0521,0.0],[141.5625,76.0521,0.3738],[141.5641,76.0505,0.6613],[141.5542,76.05,0.0],[141.5526,76.0484,0.0],[141.5641,76.0474,0.0],[141.563,76.0443,0.0],[141.5724,76.0411,0.0],[141.5672,76.0359,0.0],[141.5755,76.0318,0.0],[141.5833,76.0292,0.0],[141.6021,76.0292,0.6518],[141.6062,76.0271,0.0],[141.6146,76.0271,0.2605],[141.6224,76.0245,0.2445],[141.6193,76.0224,0.0],[141.6208,76.0208,0.0],[141.6313,76.0208,0.0],[141.6354,76.0188,0.0],[141.6438,76.0188,0.18],[141.6542,76.0146,0.0],[141.6771,76.0125,0.7264],[141.6787,76.0109,0.4287],[141.6687,76.0104,0.1377],[141.6672,76.0089,0.0],[141.6875,76.0083,0.8024],[141.6891,76.0068,0.0891],[141.6792,76.0062,0.3339],[141.6776,76.0047,-0.0192],[141.6979,76.0042,0.2999],[141.6995,76.0026,0.2902],[141.6974,76.0005,0.2448],[141.6875,76.0,0.3042],[141.6859,75.9984,0.1984],[141.7042,75.9979,0.1976],[141.7057,75.9964,0.0468],[141.7021,75.9938,0.3446],[141.6542,75.9938,0.2091],[141.65,75.9958,0.403],[141.6313,75.9958,0.47],[141.6229,76.0,0.2616],[141.6042,76.0,0.3301],[141.5984,76.0026,0.3803],[141.6,76.0042,0.3241],[141.6162,76.0047,0.3411],[141.6146,76.0062,0.0],[141.6062,76.0062,0.2105],[141.6021,76.0083,0.4529],[141.5818,76.0089,0.2217],[141.5833,76.0104,0.1332],[141.6016,76.0109,0.0],[141.6,76.0125,0.0],[141.5813,76.0125,0.151],[141.5729,76.0167,0.2349],[141.5625,76.0167,0.3085],[141.5583,76.0188,0.2886],[141.5396,76.0188,0.3327],[141.5354,76.0208,0.377],[141.5229,76.0208,0.2946],[141.5188,76.0188,0.2641],[141.5146,76.0188,0.411],[141.5104,76.0208,0.2185],[141.4917,76.0208,0.3052],[141.4875,76.0229,0.2454],[141.475,76.0229,0.2525],[141.4708,76.0208,0.2147],[141.4479,76.0208,0.0895],[141.4333,76.0271,0.4677],[141.4083,76.0271,0.3291],[141.3979,76.0313,0.0532],[141.3854,76.0292,0.2798],[141.3813,76.0313,0.2224],[141.3458,76.0313,0.1036],[141.3354,76.0354,0.1117],[141.325,76.0354,0.1852],[141.3234,76.037,0.2485],[141.3349,76.038,0.2053],[141.3391,76.0411,0.08],[141.3338,76.0432,0.0613],[141.3438,76.0437,0.1053],[141.3479,76.0458,0.1879],[141.3646,76.0458,-0.0014],[141.3687,76.0479,0.179],[141.3938,76.0479,0.0672],[141.3979,76.05,-0.1947],[141.4063,76.05,-0.0723],[141.4104,76.0521,-0.1072],[141.4271,76.0521,-0.0562],[141.4287,76.0537,0.1472],[141.4083,76.0542,0.0677],[141.4068,76.0557,0.0789],[141.4125,76.0583,-0.0851],[141.425,76.0563,0.1787],[141.4333,76.0604,0.387],[141.45,76.0604,0.0314],[141.4516,76.062,0.1585],[141.4396,76.0667,0.1885],[141.4333,76.0667,0.0784],[141.4292,76.0646,0.2213],[141.3208,76.0646,0.3044],[141.3089,76.0693,0.017],[141.3047,76.0724,0.1281],[141.3229,76.0729,0.1632],[141.3245,76.0745,0.2382],[141.3125,76.075,0.4668],[141.3042,76.0792,0.0496],[141.2839,76.0797,0.2953],[141.2854,76.0813,0.2648],[141.2953,76.0818,0.2749],[141.2901,76.0849,0.2786],[141.3016,76.0859,0.2274],[141.3,76.0875,0.214],[141.288,76.088,0.0946],[141.2912,76.0901,0.2908],[141.2896,76.0917,0.0],[141.2771,76.0917,0.3326],[141.2729,76.0896,0.4845],[141.2667,76.0896,0.2241],[141.2583,76.0938,0.1847],[141.2396,76.0938,0.6641],[141.2354,76.0958,0.3272],[141.2312,76.0958,0.3822],[141.2297,76.0943,0.1299],[141.2328,76.0922,0.3463],[141.2312,76.0917,0.4371],[141.2188,76.0938,0.1053],[141.2146,76.0917,0.4707],[141.2063,76.0917,0.5416],[141.2021,76.0896,0.3641],[141.1854,76.0896,0.0829],[141.1818,76.0859,-0.1124],[141.1875,76.0854,0.2276],[141.1917,76.0875,0.1991],[141.2057,76.087,0.2617],[141.2042,76.0854,0.3774],[141.1943,76.0849,0.2147],[141.188,76.0797,0.1873],[141.2125,76.0813,0.4452],[141.2141,76.0797,0.409],[141.2026,76.0787,0.4244],[141.1984,76.0755,0.2011],[141.2036,76.0734,0.1551],[141.1922,76.0724,-0.091],[141.1953,76.0703,0.0572],[141.1932,76.0672,-0.0002],[141.1797,76.0599,0.0],[141.1849,76.0568,0.068],[141.175,76.0563,0.0],[141.1708,76.0542,0.0579],[141.1583,76.0563,0.0],[141.15,76.0521,0.0],[141.1417,76.0521,0.0],[141.1375,76.05,0.0],[141.1208,76.05,0.0],[141.1146,76.0458,-0.2161],[141.0979,76.0458,0.0],[141.0938,76.0437,-0.0912],[141.0688,76.0437,-0.3364],[141.0646,76.0417,0.2832],[141.0562,76.0417,0.0803],[141.0505,76.0391,0.0676],[141.0557,76.037,0.5494],[141.0542,76.0354,0.0977],[141.0359,76.0349,0.4321],[141.0412,76.0328,0.8295],[141.0396,76.0313,0.4717],[141.0333,76.0313,0.5101],[141.0292,76.0333,0.3838],[141.0167,76.0333,0.4993],[141.0036,76.0255,0.4467],[140.9958,76.025,0.2884],[140.9901,76.0224,0.2366],[140.9995,76.0172,0.6694],[140.988,76.0162,0.2334],[140.9818,76.0109,0.0199],[140.9937,76.0104,0.2887],[140.9953,76.0089,0.391],[140.9755,76.0078,0.0],[140.9771,76.0062,0.2059],[140.9891,76.0057,0.3702],[140.9818,76.0016,0.2533],[140.987,75.9995,0.4434],[140.9818,75.9953,0.3728],[140.9849,75.9922,0.5541],[140.9812,75.9896,0.658],[140.9714,75.9891,0.2916],[140.9588,75.9807,0.1339],[140.962,75.9776,0.3333],[140.9588,75.9755,0.3657],[140.9703,75.9714,0.6406],[140.9588,75.9703,0.3694],[140.962,75.9672,0.3159],[140.9542,75.9667,0.1611],[140.9443,75.962,0.0],[140.9458,75.9604,0.0],[140.9578,75.9599,0.2813],[140.9526,75.9557,0.131],[140.9557,75.9526,0.5532],[140.9464,75.9516,0.37],[140.9495,75.9484,0.2811],[140.938,75.9411,0.2532],[140.9411,75.9391,0.2415],[140.9401,75.9359,0.3032],[140.9432,75.9349,0.433],[140.9411,75.9318,0.3806],[140.9312,75.9313,0.0],[140.9234,75.9266,0.0],[140.925,75.925,0.0],[140.9354,75.925,0.3975],[140.9411,75.9213,0.5518],[140.9229,75.9208,0.0],[140.9193,75.9182,0.0],[140.925,75.9146,0.1352],[140.9453,75.9141,0.6823],[140.9438,75.9125,0.6349],[140.9255,75.912,0.2642],[140.9307,75.9099,0.3071],[140.9276,75.9068,0.3119],[140.9328,75.9047,0.5455],[140.9214,75.9036,0.3412],[140.9245,75.9005,0.1795],[140.9193,75.8964,0.0],[140.9287,75.8932,0.2956],[140.9234,75.888,0.2071],[140.9312,75.8854,0.2244],[140.9479,75.8854,0.5316],[140.9583,75.8812,0.7569],[140.9682,75.8807,0.8251],[140.9672,75.8776,0.8239],[140.9688,75.8771,0.851],[140.9807,75.8766,0.4964],[140.9792,75.875,0.8395],[140.9526,75.8745,0.3998],[140.9542,75.8729,0.1281],[140.9708,75.8729,0.6175],[140.9787,75.8703,0.5922],[140.9771,75.8688,0.6162],[140.9729,75.8688,0.5372],[140.9688,75.8708,0.4199],[140.9646,75.8708,0.2051],[140.9588,75.8672,0.2405],[140.9682,75.8641,0.3115],[140.9672,75.8609,0.3786],[140.9703,75.8588,0.2966],[140.9672,75.8568,0.2534],[140.9787,75.8526,0.2971],[140.9672,75.8516,0.2939],[140.9703,75.8495,0.4322],[140.9688,75.8479,0.4267],[140.9526,75.8474,0.0],[140.9542,75.8458,0.0],[140.9625,75.8458,0.1459],[140.9703,75.8422,0.5572],[140.9604,75.8417,0.2481],[140.9547,75.8391,0.3373],[140.9661,75.8339,0.8001],[140.9422,75.8307,0.1026],[140.9438,75.8292,0.1229],[140.9542,75.8292,0.4746],[140.9557,75.8276,0.3247],[140.9359,75.8266,0.0],[140.9516,75.8203,0.463],[140.9484,75.8172,0.5366],[140.9536,75.8161,0.3451],[140.9521,75.8146,0.0994],[140.9438,75.8146,0.217],[140.9422,75.813,0.1096],[140.9896,75.8146,0.6965],[140.9937,75.8125,0.7551],[141.0292,75.8125,1.1],[141.0412,75.8078,1.1532],[141.0401,75.8047,1.0168],[141.0432,75.8026,0.993],[141.0333,75.8021,0.7529],[141.0297,75.7984,0.7124],[141.0396,75.7979,0.9095],[141.0412,75.7963,0.994],[141.0151,75.7953,0.5746],[141.0182,75.7932,0.5721],[141.0172,75.7901,0.6685],[141.0229,75.7875,0.6178],[141.0354,75.7875,0.9545],[141.0396,75.7896,1.0782],[141.0437,75.7896,0.7155],[141.0516,75.7859,0.7323],[141.0333,75.7854,0.7444],[141.0297,75.7828,0.9928],[141.0391,75.7776,1.0882],[141.0297,75.7724,0.8547],[141.0328,75.7693,0.7824],[141.0255,75.7641,0.5238],[141.0286,75.7609,0.9628],[141.0234,75.7568,0.8377],[141.0354,75.7562,0.8804],[141.037,75.7547,0.9146],[141.0313,75.7521,1.2481],[141.0213,75.7516,1.0851],[141.013,75.7443,0.7597],[141.0354,75.7458,0.9651],[141.037,75.7443,0.9625],[141.0328,75.7422,1.0938],[141.0234,75.7412,1.0519],[141.0276,75.738,0.9251],[141.0328,75.737,1.1783],[141.0297,75.7338,1.0067],[141.0354,75.7333,1.0161],[141.0396,75.7354,1.0922],[141.0437,75.7354,1.3522],[141.0516,75.7328,1.2605],[141.0484,75.7297,1.0404],[141.062,75.7286,1.1247],[141.0589,75.7266,1.3324],[141.0604,75.725,1.3832],[141.0807,75.7245,1.2783],[141.0792,75.7229,1.3486],[141.0708,75.7229,1.2402],[141.0667,75.7208,1.2641],[141.0583,75.7208,1.3048],[141.0568,75.7193,1.0026],[141.0688,75.7188,1.2572],[141.0745,75.7161,1.042],[141.0734,75.713,0.9405],[141.0766,75.712,1.1331],[141.0755,75.7089,0.9689],[141.0849,75.7057,1.0845],[141.0891,75.7026,1.1871],[141.0813,75.7021,1.2458],[141.0771,75.7,0.9548],[141.0646,75.7021,1.0895],[141.0604,75.7,0.9327],[141.0354,75.7,0.7398],[141.0339,75.6984,0.715],[141.0437,75.6979,0.6956],[141.0453,75.6974,0.6956],[141.0443,75.6943,0.8386],[141.0542,75.6937,0.6381],[141.0583,75.6917,0.7614],[141.0641,75.6922,1.0313],[141.0609,75.6943,0.7407],[141.0625,75.6958,0.9976],[141.0917,75.6958,1.1659],[141.0932,75.6943,1.0995],[141.088,75.6901,0.8579],[141.0938,75.6875,0.5549],[141.1057,75.687,0.9824],[141.1026,75.6839,1.0978],[141.112,75.6807,0.7388],[141.1109,75.6776,0.7199],[141.1307,75.6766,1.0242],[141.1271,75.6729,1.0279],[141.1172,75.6724,0.592],[141.1224,75.6703,0.6515],[141.1208,75.6687,0.4374],[141.1167,75.6687,0.6251],[141.1125,75.6708,0.6062],[141.1,75.6708,0.5772],[141.0958,75.6687,0.539],[141.0609,75.6682,2.4158],[141.0641,75.6661,2.9205],[141.063,75.663,3.1405],[141.0646,75.6625,3.0703],[141.0792,75.6646,2.4218],[141.0833,75.6667,2.7043],[141.0995,75.6661,0.8421],[141.0922,75.662,0.8124],[141.0974,75.6599,0.6918],[141.0958,75.6583,0.9201],[141.075,75.6583,2.6647],[141.0708,75.6604,1.2839],[141.0188,75.6604,1.9702],[141.0146,75.6625,2.3797],[141.0104,75.6625,1.3783],[141.0063,75.6604,2.2076],[140.9896,75.6604,0.5828],[140.988,75.6589,0.4435],[141.0083,75.6583,1.3927],[141.0099,75.6568,0.5491],[141.0068,75.6547,0.3615],[141.0203,75.6536,1.1426],[141.0245,75.6516,0.6218],[141.0234,75.6484,0.3781],[141.025,75.6479,0.4523],[141.0495,75.6453,3.4466],[141.0464,75.6432,0.3009],[141.0479,75.6417,0.2866],[141.0688,75.6417,0.4761],[141.0771,75.6458,0.7065],[141.1125,75.6479,0.4051],[141.1167,75.65,0.4371],[141.125,75.65,0.7371],[141.1292,75.6521,0.5123],[141.137,75.6526,0.4684],[141.1354,75.6542,0.7766],[141.1255,75.6547,0.5591],[141.1266,75.6578,0.3758],[141.1234,75.6589,0.4824],[141.1266,75.6609,0.6484],[141.125,75.6625,0.6617],[141.1208,75.6625,0.5611],[141.1167,75.6604,0.5819],[141.1089,75.6609,0.6768],[141.112,75.663,0.8372],[141.1089,75.6651,0.7684],[141.1104,75.6667,0.9347],[141.125,75.6667,0.6157],[141.1292,75.6687,1.008],[141.1333,75.6687,0.7322],[141.1375,75.6667,0.9398],[141.1417,75.6667,0.7606],[141.1458,75.6687,0.8349],[141.1583,75.6687,1.0453],[141.1625,75.6667,0.9256],[141.1812,75.6667,1.2029],[141.1828,75.6651,1.0149],[141.1563,75.6646,0.9358],[141.1526,75.662,0.7844],[141.1542,75.6604,0.8345],[141.1583,75.6604,0.729],[141.1625,75.6625,0.9298],[141.1682,75.662,0.8915],[141.1724,75.6599,0.9966],[141.1687,75.6563,0.8138],[141.1563,75.6563,1.0057],[141.1458,75.6604,0.6959],[141.1333,75.6604,0.4941],[141.1318,75.6589,0.5944],[141.1396,75.6563,0.37],[141.1479,75.6563,0.5186],[141.1521,75.6542,0.7596],[141.1708,75.6542,0.9088],[141.175,75.6521,0.922],[141.1849,75.6516,1.0182],[141.1828,75.6484,1.0285],[141.175,75.6479,0.9702],[141.1708,75.65,0.8565],[141.1568,75.6495,0.8341],[141.1662,75.6453,0.8865],[141.1646,75.6438,0.8071],[141.1568,75.6432,0.6989],[141.1609,75.6401,1.0868],[141.1662,75.6391,0.646],[141.1646,75.6375,0.7823],[141.1271,75.6375,0.4443],[141.1229,75.6396,0.3142],[141.1187,75.6396,0.226],[141.1172,75.638,0.5211],[141.1203,75.6359,0.5258],[141.1172,75.6339,0.5955],[141.1224,75.6318,0.2767],[141.1146,75.6271,0.3825],[141.1062,75.6271,0.3584],[141.1021,75.625,0.7059],[141.0521,75.625,0.3494],[141.0479,75.6229,0.5291],[141.0401,75.6224,0.3466],[141.0271,75.6146,0.4585],[140.9896,75.6146,0.6283],[140.988,75.6162,0.3665],[140.9912,75.6182,0.5882],[140.9833,75.6208,0.2286],[140.975,75.6208,0.3035],[140.9708,75.6229,0.3145],[140.9583,75.6229,0.3371],[140.9542,75.6208,0.5482],[140.9458,75.6208,0.3893],[140.9396,75.6167,0.4915],[140.9297,75.6162,0.3305],[140.9312,75.6146,0.2385],[140.9411,75.6141,0.2551],[140.9396,75.6125,0.39],[140.925,75.6125,0.3161],[140.9208,75.6104,0.2459],[140.9109,75.6099,0.1465],[140.9089,75.6068,0.1696],[140.912,75.6047,1.1661],[140.9083,75.6021,0.1072],[140.8958,75.6021,0.6214],[140.8839,75.6068,0.5425],[140.8875,75.6104,0.9341],[140.8974,75.6109,0.1874],[140.8958,75.6125,0.2485],[140.8854,75.6125,0.632],[140.8813,75.6146,0.3167],[140.8604,75.6146,0.4871],[140.8562,75.6125,0.7733],[140.8521,75.6125,1.0609],[140.8505,75.6141,0.4684],[140.8537,75.6162,0.4491],[140.8417,75.6208,0.259],[140.7958,75.6208,-0.0202],[140.7917,75.6188,0.1008],[140.7818,75.6182,0.208],[140.787,75.6162,2.406],[140.7854,75.6146,2.1458],[140.7688,75.6146,0.2913],[140.7646,75.6125,0.6455],[140.7521,75.6146,0.3884],[140.7479,75.6125,0.6798],[140.7437,75.6125,0.3254],[140.7396,75.6146,0.2349],[140.7354,75.6146,0.007],[140.7208,75.6062,0.3848],[140.7146,75.6062,0.4138],[140.7104,75.6042,0.6752],[140.6896,75.6042,1.3547],[140.688,75.6057,1.254],[140.6917,75.6083,0.7252],[140.7167,75.6083,0.4448],[140.7182,75.6099,0.6644],[140.7088,75.613,0.5284],[140.7141,75.6182,-0.1153],[140.7005,75.6193,0.4406],[140.7047,75.6224,0.6165],[140.7125,75.6229,0.504],[140.7141,75.6245,0.3599],[140.6859,75.6255,0.5229],[140.688,75.6286,0.4304],[140.6938,75.6292,0.4049],[140.6979,75.6271,0.4481],[140.7021,75.6271,0.2294],[140.7104,75.6312,0.4437],[140.7182,75.6318,0.4103],[140.7151,75.6349,0.654],[140.7271,75.6417,0.7218],[140.7417,75.6417,0.6907],[140.7458,75.6438,1.0232],[140.75,75.6438,0.5099],[140.7542,75.6417,0.7589],[140.775,75.6417,0.8962],[140.7807,75.6443,2.1013],[140.7828,75.6474,1.0084],[140.7771,75.65,0.5606],[140.7667,75.65,0.7775],[140.7651,75.6516,0.8533],[140.7708,75.6542,0.6721],[140.787,75.6547,0.8047],[140.7839,75.6568,1.0739],[140.7854,75.6583,1.159],[140.8021,75.6583,0.0],[140.8037,75.6599,0.0],[140.788,75.6651,2.0957],[140.7912,75.6672,0.0],[140.7896,75.6687,2.1293],[140.7771,75.6687,0.933],[140.7729,75.6667,0.6719],[140.7563,75.6667,0.7306],[140.7521,75.6646,0.7066],[140.7422,75.6641,0.6904],[140.7437,75.6625,0.957],[140.7557,75.662,0.5642],[140.75,75.6583,0.765],[140.7458,75.6583,1.0824],[140.7417,75.6604,0.9434],[140.7234,75.6609,0.661],[140.7287,75.6661,0.58],[140.7208,75.6687,0.7452],[140.7151,75.6682,0.7615],[140.7104,75.6646,0.9024],[140.6964,75.6651,0.7493],[140.6979,75.6667,0.7716],[140.7042,75.6667,0.8081],[140.7099,75.6693,0.8643],[140.7083,75.6708,0.8628],[140.6958,75.6708,0.8585],[140.6917,75.6687,0.8362],[140.6833,75.6687,0.7564],[140.6792,75.6667,0.8931],[140.6714,75.6661,0.9401],[140.6745,75.6641,0.7414],[140.6729,75.6625,0.9483],[140.6604,75.6625,0.9805],[140.6589,75.663,0.8776],[140.6599,75.6661,0.6803],[140.6568,75.6682,0.7899],[140.6787,75.6713,0.8401],[140.6755,75.6745,0.6681],[140.6807,75.6776,0.7321],[140.6828,75.6807,0.6089],[140.6479,75.6813,1.0022],[140.6463,75.6828,0.8918],[140.6516,75.687,0.8754],[140.6271,75.6875,0.6172],[140.6234,75.6849,0.429],[140.6266,75.6828,0.4517],[140.6255,75.6797,0.7694],[140.6391,75.6745,0.7468],[140.638,75.6713,0.7516],[140.6474,75.6672,0.6143],[140.6396,75.6625,0.5801],[140.6297,75.662,0.1828],[140.6234,75.6578,0.0103],[140.6286,75.6557,0.4209],[140.6193,75.6495,0.786],[140.6245,75.6464,0.6561],[140.6146,75.6458,0.4085],[140.6109,75.6422,0.2945],[140.6271,75.6354,0.1954],[140.6396,75.6354,-0.176],[140.6479,75.6396,0.5763],[140.6687,75.6396,0.2658],[140.6729,75.6375,0.8988],[140.6812,75.6375,0.7423],[140.6828,75.6359,0.3876],[140.6776,75.6318,0.0374],[140.6828,75.6297,-0.1219],[140.6589,75.6297,0.7148],[140.6604,75.6312,0.62],[140.6667,75.6312,0.2173],[140.6724,75.6339,0.2324],[140.6646,75.6375,-0.3592],[140.65,75.6354,-0.103],[140.6417,75.6312,0.6466],[140.6208,75.6312,0.1868],[140.5917,75.6438,0.3224],[140.5771,75.6438,0.2931],[140.5755,75.6422,0.1593],[140.5807,75.6401,0.3499],[140.5625,75.6396,0.4332],[140.5537,75.6339,0.1912],[140.5443,75.6328,0.3714],[140.5484,75.6297,0.4967],[140.5537,75.6286,0.3155],[140.5521,75.6271,0.1518],[140.5297,75.6276,1.3793],[140.5313,75.6292,0.8222],[140.5391,75.6297,-0.0002],[140.5333,75.6333,0.4645],[140.5276,75.6328,0.6343],[140.5208,75.6292,0.6852],[140.5151,75.6297,0.1162],[140.5203,75.6339,0.3821],[140.5188,75.6354,0.1772],[140.5042,75.6333,0.3498],[140.5,75.6312,0.0175],[140.4917,75.6312,0.3324],[140.4875,75.6292,0.3402],[140.4583,75.6292,1.6611],[140.4568,75.6307,1.7653],[140.4599,75.6328,0.371],[140.4495,75.637,0.2787],[140.4375,75.6375,5.4753],[140.4359,75.638,2.8838],[140.437,75.6412,0.4946],[140.4271,75.6417,0.4749],[140.4193,75.6443,0.6816],[140.4297,75.6516,0.2483],[140.4375,75.6521,0.2198],[140.4432,75.6547,0.1668],[140.438,75.6578,0.388],[140.4479,75.6583,0.3081],[140.4557,75.663,0.3944],[140.4516,75.6661,0.4835],[140.4464,75.6672,0.7354],[140.4474,75.6703,0.7716],[140.4443,75.6713,0.4655],[140.4453,75.6745,0.7704],[140.4396,75.675,0.5019],[140.425,75.6708,0.4569],[140.4167,75.6708,0.51],[140.4078,75.6651,0.4866],[140.4005,75.6651,0.3073],[140.4036,75.6682,0.2825],[140.3984,75.6703,0.5921],[140.4016,75.6713,0.5835],[140.4036,75.6745,0.7335],[140.4005,75.6766,0.524],[140.4167,75.6771,0.4812],[140.4287,75.6839,0.3475],[140.4271,75.6854,0.383],[140.4167,75.6854,0.807],[140.4047,75.6901,0.6785],[140.4063,75.6917,0.6171],[140.4146,75.6917,0.6573],[140.4162,75.6932,0.4747],[140.4042,75.6937,0.6346],[140.4026,75.6953,0.4973],[140.4167,75.7042,0.7717],[140.4292,75.7021,0.6962],[140.4333,75.7042,0.7329],[140.4432,75.7047,1.0332],[140.4354,75.7083,0.2651],[140.4255,75.7089,0.3978],[140.4339,75.7161,0.6535],[140.4453,75.7172,0.2304],[140.4401,75.7203,0.2996],[140.4682,75.7214,0.4676],[140.4667,75.7229,0.6159],[140.4583,75.7229,0.3096],[140.4542,75.725,0.7103],[140.4438,75.725,0.6579],[140.4422,75.7266,0.6109],[140.4453,75.7286,0.567],[140.4333,75.7292,0.7025],[140.4318,75.7307,0.4344],[140.4583,75.7312,0.412],[140.4599,75.7328,0.4687],[140.4547,75.7349,0.7555],[140.4766,75.738,0.2985],[140.475,75.7396,0.6658],[140.4667,75.7396,0.3321],[140.4458,75.7479,0.5945],[140.4187,75.7479,0.7998],[140.4172,75.7495,0.401],[140.4229,75.7521,0.7364],[140.4354,75.7521,0.2856],[140.4396,75.75,0.1791],[140.4688,75.75,0.4296],[140.4703,75.7516,0.3888],[140.4604,75.7521,0.692],[140.4588,75.7536,0.2663],[140.4625,75.7562,0.8015],[140.4875,75.7562,0.3959],[140.4891,75.7578,0.3666],[140.4839,75.7599,0.6176],[140.4937,75.7604,0.221],[140.4979,75.7625,0.5322],[140.5161,75.763,0.4744],[140.5042,75.7688,0.4324],[140.4922,75.7693,0.8736],[140.4932,75.7724,0.6694],[140.4901,75.7745,1.0581],[140.4953,75.7786,0.7876],[140.4797,75.7776,0.8314],[140.487,75.7849,0.0],[140.4771,75.7854,0.0],[140.4667,75.7896,0.0],[140.4583,75.7896,1.3865],[140.4479,75.7937,0.0],[140.4292,75.7937,12.2877],[140.4208,75.7979,0.0],[140.4167,75.7979,0.0],[140.4125,75.7958,11.2216],[140.4,75.7958,11.4884],[140.3958,75.7979,0.0],[140.3521,75.7979,7.4114],[140.3479,75.8,0.0],[140.3375,75.8,0.0],[140.3333,75.8021,0.0],[140.3146,75.8021,6.7008],[140.3104,75.8042,0.0],[140.2813,75.8042,0.0],[140.2771,75.8021,9.0684],[140.2729,75.8021,7.7866],[140.2688,75.8042,0.0],[140.2646,75.8042,0.0],[140.2604,75.8021,0.0],[140.2521,75.8021,0.0],[140.2479,75.8,12.172],[140.225,75.8,7.7179],[140.2208,75.7979,3.0362],[140.2125,75.7979,4.7372],[140.2109,75.7963,1.8013],[140.2161,75.7953,0.3109],[140.213,75.7922,0.433],[140.2182,75.7901,0.5531],[140.212,75.7859,1.0059],[140.1896,75.7833,0.3386],[140.1833,75.7792,0.7215],[140.1667,75.7792,0.4618],[140.1625,75.7771,0.4717],[140.1417,75.7771,0.4901],[140.1401,75.7786,0.5103],[140.1458,75.7813,0.5885],[140.1604,75.7813,1.0053],[140.1693,75.787,0.4188],[140.1807,75.788,0.5844],[140.187,75.7932,0.4275],[140.1734,75.7943,0.914],[140.1693,75.7963,0.7625],[140.1703,75.7995,0.2828],[140.1583,75.8042,0.0],[140.1479,75.8042,1.761],[140.1438,75.8063,0.0],[140.1271,75.8063,7.531],[140.1,75.8167,0.0],[140.0771,75.8187,2.8018],[140.0755,75.8203,3.1943],[140.0786,75.8214,0.0],[140.0771,75.8229,0.0],[140.0542,75.8229,0.5767],[140.05,75.8208,3.1705],[140.0188,75.8208,0.6732],[140.0146,75.8187,2.749],[139.975,75.8187,0.3816],[139.9734,75.8203,0.8899],[139.9833,75.8208,0.4706],[139.9875,75.8229,0.2656],[140.0208,75.8229,0.6963],[140.025,75.825,0.7231],[140.0328,75.8255,0.7034],[140.037,75.8287,0.0],[140.025,75.8292,5.4612],[140.0208,75.8313,0.0],[140.0021,75.8313,4.323],[139.9979,75.8333,0.0],[139.9896,75.8333,9.8427],[139.9688,75.8417,0.0],[139.95,75.8417,9.1065],[139.9484,75.8432,6.5258],[139.9667,75.8438,0.0],[139.9682,75.8453,0.0],[139.9547,75.8464,0.0],[139.9599,75.8505,0.0],[139.9557,75.8536,0.0],[139.9479,75.8562,0.0],[139.9359,75.8568,8.9836],[139.9375,75.8583,0.0],[139.9474,75.8588,0.0],[139.9458,75.8604,0.0],[139.9354,75.8604,0.0],[139.9208,75.8667,0.0],[139.888,75.8693,0.0],[139.8896,75.8708,0.0],[139.8974,75.8714,0.0],[139.8917,75.875,0.0],[139.8755,75.8745,0.0],[139.8807,75.8724,0.0],[139.8792,75.8708,0.0],[139.85,75.8708,0.0],[139.8458,75.8729,0.0],[139.8354,75.8729,0.6269],[139.8276,75.8755,7.9846],[139.8292,75.8771,6.2407],[139.8391,75.8776,0.0],[139.8338,75.8797,0.0],[139.837,75.8828,0.0],[139.8276,75.8859,8.244],[139.8286,75.8891,7.0988],[139.8255,75.8901,8.7253],[139.8307,75.8953,1.0132],[139.8255,75.8974,6.6368],[139.8318,75.9016,6.8727],[139.8417,75.9021,0.0],[139.8479,75.9063,1.1221],[139.8562,75.9063,0.0],[139.8667,75.9125,0.0],[139.8813,75.9125,0.0],[139.8854,75.9146,3.8157],[139.9104,75.9146,0.0],[139.9146,75.9167,0.0],[139.9312,75.9167,0.0],[139.9354,75.9187,2.0107],[139.9438,75.9187,0.0],[139.9453,75.9203,0.0],[139.9401,75.9224,0.7729],[139.9583,75.9229,0.0],[139.9661,75.9276,0.6716],[139.9505,75.9339,2.587],[139.9536,75.937,0.4071],[139.9484,75.938,0.5119],[139.9495,75.9411,0.5373],[139.9464,75.9422,0.458],[139.9474,75.9453,0.4869],[139.9443,75.9464,0.64],[139.9453,75.9495,0.2327],[139.925,75.95,3.6055],[139.9208,75.9521,0.3535],[139.9167,75.9521,0.0292],[139.9125,75.95,6.0073],[139.9083,75.95,7.8669],[139.9042,75.9521,0.8689],[139.8667,75.9521,0.1479],[139.8625,75.95,0.7192],[139.8313,75.95,1.0264],[139.8297,75.9516,0.9715],[139.8328,75.9537,0.5383],[139.8276,75.9547,1.29],[139.8307,75.9578,0.4694],[139.8188,75.9583,0.8941],[139.8172,75.9599,0.4007],[139.8255,75.9661,0.4956],[139.8354,75.9667,1.2143],[139.837,75.9682,0.0],[139.825,75.9688,0.0],[139.8208,75.9708,0.0],[139.7937,75.9708,3.8627],[139.7854,75.975,0.0],[139.7708,75.975,0.0],[139.7667,75.9729,6.4788],[139.7292,75.9729,3.5933],[139.725,75.975,0.0],[139.7063,75.975,15.8505],[139.7021,75.9771,0.0],[139.6833,75.9771,2.0689],[139.6792,75.9792,0.0],[139.6604,75.9792,0.3944],[139.6563,75.9812,0.0],[139.6438,75.9792,3.5901],[139.6396,75.9812,0.0],[139.6354,75.9812,2.2794],[139.6271,75.9771,7.092],[139.6229,75.9771,8.3735],[139.6187,75.9792,0.1517],[139.6,75.9792,8.4162],[139.5984,75.9807,5.1585],[139.6016,75.9828,5.1301],[139.5964,75.9838,8.9747],[139.5995,75.987,0.0],[139.5875,75.9875,6.0832],[139.5771,75.9917,0.0],[139.5688,75.9917,3.6806],[139.5672,75.9932,0.0],[139.575,75.9938,0.0],[139.5766,75.9953,0.0],[139.5646,75.9958,0.0],[139.5526,76.0005,0.7853],[139.5557,76.0036,0.0],[139.5505,76.0057,0.0],[139.5537,76.0068,0.0],[139.5557,76.0099,0.0],[139.5464,76.013,0.5131],[139.5474,76.0162,0.0],[139.5359,76.0172,0.8212],[139.5412,76.0224,0.0],[139.525,76.0229,0.5465],[139.5213,76.0203,0.3128],[139.5245,76.0172,0.4479],[139.5188,76.0167,0.9401],[139.5146,76.0188,0.9285],[139.5042,76.0188,5.6235],[139.4958,76.0229,0.6394],[139.4708,76.025,6.4611],[139.4693,76.0266,6.6609],[139.4724,76.0286,0.1442],[139.4646,76.0313,12.3287],[139.4542,76.0313,52.2765],[139.45,76.0333,61.0136],[139.4401,76.0339,83.445],[139.4422,76.037,74.7801],[139.4516,76.0432,0.0],[139.4401,76.0463,6.1539],[139.4333,76.05,0.0],[139.4214,76.0505,3.3863],[139.4224,76.0537,0.0],[139.4208,76.0542,0.0],[139.4021,76.0542,7.6306],[139.3979,76.0563,0.0],[139.3896,76.0563,0.0],[139.3854,76.0583,0.0],[139.3708,76.0563,9.6303],[139.3625,76.0604,0.0],[139.3479,76.0583,7.1613],[139.3438,76.0604,0.0],[139.3083,76.0604,1.7813],[139.2979,76.0646,0.0],[139.2396,76.0667,0.0],[139.238,76.0682,0.0],[139.2412,76.0703,0.7177],[139.2396,76.0708,0.0],[139.2208,76.0708,1.3692],[139.2068,76.0755,4.1897],[139.2099,76.0787,0.0],[139.1979,76.0792,4.5097],[139.1964,76.0797,3.6578],[139.1974,76.0828,0.0],[139.1859,76.0839,1.0399],[139.187,76.087,0.0],[139.1734,76.088,0.9932],[139.1693,76.0901,1.7476],[139.1703,76.0932,0.0],[139.1651,76.0943,1.2225],[139.1682,76.0974,0.0],[139.1547,76.0984,3.2378],[139.1578,76.1016,0.0],[139.1443,76.1026,5.4855],[139.1453,76.1057,0.0],[139.1411,76.1078,0.0],[139.1208,76.1083,3.9284],[139.1167,76.1104,0.4276],[139.1047,76.1109,0.6198],[139.1068,76.1141,4.5723],[139.1099,76.1151,5.5166],[139.1047,76.1172,1.3847],[139.1078,76.1203,0.0],[139.0938,76.125,0.0],[139.075,76.125,7.8302],[139.0708,76.1271,0.0],[139.0505,76.1276,2.1426],[139.0537,76.1307,0.0],[139.0484,76.1318,0.0],[139.0505,76.1349,2.4363],[139.0604,76.1354,0.0],[139.0661,76.1391,1.069],[139.0547,76.1422,6.0168],[139.0578,76.1453,1.4695],[139.0526,76.1474,1.65],[139.0578,76.1516,0.0],[139.0443,76.1526,2.2885],[139.0495,76.1578,0.0],[139.0443,76.1589,0.0],[139.0401,76.162,0.0],[139.0479,76.1667,0.0],[139.0646,76.1667,0.0],[139.0661,76.1682,0.0],[139.0354,76.1687,1.0491],[139.0339,76.1703,4.6989],[139.037,76.1713,0.0],[139.0391,76.1745,0.0],[139.0271,76.175,7.1436],[139.0255,76.1766,6.3668],[139.0354,76.1771,0.0],[139.037,76.1787,0.0],[139.0318,76.1807,0.0],[139.0432,76.1818,0.0],[139.0339,76.1859,1.1722],[139.0359,76.1891,0.7869],[139.0599,76.1922,0.0],[139.0547,76.1943,0.0],[139.0583,76.1979,0.3657],[139.0625,76.1979,0.4071],[139.0667,76.1958,0.0]]],
[[[139.8891,74.9526,0.0],[139.8875,74.9542,0.0],[139.8818,74.9537,0.4926],[139.8833,74.9521,0.5363],[139.8891,74.9526,0.0]]],
[[[140.8224,75.6609,0.0],[140.8208,75.6625,0.0],[140.8151,75.662,0.0],[140.8167,75.6604,0.0],[140.8224,75.6609,0.0]]],
[[[140.7354,75.675,0.3771],[140.7271,75.675,0.6681],[140.7255,75.6734,0.5169],[140.7412,75.6734,0.6996],[140.7396,75.675,0.5615],[140.7354,75.675,0.3771]]],
[[[140.6979,75.675,0.7815],[140.7021,75.6729,0.9753],[140.7063,75.6729,0.9587],[140.7104,75.675,0.6235],[140.7167,75.675,0.9083],[140.7182,75.6766,0.8741],[140.6943,75.6766,0.9951],[140.6979,75.675,0.7815]]],
[[[141.0141,75.638,0.3024],[141.0125,75.6396,0.3207],[141.0068,75.6391,0.2451],[141.0083,75.6375,0.0],[141.0141,75.638,0.3024]]],
[[[141.0266,75.6401,0.4487],[141.025,75.6417,0.3021],[141.0193,75.6412,0.3989],[141.0208,75.6396,0.4425],[141.0266,75.6401,0.4487]]],
[[[141.0474,75.6651,1.7116],[141.0396,75.6646,2.3539],[141.038,75.663,2.4393],[141.0521,75.6625,3.1298],[141.0557,75.6661,2.8911],[141.05,75.6667,1.3177],[141.0474,75.6651,1.7116]]],
[[[141.0328,75.6713,0.5661],[141.0313,75.6729,0.5767],[141.0208,75.6729,1.2597],[141.0167,75.675,0.4453],[140.9776,75.6745,0.4023],[140.9828,75.6724,0.6159],[140.9797,75.6693,0.3426],[140.9849,75.6682,0.8334],[140.9818,75.6661,0.4571],[140.9833,75.6646,0.3817],[141.0042,75.6646,1.7496],[141.0125,75.6687,0.8547],[141.0271,75.6687,1.6824],[141.0328,75.6713,0.5661]]],
[[[140.4578,75.687,0.4082],[140.45,75.6875,0.5118],[140.4484,75.6859,0.352],[140.4563,75.6854,0.3211],[140.4578,75.687,0.4082]]],
[[[140.4359,75.688,0.2707],[140.4417,75.6875,0.4862],[140.4432,75.6891,0.358],[140.4354,75.6917,0.5818],[140.4297,75.6911,0.5218],[140.4359,75.688,0.2707]]],
[[[140.6208,75.7042,0.0],[140.6062,75.7042,4.6952],[140.6021,75.7063,0.0],[140.5979,75.7063,0.0],[140.5938,75.7042,6.7711],[140.5771,75.7042,1.094],[140.5734,75.7016,0.5137],[140.5766,75.6984,0.398],[140.5714,75.6943,0.841],[140.5792,75.6917,0.7163],[140.5875,75.6917,0.732],[140.5891,75.6911,0.532],[140.588,75.688,-0.0059],[140.5979,75.6875,1.001],[140.6021,75.6854,0.347],[140.6307,75.6901,0.6379],[140.6276,75.6932,0.8513],[140.6307,75.6953,0.7957],[140.6172,75.6964,0.7874],[140.6182,75.6995,0.7871],[140.6151,75.7016,0.8022],[140.6266,75.7026,0.0],[140.625,75.7042,0.0],[140.6208,75.7042,0.0]]],
[[[140.4245,75.6984,0.6195],[140.4229,75.7,0.4879],[140.4172,75.6995,0.8382],[140.4187,75.6979,0.4883],[140.4245,75.6984,0.6195]]],
[[[139.8255,74.9526,0.3852],[139.8328,74.9526,0.3466],[139.8411,74.9599,0.6384],[139.8125,74.9604,0.8372],[139.8068,74.9578,0.3679],[139.8146,74.9542,0.353],[139.8229,74.9542,0.5729],[139.8255,74.9526,0.3852]]],
[[[137.7599,74.9568,0.0],[137.7583,74.9583,0.0],[137.7526,74.9578,0.0],[137.7542,74.9563,0.0],[137.7599,74.9568,0.0]]],
[[[139.8062,74.9646,0.387],[139.7958,74.9646,0.3681],[139.7875,74.9688,0.2189],[139.775,74.9688,0.6806],[139.7734,74.9672,0.7156],[139.7786,74.9651,0.0493],[139.7729,74.9625,0.3421],[139.7651,74.962,0.7456],[139.7589,74.9568,0.5575],[139.7729,74.9563,0.4346],[139.7745,74.9578,0.5635],[139.7713,74.9599,0.2711],[139.7729,74.9604,0.2711],[139.7792,74.9604,0.2128],[139.7833,74.9625,0.2793],[139.8078,74.963,0.5098],[139.8062,74.9646,0.387]]],
[[[139.7599,74.9641,0.384],[139.7542,74.9646,0.3915],[139.7526,74.963,0.1074],[139.7583,74.9625,0.3288],[139.7599,74.9641,0.384]]],
[[[137.2328,75.3297,0.0],[137.2312,75.3313,0.0],[137.2255,75.3307,0.0],[137.2271,75.3292,0.0],[137.2328,75.3297,0.0]]],
[[[137.1667,75.3583,0.0],[137.1609,75.3578,0.0],[137.1589,75.3547,0.0],[137.1662,75.3547,0.0],[137.1682,75.3568,0.0],[137.1667,75.3583,0.0]]],
[[[135.662,75.3588,0.0],[135.6604,75.3604,0.0],[135.6547,75.3599,0.0],[135.6563,75.3583,0.0],[135.662,75.3588,0.0]]],
[[[135.6828,75.363,0.0],[135.6812,75.3646,0.6261],[135.6776,75.3641,0.0],[135.6792,75.3625,0.0],[135.6828,75.363,0.0]]],
[[[139.7625,74.9667,0.5491],[139.7682,74.9703,0.2825],[139.7604,74.9729,0.2224],[139.75,74.9729,0.2631],[139.7458,74.9708,0.2989],[139.7229,74.9708,0.2801],[139.7172,74.9682,0.2852],[139.7188,74.9667,0.5411],[139.7312,74.9688,0.4074],[139.7354,74.9667,0.0],[139.7479,74.9667,0.5236],[139.7542,74.9688,0.4345],[139.7583,74.9667,0.293],[139.7625,74.9667,0.5491]]],
[[[137.6682,74.9734,0.0],[137.6667,74.975,0.0],[137.6609,74.9745,0.0],[137.6625,74.9729,0.0],[137.6682,74.9734,0.0]]],
[[[137.6729,74.9958,1.4157],[137.6646,74.9958,0.0],[137.663,74.9943,0.0],[137.6787,74.9943,0.0],[137.6771,74.9958,0.0],[137.6729,74.9958,1.4157]]],
[[[137.7036,75.763,0.0],[137.7021,75.7646,0.0],[137.6964,75.7641,0.0],[137.6979,75.7625,0.0],[137.7036,75.763,0.0]]],
[[[137.1349,75.3693,0.7036],[137.1333,75.3708,0.8887],[137.1276,75.3703,0.9263],[137.1292,75.3688,0.9922],[137.1349,75.3693,0.7036]]],
[[[136.0354,75.4375,0.7613],[136.0297,75.4318,0.0],[136.0354,75.4313,0.0],[136.0401,75.4349,0.0],[136.0495,75.4359,0.0],[136.0464,75.438,0.0],[136.0474,75.4411,1.0183],[136.0458,75.4417,0.2539],[136.0401,75.4411,0.3739],[136.0354,75.4375,0.7613]]],
[[[136.0161,75.4422,0.144],[136.0146,75.4437,0.437],[136.0089,75.4432,0.1784],[136.0104,75.4417,0.3191],[136.0161,75.4422,0.144]]],
[[[137.2287,75.4443,0.0],[137.2271,75.4458,0.0],[137.2214,75.4453,0.0],[137.2229,75.4437,0.0],[137.2287,75.4443,0.0]]],
[[[136.0292,75.4458,1.2021],[136.0208,75.4458,0.8329],[136.0193,75.4443,0.6194],[136.0417,75.4437,0.4001],[136.0453,75.4474,0.0],[136.0396,75.4479,0.0],[136.0354,75.4458,1.2743],[136.0292,75.4458,1.2021]]],
[[[136.0182,75.4516,0.0],[136.0125,75.4521,0.0],[136.0109,75.4505,0.0],[136.0167,75.45,0.0],[136.0182,75.4516,0.0]]],
[[[137.2391,75.5047,0.0],[137.2375,75.5062,0.0],[137.2318,75.5057,0.0],[137.2333,75.5042,0.0],[137.2391,75.5047,0.0]]],
[[[137.2287,75.5089,0.0],[137.2271,75.5104,0.0],[137.2214,75.5099,0.0],[137.2229,75.5083,0.0],[137.2287,75.5089,0.0]]],
[[[137.1625,75.5333,0.5688],[137.1589,75.5328,0.0],[137.1547,75.5297,0.0],[137.1604,75.5292,0.0],[137.1662,75.5318,0.7621],[137.1625,75.5333,0.5688]]],
[[[137.2307,75.563,0.0],[137.2292,75.5646,0.0],[137.2234,75.5641,0.0],[137.225,75.5625,0.0],[137.2307,75.563,0.0]]],
[[[137.037,75.588,0.0],[137.0391,75.5911,0.0],[137.0271,75.5938,0.7725],[137.0255,75.5922,0.0],[137.0307,75.5901,0.0],[137.0167,75.5896,1.735],[137.0125,75.5917,7.2782],[137.0083,75.5917,12.1485],[137.0042,75.5896,22.0707],[136.9964,75.5891,16.171],[136.9922,75.587,17.4743],[136.9901,75.5839,0.0],[136.9953,75.5828,20.1094],[136.9943,75.5797,0.0],[136.9984,75.5776,0.0],[137.0203,75.5703,0.0],[137.0193,75.5672,0.0],[137.0313,75.5667,23.9913],[137.0328,75.5661,13.4605],[137.0318,75.563,0.0],[137.0359,75.5609,0.0],[137.0479,75.5604,0.0],[137.0979,75.5417,0.0],[137.1083,75.5417,0.0],[137.1125,75.5396,0.0],[137.1208,75.5396,0.0],[137.1313,75.5354,0.0],[137.1354,75.5354,0.0],[137.1443,75.5411,3.8463],[137.1536,75.5422,0.0],[137.1484,75.5453,14.6271],[137.1542,75.5479,2.3336],[137.162,75.5484,0.0],[137.1641,75.5505,0.0],[137.1625,75.5521,0.0],[137.1521,75.5521,9.1634],[137.1401,75.5568,9.0572],[137.1411,75.5599,0.0],[137.1396,75.5604,0.0],[137.1193,75.5609,5.0133],[137.1141,75.5641,4.712],[137.0797,75.5755,2.4823],[137.0807,75.5787,0.0],[137.0792,75.5792,0.0],[137.075,75.5792,0.0],[137.0708,75.5771,7.8057],[137.0651,75.5776,17.9772],[137.0708,75.5813,0.0],[137.0786,75.5818,0.0],[137.0807,75.5839,0.0],[137.0792,75.5854,0.0],[137.05,75.5833,0.0],[137.0458,75.5854,0.0],[137.0339,75.5859,0.0],[137.037,75.588,0.0]]],
[[[136.1391,75.5859,0.0],[136.1375,75.5875,0.0],[136.1318,75.587,0.0],[136.1333,75.5854,0.0],[136.1391,75.5859,0.0]]],
[[[137.0547,75.588,0.0],[137.0604,75.5875,0.0],[137.062,75.5891,0.0],[137.0542,75.5917,0.0],[137.0484,75.5911,0.0],[137.0547,75.588,0.0]]],
[[[136.1474,75.5943,0.3564],[136.1458,75.5958,0.0679],[136.1401,75.5953,0.0052],[136.1417,75.5938,0.0599],[136.1474,75.5943,0.3564]]],
[[[136.15,75.5979,0.1917],[136.1542,75.5958,0.4242],[136.1583,75.5958,0.3869],[136.1625,75.5979,0.1244],[136.1771,75.5979,0.0],[136.1828,75.6036,0.5363],[136.1771,75.6042,0.653],[136.1729,75.6021,0.2018],[136.15,75.6021,-0.301],[136.1458,75.6,0.1986],[136.138,75.5995,-0.1912],[136.1396,75.5979,-0.0938],[136.15,75.5979,0.1917]]],
[[[136.1807,75.6068,0.5894],[136.1792,75.6083,0.4715],[136.1734,75.6078,0.5158],[136.175,75.6062,0.6174],[136.1807,75.6068,0.5894]]],
[[[137.2245,75.6109,0.0],[137.2229,75.6125,0.0],[137.2172,75.612,0.0],[137.2188,75.6104,0.0],[137.2245,75.6109,0.0]]],
[[[135.7412,75.8662,0.4004],[135.7292,75.8667,5.7739],[135.725,75.8688,21.9536],[135.7193,75.8682,11.4743],[135.712,75.8609,24.5837],[135.7005,75.8599,0.0],[135.7057,75.8578,0.0],[135.7026,75.8526,9.9175],[135.7078,75.8505,13.8757],[135.6995,75.8443,34.1032],[135.6901,75.8432,31.9309],[135.6953,75.8401,39.054],[135.6755,75.8391,0.0],[135.6833,75.8354,9.7584],[135.7083,75.8333,10.0901],[135.7224,75.8287,24.6842],[135.7172,75.8234,0.0],[135.7224,75.8214,0.0],[135.713,75.8203,0.0],[135.7182,75.8172,0.0],[135.7104,75.8167,0.0],[135.7088,75.8151,0.0],[135.712,75.8141,0.0],[135.7109,75.8109,0.0],[135.7125,75.8104,0.0],[135.7328,75.8099,26.7183],[135.7312,75.8083,24.7131],[135.7151,75.8078,0.0],[135.7167,75.8063,0.0],[135.7271,75.8063,25.4542],[135.7287,75.8047,25.9811],[135.7208,75.8042,0.0],[135.7151,75.8005,0.0],[135.7271,75.8,28.718],[135.7287,75.7984,30.0856],[135.7193,75.7974,12.3428],[135.7245,75.7943,33.6959],[135.7151,75.7932,14.3273],[135.7068,75.787,0.0],[135.712,75.7839,34.4615],[135.688,75.7641,0.0],[135.6932,75.7609,33.3505],[135.6818,75.7599,4.7853],[135.6745,75.7526,30.143],[135.6667,75.7521,28.499],[135.6609,75.7495,11.4053],[135.6662,75.7464,42.5739],[135.6568,75.7453,42.1162],[135.6516,75.7401,14.5936],[135.6484,75.7391,0.0],[135.6536,75.7359,24.2433],[135.6443,75.7349,0.0],[135.6495,75.7318,0.0],[135.6443,75.7286,0.0],[135.6401,75.7234,0.0],[135.6604,75.7229,21.6713],[135.662,75.7214,33.9416],[135.6583,75.7188,29.6035],[135.638,75.7161,0.0],[135.6432,75.713,44.6176],[135.6396,75.7104,51.908],[135.6318,75.7099,22.4285],[135.6297,75.7078,6.5653],[135.6328,75.7047,36.8454],[135.6255,75.6964,35.1954],[135.6307,75.6943,55.8431],[135.6193,75.6932,0.0],[135.6151,75.6891,0.0],[135.6167,75.6875,1.8682],[135.6271,75.6875,7.337],[135.6286,75.6859,23.6666],[135.6193,75.6849,18.4346],[135.6224,75.6818,40.8924],[135.6146,75.6813,48.6766],[135.6109,75.6787,52.3653],[135.6162,75.6766,48.3174],[135.6151,75.6734,21.5057],[135.6203,75.6724,31.0063],[135.6187,75.6708,49.3952],[135.6089,75.6703,0.0],[135.6141,75.6682,17.2711],[135.6109,75.663,20.6171],[135.6162,75.662,50.0945],[135.6151,75.6589,54.2105],[135.6182,75.6568,27.8251],[135.6089,75.6557,0.0],[135.6068,75.6526,0.0],[135.6187,75.6521,49.9594],[135.6203,75.6505,32.2146],[135.6109,75.6495,12.1035],[135.6141,75.6474,9.0617],[135.6125,75.6458,0.0],[135.6068,75.6464,0.0],[135.6,75.65,0.0],[135.5958,75.65,0.0],[135.5901,75.6474,0.0],[135.5979,75.6438,0.0],[135.6167,75.6438,37.5671],[135.6307,75.6391,61.3193],[135.6297,75.6359,59.4489],[135.6349,75.6349,57.3789],[135.6318,75.6318,42.9405],[135.6453,75.6307,18.1607],[135.6359,75.6276,1.6719],[135.6411,75.6266,-0.0113],[135.6401,75.6234,9.4535],[135.6453,75.6224,13.9259],[135.6401,75.6172,0.0],[135.6453,75.6162,12.5895],[135.6443,75.613,9.457],[135.6495,75.612,19.3648],[135.6443,75.6068,23.742],[135.6495,75.6047,38.1388],[135.6417,75.6042,0.0],[135.6401,75.6026,0.0],[135.6536,75.6016,2.6864],[135.6443,75.5932,10.734],[135.6495,75.5901,28.4716],[135.6401,75.5891,0.0],[135.6453,75.587,1.9471],[135.6401,75.5818,0.0],[135.6453,75.5797,32.8909],[135.6359,75.5787,0.0],[135.6411,75.5755,13.4032],[135.6359,75.5724,0.0],[135.6339,75.5693,13.5259],[135.6391,75.5672,56.4081],[135.6234,75.5537,0.0],[135.6286,75.5505,28.8428],[135.6255,75.5495,5.4968],[135.6141,75.538,0.0],[135.6109,75.537,0.0],[135.6224,75.5328,47.1764],[135.6172,75.5255,0.0],[135.6203,75.5245,45.276],[135.6193,75.5214,43.8792],[135.6245,75.5193,49.9763],[135.6151,75.5182,1.3592],[135.6083,75.5125,0.0],[135.5984,75.512,0.0],[135.5964,75.5089,0.0],[135.6016,75.5068,0.0],[135.5786,75.4859,14.8373],[135.5755,75.4849,27.5189],[135.5703,75.4797,23.6702],[135.5609,75.4786,0.0],[135.5661,75.4755,20.9104],[135.5583,75.475,0.0],[135.5526,75.4724,0.0],[135.5578,75.4693,15.7367],[135.5401,75.4682,0.0],[135.5516,75.463,19.5293],[135.5422,75.462,6.3569],[135.5333,75.4563,0.0],[135.5255,75.4557,0.0],[135.5307,75.4526,0.0],[135.5266,75.4484,4.2536],[135.5172,75.4474,0.0],[135.5203,75.4443,15.8674],[135.5042,75.4437,0.0],[135.5005,75.4411,22.6849],[135.5057,75.4391,27.916],[135.5047,75.4359,22.3725],[135.5099,75.4349,24.6178],[135.5089,75.4318,0.0],[135.5182,75.4287,17.8685],[135.5172,75.4255,22.964],[135.5224,75.4245,24.9718],[135.5213,75.4213,22.5263],[135.5266,75.4203,24.9497],[135.5234,75.4172,8.6734],[135.5286,75.4161,20.0873],[135.5276,75.413,20.357],[135.5391,75.4099,23.4263],[135.538,75.4068,27.2982],[135.5412,75.4057,27.7657],[135.5401,75.4026,17.603],[135.5453,75.4016,21.0715],[135.5443,75.3984,18.8616],[135.5557,75.3953,26.7376],[135.5526,75.3922,23.3207],[135.5578,75.3912,26.6961],[135.5568,75.388,20.6305],[135.562,75.387,15.5808],[135.5609,75.3839,14.4134],[135.5703,75.3807,19.2545],[135.5693,75.3776,15.4941],[135.5745,75.3766,16.2546],[135.5734,75.3734,14.0761],[135.5786,75.3724,16.1606],[135.5776,75.3693,7.8151],[135.5896,75.3646,0.0],[135.6167,75.3646,0.0],[135.6208,75.3625,0.0],[135.625,75.3625,0.0],[135.6292,75.3646,0.0],[135.637,75.3651,0.0],[135.6438,75.3708,-0.0736],[135.6646,75.3708,0.3634],[135.6687,75.3688,0.2398],[135.6729,75.3688,-0.079],[135.6771,75.3708,0.2607],[135.6812,75.3708,0.4593],[135.6854,75.3688,0.2996],[135.7125,75.3688,-0.2043],[135.7141,75.3682,-0.2509],[135.713,75.3651,0.6711],[135.7245,75.3641,0.0],[135.7234,75.3609,0.0],[135.725,75.3604,0.0],[135.7307,75.3609,0.0],[135.7354,75.3646,17.4478],[135.7412,75.3641,0.0],[135.7401,75.3609,0.0],[135.7458,75.3604,0.0],[135.7505,75.3641,0.0],[135.7563,75.3646,0.0],[135.7667,75.3604,0.0],[135.7708,75.3604,0.0],[135.775,75.3625,0.0],[135.7932,75.3651,0.0],[135.788,75.3672,0.0],[135.7896,75.3688,25.7573],[135.8104,75.3688,0.0],[135.8146,75.3667,0.0],[135.8188,75.3667,0.0],[135.8203,75.3682,0.0],[135.8151,75.3703,0.0],[135.8375,75.3688,0.0],[135.8417,75.3708,0.0],[135.8562,75.3708,0.0],[135.8609,75.3745,0.0],[135.8708,75.375,0.0],[135.875,75.3771,0.0],[135.8979,75.3771,0.0],[135.8995,75.3786,0.0],[135.8875,75.3792,0.0],[135.8859,75.3807,0.0],[135.8953,75.3818,0.0],[135.8901,75.3849,0.0],[135.8938,75.3875,0.0],[135.9036,75.388,0.0],[135.9083,75.3917,13.4281],[135.9125,75.3917,0.0],[135.9167,75.3896,0.0],[135.9292,75.3896,0.0],[135.9328,75.3932,0.0],[135.9276,75.3943,0.0],[135.9292,75.3958,11.0023],[135.9333,75.3958,11.9053],[135.9375,75.3938,0.0],[135.95,75.3938,0.0],[135.9547,75.3974,0.0],[135.9641,75.3984,0.0],[135.9688,75.4021,11.4142],[135.9787,75.4026,0.0],[135.9891,75.413,0.0],[135.9859,75.4161,17.1623],[135.9953,75.4172,0.0],[136.0,75.4208,1.1173],[136.0078,75.4213,0.0],[136.0026,75.4245,7.9486],[136.0078,75.4276,0.0],[136.0099,75.4307,0.2036],[136.0047,75.4318,0.3531],[136.0057,75.4349,0.314],[135.9964,75.438,4.4356],[135.9974,75.4411,0.2954],[135.9922,75.4432,2.725],[135.9958,75.4458,0.8607],[136.0104,75.4458,1.0127],[136.012,75.4474,1.1853],[135.9839,75.4568,0.7333],[135.987,75.4599,0.0],[135.9818,75.4609,0.0],[135.9828,75.4641,0.0],[135.9776,75.4661,0.0],[135.9854,75.4667,0.0],[135.987,75.4682,0.0],[135.9755,75.4693,0.0],[135.9766,75.4724,0.0],[135.9714,75.4734,0.0],[135.9724,75.4766,0.0],[135.9588,75.4776,3.4463],[135.9661,75.4838,0.0],[135.9609,75.4859,0.0],[135.9651,75.4912,0.0],[135.9766,75.4922,0.0],[135.9714,75.4953,0.0],[135.9771,75.5,0.0],[135.9833,75.5,0.0],[135.9875,75.5021,0.0],[136.0224,75.5026,0.0],[136.0245,75.5057,0.0],[136.0193,75.5068,0.0],[136.0224,75.512,0.0],[136.0193,75.5141,0.0],[136.0286,75.5151,0.0],[136.0333,75.5188,0.0],[136.0516,75.5214,0.0],[136.05,75.5229,0.0],[136.0297,75.5234,0.0],[136.0313,75.525,13.5848],[136.0412,75.5255,0.0],[136.0359,75.5286,26.9661],[136.0437,75.5292,0.0],[136.0453,75.5307,0.0],[136.0401,75.5328,21.407],[136.0562,75.5333,0.0],[136.0646,75.5375,0.0],[136.0828,75.5401,0.0],[136.0849,75.5432,0.0],[136.0797,75.5453,0.0],[136.0896,75.5458,0.0],[136.0911,75.5474,0.0],[136.0708,75.5479,0.0],[136.0693,75.5484,0.0],[136.0703,75.5516,0.0],[136.0651,75.5537,0.0],[136.0745,75.5547,0.0],[136.0714,75.5578,0.0],[136.0807,75.5589,0.0],[136.0854,75.5625,0.0],[136.1057,75.5651,0.0],[136.1078,75.5682,0.0],[136.0875,75.5687,3.7999],[136.0859,75.5703,12.0586],[136.0938,75.5708,0.0],[136.0953,75.5724,0.0],[136.0833,75.5729,23.0884],[136.0818,75.5745,27.0199],[136.0917,75.575,18.291],[136.0984,75.5807,-0.305],[136.1078,75.5818,0.0],[136.1062,75.5833,-0.5146],[136.0943,75.5839,0.2355],[136.0974,75.587,-0.5251],[136.0922,75.588,-0.0871],[136.0984,75.5953,-0.1735],[136.1047,75.5995,0.1788],[136.1292,75.6,-0.3234],[136.1333,75.6021,0.2645],[136.1411,75.6026,0.1815],[136.1359,75.6047,0.4589],[136.1391,75.6078,0.3418],[136.1339,75.6088,0.2542],[136.1349,75.612,0.312],[136.1297,75.6141,2.226],[136.1375,75.6146,0.5321],[136.1417,75.6167,0.4371],[136.1729,75.6167,0.5649],[136.1787,75.6141,0.3521],[136.1776,75.6109,0.0963],[136.1854,75.6083,0.9671],[136.1958,75.6083,0.5426],[136.2,75.6062,0.0],[136.2125,75.6062,0.0],[136.2172,75.6099,0.0],[136.225,75.6104,0.0],[136.2307,75.613,0.0],[136.2292,75.6146,0.0],[136.2172,75.6151,0.0],[136.2203,75.6203,0.9612],[136.2151,75.6224,0.7963],[136.2266,75.6234,0.5984],[136.2188,75.6271,0.0],[136.2063,75.625,1.3523],[136.2021,75.6271,0.0],[136.1917,75.6271,1.1324],[136.175,75.6333,0.0],[136.1646,75.6333,0.0],[136.1563,75.6375,0.0],[136.1375,75.6375,0.0],[136.1333,75.6396,0.0],[136.1208,75.6396,0.0],[136.1167,75.6375,0.0],[136.1125,75.6375,0.0],[136.1083,75.6396,0.0],[136.0979,75.6396,1.9089],[136.0964,75.6412,0.0],[136.1292,75.6417,0.0],[136.1307,75.6432,0.0],[136.0958,75.6458,6.4965],[136.0875,75.65,0.0],[136.0771,75.65,8.565],[136.0568,75.6568,6.2468],[136.0578,75.6599,0.0],[136.0562,75.6604,0.0],[136.0396,75.6604,5.7539],[136.0354,75.6625,0.0],[136.025,75.6625,7.6147],[136.0021,75.6708,0.0],[135.9917,75.6708,3.0801],[135.9859,75.6734,6.8562],[135.9891,75.6787,0.0],[135.9812,75.6813,0.0],[135.9625,75.6813,8.7346],[135.9547,75.6839,11.9647],[135.9563,75.6854,0.0],[135.9729,75.6854,0.0],[135.9745,75.687,0.0],[135.9667,75.6896,0.0],[135.9479,75.6896,0.0],[135.9438,75.6917,0.0],[135.9333,75.6917,19.5417],[135.9318,75.6922,18.9756],[135.9328,75.6953,5.4248],[135.9234,75.6984,9.0002],[135.9245,75.7016,0.0],[135.9167,75.7042,0.0],[135.9047,75.7047,15.7755],[135.9057,75.7078,11.3874],[135.9005,75.7089,17.9699],[135.9036,75.712,0.0],[135.8901,75.713,18.6854],[135.8932,75.7182,0.0],[135.888,75.7203,6.8671],[135.8911,75.7224,0.0],[135.8797,75.7255,20.7548],[135.8849,75.7328,0.0],[135.8818,75.7338,6.0046],[135.8828,75.737,0.0],[135.8776,75.738,10.7114],[135.8786,75.7412,0.0],[135.8734,75.7432,0.0],[135.8833,75.7438,0.0],[135.8849,75.7453,0.0],[135.8729,75.7458,0.0],[135.8714,75.7474,0.0],[135.8734,75.7495,0.0],[135.8813,75.75,0.0],[135.8828,75.7516,0.0],[135.8604,75.7521,0.0],[135.8562,75.75,0.0],[135.8521,75.75,0.0],[135.8505,75.7516,0.0],[135.8537,75.7557,0.0],[135.8318,75.763,0.0],[135.8328,75.7662,0.0],[135.8313,75.7667,0.0],[135.8193,75.7672,8.9673],[135.8208,75.7688,6.485],[135.8292,75.7688,0.0],[135.8307,75.7703,0.0],[135.8188,75.7708,8.8003],[135.8109,75.7734,9.7916],[135.8125,75.775,6.6734],[135.8167,75.775,0.0],[135.8208,75.7729,0.0],[135.825,75.7729,0.0],[135.8266,75.7745,0.0],[135.8089,75.7797,0.0],[135.812,75.7828,0.0],[135.8068,75.7839,0.0],[135.8078,75.787,0.0],[135.8026,75.788,0.0],[135.8037,75.7911,0.0],[135.7984,75.7922,3.2558],[135.8078,75.8016,0.0],[135.7922,75.8005,0.0],[135.7932,75.8037,0.0],[135.788,75.8047,0.0],[135.7912,75.8078,0.0],[135.7797,75.8109,14.3252],[135.7891,75.8203,0.0],[135.7776,75.8234,6.3931],[135.7786,75.8266,0.0],[135.7771,75.8271,0.0],[135.7667,75.8271,11.6706],[135.7589,75.8297,11.4003],[135.7604,75.8313,14.1739],[135.7688,75.8313,0.0],[135.7703,75.8328,0.0],[135.7589,75.8359,15.2837],[135.7599,75.8391,0.0],[135.7484,75.8422,16.9471],[135.7443,75.8443,12.9673],[135.7453,75.8474,0.0],[135.7401,75.8484,0.0],[135.7417,75.85,0.0],[135.7495,75.8505,0.0],[135.7516,75.8536,0.0],[135.7297,75.8547,26.2252],[135.7328,75.8578,0.0],[135.7276,75.8599,11.7726],[135.737,75.8609,0.0],[135.7318,75.8641,0.8825],[135.7396,75.8646,0.4412],[135.7412,75.8662,0.4004]]],
[[[136.1536,75.6464,0.0],[136.1521,75.6479,0.0],[136.1318,75.6495,0.0],[136.1396,75.6458,0.0],[136.1536,75.6464,0.0]]],
[[[135.5974,75.6526,0.0],[135.5958,75.6542,0.0],[135.5901,75.6536,0.0],[135.5917,75.6521,0.0],[135.5974,75.6526,0.0]]],
[[[141.0854,75.6833,0.6887],[141.0771,75.6833,0.5796],[141.0755,75.6818,0.5197],[141.0911,75.6818,1.4392],[141.0896,75.6833,0.7791],[141.0854,75.6833,0.6887]]],
[[[141.0807,75.6859,0.5587],[141.0792,75.6875,0.6114],[141.0734,75.687,0.6562],[141.075,75.6854,0.4178],[141.0807,75.6859,0.5587]]],
[[[141.0292,75.7229,0.8333],[140.9979,75.725,0.8722],[140.9937,75.7229,0.9519],[140.9854,75.7229,0.7861],[140.9839,75.7214,0.8106],[140.9917,75.7188,0.6005],[141.0036,75.7182,0.8374],[140.9964,75.7141,0.5597],[140.9979,75.7125,0.7673],[141.0208,75.7125,0.7334],[141.0271,75.7167,0.9081],[141.037,75.7172,0.9733],[141.0354,75.7188,1.0012],[141.0234,75.7193,0.9591],[141.025,75.7208,0.9603],[141.0349,75.7214,0.9556],[141.0333,75.7229,1.0352],[141.0292,75.7229,0.8333]]],
[[[140.9745,75.7214,0.8968],[140.9729,75.7229,0.8963],[140.9672,75.7224,0.8127],[140.9688,75.7208,0.6908],[140.9745,75.7214,0.8968]]],
[[[140.4557,75.7078,0.0662],[140.4479,75.7083,0.696],[140.4464,75.7068,0.9784],[140.4542,75.7063,0.7994],[140.4557,75.7078,0.0662]]],
[[[140.5099,75.7214,0.4252],[140.5083,75.7229,0.354],[140.5026,75.7224,0.6227],[140.5042,75.7208,0.3437],[140.5099,75.7214,0.4252]]],
[[[140.4776,75.7328,0.4954],[140.4734,75.7307,0.3945],[140.4714,75.7276,0.3321],[140.487,75.7276,0.7417],[140.4995,75.7359,0.4746],[140.5016,75.7391,0.4101],[140.4875,75.7396,0.2912],[140.4839,75.737,0.6422],[140.487,75.7338,0.4704],[140.4776,75.7328,0.4954]]],
[[[140.5078,75.7422,0.533],[140.5063,75.7438,0.3918],[140.5005,75.7432,0.5275],[140.5021,75.7417,0.4116],[140.5078,75.7422,0.533]]],
[[[140.9724,75.7255,0.81],[140.9708,75.7271,0.7702],[140.9651,75.7266,0.7745],[140.9667,75.725,0.5929],[140.9724,75.7255,0.81]]],
[[[140.9849,75.7276,0.8453],[140.9833,75.7292,0.9001],[140.9776,75.7286,0.8794],[140.9792,75.7271,0.8248],[140.9849,75.7276,0.8453]]],
[[[141.012,75.7984,0.8437],[141.0104,75.8,0.6896],[141.0047,75.7995,0.6217],[141.0063,75.7979,0.7641],[141.012,75.7984,0.8437]]],
[[[140.9495,75.8776,0.2262],[140.9479,75.8792,0.1952],[140.9422,75.8786,0.1383],[140.9438,75.8771,0.1178],[140.9495,75.8776,0.2262]]],
[[[140.5354,75.7688,0.0],[140.5318,75.7672,0.0],[140.5375,75.7646,0.0],[140.5432,75.7651,0.0],[140.5391,75.7682,0.0],[140.5354,75.7688,0.0]]],
[[[140.4516,75.7984,0.0],[140.45,75.8,0.0],[140.4443,75.7995,0.0],[140.4458,75.7979,0.0],[140.4516,75.7984,0.0]]],
[[[139.9568,75.8588,0.0],[139.9625,75.8583,0.0],[139.9641,75.8599,0.0],[139.9563,75.8625,0.0],[139.9505,75.862,0.0],[139.9568,75.8588,0.0]]],
[[[140.9016,75.8797,0.0],[140.9,75.8812,0.0],[140.8943,75.8807,0.0],[140.8958,75.8792,0.0],[140.9016,75.8797,0.0]]],
[[[136.0333,75.6667,0.0],[136.0271,75.6667,0.0],[136.0255,75.6651,0.0],[136.0412,75.6651,0.0],[136.0396,75.6667,0.0],[136.0333,75.6667,0.0]]],
[[[136.013,75.6693,0.0],[136.0188,75.6688,0.0],[136.0203,75.6703,0.0],[136.0125,75.6729,0.0],[136.0068,75.6724,0.0],[136.013,75.6693,0.0]]],
[[[137.6047,75.7662,0.0],[137.6057,75.7682,0.0],[137.5964,75.7724,0.0],[137.6042,75.7729,0.0],[137.6057,75.7745,0.0],[137.6,75.7771,1.0351],[137.5875,75.7771,0.0],[137.5724,75.7672,1.6437],[137.5646,75.7667,1.4397],[137.5562,75.7625,1.7961],[137.55,75.7625,1.3241],[137.5464,75.7589,0.0],[137.5583,75.7583,0.0],[137.5641,75.7557,0.7475],[137.563,75.7526,0.0],[137.5688,75.7521,0.0],[137.5833,75.7562,0.0],[137.5917,75.7562,0.0],[137.5958,75.7583,0.0],[137.6037,75.7589,0.0],[137.6099,75.763,0.0],[137.6047,75.7662,0.0]]],
[[[135.7953,75.8109,0.0],[135.7937,75.8125,0.0],[135.788,75.812,0.0],[135.7896,75.8104,0.0],[135.7953,75.8109,0.0]]],
[[[139.8766,75.9089,0.0],[139.875,75.9104,0.0],[139.8693,75.9099,0.0],[139.8708,75.9083,0.0],[139.8766,75.9089,0.0]]],
[[[137.9036,75.9984,8.7306],[137.8958,75.9979,2.0871],[137.8943,75.9964,2.5682],[137.9083,75.9958,0.0],[137.912,75.9995,6.9294],[137.9063,76.0,0.0],[137.9036,75.9984,8.7306]]],
[[[139.512,76.0255,0.3047],[139.5104,76.0271,0.0],[139.5047,76.0266,0.1861],[139.5063,76.025,0.1739],[139.512,76.0255,0.3047]]],
[[[139.5182,76.0297,0.0],[139.5167,76.0313,0.0],[139.5109,76.0307,0.0],[139.5125,76.0292,0.0],[139.5182,76.0297,0.0]]],
[[[139.4578,76.0359,19.7161],[139.4563,76.0375,18.0752],[139.4505,76.037,37.7444],[139.4521,76.0354,68.2847],[139.4578,76.0359,19.7161]]],
[[[138.1375,76.0417,0.0],[138.1292,76.0417,0.0],[138.1276,76.0401,0.0],[138.1432,76.0401,0.0],[138.1417,76.0417,0.0],[138.1375,76.0417,0.0]]],
[[[139.4287,76.0682,0.0],[139.4208,76.0687,0.0],[139.4193,76.0672,0.0],[139.4271,76.0667,0.0],[139.4287,76.0682,0.0]]],
[[[139.075,76.1333,2.4618],[139.0667,76.1333,0.3972],[139.0651,76.1318,2.1681],[139.0828,76.1318,0.0],[139.0813,76.1333,0.0],[139.075,76.1333,2.4618]]],
[[[139.062,76.1885,0.0],[139.0604,76.1896,0.0],[139.0547,76.1891,0.0],[139.0562,76.1875,0.0],[139.062,76.1885,0.0]]],
[[[139.0833,76.1937,0.0],[139.0792,76.1937,0.0],[139.0776,76.1922,0.0],[139.0849,76.1922,0.0],[139.0833,76.1937,0.0]]],
[[[139.0307,76.1974,0.0],[139.025,76.1979,0.0],[139.0234,76.1964,1.1459],[139.0292,76.1958,0.5173],[139.0307,76.1974,0.0]]],
[[[139.0979,76.1979,0.0],[139.1021,76.1958,0.0],[139.1062,76.1958,0.0],[139.1104,76.1979,0.0],[139.1187,76.1979,0.0],[139.1245,76.2016,0.3815],[139.0917,76.2021,0.0],[139.0875,76.2,0.977],[139.0776,76.1995,1.0851],[139.0792,76.1979,0.7643],[139.0979,76.1979,0.0]]],
[[[140.9474,75.8818,0.6016],[140.9458,75.8833,0.5158],[140.9401,75.8828,0.3474],[140.9417,75.8812,0.3255],[140.9474,75.8818,0.6016]]],
[[[141.1162,76.0578,0.0],[141.1083,76.0583,0.0],[141.1068,76.0568,0.0],[141.1146,76.0563,0.0],[141.1162,76.0578,0.0]]],
[[[141.0412,76.0589,0.0],[141.0396,76.0604,0.0],[141.0339,76.0599,0.0],[141.0354,76.0583,0.0],[141.0412,76.0589,0.0]]],
[[[140.9807,76.0755,0.3981],[140.9792,76.0771,0.4845],[140.9734,76.0766,0.5409],[140.975,76.075,0.3803],[140.9807,76.0755,0.3981]]],
[[[139.975,75.9375,0.7793],[139.9714,75.9359,0.5175],[139.9771,75.9333,0.9531],[139.9828,75.9339,1.0278],[139.9787,75.937,0.6889],[139.975,75.9375,0.7793]]],
[[[140.9266,76.0734,-0.2856],[140.925,76.075,-0.4314],[140.9193,76.0745,0.0],[140.9208,76.0729,0.0],[140.9266,76.0734,-0.2856]]],
[[[140.912,76.0755,0.0],[140.9104,76.0771,0.0],[140.9047,76.0766,0.0],[140.9063,76.075,0.0],[140.912,76.0755,0.0]]],
[[[140.937,76.0964,0.0347],[140.9354,76.0979,-0.0019],[140.9297,76.0974,0.0],[140.9312,76.0958,0.0],[140.937,76.0964,0.0347]]],
[[[141.0542,76.1083,0.5411],[141.05,76.1104,0.3294],[141.0417,76.1104,0.7445],[141.0375,76.1125,0.3745],[141.0063,76.1125,0.2649],[140.9979,76.1083,0.8283],[140.9729,76.1083,0.1455],[140.962,76.1005,0.3452],[140.9547,76.0974,0.4493],[140.9641,76.0922,0.386],[140.9375,76.0917,0.2334],[140.9255,76.0849,0.0],[140.9307,76.0818,0.0942],[140.9208,76.0813,0.0],[140.9172,76.0776,0.0],[140.9542,76.0771,0.3472],[140.9583,76.075,0.4897],[140.9625,76.075,0.38],[140.9682,76.0776,-0.1118],[140.963,76.0807,0.5396],[140.9688,76.0833,1.6335],[140.9958,76.0813,0.4147],[140.9974,76.0797,0.3036],[140.9875,76.0792,0.2784],[140.9859,76.0776,0.3552],[140.9979,76.0771,0.3783],[140.9995,76.0755,0.4983],[140.9896,76.075,0.4305],[140.988,76.0734,0.1749],[141.0083,76.0729,0.354],[141.0141,76.0693,0.6711],[140.9917,76.0708,0.185],[140.9901,76.0693,0.5626],[140.9932,76.0682,1.6036],[140.9922,76.0651,-0.2873],[141.0146,76.0646,-0.1972],[141.0188,76.0667,0.3712],[141.0313,76.0667,-0.0178],[141.0354,76.0646,-0.0637],[141.0417,76.0646,-0.2722],[141.0458,76.0667,0.0522],[141.05,76.0667,-0.0738],[141.0557,76.0641,0.0],[141.0547,76.0609,0.0],[141.0578,76.0589,0.0],[141.0479,76.0583,0.0],[141.0464,76.0568,0.0],[141.0516,76.0557,0.0],[141.0484,76.0526,0.0],[141.0542,76.0521,0.0],[141.0625,76.0563,0.0],[141.0708,76.0563,0.0],[141.075,76.0583,0.0],[141.0974,76.0568,0.0],[141.0943,76.0589,0.0],[141.0953,76.062,0.0],[141.0922,76.063,0.0],[141.0938,76.0646,0.0],[141.1062,76.0625,0.0],[141.1104,76.0646,0.0],[141.1286,76.0651,0.0],[141.1271,76.0667,0.0],[141.1083,76.0667,0.0],[141.1042,76.0687,0.0],[141.0833,76.0687,0.0],[141.0792,76.0667,0.0],[141.0708,76.0667,-0.0624],[141.0667,76.0646,0.0],[141.0609,76.0651,-0.0916],[141.0646,76.0687,-0.2618],[141.0729,76.0687,-0.146],[141.0813,76.0729,-0.0236],[141.0911,76.0734,-0.2948],[141.0818,76.0776,0.4517],[141.0833,76.0792,1.8848],[141.0911,76.0797,0.084],[141.088,76.0828,1.5525],[141.1083,76.0813,-0.0905],[141.1125,76.0792,0.3642],[141.125,76.0792,-0.0794],[141.1292,76.0813,0.1968],[141.1391,76.0818,0.0957],[141.1297,76.0859,-0.0092],[141.1313,76.0875,0.1617],[141.1391,76.088,0.3094],[141.1375,76.0896,-0.0921],[141.125,76.0896,0.3576],[141.1208,76.0875,0.3087],[141.1125,76.0875,0.3352],[141.1083,76.0854,0.2396],[141.0521,76.0854,1.4001999999999999],[141.0479,76.0875,0.473],[141.0396,76.0875,0.2225],[141.0354,76.0896,0.5449],[140.9979,76.0896,2.5232],[140.9922,76.0922,0.5234],[140.9937,76.0938,0.2507],[140.9979,76.0938,0.5555],[141.0021,76.0917,0.7653],[141.0063,76.0917,0.5254],[141.012,76.0943,0.264],[141.0068,76.0964,0.1787],[141.0109,76.0995,0.5859],[141.0208,76.1,0.6303],[141.0354,76.1042,0.5541],[141.0724,76.1047,0.0231],[141.0646,76.1083,0.5932],[141.0542,76.1083,0.5411]]],
[[[141.0875,76.0896,0.7659],[141.0813,76.0896,0.4699],[141.0797,76.088,0.2482],[141.0958,76.0875,0.479],[141.0995,76.0911,0.6462],[141.0938,76.0917,0.3537],[141.0875,76.0896,0.7659]]],
[[[141.1787,76.0901,0.1609],[141.1771,76.0917,0.0],[141.1714,76.0911,0.0],[141.1729,76.0896,0.0],[141.1787,76.0901,0.1609]]],
[[[141.0599,76.0922,0.4722],[141.0583,76.0938,0.3556],[141.0526,76.0932,0.5216],[141.0542,76.0917,0.1987],[141.0599,76.0922,0.4722]]],
[[[141.062,76.0984,0.5252],[141.0604,76.1,-0.0223],[141.0547,76.0995,0.5386],[141.0562,76.0979,0.437],[141.062,76.0984,0.5252]]],
[[[141.0453,76.0995,0.8456],[141.0375,76.1,0.5182],[141.0359,76.0984,0.6316],[141.0437,76.0979,0.5466],[141.0453,76.0995,0.8456]]],
[[[140.9599,76.1057,0.1612],[140.9521,76.1062,0.0],[140.9505,76.1047,0.0232],[140.9583,76.1042,0.1956],[140.9599,76.1057,0.1612]]],
[[[141.0833,76.1104,0.4357],[141.0797,76.1099,0.4595],[141.0755,76.1068,0.4654],[141.0849,76.1068,0.4356],[141.087,76.1099,0.0334],[141.0833,76.1104,0.4357]]],
[[[142.2953,75.3568,0.0],[142.2937,75.3583,0.0],[142.288,75.3578,0.0],[142.2896,75.3562,0.0],[142.2953,75.3568,0.0]]],
[[[142.1662,75.4943,0.0],[142.1583,75.4938,0.0],[142.1568,75.4922,0.0],[142.1708,75.4917,0.0],[142.1745,75.4953,0.0],[142.1687,75.4958,0.0],[142.1662,75.4943,0.0]]],
[[[142.1313,75.5062,0.0],[142.137,75.5068,0.0],[142.1339,75.5089,0.0],[142.1349,75.512,0.0],[142.1193,75.512,0.0],[142.1193,75.5109,0.0],[142.1313,75.5062,0.0]]],
[[[142.2245,75.5922,0.0],[142.2229,75.5938,0.0],[142.2172,75.5932,0.0],[142.2188,75.5917,0.0],[142.2245,75.5922,0.0]]],
[[[142.138,75.6568,-0.2512],[142.1354,75.6583,0.0],[142.125,75.6583,0.6944],[142.1208,75.6604,-0.2455],[142.1,75.6604,-0.1647],[142.088,75.6536,0.0],[142.0932,75.6516,0.214],[142.0917,75.65,-0.0314],[142.0833,75.65,0.0],[142.0771,75.6458,1.0285],[142.0521,75.6458,-0.4628],[142.0505,75.6443,-0.5007],[142.0641,75.6391,-0.1098],[142.0609,75.6359,-0.2146],[142.0703,75.6328,1.3303],[142.0688,75.6312,1.8142],[142.0625,75.6312,0.4467],[142.0568,75.6286,-0.0023],[142.0599,75.6266,0.9344],[142.0589,75.6234,1.0212],[142.063,75.6214,0.2595],[142.0688,75.6208,0.3423],[142.0755,75.6245,0.3619],[142.0813,75.625,0.0845],[142.0854,75.6229,0.4565],[142.0938,75.6229,0.0641],[142.0979,75.6208,0.6879],[142.1099,75.6203,4.6684],[142.1083,75.6188,3.8575],[142.0917,75.6188,0.304],[142.0901,75.6172,1.624],[142.0932,75.6151,0.6521],[142.0917,75.6146,0.6521],[142.0875,75.6146,3.574],[142.0833,75.6167,1.4412],[142.0609,75.6162,0.3074],[142.0729,75.6104,-0.2944],[142.0854,75.6104,0.6518],[142.0896,75.6125,0.0],[142.0938,75.6125,0.0],[142.0953,75.612,0.7451],[142.0943,75.6088,0.0],[142.0958,75.6083,0.0],[142.1083,75.6083,0.0],[142.1099,75.6099,1.2487],[142.1047,75.6109,3.7267],[142.1005,75.6141,0.0],[142.1146,75.6146,3.2841],[142.1162,75.613,0.6773],[142.113,75.612,0.0],[142.1146,75.6104,0.0],[142.1187,75.6104,0.0],[142.1229,75.6125,0.0],[142.1521,75.6125,1.3693],[142.1625,75.6083,0.0],[142.1667,75.6083,0.0],[142.1708,75.6104,0.0],[142.1891,75.6109,0.0],[142.1839,75.613,1.7102],[142.1854,75.6146,3.6068],[142.2104,75.6146,0.0],[142.2146,75.6167,0.0],[142.2245,75.6172,0.0],[142.2292,75.6208,1.7006],[142.2479,75.6229,0.0],[142.2589,75.6286,0.0],[142.2667,75.6292,0.0],[142.2724,75.6318,0.0],[142.2708,75.6333,0.0],[142.2625,75.6333,0.0],[142.2609,75.6349,0.0],[142.2682,75.6401,0.0],[142.2651,75.6432,0.3101],[142.2766,75.6443,0.8744],[142.275,75.6458,-0.0481],[142.2396,75.6458,1.5762],[142.2354,75.6479,0.6566],[142.2271,75.6479,3.0069],[142.2229,75.65,0.6963],[142.1958,75.65,-0.3637],[142.1917,75.6521,0.0],[142.1667,75.6521,0.1964],[142.1625,75.6542,-0.2678],[142.1521,75.6542,-0.3191],[142.1479,75.6563,0.0],[142.138,75.6568,-0.2512]]],
[[[142.0474,75.6589,0.0],[142.0458,75.6604,0.0],[142.0401,75.6599,0.0],[142.0417,75.6583,0.0],[142.0474,75.6589,0.0]]],
[[[142.35,75.6979,1.407],[142.3464,75.6964,1.2993],[142.3521,75.6937,0.2977],[142.3578,75.6943,-0.4407],[142.3537,75.6974,1.6464],[142.35,75.6979,1.407]]],
[[[142.4495,75.6984,0.0],[142.4479,75.7,0.0],[142.4422,75.6995,0.0],[142.4438,75.6979,0.0],[142.4495,75.6984,0.0]]],
[[[142.437,75.7016,0.0],[142.4292,75.7021,-0.0314],[142.4276,75.7005,-0.4136],[142.4354,75.7,0.8437],[142.437,75.7016,0.0]]],
[[[142.3807,75.7026,1.4308],[142.3792,75.7042,4.6355],[142.3734,75.7037,3.1349],[142.375,75.7021,2.6598],[142.3807,75.7026,1.4308]]],
[[[142.35,75.7042,2.6635],[142.3255,75.7057,-0.3569],[142.3333,75.7021,2.6393],[142.3641,75.7026,2.2455],[142.3625,75.7042,2.7463],[142.35,75.7042,2.6635]]],
[[[142.3786,75.7068,2.6606],[142.3771,75.7083,1.4315],[142.3714,75.7078,2.945],[142.3729,75.7063,3.021],[142.3786,75.7068,2.6606]]],
[[[142.3479,75.7083,1.3682],[142.3396,75.7083,2.3996],[142.338,75.7068,3.5904],[142.3521,75.7063,4.8699],[142.3578,75.7099,1.0864],[142.3521,75.7104,-0.4784],[142.3479,75.7083,1.3682]]],
[[[142.4083,75.7188,0.0],[142.3938,75.7188,0.0],[142.3896,75.7208,1.0145],[142.3672,75.7203,-0.1052],[142.3687,75.7188,0.0],[142.3771,75.7188,1.0996],[142.3813,75.7167,0.0],[142.4,75.7167,-0.0024],[142.4042,75.7146,0.0],[142.4083,75.7146,-0.0121],[142.412,75.7172,0.9503],[142.4083,75.7188,0.0]]],
[[[142.3562,75.7292,0.0048],[142.3479,75.7292,-0.2294],[142.3464,75.7276,-0.1002],[142.3786,75.7276,0.2474],[142.3771,75.7292,0.223],[142.3562,75.7292,0.0048]]],
[[[142.3911,75.7297,0.1302],[142.3896,75.7312,-0.5796],[142.3839,75.7307,-0.0424],[142.3854,75.7292,0.194],[142.3911,75.7297,0.1302]]],
[[[147.3078,75.4089,0.0],[147.3062,75.4104,0.0],[147.3005,75.4099,0.0],[147.3021,75.4083,0.0],[147.3078,75.4089,0.0]]],
[[[147.5057,75.4172,0.3483],[147.5042,75.4187,0.4485],[147.4984,75.4182,0.674],[147.5,75.4167,0.2312],[147.5057,75.4172,0.3483]]],
[[[144.9521,75.4688,0.8704],[144.9479,75.4708,0.0977],[144.9396,75.4708,0.8396],[144.9328,75.4745,0.8155],[144.9271,75.475,0.5992],[144.9229,75.4729,0.6164],[144.913,75.4724,0.0597],[144.9089,75.4703,0.1711],[144.912,75.4672,0.9856],[144.9026,75.4661,1.2595],[144.8984,75.4641,1.5036],[144.9016,75.4609,1.2841],[144.8958,75.4604,1.2992],[144.8917,75.4625,1.2662],[144.8818,75.463,1.3375],[144.8833,75.4646,1.3147],[144.8932,75.4651,1.4529],[144.8875,75.4688,-0.6893],[144.8771,75.4688,0.6602],[144.8729,75.4708,-0.0419],[144.8521,75.4708,-0.675],[144.8505,75.4693,0.6993],[144.8557,75.4682,0.8276],[144.8526,75.4651,1.0338],[144.8557,75.463,1.2178],[144.8484,75.4589,1.2377],[144.8604,75.4583,0.9186],[144.8729,75.4521,0.0307],[144.8896,75.4521,1.0478],[144.8911,75.4505,0.9302],[144.888,75.4484,0.1837],[144.8896,75.4479,0.1727],[144.9021,75.45,0.6402],[144.9063,75.4479,0.767],[144.9167,75.4479,0.5889],[144.9208,75.4458,0.0],[144.925,75.4458,0.0],[144.9354,75.4521,0.5814],[144.9453,75.4526,0.0],[144.9396,75.4563,0.7387],[144.9276,75.4568,0.2038],[144.9292,75.4583,0.5344],[144.95,75.4583,0.5732],[144.9542,75.4563,0.5059],[144.9667,75.4563,0.0],[144.975,75.4604,0.4415],[144.9958,75.4625,0.0],[145.0063,75.4688,0.8773],[145.0229,75.4688,0.729],[145.0286,75.4724,0.0],[144.9979,75.4729,0.7865],[144.9964,75.4714,0.5801],[144.9995,75.4693,0.6],[144.9979,75.4688,0.6],[144.9937,75.4688,0.4412],[144.9896,75.4708,0.6451],[144.9688,75.4708,0.3866],[144.9604,75.4667,1.0009],[144.9563,75.4667,0.8355],[144.9521,75.4688,0.8704]]],
[[[145.1016,75.4838,0.0],[145.1,75.4854,0.0],[145.0943,75.4849,0.0],[145.0958,75.4833,0.0],[145.1016,75.4838,0.0]]],
[[[145.0542,75.4938,0.7973],[145.062,75.4943,0.3174],[145.0568,75.4964,0.6686],[145.0599,75.4995,0.9117],[145.0542,75.5,0.6332],[145.05,75.4979,0.8519],[145.0401,75.4974,0.9782],[145.0453,75.4943,0.7796],[145.038,75.4901,0.0485],[145.0453,75.4859,0.694],[145.0417,75.4833,1.1675],[145.0333,75.4833,0.7106],[145.0318,75.4818,0.2273],[145.0417,75.4812,0.835],[145.0458,75.4792,0.8559],[145.0667,75.4792,0.6835],[145.0708,75.4812,0.1383],[145.0792,75.4812,0.3057],[145.0849,75.4838,0.3665],[145.0771,75.4875,0.9157],[145.0688,75.4875,1.0004],[145.0604,75.4917,0.5936],[145.0505,75.4922,0.917],[145.0542,75.4938,0.7973]]],
[[[146.7661,75.4901,0.0],[146.7646,75.4917,0.0],[146.7589,75.4912,0.0],[146.7604,75.4896,0.0],[146.7661,75.4901,0.0]]],
[[[145.1037,75.4901,0.3399],[145.1021,75.4917,0.5503],[145.0964,75.4912,0.9208],[145.0979,75.4896,0.6512],[145.1037,75.4901,0.3399]]],
[[[145.087,75.4901,0.7504],[145.0854,75.4917,0.8048],[145.0797,75.4912,0.2228],[145.0813,75.4896,0.1081],[145.087,75.4901,0.7504]]],
[[[145.0797,75.4943,0.7851],[145.0854,75.4938,0.5537],[145.087,75.4953,0.4766],[145.0792,75.4979,0.842],[145.0651,75.4974,0.7509],[145.0667,75.4958,0.8342],[145.0771,75.4958,0.6743],[145.0797,75.4943,0.7851]]],
[[[145.3307,75.4964,0.0],[145.3292,75.4979,0.0],[145.3234,75.4974,0.0],[145.325,75.4958,0.0],[145.3307,75.4964,0.0]]],
[[[145.3599,75.5214,0.0],[145.3583,75.5229,0.0],[145.3526,75.5224,0.0],[145.3542,75.5208,0.0],[145.3599,75.5214,0.0]]],
[[[146.3537,75.5484,0.0],[146.3521,75.55,0.0],[146.3464,75.5495,0.0],[146.3479,75.5479,0.0],[146.3537,75.5484,0.0]]],
[[[149.7786,75.2234,0.0],[149.7771,75.225,0.0],[149.7713,75.2245,0.0],[149.7729,75.2229,1.0041],[149.7786,75.2234,0.0]]],
[[[149.8766,75.2234,0.0],[149.875,75.225,0.0],[149.8693,75.2245,0.0],[149.8708,75.2229,0.0],[149.8766,75.2234,0.0]]],
[[[152.7141,76.0943,0.0],[152.7125,76.0958,0.0],[152.7068,76.0953,0.0],[152.7083,76.0938,0.0],[152.7141,76.0943,0.0]]],
[[[152.7953,76.1745,4.0574],[152.7917,76.1771,0.0],[152.7818,76.1776,3.8474],[152.775,76.1813,1.4119],[152.7708,76.1813,0.0],[152.7667,76.1792,5.6001],[152.6354,76.1792,6.4583],[152.625,76.175,12.8766],[152.6151,76.1745,0.0],[152.5854,76.1625,0.0],[152.5771,76.1625,0.0],[152.5693,76.1599,0.0],[152.5484,76.1516,0.0],[152.5516,76.1484,5.1766],[152.5318,76.1401,0.0],[152.5375,76.1375,0.0],[152.5813,76.1375,16.9457],[152.5854,76.1354,17.6083],[152.6021,76.1354,27.5773],[152.6271,76.1208,12.2845],[152.6354,76.1208,23.97],[152.6438,76.1167,0.0],[152.6536,76.1162,9.5512],[152.6583,76.1125,0.0],[152.6667,76.1125,0.0],[152.675,76.1083,0.0],[152.6833,76.1083,0.0],[152.6917,76.1042,0.0],[152.7016,76.1036,1.0567],[152.6964,76.1016,0.0],[152.6979,76.1,0.0],[152.7063,76.1,1.1254],[152.7104,76.0979,0.0],[152.737,76.0974,1.185],[152.7354,76.0958,0.2223],[152.7271,76.0958,0.1474],[152.7193,76.0922,0.0],[152.725,76.0917,0.0],[152.7292,76.0938,0.0582],[152.7333,76.0938,-0.1469],[152.7458,76.0875,0.0],[152.75,76.0875,0.0],[152.7542,76.0896,0.6206],[152.7729,76.0896,6.1193],[152.7813,76.0938,1.8118],[152.787,76.0932,1.3394],[152.7839,76.0911,1.2554],[152.7854,76.0896,0.5929],[152.8062,76.0896,0.0],[152.8271,76.0979,35.2314],[152.8354,76.0979,0.0],[152.8474,76.1026,0.0],[152.8453,76.1057,0.0],[152.8422,76.1068,0.0],[152.8453,76.1099,0.0],[152.8401,76.113,2.2774],[152.8432,76.1151,0.0],[152.8422,76.1182,0.0],[152.8453,76.1193,0.0],[152.8401,76.1234,0.0],[152.8432,76.1266,0.0],[152.8234,76.138,13.0043],[152.8266,76.1412,8.9844],[152.8151,76.1484,27.7583],[152.8182,76.1516,30.1934],[152.8151,76.1526,38.5408],[152.813,76.1557,24.4156],[152.8161,76.1578,20.8629],[152.8109,76.1609,19.3786],[152.8141,76.1641,12.0388],[152.7953,76.1745,4.0574]]],
[[[144.4432,75.7047,0.0],[144.4417,75.7063,0.0],[144.4359,75.7057,0.0],[144.4375,75.7042,0.0],[144.4432,75.7047,0.0]]],
[[[142.4937,75.7188,0.1207],[142.4901,75.7182,1.8321],[142.4859,75.7151,1.7482],[142.4917,75.7146,1.15],[142.4974,75.7172,1.271],[142.4937,75.7188,0.1207]]],
[[[142.4729,75.7312,1.9881],[142.4693,75.7307,1.5494],[142.4651,75.7276,0.3111],[142.4807,75.7276,0.5986],[142.4766,75.7307,1.7076],[142.4729,75.7312,1.9881]]],
[[[144.137,75.7797,0.0],[144.1354,75.7813,0.0],[144.1297,75.7807,0.0],[144.1313,75.7792,0.0],[144.137,75.7797,0.0]]],
[[[142.4078,75.7349,-0.5353],[142.4,75.7354,-0.3535],[142.3984,75.7338,-0.0671],[142.4063,75.7333,0.0],[142.4078,75.7349,-0.5353]]],
[[[141.3537,76.0339,0.2437],[141.3521,76.0354,-0.0202],[141.3464,76.0349,-0.0135],[141.3479,76.0333,0.1578],[141.3537,76.0339,0.2437]]],
[[[141.463,76.0359,1.846],[141.4604,76.0375,0.2205],[141.45,76.0375,1.7812],[141.4458,76.0396,2.0478],[141.4417,76.0396,0.2377],[141.4359,76.037,0.3914],[141.4375,76.0354,0.177],[141.4479,76.0354,0.26],[141.4521,76.0333,0.3184],[141.4745,76.0339,0.1596],[141.4729,76.0354,2.5815],[141.463,76.0359,1.846]]],
[[[141.462,76.0734,0.0],[141.4604,76.075,0.0],[141.4547,76.0745,0.0],[141.4563,76.0729,0.0],[141.462,76.0734,0.0]]],
[[[141.3391,76.0776,0.1405],[141.3375,76.0792,0.4432],[141.3318,76.0787,0.0186],[141.3333,76.0771,0.1318],[141.3391,76.0776,0.1405]]],
[[[141.3188,76.0813,-0.0877],[141.3104,76.0813,0.3309],[141.3089,76.0797,0.3845],[141.3266,76.0797,0.3617],[141.325,76.0813,0.1477],[141.3188,76.0813,-0.0877]]],
[[[141.3484,76.0818,0.1309],[141.3458,76.0833,0.0],[141.3354,76.0833,0.0],[141.3313,76.0854,0.0],[141.3255,76.0849,0.0],[141.3313,76.0813,0.1582],[141.3516,76.0797,0.2327],[141.3484,76.0818,0.1309]]],
[[[141.4271,76.1396,0.0],[141.4349,76.1401,0.0],[141.437,76.1432,0.0],[141.4312,76.1458,0.0],[141.4234,76.1453,0.0],[141.4287,76.1432,0.0],[141.4255,76.1412,0.0],[141.4271,76.1396,0.0]]],
[[[144.125,75.7854,0.0],[144.1292,75.7833,0.0],[144.1349,75.7839,0.0],[144.1292,75.7875,0.0],[144.1151,75.787,0.0],[144.1167,75.7854,0.0],[144.125,75.7854,0.0]]],
[[[143.7287,75.8474,0.0],[143.7229,75.8479,0.0],[143.7214,75.8464,0.0],[143.7271,75.8458,0.0],[143.7287,75.8474,0.0]]],
[[[142.5474,75.8734,0.0],[142.5458,75.875,0.0],[142.5401,75.8745,0.0],[142.5417,75.8729,0.0],[142.5474,75.8734,0.0]]],
[[[144.0828,76.4484,0.0],[144.0813,76.45,0.0],[144.0755,76.4495,0.0],[144.0771,76.4479,0.0],[144.0828,76.4484,0.0]]],
[[[148.4798,76.6391,56.8919],[148.4755,76.6359,0.0],[148.4896,76.6354,0.0],[148.4974,76.638,185.7501],[148.4958,76.6396,292.6504],[148.4798,76.6391,56.8919]]],
[[[148.5188,76.65,146.9586],[148.5125,76.65,13.7852],[148.5109,76.6484,101.4365],[148.5203,76.6484,172.1028],[148.5188,76.65,146.9586]]],
[[[148.6849,76.6787,22.7295],[148.6792,76.6792,14.4753],[148.6776,76.6776,18.0876],[148.6833,76.6771,29.0475],[148.6849,76.6787,22.7295]]],
[[[148.7625,76.7042,0.0],[148.7568,76.7005,0.0],[148.7625,76.7,32.5214],[148.7703,76.7026,18.5449],[148.7688,76.7042,0.0],[148.7625,76.7042,0.0]]],
[[[149.2516,76.6578,0.0],[149.2542,76.6563,0.0],[149.262,76.6568,0.0],[149.2563,76.6604,0.0],[149.2401,76.6599,0.0],[149.2417,76.6583,0.0],[149.2516,76.6578,0.0]]],
[[[149.4479,76.7521,124.1757],[149.4333,76.7521,132.7989],[149.4292,76.7542,138.2511],[149.3958,76.7542,0.0],[149.3917,76.7521,0.0],[149.3833,76.7521,0.0],[149.3792,76.75,0.0],[149.3604,76.75,0.0],[149.3458,76.7438,0.0],[149.3354,76.7438,0.0],[149.3313,76.7417,0.0],[149.3125,76.7417,0.0],[149.3083,76.7396,15.0907],[149.2583,76.7396,77.7487],[149.2542,76.7417,55.769],[149.25,76.7417,68.3871],[149.2396,76.7375,101.4609],[149.2354,76.7375,101.7653],[149.2271,76.7417,80.4476],[149.2125,76.7417,77.9502],[149.2083,76.7396,87.7609],[149.2042,76.7396,93.2329],[149.2,76.7417,34.7913],[149.1938,76.7417,0.0],[149.1896,76.7396,92.1446],[149.1708,76.7396,0.0],[149.1667,76.7375,102.5805],[149.1583,76.7375,47.4832],[149.1542,76.7354,118.3074],[149.1422,76.7349,148.6902],[149.1453,76.7318,169.5202],[149.1422,76.7297,172.8819],[149.1479,76.7271,173.39],[149.1578,76.7266,174.5746],[149.1521,76.7229,180.1728],[149.1458,76.7229,176.2331],[149.1375,76.7271,175.7387],[149.1292,76.7271,176.8405],[149.125,76.7292,179.5716],[149.0979,76.7292,156.4833],[149.0896,76.7333,0.0],[149.0708,76.7333,0.0],[149.0667,76.7354,0.0],[149.0437,76.7354,0.0],[149.0422,76.7338,0.0],[149.0453,76.7318,7.0275],[149.0437,76.7312,27.0606],[149.0167,76.7312,164.4057],[149.0125,76.7292,167.0058],[149.0063,76.7292,164.3394],[149.0021,76.7312,121.4353],[148.9896,76.7312,146.002],[148.9854,76.7292,170.9793],[148.9396,76.7292,79.0429],[148.9354,76.7271,192.0329],[148.925,76.7271,171.2543],[148.9208,76.725,233.8139],[148.8479,76.725,171.7476],[148.8438,76.7229,182.5238],[148.825,76.7229,0.0],[148.8146,76.7188,0.0],[148.8062,76.7188,0.0],[148.7984,76.7161,0.0],[148.8037,76.713,0.0],[148.7984,76.712,0.0],[148.7901,76.7068,6.419],[148.8,76.7063,20.0519],[148.8057,76.7037,115.6058],[148.8,76.7,220.667],[148.7854,76.7,237.017],[148.7813,76.7021,148.3526],[148.7771,76.7021,117.3963],[148.7599,76.6943,275.0772],[148.7479,76.6937,201.0372],[148.7396,76.6896,289.1969],[148.7208,76.6896,130.1313],[148.7167,76.6875,183.7049],[148.7047,76.687,13.5175],[148.7088,76.6839,94.2627],[148.7141,76.6828,101.2677],[148.7125,76.6813,82.9446],[148.6859,76.6828,1.292],[148.6938,76.6792,17.1893],[148.7021,76.6792,18.2975],[148.7104,76.675,54.4581],[148.7203,76.6745,57.3292],[148.7188,76.6729,69.9391],[148.7063,76.6729,91.8822],[148.7021,76.675,59.8197],[148.6958,76.675,60.2006],[148.6943,76.6734,87.8614],[148.6974,76.6713,160.8367],[148.6917,76.6708,213.1252],[148.6849,76.6745,57.1037],[148.675,76.675,33.0188],[148.6667,76.6792,0.0],[148.6521,76.6792,0.0],[148.6505,76.6776,9.1341],[148.6578,76.6734,118.7066],[148.6375,76.6729,263.5081],[148.6359,76.6713,281.6578],[148.6391,76.6693,241.0046],[148.6375,76.6687,268.1942],[148.6229,76.6687,334.0386],[148.6214,76.6703,268.6264],[148.6266,76.6724,314.0175],[148.6187,76.6729,206.7714],[148.613,76.6703,169.7642],[148.6162,76.6682,286.8657],[148.6146,76.6667,320.8361],[148.6021,76.6667,205.9854],[148.5979,76.6687,143.6448],[148.5917,76.6687,115.7788],[148.5901,76.6672,145.7753],[148.5932,76.6651,264.0469],[148.5875,76.6646,202.8933],[148.5807,76.6682,108.912],[148.575,76.6687,121.2886],[148.5646,76.6646,221.6082],[148.5375,76.6646,0.0],[148.5359,76.663,0.0],[148.5391,76.6609,5.8874],[148.5255,76.6557,0.0],[148.5213,76.6526,32.641],[148.5271,76.65,173.7157],[148.5313,76.65,203.6157],[148.5417,76.6542,138.7009],[148.5458,76.6542,214.3353],[148.5474,76.6526,263.4081],[148.5313,76.6458,347.1746],[148.5042,76.6458,77.4998],[148.4984,76.6422,142.2383],[148.5099,76.6412,318.6967],[148.5026,76.637,62.1738],[148.5042,76.6354,0.0],[148.5313,76.6354,0.0],[148.5354,76.6333,0.0],[148.5667,76.6333,0.0],[148.5708,76.6354,0.0],[148.5979,76.6354,0.0],[148.6021,76.6375,12.7686],[148.6167,76.6375,0.0],[148.6208,76.6354,0.0],[148.625,76.6354,0.0],[148.6292,76.6375,0.0],[148.6333,76.6375,0.0],[148.6375,76.6354,0.0],[148.6438,76.6354,0.0],[148.6479,76.6375,0.0],[148.6708,76.6375,0.0],[148.675,76.6354,0.0],[148.6792,76.6354,0.0],[148.6807,76.637,0.0],[148.6776,76.6391,0.0],[148.6792,76.6396,22.2299],[148.7104,76.6375,0.0],[148.7146,76.6396,40.8185],[148.7437,76.6396,0.0],[148.7479,76.6417,0.0],[148.7563,76.6417,0.0],[148.7641,76.6453,44.6801],[148.7589,76.6464,103.7471],[148.7547,76.6495,90.6316],[148.775,76.65,83.5068],[148.7854,76.6542,120.2725],[148.7912,76.6536,89.4934],[148.788,76.6505,48.3977],[148.7912,76.6484,19.0889],[148.7708,76.6479,54.3761],[148.7693,76.6464,40.4582],[148.7724,76.6443,3.7752],[148.7693,76.6422,0.0],[148.775,76.6417,0.0],[148.7833,76.6458,13.3232],[148.825,76.6479,18.6037],[148.8292,76.65,179.8097],[148.8438,76.65,59.3914],[148.8479,76.6479,0.0],[148.862,76.6484,0.0],[148.8604,76.65,15.2364],[148.8505,76.6505,57.012],[148.8521,76.6521,82.1481],[148.8667,76.6521,121.4326],[148.8708,76.65,0.0],[148.8938,76.65,0.0],[148.9021,76.6542,205.084],[148.9063,76.6542,188.0864],[148.9104,76.6521,67.9361],[148.9375,76.6521,0.0],[148.9417,76.65,0.0],[148.9521,76.65,0.0],[148.9563,76.6479,0.0],[148.9688,76.6479,0.0],[148.9807,76.6526,0.0],[148.9734,76.6568,118.6657],[148.975,76.6583,195.9981],[148.9896,76.6583,184.2016],[148.9937,76.6563,150.907],[148.9979,76.6563,136.6865],[149.0021,76.6583,135.1393],[149.0063,76.6583,107.241],[149.0078,76.6568,96.7652],[149.0047,76.6547,37.7434],[149.0063,76.6542,13.0045],[149.025,76.6542,31.3049],[149.0292,76.6521,0.0],[149.0417,76.6521,0.0],[149.0458,76.6542,22.7487],[149.0521,76.6542,20.0939],[149.0562,76.6521,0.0],[149.0604,76.6521,0.0],[149.0646,76.6542,11.5787],[149.0688,76.6542,10.7905],[149.0729,76.6521,0.0],[149.1104,76.6521,1.1823],[149.1146,76.65,0.0],[149.1313,76.65,19.8565],[149.1438,76.6438,0.0],[149.15,76.6438,0.0],[149.1542,76.6458,68.3245],[149.1599,76.6453,134.2365],[149.1505,76.6401,0.0],[149.1563,76.6375,0.0],[149.175,76.6375,0.0],[149.1766,76.6359,0.0],[149.1734,76.6339,0.0],[149.175,76.6333,0.0],[149.1875,76.6333,0.0],[149.1917,76.6354,0.0],[149.2021,76.6354,81.5496],[149.2063,76.6375,101.2444],[149.225,76.6375,0.0],[149.2307,76.6401,0.0],[149.2276,76.6422,107.2406],[149.2292,76.6438,113.2187],[149.2396,76.6438,17.5336],[149.2437,76.6458,11.2221],[149.2542,76.6458,0.0],[149.2583,76.6479,0.0],[149.2682,76.6484,0.0],[149.2667,76.65,0.0],[149.2312,76.65,109.8955],[149.2297,76.6516,95.8568],[149.2328,76.6536,85.6476],[149.2214,76.6547,69.1422],[149.2287,76.6589,0.0],[149.2255,76.662,20.496],[149.2333,76.6646,0.0],[149.2375,76.6646,0.0],[149.2417,76.6625,0.0],[149.2474,76.663,0.0],[149.2417,76.6667,0.0],[149.2318,76.6672,2.3125],[149.2349,76.6703,16.3852],[149.2307,76.6724,46.9911],[149.2208,76.6729,68.3225],[149.2151,76.6755,85.2042],[149.2193,76.6787,75.5052],[149.2245,76.6797,29.5891],[149.2214,76.6828,60.416],[149.2349,76.688,0.0],[149.2318,76.6911,65.7609],[149.2453,76.6964,0.0],[149.2422,76.6995,6.698],[149.2495,76.7026,3.1075],[149.2464,76.7057,1.1128],[149.2667,76.7063,0.0],[149.2745,76.7089,0.0],[149.2693,76.712,44.7155],[149.2828,76.7172,126.5542],[149.2797,76.7203,136.2627],[149.3016,76.7214,0.0],[149.2943,76.7266,112.4616],[149.2995,76.7276,102.0143],[149.3104,76.7333,81.3966],[149.3396,76.7333,0.0],[149.3479,76.7375,1.7604],[149.3667,76.7375,0.0],[149.3708,76.7396,0.0],[149.3813,76.7396,0.0],[149.3854,76.7417,19.1458],[149.4125,76.7417,0.0],[149.4167,76.7438,75.3361],[149.4354,76.7438,24.583],[149.4396,76.7458,99.5868],[149.4604,76.7458,0.0],[149.4661,76.7484,0.0],[149.4604,76.7521,117.4106],[149.4479,76.7521,124.1757]]],
[[[149.287,76.7109,0.0],[149.2854,76.7125,0.0],[149.2797,76.712,0.0],[149.2813,76.7104,0.0],[149.287,76.7109,0.0]]],
[[[149.3167,76.7312,80.1827],[149.313,76.7307,80.1827],[149.3089,76.7276,68.1488],[149.3266,76.7276,0.0],[149.3224,76.7307,68.3667],[149.3167,76.7312,80.1827]]],
[[[149.1266,76.7328,178.7151],[149.1208,76.7333,159.2394],[149.1193,76.7318,182.7983],[149.125,76.7312,180.6747],[149.1266,76.7328,178.7151]]],
[[[149.3328,76.7464,0.0],[149.3313,76.7479,0.0],[149.3255,76.7474,0.0],[149.3271,76.7458,0.0],[149.3328,76.7464,0.0]]],
[[[149.4792,76.7542,116.2954],[149.4714,76.7505,48.174],[149.4792,76.75,0.0],[149.4849,76.7526,0.0],[149.4833,76.7542,59.6593],[149.4792,76.7542,116.2954]]]]}}