{"type":"Feature","properties":{"GID_2":"RUS.80.11_1","GID_0":"RUS","country":"Russia","GID_1":"RUS.80_1","province":"Yamal-Nenets","NL_NAME_1":"Ямало-НенецкийАОк","county":"Tazovskiyrayon","VARNAME_2":"NA","NL_NAME_2":"Тазовскийрайон","TYPE_2":"Raion","ENGTYPE_2":"District","CC_2":"R58020","HASC_2":"RU.YN.TA","name":"Tazovskiyrayon.county"},
"geometry":{"type": "MultiPolygon","coordinates": [[[[78.425,67.5354,0.0],[78.4266,67.537,0.0],[78.4213,67.537,0.0],[78.4213,67.5359,0.0],[78.425,67.5354,0.0]]],
[[[78.863,67.5568,0.0],[78.8662,67.5568,0.0],[78.8662,67.5578,0.0],[78.863,67.5578,0.0],[78.863,67.5568,0.0]]],
[[[78.7963,67.588,1.4242],[78.7932,67.5911,0.0],[78.7839,67.5922,1.4648],[78.7911,67.5964,1.287],[78.7896,67.5979,1.463],[78.7818,67.5974,0.9706],[78.7776,67.5932,0.0],[78.7807,67.5911,0.0],[78.7839,67.5859,0.0],[78.7995,67.5787,0.005],[78.7943,67.5755,0.0],[78.8104,67.5729,0.0],[78.8146,67.5708,0.0],[78.8187,67.5729,0.8896],[78.8375,67.5729,0.0],[78.8438,67.5708,0.0],[78.8516,67.5734,1.2566],[78.8484,67.5755,1.5302],[78.8495,67.5807,0.0],[78.8438,67.5813,0.0],[78.8422,67.5828,1.5749],[78.8458,67.5854,0.0],[78.8521,67.5833,0.0],[78.8562,67.5854,0.0],[78.8588,67.5818,0.0],[78.8662,67.5807,1.923],[78.8667,67.5792,0.0],[78.8662,67.5776,1.111],[78.8588,67.5766,0.0],[78.8588,67.5734,0.0],[78.875,67.5708,1.856],[78.8792,67.5687,0.0],[78.887,67.5693,0.0],[78.8839,67.5724,0.0],[78.8875,67.5729,0.7594],[78.8917,67.5708,0.0],[78.9021,67.5708,1.4045],[78.9063,67.5687,0.0],[78.9167,67.5687,2.0786],[78.9318,67.5609,0.0],[78.9437,67.5604,0.9825],[78.9479,67.5583,0.0],[78.9646,67.5583,0.0],[78.9688,67.5604,1.7366],[78.9833,67.5604,0.0],[78.9912,67.563,0.0],[78.9838,67.5672,1.1211],[78.9849,67.5703,0.0],[78.9776,67.5734,1.2948],[78.9786,67.5766,0.0],[78.9771,67.5771,0.0],[78.9604,67.5792,0.0],[78.9557,67.5755,0.0],[78.9526,67.5755,0.0],[78.9537,67.5787,0.0],[78.9505,67.5807,0.0],[78.9604,67.5813,0.0],[78.962,67.5828,1.2323],[78.9542,67.5833,1.3152],[78.95,67.5854,0.0],[78.9333,67.5854,1.7274],[78.9292,67.5875,0.0],[78.9187,67.5875,1.7928],[78.9063,67.5917,0.0],[78.8938,67.5917,1.2513],[78.8896,67.5938,0.0],[78.8854,67.5917,1.3965],[78.8771,67.5917,0.0],[78.8755,67.5901,0.0],[78.8786,67.588,0.5302],[78.875,67.5854,1.2033],[78.8625,67.5854,1.6875],[78.8526,67.588,0.0],[78.8458,67.5917,0.0],[78.8354,67.5917,0.0],[78.8313,67.5938,0.0],[78.8187,67.5938,0.0],[78.8151,67.5911,0.0],[78.8167,67.5896,0.0],[78.8229,67.5896,1.8036],[78.8271,67.5875,0.0],[78.8391,67.587,0.0],[78.8333,67.5813,0.0],[78.8271,67.5813,0.0],[78.8042,67.5875,0.0],[78.7963,67.588,1.4242]]],
[[[78.213,67.6359,0.0],[78.2161,67.6359,0.0],[78.2161,67.637,0.0],[78.213,67.637,0.0],[78.213,67.6359,0.0]]],
[[[77.7651,67.6693,0.0],[77.7682,67.6693,0.0],[77.7688,67.6708,0.0],[77.7651,67.6703,0.0],[77.7651,67.6693,0.0]]],
[[[77.8042,67.675,0.0],[77.8057,67.6766,0.0],[77.8005,67.6766,0.0],[77.8005,67.6755,0.0],[77.8042,67.675,0.0]]],
[[[77.8333,67.6771,0.0],[77.8349,67.6787,0.0],[77.8297,67.6787,0.0],[77.8297,67.6776,0.0],[77.8333,67.6771,0.0]]],
[[[77.462,67.8193,0.0],[77.4604,67.8208,0.0],[77.4568,67.8203,0.0],[77.4583,67.8187,0.0],[77.462,67.8193,0.0]]],
[[[77.5229,67.9187,0.0],[77.5245,67.9203,0.0],[77.5193,67.9203,0.0],[77.5193,67.9193,0.0],[77.5229,67.9187,0.0]]],
[[[77.588,67.9297,0.0],[77.5911,67.9297,0.0],[77.5911,67.9307,0.0],[77.588,67.9307,0.0],[77.588,67.9297,0.0]]],
[[[77.7688,68.2125,2.0492],[77.7604,68.2125,1.4288],[77.7589,68.2109,1.7688],[77.7807,68.2109,0.2816],[77.7792,68.2125,2.0496],[77.7688,68.2125,2.0492]]],
[[[77.7255,68.6661,0.0],[77.7234,68.663,0.0],[77.7292,68.6604,0.0],[77.7328,68.6609,0.0],[77.7297,68.663,0.0],[77.7307,68.6661,0.0],[77.7255,68.6661,0.0]]],
[[[82.777,68.3785,83.3759],[82.7846,68.3873,85.3134],[82.7815,68.4172,114.286],[82.7508,68.4593,128.4698],[82.7287,68.5005,100.4346],[82.7212,68.5506,85.98],[82.7751,68.5569,72.2195],[82.8819,68.5909,66.461],[82.945,68.6055,109.5149],[82.929,68.6614,115.4387],[82.8826,68.7116,96.316],[82.7895,68.7515,87.4596],[82.6867,68.7763,78.288],[82.6412,68.8001,85.0775],[82.6044,68.8399,103.1234],[82.6009,68.883,103.6506],[82.5699,68.9356,123.5782],[82.5354,68.9719,98.3285],[82.4658,69.0029,114.9313],[82.4327,69.0298,127.1738],[82.4897,69.0487,93.8884],[82.5423,69.0794,86.0573],[82.5208,69.1018,51.7544],[82.4732,69.1274,85.0704],[82.3957,69.1321,60.3932],[82.2735,69.1342,61.2835],[82.1658,69.1557,60.0354],[82.067,69.1581,49.4205],[81.9471,69.1773,66.5599],[81.9275,69.2141,57.7004],[81.9835,69.2577,33.9915],[82.0781,69.289,56.6883],[82.0788,69.3431,63.5782],[81.901,69.3784,77.2014],[81.7942,69.417,77.3566],[81.7234,69.3747,94.1535],[81.7448,69.3133,64.0189],[81.7123,69.2663,58.1831],[81.6267,69.2347,54.3245],[81.5253,69.2262,113.5974],[81.3909,69.2389,65.9956],[81.2737,69.2096,68.1487],[81.1545,69.1876,43.5081],[81.0323,69.1917,37.8511],[80.9064,69.2231,40.4187],[80.808,69.2592,42.0703],[80.7054,69.2806,45.3044],[80.5747,69.2751,40.8411],[80.4202,69.2946,36.0901],[80.3138,69.3135,28.0186],[80.1516,69.3099,33.7328],[80.007,69.3044,36.2826],[79.8883,69.3275,25.573],[79.8524,69.3598,20.7108],[79.7793,69.3948,21.8416],[79.7019,69.4004,21.2282],[79.6203,69.466,22.3655],[79.6029,69.5225,19.6207],[79.5767,69.5705,33.6473],[79.513,69.6209,20.0371],[79.2449,69.6327,24.9865],[79.1172,69.6507,32.146],[79.1376,69.7061,17.4416],[79.1516,69.7356,15.9837],[79.1,69.7682,13.3742],[79.0346,69.8127,19.422],[78.9989,69.8693,52.6153],[79.0588,69.8906,36.96],[79.1363,69.911,9.2114],[79.2124,69.9418,12.8696],[79.3108,70.0116,8.9686],[79.4095,70.0515,10.0685],[79.4034,70.0855,9.4862],[79.4189,70.1199,24.5634],[79.464,70.1432,11.9631],[79.533,70.1374,5.2696],[79.6117,70.1268,31.1875],[79.6288,70.0989,29.3214],[79.6763,70.1166,49.8708],[79.7095,70.1472,52.8934],[79.779,70.199,25.9853],[80.056,70.2798,85.8057],[80.2746,70.3654,78.1982],[80.2811,70.3988,83.7403],[80.4004,70.4189,87.765],[80.491,70.4169,104.7645],[80.6185,70.4176,65.8293],[80.6972,70.4037,7.3581],[80.7835,70.3743,6.7741],[80.8979,70.3707,6.3701],[80.9441,70.3974,6.4318],[80.9277,70.4168,3.1222],[80.8418,70.4367,5.4166],[80.7752,70.4749,9.9556],[80.8071,70.5185,15.2073],[80.8829,70.5635,32.3277],[80.9412,70.6279,28.5784],[80.9091,70.6524,10.0769],[80.8365,70.6585,12.3742],[80.7671,70.6927,25.7166],[80.8047,70.7234,23.8365],[80.8386,70.7623,21.7368],[80.8537,70.7935,31.2356],[80.8086,70.8313,21.0942],[80.7464,70.8692,29.8712],[80.7425,70.9053,59.7547],[80.7358,70.9421,85.3164],[80.7174,70.997,57.9721],[80.6406,71.044,43.9333],[80.4955,71.0563,10.6358],[80.2998,71.0778,4.009],[80.1157,71.1033,52.6414],[79.9523,71.1327,43.3444],[79.8242,71.1997,39.8086],[79.7029,71.2538,24.6063],[79.6071,71.2854,41.1921],[79.4905,71.2886,16.0254],[79.4012,71.3141,5.8458],[79.353,71.3595,8.0509],[79.3295,71.4182,47.4948],[79.3534,71.4558,38.7213],[79.4356,71.4673,46.4141],[79.4672,71.5008,65.1599],[79.4574,71.5396,58.5942],[79.4478,71.598,55.6884],[79.4989,71.6062,41.0303],[79.6787,71.5986,32.1617],[79.8469,71.6013,27.6496],[80.0369,71.6304,24.5038],[80.1709,71.6934,22.4805],[80.2316,71.7519,30.2017],[80.2311,71.7965,31.9984],[80.2535,71.825,39.3041],[80.3548,71.8399,25.24],[80.4705,71.8474,28.6506],[80.4984,71.8705,26.8817],[80.4354,71.9217,28.4972],[80.298,71.9606,28.3223],[80.1177,71.9933,17.9593],[79.9228,72.0128,10.8553],[79.8236,72.0507,5.4322],[79.5229,72.0348,3.6155],[79.2963,72.0456,5.1437],[79.0047,72.1132,4.2515],[78.8136,72.1823,24.6492],[78.7038,72.209,3.1675],[78.6999,72.2321,3.1808],[78.7207,72.2658,11.9455],[78.5838,72.3358,20.0266],[78.5309,72.3724,1.7475],[78.5208,72.3708,1.2462],[78.5172,72.3682,1.5112],[78.5214,72.3651,1.1697],[78.5266,72.3641,1.4376],[78.5245,72.3609,1.7564],[78.5167,72.3604,1.4681],[78.4984,72.3557,0.0],[78.5016,72.3536,0.0],[78.4995,72.3505,1.4787],[78.4854,72.35,1.0267],[78.4729,72.3458,2.2865],[78.4646,72.3479,1.7638],[78.4599,72.3443,2.1683],[78.4505,72.3432,2.0214],[78.4458,72.3396,2.5915],[78.4339,72.3391,0.0],[78.437,72.337,2.2689],[78.4359,72.3339,2.8203],[78.4391,72.3328,2.6316],[78.4359,72.3276,0.0],[78.4583,72.3271,2.5571],[78.4854,72.3187,0.0],[78.5057,72.3161,1.94],[78.5026,72.3109,2.5595],[78.5057,72.3089,2.5157],[78.5026,72.3047,0.0],[78.5057,72.3037,2.3306],[78.5047,72.3005,0.0],[78.5125,72.2979,0.0],[78.5188,72.3,3.0283],[78.525,72.2979,0.0],[78.5354,72.3,2.4134],[78.5396,72.2979,0.0],[78.5563,72.2979,0.0],[78.5604,72.3,0.0],[78.5687,72.3,2.9855],[78.5729,72.2979,0.0],[78.5875,72.2979,1.6835],[78.6021,72.2917,0.0],[78.6146,72.2917,2.3487],[78.6162,72.2901,1.3304],[78.6125,72.2875,0.0],[78.6042,72.2896,0.0],[78.5979,72.2875,2.201],[78.5938,72.2896,1.9843],[78.5792,72.2896,1.9682],[78.575,72.2917,1.5955],[78.5583,72.2917,0.0],[78.5542,72.2896,2.0241],[78.5104,72.2896,1.3562],[78.5062,72.2917,0.0],[78.4917,72.2917,2.7258],[78.4875,72.2937,0.0],[78.4776,72.2943,1.8066],[78.4786,72.2974,0.0],[78.4708,72.2979,1.7818],[78.4651,72.3005,2.3651],[78.4661,72.3037,3.0155],[78.4609,72.3047,2.0373],[78.462,72.3078,0.0],[78.4547,72.3109,2.176],[78.4557,72.3141,1.6874],[78.4542,72.3146,0.0],[78.4396,72.3146,1.39],[78.4354,72.3167,0.0],[78.4208,72.3167,1.4801],[78.4167,72.3187,1.3637],[78.4063,72.3187,0.0],[78.4,72.3167,1.3017],[78.3958,72.3187,0.0],[78.3854,72.3187,0.0],[78.3812,72.3167,1.4393],[78.3729,72.3167,1.1026],[78.3646,72.3208,0.0],[78.3562,72.3208,0.9167],[78.3505,72.3234,1.3928],[78.3521,72.325,0.905],[78.3688,72.325,2.2325],[78.3771,72.3208,0.0],[78.4208,72.3208,0.0],[78.4245,72.3234,0.0],[78.4213,72.3255,1.5393],[78.4224,72.3287,0.0],[78.413,72.3318,1.8606],[78.4161,72.3359,0.0],[78.4146,72.3375,2.4362],[78.4109,72.337,2.1792],[78.4063,72.3333,1.6631],[78.4,72.3333,1.7903],[78.3938,72.3313,1.9418],[78.3922,72.3318,2.4436],[78.3932,72.3349,1.4819],[78.3917,72.3354,1.6634],[78.3693,72.3359,1.6263],[78.3766,72.3391,1.6014],[78.3672,72.3401,1.5903],[78.3682,72.3432,1.5479],[78.3667,72.3438,1.7494],[78.3505,72.3443,1.908],[78.3521,72.3458,2.1583],[78.3578,72.3464,1.8908],[78.3599,72.3484,1.7271],[78.3568,72.3516,1.6832],[78.3604,72.3542,1.5388],[78.3703,72.3536,1.8522],[78.3651,72.3474,2.1542],[78.3667,72.3458,2.2317],[78.3812,72.3458,1.2575],[78.3854,72.3438,1.1892],[78.3938,72.3438,1.4572],[78.4,72.3417,1.5177],[78.4099,72.3443,1.6558],[78.412,72.3474,2.2159],[78.4047,72.3505,1.5985],[78.4057,72.3536,1.6469],[78.3958,72.3542,1.0741],[78.3943,72.3557,1.7806],[78.4141,72.3557,1.6738],[78.4109,72.3505,1.3896],[78.4167,72.3479,2.3072],[78.4417,72.3479,0.0],[78.4479,72.3521,2.1856],[78.4724,72.3568,1.9331],[78.463,72.3609,1.723],[78.4651,72.3641,1.5016],[78.4807,72.3651,1.8062],[78.4729,72.3688,0.0],[78.4521,72.3688,0.856],[78.4505,72.3693,0.856],[78.4516,72.3724,1.0278],[78.4458,72.375,1.2909],[78.4313,72.375,1.3013],[78.4271,72.3771,0.9625],[78.3896,72.3771,1.0737],[78.3854,72.375,1.0734],[78.3604,72.375,1.0476],[78.3588,72.3734,1.1042],[78.362,72.3724,0.9878],[78.3604,72.3708,1.1498],[78.3313,72.3667,0.0],[78.3229,72.3604,1.6086],[78.3089,72.3599,0.5826],[78.3068,72.3568,1.6458],[78.312,72.3557,2.0814],[78.3109,72.3526,0.7237],[78.3182,72.3495,1.4184],[78.3172,72.3464,1.0233],[78.3292,72.3417,1.4035],[78.337,72.3411,1.1638],[78.3271,72.3375,0.0],[78.3193,72.3401,1.1425],[78.3203,72.3432,0.0],[78.3089,72.3443,1.7379],[78.3099,72.3474,0.0],[78.3083,72.3479,0.0],[78.2792,72.3479,1.1471],[78.275,72.3458,1.1832],[78.2708,72.3458,0.9916],[78.2667,72.3479,1.004],[78.25,72.3479,1.3473],[78.2438,72.3438,0.0],[78.225,72.3438,0.8803],[78.2042,72.3375,0.9124],[78.1937,72.3375,1.5366],[78.1854,72.3417,0.9074],[78.175,72.3396,1.9445],[78.1734,72.3401,2.0216],[78.1745,72.3432,3.0687],[78.1729,72.3438,2.4061],[78.1646,72.3417,6.774],[78.163,72.3422,4.1775],[78.1641,72.3453,2.1302],[78.1625,72.3458,3.9315],[78.125,72.3458,1.753],[78.1188,72.3438,1.895],[78.1172,72.3443,1.895],[78.1182,72.3474,1.4239],[78.1068,72.3484,2.8332],[78.1078,72.3516,1.6467],[78.0958,72.3521,4.0328],[78.0922,72.3484,0.6358],[78.1036,72.3474,2.6225],[78.1026,72.3443,2.2692],[78.112,72.3411,0.8932],[78.1104,72.3396,0.9434],[78.0943,72.337,2.0073],[78.0974,72.3349,1.539],[78.0964,72.3318,0.681],[78.1016,72.3307,6.5564],[78.0979,72.3271,4.9858],[78.0917,72.3292,1.8565],[78.0833,72.3292,2.5577],[78.075,72.3333,4.1159],[78.0354,72.3313,0.0],[78.0313,72.3292,1.7841],[77.9979,72.3292,3.6393],[77.9932,72.3255,1.9467],[77.9859,72.3245,1.7972],[77.9891,72.3214,1.8456],[77.9776,72.3224,0.0],[77.9807,72.3193,3.147],[77.9724,72.3109,1.9751],[77.9505,72.3099,2.6377],[77.9557,72.3078,3.0792],[77.9542,72.3063,2.674],[77.9484,72.3068,2.8401],[77.9417,72.3104,3.8876],[77.9187,72.3104,5.7386],[77.9146,72.3083,5.9364],[77.8958,72.3083,0.0],[77.8786,72.2922,4.2631],[77.8729,72.2917,0.0],[77.8714,72.2901,0.0],[77.9083,72.2896,3.5565],[77.9167,72.2854,2.248],[77.9266,72.2849,3.7125],[77.9182,72.2755,3.9573],[77.8792,72.275,3.9668],[77.8776,72.2755,4.2915],[77.8786,72.2786,4.1589],[77.8771,72.2792,4.0623],[77.8708,72.2771,4.5917],[77.8583,72.2771,0.0],[77.8547,72.2745,0.0],[77.8599,72.2724,3.2476],[77.8578,72.2693,4.0005],[77.85,72.2688,3.17],[77.8438,72.2646,3.8251],[77.8214,72.2599,0.0],[77.8182,72.2568,2.32],[77.8109,72.2557,1.7458],[77.8042,72.25,1.4719],[77.788,72.2474,4.4097],[77.7792,72.2396,4.6227],[77.775,72.2396,5.2284],[77.7708,72.2375,5.2468],[77.7568,72.237,0.0],[77.762,72.2338,4.5935],[77.7578,72.2297,2.0373],[77.7505,72.2286,0.0],[77.7536,72.2266,5.9363],[77.7484,72.2203,0.0],[77.7516,72.2172,2.5209],[77.7443,72.2161,0.0],[77.7495,72.213,3.1623],[77.7422,72.2057,1.2892],[77.7453,72.2037,1.7839],[77.7432,72.2005,1.6932],[77.7229,72.2,1.1111],[77.7104,72.1958,1.377],[77.7063,72.1958,1.3087],[77.6937,72.1854,0.0],[77.6818,72.1859,1.5054],[77.6828,72.1891,0.0],[77.6813,72.1896,0.0],[77.6693,72.187,1.4018],[77.6724,72.1849,0.8523],[77.6713,72.1818,0.0],[77.6766,72.1807,0.6456],[77.675,72.1792,0.6678],[77.6583,72.1792,0.6693],[77.6542,72.1813,0.0],[77.6458,72.1813,0.7721],[77.6375,72.1854,0.8986],[77.6229,72.1854,2.188],[77.6188,72.1875,1.1733],[77.6104,72.1854,3.2476],[77.6,72.1896,0.8855],[77.5922,72.1901,0.8987],[77.5932,72.1932,0.0],[77.5917,72.1937,0.0],[77.5693,72.1964,1.6803],[77.5703,72.1995,0.9314],[77.5609,72.2005,1.5722],[77.562,72.2037,0.0],[77.5396,72.2125,5.3423],[77.5333,72.2104,5.9762],[77.525,72.2104,5.9297],[77.5208,72.2125,4.5132],[77.5167,72.2125,1.9037],[77.5125,72.2104,6.1586],[77.4938,72.2104,2.4827],[77.4896,72.2083,4.6639],[77.4812,72.2104,0.0],[77.4766,72.2068,3.897],[77.4693,72.2057,2.6001],[77.4672,72.2037,3.0565],[77.4703,72.2016,4.7417],[77.4693,72.1984,5.0896],[77.4745,72.1974,5.3416],[77.4734,72.1943,0.0],[77.5083,72.1937,0.0],[77.5188,72.1896,0.9827],[77.5266,72.1891,1.602],[77.5255,72.1859,2.7297],[77.5271,72.1854,1.3522],[77.5375,72.1875,1.3016],[77.5432,72.1839,1.5927],[77.5396,72.1813,0.6641],[77.5333,72.1833,1.8371],[77.5214,72.1828,2.7807],[77.5266,72.1807,2.4465],[77.5255,72.1776,2.9598],[77.5286,72.1766,2.5236],[77.5224,72.1693,7.4539],[77.5068,72.1661,4.0887],[77.4995,72.1589,7.1738],[77.4838,72.1557,0.0],[77.4786,72.1505,4.7044],[77.4714,72.1495,0.0],[77.463,72.1412,0.0],[77.4661,72.138,2.0436],[77.4589,72.137,1.2331],[77.4547,72.1328,2.1191],[77.4578,72.1307,0.3851],[77.4578,72.1276,6.7737],[77.4437,72.1271,1.4186],[77.4339,72.1245,2.2611],[77.4224,72.113,0.0],[77.4151,72.112,0.0],[77.4182,72.1099,5.4538],[77.4161,72.1068,5.9063],[77.4125,72.1062,5.8292],[77.4063,72.1083,0.0],[77.3984,72.1016,0.0],[77.4021,72.0979,7.7315],[77.3964,72.0901,0.0],[77.4021,72.0875,5.3058],[77.412,72.087,5.1982],[77.4104,72.0854,5.3399],[77.4026,72.0849,5.3412],[77.4078,72.0828,5.5109],[77.4068,72.0797,0.0],[77.4099,72.0787,6.8399],[77.4089,72.0755,0.0],[77.4167,72.0729,0.4819],[77.4245,72.0724,1.8143],[77.4234,72.0693,0.0],[77.4287,72.0682,7.3008],[77.438,72.063,0.0],[77.4542,72.0625,2.864],[77.4583,72.0604,0.0],[77.4667,72.0604,4.3075],[77.4812,72.0563,0.0],[77.4875,72.0583,5.9565],[77.4979,72.0583,5.6982],[77.5125,72.0542,0.0],[77.5208,72.0542,0.0],[77.525,72.0521,0.0],[77.5313,72.0542,11.5995],[77.5437,72.0542,0.0],[77.5484,72.0578,3.175],[77.5641,72.0609,0.0],[77.5687,72.0646,5.5681],[77.5813,72.0667,0.0],[77.5854,72.0687,2.6316],[77.5979,72.0687,0.0],[77.6042,72.0729,6.7591],[77.6292,72.075,0.0],[77.6438,72.0792,0.0],[77.6604,72.0792,0.0],[77.6646,72.0813,5.599],[77.6771,72.0813,0.0],[77.6896,72.0854,0.0],[77.7,72.0854,0.0],[77.7042,72.0875,0.0],[77.7104,72.0875,0.0],[77.7167,72.0917,5.2753],[77.7271,72.0917,0.0],[77.7396,72.0958,5.2048],[77.7583,72.0958,0.0],[77.7625,72.0979,4.4949],[77.7875,72.0979,0.0],[77.7917,72.1,3.6723],[77.8,72.0979,0.0],[77.8042,72.1,3.3532],[77.8438,72.1,0.0],[77.8479,72.1021,4.4293],[77.8729,72.1021,1.9931],[77.8771,72.1042,4.5561],[77.8833,72.1021,0.0],[77.8896,72.1042,4.2106],[77.9125,72.1021,0.0],[77.9167,72.1042,3.7548],[77.9333,72.1042,4.1395],[77.9396,72.1021,0.0],[77.9437,72.1042,4.4934],[77.9479,72.1042,4.3542],[77.9521,72.1021,0.0],[77.9729,72.1021,3.9285],[77.9771,72.1,0.0],[77.9979,72.1,4.0614],[78.0125,72.0958,0.0],[78.0208,72.0958,3.4037],[78.0292,72.0917,0.0],[78.0479,72.0896,3.4566],[78.0667,72.0813,0.0],[78.075,72.0813,11.495],[78.0901,72.0734,0.0],[78.0953,72.0724,7.8798],[78.0943,72.0693,0.0],[78.1026,72.0651,0.0],[78.1125,72.0646,5.6195],[78.1224,72.0599,4.4866],[78.1214,72.0547,0.0],[78.1328,72.0495,2.5392],[78.1318,72.0463,0.0],[78.137,72.0453,0.0],[78.1568,72.0359,0.0],[78.1661,72.0349,4.6997],[78.1651,72.0318,0.0],[78.1703,72.0307,4.9303],[78.1828,72.0245,5.4293],[78.1818,72.0214,0.0],[78.1953,72.0162,5.7687],[78.1943,72.013,0.0],[78.1995,72.012,3.9377],[78.1984,72.0089,0.0],[78.2099,72.0036,0.0],[78.2089,72.0005,0.0],[78.2224,71.9953,4.0061],[78.2193,71.9901,0.0],[78.2245,71.9891,3.8122],[78.2234,71.9859,0.0],[78.2307,71.9828,2.6334],[78.2276,71.9776,0.0],[78.237,71.9745,2.1152],[78.2338,71.9693,0.0],[78.2412,71.9661,2.3181],[78.2401,71.963,0.0],[78.2453,71.962,2.1623],[78.2443,71.9589,2.1269],[78.2474,71.9578,2.1542],[78.2458,71.9563,2.0616],[78.2401,71.9557,0.0],[78.238,71.9537,0.0],[78.2412,71.9516,2.0902],[78.2401,71.9484,1.1153],[78.2432,71.9474,2.0251],[78.2412,71.9422,1.7974],[78.2245,71.9255,1.3445],[78.2172,71.9245,1.3278],[78.2203,71.9213,1.268],[78.213,71.9203,0.0],[78.2078,71.9151,1.6268],[78.2005,71.9141,0.0],[78.2037,71.9109,1.3305],[78.2016,71.9089,1.3969],[78.1943,71.9078,1.5181],[78.1828,71.8964,0.8968],[78.1708,71.8958,1.6787],[78.1661,71.8922,1.3633],[78.1568,71.8912,0.0],[78.1542,71.8875,1.3618],[78.1578,71.8839,1.4807],[78.1479,71.8812,1.384],[78.1375,71.8833,0.0],[78.1328,71.8797,1.276],[78.1255,71.8786,0.5158],[78.1224,71.8755,1.7174],[78.1068,71.8724,0.8846],[78.0979,71.8646,0.0],[78.0875,71.8646,1.4756],[78.0646,71.8583,1.6152],[78.0542,71.8583,0.8352],[78.0443,71.8557,0.9972],[78.0396,71.8521,1.1733],[78.0271,71.8521,1.2864],[78.0146,71.8479,1.6677],[78.0042,71.8479,1.0698],[77.9938,71.8396,1.2194],[77.9854,71.8396,0.7993],[77.975,71.8438,0.0],[77.9667,71.8438,0.0],[77.9604,71.8396,0.8852],[77.95,71.8396,1.2049],[77.9375,71.8354,1.5673],[77.925,71.8354,0.9352],[77.9208,71.8333,1.6362],[77.9042,71.8333,0.0],[77.8812,71.8271,0.9483],[77.8708,71.8271,0.0],[77.8609,71.8245,1.2062],[77.8641,71.8214,1.279],[77.8542,71.8187,1.2686],[77.8458,71.8208,0.9817],[77.8417,71.8187,0.8387],[77.8292,71.8187,1.185],[77.8208,71.8125,1.508],[77.8125,71.8125,1.2787],[77.8063,71.8146,0.0],[77.7937,71.8104,0.9895],[77.7562,71.8104,0.8817],[77.7547,71.8109,1.3524],[77.7557,71.8141,1.6011],[77.7542,71.8146,1.0307],[77.7271,71.8146,1.3664],[77.7229,71.8167,0.0],[77.7083,71.8125,1.1739],[77.6729,71.8125,0.9742],[77.6687,71.8146,0.0],[77.6646,71.8146,0.0],[77.6604,71.8125,1.2131],[77.6458,71.8125,0.0],[77.6443,71.813,0.0],[77.6453,71.8161,0.0],[77.6354,71.8167,0.8748],[77.6312,71.8187,0.7895],[77.6188,71.8187,1.1798],[77.6146,71.8208,1.0367],[77.6062,71.8208,0.995],[77.6021,71.8229,0.9491],[77.5875,71.8229,0.7086],[77.5833,71.825,0.0],[77.575,71.825,1.1472],[77.5687,71.8229,1.1234],[77.5604,71.8271,0.0],[77.5458,71.8271,0.8604],[77.5375,71.8313,0.0],[77.5188,71.8333,1.0186],[77.5083,71.8375,0.0],[77.4958,71.8375,1.0772],[77.4917,71.8396,0.0],[77.4833,71.8396,1.0224],[77.4714,71.8443,1.4586],[77.4443,71.8568,1.351],[77.4453,71.8599,0.0],[77.4339,71.8609,1.289],[77.4099,71.8724,1.8471],[77.4047,71.8734,3.8484],[77.4057,71.8766,1.5368],[77.3984,71.8797,3.1887],[77.3974,71.8828,1.8403],[77.3901,71.8859,14.4158],[77.3912,71.8891,0.0],[77.3797,71.8901,7.7085],[77.3583,71.9,0.0],[77.338,71.9026,5.7475],[77.3411,71.9078,0.0],[77.3297,71.9089,5.41],[77.3328,71.9141,0.0],[77.3234,71.9151,0.0],[77.3224,71.9182,0.0],[77.3167,71.9208,0.0],[77.2979,71.9229,9.2261],[77.2963,71.9234,9.8567],[77.2974,71.9266,0.0],[77.2958,71.9271,0.0],[77.2875,71.9271,5.8437],[77.2729,71.9313,8.8725],[77.263,71.9318,5.8116],[77.2589,71.9339,8.9562],[77.2599,71.937,0.0],[77.2583,71.9375,0.0],[77.25,71.9375,17.6442],[77.2354,71.9417,0.0],[77.2271,71.9417,2.4664],[77.2146,71.9479,0.0],[77.2063,71.9479,15.2091],[77.1875,71.9563,0.0],[77.1813,71.9563,8.0443],[77.1667,71.9625,0.0],[77.1568,71.963,11.6482],[77.1286,71.9766,0.0],[77.1172,71.9776,10.0771],[77.1182,71.9807,0.0],[77.1167,71.9812,1.2054],[77.1021,71.9812,3.2348],[77.1005,71.9818,8.6607],[77.1016,71.9849,0.0],[77.1,71.9854,0.0],[77.0917,71.9854,5.2085],[77.0771,71.9896,0.0],[77.0687,71.9896,7.9512],[77.0542,71.9938,0.0],[77.0458,71.9938,12.1352],[77.0375,71.9979,0.0],[77.0292,71.9979,12.4069],[77.0146,72.0021,0.0],[77.0062,72.0021,10.0492],[76.9995,72.0057,6.3849],[76.9917,72.0083,0.0],[76.9854,72.0083,8.8411],[76.9771,72.0125,0.0],[76.9688,72.0125,7.2209],[76.9604,72.0167,0.0],[76.9505,72.0172,13.8056],[76.9516,72.0203,0.0],[76.9401,72.0214,5.7474],[76.9411,72.0245,0.0],[76.938,72.0255,1.3681],[76.9391,72.0286,0.0],[76.9292,72.0292,4.3441],[76.9234,72.0328,8.9469],[76.9292,72.0375,0.0],[76.9375,72.0375,1.9407],[76.9437,72.0354,1.3686],[76.9479,72.0375,1.5685],[76.9521,72.0375,1.5624],[76.9537,72.037,1.7081],[76.9526,72.0339,1.221],[76.9542,72.0333,1.2932],[76.9625,72.0333,0.0],[76.9641,72.0349,1.1754],[76.9333,72.0479,1.1853],[76.9271,72.0479,1.3839],[76.9167,72.0521,0.0],[76.9104,72.05,2.0895],[76.9,72.05,2.1837],[76.8917,72.0542,0.0],[76.8729,72.0521,2.9897],[76.8729,72.05,1.0],[76.8891,72.0495,1.0],[76.887,72.0443,1.4356],[76.8833,72.0417,2.2837],[76.8729,72.0417,11.928],[76.8646,72.0458,1.0],[76.8562,72.0458,3.4154],[76.8438,72.0521,0.0],[76.8333,72.05,1.5358],[76.8292,72.0521,0.0],[76.8125,72.0521,0.0],[76.8083,72.05,11.7243],[76.7979,72.05,0.9259],[76.7937,72.0479,11.6726],[76.7625,72.0479,5.4601],[76.7583,72.0458,7.6345],[76.7271,72.0458,0.0],[76.7229,72.0437,12.7724],[76.6979,72.0437,0.0],[76.6937,72.0417,13.8338],[76.6813,72.0417,3.0835],[76.6771,72.0396,10.6643],[76.6604,72.0396,0.0],[76.6563,72.0375,19.7037],[76.6375,72.0375,0.0],[76.6333,72.0354,12.6742],[76.6167,72.0354,0.0],[76.6125,72.0333,7.902],[76.6,72.0333,0.0],[76.5958,72.0313,14.296],[76.5854,72.0313,0.0],[76.5729,72.0271,14.3828],[76.5604,72.0271,0.0],[76.5563,72.025,13.9482],[76.5396,72.025,0.0],[76.5354,72.0229,14.3427],[76.5229,72.0229,0.0],[76.5104,72.0188,11.3623],[76.4854,72.0167,11.0345],[76.4812,72.0146,14.4087],[76.4688,72.0146,0.0],[76.4646,72.0125,14.0442],[76.4479,72.0125,0.0],[76.4417,72.0083,10.5682],[76.4313,72.0104,0.0],[76.4187,72.0062,13.5776],[76.4021,72.0062,0.0],[76.3922,72.0036,0.0],[76.3891,72.0005,1.0084],[76.3818,71.9995,0.0],[76.3833,71.9979,0.0],[76.3912,71.9974,0.8594],[76.3896,71.9958,0.0],[76.3839,71.9953,0.0],[76.3818,71.9932,0.0],[76.387,71.9901,11.4326],[76.3797,71.9828,0.0],[76.3932,71.9766,16.8325],[76.3912,71.9714,1.6224],[76.3896,71.9708,1.345],[76.3547,71.9755,1.2728],[76.3562,71.9771,2.6735],[76.362,71.9776,3.788],[76.3662,71.9828,0.0],[76.3609,71.9849,1.6373],[76.3693,71.9932,1.5861],[76.3766,71.9943,0.0],[76.3786,71.9974,1.2376],[76.3729,71.9979,1.8965],[76.3667,71.9958,2.2069],[76.3625,71.9979,1.4608],[76.3542,71.9979,0.0],[76.3443,71.9953,0.0],[76.3396,71.9917,1.1101],[76.3255,71.9912,0.0],[76.3224,71.9859,1.2063],[76.3068,71.9828,0.0],[76.3021,71.9792,1.2198],[76.288,71.9786,0.0],[76.287,71.9755,1.0543],[76.2833,71.9729,2.0683],[76.2708,71.9729,0.0],[76.2526,71.9682,0.0],[76.2495,71.9651,1.3458],[76.2422,71.9641,0.0],[76.2359,71.9557,1.7195],[76.2375,71.9542,1.8215],[76.2458,71.9542,1.4842],[76.25,71.9563,1.8657],[76.2604,71.9563,1.6966],[76.2646,71.9542,1.7542],[76.2724,71.9537,1.7084],[76.2708,71.9521,2.1742],[76.2583,71.95,2.0632],[76.2542,71.9479,1.2553],[76.225,71.9479,1.0803],[76.2234,71.9495,2.0136],[76.2354,71.95,1.4386],[76.237,71.9516,1.561],[76.2286,71.9557,1.7152],[76.2229,71.9563,0.0],[76.213,71.9537,0.0],[76.2099,71.9505,1.0343],[76.2026,71.9495,1.1474],[76.2005,71.9474,0.7517],[76.2005,71.9443,0.0],[76.2037,71.9432,0.6805],[76.2026,71.9401,1.2573],[76.2078,71.938,1.231],[76.1901,71.9349,0.0],[76.1891,71.9318,0.8507],[76.1854,71.9292,1.8686],[76.1813,71.9292,1.0402],[76.1771,71.9271,2.0666],[76.163,71.9266,0.0],[76.1682,71.9245,7.2075],[76.1667,71.9229,14.6413],[76.1542,71.9229,9.6688],[76.1417,71.9187,14.2383],[76.1312,71.9187,4.167],[76.1188,71.9146,11.2958],[76.1,71.9146,0.0],[76.0938,71.9125,12.0054],[76.0875,71.9146,0.0],[76.0813,71.9104,0.6304],[76.0708,71.9104,0.0],[76.0667,71.9083,1.5737],[76.0563,71.9083,0.0],[76.0521,71.9063,1.6221],[76.0458,71.9063,0.0],[76.0359,71.9036,1.6284],[76.0339,71.8984,1.5343],[76.037,71.8964,1.3806],[76.0328,71.8922,1.3359],[76.0208,71.8917,1.4865],[76.0083,71.8875,1.0332],[75.9964,71.887,1.201],[75.9922,71.8818,0.0],[76.0167,71.8812,0.0],[76.0313,71.8854,0.0],[76.0354,71.8833,0.0],[76.05,71.8833,1.1831],[76.0542,71.8812,0.0],[76.0625,71.8812,0.0],[76.0807,71.8766,6.4031],[76.0797,71.8734,6.2035],[76.0828,71.8714,17.8574],[76.0755,71.8609,0.0],[76.0995,71.8516,6.7222],[76.0922,71.8484,0.0],[76.1,71.8479,1.4854],[76.1078,71.8453,3.4349],[76.1005,71.8422,0.0],[76.1099,71.8411,4.7108],[76.1088,71.8359,2.4822],[76.112,71.8349,2.9957],[76.1109,71.8318,1.3567],[76.1141,71.8307,1.6219],[76.1141,71.8276,0.8119],[76.1088,71.8214,0.0],[76.1203,71.8203,7.1697],[76.1172,71.8151,0.0],[76.1266,71.812,5.0622],[76.1255,71.8089,0.0],[76.1286,71.8078,4.6796],[76.1234,71.7984,0.0],[76.1266,71.7974,0.0],[76.1255,71.7943,0.0],[76.1307,71.7922,8.8567],[76.1234,71.7911,0.0],[76.1266,71.7891,0.0],[76.1214,71.7807,0.0],[76.1245,71.7776,1.8617],[76.1172,71.7766,0.0],[76.1203,71.7745,0.0],[76.1214,71.7714,1.1844],[76.1286,71.7682,5.4772],[76.1234,71.7599,7.5886],[76.1266,71.7578,1.4897],[76.1255,71.7547,1.4725],[76.1307,71.7536,7.8148],[76.1297,71.7505,0.0],[76.1391,71.7474,7.0007],[76.1339,71.7401,0.0],[76.1391,71.7391,1.1566],[76.138,71.7359,1.279],[76.1412,71.7349,1.7548],[76.1401,71.7318,0.0],[76.1479,71.7292,1.8812],[76.1557,71.7286,7.343],[76.1547,71.7255,0.0],[76.1599,71.7245,6.1916],[76.1589,71.7214,0.0],[76.1682,71.7182,10.9283],[76.1672,71.7151,0.0],[76.1703,71.713,1.7232],[76.1672,71.7089,0.0],[76.1787,71.7078,1.895],[76.1755,71.7026,0.0],[76.1854,71.7021,1.771],[76.1937,71.6979,0.9243],[76.2021,71.6979,1.1949],[76.2104,71.6937,0.7956],[76.2188,71.6937,1.2135],[76.2203,71.6932,1.2135],[76.2193,71.6901,1.1368],[76.2276,71.6859,0.0],[76.2354,71.6833,0.0],[76.2432,71.6828,1.6725],[76.2422,71.6797,0.0],[76.262,71.6724,1.8752],[76.2609,71.6693,0.0],[76.2745,71.6641,1.522],[76.2734,71.6609,1.1475],[76.2771,71.6583,1.1873],[76.2755,71.6547,0.0],[76.2797,71.6526,0.0],[76.3245,71.6516,1.4379],[76.3229,71.65,7.5419],[76.3104,71.65,0.5],[76.3063,71.6479,5.6713],[76.3,71.65,0.5],[76.2839,71.6495,0.9174],[76.2818,71.6464,0.0],[76.2891,71.6432,11.2027],[76.2891,71.6401,21.3951],[76.2849,71.6359,20.2649],[76.2776,71.6349,0.0],[76.2703,71.6276,10.717],[76.263,71.6266,0.0],[76.263,71.6234,0.0],[76.2662,71.6214,12.0197],[76.2589,71.6203,0.0],[76.2547,71.6151,0.0],[76.2599,71.613,1.6375],[76.2578,71.6109,9.6279],[76.2505,71.6099,0.0],[76.2536,71.6078,17.6984],[76.2526,71.6047,10.1941],[76.2578,71.6036,16.1622],[76.2526,71.5964,0.0],[76.2599,71.5911,2.0952],[76.2589,71.588,0.0],[76.2724,71.5828,1.554],[76.2714,71.5797,1.893],[76.2766,71.5787,1.9543],[76.2755,71.5755,1.4842],[76.2854,71.5708,0.0],[76.2953,71.5703,2.1309],[76.3167,71.5604,0.0],[76.325,71.5604,0.6836],[76.3292,71.5583,0.0],[76.3354,71.5604,1.7817],[76.3417,71.5583,0.0],[76.35,71.5583,2.0882],[76.3542,71.5604,1.0547],[76.3708,71.5604,1.1534],[76.3771,71.5583,1.9506],[76.3812,71.5604,0.6421],[76.3896,71.5604,1.9985],[76.3922,71.5568,1.7398],[76.3953,71.5557,1.93],[76.3901,71.5484,1.86],[76.4021,71.5437,1.4896],[76.412,71.5443,0.4238],[76.4203,71.5526,0.4148],[76.4151,71.5557,1.8598],[76.4172,71.5578,1.8082],[76.4245,71.5589,0.6909],[76.4213,71.5609,2.0065],[76.4229,71.5625,1.7784],[76.4271,71.5625,0.6284],[76.4313,71.5646,2.1235],[76.4458,71.5646,2.7591],[76.4521,71.5625,2.2419],[76.4646,71.5667,2.1838],[76.4812,71.5667,1.7309],[76.487,71.5641,1.1468],[76.4859,71.5609,0.7229],[76.4912,71.5589,1.9431],[76.4729,71.5542,1.6309],[76.4625,71.5542,1.9169],[76.4583,71.5521,0.8573],[76.4542,71.5521,1.763],[76.4495,71.5484,1.3654],[76.4422,71.5474,1.6341],[76.4375,71.5437,1.2363],[76.4292,71.5437,1.9601],[76.425,71.5458,1.9351],[76.4208,71.5458,0.5459],[76.4193,71.5453,1.0044],[76.4193,71.5422,1.222],[76.4396,71.5417,1.7504],[76.4474,71.5391,1.4585],[76.4464,71.5359,0.835],[76.4479,71.5354,0.0],[76.4833,71.5313,1.3885],[76.4938,71.5271,0.8484],[76.5,71.5271,1.3307],[76.5078,71.5245,1.2899],[76.5068,71.5214,1.5576],[76.5083,71.5208,1.3043],[76.5167,71.5208,1.5008],[76.5208,71.5229,1.6442],[76.5313,71.5229,1.5354],[76.5375,71.525,0.7442],[76.5391,71.5245,0.3955],[76.5391,71.5214,1.1329],[76.525,71.5208,1.4424],[76.5234,71.5193,1.6913],[76.5396,71.5188,1.5959],[76.5411,71.5182,1.5356],[76.5401,71.5151,0.0],[76.5417,71.5146,0.0],[76.55,71.5146,1.4792],[76.5646,71.5104,0.0],[76.5833,71.5083,15.2908],[76.5849,71.5078,13.9629],[76.5839,71.5047,0.0],[76.5953,71.5036,4.9958],[76.5943,71.5005,0.0],[76.6021,71.5,6.1454],[76.6099,71.4974,15.0464],[76.6088,71.4943,0.0],[76.6162,71.4912,0.0],[76.6151,71.488,0.0],[76.6203,71.487,12.174],[76.613,71.4838,0.0],[76.6224,71.4828,13.5046],[76.6214,71.4797,14.9206],[76.6307,71.4766,9.632],[76.6297,71.4734,0.0],[76.6417,71.4688,0.0],[76.6479,71.4688,11.2246],[76.6583,71.4646,0.0],[76.6771,71.4646,2.1587],[76.6875,71.4604,0.0],[76.7042,71.4583,1.0291],[76.7146,71.4542,0.0],[76.7333,71.4542,1.9586],[76.7375,71.4521,1.6064],[76.7458,71.4521,0.5],[76.7542,71.4479,0.0],[76.775,71.4479,1.8227],[76.7833,71.4437,0.0],[76.7917,71.4437,0.0],[76.7958,71.4417,0.0],[76.8083,71.4417,0.0],[76.8125,71.4396,0.0],[76.8208,71.4396,1.6927],[76.825,71.4375,0.0],[76.8375,71.4375,1.4017],[76.8391,71.437,1.6529],[76.838,71.4339,0.0],[76.8396,71.4333,0.0],[76.8604,71.4333,1.6997],[76.862,71.4328,1.5792],[76.8609,71.4297,0.0],[76.8688,71.4271,0.0],[76.8771,71.4292,1.615],[76.8854,71.425,0.0],[76.9042,71.4229,1.0213],[76.9125,71.4187,0.0],[76.9333,71.4187,2.0802],[76.9479,71.4146,0.0],[76.9625,71.4146,1.5795],[76.9667,71.4125,0.0],[77.0125,71.4125,1.5272],[77.0188,71.4104,0.0],[77.0229,71.4125,1.318],[77.0333,71.4125,0.4794],[77.0375,71.4146,1.4871],[77.05,71.4146,1.12],[77.0599,71.4172,0.0],[77.0609,71.4203,0.9372],[77.075,71.4229,0.2172],[77.0766,71.4224,1.3579],[77.0755,71.4193,1.2637],[77.0787,71.4172,1.5317],[77.0734,71.4109,0.0],[77.0833,71.4104,1.1153],[77.0901,71.4068,0.0],[77.0979,71.4063,0.9121],[77.1021,71.4042,0.0],[77.1104,71.4042,0.8168],[77.125,71.4,0.0],[77.1349,71.3995,1.1024],[77.1474,71.3932,16.8097],[77.1464,71.388,14.0447],[77.1495,71.3859,12.8078],[77.1464,71.3818,4.7878],[77.1557,71.3786,14.5463],[77.1526,71.3734,0.0],[77.162,71.3703,14.1429],[77.1609,71.3672,0.0],[77.1703,71.3662,13.3194],[77.1693,71.363,0.0],[77.1745,71.362,0.0],[77.188,71.3547,0.0],[77.1995,71.3536,5.5582],[77.2078,71.3495,8.42],[77.2068,71.3464,0.0],[77.2146,71.3438,0.0],[77.2208,71.3438,10.3519],[77.2354,71.3375,0.0],[77.2417,71.3375,1.7203],[77.2542,71.3313,0.0],[77.2688,71.3313,9.6981],[77.2771,71.3271,1.4935],[77.2854,71.3271,1.1893],[77.2896,71.325,0.0],[77.2974,71.3245,2.0995],[77.2963,71.3214,0.0],[77.2979,71.3208,0.0],[77.3042,71.3208,0.0],[77.3083,71.3187,0.0],[77.3229,71.3187,2.1076],[77.3313,71.3146,0.0],[77.3411,71.3141,0.7785],[77.3479,71.3104,0.0],[77.3667,71.3083,2.2883],[77.3812,71.3042,0.0],[77.4021,71.3042,1.2242],[77.4146,71.2979,0.0],[77.4292,71.2979,0.0],[77.4437,71.2937,0.0],[77.4563,71.2937,0.9789],[77.4604,71.2917,0.0],[77.4812,71.2917,1.7273],[77.4854,71.2896,1.08],[77.5062,71.2896,1.5131],[77.5104,71.2875,0.0],[77.5167,71.2896,1.6069],[77.55,71.2896,0.0],[77.5526,71.2859,0.0],[77.562,71.2849,19.5859],[77.5729,71.2792,0.0],[77.5875,71.2792,9.0079],[77.5917,71.2771,0.0],[77.6042,71.2771,6.4946],[77.6083,71.275,0.0],[77.6229,71.275,9.25],[77.6312,71.2708,0.0],[77.6349,71.2714,13.3779],[77.637,71.2734,12.9264],[77.6339,71.2766,11.2452],[77.638,71.2807,9.4759],[77.6479,71.2813,15.7347],[77.6578,71.2766,11.4071],[77.6557,71.2734,8.8673],[77.65,71.2729,9.7589],[77.6484,71.2714,12.0209],[77.6667,71.2667,0.0],[77.6729,71.2667,1.7771],[77.6771,71.2646,0.0],[77.7,71.2646,0.0],[77.7099,71.2672,0.0],[77.7083,71.2688,0.0],[77.6984,71.2693,6.224],[77.6901,71.2734,9.1217],[77.6911,71.2766,0.0],[77.6818,71.2797,0.0],[77.6776,71.2828,10.9386],[77.6818,71.287,3.3061],[77.6891,71.288,0.0],[77.6964,71.2953,7.4306],[77.7037,71.2963,0.0],[77.7047,71.2995,0.6521],[77.7146,71.3021,5.1931],[77.7333,71.3021,8.0629],[77.7417,71.3104,1.0067],[77.7458,71.3104,0.0632],[77.75,71.3125,9.6041],[77.7667,71.3125,1.7907],[77.7729,71.3104,0.0],[77.7771,71.3125,0.0454],[77.7979,71.3125,11.9045],[77.8083,71.3083,0.0],[77.8354,71.3083,3.0038],[77.8453,71.3109,2.6248],[77.8474,71.3141,1.0064],[77.8339,71.3193,2.7536],[77.8354,71.3208,2.3136],[77.8516,71.3182,2.6954],[77.8505,71.3151,0.9273],[77.8562,71.3125,1.4064],[77.8646,71.3125,0.0],[77.8828,71.3172,0.4309],[77.8891,71.3234,0.9994],[77.8854,71.325,0.8923],[77.8812,71.3229,1.1383],[77.8604,71.3229,2.0458],[77.8562,71.325,0.0],[77.8401,71.3255,1.2393],[77.8411,71.3287,0.0],[77.838,71.3307,0.1718],[77.8438,71.3313,0.0],[77.8453,71.3328,0.4995],[77.8354,71.3333,0.4303],[77.8339,71.3349,0.0],[77.8417,71.3417,0.0],[77.8458,71.3417,0.0],[77.8583,71.3458,0.7636],[77.8688,71.3458,0.0],[77.875,71.3479,0.0],[77.8828,71.3453,2.2775],[77.8818,71.3422,1.3483],[77.8875,71.3396,0.9233],[77.9146,71.3396,1.1319],[77.9208,71.3375,0.3095],[77.925,71.3396,1.0655],[77.9333,71.3396,1.1448],[77.9396,71.3375,0.0],[77.9437,71.3396,0.0],[77.9542,71.3396,0.0],[77.9583,71.3417,0.6188],[77.9625,71.3417,0.0],[77.9661,71.3453,0.3766],[77.9563,71.35,0.2318],[77.9479,71.3479,0.8601],[77.9375,71.3521,0.1672],[77.9297,71.3526,0.6672],[77.9328,71.3578,0.0],[77.9297,71.3599,0.0],[77.9333,71.3646,1.3639],[77.9563,71.3646,0.0],[77.9604,71.3625,0.6692],[77.9688,71.3625,0.5561],[77.9917,71.3688,0.3379],[77.9958,71.3667,0.0],[78.0042,71.3667,1.592],[78.0083,71.3646,1.4142],[78.0349,71.3641,3.3248],[78.0349,71.3609,2.7501],[78.0328,71.3588,0.806],[78.0255,71.3578,1.749],[78.0193,71.3516,0.555],[78.0286,71.3484,1.5737],[78.013,71.3453,0.8253],[78.0078,71.3401,1.9161],[78.0005,71.3391,0.4849],[77.9974,71.3339,1.6226],[77.9917,71.3333,0.6022],[77.9875,71.3354,0.6231],[77.9792,71.3354,0.5303],[77.975,71.3333,0.9184],[77.9583,71.3333,0.7465],[77.9542,71.3313,0.9258],[77.9422,71.3307,1.0487],[77.9453,71.3287,1.4504],[77.9443,71.3255,0.7758],[77.9526,71.3214,1.3373],[77.9604,71.3187,0.5525],[77.9745,71.3182,0.8083],[77.9734,71.3151,0.4288],[77.9771,71.3125,0.3734],[77.9724,71.3068,2.3417],[77.9604,71.3042,0.8458],[77.9526,71.3068,2.0094],[77.9542,71.3083,2.1156],[77.9599,71.3089,1.4045],[77.9641,71.313,0.5547],[77.9583,71.3167,1.3342],[77.9437,71.3125,1.6091],[77.9271,71.3125,1.9531],[77.9255,71.3109,1.7509],[77.9287,71.3089,1.9258],[77.9213,71.3078,1.9505],[77.9193,71.3057,1.7646],[77.9266,71.3005,2.8768],[77.9229,71.3,3.0311],[77.9167,71.3021,2.2656],[77.9109,71.2974,8.962],[77.9125,71.2958,9.6929],[77.9333,71.2958,9.8057],[77.9391,71.2932,10.4844],[77.9375,71.2917,9.3265999999999991],[77.9229,71.2917,8.785],[77.9187,71.2937,8.3785],[77.9104,71.2937,13.3826],[77.9005,71.2849,0.0],[77.9036,71.2828,8.2086],[77.9026,71.2797,0.0],[77.912,71.2766,5.7056],[77.9104,71.275,7.3797],[77.9047,71.2745,4.9506],[77.9026,71.2724,0.0],[77.9057,71.2693,11.0036],[77.9026,71.2651,0.0],[77.9099,71.2599,12.8655],[77.9089,71.2568,0.0],[77.912,71.2547,15.0741],[77.9089,71.2505,0.0],[77.9141,71.2495,6.1276],[77.913,71.2464,2.3578],[77.9161,71.2453,5.5416],[77.9151,71.2422,7.9221],[77.9224,71.2391,16.9132],[77.9213,71.2359,0.0],[77.9391,71.2338,0.0],[77.9464,71.2412,8.5908],[77.9583,71.2417,0.0],[77.962,71.2443,0.0],[77.963,71.2474,12.1089],[77.9807,71.2505,0.0],[77.9828,71.2557,0.0],[77.9755,71.2599,10.3111],[77.9828,71.2609,0.0],[77.9896,71.2667,0.6719],[78.0,71.2667,0.0],[78.0042,71.2688,2.5543],[78.0521,71.2688,13.7633],[78.0604,71.2646,0.0],[78.0792,71.2625,17.1688],[78.0875,71.2583,0.0],[78.1,71.2583,2.5444],[78.1042,71.2562,0.0],[78.1125,71.2562,8.1215],[78.1167,71.2542,0.0],[78.1229,71.2562,13.449],[78.1312,71.2562,12.5631],[78.1328,71.2557,12.5637],[78.1318,71.2526,6.501],[78.1333,71.2521,6.501],[78.1542,71.2521,7.8126],[78.1604,71.25,0.0],[78.1667,71.2521,17.0142],[78.1813,71.2479,0.0],[78.1958,71.2479,0.0],[78.2021,71.25,-0.258],[78.2063,71.2479,0.0],[78.2167,71.2479,0.0],[78.2266,71.2505,0.2541],[78.225,71.2521,0.5689],[78.2104,71.2521,0.0167],[78.1964,71.2589,1.5796],[78.1979,71.2604,0.9949],[78.2063,71.2604,2.6602],[78.213,71.2568,0.0103],[78.2208,71.2562,0.037],[78.225,71.2542,0.0331],[78.2333,71.2542,1.9663],[78.2375,71.2521,0.0471],[78.2562,71.2521,1.4315],[78.2646,71.2479,0.0],[78.2729,71.2479,5.0945],[78.2745,71.2474,14.1742],[78.2734,71.2443,0.0],[78.2813,71.2438,2.4941],[78.2896,71.2396,0.0],[78.2979,71.2396,7.3568],[78.2995,71.2391,11.5114],[78.2984,71.2359,0.0],[78.3078,71.2349,14.7275],[78.3068,71.2318,0.627],[78.3099,71.2307,1.3772],[78.3089,71.2276,0.0],[78.3141,71.2266,0.7489],[78.312,71.2234,0.1348],[78.2963,71.2203,0.0],[78.3037,71.2161,1.2832],[78.3005,71.2109,0.5232],[78.3042,71.2083,13.9707],[78.3016,71.2047,14.9651],[78.2943,71.2037,8.1385],[78.2974,71.2005,13.0502],[78.2943,71.1964,1.7497],[78.3078,71.1901,7.9081],[78.3,71.1896,1.741],[78.3,71.1875,2.3402],[78.2963,71.1849,2.1762],[78.2995,71.1818,11.7184],[78.2922,71.1734,6.0743],[78.3083,71.1729,1.2232],[78.3099,71.1713,2.0463],[78.3078,71.1693,2.8137],[78.3005,71.1682,0.9518],[78.2958,71.1646,5.8443],[78.2839,71.1641,0.0],[78.287,71.1609,1.6909],[78.2818,71.1547,1.0017],[78.2937,71.15,0.0],[78.3021,71.15,0.0],[78.312,71.1526,1.2455],[78.3187,71.1604,8.6329],[78.3292,71.1604,0.1189],[78.3349,71.1578,6.208],[78.3328,71.1547,1.5525],[78.3271,71.1542,1.5663],[78.3224,71.1505,0.6119],[78.3151,71.1495,2.4725],[78.3068,71.1412,0.0],[78.312,71.138,2.638],[78.3047,71.137,4.3365],[78.3078,71.1339,1.1135],[78.3042,71.1333,0.0171],[78.2958,71.1375,5.0599],[78.2797,71.138,2.2201],[78.2755,71.1412,1.843],[78.2813,71.1417,2.0558],[78.2828,71.1432,2.2884],[78.275,71.1458,2.2871],[78.2651,71.1432,0.0],[78.263,71.1401,0.8596],[78.2662,71.138,2.222],[78.2589,71.137,1.1054],[78.262,71.1349,1.8721],[78.2599,71.1318,1.8637],[78.2526,71.1307,1.05],[78.2505,71.1286,0.0],[78.2521,71.1271,0.3639],[78.2625,71.1271,1.148],[78.2688,71.1292,1.5778],[78.2745,71.1266,0.6979],[78.2729,71.125,0.86],[78.2672,71.1245,1.7188],[78.2609,71.1182,0.0],[78.2646,71.1167,2.0695],[78.2688,71.1188,2.7227],[78.2724,71.1182,0.3744],[78.2672,71.1099,0.7522],[78.2703,71.1068,1.7659],[78.2651,71.1016,0.0],[78.2682,71.0984,1.073],[78.2651,71.0922,0.0],[78.2724,71.0891,9.7233],[78.2672,71.0818,1.8563],[78.2729,71.0792,1.8796],[78.2771,71.0792,0.1077],[78.2813,71.0813,3.0228],[78.2917,71.0813,0.9903],[78.2979,71.0833,1.5892],[78.3078,71.0787,8.6954],[78.3042,71.075,8.3825],[78.2937,71.075,1.6347],[78.2839,71.0724,2.0076],[78.287,71.0703,4.4111],[78.2859,71.0672,1.1057],[78.2979,71.0625,0.0],[78.3161,71.0599,1.675],[78.3151,71.0568,0.0],[78.3167,71.0563,0.0],[78.3313,71.0563,2.0605],[78.3375,71.0542,1.2884],[78.3391,71.0557,2.4873],[78.3359,71.0578,1.4517],[78.3495,71.0589,2.7691],[78.3443,71.062,1.9803],[78.3604,71.0646,4.8771],[78.3604,71.0667,1.4954],[78.3516,71.0703,1.3252],[78.3422,71.0714,3.4207],[78.3432,71.0745,2.1992],[78.3396,71.0771,0.5958],[78.3411,71.0807,0.5428],[78.338,71.0828,6.3535],[78.3453,71.0839,-0.5039],[78.3484,71.087,9.4017],[78.3604,71.0875,-0.2969],[78.3667,71.0917,0.274],[78.3708,71.0917,-1.0666],[78.375,71.0938,6.1183],[78.3854,71.0938,0.0954],[78.3896,71.0958,2.1273],[78.4104,71.0958,-0.2303],[78.4146,71.0938,0.237],[78.4187,71.0938,0.2721],[78.425,71.1,5.5179],[78.4667,71.1,9.4891],[78.4912,71.0891,1.0821],[78.4901,71.0859,0.2536],[78.4995,71.0849,2.2785],[78.4984,71.0818,1.6059],[78.5016,71.0807,1.6997],[78.5,71.0792,1.7244],[78.4943,71.0787,0.1742],[78.4891,71.0714,1.4973],[78.4734,71.0682,-0.0776],[78.4672,71.062,0.5355],[78.4703,71.0599,1.2713],[78.4693,71.0568,-0.0577],[78.4807,71.0568,0.3001],[78.488,71.0641,1.3868],[78.4917,71.0646,1.2831],[78.4932,71.0641,1.024],[78.4922,71.0609,-0.5225],[78.4974,71.0599,2.1704],[78.4964,71.0568,2.0164],[78.5167,71.0563,3.1771],[78.525,71.0521,2.2547],[78.5313,71.0521,3.1251],[78.5432,71.0474,3.611],[78.5422,71.0443,3.0207],[78.5495,71.0411,3.5082],[78.5417,71.0333,1.8027],[78.5146,71.0292,1.3247],[78.5083,71.025,2.8105],[78.5,71.025,3.2396],[78.4938,71.0271,-0.0155],[78.4875,71.0229,3.4795],[78.4833,71.0229,3.1353],[78.4792,71.0208,3.9558],[78.4688,71.0208,0.0458],[78.4651,71.0182,0.2304],[78.463,71.013,6.5072],[78.4661,71.0109,1.0715],[78.463,71.0068,2.1119],[78.4661,71.0057,0.5951],[78.4651,71.0026,0.0],[78.4745,70.9995,15.2149],[78.4714,70.9943,0.0],[78.4745,70.9922,13.7999],[78.4693,70.987,0.0],[78.4724,70.9838,7.6135],[78.4693,70.9776,2.7477],[78.4724,70.9755,1.2228],[78.4682,70.9714,5.656],[78.4609,70.9703,2.9514],[78.4578,70.9672,1.1968],[78.4521,70.9667,0.0],[78.4505,70.9651,0.6138],[78.4641,70.9599,1.9462],[78.4589,70.9526,2.1146],[78.4661,70.9484,2.2905],[78.462,70.9422,3.1764],[78.4547,70.9411,1.2757],[78.462,70.9359,2.0762],[78.4537,70.9276,-0.559],[78.4437,70.9271,1.216],[78.4375,70.9292,1.5105],[78.4276,70.9266,1.029],[78.4234,70.9224,1.5412],[78.4287,70.9193,2.2375],[78.4213,70.9182,0.0],[78.4172,70.913,1.5495],[78.4203,70.912,2.4704],[78.4193,70.9089,2.3093],[78.4266,70.9057,1.2568],[78.425,70.9021,2.1836],[78.4271,70.9,1.5687],[78.4437,70.8979,0.8779],[78.4479,70.8958,0.0],[78.475,70.8958,0.0],[78.4849,70.8984,0.0],[78.4776,70.9026,1.3336],[78.4786,70.9057,0.3048],[78.4693,70.9089,1.0007],[78.4724,70.9141,0.2285],[78.4693,70.9161,0.6605],[78.4766,70.9172,-0.0712],[78.4838,70.9245,0.4327],[78.4912,70.9255,0.17],[78.4943,70.9287,1.5449],[78.5062,70.9292,0.0],[78.5109,70.9328,0.0],[78.5266,70.9359,0.0],[78.5286,70.9401,0.0],[78.5255,70.9422,1.4269],[78.5271,70.9437,2.4246],[78.5375,70.9437,0.0],[78.5422,70.9474,5.3396],[78.5495,70.9484,0.0],[78.5542,70.9521,14.7349],[78.5813,70.9521,1.3254],[78.5854,70.95,0.0],[78.5958,70.95,0.8979],[78.5974,70.9537,2.0147],[78.5943,70.9557,12.9115],[78.5979,70.9583,2.4909],[78.6188,70.9583,0.8804],[78.6307,70.9537,-0.0937],[78.6297,70.9505,0.2674],[78.6328,70.9495,7.35],[78.6271,70.9437,0.3136],[78.6188,70.9458,0.0643],[78.6146,70.9437,8.3652],[78.6026,70.9432,0.0],[78.6042,70.9417,0.0],[78.6479,70.9396,0.3887],[78.6521,70.9375,0.6756],[78.6599,70.937,7.6915],[78.6708,70.9313,11.0891],[78.6787,70.9307,13.4586],[78.6854,70.9271,0.0],[78.6937,70.9271,2.5011],[78.6979,70.925,0.0],[78.7042,70.925,0.9346],[78.7104,70.9229,0.0],[78.7161,70.9287,0.9267],[78.7125,70.9292,1.0215],[78.7063,70.9271,1.1857],[78.6943,70.9328,1.6067],[78.6979,70.9354,3.1629],[78.7208,70.9354,1.2883],[78.7266,70.9318,3.2846],[78.7208,70.9313,0.2656],[78.7193,70.9297,1.1821],[78.7333,70.9271,0.0],[78.7375,70.9292,9.3231],[78.7542,70.9292,1.3394],[78.7667,70.9333,1.8792],[78.7896,70.9333,0.9599],[78.8026,70.9453,0.5367],[78.8208,70.9458,1.0576],[78.8276,70.9516,2.6372],[78.8349,70.9526,0.0],[78.8313,70.9563,0.845],[78.8339,70.9599,4.7349],[78.8557,70.9609,0.0],[78.8557,70.9641,13.2485],[78.8542,70.9646,14.5954],[78.8354,70.9646,13.4666],[78.8292,70.9667,0.0],[78.8245,70.963,10.4877],[78.8208,70.9625,5.7175],[78.8063,70.9667,0.0],[78.7937,70.9667,2.5821],[78.7911,70.9703,1.1647],[78.787,70.9724,0.0],[78.7776,70.9734,1.228],[78.7818,70.9786,1.871],[78.7953,70.9797,0.0],[78.7922,70.9828,1.7649],[78.7984,70.9891,0.0],[78.8057,70.9901,0.0],[78.8104,70.9938,7.2321],[78.8375,70.9938,7.1558],[78.8417,70.9917,0.0],[78.8495,70.9912,0.0],[78.8578,70.987,0.0],[78.8568,70.9838,0.0],[78.862,70.9828,0.0],[78.8609,70.9797,0.0],[78.8641,70.9786,6.9012],[78.863,70.9755,0.0],[78.8662,70.9745,4.0177],[78.8588,70.9651,14.7727],[78.8708,70.9646,3.2684],[78.8833,70.9688,1.1732],[78.8917,70.9688,8.0626],[78.8958,70.9667,1.5666],[78.9036,70.9661,9.8538],[78.9026,70.963,0.0],[78.9042,70.9625,0.0],[78.9375,70.9625,0.0],[78.9417,70.9646,2.5786],[78.9807,70.9651,0.0],[78.9838,70.9703,5.2661],[78.9912,70.9714,0.0],[78.9958,70.975,3.2183],[79.0078,70.9755,9.7204],[79.0141,70.9818,8.6466],[79.0125,70.9833,4.3994],[79.0047,70.9838,2.1781],[79.0057,70.987,1.6604],[78.9984,70.9912,6.1303],[79.0057,70.9922,0.0],[79.0104,70.9958,9.9343],[79.0271,70.9958,0.0],[79.037,70.9984,10.596],[79.0432,71.0047,0.0],[79.038,71.0068,1.3934],[79.0396,71.0083,0.5674],[79.0563,71.0083,11.1401],[79.0604,71.0062,0.0],[79.0729,71.0062,0.0],[79.0771,71.0042,0.0],[79.0849,71.0036,9.7568],[79.0776,70.9943,9.4032],[79.0854,70.9917,0.0],[79.0932,70.9912,0.0],[79.1057,70.9849,1.8921],[79.1,70.9792,7.0449],[79.0714,70.9745,3.1708],[79.0745,70.9724,2.2974],[79.0734,70.9693,0.0],[79.0787,70.9682,2.6264],[79.0729,70.9625,2.4096],[79.0625,70.9625,0.0],[79.0583,70.9604,4.6966],[79.0479,70.9604,2.4627],[79.0437,70.9583,2.4474],[79.0396,70.9583,2.1813],[79.0349,70.9547,2.6118],[79.0276,70.9537,0.5444],[79.0307,70.9505,1.2558],[79.0125,70.95,2.2905],[79.0062,70.9458,13.4153],[78.9979,70.9458,7.7956],[78.9901,70.9484,4.2976],[78.9912,70.9516,11.3024],[78.9896,70.9521,11.2792],[78.9859,70.9516,8.4029],[78.9818,70.9474,7.8038],[78.9833,70.9458,3.3273],[78.9917,70.9458,9.0105],[78.9984,70.9422,0.0],[79.0062,70.9417,2.0121],[79.0104,70.9396,0.0],[79.0188,70.9396,14.7633],[79.025,70.9417,10.7241],[79.0266,70.9411,10.6521],[79.0255,70.938,6.6306],[79.0297,70.9359,0.0],[79.0375,70.9333,0.0],[79.0453,70.9328,5.3514],[79.0443,70.9297,0.0],[79.0474,70.9276,0.0],[79.0375,70.925,1.1012],[79.0271,70.925,0.0],[79.0224,70.9213,1.3999],[79.0188,70.9208,1.2538],[79.0146,70.9229,0.9032],[79.0005,70.9234,1.4081],[78.9964,70.9255,0.0],[78.9938,70.9292,0.0],[78.975,70.9313,0.5244],[78.9714,70.9287,1.4763],[78.9745,70.9255,1.4338],[78.9609,70.9245,1.3178],[78.9589,70.9213,1.2139],[78.962,70.9193,0.9199],[78.9542,70.9167,0.9632],[78.95,70.9167,1.6082],[78.9458,70.9146,1.5147],[78.9333,70.9146,0.0],[78.9292,70.9104,1.6466],[78.9063,70.9104,1.5573],[78.9021,70.9125,0.37],[78.8984,70.912,0.0],[78.9026,70.9089,0.6408],[78.9078,70.9078,1.2214],[78.9203,70.9016,1.5],[78.9193,70.8984,0.0],[78.9208,70.8979,1.2591],[78.9354,70.8979,0.0],[78.9417,70.9,1.552],[78.95,70.8958,0.0],[78.9583,70.8979,0.0],[78.9661,70.8953,0.0],[78.9609,70.888,0.0],[78.9667,70.8854,0.0],[78.9745,70.8849,0.761],[78.9729,70.8833,1.3363],[78.9333,70.8833,8.0158],[78.9187,70.8875,3.0367],[78.9104,70.8875,4.543],[78.9047,70.8901,10.0955],[78.9057,70.8932,0.0],[78.8979,70.8938,8.8847],[78.8922,70.8964,4.3306],[78.8932,70.8995,0.0],[78.8901,70.9016,3.372],[78.8932,70.9057,0.0],[78.888,70.9078,10.7217],[78.8953,70.9151,0.0],[78.8922,70.9182,0.0],[78.8995,70.9255,0.0],[78.8943,70.9287,8.5962],[78.9167,70.9333,0.0],[78.9203,70.9359,0.0],[78.9104,70.9417,8.95],[78.9021,70.9417,10.5709],[78.8979,70.9396,10.6573],[78.8938,70.9396,9.6393],[78.8891,70.9359,7.2831],[78.8818,70.9349,2.419],[78.8797,70.9328,4.8655],[78.8812,70.9313,7.274],[78.8891,70.9307,6.6665],[78.887,70.9276,6.6144],[78.8625,70.9271,0.0],[78.8547,70.9203,0.0],[78.8599,70.9172,1.545],[78.8557,70.913,0.9903],[78.85,70.9125,-0.2322],[78.8484,70.9109,-0.1683],[78.8662,70.9057,8.9051],[78.8651,70.9026,-1.0075],[78.8724,70.8974,3.7981],[78.8688,70.8938,7.5073],[78.8542,70.8938,8.0906],[78.8438,70.8979,16.4929],[78.8146,70.9,2.2884],[78.813,70.9005,2.2778],[78.8141,70.9036,0.178],[78.8109,70.9047,0.7667],[78.8146,70.9083,1.7182],[78.8313,70.9083,0.3299],[78.8354,70.9104,0.5935],[78.8396,70.9104,0.3679],[78.8432,70.913,1.3347],[78.8417,70.9146,1.2552],[78.8333,70.9125,1.0446],[78.8292,70.9146,0.3433],[78.825,70.9146,0.0],[78.8208,70.9104,1.3646],[78.763,70.9099,1.5278],[78.7703,70.9057,2.531],[78.7667,70.9042,-0.0041],[78.7542,70.9104,2.0857],[78.7479,70.9083,2.3908],[78.7396,70.9083,2.2389],[78.7312,70.9125,0.0],[78.7167,70.9125,2.1744],[78.7125,70.9104,3.9031],[78.7063,70.9125,3.64],[78.6958,70.9125,3.8372],[78.6917,70.9104,9.4789],[78.65,70.9104,1.8869],[78.6438,70.9083,0.7339],[78.6292,70.9125,2.2111],[78.6229,70.9125,2.2252],[78.6188,70.9146,0.0],[78.6042,70.9146,1.8128],[78.6,70.9167,0.0],[78.5875,70.9167,8.8471],[78.5833,70.9187,0.0],[78.5771,70.9167,9.6237],[78.5667,70.9167,0.0],[78.5625,70.9146,12.8279],[78.5417,70.9146,0.0],[78.5313,70.9187,0.4776],[78.5214,70.9161,1.7071],[78.5167,70.9125,1.542],[78.5026,70.9099,0.0],[78.5057,70.9068,0.5945],[78.5016,70.9026,0.0],[78.4943,70.9016,0.0],[78.4974,70.8984,4.0995],[78.4901,70.8974,0.0],[78.487,70.8943,6.0874],[78.4792,70.8917,0.94],[78.4563,70.8938,0.0],[78.4437,70.8896,2.678],[78.4375,70.8917,0.0],[78.4229,70.8917,0.0],[78.4083,70.8875,6.4984],[78.4068,70.888,6.3117],[78.4078,70.8912,0.0],[78.4042,70.8917,0.0],[78.4,70.8896,0.7766],[78.3896,70.8896,1.1494],[78.3833,70.8875,1.9038],[78.3776,70.8912,0.0601],[78.3917,70.8938,0.5555],[78.3932,70.8953,0.0],[78.3833,70.8958,0.893],[78.3818,70.8964,0.9567],[78.3828,70.8995,1.08],[78.3786,70.9016,1.4615],[78.3693,70.9026,-1.254],[78.3703,70.9057,1.1892],[78.3672,70.9068,1.1699],[78.3682,70.9099,0.0],[78.3547,70.9151,1.1638],[78.3557,70.9182,0.9212],[78.3526,70.9193,1.0883],[78.3536,70.9224,0.0],[78.3479,70.925,0.0],[78.3375,70.9229,1.2936],[78.3333,70.925,1.0334],[78.3125,70.925,0.8873],[78.2979,70.9208,1.7412],[78.2963,70.9224,0.7867],[78.2995,70.9255,1.9579],[78.2979,70.9271,0.6311],[78.2854,70.9271,1.9809],[78.2813,70.9292,0.82],[78.2729,70.9292,2.0287],[78.2688,70.9271,1.9522],[78.2646,70.9271,2.1534],[78.2604,70.9292,2.0404],[78.2458,70.9292,0.8655],[78.2412,70.9255,1.4866],[78.2292,70.9229,1.9774],[78.225,70.925,0.3983],[78.2188,70.925,1.9374],[78.2172,70.9266,1.4956],[78.2354,70.9271,1.9262],[78.237,70.9287,2.0769],[78.2229,70.9292,1.3535],[78.2172,70.9318,0.0],[78.2182,70.9349,0.5231],[78.2,70.9396,0.4501],[78.1937,70.9396,0.7913],[78.1922,70.9401,0.7937],[78.1932,70.9432,0.795],[78.1854,70.9437,0.8162],[78.175,70.9479,0.0],[78.1687,70.9458,0.6857],[78.1568,70.9453,-2.2373],[78.1583,70.9437,0.8523],[78.1745,70.9432,1.2497],[78.1729,70.9417,1.7617],[78.1625,70.9417,1.606],[78.1583,70.9396,0.269],[78.1484,70.9422,1.4933],[78.1375,70.9479,0.685],[78.1146,70.9458,0.6351],[78.1083,70.9417,1.868],[78.0958,70.9458,0.0],[78.0917,70.9437,1.6967],[78.075,70.9437,1.369],[78.0687,70.9417,1.2452],[78.0625,70.9437,0.4525],[78.0563,70.9417,1.3729],[78.0537,70.9453,1.1618],[78.0479,70.9479,0.0],[78.0354,70.9479,0.7205],[78.0339,70.9484,1.6946],[78.0349,70.9516,0.0],[78.0333,70.9521,0.0],[78.025,70.95,1.7871],[78.0234,70.9505,1.9261],[78.0245,70.9537,0.0],[78.013,70.9547,1.8867],[78.0162,70.9589,0.0],[78.0146,70.9604,0.0],[78.0083,70.9604,2.0293],[77.9938,70.9646,0.0],[77.9833,70.9625,1.2767],[77.9792,70.9646,1.9522],[77.9604,70.9646,7.8692],[77.9563,70.9667,4.9331],[77.9396,70.9688,0.0],[77.9292,70.9729,0.0],[77.9213,70.9734,2.2057],[77.9224,70.9766,0.0],[77.9151,70.9797,1.1968],[77.9161,70.9849,0.0],[77.913,70.9859,1.8222],[77.9141,70.9891,0.0],[77.9109,70.9901,0.7106],[77.9141,70.9953,0.4037],[77.9089,70.9964,1.2948],[77.9161,71.0047,0.0],[77.913,71.0068,0.7625],[77.9141,71.012,0.0],[77.9109,71.013,1.8703],[77.9161,71.0193,0.0],[77.913,71.0214,1.8137],[77.9141,71.0266,0.6207],[77.9068,71.0297,2.2558],[77.9078,71.0328,0.6246],[77.9047,71.0339,0.7698],[77.9078,71.0391,0.0],[77.9026,71.0401,2.0724],[77.9057,71.0443,0.0],[77.9026,71.0463,0.6915],[77.9036,71.0495,0.0],[77.9005,71.0505,1.3094],[77.8995,71.0537,0.0],[77.8922,71.0568,2.6005],[77.8953,71.062,0.0],[77.8859,71.0651,2.3358],[77.887,71.0682,0.0],[77.8797,71.0714,2.1506],[77.8828,71.0766,0.0],[77.8693,71.0818,1.6182],[77.8703,71.0849,0.0],[77.863,71.088,2.1233],[77.862,71.0911,0.0],[77.8547,71.0943,1.4197],[77.8557,71.0974,0.0],[77.8464,71.1005,2.2539],[77.8474,71.1036,0.8668],[77.8401,71.1068,1.8026],[77.8411,71.1099,0.0],[77.8208,71.1125,1.4392],[77.8193,71.113,2.1888],[77.8203,71.1162,0.8447],[77.8109,71.1172,2.7038],[77.812,71.1203,0.0],[77.8016,71.1245,1.3054],[77.7833,71.1271,1.0173],[77.7729,71.1312,0.0],[77.7542,71.1312,2.8316],[77.7479,71.1333,0.0],[77.7417,71.1312,6.3857],[77.7333,71.1354,0.0],[77.7229,71.1333,1.8014],[77.7146,71.1375,0.0],[77.675,71.1375,1.4056],[77.6604,71.1417,0.0],[77.6417,71.1417,2.4108],[77.6375,71.1438,0.0],[77.6229,71.1438,2.4131],[77.6188,71.1458,2.1684],[77.6,71.1458,2.1868],[77.5958,71.1479,2.1963],[77.5875,71.1479,2.6766],[77.5833,71.15,1.219],[77.5583,71.15,2.56],[77.5542,71.1521,1.0396],[77.5505,71.1516,2.516],[77.5453,71.1464,0.7407],[77.5417,71.1458,0.7521],[77.5401,71.1474,0.7226],[77.5432,71.1505,2.195],[77.5432,71.1536,2.5666],[77.5354,71.1542,13.7179],[77.5313,71.1563,0.0],[77.5229,71.1542,17.8123],[77.5188,71.1563,1.6061],[77.5042,71.1563,4.2004],[77.5,71.1583,0.6707],[77.4812,71.1583,17.9359],[77.4771,71.1604,0.0],[77.4688,71.1583,12.4599],[77.4604,71.1625,0.0],[77.4521,71.1625,2.3723],[77.4479,71.1646,0.0],[77.3167,71.1646,0.0],[77.3125,71.1625,33.2041],[77.2958,71.1625,0.0],[77.2833,71.1583,18.8463],[77.275,71.1604,0.0],[77.2708,71.1583,5.035],[77.2542,71.1583,0.6051],[77.2479,71.1563,11.0091],[77.2438,71.1583,1.1845],[77.1729,71.1604,1.4405],[77.1687,71.1625,0.0],[77.1563,71.1625,1.686],[77.1521,71.1646,0.0],[77.1438,71.1646,0.8002],[77.1422,71.1651,0.8761],[77.1432,71.1682,0.0],[77.1417,71.1687,0.0],[77.1104,71.1708,1.0189],[77.1062,71.1729,0.9116],[77.0979,71.1729,1.2096],[77.0854,71.1687,1.9521],[77.0708,71.1687,0.0],[77.0693,71.1693,1.5506],[77.0703,71.1724,0.0],[77.0625,71.175,0.0],[77.0375,71.175,1.2061],[77.0313,71.1771,0.0],[77.025,71.175,1.2051],[77.0208,71.1771,0.0],[77.0104,71.1771,0.0],[77.0062,71.175,1.2192],[76.9958,71.175,0.0],[76.9917,71.1729,1.2962],[76.9812,71.1729,1.3712],[76.9604,71.1667,1.8448],[76.9521,71.1687,0.0],[76.9474,71.1651,1.5424],[76.9422,71.1641,1.2624],[76.9339,71.1557,1.6288],[76.9354,71.1542,1.0896],[76.9516,71.1536,1.8248],[76.9495,71.1505,1.584],[76.9422,71.1495,0.0],[76.9437,71.1479,0.0],[76.9521,71.1479,2.4339],[76.9583,71.15,2.5258],[76.9667,71.1458,1.9163],[76.9771,71.1479,2.1199],[76.9828,71.1453,2.1963],[76.9729,71.1417,1.9764],[76.9667,71.1438,2.0625],[76.9583,71.1438,2.306],[76.9484,71.1412,0.0],[76.95,71.1396,0.0],[76.9641,71.1391,2.0323],[76.9609,71.1349,2.0543],[76.9609,71.1318,2.0995],[76.9688,71.1312,2.0077],[76.9703,71.1297,1.9921],[76.963,71.1286,2.1371],[76.9589,71.1234,0.0],[76.9688,71.1229,1.8862],[76.9703,71.1214,0.0],[76.9661,71.1172,0.775],[76.9589,71.1162,0.8386],[76.9547,71.112,1.5995],[76.9599,71.1099,1.7753],[76.9589,71.1068,0.0],[76.962,71.1057,0.9483],[76.9578,71.1005,1.469],[76.9479,71.1,0.0],[76.9375,71.1042,0.0],[76.9318,71.0995,0.0],[76.9349,71.0974,1.2645],[76.9339,71.0922,1.7332],[76.9354,71.0917,1.9307],[76.9391,71.0922,1.8041],[76.9458,71.0979,0.0],[76.9537,71.0953,0.9263],[76.9464,71.0849,1.2103],[76.9495,71.0818,1.7363],[76.9474,71.0797,1.8508],[76.9417,71.0792,0.0],[76.9401,71.0776,0.0],[76.9437,71.0771,1.7206],[76.9437,71.075,1.9428],[76.9578,71.0766,1.4926],[76.9557,71.0734,1.9488],[76.9484,71.0724,1.6613],[76.9516,71.0703,2.1245],[76.9505,71.0672,1.2658],[76.9557,71.0651,1.8099],[76.9537,71.063,3.6752],[76.9464,71.062,2.8263],[76.9417,71.0583,2.3082],[76.9333,71.0583,0.9922],[76.9318,71.0599,2.2056],[76.9391,71.0609,0.9994],[76.9432,71.0682,1.9912],[76.9208,71.0687,0.0],[76.9141,71.063,0.6977],[76.9,71.0604,1.1498],[76.8984,71.0589,0.7826],[76.9036,71.0578,1.5043],[76.9026,71.0547,1.5288],[76.9099,71.0516,1.8882],[76.9089,71.0463,1.1516],[76.9213,71.0401,0.0],[76.9313,71.0396,2.0429],[76.9354,71.0375,0.0],[76.9479,71.0375,0.0],[76.9641,71.0307,15.5948],[76.963,71.0276,0.0],[76.9661,71.0255,5.8446],[76.9641,71.0234,0.5559],[76.9589,71.0224,0.0],[76.9484,71.0109,0.0],[76.9599,71.0099,2.0748],[76.9724,71.0036,3.8475],[76.9729,71.0021,2.8845],[76.9667,70.9958,1.4785],[76.9521,70.9958,1.9584],[76.9479,70.9979,2.047],[76.9437,70.9979,1.9811],[76.9437,70.9958,2.3714],[76.9401,70.9932,0.0],[76.9458,70.9896,0.0],[76.9557,70.9891,1.6932],[76.9542,70.9875,1.1487],[76.9484,70.987,0.0],[76.9516,70.9838,0.0],[76.9458,70.9771,1.6895],[76.9495,70.9734,2.3655],[76.9437,70.9729,0.0],[76.9422,70.9714,0.0],[76.9599,70.9641,2.2267],[76.9589,70.9609,2.4147],[76.962,70.9589,2.3962],[76.9599,70.9568,1.7073],[76.9547,70.9557,1.7085],[76.9495,70.9505,2.6385],[76.9422,70.9495,1.9315],[76.9375,70.9458,2.8423],[76.9167,70.9458,0.0],[76.9151,70.9474,0.0],[76.9172,70.9495,2.6719],[76.9307,70.9505,0.0],[76.9339,70.9537,0.0],[76.9391,70.9547,0.0],[76.9432,70.9589,0.0],[76.9401,70.9609,1.9559],[76.9411,70.9641,1.8205],[76.9359,70.9651,2.0986],[76.9391,70.9693,0.0],[76.9359,70.9714,0.8893],[76.937,70.9745,0.0],[76.9318,70.9755,1.7029],[76.9359,70.9807,2.5862],[76.9432,70.9818,0.0],[76.9401,70.9838,2.3896],[76.9411,70.987,2.2946],[76.9375,70.9875,2.2268],[76.925,70.9833,2.2084],[76.8896,70.9833,2.1545],[76.888,70.9849,2.0074],[76.8932,70.9912,0.6149],[76.888,70.9932,2.1918],[76.8917,70.9958,0.9731],[76.9,70.9958,0.997],[76.9042,70.9938,1.2835],[76.9271,70.9938,1.495],[76.9307,70.9974,0.0],[76.9255,70.9995,1.8636],[76.9354,71.0021,2.2822],[76.9474,71.0026,0.0],[76.9443,71.0047,1.8037],[76.9453,71.0078,0.0],[76.9359,71.0109,1.2144],[76.937,71.0141,0.669],[76.9339,71.0162,1.7064],[76.9411,71.0172,0.0],[76.9495,71.0286,0.0],[76.9464,71.0297,0.0],[76.9453,71.0328,0.6862],[76.9396,71.0354,1.0632],[76.9083,71.0354,0.7427],[76.9042,71.0375,0.0],[76.8943,71.038,0.0],[76.8953,71.0411,0.0],[76.888,71.0443,1.9406],[76.8891,71.0495,0.0],[76.8818,71.0526,1.1652],[76.8833,71.0563,1.6992],[76.8797,71.0599,2.0909],[76.887,71.0609,0.0],[76.8839,71.063,2.1051],[76.8849,71.0682,1.8805],[76.8755,71.0693,1.9147],[76.8766,71.0724,1.1969],[76.8734,71.0745,1.0519],[76.8896,71.0729,2.001],[76.8943,71.0766,2.0268],[76.9016,71.0776,0.9332],[76.9036,71.0797,1.322],[76.8984,71.0828,1.9444],[76.9057,71.0839,0.0],[76.9078,71.0859,0.0],[76.9047,71.0891,0.0],[76.9078,71.0953,0.0],[76.9047,71.0974,1.7581],[76.9099,71.1036,0.0],[76.9047,71.1057,1.9306],[76.912,71.113,0.0],[76.9104,71.1146,0.0],[76.9005,71.1151,1.9166],[76.9021,71.1167,1.7816],[76.9078,71.1172,0.7689],[76.9047,71.1193,1.2287],[76.9057,71.1224,0.0],[76.8875,71.1208,0.5256],[76.8776,71.1182,1.7626],[76.8745,71.1151,2.023],[76.8672,71.1141,1.5113],[76.8651,71.1109,2.0021],[76.8682,71.1099,1.1334],[76.8693,71.1068,1.5247],[76.8724,71.1047,1.9795],[76.8667,71.1,2.2076],[76.863,71.1005,0.8226],[76.8641,71.1036,0.759],[76.8583,71.1062,2.1797],[76.8401,71.1057,0.0],[76.8391,71.1026,0.6159],[76.8333,71.1021,0.0],[76.8318,71.1005,0.0],[76.8349,71.0995,0.7639],[76.8339,71.0964,0.0],[76.8417,71.0958,1.8597],[76.8432,71.0943,1.1258],[76.8297,71.0911,0.0],[76.8276,71.0891,0.0],[76.8307,71.087,0.6844],[76.8287,71.0839,0.0],[76.825,71.0833,0.0],[76.8187,71.0854,2.1699],[76.812,71.0797,2.1974],[76.8,71.0792,0.498],[76.7974,71.0755,1.2012],[76.7875,71.0729,1.7884],[76.7771,71.075,1.9498],[76.7562,71.0687,0.2999],[76.7458,71.0729,1.8675],[76.738,71.0734,1.8725],[76.7312,71.0771,0.4768],[76.7214,71.0776,0.9672],[76.725,71.0813,1.7004],[76.737,71.0818,1.013],[76.7391,71.0839,0.3411],[76.7359,71.0859,1.6613],[76.738,71.0911,1.7737],[76.7479,71.0938,0.6927],[76.7542,71.0917,0.8813],[76.7646,71.0917,1.5713],[76.7688,71.0938,0.9767],[76.7979,71.0938,1.8697],[76.8042,71.0979,1.9883],[76.8125,71.0979,0.629],[76.8141,71.0964,0.8763],[76.8109,71.0922,1.7891],[76.8141,71.0911,0.3771],[76.8151,71.088,2.0633],[76.8203,71.088,1.8955],[76.8214,71.0911,1.8996],[76.8266,71.0964,1.0854],[76.8234,71.0984,1.2865],[76.8255,71.1036,0.9234],[76.8318,71.1099,1.8176],[76.8474,71.113,0.0],[76.8422,71.1162,0.3544],[76.8578,71.1193,0.0],[76.863,71.1245,1.5861],[76.8703,71.1255,1.3054],[76.8828,71.1401,0.0],[76.8776,71.1432,1.2344],[76.8849,71.1443,0.0],[76.8818,71.1474,0.0],[76.8901,71.1578,1.5381],[76.8938,71.1604,1.7881],[76.9078,71.163,0.0],[76.9141,71.1693,0.0],[76.9089,71.1724,1.74],[76.9161,71.1734,1.3604],[76.9182,71.1766,1.5335],[76.9125,71.1792,0.0],[76.8979,71.1792,1.5152],[76.8938,71.1813,0.0],[76.8625,71.1813,1.7108],[76.8583,71.1833,0.0],[76.825,71.1833,2.2411],[76.8167,71.1875,0.4714],[76.7875,71.1875,0.0],[76.7833,71.1854,1.8878],[76.7625,71.1854,2.1189],[76.7562,71.1875,0.0],[76.7521,71.1854,2.2347],[76.7354,71.1854,2.4944],[76.7312,71.1875,1.1068],[76.7063,71.1875,2.3084],[76.7021,71.1896,0.76],[76.6833,71.1917,0.8295],[76.6792,71.1937,0.0],[76.6583,71.1937,1.8635],[76.6542,71.1958,0.0],[76.6417,71.1958,1.8569],[76.6375,71.1979,0.0],[76.6292,71.1958,7.784],[76.625,71.1979,0.0],[76.6208,71.1979,0.0],[76.6167,71.1937,14.1581],[76.5979,71.1937,1.139],[76.5938,71.1917,2.0716],[76.5771,71.1917,0.0],[76.5729,71.1896,2.267],[76.5375,71.1896,0.0],[76.5339,71.187,2.1156],[76.537,71.1849,1.6932],[76.537,71.1818,2.3025],[76.525,71.1813,0.5071],[76.5208,71.1792,2.1396],[76.5167,71.1792,3.2852],[76.5151,71.1807,2.8445],[76.5193,71.1849,1.7849],[76.5266,71.1859,0.6336],[76.5286,71.1891,1.9423],[76.5062,71.1896,1.7614],[76.5021,71.1917,0.0],[76.4771,71.1917,1.7485],[76.4729,71.1937,0.0],[76.45,71.1937,4.4458],[76.4484,71.1922,4.6787],[76.4516,71.1911,4.7349],[76.4516,71.188,2.1306],[76.4396,71.1875,3.5572],[76.4339,71.1911,1.8766],[76.4396,71.1917,1.8923],[76.4411,71.1932,3.354],[76.4333,71.1937,3.1759],[76.4292,71.1958,0.0],[76.3833,71.1958,0.0],[76.3792,71.1979,0.0],[76.3396,71.1979,6.9353],[76.3354,71.2,0.0],[76.3063,71.2,0.0],[76.3021,71.1979,17.0537],[76.2917,71.1979,0.0],[76.2875,71.1958,17.7417],[76.2667,71.1958,1.0111],[76.2625,71.1979,0.0],[76.2479,71.1979,0.6874],[76.2412,71.2016,0.5744],[76.2333,71.2021,0.9272],[76.2292,71.2042,0.3066],[76.1958,71.2042,0.5285],[76.1896,71.2063,0.0],[76.1833,71.2042,0.7683],[76.1792,71.2063,0.3928],[76.1708,71.2063,1.1036],[76.1667,71.2083,0.1842],[76.1479,71.2083,0.427],[76.1438,71.2104,1.0824],[76.1375,71.2104,1.5282],[76.1375,71.2083,2.1448],[76.1432,71.2078,2.1481],[76.1422,71.2047,1.9061],[76.1458,71.2042,2.0113],[76.1521,71.2063,2.0773],[76.1536,71.2057,2.0832],[76.1526,71.2026,1.6194],[76.1578,71.2016,1.9075],[76.1542,71.1979,2.2004],[76.1458,71.2,1.8222],[76.1396,71.1979,1.9238],[76.1354,71.2,0.4117],[76.1271,71.2,1.6634],[76.1188,71.2042,2.2133],[76.1042,71.2042,1.6754],[76.0984,71.2078,2.0791],[76.1104,71.2083,1.9191],[76.112,71.2099,1.785],[76.0958,71.2104,1.3704],[76.0896,71.2125,0.653],[76.0797,71.2099,0.9369],[76.0766,71.2047,1.849],[76.0693,71.2037,0.0236],[76.0672,71.2005,0.012],[76.0771,71.2,1.5394],[76.0813,71.1979,-0.6451],[76.0875,71.2,0.6707],[76.0938,71.1979,-0.6998],[76.1021,71.1979,-0.1281],[76.1083,71.2,0.9028],[76.1255,71.1922,-0.2503],[76.1333,71.1917,1.7033],[76.1412,71.1891,1.7856],[76.1495,71.1849,1.41],[76.1422,71.1818,-1.1695],[76.1557,71.1766,1.7187],[76.1568,71.1734,0.9868],[76.1646,71.1729,1.7978],[76.1661,71.1713,2.089],[76.162,71.1651,2.0364],[76.1438,71.1604,0.2167],[76.1208,71.1604,0.4588],[76.1167,71.1625,0.1205],[76.0896,71.1625,1.4757],[76.0854,71.1604,1.892],[76.075,71.1604,0.6749],[76.0693,71.1547,-1.8079],[76.0771,71.1521,0.3841],[76.0896,71.1521,-1.8647],[76.0911,71.1505,0.8156],[76.0687,71.15,1.7843],[76.0609,71.1536,1.8396],[76.0708,71.1646,1.4159],[76.0875,71.1646,-1.6368],[76.0917,71.1667,1.798],[76.1021,71.1667,1.7321],[76.1062,71.1646,-0.2316],[76.1396,71.1646,1.4896],[76.1495,71.1682,0.3151],[76.1359,71.1734,1.5691],[76.137,71.1766,0.0157],[76.1328,71.1787,0.0823],[76.1214,71.1797,0.2725],[76.1,71.1896,1.1346],[76.0875,71.1896,1.2554],[76.0833,71.1917,1.3226],[76.0687,71.1917,0.0299],[76.0646,71.1937,-0.4674],[76.0568,71.1943,1.3941],[76.0578,71.1974,0.0112],[76.0463,71.1984,0.2894],[76.0479,71.2,1.259],[76.0537,71.2005,-0.8181],[76.0557,71.2026,-0.691],[76.0505,71.2047,1.502],[76.0516,71.2078,0.4374],[76.0437,71.2083,1.4373],[76.0396,71.2104,1.3876],[76.025,71.2104,2.0101],[76.0208,71.2125,0.0],[75.9812,71.2125,1.6732],[75.9771,71.2146,0.0],[75.9625,71.2146,0.0],[75.9563,71.2125,1.0498],[75.9521,71.2146,0.0],[75.9313,71.2146,1.7599],[75.9271,71.2167,0.3473],[75.9083,71.2167,1.959],[75.9042,71.2188,0.0],[75.8771,71.2188,2.1162],[75.8729,71.2208,0.2462],[75.8646,71.2208,1.4398],[75.863,71.2193,0.4339],[75.8724,71.2182,1.6548],[75.8714,71.2151,0.3409],[75.8766,71.2141,1.9969],[75.8849,71.2089,1.8668],[75.8776,71.2078,0.8693],[75.8828,71.2057,1.642],[75.8812,71.2042,1.5287],[75.863,71.2037,1.4176],[75.8703,71.1984,0.61],[75.8583,71.1958,2.1561],[75.8526,71.1984,0.7569],[75.8536,71.2016,0.4211],[75.8438,71.2021,2.3839],[75.8276,71.2068,1.6967],[75.8276,71.2099,1.8747],[75.8333,71.2104,2.1215],[75.8349,71.212,0.6279],[75.8214,71.2172,1.9721],[75.8229,71.2188,2.1374],[75.8479,71.2188,1.9314],[75.8557,71.2214,1.7149],[75.8542,71.2229,0.443],[75.8229,71.225,2.9464],[75.8146,71.2292,0.0],[75.7937,71.2292,0.4352],[75.7896,71.2312,0.8131],[75.7771,71.2312,0.5824],[75.7729,71.2333,0.4529],[75.7646,71.2333,0.7507],[75.7604,71.2354,0.9162],[75.7417,71.2354,0.5932],[75.7401,71.2359,0.0216],[75.7412,71.2391,0.0],[75.7396,71.2396,0.0],[75.7229,71.2396,0.474],[75.7188,71.2375,1.607],[75.7104,71.2375,1.7771],[75.7089,71.2391,1.5968],[75.712,71.2432,1.0916],[75.7057,71.2453,-0.3571],[75.7021,71.2458,0.9264],[75.6958,71.2438,0.6004],[75.6875,71.2479,-0.3626],[75.6776,71.2484,0.7264],[75.6797,71.2516,1.0589],[75.687,71.2526,0.4411],[75.6854,71.2542,0.0],[75.6708,71.2542,0.3546],[75.6667,71.2562,0.3737],[75.6583,71.2562,0.6183],[75.6521,71.2542,1.2303],[75.6505,71.2547,1.0504],[75.6516,71.2578,0.6825],[75.65,71.2583,0.0],[75.6417,71.2583,0.6632],[75.6375,71.2604,0.311],[75.625,71.2604,1.5059],[75.6078,71.2682,0.4253],[75.5979,71.2688,0.2437],[75.587,71.2745,0.4874],[75.5792,71.2771,0.0],[75.5729,71.2771,0.7921],[75.5646,71.2813,0.0],[75.5542,71.2792,1.0115],[75.55,71.2813,0.7922],[75.5375,71.2813,0.8122],[75.5333,71.2833,0.6996],[75.5,71.2833,0.2379],[75.4958,71.2854,0.0],[75.475,71.2854,1.5397],[75.4708,71.2875,0.767],[75.4583,71.2875,0.8413],[75.4542,71.2896,0.8595],[75.4458,71.2896,4.6595],[75.4375,71.2937,0.0],[75.4229,71.2937,5.7502],[75.4167,71.2958,0.0],[75.4104,71.2937,2.1545],[75.4047,71.2963,1.3475],[75.4021,71.3,0.411],[75.3938,71.2979,-0.0369],[75.3922,71.2984,-0.0274],[75.3932,71.3016,0.7186],[75.3818,71.3026,0.633],[75.3828,71.3057,0.0],[75.3708,71.3104,0.0],[75.3583,71.3104,0.1993],[75.3568,71.3109,0.6616],[75.3578,71.3141,0.0],[75.3479,71.3146,2.4175],[75.3396,71.3187,1.6818],[75.3313,71.3187,0.4039],[75.3297,71.3193,1.6501],[75.3307,71.3224,0.0],[75.3229,71.3229,0.8734],[75.3151,71.3255,0.8107],[75.3042,71.3313,0.0],[75.2943,71.3318,0.7832],[75.2953,71.3349,0.0],[75.2901,71.3359,0.4234],[75.2911,71.3391,0.0],[75.288,71.3401,0.0],[75.2891,71.3432,0.0],[75.2797,71.3464,0.0],[75.2807,71.3495,0.0],[75.2755,71.3505,0.2351],[75.2766,71.3536,0.0],[75.2734,71.3547,0.0],[75.2724,71.3578,0.0],[75.2589,71.363,12.2915],[75.2662,71.3662,0.0],[75.2583,71.3667,2.0197],[75.2505,71.3693,10.8549],[75.2516,71.3724,3.765],[75.2484,71.3734,14.4204],[75.2495,71.3766,0.0],[75.2443,71.3776,10.0232],[75.2474,71.3828,0.0],[75.2359,71.3839,8.8283],[75.2412,71.3912,0.0],[75.2359,71.3932,1.9706],[75.2412,71.3984,0.0],[75.2432,71.4036,0.0],[75.2354,71.4042,1.7254],[75.2172,71.4109,5.9862],[75.2245,71.4141,0.0],[75.2151,71.4151,6.3856],[75.2172,71.4203,0.0],[75.2234,71.4266,0.0],[75.2307,71.4277,0.0],[75.2359,71.4349,12.2391],[75.2479,71.4354,0.0],[75.2521,71.4375,0.0],[75.2562,71.4375,0.0],[75.2625,71.4417,1.4577],[75.2729,71.4417,0.0],[75.2755,71.4453,1.2639],[75.2854,71.4479,0.5603],[75.3042,71.4479,0.0],[75.3083,71.45,0.0],[75.3187,71.45,0.0],[75.3229,71.4542,-0.5961],[75.35,71.4521,1.0421],[75.3604,71.4479,0.8305],[75.3667,71.4479,0.8827],[75.3682,71.4474,1.0433],[75.3672,71.4422,0.0],[75.3833,71.4354,0.0],[75.3917,71.4354,0.0],[75.3958,71.4375,0.5395],[75.4,71.4375,0.0],[75.4047,71.4411,0.8445],[75.412,71.4422,0.0],[75.4141,71.4474,0.3271],[75.4109,71.4495,1.2207],[75.4141,71.4557,0.8207],[75.4109,71.4578,1.0527],[75.4167,71.4583,0.0],[75.4182,71.4599,0.3696],[75.4063,71.4604,0.8843],[75.4036,71.4568,1.0292],[75.3917,71.4542,0.8636],[75.3875,71.4563,-0.6278],[75.3792,71.4563,1.0829],[75.3672,71.4609,1.1693],[75.3688,71.4625,0.9475],[75.3745,71.463,0.2045],[75.3776,71.4661,1.0245],[75.3849,71.4672,0.6695],[75.388,71.4703,0.6545],[75.3953,71.4714,0.526],[75.3875,71.475,0.3772],[75.3812,71.475,0.2284],[75.3734,71.4776,1.4251],[75.3693,71.4797,1.466],[75.3714,71.4828,-0.0574],[75.3875,71.4833,0.0065],[75.4042,71.4771,0.9586],[75.4057,71.4786,1.2443],[75.4026,71.4807,-0.0514],[75.4099,71.4818,0.0],[75.4047,71.4849,0.8378],[75.4089,71.4891,0.9447],[75.4161,71.4901,0.0],[75.4109,71.4922,1.0221],[75.413,71.4953,1.3185],[75.4287,71.4984,0.0],[75.4318,71.5016,0.4838],[75.4391,71.5026,0.0],[75.4422,71.5078,0.6983],[75.4521,71.5104,0.7239],[75.4625,71.5104,0.0],[75.475,71.5146,0.9189],[75.4938,71.5146,0.0],[75.4979,71.5167,0.0],[75.5021,71.5167,0.0],[75.5078,71.5245,0.4345],[75.5021,71.5271,0.2321],[75.4859,71.5276,0.1966],[75.4896,71.5313,0.92],[75.4958,71.5292,0.6033],[75.5042,71.5292,0.0],[75.5057,71.5307,0.0],[75.5026,71.5318,1.0275],[75.5036,71.5349,0.0],[75.4943,71.538,1.2957],[75.4953,71.5411,0.0],[75.4875,71.5437,1.1031],[75.4797,71.5443,1.9068],[75.4807,71.5474,0.0],[75.4708,71.5479,2.079],[75.4667,71.55,1.788],[75.4605,71.5479,1.918],[75.4422,71.5484,1.9063],[75.4521,71.5521,2.0177],[75.4641,71.5526,1.9878],[75.4625,71.5542,1.9862],[75.4547,71.5547,1.9306],[75.4557,71.5578,1.8631],[75.45,71.5583,1.9584],[75.45,71.5563,1.8458],[75.4234,71.5568,1.4895],[75.4271,71.5604,0.9088],[75.4391,71.5609,0.5521],[75.4411,71.5641,1.733],[75.4359,71.5651,2.0092],[75.437,71.5682,0.0],[75.4271,71.5687,0.979],[75.4229,71.5708,1.2083],[75.4146,71.5708,1.5744],[75.4083,71.5687,1.5813],[75.4042,71.5708,1.9188],[75.3958,71.5708,1.9832],[75.3917,71.5687,2.1693],[75.3875,71.5687,2.0464],[75.3729,71.5729,1.3651],[75.3646,71.5729,1.8999],[75.3588,71.5755,1.4467],[75.3625,71.5792,1.4059],[75.3708,71.5792,1.4198],[75.375,71.5771,0.0966],[75.3833,71.5771,1.8315],[75.3875,71.575,1.2882],[75.3938,71.5771,1.0306],[75.4021,71.5771,2.0101],[75.4063,71.575,0.2032],[75.4161,71.5755,0.0],[75.4167,71.5771,0.0],[75.413,71.5787,1.6343],[75.4161,71.5828,0.0],[75.4109,71.5839,1.4165],[75.412,71.587,1.8651],[75.4104,71.5875,1.8054],[75.4021,71.5875,1.3901],[75.3922,71.5849,1.7009],[75.3854,71.5792,1.9674],[75.3646,71.5813,-0.1367],[75.3588,71.5849,1.6883],[75.3609,71.587,0.7057],[75.3682,71.588,0.0709],[75.3693,71.5911,1.0664],[75.3849,71.5943,-0.1043],[75.3896,71.5979,0.1562],[75.4063,71.5979,0.2582],[75.4078,71.5964,0.7425],[75.4021,71.5958,0.1489],[75.4005,71.5943,0.0394],[75.4146,71.5917,1.1715],[75.4161,71.5932,0.6331],[75.413,71.5953,0.9937],[75.4172,71.6016,0.3768],[75.4396,71.6062,0.0],[75.4464,71.612,0.0],[75.4537,71.613,0.0],[75.4484,71.6162,0.7886],[75.4557,71.6172,0.9188],[75.4693,71.6328,0.7674],[75.4766,71.6339,0.0],[75.4807,71.638,0.0],[75.4828,71.6432,0.0],[75.4797,71.6443,0.0],[75.4807,71.6474,0.0],[75.4755,71.6484,0.8199],[75.4766,71.6516,0.4116],[75.4646,71.6563,0.7009],[75.4568,71.6568,0.2639],[75.4557,71.6599,0.9053],[75.4474,71.6641,0.0],[75.4375,71.6646,0.9974],[75.4255,71.6693,1.0069],[75.4266,71.6724,0.0],[75.425,71.6729,0.0],[75.4187,71.6729,0.9685],[75.4146,71.675,0.0],[75.3776,71.6755,0.3995],[75.3792,71.6771,0.3659],[75.3932,71.6797,1.2532],[75.3917,71.6813,0.0],[75.3562,71.6813,1.5915],[75.3521,71.6792,1.5293],[75.3401,71.6787,0.8655],[75.3333,71.6729,1.581],[75.3047,71.6755,0.2279],[75.3005,71.6776,0.9792],[75.3026,71.6828,1.7835],[75.3042,71.6833,1.7363],[75.3167,71.6833,-0.1847],[75.3208,71.6854,0.4387],[75.3375,71.6854,-0.1742],[75.3417,71.6875,1.2199],[75.3646,71.6875,1.6641],[75.3662,71.6891,0.4811],[75.3583,71.6896,1.6713],[75.3505,71.6922,1.34],[75.3578,71.6953,0.0],[75.3422,71.6964,1.2856],[75.3411,71.6995,0.0],[75.3333,71.7,0.7647],[75.3187,71.7063,0.0],[75.3125,71.7063,1.107],[75.3047,71.7089,1.1857],[75.3057,71.712,0.0],[75.2943,71.713,0.4686],[75.2849,71.7182,0.0],[75.2609,71.7276,1.5395],[75.2599,71.7307,0.0],[75.2568,71.7318,1.3053],[75.2599,71.737,0.0],[75.2547,71.738,0.0],[75.2557,71.7412,0.0],[75.2484,71.7464,0.5337],[75.2516,71.7536,0.0],[75.2422,71.7568,1.4115],[75.2432,71.7599,1.151],[75.2297,71.7651,5.4386],[75.2307,71.7682,0.0],[75.2208,71.7688,16.9659],[75.2151,71.7714,11.2028],[75.2167,71.7729,10.1852],[75.2224,71.7734,0.0],[75.2245,71.7755,0.0],[75.2151,71.7797,10.7099],[75.2224,71.7828,0.0],[75.213,71.7859,4.0804],[75.2161,71.7911,0.0],[75.2109,71.7932,11.5642],[75.2182,71.7943,0.0],[75.2224,71.7984,0.0],[75.2172,71.8016,0.0],[75.2229,71.8083,0.0],[75.2193,71.8109,9.1404],[75.2229,71.8167,0.0],[75.2193,71.8203,7.0251],[75.2245,71.8287,0.0],[75.2151,71.8318,1.262],[75.2161,71.8349,0.0],[75.213,71.8359,12.4113],[75.2203,71.8391,0.0],[75.2109,71.8422,24.6805],[75.2125,71.8438,21.4515],[75.2182,71.8443,0.0],[75.213,71.8474,8.2986],[75.2182,71.8536,3.9356],[75.213,71.8557,8.7815],[75.2208,71.8562,0.0],[75.2208,71.8583,8.3889],[75.2286,71.8588,0.0],[75.2255,71.862,9.5056],[75.2297,71.8662,9.5169],[75.2453,71.8693,0.0],[75.2401,71.8724,7.9288],[75.2474,71.8734,0.0],[75.2495,71.8755,0.0],[75.2464,71.8786,9.1034],[75.2536,71.8797,0.0],[75.2547,71.8828,8.9389],[75.262,71.8839,0.0],[75.2589,71.887,0.0],[75.263,71.8912,0.0],[75.2703,71.8922,0.0],[75.2651,71.8943,6.9193],[75.2662,71.8974,4.0546],[75.2547,71.8984,1.3003],[75.2557,71.9016,0.8488],[75.2542,71.9021,0.9881],[75.238,71.9026,1.1733],[75.2396,71.9042,1.1337],[75.2521,71.9042,1.5228],[75.2536,71.9057,0.0],[75.2443,71.9089,5.1355],[75.2453,71.912,2.5611],[75.2401,71.913,6.978],[75.2432,71.9182,0.0],[75.238,71.9203,6.6185],[75.2438,71.9271,0.0],[75.2401,71.9297,4.8678],[75.2412,71.9328,0.0],[75.2359,71.9349,2.6837],[75.2432,71.9359,1.5993],[75.2505,71.9432,7.9227],[75.2578,71.9443,0.0],[75.2526,71.9474,6.6276],[75.262,71.9484,0.0],[75.263,71.9516,0.0],[75.2703,71.9526,0.0],[75.2734,71.9557,3.8536],[75.2807,71.9568,0.0],[75.2854,71.9604,0.3629],[75.2958,71.9604,0.0],[75.3083,71.9646,1.0299],[75.325,71.9646,0.6568],[75.3266,71.963,0.3932],[75.3167,71.9604,0.5567],[75.3047,71.9599,0.5861],[75.2911,71.9443,0.7487],[75.2839,71.9432,0.7264],[75.2818,71.9401,0.6803],[75.3,71.9396,0.0],[75.3042,71.9417,0.5254],[75.3208,71.9417,0.0],[75.325,71.9437,0.6769],[75.3292,71.9437,0.6438],[75.3333,71.9417,0.0],[75.3542,71.9417,0.0],[75.3688,71.9458,0.6077],[75.3807,71.9464,0.0],[75.3912,71.9589,0.2654],[75.3922,71.962,0.6897],[75.4016,71.963,0.0],[75.3964,71.9661,0.8773],[75.4036,71.9672,0.0],[75.4005,71.9693,0.4748],[75.4026,71.9745,1.149],[75.4099,71.9755,0.0],[75.4161,71.9818,0.0],[75.4109,71.9849,1.0704],[75.4161,71.9912,1.3211],[75.4047,71.9922,3.7457],[75.4078,71.9974,1.3401],[75.4026,71.9984,1.98],[75.4036,72.0016,0.0],[75.3901,72.0068,2.1727],[75.3932,72.012,0.0],[75.388,72.0141,1.0591],[75.4005,72.0286,1.4132],[75.4078,72.0297,0.0],[75.4109,72.0328,0.0],[75.4182,72.0339,0.0],[75.4203,72.0359,0.0],[75.4151,72.0391,9.8621],[75.4224,72.0401,0.0],[75.4245,72.0422,0.0],[75.4208,72.0458,3.5961],[75.4255,72.0516,1.7195],[75.4328,72.0526,0.577],[75.4375,72.0563,7.8672],[75.4432,72.0568,0.0],[75.4484,72.0641,8.4353],[75.4578,72.0651,0.0],[75.4589,72.0682,0.0],[75.4682,72.0776,0.0],[75.4703,72.0828,0.0],[75.4672,72.0849,2.7793],[75.4745,72.0859,0.0],[75.4693,72.0891,0.0],[75.4745,72.0953,0.0],[75.4693,72.0974,6.2545],[75.4766,72.0984,0.0],[75.4734,72.1016,8.0334],[75.4755,72.1036,7.6642],[75.4828,72.1047,0.0],[75.4786,72.1078,7.6106],[75.4734,72.1088,7.5047],[75.4745,72.112,7.0094],[75.4708,72.1146,7.2154],[75.4714,72.1162,7.5893],[75.4786,72.1172,0.0],[75.4755,72.1203,7.8046],[75.4828,72.1214,0.0],[75.4849,72.1234,0.0],[75.4797,72.1266,7.2387],[75.4974,72.1464,0.0],[75.4922,72.1495,4.2768],[75.4995,72.1578,0.0],[75.4943,72.1599,6.9678],[75.5016,72.1609,0.0],[75.5068,72.1661,0.0],[75.5224,72.1693,0.0],[75.5286,72.1755,0.0],[75.5307,72.1807,0.0],[75.5276,72.1818,0.0],[75.5286,72.1849,0.0],[75.5234,72.187,7.8593],[75.5359,72.2016,1.2025],[75.5432,72.2026,0.0],[75.5516,72.2109,0.0],[75.5463,72.2141,13.6489],[75.5537,72.2151,0.0],[75.5589,72.2203,13.4876],[75.5687,72.2229,5.3161],[75.5792,72.2229,0.0],[75.5833,72.225,7.7494],[75.5958,72.225,0.0],[75.6,72.2271,0.0],[75.6042,72.2271,0.0],[75.6057,72.2286,0.0],[75.6005,72.2307,5.4708],[75.6083,72.2312,0.0],[75.6292,72.2375,0.0],[75.6667,72.2354,0.0],[75.6766,72.238,0.0],[75.6766,72.2412,0.0],[75.6734,72.2422,0.0],[75.675,72.2438,0.0],[75.6854,72.2438,0.0],[75.687,72.2432,0.0],[75.6859,72.2401,0.0],[75.6911,72.2401,0.0],[75.7016,72.2526,0.0],[75.6984,72.2547,0.0],[75.7005,72.2599,0.0],[75.7026,72.262,0.0],[75.7099,72.263,0.0],[75.7068,72.2662,0.0],[75.7099,72.2703,0.0],[75.7047,72.2714,8.7782],[75.7057,72.2745,0.0],[75.6984,72.2797,6.9184],[75.7016,72.2849,0.0],[75.6964,72.2859,7.6322],[75.6974,72.2891,0.0],[75.6943,72.2901,8.7316],[75.6953,72.2932,0.0],[75.6729,72.3021,0.0],[75.6443,72.3047,2.6243],[75.6339,72.3089,0.626],[75.6354,72.3104,0.958],[75.6412,72.3109,0.8596],[75.6432,72.3141,1.2945],[75.6318,72.3151,0.5473],[75.6328,72.3182,1.4668],[75.6312,72.3187,1.2674],[75.625,72.3167,1.4824],[75.613,72.3172,1.1015],[75.6141,72.3203,1.3195],[75.6109,72.3224,1.1449],[75.6292,72.3229,1.1482],[75.6328,72.3266,0.0],[75.6193,72.3318,1.21],[75.6203,72.3349,1.1585],[75.6088,72.3359,1.13],[75.6099,72.3391,1.0169],[75.5953,72.3453,1.2933],[75.5875,72.3479,1.3815],[75.5813,72.3458,1.8725],[75.5776,72.3464,1.4867],[75.5766,72.3495,2.0489],[75.5734,72.3505,1.1423],[75.5766,72.3557,0.3735],[75.5714,72.3568,1.4105],[75.5724,72.3599,0.0],[75.5609,72.3609,1.8313],[75.5641,72.3662,1.277],[75.5521,72.3667,1.4565],[75.5479,72.3625,0.7348],[75.5354,72.3625,1.7756],[75.5292,72.3604,1.7766],[75.525,72.3625,0.2942],[75.5151,72.363,1.3752],[75.5109,72.3651,1.8305],[75.5099,72.3682,1.3701],[75.5068,72.3693,0.7082],[75.5078,72.3724,0.9559],[75.5026,72.3734,1.896],[75.5062,72.3771,1.5279],[75.5229,72.3771,0.9022],[75.5245,72.3766,0.4356],[75.5234,72.3734,1.6253],[75.5286,72.3724,1.1556],[75.5276,72.3693,0.4686],[75.5292,72.3688,1.1549],[75.5354,72.3708,1.591],[75.5537,72.3693,0.9317],[75.5599,72.3766,0.0],[75.5505,72.3797,1.506],[75.5516,72.3828,0.7825],[75.5417,72.3833,1.8931],[75.5401,72.3849,0.9153],[75.5437,72.3875,1.532],[75.55,72.3854,1.7997],[75.5537,72.3859,0.0],[75.5578,72.3901,0.0],[75.5547,72.3932,0.7405],[75.5604,72.3938,0.0],[75.562,72.3953,0.0],[75.5526,72.3984,2.1514],[75.5542,72.4,5.433],[75.5599,72.4005,0.0],[75.5547,72.4026,5.666],[75.5578,72.4078,7.6856],[75.5547,72.4089,8.8331],[75.5563,72.4125,13.4481],[75.5526,72.4151,18.7575],[75.5537,72.4182,9.2421],[75.5484,72.4193,9.5275],[75.5495,72.4224,10.7514],[75.5359,72.4276,1.2032],[75.537,72.4307,0.0],[75.5214,72.4359,1.1415],[75.5224,72.4391,7.3681],[75.5193,72.4411,5.1011],[75.525,72.4417,0.0],[75.5266,72.4432,0.0],[75.5172,72.4464,1.0358],[75.5203,72.4516,0.0],[75.5151,72.4526,7.4422],[75.5162,72.4557,0.0],[75.513,72.4568,3.8022],[75.512,72.4599,0.0],[75.5026,72.463,5.3336],[75.5047,72.4661,4.3993],[75.5104,72.4667,0.0],[75.512,72.4682,0.0],[75.5047,72.4714,0.0],[75.5036,72.4745,9.2536],[75.4943,72.4776,2.6675],[75.5036,72.4807,0.0],[75.4984,72.4818,4.9589],[75.4995,72.4849,0.0],[75.4958,72.4875,0.0],[75.4974,72.4912,0.0],[75.4943,72.4922,0.0],[75.4953,72.4974,0.0],[75.4922,72.4995,0.0],[75.4974,72.5047,2.3963],[75.4984,72.5078,7.254],[75.5078,72.5089,0.0],[75.5026,72.5109,0.8692],[75.5036,72.5141,0.0],[75.4984,72.5162,12.2476],[75.5078,72.5172,0.0],[75.5125,72.5229,8.8662],[75.525,72.5229,0.0],[75.5458,72.5292,0.0],[75.5771,72.5292,2.3065],[75.5813,72.5271,0.0],[75.6021,72.5271,2.3669],[75.6062,72.525,0.0],[75.6146,72.525,5.0199],[75.625,72.5208,0.0],[75.6333,72.5229,0.5192],[75.6375,72.5208,0.0],[75.6417,72.5208,0.0],[75.6516,72.5234,0.6643],[75.6318,72.5318,0.8696],[75.6333,72.5333,1.5903],[75.6391,72.5339,1.3821],[75.6412,72.5359,1.3909],[75.6375,72.5396,2.9264],[75.6391,72.5432,0.0],[75.6333,72.5458,0.0],[75.6234,72.5463,1.9075],[75.6245,72.5495,0.0],[75.6193,72.5505,2.0716],[75.6224,72.5557,0.0],[75.6109,72.5568,0.0],[75.6005,72.5609,4.1182],[75.6016,72.5641,0.0],[75.6,72.5646,0.0],[75.5901,72.5651,6.0068],[75.5932,72.5703,0.0],[75.5833,72.5708,7.2099],[75.5672,72.5776,6.7506],[75.5682,72.5807,0.0],[75.563,72.5818,0.0],[75.5641,72.5849,0.0],[75.5458,72.5833,13.011],[75.5443,72.5839,10.4737],[75.5453,72.587,0.0],[75.5396,72.5896,0.0],[75.5313,72.5896,0.0],[75.5271,72.5917,0.0],[75.5125,72.5917,0.9331],[75.5047,72.5943,0.0],[75.512,72.5974,0.0],[75.4896,72.6062,0.0],[75.4818,72.6068,7.4525],[75.4807,72.6099,0.0],[75.4714,72.613,0.0],[75.4724,72.6162,0.0],[75.4625,72.6167,0.0],[75.4505,72.6214,0.0],[75.4516,72.6245,0.0],[75.4401,72.6255,4.9759],[75.4359,72.6276,8.5889],[75.4391,72.6328,0.0],[75.4276,72.6339,9.8649],[75.4287,72.637,0.0],[75.4271,72.6375,0.0],[75.4172,72.638,8.8367],[75.4182,72.6412,0.0],[75.3984,72.6484,11.9241],[75.3995,72.6516,8.4068],[75.3901,72.6547,12.7293],[75.3891,72.6578,0.0],[75.3797,72.6589,13.4047],[75.387,72.662,0.0],[75.3714,72.6672,5.3203],[75.3724,72.6703,0.0],[75.363,72.6734,11.0293],[75.3641,72.6766,0.0],[75.3599,72.6787,0.0],[75.3521,72.6813,0.0],[75.3438,72.6813,1.1388],[75.3396,72.6833,1.9942],[75.3229,72.6833,1.0888],[75.3187,72.6813,1.234],[75.3083,72.6813,1.3228],[75.3068,72.6828,0.8477],[75.3099,72.687,0.0],[75.2984,72.688,5.8841],[75.3,72.6896,6.1044],[75.3141,72.6901,0.0],[75.3089,72.6932,0.0],[75.3109,72.6953,0.0],[75.3167,72.6958,0.0],[75.3182,72.6974,0.0],[75.3089,72.6984,0.0],[75.3089,72.7016,0.0],[75.313,72.7057,4.883],[75.3203,72.7068,0.0],[75.3172,72.7099,5.2208],[75.3245,72.7109,6.0734],[75.3307,72.7172,6.4626],[75.3318,72.7203,3.3532],[75.3375,72.7208,0.8388],[75.3417,72.7188,0.0],[75.3536,72.7193,0.0],[75.3521,72.7208,0.7173],[75.3422,72.7214,0.7659],[75.3443,72.7266,0.818],[75.3458,72.7271,0.5604],[75.3562,72.7271,0.8576],[75.3708,72.7208,0.8074],[75.387,72.7203,0.7202],[75.3854,72.7188,0.6106],[75.3797,72.7182,0.0],[75.3776,72.7151,0.751],[75.3974,72.7141,0.8773],[75.3958,72.7125,0.7494],[75.388,72.712,0.7356],[75.3859,72.7089,0.0],[75.3979,72.7042,0.0],[75.4104,72.7063,0.8715],[75.4146,72.7083,0.6767],[75.4417,72.7104,0.0],[75.4453,72.713,0.0],[75.4396,72.7167,1.2633],[75.4297,72.7172,1.1229],[75.4313,72.7188,1.0522],[75.4479,72.7188,1.1637],[75.4495,72.7182,1.601],[75.4484,72.7151,0.0],[75.4604,72.7146,0.0],[75.4641,72.7172,0.0],[75.4672,72.7224,0.0],[75.475,72.7229,0.0],[75.4771,72.725,0.0],[75.4766,72.7266,0.0],[75.4646,72.7312,1.1427],[75.4417,72.7312,1.4719],[75.4354,72.7292,1.2586],[75.4313,72.7333,1.5605],[75.4109,72.7359,1.0857],[75.4182,72.7391,1.2102],[75.4104,72.7417,1.2997],[75.3958,72.7375,1.3084],[75.3792,72.7375,1.1406],[75.3609,72.7443,1.521],[75.3667,72.75,0.8823],[75.3833,72.75,1.252],[75.3875,72.7479,1.2921],[75.3958,72.7479,1.0279],[75.4021,72.7458,1.4724],[75.4036,72.7474,1.5706],[75.4005,72.7495,0.7785],[75.4042,72.75,1.1315],[75.412,72.7474,1.3601],[75.4109,72.7443,1.0449],[75.4125,72.7438,1.0182],[75.4187,72.7458,1.4942],[75.4354,72.7458,1.1306],[75.4432,72.7422,1.5178],[75.4313,72.7417,1.5861],[75.425,72.7438,1.2824],[75.4234,72.7422,1.3342],[75.4328,72.7391,1.3715],[75.4318,72.7359,1.1762],[75.4417,72.7354,1.5858],[75.4458,72.7333,1.5491],[75.4641,72.7338,1.3324],[75.4661,72.737,0.0],[75.4609,72.738,0.0],[75.462,72.7412,0.0],[75.4521,72.7417,1.3833],[75.4505,72.7422,1.6121],[75.4516,72.7453,0.0],[75.4401,72.7464,1.6364],[75.4432,72.7505,0.0],[75.4417,72.7521,0.0],[75.4255,72.7526,1.6142],[75.4271,72.7542,0.0],[75.4328,72.7547,0.0],[75.4313,72.7562,0.0],[75.4083,72.7562,1.1478],[75.4,72.7604,0.8032],[75.3901,72.7609,1.1317],[75.3912,72.7641,0.0],[75.3896,72.7646,0.0],[75.3812,72.7646,0.0],[75.3562,72.775,0.0],[75.3479,72.775,6.6779],[75.3401,72.7776,7.8311],[75.3359,72.7797,8.5206],[75.337,72.7828,0.0],[75.3255,72.7839,0.0],[75.3266,72.787,0.0],[75.325,72.7875,0.0],[75.3083,72.7875,8.5578],[75.3,72.7917,0.0],[75.2917,72.7917,7.0082],[75.2771,72.7979,6.7664],[75.2672,72.7984,9.1577],[75.2682,72.8016,0.0],[75.2667,72.8021,0.0],[75.2583,72.8021,10.0947],[75.2542,72.8042,0.0],[75.2312,72.8042,0.5864],[75.2255,72.8068,1.3772],[75.2266,72.8099,1.1303],[75.2161,72.8141,0.0],[75.2083,72.8167,4.2632],[75.2,72.8167,8.0628],[75.1958,72.8187,8.4667],[75.1875,72.8187,8.2708],[75.1792,72.8229,7.4072],[75.1563,72.8229,2.3738],[75.1521,72.825,0.0],[75.1375,72.825,2.3675],[75.1333,72.8271,2.3284],[75.125,72.8271,2.0357],[75.1208,72.8292,0.49],[75.1125,72.8292,1.9219],[75.1047,72.8318,0.8616],[75.1057,72.8349,0.0],[75.1016,72.837,0.0],[75.0901,72.838,1.5151],[75.0911,72.8411,0.0],[75.0755,72.8464,1.3545],[75.0766,72.8495,0.0],[75.0687,72.8521,0.0],[75.0604,72.8521,8.7997],[75.0521,72.8562,0.0],[75.0313,72.8583,7.6136],[75.0193,72.863,4.7451],[75.0203,72.8662,0.0],[75.0188,72.8667,0.0],[75.0104,72.8667,3.2174],[75.0062,72.8688,0.0],[74.9917,72.8688,4.2637],[74.9875,72.8708,3.2718],[74.9708,72.8708,4.4933],[74.9646,72.8729,0.0],[74.9604,72.8708,4.8464],[74.9479,72.8708,3.8691],[74.9437,72.8688,4.2019],[74.9396,72.8688,3.2901],[74.9333,72.8646,5.644],[74.9208,72.8646,0.0],[74.9167,72.8625,5.309],[74.9125,72.8625,0.0],[74.9078,72.8588,5.3683],[74.9005,72.8578,1.166],[74.8974,72.8547,5.118],[74.8818,72.8516,0.0],[74.8849,72.8484,7.5487],[74.8693,72.8453,5.2794],[74.8646,72.8417,9.17],[74.8521,72.8417,0.0],[74.8339,72.837,0.0],[74.8307,72.8339,1.6325],[74.8234,72.8328,0.0],[74.8203,72.8297,5.2612],[74.8047,72.8266,2.3287],[74.7995,72.8214,1.2168],[74.7922,72.8203,1.6691],[74.787,72.8151,5.0946],[74.7797,72.8141,6.4545],[74.7745,72.8089,4.4896],[74.7672,72.8078,0.0],[74.7609,72.8005,0.0],[74.7724,72.7995,6.7248],[74.7714,72.7943,0.0],[74.7745,72.7932,0.0],[74.7734,72.7901,0.0],[74.7813,72.7875,0.0],[74.7911,72.787,1.1306],[74.7901,72.7839,0.0],[74.7995,72.7807,3.9889],[74.7984,72.7776,0.0],[74.8063,72.775,0.0],[74.8161,72.7745,4.7458],[74.8151,72.7714,0.0],[74.8349,72.7641,9.8865],[74.8339,72.7609,0.0],[74.8453,72.7599,5.0959],[74.8443,72.7547,3.0501],[74.8641,72.7474,6.4528],[74.8609,72.7422,0.0],[74.8724,72.7412,0.9701],[74.8714,72.738,0.5647],[74.8792,72.7354,1.3831],[74.8854,72.7375,1.4068],[74.8891,72.737,0.9689],[74.8891,72.7338,0.9531],[74.8812,72.7333,1.8515],[74.8797,72.7318,0.6645],[74.8891,72.7286,6.6397],[74.888,72.7234,0.0],[74.8995,72.7224,2.0626],[74.8964,72.7172,0.0],[74.9057,72.7141,3.3814],[74.9047,72.7109,0.0],[74.9141,72.7078,12.5177],[74.913,72.7047,0.0],[74.9182,72.7037,6.5144],[74.9172,72.7005,0.0],[74.9266,72.6974,14.2631],[74.9255,72.6943,0.0],[74.9349,72.6911,13.9735],[74.9359,72.688,5.5203],[74.9391,72.687,1.7123],[74.938,72.6839,1.2737],[74.9474,72.6807,1.4686],[74.9443,72.6734,0.0],[74.9537,72.6703,5.1899],[74.9526,72.6672,0.0],[74.9599,72.662,8.4593],[74.9589,72.6589,0.0],[74.9641,72.6578,0.0],[74.963,72.6547,0.0],[74.9682,72.6536,10.6445],[74.9651,72.6484,0.0],[74.9745,72.6453,2.8638],[74.9714,72.6401,0.0],[74.9828,72.6391,2.7877],[74.9797,72.6339,0.0],[74.9849,72.6328,12.753],[74.9896,72.6292,7.4844],[74.9859,72.6234,0.0],[74.9891,72.6224,0.0],[74.9901,72.6193,0.0],[74.9995,72.6182,11.4983],[74.9984,72.613,6.7707],[75.0021,72.6104,8.7661],[74.9984,72.6057,0.0],[75.0021,72.6021,0.0],[75.0005,72.5984,0.0],[75.0099,72.5953,10.902],[75.0026,72.5922,0.0],[75.012,72.5911,8.934],[75.0047,72.588,0.0],[75.0141,72.5849,6.4854],[75.0125,72.5813,0.0],[75.0162,72.5787,10.1307],[75.0151,72.5755,1.2962],[75.0203,72.5745,0.9688],[75.0151,72.5682,0.0],[75.0203,72.5661,1.1211],[75.0172,72.5609,0.0],[75.0286,72.5599,1.5853],[75.0271,72.5583,0.8675],[75.0214,72.5578,0.4263],[75.0245,72.5547,2.2759],[75.0172,72.5443,0.0],[75.0224,72.5432,0.0],[75.0214,72.5401,0.0],[75.0307,72.537,10.0707],[75.0297,72.5339,13.143],[75.0333,72.5313,22.2995],[75.0276,72.5234,0.0],[75.037,72.5203,4.3126],[75.0339,72.5162,0.0],[75.0391,72.5141,22.7774],[75.0359,72.5089,0.0],[75.0453,72.5057,1.6191],[75.038,72.5026,0.0],[75.0474,72.4995,21.1999],[75.0463,72.4964,0.0],[75.0516,72.4953,6.6636],[75.0463,72.488,0.0],[75.0578,72.487,21.6904],[75.0547,72.4797,0.0],[75.0641,72.4766,15.3387],[75.0589,72.4693,0.0],[75.0641,72.4682,10.9301],[75.063,72.4651,0.0],[75.0667,72.4625,3.6272],[75.0609,72.4547,0.0],[75.0703,72.4516,13.4437],[75.0667,72.4458,0.0],[75.0703,72.4432,0.0],[75.0672,72.438,0.0],[75.0766,72.4349,10.9211],[75.0693,72.4318,0.0],[75.0787,72.4287,11.2532],[75.0771,72.425,7.8826],[75.0807,72.4213,10.8872],[75.0776,72.4172,0.0],[75.0828,72.4151,14.6773],[75.0776,72.4089,0.0],[75.0828,72.4078,15.0084],[75.0797,72.4026,0.0],[75.0849,72.4016,9.2787],[75.0776,72.3984,0.0],[75.0807,72.3974,0.0],[75.0797,72.3943,0.0],[75.0849,72.3932,7.8804],[75.0797,72.3859,0.0],[75.0849,72.3849,20.5441],[75.0818,72.3797,0.0],[75.087,72.3776,7.7622],[75.0818,72.3714,0.0],[75.087,72.3693,9.0306],[75.0792,72.3688,0.0],[75.0776,72.3672,0.0],[75.0828,72.3662,0.0],[75.0875,72.3625,10.4334],[75.0818,72.3557,0.0],[75.087,72.3526,16.6949],[75.0818,72.3464,0.0],[75.087,72.3443,12.1863],[75.0797,72.3432,0.0],[75.087,72.338,12.5002],[75.0797,72.337,0.0],[75.0797,72.3339,0.0],[75.0828,72.3318,13.6381],[75.0755,72.3307,0.0],[75.0792,72.3271,0.0],[75.0776,72.3234,0.0],[75.0807,72.3224,3.586],[75.0776,72.3151,0.0],[75.0807,72.3141,12.565],[75.0797,72.3089,11.4804],[75.0828,72.3078,9.779],[75.0792,72.3021,9.4997],[75.0828,72.2984,8.3495],[75.0787,72.2943,5.9272],[75.0714,72.2932,0.0],[75.0766,72.2911,0.0],[75.0755,72.288,0.0],[75.0792,72.2854,14.1911],[75.0734,72.2776,0.0],[75.0787,72.2766,9.8236],[75.0828,72.2734,1.0568],[75.0755,72.2724,0.0],[75.0734,72.2703,0.0],[75.0787,72.2682,15.0847],[75.0714,72.2599,0.0],[75.0766,72.2568,9.5792],[75.0714,72.2516,1.1372],[75.0703,72.2484,10.8443],[75.063,72.2474,0.0],[75.0609,72.2453,0.0],[75.0641,72.2432,2.3065],[75.063,72.2401,0.0],[75.0682,72.238,9.1332],[75.0661,72.2359,13.0818],[75.0589,72.2349,0.0],[75.062,72.2328,11.4106],[75.062,72.2297,11.9502],[75.0578,72.2255,2.8597],[75.0505,72.2245,0.0],[75.0537,72.2224,4.6758],[75.0537,72.2193,9.1577],[75.0349,72.1984,5.9777],[75.0276,72.1974,0.0],[75.0255,72.1922,0.0],[75.0286,72.1901,9.0316],[75.0214,72.1891,0.0],[75.0193,72.187,7.2776],[75.0193,72.1839,5.3723],[75.0224,72.1818,18.7476],[75.0068,72.1787,0.0],[75.0099,72.1755,6.896],[75.0026,72.1745,0.0],[74.9974,72.1672,1.1026],[74.9901,72.1661,0.0],[74.9828,72.1589,0.0],[74.9755,72.1578,0.0],[74.9745,72.1547,0.0],[74.9641,72.1422,2.5467],[74.9568,72.1412,2.6455],[74.9537,72.138,2.3241],[74.9464,72.137,0.723],[74.9432,72.1339,0.4686],[74.9359,72.1328,0.0],[74.9391,72.1297,2.5214],[74.9318,72.1286,0.8722],[74.9307,72.1255,2.1933],[74.9151,72.1245,0.0],[74.9203,72.1214,1.4585],[74.9182,72.1193,3.0496],[74.9109,72.1182,0.0],[74.9057,72.113,0.7763],[74.8984,72.112,0.0],[74.8938,72.1083,5.7911],[74.888,72.1078,0.0],[74.8849,72.1026,13.7449],[74.8776,72.1016,11.0155],[74.8729,72.0979,10.645],[74.8609,72.0974,0.0],[74.8557,72.0922,3.7617],[74.8484,72.0911,0.0],[74.8432,72.0859,13.8954],[74.8359,72.0849,0.0],[74.8349,72.0818,20.9472],[74.8193,72.0787,9.3906],[74.8224,72.0755,7.6822],[74.8104,72.0771,0.0],[74.8089,72.0755,0.0],[74.8141,72.0734,17.932],[74.7917,72.0687,0.0],[74.787,72.0651,12.8763],[74.7714,72.062,15.4435],[74.7646,72.0563,13.798],[74.7604,72.0563,6.6468],[74.7562,72.0542,19.0556],[74.7396,72.0542,0.0],[74.738,72.0526,0.0],[74.7412,72.0505,2.6522],[74.7312,72.0479,17.4244],[74.7208,72.0479,0.0],[74.7125,72.0417,15.0514],[74.7,72.0396,0.0],[74.6875,72.0354,12.1061],[74.6771,72.0354,0.0],[74.6708,72.0313,7.4273],[74.6401,72.0245,0.0],[74.6375,72.0208,16.1241],[74.6167,72.0167,14.143],[74.6125,72.0146,7.5986],[74.6,72.0146,0.0],[74.5818,72.0099,0.0],[74.5771,72.0062,2.8296],[74.5604,72.0062,0.0],[74.5557,72.0026,3.5623],[74.5458,72.0,3.6518],[74.5375,72.0021,0.0],[74.5292,71.9958,9.0068],[74.5188,71.9958,2.0449],[74.5146,71.9938,1.976],[74.4958,71.9938,0.0],[74.4917,71.9917,1.0427],[74.4625,71.9854,2.3696],[74.4521,71.9812,10.4386],[74.4396,71.9812,2.3728],[74.4354,71.9792,3.6985],[74.425,71.9792,1.4011],[74.4208,71.9771,1.5326],[74.4042,71.9771,0.0],[74.3979,71.9729,4.6966],[74.3875,71.975,0.0],[74.3833,71.9708,2.6229],[74.3583,71.9708,0.0],[74.3516,71.9651,3.315],[74.3359,71.962,0.0],[74.3411,71.9599,0.0],[74.3401,71.9568,0.0],[74.3516,71.9557,14.3325],[74.3484,71.9505,0.0],[74.3536,71.9484,0.0],[74.35,71.9458,0.0],[74.3359,71.9432,1.128],[74.3313,71.9396,2.0971],[74.3229,71.9396,0.0],[74.3214,71.9411,0.0],[74.3287,71.9422,0.0],[74.3333,71.9458,1.533],[74.3391,71.9464,0.0],[74.3391,71.9495,0.0],[74.3333,71.9521,1.3518],[74.3229,71.9521,0.5361],[74.3214,71.9505,0.5172],[74.3266,71.9484,2.0693],[74.3146,71.9479,2.0006],[74.3047,71.9526,2.16],[74.3146,71.9563,2.1175],[74.3266,71.9568,1.4197],[74.3287,71.962,0.0],[74.3208,71.9646,0.0],[74.3026,71.9599,0.0],[74.2979,71.9563,1.437],[74.2875,71.9563,0.0],[74.2828,71.9526,1.7501],[74.2646,71.9479,3.2294],[74.2542,71.9479,0.0],[74.2333,71.9417,5.4525],[74.2229,71.9417,0.0],[74.2188,71.9396,2.3631],[74.2146,71.9396,0.0],[74.2083,71.9354,3.5102],[74.1979,71.9375,0.0],[74.1937,71.9333,16.6985],[74.175,71.9333,0.0],[74.1458,71.925,7.0472],[74.1354,71.925,2.4093],[74.1312,71.9229,12.6855],[74.1146,71.9229,0.0],[74.1047,71.9203,9.8823],[74.1,71.9167,4.1876],[74.0938,71.9187,5.4654],[74.0833,71.9187,0.0],[74.0792,71.9146,1.4084],[74.0604,71.9146,0.0],[74.0542,71.9104,29.0529],[74.0375,71.9104,10.3794],[74.025,71.9063,19.0304],[74.0146,71.9063,7.6614],[74.0104,71.9042,4.1055],[73.9938,71.9042,1.6405],[73.9896,71.9021,3.2958],[73.9771,71.9021,0.0],[73.9745,71.8984,2.195],[73.9646,71.8958,3.3601],[73.9604,71.8958,5.3767],[73.9563,71.8979,3.8209],[73.9479,71.8979,2.7313],[73.9437,71.8958,14.5419],[73.9271,71.8958,0.0],[73.9208,71.8917,4.0288],[73.9104,71.8938,0.0],[73.9063,71.8896,3.989],[73.8958,71.8896,0.0],[73.8833,71.8854,13.2868],[73.8708,71.8854,0.0],[73.8667,71.8812,13.4373],[73.8562,71.8812,6.6893],[73.8438,71.8771,9.7145],[73.825,71.8771,0.0],[73.8224,71.8734,1.8078],[73.8125,71.8708,10.6206],[73.8021,71.8708,1.7261],[73.7896,71.8667,9.6666],[73.7771,71.8667,0.0],[73.7583,71.8604,6.901],[73.7458,71.8604,0.0],[73.738,71.8578,1.9158],[73.7333,71.8542,18.3645],[73.7214,71.8536,4.164],[73.7167,71.85,26.1801],[73.7083,71.8521,0.0],[73.6958,71.8479,2.0416],[73.6833,71.8479,0.0],[73.6755,71.8453,0.0],[73.6708,71.8417,12.4329],[73.6604,71.8417,0.0],[73.6422,71.837,20.1681],[73.6375,71.8333,25.0415],[73.6271,71.8333,15.7023],[73.6146,71.8292,8.0829],[73.6062,71.8313,0.0],[73.5964,71.8287,0.0],[73.5917,71.825,10.1812],[73.5776,71.8224,0.0],[73.5766,71.8193,24.4099],[73.5625,71.8187,0.0],[73.5547,71.8161,0.0],[73.5516,71.813,14.3537],[73.5443,71.812,0.0],[73.5411,71.8089,18.5388],[73.5339,71.8078,4.8208],[73.5328,71.8047,13.3599],[73.5104,71.8,0.0],[73.5057,71.7963,7.1076],[73.4984,71.7953,0.0],[73.5036,71.7922,6.3878],[73.4938,71.7896,3.6436],[73.4818,71.7891,0.0],[73.4849,71.787,1.2159],[73.4849,71.7839,3.7062],[73.4828,71.7818,4.2528],[73.4755,71.7807,0.0],[73.4724,71.7776,2.3978],[73.4651,71.7766,0.0],[73.463,71.7714,0.7532],[73.4682,71.7693,1.78],[73.4609,71.7682,1.2869],[73.4568,71.7641,0.9075],[73.4568,71.7609,0.9426],[73.4661,71.7578,1.1207],[73.4651,71.7547,0.7759],[73.4667,71.7542,0.6954],[73.4729,71.7562,1.1418],[73.4766,71.7557,1.1418],[73.4755,71.7505,0.9731],[73.4797,71.7484,0.9776],[73.4875,71.7458,1.043],[73.4974,71.7453,1.3635],[73.4964,71.7422,1.0922],[73.4995,71.7412,0.924],[73.5005,71.738,0.0],[73.5099,71.7349,1.2016],[73.5089,71.7318,0.0],[73.5182,71.7286,1.4474],[73.5172,71.7255,0.0],[73.5224,71.7245,1.6397],[73.5193,71.7193,0.0],[73.5245,71.7182,1.7746],[73.5214,71.713,0.0],[73.5266,71.712,0.8328],[73.5229,71.7063,0.0],[73.5271,71.7021,4.7076],[73.5229,71.6958,0.0],[73.5266,71.6922,9.1803],[73.5146,71.675,0.0],[73.5182,71.6713,30.4665],[73.5109,71.6703,0.0],[73.5162,71.6672,6.4104],[73.5089,71.6661,6.6881],[73.512,71.6641,12.6788],[73.512,71.6609,26.0365],[73.5099,71.6589,40.312],[73.5026,71.6578,5.8261],[73.4953,71.6464,45.6062],[73.488,71.6453,0.0],[73.4786,71.6318,19.0216],[73.4714,71.6307,24.9217],[73.4641,71.6214,15.3196],[73.4521,71.6208,0.0],[73.4474,71.6172,0.0],[73.4422,71.6162,0.0],[73.4516,71.6109,3.3212],[73.4479,71.6083,6.9539],[73.4339,71.6057,9.1201],[73.4391,71.6036,7.8608],[73.4375,71.6021,10.989],[73.4318,71.6016,17.0926],[73.4349,71.5984,8.7602],[73.4276,71.5974,14.5403],[73.425,71.5938,13.1361],[73.4109,71.5911,0.0],[73.4141,71.588,9.257],[73.4089,71.587,0.0],[73.4057,71.5839,0.0],[73.3984,71.5828,0.0],[73.3953,71.5776,2.1267],[73.388,71.5766,0.0],[73.3849,71.5714,4.7291],[73.3776,71.5703,0.0],[73.3724,71.563,18.7819],[73.3604,71.5625,3.7357],[73.3479,71.5583,2.945],[73.3438,71.5583,0.0],[73.3375,71.5542,5.8856],[73.3255,71.5537,0.0],[73.3224,71.5484,11.9219],[73.3151,71.5474,0.9522],[73.3104,71.5437,2.1749],[73.2984,71.5432,0.0],[73.2974,71.5401,3.6982],[73.2901,71.5391,0.0],[73.287,71.5339,19.1615],[73.2797,71.5328,0.0],[73.275,71.5292,18.7854],[73.2693,71.5286,0.0],[73.2662,71.5234,2.499],[73.2589,71.5224,10.4594],[73.2557,71.5172,3.6589],[73.2484,71.5162,20.5807],[73.2453,71.513,22.0548],[73.2354,71.5104,15.4626],[73.225,71.5104,0.0],[73.2224,71.5068,6.8197],[73.2151,71.5057,0.0],[73.2104,71.5021,15.1649],[73.1984,71.5016,0.0],[73.1953,71.4964,8.8265],[73.1813,71.4938,0.0],[73.1734,71.4912,0.0],[73.1703,71.488,2.4275],[73.1547,71.4849,0.8202],[73.1521,71.4812,16.1099],[73.1297,71.4766,0.0],[73.1266,71.4714,31.5427],[73.113,71.4703,0.0],[73.1099,71.4651,6.9312],[73.1042,71.4646,0.0],[73.0995,71.4609,27.309],[73.0922,71.4599,6.9441],[73.0911,71.4568,25.3031],[73.0755,71.4537,0.0],[73.0807,71.4516,23.7871],[73.0792,71.45,15.1018],[73.0734,71.4495,25.4022],[73.0729,71.4479,38.2091],[73.0766,71.4464,29.8093],[73.0547,71.4411,7.6067],[73.0516,71.4359,25.8059],[73.0443,71.4349,0.0],[73.0391,71.4276,9.1181],[73.0318,71.4266,15.4348],[73.0286,71.4234,24.3736],[73.0234,71.4224,0.0],[73.0266,71.4203,1.012],[73.0245,71.4151,1.7065],[73.0172,71.4141,0.0],[73.0203,71.412,2.2007],[73.0203,71.4089,2.8116],[73.013,71.4078,0.0],[73.0109,71.4047,0.0],[73.0188,71.4021,1.5103],[73.025,71.4021,1.9971],[73.0266,71.4005,1.4339],[73.0146,71.4,2.2493],[73.0068,71.3974,3.0736],[73.0026,71.3932,0.0],[73.012,71.3891,14.6098],[73.013,71.3859,0.0],[73.0172,71.3839,0.0],[73.025,71.3812,0.0],[73.0328,71.3807,28.6732],[73.0339,71.3776,0.0],[73.038,71.3755,0.0],[73.0604,71.375,33.0],[73.062,71.3745,39.1261],[73.0609,71.3714,9.4105],[73.0729,71.3667,0.0],[73.0875,71.3667,24.5894],[73.0958,71.3625,0.0],[73.1167,71.3604,15.7159],[73.1312,71.3542,0.0],[73.1375,71.3542,0.0],[73.1417,71.3521,0.0],[73.1563,71.3521,31.5058],[73.1646,71.3479,0.0],[73.1792,71.3479,10.7804],[73.1833,71.3458,0.0],[73.1917,71.3458,6.8006],[73.2,71.3417,0.0],[73.2146,71.3417,41.1825],[73.2229,71.3375,0.0],[73.2312,71.3375,15.2531],[73.2354,71.3354,0.0],[73.2542,71.3333,14.7585],[73.2568,71.3297,0.0],[73.2646,71.3292,0.0],[73.2688,71.3271,0.0],[73.2833,71.3271,17.8309],[73.2849,71.3266,7.3559],[73.2839,71.3234,0.0],[73.2953,71.3224,0.0],[73.2943,71.3193,0.0],[73.2958,71.3187,0.0],[73.3042,71.3208,13.5294],[73.3292,71.3104,0.0],[73.3375,71.3104,2.4675],[73.3547,71.3026,0.0],[73.3766,71.2974,27.9439],[73.3755,71.2943,0.0],[73.387,71.2932,24.4036],[73.3859,71.2901,0.0],[73.3938,71.2896,13.6828],[73.3964,71.2859,0.0],[73.4042,71.2854,16.1538],[73.412,71.2828,22.0862],[73.4109,71.2797,0.0],[73.4224,71.2786,21.3868],[73.4266,71.2766,24.0906],[73.4255,71.2734,0.0],[73.4354,71.2729,13.2953],[73.437,71.2724,13.6752],[73.4359,71.2693,0.0],[73.4474,71.2682,5.2488],[73.4464,71.2651,0.0],[73.462,71.2599,7.4209],[73.4714,71.2547,0.0],[73.4828,71.2536,11.4041],[73.4818,71.2505,0.0],[73.5078,71.2412,44.1237],[73.5068,71.238,0.0],[73.5162,71.237,11.2359],[73.5172,71.2338,0.0],[73.5266,71.2328,23.9416],[73.5276,71.2297,0.0],[73.538,71.2255,0.0],[73.5474,71.2245,28.6768],[73.5463,71.2214,0.0],[73.5557,71.2182,17.8238],[73.5568,71.2151,0.0],[73.5703,71.2099,28.8112],[73.5693,71.2068,0.0],[73.5849,71.2016,16.0852],[73.5839,71.1984,0.0],[73.5932,71.1953,5.3034],[73.5901,71.1901,0.0],[73.6016,71.1891,8.5288],[73.6,71.1854,0.0],[73.6036,71.1828,0.0],[73.6026,71.1797,0.0],[73.612,71.1766,2.0968],[73.613,71.1734,0.0],[73.6162,71.1724,1.4965],[73.6151,71.1693,0.0],[73.6349,71.162,1.4197],[73.6333,71.1583,0.0],[73.637,71.1557,0.0],[73.6359,71.1526,0.0],[73.6453,71.1495,1.3219],[73.6464,71.1464,1.4564],[73.6536,71.1432,2.0335],[73.6536,71.1401,1.9226],[73.6505,71.1359,0.0],[73.6557,71.1349,1.631],[73.6547,71.1318,1.2648],[73.6599,71.1307,2.0413],[73.6589,71.1276,1.9842],[73.662,71.1266,1.9849],[73.6568,71.1245,1.3529],[73.6599,71.1224,1.668],[73.6589,71.1172,1.8448],[73.6646,71.1146,2.4341],[73.6729,71.1167,2.6042],[73.6937,71.1083,1.8234],[73.7016,71.1078,2.4559],[73.7,71.1062,3.1118],[73.6896,71.1062,2.3115],[73.6854,71.1042,2.6126],[73.6625,71.1042,0.8025],[73.6609,71.1026,0.0],[73.6661,71.1016,1.5943],[73.6651,71.0984,0.0],[73.6724,71.0932,1.7652],[73.6713,71.0901,1.3564],[73.6766,71.0891,1.6799],[73.6755,71.0859,0.6966],[73.6807,71.0849,1.7715],[73.6797,71.0818,1.1721],[73.6833,71.0792,0.9856],[73.6818,71.0755,0.0],[73.6911,71.0724,1.0507],[73.6901,71.0672,0.0],[73.7078,71.0599,1.4803],[73.7005,71.0568,0.0],[73.712,71.0557,1.4819],[73.7109,71.0526,0.0],[73.7203,71.0495,1.5493],[73.713,71.0463,0.0],[73.7208,71.0437,0.0],[73.7286,71.0432,2.2098],[73.7297,71.0401,1.679],[73.7328,71.0391,1.8484],[73.7318,71.0359,0.0],[73.737,71.0349,2.1703],[73.7359,71.0318,0.0],[73.7453,71.0286,1.3376999999999999],[73.7443,71.0255,0.0],[73.7557,71.0245,1.5348],[73.7662,71.0203,1.6043],[73.7651,71.0172,0.0],[73.7667,71.0167,0.0],[73.787,71.0141,1.9929],[73.8187,71.0,0.0],[73.8287,70.9995,1.034],[73.8484,70.9901,0.0],[73.8641,70.9849,2.2967],[73.863,70.9818,0.0],[73.8672,70.9797,0.0],[73.8786,70.9786,3.8571],[73.8776,70.9755,0.0],[73.8818,70.9734,0.0],[73.8932,70.9724,2.2758],[73.8917,70.9688,0.8201],[73.8953,70.9661,0.0],[73.8943,70.963,0.0],[73.9057,70.962,1.2511],[73.9047,70.9589,0.0],[73.9141,70.9557,15.6477],[73.9089,70.9474,0.0],[73.9141,70.9453,1.5779],[73.913,70.9422,0.0],[73.9167,70.9396,1.3566],[73.9161,70.938,1.6834],[73.9089,70.937,0.0],[73.9125,70.9333,1.4677],[73.9083,70.9271,0.6439],[73.912,70.9234,2.7498],[73.8964,70.9203,0.0],[73.8912,70.9109,1.6556],[73.887,70.9068,1.8299],[73.8818,70.9057,0.0],[73.8776,70.9016,0.0],[73.8776,70.8984,0.0],[73.8807,70.8964,1.0899],[73.875,70.8875,0.0],[73.8771,70.8854,0.0],[73.8974,70.8828,2.8263],[73.8901,70.8714,0.0],[73.8953,70.8703,2.0706],[73.8943,70.8672,0.0],[73.9016,70.862,1.4597],[73.9005,70.8568,0.0],[73.9287,70.8557,1.7272],[73.9271,70.8542,2.4451],[73.9125,70.8542,1.1945],[73.9089,70.8516,0.0],[73.912,70.8495,0.6922],[73.913,70.8464,0.0],[73.9203,70.8432,2.1503],[73.9193,70.838,0.0],[73.9307,70.837,9.4578],[73.9349,70.8349,7.8903],[73.9339,70.8318,0.0],[73.9391,70.8307,8.2115],[73.962,70.8203,10.6572],[73.963,70.8172,0.0],[73.9708,70.8167,25.0565],[73.9786,70.8141,30.4402],[73.9755,70.8089,0.0],[73.9854,70.8083,0.0],[74.0214,70.7922,0.0],[74.0292,70.7896,11.4659],[74.037,70.7891,34.1628],[74.0359,70.7859,0.0],[74.0516,70.7807,27.3142],[74.0505,70.7776,0.0],[74.0661,70.7766,37.7392],[74.0672,70.7734,0.0],[74.0849,70.7662,13.4701],[74.0839,70.763,0.0],[74.0953,70.762,13.2233],[74.0943,70.7589,0.0],[74.1057,70.7578,18.9498],[74.1047,70.7547,0.0],[74.1141,70.7536,0.0],[74.1151,70.7505,0.0],[74.1193,70.7484,0.0],[74.1286,70.7474,18.4782],[74.1312,70.7438,0.0],[74.1391,70.7432,22.568],[74.138,70.7401,0.0],[74.1458,70.7375,0.0],[74.1536,70.737,32.5448],[74.1526,70.7338,0.0],[74.1625,70.7333,27.7071],[74.1641,70.7328,28.9684],[74.163,70.7297,0.0],[74.1708,70.7271,16.487],[74.1787,70.7266,7.1482],[74.1713,70.7234,0.0],[74.1813,70.7229,37.5357],[74.187,70.7203,29.3586],[74.1859,70.7172,0.0],[74.1974,70.7161,3.859],[74.1943,70.7109,0.0],[74.2037,70.7078,0.0],[74.2026,70.7047,0.0],[74.2203,70.7037,30.4266],[74.213,70.7005,0.0],[74.2188,70.6979,0.0],[74.2286,70.6974,22.8897],[74.2255,70.6922,0.0],[74.2453,70.6849,3.2766],[74.2443,70.6797,0.0],[74.2578,70.6745,19.034],[74.2568,70.6713,17.9102],[74.2599,70.6703,9.5664],[74.2609,70.6672,20.8982],[74.2682,70.6641,24.0274],[74.2682,70.6609,19.6944],[74.2651,70.6568,0.0],[74.2745,70.6536,18.4405],[74.2734,70.6505,10.0421],[74.2786,70.6495,5.9606],[74.2755,70.6443,0.0],[74.2807,70.6432,8.1661],[74.2797,70.6401,0.0],[74.2833,70.6375,8.8021],[74.2818,70.6339,0.0],[74.2854,70.6312,3.538],[74.2839,70.6276,0.0],[74.2911,70.6224,7.8636],[74.2901,70.6193,0.0],[74.2953,70.6182,5.7199],[74.2922,70.6141,0.0],[74.2922,70.6109,0.0],[74.2995,70.6078,29.4383],[74.3,70.6062,25.6979],[74.2963,70.6016,0.0],[74.2963,70.5984,0.0],[74.3057,70.5974,35.0311],[74.3037,70.5922,36.3668],[74.2979,70.5917,0.0],[74.2963,70.5901,0.0],[74.3057,70.587,47.7899],[74.3026,70.5818,0.0],[74.3078,70.5797,41.8004],[74.3021,70.5792,0.0],[74.3005,70.5776,0.0],[74.3099,70.5745,46.5628],[74.3089,70.5714,34.0067],[74.312,70.5703,37.9151],[74.3068,70.5682,23.6317],[74.3099,70.5661,23.2562],[74.3068,70.5589,17.9232],[74.3099,70.5578,32.7002],[74.3099,70.5547,21.0332],[74.3026,70.5537,0.0],[74.3068,70.5505,2.0045],[74.312,70.5495,9.0222],[74.3104,70.5479,17.0612],[74.3047,70.5474,0.0],[74.3083,70.5437,14.2373],[74.3068,70.5401,9.3246],[74.3104,70.5375,23.0802],[74.3063,70.5313,0.0],[74.3099,70.5276,9.263],[74.3026,70.5266,0.0],[74.3078,70.5234,25.4403],[74.3037,70.5193,16.8927],[74.2984,70.5182,0.0],[74.3016,70.5151,2.8499],[74.2911,70.4984,10.8372],[74.2839,70.4974,0.0],[74.2818,70.4953,0.0],[74.2771,70.4875,0.0],[74.2807,70.4838,3.4676],[74.2734,70.4828,1.9725],[74.2714,70.4776,6.477],[74.2745,70.4766,8.3538],[74.2745,70.4734,15.5095],[74.2672,70.4724,0.0],[74.2651,70.4703,0.0],[74.2703,70.4672,17.7235],[74.263,70.4661,0.0],[74.2667,70.4625,19.8136],[74.262,70.4568,13.1413],[74.2568,70.4557,0.0],[74.2599,70.4526,25.8135],[74.2526,70.4516,0.0],[74.2474,70.4422,25.9087],[74.2401,70.4411,0.0],[74.2307,70.4276,23.116],[74.2234,70.4266,0.0],[74.2224,70.4234,7.9464],[74.2151,70.4224,0.0],[74.212,70.4193,1.4389],[74.2068,70.4182,0.0],[74.1995,70.4089,3.5932],[74.1859,70.4057,0.0],[74.1745,70.3984,1.4145],[74.1672,70.3974,0.0],[74.1661,70.3943,1.5337],[74.1589,70.3932,0.985],[74.1474,70.3859,1.4068],[74.1401,70.3849,2.0944],[74.1391,70.3818,0.7282],[74.1255,70.3786,2.9581],[74.1286,70.3755,0.4089],[74.1167,70.375,0.0],[74.1088,70.3724,0.3637],[74.1068,70.3693,0.1021],[74.1099,70.3672,1.5457],[74.1047,70.3651,0.0],[74.1078,70.3641,1.3032],[74.1068,70.3609,13.3264],[74.112,70.3588,21.7338],[74.1078,70.3547,20.2151],[74.1026,70.3536,17.1177],[74.0979,70.35,10.9641],[74.0859,70.3495,0.0],[74.0859,70.3464,0.0],[74.0891,70.3453,4.6322],[74.0891,70.3422,8.5466],[74.0818,70.3411,0.0],[74.0766,70.3339,6.6639],[74.0693,70.3328,0.0],[74.0641,70.3255,17.9968],[74.0604,70.325,9.8233],[74.0542,70.3271,0.0],[74.0474,70.3172,4.4982],[74.0339,70.3161,0.0],[74.0318,70.3109,0.4445],[74.0349,70.3099,6.214],[74.0349,70.3068,9.3667],[74.0276,70.3057,2.9184],[74.0245,70.3026,7.3221],[74.0167,70.3,12.301],[74.0109,70.2995,0.0],[74.0099,70.2963,10.3002],[73.9943,70.2932,0.0],[73.9932,70.2901,3.6173],[73.9859,70.2891,0.0],[73.9828,70.2839,18.9009],[73.9693,70.2807,0.0],[73.9724,70.2776,28.0964],[73.9609,70.2786,0.0],[73.9578,70.2755,0.0],[73.9443,70.2703,0.0],[73.9391,70.2651,21.8742],[73.9255,70.262,25.3212],[73.9224,70.2589,27.6092],[73.9146,70.2562,10.3494],[73.9089,70.2557,0.0],[73.9078,70.2526,19.2149],[73.9005,70.2516,0.0],[73.8974,70.2484,1.6702],[73.8839,70.2453,0.0],[73.8786,70.238,14.203],[73.8651,70.2349,0.0],[73.862,70.2297,17.9297],[73.8547,70.2286,0.0],[73.8599,70.2255,28.6944],[73.8542,70.225,23.0154],[73.8495,70.2214,22.0933],[73.8297,70.2161,0.0],[73.8245,70.2109,0.0],[73.8193,70.2099,0.0],[73.8161,70.2047,22.191],[73.8005,70.2016,0.0],[73.8057,70.1984,20.0254],[73.7937,70.1979,0.0],[73.7859,70.1953,0.0],[73.7891,70.1922,0.0],[73.7818,70.1911,0.0],[73.7745,70.1776,12.0826],[73.7672,70.1766,18.8453],[73.762,70.1672,2.6612],[73.7547,70.1661,2.4162],[73.7516,70.163,3.1513],[73.738,70.1578,0.0],[73.7412,70.1547,2.6698],[73.7338,70.1536,0.0],[73.7255,70.1495,0.0],[73.7307,70.1464,2.5018],[73.7089,70.1412,0.0],[73.7057,70.1359,0.0],[73.6984,70.1349,0.0],[73.6932,70.1255,1.4381],[73.6891,70.1214,1.4051],[73.6792,70.1208,0.0],[73.6755,70.1182,0.0],[73.6755,70.1151,0.0],[73.6833,70.1146,1.1362],[73.6917,70.1104,0.0],[73.7,70.1104,0.0],[73.7042,70.1083,0.0],[73.7104,70.1104,1.0383],[73.7146,70.1062,0.0],[73.7208,70.1062,0.0],[73.7292,70.1021,0.0],[73.7375,70.1021,0.0],[73.7458,70.0979,0.0],[73.7521,70.0979,0.0],[73.7599,70.0953,0.7615],[73.7589,70.0922,0.0],[73.7682,70.0911,0.0],[73.7724,70.0891,0.4994],[73.7734,70.0859,0.0],[73.787,70.0807,1.5416],[73.7818,70.0724,0.0],[73.787,70.0703,2.0028],[73.7818,70.062,0.0],[73.7849,70.0599,2.501],[73.7849,70.0568,3.7681],[73.7776,70.0557,0.0],[73.7776,70.0526,0.0],[73.7807,70.0505,0.0],[73.7734,70.0495,0.0],[73.7786,70.0463,0.0],[73.7745,70.0401,2.5696],[73.7672,70.0391,0.0],[73.7724,70.0359,1.6348],[73.763,70.0224,1.958],[73.7599,70.0151,2.1624],[73.7557,70.0109,2.4939],[73.7505,70.0099,0.0],[73.7453,70.0026,2.3523],[73.738,70.0016,0.0],[73.7349,69.9964,0.7808],[73.7297,69.9953,0.0],[73.7255,69.9912,0.0],[73.7349,69.987,1.1976],[73.7318,69.9797,0.0],[73.737,69.9786,0.2328],[73.7359,69.9755,0.0],[73.7495,69.9703,0.9144],[73.7479,69.9667,0.0],[73.7516,69.9641,0.8002],[73.75,69.9604,0.0],[73.7536,69.9568,0.6497],[73.7474,69.9464,0.0],[73.7401,69.9453,0.0],[73.737,69.938,0.0],[73.7307,69.9297,7.2236],[73.7255,69.9287,0.0],[73.7203,69.9234,0.0],[73.7151,69.9224,0.0],[73.712,69.9172,0.0],[73.7047,69.9161,0.0],[73.7016,69.9109,0.0],[73.6943,69.9099,0.0],[73.6932,69.9068,0.0],[73.6859,69.9057,0.0],[73.6911,69.9026,0.413],[73.6713,69.8912,0.0],[73.6693,69.8859,0.0],[73.6724,69.8849,0.0],[73.6724,69.8818,0.0],[73.6667,69.8812,0.0],[73.6651,69.8797,0.0],[73.6703,69.8786,0.0],[73.6693,69.8755,0.0],[73.6729,69.8729,0.0],[73.6713,69.8693,0.0],[73.6745,69.8682,0.0],[73.6693,69.8651,0.0],[73.6787,69.8641,0.7259],[73.6755,69.8568,0.0],[73.6787,69.8547,0.6313],[73.6734,69.8536,0.0],[73.6713,69.8516,0.0],[73.6766,69.8495,0.0],[73.6724,69.8422,0.0],[73.6651,69.8411,0.0],[73.6651,69.838,0.0],[73.6682,69.8359,0.0],[73.663,69.8349,0.0],[73.6661,69.8328,0.0],[73.6641,69.8276,2.2209],[73.6505,69.8245,0.0],[73.6453,69.8193,0.0],[73.6401,69.8182,0.0],[73.637,69.813,0.0],[73.6312,69.8125,0.0],[73.5979,69.8021,0.0],[73.5896,69.8021,0.0],[73.5734,69.7974,0.0],[73.5703,69.7922,1.1871],[73.563,69.7911,0.0],[73.5599,69.7839,0.4519],[73.5526,69.7828,0.0],[73.562,69.7776,1.8708],[73.5599,69.7755,1.7291],[73.5547,69.7745,0.0],[73.5495,69.7693,0.0],[73.5443,69.7682,0.0],[73.5411,69.763,0.0],[73.5339,69.762,0.0],[73.5432,69.7589,0.0],[73.538,69.7578,0.0],[73.5359,69.7557,0.0],[73.5328,69.7484,0.0],[73.5255,69.7474,0.0],[73.525,69.7458,0.0],[73.5271,69.7438,0.0],[73.5349,69.7432,0.3751],[73.5328,69.7401,1.5594],[73.5276,69.7391,0.0],[73.5307,69.737,0.0],[73.5297,69.7338,0.0],[73.5349,69.7328,0.0],[73.5339,69.7297,0.0],[73.5432,69.7286,0.0],[73.5458,69.725,0.0],[73.5537,69.7245,0.0],[73.5521,69.7229,0.0],[73.5463,69.7224,0.0],[73.5463,69.7193,0.0],[73.5542,69.7188,0.0],[73.5557,69.7182,0.0],[73.5547,69.7151,0.0],[73.5625,69.7125,0.0],[73.5703,69.712,2.8054],[73.563,69.7089,0.0],[73.5682,69.7078,0.0],[73.5672,69.7047,0.0],[73.5745,69.6995,0.0],[73.5734,69.6964,0.0],[73.5828,69.6932,1.6205],[73.5776,69.6911,0.0],[73.5755,69.688,0.0],[73.5787,69.687,0.0],[73.5797,69.6839,0.0],[73.5828,69.6818,0.1937],[73.5776,69.6807,0.0],[73.5755,69.6776,0.0],[73.5787,69.6755,0.0],[73.5734,69.6745,0.0],[73.5714,69.6713,0.0],[73.5828,69.6724,0.0],[73.5813,69.6687,0.0],[73.5849,69.6661,0.0],[73.5839,69.663,0.0],[73.5891,69.662,0.0],[73.5859,69.6547,0.0],[73.5953,69.6536,0.0],[73.5901,69.6505,0.0],[73.6036,69.6453,0.0],[73.6026,69.6422,0.0],[73.6057,69.6412,0.0],[73.6068,69.638,0.0],[73.6162,69.637,0.6456],[73.6146,69.6333,0.0],[73.6182,69.6297,0.0],[73.6083,69.6292,0.0],[73.6068,69.6276,0.0],[73.6224,69.6266,0.0],[73.6214,69.6234,0.0],[73.6307,69.6203,0.0],[73.6276,69.6151,0.0],[73.6391,69.6141,0.0],[73.6359,69.6088,0.0],[73.6412,69.6078,0.0],[73.6401,69.6047,0.0],[73.6443,69.6026,0.0],[73.6495,69.6016,0.0],[73.6604,69.5958,0.0],[73.6807,69.5932,1.9494],[73.6797,69.5901,0.0],[73.6854,69.5875,0.0],[73.6917,69.5875,0.0],[73.7021,69.5833,0.0],[73.7099,69.5828,0.0],[73.7089,69.5797,0.0],[73.713,69.5776,0.0],[73.7245,69.5766,0.0],[73.738,69.5693,0.0],[73.7474,69.5661,0.0],[73.7464,69.563,0.0],[73.7578,69.562,0.0],[73.7568,69.5589,0.0],[73.7641,69.5557,0.0],[73.7651,69.5526,0.0],[73.7745,69.5516,0.0],[73.7786,69.5495,0.0],[73.7797,69.5463,0.0],[73.7932,69.5411,1.5845],[73.7922,69.538,0.0],[73.7995,69.5328,0.0],[73.7984,69.5297,0.0],[73.812,69.5245,0.0],[73.8109,69.5214,0.0],[73.8161,69.5203,0.0],[73.8151,69.5172,0.0],[73.8245,69.5141,0.0],[73.8234,69.5109,0.0],[73.8307,69.5057,0.0],[73.8297,69.5026,0.0],[73.8411,69.5016,2.1631],[73.8401,69.4984,0.0],[73.8474,69.4932,0.4791],[73.8458,69.4896,0.0],[73.8495,69.487,0.0],[73.8484,69.4838,0.0],[73.8578,69.4807,1.3184],[73.8562,69.4771,0.0],[73.8599,69.4745,0.0],[73.8588,69.4714,0.0],[73.8641,69.4703,1.8362],[73.863,69.4672,0.0],[73.8667,69.4646,0.2695],[73.8651,69.4609,0.0],[73.8688,69.4583,0.0],[73.8672,69.4547,0.0],[73.8724,69.4537,0.0],[73.8714,69.4505,0.0],[73.8786,69.4474,0.935],[73.8776,69.4422,0.0],[73.8828,69.4411,0.2653],[73.8797,69.4359,0.0],[73.8891,69.4328,4.5163],[73.8875,69.4292,0.0],[73.8912,69.4266,0.0],[73.8901,69.4234,0.0],[73.8953,69.4224,0.4387],[73.8938,69.4208,0.0],[73.888,69.4203,0.0],[73.8912,69.4182,0.0],[73.8922,69.4151,0.0],[73.8995,69.412,0.0],[73.8922,69.4078,0.0],[73.8922,69.4047,0.0],[73.8995,69.4016,0.0],[73.8943,69.3984,0.0],[73.9036,69.3974,0.0],[73.9005,69.388,0.0],[73.9099,69.387,0.0],[73.9083,69.3854,0.0],[73.9026,69.3849,0.0],[73.8984,69.3776,0.0],[73.9099,69.3766,0.0],[73.9078,69.3734,0.0],[73.9021,69.3729,0.0],[73.9005,69.3714,0.0],[73.9104,69.3708,0.0],[73.912,69.3693,3.1816],[73.9047,69.3682,0.0],[73.9016,69.363,0.0],[73.8964,69.362,0.0],[73.8943,69.3599,0.0],[73.9016,69.3526,0.0],[73.8922,69.3474,0.0],[73.8849,69.3339,0.0],[73.8755,69.3287,0.0],[73.8786,69.3266,0.0],[73.8786,69.3234,2.8677],[73.8714,69.3224,0.0],[73.862,69.3047,0.0],[73.8599,69.3026,0.0],[73.8547,69.3016,0.0],[73.8641,69.2984,15.1754],[73.862,69.2963,20.3259],[73.8568,69.2953,0.0],[73.8536,69.2922,0.0],[73.8484,69.2911,0.0],[73.8516,69.288,0.0],[73.8464,69.287,0.0],[73.8438,69.2833,0.0],[73.8474,69.2797,19.0538],[73.8401,69.2786,0.0],[73.8391,69.2755,0.0],[73.8318,69.2745,0.0],[73.8318,69.2714,0.0],[73.8349,69.2693,0.0],[73.8255,69.2641,0.0],[73.8255,69.2609,0.0],[73.8287,69.2589,11.1003],[73.8234,69.2568,0.0],[73.8266,69.2547,7.8621],[73.8245,69.2526,13.3762],[73.8193,69.2516,0.0],[73.812,69.2401,3.8069],[73.8068,69.2391,0.0],[73.8099,69.237,14.2462],[73.8078,69.2338,0.0],[73.8026,69.2328,0.0],[73.7974,69.2255,0.0],[73.7922,69.2245,0.0],[73.7901,69.2224,0.0],[73.7901,69.2193,0.0],[73.7932,69.2172,0.0],[73.7839,69.212,0.0],[73.7792,69.2021,0.0],[73.7828,69.1984,0.0],[73.7807,69.1964,0.0],[73.7755,69.1953,0.0],[73.7714,69.1891,0.0],[73.7714,69.1859,0.0],[73.7745,69.1839,0.0],[73.7672,69.1828,0.0],[73.7724,69.1807,0.0],[73.7693,69.1766,0.0],[73.7693,69.1734,0.0],[73.7766,69.1703,0.0],[73.7771,69.1687,0.0],[73.7745,69.1651,0.0],[73.7693,69.163,0.0],[73.7911,69.1536,0.0],[73.7901,69.1484,0.0],[73.7974,69.1432,0.0],[73.7963,69.1401,0.0],[73.8042,69.1396,0.0],[73.812,69.137,0.0],[73.8109,69.1339,0.0],[73.8182,69.1286,0.0],[73.8172,69.1255,0.0],[73.8224,69.1245,0.0],[73.8214,69.1214,0.0],[73.8287,69.1182,0.0],[73.8339,69.1109,0.0],[73.837,69.1099,0.0],[73.8359,69.1047,0.0],[73.8432,69.1016,0.0],[73.8422,69.0984,0.0],[73.8536,69.0974,39.4179],[73.8526,69.0943,0.0],[73.8599,69.0891,0.0],[73.8588,69.0859,0.0],[73.8641,69.0849,0.0],[73.863,69.0818,0.0],[73.8703,69.0787,0.0],[73.8729,69.075,0.0],[73.8896,69.075,0.0],[73.8938,69.0729,0.0],[73.9063,69.0729,0.0],[73.9208,69.0687,0.0],[73.9625,69.0687,0.0],[73.9667,69.0667,0.0],[73.975,69.0667,0.0],[73.9792,69.0687,0.0],[73.9938,69.0687,0.0],[73.9979,69.0708,0.0],[74.0167,69.0708,0.0],[74.0292,69.075,0.0],[74.0375,69.075,0.0],[74.0479,69.0792,11.917],[74.0583,69.0792,0.0],[74.0625,69.0833,8.8969],[74.0708,69.0813,0.0],[74.075,69.0854,0.0],[74.0979,69.0875,0.0],[74.1057,69.0901,0.0],[74.1104,69.0938,2.3467],[74.1312,69.0958,0.0],[74.1375,69.1,0.0],[74.1474,69.1005,0.0],[74.15,69.1042,0.0],[74.1604,69.1042,0.0],[74.1646,69.1083,0.0],[74.1792,69.1083,0.0],[74.1807,69.1099,0.0],[74.1729,69.1104,0.0],[74.1713,69.112,0.0],[74.1813,69.1125,0.0],[74.1859,69.1162,0.0],[74.1937,69.1188,0.0],[74.2042,69.1188,0.0],[74.2146,69.1229,0.0],[74.2354,69.125,0.0],[74.2396,69.1271,1.2597],[74.2542,69.1271,0.0],[74.2583,69.1292,0.7065],[74.2917,69.1292,0.0],[74.2958,69.1312,0.0],[74.3083,69.1312,0.0],[74.3146,69.1292,0.0],[74.3187,69.1312,0.0],[74.3854,69.1312,0.0],[74.3917,69.1292,0.0],[74.3958,69.1312,0.0],[74.425,69.1312,0.0],[74.4313,69.1292,0.0],[74.4375,69.1312,0.0],[74.4417,69.1292,0.0],[74.4833,69.1292,0.0],[74.4979,69.125,0.0],[74.5042,69.125,0.0],[74.5083,69.1271,0.0],[74.5229,69.1271,1.0998],[74.5271,69.125,0.0],[74.55,69.125,0.0],[74.5542,69.1229,0.0],[74.5667,69.1229,0.0],[74.5708,69.1208,0.0],[74.5875,69.1188,0.0],[74.5917,69.1167,0.0],[74.6208,69.1146,0.6243],[74.6292,69.1104,0.0],[74.6417,69.1104,0.0],[74.65,69.1062,0.0],[74.6682,69.1036,0.0],[74.6854,69.0958,0.0],[74.6932,69.0953,0.3883],[74.6922,69.0922,0.0],[74.7193,69.0797,-0.061],[74.7307,69.0807,-1.0158],[74.7276,69.0766,0.3149],[74.7292,69.075,0.0],[74.7646,69.075,0.8513],[74.7708,69.0729,0.0],[74.7771,69.075,1.3775],[74.7813,69.0729,0.0],[74.7896,69.0729,0.0],[74.7937,69.075,0.5723],[74.7979,69.0729,0.0],[74.8187,69.0729,0.0],[74.8229,69.075,0.7372],[74.8562,69.0771,0.0],[74.8604,69.0792,0.0],[74.8667,69.0771,0.0],[74.8682,69.0787,0.1964],[74.8651,69.0807,0.0],[74.8667,69.0813,0.7762],[74.8875,69.0813,0.0],[74.8917,69.0833,0.0],[74.9,69.0833,0.0],[74.9125,69.0875,-0.0199],[74.9271,69.0875,0.0],[74.9313,69.0896,0.9781],[74.9563,69.0896,0.0],[74.9604,69.0917,0.9089],[74.9875,69.0917,0.0],[74.9917,69.0938,0.4972],[75.0167,69.0938,0.1819],[75.0208,69.0958,0.0],[75.0354,69.0958,0.0],[75.0396,69.0979,1.2569],[75.1021,69.0979,0.0],[75.1062,69.1,1.5325],[75.1271,69.1,0.0],[75.1349,69.1036,0.0],[75.1292,69.1062,0.0],[75.1047,69.1068,0.9844],[75.1047,69.1099,0.0],[75.1083,69.1146,0.0],[75.1047,69.1182,1.6026],[75.1146,69.1188,0.0],[75.1193,69.1224,0.0],[75.1271,69.125,0.0],[75.1391,69.1255,0.0],[75.1391,69.1286,0.0],[75.1349,69.1307,0.0],[75.1312,69.1312,0.0],[75.125,69.1292,0.6112],[75.1234,69.1307,1.5016],[75.1276,69.137,0.0],[75.1349,69.138,0.0],[75.138,69.1432,1.6744],[75.1479,69.1438,0.0],[75.1526,69.1474,0.0],[75.1604,69.15,0.0],[75.1766,69.1505,0.0],[75.175,69.1521,0.0],[75.1672,69.1526,0.2661],[75.1693,69.1557,0.886],[75.175,69.1563,0.0],[75.1917,69.1625,0.0],[75.2021,69.1625,0.0],[75.2063,69.1646,0.0],[75.2271,69.1646,0.0],[75.2375,69.1687,0.0],[75.2458,69.1687,0.0],[75.25,69.1708,0.0],[75.2646,69.1708,0.0],[75.2688,69.1729,0.0],[75.2792,69.1729,0.0],[75.3016,69.1797,0.0],[75.3037,69.1828,0.0],[75.2984,69.1849,0.0],[75.3005,69.187,0.0],[75.3078,69.188,0.0],[75.3109,69.1953,1.7825],[75.3182,69.1964,0.0],[75.3214,69.2016,0.6543],[75.3349,69.2047,0.0],[75.338,69.2078,0.0],[75.3479,69.2083,0.0],[75.3542,69.2125,0.0],[75.3688,69.2125,0.0],[75.3792,69.2167,0.0],[75.3896,69.2167,0.0],[75.3938,69.2188,-0.0253],[75.4187,69.2188,0.0],[75.4287,69.2214,0.0],[75.4318,69.2266,0.0],[75.4375,69.2271,0.0],[75.4516,69.2318,0.0],[75.4547,69.2349,0.0],[75.462,69.2359,0.0],[75.463,69.2391,0.0],[75.475,69.2396,0.0],[75.4776,69.2432,0.0],[75.4875,69.2458,0.0],[75.4958,69.2458,0.0],[75.5,69.2479,0.0],[75.5208,69.2479,0.0],[75.5271,69.25,1.4699],[75.5333,69.2479,0.0],[75.5375,69.25,0.0],[75.5458,69.25,0.0],[75.5563,69.2542,0.8399],[75.5625,69.2521,0.0],[75.5875,69.2521,0.0],[75.5938,69.2542,0.8241],[75.5979,69.2521,0.0],[75.6229,69.2521,0.3947],[75.6271,69.25,0.0],[75.6375,69.25,0.0],[75.6417,69.2479,0.0],[75.6708,69.2458,0.4586],[75.6854,69.2417,0.0],[75.7042,69.2417,0.1209],[75.7083,69.2396,0.0],[75.725,69.2375,0.0],[75.7292,69.2354,0.0],[75.7521,69.2354,0.0],[75.7583,69.2333,0.0],[75.7646,69.2354,1.4675],[75.7688,69.2333,0.0],[75.7979,69.2333,1.1304],[75.8021,69.2312,0.0],[75.8083,69.2333,0.0],[75.8396,69.2333,0.0],[75.8438,69.2354,1.1621],[75.8646,69.2354,0.0],[75.8688,69.2375,1.1932],[75.8958,69.2375,0.0],[75.9,69.2396,0.9529],[75.9083,69.2396,0.3504],[75.9125,69.2375,0.0],[75.9187,69.2375,0.0],[75.925,69.2396,0.3485],[75.9292,69.2375,0.0],[75.9375,69.2375,0.0],[75.9437,69.2396,1.1544],[75.9479,69.2375,0.0],[75.9542,69.2396,1.3706],[75.9688,69.2354,0.0],[75.9875,69.2375,0.0],[75.9938,69.2354,0.0],[75.9979,69.2375,0.0],[76.0188,69.2375,0.0],[76.0229,69.2396,0.0],[76.0313,69.2396,0.0],[76.0354,69.2375,0.0],[76.0432,69.237,0.0],[76.05,69.2333,0.0],[76.0625,69.2333,0.0],[76.0667,69.2312,0.0],[76.0833,69.2312,0.0],[76.0938,69.2271,0.0],[76.1083,69.225,0.0],[76.1188,69.2208,0.0],[76.1292,69.2208,0.0],[76.1333,69.2167,0.0],[76.1438,69.2167,0.0],[76.1479,69.2146,0.0],[76.1542,69.2146,6.536],[76.1687,69.2083,0.0],[76.1766,69.2078,0.0],[76.1833,69.2042,0.0],[76.2104,69.2,0.0],[76.2214,69.1943,0.0],[76.2307,69.1932,0.1013],[76.25,69.1833,0.0],[76.2562,69.1833,0.162],[76.2646,69.1792,0.0],[76.2828,69.1766,1.0489],[76.2839,69.1734,0.2473],[76.2896,69.1708,0.0],[76.2958,69.1708,0.0],[76.3,69.1687,0.0],[76.3167,69.1687,0.2016],[76.3208,69.1667,0.0],[76.3396,69.1667,0.8416],[76.3438,69.1646,0.0],[76.3516,69.1641,0.3994],[76.3583,69.1604,0.0],[76.375,69.1583,0.4358],[76.3766,69.1578,0.1741],[76.3755,69.1547,0.0],[76.3812,69.1521,0.094],[76.3891,69.1516,0.8161],[76.388,69.1484,0.2924],[76.4057,69.1412,0.7055],[76.4026,69.1359,0.0],[76.4104,69.1333,0.34],[76.4146,69.1354,0.0],[76.4182,69.1349,0.0],[76.4172,69.1297,0.0],[76.4229,69.1271,0.3044],[76.4307,69.1266,0.4888],[76.4349,69.1245,0.1055],[76.4339,69.1214,0.0],[76.4354,69.1208,0.0],[76.4437,69.1229,0.0],[76.4479,69.1208,0.0],[76.4729,69.1208,0.0],[76.4792,69.125,0.1769],[76.4854,69.1229,0.0],[76.4896,69.125,0.0],[76.5042,69.125,0.0],[76.5104,69.1271,1.3197],[76.525,69.1229,0.0],[76.5313,69.125,0.0],[76.5375,69.125,0.601],[76.5437,69.1229,0.0],[76.5458,69.125,1.4104],[76.55,69.125,1.147],[76.5542,69.1229,0.0],[76.5729,69.1229,0.0],[76.5771,69.1208,0.0],[76.6167,69.1208,0.7344],[76.6208,69.1188,0.0],[76.6292,69.1188,0.0],[76.637,69.1224,0.0],[76.6188,69.1229,0.8909],[76.6146,69.125,0.0],[76.6083,69.125,0.0],[76.5943,69.1328,0.4217],[76.6042,69.1333,0.0],[76.6083,69.1354,0.0],[76.6521,69.1354,0.0],[76.6563,69.1375,0.0],[76.6708,69.1375,0.6191],[76.675,69.1354,0.0],[76.687,69.1349,0.0],[76.6896,69.1312,0.0],[76.7063,69.1312,0.4648],[76.7208,69.1271,0.0],[76.7333,69.1271,1.7746],[76.7391,69.1234,0.6649],[76.7318,69.1224,0.0],[76.7297,69.1172,0.0],[76.7328,69.1162,0.2392],[76.7318,69.113,-0.0107],[76.7396,69.1125,0.0],[76.7479,69.1083,0.0],[76.7646,69.1062,0.5665],[76.7662,69.1057,0.6404],[76.7651,69.1026,0.0],[76.7729,69.1021,0.5394],[76.7813,69.0979,0.0],[76.7937,69.0979,0.0],[76.7953,69.0974,0.0],[76.7943,69.0943,0.0],[76.8037,69.0932,0.2068],[76.8047,69.0901,0.1326],[76.8078,69.0891,0.1348],[76.8068,69.0859,0.0],[76.8182,69.0807,1.094],[76.8193,69.0776,0.8978],[76.8224,69.0766,0.8286],[76.8187,69.0708,0.0],[76.8224,69.0682,0.2017],[76.8214,69.0651,0.0],[76.8245,69.063,0.2368],[76.8193,69.0547,0.0548],[76.825,69.0521,0.8941],[76.8516,69.0516,0.0],[76.8354,69.0458,0.3713],[76.8297,69.0453,0.9032],[76.8328,69.0432,0.7406],[76.8318,69.038,0.5213],[76.8375,69.0354,0.3488],[76.8453,69.0349,0.9292],[76.8562,69.0292,0.0],[76.8641,69.0286,1.3782],[76.8682,69.0266,1.2291],[76.8672,69.0234,0.0],[76.875,69.0229,0.0],[76.8833,69.0188,0.0],[76.8896,69.0188,1.1556],[76.8938,69.0167,0.0],[76.9,69.0188,1.4279],[76.9036,69.0182,0.9939],[76.9026,69.0151,0.0],[76.9057,69.0141,0.1102],[76.9047,69.0109,0.0],[76.9125,69.0104,0.0],[76.9208,69.0062,0.0],[76.9333,69.0062,0.0],[76.9479,69.0021,0.0],[76.9583,69.0021,0.8249],[76.9625,68.9979,0.0],[76.9688,69.0,1.3245],[76.9729,68.9979,0.0],[76.9896,68.9958,0.0],[76.9938,68.9938,0.0],[77.0021,68.9938,0.0],[77.0062,68.9958,0.3462],[77.0104,68.9938,0.0854],[77.0271,68.9917,0.0],[77.0313,68.9896,0.0],[77.0396,68.9917,0.9766],[77.0542,68.9875,0.0],[77.0604,68.9896,1.0743],[77.0646,68.9875,0.0],[77.0833,68.9875,0.9448],[77.0875,68.9854,0.0],[77.1146,68.9833,0.6498],[77.1188,68.9812,0.0],[77.1354,68.9812,0.0],[77.1396,68.9792,0.0],[77.1479,68.9792,0.0],[77.1521,68.9812,0.0],[77.1604,68.9812,0.0],[77.1667,68.9833,1.4898],[77.1682,68.9828,0.8505],[77.1672,68.9797,0.0],[77.1687,68.9792,0.0],[77.1875,68.9771,0.0],[77.1891,68.9786,0.0],[77.1813,68.9792,0.0],[77.1797,68.9807,0.0],[77.1937,68.9812,0.0],[77.1979,68.9792,0.0],[77.2042,68.9792,0.0],[77.2083,68.9771,0.0],[77.2146,68.9771,0.0],[77.2188,68.975,0.0],[77.225,68.975,0.0],[77.2292,68.9729,0.0],[77.2474,68.9703,0.0],[77.2599,68.9641,0.7162],[77.2589,68.9609,0.0],[77.2667,68.9604,0.0],[77.2776,68.9547,0.0],[77.287,68.9537,1.15],[77.2839,68.9484,0.0],[77.2932,68.9453,0.3366],[77.2922,68.9422,0.0],[77.2974,68.9422,0.0],[77.3,68.9458,1.3864],[77.3083,68.9458,-0.0349],[77.3141,68.9432,0.4743],[77.3125,68.9417,0.9466],[77.3026,68.9411,0.3045],[77.3005,68.938,0.0],[77.3047,68.9359,0.0],[77.3125,68.9354,0.0],[77.3208,68.9313,0.0],[77.3375,68.9292,1.2832],[77.3458,68.925,0.0],[77.3578,68.9245,0.4182],[77.362,68.9224,0.4503],[77.3609,68.9172,0.0],[77.3708,68.9125,0.0],[77.3771,68.9125,0.3026],[77.3812,68.9104,0.0],[77.3875,68.9125,0.4027],[77.3938,68.9104,0.0],[77.4,68.9125,1.0526],[77.4042,68.9104,0.0],[77.4167,68.9104,0.0],[77.4208,68.9125,0.6163],[77.4313,68.9125,0.0],[77.4354,68.9146,0.3984],[77.4875,68.9146,3.1835],[77.4938,68.9125,0.0],[77.4979,68.9146,6.6763],[77.5062,68.9146,13.1818],[77.5104,68.9125,0.0],[77.5208,68.9125,1.4963],[77.525,68.9104,0.0],[77.5479,68.9104,0.6348],[77.5521,68.9083,0.0],[77.5646,68.9083,0.0],[77.5687,68.9063,0.3982],[77.5854,68.9042,0.0],[77.5896,68.9021,0.0],[77.6062,68.9021,0.0],[77.6104,68.9,0.0],[77.6229,68.9,1.2473],[77.638,68.8922,0.0],[77.6458,68.8917,0.5477],[77.6526,68.888,0.0],[77.6661,68.8849,0.0],[77.6828,68.8766,0.7962],[77.6818,68.8734,0.0],[77.6849,68.8724,0.0],[77.6839,68.8672,0.0],[77.6911,68.863,0.0],[77.6839,68.862,0.0],[77.687,68.8599,0.0],[77.6839,68.8526,0.0],[77.687,68.8505,0.0],[77.6839,68.8443,0.0],[77.687,68.8422,0.0],[77.6833,68.8375,0.0],[77.687,68.8339,0.0],[77.6839,68.8297,0.0],[77.6875,68.8271,25.3376],[77.6818,68.8203,0.0],[77.6854,68.8167,0.0],[77.6818,68.812,0.0],[77.6849,68.8089,0.0],[77.6792,68.8,0.0],[77.6828,68.7963,0.0],[77.6776,68.7911,0.0],[77.6776,68.788,0.0],[77.6807,68.7859,0.0],[77.6776,68.7818,0.0],[77.687,68.7807,0.8205],[77.6859,68.7776,0.0],[77.6937,68.7771,1.4472],[77.6995,68.7745,0.6601],[77.6984,68.7714,0.0],[77.7099,68.7662,0.0],[77.7109,68.763,0.0],[77.7141,68.762,0.0],[77.713,68.7589,0.0],[77.7161,68.7578,0.0],[77.7151,68.7547,0.0],[77.7224,68.7516,0.0],[77.7214,68.7464,0.0],[77.7245,68.7453,0.0],[77.7234,68.7401,0.0],[77.7307,68.737,0.0],[77.7297,68.7338,0.0],[77.7328,68.7328,0.0],[77.7318,68.7297,0.0],[77.7391,68.7266,19.3344],[77.7338,68.7234,0.0],[77.7432,68.7224,21.6904],[77.738,68.7151,0.0],[77.7453,68.7109,0.6962],[77.7401,68.7099,0.0],[77.7359,68.7047,0.0],[77.7453,68.7016,1.5625],[77.7396,68.6937,0.0],[77.7401,68.6922,0.0],[77.7474,68.6891,2.0385],[77.7422,68.6828,0.0],[77.7453,68.6807,0.0],[77.7453,68.6776,0.0],[77.7412,68.6734,0.0],[77.7359,68.6724,0.0],[77.7338,68.6703,0.0],[77.737,68.6682,0.0],[77.7359,68.6651,0.0],[77.7432,68.662,0.0],[77.7438,68.6604,0.0],[77.7401,68.6557,0.0],[77.7432,68.6536,0.0],[77.7432,68.6505,0.0],[77.738,68.6453,0.0],[77.737,68.6422,0.3818],[77.7349,68.6401,0.5836],[77.7276,68.6391,0.0],[77.725,68.6354,1.2329],[77.7005,68.6328,0.0],[77.6995,68.6297,0.0],[77.6943,68.6245,0.0],[77.6943,68.6214,0.0],[77.6974,68.6203,0.0],[77.6964,68.6172,0.0],[77.6995,68.6162,0.0],[77.6984,68.613,0.0],[77.7057,68.6078,1.039],[77.7047,68.6047,0.0],[77.7161,68.5995,0.0],[77.7151,68.5964,0.0],[77.7224,68.5932,0.0],[77.7214,68.588,0.0],[77.7307,68.587,0.8702],[77.7297,68.5839,0.0],[77.7536,68.5724,0.0],[77.7526,68.5693,0.0],[77.7604,68.5687,0.0],[77.7662,68.5661,0.5644],[77.7651,68.563,0.0],[77.7745,68.562,0.0],[77.7734,68.5589,0.0],[77.7771,68.5563,0.0],[77.7729,68.55,0.0],[77.7766,68.5463,1.7643],[77.7734,68.5422,0.0],[77.7766,68.5401,0.5275],[77.7714,68.5318,0.0],[77.7771,68.5292,0.0],[77.7849,68.5286,0.0],[77.7776,68.5245,1.8045],[77.7807,68.5214,1.7624],[77.7776,68.5172,0.4295],[77.7943,68.5089,0.9165],[77.8063,68.5104,0.0],[77.8141,68.513,0.9038],[77.8172,68.5162,1.6907],[77.8396,68.5229,0.0],[77.8583,68.5229,0.7687],[77.8625,68.5208,0.0],[77.8854,68.5208,1.0984],[77.8896,68.5188,0.0],[77.9063,68.5188,0.9476],[77.9104,68.5167,0.9444],[77.9167,68.5167,0.3878],[77.9182,68.5162,0.6657],[77.9172,68.513,0.0],[77.925,68.5125,1.0508],[77.9333,68.5083,0.0],[77.9396,68.5083,1.3841],[77.9411,68.5078,1.3539],[77.9401,68.5047,0.0],[77.9495,68.5036,0.5988],[77.9484,68.5005,0.5439],[77.9516,68.4995,0.7708],[77.9505,68.4964,0.0],[77.9578,68.4912,0.987],[77.9547,68.487,0.0],[77.9578,68.4838,0.5321],[77.9526,68.4766,0.8029],[77.9557,68.4745,0.9161],[77.9537,68.4714,0.0],[77.9458,68.4688,0.7828],[77.9375,68.4688,0.0],[77.9328,68.4651,1.1616],[77.925,68.4625,1.5993],[77.8938,68.4625,0.7282],[77.8854,68.4667,0.7467],[77.8693,68.462,1.0014],[77.8651,68.4568,0.6376],[77.8682,68.4557,1.0424],[77.8693,68.4526,0.8937],[77.8776,68.4484,1.0946],[77.8896,68.4479,1.2568],[77.9089,68.438,0.0],[77.9182,68.437,1.1099],[77.9151,68.4318,0.0],[77.9224,68.4287,1.7311],[77.9234,68.4255,1.5793],[77.9266,68.4245,2.0892],[77.9234,68.4203,0.0],[77.9266,68.4182,2.0013],[77.9255,68.4151,1.8323],[77.9411,68.4141,1.055],[77.9313,68.4104,1.7678],[77.925,68.4125,1.6892],[77.9213,68.4089,0.0],[77.9287,68.4036,0.2805],[77.9276,68.4005,1.6864],[77.9453,68.3953,1.0562],[77.938,68.3922,0.9201],[77.9453,68.3891,1.7835],[77.9443,68.3839,0.3951],[77.9599,68.3766,1.9046],[77.9589,68.3734,0.738],[77.9667,68.3729,1.686],[77.9734,68.3693,0.8246],[77.9833,68.3667,0.0],[77.9958,68.3667,1.1686],[78.0,68.3688,0.7518],[78.0083,68.3688,0.0],[78.0125,68.3667,0.0],[78.0188,68.3667,0.4242],[78.0245,68.3641,0.992],[78.0234,68.3609,1.0182],[78.0313,68.3604,1.3663],[78.0437,68.3562,0.0],[78.05,68.3562,1.9568],[78.0583,68.3521,3.1931],[78.0646,68.3521,1.4373],[78.0661,68.3516,2.9353],[78.0651,68.3484,0.0],[78.0734,68.3443,0.4139],[78.0828,68.3432,6.4115],[78.0776,68.337,0.0],[78.0813,68.3333,1.4727],[78.0766,68.3255,0.8888],[78.063,68.3224,1.1476],[78.0578,68.3172,0.9921],[78.0526,68.3161,0.6667],[78.0505,68.313,1.2624],[78.0661,68.3057,1.8157],[78.0651,68.3026,0.0],[78.0833,68.3,1.5202],[78.0917,68.2958,0.0],[78.1078,68.2932,-0.1925],[78.1068,68.2901,0.7682],[78.1234,68.2818,0.0],[78.1312,68.2813,0.9776],[78.1412,68.2766,1.38],[78.1401,68.2734,0.0],[78.1516,68.2745,1.7123],[78.1505,68.2714,0.9794],[78.1536,68.2703,1.0405],[78.1526,68.2672,0.7571],[78.1703,68.262,0.6512],[78.1693,68.2589,1.1572],[78.1766,68.2547,1.388],[78.1703,68.2464,0.3262],[78.1568,68.2432,1.8906],[78.1542,68.2396,1.2749],[78.1438,68.2396,1.2181],[78.1271,68.2333,1.1417],[78.1214,68.2328,0.9878],[78.1245,68.2297,1.6076],[78.1167,68.2271,1.4003],[78.0979,68.2271,0.9896],[78.0964,68.2276,-0.1176],[78.0974,68.2307,0.6157],[78.0958,68.2312,1.2412],[78.0833,68.2271,1.3066],[78.0771,68.2292,1.4113],[78.0687,68.2292,0.6802],[78.0641,68.2234,0.9796],[78.0589,68.2224,0.9932],[78.0542,68.2188,0.0275],[78.0292,68.2188,1.2405],[78.0167,68.2146,1.2527],[78.0042,68.2146,1.1283],[78.0,68.2125,1.3622],[77.9896,68.2167,1.1584],[77.9792,68.2167,1.358],[77.975,68.2188,1.1934],[77.9714,68.2182,1.41],[77.9646,68.2125,1.5248],[77.9521,68.2125,1.7308],[77.9479,68.2146,1.5654],[77.9208,68.2146,1.911],[77.9167,68.2167,1.1129],[77.8917,68.2167,2.0813],[77.8875,68.2146,2.1871],[77.8625,68.2146,2.1539],[77.8562,68.2125,1.6194],[77.8521,68.2146,1.2811],[77.8417,68.2146,2.099],[77.8375,68.2167,1.3679],[77.8313,68.2167,1.4573],[77.825,68.2125,1.5347],[77.7958,68.2146,2.0981],[77.7859,68.212,0.0461],[77.7833,68.2083,0.9644],[77.7354,68.2083,0.0],[77.7193,68.2037,2.1958],[77.7146,68.2,1.9467],[77.7063,68.2,1.8395],[77.6958,68.1958,0.8099],[77.6901,68.1953,1.3576],[77.6891,68.1922,1.9931],[77.6833,68.1917,1.8815],[77.6693,68.187,1.5855],[77.6661,68.1839,0.0],[77.6526,68.1807,0.2591],[77.6474,68.1734,2.0232],[77.6422,68.1724,1.803],[77.6391,68.1693,1.9239],[77.6255,68.1641,2.2706],[77.6224,68.1609,2.0967],[77.6151,68.1599,1.4762],[77.6141,68.1568,2.3644],[77.6083,68.1563,1.7644],[77.6005,68.1536,2.3077],[77.5974,68.1505,1.7137],[77.5714,68.1432,0.0],[77.5682,68.1401,2.5389],[77.563,68.1391,0.0],[77.5578,68.1339,2.1158],[77.5463,68.1307,0.0],[77.5432,68.1276,2.3119],[77.538,68.1266,0.0],[77.5333,68.1208,1.3894],[77.537,68.1172,1.0218],[77.5297,68.1162,0.8463],[77.5276,68.1141,1.8522],[77.5276,68.1109,2.1917],[77.5563,68.1104,2.0384],[77.5604,68.1083,2.3241],[77.5729,68.1083,0.534],[77.5771,68.1104,0.5676],[77.5854,68.1104,2.832],[77.587,68.1088,2.8277],[77.5813,68.1021,1.6625],[77.55,68.1021,0.4729],[77.5432,68.1057,1.0041],[77.5313,68.1083,2.2573],[77.5234,68.1057,2.1771],[77.5193,68.1016,1.8537],[77.5141,68.0922,2.2298],[77.5068,68.0911,2.3661],[77.4984,68.087,2.5269],[77.5021,68.0833,2.8399],[77.4964,68.0766,1.1643],[77.4943,68.0714,0.8328],[77.5016,68.0682,-0.1513],[77.5005,68.0651,0.5869],[77.5021,68.0646,1.2162],[77.5104,68.0646,1.7713],[77.513,68.0682,1.5703],[77.5182,68.0682,2.0824],[77.5151,68.0609,2.1326],[77.5182,68.0599,1.3138],[77.5172,68.0568,2.2282],[77.5203,68.0547,2.3048],[77.5151,68.0526,1.3465],[77.5266,68.0474,-0.287],[77.5255,68.0422,1.4278],[77.5286,68.0411,1.5551],[77.5255,68.0359,1.1001],[77.5292,68.0333,1.5263],[77.5255,68.0276,0.9953],[77.5286,68.0255,1.7223],[77.5234,68.0245,0.0],[77.5214,68.0224,0.0],[77.5245,68.0203,1.3391],[77.5234,68.0172,1.4051],[77.5266,68.0151,1.6527],[77.5214,68.0141,0.9999],[77.5193,68.012,1.2986],[77.5193,68.0089,1.1385],[77.5224,68.0068,1.8666],[77.5151,68.0057,1.5631],[77.5151,68.0026,1.2793],[77.5208,68.0,-0.0057],[77.5271,68.0021,1.5855],[77.5286,68.0016,1.2936],[77.5276,67.9984,-0.0217],[77.5354,67.9979,0.2519],[77.5411,67.9943,1.7551],[77.5271,67.9938,0.0925],[77.5125,67.9979,1.4633],[77.5083,67.9958,1.2883],[77.5042,67.9958,1.7724],[77.4995,67.9901,1.5026],[77.4943,67.9891,1.5789],[77.4891,67.9818,2.0087],[77.4818,67.9807,2.6444],[77.4797,67.9755,1.537],[77.4828,67.9745,2.0815],[77.4812,67.9708,1.8265],[77.4849,67.9682,2.5507],[77.4838,67.9651,1.8543],[77.4896,67.9625,1.8517],[77.4953,67.962,1.7238],[77.5047,67.9547,1.5513],[77.512,67.9537,1.8091],[77.5104,67.9521,1.9224],[77.5042,67.9521,1.5724],[77.5,67.9542,1.477],[77.4964,67.9537,1.2877],[77.5036,67.9495,1.9791],[77.4984,67.9464,0.9287],[77.5016,67.9453,0.1034],[77.5005,67.9401,0.0],[77.5078,67.937,0.0],[77.5068,67.9339,0.0],[77.5146,67.9333,0.0],[77.5162,67.9349,0.0],[77.513,67.937,0.5134],[77.5229,67.9375,0.0],[77.5354,67.9333,0.0],[77.5646,67.9313,0.0],[77.5661,67.9318,0.0],[77.5661,67.9349,0.0],[77.5563,67.9375,0.0],[77.5437,67.9375,0.8692],[77.538,67.9411,0.0],[77.5417,67.9437,0.0],[77.5646,67.9437,0.6755],[77.5687,67.9417,0.0],[77.5766,67.9411,0.0],[77.5833,67.9375,0.0],[77.5911,67.937,0.0],[77.6036,67.9307,0.0],[77.6005,67.9255,0.0],[77.6042,67.9229,0.0],[77.5974,67.9151,2.0198],[77.5833,67.9104,1.5606],[77.5708,67.9104,1.5533],[77.5583,67.9167,0.0],[77.5188,67.9167,0.0],[77.5146,67.9187,0.0],[77.5104,67.9167,0.0],[77.5062,67.9167,0.0],[77.5047,67.9151,0.0],[77.5125,67.9146,0.0],[77.5182,67.9109,0.0],[77.5047,67.9057,0.0],[77.5026,67.9026,0.0],[77.5057,67.9005,0.2891],[77.4922,67.8974,0.0],[77.4953,67.8953,0.0],[77.4938,67.8938,0.0],[77.4854,67.8938,0.0],[77.4688,67.8875,0.0],[77.4568,67.8849,0.0],[77.4583,67.8833,0.0],[77.4661,67.8828,0.0],[77.4589,67.8797,0.0],[77.4661,67.8766,0.0],[77.4672,67.8734,0.0],[77.4729,67.8729,-0.3853],[77.4786,67.8703,1.1696],[77.4771,67.8688,1.0715],[77.4568,67.8682,0.0],[77.4599,67.8651,0.0],[77.4547,67.8568,0.0],[77.4641,67.8557,0.5444],[77.4568,67.8443,0.0],[77.4599,67.8432,0.0],[77.4589,67.838,0.0],[77.4682,67.837,1.4093],[77.4641,67.8318,0.0],[77.4589,67.8307,0.0],[77.4661,67.8266,0.0],[77.4609,67.8234,0.0],[77.4682,67.8203,0.0],[77.4672,67.8172,0.0],[77.4745,67.8141,0.0],[77.4734,67.8089,0.0],[77.4849,67.8037,0.0],[77.4812,67.7979,0.0],[77.4849,67.7943,0.0],[77.4812,67.7937,0.0],[77.475,67.7958,0.0],[77.4724,67.7922,0.0],[77.4651,67.7911,0.0],[77.4724,67.787,0.0],[77.4724,67.7839,0.0],[77.4682,67.7776,0.0],[77.4609,67.7766,0.0],[77.4578,67.7714,0.0],[77.4526,67.7703,0.0],[77.4557,67.7672,0.0],[77.4526,67.763,0.0],[77.4641,67.7578,0.0],[77.4651,67.7547,0.0],[77.4766,67.7495,0.0],[77.4838,67.7443,0.0],[77.4917,67.7438,0.0],[77.5026,67.738,0.0],[77.512,67.737,0.0],[77.5109,67.7338,0.0],[77.5167,67.7312,0.0],[77.5245,67.7307,0.0],[77.5234,67.7276,0.0],[77.525,67.7271,0.0],[77.5328,67.7286,0.0],[77.5339,67.7255,0.0],[77.5411,67.7245,0.0],[77.5401,67.7214,0.0],[77.5417,67.7208,0.0],[77.5979,67.7208,0.0],[77.6021,67.7229,0.0],[77.6146,67.7229,0.0],[77.6245,67.7182,0.607],[77.6255,67.7151,0.0],[77.6312,67.7125,0.0],[77.6521,67.7125,2.1715],[77.6583,67.7104,1.7254],[77.6661,67.713,0.5485],[77.6708,67.7167,-0.4579],[77.6792,67.7167,0.0],[77.687,67.7193,0.0],[77.6891,67.7224,0.0],[77.6854,67.725,0.0],[77.6875,67.7271,1.2783],[77.7083,67.7271,0.0],[77.7125,67.7292,0.9646],[77.7188,67.7271,0.0],[77.725,67.7292,0.0],[77.7292,67.7271,0.0],[77.7354,67.7312,0.0],[77.7453,67.7318,0.0],[77.7438,67.7333,0.0],[77.7359,67.7338,0.0],[77.7401,67.7391,0.0],[77.7542,67.7396,0.0],[77.7604,67.7417,0.0],[77.7672,67.738,0.0],[77.7745,67.737,0.0],[77.7755,67.7338,0.0],[77.7839,67.7297,0.8118],[77.7911,67.7286,1.4741],[77.7901,67.7234,0.0],[77.7932,67.7224,0.0],[77.7922,67.7193,0.0],[77.7937,67.7188,0.0],[77.8042,67.7188,1.3737],[77.8083,67.7167,0.0],[77.8354,67.7167,0.0],[77.8396,67.7146,0.0],[77.8495,67.7151,0.0],[77.8464,67.7172,0.0],[77.8479,67.7188,0.0],[77.8646,67.7188,0.0],[77.8688,67.7167,0.0],[77.8854,67.7167,0.0],[77.8896,67.7146,0.0],[77.9167,67.7146,0.0],[77.9208,67.7125,0.0],[77.9375,67.7125,0.0],[77.9417,67.7104,0.0],[77.9521,67.7104,0.0],[77.9661,67.7037,0.0],[77.9667,67.7021,0.0],[77.9646,67.7,0.0],[77.9458,67.7,0.0],[77.9333,67.7042,0.0],[77.9083,67.7042,0.0],[77.9057,67.7005,0.0],[77.8922,67.6974,0.0],[77.8953,67.6943,0.0],[77.8875,67.6917,0.0],[77.8792,67.6917,0.0],[77.8693,67.6891,0.0],[77.8682,67.6859,0.0],[77.8609,67.6849,0.0],[77.8599,67.6818,0.0],[77.8526,67.6807,0.0],[77.85,67.6771,0.0],[77.8417,67.6771,0.0],[77.8375,67.675,0.0],[77.8125,67.675,0.0],[77.8021,67.6708,0.0],[77.7813,67.6708,0.0],[77.7771,67.6687,0.0],[77.7708,67.6687,0.0],[77.7688,67.6667,0.0],[77.7703,67.6651,0.0],[77.7651,67.663,0.0],[77.7729,67.6625,0.0],[77.7745,67.6609,0.0],[77.7672,67.6599,0.0],[77.7672,67.6568,0.0],[77.775,67.6583,0.0],[77.7766,67.6568,0.0],[77.7745,67.6526,0.0],[77.7672,67.6516,0.0],[77.7688,67.65,0.0],[77.8313,67.65,0.0],[77.8354,67.6542,0.0],[77.8318,67.6568,0.0],[77.8339,67.6599,0.0],[77.8542,67.6583,0.0],[77.8583,67.6604,0.0],[77.8646,67.6604,0.0],[77.8693,67.6641,0.0],[77.8745,67.6651,0.0],[77.8776,67.6682,0.0],[77.8875,67.6687,0.0],[77.8979,67.6729,0.0],[77.9063,67.6729,0.0],[77.9125,67.6771,0.0],[77.9187,67.6771,1.2186],[77.925,67.675,0.0],[77.9437,67.6813,0.6765],[77.95,67.6813,1.4691],[77.9542,67.6792,0.0],[77.9708,67.6792,0.0],[77.9771,67.6813,1.7561],[77.9812,67.6792,0.0],[77.9875,67.6792,1.9722],[78.0,67.675,0.0],[78.0146,67.6729,0.8372],[78.0229,67.6687,0.0],[78.0292,67.6687,1.1353],[78.0359,67.6651,0.0],[78.0432,67.6641,1.2566],[78.0443,67.6609,0.0],[78.0516,67.6599,1.41],[78.0526,67.6568,1.0072],[78.0557,67.6557,1.0769],[78.0547,67.6526,0.7021],[78.0578,67.6516,1.3885],[78.0568,67.6484,0.0],[78.0599,67.6474,0.8349],[78.0568,67.6412,1.4891],[78.0583,67.6396,0.2361],[78.0792,67.6396,1.908],[78.0833,67.6375,0.0],[78.0958,67.6375,3.0273],[78.1,67.6354,0.0],[78.1042,67.6375,2.7794],[78.1229,67.6375,0.0],[78.1271,67.6396,1.7288],[78.1354,67.6396,0.0],[78.1396,67.6417,0.0],[78.1438,67.6417,0.0],[78.1578,67.6464,0.0],[78.1547,67.6484,0.0],[78.1568,67.6516,0.8812],[78.1703,67.6547,0.0],[78.1729,67.6583,0.0],[78.1766,67.6578,0.0],[78.1755,67.6547,0.0],[78.1771,67.6542,0.0],[78.1937,67.6542,0.0],[78.1979,67.6521,0.0],[78.2042,67.6521,0.9646],[78.2057,67.6516,1.0969],[78.2047,67.6484,0.0],[78.213,67.6443,0.7705],[78.2208,67.6438,2.0748],[78.225,67.6417,0.0],[78.2292,67.6438,0.0],[78.2438,67.6438,0.0],[78.2604,67.65,0.0],[78.2662,67.6505,0.0],[78.2729,67.6604,0.0],[78.2813,67.6583,0.0],[78.2854,67.6625,1.277],[78.2979,67.6625,0.0],[78.3021,67.6604,0.0],[78.3187,67.6604,0.0],[78.3229,67.6583,0.0],[78.3292,67.6583,0.0],[78.3349,67.6557,0.0],[78.3339,67.6526,0.0],[78.3474,67.6516,1.7378],[78.3422,67.6484,0.0],[78.3495,67.6474,0.0],[78.3505,67.6443,0.0],[78.3578,67.6412,0.0],[78.3526,67.6339,0.0],[78.3729,67.6333,0.6107],[78.3771,67.6354,1.2457],[78.3807,67.6349,2.1259],[78.375,67.6292,0.7392],[78.3708,67.6312,0.4582],[78.3609,67.6307,0.0],[78.3609,67.6276,0.0],[78.3641,67.6266,1.4118],[78.363,67.6234,0.0],[78.3875,67.6229,0.0],[78.3953,67.6255,0.0],[78.3922,67.6286,3.4987],[78.3995,67.6297,0.0],[78.4,67.6312,0.0],[78.3974,67.637,0.0],[78.3943,67.638,1.8283],[78.3953,67.6412,0.0],[78.388,67.6443,1.3665],[78.3891,67.6474,0.0],[78.3859,67.6484,0.0],[78.387,67.6516,0.0],[78.3833,67.6542,0.0],[78.3849,67.6578,0.0],[78.3776,67.662,1.7262],[78.3849,67.663,0.0],[78.3875,67.6667,0.0],[78.4021,67.6667,0.0],[78.4057,67.6693,0.0],[78.4068,67.6724,1.5427],[78.4141,67.6734,0.0],[78.4109,67.6755,0.0],[78.4109,67.6787,0.6544],[78.4151,67.6828,0.7726],[78.4203,67.6849,0.0],[78.4172,67.6859,0.0],[78.4182,67.6891,0.0],[78.4109,67.6922,1.1699],[78.412,67.6953,0.0],[78.4047,67.6984,0.0],[78.4042,67.7,0.0],[78.4063,67.7021,0.0],[78.4161,67.7026,0.0],[78.4182,67.7057,0.0],[78.4151,67.7078,0.0],[78.4229,67.7083,0.0],[78.4271,67.7063,0.0],[78.4349,67.7057,0.0],[78.4328,67.7026,0.0],[78.4276,67.7016,0.0],[78.4213,67.6932,0.0],[78.4229,67.6917,0.0],[78.4307,67.6911,-1.1957],[78.4297,67.688,0.0],[78.4328,67.687,0.7422],[78.4307,67.6839,0.0],[78.4255,67.6828,0.0],[78.4287,67.6797,0.0],[78.4234,67.6713,0.0],[78.4313,67.6708,1.2268],[78.4437,67.6667,0.0],[78.4599,67.6641,0.2956],[78.4589,67.6589,0.0],[78.462,67.6578,0.0],[78.4609,67.6547,0.0],[78.4641,67.6536,0.0],[78.463,67.6484,0.0],[78.4661,67.6474,1.5605],[78.463,67.6432,0.0],[78.4646,67.6417,0.0],[78.5042,67.6417,0.0],[78.5057,67.6432,0.686],[78.5026,67.6453,0.4954],[78.5057,67.6495,0.0],[78.5026,67.6516,0.0],[78.5078,67.6526,0.0],[78.5047,67.6557,0.0],[78.5078,67.6599,0.0],[78.5047,67.662,1.1023],[78.5188,67.6667,0.0],[78.5437,67.6667,0.0],[78.575,67.6583,0.0],[78.5813,67.6583,0.9312],[78.5854,67.6563,0.0],[78.5896,67.6583,0.8415],[78.5979,67.6583,0.7989],[78.6021,67.6563,0.0],[78.6167,67.6563,1.0523],[78.6208,67.6542,0.0],[78.6271,67.6542,0.0],[78.6286,67.6536,0.0],[78.6276,67.6484,0.0],[78.637,67.6432,0.7541],[78.6359,67.638,0.0],[78.6391,67.637,0.0],[78.6307,67.6234,0.0],[78.6234,67.6224,0.0],[78.6208,67.6188,1.1124],[78.6,67.6167,0.0],[78.5958,67.6146,1.3785],[78.5646,67.6146,0.0],[78.5604,67.6125,0.8881],[78.5563,67.6146,0.0],[78.5229,67.6146,0.0],[78.5188,67.6167,0.0],[78.4896,67.6167,0.0],[78.4854,67.6146,1.6669],[78.4688,67.6146,0.8799],[78.4646,67.6167,0.0],[78.4458,67.6167,0.0],[78.4417,67.6146,1.1125],[78.4354,67.6167,0.0],[78.4276,67.6141,0.0],[78.4255,67.612,0.0],[78.4271,67.6104,0.0],[78.4375,67.6104,1.041],[78.4458,67.6062,0.0],[78.4625,67.6062,1.4605],[78.4667,67.6042,0.0],[78.4875,67.6042,2.0745],[78.4917,67.6021,0.0],[78.5021,67.6021,2.0439],[78.5062,67.6,0.0],[78.5141,67.5995,0.0],[78.5089,67.5964,0.7604],[78.5146,67.5938,0.0],[78.5354,67.5938,0.9918],[78.5437,67.5896,0.0],[78.55,67.5917,1.2944],[78.5516,67.5911,1.1749],[78.5505,67.588,0.0],[78.5583,67.5875,0.9632],[78.5708,67.5833,0.0],[78.6062,67.5833,0.0],[78.6104,67.5854,0.0],[78.6229,67.5854,0.8413],[78.6271,67.5833,0.0],[78.6396,67.5833,0.0],[78.6438,67.5854,0.0],[78.6578,67.5859,0.0],[78.663,67.5932,0.0],[78.6703,67.5943,0.0],[78.6724,67.5995,0.0],[78.663,67.6005,2.3897],[78.6703,67.6036,0.0],[78.6672,67.6047,0.0],[78.6682,67.6078,0.0],[78.6609,67.6109,0.0],[78.6609,67.6141,0.0],[78.663,67.6162,0.0],[78.6766,67.6193,0.0],[78.6693,67.6234,0.0],[78.6745,67.6266,0.0],[78.6672,67.6276,0.0],[78.6693,67.6328,0.0],[78.6766,67.6339,0.0],[78.6818,67.6412,0.8293],[78.6896,67.6438,0.6079],[78.7083,67.6458,0.8095],[78.7125,67.6438,0.0],[78.7229,67.6438,0.9803],[78.7271,67.6417,0.0],[78.7333,67.6417,0.0],[78.7375,67.6396,0.0],[78.7438,67.6417,1.2443],[78.75,67.6417,0.6816],[78.7813,67.6333,0.0],[78.7875,67.6354,0.9222],[78.8021,67.6354,0.0],[78.8063,67.6375,1.0858],[78.8125,67.6354,0.0],[78.8167,67.6375,-0.5],[78.8229,67.6375,0.158],[78.8271,67.6354,0.0],[78.8432,67.6328,0.0],[78.8474,67.6307,0.0],[78.8464,67.6276,0.0],[78.8542,67.6271,0.8792],[78.8557,67.6255,0.0],[78.8505,67.6245,0.0],[78.8536,67.6224,0.0],[78.8521,67.6208,0.0],[78.8438,67.6208,0.0],[78.8396,67.6229,0.8567],[78.8271,67.6229,0.0],[78.8229,67.6208,0.0],[78.813,67.6203,0.0],[78.8104,67.6167,0.0],[78.7958,67.6167,0.0],[78.7943,67.6151,0.5589],[78.8167,67.6125,1.1466],[78.8276,67.6068,0.0],[78.8349,67.6057,1.129],[78.8297,67.6026,0.0],[78.8458,67.6,1.2978],[78.85,67.5979,0.0],[78.8562,67.5979,0.0],[78.8604,67.5958,0.0],[78.8667,67.5958,0.0],[78.8708,67.5979,1.226],[78.8833,67.5979,0.0],[78.8875,67.5958,0.0],[78.9083,67.5958,0.0],[78.9125,67.5938,0.0],[78.9187,67.5938,0.9371],[78.9417,67.5875,0.0],[78.9688,67.5875,0.0],[78.9703,67.587,0.0],[78.9693,67.5839,0.0],[78.9766,67.5828,0.0],[78.9776,67.5797,0.0],[78.9849,67.5787,1.0583],[78.988,67.5734,0.0],[79.0021,67.5667,0.0],[79.0083,67.5667,2.3],[79.0208,67.5625,0.0],[79.0271,67.5625,0.9573],[79.038,67.5568,0.0],[79.0479,67.5542,0.0],[79.0583,67.5542,1.9964],[79.0625,67.5521,0.0],[79.0792,67.5521,4.0217],[79.0859,67.5484,0.0],[79.0932,67.5474,2.2992],[79.0932,67.5443,1.1522],[79.088,67.5391,0.0],[79.0911,67.5359,2.3975],[79.0833,67.5354,0.0],[79.0776,67.538,1.4782],[79.0797,67.5411,1.6945],[79.0849,67.5422,0.0],[79.0818,67.5443,0.0],[79.0828,67.5474,0.0],[79.0813,67.5479,0.0],[79.0708,67.55,0.0],[79.0667,67.5479,2.0481],[79.0437,67.5479,1.7044],[79.0396,67.55,0.0],[79.0292,67.55,0.0],[79.025,67.5521,0.0],[79.0104,67.5542,1.8315],[79.0062,67.5583,0.0],[78.9958,67.5583,1.0277],[78.9896,67.5563,0.0],[78.9854,67.5583,0.0],[78.9792,67.5583,0.0],[78.975,67.5563,0.0],[78.9651,67.5557,0.0],[78.9604,67.5521,0.0],[78.9505,67.5516,0.0],[78.9537,67.5495,0.8767],[78.9526,67.5464,0.0],[78.962,67.5453,1.602],[78.9609,67.5422,0.0],[78.9688,67.5417,0.0],[78.9729,67.5396,0.0],[78.9792,67.5417,2.2964],[78.9833,67.5396,0.0],[78.9958,67.5396,0.0],[79.0,67.5417,0.0],[79.0099,67.5422,0.0],[79.0125,67.5458,0.0],[79.025,67.5458,0.3085],[79.0411,67.5411,0.0],[79.0396,67.5396,0.0],[79.0313,67.5396,2.3731],[79.0271,67.5417,0.0],[79.0167,67.5417,0.0],[79.0125,67.5396,0.0],[79.0042,67.5396,0.0],[78.9943,67.537,0.0],[78.9917,67.5333,1.2364],[78.9792,67.5333,0.0],[78.975,67.5354,0.0],[78.9646,67.5354,0.6327],[78.9604,67.5375,1.18],[78.9526,67.538,1.071],[78.9484,67.5401,0.8738],[78.9495,67.5432,0.0],[78.9417,67.5437,1.5278],[78.9349,67.5474,0.0],[78.925,67.55,0.0],[78.9172,67.5505,0.9348],[78.9182,67.5537,0.0],[78.9042,67.5583,0.0],[78.8943,67.5578,0.0],[78.8974,67.5547,0.0],[78.8922,67.5537,0.0],[78.8875,67.55,1.035],[78.875,67.55,0.0],[78.8667,67.5542,0.0],[78.8505,67.5568,0.9547],[78.8458,67.5604,0.0],[78.8396,67.5604,0.0],[78.8354,67.5625,0.0],[78.825,67.5625,1.2928],[78.8167,67.5667,0.0],[78.8104,67.5667,0.0],[78.8042,67.5646,0.0],[78.7943,67.5672,0.0],[78.7932,67.5703,0.0],[78.7859,67.5714,0.0],[78.7849,67.5745,0.0],[78.7786,67.5787,0.0],[78.7708,67.5792,1.0938],[78.7667,67.5813,0.0],[78.7526,67.5807,0.8356],[78.7542,67.5792,0.0],[78.7604,67.5792,0.0],[78.7662,67.5766,0.955],[78.7651,67.5734,0.0],[78.7682,67.5724,1.1588],[78.7662,67.5693,0.0],[78.7609,67.5682,0.0],[78.7542,67.5625,0.8412],[78.7464,67.563,2.0125],[78.7474,67.5661,0.0],[78.7307,67.5745,0.0],[78.7167,67.575,0.7683],[78.7089,67.5724,0.0],[78.7042,67.5687,0.8249],[78.6813,67.5687,0.6338],[78.6771,67.5667,0.758],[78.6729,67.5667,0.0],[78.6713,67.5651,0.0],[78.6745,67.5641,0.8605],[78.6729,67.5625,0.0],[78.6563,67.5625,0.0],[78.6521,67.5646,0.0],[78.6396,67.5646,0.947],[78.6354,67.5625,0.0],[78.6208,67.5625,0.0],[78.613,67.5599,1.0727],[78.6083,67.5563,0.0],[78.6021,67.5563,0.0],[78.5938,67.5604,0.0],[78.5687,67.5625,1.4637],[78.5646,67.5646,0.0],[78.5583,67.5625,1.1218],[78.5521,67.5646,0.0],[78.5458,67.5646,0.0],[78.5417,67.5625,1.0339],[78.5214,67.562,0.0],[78.5271,67.5583,0.0],[78.5708,67.5521,1.4253],[78.5734,67.5484,0.0],[78.5807,67.5453,0.0],[78.5797,67.5422,0.0],[78.5839,67.5401,0.0],[78.5911,67.5391,1.4377],[78.5979,67.5354,0.0],[78.6229,67.5333,0.0],[78.6245,67.5318,0.0],[78.6193,67.5297,0.8527],[78.6271,67.5292,1.6587],[78.6328,67.5266,1.3446],[78.6312,67.525,0.0],[78.6229,67.525,1.7667],[78.6104,67.5292,0.0],[78.6042,67.5292,0.9296],[78.5958,67.5333,0.0],[78.5839,67.5339,1.2676],[78.5849,67.537,0.0],[78.5724,67.5432,0.0],[78.5651,67.5443,1.9125],[78.5583,67.5479,1.1776],[78.5313,67.55,0.0],[78.5245,67.5537,2.3101],[78.5172,67.5547,1.7402],[78.513,67.5578,0.0],[78.5182,67.5599,0.0],[78.5125,67.5625,0.0],[78.4938,67.5604,0.0],[78.4859,67.5578,0.0],[78.4812,67.5521,0.0],[78.4651,67.5516,0.0],[78.463,67.5484,0.0],[78.4661,67.5474,0.0],[78.4652,67.5433,0.0],[78.4916,67.5392,1.5217],[78.5124,67.5382,0.0],[78.5151,67.5347,1.3363],[78.5118,67.5318,1.9817],[78.471,67.5278,5.8779],[78.4593,67.5243,4.2088],[78.4167,67.526,4.2671],[78.419,67.4931,15.5416],[78.4244,67.4726,8.0369],[78.4485,67.4421,18.2278],[78.3618,67.4125,17.3539],[78.1726,67.3827,27.3599],[78.0658,67.3704,38.0936],[78.0528,67.3484,39.9049],[78.0661,67.3194,51.1799],[78.1321,67.2589,41.6631],[78.2648,67.1421,43.4081],[78.3479,67.0754,60.3283],[78.3952,67.0097,45.0023],[78.5204,66.9305,42.6735],[78.6428,66.8653,53.1793],[78.7185,66.8399,58.871],[79.0266,66.843,62.8268],[79.1028,66.8224,65.2178],[79.2037,66.7657,46.0654],[79.2461,66.7206,50.7408],[79.2893,66.6919,59.8688],[79.3474,66.6775,60.7935],[79.3824,66.6439,35.3278],[79.389,66.5828,56.789],[79.4152,66.5185,57.3605],[79.3861,66.4775,56.3496],[79.4234,66.4319,46.3164],[79.427,66.3924,56.2546],[79.385,66.3526,64.6494],[79.3511,66.3149,64.2312],[79.4129,66.3068,59.7687],[79.5983,66.3232,53.0305],[79.7412,66.3302,69.2495],[79.8219,66.3374,67.1841],[79.8331,66.3438,66.2701],[79.9137,66.375,64.2536],[80.0176,66.4099,54.193],[80.1644,66.4425,40.4463],[80.2239,66.4461,53.0407],[80.3241,66.4405,54.6719],[80.5363,66.4202,43.1727],[80.9685,66.4109,25.533],[81.2547,66.4108,23.0144],[81.422,66.4228,24.3195],[81.561,66.4248,30.9046],[81.6914,66.484,16.5865],[81.7678,66.5558,15.4598],[81.7895,66.6308,9.7265],[81.7764,66.6914,7.1339],[81.6927,66.7433,4.2948],[81.6979,66.8343,7.4811],[81.786,66.8687,8.8388],[81.8906,66.8842,7.069],[82.0379,66.844,35.202],[82.1368,66.8539,38.0362],[82.166,66.9004,37.4673],[82.1734,66.9304,31.8252],[82.2309,66.9611,27.9135],[82.3747,66.9494,41.4306],[82.6175,66.9678,52.2942],[82.7878,66.9766,46.9061],[82.7318,66.994,65.0638],[82.5389,67.0619,52.1029],[82.3661,67.1309,64.5674],[82.1747,67.2007,27.79],[82.2528,67.2412,46.0379],[82.3634,67.2878,48.2944],[82.3557,67.3359,31.0065],[82.3368,67.3726,26.2557],[82.3403,67.3983,43.798],[82.3762,67.4304,31.4527],[82.4219,67.4625,43.3365],[82.415,67.4994,35.3844],[82.3629,67.5344,36.4347],[82.2771,67.5508,36.5412],[82.1944,67.5797,40.422],[82.1371,67.6075,53.6858],[82.0994,67.6422,44.4766],[82.1152,67.6815,59.195],[82.0947,67.7096,46.8263],[81.9536,67.7492,56.1166],[81.8791,67.8026,61.0141],[81.7843,67.8831,62.7231],[81.8262,67.9008,71.8398],[81.925,67.8991,76.6065],[81.9987,67.9145,79.5176],[82.1049,67.9267,87.7474],[82.2422,67.9034,82.5029],[82.4089,67.9245,87.4408],[82.4221,67.9419,95.5298],[82.4283,67.9745,95.4696],[82.4217,68.0115,99.0216],[82.4234,68.0673,113.8224],[82.4788,68.0852,65.0895],[82.5635,68.1316,58.9367],[82.5812,68.1625,73.6378],[82.5795,68.1831,67.6344],[82.5954,68.2168,48.5028],[82.6763,68.2343,51.7071],[82.7611,68.2607,63.2637],[82.7462,68.2959,131.8285],[82.7543,68.3523,107.5752],[82.777,68.3785,83.3759]]],
[[[78.4896,70.9187,1.2042],[78.4912,70.9203,1.4015],[78.4859,70.9203,1.1386],[78.4859,70.9193,0.9281],[78.4896,70.9187,1.2042]]],
[[[78.5682,70.9203,0.9304],[78.5729,70.9187,0.0],[78.5766,70.9213,0.335],[78.5734,70.9234,0.0],[78.5745,70.9266,0.692],[78.55,70.9271,0.0],[78.5401,70.9245,0.3583],[78.538,70.9224,1.5901],[78.5458,70.9187,0.0],[78.5604,70.9229,1.0124],[78.5682,70.9203,0.9304]]],
[[[78.4333,70.9375,2.5925],[78.4276,70.9318,2.4614],[78.4313,70.9313,1.8471],[78.4359,70.9349,2.1494],[78.4432,70.9359,1.7889],[78.4417,70.9375,2.2395],[78.4333,70.9375,2.5925]]],
[[[76.987,68.6349,0.0],[76.9812,68.6375,0.0],[76.9734,68.638,1.4085],[76.9667,68.6417,0.7041],[76.9484,68.637,0.0],[76.9479,68.6354,0.0],[76.9484,68.6339,0.0],[76.9583,68.6292,0.9258],[76.9646,68.6312,0.5496],[76.9786,68.6307,0.9933],[76.9771,68.6292,0.5081],[76.9714,68.6286,0.0],[76.9714,68.6255,0.0],[76.9854,68.6188,0.0],[76.9917,68.6208,0.7682],[77.0016,68.6214,0.6832],[76.9984,68.6234,0.8103],[76.9974,68.6266,0.0],[76.9901,68.6276,1.1525],[76.9912,68.6328,0.6028],[76.987,68.6349,0.0]]],
[[[77.025,68.65,0.0],[77.0266,68.6516,0.0],[77.0214,68.6516,0.0],[77.0214,68.6505,0.0],[77.025,68.65,0.0]]],
[[[76.9437,70.9979,1.9811],[76.9437,71.0,0.0],[76.938,70.9995,1.3128],[76.9396,70.9979,1.8101],[76.9437,70.9979,1.9811]]],
[[[76.9437,71.075,1.9428],[76.9396,71.075,1.8176],[76.938,71.0734,1.7055],[76.9437,71.0729,1.7603],[76.9437,71.075,1.9428]]],
[[[76.9182,71.1224,1.6273],[76.9172,71.1193,1.7443],[76.9229,71.1167,1.7719],[76.9349,71.1193,0.0],[76.9318,71.1214,1.4852],[76.9328,71.1245,1.4873],[76.9297,71.1255,1.4229],[76.9307,71.1286,0.8448],[76.9292,71.1292,0.9396],[76.9172,71.1286,1.0667],[76.9151,71.1234,0.8185],[76.9182,71.1224,1.6273]]],
[[[77.0307,72.0089,0.0],[77.0292,72.0104,0.0],[77.0234,72.0099,0.0],[77.025,72.0083,0.0],[77.0307,72.0089,0.0]]],
[[[76.8583,72.05,1.0],[76.8729,72.0521,2.9897],[76.8729,72.0542,0.0],[76.8625,72.0542,0.0],[76.8526,72.0516,2.8791],[76.8542,72.05,1.0],[76.8583,72.05,1.0]]],
[[[76.9453,72.2005,3.2854],[76.9474,72.2037,3.5068],[76.9443,72.2047,0.0],[76.9453,72.2078,0.6857],[76.9437,72.2083,0.7593],[76.9333,72.2083,1.0026],[76.9271,72.2063,0.7075],[76.9208,72.2083,1.0318],[76.9161,72.2047,0.0],[76.9104,72.2042,0.9574],[76.9021,72.2083,0.9973],[76.8938,72.2083,0.782],[76.8891,72.2047,1.146],[76.8797,72.2037,0.0],[76.8812,72.2021,0.0],[76.8912,72.2016,0.8439],[76.8901,72.1984,1.3998],[76.8953,72.1974,0.9993],[76.8922,72.1922,1.4038],[76.8995,72.1891,0.9623],[76.9021,72.1854,1.175],[76.9057,72.1859,0.6534],[76.9099,72.1901,0.6375],[76.9047,72.1922,0.7375],[76.9057,72.1953,0.8113],[76.9026,72.1974,0.7147],[76.9047,72.1995,0.8262],[76.9146,72.2,0.4951],[76.9161,72.1995,0.676],[76.9151,72.1964,0.5006],[76.9208,72.1958,0.9214],[76.9271,72.2,3.131],[76.9453,72.2005,3.2854]]],
[[[77.6438,71.2688,0.0],[77.6453,71.2703,7.0795],[77.6401,71.2703,0.0],[77.6401,71.2693,0.0],[77.6438,71.2688,0.0]]],
[[[77.4917,71.8604,0.0],[77.4932,71.862,0.0],[77.488,71.862,0.0],[77.488,71.8609,0.0],[77.4917,71.8604,0.0]]],
[[[77.5,71.8625,0.0],[77.5016,71.8641,0.0],[77.4964,71.8641,0.0],[77.4964,71.863,0.0],[77.5,71.8625,0.0]]],
[[[77.2813,72.2271,5.1756],[77.2875,72.225,0.0],[77.2917,72.2271,4.9162],[77.2958,72.2271,3.2548],[77.3016,72.2328,5.66],[77.2958,72.2354,5.0569],[77.2667,72.2354,0.0],[77.2625,72.2333,3.339],[77.25,72.2333,0.0],[77.2458,72.2312,4.0054],[77.2208,72.2312,4.6157],[77.2167,72.2292,5.5438],[77.2047,72.2286,3.5007],[77.2063,72.2271,4.4729],[77.2125,72.2271,5.1713],[77.2167,72.225,0.0],[77.275,72.225,2.2486],[77.2813,72.2271,5.1756]]],
[[[76.9379,72.2249,0.8534],[76.9359,72.2255,0.8005],[76.937,72.2286,1.0242],[76.9292,72.2312,0.9707],[76.9146,72.2312,0.0],[76.9109,72.2286,0.0],[76.9208,72.2229,0.0],[76.9375,72.2229,0.5681],[76.9391,72.2234,0.5532],[76.9379,72.2249,0.8534]]],
[[[77.0286,72.238,0.0],[77.0271,72.2396,1.1186],[77.0188,72.2396,1.0295],[77.0146,72.2417,0.0],[76.9917,72.2417,0.0],[76.9901,72.2401,1.0925],[76.9932,72.238,0.5252],[76.9891,72.2318,0.5192],[76.9812,72.2312,0.8351],[76.9797,72.2297,0.0],[76.9875,72.2271,0.9495],[77.0036,72.2266,0.4102],[77.0005,72.2224,0.9224],[77.0021,72.2208,0.0],[77.0229,72.2208,0.4772],[77.0271,72.2188,0.0],[77.0307,72.2193,0.0],[77.0328,72.2224,0.5114],[77.0234,72.2266,0.4492],[77.0354,72.2271,0.7096],[77.0396,72.225,0.3976],[77.0432,72.2255,0.5124],[77.0391,72.2286,0.5982],[77.0292,72.2292,0.608],[77.0193,72.2338,0.0],[77.0208,72.2354,0.0],[77.0266,72.2359,0.0],[77.0286,72.238,0.0]]],
[[[76.9938,72.2625,0.775],[76.9953,72.2641,0.4831],[76.9901,72.2641,0.4474],[76.9901,72.263,0.0],[76.9938,72.2625,0.775]]],
[[[77.0203,72.2672,0.0],[77.0188,72.2688,0.0],[77.0151,72.2682,0.0],[77.0167,72.2667,0.78],[77.0203,72.2672,0.0]]],
[[[78.5708,70.9354,0.9868],[78.5792,70.9333,0.0],[78.5849,70.9391,1.024],[78.5687,70.9396,0.9972],[78.5651,70.937,1.4529],[78.5667,70.9354,0.6916],[78.5708,70.9354,0.9868]]],
[[[78.4292,70.9375,2.7876],[78.4307,70.9391,2.2937],[78.4255,70.9391,0.0],[78.4255,70.938,0.5762],[78.4292,70.9375,2.7876]]],
[[[78.4333,70.9417,2.296],[78.4349,70.9432,2.4393],[78.4297,70.9432,1.8076],[78.4297,70.9422,1.9953],[78.4333,70.9417,2.296]]],
[[[78.15,70.9458,1.0565],[78.1516,70.9474,0.0],[78.1464,70.9474,0.0],[78.1464,70.9464,0.6694],[78.15,70.9458,1.0565]]],
[[[78.5958,70.95,0.8979],[78.5958,70.9479,0.0],[78.6016,70.9484,0.3535],[78.6,70.95,0.7266],[78.5958,70.95,0.8979]]],
[[[79.0141,70.9526,7.286],[79.0125,70.9542,10.0542],[79.0068,70.9537,4.5284],[79.0083,70.9521,3.8152],[79.0141,70.9526,7.286]]],
[[[78.4437,70.9542,2.6422],[78.4354,70.9542,0.0],[78.4339,70.9526,0.0],[78.45,70.9521,1.1187],[78.4537,70.9557,2.2951],[78.45,70.9563,2.0006],[78.4437,70.9542,2.6422]]],
[[[79.0057,70.9661,4.5611],[78.9984,70.963,6.7257],[79.0083,70.9625,0.0],[79.012,70.9651,3.8354],[79.0078,70.9682,2.6267],[79.0026,70.9682,2.9748],[79.0057,70.9661,4.5611]]],
[[[78.5188,71.0354,0.7834],[78.5203,71.037,1.9692],[78.5151,71.037,0.9771],[78.5151,71.0359,1.9645],[78.5188,71.0354,0.7834]]],
[[[78.5193,71.0401,2.2206],[78.5229,71.0396,2.312],[78.5245,71.0411,2.3567],[78.5146,71.0458,2.221],[78.5089,71.0453,2.0955],[78.5089,71.0443,2.1354],[78.5193,71.0401,2.2206]]],
[[[78.375,71.0625,1.4845],[78.3708,71.0646,0.5522],[78.3604,71.0646,4.8771],[78.3604,71.0625,4.4373],[78.3641,71.062,8.8544],[78.3682,71.0589,7.6078],[78.3609,71.0578,2.9134],[78.3562,71.0542,8.7587],[78.3458,71.0542,0.7217],[78.3443,71.0526,1.39],[78.3536,71.0516,7.7797],[78.375,71.0417,0.5577],[78.3828,71.0411,8.7239],[78.3818,71.038,0.0],[78.3859,71.0359,0.0],[78.3938,71.0333,9.51],[78.4016,71.0328,9.8816],[78.4005,71.0297,0.0],[78.4187,71.0271,3.1365],[78.4229,71.025,0.0],[78.4349,71.0276,1.5132],[78.438,71.0307,2.249],[78.4453,71.0318,0.0461],[78.45,71.0354,3.6174],[78.4792,71.0354,2.2214],[78.4938,71.0313,0.3113],[78.5083,71.0313,-0.9768],[78.512,71.0339,2.2879],[78.5021,71.0396,0.7703],[78.4922,71.0401,2.527],[78.4938,71.0417,2.1984],[78.4995,71.0422,0.5626],[78.4979,71.0437,2.2564],[78.4646,71.0417,1.4904],[78.4563,71.0458,1.6841],[78.45,71.0458,2.1321],[78.4339,71.0526,2.6086],[78.437,71.0578,-0.229],[78.4313,71.0604,0.6843],[78.425,71.0583,0.4399],[78.4187,71.0604,1.1894],[78.4083,71.0604,0.9711],[78.4042,71.0583,1.3627],[78.3958,71.0583,2.3361],[78.3917,71.0604,0.6102],[78.375,71.0625,1.4845]]],
[[[78.4786,71.0818,1.0544],[78.4807,71.0849,0.1896],[78.4714,71.0859,0.7102],[78.4672,71.088,1.2527],[78.4661,71.0911,1.044],[78.4604,71.0938,0.2961],[78.4396,71.0938,0.8389],[78.438,71.0922,0.2222],[78.4453,71.0891,1.1771],[78.4411,71.0818,1.3877],[78.4339,71.0807,1.1525],[78.4292,71.0771,1.3323],[78.4151,71.0745,1.2262],[78.4109,71.0693,-0.6104],[78.4146,71.0687,-0.425],[78.4208,71.0708,1.5367],[78.4224,71.0703,1.4753],[78.4213,71.0672,1.0406],[78.4229,71.0667,1.2276],[78.4292,71.0667,1.4437],[78.4333,71.0646,-0.3325],[78.45,71.0646,0.9993],[78.4516,71.0661,0.5926],[78.4464,71.0682,0.8953],[78.4505,71.0724,1.1975],[78.4745,71.0776,0.7693],[78.4786,71.0818,1.0544]]],
[[[78.3646,71.0792,1.1659],[78.3729,71.075,0.8028],[78.3828,71.0755,0.6106],[78.3797,71.0776,0.9592],[78.3807,71.0807,0.3079],[78.375,71.0833,0.5101],[78.363,71.0807,0.2549],[78.3646,71.0792,1.1659]]],
[[[78.3,71.1896,1.741],[78.3,71.1917,2.2213],[78.2943,71.1911,0.29],[78.2958,71.1896,0.4587],[78.3,71.1896,1.741]]],
[[[78.0354,72.3417,1.3536],[78.0297,72.3411,1.6337],[78.0276,72.338,0.6263],[78.0432,72.3401,0.0],[78.0417,72.3417,0.0],[78.0354,72.3417,1.3536]]],
[[[77.3042,72.2354,5.6318],[77.3057,72.237,5.9568],[77.3005,72.237,5.8198],[77.3005,72.2359,5.7678],[77.3042,72.2354,5.6318]]],
[[[77.3495,72.2828,1.0482],[77.3438,72.2833,1.8051],[77.3422,72.2818,0.0],[77.3479,72.2813,0.0],[77.3495,72.2828,1.0482]]],
[[[77.3349,72.288,1.919],[77.3333,72.2896,2.0966],[77.3276,72.2891,1.8189],[77.3292,72.2875,1.765],[77.3349,72.288,1.919]]],
[[[77.3016,72.312,2.6177],[77.2958,72.3125,1.9998],[77.2937,72.3104,2.1881],[77.2943,72.3089,2.5636],[77.2979,72.3083,3.0956],[77.3016,72.312,2.6177]]],
[[[76.9437,72.275,1.6583],[76.9453,72.2766,1.4882],[76.9401,72.2766,1.4916],[76.9401,72.2755,1.5659],[76.9437,72.275,1.6583]]],
[[[76.9349,72.2776,0.9551],[76.9333,72.2792,0.6994],[76.9276,72.2786,0.0],[76.9292,72.2771,0.0],[76.9349,72.2776,0.9551]]],
[[[76.8662,72.3151,0.0],[76.8646,72.3167,0.0],[76.8609,72.3161,0.0],[76.8625,72.3146,0.0],[76.8662,72.3151,0.0]]],
[[[77.1604,72.325,0.5],[77.1568,72.3234,2.3891],[77.1625,72.3208,0.5],[77.1661,72.3214,0.5],[77.1661,72.3224,0.5],[77.1604,72.325,0.5]]],
[[[77.2854,72.3104,2.3046],[77.287,72.312,2.3487],[77.2818,72.312,2.7871],[77.2818,72.3109,2.4771],[77.2854,72.3104,2.3046]]],
[[[77.2849,72.3151,2.7192],[77.2833,72.3167,1.0],[77.2776,72.3161,1.9947],[77.2792,72.3146,2.236],[77.2849,72.3151,2.7192]]],
[[[77.2599,72.3641,3.7635],[77.2547,72.3641,3.9023],[77.2526,72.3609,2.8807],[77.2578,72.3609,3.4288],[77.2599,72.3641,3.7635]]],
[[[77.2333,72.3646,3.4607],[77.2349,72.3662,3.9035],[77.2297,72.3662,2.9857],[77.2297,72.3651,1.5],[77.2333,72.3646,3.4607]]],
[[[77.0896,72.3521,2.4711],[77.0854,72.3542,2.2268],[77.0693,72.3557,0.5],[77.0724,72.3536,3.0511],[77.0714,72.3505,0.5],[77.0729,72.35,1.5828],[77.0911,72.3505,0.5],[77.0896,72.3521,2.4711]]],
[[[77.0104,72.3542,2.0],[77.012,72.3557,3.0856],[77.0068,72.3557,2.9855],[77.0068,72.3547,2.0],[77.0104,72.3542,2.0]]],
[[[77.2146,72.3688,2.5361],[77.2083,72.3688,3.234],[77.1979,72.3729,2.9681],[77.188,72.3724,2.7613],[77.1911,72.3703,3.4747],[77.1901,72.3672,3.204],[77.1958,72.3646,2.5784],[77.2063,72.3646,3.0627],[77.2104,72.3667,3.1048],[77.2224,72.3672,2.5044],[77.2208,72.3688,2.2709],[77.2146,72.3688,2.5361]]],
[[[77.1974,72.3755,2.6738],[77.1958,72.3771,3.0137],[77.1901,72.3766,3.2714],[77.1917,72.375,3.2563],[77.1974,72.3755,2.6738]]],
[[[77.1625,67.8208,0.0],[77.1714,67.8167,0.0],[77.2307,67.8276,0.0],[77.2338,67.8328,2.4872],[77.2391,67.8339,0.0],[77.2432,67.838,0.0],[77.2484,67.8474,0.9316],[77.2557,67.8484,0.0],[77.2578,67.8536,0.0],[77.2547,67.8557,1.8724],[77.2568,67.8578,2.0218],[77.2682,67.8609,0.0],[77.2724,67.8651,0.0],[77.2797,67.8766,0.8495],[77.2849,67.8776,0.0],[77.2901,67.8828,0.0],[77.3016,67.8839,0.8505],[77.3016,67.887,1.3613],[77.2984,67.888,0.8723],[77.2995,67.8912,0.5526],[77.2922,67.8943,1.1627],[77.2932,67.8974,0.0],[77.2854,67.8979,1.4586],[77.2771,67.9021,0.0],[77.2693,67.9026,2.2269],[77.2703,67.9057,0.0],[77.2672,67.9068,1.94],[77.2682,67.9099,0.0],[77.2589,67.9109,2.1732],[77.2599,67.9141,0.0],[77.2542,67.9167,0.0],[77.2479,67.9146,0.3764],[77.2401,67.9151,0.6102],[77.2193,67.9255,13.9641],[77.2182,67.9287,0.0],[77.2109,67.9318,7.6628],[77.212,67.9349,0.0],[77.2026,67.9359,13.5697],[77.2037,67.9391,0.0],[77.2005,67.9401,10.7569],[77.2016,67.9432,0.0],[77.1943,67.9464,0.0],[77.1932,67.9495,0.0],[77.1901,67.9505,8.339],[77.1953,67.9589,0.0],[77.1922,67.962,2.2977],[77.1974,67.9641,0.0],[77.1901,67.9682,-0.3697],[77.2016,67.9693,0.0],[77.2057,67.9745,0.0],[77.2026,67.9755,0.8936],[77.2016,67.9786,0.0],[77.1958,67.9812,0.0],[77.1901,67.9818,0.0],[77.1818,67.9859,1.2081],[77.1813,67.9875,0.0],[77.1859,67.9953,0.0],[77.1958,67.9958,0.0],[77.2057,67.9984,0.0],[77.212,68.0089,0.0],[77.2089,68.0109,12.6405],[77.2109,68.0162,5.303],[77.213,68.0182,9.8508],[77.2182,68.0193,0.0],[77.2224,68.0234,0.0],[77.2193,68.0266,2.132],[77.2245,68.0276,0.0],[77.2307,68.0359,0.0],[77.2234,68.0401,1.3139],[77.2224,68.0432,0.0],[77.2193,68.0443,9.774],[77.2224,68.0484,0.0],[77.2224,68.0516,0.0],[77.2193,68.0526,15.2871],[77.2203,68.0557,0.0],[77.2172,68.0568,5.8045],[77.2182,68.0599,0.0],[77.2109,68.063,9.4193],[77.2099,68.0661,1.4729],[77.2068,68.0672,10.3781],[77.2078,68.0703,0.0],[77.2047,68.0714,0.0],[77.2057,68.0745,0.0],[77.2021,68.0771,0.0],[77.2037,68.0807,0.0],[77.2005,68.0818,0.0],[77.2016,68.0849,0.0],[77.1964,68.0859,9.3269],[77.2037,68.0891,0.0],[77.1964,68.0922,4.3814],[77.1964,68.0953,2.6036],[77.2026,68.1016,6.2264],[77.2078,68.1026,0.0],[77.213,68.1099,4.1237],[77.2266,68.113,0.0],[77.2297,68.1182,0.0],[77.2349,68.1193,0.0],[77.238,68.1224,6.9046],[77.2443,68.1245,0.0],[77.2516,68.1255,0.0],[77.2526,68.1286,0.0],[77.2599,68.1297,0.0],[77.2609,68.1328,0.0],[77.2682,68.1339,0.0],[77.2693,68.137,0.0],[77.2828,68.1401,0.0],[77.2859,68.1453,0.0],[77.2932,68.1464,0.0],[77.2901,68.1495,0.0],[77.2953,68.1505,0.0],[77.2922,68.1536,0.0],[77.2958,68.1583,0.0],[77.2922,68.1609,0.5875],[77.2932,68.1641,0.0],[77.2901,68.1651,2.8249],[77.2917,68.1687,0.0],[77.288,68.1724,0.0],[77.2911,68.1766,0.0],[77.288,68.1776,0.0],[77.288,68.1807,2.2171],[77.2953,68.1818,0.0],[77.2953,68.1849,0.0],[77.2922,68.187,7.0163],[77.2995,68.188,0.0],[77.3005,68.1911,0.0],[77.3078,68.1922,0.0],[77.3089,68.1953,0.0],[77.3224,68.1984,0.0],[77.3307,68.2089,0.0],[77.3307,68.212,0.0],[77.3276,68.2141,0.0],[77.3349,68.2234,6.3008],[77.337,68.2286,1.0517],[77.3245,68.2349,5.3633],[77.3167,68.2354,8.4432],[77.3125,68.2375,0.0],[77.2521,68.2375,0.5837],[77.2458,68.2396,0.0],[77.2417,68.2375,1.6892],[77.2333,68.2375,1.7124],[77.2292,68.2396,0.0],[77.2125,68.2396,0.5205],[77.2083,68.2417,0.0],[77.1979,68.2417,1.1702],[77.1833,68.2458,0.0],[77.1771,68.2438,1.0928],[77.1687,68.2479,0.0],[77.1609,68.2484,0.0],[77.162,68.2516,0.0],[77.1542,68.2521,0.0],[77.1458,68.2562,1.1655],[77.138,68.2568,0.832],[77.1391,68.2599,0.0],[77.1333,68.2625,0.0],[77.1255,68.263,0.7997],[77.1266,68.2662,0.0],[77.1234,68.2682,0.0],[77.1297,68.2786,2.6059],[77.137,68.2797,0.0],[77.138,68.2828,0.0],[77.1516,68.2859,0.0],[77.1568,68.2932,6.9311],[77.1641,68.2943,0.0],[77.1641,68.2974,0.0],[77.1609,68.2995,8.0333],[77.1641,68.3037,0.0],[77.1604,68.3063,0.0],[77.1651,68.312,0.0],[77.1875,68.3187,0.0],[77.2188,68.3187,0.0],[77.2229,68.3208,1.0877],[77.2328,68.3214,0.0],[77.2349,68.3266,0.0],[77.2318,68.3287,1.3226],[77.237,68.3359,0.0],[77.2338,68.338,1.5633],[77.2338,68.3411,1.9139],[77.238,68.3453,1.554],[77.2432,68.3464,0.0],[77.2484,68.3536,0.0],[77.2583,68.3542,0.0],[77.263,68.3578,0.0],[77.2708,68.3604,0.0],[77.275,68.3604,0.0],[77.2792,68.3625,0.0],[77.2875,68.3625,0.0],[77.2953,68.3651,0.0],[77.288,68.3693,0.3228],[77.2891,68.3724,0.0],[77.2859,68.3734,0.0],[77.287,68.3766,0.0],[77.2833,68.3792,0.4302],[77.2849,68.3828,0.0474],[77.2818,68.3839,0.3386],[77.2828,68.3891,0.0301],[77.2755,68.3901,0.749],[77.2745,68.3932,-0.4126],[77.2672,68.3943,0.8365],[77.2589,68.3984,0.7718],[77.2599,68.4036,0.0],[77.2568,68.4047,0.0],[77.2578,68.4078,0.0],[77.2464,68.413,1.6282],[77.2474,68.4182,0.0],[77.238,68.4193,1.7429],[77.2417,68.425,0.0],[77.238,68.4276,0.6475],[77.2412,68.4328,0.0],[77.2338,68.4359,0.0],[77.2328,68.4391,0.0],[77.2297,68.4401,0.0],[77.237,68.4516,0.0],[77.2292,68.4521,0.0],[77.2234,68.4547,1.7637],[77.2255,68.4578,1.2957],[77.2307,68.4589,0.0],[77.2359,68.4661,0.0],[77.2412,68.4672,0.0],[77.2464,68.4724,1.2347],[77.2562,68.4729,0.0],[77.2667,68.4771,0.2432],[77.2729,68.475,0.0],[77.2813,68.475,0.0],[77.2937,68.4792,1.1493],[77.3063,68.475,0.181],[77.3313,68.475,0.0],[77.3349,68.4786,0.0],[77.3151,68.4818,1.6185],[77.3182,68.487,0.0],[77.3089,68.488,0.0],[77.3099,68.4912,0.0],[77.3016,68.4953,0.0],[77.2813,68.4958,1.3214],[77.2755,68.4984,-0.9401],[77.2828,68.5016,0.0],[77.2734,68.5026,1.7777],[77.2745,68.5057,0.0],[77.2703,68.5078,0.0],[77.2609,68.5089,0.466],[77.2484,68.5151,1.6812],[77.2495,68.5203,0.0],[77.2422,68.5234,1.7505],[77.2432,68.5266,0.0],[77.2401,68.5276,0.9028],[77.2391,68.5307,0.0],[77.2276,68.5359,0.1152],[77.2307,68.5411,0.0],[77.2234,68.5443,0.0],[77.2224,68.5474,0.0],[77.2068,68.5547,0.0],[77.2078,68.5578,0.7242],[77.187,68.5682,0.0],[77.1667,68.5687,1.5563],[77.1625,68.5708,0.3028],[77.1521,68.5708,1.2707],[77.1479,68.5729,0.0],[77.1312,68.5729,1.0751],[77.1271,68.575,0.0],[77.1083,68.575,0.3021],[77.1,68.5792,0.0],[77.0771,68.5792,0.4203],[77.0729,68.5771,0.2445],[77.0583,68.5771,-0.2251],[77.0568,68.5787,0.1555],[77.0599,68.5828,0.0],[77.0516,68.587,0.0],[77.0359,68.588,0.0],[77.0375,68.5896,0.7481],[77.0432,68.5901,0.0],[77.0432,68.5932,0.0],[77.0313,68.5938,1.1287],[77.0255,68.5964,0.2426],[77.0271,68.5979,0.1439],[77.0417,68.5979,0.0],[77.0432,68.5995,0.0],[77.0359,68.6026,1.4407],[77.0349,68.6057,0.0],[77.0083,68.6188,1.3242],[77.0047,68.6182,0.6994],[77.0078,68.6162,0.9687],[77.0078,68.613,0.0],[77.0005,68.612,0.0],[76.9958,68.6083,0.0],[76.9776,68.6109,0.0],[76.9786,68.6141,0.0],[76.9755,68.6151,0.0],[76.9745,68.6182,0.0],[76.9625,68.6188,0.0],[76.9583,68.6208,0.0],[76.9458,68.6208,0.0],[76.9411,68.6172,0.0],[76.9359,68.6162,0.0],[76.9307,68.6109,0.0],[76.9229,68.6104,0.0],[76.9172,68.613,0.0],[76.9182,68.6182,0.0],[76.9089,68.6193,7.706],[76.9151,68.6286,0.0],[76.9203,68.6297,0.0],[76.9224,68.6318,0.0],[76.9193,68.6349,5.2647],[76.9224,68.6412,3.2529],[76.9167,68.6438,1.0],[76.9089,68.6443,6.1897],[76.9047,68.6474,4.1679],[76.9187,68.6479,1.0],[76.9229,68.6458,7.8842],[76.9292,68.6458,3.8617],[76.9333,68.6417,0.0],[76.9396,68.6438,2.4237],[76.9437,68.6417,0.0],[76.9521,68.6417,0.0],[76.9599,68.6453,0.0],[76.9521,68.6458,6.9032],[76.9505,68.6464,3.0455],[76.9516,68.6495,0.363],[76.95,68.65,0.0],[76.9333,68.6521,1.9329],[76.925,68.6563,3.6653],[76.9187,68.6563,6.8034],[76.9104,68.6604,0.6179],[76.9026,68.6609,1.454],[76.8917,68.6667,0.0],[76.8714,68.6713,4.2411],[76.8333,68.6896,0.0],[76.8271,68.6896,2.2988],[76.8203,68.6932,0.0],[76.8125,68.6937,4.8097],[76.8083,68.6958,6.796],[76.7979,68.6958,10.748],[76.7854,68.7021,0.0],[76.7729,68.7021,6.4773],[76.7562,68.7104,0.0],[76.7438,68.7104,9.3454],[76.7354,68.7146,6.5491],[76.7292,68.7146,8.4573],[76.7276,68.7151,8.5784],[76.7286,68.7182,0.3642],[76.7245,68.7203,0.0],[76.7167,68.7208,9.6707],[76.7016,68.7286,1.931],[76.6937,68.7292,9.6014],[76.6828,68.7349,0.6806],[76.675,68.7354,7.4609],[76.6641,68.7412,0.0],[76.6563,68.7417,10.0266],[76.6505,68.7443,3.3768],[76.6516,68.7474,0.2425],[76.6443,68.7505,0.0],[76.6432,68.7536,0.0],[76.6401,68.7547,3.2775],[76.6412,68.7578,0.0],[76.638,68.7589,1.4283],[76.6391,68.762,0.0],[76.6297,68.7651,7.6774],[76.6307,68.7682,0.0],[76.6234,68.7714,0.0],[76.6245,68.7745,0.0],[76.6214,68.7755,0.0],[76.6214,68.7786,0.0],[76.6234,68.7807,0.0],[76.6286,68.7818,0.0],[76.6255,68.7839,0.2959],[76.6307,68.7922,0.0],[76.6276,68.7953,7.191],[76.6328,68.7963,3.0202],[76.638,68.8037,7.0822],[76.6453,68.8047,0.0],[76.6484,68.8099,10.0951],[76.662,68.813,0.0],[76.6693,68.8224,10.8032],[76.6745,68.8234,0.0],[76.6787,68.8276,0.0],[76.6818,68.8328,0.0],[76.6891,68.8339,0.0],[76.6974,68.8464,0.0],[76.6974,68.8495,0.0],[76.6943,68.8516,10.3893],[76.6979,68.8552,0.0],[76.6943,68.8568,23.1612],[76.6932,68.8599,4.1649],[76.6901,68.8609,33.0548],[76.6911,68.8641,0.0],[76.6839,68.8672,17.9307],[76.6828,68.8703,23.046],[76.6672,68.8776,2.7954],[76.6703,68.8849,0.0],[76.663,68.888,13.6028],[76.6641,68.8912,0.0],[76.6609,68.8922,8.4012],[76.6599,68.8953,18.6168],[76.6568,68.8964,24.0198],[76.6578,68.8995,20.8507],[76.6505,68.9047,23.6954],[76.6516,68.9078,0.0],[76.6484,68.9089,8.7025],[76.6495,68.912,0.0],[76.6464,68.913,0.0],[76.6453,68.9161,0.0],[76.6162,68.9307,4.0875],[76.6109,68.9318,18.795],[76.612,68.9349,0.0],[76.6088,68.937,0.0],[76.6109,68.9391,0.45],[76.6162,68.9401,0.0],[76.613,68.9432,1.0923],[76.6162,68.9474,0.0],[76.6109,68.9484,1.5436],[76.612,68.9516,0.0],[76.6047,68.9547,1.3811],[76.6057,68.9578,1.301],[76.6026,68.9589,1.609],[76.6016,68.962,1.2359],[76.5938,68.9625,2.545],[76.5854,68.9667,2.7361],[76.575,68.9667,1.3349],[76.5604,68.9729,1.879],[76.5542,68.9708,5.4774],[76.55,68.9729,5.4179],[76.5104,68.975,39.4902],[76.5062,68.9771,0.0],[76.4938,68.9771,0.0],[76.4896,68.975,46.5229],[76.4812,68.975,63.0947],[76.4771,68.9771,0.0],[76.4583,68.9771,0.0],[76.4542,68.975,24.6216],[76.4063,68.975,1.6032],[76.4021,68.9771,0.0],[76.3417,68.9771,0.1668],[76.3375,68.975,1.9004],[76.325,68.975,2.0807],[76.3208,68.9771,0.0],[76.2958,68.9771,0.4569],[76.2896,68.9729,1.1339],[76.2583,68.9729,0.1705],[76.2568,68.9745,0.297],[76.2729,68.975,0.7123],[76.2745,68.9766,1.9415],[76.2083,68.9771,0.0],[76.2042,68.975,4.186],[76.1771,68.975,0.0],[76.1729,68.9729,19.2904],[76.1583,68.9729,0.0],[76.1479,68.9688,29.9299],[76.1333,68.9688,0.0],[76.1208,68.9646,29.8436],[76.1021,68.9646,0.0],[76.0979,68.9625,7.3245],[76.0875,68.9625,0.0],[76.0771,68.9583,38.1988],[76.0625,68.9583,0.0],[76.0583,68.9563,0.0],[76.05,68.9563,0.0],[76.0313,68.95,7.3627],[76.0208,68.95,0.0],[76.0104,68.9458,1.1013],[76.0021,68.9458,0.6275],[75.9979,68.9437,1.8395],[75.9896,68.9437,1.0554],[75.9854,68.9417,2.4207],[75.9708,68.9417,0.0],[75.9609,68.9391,1.1449],[75.9563,68.9354,6.886],[75.9375,68.9354,1.7958],[75.9333,68.9375,0.0],[75.9208,68.9375,0.0],[75.9167,68.9354,1.1715],[75.8958,68.9354,0.0],[75.8917,68.9333,0.2689],[75.8833,68.9333,0.3971],[75.8785,68.9313,1.3276],[75.9812,68.8829,4.5434],[75.9793,68.8827,4.8196],[76.0559,68.8443,5.4371],[76.1314,68.8147,5.7895],[76.1871,68.7861,15.8088],[76.2138,68.7517,5.6434],[76.2816,68.7346,9.3517],[76.3643,68.7264,9.1722],[76.4183,68.7015,12.7035],[76.4378,68.6632,34.0677],[76.43,68.6125,32.3984],[76.4004,68.5782,30.0087],[76.352,68.5365,41.4949],[76.2622,68.5046,28.6797],[76.1808,68.4699,46.2589],[76.0763,68.4504,37.8446],[75.9809,68.443,32.9118],[75.8992,68.4559,25.3703],[75.8342,68.4888,25.6247],[75.7328,68.5313,63.4205],[75.665,68.5639,43.3259],[75.5893,68.5756,66.1891],[75.521,68.5748,68.6036],[75.5195,68.5324,64.5386],[75.51,68.485,34.4472],[75.5259,68.4206,56.5623],[75.5496,68.3612,54.0049],[75.5581,68.3272,48.7044],[75.5204,68.3022,52.9988],[75.4167,68.2263,48.504],[75.5266,68.1648,39.0762],[75.6304,68.1269,35.2127],[75.6807,68.0745,36.2357],[75.6941,68.0275,28.623],[75.7395,67.99,22.2324],[75.8672,67.9556,22.0186],[76.0241,67.941,17.38],[76.1868,67.9281,29.187],[76.2865,67.9237,32.8548],[76.3649,67.8724,20.9949],[76.4384,67.8205,29.5663],[76.4854,67.8037,26.6468],[76.5737,67.8026,10.7985],[76.6112,67.7903,23.772],[76.7163,67.7769,17.7264],[76.8747,67.7853,16.6428],[77.0571,67.8024,10.766],[77.0622,67.8085,13.1456],[77.0782,67.8164,9.8065],[77.0933,67.8195,0.0],[77.0943,67.8224,9.997],[77.1141,67.8276,0.6394],[77.1172,67.8307,1.7114],[77.1312,67.8354,0.0],[77.1453,67.8328,0.8786],[77.138,67.8297,0.0],[77.1412,67.8287,0.0],[77.1422,67.8255,0.0],[77.1495,67.8245,0.0],[77.1505,67.8214,0.0],[77.1625,67.8208,0.0]]],
[[[76.5458,69.1229,0.0],[76.5458,69.1208,0.0],[76.5495,69.1214,0.0],[76.5495,69.1224,0.0],[76.5458,69.1229,0.0]]],
[[[76.7521,71.1979,0.0],[76.7438,71.1979,0.0],[76.7422,71.1964,0.0],[76.7557,71.1964,0.0],[76.7521,71.1979,0.0]]],
[[[76.3641,71.5568,1.3107],[76.363,71.5547,0.0],[76.3688,71.5521,1.0825],[76.3745,71.5526,2.1249],[76.375,71.5542,1.8972],[76.3745,71.5557,0.8823],[76.3688,71.5583,1.9645],[76.3641,71.5568,1.3107]]],
[[[76.1375,71.2083,2.1448],[76.1333,71.2083,2.2268],[76.1318,71.2068,1.6679],[76.1375,71.2063,1.7923],[76.1375,71.2083,2.1448]]],
[[[76.1292,71.2104,1.8155],[76.1208,71.2104,1.8244],[76.1193,71.2089,2.0634],[76.1307,71.2089,1.9192],[76.1292,71.2104,1.8155]]],
[[[75.8938,71.2312,0.0],[75.8854,71.2312,0.0],[75.8839,71.2297,0.0],[75.8953,71.2297,0.0],[75.8938,71.2312,0.0]]],
[[[75.6958,71.2479,0.8451],[75.6974,71.2495,0.6716],[75.6896,71.25,0.8106],[75.6896,71.2479,-0.7058],[75.6958,71.2479,0.8451]]],
[[[75.6792,71.2604,0.0],[75.6807,71.262,0.0],[75.6755,71.262,0.0],[75.6755,71.2609,0.0],[75.6792,71.2604,0.0]]],
[[[75.9995,71.8901,1.1148],[75.9979,71.8917,1.2502],[75.9922,71.8912,0.0],[75.9938,71.8896,0.7285],[75.9995,71.8901,1.1148]]],
[[[76.0167,71.8979,1.4411],[76.0182,71.8995,1.2902],[76.013,71.8995,0.0],[76.013,71.8984,1.6482],[76.0167,71.8979,1.4411]]],
[[[75.7,72.2208,0.0],[75.7037,72.2214,0.0],[75.6984,72.2234,0.0],[75.7005,72.2266,0.0],[75.7078,72.2276,0.0],[75.712,72.2328,0.0],[75.6922,72.2328,0.0],[75.6953,72.2297,0.0],[75.688,72.2286,0.0],[75.6833,72.225,0.0],[75.6776,72.2245,0.0],[75.6755,72.2214,0.0],[75.6807,72.2193,0.0],[75.675,72.2188,0.0],[75.6734,72.2172,0.0],[75.6766,72.2161,0.0],[75.6755,72.213,0.0],[75.687,72.212,0.0],[75.6911,72.2099,0.0],[75.6922,72.2068,0.0],[75.6979,72.2042,0.0],[75.7146,72.2042,0.0],[75.7208,72.2083,0.0],[75.7328,72.2089,0.0],[75.7312,72.2104,0.0],[75.7214,72.2109,0.0],[75.7172,72.2141,0.0],[75.7312,72.2167,0.0],[75.7328,72.2182,0.0],[75.725,72.2188,0.0],[75.7146,72.2229,0.0],[75.7109,72.2224,0.0],[75.7141,72.2193,0.0],[75.7005,72.2182,0.0],[75.7037,72.2151,0.0],[75.6922,72.2151,0.0],[75.6943,72.2203,0.0],[75.7,72.2208,0.0]]],
[[[75.6787,73.4266,0.1059],[75.6729,73.4271,0.362],[75.6713,73.4255,0.3725],[75.6771,73.425,0.0],[75.6787,73.4266,0.1059]]],
[[[75.6167,73.4271,0.5313],[75.6229,73.425,0.0],[75.6266,73.4255,0.0],[75.6208,73.4292,0.1637],[75.6151,73.4287,0.1296],[75.6167,73.4271,0.5313]]],
[[[75.6036,73.4318,0.0],[75.6021,73.4333,0.0],[75.5964,73.4328,0.0],[75.5979,73.4313,0.0],[75.6036,73.4318,0.0]]],
[[[75.6109,73.4318,0.823],[75.6182,73.4318,0.1174],[75.613,73.4349,-0.0494],[75.6208,73.4354,0.0737],[75.6224,73.437,0.5611],[75.6088,73.437,-0.0458],[75.6068,73.4339,0.4822],[75.6109,73.4318,0.823]]],
[[[75.1297,69.1088,0.0],[75.1328,69.1088,0.0],[75.1328,69.1099,0.0],[75.1297,69.1099,0.0],[75.1297,69.1088,0.0]]],
[[[75.1229,69.1146,0.0],[75.1146,69.1146,0.0],[75.113,69.113,0.0],[75.1245,69.113,0.0],[75.1229,69.1146,0.0]]],
[[[75.2,69.1312,0.0],[75.1943,69.1307,0.0],[75.1922,69.1276,0.0],[75.2021,69.1271,0.0],[75.212,69.1297,0.0],[75.2141,69.1349,0.0],[75.2042,69.1354,0.0],[75.2,69.1312,0.0]]],
[[[73.8458,70.2271,0.0],[73.8474,70.2286,0.0],[73.8422,70.2286,0.0],[73.8422,70.2276,0.0],[73.8458,70.2271,0.0]]],
[[[72.9708,71.4,0.0],[72.9625,71.4,0.0],[72.9609,71.3984,0.0],[72.9745,71.3984,0.0],[72.9708,71.4,0.0]]],
[[[73.0708,71.45,0.0],[73.0729,71.4521,0.0],[73.0672,71.4516,0.0],[73.0672,71.4505,0.0],[73.0708,71.45,0.0]]],
[[[73.4599,71.6234,14.7553],[73.4583,71.625,0.0],[73.4526,71.6245,0.0],[73.4542,71.6229,0.0],[73.4599,71.6234,14.7553]]],
[[[75.3688,71.6854,1.5685],[75.3604,71.6854,1.6701],[75.3588,71.6839,1.7587],[75.375,71.6833,1.4882],[75.3786,71.687,0.0],[75.375,71.6875,0.0],[75.3688,71.6854,1.5685]]],
[[[75.3974,71.4766,0.6984],[75.3938,71.4771,-0.1498],[75.3922,71.4755,0.2716],[75.3958,71.475,0.9029],[75.3974,71.4766,0.6984]]],
[[[75.45,71.5583,1.9584],[75.45,71.5604,1.4811],[75.4443,71.5599,0.7085],[75.4458,71.5583,0.7387],[75.45,71.5583,1.9584]]],
[[[75.4187,71.5729,1.78],[75.4224,71.5745,0.0],[75.4172,71.5745,0.877],[75.4167,71.5729,1.78],[75.4187,71.5729,1.78]]],
[[[75.3812,72.7458,1.4668],[75.3828,72.7474,1.4226],[75.3776,72.7474,0.8741],[75.3776,72.7464,0.6378],[75.3812,72.7458,1.4668]]],
[[[75.2208,71.8562,0.0],[75.2208,71.8542,0.0],[75.2266,71.8547,0.0],[75.225,71.8562,0.0],[75.2208,71.8562,0.0]]],
[[[74.6417,72.8417,0.0],[74.6333,72.8417,0.0],[74.6318,72.8401,0.0],[74.6453,72.8401,0.0],[74.6417,72.8417,0.0]]],
[[[74.7307,72.8568,0.0],[74.7292,72.8583,0.0],[74.7193,72.8588,0.0],[74.7203,72.862,0.0],[74.7188,72.8625,0.0],[74.7083,72.8625,0.0],[74.7037,72.8588,0.0],[74.6964,72.8578,0.0],[74.7,72.8542,0.0],[74.6974,72.8505,0.0],[74.6896,72.85,0.0],[74.688,72.8484,0.0],[74.7146,72.8479,0.0],[74.7234,72.8557,0.0],[74.7307,72.8568,0.0]]],
[[[74.8479,72.8708,0.0],[74.8542,72.8708,0.0],[74.8557,72.8724,0.0],[74.8458,72.875,0.0],[74.8422,72.8724,0.0],[74.8438,72.8708,0.0],[74.8479,72.8708,0.0]]],
[[[74.7208,72.8771,0.0],[74.7125,72.8771,0.0],[74.7109,72.8755,0.0],[74.7245,72.8755,0.0],[74.7208,72.8771,0.0]]],
[[[74.7354,72.9167,0.0],[74.7312,72.9167,0.0],[74.7297,72.9151,0.0],[74.737,72.9151,0.0],[74.7354,72.9167,0.0]]],
[[[74.7625,72.925,0.0],[74.7542,72.925,0.0],[74.7526,72.9234,0.0],[74.7641,72.9234,0.0],[74.7625,72.925,0.0]]],
[[[74.6917,72.9313,0.0],[74.6932,72.9328,0.0],[74.688,72.9328,0.0],[74.688,72.9318,0.0],[74.6917,72.9313,0.0]]],
[[[74.7083,72.9333,0.0],[74.7099,72.9349,0.0],[74.7047,72.9349,0.0],[74.7047,72.9339,0.0],[74.7083,72.9333,0.0]]],
[[[74.7161,72.9432,0.0],[74.7109,72.9432,0.0],[74.7089,72.9401,0.0],[74.7141,72.9401,0.0],[74.7161,72.9432,0.0]]],
[[[74.6875,72.9437,0.0],[74.6818,72.9432,0.0],[74.6797,72.9401,0.0],[74.6932,72.9401,0.0],[74.6875,72.9437,0.0]]],
[[[74.6907,72.9454,0.0],[74.6958,72.9437,0.0],[74.7,72.9458,0.0],[74.7125,72.9479,0.0],[74.7141,72.9495,0.0],[74.7083,72.9521,0.0],[74.7042,72.9521,0.0],[74.7,72.9479,0.0],[74.6859,72.9474,0.0],[74.6907,72.9454,0.0]]],
[[[74.4917,73.1062,0.5199],[74.4792,73.1062,1.5862],[74.475,73.1083,0.0],[74.4646,73.1062,2.9002],[74.4604,73.1083,5.156],[74.3646,73.1083,0.0],[74.3604,73.1062,1.0827],[74.3464,73.1057,1.846],[74.3578,73.1016,1.1534],[74.3542,73.0979,1.522],[74.35,73.0979,1.1729],[74.3458,73.1,0.7045],[74.3375,73.1,3.9332],[74.3307,73.1036,1.7237],[74.325,73.1042,2.8909],[74.3208,73.1021,4.6706],[74.3021,73.1021,0.0],[74.2958,73.0979,5.7286],[74.2854,73.0979,4.8905],[74.2813,73.0958,5.1867],[74.275,73.0958,2.6501],[74.2688,73.0917,4.736],[74.2604,73.0917,4.716],[74.2562,73.0938,0.0],[74.2521,73.0938,0.0],[74.2474,73.0901,0.0],[74.2401,73.0891,0.0],[74.237,73.0859,4.4533],[74.2297,73.0849,0.0],[74.2266,73.0818,5.7838],[74.2193,73.0807,0.0],[74.2141,73.0755,5.9194],[74.2021,73.075,1.84],[74.1974,73.0714,5.092],[74.188,73.0703,0.0],[74.1849,73.0651,5.1976],[74.1776,73.0641,0.0],[74.1703,73.0568,4.3315],[74.163,73.0557,0.0],[74.1661,73.0537,2.3421],[74.1661,73.0505,4.8998],[74.1484,73.0474,0.0],[74.113,73.0036,0.3198],[74.1146,73.0021,0.2809],[74.1188,73.0021,0.9658],[74.1214,73.0057,0.3323],[74.1271,73.0062,2.3991],[74.1286,73.0057,4.2635],[74.1276,73.0026,0.4794],[74.1375,73.0021,2.4818],[74.1391,73.0005,0.3003],[74.1104,73.0,0.5312],[74.1088,72.9984,0.0],[74.1141,72.9974,1.1208],[74.1109,72.9922,0.0],[74.1224,72.9912,0.6337],[74.1214,72.9859,0.0],[74.1333,72.9812,0.6575],[74.1432,72.9807,0.8372],[74.1417,72.9792,1.0583],[74.1359,72.9786,0.0],[74.1375,72.9771,0.0],[74.1458,72.9771,1.0736],[74.1526,72.9734,0.3257],[74.1583,72.9729,0.9697],[74.1599,72.9745,0.4613],[74.1547,72.9766,0.8797],[74.1604,72.9771,0.3355],[74.1667,72.975,0.297],[74.1682,72.9766,0.5619],[74.1651,72.9776,0.5972],[74.1667,72.9792,0.8745],[74.1849,72.9786,1.1674],[74.1807,72.9734,1.0113],[74.1667,72.9708,0.8273],[74.1651,72.9693,0.9239],[74.1771,72.9646,0.8391],[74.1854,72.9646,0.561],[74.1932,72.962,6.7949],[74.1974,72.9599,5.3027],[74.1964,72.9568,0.0],[74.2286,72.9453,0.0],[74.2276,72.9422,0.0],[74.25,72.9396,4.9603],[74.2646,72.9333,0.0],[74.2745,72.9328,7.8725],[74.2937,72.925,0.0],[74.3021,72.925,1.098],[74.3037,72.9245,1.1156],[74.3026,72.9213,0.0],[74.3141,72.9203,0.0],[74.313,72.9172,0.0],[74.3146,72.9167,0.0],[74.3313,72.9167,1.3612],[74.3396,72.9125,0.0],[74.3479,72.9125,0.6008],[74.3521,72.9104,0.0],[74.3729,72.9083,0.6361],[74.3755,72.9047,0.0],[74.3854,72.9042,6.9664],[74.4,72.8979,0.0],[74.4224,72.8953,5.5878],[74.4213,72.8922,0.0],[74.4229,72.8917,0.0],[74.4437,72.8896,8.9018],[74.4521,72.8854,0.0],[74.4688,72.8854,1.2962],[74.4833,72.8792,0.0],[74.4917,72.8792,5.7793],[74.5,72.875,0.0],[74.5083,72.875,1.4087],[74.5188,72.8708,0.0],[74.5292,72.8708,0.7765],[74.5333,72.8729,1.9308],[74.5437,72.8729,0.3928],[74.5479,72.875,0.4007],[74.5521,72.875,0.3835],[74.5578,72.8714,0.8989],[74.5443,72.8703,0.6434],[74.5474,72.8682,0.5918],[74.5463,72.8651,0.0],[74.5563,72.8646,1.0419],[74.5859,72.8526,0.0],[74.5958,72.8521,2.538],[74.6167,72.8438,0.0],[74.6229,72.8458,0.0],[74.6396,72.8458,0.0],[74.6438,72.8438,0.0],[74.6479,72.8438,0.0],[74.6516,72.8464,0.0],[74.6526,72.8495,0.704],[74.6682,72.8505,0.0],[74.6724,72.8557,0.4915],[74.6672,72.8568,0.6029],[74.663,72.8599,1.6592],[74.6703,72.8609,0.0],[74.675,72.8667,0.6481],[74.6713,72.8703,1.0724],[74.6787,72.8714,0.6043],[74.6807,72.8734,0.8894],[74.6792,72.875,0.5822],[74.6708,72.875,0.6597],[74.6693,72.8766,0.6678],[74.675,72.8812,0.6141],[74.687,72.8818,0.5054],[74.6839,72.8839,2.3018],[74.6839,72.887,1.5521],[74.6917,72.8875,0.0],[74.6932,72.8891,0.0],[74.6818,72.8901,2.092],[74.6828,72.8932,0.0],[74.6609,72.9005,3.2532],[74.6641,72.9057,0.0],[74.6521,72.9104,0.0],[74.6422,72.9109,2.6838],[74.6432,72.9141,0.0],[74.638,72.9161,2.7534],[74.6453,72.9172,0.0],[74.6505,72.9224,0.0],[74.6563,72.9229,0.0],[74.6578,72.9245,0.0],[74.6484,72.9276,2.2201],[74.6495,72.9307,0.0],[74.638,72.9318,2.9225],[74.6432,72.9391,0.0],[74.6375,72.9396,0.0],[74.6312,72.9375,5.5086],[74.6297,72.9391,3.2605],[74.6318,72.9432,0.0],[74.6412,72.9443,0.0],[74.6422,72.9474,0.0],[74.6495,72.9547,0.0],[74.6443,72.9568,4.7887],[74.6453,72.9599,1.6834],[74.6422,72.962,3.3846],[74.6495,72.963,0.0],[74.6542,72.9667,0.0],[74.6682,72.9693,0.0],[74.6729,72.9729,0.0],[74.6787,72.9734,0.0],[74.6755,72.9755,0.0],[74.6755,72.9786,0.0],[74.6818,72.9849,2.0897],[74.6891,72.9859,0.0],[74.6911,72.988,0.0],[74.6875,72.9917,3.2723],[74.6911,72.9974,0.0],[74.6859,72.9995,3.8989],[74.6896,73.0021,0.0],[74.6974,73.0026,0.0],[74.6922,73.0057,2.0438],[74.7037,73.0203,0.0],[74.6937,73.0208,0.6454],[74.6859,73.0234,1.2766],[74.6911,73.0307,0.0],[74.6859,73.0318,1.677],[74.687,73.0349,0.0],[74.6839,73.0359,2.5125],[74.6839,73.0391,0.0],[74.688,73.0432,5.5873],[74.7021,73.0437,0.0],[74.7089,73.0495,0.0],[74.7161,73.0505,0.0],[74.7109,73.0526,5.6315],[74.7125,73.0542,2.1803],[74.7182,73.0547,0.0],[74.7151,73.0578,4.4993],[74.7182,73.062,0.0],[74.713,73.063,2.9837],[74.7151,73.0661,2.7436],[74.7224,73.0672,0.0],[74.7271,73.0708,0.0],[74.7417,73.0729,0.0],[74.7516,73.0766,0.7643],[74.7417,73.0771,7.1471],[74.7312,73.0813,0.0],[74.7229,73.0813,4.984],[74.7188,73.0833,0.0],[74.7042,73.0833,4.6565],[74.6937,73.0875,0.0],[74.6833,73.0854,4.4855],[74.6792,73.0875,3.876],[74.6708,73.0875,3.2839],[74.6667,73.0896,3.5805],[74.6521,73.0896,4.7518],[74.6417,73.0938,0.0],[74.6333,73.0938,4.8745],[74.6292,73.0958,0.0],[74.6146,73.0958,4.7546],[74.6104,73.0979,0.801],[74.6,73.0979,5.1556],[74.5958,73.0958,2.6314],[74.5917,73.0958,1.5789],[74.5833,73.1,0.7761],[74.5604,73.1,2.0005],[74.5563,73.1021,0.0],[74.5458,73.1021,0.8306],[74.5396,73.1,1.279],[74.5354,73.1042,0.0],[74.5208,73.1042,4.3062],[74.5146,73.1062,0.0],[74.5104,73.1042,3.4479],[74.5,73.1042,4.8959],[74.4958,73.1062,0.5706],[74.4917,73.1062,0.5199]]],
[[[75.3714,73.3849,0.7699],[75.375,73.3833,0.7053],[75.3786,73.387,0.5442],[75.3729,73.3896,0.8373],[75.3672,73.3891,0.0],[75.3724,73.387,0.921],[75.3714,73.3849,0.7699]]],
[[[75.3932,73.3953,0.7237],[75.3901,73.3964,0.4599],[75.3912,73.3995,0.2151],[75.3833,73.4021,0.5345],[75.3729,73.4021,0.0],[75.3714,73.4005,0.0],[75.3766,73.3984,0.5763],[75.3688,73.3979,0.0],[75.3588,73.3943,0.0],[75.3771,73.3938,0.5184],[75.3812,73.3958,0.3873],[75.3854,73.3958,0.1956],[75.387,73.3953,0.4555],[75.3859,73.3922,0.5185],[75.3896,73.3917,0.467],[75.3932,73.3953,0.7237]]],
[[[75.4625,73.3688,0.0],[75.4661,73.3693,0.0],[75.4682,73.3724,0.0],[75.4583,73.375,0.0],[75.4537,73.3714,0.0],[75.4443,73.3703,0.0],[75.4422,73.3672,0.0],[75.4542,73.3667,0.0],[75.4583,73.3688,0.0],[75.4625,73.3688,0.0]]],
[[[75.4812,73.3958,0.0],[75.4828,73.3974,0.0],[75.4776,73.3974,0.0],[75.4776,73.3964,0.0],[75.4812,73.3958,0.0]]],
[[[75.3953,73.4109,0.4462],[75.3938,73.4125,0.0795],[75.388,73.412,1.1104],[75.3896,73.4104,0.4407],[75.3953,73.4109,0.4462]]],
[[[75.4245,73.4276,0.5435],[75.4229,73.4292,-0.0145],[75.413,73.4297,0.5076],[75.4146,73.4313,0.9128],[75.4203,73.4318,0.3729],[75.4224,73.4349,0.6348],[75.4083,73.4333,1.2495],[75.3995,73.4255,0.7373],[75.3922,73.4245,0.535],[75.3839,73.4151,0.898],[75.4021,73.4125,0.1319],[75.412,73.4213,0.4417],[75.4068,73.4245,0.773],[75.4125,73.425,0.4055],[75.4187,73.4229,0.7199],[75.4245,73.4276,0.5435]]],
[[[75.937,73.4443,0.0],[75.9354,73.4458,0.0],[75.9297,73.4453,0.0],[75.9313,73.4437,0.0],[75.937,73.4443,0.0]]],
[[[76.0026,73.513,1.1162],[76.0042,73.5146,1.0987],[76.012,73.5151,0.9005],[76.0151,73.5182,1.0506],[76.0208,73.5188,0.8558],[76.0224,73.5203,0.941],[76.0042,73.5208,0.9172],[75.9896,73.5167,1.2593],[75.9833,73.5188,1.0663],[75.9729,73.5167,0.7982],[75.9688,73.5188,1.0783],[75.95,73.5188,1.1904],[75.9437,73.5167,0.8089],[75.9396,73.5188,0.7811],[75.9292,73.5188,0.903],[75.925,73.5167,1.414],[75.9125,73.5167,1.2527],[75.9063,73.5188,0.9478],[75.8917,73.5146,1.6173],[75.8854,73.5167,1.5826],[75.8771,73.5167,2.0475],[75.8667,73.5208,0.0],[75.8562,73.5208,0.0],[75.85,73.5188,1.1197],[75.8458,73.5208,1.3507],[75.8417,73.5208,1.35],[75.838,73.5182,1.713],[75.8536,73.512,0.5419],[75.8521,73.5104,1.0071],[75.8417,73.5104,0.8272],[75.8401,73.5109,0.7183],[75.8411,73.5141,1.2544],[75.8354,73.5146,1.1043],[75.8313,73.5125,1.6224],[75.8187,73.5125,1.9861],[75.8146,73.5104,2.1384],[75.7979,73.5104,1.7416],[75.7859,73.5151,0.8507],[75.7875,73.5188,1.0765],[75.7854,73.5208,1.164],[75.7792,73.5188,0.9831],[75.775,73.5188,0.712],[75.7708,73.5208,0.0],[75.7604,73.5208,0.0],[75.7562,73.5188,1.159],[75.7292,73.5188,0.0],[75.7167,73.5146,1.1076],[75.6875,73.5125,1.6195],[75.6833,73.5104,1.7585],[75.6604,73.5146,0.0],[75.6563,73.5125,0.8835],[75.6484,73.512,1.1943],[75.6536,73.5089,0.8606],[75.6396,73.5083,1.7277],[75.6359,73.5057,0.941],[75.6375,73.5042,0.7495],[75.6474,73.5036,0.2803],[75.6432,73.4984,1.2087],[75.6359,73.4974,0.3997],[75.6401,73.4943,0.7403],[75.6453,73.4932,0.9778],[75.6432,73.4901,0.8283],[75.6167,73.4917,0.3153],[75.6125,73.4896,0.4445],[75.6021,73.4896,0.9369],[75.5979,73.4917,0.8805],[75.5938,73.4917,0.9229],[75.587,73.4859,0.6207],[75.5813,73.4854,1.208],[75.5797,73.4838,1.0303],[75.5911,73.4828,-0.0051],[75.5901,73.4797,1.036],[75.6016,73.4786,0.6319],[75.6005,73.4755,0.7571],[75.6021,73.475,0.8681],[75.612,73.4745,0.0366],[75.6104,73.4729,0.3053],[75.5964,73.4724,0.3695],[75.5979,73.4708,0.2519],[75.6245,73.4703,1.0397],[75.6229,73.4688,0.7086],[75.6088,73.4682,0.4159],[75.5984,73.4578,0.4258],[75.6036,73.4547,0.3343],[75.5943,73.4537,0.5633],[75.5922,73.4505,0.0],[75.6104,73.4437,0.6741],[75.6203,73.4432,0.3953],[75.6193,73.4401,0.2491],[75.6271,73.4375,0.4141],[75.6333,73.4396,0.1403],[75.6391,73.4391,-0.1903],[75.6328,73.4318,0.0744],[75.6234,73.4307,0.2463],[75.625,73.4292,0.1083],[75.6375,73.4292,0.0818],[75.6417,73.4313,0.5028],[75.6521,73.4313,0.4599],[75.6563,73.4333,-0.0504],[75.6667,73.4313,0.5285],[75.6708,73.4333,0.2646],[75.675,73.4333,0.1994],[75.6766,73.4328,0.2448],[75.6755,73.4297,0.1186],[75.687,73.4287,0.1348],[75.6859,73.4255,0.3485],[75.6875,73.425,0.3549],[75.7042,73.425,1.508],[75.7083,73.4229,0.0],[75.7167,73.4229,0.0],[75.7208,73.4208,0.0],[75.7458,73.4208,0.0],[75.75,73.4229,0.0],[75.7625,73.4229,0.0],[75.7667,73.425,1.4893],[75.7729,73.4229,0.0],[75.7833,73.4229,0.0],[75.7917,73.4292,0.4147],[75.8021,73.4292,0.6616],[75.8063,73.4271,0.0],[75.8104,73.4271,0.0],[75.8167,73.4292,1.5394],[75.8208,73.4271,0.0],[75.825,73.4271,0.0],[75.8313,73.4313,1.9706],[75.8375,73.4292,0.0],[75.8562,73.4292,0.0],[75.8625,73.4313,2.6515],[75.8667,73.4292,0.0],[75.8708,73.4292,0.0],[75.8771,73.4313,2.961],[75.8812,73.4292,0.0],[75.8854,73.4292,0.0],[75.8896,73.4313,2.7425],[75.9036,73.4318,0.0],[75.9099,73.4391,3.0469],[75.9021,73.4417,2.326],[75.8917,73.4417,0.7256],[75.8875,73.4396,0.7785],[75.8755,73.4401,1.1852],[75.8786,73.4453,0.0],[75.8693,73.4484,0.5531],[75.8703,73.4516,1.0453],[75.8651,73.4526,1.1251],[75.8662,73.4557,1.7368],[75.8609,73.4568,1.8229],[75.862,73.4599,2.0751],[75.8588,73.4609,1.1728],[75.8599,73.4641,0.6576],[75.8484,73.4651,0.8672],[75.8583,73.4688,0.7297],[75.8662,73.4693,0.0],[75.8646,73.4708,0.0],[75.8562,73.4708,0.6617],[75.8547,73.4724,0.7187],[75.8703,73.4755,0.0],[75.875,73.4792,0.0],[75.8828,73.4797,0.0],[75.8812,73.4812,0.0],[75.8729,73.4812,0.9933],[75.8651,73.4838,1.3414],[75.8672,73.487,1.5803],[75.8766,73.488,1.6336],[75.8812,73.4917,1.6956],[75.8932,73.4912,0.555],[75.8917,73.4896,1.0142],[75.8839,73.4891,1.3618],[75.8854,73.4875,0.949],[75.8958,73.4875,0.6638],[75.9016,73.4922,0.8211],[75.8984,73.4943,1.1894],[75.9,73.4958,1.6061],[75.9063,73.4938,0.4791],[75.9313,73.4938,0.9954],[75.9328,73.4953,0.6168],[75.9297,73.4964,0.9804],[75.9287,73.4995,0.5555],[75.9255,73.5016,0.6115],[75.9391,73.5005,0.7312],[75.9411,73.5036,1.2238],[75.9359,73.5047,0.5553],[75.9375,73.5062,1.6345],[75.9479,73.5042,0.9419],[75.9521,73.5062,1.0757],[75.9646,73.5062,1.6115],[75.9792,73.5104,0.8134],[75.9917,73.5062,0.7207],[76.0182,73.5068,0.8862],[76.0026,73.513,1.1162]]],
[[[76.1083,73.4979,1.1621],[76.1146,73.4958,0.8246],[76.1182,73.4964,1.3931],[76.1125,73.5,1.3263],[76.1068,73.4995,1.0903],[76.1083,73.4979,1.1621]]],
[[[76.2063,73.5042,1.2262],[76.2125,73.5042,1.2854],[76.2172,73.5078,1.1492],[76.225,73.5083,1.2165],[76.2266,73.5099,0.6048],[76.1771,73.5104,0.9426],[76.1755,73.5089,1.3682],[76.2,73.5083,1.1062],[76.2016,73.5068,1.246],[76.1797,73.5057,0.8742],[76.1828,73.5026,1.2601],[76.1771,73.5021,1.0711],[76.1755,73.5005,0.8684],[76.1787,73.4995,1.6924],[76.1776,73.4964,1.4612],[76.1828,73.4943,1.7078],[76.1771,73.4938,1.2184],[76.1708,73.4958,0.5211],[76.1672,73.4922,1.1215],[76.1792,73.4875,1.0424],[76.1875,73.4875,1.0774],[76.1937,73.4854,0.9438],[76.1979,73.4875,1.1597],[76.2057,73.488,1.1521],[76.2104,73.4917,1.2106],[76.2208,73.4917,1.1602],[76.2271,73.4896,0.8902],[76.2312,73.4917,1.0991],[76.2391,73.4922,1.1509],[76.2375,73.4938,0.947],[76.2146,73.4938,1.0506],[76.2068,73.4974,1.1926],[76.2146,73.4979,1.0135],[76.2161,73.4995,1.1505],[76.2083,73.5021,0.9756],[76.1984,73.5026,1.1826],[76.2,73.5042,1.1787],[76.2063,73.5042,1.2262]]],
[[[76.3891,73.4797,1.0301],[76.3875,73.4812,1.1752],[76.3818,73.4807,0.9653],[76.3833,73.4792,1.0072],[76.3891,73.4797,1.0301]]],
[[[76.3896,73.4833,1.1879],[76.3912,73.4849,1.1279],[76.3859,73.4849,1.1768],[76.3859,73.4838,1.3074],[76.3896,73.4833,1.1879]]],
[[[76.3745,73.488,1.5122],[76.3729,73.4896,0.6863],[76.3672,73.4891,1.3843],[76.3688,73.4875,1.3082],[76.3745,73.488,1.5122]]],
[[[76.3583,73.4917,1.3029],[76.35,73.4917,1.2664],[76.3484,73.4901,1.3123],[76.362,73.4901,1.3361],[76.3583,73.4917,1.3029]]],
[[[76.3313,73.4896,0.9775],[76.3391,73.4901,1.1809],[76.3411,73.4932,1.043],[76.3354,73.4958,0.0],[76.3313,73.4958,0.0],[76.3271,73.4938,0.9975],[76.3208,73.4958,1.0575],[76.3151,73.4953,0.9648],[76.3255,73.4901,1.2042],[76.3313,73.4896,0.9775]]],
[[[76.2578,73.4964,1.069],[76.2562,73.4979,0.7945],[76.2505,73.4974,1.3816],[76.2521,73.4958,1.3105],[76.2578,73.4964,1.069]]],
[[[76.3042,73.4938,1.4715],[76.3078,73.4943,1.1399],[76.3099,73.4974,1.2321],[76.3,73.5,1.2512],[76.2963,73.4974,1.1117],[76.3005,73.4943,1.2941],[76.3042,73.4938,1.4715]]],
[[[76.2333,73.5,1.2709],[76.225,73.5,1.106],[76.2234,73.4984,1.3547],[76.237,73.4984,1.0471],[76.2333,73.5,1.2709]]],
[[[76.0083,73.4979,0.0],[76.0099,73.4995,1.0696],[76.0047,73.4995,0.9246],[76.0047,73.4984,0.6288],[76.0083,73.4979,0.0]]],
[[[75.9792,73.4979,0.7592],[75.9807,73.4995,0.8758],[75.9755,73.4995,0.9808],[75.9755,73.4984,0.9012],[75.9792,73.4979,0.7592]]],
[[[76.1604,73.5042,1.3716],[76.1547,73.5036,0.8947],[76.1526,73.5005,0.8608],[76.1583,73.5,0.8406],[76.1682,73.5026,1.602],[76.1667,73.5042,1.504],[76.1604,73.5042,1.3716]]],
[[[76.0078,73.5026,1.3976],[76.0062,73.5042,0.8688],[76.0005,73.5036,0.83],[76.0021,73.5021,1.1574],[76.0078,73.5026,1.3976]]],
[[[77.2438,72.3667,3.3381],[77.2422,72.3651,3.0868],[77.2495,72.3651,3.7516],[77.2479,72.3667,3.7744],[77.2438,72.3667,3.3381]]],
[[[77.2625,72.3688,3.7728],[77.2589,72.3672,3.7747],[77.2724,72.3672,2.958],[77.2708,72.3688,4.706],[77.2625,72.3688,3.7728]]],
[[[77.7396,72.5979,7.9053],[77.7297,72.5984,6.2965],[77.7307,72.6016,0.0],[77.7292,72.6021,0.0],[77.7208,72.6021,0.0],[77.7063,72.5979,7.8971],[77.7,72.6,4.3732],[77.6896,72.5979,6.7046],[77.6854,72.6,4.0732],[77.6646,72.6,5.7875],[77.6604,72.6021,0.0],[77.6542,72.6,5.4364],[77.6208,72.6,1.7296],[77.6083,72.5958,5.1453],[77.5938,72.5938,0.0],[77.5875,72.5896,4.9963],[77.5687,72.5896,0.0],[77.5641,72.5859,4.2332],[77.5542,72.5833,4.8399],[77.5229,72.5792,1.203],[77.5193,72.5766,4.2758],[77.5182,72.5734,4.8043],[77.5026,72.5724,0.0],[77.4932,72.563,1.9113],[77.4672,72.5578,0.0],[77.4641,72.5547,2.5629],[77.4568,72.5537,3.68],[77.4516,72.5484,3.2541],[77.4339,72.5453,0.0],[77.4307,72.5422,4.6416],[77.4234,72.5411,5.4578],[77.4187,72.5375,5.1871],[77.4,72.5375,4.3752],[77.3953,72.5339,4.7801],[77.3854,72.5313,4.4108],[77.3729,72.5313,0.721],[77.3682,72.5276,4.0321],[77.3609,72.5266,1.5395],[77.3557,72.5214,1.7403],[77.338,72.5182,0.0],[77.3328,72.5109,1.997],[77.3234,72.5099,1.0233],[77.3172,72.5036,1.4995],[77.3161,72.5005,1.8613],[77.3068,72.4995,0.9175],[77.3083,72.4979,1.8253],[77.3187,72.4979,1.7207],[77.3229,72.5,1.9461],[77.3333,72.5,3.031],[77.3432,72.4943,4.8394],[77.3333,72.4917,3.2063],[77.3229,72.4917,2.4699],[77.3125,72.4958,2.45],[77.3109,72.4943,2.2568],[77.3141,72.4922,2.7093],[77.312,72.4901,2.9877],[77.2984,72.4912,3.5917],[77.2963,72.488,3.1697],[77.3016,72.4859,1.6262],[77.2943,72.4849,2.085],[77.2922,72.4818,1.9823],[77.2953,72.4797,1.9487],[77.288,72.4786,2.0608],[77.2953,72.4745,1.6963],[77.2943,72.4714,1.8671],[77.2958,72.4708,2.3251],[77.3187,72.4708,3.1902],[77.3203,72.4693,2.8136],[77.3,72.4688,2.3937],[77.2958,72.4667,3.1349],[77.2896,72.4688,1.8713],[77.2839,72.4682,1.8656],[77.2807,72.4651,1.4565],[77.2734,72.4641,2.7231],[77.2682,72.4589,1.8261],[77.2609,72.4578,0.7012],[77.2667,72.4542,0.6945],[77.2766,72.4537,2.1392],[77.2807,72.4505,2.2294],[77.2771,72.45,1.6727],[77.2729,72.4521,1.6983],[77.2667,72.45,1.2228],[77.2625,72.45,1.4748],[77.2583,72.4521,0.938],[77.2484,72.4516,0.0],[77.2516,72.4484,1.5159],[77.2458,72.4479,0.0],[77.2443,72.4464,0.0],[77.2474,72.4453,1.5118],[77.2464,72.4422,2.0264],[77.2516,72.4401,1.8588],[77.2438,72.4396,1.2091],[77.237,72.4339,1.4826],[77.2214,72.4307,0.0],[77.2245,72.4276,1.1316],[77.2089,72.4245,0.0],[77.2057,72.4213,1.5509],[77.1984,72.4203,1.6513],[77.1937,72.4167,1.841],[77.1813,72.4167,1.7365],[77.1604,72.4104,2.4377],[77.1542,72.4104,1.6069],[77.1484,72.4057,1.321],[77.1563,72.4021,2.1462],[77.1646,72.4021,1.5],[77.1687,72.4042,2.6418],[77.1766,72.4047,1.5],[77.1672,72.4089,2.5342],[77.1708,72.4104,2.3822],[77.175,72.4083,2.4897],[77.1849,72.4078,1.9815],[77.1818,72.4026,1.5],[77.1922,72.3984,1.5705],[77.1958,72.3979,1.3083],[77.2021,72.4,1.7966],[77.2099,72.3974,2.8529],[77.2083,72.3958,3.0348],[77.1958,72.3938,3.0785],[77.1854,72.3979,2.7013],[77.1807,72.3943,3.0401],[77.1713,72.3932,1.8943],[77.1729,72.3917,1.6608],[77.1828,72.3912,2.933],[77.1813,72.3896,2.6436],[77.1755,72.3891,2.8314],[77.1734,72.387,1.5],[77.175,72.3854,1.5],[77.1917,72.3854,2.7146],[77.1958,72.3875,2.8996],[77.2063,72.3875,1.4814],[77.2104,72.3896,3.3277],[77.2182,72.3901,2.4953],[77.2214,72.3932,2.6146],[77.225,72.3938,2.7245],[77.2266,72.3932,2.9757],[77.2255,72.3901,2.9868],[77.2312,72.3875,1.7355],[77.2604,72.3875,2.9821],[77.2724,72.3828,4.8479],[77.2714,72.3797,4.8075],[77.2745,72.3776,5.0334],[77.2688,72.3771,1.6259],[77.2672,72.3755,1.3395],[77.2745,72.3724,4.7705],[77.2771,72.3688,3.3403],[77.2917,72.3729,4.0825],[77.3083,72.3729,3.1799],[77.3125,72.3708,3.39],[77.3224,72.3703,2.7944],[77.3208,72.3688,2.8119],[77.3068,72.3682,1.7388],[77.3,72.3625,3.1558],[77.2937,72.3646,3.0256],[77.2901,72.3641,3.2164],[77.2932,72.362,3.1661],[77.2922,72.3588,3.0714],[77.2953,72.3578,2.456],[77.2917,72.3542,3.3897],[77.2833,72.3562,2.9491],[77.2771,72.3542,3.3662],[77.2729,72.3562,3.2185],[77.2646,72.3562,3.7476],[77.2604,72.3583,3.6097],[77.25,72.3583,3.8729],[77.2438,72.3562,3.6027],[77.2396,72.3583,3.3218],[77.2292,72.3583,2.8001],[77.2276,72.3568,1.5],[77.2328,72.3547,2.7151],[77.2255,72.3536,2.7147],[77.2354,72.3479,2.5729],[77.2583,72.35,3.1459],[77.2625,72.3479,3.3663],[77.2724,72.3474,4.2728],[77.2682,72.3422,3.3919],[77.25,72.3417,3.1081],[77.2484,72.3422,3.144],[77.2495,72.3453,3.171],[77.2458,72.3458,3.3059],[77.2422,72.3432,3.2445],[77.2453,72.3401,3.1825],[77.2333,72.3396,1.0],[77.2292,72.3375,3.7951],[77.225,72.3375,2.632],[77.2188,72.3333,3.0077],[77.1937,72.3333,3.1816],[77.1896,72.3354,2.5918],[77.1818,72.3359,4.2762],[77.1828,72.3391,2.3386],[77.1813,72.3396,1.0],[77.1604,72.3396,1.7363],[77.1578,72.3432,3.1617],[77.15,72.3438,2.8128],[77.1354,72.35,2.2348],[77.1271,72.35,2.3839],[77.1255,72.3516,2.4305],[77.1396,72.3521,1.0],[77.1458,72.3562,2.4044],[77.175,72.3562,2.8345],[77.1792,72.3542,1.0],[77.1958,72.3542,2.3269],[77.1974,72.3557,2.8553],[77.1943,72.3578,2.2705],[77.1974,72.362,2.8425],[77.1958,72.3625,1.5],[77.1813,72.3625,1.5],[77.1708,72.3667,2.8035],[77.1672,72.3662,3.4211],[77.1604,72.3604,2.7133],[77.1521,72.3604,2.8198],[77.1479,72.3625,2.6086],[77.1167,72.3625,2.4092],[77.1104,72.3604,1.8946],[77.1062,72.3625,2.1606],[77.0964,72.363,2.3484],[77.1005,72.3682,2.1],[77.1104,72.3708,3.5749],[77.1208,72.3708,3.749],[77.125,72.3688,2.9193],[77.1432,72.3693,1.5],[77.1453,72.3724,1.5],[77.1401,72.3745,2.7725],[77.1438,72.3771,2.6196],[77.1516,72.3776,2.4048],[77.1521,72.3792,1.5],[77.15,72.3812,2.4888],[77.1438,72.3812,2.794],[77.1359,72.3839,2.8622],[77.138,72.387,2.4269],[77.1521,72.3875,1.5],[77.1563,72.3896,3.2098],[77.1604,72.3896,2.9499],[77.162,72.3912,2.9656],[77.1589,72.3932,3.054],[77.1745,72.3964,2.0256],[77.1703,72.3995,1.5],[77.1667,72.4,1.5],[77.1625,72.3979,3.0096],[77.1563,72.3979,1.5],[77.15,72.3958,2.6006],[77.1417,72.4,1.913],[77.1318,72.4005,2.1899],[77.1328,72.4036,1.0],[77.1271,72.4063,2.0037],[77.1229,72.4063,0.0],[77.0964,72.3995,1.7024],[77.0917,72.3958,2.6197],[77.0792,72.3958,3.7443],[77.0729,72.3917,2.164],[77.0646,72.3917,1.9065],[77.0604,72.3938,0.0],[77.0547,72.3932,0.0],[77.0526,72.3901,3.063],[77.0578,72.388,1.9329],[77.0401,72.3849,0.0],[77.0359,72.3807,2.1455],[77.0411,72.3786,1.7748],[77.0396,72.3771,1.0867],[77.0354,72.3771,1.1792],[77.025,72.3812,2.6157],[77.0203,72.3776,2.1815],[77.013,72.3766,2.391],[77.0083,72.3729,4.1818],[76.9859,72.3703,3.0294],[76.9917,72.3667,1.5],[77.0,72.3667,2.8098],[77.0042,72.3646,1.5],[77.0188,72.3646,3.567],[77.025,72.3625,3.5245],[77.0266,72.3641,2.2341],[77.0172,72.3682,2.4099],[77.0208,72.3708,2.2829],[77.0396,72.3729,2.2802],[77.0474,72.3693,2.0157],[77.0453,72.3672,1.6863],[77.0375,72.3667,1.7463],[77.0359,72.3651,1.9363],[77.0458,72.3646,2.1046],[77.0516,72.362,1.0],[77.05,72.3604,2.5488],[77.0443,72.3599,2.8799],[77.0537,72.3557,2.6095],[77.0479,72.35,2.0],[77.0313,72.35,2.3503],[77.0208,72.3542,2.6273],[77.0167,72.3521,2.4935],[77.0042,72.3521,2.0],[76.9979,72.35,3.0741],[76.9964,72.3516,2.6322],[76.9995,72.3557,3.4932],[76.9901,72.3588,3.8007],[76.9912,72.362,2.372],[76.9792,72.3667,2.5768],[76.9688,72.3667,0.0],[76.9641,72.363,3.1715],[76.9568,72.362,2.3032],[76.9516,72.3568,3.6247],[76.938,72.3557,2.9428],[76.9328,72.3505,1.2571],[76.9255,72.3495,1.6106],[76.9182,72.3422,3.3779],[76.9109,72.3411,2.8722],[76.9057,72.3359,2.6834],[76.8984,72.3349,0.0],[76.9026,72.3318,2.6443],[76.9078,72.3307,2.779],[76.9068,72.3276,1.9919],[76.9146,72.3271,2.8184],[76.9224,72.3234,2.8659],[76.9083,72.3208,2.1312],[76.9042,72.3229,2.8239],[76.8958,72.3229,1.9863],[76.8896,72.325,2.7141],[76.8797,72.3224,0.0],[76.8812,72.3208,0.668],[76.8896,72.3208,1.519],[76.8912,72.3193,1.2448],[76.8818,72.3182,1.2727],[76.8797,72.313,2.161],[76.8854,72.3104,2.054],[76.8938,72.3104,1.3056],[76.8995,72.3068,2.0393],[76.8958,72.3042,2.9622],[76.8875,72.3042,2.8587],[76.875,72.3083,1.9802],[76.8734,72.3068,1.9985],[76.8828,72.3026,1.6064],[76.8693,72.3037,1.397],[76.8672,72.3005,0.0],[76.8703,72.2984,0.0],[76.863,72.2974,0.9362],[76.8609,72.2943,0.0],[76.8729,72.2937,0.0],[76.8771,72.2958,0.749],[76.8875,72.2958,0.0],[76.9057,72.2911,1.4421],[76.9047,72.288,1.0036],[76.9104,72.2854,0.0],[76.9328,72.2849,1.418],[76.9313,72.2833,1.3688],[76.9255,72.2828,1.1791],[76.9271,72.2813,0.7345],[76.9437,72.2813,1.5394],[76.95,72.2833,0.9255],[76.9516,72.2818,1.7246],[76.9484,72.2776,1.384],[76.9583,72.2771,1.1797],[76.9625,72.275,0.887],[76.9917,72.275,0.0],[76.9958,72.2771,3.6757],[77.0,72.2771,3.6647],[77.0042,72.275,0.0],[77.0271,72.275,0.0],[77.0286,72.2766,0.6329],[77.0234,72.2786,1.4349],[77.0292,72.2792,0.0],[77.0354,72.2771,0.0],[77.0417,72.2813,1.0803],[77.0479,72.2792,0.0],[77.0583,72.2792,0.0],[77.0625,72.2813,1.5519],[77.0708,72.2813,1.0263],[77.075,72.2792,0.0],[77.0833,72.2792,0.4191],[77.0875,72.2771,1.3667],[77.1083,72.275,0.0],[77.1146,72.2792,2.1038],[77.1271,72.2792,0.0],[77.1312,72.2813,0.0],[77.1479,72.2813,0.0],[77.1521,72.2833,3.7732],[77.1958,72.2833,0.923],[77.2,72.2813,0.0],[77.2042,72.2813,0.0],[77.2141,72.2839,0.0],[77.2188,72.2875,0.0],[77.225,72.2854,1.1339],[77.2354,72.2854,0.0],[77.2417,72.2896,2.6367],[77.2521,72.2896,0.7202],[77.2562,72.2917,1.2854],[77.2604,72.2917,0.5],[77.2646,72.2896,1.1701],[77.2729,72.2896,1.8794],[77.2792,72.2917,1.799],[77.2896,72.2875,0.0],[77.3042,72.2875,1.3568],[77.3083,72.2854,0.0],[77.312,72.2859,0.0],[77.3141,72.288,1.7028],[77.3104,72.2917,1.7562],[77.312,72.2953,2.55],[77.2943,72.2963,2.1549],[77.2953,72.2995,1.8347],[77.2922,72.3005,2.0485],[77.2932,72.3037,2.5803],[77.2917,72.3042,2.9694],[77.2797,72.3037,2.0026],[77.275,72.2979,1.5666],[77.2526,72.3026,2.0874],[77.2542,72.3042,2.0584],[77.2599,72.3047,1.6253],[77.2568,72.3068,2.2234],[77.2578,72.3099,2.9914],[77.2547,72.3109,2.8929],[77.2557,72.3141,2.9374],[77.2479,72.3167,2.1421],[77.2417,72.3146,2.3971],[77.238,72.3151,2.5905],[77.2391,72.3182,0.9491],[77.2338,72.3193,2.0121],[77.2349,72.3224,1.8311],[77.2333,72.3229,1.6722],[77.2104,72.3229,2.247],[77.2042,72.3208,2.0537],[77.2,72.3229,2.477],[77.1958,72.3229,1.9992],[77.1943,72.3214,2.0966],[77.1995,72.3203,1.6267],[77.2037,72.3172,2.4727],[77.1854,72.3167,1.934],[77.1792,72.3187,3.222],[77.1729,72.3167,1.5],[77.1687,72.3187,2.4563],[77.1646,72.3187,2.2736],[77.1521,72.3146,2.0],[77.1484,72.3161,2.0],[77.1536,72.3214,1.8632],[77.1521,72.3229,2.1317],[77.1396,72.3208,1.9762],[77.1354,72.3187,3.0854],[77.1292,72.3208,1.9455],[77.1,72.3208,3.367],[77.0943,72.3245,2.1539],[77.1,72.325,0.0],[77.1016,72.3266,0.5],[77.0922,72.3276,1.8585],[77.0922,72.3307,1.9934],[77.0953,72.3349,2.0144],[77.0859,72.3359,2.0525],[77.088,72.3391,1.4956],[77.0938,72.3396,0.5],[77.0953,72.3411,0.5],[77.0833,72.3458,1.7129],[77.075,72.3438,3.1897],[77.0724,72.3474,2.006],[77.0646,72.3479,2.7592],[77.0568,72.3505,2.2635],[77.0625,72.3562,0.5],[77.0667,72.3562,0.5],[77.0708,72.3583,1.7967],[77.0813,72.3583,2.0859],[77.0854,72.3562,0.5],[77.0953,72.3557,0.5],[77.1125,72.3479,0.5],[77.1208,72.35,2.7501],[77.1234,72.3464,1.5034],[77.1276,72.3443,0.5],[77.1391,72.3432,5.6191],[77.1359,72.338,0.5],[77.1453,72.337,2.0216],[77.1443,72.3339,0.5],[77.1495,72.3328,0.5],[77.1484,72.3297,0.5],[77.1542,72.3271,2.3203],[77.1646,72.3271,0.5],[77.1687,72.3292,3.1793],[77.2125,72.3292,2.7316],[77.2193,72.3255,1.9085],[77.225,72.325,1.617],[77.2266,72.3266,1.0],[77.2214,72.3276,2.6862],[77.2172,72.3307,2.9403],[77.2375,72.3313,1.0],[77.2417,72.3333,2.8049],[77.2583,72.3333,1.0],[77.2625,72.3354,2.4445],[77.2792,72.3354,1.8431],[77.2807,72.3349,1.6393],[77.2797,72.3318,2.7803],[77.2917,72.3313,1.0],[77.3042,72.3354,3.3825],[77.3354,72.3354,1.0],[77.3396,72.3333,1.0],[77.3604,72.3333,3.4857],[77.3646,72.3313,1.4329],[77.3729,72.3313,3.0153],[77.3828,72.3266,1.0],[77.3818,72.3234,1.0],[77.3912,72.3203,2.8387],[77.3849,72.313,3.3242],[77.3714,72.312,2.3503],[77.3729,72.3104,2.3583],[77.3807,72.3099,2.7997],[77.3786,72.3068,2.7517],[77.375,72.3063,2.8695],[77.3688,72.3083,2.5617],[77.3646,72.3063,2.3838],[77.3521,72.3063,1.4281],[77.3313,72.3,1.7054],[77.3271,72.3,1.8996],[77.3234,72.2974,2.0372],[77.325,72.2958,1.5115],[77.3313,72.2958,1.6271],[77.3354,72.2937,1.0892],[77.3453,72.2932,1.7214],[77.3438,72.2917,0.5319],[77.338,72.2911,1.6988],[77.3411,72.2891,2.1088],[77.3401,72.2859,0.8165],[77.35,72.2854,1.6146],[77.3542,72.2833,1.5127],[77.3771,72.2833,0.0],[77.3812,72.2854,0.0],[77.3917,72.2854,0.0],[77.3958,72.2875,2.1291],[77.4292,72.2875,0.0],[77.4333,72.2896,1.7204],[77.4771,72.2896,1.5836],[77.4812,72.2875,0.0],[77.5167,72.2875,2.1244],[77.5208,72.2854,0.0],[77.5333,72.2854,0.8043],[77.5375,72.2833,0.0],[77.5417,72.2833,0.0],[77.5458,72.2854,2.8273],[77.6188,72.2854,0.9152],[77.6224,72.2891,1.9903],[77.6172,72.2901,2.0906],[77.6188,72.2917,0.9088],[77.6604,72.2937,0.0],[77.6646,72.2958,1.2592],[77.6833,72.2958,0.0],[77.6875,72.2979,3.4395],[77.6937,72.2958,0.0],[77.7146,72.2958,2.8757],[77.7188,72.2937,0.0],[77.7417,72.2937,1.3022],[77.7562,72.2896,0.0],[77.7708,72.2896,1.9556],[77.775,72.2875,0.0],[77.8125,72.2875,0.0],[77.8141,72.2891,1.8308],[77.8089,72.2911,7.4069],[77.8182,72.2922,0.0],[77.813,72.2943,0.0],[77.8161,72.2995,0.0],[77.813,72.3016,5.3725],[77.8193,72.3078,0.0],[77.8266,72.3089,0.0],[77.8307,72.313,3.2246],[77.8214,72.3182,3.4294],[77.8333,72.3187,2.9999],[77.8349,72.3182,2.9999],[77.8339,72.3151,2.9491],[77.8458,72.3146,0.0],[77.8474,72.3161,3.4828],[77.8422,72.3182,2.25],[77.85,72.3187,2.3358],[77.8547,72.3224,2.7344],[77.8703,72.3255,0.0],[77.8609,72.3307,2.6305],[77.8766,72.3318,0.0],[77.8734,72.3349,3.7712],[77.8807,72.3359,0.0],[77.8776,72.3391,2.1314],[77.8828,72.3443,0.0],[77.8776,72.3474,1.3],[77.8812,72.35,1.8111],[77.8891,72.3505,0.0],[77.8901,72.3536,0.0],[77.8979,72.3542,0.0],[77.9021,72.3562,1.2053],[77.9083,72.3542,0.0],[77.9187,72.3542,4.9738],[77.9287,72.3578,2.982],[77.9187,72.3583,2.49],[77.9172,72.3599,1.4515],[77.925,72.3604,1.4661],[77.9375,72.3646,1.9214],[77.9542,72.3646,1.9006],[77.9604,72.3625,2.1103],[77.9672,72.3682,0.0],[77.9745,72.3693,0.0],[77.9818,72.3766,1.7424],[77.9912,72.3776,0.0],[77.9943,72.3807,0.0],[78.0016,72.3818,0.0],[78.0062,72.3854,1.3567],[78.025,72.3854,0.0],[78.0458,72.3917,2.6492],[78.0979,72.3917,2.7227],[78.1042,72.3896,0.0],[78.1083,72.3917,2.6914],[78.1208,72.3917,0.0],[78.1266,72.3974,3.4713],[78.1172,72.4005,2.8551],[78.1208,72.4042,2.418],[78.1375,72.4042,3.035],[78.1438,72.4021,3.5424],[78.1484,72.4057,1.8325],[78.1557,72.4068,0.0],[78.1604,72.4104,3.1784],[78.1729,72.4104,0.0],[78.1854,72.4146,2.0869],[78.1917,72.4146,0.0],[78.2099,72.4193,0.0],[78.2141,72.4234,0.0],[78.2109,72.4266,2.9158],[78.2214,72.437,3.7203],[78.2286,72.438,0.0],[78.2375,72.4458,2.2948],[78.2646,72.4458,0.0],[78.2662,72.4474,4.4634],[78.2609,72.4495,4.5986],[78.2646,72.4521,4.2059],[78.2703,72.4516,4.2633],[78.2693,72.4484,3.9959],[78.2708,72.4479,3.7368],[78.2937,72.4479,0.0],[78.3037,72.4505,0.0],[78.3089,72.4557,2.9848],[78.3161,72.4568,1.9607],[78.3208,72.4604,3.1687],[78.3313,72.4583,0.0],[78.3354,72.4604,0.0],[78.3479,72.4604,0.9609],[78.3516,72.463,2.4544],[78.35,72.4646,2.35],[78.3458,72.4646,2.0347],[78.3396,72.4625,2.6797],[78.338,72.4641,2.3643],[78.3401,72.4661,2.0442],[78.3474,72.4672,2.4125],[78.3516,72.4724,2.0073],[78.3297,72.4755,3.1536],[78.3391,72.4786,2.7516],[78.3292,72.4792,2.9057],[78.325,72.4812,3.2178],[78.3214,72.4807,3.6666],[78.3245,72.4776,4.0787],[78.3104,72.475,4.2227],[78.3047,72.4786,3.9395],[78.3089,72.4828,3.3342],[78.3146,72.4833,3.1299],[78.3161,72.4849,3.4248],[78.3104,72.4875,3.8708],[78.3021,72.4875,5.6063],[78.3005,72.4891,5.2506],[78.3083,72.4896,3.4431],[78.3125,72.4917,3.3715],[78.3208,72.4917,3.3538],[78.3328,72.487,3.1308],[78.3318,72.4838,2.1455],[78.3375,72.4812,1.9026],[78.3417,72.4812,1.9486],[78.3458,72.4833,1.9054],[78.3662,72.4838,0.0],[78.3646,72.4854,0.0],[78.35,72.4854,0.0],[78.3422,72.488,1.5976],[78.3432,72.4912,0.0],[78.3339,72.4922,1.518],[78.337,72.4974,1.8916],[78.3276,72.5005,1.6352],[78.3287,72.5036,1.9097],[78.3255,72.5047,1.3843],[78.3266,72.5078,0.0],[78.3151,72.5089,1.2481],[78.3161,72.512,1.6877],[78.312,72.5141,1.023],[78.3,72.5188,2.4973],[78.2922,72.5193,3.8296],[78.2932,72.5224,2.596],[78.287,72.5245,3.1859],[78.2776,72.5255,3.3784],[78.2786,72.5286,2.7525],[78.2682,72.5328,1.2795],[78.2568,72.5339,3.4213],[78.2578,72.537,0.0],[78.2562,72.5375,0.0],[78.2526,72.537,3.9314],[78.2505,72.5349,4.2206],[78.2536,72.5328,3.7697],[78.2521,72.5313,3.6602],[78.2458,72.5333,4.2759],[78.2354,72.5333,3.958],[78.2338,72.5318,3.9412],[78.2391,72.5297,3.2823],[78.2255,72.5297,3.8132],[78.2266,72.5328,3.939],[78.2234,72.5349,4.1765],[78.2438,72.5354,4.4322],[78.2474,72.5391,2.0703],[78.2292,72.5437,2.0629],[78.2125,72.5437,3.367],[78.2078,72.5401,4.1422],[78.2021,72.5396,3.9226],[78.2005,72.5411,3.8869],[78.2047,72.5453,3.493],[78.2141,72.5463,3.1669],[78.2161,72.5495,0.0],[78.1979,72.5542,0.6482],[78.1896,72.5542,3.4028],[78.1813,72.5583,0.0],[78.1667,72.5583,2.4005],[78.1625,72.5604,1.8261],[78.1542,72.5604,2.0222],[78.15,72.5625,0.0],[78.1312,72.5646,1.2218],[78.1271,72.5667,0.0],[78.1042,72.5667,2.3505],[78.0896,72.5708,0.0],[78.075,72.5708,1.7986],[78.0708,72.5729,0.0],[78.0625,72.5729,0.0],[78.0583,72.575,0.0],[78.0479,72.5729,3.2186],[78.0437,72.575,0.0],[78.0292,72.575,2.6496],[78.025,72.5771,0.0],[78.0167,72.5771,0.0],[78.0125,72.575,3.4563],[78.0083,72.575,3.6831],[77.9979,72.5792,0.0],[77.9938,72.5771,1.7175],[77.9812,72.5771,3.1167],[77.975,72.575,3.1813],[77.9734,72.5755,3.4055],[77.9745,72.5787,3.7534],[77.9667,72.5813,0.0],[77.9458,72.5813,3.128],[77.9417,72.5833,1.2409],[77.938,72.5828,3.6467],[77.9333,72.5792,3.4677],[77.9146,72.5792,5.1377],[77.913,72.5807,4.3368],[77.9271,72.5813,3.4075],[77.9287,72.5828,4.1964],[77.9125,72.5833,4.9425],[77.9083,72.5854,3.6335],[77.8792,72.5854,2.8057],[77.8708,72.5896,0.0],[77.8604,72.5875,4.9152],[77.8521,72.5917,0.0],[77.8313,72.5917,4.1268],[77.8271,72.5938,0.0],[77.8104,72.5938,3.3837],[77.7958,72.5896,5.3765],[77.7875,72.5896,5.2739],[77.7859,72.5911,5.3468],[77.7917,72.5917,5.3931],[77.7932,72.5932,5.7002],[77.7875,72.5958,3.807],[77.7396,72.5979,7.9053]]],
[[[77.1729,72.3792,3.2763],[77.1708,72.3771,3.2304],[77.1729,72.375,1.5],[77.1849,72.3776,3.4022],[77.1833,72.3792,3.5971],[77.1729,72.3792,3.2763]]],
[[[77.1813,72.3833,3.1169],[77.1771,72.3833,1.5],[77.1755,72.3818,1.5],[77.1828,72.3818,3.3871],[77.1813,72.3833,3.1169]]],
[[[77.1417,72.4104,0.0],[77.138,72.4068,1.6908],[77.1417,72.4063,1.8032],[77.1453,72.4089,0.0],[77.1417,72.4104,0.0]]],
[[[76.2516,71.9516,1.6903],[76.2479,71.9521,2.2618],[76.2464,71.9505,1.5587],[76.25,71.95,1.6639],[76.2516,71.9516,1.6903]]],
[[[76.8411,72.3109,0.0],[76.8396,72.3125,0.0],[76.8359,72.312,0.0],[76.8375,72.3104,0.0],[76.8411,72.3109,0.0]]],
[[[76.2229,73.1937,2.8607],[76.2104,73.1937,2.4448],[76.2021,73.1979,0.0],[76.1917,73.1979,1.0111],[76.1875,73.1958,2.5579],[76.1312,73.1958,0.0],[76.1214,73.1932,1.4089],[76.1245,73.1901,0.9942],[76.1104,73.1896,0.0],[76.1088,73.188,0.0],[76.1141,73.187,0.8734],[76.1109,73.1818,0.0],[76.1141,73.1807,0.0],[76.1151,73.1776,0.0],[76.1391,73.1682,0.6179],[76.138,73.1651,0.0],[76.1479,73.1646,1.0132],[76.1557,73.162,0.7601],[76.1547,73.1589,0.0],[76.1661,73.1578,1.6947],[76.1651,73.1547,0.7061],[76.1708,73.1521,0.0],[76.1917,73.15,1.7627],[76.2021,73.1458,0.0],[76.2167,73.1458,0.4886],[76.2182,73.1453,0.7206],[76.2172,73.1422,0.0],[76.2188,73.1417,0.0],[76.2354,73.1417,1.5661],[76.2396,73.1396,1.0155],[76.2479,73.1396,1.0282],[76.2521,73.1375,0.0],[76.2708,73.1354,0.0],[76.275,73.1333,0.0],[76.2854,73.1354,1.5068],[76.2958,73.1312,0.0],[76.3104,73.1312,1.5974],[76.3146,73.1292,0.0],[76.3229,73.1292,1.8768],[76.3271,73.1271,0.0],[76.3375,73.1292,2.1758],[76.3417,73.1271,1.5255],[76.3562,73.1271,1.878],[76.3604,73.125,0.0],[76.3792,73.125,0.0],[76.3854,73.1271,1.9313],[76.3896,73.125,0.0],[76.4187,73.125,1.9982],[76.4229,73.1229,0.0],[76.4542,73.1229,0.7227],[76.4583,73.1208,0.0],[76.4688,73.1208,0.0],[76.475,73.125,1.9687],[76.4896,73.1208,0.0],[76.4938,73.1229,0.0],[76.5625,73.1229,0.0],[76.5667,73.125,1.2351],[76.5771,73.125,1.9552],[76.5813,73.1229,0.0],[76.5896,73.1229,0.0],[76.5938,73.1208,0.0],[76.6042,73.1208,0.0],[76.6078,73.1235,1.8477],[76.6047,73.1266,2.6372],[76.6146,73.1271,2.7617],[76.6162,73.1266,2.784],[76.6151,73.1234,2.1265],[76.6167,73.1229,1.9588],[76.6333,73.1229,1.2266],[76.6396,73.1208,0.0],[76.6438,73.1229,0.849],[76.6542,73.1229,0.6282],[76.6583,73.1208,0.0],[76.6625,73.1208,0.0],[76.6667,73.1229,0.0],[76.6771,73.1229,0.0],[76.6813,73.125,1.3338],[76.6917,73.125,1.2336],[76.6958,73.1229,0.0],[76.7,73.1229,0.0],[76.7037,73.1255,0.0],[76.6943,73.1297,1.5586],[76.7016,73.1328,0.0],[76.6901,73.1339,6.8047],[76.6911,73.137,5.659],[76.688,73.1391,7.611],[76.6937,73.1396,0.0],[76.6953,73.1412,0.0],[76.6854,73.1417,5.7534],[76.6797,73.1443,4.816],[76.6807,73.1474,0.0],[76.6713,73.1505,3.5149],[76.6724,73.1536,0.0],[76.6625,73.1542,4.0286],[76.6391,73.1641,1.2869],[76.6292,73.1646,1.7538],[76.6208,73.1687,0.0],[76.5979,73.1687,1.4866],[76.5938,73.1708,0.0],[76.5354,73.1708,4.1302],[76.5313,73.1729,0.0],[76.5208,73.1729,3.9005],[76.5167,73.1708,4.7552],[76.5125,73.1708,4.8906],[76.5083,73.1729,4.2362],[76.5,73.1729,5.521],[76.4958,73.175,0.0],[76.4875,73.175,4.5421],[76.4833,73.1771,0.0],[76.4729,73.1771,0.0],[76.4667,73.175,5.3736],[76.4625,73.1771,2.4856],[76.4542,73.1771,5.4441],[76.45,73.1792,0.0],[76.4208,73.1792,4.6092],[76.4167,73.1813,0.0],[76.4125,73.1813,3.19],[76.4063,73.1792,5.1327],[76.4047,73.1797,4.8928],[76.4057,73.1828,0.0],[76.4042,73.1833,0.0],[76.3875,73.1833,4.6638],[76.3833,73.1854,0.0],[76.3729,73.1833,2.9924],[76.3688,73.1854,4.6511],[76.3208,73.1875,3.072],[76.3167,73.1896,0.0],[76.3,73.1896,1.2211],[76.2958,73.1917,0.0],[76.2854,73.1917,0.0],[76.2792,73.1896,3.6292],[76.275,73.1917,1.9861],[76.2521,73.1917,3.4104],[76.2479,73.1937,1.5301],[76.2375,73.1917,2.9926],[76.2333,73.1937,1.8368],[76.2229,73.1937,2.8607]]],
[[[76.6182,73.1713,0.0],[76.6167,73.1729,0.0],[76.613,73.1724,0.0],[76.6146,73.1708,0.0],[76.6182,73.1713,0.0]]],
[[[76.4766,73.4734,1.3855],[76.475,73.475,0.0],[76.4667,73.475,1.2142],[76.4625,73.4771,0.0],[76.4589,73.4766,1.5311],[76.4568,73.4745,1.2684],[76.4625,73.4708,0.8175],[76.4729,73.4708,1.286],[76.4766,73.4734,1.3855]]],
[[[76.4422,73.4734,1.1079],[76.4474,73.4734,1.1493],[76.4495,73.4766,1.4177],[76.4437,73.4792,1.4518],[76.438,73.4786,1.2733],[76.4432,73.4766,1.3467],[76.4422,73.4734,1.1079]]],
[[[76.425,73.4771,1.2134],[76.4292,73.4771,1.1634],[76.4307,73.4786,1.1833],[76.4229,73.4812,1.2813],[76.4193,73.4807,1.3294],[76.4193,73.4797,1.2429],[76.425,73.4771,1.2134]]],
[[[76.4036,73.4807,1.1011],[76.3979,73.4812,1.0423],[76.3964,73.4797,1.0867],[76.4021,73.4792,1.1184],[76.4036,73.4807,1.1011]]],
[[[75.4313,73.4375,0.0723],[75.4271,73.4375,0.6337],[75.4255,73.4359,0.1226],[75.4328,73.4359,0.0006],[75.4313,73.4375,0.0723]]],
[[[75.4608,73.4457,0.628],[75.4521,73.4458,-0.0058],[75.4479,73.4479,0.2203],[75.4359,73.4474,1.0878],[75.4391,73.4453,0.8189],[75.438,73.4422,0.0621],[75.4458,73.4396,0.3438],[75.4599,73.4422,0.0],[75.462,73.4443,0.0],[75.4608,73.4457,0.628]]],
[[[75.4521,73.4521,0.303],[75.4479,73.4521,1.1525],[75.4464,73.4505,0.498],[75.4583,73.45,0.4112],[75.463,73.4537,0.3781],[75.4688,73.4542,0.4199],[75.4703,73.4557,-0.0996],[75.4583,73.4563,1.0703],[75.4521,73.4521,0.303]]],
[[[75.4792,73.4646,0.9062],[75.475,73.4646,0.7422],[75.4734,73.463,0.7193],[75.487,73.463,1.1376],[75.4854,73.4646,0.9575],[75.4792,73.4646,0.9062]]],
[[[75.4849,73.4703,0.6559],[75.4792,73.4708,0.0],[75.4776,73.4693,0.0],[75.4833,73.4688,1.0934],[75.4849,73.4703,0.6559]]],
[[[75.5036,73.4745,1.1413],[75.4979,73.475,0.3501],[75.4964,73.4734,0.9113],[75.5021,73.4729,0.4516],[75.5036,73.4745,1.1413]]],
[[[75.5266,73.4755,1.3742],[75.5224,73.4786,0.6355],[75.5172,73.4797,0.9484],[75.5245,73.4828,0.7524],[75.5188,73.4854,0.0],[75.5146,73.4854,0.0],[75.5099,73.4818,0.0],[75.5026,73.4807,0.0],[75.5005,73.4786,0.0],[75.5099,73.4745,0.8326],[75.5078,73.4714,0.4032],[75.4938,73.4708,0.5535],[75.4901,73.4672,1.0079],[75.5021,73.4667,0.7016],[75.5062,73.4688,0.5048],[75.5188,73.4688,0.4702],[75.5203,73.4703,0.8174],[75.5172,73.4724,0.9132],[75.5193,73.4745,1.3691],[75.5266,73.4755,1.3742]]],
[[[75.5641,73.4922,0.9349],[75.5625,73.4938,0.4958],[75.5589,73.4932,1.0718],[75.5604,73.4917,0.5965],[75.5641,73.4922,0.9349]]],
[[[75.6312,73.4958,0.1826],[75.6271,73.4958,0.5797],[75.6255,73.4943,0.7913],[75.6328,73.4943,0.4656],[75.6312,73.4958,0.1826]]],
[[[75.6057,73.5057,0.5326],[75.6,73.5062,0.0],[75.5984,73.5047,0.3282],[75.6042,73.5042,1.054],[75.6057,73.5057,0.5326]]],
[[[75.6208,73.5062,2.4818],[75.6146,73.5062,1.404],[75.613,73.5047,2.5113],[75.625,73.5042,1.0073],[75.6286,73.5078,1.9578],[75.625,73.5083,1.0971],[75.6208,73.5062,2.4818]]],
[[[76.3146,73.5,0.0],[76.313,73.4984,0.9983],[76.3182,73.4984,0.0],[76.3182,73.4995,0.0],[76.3146,73.5,0.0]]],
[[[76.2828,73.5016,1.144],[76.2792,73.5021,1.2569],[76.2776,73.5005,1.1201],[76.2813,73.5,0.6476],[76.2828,73.5016,1.144]]],
[[[76.25,73.5,1.2184],[76.2536,73.5005,1.1013],[76.2557,73.5036,1.06],[76.25,73.5062,1.3494],[76.2443,73.5057,0.8827],[76.2495,73.5036,1.0639],[76.2484,73.5005,1.4778],[76.25,73.5,1.2184]]],
[[[76.1396,73.5083,0.7696],[76.1359,73.5078,1.1654],[76.1339,73.5047,1.2376],[76.1458,73.5042,1.3036],[76.1495,73.5068,1.2168],[76.1479,73.5083,0.8973],[76.1396,73.5083,0.7696]]],
[[[76.1026,73.5099,0.7307],[76.0984,73.5047,0.7705],[76.1021,73.5042,0.8923],[76.1062,73.5062,0.8388],[76.1271,73.5062,0.7611],[76.1328,73.512,0.6001],[76.1062,73.5125,0.3182],[76.1026,73.5099,0.7307]]],
[[[76.1536,73.5109,1.0628],[76.1521,73.5125,1.2125],[76.1484,73.512,1.678],[76.15,73.5104,1.4171],[76.1536,73.5109,1.0628]]],
[[[76.1703,73.513,0.8087],[76.1687,73.5146,1.1135],[76.1651,73.5141,0.8309],[76.1667,73.5125,1.0748],[76.1703,73.513,0.8087]]],
[[[76.1354,73.5167,0.8638],[76.1312,73.5167,1.0575],[76.1297,73.5151,0.6603],[76.137,73.5151,1.1811],[76.1354,73.5167,0.8638]]],
[[[75.6891,73.5162,0.9699],[75.6833,73.5167,0.0],[75.6818,73.5151,0.9939],[75.6875,73.5146,1.0453],[75.6891,73.5162,0.9699]]],
[[[75.8224,73.5172,1.9032],[75.8104,73.5167,1.5444],[75.8089,73.5182,1.0401],[75.8167,73.5188,1.6061],[75.8182,73.5203,1.331],[75.8063,73.5208,0.8795],[75.8005,73.5151,1.7107],[75.8271,73.5146,2.1959],[75.8307,73.5182,1.8359],[75.825,73.5188,2.0705],[75.8224,73.5172,1.9032]]]]}}