{"type":"Feature","properties":{"GID_3":"RUS.60.31.1_1","GID_0":"RUS","country":"Russia","GID_1":"RUS.60_1","province":"Sakha","NL_NAME_1":"РеспубликаСаха","GID_2":"RUS.60.31_1","county":"Ust'-Yanskiyrayon","NL_NAME_2":"Усть-Янскийрайон","city":"NA","VARNAME_3":"NA","NL_NAME_3":"NA","TYPE_3":"NA","ENGTYPE_3":"NA","CC_3":"NA","HASC_3":"NA","name":"N_A.city"},
"geometry":{"type": "MultiPolygon","coordinates": [[[[142.6349,69.3153,374.9121],[142.5047,69.3747,268.3846],[142.5446,69.4092,271.4322],[142.5019,69.4593,320.6535],[142.3511,69.48,288.2435],[142.3018,69.5283,338.8818],[142.3966,69.5633,412.278],[142.3128,69.5568,447.2794],[142.1378,69.5532,361.5169],[142.0102,69.5776,289.9505],[141.9915,69.6167,472.1433],[142.0918,69.6583,497.932],[142.1194,69.6948,368.468],[142.0866,69.7442,352.4834],[142.1204,69.7636,358.8708],[142.2608,69.7941,583.3497],[142.2454,69.8347,797.151],[142.1717,69.8565,521.7902],[142.0521,69.8563,402.9799],[141.9514,69.8724,408.7408],[141.8387,69.8736,452.9823],[141.609,69.8238,464.428],[141.414,69.8262,445.6675],[141.3876,69.8547,356.1118],[141.3342,69.9052,532.7059],[141.2023,69.957,379.9549],[141.0926,69.9657,390.3696],[140.9562,69.928,397.9961],[140.819,69.9453,500.7719],[140.8141,69.9937,223.3038],[140.8396,70.0854,174.1056],[140.8626,70.1877,82.1991],[140.945,70.264,122.9666],[141.2242,70.3646,44.2855],[141.5404,70.5251,101.5938],[141.7398,70.6172,55.3117],[141.8037,70.6965,21.8557],[141.8239,70.7676,18.94],[141.9073,70.8287,18.7237],[142.0657,70.896,14.5015],[142.3075,70.9613,35.8584],[142.495,71.0315,25.6428],[142.6124,71.1132,11.2032],[142.6317,71.192,16.3571],[142.564,71.2701,11.5884],[142.5327,71.3809,28.6064],[142.565,71.4781,15.4694],[142.6351,71.5909,11.6946],[142.8011,71.6521,7.4769],[142.9828,71.6983,6.2594],[143.0596,71.7526,6.5354],[143.0972,71.8232,17.8291],[143.1241,71.9281,43.8627],[143.2082,72.0004,8.888],[143.4086,72.0691,21.8082],[143.611,72.1089,2.4354],[143.82,72.1726,2.931],[144.1009,72.2444,2.2124],[144.2579,72.2339,0.8683],[144.2599,72.237,1.4842],[144.2568,72.2391,2.688],[144.262,72.2422,0.9706],[144.2563,72.2458,0.0],[144.2375,72.2479,2.4199],[144.2229,72.2521,0.0],[144.2021,72.2521,1.6811],[144.2005,72.2536,0.8361],[144.2036,72.2547,0.0],[144.2021,72.2562,0.0],[144.1917,72.2542,1.5788],[144.1875,72.2562,1.4317],[144.1812,72.2562,1.8447],[144.1797,72.2578,1.7128],[144.1828,72.262,0.0],[144.1797,72.263,0.0],[144.1812,72.2646,0.0],[144.1854,72.2646,0.0],[144.1964,72.2589,0.0],[144.2042,72.2583,0.0],[144.2083,72.2562,0.0],[144.2188,72.2562,0.0],[144.225,72.2583,2.1452],[144.2292,72.2562,0.0],[144.2417,72.2562,1.7256],[144.2458,72.2542,0.0],[144.2625,72.2542,0.0],[144.2661,72.2568,0.0],[144.2651,72.2599,2.2805],[144.2672,72.262,0.0],[144.2745,72.263,0.0],[144.2713,72.2662,1.8415],[144.2828,72.2734,0.0],[144.288,72.2786,0.0],[144.2958,72.2792,0.0],[144.3,72.2813,0.9985],[144.3167,72.2813,0.0],[144.3208,72.2792,0.0],[144.3333,72.2792,0.0],[144.3375,72.2771,0.0],[144.3687,72.275,2.2861],[144.3703,72.2745,2.3116],[144.3693,72.2714,0.0],[144.3958,72.2583,0.0],[144.4167,72.2583,1.6005],[144.4208,72.2562,0.0],[144.4287,72.2557,2.3686],[144.4411,72.2495,2.0699],[144.4401,72.2422,0.0],[144.4432,72.2401,2.2773],[144.4396,72.2375,1.7634],[144.4318,72.237,0.0],[144.4349,72.2349,0.0],[144.4339,72.2318,0.0],[144.4396,72.2292,0.0],[144.4479,72.2312,0.7872],[144.4521,72.2292,0.0],[144.4667,72.2292,0.9938],[144.4708,72.2271,0.9904],[144.4875,72.2271,0.0],[144.4917,72.2292,1.5422],[144.5042,72.2292,0.0],[144.5276,72.2474,2.187],[144.537,72.2484,0.0],[144.5391,72.2516,0.0],[144.5359,72.2536,2.4283],[144.563,72.2745,2.0108],[144.5786,72.2797,0.0],[144.5755,72.2828,2.6879],[144.5813,72.2833,0.0],[144.587,72.2859,0.0],[144.5891,72.288,0.0],[144.5859,72.2901,2.8009],[144.588,72.2932,2.0931],[144.5974,72.2943,0.0],[144.612,72.3047,0.0],[144.6141,72.3078,0.0],[144.6109,72.3099,2.0141],[144.6203,72.3109,0.0],[144.6297,72.3182,0.0],[144.637,72.3193,0.0],[144.6339,72.3224,0.0],[144.6432,72.3234,0.0],[144.663,72.3391,1.4585],[144.6687,72.3417,0.0],[144.6745,72.3422,0.0],[144.6766,72.3443,0.0],[144.6755,72.3474,1.1623],[144.6797,72.3516,1.765],[144.6891,72.3526,0.0],[144.7047,72.3641,1.963],[144.7203,72.3651,0.0],[144.7318,72.3745,1.4772],[144.7412,72.3755,0.0],[144.738,72.3786,1.7261],[144.7437,72.3792,0.0],[144.7505,72.3828,0.0],[144.7563,72.3833,0.0],[144.762,72.3859,0.0],[144.7661,72.3912,0.0],[144.7568,72.3922,0.2096],[144.7589,72.3953,1.7725],[144.7729,72.3958,0.0],[144.7937,72.4042,1.7995],[144.8229,72.4063,0.0],[144.8354,72.4104,4.3024],[144.8646,72.4125,0.0],[144.8792,72.4167,0.0],[144.8854,72.4167,0.0],[144.8896,72.4187,0.0],[144.9021,72.4187,0.0],[144.9083,72.4229,8.68],[144.9208,72.4229,0.0],[144.9354,72.4271,5.2159],[144.9479,72.4271,0.0],[144.9542,72.4313,8.7791],[144.9833,72.4313,6.8941],[144.9875,72.4292,0.0],[145.0083,72.4292,5.6472],[145.0125,72.4271,0.0],[145.0271,72.4271,8.8719],[145.0313,72.425,0.0],[145.0479,72.4229,0.0],[145.0521,72.4208,0.0],[145.0667,72.4208,6.6886],[145.0682,72.4203,9.2889],[145.0672,72.4172,0.0],[145.0714,72.4151,0.0],[145.0807,72.4141,8.9674],[145.0932,72.4078,7.6579],[145.0901,72.4047,0.0],[145.1016,72.3995,7.5473],[145.1005,72.3964,0.0],[145.1062,72.3938,0.0],[145.1125,72.3958,6.7994],[145.125,72.3958,0.0],[145.1292,72.3979,0.0],[145.1438,72.4,0.0],[145.1526,72.4057,11.9301],[145.162,72.4068,0.0],[145.1672,72.412,6.3465],[145.175,72.4125,0.0],[145.1958,72.4208,0.0],[145.2104,72.4229,0.0],[145.2167,72.4271,2.1249],[145.2229,72.4271,0.0],[145.2271,72.4292,0.9407],[145.2437,72.4292,0.3849],[145.2453,72.4287,1.3803],[145.2443,72.4255,0.0],[145.2521,72.425,0.0],[145.2604,72.4208,0.0],[145.2682,72.4203,1.996],[145.263,72.4151,0.0],[145.2703,72.412,1.5594],[145.2693,72.4089,0.0],[145.2734,72.4068,1.8389],[145.3021,72.4063,2.2533],[145.313,72.4005,0.0],[145.3208,72.4,0.0],[145.3266,72.3974,0.0],[145.3234,72.3943,0.0],[145.3276,72.3922,0.0],[145.3391,72.3912,2.151],[145.3359,72.388,0.0],[145.3474,72.3828,2.6018],[145.3464,72.3797,1.708],[145.3557,72.3745,2.5239],[145.3526,72.3693,0.0],[145.3578,72.3662,0.0],[145.3568,72.363,0.0],[145.3662,72.362,2.1602],[145.3786,72.3557,2.7746],[145.3734,72.3505,0.0],[145.3891,72.3432,1.4196],[145.388,72.3401,0.7598],[145.3938,72.3375,0.0],[145.3974,72.338,0.0],[145.3995,72.3401,0.0],[145.3963,72.3432,1.3222],[145.4057,72.3443,0.0],[145.4104,72.3479,0.0],[145.4167,72.3479,0.0],[145.4208,72.35,2.5208],[145.4396,72.35,0.0],[145.4479,72.3542,2.6258],[145.4604,72.3542,0.0],[145.4646,72.3562,2.6677],[145.475,72.3521,0.0],[145.4917,72.3521,0.0],[145.4958,72.3542,0.0],[145.5208,72.3542,0.0],[145.525,72.3562,2.184],[145.5292,72.3562,2.2569],[145.5333,72.3542,0.0],[145.5458,72.3542,1.3928],[145.5604,72.35,0.0],[145.575,72.35,0.0],[145.5792,72.3479,0.0],[145.6,72.3479,1.1509],[145.6042,72.3458,0.0],[145.6313,72.3458,2.6313],[145.6438,72.3396,0.0],[145.6708,72.3396,0.8894],[145.675,72.3375,0.0],[145.6812,72.3396,0.9983],[145.6938,72.3396,0.3809],[145.7083,72.3438,1.9992],[145.7729,72.3438,2.733],[145.7771,72.3417,0.0],[145.8458,72.3417,1.3648],[145.85,72.3396,0.0],[145.8583,72.3396,0.0],[145.8646,72.3417,2.7391],[145.8687,72.3396,0.0],[145.8958,72.3396,0.0],[145.9,72.3375,0.0],[145.9042,72.3375,0.0],[145.9083,72.3396,2.2888],[145.9146,72.3375,0.0],[145.925,72.3375,0.0],[145.9292,72.3396,1.8254],[145.9688,72.3396,0.0],[145.9729,72.3417,1.6201],[146.0667,72.3417,0.0],[146.0708,72.3438,2.5035],[146.0813,72.3417,0.0],[146.0854,72.3438,2.1711],[146.1083,72.3438,0.0],[146.1146,72.3417,0.0],[146.1187,72.3438,0.0],[146.1833,72.3438,2.4929],[146.1875,72.3417,0.0],[146.1917,72.3417,0.0],[146.1979,72.3438,2.3047],[146.2021,72.3417,0.0],[146.2292,72.3417,1.1248],[146.2333,72.3396,0.0],[146.2667,72.3396,1.7744],[146.2708,72.3375,0.0],[146.3979,72.3375,0.0],[146.4021,72.3396,1.598],[146.4417,72.3396,0.0],[146.4458,72.3417,1.2955],[146.4875,72.3417,0.0],[146.4917,72.3438,1.6889],[146.4979,72.3417,0.0],[146.5063,72.3417,0.0],[146.5104,72.3438,1.3886],[146.5625,72.3438,1.1611],[146.5688,72.3417,0.0],[146.5729,72.3438,1.3085],[146.5896,72.3438,2.3761],[146.5958,72.3417,0.0],[146.6,72.3438,2.1565],[146.6042,72.3438,2.2521],[146.6083,72.3417,0.0],[146.6625,72.3417,1.9833],[146.6667,72.3396,0.0],[146.6875,72.3396,2.2851],[146.6917,72.3375,0.0],[146.725,72.3375,1.7848],[146.7292,72.3354,0.0],[146.7771,72.3354,1.575],[146.7813,72.3333,0.0],[146.7896,72.3354,1.1182],[146.7937,72.3333,0.0],[146.8042,72.3333,0.0],[146.8083,72.3354,0.9832],[146.8542,72.3354,0.0],[146.8599,72.338,0.9638],[146.862,72.3411,0.9293],[146.8583,72.3438,0.9181],[146.8542,72.3438,0.9791],[146.8526,72.3422,1.1577],[146.8557,72.3411,1.244],[146.8542,72.3396,1.114],[146.8479,72.3417,1.1479],[146.8313,72.3417,1.1585],[146.825,72.3396,1.2162],[146.8208,72.3417,1.3258],[146.8167,72.3417,1.5948],[146.8104,72.3396,1.6985],[146.8089,72.3401,1.6985],[146.8099,72.3432,1.5043],[146.8021,72.3438,1.5062],[146.7917,72.3479,1.7236],[146.788,72.3443,1.6626],[146.7958,72.3438,1.4782],[146.8016,72.3401,1.1647],[146.7896,72.3396,1.4743],[146.7771,72.3458,1.5826],[146.7688,72.3438,1.6068],[146.7646,72.3458,1.5311],[146.7375,72.3458,2.0293],[146.7333,72.3479,2.1239],[146.7255,72.3484,2.3367],[146.7188,72.3521,1.5678],[146.7151,72.3516,1.6282],[146.7109,72.3484,2.0441],[146.7188,72.3479,2.0344],[146.7271,72.3438,1.6103],[146.7396,72.3438,2.2074],[146.7412,72.3422,2.0939],[146.7312,72.3396,2.0522],[146.7255,72.3401,1.7289],[146.7208,72.3438,1.7649],[146.7167,72.3438,1.9599],[146.7125,72.3417,2.0117],[146.7042,72.3417,1.9314],[146.6984,72.3453,2.2414],[146.7036,72.3484,2.0689],[146.7057,72.3516,1.746],[146.6979,72.3521,1.9664],[146.6896,72.3562,1.702],[146.6687,72.3562,2.1611],[146.6646,72.3583,1.5247],[146.6521,72.3583,1.9208],[146.6438,72.3625,1.5957],[146.6229,72.3625,1.8156],[146.6182,72.3662,1.4313],[146.6083,72.3667,1.4194],[146.6068,72.3682,1.4425],[146.625,72.3688,1.5217],[146.6396,72.3646,1.462],[146.6604,72.3646,1.4159],[146.6646,72.3625,1.387],[146.6792,72.3625,1.6159],[146.6875,72.3583,1.5578],[146.7146,72.3583,1.7711],[146.7188,72.3562,1.4407],[146.7312,72.3562,1.662],[146.7354,72.3542,1.4733],[146.7458,72.3583,1.3431],[146.7542,72.3583,1.2528],[146.7583,72.3562,1.401],[146.7688,72.3562,1.3167],[146.7703,72.3578,1.1225],[146.7625,72.3583,1.1693],[146.7583,72.3604,1.0241],[146.7437,72.3604,1.1153],[146.7396,72.3625,1.0811],[146.7312,72.3625,1.0635],[146.7271,72.3604,1.546],[146.7229,72.3604,1.2246],[146.7188,72.3625,1.1847],[146.7063,72.3625,1.2672],[146.7047,72.363,1.3886],[146.7057,72.3662,1.2863],[146.7042,72.3667,0.917],[146.6979,72.3646,1.2148],[146.6896,72.3646,1.2834],[146.6812,72.3688,1.0297],[146.65,72.3708,1.2391],[146.6432,72.3745,1.0477],[146.6354,72.375,1.0916],[146.6313,72.3771,1.1803],[146.5958,72.3771,1.3143],[146.5943,72.3786,1.2488],[146.5974,72.3807,1.086],[146.5917,72.3833,1.1197],[146.5838,72.3839,1.1061],[146.5771,72.3875,1.1259],[146.5693,72.3849,1.2185],[146.5542,72.375,1.5704],[146.5458,72.375,1.3968],[146.5417,72.3771,1.4332],[146.5271,72.3771,1.436],[146.5229,72.3792,1.3923],[146.5104,72.3792,2.0083],[146.5089,72.3797,1.9271],[146.5099,72.3828,1.3551],[146.5083,72.3833,1.6408],[146.5,72.3812,1.7105],[146.4932,72.3849,1.4781],[146.4854,72.3854,1.6683],[146.4839,72.387,1.5384],[146.5021,72.3875,1.3448],[146.5063,72.3854,1.5544],[146.5188,72.3854,1.3864],[146.5229,72.3833,1.4304],[146.5396,72.3812,1.414],[146.5437,72.3792,1.3357],[146.5542,72.3792,1.4472],[146.5557,72.3807,1.3112],[146.5526,72.3828,1.3836],[146.562,72.3839,1.3641],[146.5641,72.387,1.3064],[146.5562,72.3917,1.1623],[146.5417,72.3917,1.0619],[146.5375,72.3938,1.1222],[146.5167,72.3938,1.1557],[146.5125,72.3958,0.9566],[146.5063,72.3958,1.0558],[146.5047,72.3974,1.0082],[146.5078,72.3984,1.0606],[146.5063,72.4,1.0603],[146.5021,72.4,1.0103],[146.4979,72.3979,0.9751],[146.4854,72.3979,0.9397],[146.4812,72.3958,1.0586],[146.4729,72.3958,0.9086],[146.4688,72.3979,1.0149],[146.4625,72.3979,0.9641],[146.4542,72.4021,0.8313],[146.425,72.4063,0.8912],[146.4167,72.4104,0.8611],[146.4042,72.4104,0.9275],[146.3958,72.4146,0.8307],[146.3854,72.4146,0.9138],[146.3792,72.4125,1.1095],[146.375,72.4146,0.776],[146.3625,72.4146,0.9216],[146.3583,72.4167,0.9129],[146.3542,72.4167,0.8037],[146.3479,72.4146,1.2975],[146.3464,72.4151,1.2777],[146.3474,72.4182,0.9567],[146.338,72.4193,0.9219],[146.3474,72.4224,0.996],[146.3396,72.4229,0.8984],[146.3313,72.4271,1.1225],[146.325,72.4271,0.6835],[146.3208,72.4292,0.92],[146.3,72.4292,0.9603],[146.2937,72.4313,0.9645],[146.2896,72.4292,0.7341],[146.2583,72.4292,0.8748],[146.2542,72.4313,0.7069],[146.2417,72.4313,0.8656],[146.2375,72.4333,0.6536],[146.2188,72.4354,0.9009],[146.2104,72.4396,0.5857],[146.1792,72.4417,0.9673],[146.1708,72.4458,0.6518],[146.1583,72.4458,0.8672],[146.1516,72.4495,0.8832],[146.1438,72.45,0.9471],[146.1396,72.4521,0.9287],[146.1083,72.4542,0.9353],[146.1068,72.4547,0.9689],[146.1078,72.4578,0.7852],[146.1062,72.4583,0.6997],[146.0938,72.4583,0.7854],[146.0896,72.4604,0.7357],[146.0854,72.4604,0.6736],[146.0792,72.4583,0.7546],[146.0776,72.4589,0.8522],[146.0786,72.462,0.7279],[146.0771,72.4625,0.6953],[146.0646,72.4625,0.6652],[146.0562,72.4667,0.756],[146.0417,72.4667,0.7404],[146.0375,72.4688,0.7291],[146.0313,72.4688,0.7262],[146.0297,72.4703,0.8209],[146.0328,72.4714,0.7973],[146.0313,72.4729,1.0396],[145.9896,72.4729,0.8983],[145.9854,72.475,0.708],[145.9625,72.475,0.7226],[145.9583,72.4729,1.217],[145.9542,72.4729,1.263],[145.9526,72.4745,0.9916],[145.9557,72.4766,0.7343],[145.95,72.4771,0.6312],[145.9438,72.475,0.9218],[145.9208,72.4875,0.7082],[145.8854,72.4875,0.6179],[145.8813,72.4896,0.5092],[145.8604,72.4896,0.589],[145.8458,72.4938,0.5465],[145.8354,72.4917,0.851],[145.8313,72.4938,0.5524],[145.8188,72.4938,0.8208],[145.8062,72.5,0.693],[145.7958,72.5,0.5489],[145.7896,72.4979,1.044],[145.7813,72.5021,0.4199],[145.7479,72.5021,0.7331],[145.7437,72.5042,0.8022],[145.7354,72.5042,0.7537],[145.7271,72.5083,0.5567],[145.7188,72.5083,0.614],[145.7146,72.5062,0.8874],[145.7104,72.5062,1.0318],[145.7063,72.5083,0.7156],[145.6938,72.5083,0.7675],[145.6896,72.5104,0.6151],[145.6729,72.5104,0.6973],[145.6687,72.5083,0.9991],[145.6417,72.5083,0.8706],[145.6354,72.5062,1.1699],[145.6339,72.5068,0.6091],[145.6349,72.5099,1.0104],[145.6318,72.5109,1.3641],[145.6349,72.5141,0.9839],[145.6292,72.5167,0.8595],[145.6146,72.5167,1.112],[145.6021,72.5229,0.5583],[145.575,72.5229,1.0879],[145.5682,72.5266,0.563],[145.5604,72.5271,0.4936],[145.5562,72.5292,0.8402],[145.55,72.5271,0.578],[145.5396,72.5271,0.6044],[145.5354,72.5292,0.6403],[145.525,72.5271,1.0575],[145.5208,72.5292,0.6244],[145.4917,72.5292,1.1985],[145.4875,72.5271,0.9975],[145.4833,72.5271,1.3426],[145.4776,72.5297,1.0182],[145.4807,72.5328,0.8348],[145.4729,72.5333,0.7678],[145.4688,72.5354,0.6703],[145.4604,72.5354,0.9097],[145.4563,72.5375,0.7554],[145.4354,72.5375,0.8709],[145.4312,72.5396,0.5766],[145.4042,72.5396,0.9159],[145.4,72.5417,0.6969],[145.3875,72.5417,1.0902],[145.3833,72.5437,0.8311],[145.375,72.5437,1.1718],[145.3708,72.5458,0.7762],[145.35,72.5458,1.0588],[145.3458,72.5479,0.7923],[145.3396,72.5479,0.6654],[145.325,72.5521,0.7125],[145.3146,72.5521,1.0491],[145.3083,72.55,0.9967],[145.3042,72.5521,0.3972],[145.2771,72.5521,1.0839],[145.2729,72.5542,0.8413],[145.2646,72.5542,0.9864],[145.2604,72.5563,0.7768],[145.2568,72.5557,0.8842],[145.2474,72.5484,1.366],[145.2396,72.5458,1.5869],[145.2297,72.5516,1.7385],[145.2453,72.5526,1.8032],[145.2396,72.5563,0.4891],[145.2125,72.5563,1.2417],[145.2083,72.5583,0.527],[145.1771,72.5604,1.6886],[145.1729,72.5625,0.4284],[145.1521,72.5625,1.1512],[145.1479,72.5646,0.0],[145.1375,72.5625,1.4545],[145.1333,72.5646,0.0],[145.1187,72.5646,0.0],[145.1146,72.5667,0.0],[145.0813,72.5667,1.8874],[145.0771,72.5687,0.0],[145.0625,72.5687,1.6143],[145.0583,72.5708,0.0],[145.025,72.5708,0.0],[145.0208,72.5729,0.0],[145.0104,72.5729,0.0],[145.0042,72.5708,1.978],[144.9958,72.575,0.0],[144.9667,72.575,2.6488],[144.9625,72.5771,0.0],[144.9417,72.5771,0.0],[144.9375,72.5792,0.0],[144.9167,72.5792,4.353],[144.9125,72.5813,0.0],[144.9,72.5813,0.0],[144.8958,72.5833,0.0],[144.875,72.5833,11.7579],[144.8708,72.5854,0.0],[144.8562,72.5854,14.1088],[144.8521,72.5875,0.0],[144.8313,72.5875,6.7724],[144.8229,72.5917,0.0],[144.8125,72.5896,0.0],[144.8083,72.5917,0.0],[144.7958,72.5917,0.0],[144.7917,72.5938,0.0],[144.7708,72.5938,0.0],[144.7667,72.5958,0.0],[144.7583,72.5958,0.0],[144.7542,72.5979,0.0],[144.7208,72.5979,9.9199],[144.7167,72.6,0.0],[144.675,72.6,1.4375],[144.6708,72.6021,0.0],[144.6563,72.6021,14.983],[144.6547,72.6026,6.9694],[144.6557,72.6057,0.0],[144.6542,72.6062,0.0],[144.6479,72.6062,7.8712],[144.6438,72.6083,0.0],[144.6292,72.6083,9.1634],[144.6146,72.6125,0.0],[144.6,72.6125,0.0],[144.5958,72.6146,0.0],[144.575,72.6146,0.0],[144.5708,72.6167,0.0],[144.55,72.6167,7.2165],[144.5354,72.6208,0.0],[144.5083,72.6208,5.8853],[144.5042,72.6229,0.0],[144.4958,72.6229,7.7889],[144.4812,72.6271,0.0],[144.4667,72.6271,0.0],[144.4625,72.6292,0.0],[144.4542,72.6271,10.8719],[144.45,72.6292,0.0],[144.4146,72.6292,10.2283],[144.4104,72.6312,0.0],[144.3896,72.6312,9.3478],[144.3854,72.6333,0.0],[144.3562,72.6333,9.5078],[144.3521,72.6354,0.0],[144.3396,72.6354,8.3636],[144.3354,72.6375,0.0],[144.3146,72.6375,5.8166],[144.3104,72.6396,0.0],[144.2813,72.6396,4.3707],[144.2771,72.6417,0.0],[144.2563,72.6417,9.3831],[144.2521,72.6438,0.0],[144.225,72.6438,3.2939],[144.2208,72.6458,0.0],[144.1917,72.6458,8.3801],[144.1875,72.6479,0.0],[144.1792,72.6458,8.3128],[144.175,72.6479,0.0],[144.1604,72.6479,10.141],[144.1563,72.65,0.0],[144.0938,72.65,9.0296],[144.0896,72.6521,0.0],[144.0688,72.6521,0.0],[144.0646,72.6542,0.0],[144.0354,72.6542,7.7485],[144.0313,72.6563,0.0],[144.0042,72.6563,0.0],[144.0,72.6583,0.0],[143.9833,72.6583,0.0],[143.9792,72.6563,8.3461],[143.975,72.6563,8.6501],[143.9708,72.6583,0.0],[143.9,72.6583,0.0],[143.8958,72.6563,6.2099],[143.875,72.6563,0.0],[143.8708,72.6542,5.6671],[143.8479,72.6542,1.776],[143.8438,72.6563,0.0],[143.8292,72.6563,0.0],[143.825,72.6583,0.0],[143.7688,72.6583,1.9114],[143.7625,72.6604,0.0],[143.7583,72.6583,1.3843],[143.7542,72.6583,1.6475],[143.75,72.6604,0.0],[143.7375,72.6604,3.3317],[143.7292,72.6646,0.0],[143.7146,72.6646,0.0],[143.7104,72.6667,0.0],[143.6896,72.6667,3.4497],[143.6854,72.6687,0.0],[143.6708,72.6687,0.0],[143.6667,72.6708,0.0],[143.6396,72.6708,22.4142],[143.6354,72.6729,0.0],[143.6125,72.6729,27.7006],[143.6042,72.6771,0.0],[143.5771,72.6771,0.0],[143.5729,72.6792,0.0],[143.5375,72.6792,24.7888],[143.5333,72.6813,0.0],[143.5125,72.6813,0.0],[143.5083,72.6833,0.0],[143.4812,72.6833,0.0],[143.4771,72.6854,0.0],[143.4458,72.6854,0.0],[143.4417,72.6833,11.5018],[143.4375,72.6833,11.573],[143.4333,72.6854,0.0],[143.3229,72.6854,15.1689],[143.3188,72.6875,0.0],[143.3083,72.6854,9.8890999999999991],[143.3042,72.6875,0.0],[143.1292,72.6875,13.6418],[143.125,72.6896,0.0],[143.1083,72.6896,0.0],[143.1042,72.6875,8.1997],[143.1,72.6875,10.815],[143.0958,72.6896,0.0],[143.0667,72.6896,0.0],[143.0625,72.6875,9.8507],[143.0583,72.6875,12.1284],[143.0542,72.6896,0.0],[142.9417,72.6896,5.3632],[142.9375,72.6917,0.0],[142.9083,72.6917,0.0],[142.9042,72.6896,5.3595],[142.8938,72.6896,0.0],[142.8896,72.6917,0.0],[142.8687,72.6917,0.0],[142.8646,72.6937,0.0],[142.8604,72.6937,0.0],[142.8562,72.6917,0.0],[142.8479,72.6917,0.0],[142.8438,72.6937,0.0],[142.8396,72.6937,0.0],[142.8333,72.6917,8.0377],[142.8292,72.6937,0.0],[142.7729,72.6937,7.7349],[142.7688,72.6958,0.0],[142.6354,72.6958,4.0036],[142.6313,72.6979,0.0],[142.5688,72.6979,9.3943],[142.5646,72.7,0.0],[142.5146,72.7,8.9443],[142.5104,72.7021,0.0],[142.5042,72.7,12.7455],[142.4937,72.7,12.7964],[142.4896,72.7021,0.0],[142.4187,72.7021,13.0001],[142.4146,72.7042,0.0],[142.3729,72.7042,11.2663],[142.3687,72.7063,0.0],[142.3646,72.7063,0.0],[142.3604,72.7042,0.0],[142.2813,72.7042,15.1429],[142.2771,72.7063,0.0],[142.2063,72.7063,6.9049],[142.2021,72.7083,0.0],[142.1938,72.7083,0.0],[142.1896,72.7063,15.8323],[142.1854,72.7063,15.1967],[142.1812,72.7083,0.0],[142.1458,72.7083,8.6061],[142.1417,72.7104,0.0],[142.1333,72.7104,0.0],[142.1292,72.7083,16.0512],[142.125,72.7083,14.0892],[142.1208,72.7104,0.0],[142.0938,72.7104,16.1174],[142.0896,72.7125,0.0],[142.0333,72.7125,15.4328],[142.0292,72.7146,0.0],[142.0208,72.7146,0.0],[142.0167,72.7167,0.0],[142.0104,72.7146,0.0],[141.9937,72.7146,12.0551],[141.9896,72.7167,0.0],[141.9604,72.7167,13.705],[141.9563,72.7188,0.0],[141.9354,72.7188,6.5386],[141.9312,72.7208,0.0],[141.9167,72.7208,8.5106],[141.9125,72.7229,0.0],[141.8917,72.7229,17.1323],[141.8813,72.7271,0.0],[141.875,72.725,0.0],[141.8583,72.725,17.0797],[141.8542,72.7271,0.0],[141.8458,72.7271,0.0],[141.8417,72.7292,0.0],[141.8208,72.7292,20.3295],[141.8125,72.7333,0.0],[141.8021,72.7333,0.0],[141.7958,72.7312,19.1466],[141.7917,72.7333,13.0756],[141.7833,72.7333,17.4018],[141.7792,72.7354,4.4965],[141.7667,72.7354,18.4744],[141.7625,72.7375,0.0],[141.7542,72.7375,12.4069],[141.7396,72.7417,0.0],[141.7312,72.7417,12.7402],[141.7229,72.7458,0.0],[141.7146,72.7458,0.0],[141.7104,72.7479,0.0],[141.6958,72.7479,20.5052],[141.6917,72.75,0.0],[141.6792,72.75,18.1978],[141.675,72.7521,0.0],[141.6604,72.7521,27.0306],[141.6563,72.7542,0.0],[141.6479,72.7542,23.3258],[141.6463,72.7547,23.1303],[141.6474,72.7578,0.0],[141.6458,72.7583,0.0],[141.6313,72.7583,11.3731],[141.6271,72.7604,0.0],[141.6062,72.7604,15.3974],[141.5979,72.7646,0.0],[141.5833,72.7646,18.5601],[141.5776,72.7672,20.2008],[141.5786,72.7703,0.0],[141.5771,72.7708,0.0],[141.5625,72.7708,23.771],[141.55,72.7771,0.0],[141.5339,72.7776,22.01],[141.5349,72.7807,0.0],[141.5333,72.7813,0.0],[141.5146,72.7833,0.0],[141.5,72.7875,0.0],[141.4917,72.7875,21.1009],[141.4833,72.7917,0.0],[141.475,72.7917,26.2682],[141.4708,72.7937,20.152],[141.463,72.7943,15.8095],[141.4641,72.7974,0.0],[141.4599,72.7995,0.0],[141.4484,72.8005,12.9837],[141.4557,72.8078,0.0],[141.438,72.8151,0.0],[141.4474,72.8182,0.0],[141.4312,72.8187,1.8955],[141.4297,72.8193,2.107],[141.4307,72.8224,1.5495],[141.4224,72.8266,0.0],[141.4125,72.8271,1.145],[141.3943,72.8318,0.0],[141.3974,72.8339,0.0],[141.3958,72.8354,0.0],[141.3854,72.8333,0.0],[141.3839,72.8339,0.0],[141.3849,72.837,0.0],[141.3833,72.8375,0.0],[141.3625,72.8375,2.0584],[141.3479,72.8438,0.0],[141.3271,72.8438,0.0],[141.3229,72.8458,0.0],[141.3083,72.8458,0.0],[141.3042,72.8479,0.0],[141.2937,72.8479,0.0],[141.2875,72.8458,26.487],[141.2859,72.8464,16.112],[141.287,72.8495,0.0],[141.2854,72.85,0.0],[141.2792,72.8479,8.6262],[141.2688,72.8479,22.6756],[141.2625,72.85,0.0],[141.2583,72.8479,35.3255],[141.2542,72.8479,36.9542],[141.2526,72.8484,26.7345],[141.2536,72.8516,0.0],[141.2521,72.8521,0.0],[141.2458,72.85,0.0],[141.2,72.85,2.0863],[141.1917,72.8542,0.0],[141.1854,72.8521,2.0053],[141.175,72.8542,2.1577],[141.1708,72.8521,2.1528],[141.1667,72.8521,2.3089],[141.1625,72.8542,2.927],[141.1417,72.8542,2.4878],[141.1375,72.8562,0.0],[141.1146,72.8542,0.1606],[141.1104,72.8562,0.0],[141.0917,72.8562,2.3686],[141.0854,72.8542,8.7704],[141.0813,72.8562,8.2929],[141.0729,72.8562,5.6178],[141.0688,72.8583,0.0],[141.0604,72.8583,0.0],[141.0562,72.8562,7.7311],[141.0375,72.8562,15.4439],[141.0333,72.8583,0.0],[141.0063,72.8583,3.3519],[140.9984,72.8609,0.0],[141.0016,72.8641,0.0],[140.9917,72.8646,0.0],[140.9875,72.8667,0.0],[140.9771,72.8646,2.2266],[140.9688,72.8688,0.0],[140.9187,72.8688,6.0215],[140.9146,72.8708,1.9113],[140.9063,72.8708,5.5092],[140.8979,72.875,0.0],[140.8708,72.875,9.3402],[140.8667,72.8771,0.0],[140.7729,72.8771,27.5108],[140.7667,72.8792,0.0],[140.763,72.8755,66.4162],[140.7688,72.8729,142.0344],[140.775,72.8729,85.5083],[140.7792,72.8708,103.3514],[140.8083,72.8708,59.5579],[140.8141,72.8682,100.6435],[140.8089,72.8609,107.7192],[140.8208,72.8604,157.8352],[140.8271,72.8625,92.7175],[140.8313,72.8604,164.7449],[140.8458,72.8604,96.6367],[140.8474,72.8588,106.1146],[140.8443,72.8547,137.1296],[140.8537,72.8536,137.8784],[140.8526,72.8505,163.3764],[140.875,72.85,122.0896],[140.8854,72.8458,152.6584],[140.8932,72.8453,112.9176],[140.8922,72.8422,146.6769],[140.8953,72.8401,156.2232],[140.8813,72.8375,217.5303],[140.8771,72.8396,327.6143],[140.8625,72.8396,402.5702],[140.8583,72.8417,381.8737],[140.8521,72.8417,335.0882],[140.8505,72.8422,284.0444],[140.8516,72.8453,246.0338],[140.85,72.8458,219.2824],[140.8292,72.8458,296.3192],[140.7958,72.8604,270.0644],[140.7896,72.8583,248.3509],[140.7792,72.8583,220.2151],[140.775,72.8604,292.2005],[140.7589,72.8609,176.2229],[140.7547,72.863,154.2912],[140.7557,72.8662,260.9007],[140.7542,72.8667,258.7069],[140.7318,72.8672,110.1301],[140.7333,72.8688,139.4239],[140.7391,72.8693,226.3301],[140.7375,72.8708,175.8978],[140.7088,72.8682,0.0],[140.7068,72.8651,0.0],[140.712,72.8641,21.3832],[140.7161,72.8609,24.8468],[140.7083,72.8604,0.0],[140.7068,72.8588,0.0],[140.7125,72.8562,0.0],[140.7208,72.8562,5.1581],[140.7307,72.8516,13.588],[140.7276,72.8464,0.0],[140.7349,72.8432,16.1048],[140.7297,72.837,0.0],[140.7328,72.8349,3.8312],[140.7318,72.8318,1.3966],[140.7375,72.8292,2.8938],[140.7474,72.8287,2.8554],[140.7583,72.8229,0.0],[140.7682,72.8224,15.245],[140.7667,72.8208,0.0],[140.7589,72.8203,0.0],[140.7604,72.8187,0.0],[140.7703,72.8182,0.0],[140.7672,72.813,0.0],[140.7703,72.8109,0.0],[140.7651,72.8068,0.0],[140.7703,72.8047,7.1247],[140.7672,72.8037,2.1551],[140.763,72.7984,0.0],[140.7729,72.7979,2.8304],[140.7813,72.7937,1.4936],[140.7958,72.7937,0.0],[140.8,72.7917,0.0],[140.8208,72.7917,30.8515],[140.8224,72.7901,16.1332],[140.8167,72.7896,0.0],[140.8151,72.788,0.0],[140.8328,72.787,0.0],[140.8505,72.7776,0.0],[140.8557,72.7766,29.8201],[140.8526,72.7734,0.0],[140.862,72.7703,13.712],[140.8609,72.7672,0.0],[140.8682,72.7641,8.5252],[140.8672,72.7609,0.0],[140.8766,72.7599,11.0567],[140.8755,72.7568,0.0],[140.8849,72.7536,4.5462],[140.8818,72.7505,0.0],[140.887,72.7495,2.3522],[140.9021,72.7417,3.0293],[140.9125,72.7438,2.602],[140.9167,72.7417,1.0686],[140.925,72.7417,1.2498],[140.9266,72.7401,1.4717],[140.9234,72.738,1.8165],[140.9333,72.7375,2.3576],[140.9417,72.7333,0.0],[140.9516,72.7328,1.2103],[140.9505,72.7297,1.2654],[140.962,72.7245,1.5347],[140.9505,72.7203,2.4056],[140.9557,72.7182,3.8041],[140.9526,72.7151,0.0],[140.9578,72.7141,0.0],[140.9771,72.7042,0.0],[140.9917,72.7042,0.0],[140.9932,72.7037,0.0],[140.9922,72.7005,0.0],[140.9937,72.7,0.0],[141.0,72.7021,0.0],[141.0057,72.7016,0.0],[141.0182,72.6953,0.0],[141.013,72.688,0.0],[141.0208,72.6875,0.0],[141.0313,72.6833,0.0],[141.0479,72.6833,0.0],[141.0521,72.6854,0.5999],[141.0604,72.6854,0.7701],[141.0646,72.6833,0.7834],[141.0833,72.6813,0.9292],[141.0875,72.6792,0.3224],[141.0958,72.6792,0.4671],[141.1187,72.6687,0.8457],[141.1349,72.6682,1.3708],[141.1474,72.662,1.3081],[141.1463,72.6589,0.8098],[141.1563,72.6583,1.5657],[141.1662,72.6536,1.3464],[141.1547,72.6432,1.0933],[141.162,72.638,1.0621],[141.1583,72.6354,1.2339],[141.1521,72.6375,0.4548],[141.1463,72.637,1.3352],[141.1276,72.6203,1.2999],[141.1307,72.6182,1.2082],[141.1286,72.6151,1.1493],[141.1214,72.6141,0.0],[141.1229,72.6125,0.0],[141.1307,72.612,0.0],[141.1234,72.6088,0.0],[141.1313,72.6083,0.0],[141.1328,72.6068,0.0],[141.1208,72.6062,0.0],[141.1167,72.6083,0.0],[141.1083,72.6083,0.0],[141.1,72.6042,0.0],[141.0854,72.6021,0.0],[141.0792,72.5979,0.0],[141.0646,72.5958,0.0],[141.0583,72.5917,0.0],[141.0437,72.5896,0.0],[141.0391,72.5859,0.0],[141.0229,72.5833,0.0],[141.0193,72.5807,1.2826],[141.0292,72.575,1.8454],[141.0453,72.5745,1.8871],[141.0432,72.5714,2.1149],[141.0375,72.5708,2.0362],[141.0333,72.5729,2.1166],[141.025,72.5729,2.2612],[141.0208,72.5708,0.0],[141.0167,72.5708,0.0],[141.0063,72.575,1.6093],[141.0026,72.5724,0.0],[141.0057,72.5693,0.0],[140.9974,72.563,1.8143],[140.9854,72.5625,1.4609],[140.9812,72.5604,1.515],[140.9734,72.5599,1.5612],[140.9792,72.5563,1.7589],[141.0099,72.5557,2.4588],[141.0078,72.5526,2.3663],[140.9958,72.5521,1.5616],[140.9917,72.5542,2.1361],[140.9812,72.5542,2.0063],[140.9771,72.5521,0.0],[140.9688,72.5521,0.0],[140.9672,72.5526,0.0],[140.9682,72.5557,0.0],[140.9625,72.5563,0.0],[140.9588,72.5537,1.7111],[140.962,72.5505,0.0],[140.9557,72.5443,0.0],[140.938,72.5411,0.0],[140.9328,72.5359,0.0],[140.9234,72.5349,0.0],[140.9167,72.5292,0.0],[140.8963,72.5286,0.0],[140.8979,72.5271,0.0],[140.9141,72.5266,0.0],[140.9109,72.5234,0.0],[140.9245,72.5182,1.1523],[140.9234,72.5151,0.6656],[140.925,72.5146,0.968],[140.9521,72.5146,1.2998],[140.9599,72.512,1.21],[140.9641,72.5099,1.3971],[140.9604,72.5062,1.1946],[140.9547,72.5068,0.897],[140.9438,72.5125,0.8302],[140.9063,72.5104,3.3288],[140.9021,72.5125,0.281],[140.8938,72.5125,0.0],[140.8922,72.5141,0.0],[140.8953,72.5162,0.0],[140.8849,72.5203,0.0],[140.8687,72.5208,0.0],[140.8625,72.5229,0.0],[140.8583,72.5208,1.2283],[140.8458,72.5208,0.0],[140.8333,72.5167,2.8377],[140.8208,72.5167,0.0],[140.8193,72.5151,0.0],[140.8224,72.513,0.9842],[140.8208,72.5125,3.6615],[140.8104,72.5146,0.0],[140.8042,72.5104,0.9667],[140.7917,72.5104,0.0],[140.787,72.5068,0.0],[140.7797,72.5057,0.0],[140.7766,72.5026,0.0],[140.7672,72.5016,0.0],[140.7625,72.4979,3.2144],[140.75,72.4979,0.0],[140.7458,72.4958,0.0],[140.7375,72.4979,0.0],[140.7333,72.4958,0.0],[140.7146,72.4958,0.0],[140.7063,72.4917,1.271],[140.6875,72.4917,0.0],[140.6833,72.4896,0.0],[140.6729,72.4896,0.0],[140.65,72.4833,4.7635],[140.6208,72.4812,0.0],[140.6167,72.4792,3.3878],[140.6042,72.4792,0.0],[140.6,72.4771,0.0],[140.5896,72.4771,0.0],[140.575,72.4729,5.6808],[140.55,72.4729,0.0],[140.5458,72.4708,0.0],[140.5271,72.4708,0.0],[140.5229,72.4688,0.0],[140.4771,72.4688,0.0],[140.4708,72.4708,0.0],[140.4667,72.4688,0.0],[140.4083,72.4688,2.7629],[140.4042,72.4708,0.0],[140.3625,72.4708,0.0],[140.3583,72.4729,0.0],[140.3479,72.4729,0.0],[140.3438,72.4708,0.0],[140.2875,72.4708,0.0],[140.2833,72.4729,0.0],[140.2792,72.4729,0.0],[140.275,72.4708,7.4764],[140.2375,72.4708,0.0],[140.2359,72.4724,0.0],[140.2453,72.4734,0.0],[140.2474,72.4766,0.0],[140.2292,72.4771,0.0],[140.2255,72.4745,0.0],[140.2287,72.4724,0.0],[140.2271,72.4708,0.0],[140.2167,72.4729,0.0],[140.2021,72.4688,0.0],[140.2005,72.4703,0.0],[140.2036,72.4734,0.0],[140.2021,72.475,0.0],[140.1729,72.475,0.0],[140.1646,72.4792,0.0],[140.15,72.4792,0.0],[140.1458,72.4812,0.0],[140.1042,72.4812,0.0],[140.1,72.4833,0.0],[140.0854,72.4833,0.0],[140.0813,72.4854,0.0],[140.0646,72.4854,0.0],[140.0583,72.4833,0.0],[140.0521,72.4854,0.0],[140.0464,72.4818,0.0],[140.0562,72.4812,0.0],[140.0578,72.4797,0.0],[140.0396,72.4792,0.0],[140.038,72.4797,0.0],[140.0391,72.4828,0.0],[140.0359,72.4838,0.0],[140.0391,72.488,0.0],[140.0375,72.4896,0.0],[140.0146,72.4896,0.0],[140.013,72.488,0.0],[140.0208,72.4875,0.0],[140.0224,72.4859,0.0],[140.0005,72.4849,0.0],[140.0141,72.4786,0.0],[140.013,72.4755,0.0],[140.0307,72.4745,0.0],[140.0292,72.4729,0.0],[140.0042,72.4729,4.9788],[140.0026,72.4745,0.0],[140.0057,72.4766,0.0],[140.0042,72.4771,0.0],[139.9797,72.4776,0.0],[139.9812,72.4792,0.0],[139.9937,72.4792,0.0],[139.9953,72.4807,0.0],[139.9896,72.4833,0.0],[139.9792,72.4812,0.0],[139.9708,72.4854,0.0],[139.9625,72.4854,0.0],[139.9526,72.4901,0.0],[139.9536,72.4932,0.0],[139.9479,72.4958,0.0],[139.9359,72.4953,0.0],[139.9391,72.4922,0.0],[139.9318,72.4912,0.0],[139.9297,72.488,0.0],[139.9396,72.4833,0.0],[139.9495,72.4828,0.0],[139.9536,72.4807,0.0],[139.9521,72.4792,2.3082],[139.9458,72.4812,0.0],[139.9375,72.4812,0.0],[139.9333,72.4833,0.0],[139.925,72.4812,11.618],[139.9234,72.4818,8.1285],[139.9245,72.4849,0.0],[139.9146,72.4854,2.2997],[139.9021,72.4917,0.0],[139.8667,72.4917,0.0],[139.8583,72.4958,0.0],[139.8333,72.4958,0.0],[139.8271,72.4938,0.8698],[139.8229,72.4958,0.0],[139.7958,72.4958,0.8961],[139.7917,72.4979,0.0],[139.7875,72.4979,0.0],[139.7833,72.4958,1.0022],[139.775,72.4958,1.5927],[139.7708,72.4979,0.0],[139.7667,72.4979,0.0],[139.7625,72.4958,0.0],[139.7375,72.4958,0.0],[139.7333,72.4938,0.0],[139.7208,72.4938,0.0],[139.7167,72.4917,4.5476],[139.6917,72.4917,0.0],[139.6875,72.4896,1.4887],[139.6833,72.4896,0.0],[139.6792,72.4917,0.0],[139.6083,72.4917,0.0],[139.6042,72.4896,0.0],[139.5917,72.4896,0.0],[139.5818,72.487,0.0],[139.5766,72.4818,0.0],[139.5688,72.4812,0.0],[139.5641,72.4776,0.0],[139.5479,72.475,0.0],[139.5432,72.4714,0.0],[139.5359,72.4703,0.0],[139.5266,72.4609,31.9792],[139.5188,72.4604,0.0],[139.5141,72.4568,10.5072],[139.5068,72.4557,0.0],[139.5016,72.4505,0.0],[139.4922,72.4495,0.0],[139.487,72.4443,3.3079],[139.4693,72.4411,0.0],[139.4641,72.4359,16.1914],[139.4464,72.4328,0.0],[139.4432,72.4297,0.0],[139.4375,72.4292,0.0],[139.4328,72.4255,0.0],[139.4255,72.4245,0.0],[139.4182,72.4193,22.2152],[139.4109,72.4182,0.0],[139.3995,72.4068,39.8004],[139.3917,72.4063,0.0],[139.3875,72.4042,0.0],[139.3771,72.4042,0.0],[139.3724,72.4005,0.0],[139.363,72.3995,0.0],[139.3578,72.3943,0.0],[139.3521,72.3938,0.0],[139.3484,72.3912,0.0],[139.3464,72.388,0.0],[139.3495,72.3859,0.0],[139.3354,72.3854,0.0],[139.3255,72.3828,0.0],[139.3161,72.3734,0.0],[139.2984,72.3703,0.0],[139.2912,72.363,0.0],[139.2839,72.362,0.0],[139.2766,72.3547,0.0],[139.2708,72.3521,0.0],[139.2651,72.3516,0.0],[139.262,72.3484,0.0],[139.2547,72.3474,0.0],[139.2495,72.3422,0.0],[139.2401,72.3411,0.0],[139.238,72.338,0.0],[139.2432,72.337,0.0],[139.2422,72.3339,0.0],[139.2453,72.3318,0.0],[139.2312,72.3313,0.0],[139.2276,72.3287,0.0],[139.2307,72.3266,0.0],[139.2297,72.3234,0.0],[139.2349,72.3214,0.0],[139.2271,72.3208,0.0],[139.2255,72.3193,0.0],[139.2287,72.3182,0.0],[139.2276,72.3151,0.0],[139.2328,72.313,0.0],[139.225,72.3125,0.0],[139.2208,72.3104,0.0],[139.2088,72.3099,0.0],[139.2047,72.3057,0.0],[139.2078,72.3037,0.0],[139.2063,72.3021,0.0],[139.2,72.3042,0.0],[139.1943,72.3037,0.0],[139.2036,72.2984,0.0],[139.1875,72.2958,0.0],[139.1828,72.2922,0.0],[139.1755,72.2911,0.0],[139.1693,72.2849,0.0],[139.1724,72.2818,0.0],[139.1568,72.2807,0.0],[139.1547,72.2776,0.0],[139.1599,72.2755,0.0],[139.1505,72.2745,0.0],[139.1484,72.2714,0.0],[139.1599,72.2703,0.0],[139.1578,72.2672,0.0],[139.1521,72.2625,0.0],[139.138,72.262,0.0],[139.1438,72.2583,0.0],[139.1682,72.2578,0.0],[139.1667,72.2562,0.0],[139.1589,72.2557,0.0],[139.1542,72.2521,0.0],[139.1484,72.2516,0.0],[139.1516,72.2495,0.0],[139.1505,72.2464,0.0],[139.1536,72.2453,0.0],[139.1526,72.2422,0.0],[139.1578,72.2412,0.0],[139.1526,72.2349,0.0],[139.1557,72.2328,0.0],[139.1547,72.2297,0.0],[139.1578,72.2286,4.8587],[139.1568,72.2255,4.9792],[139.1599,72.2245,12.8655],[139.1568,72.2193,0.0],[139.1662,72.2161,7.6033],[139.163,72.2109,0.0],[139.1662,72.2099,0.0],[139.1651,72.2068,0.0],[139.1682,72.2057,0.0],[139.1672,72.2026,0.0],[139.1703,72.2016,0.0],[139.1693,72.1984,0.0],[139.1787,72.1953,24.8723],[139.1776,72.1922,0.0],[139.1807,72.1911,18.1],[139.1797,72.188,0.0],[139.187,72.1849,0.0],[139.1859,72.1818,0.0],[139.1953,72.1787,0.0],[139.1943,72.1755,0.0],[139.2021,72.175,0.0],[139.2125,72.1708,0.0],[139.2266,72.1703,0.0],[139.225,72.1687,0.0],[139.2146,72.1687,0.0],[139.2109,72.1661,0.0],[139.2125,72.1646,0.0],[139.2203,72.1641,0.0],[139.2193,72.1609,0.0],[139.2245,72.1589,0.0],[139.2104,72.1583,0.0],[139.2088,72.1568,0.0],[139.2188,72.1563,0.0],[139.2203,72.1557,0.0],[139.2193,72.1526,0.0],[139.2271,72.1521,0.0],[139.2312,72.15,0.0],[139.2474,72.1495,0.0],[139.2458,72.1479,0.0],[139.2333,72.1479,0.0],[139.2318,72.1464,0.0],[139.2396,72.1438,0.0],[139.2458,72.1438,0.0],[139.2542,72.1396,0.0],[139.275,72.1396,0.0],[139.2766,72.1391,0.0],[139.2755,72.1359,0.0],[139.2771,72.1354,0.0],[139.2917,72.1354,0.0],[139.3,72.1312,0.0],[139.3083,72.1312,0.0],[139.3229,72.1271,0.0],[139.3391,72.1266,0.0],[139.3375,72.125,0.0],[139.3318,72.1245,0.0],[139.3333,72.1229,0.0],[139.3646,72.125,0.0],[139.3708,72.1292,0.0],[139.3849,72.1297,0.0],[139.3797,72.1318,0.0],[139.3813,72.1333,0.0],[139.3938,72.1333,0.0],[139.4,72.1375,0.0],[139.412,72.138,0.0],[139.4026,72.1412,0.0],[139.4063,72.1438,0.0],[139.4187,72.1438,0.0],[139.4234,72.1474,0.0],[139.4333,72.15,0.0],[139.4453,72.1505,0.0],[139.438,72.1557,0.0],[139.4417,72.1583,2.2797],[139.4557,72.1589,0.0],[139.4599,72.1641,0.0],[139.4547,72.1661,0.0],[139.4641,72.1672,0.0],[139.4708,72.1729,0.0],[139.4828,72.1734,0.0],[139.4901,72.1807,0.0],[139.4995,72.1818,0.0],[139.5026,72.1849,0.0],[139.5099,72.1859,0.0],[139.513,72.1891,4.0118],[139.5391,72.1943,0.0],[139.5464,72.2016,2.0038],[139.5557,72.2026,0.0],[139.5505,72.2057,31.5388],[139.575,72.2104,0.0],[139.5797,72.2141,0.0],[139.5958,72.2167,0.0],[139.6021,72.2208,15.532],[139.6062,72.2208,0.0],[139.6104,72.2229,9.3694],[139.6229,72.2229,0.0],[139.6354,72.2271,27.4767],[139.6396,72.2271,33.0205],[139.6438,72.225,0.0],[139.65,72.2271,21.3884],[139.7417,72.2271,6.0884],[139.7458,72.225,0.0],[139.7542,72.225,0.0],[139.7583,72.2271,11.7945],[139.7625,72.2271,15.8365],[139.7771,72.2229,0.0],[139.7854,72.2229,0.0],[139.7896,72.2208,0.0],[139.7979,72.2229,0.0],[139.8021,72.2208,0.0],[139.8167,72.2208,11.6557],[139.8208,72.2188,0.0],[139.85,72.2188,0.0],[139.8542,72.2208,0.0],[139.8875,72.2208,0.0],[139.8917,72.2229,0.0],[139.9021,72.2229,0.0],[139.9063,72.225,0.0],[139.925,72.225,0.0],[139.9292,72.2271,0.0],[139.9563,72.2292,0.0],[139.9604,72.2312,0.0],[140.0,72.2312,0.0],[140.0042,72.2333,0.0],[140.0146,72.2333,0.0],[140.0161,72.2328,0.0],[140.0151,72.2297,0.0],[140.0167,72.2292,0.0],[140.0229,72.2312,0.0],[140.0328,72.2307,0.0],[140.0313,72.2292,0.0],[140.0255,72.2286,0.0],[140.0271,72.2271,0.0],[140.0437,72.2271,0.0],[140.0479,72.2292,0.0],[140.0708,72.2292,0.0],[140.075,72.2271,0.0],[140.0828,72.2266,19.5935],[140.0797,72.2224,0.0],[140.0813,72.2208,0.0],[140.0958,72.2208,39.9795],[140.0974,72.2203,38.7789],[140.0964,72.2172,0.0],[140.0979,72.2167,0.0],[140.1125,72.2167,4.4375],[140.1167,72.2146,0.0],[140.1667,72.2146,0.0],[140.1729,72.2167,0.0],[140.1771,72.2146,0.0],[140.1938,72.2146,0.0],[140.2,72.2167,0.0],[140.2042,72.2146,0.0],[140.2083,72.2146,0.0],[140.2146,72.2167,8.9305],[140.2229,72.2125,0.0],[140.2328,72.212,2.2093],[140.2396,72.2083,0.0],[140.2536,72.2078,0.0],[140.2526,72.2047,0.0],[140.2578,72.2037,0.0],[140.2547,72.2005,0.0],[140.2641,72.1974,2.1781],[140.263,72.1943,0.0],[140.2703,72.1911,0.0],[140.2672,72.1859,0.0],[140.2766,72.1849,0.0],[140.2755,72.1818,0.0],[140.2833,72.1792,0.0],[140.3104,72.1792,0.0],[140.3146,72.1771,0.0],[140.3432,72.1766,0.0],[140.3417,72.175,1.3359],[140.3292,72.175,0.0],[140.3083,72.1687,7.2952],[140.2896,72.1687,0.0],[140.2771,72.1646,0.0],[140.2646,72.1646,0.0],[140.2578,72.1589,0.0],[140.2401,72.1557,0.0],[140.2333,72.15,1.3847],[140.2208,72.15,0.0],[140.2146,72.1458,0.0],[140.2021,72.1438,0.0],[140.1979,72.1417,8.3638],[140.1917,72.1417,0.0],[140.1792,72.1375,17.1979],[140.1667,72.1375,0.0],[140.1625,72.1354,7.6835],[140.1521,72.1354,0.0],[140.1479,72.1333,14.7187],[140.1292,72.1333,0.0],[140.125,72.1312,12.9418],[140.1146,72.1312,13.2681],[140.1104,72.1333,0.0],[140.0896,72.1333,22.0559],[140.0854,72.1354,0.0],[140.0729,72.1354,29.8508],[140.0625,72.1396,0.0],[140.0547,72.1401,26.0066],[140.0557,72.1432,0.0],[140.0542,72.1438,0.0],[140.0354,72.1458,15.121],[140.0339,72.1474,2.4557],[140.0375,72.15,0.0],[140.0646,72.1521,0.0],[140.0875,72.1583,0.0],[140.1,72.1583,0.0],[140.1099,72.1609,0.0],[140.1146,72.1646,0.0],[140.1271,72.1646,0.0],[140.1354,72.1708,0.0],[140.1458,72.1708,0.0],[140.1542,72.175,0.0],[140.1662,72.1755,0.0],[140.1589,72.1807,0.0],[140.1708,72.1813,0.0],[140.1745,72.1849,0.0],[140.1687,72.1875,0.0],[140.1542,72.1875,0.0],[140.1396,72.1917,0.0],[140.1333,72.1896,0.0],[140.1167,72.1896,0.0],[140.1125,72.1917,0.0],[140.075,72.1917,0.0],[140.0708,72.1896,0.0],[140.0604,72.1896,0.0],[140.0562,72.1875,0.0],[140.0437,72.1875,0.0],[140.0396,72.1854,0.0],[140.0292,72.1854,0.0],[140.025,72.1833,0.0],[140.0125,72.1833,0.0],[140.0083,72.1813,0.0],[139.9958,72.1813,0.0],[139.9917,72.1792,0.0],[139.9812,72.1792,0.0],[139.9771,72.1771,0.0],[139.9708,72.1771,0.0],[139.9693,72.1755,0.0],[139.9745,72.1734,0.0],[139.9604,72.1729,0.0],[139.9505,72.1703,0.0],[139.9458,72.1667,0.0],[139.9318,72.1661,0.0],[139.9349,72.1641,0.0],[139.9333,72.1625,0.0],[139.9214,72.162,0.0],[139.9229,72.1604,0.0],[139.9354,72.1604,0.0],[139.937,72.1589,0.0],[139.9297,72.1578,0.0],[139.9224,72.1505,0.0],[139.9151,72.1495,0.0],[139.9182,72.1464,0.0],[139.9089,72.1453,0.0],[139.9141,72.1422,16.3634],[139.9047,72.1412,0.0],[139.9078,72.138,0.0],[139.9005,72.1307,0.0],[139.9036,72.1276,0.0],[139.8963,72.1203,0.0],[139.8995,72.1172,0.0],[139.8963,72.113,0.0],[139.9016,72.1109,6.8733],[139.8875,72.1062,0.0],[139.8813,72.1083,0.0],[139.8708,72.1083,0.0],[139.8646,72.1042,0.0],[139.8526,72.1036,0.0],[139.8557,72.1005,0.0],[139.8484,72.0995,0.0],[139.85,72.0979,0.0],[139.8562,72.0979,0.0],[139.8604,72.0958,0.0],[139.8687,72.0958,0.0],[139.8745,72.0922,0.0],[139.8687,72.0917,0.0],[139.8604,72.0875,0.0],[139.8479,72.0854,0.0],[139.8417,72.0813,1.052],[139.8297,72.0818,0.0],[139.8391,72.0849,0.0],[139.8313,72.0875,0.0],[139.8276,72.087,0.0],[139.8234,72.0828,0.0],[139.8266,72.0797,0.0],[139.7922,72.0724,0.0],[139.787,72.0672,0.0],[139.7797,72.0661,0.0],[139.7729,72.0604,25.4095],[139.7651,72.0599,0.0],[139.7599,72.0547,0.0],[139.7526,72.0537,0.0],[139.7453,72.0463,0.0],[139.738,72.0453,0.0],[139.7412,72.0422,14.5938],[139.7339,72.0349,0.0],[139.737,72.0318,19.4505],[139.7297,72.0307,0.0],[139.7328,72.0276,0.0],[139.7287,72.0234,0.0],[139.713,72.0224,0.0],[139.7146,72.0208,0.0],[139.7307,72.0203,0.0],[139.7287,72.0172,0.0],[139.7188,72.0146,0.0],[139.7047,72.0141,0.0],[139.7063,72.0125,0.0],[139.7271,72.0125,0.0],[139.7287,72.0109,0.0],[139.7214,72.0099,0.0],[139.7125,72.0021,0.0],[139.6984,72.0016,0.0],[139.7,72.0,0.0],[139.7099,71.9995,0.0],[139.7042,71.9958,0.0],[139.6938,71.9958,0.0],[139.6901,71.9932,0.0],[139.6995,71.9901,0.0],[139.6875,71.9896,0.0],[139.6859,71.988,0.0],[139.6891,71.9859,0.0],[139.6771,71.9854,0.0],[139.6708,71.9812,0.0],[139.6568,71.9807,0.0],[139.6583,71.9792,0.0],[139.6807,71.9786,0.0],[139.6792,71.9771,0.0],[139.6734,71.9766,0.0],[139.6703,71.9734,0.0],[139.6563,71.9729,0.0],[139.6438,71.9688,0.0],[139.6313,71.9688,0.0],[139.6276,71.9661,0.0],[139.6292,71.9646,0.0],[139.6391,71.9641,0.0],[139.6375,71.9625,0.0],[139.6104,71.9604,0.0],[139.6042,71.9563,0.0],[139.5792,71.9563,0.0],[139.5729,71.9542,0.0],[139.5688,71.9563,0.0],[139.5354,71.9583,0.0],[139.5313,71.9604,0.0],[139.4896,71.9604,0.0],[139.4854,71.9583,0.0],[139.475,71.9583,0.0],[139.4734,71.9599,0.0],[139.4776,71.9641,0.0],[139.4917,71.9646,0.0],[139.4932,71.9661,0.0],[139.4875,71.9688,0.0],[139.4792,71.9688,0.0],[139.475,71.9708,0.0],[139.4542,71.9708,0.0],[139.45,71.9729,0.0],[139.4359,71.9734,0.0],[139.4396,71.9771,0.0],[139.4516,71.9776,0.0],[139.4484,71.9797,0.0],[139.4505,71.9828,0.0],[139.4526,71.9849,0.0],[139.4599,71.9859,0.0],[139.4583,71.9875,0.0],[139.4359,71.988,0.0],[139.4375,71.9896,0.0],[139.4516,71.9901,0.0],[139.438,71.9974,0.0],[139.4682,72.0005,0.0],[139.4588,72.0036,0.0],[139.4708,72.0042,0.0],[139.4724,72.0057,0.0],[139.4646,72.0062,0.0],[139.463,72.0078,0.0],[139.4766,72.0089,0.0],[139.4693,72.0141,0.0],[139.4812,72.0146,0.0],[139.4854,72.0167,0.0],[139.4979,72.0167,0.0],[139.4995,72.0182,0.0],[139.4896,72.0188,0.0],[139.488,72.0203,0.0],[139.4917,72.0229,0.0],[139.5057,72.0234,0.0],[139.5042,72.025,0.0],[139.4896,72.025,0.0],[139.488,72.0266,0.0],[139.5036,72.0276,0.0],[139.4984,72.0307,0.0],[139.5063,72.0313,0.0],[139.5078,72.0328,0.0],[139.4917,72.0333,0.0],[139.4901,72.0349,0.0],[139.5036,72.0359,0.0],[139.5057,72.038,0.0],[139.5026,72.0401,0.0],[139.5042,72.0417,0.0],[139.5182,72.0422,0.0],[139.5167,72.0437,0.0],[139.5083,72.0437,0.0],[139.5068,72.0453,0.0],[139.5224,72.0463,0.0],[139.5167,72.05,0.0],[139.5063,72.05,0.0],[139.5021,72.0479,0.0],[139.4917,72.0479,0.0],[139.4875,72.0458,0.0],[139.475,72.0458,0.0],[139.4703,72.0422,0.0],[139.4604,72.0396,0.0],[139.4479,72.0396,0.0],[139.4443,72.0359,0.0],[139.4542,72.0354,0.0],[139.4557,72.0339,0.0],[139.4417,72.0333,0.0],[139.437,72.0297,0.0],[139.4297,72.0286,0.0],[139.4328,72.0255,0.0],[139.4208,72.025,0.0],[139.4162,72.0214,0.0],[139.4068,72.0203,0.0],[139.4083,72.0188,0.0],[139.4182,72.0182,0.0],[139.4167,72.0167,0.0],[139.4042,72.0167,0.0],[139.4,72.0146,0.0],[139.388,72.0141,0.0],[139.3896,72.0125,0.0],[139.4057,72.012,0.0],[139.4042,72.0104,0.0],[139.3901,72.0099,0.0],[139.3917,72.0083,0.0],[139.4078,72.0078,0.0],[139.4063,72.0062,0.0],[139.3922,72.0057,0.0],[139.3938,72.0042,0.0],[139.4021,72.0042,0.0],[139.4036,72.0026,0.0],[139.3896,72.0021,0.0],[139.3859,71.9995,0.0],[139.3953,71.9943,0.0],[139.3797,71.9932,0.0],[139.3813,71.9917,0.0],[139.3958,71.9917,0.0],[139.3974,71.9901,0.0],[139.3833,71.9896,0.0],[139.3797,71.9859,0.0],[139.3849,71.9838,0.0],[139.3771,71.9833,0.0],[139.3729,71.9812,0.0],[139.3625,71.9812,0.0],[139.3609,71.9797,0.0],[139.3771,71.9792,0.0],[139.3813,71.9771,0.0],[139.3938,71.9771,0.0],[139.3953,71.9755,0.0],[139.3833,71.975,0.0],[139.3792,71.9729,0.0],[139.3667,71.9729,0.0],[139.3651,71.9714,0.0],[139.375,71.9708,0.0],[139.3766,71.9693,0.0],[139.3729,71.9667,0.0],[139.3651,71.9661,0.0],[139.3703,71.9641,0.0],[139.3687,71.9625,0.0],[139.3562,71.9625,0.0],[139.3464,71.9599,0.0],[139.3479,71.9583,0.0],[139.3641,71.9578,0.0],[139.363,71.9547,0.0],[139.3745,71.9495,0.0],[139.3672,71.9401,0.0],[139.3807,71.9349,0.0],[139.3771,71.9333,0.0],[139.3729,71.9354,0.0],[139.3687,71.9354,0.0],[139.3672,71.9339,0.0],[139.3792,71.9292,0.0],[139.3854,71.9292,0.0],[139.3896,71.9271,0.0],[139.4036,71.9297,0.0],[139.4089,71.9349,0.0],[139.4162,71.9359,0.0],[139.413,71.938,0.0],[139.4146,71.9396,0.0],[139.4187,71.9396,0.0],[139.4312,71.9437,0.0],[139.4479,71.9437,0.0],[139.4521,71.9417,0.0],[139.4729,71.9417,5.9641],[139.4771,71.9396,0.0],[139.4979,71.9396,10.2661],[139.5021,71.9375,0.0],[139.5146,71.9375,0.0],[139.5188,71.9354,0.0],[139.5271,71.9354,0.0],[139.5313,71.9333,0.0],[139.5458,71.9333,0.0],[139.55,71.9313,0.0],[139.5583,71.9313,0.0],[139.5646,71.9333,3.02],[139.5792,71.9271,0.0],[139.6187,71.9271,0.0],[139.6271,71.9229,0.0],[139.6313,71.9229,0.0],[139.6354,71.925,0.0],[139.65,71.925,0.0],[139.6542,71.9229,0.0],[139.6812,71.9229,0.0],[139.6854,71.9208,0.0],[139.6938,71.9208,0.0],[139.6979,71.9187,0.0],[139.7292,71.9167,1.2935],[139.7307,71.9161,0.0],[139.7297,71.913,0.0],[139.7312,71.9125,0.0],[139.7396,71.9125,2.215],[139.7437,71.9146,2.2591],[139.7479,71.9146,2.1771],[139.7495,71.913,2.1918],[139.7464,71.9089,1.842],[139.762,71.9016,0.0],[139.7604,71.9,1.3494],[139.7464,71.8974,0.0],[139.7495,71.8953,0.0],[139.7484,71.8922,0.0],[139.7667,71.8917,0.0],[139.7708,71.8938,1.4273],[139.7745,71.8932,0.0],[139.7724,71.8901,1.381],[139.7651,71.8891,1.1763],[139.7609,71.8849,0.0],[139.7625,71.8833,0.0],[139.7688,71.8833,0.0],[139.7745,71.8807,0.0],[139.7651,71.8693,0.0],[139.7708,71.8667,0.0],[139.7854,71.8667,0.0],[139.8,71.8625,0.0],[139.8146,71.8625,1.2359],[139.8328,71.8578,0.0],[139.8313,71.8562,0.0],[139.8172,71.8557,0.0],[139.8203,71.8536,0.0],[139.8188,71.8521,0.0],[139.7901,71.8495,0.0],[139.7917,71.8479,0.0],[139.8,71.8479,0.0],[139.8016,71.8464,0.0],[139.7875,71.8458,0.0],[139.7859,71.8443,0.0],[139.7958,71.8438,0.0],[139.7974,71.8422,0.0],[139.7833,71.8417,0.0],[139.7818,71.8401,0.0],[139.7979,71.8396,0.0],[139.7995,71.838,2.5797],[139.7839,71.837,0.522],[139.7755,71.8287,0.0],[139.7807,71.8266,0.0],[139.7766,71.8214,0.0],[139.7734,71.8203,0.0],[139.7786,71.8182,0.0],[139.7755,71.813,0.0],[139.7786,71.8109,0.0],[139.7729,71.8104,0.0],[139.7713,71.8089,0.0],[139.7792,71.8083,0.0],[139.7807,71.8068,0.0],[139.7786,71.8047,0.0],[139.7729,71.8042,0.0],[139.7713,71.8026,0.0],[139.7807,71.8016,0.0],[139.7797,71.7984,0.0],[139.7828,71.7963,1.2086],[139.7776,71.7902,0.0],[139.7891,71.7891,0.0],[139.7797,71.7859,0.0],[139.7875,71.7833,0.0],[139.7937,71.7833,1.1251],[139.7953,71.7818,1.3427],[139.7797,71.7786,0.0],[139.7755,71.7745,0.0],[139.7786,71.7724,0.0],[139.7755,71.7672,0.0],[139.7786,71.7651,0.0],[139.7755,71.7609,0.0],[139.7995,71.7599,1.6491],[139.7937,71.7542,0.0],[139.788,71.7547,0.0],[139.7813,71.7583,0.0],[139.7651,71.7578,0.0],[139.7667,71.7562,0.0],[139.7729,71.7562,0.0],[139.7912,71.7516,0.0],[139.7953,71.7495,1.5143],[139.7943,71.7464,0.0],[139.7974,71.7453,0.0],[139.7922,71.7391,0.0],[139.7953,71.7359,2.4479],[139.788,71.7349,0.0],[139.7818,71.7286,0.0],[139.7849,71.7266,0.0],[139.7818,71.7214,0.0],[139.7849,71.7193,0.0],[139.7797,71.713,0.0],[139.7828,71.7109,0.0],[139.7807,71.7089,0.0],[139.7734,71.7078,0.0],[139.775,71.7063,0.0],[139.7828,71.7057,0.0],[139.7776,71.6984,0.0],[139.7891,71.6974,24.2136],[139.7875,71.6958,25.3899],[139.7818,71.6953,0.0],[139.7849,71.6932,0.0],[139.7818,71.688,0.0],[139.7849,71.6859,0.0],[139.7818,71.6818,0.0],[139.7896,71.6813,0.0],[139.7953,71.6787,0.0],[139.7901,71.6713,0.0],[139.8037,71.6661,0.0],[139.8026,71.663,0.0],[139.8057,71.6609,0.0],[139.8,71.6604,0.0],[139.7984,71.6589,0.0],[139.8078,71.6578,0.0],[139.8005,71.6547,0.0],[139.8182,71.6474,0.0],[139.8109,71.6443,0.0],[139.8188,71.6438,0.0],[139.8286,71.6391,0.0],[139.8255,71.6339,0.0],[139.837,71.6328,0.0],[139.8297,71.6297,0.0],[139.85,71.6292,0.0],[139.8516,71.6286,1.7759],[139.8505,71.6255,0.0],[139.8609,71.6214,2.1925],[139.8766,71.6203,2.3194],[139.875,71.6188,2.4524],[139.8609,71.6162,0.0],[139.8568,71.612,0.0],[139.8583,71.6104,0.0],[139.8662,71.6099,1.9039],[139.863,71.6047,0.0],[139.8703,71.6005,0.0],[139.8542,71.6021,0.0],[139.8505,71.5984,0.0],[139.8599,71.5974,0.0],[139.8589,71.5943,0.0],[139.8646,71.5917,0.0],[139.8792,71.5917,1.3461],[139.8875,71.5875,0.0],[139.9021,71.5875,1.5172],[139.912,71.5828,1.4229],[139.9109,71.5797,0.0],[139.9224,71.5745,0.0],[139.9151,71.5714,0.0],[139.9245,71.5703,0.0],[139.9172,71.5672,0.0],[139.9287,71.5661,0.0],[139.9271,71.5646,0.0],[139.9193,71.5641,0.0],[139.9172,71.5609,0.0],[139.9224,71.5589,0.0],[139.9146,71.5583,0.0],[139.913,71.5568,0.0],[139.9229,71.5563,0.0],[139.9271,71.5542,0.0],[139.9458,71.5542,0.0],[139.9563,71.55,0.0],[139.9745,71.5474,0.0],[139.9729,71.5458,0.0],[139.9625,71.5458,0.0],[139.9526,71.5432,0.0],[139.9599,71.538,0.0],[139.9526,71.537,1.0932],[139.9505,71.5339,0.0],[139.975,71.5333,0.0],[139.9896,71.5375,0.0],[139.9912,71.537,0.0],[139.9901,71.5339,0.0],[139.9958,71.5313,0.0],[140.0021,71.5313,1.7337],[140.0063,71.5292,0.0],[140.0208,71.5292,0.0],[140.025,71.5271,0.0],[140.0333,71.5292,0.0],[140.0391,71.5266,1.3273],[140.0375,71.525,1.9712],[140.0318,71.5245,1.9995],[140.0297,71.5224,1.2437],[140.0313,71.5208,0.0],[140.0479,71.5208,0.0],[140.0495,71.5224,0.0],[140.0443,71.5245,0.0],[140.05,71.525,2.0598],[140.0583,71.5208,0.0],[140.0708,71.5208,0.0],[140.0766,71.5182,0.0],[140.075,71.5167,1.4603],[140.063,71.5162,0.0],[140.0661,71.513,0.0],[140.0625,71.5104,0.0],[140.0562,71.5125,0.0],[140.0526,71.512,0.0],[140.0609,71.5068,0.0],[140.0703,71.5057,2.5141],[140.0688,71.5042,2.4582],[140.0604,71.5042,0.0],[140.0479,71.5104,0.0],[140.0313,71.5104,0.0],[140.0276,71.5068,0.0],[140.0328,71.5047,0.0],[140.0234,71.5036,0.0],[140.025,71.5021,0.0],[140.0417,71.5021,0.0],[140.0432,71.5036,0.0],[140.0401,71.5057,0.0],[140.0437,71.5062,0.0],[140.0537,71.5016,0.0],[140.0526,71.4984,0.0],[140.0599,71.4953,0.0],[140.0562,71.4938,0.0],[140.05,71.4958,0.0],[140.0484,71.4943,0.0],[140.0516,71.4922,0.0],[140.0479,71.4917,1.8709],[140.0333,71.4958,0.0],[140.0172,71.4964,1.6166],[140.0182,71.4995,1.43],[140.0141,71.5016,0.0],[140.0083,71.5042,0.0],[140.0005,71.5047,0.9023],[140.0021,71.5062,0.0],[140.0125,71.5062,0.0],[140.0141,71.5078,0.0],[140.0,71.5083,0.0],[139.9922,71.5109,0.0],[139.9984,71.5182,0.0],[140.0063,71.5188,0.0],[140.0078,71.5203,0.0],[139.9964,71.5214,0.0],[139.9974,71.5245,0.0],[139.9917,71.5271,0.0],[139.9854,71.525,0.0],[139.9818,71.5255,0.0],[139.9776,71.5276,0.0],[139.9787,71.5307,0.0],[139.9771,71.5313,0.0],[139.9734,71.5307,1.4169],[139.9693,71.5266,1.5912],[139.9708,71.525,1.534],[139.9787,71.5245,1.5648],[139.9776,71.5214,0.0],[139.9807,71.5203,0.0],[139.9797,71.5172,1.8102],[139.987,71.5141,1.7425],[139.9839,71.5089,0.7626],[139.9932,71.5057,0.8571],[139.9922,71.5026,0.0],[140.0016,71.5016,1.4628],[140.0005,71.4984,0.0],[140.0083,71.4979,1.39],[140.0203,71.4932,1.7062],[140.0109,71.4901,0.0],[140.0271,71.4896,1.5373],[140.0286,71.4891,1.5412],[140.0276,71.4859,0.0],[140.0318,71.4838,1.07],[140.0396,71.4833,1.7608],[140.0437,71.4812,1.4169],[140.0661,71.4807,0.0],[140.0646,71.4792,1.2443],[140.0526,71.4786,0.5405],[140.0484,71.4734,0.0],[140.0562,71.4729,0.0],[140.0646,71.4688,0.0],[140.0729,71.4688,0.9404],[140.0792,71.4708,1.5769],[140.0833,71.4688,1.5037],[140.0875,71.4688,0.0],[140.0891,71.4703,0.0],[140.0838,71.4724,1.5348],[140.0974,71.4724,0.0],[140.0943,71.4672,1.2083],[140.1016,71.463,1.0444],[140.0958,71.4625,0.0],[140.0943,71.4609,0.0],[140.1016,71.4578,1.4443],[140.0984,71.4526,0.0],[140.1078,71.4516,1.2945],[140.1047,71.4464,0.0],[140.1141,71.4432,18.1331],[140.1125,71.4417,11.8539],[140.1021,71.4417,1.1513],[140.0964,71.4443,1.4336],[140.0995,71.4495,0.0],[140.0901,71.4505,1.3935],[140.0932,71.4557,0.0],[140.0838,71.4568,2.24],[140.0854,71.4583,2.144],[140.0911,71.4589,0.923],[140.0854,71.4625,1.7742],[140.0771,71.4625,2.2023],[140.0729,71.4646,0.0],[140.0604,71.4646,1.9142],[140.0521,71.4688,0.0],[140.0208,71.4708,0.5129],[140.0167,71.4729,0.0],[140.0089,71.4734,1.263],[139.9958,71.4792,1.5836],[139.9833,71.4792,1.8537],[139.9792,71.4812,1.7813],[139.9708,71.4812,1.8327],[139.9667,71.4792,1.7354],[139.9588,71.4786,1.6068],[139.9641,71.4766,1.6643],[139.962,71.4734,1.3569],[139.9479,71.4708,1.3474],[139.9464,71.4714,1.4807],[139.9474,71.4745,1.4335],[139.9443,71.4755,1.6228],[139.9453,71.4786,1.4765],[139.9422,71.4797,1.2589],[139.9432,71.4828,1.1145],[139.9401,71.4838,1.3493],[139.9422,71.487,1.2481],[139.9474,71.487,1.131],[139.9464,71.4838,0.7995],[139.9479,71.4833,0.7095],[139.9771,71.4833,1.8031],[139.9807,71.487,0.6159],[139.9708,71.4875,1.2889],[139.9667,71.4896,0.0],[139.9604,71.4875,0.878],[139.9521,71.4875,0.0],[139.9464,71.4901,0.8042],[139.9474,71.4932,0.7757],[139.9458,71.4938,0.945],[139.9297,71.4943,0.0],[139.9391,71.4974,0.7571],[139.9292,71.4979,1.1901],[139.925,71.5,1.1118],[139.9125,71.5,1.5502],[139.9083,71.5021,0.0],[139.9047,71.5005,0.9508],[139.9104,71.4979,0.0],[139.9167,71.4979,0.0],[139.9182,71.4964,0.0],[139.9083,71.4938,0.0],[139.9021,71.4958,0.0],[139.8854,71.4958,0.0],[139.8818,71.4932,0.0],[139.8833,71.4917,0.0],[139.8932,71.4912,0.0],[139.8922,71.488,0.0],[139.8938,71.4875,0.0],[139.9021,71.4875,0.0],[139.9063,71.4896,0.0],[139.9162,71.4891,0.0],[139.9151,71.4859,0.0],[139.9182,71.4838,1.8712],[139.9162,71.4818,1.7418],[139.9089,71.4807,0.0],[139.9021,71.475,1.651],[139.8938,71.475,0.0],[139.8875,71.4771,0.0],[139.8828,71.4734,0.0],[139.8755,71.4724,0.0],[139.8724,71.4693,0.0],[139.8625,71.4667,0.0],[139.8568,71.4672,1.6801],[139.85,71.4708,0.0],[139.8438,71.4688,0.0],[139.8354,71.4688,0.0],[139.8229,71.475,0.0],[139.8188,71.475,0.0],[139.8146,71.4729,3.1349],[139.8042,71.4729,0.0],[139.8005,71.4703,0.0],[139.8021,71.4688,0.0],[139.8083,71.4688,0.0],[139.8125,71.4667,0.0],[139.8396,71.4667,0.0],[139.8479,71.4625,0.0],[139.8562,71.4625,0.0],[139.8604,71.4604,2.5857],[139.8875,71.4604,1.873],[139.8917,71.4625,1.8969],[139.9104,71.4625,0.0],[139.912,71.4641,1.4877],[139.9089,71.4651,1.5893],[139.9104,71.4667,1.6035],[139.9208,71.4625,0.0],[139.9453,71.4641,0.0],[139.9417,71.4604,1.4281],[139.9026,71.4599,1.3715],[139.912,71.4568,1.2689],[139.9078,71.4526,0.9194],[139.9005,71.4516,0.9013],[139.8917,71.4437,1.7839],[139.8818,71.4443,1.2573],[139.8833,71.4458,0.0],[139.8891,71.4464,1.4062],[139.8875,71.4479,0.0],[139.8708,71.4479,0.0],[139.8667,71.4458,1.5937],[139.8568,71.4464,0.0],[139.862,71.4537,1.6717],[139.8479,71.4604,1.6313],[139.8359,71.4599,0.0],[139.8375,71.4583,1.8516],[139.8474,71.4578,2.5025],[139.8438,71.4542,2.1999],[139.8193,71.4547,2.407],[139.8208,71.4563,2.5444],[139.8266,71.4568,2.4954],[139.8286,71.4589,0.0],[139.8255,71.4609,0.0],[139.8266,71.4641,0.0],[139.825,71.4646,0.0],[139.8062,71.4604,0.0],[139.7953,71.4661,0.0],[139.7901,71.4661,0.0],[139.7932,71.4641,0.0],[139.7922,71.4609,0.0],[139.8016,71.4599,0.0],[139.8026,71.4568,0.0],[139.8057,71.4557,0.0],[139.8042,71.4542,0.0],[139.7937,71.4542,1.1818],[139.7922,71.4547,1.5594],[139.7932,71.4578,0.0],[139.7849,71.462,0.0],[139.7755,71.463,0.0],[139.7568,71.4714,0.0],[139.7578,71.4745,0.0],[139.75,71.475,0.0],[139.7417,71.4792,0.0],[139.7271,71.4792,1.9505],[139.7229,71.4812,0.0],[139.7104,71.4812,2.6448],[139.7063,71.4833,0.0],[139.7,71.4812,2.2736],[139.6896,71.4812,2.3632],[139.6854,71.4833,0.0],[139.6729,71.4833,1.6614],[139.6687,71.4854,0.0],[139.6292,71.4854,11.6789],[139.625,71.4875,0.0],[139.6042,71.4875,6.3767],[139.6,71.4896,0.0],[139.5938,71.4875,15.7216],[139.5854,71.4875,17.2777],[139.5813,71.4896,0.0],[139.5542,71.4896,18.9141],[139.55,71.4917,0.0],[139.5292,71.4917,17.5308],[139.525,71.4938,0.0],[139.5167,71.4938,0.0],[139.5104,71.4917,22.5556],[139.5063,71.4938,0.0],[139.4771,71.4938,0.0],[139.4693,71.4859,1.0838],[139.4771,71.4854,1.0],[139.4849,71.4828,1.5669],[139.4891,71.4797,1.0],[139.4854,71.4792,1.0],[139.4812,71.4812,1.7461],[139.4646,71.4812,1.6053],[139.4588,71.4766,1.2865],[139.4568,71.4734,1.3367],[139.4641,71.4682,0.7478],[139.463,71.4651,0.0],[139.4724,71.4641,0.9892],[139.4708,71.4625,0.8275],[139.4651,71.462,0.0],[139.4682,71.4589,0.9465],[139.4599,71.4505,1.018],[139.45,71.45,0.0],[139.4458,71.4521,0.0],[139.4375,71.4521,0.0],[139.4339,71.4484,0.0],[139.4411,71.4453,0.0],[139.4401,71.4422,0.0],[139.4432,71.4411,0.0],[139.4391,71.4359,0.0],[139.4354,71.4354,0.0],[139.4312,71.4375,0.0],[139.4167,71.4375,0.0],[139.4068,71.4349,0.0],[139.4047,71.4328,0.0],[139.4063,71.4313,0.0],[139.4328,71.4307,0.0],[139.4287,71.4234,1.4112],[139.4042,71.4187,0.0],[139.3979,71.4146,0.0],[139.3833,71.4146,0.0],[139.3792,71.4167,0.0],[139.3708,71.4167,0.0],[139.3479,71.4104,1.7452],[139.3375,71.4104,0.0],[139.3313,71.4063,1.9458],[139.2792,71.4042,0.0],[139.275,71.4021,2.4367],[139.2333,71.4021,21.6624],[139.2182,71.4099,0.0],[139.2068,71.4109,21.3221],[139.1932,71.4182,0.0],[139.1818,71.4193,24.4447],[139.1828,71.4224,0.0],[139.1734,71.4234,24.6627],[139.1693,71.4255,15.8126],[139.1703,71.4287,0.0],[139.1625,71.4292,16.3265],[139.1604,71.4313,0.9069],[139.1641,71.4359,0.4362],[139.1609,71.4391,0.5903],[139.1646,71.4417,0.0675],[139.1703,71.4422,0.1988],[139.1724,71.4453,0.2519],[139.1583,71.4458,0.4327],[139.1568,71.4474,0.3371],[139.1687,71.4479,0.0488],[139.1787,71.4505,0.4864],[139.1755,71.4537,0.674],[139.1776,71.4557,0.8484],[139.1849,71.4568,0.5186],[139.1818,71.4599,0.6459],[139.1849,71.4641,0.4848],[139.1734,71.4651,0.9073],[139.1807,71.4682,0.3078],[139.175,71.4708,0.6837],[139.1672,71.4714,0.5752],[139.1682,71.4745,0.768],[139.1667,71.475,0.857],[139.1568,71.4755,0.0],[139.1583,71.4771,0.523],[139.1662,71.4776,0.2609],[139.1682,71.4797,0.0],[139.163,71.4828,0.7846],[139.1682,71.4891,0.4389],[139.1589,71.4901,0.5514],[139.1641,71.4974,0.4219],[139.1505,71.5026,0.0],[139.1516,71.5057,1.2886],[139.1484,71.5068,0.8879],[139.1599,71.5203,0.0],[139.15,71.5208,1.7119],[139.1401,71.5255,1.5014],[139.1438,71.5271,1.1808],[139.15,71.525,1.1432],[139.1536,71.5286,0.6285],[139.1438,71.5333,0.9487],[139.1339,71.5339,1.0],[139.1354,71.5354,1.4198],[139.1479,71.5354,0.7701],[139.1495,71.537,0.6353],[139.138,71.538,1.064],[139.1391,71.5411,1.4575],[139.1359,71.5432,1.3704],[139.1432,71.5505,1.0341],[139.1401,71.5537,1.6279],[139.1432,71.5578,1.3581],[139.1333,71.5583,1.4606],[139.1318,71.5599,1.5019],[139.1359,71.5641,1.612],[139.1432,71.5651,1.3735],[139.1479,71.5687,0.9945],[139.162,71.5693,0.2887],[139.1604,71.5708,0.3447],[139.1521,71.5708,1.0888],[139.1505,71.5724,1.0858],[139.1641,71.5734,0.2775],[139.1547,71.5766,0.7106],[139.1583,71.5792,0.0],[139.1724,71.5818,0.0],[139.1693,71.5839,0.0],[139.1703,71.587,0.0],[139.163,71.5901,0.0],[139.1703,71.5932,0.0],[139.1646,71.5958,0.0],[139.1563,71.5958,0.0],[139.1521,71.5979,0.0],[139.1339,71.6005,0.0],[139.1354,71.6021,0.0],[139.1458,71.6021,0.0],[139.1474,71.6036,0.0],[139.1375,71.6042,0.0],[139.1292,71.6083,0.0],[139.1214,71.6088,1.1521],[139.1146,71.6125,1.5556],[139.0938,71.6125,1.1794],[139.0838,71.6182,1.0457],[139.0938,71.6188,0.1451],[139.1,71.6167,1.7732],[139.1016,71.6182,0.0],[139.0958,71.6208,0.0],[139.0813,71.6208,1.664],[139.0703,71.6266,1.0594],[139.0604,71.6271,0.7017],[139.0505,71.6318,0.95009999999999994],[139.0521,71.6333,0.7398],[139.0578,71.6339,0.4492],[139.0625,71.6375,0.0],[139.0745,71.638,0.0],[139.0651,71.6412,0.0],[139.0688,71.6438,0.0],[139.0792,71.6438,0.0],[139.0807,71.6453,0.0],[139.0667,71.6458,0.0],[139.0625,71.6479,0.0],[139.0542,71.6479,0.0],[139.05,71.65,0.0],[139.0375,71.65,0.5398],[139.0333,71.6521,0.5437],[139.0172,71.6526,1.0908],[139.0203,71.6578,0.5822],[139.0172,71.6589,0.4115],[139.0182,71.662,0.6894],[139.0151,71.6641,0.7854],[139.0172,71.6661,0.5233],[139.0229,71.6667,-0.0768],[139.0266,71.6693,0.0],[139.0234,71.6713,0.0],[139.0245,71.6745,0.0],[139.0193,71.6755,0.0],[139.0068,71.6818,0.2354],[139.0078,71.6849,0.0],[138.9917,71.6854,0.5224],[138.9833,71.6896,0.0],[138.9729,71.6896,0.0],[138.9667,71.6875,1.0492],[138.9604,71.6896,0.0],[138.9542,71.6854,0.5262],[138.9375,71.6854,0.1712],[138.9333,71.6833,0.4909],[138.9229,71.6833,0.534],[138.9167,71.6854,0.3299],[138.9104,71.6813,0.8127],[138.9,71.6813,0.0],[138.8958,71.6792,0.2783],[138.8854,71.6792,0.0733],[138.8813,71.6771,0.0485],[138.8687,71.6771,0.0],[138.8625,71.6729,0.4545],[138.8375,71.6708,0.0],[138.8359,71.6693,0.2574],[138.8391,71.6672,0.7424],[138.8271,71.6667,0.1532],[138.8224,71.663,0.5848],[138.8062,71.6604,0.5291],[138.8026,71.6578,0.0],[138.8078,71.6547,0.665],[138.7937,71.6542,0.0],[138.7922,71.6526,0.7139],[138.7953,71.6505,0.6403],[138.7937,71.65,0.6915],[138.7833,71.65,0.746],[138.7771,71.6458,1.1984],[138.7651,71.6453,1.5292],[138.7667,71.6438,0.7185],[138.7729,71.6438,1.1705],[138.7807,71.6412,0.9219],[138.7792,71.6396,1.1402],[138.7651,71.6391,1.3441],[138.7667,71.6375,1.3477],[138.775,71.6375,1.6131],[138.7766,71.6359,1.3058],[138.7464,71.6328,0.0],[138.7479,71.6312,1.231],[138.7641,71.6307,1.8131],[138.7625,71.6292,2.2299],[138.75,71.6292,1.4462],[138.7458,71.6271,1.6768],[138.7292,71.6271,1.0148],[138.7167,71.6229,1.873],[138.7042,71.6229,2.0364],[138.7,71.6208,1.6657],[138.675,71.6188,0.0],[138.6708,71.6167,1.3473],[138.6604,71.6167,0.0],[138.6563,71.6146,2.1798],[138.6292,71.6125,1.2009],[138.6229,71.6083,1.6894],[138.6193,71.6088,1.6097],[138.6151,71.612,1.1914],[138.6172,71.6141,1.2298],[138.6229,71.6146,1.1054],[138.6245,71.6162,1.262],[138.6146,71.6167,1.2697],[138.613,71.6182,1.2897],[138.6271,71.6188,0.0],[138.6286,71.6203,0.0],[138.5771,71.6208,1.4393],[138.5729,71.6188,1.4596],[138.5562,71.6188,1.6484],[138.5521,71.6167,1.332],[138.5271,71.6167,1.6089],[138.5229,71.6146,1.7823],[138.4917,71.6146,1.9246],[138.4875,71.6125,2.0374],[138.4708,71.6125,1.8187],[138.4583,71.6083,1.9121],[138.4312,71.6062,2.1306],[138.4271,71.6042,1.9935],[138.4167,71.6042,1.5064],[138.4125,71.6021,2.1847],[138.3896,71.6021,0.0],[138.3854,71.6,2.0887],[138.3729,71.6,0.0],[138.3604,71.5958,1.6575],[138.3375,71.5958,1.9412],[138.3333,71.5938,1.888],[138.3208,71.5938,0.9333],[138.3167,71.5917,1.6564],[138.2937,71.5917,0.0],[138.2896,71.5896,0.0],[138.2771,71.5896,0.0],[138.2729,71.5875,0.5549],[138.2458,71.5875,0.0],[138.2417,71.5896,0.0],[138.2375,71.5896,0.0],[138.2167,71.5833,0.7766],[138.2021,71.5833,0.5627],[138.1938,71.5875,0.4083],[138.1896,71.5875,0.4391],[138.188,71.5859,0.5461],[138.1932,71.5839,0.7896],[138.1812,71.5833,0.5801],[138.1771,71.5854,0.5317],[138.1708,71.5854,0.3904],[138.1589,71.5901,0.9327],[138.1547,71.5922,0.9149],[138.1557,71.5953,0.7753],[138.1458,71.5958,0.1452],[138.1396,71.5917,0.6497],[138.1255,71.5891,0.4247],[138.1214,71.5849,0.0763],[138.1245,71.5818,0.6198],[138.1172,71.5807,0.7716],[138.112,71.5755,0.8711],[138.1047,71.5745,0.4907],[138.1078,71.5714,0.7266],[138.1047,71.5651,0.4244],[138.1125,71.5646,0.2053],[138.1141,71.563,0.202],[138.1005,71.562,0.0],[138.1037,71.5599,0.0],[138.1021,71.5583,0.0],[138.0901,71.5578,0.0],[138.0917,71.5563,0.0],[138.1125,71.5563,0.0],[138.1141,71.5557,0.0],[138.113,71.5526,0.0],[138.1146,71.5521,0.0],[138.1271,71.5521,0.0],[138.1313,71.55,2.1163],[138.1411,71.5495,1.62],[138.1396,71.5479,1.8471],[138.1339,71.5474,1.6036],[138.137,71.5443,1.825],[138.1286,71.5359,1.1797],[138.1229,71.5354,0.0],[138.1214,71.5339,0.0],[138.1245,71.5328,0.0],[138.1234,71.5276,1.1285],[138.1276,71.5255,1.2087],[138.1432,71.5245,0.9864],[138.1417,71.5229,0.6974],[138.1359,71.5224,0.6208],[138.1411,71.5193,0.339],[138.1354,71.5188,0.4835],[138.125,71.5229,1.201],[138.1162,71.5151,1.4471],[138.1089,71.5141,0.0],[138.1141,71.512,1.1712],[138.113,71.5089,0.8162],[138.1146,71.5083,0.6549],[138.1208,71.5104,0.4755],[138.1245,71.5089,0.7088],[138.1208,71.5062,0.7994],[138.1068,71.5036,0.0],[138.1005,71.4974,0.3957],[138.1057,71.4953,0.0],[138.1005,71.4891,0.7562],[138.1037,71.4859,2.1818],[138.0995,71.4818,1.6691],[138.0922,71.4807,0.0],[138.0901,71.4786,0.0],[138.0953,71.4755,2.3306],[138.087,71.4672,2.2219],[138.0797,71.4661,0.0],[138.0724,71.4589,0.6316],[138.0568,71.4557,0.0],[138.0526,71.4516,0.0],[138.062,71.4464,1.4315],[138.0437,71.4458,0.0],[138.0349,71.438,1.6199],[138.0109,71.4328,1.1958],[138.0068,71.4276,0.6943],[138.0146,71.4271,1.5034],[138.0161,71.4255,1.6863],[138.0089,71.4245,0.0],[138.0057,71.4193,2.4673],[137.9984,71.4182,0.0],[138.0016,71.4151,1.0227],[137.9995,71.413,1.0915],[137.9922,71.412,0.0],[137.9953,71.4089,1.5302],[137.9797,71.4057,0.0],[137.9745,71.4005,0.8609],[137.9672,71.3995,0.0],[137.9641,71.3943,1.0609],[137.9484,71.3912,0.0],[137.9417,71.3854,1.1541],[137.9375,71.3854,0.2593],[137.9333,71.3833,0.291],[137.9167,71.3833,5.7344],[137.9042,71.3896,0.0],[137.875,71.3896,0.0],[137.8734,71.388,5.1429],[137.8766,71.3859,0.1211],[137.8667,71.3833,1.0393],[137.8583,71.3854,1.1892],[137.8484,71.3828,0.0],[137.8464,71.3797,0.0],[137.8625,71.3729,0.0],[137.8687,71.3729,0.7727],[137.8766,71.3703,0.791],[137.8755,71.3672,0.2989],[137.8771,71.3667,0.2522],[137.8807,71.3672,0.8453],[137.8839,71.3703,0.586],[137.8911,71.3714,0.7736],[137.8953,71.3755,1.1349],[137.8938,71.3771,0.653],[137.8839,71.3776,0.8415],[137.8875,71.3812,0.7854],[137.8958,71.3812,1.4479],[137.9,71.3792,0.8561],[137.9208,71.3792,2.2743],[137.9224,71.3786,1.9714],[137.9214,71.3755,0.0],[137.9271,71.3729,0.0],[137.9354,71.3729,0.0],[137.9396,71.3708,0.0],[137.9474,71.3703,1.1044],[137.9453,71.3672,0.0],[137.938,71.3662,1.2335],[137.9422,71.363,1.664],[137.9604,71.3625,0.6203],[137.9703,71.3651,0.0],[137.975,71.3688,2.1634],[137.9854,71.3646,0.0],[137.9974,71.3672,0.5126],[137.9995,71.3703,0.0],[137.9901,71.3714,2.1004],[137.9917,71.3729,1.0535],[137.9974,71.3734,0.0],[137.9995,71.3755,0.0],[137.9943,71.3786,0.3331],[138.0083,71.3792,0.5026],[138.0104,71.3812,0.9071],[138.0083,71.3833,0.8735],[138.0005,71.3839,0.0],[137.9964,71.387,0.0],[137.9984,71.3891,0.0],[138.0104,71.3917,0.0],[138.0172,71.388,0.6415],[138.025,71.3875,0.0],[138.037,71.3828,2.1165],[138.0359,71.3797,1.3985],[138.0391,71.3786,1.3814],[138.038,71.3755,0.0],[138.0432,71.3734,0.0],[138.037,71.3672,1.6399],[138.0188,71.3625,2.336],[137.9958,71.3625,0.827],[137.9917,71.3604,1.4828],[137.9729,71.3604,1.3866],[137.9693,71.3578,0.0],[137.9693,71.3547,0.9723],[137.9771,71.3521,2.6522],[137.9812,71.3542,3.0851],[138.0104,71.3542,0.0],[138.0146,71.3562,0.0],[138.0266,71.3557,2.2452],[138.0391,71.3495,0.0],[138.038,71.3443,0.0],[138.0412,71.3432,3.261],[138.0396,71.3417,2.8941],[138.0339,71.3411,0.0],[138.0318,71.3391,0.0],[138.0349,71.3359,2.8929],[138.0318,71.3318,1.7143],[138.0417,71.3313,1.9206],[138.05,71.3271,0.0],[138.0833,71.325,0.0],[138.0932,71.3276,1.3937],[138.0917,71.3292,0.0],[138.0838,71.3297,1.6727],[138.0828,71.3328,1.4699],[138.0755,71.337,1.3018],[138.0776,71.3391,0.0],[138.0958,71.3438,2.5876],[138.1167,71.3438,2.1848],[138.1208,71.3417,0.0],[138.1307,71.3411,0.892],[138.1297,71.338,0.0],[138.1328,71.3359,1.6113],[138.1255,71.3349,0.0],[138.1234,71.3328,1.3675],[138.125,71.3313,1.7506],[138.1396,71.3313,1.5376],[138.1438,71.3292,0.0],[138.1521,71.3292,0.0],[138.1563,71.3313,1.3536],[138.1771,71.3313,1.2834],[138.1812,71.3292,0.8972],[138.2083,71.3292,1.3116],[138.2125,71.3271,1.0926],[138.2208,71.3271,1.3604],[138.2271,71.3313,1.367],[138.2375,71.3313,1.4451],[138.2443,71.3276,0.0],[138.2521,71.3271,1.26],[138.2563,71.325,0.0],[138.2792,71.325,0.0],[138.2833,71.3271,1.9192],[138.2917,71.3271,1.6966],[138.2979,71.325,0.0],[138.3021,71.3271,1.9498],[138.325,71.3271,0.0],[138.3292,71.3292,1.3882],[138.3646,71.3292,1.8089],[138.3687,71.3271,1.2824],[138.3833,71.3271,1.8718],[138.3875,71.325,0.0],[138.4146,71.325,1.2516],[138.4162,71.3266,1.5571],[138.413,71.3287,1.6545],[138.4167,71.3313,2.0998],[138.4458,71.3313,1.9738],[138.4604,71.3271,2.1942],[138.4792,71.3271,2.0863],[138.4807,71.3255,1.68],[138.4708,71.3229,2.0412],[138.4438,71.3229,2.3163],[138.4396,71.325,1.4799],[138.4229,71.325,2.1604],[138.4214,71.3234,0.0],[138.4521,71.3187,0.0],[138.4547,71.3151,0.0],[138.462,71.312,1.8889],[138.4609,71.3089,1.3975],[138.4651,71.3068,1.783],[138.487,71.3037,1.8895],[138.4849,71.3005,1.655],[138.4776,71.2995,2.4676],[138.4833,71.2958,2.0792],[138.5016,71.2963,1.9671],[138.4964,71.2984,1.9416],[138.4979,71.3,2.3708],[138.5146,71.3,1.9159],[138.5208,71.2979,1.5463],[138.525,71.3,1.7937],[138.5396,71.3,2.2438],[138.5412,71.2995,2.19],[138.5401,71.2963,1.9428],[138.5453,71.2953,2.0437],[138.5443,71.2922,2.0372],[138.5516,71.288,2.2615],[138.5479,71.2854,2.0844],[138.5333,71.2854,2.0544],[138.5213,71.2901,1.6932],[138.5224,71.2932,1.8737],[138.5146,71.2958,1.1125],[138.5057,71.288,2.1766],[138.4984,71.287,2.1087],[138.4953,71.2839,2.1613],[138.4854,71.2813,2.1468],[138.4708,71.2813,2.207],[138.4693,71.2828,2.1319],[138.4766,71.2839,1.6888],[138.4807,71.2891,2.0761],[138.475,71.2917,1.6193],[138.4542,71.2917,2.2961],[138.4312,71.3021,0.6959],[138.425,71.3021,2.1021],[138.4208,71.3042,1.6597],[138.4047,71.3047,2.3801],[138.4099,71.3109,1.509],[138.4068,71.3141,2.3852],[138.4104,71.3167,2.0255],[138.4162,71.3172,1.9973],[138.4146,71.3187,1.5734],[138.375,71.3187,1.7435],[138.3708,71.3208,0.0],[138.3562,71.3208,0.0],[138.3417,71.325,0.0],[138.3354,71.3229,2.0364],[138.3271,71.325,0.0],[138.3229,71.3229,2.2209],[138.2792,71.3229,0.0],[138.275,71.3208,1.7201],[138.225,71.3208,0.0],[138.2234,71.3193,0.0],[138.2266,71.3182,1.0809],[138.225,71.3167,0.6111],[138.2068,71.3161,1.4831],[138.2083,71.3146,0.8118],[138.2161,71.3141,1.3331],[138.2146,71.3125,0.0],[138.1938,71.3125,2.0093],[138.1896,71.3146,0.0],[138.1812,71.3146,0.0],[138.1771,71.3125,1.6547],[138.1729,71.3125,1.8336],[138.1667,71.3146,0.0],[138.1568,71.312,1.4548],[138.162,71.3089,4.7568],[138.1521,71.3063,10.4453],[138.1359,71.3089,0.9023],[138.137,71.312,1.6293],[138.1354,71.3125,1.5603],[138.1146,71.3125,0.0],[138.1104,71.3104,2.2058],[138.0833,71.3083,0.0],[138.0734,71.3057,0.0],[138.0714,71.3037,4.6646],[138.0766,71.3016,4.429],[138.0729,71.2979,10.2028],[138.0609,71.2984,5.256],[138.0625,71.3,3.5811],[138.0682,71.3005,4.2636],[138.0625,71.3042,0.0],[138.0479,71.3042,0.0],[138.038,71.3016,3.8057],[138.0318,71.2943,0.0],[138.0437,71.2896,0.0],[138.0521,71.2917,1.0259],[138.0562,71.2896,1.6164],[138.0625,71.2896,1.8369],[138.0688,71.2875,0.0],[138.0729,71.2896,4.5205],[138.0771,71.2896,2.5696],[138.0854,71.2854,0.0],[138.0979,71.2854,0.0],[138.1021,71.2833,0.0],[138.1125,71.2833,3.8528],[138.1146,71.2854,4.1496],[138.1203,71.2859,1.5531],[138.1172,71.2891,2.8691],[138.1229,71.2937,4.3361],[138.1375,71.2937,1.4834],[138.1391,71.2932,1.4834],[138.138,71.2901,1.0956],[138.1432,71.2891,2.5606],[138.1359,71.2807,5.4394],[138.1417,71.275,0.0],[138.175,71.275,0.8347],[138.1792,71.2771,2.0774],[138.1896,71.2771,2.0882],[138.1958,71.2813,2.0533],[138.2125,71.2813,0.0],[138.2167,71.2833,1.4474],[138.2208,71.2833,1.8357],[138.2333,71.2771,2.2083],[138.2521,71.275,1.5798],[138.2667,71.2708,0.0],[138.2729,71.2708,2.1262],[138.2771,71.2688,0.0],[138.2813,71.2688,1.8598],[138.2854,71.2708,2.1925],[138.2974,71.2714,0.0],[138.2922,71.2745,2.3443],[138.2974,71.2807,2.2096],[138.2833,71.2813,5.2088],[138.2792,71.2833,1.572],[138.2708,71.2833,6.1488],[138.2693,71.2849,3.4247],[138.2937,71.2854,0.7046],[138.2979,71.2833,1.7087],[138.3062,71.2833,0.0],[138.3104,71.2854,0.5268],[138.3313,71.2854,1.7263],[138.3354,71.2833,0.0],[138.3453,71.2828,2.0623],[138.3443,71.2797,0.0],[138.3537,71.2786,0.0],[138.3526,71.2755,0.0],[138.3578,71.2745,2.4277],[138.3557,71.2714,1.9421],[138.3401,71.2682,1.2633],[138.3516,71.2609,2.0924],[138.3479,71.2604,1.9641],[138.3438,71.2625,0.0],[138.3292,71.2625,1.6712],[138.3229,71.2583,2.2525],[138.3125,71.2583,0.0],[138.3089,71.2557,0.0],[138.312,71.2526,1.1055],[138.3078,71.2484,1.6428],[138.2958,71.2479,0.0],[138.2922,71.2443,0.0],[138.3,71.2417,1.1674],[138.3125,71.2417,2.1624],[138.3167,71.2396,2.1246],[138.325,71.2396,1.848],[138.3318,71.2453,2.1046],[138.3354,71.2458,1.9272],[138.3438,71.2417,1.9309],[138.3708,71.2417,2.0154],[138.3792,71.2375,1.3685],[138.3938,71.2375,1.5108],[138.3953,71.2359,0.9988],[138.3854,71.2333,0.689],[138.3687,71.2333,1.9099],[138.3672,71.2338,0.932],[138.3682,71.237,2.0957],[138.3667,71.2375,2.2686],[138.3188,71.2375,2.238],[138.3172,71.237,1.2332],[138.3172,71.2338,2.1493],[138.3229,71.2312,1.9899],[138.3266,71.2318,2.1058],[138.3234,71.2338,1.8259],[138.325,71.2354,1.6795],[138.3521,71.2354,1.5988],[138.3578,71.2318,1.3335],[138.3422,71.2286,0.7209],[138.3396,71.225,0.4342],[138.3354,71.225,2.8831],[138.3313,71.2271,1.2397],[138.3042,71.2271,2.9403],[138.2979,71.225,4.4664],[138.2917,71.2271,0.8349],[138.2792,71.2229,3.6756],[138.2625,71.2229,5.3832],[138.2568,71.2266,1.86],[138.2688,71.2271,2.338],[138.2786,71.2297,1.9705],[138.2771,71.2312,1.208],[138.2693,71.2318,1.3429],[138.2708,71.2333,0.0],[138.2917,71.2312,1.8982],[138.3016,71.2349,1.1746],[138.2958,71.2375,1.8689],[138.2896,71.2354,0.0],[138.2813,71.2354,1.3524],[138.275,71.2375,0.0],[138.2708,71.2354,1.6066],[138.2505,71.2349,0.0],[138.2521,71.2333,0.4316],[138.262,71.2328,2.0223],[138.2583,71.2292,2.2338],[138.2521,71.2312,0.3516],[138.2437,71.2312,2.2263],[138.2354,71.2354,0.0],[138.2271,71.2354,0.0],[138.2146,71.2312,1.6572],[138.2063,71.2312,1.5405],[138.1943,71.2359,1.5274],[138.2005,71.2432,1.5244],[138.2104,71.2438,1.4542],[138.212,71.2432,0.9639],[138.2109,71.2401,0.0],[138.2208,71.2396,1.4907],[138.225,71.2375,1.4006],[138.2287,71.238,1.3234],[138.2307,71.2412,0.0],[138.2125,71.2458,0.0],[138.1917,71.2458,0.0],[138.1734,71.2412,1.6289],[138.1714,71.238,1.1644],[138.1787,71.2349,1.1307],[138.1771,71.2333,1.2078],[138.1672,71.2338,0.6926],[138.163,71.2359,1.4016],[138.1641,71.2391,-0.3789],[138.1625,71.2396,0.0],[138.1521,71.2396,1.3626],[138.1505,71.238,0.0],[138.1557,71.2359,1.7781],[138.15,71.2354,1.7643],[138.1453,71.2318,1.3879],[138.138,71.2307,0.0],[138.1313,71.225,0.0],[138.1193,71.2245,1.105],[138.1125,71.2188,2.1903],[138.1083,71.2188,0.0],[138.0958,71.2146,2.0983],[138.0792,71.2146,1.4189],[138.075,71.2125,0.0],[138.063,71.212,1.8893],[138.0646,71.2104,1.3586],[138.0708,71.2104,1.7756],[138.075,71.2083,2.1542],[138.0833,71.2083,1.4648],[138.0891,71.2057,1.1681],[138.0875,71.2042,3.5791],[138.0792,71.2042,7.6857],[138.075,71.2063,2.0922],[138.0667,71.2063,1.8037],[138.0625,71.2083,0.5429],[138.0484,71.2089,7.1144],[138.0505,71.212,0.7336],[138.0578,71.213,2.0996],[138.0562,71.2146,0.0],[138.0333,71.2146,1.7721],[138.0292,71.2125,1.4403],[138.0208,71.2125,4.4126],[138.0193,71.213,3.0333],[138.0203,71.2161,1.9811],[138.0161,71.2182,0.0],[138.0063,71.2188,0.0],[138.0021,71.2208,0.0],[137.9937,71.2188,8.6266],[137.9922,71.2193,10.0276],[137.9932,71.2224,1.7285],[137.9875,71.225,0.0],[137.9729,71.2271,0.0],[137.9667,71.225,3.0723],[137.9625,71.2271,0.0],[137.9563,71.2271,0.8625],[137.9505,71.2297,3.8769],[137.9516,71.2328,0.0],[137.9276,71.2422,0.9035],[137.9287,71.2453,0.8002],[137.9245,71.2474,0.4813],[137.9167,71.2479,0.9694],[137.9125,71.25,1.0174],[137.9063,71.2479,0.6416],[137.9005,71.2484,1.0528],[137.9016,71.2516,1.121],[137.8984,71.2536,0.9615],[137.9036,71.2589,0.9901],[137.9021,71.2604,1.0991],[137.8979,71.2604,0.7668],[137.8979,71.2583,1.0751],[137.8901,71.2578,0.1125],[137.8818,71.2495,0.2484],[137.8849,71.2464,0.088],[137.8813,71.2438,2.4967],[137.8693,71.2484,0.4903],[137.8703,71.2516,0.3294],[137.8667,71.2521,2.0033],[137.8568,71.2495,0.0],[137.8599,71.2464,1.4625],[137.8479,71.2458,0.0],[137.8417,71.2417,0.2481],[137.8089,71.2391,0.0],[137.8026,71.2328,0.6828],[137.8057,71.2297,0.0],[137.7984,71.2286,0.7214],[137.7974,71.2255,0.6297],[137.7901,71.2245,0.0],[137.788,71.2224,0.0],[137.7953,71.2182,0.3274],[137.7943,71.2151,0.0],[137.8146,71.2125,1.246],[137.8229,71.2083,0.0],[137.8438,71.2083,0.3667],[137.8453,71.2078,0.4365],[137.8443,71.2047,0.5231],[137.8458,71.2042,0.0],[137.8604,71.2042,0.0],[137.8703,71.2068,2.8561],[137.8687,71.2083,4.04],[137.8625,71.2083,3.3184],[137.8568,71.2109,4.2536],[137.8609,71.2182,4.9559],[137.8646,71.2188,4.4324],[137.8687,71.2167,3.0293],[137.8771,71.2167,4.3162],[137.8828,71.2141,4.4611],[137.8797,71.2099,4.4899],[137.8813,71.2083,7.1467],[137.9021,71.2083,3.6487],[137.9146,71.2021,0.0],[137.9245,71.2016,2.9097],[137.9182,71.1943,0.0],[137.9109,71.1932,0.0],[137.9182,71.1891,2.1448],[137.9182,71.1859,0.0],[137.9026,71.1828,0.0],[137.9005,71.1797,0.0],[137.9036,71.1776,2.1724],[137.8963,71.1766,0.0],[137.8979,71.175,0.0],[137.9125,71.175,0.0],[137.9193,71.1807,0.0],[137.9349,71.1839,0.0],[137.937,71.187,0.0],[137.9276,71.1911,2.3269],[137.9417,71.1917,0.0],[137.9443,71.1953,1.8475],[137.95,71.1958,0.0],[137.9516,71.1974,0.0],[137.9333,71.2,0.863],[137.9318,71.2016,0.3864],[137.9417,71.2021,0.3037],[137.9479,71.2,2.812],[137.9495,71.2016,0.0],[137.9464,71.2037,0.0],[137.95,71.2063,0.0],[137.9557,71.2068,0.0],[137.9583,71.2104,1.5814],[137.9812,71.2104,3.3514],[137.9896,71.2063,1.9107],[137.9979,71.2063,0.0],[138.0042,71.2104,0.0],[138.0125,71.2104,0.0],[138.0146,71.2083,1.8773],[138.012,71.2047,2.4196],[137.9964,71.2016,0.0],[138.0036,71.1964,2.3416],[137.9995,71.1922,1.2259],[137.9922,71.1911,0.0],[137.9912,71.188,0.0],[137.9839,71.1797,0.0],[137.9917,71.1771,0.0],[137.9958,71.1792,1.7851],[138.0099,71.1797,0.0],[138.0141,71.187,0.0],[138.0042,71.1875,1.5378],[137.9979,71.1854,5.3809],[137.9964,71.187,4.3019],[138.0,71.1896,2.2583],[138.012,71.1901,0.0],[138.0083,71.1937,1.8242],[138.0125,71.1979,1.746],[138.0167,71.1979,0.0],[138.0208,71.2,0.0],[138.0437,71.2,1.469],[138.0578,71.1932,0.0],[138.0568,71.1901,0.0],[138.0672,71.1859,1.7277],[138.075,71.1854,2.2146],[138.0792,71.1833,0.0],[138.0875,71.1833,5.0336],[138.0943,71.1797,0.0],[138.1021,71.1792,0.0],[138.1078,71.1766,1.8189],[138.1062,71.175,0.0],[138.1005,71.1745,0.0],[138.0995,71.1713,0.0],[138.0943,71.1661,0.0],[138.0984,71.163,1.8545],[138.1037,71.163,1.087],[138.1125,71.1708,2.5174],[138.1208,71.1708,2.2496],[138.1224,71.1703,2.0824],[138.1214,71.1672,2.3025],[138.1313,71.1667,1.5873],[138.137,71.1641,2.1629],[138.1333,71.1625,2.3427],[138.1271,71.1646,1.6112],[138.1062,71.1583,2.2867],[138.0958,71.1604,2.5294],[138.0859,71.1578,0.0],[138.0828,71.1526,1.9874],[138.0771,71.1521,0.0],[138.0755,71.1505,1.9963],[138.0854,71.15,1.0863],[138.0917,71.1542,2.1784],[138.1021,71.1542,0.0],[138.1062,71.1563,0.0],[138.1146,71.1563,1.5385],[138.1292,71.1521,1.2451],[138.1375,71.1521,0.0],[138.1391,71.1516,0.0],[138.138,71.1484,0.0],[138.1463,71.1443,0.0],[138.1563,71.1438,3.6148],[138.1662,71.1391,2.0218],[138.1651,71.1359,0.0],[138.1687,71.1333,2.4517],[138.1667,71.1312,2.4422],[138.1609,71.1307,0.0],[138.1563,71.1271,2.6014],[138.1271,71.1208,0.0],[138.1224,71.1172,1.4441],[138.1151,71.1162,0.0],[138.1182,71.1141,0.0],[138.1172,71.1109,0.0],[138.1224,71.1099,2.0368],[138.1208,71.1083,1.8419],[138.0917,71.1083,2.0079],[138.0901,71.1088,2.0916],[138.0911,71.112,1.6841],[138.0896,71.1125,1.8469],[138.0708,71.1146,0.0],[138.063,71.1078,0.0],[138.0661,71.1047,1.919],[138.0625,71.1,0.0],[138.0661,71.0964,1.5117],[138.0562,71.0958,0.0],[138.0484,71.0984,0.0],[138.0495,71.1016,0.0],[138.0464,71.1036,1.8618],[138.0495,71.1078,1.2184],[138.0453,71.1099,0.0],[138.0354,71.1104,2.177],[138.0313,71.1125,1.2273],[138.0188,71.1125,0.0],[138.0146,71.1146,0.0],[137.9937,71.1146,6.7124],[137.9896,71.1167,0.0],[137.9833,71.1167,6.6958],[137.9818,71.1182,4.0221],[137.9849,71.1224,1.3382],[137.9797,71.1234,3.903],[137.9812,71.125,3.4323],[137.987,71.1255,2.1969],[137.9839,71.1276,3.1117],[137.9859,71.1307,3.9842],[138.0021,71.1312,0.0],[138.0099,71.1286,0.0],[138.0089,71.1255,0.0],[138.012,71.1234,0.0],[138.0089,71.1193,0.0],[138.0146,71.1167,0.0],[138.0203,71.1172,1.3578],[138.0229,71.1208,3.7771],[138.0417,71.1208,0.0],[138.0495,71.1234,0.0],[138.0537,71.1286,0.0],[138.0422,71.1339,6.044],[138.0412,71.137,0.0],[138.0333,71.1375,2.2287],[138.0292,71.1396,0.0],[138.0208,71.1396,0.0],[138.0193,71.138,0.0],[138.0224,71.1359,0.0],[138.0203,71.1339,0.0],[138.0104,71.1333,5.4821],[138.0005,71.138,4.7395],[138.0005,71.1412,2.348],[138.0026,71.1432,0.0],[138.0167,71.1458,0.0],[138.0182,71.1474,0.0],[137.9958,71.1479,0.0],[137.9917,71.1458,2.5136],[137.9771,71.1458,0.0],[137.9745,71.1495,0.0],[137.9646,71.15,0.0],[137.9609,71.1464,1.8027],[137.9703,71.1432,0.0],[137.9682,71.1401,0.0],[137.9583,71.1375,0.0],[137.9521,71.1396,0.0],[137.9438,71.1396,1.7777],[137.9401,71.137,0.0],[137.9458,71.1333,7.3406],[137.9521,71.1333,6.2113],[137.9599,71.1307,7.1365],[137.9583,71.1292,6.5775],[137.9526,71.1286,5.6391],[137.9557,71.1255,7.1448],[137.9521,71.125,8.349],[137.9401,71.1297,7.5949],[137.9411,71.1328,8.191],[137.937,71.1349,0.0],[137.9271,71.1354,0.8602],[137.9172,71.1266,1.3177],[137.9151,71.1224,0.0],[137.9167,71.1208,0.0],[137.9245,71.1203,0.0],[137.9354,71.1146,0.0],[137.9411,71.1151,2.1367],[137.9438,71.1188,2.9993],[137.9557,71.1182,1.8384],[137.9516,71.113,1.3869],[137.9396,71.1125,2.271],[137.9349,71.1088,1.3276],[137.9276,71.1078,0.0],[137.9229,71.1042,0.0],[137.9063,71.1042,0.0],[137.9,71.1021,11.4034],[137.8984,71.1026,12.0642],[137.8995,71.1057,0.0],[137.8901,71.1068,6.0382],[137.8911,71.112,0.0],[137.8896,71.1125,2.0985],[137.8833,71.1104,1.9503],[137.8729,71.1104,0.0],[137.8687,71.1083,0.0],[137.8401,71.1088,2.3951],[137.8417,71.1104,2.1434],[137.8474,71.1109,0.0],[137.8484,71.1141,2.1206],[137.8557,71.1151,0.0],[137.8526,71.1182,2.3206],[137.8557,71.1224,0.0],[137.8464,71.1255,1.8614],[137.8537,71.1339,0.0],[137.8505,71.1359,0.0],[137.8516,71.1412,0.0],[137.8484,71.1432,1.9923],[137.8537,71.1495,0.0],[137.8458,71.1521,0.0],[137.8396,71.1521,1.5307],[137.8338,71.1547,0.5464],[137.837,71.1599,0.0],[137.8255,71.1609,-0.6583],[137.8266,71.1641,1.2606],[137.825,71.1646,1.1635],[137.8089,71.163,0.0],[137.8109,71.1682,1.879],[137.8161,71.1734,0.0],[137.813,71.1755,1.0632],[137.8141,71.1787,1.4155],[137.8089,71.1797,4.0181],[137.8099,71.1828,0.0],[137.8042,71.1854,0.0],[137.7854,71.1875,0.7673],[137.7797,71.1901,0.5115],[137.787,71.1995,0.0],[137.7776,71.2026,1.1769],[137.7786,71.2057,1.3267],[137.7755,71.2068,1.1738],[137.7766,71.2099,0.0],[137.7713,71.2109,0.8176],[137.7745,71.2161,0.0],[137.7672,71.2193,0.8368],[137.7667,71.2208,1.0236],[137.7672,71.2224,0.9083],[137.7745,71.2234,0.0],[137.7849,71.2338,0.5631],[137.787,71.2391,0.6936],[137.7839,71.2412,-1.0327],[137.788,71.2453,1.0339],[137.7953,71.2464,0.0],[137.7922,71.2484,0.5372],[137.7912,71.2516,0.8237],[137.7875,71.2521,0.0],[137.7813,71.25,0.5216],[137.7797,71.2516,0.5879],[137.7828,71.2557,0.4305],[137.7667,71.2562,0.0],[137.7568,71.2537,0.5103],[137.7516,71.2484,0.7533],[137.7359,71.2453,0.0],[137.7391,71.2432,0.0],[137.7375,71.2417,0.0],[137.7292,71.2417,0.4849],[137.7234,71.2443,1.3736],[137.7271,71.2479,1.4623],[137.7391,71.2484,0.0],[137.7417,71.2521,0.7791],[137.738,71.2557,1.7547],[137.7422,71.2599,1.5762],[137.7495,71.2609,0.0],[137.7516,71.263,0.0],[137.75,71.2646,1.3539],[137.7417,71.2646,0.8479],[137.7401,71.2662,0.7337],[137.7703,71.2714,3.9005],[137.7672,71.2745,6.2901],[137.7708,71.2771,9.311],[137.7766,71.2776,8.5783],[137.7786,71.2807,0.541],[137.7604,71.2813,0.0],[137.7542,71.2792,13.5695],[137.75,71.2813,0.0],[137.7292,71.2813,0.0],[137.7255,71.2786,0.0],[137.7287,71.2766,4.2248],[137.7271,71.275,2.5192],[137.7188,71.2771,0.0],[137.7146,71.275,2.7788],[137.7042,71.275,0.0],[137.6984,71.2693,0.0],[137.7036,71.2682,4.8551],[137.7026,71.2651,0.0],[137.7057,71.263,0.0],[137.6984,71.262,0.0],[137.6917,71.2562,1.355],[137.6797,71.2557,0.0],[137.6776,71.2526,0.0],[137.6828,71.2516,1.4164],[137.6807,71.2484,1.3046],[137.6667,71.2479,0.8907],[137.6667,71.2458,0.0],[137.6604,71.2458,0.0],[137.6458,71.2417,0.8027],[137.6438,71.2438,0.0],[137.6453,71.2474,0.8828],[137.638,71.2505,0.0],[137.6396,71.2542,0.0],[137.6375,71.2562,0.0],[137.6276,71.2557,0.9494],[137.6307,71.2526,0.8396],[137.6271,71.2521,0.8603],[137.6187,71.2562,0.8733],[137.6109,71.2568,0.0],[137.612,71.2599,0.0],[137.6,71.2646,0.6013],[137.5776,71.2651,5.3232],[137.5792,71.2667,1.3013],[137.5849,71.2672,0.0],[137.5833,71.2688,0.0],[137.575,71.2688,0.6341],[137.5625,71.2646,0.0],[137.5589,71.2651,0.0],[137.5599,71.2682,0.6923],[137.5464,71.2734,1.1193],[137.5474,71.2766,0.7676],[137.5443,71.2776,2.2983],[137.5453,71.2807,1.5355],[137.5401,71.2818,2.267],[137.5474,71.2849,0.9531],[137.538,71.2859,2.2381],[137.5401,71.2891,1.7698],[137.5474,71.2901,1.0442],[137.5443,71.2932,1.4346],[137.5516,71.2943,0.0],[137.5516,71.2974,0.0],[137.5479,71.2979,2.1823],[137.5417,71.2958,1.8323],[137.5401,71.2963,1.9551],[137.5412,71.2995,0.806],[137.5375,71.3,0.0],[137.5328,71.2963,0.0],[137.5292,71.2958,0.0],[137.525,71.2979,0.0],[137.5172,71.2984,1.8613],[137.5172,71.3016,1.8277],[137.5203,71.3057,1.9288],[137.5172,71.3078,2.0766],[137.5292,71.3083,0.472],[137.5328,71.3109,0.7866],[137.5234,71.3151,1.1128],[137.5245,71.3182,1.0346],[137.5151,71.3193,0.0],[137.5172,71.3224,0.5733],[137.5245,71.3234,0.0],[137.5193,71.3266,0.5742],[137.5292,71.3292,0.8304],[137.5458,71.3292,0.0],[137.55,71.3271,0.0],[137.5724,71.3276,0.0],[137.5693,71.3297,5.6959],[137.5703,71.3328,0.0],[137.5625,71.3354,1.0563],[137.5562,71.3354,8.0971],[137.5443,71.3401,4.537],[137.5453,71.3432,1.0499],[137.5333,71.3417,0.0],[137.5286,71.338,0.0],[137.5188,71.3354,4.8368],[137.5104,71.3354,0.9957],[137.5021,71.3396,0.0],[137.4922,71.3401,7.7703],[137.4995,71.3432,1.7988],[137.4839,71.3443,0.3204],[137.4854,71.3458,0.8736],[137.4912,71.3464,0.057],[137.4896,71.3479,0.9344],[137.4812,71.3479,0.6255],[137.4771,71.3458,0.8449],[137.4604,71.3458,1.3065],[137.4563,71.3479,0.0],[137.4312,71.3479,0.9035],[137.4287,71.3516,0.0],[137.4245,71.3536,0.0],[137.4167,71.3542,1.0903],[137.4089,71.3568,1.5946],[137.4104,71.3583,1.5544],[137.4162,71.3588,1.1811],[137.413,71.362,1.2003],[137.4162,71.3662,1.4026],[137.4063,71.3667,1.6582],[137.4047,71.3682,1.8829],[137.4187,71.3688,1.0319],[137.4229,71.3708,0.0],[137.4396,71.3708,0.0],[137.4495,71.3745,0.643],[137.4333,71.375,2.2007],[137.4208,71.3812,2.2431],[137.4063,71.3812,0.5448],[137.4021,71.3833,0.864],[137.3917,71.3812,0.0],[137.3901,71.3797,0.0],[137.4063,71.3792,0.0],[137.412,71.3755,1.3915],[137.4083,71.3729,2.0572],[137.4026,71.3724,0.0],[137.3995,71.3693,1.9786],[137.3922,71.3682,0.0],[137.387,71.363,1.98],[137.3771,71.3604,1.8153],[137.3542,71.3604,1.346],[137.3333,71.3542,0.9336],[137.325,71.3542,0.0],[137.3234,71.3547,2.4433],[137.3245,71.3578,0.0],[137.3167,71.3604,0.546],[137.3042,71.3604,3.1221],[137.2984,71.363,0.7316],[137.2984,71.3662,0.7711],[137.3167,71.3667,1.1334],[137.3229,71.3646,2.3628],[137.3286,71.3693,0.0],[137.3234,71.3714,1.9738],[137.3255,71.3745,1.4603],[137.3375,71.375,0.8966],[137.3417,71.3729,0.0],[137.3495,71.3724,0.0],[137.3484,71.3693,0.0],[137.3516,71.3682,2.05],[137.3526,71.3651,0.0],[137.3625,71.3646,0.0],[137.3662,71.3682,0.0],[137.3609,71.3703,0.9917],[137.3667,71.3708,0.7227],[137.3682,71.3724,0.7971],[137.3542,71.3729,1.6637],[137.3484,71.3766,1.7807],[137.3604,71.3792,1.6578],[137.375,71.375,0.8697],[137.3849,71.3755,0.6135],[137.387,71.3786,1.0609],[137.3797,71.3818,0.0],[137.3792,71.3833,0.0],[137.3797,71.3849,1.441],[137.387,71.3859,0.0],[137.3839,71.3891,1.6053],[137.387,71.3932,0.0],[137.3813,71.3958,0.0],[137.3604,71.3958,1.3379],[137.3562,71.3979,0.0],[137.3479,71.3979,1.0732],[137.3464,71.3984,0.8496],[137.3474,71.4016,0.3598],[137.3396,71.4021,0.0],[137.3354,71.4042,0.0],[137.3271,71.4042,0.0],[137.3229,71.4063,0.0],[137.2917,71.4063,0.0],[137.2875,71.4083,0.0],[137.2604,71.4083,2.181],[137.25,71.4125,0.5957],[137.1854,71.4125,7.9438],[137.1812,71.4146,0.0],[137.1604,71.4146,1.4932],[137.1563,71.4167,0.0],[137.1417,71.4167,0.0],[137.1375,71.4187,0.0],[137.1187,71.4187,2.7705],[137.1172,71.4193,1.3101],[137.1182,71.4224,0.0],[137.113,71.4245,0.0],[137.125,71.425,0.0],[137.1266,71.4266,0.5321],[137.1062,71.4271,0.8212],[137.1021,71.4292,0.0],[137.0922,71.4297,12.9304],[137.0932,71.4328,0.0],[137.0917,71.4333,0.0],[137.0776,71.4339,1.4052],[137.0792,71.4354,1.3212],[137.0849,71.4359,0.0],[137.087,71.4411,0.0],[137.0521,71.4563,0.0],[137.0458,71.4563,1.0811],[137.0354,71.4604,0.0],[137.0229,71.4604,16.5174],[137.0188,71.4625,0.0],[136.9979,71.4625,0.0],[136.9937,71.4646,0.0],[136.9792,71.4646,2.1121],[136.9708,71.4688,0.0],[136.963,71.4693,3.2775],[136.962,71.4724,0.0],[136.9588,71.4734,0.2675],[136.962,71.4786,0.0],[136.9547,71.4838,0.9209],[136.9557,71.487,0.0],[136.938,71.4943,1.1484],[136.9391,71.4974,0.0],[136.9339,71.4984,0.6519],[136.9141,71.5078,0.0],[136.8979,71.5083,0.9685],[136.8938,71.5104,0.7844],[136.8604,71.5104,1.7407],[136.8521,71.5146,1.0234],[136.8438,71.5146,0.9213],[136.8396,71.5125,1.2095],[136.8354,71.5125,1.8725],[136.8297,71.5151,0.0],[136.8333,71.5188,1.0805],[136.8375,71.5188,0.96],[136.8417,71.5208,1.0565],[136.85,71.5208,1.0636],[136.8542,71.5188,1.1935],[136.8703,71.5182,0.6527],[136.8687,71.5167,0.7481],[136.863,71.5162,0.8563],[136.8609,71.5141,0.9205],[136.8625,71.5125,0.0],[136.8958,71.5125,0.7631],[136.9,71.5104,0.0],[136.9083,71.5104,0.0],[136.9099,71.512,0.9876],[136.9021,71.5125,0.9944],[136.8963,71.5162,0.7365],[136.9,71.5188,0.0],[136.9083,71.5188,1.0171],[136.9229,71.5146,0.0],[136.9333,71.5146,1.0388],[136.9432,71.5172,0.0],[136.9443,71.5203,0.4196],[136.9516,71.5214,0.4537],[136.95,71.5229,0.3548],[136.9438,71.5229,0.5035],[136.938,71.5255,0.6037],[136.9391,71.5286,0.3278],[136.9375,71.5292,0.0],[136.9333,71.5292,0.4803],[136.9292,71.5271,0.0],[136.9208,71.5271,0.5277],[136.9151,71.5297,0.5295],[136.9162,71.5328,0.0],[136.9146,71.5333,0.0],[136.9104,71.5333,0.4948],[136.9063,71.5313,0.5824],[136.8958,71.5313,0.7393],[136.8917,71.5292,0.7618],[136.8833,71.5292,0.0],[136.875,71.5333,0.3974],[136.8,71.5313,0.5912],[136.7958,71.5333,0.4315],[136.7688,71.5333,0.5013],[136.7672,71.5349,0.3676],[136.7854,71.5354,0.466],[136.787,71.537,0.3117],[136.7792,71.5375,0.5621],[136.775,71.5396,0.0],[136.7583,71.5396,0.0],[136.7542,71.5375,0.5562],[136.7292,71.5354,0.0],[136.7083,71.5292,0.9473],[136.6964,71.5286,0.0],[136.6979,71.5271,0.828],[136.7057,71.5266,1.1396],[136.7047,71.5234,1.0492],[136.7099,71.5224,1.2949],[136.7,71.5188,1.0746],[136.675,71.5167,1.6513],[136.6708,71.5188,1.6122],[136.6625,71.5188,1.162],[136.6589,71.5151,0.0],[136.6682,71.5109,1.3591],[136.6609,71.5099,0.0],[136.6536,71.5026,2.2406],[136.6297,71.4974,0.3776],[136.6349,71.4953,1.4926],[136.6313,71.4917,1.0677],[136.6187,71.4896,0.3444],[136.6146,71.4875,1.1831],[136.6042,71.4875,0.4141],[136.6005,71.4849,0.9427],[136.6047,71.4818,0.7602],[136.6141,71.4786,0.7539],[136.613,71.4755,1.051],[136.6208,71.4729,1.3494],[136.6333,71.4729,1.61],[136.6349,71.4724,1.61],[136.6339,71.4693,1.5824],[136.6458,71.4646,1.4049],[136.6536,71.4641,0.4392],[136.6542,71.4625,1.6343],[136.6505,71.4578,1.3667],[136.6536,71.4557,0.4015],[136.6516,71.4526,0.5608],[136.6463,71.4516,0.5954],[136.637,71.4422,0.8212],[136.6297,71.4411,0.6028],[136.6245,71.4339,1.1212],[136.6146,71.4313,-0.7431],[136.6109,71.4318,0.9919],[136.612,71.437,1.6455],[136.6062,71.4396,1.9436],[136.6,71.4396,1.7714],[136.5984,71.4411,1.9123],[136.6083,71.4417,2.0939],[136.6125,71.4396,1.9719],[136.6162,71.4401,1.8566],[136.6276,71.4537,0.6995],[136.6333,71.4542,-0.8994],[136.6349,71.4557,-1.0338],[136.6292,71.4583,0.2033],[136.625,71.4583,1.3505],[136.6208,71.4542,1.5459],[136.6167,71.4542,1.9105],[136.6125,71.4521,1.8027],[136.6068,71.4526,-0.4196],[136.6089,71.4557,0.4686],[136.6162,71.4568,-0.8601],[136.613,71.4599,1.0135],[136.6162,71.4641,0.6],[136.6109,71.4651,1.4211],[136.612,71.4682,0.1647],[136.6062,71.4708,0.8843],[136.5964,71.4714,1.2989],[136.5974,71.4745,0.7836],[136.588,71.4755,0.2111],[136.5854,71.4792,0.4247],[136.5651,71.4797,1.5398],[136.5667,71.4812,1.3693],[136.5724,71.4818,1.5576],[136.5724,71.4849,1.4337],[136.5693,71.487,1.2945],[136.5766,71.488,0.2722],[136.5833,71.4938,0.6874],[136.5974,71.4964,0.3539],[136.5984,71.4995,1.4592],[136.6047,71.5057,1.3605],[136.6203,71.5089,0.0],[136.6167,71.5125,1.2764],[136.6182,71.5162,0.55],[136.6021,71.5167,0.7797],[136.5979,71.5146,1.1919],[136.5875,71.5146,0.0],[136.5813,71.5104,1.8858],[136.5437,71.5104,0.0],[136.5396,71.5083,0.7661],[136.5292,71.5083,0.0],[136.525,71.5062,1.348],[136.5146,71.5062,0.6655],[136.5104,71.5042,1.4543],[136.4854,71.5021,0.0],[136.4646,71.4958,1.5426],[136.4542,71.4958,0.0],[136.4,71.4812,1.861],[136.375,71.4812,0.0],[136.3708,71.4792,1.9644],[136.3479,71.4792,0.0],[136.3438,71.4771,2.0367],[136.3208,71.4771,0.0],[136.3167,71.475,1.377],[136.2792,71.475,0.0],[136.2693,71.4724,0.9489],[136.2672,71.4693,0.0],[136.2849,71.4682,2.4074],[136.2932,71.4641,0.0],[136.2922,71.4589,0.0],[136.2953,71.4568,2.4259],[136.2896,71.4563,0.0],[136.2849,71.4526,1.086],[136.2776,71.4516,0.0],[136.275,71.4479,2.5349],[136.263,71.4474,0.0],[136.2557,71.4401,0.0],[136.2458,71.4375,1.7171],[136.2042,71.4375,1.9876],[136.2,71.4396,0.0],[136.1792,71.4396,0.0],[136.1729,71.4375,2.6633],[136.1687,71.4396,0.0],[136.1583,71.4396,0.0],[136.1542,71.4375,2.2374],[136.1438,71.4375,2.6136],[136.1422,71.4359,2.3343],[136.1542,71.4313,2.872],[136.1604,71.4313,2.9192],[136.162,71.4297,0.0],[136.1458,71.4292,2.0613],[136.1417,71.4313,0.0],[136.1333,71.4313,1.3338],[136.1276,71.4349,2.208],[136.1297,71.437,2.5633],[136.1479,71.4417,4.3145],[136.1708,71.4417,0.0],[136.175,71.4437,2.2447],[136.2063,71.4437,0.0],[136.2125,71.4458,1.7347],[136.2167,71.4437,1.5465],[136.2292,71.4437,2.2087],[136.2333,71.4417,0.0],[136.2375,71.4417,0.0],[136.2417,71.4437,1.5603],[136.2536,71.4443,0.0],[136.2484,71.4474,2.0408],[136.2526,71.4516,0.0],[136.2682,71.4547,0.0],[136.2745,71.4641,0.0],[136.2688,71.4667,0.0],[136.2542,71.4667,1.3464],[136.25,71.4688,0.0],[136.2339,71.4693,2.2852],[136.2349,71.4724,1.9626],[136.2318,71.4745,2.4909],[136.2391,71.4755,0.0],[136.2437,71.4812,2.2664],[136.3396,71.4812,0.0],[136.3438,71.4833,1.2409],[136.3562,71.4833,0.0],[136.3604,71.4854,0.0],[136.3708,71.4854,0.0],[136.375,71.4875,0.9639],[136.3917,71.4875,0.0],[136.3958,71.4896,1.7949],[136.4063,71.4896,0.0],[136.4271,71.4958,1.1883],[136.4375,71.4958,0.0],[136.4443,71.5016,1.0247],[136.4516,71.5026,0.889],[136.4526,71.5057,0.8936],[136.4682,71.5089,1.7234],[136.4667,71.5104,1.619],[136.4479,71.5104,1.477],[136.4438,71.5125,2.0386],[136.4354,71.5125,1.94],[136.4312,71.5146,1.7885],[136.4234,71.5151,2.0676],[136.4104,71.5208,1.1947],[136.4021,71.5208,1.9098],[136.3979,71.5229,1.8153],[136.3896,71.5208,2.0084],[136.388,71.5214,1.9101],[136.3891,71.5245,1.5656],[136.3854,71.5271,1.3654],[136.3891,71.5328,1.6774],[136.3854,71.5333,1.5839],[136.3792,71.5313,1.4691],[136.3776,71.5318,1.9877],[136.3786,71.5349,1.676],[136.3734,71.5359,1.8519],[136.375,71.5375,1.6065],[136.4104,71.5375,1.4962],[136.412,71.5359,1.9153],[136.4063,71.5354,1.4917],[136.4047,71.5339,1.5953],[136.4141,71.5307,1.6145],[136.412,71.5276,1.6409],[136.3938,71.5271,1.3502],[136.3922,71.5255,1.5438],[136.4,71.525,1.7088],[136.4042,71.5229,1.0777],[136.4125,71.5229,0.8662],[136.4271,71.5188,0.0681],[136.4354,71.5188,1.3207],[136.4396,71.5167,0.7515],[136.4479,71.5188,1.1818],[136.4521,71.5167,0.4902],[136.462,71.5162,1.2485],[136.4729,71.5104,1.9559],[136.4833,71.5104,0.0],[136.4875,71.5125,1.5688],[136.4979,71.5125,0.0],[136.5021,71.5146,1.3382],[136.525,71.5146,0.0],[136.5292,71.5167,0.7611],[136.5396,71.5167,0.0],[136.5604,71.5229,1.706],[136.5688,71.5208,0.0],[136.5729,71.5229,1.5149],[136.5917,71.5229,0.0],[136.5964,71.5266,0.8808],[136.612,71.5297,0.9589],[136.6068,71.5318,0.8256],[136.6089,71.5349,0.8646],[136.6187,71.5375,0.5562],[136.6307,71.538,0.0],[136.6276,71.5401,1.2049],[136.6297,71.5432,1.0172],[136.6479,71.5479,0.0],[136.6583,71.5479,0.0],[136.663,71.5516,1.0042],[136.6703,71.5526,0.0],[136.6714,71.5557,0.9968],[136.6787,71.5568,0.0],[136.6833,71.5604,0.9333],[136.7021,71.5604,0.0],[136.7146,71.5646,0.8368],[136.7375,71.5646,0.0],[136.7422,71.5682,0.7529],[136.7495,71.5693,0.5531],[136.7536,71.5745,0.0],[136.7479,71.575,0.0],[136.7417,71.5729,0.6603],[136.7333,71.5771,0.0],[136.725,71.5771,0.0],[136.7208,71.5792,0.0],[136.6938,71.5792,0.624],[136.6792,71.5833,0.0],[136.6521,71.5833,0.7696],[136.6505,71.5849,0.5485],[136.6563,71.5854,0.5629],[136.6578,71.587,0.6414],[136.6458,71.5917,0.0],[136.6333,71.5917,0.5451],[136.6292,71.5938,0.6432],[136.6208,71.5938,0.7731],[136.6167,71.5958,0.6274],[136.613,71.5953,0.6155],[136.6162,71.5922,0.7782],[136.5958,71.5875,0.7334],[136.5943,71.5891,0.8491],[136.5964,71.5911,0.8932],[136.6037,71.5922,0.7501],[136.6057,71.5953,0.8157],[136.6005,71.5964,0.9836],[136.5896,71.6021,0.7401],[136.5797,71.6026,0.7043],[136.587,71.6057,0.7238],[136.5734,71.6109,0.8752],[136.5891,71.6162,1.1137],[136.5833,71.6188,1.0615],[136.5672,71.6193,1.1775],[136.5682,71.6224,1.0085],[136.5625,71.625,0.9744],[136.5521,71.625,0.9825],[136.5479,71.6229,1.3637],[136.5375,71.6229,1.24],[136.5359,71.6214,1.02],[136.5479,71.6167,1.069],[136.5625,71.6167,1.0457],[136.5682,71.613,1.0767],[136.5646,71.6125,1.0721],[136.5583,71.6146,1.1069],[136.5542,71.6125,1.0729],[136.5167,71.6125,1.0334],[136.5104,71.6083,0.9713],[136.5,71.6104,0.9406],[136.4979,71.6083,1.2479],[136.4854,71.6083,1.3817],[136.4812,71.6062,1.1697],[136.4729,71.6062,1.2855],[136.4667,71.6083,1.2495],[136.4625,71.6062,1.3752],[136.4312,71.6062,1.0556],[136.4214,71.6036,1.1372],[136.4193,71.6016,0.9091],[136.4208,71.6,1.1901],[136.4312,71.6,0.8508],[136.4354,71.6021,1.0056],[136.4521,71.6021,0.0],[136.4583,71.6042,0.7754],[136.4625,71.6021,0.0],[136.4708,71.6021,1.271],[136.475,71.6,0.0],[136.4875,71.6,0.7676],[136.4917,71.5979,0.0],[136.4958,71.5979,0.0],[136.5083,71.6021,0.9783],[136.5188,71.6021,0.0],[136.5313,71.6062,0.7859],[136.5537,71.6057,0.0],[136.5521,71.6042,0.0],[136.538,71.6016,0.0],[136.538,71.5984,0.7773],[136.5412,71.5974,0.8054],[136.5396,71.5958,0.7058],[136.5333,71.5979,0.7765],[136.5167,71.5979,1.0739],[136.5125,71.5958,0.8739],[136.4833,71.5958,0.0],[136.4797,71.5932,0.7341],[136.4812,71.5917,0.0],[136.4875,71.5917,1.0019],[136.4953,71.5891,0.8733],[136.4943,71.5859,0.0],[136.5021,71.5854,0.7291],[136.5141,71.5807,0.7035],[136.5042,71.5771,0.6364],[136.4979,71.5792,0.6716],[136.4875,71.5792,0.0],[136.4812,71.5771,0.0],[136.4755,71.5797,0.0],[136.4787,71.5849,0.0],[136.4708,71.5875,0.0],[136.4625,71.5875,0.0],[136.4563,71.5854,0.0],[136.4521,71.5875,0.0],[136.4292,71.5875,0.0],[136.4276,71.5859,0.0],[136.4307,71.5839,0.0],[136.4125,71.5792,0.9257],[136.3979,71.5792,0.0],[136.3963,71.5797,0.7335],[136.3974,71.5828,0.7689],[136.3958,71.5833,1.3199],[136.3792,71.5833,1.2967],[136.375,71.5792,1.3262],[136.3583,71.5792,1.4439],[136.3526,71.5818,1.4234],[136.3526,71.5849,1.3023],[136.3667,71.5854,0.6028],[136.3682,71.587,0.0],[136.3604,71.5896,0.0],[136.3542,71.5875,0.9123],[136.3443,71.588,0.0],[136.3464,71.5911,0.0],[136.3537,71.5922,0.0],[136.3557,71.5964,0.0],[136.3542,71.5979,0.0],[136.3458,71.5979,0.0],[136.3417,71.5958,0.0],[136.3167,71.5958,0.5834],[136.3125,71.5938,0.9505],[136.2943,71.5922,0.8597],[136.2979,71.5958,0.7937],[136.3083,71.5958,0.7471],[136.3208,71.6,0.9582],[136.3292,71.5979,0.8675],[136.3391,71.6005,1.1189],[136.3333,71.6042,0.7322],[136.3234,71.6047,1.1378],[136.3266,71.6099,0.8249],[136.3188,71.6104,1.0789],[136.3161,71.6141,0.9458],[136.3083,71.6146,1.3197],[136.3042,71.6167,1.378],[136.2937,71.6167,1.2693],[136.2922,71.613,1.2702],[136.2953,71.6109,1.3117],[136.2854,71.6083,1.1619],[136.2437,71.6083,1.21],[136.2396,71.6104,1.396],[136.225,71.6104,1.3772],[136.2208,71.6125,1.3108],[136.2125,71.6125,1.4468],[136.2042,71.6062,1.2158],[136.1943,71.6068,1.2329],[136.1953,71.6099,1.2513],[136.1938,71.6104,1.2513],[136.1771,71.6104,1.0855],[136.1708,71.6062,1.1204],[136.1625,71.6062,1.402],[136.1609,71.6078,0.8539],[136.1667,71.6083,0.8933],[136.1682,71.6099,1.4191],[136.1396,71.6188,1.0786],[136.1333,71.6167,1.2689],[136.1229,71.6167,1.3371],[136.1187,71.6146,1.2509],[136.1021,71.6146,1.31],[136.0979,71.6125,0.9121],[136.0875,71.6146,0.8943],[136.0833,71.6125,0.7184],[136.0688,71.6125,1.1663],[136.063,71.6151,0.7377],[136.0646,71.6167,1.2104],[136.0729,71.6167,1.4301],[136.0792,71.6146,1.1996],[136.0838,71.6182,1.2755],[136.0911,71.6193,1.3824],[136.0833,71.6229,1.8017],[136.063,71.6255,0.6274],[136.0651,71.6286,0.0],[136.0688,71.6292,0.0],[136.0813,71.625,0.0],[136.0854,71.6271,0.4098],[136.0974,71.6276,0.0],[136.0995,71.6297,0.0],[136.0979,71.6312,0.0],[136.0833,71.6312,0.0],[136.0792,71.6333,0.0],[136.05,71.6333,0.0],[136.0437,71.6312,0.4868],[136.0396,71.6333,0.4735],[136.0313,71.6333,0.5684],[136.0271,71.6312,0.6455],[136.0083,71.6312,0.6526],[136.0021,71.6292,0.8134],[135.9979,71.6312,0.7165],[135.9771,71.6312,0.3485],[135.9714,71.6339,0.5973],[135.9729,71.6354,0.4147],[135.9812,71.6354,0.2896],[135.9854,71.6333,0.1787],[135.9896,71.6333,0.5064],[135.9932,71.638,0.5677],[135.9917,71.6396,0.4629],[135.9771,71.6396,0.751],[135.9708,71.6417,0.8056],[135.9646,71.6375,0.418],[135.95,71.6375,0.4602],[135.9484,71.6391,0.8216],[135.9604,71.6396,0.6786],[135.962,71.6412,0.7165],[135.9458,71.6417,0.5048],[135.9417,71.6438,0.3674],[135.9354,71.6417,0.3709],[135.9208,71.6417,0.2855],[135.9167,71.6438,0.8145],[135.9125,71.6438,0.7893],[135.9083,71.6396,0.3547],[135.8896,71.6396,0.7691],[135.888,71.638,0.0],[135.8932,71.637,0.0],[135.8974,71.6339,0.0],[135.8875,71.6333,0.5417],[135.8833,71.6354,0.5586],[135.875,71.6354,0.5712],[135.8708,71.6375,0.4797],[135.8562,71.6375,0.8583],[135.8479,71.6417,0.2875],[135.8333,71.6417,0.193],[135.8271,71.6438,0.0],[135.8229,71.6417,0.2814],[135.8,71.6417,0.0],[135.7875,71.6375,0.8827],[135.7604,71.6354,0.0],[135.7583,71.6333,0.0],[135.7604,71.6312,0.0],[135.7667,71.6333,0.5418],[135.775,71.6333,0.0],[135.7813,71.6312,0.0],[135.7854,71.6333,0.0],[135.8021,71.6333,0.0],[135.8062,71.6312,0.0],[135.8141,71.6307,0.0],[135.8271,71.625,0.0],[135.8354,71.625,1.736],[135.8411,71.6224,1.4472],[135.8396,71.6208,0.0],[135.8338,71.6203,0.0],[135.8318,71.6172,1.5178],[135.8479,71.6167,1.0996],[135.8521,71.6146,0.986],[135.8604,71.6146,0.967],[135.862,71.613,0.5604],[135.8438,71.6125,0.4815],[135.8396,71.6146,1.2056],[135.825,71.6146,0.8742],[135.8234,71.6151,0.6577],[135.8245,71.6182,1.1532],[135.8167,71.6188,1.0392],[135.8062,71.6229,0.0],[135.8,71.6229,0.5111],[135.7896,71.6271,0.0],[135.7542,71.625,0.5615],[135.75,71.6271,0.0],[135.7167,71.6271,0.0],[135.7151,71.6276,0.0],[135.7161,71.6307,0.0],[135.7146,71.6312,0.0],[135.7109,71.6307,0.0],[135.7088,71.6286,0.0],[135.712,71.6266,1.2301],[135.7104,71.625,0.0],[135.7021,71.625,0.8547],[135.6979,71.6271,0.0],[135.6812,71.6271,0.0],[135.6687,71.6229,0.8514],[135.6458,71.6229,0.0],[135.6443,71.6214,0.0],[135.6479,71.6188,0.0],[135.6453,71.6151,0.0],[135.6271,71.6104,1.3167],[135.6208,71.6125,0.7887],[135.6104,71.6125,0.0],[135.6062,71.6083,0.4939],[135.5938,71.6083,0.8459],[135.575,71.6021,1.0602],[135.5646,71.6042,0.4086],[135.5604,71.6021,0.8206],[135.5437,71.6021,0.4684],[135.5396,71.6,0.6519],[135.5292,71.6,0.5993],[135.525,71.5979,0.7362],[135.5167,71.5979,0.4764],[135.5125,71.6,0.688],[135.4958,71.6,0.0],[135.4896,71.5958,0.7289],[135.4646,71.5938,0.0],[135.4354,71.5854,0.6808],[135.425,71.5854,0.0],[135.4125,71.5813,0.8789],[135.4021,71.5813,0.0],[135.3922,71.5787,0.0],[135.3901,71.5766,0.5578],[135.3901,71.5734,0.8789],[135.3932,71.5714,0.646],[135.3833,71.5708,1.2646],[135.3771,71.5729,0.847],[135.3734,71.5703,0.1421],[135.3766,71.5672,0.4974],[135.3646,71.5667,0.7551],[135.3604,71.5646,1.226],[135.3479,71.5625,0.7913],[135.3417,71.5583,1.9354],[135.3234,71.5568,0.3144],[135.3276,71.562,0.4344],[135.3396,71.5625,0.0],[135.3432,71.5651,0.0],[135.3354,71.5687,0.3769],[135.3271,71.5687,0.2442],[135.3208,71.5646,0.4464],[135.3104,71.5646,0.4389],[135.3042,71.5604,0.5857],[135.2958,71.5604,0.3094],[135.2891,71.5641,0.257],[135.2833,71.5646,0.0],[135.2786,71.5589,0.2567],[135.2688,71.5563,0.1463],[135.2604,71.5583,0.1461],[135.2563,71.5563,0.2476],[135.2375,71.5563,0.0],[135.2188,71.55,0.2944],[135.213,71.5495,0.0411],[135.2083,71.5458,0.2103],[135.2,71.5479,0.0],[135.1875,71.5437,0.0322],[135.1625,71.5417,0.0],[135.1578,71.538,0.1322],[135.1505,71.537,0.0],[135.1458,71.5333,0.4923],[135.1229,71.5333,0.0],[135.1187,71.5313,0.6826],[135.1083,71.5313,0.0],[135.0875,71.525,0.7991],[135.0771,71.525,0.4569],[135.0729,71.5229,1.3062],[135.0625,71.5229,0.5415],[135.0583,71.5208,1.0764],[135.0479,71.5208,0.4544],[135.038,71.5182,0.7664],[135.0396,71.5167,1.1921],[135.0604,71.5167,1.0596],[135.0646,71.5146,0.9102],[135.0729,71.5167,1.2526],[135.0849,71.512,1.0897],[135.0833,71.5104,1.4034],[135.0693,71.5078,1.229],[135.0729,71.5042,1.4575],[135.0688,71.5,1.2772],[135.0547,71.5047,1.2374],[135.0568,71.5078,1.2811],[135.0625,71.5083,0.9682],[135.0641,71.5099,1.4331],[135.0562,71.5125,0.8122],[135.0417,71.5125,1.0294],[135.0333,71.5167,0.0],[135.0188,71.5167,0.0],[135.0063,71.5125,0.7902],[134.9958,71.5125,0.0],[134.9917,71.5104,0.8251],[134.9875,71.5104,0.3249],[134.9828,71.5068,0.0],[134.9672,71.5036,0.0],[134.9646,71.5,0.8069],[134.9604,71.5,0.0],[134.9396,71.4938,1.1254],[134.9292,71.4938,0.0],[134.9276,71.4922,1.0362],[134.9307,71.4912,1.2598],[134.9292,71.4896,0.7183],[134.925,71.4896,0.0],[134.9208,71.4875,1.3506],[134.9089,71.487,1.0227],[134.9089,71.4838,1.2192],[134.912,71.4818,0.0],[134.9083,71.4792,0.6251],[134.8776,71.4786,0.6783],[134.8818,71.4755,0.3182],[134.8896,71.4729,1.2721],[134.8979,71.475,1.4589],[134.9021,71.4729,1.3523],[134.9104,71.4729,1.5651],[134.9146,71.4708,1.3336],[134.9224,71.4703,1.4076],[134.9208,71.4688,1.6287],[134.8875,71.4708,1.4372],[134.8833,71.4729,0.6039],[134.875,71.4729,0.8387],[134.8708,71.475,0.0],[134.8646,71.4729,0.5238],[134.8479,71.4729,0.0],[134.838,71.4703,0.0],[134.8349,71.4672,0.0],[134.8297,71.4661,0.0],[134.8328,71.463,0.9284],[134.8255,71.462,0.9952],[134.8234,71.4599,0.8549],[134.8286,71.4568,1.094],[134.8214,71.4557,1.6055],[134.8193,71.4526,0.0],[134.8292,71.4521,1.1628],[134.8333,71.45,0.3038],[134.8396,71.45,0.7668],[134.8458,71.4479,1.4985],[134.8557,71.4505,1.4193],[134.8604,71.4542,1.5767],[134.8766,71.4537,1.4255],[134.8766,71.4505,1.4093],[134.8729,71.4479,1.7487],[134.8687,71.4479,1.4001999999999999],[134.8646,71.4458,1.6433],[134.8479,71.4458,1.3808],[134.8464,71.4443,0.7243],[134.8599,71.4391,1.642],[134.8609,71.4359,1.789],[134.8703,71.4349,1.3826],[134.8687,71.4333,1.6415],[134.863,71.4328,0.0],[134.8682,71.4307,0.0],[134.8651,71.4255,0.0],[134.8729,71.4229,0.0],[134.8807,71.4224,0.0],[134.8797,71.4193,0.0],[134.8958,71.4187,0.0],[134.9063,71.4146,0.0],[134.9187,71.4146,1.6994],[134.9333,71.4083,0.0],[134.9479,71.4083,0.5228],[134.9563,71.4042,0.841],[134.9708,71.4042,1.0018],[134.975,71.4021,1.1477],[134.9833,71.4021,0.7227],[134.9896,71.4042,1.1889],[134.9937,71.4021,0.0],[135.0104,71.4021,0.0],[135.0167,71.4042,0.0],[135.0208,71.4021,0.0],[135.0333,71.4021,1.1529],[135.0412,71.3995,0.6773],[135.0401,71.3964,0.2643],[135.0432,71.3943,0.0],[135.0333,71.3938,1.6493],[135.0188,71.4,0.4435],[135.0104,71.4,0.9908],[135.0063,71.3979,1.6018],[134.9958,71.3979,1.2463],[134.9917,71.3958,1.1062],[134.9688,71.3958,0.0],[134.9651,71.3932,0.8702],[134.9771,71.3875,0.0],[134.9995,71.387,0.0],[134.9953,71.3797,1.8245],[134.975,71.3792,1.2807],[134.9734,71.3776,0.8444],[134.9812,71.375,0.8665],[134.9875,71.375,0.6782],[134.9979,71.3708,1.3166],[135.0057,71.3703,1.105],[135.0068,71.3672,1.8693],[135.0099,71.3662,1.4958],[135.0083,71.3646,1.8606],[134.9875,71.3667,2.0395],[134.9792,71.3708,1.3044],[134.9568,71.3714,1.4752],[134.9526,71.3734,1.3518],[134.9516,71.3766,1.6072],[134.9438,71.3792,0.2208],[134.9438,71.3812,1.7414],[134.9396,71.3812,1.8531],[134.9339,71.3839,2.0455],[134.9339,71.387,1.3364],[134.9354,71.3875,1.3379],[134.9458,71.3875,1.472],[134.9521,71.3854,1.0649],[134.962,71.388,1.8642],[134.9542,71.3917,0.0],[134.9479,71.3917,1.3793],[134.9438,71.3938,0.0],[134.9146,71.3938,0.9304],[134.9109,71.3901,1.4046],[134.9162,71.3891,1.1974],[134.9146,71.3875,1.5341],[134.9104,71.3875,1.4867],[134.9063,71.3854,0.8337],[134.8979,71.3854,1.0794],[134.8938,71.3875,1.2421],[134.8896,71.3875,1.2019],[134.8854,71.3854,1.3497],[134.8771,71.3854,1.4667],[134.8729,71.3833,1.4896],[134.8609,71.3839,1.7692],[134.8568,71.3859,1.8189],[134.8578,71.3891,1.6406],[134.8562,71.3896,1.6728],[134.8417,71.3896,1.432],[134.8375,71.3917,1.3761],[134.8338,71.3912,1.452],[134.8318,71.388,0.0],[134.8537,71.3849,2.0322],[134.8526,71.3797,0.0],[134.8745,71.3766,1.2784],[134.8729,71.375,1.5426],[134.8672,71.3745,1.7685],[134.8651,71.3724,1.8785],[134.8703,71.3703,2.1026],[134.8651,71.363,0.0],[134.8703,71.3609,2.0951],[134.8667,71.3583,1.3996],[134.8609,71.3578,0.0],[134.8589,71.3526,0.0],[134.862,71.3505,1.3764],[134.8547,71.3495,0.0],[134.8537,71.3464,0.8838],[134.8464,71.3453,0.0718],[134.8411,71.3401,1.7229],[134.8276,71.337,0.3357],[134.8229,71.3333,0.9554],[134.8172,71.3328,0.3153],[134.8224,71.3307,1.0279],[134.8193,71.3255,1.4097],[134.8271,71.3229,1.1275],[134.8411,71.3224,0.2623],[134.8391,71.3193,1.6388],[134.8083,71.3187,1.839],[134.8068,71.3172,1.7857],[134.812,71.3151,1.6078],[134.7917,71.3146,0.0],[134.7813,71.3104,1.9947],[134.7755,71.3099,0.0],[134.7724,71.3068,1.4155],[134.7651,71.3057,0.0],[134.7651,71.3026,0.0],[134.7682,71.3016,1.3175],[134.7672,71.2984,0.0],[134.7724,71.2974,1.7604],[134.7693,71.2922,0.0],[134.7745,71.2901,1.8628],[134.7724,71.288,1.2183],[134.7667,71.2875,0.0],[134.7651,71.2859,0.0],[134.7745,71.2828,2.0262],[134.7786,71.2797,1.6427],[134.7667,71.2792,1.5539],[134.762,71.2734,1.3925],[134.7583,71.2729,0.0],[134.7464,71.2776,1.5696],[134.7479,71.2792,1.145],[134.7536,71.2797,0.0],[134.7484,71.2828,1.5805],[134.7542,71.2833,1.2725],[134.7557,71.2849,0.0],[134.7479,71.2854,1.8182],[134.7464,71.287,1.9543],[134.7536,71.288,0.934],[134.7536,71.2911,0.0],[134.7505,71.2932,0.8216],[134.7563,71.2937,0.0],[134.7578,71.2953,0.0],[134.7464,71.2963,1.6988],[134.7536,71.2995,0.0],[134.7443,71.3026,1.1502],[134.7474,71.3078,0.3157],[134.7422,71.3099,0.6242],[134.7495,71.3109,0.4767],[134.7516,71.313,0.1725],[134.7464,71.3161,0.0],[134.7536,71.3172,0.1608],[134.7568,71.3203,0.0],[134.7667,71.3229,1.3861],[134.7771,71.3229,0.0],[134.7813,71.325,1.4242],[134.7917,71.325,0.0],[134.7995,71.3276,0.0],[134.8047,71.3328,2.5202],[134.812,71.3339,2.0604],[134.813,71.337,1.3938],[134.8203,71.338,0.0],[134.8245,71.3422,0.0],[134.8245,71.3453,0.0],[134.8214,71.3464,0.9772],[134.8224,71.3495,1.1325],[134.8172,71.3516,1.5319],[134.8292,71.3521,0.7177],[134.8354,71.35,1.3231],[134.8453,71.3526,0.0],[134.8401,71.3557,1.3453],[134.8422,71.3578,1.4133],[134.8495,71.3588,0.4664],[134.8495,71.362,0.0],[134.8464,71.363,1.0589],[134.8474,71.3662,0.0],[134.8396,71.3688,0.0],[134.8297,71.3682,0.0],[134.8255,71.362,0.0],[134.8286,71.3599,0.8914],[134.8286,71.3568,0.7898],[134.8229,71.3562,0.3788],[134.8214,71.3568,0.5506],[134.8224,71.3599,0.0],[134.813,71.363,1.6681],[134.8146,71.3646,1.7828],[134.8203,71.3651,0.0],[134.8224,71.3672,0.0],[134.8182,71.3703,0.0],[134.8083,71.3708,0.0],[134.8042,71.3729,0.0],[134.7833,71.3729,1.5196],[134.7776,71.3755,1.0219],[134.7766,71.3786,0.0],[134.7688,71.3792,1.187],[134.7542,71.3854,1.0888],[134.7396,71.3854,1.1693],[134.738,71.3859,0.8435],[134.7391,71.3891,0.7243],[134.7312,71.3896,1.2875],[134.7234,71.3922,1.1213],[134.7266,71.3974,0.7702],[134.7188,71.4,0.0],[134.6583,71.4,0.0],[134.6318,71.3932,0.0],[134.6292,71.3896,0.9486],[134.6042,71.3875,0.3727],[134.5995,71.3839,0.419],[134.5813,71.3792,0.7996],[134.5521,71.3792,0.0],[134.5396,71.375,0.7388],[134.5292,71.375,0.0],[134.5167,71.3708,0.4422],[134.5,71.3708,0.0],[134.4958,71.3688,0.5265],[134.4854,71.3688,0.0],[134.4812,71.3667,0.0],[134.4521,71.3667,0.0],[134.4396,71.3625,0.4465],[134.4167,71.3646,0.0],[134.4125,71.3625,0.629],[134.3396,71.3625,3.8156],[134.3354,71.3646,0.0],[134.3083,71.3646,1.3191],[134.3042,71.3667,0.0],[134.2896,71.3667,0.0],[134.2854,71.3646,8.8341],[134.2813,71.3646,8.8524],[134.2771,71.3667,0.0],[134.2333,71.3688,0.0],[134.2292,71.3708,0.0],[134.1896,71.3708,23.2505],[134.1854,71.3729,0.0],[134.1583,71.3729,9.824],[134.1542,71.375,0.0],[134.1333,71.375,9.8578],[134.1292,71.3771,0.0],[134.1021,71.3771,8.8441],[134.0979,71.3792,0.0],[134.0771,71.3792,8.6715],[134.0729,71.3812,0.0],[134.0646,71.3812,2.7343],[134.0604,71.3833,0.0],[134.0479,71.3833,0.0],[134.0437,71.3854,0.0],[134.0229,71.3854,10.0849],[134.0188,71.3875,0.0],[134.0,71.3896,1.0843],[133.9958,71.3917,0.0],[133.9875,71.3917,0.8358],[133.9833,71.3938,0.0],[133.9688,71.3938,0.6515],[133.9646,71.3958,0.0],[133.9438,71.3958,2.5264],[133.9396,71.3979,0.5412],[133.9208,71.4,0.2184],[133.9167,71.4021,0.0],[133.9042,71.4021,0.5459],[133.8938,71.4063,0.0],[133.8729,71.4063,0.8982],[133.8583,71.4104,0.6731],[133.825,71.4125,0.0],[133.8167,71.4167,0.0],[133.8083,71.4167,0.0],[133.8042,71.4187,0.0],[133.7833,71.4187,2.3949],[133.7818,71.4193,2.9053],[133.7828,71.4224,0.0],[133.7813,71.4229,0.0],[133.7604,71.4229,5.5638],[133.7333,71.4313,0.0],[133.7208,71.4313,0.707],[133.7167,71.4333,0.0],[133.7083,71.4333,3.162],[133.7042,71.4354,0.0],[133.6896,71.4354,8.6763],[133.675,71.4396,0.0],[133.6667,71.4396,1.0224],[133.6625,71.4417,0.0],[133.6479,71.4417,0.6329],[133.6463,71.4422,0.8589],[133.6474,71.4453,0.0],[133.6359,71.4464,6.6048],[133.637,71.4495,0.0],[133.6354,71.45,0.0],[133.6208,71.45,4.2309],[133.6125,71.4542,0.0],[133.5917,71.4563,4.7956],[133.5792,71.4625,0.0],[133.5646,71.4625,13.3562],[133.5604,71.4667,0.0],[133.5417,71.4688,0.0],[133.5271,71.4729,0.0],[133.5188,71.4729,4.7302],[133.5109,71.4755,0.0],[133.512,71.4786,0.0],[133.5104,71.4792,0.0],[133.4958,71.4792,4.5273],[133.4901,71.4818,0.0],[133.4875,71.4854,0.0],[133.4812,71.4854,0.0],[133.4708,71.4896,0.0],[133.4646,71.4896,0.0],[133.45,71.4958,0.0],[133.4417,71.4958,0.0],[133.4287,71.5016,0.0],[133.4187,71.5021,12.0391],[133.4104,71.5062,0.0],[133.4021,71.5062,14.8149],[133.4005,71.5068,0.0],[133.4016,71.5099,0.0],[133.3917,71.5104,5.7859],[133.3833,71.5146,0.0],[133.375,71.5146,8.1921],[133.3667,71.5188,0.0],[133.3583,71.5188,7.0879],[133.3568,71.5193,8.6368],[133.3578,71.5224,0.0],[133.3479,71.5229,5.1624],[133.3229,71.5333,0.0],[133.313,71.5339,5.6487],[133.3141,71.537,0.0],[133.3125,71.5375,0.0],[133.3042,71.5375,0.0],[133.2859,71.5422,13.8884],[133.2766,71.5495,0.0],[133.2453,71.562,0.0],[133.2375,71.5646,0.0],[133.2297,71.5651,12.0246],[133.2287,71.5682,0.0],[133.2245,71.5703,0.0],[133.2088,71.5755,10.2435],[133.2099,71.5787,0.0],[133.1984,71.5797,0.0],[133.1839,71.5859,0.0],[133.1828,71.5891,0.0],[133.1708,71.5938,0.0],[133.1609,71.5943,15.1025],[133.162,71.5974,0.0],[133.1547,71.6026,0.0],[133.1536,71.6057,0.0],[133.1443,71.6088,0.0],[133.1474,71.6141,0.0],[133.1375,71.6146,0.0],[133.1359,71.6151,7.5043],[133.137,71.6182,0.0],[133.1318,71.6193,7.332],[133.1349,71.6266,0.0],[133.1318,71.6276,0.0],[133.1307,71.6307,0.0],[133.1214,71.6339,0.0],[133.1224,71.637,0.0],[133.1109,71.638,13.7425],[133.1141,71.6453,0.0],[133.0943,71.6526,13.0244],[133.0953,71.6557,0.0],[133.0901,71.6568,3.2844],[133.0911,71.6599,0.0],[133.0797,71.6609,11.7581],[133.0807,71.6661,0.0],[133.0714,71.6672,0.0],[133.0661,71.6745,0.0],[133.0583,71.675,0.0],[133.0479,71.6792,0.0],[133.0396,71.6792,13.8624],[133.0276,71.6839,12.9704],[133.0286,71.687,0.0],[133.013,71.6922,16.311],[133.0203,71.6953,0.0],[133.0109,71.6964,0.0],[133.0099,71.6995,0.0],[133.0068,71.7005,0.0],[133.0078,71.7057,0.0],[133.0026,71.7068,4.9993],[133.0099,71.7099,0.0],[133.0021,71.7104,0.0],[132.9943,71.713,4.3589],[132.9953,71.7161,0.0],[132.9859,71.7193,13.6144],[132.9912,71.7224,0.0],[132.9609,71.7338,25.0752],[132.9568,71.7359,16.8945],[132.9557,71.7391,0.0],[132.9479,71.7396,0.0],[132.9438,71.7417,0.0],[132.9146,71.7417,14.9425],[132.9104,71.7438,0.0],[132.85,71.7438,8.9068],[132.8458,71.7458,0.0],[132.8375,71.7458,14.0986],[132.8292,71.75,0.0],[132.8208,71.75,0.0],[132.8104,71.7542,0.0],[132.8042,71.7542,0.0],[132.7964,71.7568,0.0],[132.7922,71.7589,0.0],[132.7896,71.7625,0.0],[132.7797,71.763,2.4519],[132.7807,71.7662,0.0],[132.7713,71.7693,0.0],[132.7724,71.7724,0.0],[132.7609,71.7755,3.1057],[132.762,71.7786,0.893],[132.7583,71.7813,1.2273],[132.762,71.788,0.0],[132.7583,71.7917,0.0],[132.7599,71.7953,0.0],[132.7547,71.7963,0.0],[132.75,71.8,1.1354],[132.7589,71.8141,6.0121],[132.7661,71.8151,0.0],[132.7734,71.8245,0.0],[132.7792,71.825,0.0],[132.7979,71.8313,18.0741],[132.8083,71.8313,0.0],[132.8125,71.8333,4.9807],[132.8167,71.8333,0.0],[132.8208,71.8375,0.0],[132.8172,71.8401,9.7806],[132.8182,71.8432,0.0],[132.8068,71.8464,0.0],[132.8078,71.8495,0.0],[132.7964,71.8505,10.3847],[132.7995,71.8557,0.0],[132.7943,71.8568,0.0],[132.7953,71.8599,0.0],[132.7901,71.8609,1.3162],[132.7932,71.8672,0.0],[132.7896,71.8708,3.8465],[132.7912,71.8766,0.0],[132.788,71.8776,5.1544],[132.7891,71.8807,0.0],[132.7839,71.8818,6.8263],[132.7854,71.8833,0.0],[132.7912,71.8839,0.0],[132.7859,71.8859,0.0],[132.7891,71.8912,0.0],[132.7839,71.8932,0.0],[132.7932,71.9078,0.0],[132.7818,71.912,14.3441],[132.7901,71.9224,0.0],[132.8057,71.9255,0.7984],[132.8005,71.9276,0.8301],[132.8016,71.9307,0.8142],[132.7964,71.9318,0.8885],[132.7979,71.9333,0.8799],[132.8037,71.9339,0.8701],[132.7984,71.937,0.8167],[132.8021,71.9396,1.0045],[132.8104,71.9396,1.1609],[132.8146,71.9375,0.9297],[132.8229,71.9375,1.1456],[132.8271,71.9354,0.824],[132.8375,71.9354,0.8694],[132.8458,71.9437,0.8803],[132.8542,71.9417,0.945],[132.8542,71.9396,0.6665],[132.8729,71.9417,1.0067],[132.8745,71.9411,0.8927],[132.8734,71.938,0.6974],[132.8854,71.9375,0.9641],[132.8917,71.9437,0.9791],[132.9021,71.9437,1.0785],[132.9083,71.9417,1.0258],[132.912,71.9443,1.2383],[132.9104,71.9458,1.0434],[132.875,71.9458,1.0064],[132.8708,71.9479,0.9053],[132.85,71.9479,1.4111],[132.8458,71.95,0.0],[132.8292,71.95,0.0],[132.825,71.9479,1.2463],[132.8167,71.9479,1.0786],[132.8125,71.95,0.0],[132.8021,71.95,0.0],[132.7958,71.9479,2.186],[132.7896,71.95,0.0],[132.7854,71.9479,2.073],[132.7542,71.9479,0.0],[132.725,71.9396,16.1161],[132.7125,71.9375,12.3946],[132.7021,71.9333,17.5468],[132.6979,71.9333,16.691],[132.6917,71.9292,16.0031],[132.6547,71.9203,0.0],[132.6516,71.9172,12.9702],[132.6443,71.9161,0.0],[132.6411,71.9109,8.7744],[132.6255,71.9078,0.0],[132.6224,71.9047,0.0],[132.6172,71.9036,0.0],[132.6151,71.9016,0.0],[132.6203,71.8984,24.3646],[132.6146,71.8979,19.7543],[132.6083,71.9,0.0],[132.6037,71.8964,0.0],[132.5984,71.8953,0.0],[132.5932,71.888,0.0],[132.5859,71.887,0.0],[132.5828,71.8818,16.983],[132.5755,71.8807,0.0],[132.5708,71.8771,0.0],[132.5651,71.8766,0.0],[132.562,71.8714,3.2228],[132.5547,71.8703,0.0],[132.5516,71.8672,0.0],[132.5464,71.8662,0.0],[132.5391,71.8568,0.0],[132.5318,71.8557,0.0],[132.537,71.8526,2.7362],[132.5297,71.8516,0.0],[132.5266,71.8464,1.7477],[132.5193,71.8453,0.0],[132.512,71.8339,2.6811],[132.5047,71.8328,0.0],[132.4974,71.8234,0.0],[132.4901,71.8224,0.0],[132.4953,71.8193,2.2097],[132.488,71.8182,0.0],[132.4828,71.8089,2.0693],[132.4755,71.8078,0.0],[132.4661,71.7943,1.2101],[132.4588,71.7932,0.0],[132.4588,71.7901,0.0],[132.462,71.788,1.6978],[132.4563,71.7875,1.6397],[132.4547,71.7859,1.5059],[132.4599,71.7839,0.8606],[132.4464,71.7828,0.0],[132.4411,71.7755,1.8444],[132.4354,71.775,1.8673],[132.4328,71.7714,1.8356],[132.4255,71.7703,0.0],[132.4182,71.7609,2.4335],[132.4109,71.7599,1.8018],[132.4083,71.7562,2.5746],[132.4026,71.7557,0.0],[132.3995,71.7505,2.6029],[132.3922,71.7495,0.0],[132.387,71.7422,5.9705],[132.3797,71.7412,0.0],[132.3766,71.7359,12.3704],[132.3693,71.7349,0.0],[132.3682,71.7318,2.8886],[132.3609,71.7307,0.0],[132.3562,71.7271,0.0],[132.3505,71.7266,0.0],[132.3453,71.7172,0.0],[132.338,71.7161,0.0],[132.3328,71.7089,0.0],[132.3255,71.7078,0.0],[132.3224,71.7005,0.0],[132.3182,71.6964,9.8293],[132.313,71.6953,0.0],[132.3161,71.6922,11.4575],[132.3089,71.6911,0.0],[132.3037,71.6839,9.9799],[132.2984,71.6828,0.0],[132.2932,71.6755,0.0],[132.2859,71.6745,0.0],[132.2912,71.6713,0.0],[132.2875,71.6687,0.0],[132.2818,71.6682,0.0],[132.2682,71.6443,9.4454],[132.2641,71.6401,0.0],[132.2589,71.6391,0.0],[132.262,71.6359,8.9067],[132.2547,71.6349,0.0],[132.2547,71.6318,0.0],[132.2578,71.6307,9.5839],[132.2578,71.6276,10.1848],[132.2505,71.6266,0.0],[132.2474,71.6214,7.3641],[132.2401,71.6203,0.0],[132.2328,71.6088,0.0],[132.2234,71.6036,0.0],[132.225,71.6021,0.0],[132.2333,71.6021,8.1352],[132.2375,71.6042,7.3441],[132.2542,71.6042,7.3438],[132.2557,71.6036,7.3574],[132.2547,71.6005,7.2055],[132.2599,71.5984,9.0004],[132.2578,71.5964,7.6907],[132.2479,71.5938,7.5308],[132.2396,71.5938,7.1983],[132.2318,71.5964,8.2619],[132.2328,71.5995,7.0562],[132.2312,71.6,13.7752],[132.2214,71.5995,0.0],[132.2193,71.5964,0.0],[132.2245,71.5943,10.6619],[132.2172,71.5932,0.0],[132.2099,71.5818,9.5573],[132.2026,71.5807,0.0],[132.1953,71.5672,0.0],[132.188,71.5661,0.0],[132.1859,71.5641,0.0],[132.1839,71.5589,0.0],[132.1891,71.5568,2.6671],[132.1849,71.5526,0.0],[132.1797,71.5516,0.0],[132.1776,71.5495,0.0],[132.1828,71.5474,0.0],[132.1807,71.5443,0.0],[132.1734,71.5432,0.0],[132.1787,71.5401,10.3444],[132.1714,71.5391,0.0],[132.1766,71.5359,5.7511],[132.1734,71.5328,0.0],[132.1625,71.5125,0.0],[132.1646,71.5104,6.5721],[132.1854,71.5104,7.056],[132.187,71.5089,7.3638],[132.1828,71.5047,7.2364],[132.1708,71.5042,5.6478],[132.1667,71.5021,7.5149],[132.163,71.5036,6.6421],[132.1651,71.5057,6.4996],[132.1708,71.5062,5.4683],[132.1724,71.5078,5.4072],[132.1604,71.5083,0.0],[132.1557,71.5026,5.3873],[132.1484,71.5016,0.0],[132.1536,71.4984,6.5671],[132.1463,71.4974,0.0],[132.1422,71.4912,0.0],[132.1474,71.488,8.2115],[132.1401,71.487,0.0],[132.1313,71.4708,0.0],[132.1349,71.4672,21.705],[132.1276,71.4661,0.0],[132.125,71.4604,0.0],[132.1286,71.4578,7.6075],[132.1286,71.4547,11.1584],[132.1229,71.4542,0.0],[132.1193,71.4516,0.0],[132.1083,71.4313,0.0],[132.112,71.4276,14.1669],[132.1026,71.4224,0.0],[132.0932,71.4047,0.0],[132.0838,71.3912,0.0],[132.0786,71.3797,0.0],[132.0745,71.3755,0.0],[132.0693,71.3745,0.0],[132.0729,71.3708,0.0],[132.0703,71.3651,0.0],[132.063,71.3641,0.0],[132.0667,71.3604,0.0],[132.0641,71.3547,10.4661],[132.0568,71.3536,0.0],[132.062,71.3505,9.6659],[132.0583,71.3479,0.0],[132.0526,71.3474,0.0],[132.0484,71.338,0.0],[132.0516,71.337,2.2804],[132.05,71.3313,2.2146],[132.0537,71.3276,1.7912],[132.0484,71.3266,2.6956],[132.0464,71.3234,2.5819],[132.0562,71.3229,1.5608],[132.0604,71.325,1.6653],[132.0708,71.325,-0.2869],[132.0766,71.3214,0.0646],[132.0729,71.3208,0.2106],[132.0667,71.3229,1.335],[132.0625,71.3208,1.4283],[132.0443,71.3203,2.6564],[132.0401,71.3141,2.1729],[132.0401,71.3109,1.2381],[132.0479,71.3104,1.8681],[132.0557,71.3078,2.129],[132.0542,71.3063,2.4715],[132.0484,71.3057,2.342],[132.0437,71.2979,1.1178],[132.0484,71.2943,1.5511],[132.0537,71.2932,1.7486],[132.0516,71.288,1.9229],[132.0479,71.2875,1.6649],[132.0417,71.2896,1.4602],[132.0401,71.288,1.7742],[132.0432,71.287,1.3957],[132.0417,71.2854,1.8851],[132.0333,71.2854,1.7693],[132.0292,71.2875,1.4636],[132.013,71.287,0.0],[132.0224,71.2839,1.0281],[132.0089,71.2807,0.0],[132.0068,71.2786,2.1643],[132.012,71.2755,1.4979],[132.0,71.275,0.0],[131.9901,71.2724,0.0],[131.9953,71.2703,0.0],[131.9912,71.2609,1.6397],[131.9875,71.2583,1.2111],[131.9818,71.2578,0.0],[131.9833,71.2562,0.0],[131.9917,71.2562,0.9901],[131.9995,71.2536,0.7136],[131.9953,71.2484,0.0],[131.9901,71.2464,0.0],[131.9932,71.2453,0.8266],[131.9943,71.2422,0.3855],[132.0,71.2396,0.0],[132.0167,71.2396,0.0],[132.0208,71.2417,1.5695],[132.0375,71.2417,0.0],[132.0437,71.2438,1.5001],[132.0479,71.2417,0.0],[132.0604,71.2417,0.7406],[132.0724,71.237,0.0],[132.0708,71.2354,0.4437],[132.0609,71.2349,0.0],[132.0589,71.2328,0.669],[132.0604,71.2312,0.0],[132.0938,71.2292,0.0],[132.0979,71.2312,0.0],[132.1208,71.2312,1.8274],[132.125,71.2292,0.0],[132.1458,71.2292,1.6517],[132.1542,71.225,0.0],[132.1687,71.225,1.4779],[132.1729,71.2229,0.0],[132.1792,71.2229,2.2252],[132.1818,71.2193,0.0],[132.1917,71.2188,1.5202],[132.2036,71.2141,1.0803],[132.1995,71.2089,0.4443],[132.1943,71.2078,0.6342],[132.1911,71.2026,0.9847],[132.1854,71.2021,0.7888],[132.1839,71.2005,0.7335],[132.1938,71.2,1.0512],[132.2083,71.1937,1.049],[132.2271,71.1937,1.2081],[132.2312,71.1917,0.0],[132.2396,71.1917,0.0],[132.2437,71.1896,0.0],[132.2646,71.1896,3.4636],[132.2661,71.188,0.278],[132.2542,71.1875,1.5715],[132.2526,71.1859,0.1615],[132.2578,71.1849,2.3596],[132.2563,71.1813,1.1243],[132.2599,71.1787,2.0709],[132.2589,71.1755,1.218],[132.2667,71.1729,0.6216],[132.2875,71.1708,0.0],[132.2917,71.1729,0.0],[132.3083,71.1729,0.0],[132.3125,71.175,3.0429],[132.3333,71.175,2.6925],[132.3375,71.1729,0.0],[132.3458,71.1729,0.0],[132.35,71.1708,0.0],[132.3625,71.1708,0.492],[132.3807,71.1641,0.7177],[132.3797,71.1609,0.8508],[132.3849,71.1589,2.1383],[132.375,71.1583,0.0],[132.35,71.1687,0.0],[132.3229,71.1687,3.6855],[132.3188,71.1708,0.9166],[132.3021,71.1708,0.6899],[132.2979,71.1687,1.6009],[132.2833,71.1687,0.2668],[132.2792,71.1667,0.8546],[132.2563,71.1667,1.6478],[132.2505,71.1693,2.077],[132.2516,71.1745,0.0],[132.2464,71.1755,1.0716],[132.2474,71.1787,0.0],[132.2375,71.1792,1.8285],[132.2188,71.1875,1.1108],[132.1979,71.1875,1.5192],[132.1938,71.1896,0.1268],[132.1839,71.1901,2.6016],[132.1849,71.1932,0.0],[132.1755,71.1964,1.373],[132.1745,71.1995,0.0],[132.1651,71.2026,1.9574],[132.1609,71.2047,0.8959],[132.1599,71.2078,0.0],[132.1438,71.2146,0.0],[132.1333,71.2125,2.3532],[132.1292,71.2146,0.0],[132.1167,71.2146,1.4163],[132.1125,71.2167,0.0],[132.1042,71.2167,1.1798],[132.1,71.2188,0.0],[132.0604,71.2188,1.6349],[132.0562,71.2208,0.0],[132.0375,71.2229,1.9975],[132.0333,71.2271,0.0],[132.0188,71.2271,0.0],[132.0125,71.2208,1.2582],[132.0063,71.2229,1.1519],[131.9896,71.2229,0.825],[131.9792,71.2188,1.0018],[131.9688,71.2188,0.8283],[131.9588,71.2161,0.0],[131.9588,71.213,0.4883],[131.9646,71.2104,0.0],[131.9854,71.2104,0.0],[131.9896,71.2083,1.4449],[131.9995,71.2078,0.7797],[131.9974,71.2047,1.0367],[131.9901,71.2037,1.0883],[131.9891,71.2005,1.0812],[131.9854,71.2,1.2668],[131.975,71.2042,0.0],[131.9604,71.2042,0.5682],[131.9563,71.2063,0.0],[131.9417,71.2063,0.0],[131.9375,71.2042,0.7082],[131.9271,71.2042,0.0],[131.925,71.2021,0.0],[131.9287,71.1984,1.4512],[131.9187,71.1979,0.0],[131.9089,71.1953,0.0],[131.912,71.1922,1.29],[131.8984,71.1891,0.0],[131.8953,71.1839,0.7347],[131.888,71.1828,1.0136],[131.8854,71.1792,1.0654],[131.8797,71.1787,0.0],[131.8813,71.1771,1.1619],[131.8958,71.1771,0.9352],[131.8974,71.1755,0.5],[131.8901,71.1745,0.5],[131.8875,71.1708,1.1604],[131.8839,71.1713,1.1302],[131.8828,71.1745,0.5],[131.8792,71.175,1.2634],[131.8766,71.1713,0.5],[131.8693,71.1703,1.0037],[131.8641,71.163,1.3066],[131.8521,71.1625,1.3666],[131.8505,71.1609,0.0],[131.8583,71.1583,0.0],[131.8667,71.1583,0.7755],[131.8708,71.1563,0.0],[131.9104,71.1563,1.5921],[131.9146,71.1542,0.0],[131.9292,71.1542,0.1064],[131.9479,71.1604,0.952],[131.9646,71.1604,0.0],[131.9688,71.1625,1.2241],[131.9979,71.1625,0.915],[132.0161,71.1578,1.3394],[132.0151,71.1547,0.0],[132.0203,71.1526,0.0],[132.013,71.1484,0.0],[132.0432,71.137,0.0],[132.0474,71.1339,0.0],[132.0375,71.1333,1.0929],[132.0333,71.1354,0.9819],[132.0271,71.1354,0.5],[132.0026,71.1443,1.2924],[132.0036,71.1474,0.0],[131.9984,71.1484,0.5782],[132.0016,71.1526,0.0],[132.0,71.1542,0.0],[131.9917,71.1542,0.5],[131.9875,71.1563,1.0374],[131.9583,71.1563,0.0],[131.9505,71.1536,0.0],[131.9542,71.15,0.679],[131.9526,71.1464,0.6498],[131.975,71.1458,1.6103],[131.9828,71.1422,1.4856],[131.9646,71.1417,1.0],[131.9604,71.1438,1.4327],[131.9521,71.1438,0.6894],[131.9505,71.1422,1.4985],[131.9625,71.1375,0.0],[131.9708,71.1375,1.2992],[131.975,71.1354,0.0],[131.9812,71.1354,1.7192],[131.9828,71.1339,0.7014],[131.9604,71.1333,1.2705],[131.9521,71.1375,0.0],[131.9042,71.1375,1.2155],[131.9,71.1396,0.0],[131.8938,71.1396,0.7365],[131.8875,71.1417,0.0],[131.8839,71.138,1.3914],[131.8891,71.137,1.4041],[131.888,71.1339,1.4172],[131.9036,71.1286,0.0],[131.9016,71.1255,0.2098],[131.8943,71.1245,0.0],[131.8917,71.1208,0.8928],[131.8708,71.1208,0.0],[131.863,71.1234,0.4735],[131.8641,71.1266,0.4004],[131.8562,71.1292,1.2174],[131.8479,71.1292,0.6496],[131.8354,71.125,1.5367],[131.8109,71.1245,0.3662],[131.8188,71.1208,1.1689],[131.825,71.1229,0.6911],[131.8349,71.1224,0.8843],[131.8333,71.1208,1.3656],[131.8276,71.1203,1.2103],[131.8328,71.1182,1.0135],[131.8307,71.1151,1.517],[131.8146,71.1104,0.6665],[131.8005,71.1151,1.3838],[131.8021,71.1167,1.6613],[131.8078,71.1172,0.9772],[131.8062,71.1188,1.2445],[131.7896,71.1188,0.7965],[131.787,71.1151,0.8432],[131.7797,71.1141,0.7798],[131.7792,71.1125,0.7991],[131.7839,71.1088,0.4408],[131.7891,71.1078,0.0068],[131.7859,71.1016,0.5462],[131.7875,71.1,0.5072],[131.8083,71.1021,0.1],[131.8125,71.1,0.1869],[131.8224,71.0995,0.8205],[131.8208,71.0979,0.9704],[131.8151,71.0974,0.373],[131.812,71.0901,0.7972],[131.8047,71.0891,0.1518],[131.8099,71.087,0.7732],[131.8062,71.0792,0.5122],[131.8099,71.0766,0.6952],[131.8109,71.0734,0.6369],[131.8161,71.0734,0.2113],[131.8188,71.0771,0.5201],[131.8417,71.0792,0.3945],[131.8521,71.075,0.7644],[131.8599,71.0745,0.4984],[131.8604,71.0729,0.0],[131.8562,71.0687,0.0],[131.8479,71.0687,0.1313],[131.8417,71.0708,0.5015],[131.8354,71.0667,1.3615],[131.8271,71.0687,0.4022],[131.8193,71.0661,0.3458],[131.8141,71.0609,0.9137],[131.8089,71.0599,0.0058],[131.8068,71.0578,0.9773],[131.7974,71.0401,1.03],[131.7917,71.0396,0.2317],[131.7901,71.038,0.3878],[131.9786,70.9779,0.9184],[132.1119,70.9299,7.101],[132.2117,70.8803,24.8847],[132.1761,70.8258,25.3703],[132.0211,70.7486,38.4071],[132.0879,70.678,63.2999],[132.1092,70.5905,69.3243],[132.1077,70.555,56.8342],[131.9898,70.476,46.8568],[132.0329,70.436,89.0246],[132.3175,70.3514,52.9701],[132.5343,70.3352,36.211],[132.8421,70.3407,75.812],[133.0765,70.3012,66.6321],[133.191,70.219,94.7252],[133.1591,70.1333,90.6395],[133.0977,70.0642,107.6498],[133.038,70.0257,142.9521],[132.8881,69.9614,176.5357],[132.8672,69.8995,189.994],[132.9299,69.8739,202.2026],[133.0247,69.864,143.5267],[133.1398,69.8831,220.1903],[133.1844,69.8771,280.8922],[133.2237,69.835,337.1989],[133.1773,69.8034,219.9357],[133.1903,69.7672,184.3376],[133.3337,69.745,258.8156],[133.5328,69.7453,637.5925],[133.6572,69.7387,581.2542],[133.8284,69.7686,374.351],[134.0572,69.8248,837.3079],[134.197,69.8637,767.1975],[134.2964,69.9536,718.8069],[134.3774,69.9963,874.7957],[134.4924,70.0005,516.6228],[134.5464,69.9591,351.4628],[134.6434,69.9426,282.921],[134.7787,69.8813,166.1532],[134.9017,69.8035,109.2759],[134.9828,69.7388,107.1648],[135.0959,69.7104,171.858],[135.2151,69.7297,103.3466],[135.3411,69.7644,275.4969],[135.5445,69.7596,183.4491],[135.7223,69.7628,114.2127],[136.0866,69.8069,360.0747],[136.3525,69.8433,451.2912],[136.5134,69.8725,432.6996],[136.6362,69.8642,729.5226],[136.689,69.8364,632.3954],[136.7366,69.8002,751.7457],[136.7327,69.7641,678.8527],[136.6487,69.7224,472.3558],[136.5548,69.686,429.7535],[136.5445,69.6459,388.1367],[136.5929,69.6137,378.4687],[136.5836,69.5798,398.3535],[136.5651,69.5447,430.9037],[136.6395,69.5029,673.4599],[136.7421,69.4645,578.6281],[136.6871,69.4233,906.5954],[136.6674,69.38,845.0243],[136.7199,69.3436,503.5538],[136.8028,69.3093,498.7473],[136.7699,69.2603,383.8218],[136.7217,69.2125,398.6217],[136.7891,69.1866,356.6812],[136.8426,69.1636,315.9671],[136.8582,69.1149,221.9547],[136.8981,69.0895,236.2866],[137.1023,69.0625,243.71],[137.3045,69.0325,261.2624],[137.4465,69.0355,308.7464],[137.5818,69.0515,411.7377],[137.6857,69.0702,610.1674],[137.8304,69.0467,533.3136],[137.9148,68.9854,592.545],[138.0877,68.8838,629.3716],[138.1886,68.7991,627.5352],[138.2507,68.7365,649.8043],[138.2716,68.6597,1071.8468],[138.2168,68.5692,1199.092],[138.205,68.4968,1124.9362],[138.2867,68.4413,1078.5096],[138.4648,68.3759,1450.2001],[138.6397,68.3508,1298.73],[138.7984,68.3304,1292.3446],[138.8619,68.3055,1372.6331],[138.8539,68.2771,1799.6567],[138.9571,68.2632,1107.4528],[138.9695,68.2256,1258.5975],[138.8726,68.1949,1689.5702],[138.7168,68.1933,854.7447],[138.6334,68.1755,818.8661],[138.6226,68.1273,1169.0823],[138.6828,68.1021,1332.46],[138.836,68.0707,910.7567],[138.888,68.0408,1283.082],[138.9078,67.9527,1354.9192],[138.8678,67.8812,1012.8608],[138.879,67.8177,899.963],[138.7984,67.7539,1016.5552],[138.7338,67.696,796.3369],[138.6588,67.6568,1215.1047],[138.6501,67.6145,1633.0674],[138.7141,67.5457,1466.9655],[138.7623,67.5154,1399.6621],[138.8997,67.5315,1269.9913],[138.9946,67.5342,1291.229],[139.1079,67.5278,1758.4307],[139.2351,67.5113,1425.5139],[139.375,67.5198,1082.6837],[139.5129,67.5408,952.3704],[139.6057,67.5763,587.2004],[139.7103,67.6198,392.6314],[139.8159,67.6739,310.9867],[139.9143,67.7069,255.1235],[140.0461,67.7456,278.5861],[140.1948,67.7745,608.2665],[140.3369,67.7896,502.7393],[140.456,67.8205,381.8484],[140.5693,67.8319,372.0686],[140.6761,67.8175,413.3414],[140.7901,67.7779,208.5349],[140.8833,67.7668,201.212],[141.045,67.7586,145.1338],[141.1768,67.7579,202.1091],[141.1691,67.78,137.9178],[141.1225,67.8155,174.2437],[141.0301,67.8663,225.0679],[140.9451,67.9414,194.0016],[140.9321,68.0088,230.9698],[140.9921,68.0748,247.6362],[141.0876,68.1327,268.9348],[141.0843,68.1755,330.6942],[141.0035,68.2119,457.0916],[140.9431,68.2649,492.1164],[140.9994,68.3253,851.6381],[141.0628,68.3994,825.3339],[141.1611,68.426,829.5356],[141.2413,68.4241,823.8318],[141.3696,68.4308,477.8656],[141.4648,68.4603,590.5943],[141.745,68.5859,274.6212],[141.84,68.6522,419.4679],[141.8187,68.69,422.6513],[141.7618,68.7291,298.8282],[141.694,68.7832,197.4705],[141.5202,68.9075,405.0731],[141.5214,68.9614,300.7106],[141.5126,69.0101,340.1075],[141.5031,69.0778,430.4807],[141.505,69.1481,465.0172],[141.569,69.1917,358.7254],[141.7025,69.22,226.7733],[141.9044,69.2265,237.5836],[142.0417,69.217,219.1778],[142.1563,69.1921,172.5776],[142.3007,69.185,171.6289],[142.5509,69.2006,229.0104],[142.6695,69.2156,231.6151],[142.7237,69.2787,248.3736],[142.6349,69.3153,374.9121]]],
[[[139.4229,71.4292,0.0],[139.4146,71.4292,0.0],[139.413,71.4276,0.0],[139.4245,71.4276,0.0],[139.4229,71.4292,0.0]]],
[[[139.1828,71.4401,0.0],[139.1812,71.4417,0.1597],[139.1755,71.4411,0.1123],[139.1771,71.4396,0.0],[139.1828,71.4401,0.0]]],
[[[139.2109,71.4422,0.5916],[139.2083,71.4437,0.4938],[139.2005,71.4443,0.7921],[139.2021,71.4458,0.6745],[139.2078,71.4464,0.2284],[139.2021,71.45,0.6128],[139.1854,71.45,0.465],[139.1755,71.4474,0.1144],[139.1771,71.4458,0.1357],[139.1833,71.4458,0.0983],[139.1911,71.4432,0.1314],[139.1901,71.4401,0.0666],[139.1932,71.4391,0.4179],[139.1922,71.4359,0.0],[139.1938,71.4354,0.0618],[139.2021,71.4375,0.351],[139.2104,71.4333,0.0],[139.2224,71.4339,0.0],[139.2182,71.437,0.0],[139.213,71.438,0.4849],[139.2141,71.4411,0.0],[139.2109,71.4422,0.5916]]],
[[[139.4276,71.4432,0.0],[139.4193,71.4401,0.0],[139.4292,71.4396,0.0],[139.4328,71.4422,0.0],[139.4312,71.4437,0.0],[139.4276,71.4432,0.0]]],
[[[139.8672,71.4568,2.0438],[139.8771,71.4521,1.7826],[139.8807,71.4526,1.4712],[139.8776,71.4547,1.7054],[139.8786,71.4578,1.4715],[139.8771,71.4583,1.8707],[139.8687,71.4583,2.4473],[139.8672,71.4568,2.0438]]],
[[[139.1766,71.4766,0.4665],[139.1729,71.4771,0.0],[139.1714,71.4755,0.8303],[139.175,71.475,0.5133],[139.1766,71.4766,0.4665]]],
[[[139.8083,71.4875,0.0],[139.8042,71.4896,0.0],[139.788,71.4912,0.0],[139.7937,71.4875,0.0],[139.8021,71.4875,0.0],[139.8062,71.4854,0.0],[139.8141,71.4849,0.0],[139.813,71.4818,0.0],[139.8146,71.4812,0.0],[139.8245,71.4818,0.0],[139.8286,71.4859,0.0],[139.8271,71.4875,0.0],[139.8188,71.4854,0.0],[139.8146,71.4875,0.0],[139.8083,71.4875,0.0]]],
[[[139.9,71.4792,0.0],[139.9016,71.4807,0.0],[139.8963,71.4807,0.0],[139.8963,71.4797,0.0],[139.9,71.4792,0.0]]],
[[[139.9042,71.4833,0.0],[139.9057,71.4849,0.0],[139.9005,71.4849,0.0],[139.9005,71.4838,0.0],[139.9042,71.4833,0.0]]],
[[[140.0375,71.4979,0.0],[140.0391,71.4995,0.0],[140.0339,71.4995,0.0],[140.0339,71.4984,0.0],[140.0375,71.4979,0.0]]],
[[[139.9792,71.5125,0.0],[139.9807,71.5141,0.0],[139.9755,71.5141,0.0],[139.9755,71.513,0.0],[139.9792,71.5125,0.0]]],
[[[139.8547,71.4974,0.0],[139.8521,71.4958,0.0],[139.8417,71.4958,0.0],[139.8313,71.5,0.0],[139.8297,71.4984,0.0],[139.8328,71.4964,0.0],[139.8297,71.4922,0.0],[139.8375,71.4917,0.0],[139.8417,71.4896,0.0],[139.8521,71.4896,0.0],[139.8568,71.4932,0.0],[139.8641,71.4943,0.0],[139.8599,71.4974,0.0],[139.8547,71.4974,0.0]]],
[[[139.8729,71.5708,0.0],[139.8745,71.5724,0.0],[139.8693,71.5724,0.0],[139.8693,71.5714,0.0],[139.8729,71.5708,0.0]]],
[[[139.8714,71.5797,0.0],[139.8813,71.575,0.0],[139.8995,71.5755,0.0],[139.8963,71.5776,0.0],[139.8974,71.5807,0.0],[139.8958,71.5813,0.0],[139.8729,71.5813,0.0],[139.8714,71.5797,0.0]]],
[[[139.8479,71.6104,0.0],[139.8495,71.612,0.0],[139.8318,71.6141,0.0],[139.8349,71.612,0.0],[139.8338,71.6088,0.0],[139.8354,71.6083,0.0],[139.8417,71.6104,0.0],[139.8479,71.6104,0.0]]],
[[[137.8958,71.1188,1.5492],[137.8875,71.1188,0.555],[137.8859,71.1172,0.0],[137.8974,71.1172,0.0],[137.8958,71.1188,1.5492]]],
[[[138.0562,71.1854,0.0],[138.0526,71.1839,0.0],[138.0604,71.1813,0.0],[138.0641,71.1839,1.3739],[138.0625,71.1854,0.5578],[138.0562,71.1854,0.0]]],
[[[138.1271,71.2271,0.9348],[138.1286,71.2286,0.0],[138.1234,71.2286,0.0],[138.1234,71.2276,1.3626],[138.1271,71.2271,0.9348]]],
[[[138.3042,71.2292,2.0711],[138.3057,71.2307,2.0771],[138.3005,71.2307,2.0204],[138.3005,71.2297,2.1118],[138.3042,71.2292,2.0711]]],
[[[138.0063,71.2521,0.0],[138.0078,71.2536,0.3994],[138.0026,71.2536,0.0],[138.0026,71.2526,0.0],[138.0063,71.2521,0.0]]],
[[[137.8682,71.2578,0.6248],[137.863,71.2578,0.0],[137.8609,71.2547,0.0],[137.8662,71.2547,2.6038],[137.8682,71.2578,0.6248]]],
[[[138.0021,71.2583,0.5003],[137.9937,71.2583,1.1049],[137.9922,71.2568,0.0],[138.0057,71.2568,0.7874],[138.0021,71.2583,0.5003]]],
[[[138.0141,71.2589,1.7122],[138.013,71.2568,0.618],[138.0188,71.2542,0.7226],[138.0458,71.2542,1.1228],[138.0537,71.262,2.0557],[138.0437,71.2667,0.0],[138.0271,71.2667,0.0],[138.0229,71.2646,4.1256],[138.0109,71.2641,0.0],[138.0141,71.262,4.1516],[138.0141,71.2589,1.7122]]],
[[[137.8958,71.2604,0.3698],[137.8979,71.2625,0.0],[137.8922,71.262,0.5587],[137.8922,71.2609,0.2396],[137.8958,71.2604,0.3698]]],
[[[137.875,71.2646,0.0],[137.8693,71.2641,1.2882],[137.8672,71.2609,2.7599],[137.8708,71.2604,0.6],[137.8807,71.263,0.8354],[137.8792,71.2646,0.0],[137.875,71.2646,0.0]]],
[[[138.1313,71.2792,0.634],[138.1229,71.2792,0.878],[138.1214,71.2776,0.0],[138.1328,71.2776,2.292],[138.1313,71.2792,0.634]]],
[[[138.1125,71.2833,3.8528],[138.1146,71.2813,1.3606],[138.1182,71.2818,2.5601],[138.1167,71.2833,3.0862],[138.1125,71.2833,3.8528]]],
[[[137.6667,71.2479,0.8907],[137.6667,71.25,0.8155],[137.6609,71.2495,0.0],[137.6625,71.2479,0.0],[137.6667,71.2479,0.8907]]],
[[[137.5307,71.3016,0.0],[137.525,71.3021,0.0],[137.5234,71.3005,1.1987],[137.5292,71.3,0.0],[137.5307,71.3016,0.0]]],
[[[137.55,71.3021,1.141],[137.5516,71.3037,3.3018],[137.5464,71.3037,0.0],[137.5464,71.3026,0.0],[137.55,71.3021,1.141]]],
[[[137.625,71.3063,7.2904],[137.6193,71.3057,5.7263],[137.6172,71.3026,6.8828],[137.6208,71.3021,6.2709],[137.6307,71.3047,3.9632],[137.6292,71.3063,8.1358],[137.625,71.3063,7.2904]]],
[[[137.9271,71.3042,0.0],[137.9208,71.3063,0.0],[137.9146,71.3063,1.2451],[137.9104,71.3083,0.0],[137.9042,71.3063,6.7384],[137.8922,71.3057,0.0],[137.8953,71.3037,4.1151],[137.8943,71.3005,0.0],[137.9036,71.2974,4.6463],[137.9026,71.2943,0.0],[137.9042,71.2937,0.0],[137.9229,71.2937,0.484],[137.9354,71.2896,0.0],[137.9396,71.2917,0.381],[137.95,71.2917,0.0],[137.9599,71.2943,0.0],[137.9583,71.2958,0.8622],[137.95,71.2958,0.0],[137.9458,71.2937,2.3141],[137.9354,71.2937,1.3428],[137.9339,71.2943,0.9378],[137.9349,71.2974,0.0],[137.9318,71.2984,0.8407],[137.9328,71.3016,0.0],[137.9271,71.3042,0.0]]],
[[[138.45,71.2979,1.9913],[138.4516,71.2995,1.6841],[138.4464,71.2995,2.0993],[138.4464,71.2984,2.0653],[138.45,71.2979,1.9913]]],
[[[138.4312,71.3167,0.0],[138.4229,71.3167,2.1055],[138.4214,71.3151,1.7925],[138.4328,71.3151,2.1216],[138.4312,71.3167,0.0]]],
[[[138.0042,71.3333,0.6082],[137.9958,71.3333,0.7592],[137.9943,71.3318,0.0],[138.0057,71.3318,0.3269],[138.0042,71.3333,0.6082]]],
[[[137.6375,71.3125,0.0],[137.6318,71.312,1.4702],[137.6297,71.3089,3.304],[137.6536,71.3089,5.1296],[137.6479,71.3125,0.0],[137.6375,71.3125,0.0]]],
[[[137.5024,71.35,0.0],[137.4984,71.3464,0.6469],[137.5021,71.3458,0.9869],[137.5057,71.3484,1.0475],[137.5024,71.35,0.0]]],
[[[137.5766,71.3547,0.9144],[137.575,71.3562,3.5182],[137.5667,71.3562,1.7516],[137.5604,71.3583,0.0],[137.5557,71.3547,1.0384],[137.5505,71.3536,0.0],[137.5443,71.3464,0.0],[137.5542,71.3458,0.0],[137.5609,71.3516,1.1127],[137.5766,71.3547,0.9144]]],
[[[137.4688,71.3542,0.0],[137.4542,71.3542,1.0724],[137.4438,71.3583,1.9496],[137.4359,71.3505,0.873],[137.4542,71.35,0.0],[137.4583,71.3521,1.3562],[137.4703,71.3526,0.0],[137.4688,71.3542,0.0]]],
[[[137.6417,71.3583,3.3742],[137.6375,71.3604,5.6297],[137.6292,71.3604,6.5441],[137.625,71.3625,0.0],[137.6042,71.3625,0.0],[137.6005,71.3599,2.9186],[137.6037,71.3578,0.0],[137.6026,71.3547,0.0],[137.6078,71.3537,0.4997],[137.6026,71.3474,0.0],[137.6042,71.3458,0.0],[137.6104,71.3479,1.6969],[137.6224,71.3484,1.0924],[137.6193,71.3505,2.2423],[137.6208,71.3521,2.4703],[137.6271,71.35,0.0],[137.6307,71.3505,0.0],[137.6339,71.3536,2.0109],[137.6411,71.3547,0.5607],[137.6432,71.3568,2.4765],[137.6417,71.3583,3.3742]]],
[[[137.6958,71.3604,3.4988],[137.6922,71.3588,0.0],[137.6979,71.3562,1.1061],[137.7063,71.3562,0.9916],[137.712,71.362,0.0],[137.7021,71.3625,5.4039],[137.6958,71.3604,3.4988]]],
[[[137.4438,71.3604,1.2803],[137.4453,71.362,0.2432],[137.4401,71.362,1.4841],[137.4401,71.3609,1.1235],[137.4438,71.3604,1.2803]]],
[[[137.325,71.3604,0.717],[137.3266,71.362,0.0],[137.3214,71.362,1.8095],[137.3214,71.3609,2.0129],[137.325,71.3604,0.717]]],
[[[137.4787,71.363,0.8512],[137.4807,71.3662,1.3424],[137.4729,71.3667,1.6503],[137.4714,71.3682,0.9816],[137.4896,71.3688,0.0],[137.4912,71.3703,0.0],[137.4854,71.3729,0.9275],[137.4688,71.3729,1.4151],[137.4641,71.3693,1.112],[137.4484,71.3662,0.0],[137.4563,71.3625,0.0878],[137.4641,71.362,0.6984],[137.463,71.3588,1.1232],[137.4646,71.3583,1.2179],[137.475,71.3583,0.0],[137.4787,71.363,0.8512]]],
[[[137.5922,71.387,1.1054],[137.5901,71.3839,0.0],[137.5958,71.3812,0.3185],[137.6203,71.3839,0.0],[137.6146,71.3875,0.3075],[137.5922,71.387,1.1054]]],
[[[137.5479,71.3979,1.1059],[137.5375,71.3979,1.0473],[137.5292,71.4021,0.0],[137.5208,71.4021,0.4151],[137.5146,71.4,0.6449],[137.5104,71.4021,0.0],[137.4875,71.4021,0.0],[137.4833,71.4,6.7608],[137.4729,71.4,1.1336],[137.4547,71.3953,4.1024],[137.4578,71.3932,2.8342],[137.4563,71.3917,2.7628],[137.45,71.3938,2.2177],[137.4312,71.3938,5.1854],[137.4271,71.3958,0.0],[137.4229,71.3958,0.0],[137.4172,71.388,0.0],[137.425,71.3875,2.0675],[137.4354,71.3833,0.0],[137.4563,71.3854,0.3805],[137.4625,71.3833,0.0],[137.4667,71.3854,2.6558],[137.4771,71.3854,0.0],[137.487,71.388,0.0],[137.4891,71.3901,0.0],[137.4859,71.3922,3.1864],[137.4875,71.3938,2.8149],[137.5083,71.3938,0.0],[137.5125,71.3917,0.0],[137.5208,71.3917,3.3423],[137.5271,71.3896,8.9167],[137.5396,71.3938,0.7627],[137.5562,71.3938,0.0],[137.5599,71.3964,0.9722],[137.5583,71.3979,0.9916],[137.5479,71.3979,1.1059]]],
[[[137.5979,71.3979,1.1683],[137.5943,71.3974,1.7241],[137.5922,71.3943,0.9499],[137.5974,71.3943,0.6947],[137.5995,71.3964,0.7695],[137.5979,71.3979,1.1683]]],
[[[137.7057,71.3526,1.3552],[137.7042,71.3542,1.3958],[137.6984,71.3536,1.0491],[137.7,71.3521,1.2294],[137.7057,71.3526,1.3552]]],
[[[137.9249,71.3542,0.0],[137.9349,71.3547,0.4305],[137.9417,71.3604,3.3947],[137.9417,71.3625,1.054],[137.9146,71.3604,0.0],[137.9109,71.3578,0.0],[137.9125,71.3562,0.0],[137.9208,71.3562,0.5058],[137.9249,71.3542,0.0]]],
[[[138.0083,71.4646,0.0],[138.0047,71.4641,0.0],[138.0026,71.4589,0.8357],[138.0141,71.4589,0.8343],[138.0203,71.4661,0.9975],[138.0146,71.4667,0.0],[138.0083,71.4646,0.0]]],
[[[138.0271,71.4667,0.2849],[138.0286,71.4682,0.6039],[138.0234,71.4682,0.4086],[138.0234,71.4672,0.8071],[138.0271,71.4667,0.2849]]],
[[[138.0146,71.5563,0.8504],[138.0161,71.5578,0.596],[138.0109,71.5578,0.4623],[138.0109,71.5568,0.0],[138.0146,71.5563,0.8504]]],
[[[137.8943,71.588,0.0],[137.9042,71.5875,0.0],[137.9057,71.5891,0.7139],[137.9,71.5917,0.6618],[137.8755,71.5911,0.0],[137.8771,71.5896,0.0],[137.8917,71.5896,0.5632],[137.8943,71.588,0.0]]],
[[[137.7083,71.5896,0.0],[137.7099,71.5911,0.0],[137.7047,71.5911,1.3587],[137.7047,71.5901,1.165],[137.7083,71.5896,0.0]]],
[[[138.1792,71.5875,0.4563],[138.1828,71.588,0.4654],[138.187,71.5932,0.2544],[138.1812,71.5958,0.0],[138.1693,71.5953,0.7997],[138.1745,71.5932,0.8924],[138.1714,71.588,0.7554],[138.1792,71.5875,0.4563]]],
[[[138.2578,71.7412,1.5917],[138.2521,71.7417,1.4039],[138.2505,71.7401,1.2138],[138.2563,71.7396,1.711],[138.2578,71.7412,1.5917]]],
[[[138.2766,71.7901,1.2759],[138.275,71.7917,0.5589],[138.2713,71.7911,0.0],[138.2729,71.7896,0.0],[138.2766,71.7901,1.2759]]],
[[[139.825,71.6208,0.0],[139.8266,71.6224,0.0],[139.8214,71.6224,0.0],[139.8214,71.6214,0.0],[139.825,71.6208,0.0]]],
[[[139.8417,71.6271,0.0],[139.8333,71.6271,0.0],[139.8318,71.6255,0.0],[139.8432,71.6255,0.0],[139.8417,71.6271,0.0]]],
[[[138.4833,71.6563,1.671],[138.4849,71.6578,1.6892],[138.4797,71.6578,1.919],[138.4797,71.6568,1.8398],[138.4833,71.6563,1.671]]],
[[[138.8271,71.9688,0.5434],[138.8125,71.9688,0.9509],[138.8083,71.9708,0.2045],[138.7792,71.9708,-0.6089],[138.775,71.9688,1.3169],[138.7437,71.9688,-0.2634],[138.7396,71.9667,1.1057],[138.7125,71.9646,0.5688],[138.7083,71.9625,1.6445],[138.6979,71.9625,1.1111],[138.6938,71.9604,1.6651],[138.6812,71.9604,1.5043],[138.6771,71.9583,1.6032],[138.6687,71.9604,1.4765],[138.6672,71.9589,1.7384],[138.6703,71.9568,1.3366],[138.6687,71.9563,1.3059],[138.6417,71.9542,1.5878],[138.6234,71.9495,1.4676],[138.6187,71.9458,1.303],[138.6,71.9458,0.7653],[138.5984,71.9443,1.4519],[138.6021,71.9417,0.7571],[138.6,71.9396,1.2205],[138.5875,71.9396,0.9969],[138.5693,71.9349,0.2611],[138.5661,71.9318,0.6345],[138.5589,71.9307,0.7384],[138.5542,71.9271,1.2131],[138.5479,71.9271,1.4309],[138.5354,71.9229,1.5536],[138.525,71.9229,1.7938],[138.5188,71.9187,1.2728],[138.5042,71.9167,1.6662],[138.5,71.9125,1.1695],[138.4875,71.9125,0.0],[138.4693,71.9078,0.0],[138.4646,71.9042,0.0],[138.4521,71.9042,0.0],[138.4458,71.9,0.0],[138.4339,71.8995,0.0],[138.437,71.8974,0.0],[138.4359,71.8943,0.0],[138.4411,71.8922,0.0],[138.4271,71.8917,0.0],[138.4255,71.8901,0.0],[138.4432,71.8891,1.9676],[138.4411,71.8859,2.0617],[138.4255,71.8828,0.0],[138.4203,71.8776,23.9677],[138.413,71.8766,0.0],[138.4078,71.8714,36.3231],[138.4005,71.8703,0.0],[138.3958,71.8667,21.9953],[138.388,71.8662,0.0],[138.3932,71.863,38.1877],[138.3859,71.862,0.0],[138.3786,71.8547,36.9938],[138.3714,71.8536,0.0],[138.3662,71.8484,37.7741],[138.3568,71.8474,0.0],[138.362,71.8443,2.5812],[138.3562,71.8438,1.7219],[138.3547,71.8422,1.5543],[138.3641,71.8411,2.3961],[138.3599,71.8359,1.578],[138.3479,71.8354,1.2036],[138.3432,71.8318,1.061],[138.3333,71.8292,1.5004],[138.3208,71.8292,0.4734],[138.3109,71.8266,0.0],[138.3286,71.8172,1.7231],[138.325,71.8146,1.5066],[138.313,71.8141,2.1089],[138.3109,71.8109,1.8956],[138.3141,71.8089,1.2789],[138.3037,71.7963,0.8332],[138.288,71.7953,1.6597],[138.2859,71.7922,1.1416],[138.2912,71.7901,1.1574],[138.2854,71.7896,1.4666],[138.2839,71.788,1.193],[138.287,71.787,1.1266],[138.2859,71.7839,0.8732],[138.2891,71.7818,0.5099],[138.2755,71.7807,1.3988],[138.2661,71.7714,1.821],[138.2589,71.7703,0.1474],[138.2604,71.7688,0.3698],[138.2667,71.7688,1.8164],[138.2745,71.7662,0.8114],[138.2729,71.7646,0.9462],[138.2651,71.7641,1.0311],[138.263,71.7589,1.5418],[138.2661,71.7568,1.8663],[138.2589,71.7557,1.6797],[138.2568,71.7526,1.3004],[138.2599,71.7505,1.8658],[138.2542,71.75,0.7125],[138.2505,71.7474,0.4306],[138.2521,71.7458,1.4424],[138.2604,71.7458,1.4917],[138.2646,71.7479,0.9202],[138.2703,71.7474,0.4583],[138.2682,71.7443,0.6064],[138.2609,71.7432,0.9522],[138.2641,71.7412,0.6541],[138.262,71.738,1.1017],[138.2437,71.7333,0.0],[138.2312,71.7333,0.0],[138.2271,71.7312,0.0],[138.2167,71.7312,0.0],[138.2151,71.7297,0.0],[138.2229,71.7292,0.0],[138.2271,71.7271,0.0],[138.2432,71.7266,0.0],[138.2359,71.7234,0.0],[138.2437,71.7229,0.0],[138.2453,71.7214,0.0],[138.2333,71.7208,0.0],[138.2318,71.7193,0.0],[138.2432,71.7182,0.0],[138.2422,71.7151,0.0],[138.2453,71.713,0.0],[138.2396,71.7125,0.0],[138.238,71.7109,0.0],[138.2479,71.7063,0.0],[138.2578,71.7057,0.0],[138.2568,71.7026,0.0],[138.2599,71.7005,0.0],[138.2464,71.6995,0.0],[138.2479,71.6979,0.0],[138.2875,71.6979,0.9163],[138.2917,71.6958,0.7264],[138.3349,71.6953,0.4159],[138.3313,71.6917,0.7768],[138.3188,71.6917,0.0],[138.3146,71.6896,0.0],[138.3042,71.6896,0.0],[138.3026,71.688,0.0],[138.3245,71.6849,0.0],[138.3224,71.6818,11.9547],[138.3167,71.6813,0.0],[138.3151,71.6797,0.0],[138.3229,71.6792,3.6108],[138.3271,71.6771,2.3571],[138.3354,71.6771,2.4383],[138.3438,71.6729,1.6046],[138.4375,71.6729,1.8346],[138.4443,71.6693,1.4883],[138.4521,71.6687,1.5973],[138.4625,71.6646,1.7804],[138.4708,71.6667,1.9198],[138.4854,71.6604,1.349],[138.4917,71.6604,1.9162],[138.4932,71.6589,2.1811],[138.4901,71.6547,1.8018],[138.4958,71.6521,1.3514],[138.5042,71.6521,2.0749],[138.5083,71.65,1.9717],[138.5375,71.65,1.8026],[138.5437,71.6521,1.9444],[138.5479,71.65,1.9864],[138.5625,71.65,1.9001],[138.5667,71.6521,1.7672],[138.5917,71.6521,1.5185],[138.5958,71.6542,1.8342],[138.6536,71.6536,1.4474],[138.6521,71.6521,1.5805],[138.6443,71.6516,1.5155],[138.6396,71.6479,1.3215],[138.6339,71.6474,1.3711],[138.6245,71.6359,0.801],[138.6187,71.6354,0.6864],[138.6151,71.6328,0.0],[138.6182,71.6307,0.0],[138.6172,71.6276,0.0],[138.6271,71.6271,0.0],[138.6313,71.6292,0.0],[138.6625,71.6292,0.0],[138.6667,71.6312,0.3938],[138.6771,71.6312,0.0],[138.6812,71.6333,0.0],[138.6938,71.6333,0.0],[138.7063,71.6375,0.0],[138.7312,71.6396,0.0],[138.7328,71.6412,0.0],[138.713,71.6443,0.0],[138.713,71.6474,0.1974],[138.7271,71.6479,0.7897],[138.7396,71.6521,1.1529],[138.75,71.6521,0.0],[138.7536,71.6547,0.9942],[138.7505,71.6578,0.7734],[138.7625,71.6583,0.799],[138.7724,71.6609,0.4004],[138.7745,71.663,0.1833],[138.7708,71.6646,0.0],[138.7667,71.6625,0.6945],[138.7563,71.6625,0.0],[138.7437,71.6583,1.072],[138.7255,71.6589,0.0],[138.7292,71.6625,0.0],[138.7412,71.663,0.0],[138.738,71.6651,0.0],[138.7401,71.6682,0.3222],[138.75,71.6708,0.8719],[138.7688,71.6708,0.0],[138.7729,71.6729,1.0066],[138.7833,71.6729,0.0],[138.7958,71.6771,1.1423],[138.8229,71.6792,0.0],[138.8328,71.6818,0.0],[138.8375,71.6854,0.8605],[138.8417,71.6854,0.2467],[138.8458,71.6875,0.5757],[138.8562,71.6875,0.0],[138.8625,71.6917,0.7456],[138.875,71.6917,0.0],[138.8792,71.6937,-0.0434],[138.8833,71.6937,0.0954],[138.8917,71.7,0.1076],[138.9036,71.7005,0.1075],[138.9021,71.7021,0.0071],[138.8797,71.7026,0.6053],[138.8813,71.7042,0.5209],[138.8953,71.7047,0.6974],[138.8901,71.7078,0.6929],[138.8995,71.7089,0.4169],[138.8943,71.7109,0.7093],[138.8963,71.7141,0.293],[138.9104,71.7146,0.1513],[138.9229,71.7188,0.1131],[138.9349,71.7193,0.0],[138.9318,71.7214,0.4722],[138.9328,71.7245,0.5327],[138.9312,71.725,0.5107],[138.925,71.7229,0.5292],[138.913,71.7234,0.4868],[138.9229,71.7271,0.6784],[138.9391,71.7297,0.2138],[138.9375,71.7312,0.0],[138.9292,71.7312,0.2246],[138.9276,71.7328,0.7374],[138.9375,71.7354,0.5373],[138.9516,71.7359,0.0],[138.9536,71.7391,0.1577],[138.9505,71.7412,0.3324],[138.9604,71.7438,0.3212],[138.9708,71.7438,0.0],[138.9792,71.75,0.4481],[138.9875,71.7479,0.0],[138.9937,71.7521,0.2756],[139.0063,71.7521,0.0644],[139.0151,71.7599,0.4915],[139.0271,71.7604,0.0922],[139.0318,71.7641,0.6455],[139.0474,71.7672,0.5269],[139.0443,71.7693,0.4567],[139.0458,71.7708,0.3625],[139.0661,71.7714,0.4103],[139.0583,71.775,0.3316],[139.0505,71.7755,0.5411],[139.0516,71.7786,0.2487],[139.0484,71.7807,0.5466],[139.0516,71.7849,0.0],[139.0474,71.787,0.0],[139.0401,71.787,0.4404],[139.0453,71.7849,0.3104],[139.0437,71.7833,0.4555],[139.0333,71.7833,0.7605],[139.0318,71.7849,0.8883],[139.0349,71.7891,0.2426],[139.0255,71.7901,0.3006],[139.0266,71.7932,0.1951],[139.0042,71.7937,0.2983],[138.9984,71.7963,0.5966],[139.0036,71.8026,0.4508],[139.0057,71.8078,-0.0753],[138.9979,71.8083,0.3422],[138.9922,71.812,0.3198],[138.9943,71.8141,0.3334],[139.0016,71.8151,0.2509],[139.0036,71.8182,0.0],[138.9943,71.8214,0.2766],[138.9953,71.8245,0.0],[138.9859,71.8255,0.3856],[138.987,71.8287,0.0],[138.9839,71.8307,0.0],[138.9958,71.8313,0.0],[138.9995,71.8339,0.0],[138.9901,71.837,0.1495],[138.9943,71.8411,0.0943],[139.0,71.8417,0.0],[139.0016,71.8432,0.0],[138.9917,71.8438,0.1487],[138.9901,71.8453,0.2911],[138.9937,71.8479,0.0],[139.0016,71.8484,0.0],[139.0036,71.8516,0.0],[138.9984,71.8526,0.0],[138.9901,71.8578,0.0862],[138.9974,71.8651,0.0],[138.9943,71.8682,0.0884],[138.9995,71.8745,0.344],[138.9901,71.8776,0.1209],[138.9912,71.8807,0.0236],[138.9896,71.8812,0.0236],[138.9792,71.8771,0.7398],[138.9776,71.8776,0.4029],[138.9787,71.8807,0.272],[138.9734,71.8818,0.0537],[138.9771,71.8854,0.2764],[138.9891,71.8839,0.1307],[138.9833,71.8875,0.2047],[138.9734,71.888,0.1055],[138.9693,71.8901,0.2519],[138.9703,71.8932,0.1166],[138.9672,71.8943,0.3786],[138.9688,71.8958,0.0012],[138.9807,71.8964,0.2342],[138.9849,71.9016,0.0049],[138.9792,71.9042,-0.0967],[138.9729,71.9021,0.1227],[138.9609,71.9026,-0.0867],[138.9625,71.9042,0.0951],[138.9682,71.9047,0.1261],[138.9703,71.9078,0.0267],[138.9609,71.9089,0.1661],[138.962,71.912,0.0525],[138.9588,71.913,0.3872],[138.9599,71.9161,0.5079],[138.9422,71.9172,-0.0058],[138.9438,71.9187,0.317],[138.9542,71.9187,0.5428],[138.9557,71.9203,0.1838],[138.95,71.9229,0.094],[138.9339,71.9234,0.3975],[138.9354,71.925,0.154],[138.9432,71.9255,0.2965],[138.9453,71.9287,0.2166],[138.9318,71.9339,0.3473],[138.9328,71.937,0.1968],[138.9297,71.938,0.1816],[138.9307,71.9411,0.3048],[138.9193,71.9422,0.5256],[138.9208,71.9437,0.2327],[138.9349,71.9443,0.2899],[138.9297,71.9464,0.3093],[138.9307,71.9495,0.3206],[138.925,71.9521,0.3216],[138.9172,71.9526,0.2295],[138.9182,71.9557,0.451],[138.9167,71.9563,0.2703],[138.9083,71.9563,0.4349],[138.9,71.9604,0.2025],[138.8917,71.9604,0.5762],[138.8792,71.9667,0.0],[138.8313,71.9667,1.0261],[138.8271,71.9688,0.5434]]],
[[[131.7917,71.0917,0.4189],[131.7932,71.0932,0.3496],[131.788,71.0932,0.5521],[131.788,71.0922,0.6168],[131.7917,71.0917,0.4189]]],
[[[131.9734,71.2068,0.0],[131.9812,71.2042,1.1545],[131.9849,71.2047,1.3304],[131.9854,71.2063,0.8071],[131.9833,71.2083,0.7753],[131.975,71.2083,0.3968],[131.9734,71.2068,0.0]]],
[[[132.125,71.2271,0.0],[132.1214,71.2255,0.0],[132.1271,71.2229,0.0],[132.1432,71.2234,0.0],[132.1375,71.2271,0.0],[132.125,71.2271,0.0]]],
[[[132.025,71.2958,2.6154],[132.0188,71.2958,0.0],[132.0172,71.2943,0.0],[132.0286,71.2943,1.2439],[132.025,71.2958,2.6154]]],
[[[134.8188,71.4125,1.1286],[134.8146,71.4146,0.0],[134.8062,71.4146,1.4036],[134.8021,71.4167,0.2288],[134.7937,71.4146,1.1251],[134.7875,71.4167,1.4088],[134.7776,71.4141,0.6651],[134.7755,71.4109,0.2204],[134.7937,71.4042,0.0],[134.8016,71.4036,0.5629],[134.8026,71.4005,0.0],[134.8068,71.3984,0.0],[134.8167,71.3979,1.866],[134.8208,71.3958,1.846],[134.8292,71.3958,1.024],[134.8333,71.3979,1.2459],[134.8562,71.3979,1.2944],[134.8599,71.4005,1.1297],[134.8375,71.4104,1.3277],[134.8188,71.4125,1.1286]]],
[[[134.8979,71.4104,0.0],[134.8833,71.4104,0.0],[134.8771,71.4125,0.0],[134.8734,71.4089,0.0],[134.8854,71.4042,0.0],[134.8979,71.4042,0.0],[134.9021,71.4021,0.0],[134.9083,71.4042,0.0],[134.9125,71.4042,0.0],[134.9167,71.4021,0.0],[134.9266,71.4026,0.0],[134.9104,71.4104,0.0],[134.8979,71.4104,0.0]]],
[[[134.8286,71.4213,0.0],[134.825,71.425,1.0811],[134.8266,71.4287,0.0],[134.8234,71.4297,0.9926],[134.8224,71.4328,0.0],[134.8151,71.4359,0.9261],[134.8161,71.4411,0.0],[134.8146,71.4417,0.0],[134.8,71.4417,0.5997],[134.7958,71.4396,0.7351],[134.7854,71.4396,0.5881],[134.7755,71.437,0.5681],[134.7786,71.4349,0.6742],[134.7776,71.4297,0.3832],[134.787,71.4287,1.204],[134.7896,71.425,0.0],[134.8083,71.4229,0.7421],[134.8167,71.4187,0.0],[134.825,71.4187,1.0026],[134.8286,71.4213,0.0]]],
[[[133.5896,71.4771,0.0],[133.5911,71.4786,0.0],[133.5859,71.4786,0.0],[133.5859,71.4776,0.0],[133.5896,71.4771,0.0]]],
[[[133.5562,71.4875,0.0],[133.5578,71.4891,0.0],[133.5526,71.4891,0.0],[133.5526,71.488,0.0],[133.5562,71.4875,0.0]]],
[[[133.4042,71.5292,0.0],[133.3896,71.5354,0.0],[133.3833,71.5333,0.0],[133.3771,71.5354,0.0],[133.3734,71.5349,0.0],[133.3776,71.5318,0.0],[133.3958,71.5271,0.0],[133.4042,71.5271,0.0],[133.4104,71.525,0.0],[133.4141,71.5276,0.0],[133.4125,71.5292,0.0],[133.4042,71.5292,0.0]]],
[[[133.3521,71.5458,0.0],[133.3537,71.5474,0.0],[133.3484,71.5474,0.0],[133.3484,71.5463,0.0],[133.3521,71.5458,0.0]]],
[[[133.3203,71.5547,0.0],[133.3188,71.5563,0.0],[133.313,71.5557,0.0],[133.3146,71.5542,0.0],[133.3203,71.5547,0.0]]],
[[[135.2708,71.5604,0.0483],[135.2724,71.562,0.2092],[135.2672,71.562,0.1602],[135.2672,71.5609,0.2133],[135.2708,71.5604,0.0483]]],
[[[133.3,71.5625,0.0],[133.3062,71.5604,0.0],[133.3099,71.5609,0.0],[133.3042,71.5646,0.0],[133.2922,71.5641,0.0],[133.2937,71.5625,0.0],[133.3,71.5625,0.0]]],
[[[133.2583,71.5833,0.0],[133.2599,71.5849,0.0],[133.2547,71.5849,0.0],[133.2547,71.5839,0.0],[133.2583,71.5833,0.0]]],
[[[135.5583,71.6062,0.3586],[135.5646,71.6062,0.676],[135.5661,71.6078,1.7129],[135.5583,71.6104,0.6896],[135.5437,71.6104,0.7452],[135.5401,71.6078,0.7798],[135.5417,71.6062,0.2909],[135.5583,71.6062,0.3586]]],
[[[134.8104,71.325,1.655],[134.812,71.3266,1.5409],[134.8068,71.3266,1.5993],[134.8068,71.3255,1.1728],[134.8104,71.325,1.655]]],
[[[134.9438,71.3812,1.7414],[134.9479,71.3812,1.597],[134.9495,71.3828,1.8176],[134.9438,71.3833,1.4026],[134.9438,71.3812,1.7414]]],
[[[134.9708,71.3854,1.5774],[134.9724,71.387,1.4807],[134.9672,71.387,1.3774],[134.9672,71.3859,1.4431],[134.9708,71.3854,1.5774]]],
[[[134.8917,71.3938,0.0],[134.8729,71.3979,0.0],[134.8651,71.3901,1.3058],[134.875,71.3875,1.3594],[134.8792,71.3896,1.3288],[134.8958,71.3896,1.4074],[134.8995,71.3922,1.5551],[134.8979,71.3938,0.0],[134.8917,71.3938,0.0]]],
[[[137.2688,71.4146,0.7737],[137.2609,71.4141,0.5828],[137.2609,71.4109,0.0],[137.2807,71.413,0.433],[137.2792,71.4146,0.0],[137.2688,71.4146,0.7737]]],
[[[137.5604,71.4396,2.5055],[137.5557,71.4359,4.3659],[137.5521,71.4354,6.9139],[137.5495,71.4391,1.0424],[137.5412,71.4432,0.0],[137.5354,71.4458,0.0],[137.5313,71.4458,4.7719],[137.5213,71.4432,0.0],[137.5188,71.4396,1.2909],[137.5063,71.4396,0.0],[137.5047,71.438,0.0],[137.5167,71.4333,0.5452],[137.5313,71.4333,1.3397],[137.5328,71.4328,2.2958],[137.5318,71.4297,0.0],[137.5333,71.4292,0.0],[137.5604,71.4292,0.0],[137.562,71.4307,0.0],[137.5589,71.4328,9.1733],[137.5641,71.4391,5.8743],[137.5604,71.4396,2.5055]]],
[[[137.5833,71.4458,0.0],[137.5828,71.4443,3.8045],[137.5771,71.4437,0.9016],[137.5755,71.4422,0.0],[137.587,71.4422,4.2031],[137.5911,71.4474,4.1465],[137.5854,71.4479,0.0],[137.5833,71.4458,0.0]]],
[[[137.1563,71.4708,0.0],[137.1417,71.4708,5.8376],[137.1375,71.4729,0.0],[137.1167,71.4729,0.0],[137.1125,71.4708,8.4222],[137.1021,71.4708,0.0],[137.0979,71.4688,10.7723],[137.0875,71.4688,0.0],[137.0859,71.4672,0.0],[137.1104,71.4563,0.0],[137.1203,71.4557,1.6932],[137.1193,71.4526,0.0],[137.125,71.45,0.0],[137.1328,71.4495,0.5461],[137.1354,71.4458,0.0],[137.1479,71.4458,0.5147],[137.1563,71.4417,0.0],[137.1662,71.4411,6.6645],[137.1651,71.438,0.0],[137.1708,71.4354,0.0],[137.1807,71.4349,0.0],[137.1849,71.4328,0.6476],[137.1839,71.4297,0.0],[137.1854,71.4292,0.0],[137.1958,71.4292,0.4742],[137.2083,71.4333,0.0],[137.2167,71.4333,1.5235],[137.2208,71.4313,0.0],[137.2417,71.4313,0.0],[137.2458,71.4333,1.6032],[137.2563,71.4333,1.8717],[137.2625,71.4313,0.0],[137.2667,71.4333,1.3371],[137.2771,71.4333,1.4236],[137.2807,71.4359,0.5077],[137.2771,71.4375,0.0],[137.2729,71.4354,1.1481],[137.25,71.4354,1.6925],[137.2417,71.4396,1.1209],[137.2333,71.4396,0.4968],[137.2234,71.4453,0.5635],[137.2271,71.4458,0.6011],[137.2354,71.4417,0.7575],[137.2437,71.4417,1.1499],[137.2479,71.4437,1.3582],[137.2521,71.4437,1.5298],[137.2536,71.4432,1.5298],[137.2526,71.4401,1.271],[137.2542,71.4396,1.271],[137.2688,71.4396,0.9579],[137.2703,71.4411,1.2063],[137.263,71.4443,1.1866],[137.262,71.4474,0.0],[137.2437,71.45,1.2008],[137.2412,71.4537,0.5854],[137.237,71.4557,0.0],[137.2292,71.4563,0.0],[137.2146,71.4625,0.0],[137.1958,71.4646,7.8279],[137.1917,71.4667,0.0],[137.1792,71.4667,1.4581],[137.1687,71.4708,0.0],[137.1563,71.4708,0.0]]],
[[[137.8188,71.5958,0.1926],[137.8042,71.5958,0.5393],[137.8,71.5979,0.1363],[137.7708,71.5979,0.6115],[137.7693,71.5964,0.4613],[137.7724,71.5943,0.6829],[137.7708,71.5938,0.7967],[137.7604,71.5938,0.0],[137.7563,71.5917,0.6816],[137.7333,71.5917,0.4559],[137.7292,71.5896,0.7118],[137.7167,71.5896,1.1488],[137.7068,71.587,0.7532],[137.7083,71.5854,0.0],[137.7245,71.5849,0.0],[137.7188,71.5792,0.0],[137.6771,71.5792,0.9193],[137.6625,71.5833,0.0],[137.6458,71.5833,0.0],[137.6313,71.5792,0.0],[137.6297,71.5797,0.0],[137.6307,71.5828,0.9416],[137.6255,71.5839,1.1428],[137.6146,71.5896,0.4933],[137.5729,71.5896,0.8533],[137.5688,71.5875,0.9321],[137.5458,71.5875,1.5077],[137.5375,71.5917,0.0],[137.4896,71.5917,1.2159],[137.4833,71.5938,0.5186],[137.4792,71.5917,0.5101],[137.4479,71.5917,0.7133],[137.4354,71.5875,1.2171],[137.4146,71.5875,1.7819],[137.4104,71.5896,0.1488],[137.3813,71.5896,0.2555],[137.3771,71.5875,2.0224],[137.3604,71.5875,0.0],[137.3562,71.5854,1.6546],[137.3292,71.5833,0.0],[137.325,71.5813,0.4188],[137.3083,71.5813,0.0],[137.3042,71.5792,2.3216],[137.2937,71.5792,0.6673],[137.2896,71.5771,1.8358],[137.2708,71.5771,0.0],[137.2609,71.5745,2.2846],[137.2563,71.5708,0.5939],[137.2458,71.5708,0.0],[137.2333,71.5667,0.9264],[137.2104,71.5667,0.0],[137.2063,71.5646,3.0954],[137.2021,71.5646,0.0],[137.1953,71.5589,0.0],[137.1833,71.5583,0.2723],[137.1787,71.5547,2.0418],[137.1714,71.5537,1.6376],[137.1693,71.5516,0.7734],[137.1724,71.5495,0.7289],[137.1708,71.5479,0.0],[137.1271,71.5479,0.6727],[137.1229,71.5458,0.5769],[137.0938,71.5458,0.0],[137.0729,71.5396,0.2724],[137.0604,71.5396,0.0],[137.0562,71.5375,0.0],[137.0521,71.5375,0.0],[137.0443,71.5286,0.0],[137.0474,71.5266,0.642],[137.0464,71.5234,0.0],[137.0516,71.5224,0.4617],[137.0484,71.5172,0.0],[137.063,71.5109,0.0],[137.0667,71.5104,0.0],[137.0729,71.5125,7.755],[137.0854,71.5083,0.0],[137.0953,71.5109,0.0],[137.1,71.5146,0.0],[137.1208,71.5146,1.1058],[137.1286,71.512,0.0],[137.137,71.5068,1.1465],[137.1297,71.5057,0.0],[137.1328,71.5036,0.0],[137.1313,71.5021,0.0],[137.1172,71.5047,17.7059],[137.1182,71.5078,1.3934],[137.1104,71.5104,1.1932],[137.0875,71.5042,1.8351],[137.0375,71.5021,0.0],[137.0313,71.5042,0.0],[137.0213,71.5016,0.0],[137.0151,71.4943,0.0],[137.0203,71.4932,0.0],[137.0193,71.4901,0.0],[137.0271,71.4896,0.0],[137.0417,71.4833,0.0],[137.062,71.4807,0.0],[137.0609,71.4776,0.0],[137.0667,71.475,0.0],[137.0896,71.475,0.0],[137.0995,71.4776,0.0],[137.1062,71.4833,0.0],[137.1417,71.4833,1.3788],[137.1458,71.4812,0.0],[137.1604,71.4812,0.0],[137.1682,71.488,0.0],[137.163,71.4912,0.6705],[137.175,71.4938,0.0],[137.1776,71.4901,1.2358],[137.1807,71.4891,0.0],[137.1776,71.4838,0.0],[137.1833,71.4812,0.0],[137.1917,71.4812,1.7464],[137.2063,71.4771,0.0],[137.2146,71.4771,0.0],[137.2203,71.4745,5.2276],[137.2193,71.4714,0.0],[137.2292,71.4708,13.0752],[137.2375,71.4667,0.0],[137.2583,71.4667,0.9643],[137.2625,71.4646,0.0],[137.2703,71.4641,1.1571],[137.2771,71.4604,0.0],[137.2854,71.4604,0.0],[137.3,71.4563,0.0],[137.3083,71.4563,2.6939],[137.3151,71.4526,0.0],[137.3229,71.4521,2.3157],[137.3333,71.4479,0.0],[137.3458,71.4479,0.0],[137.35,71.4458,0.0],[137.3583,71.4458,1.4345],[137.3641,71.4432,1.3284],[137.3609,71.438,0.0],[137.3729,71.4333,0.0],[137.3807,71.4328,0.0],[137.3797,71.4297,0.0],[137.3813,71.4292,0.0],[137.3995,71.4297,1.3764],[137.3979,71.4313,1.7728],[137.388,71.4318,3.1388],[137.3979,71.4354,1.5117],[137.4083,71.4354,1.7673],[137.4167,71.4313,2.8202],[137.425,71.4313,0.7858],[137.4292,71.4333,3.6366],[137.4458,71.4333,1.3438],[137.45,71.4313,0.8166],[137.4578,71.4307,1.769],[137.4563,71.4292,1.2863],[137.4333,71.4292,1.4638],[137.4292,71.4271,1.5358],[137.4229,71.4292,0.8796],[137.4047,71.4287,1.6006],[137.4089,71.4255,1.0581],[137.4167,71.4229,0.0],[137.4354,71.4229,0.0],[137.4396,71.4208,0.0],[137.45,71.4208,0.0],[137.4599,71.4234,0.0],[137.463,71.4266,1.2748],[137.4703,71.4276,0.7712],[137.4703,71.4307,0.4625],[137.4672,71.4328,0.5525],[137.4703,71.437,1.2063],[137.4604,71.4375,0.5538],[137.4505,71.4432,0.0],[137.462,71.4422,0.0],[137.4693,71.4495,1.3106],[137.475,71.45,0.8807],[137.4787,71.4526,0.0],[137.4828,71.4599,1.7125],[137.4734,71.4609,3.3584],[137.4745,71.4641,0.9836],[137.4693,71.4651,0.6875],[137.4708,71.4667,0.0],[137.4833,71.4667,0.0],[137.4875,71.4688,0.978],[137.4958,71.4667,0.0],[137.5,71.4688,1.4424],[137.5146,71.4688,1.3366],[137.5208,71.4667,0.0],[137.525,71.4688,8.4273],[137.5292,71.4688,6.1527],[137.5375,71.4646,0.0],[137.5458,71.4646,1.3254],[137.5495,71.4682,0.0],[137.5401,71.4693,1.0213],[137.5401,71.4724,0.5722],[137.5542,71.4729,0.0],[137.5583,71.475,0.9818],[137.6125,71.475,0.0],[137.625,71.4688,0.2406],[137.6349,71.4682,1.1594],[137.6339,71.4651,0.0],[137.6432,71.462,1.4683],[137.638,71.4547,0.0],[137.6474,71.4537,0.6305],[137.6443,71.4464,1.7571],[137.6521,71.4458,1.4514],[137.6536,71.4443,1.587],[137.6417,71.4437,1.6859],[137.6401,71.4422,1.3956],[137.6479,71.4417,2.1222],[137.6521,71.4396,1.1265],[137.6604,71.4396,1.1908],[137.662,71.4391,1.3556],[137.6609,71.4359,0.0],[137.6625,71.4354,0.0],[137.6932,71.4307,1.7248],[137.6974,71.4287,0.6093],[137.6984,71.4255,0.0],[137.7016,71.4245,1.4327],[137.7005,71.4213,0.0],[137.7063,71.4187,0.0],[137.7125,71.4208,2.6512],[137.725,71.4208,0.7178],[137.7292,71.4229,0.0],[137.7479,71.4208,0.8688],[137.7495,71.4193,1.4151],[137.7464,71.4151,0.0],[137.7516,71.4141,1.3402],[137.7505,71.4109,1.4304],[137.7646,71.4083,0.0],[137.7688,71.4104,1.9342],[137.7813,71.4104,0.0],[137.7937,71.4146,0.7805],[137.7979,71.4146,0.8476],[137.7995,71.4161,0.6673],[137.7943,71.4182,1.7814],[137.8062,71.4187,0.3941],[137.8104,71.4208,0.6434],[137.8146,71.4208,0.4542],[137.8208,71.425,0.8736],[137.85,71.4313,0.0],[137.8542,71.4333,1.2622],[137.8667,71.4333,0.0],[137.8708,71.4354,0.8805],[137.8958,71.4375,0.0],[137.9005,71.4411,1.8112],[137.9078,71.4422,0.0],[137.9151,71.4516,1.9625],[137.9224,71.4526,0.0],[137.9271,71.4563,2.1806],[137.9411,71.4589,0.8639],[137.9484,71.4661,1.4181],[137.9557,71.4672,1.1014],[137.9526,71.4703,1.4634],[137.9568,71.4745,1.3989],[137.9641,71.4755,0.0],[137.9667,71.4792,0.0],[137.9745,71.4797,0.0],[137.9693,71.4818,1.344],[137.9714,71.4849,1.2481],[137.9833,71.4854,0.0],[137.9896,71.4896,1.3424],[138.0016,71.4901,0.0],[138.0036,71.4932,0.0],[138.0005,71.4953,1.5258],[138.0141,71.4964,1.0129],[138.0109,71.4984,1.2992],[138.013,71.5016,1.4602],[138.0188,71.5021,1.3482],[138.0224,71.5047,0.0],[138.0182,71.5078,1.6226],[138.0125,71.5083,1.8494],[138.0083,71.5062,1.5495],[137.9917,71.5062,1.9963],[137.9792,71.5021,1.4017],[137.9646,71.5021,1.7316],[137.963,71.5036,1.8724],[137.9651,71.5078,1.4629],[137.975,71.5104,2.0031],[137.9875,71.5104,1.4461],[137.9917,71.5125,1.6077],[138.0063,71.5125,1.4229],[138.0104,71.5104,1.5493],[138.0188,71.5104,1.6688],[138.0286,71.5193,0.0],[138.0255,71.5224,1.2807],[138.0307,71.5307,0.0],[138.0276,71.5318,1.3067],[138.0286,71.5349,0.919],[138.0255,71.5359,1.6112],[138.0266,71.5391,0.0],[138.0213,71.5401,1.2748],[138.0063,71.5479,0.6257],[137.9979,71.5479,1.4799],[137.9937,71.55,0.5886],[137.9812,71.55,1.2351],[137.9693,71.5547,0.558],[137.9729,71.5563,0.6806],[137.9771,71.5542,0.6752],[137.9854,71.5542,0.4617],[137.9917,71.5521,0.3512],[138.0016,71.5547,0.7767],[137.9984,71.5568,1.4208],[137.9995,71.562,0.614],[137.9901,71.563,0.9279],[137.9932,71.5682,1.3886],[137.9891,71.5703,1.2174],[137.9812,71.5729,1.1471],[137.9688,71.5729,1.1591],[137.9646,71.575,1.1002],[137.9458,71.5771,1.0409],[137.9417,71.5792,0.5382],[137.9333,71.5792,1.3017],[137.9187,71.5833,0.5452],[137.9042,71.5833,0.8102],[137.9,71.5854,0.2939],[137.8667,71.5854,0.3913],[137.8505,71.5901,0.5167],[137.8521,71.5917,0.1407],[137.8578,71.5922,0.3675],[137.8562,71.5938,0.0],[137.8354,71.5938,0.5895],[137.8313,71.5958,0.0],[137.8188,71.5958,0.1926]]],
[[[136.9354,71.5104,0.7867],[136.937,71.512,1.0743],[136.9318,71.512,0.9825],[136.9318,71.5109,0.9037],[136.9354,71.5104,0.7867]]],
[[[137.6875,71.5875,1.484],[137.6891,71.5891,1.3619],[137.6839,71.5891,1.344],[137.6839,71.588,1.2537],[137.6875,71.5875,1.484]]],
[[[137.4542,71.5938,0.4122],[137.4557,71.5953,0.3699],[137.4505,71.5953,0.4313],[137.4505,71.5943,0.4085],[137.4542,71.5938,0.4122]]],
[[[136.2599,71.4786,0.0],[136.2547,71.4786,2.0658],[136.2526,71.4755,0.0],[136.2641,71.4755,0.0],[136.2599,71.4786,0.0]]],
[[[136.6917,71.5271,0.0],[136.6833,71.5271,0.0],[136.6818,71.5255,1.2676],[136.6932,71.5255,1.0802],[136.6917,71.5271,0.0]]],
[[[136.7979,71.5354,0.0],[136.7995,71.537,0.4161],[136.7943,71.537,0.3959],[136.7943,71.5359,0.0],[136.7979,71.5354,0.0]]],
[[[136.4167,71.5833,0.0],[136.4182,71.5849,0.0],[136.413,71.5849,0.0],[136.413,71.5839,0.0],[136.4167,71.5833,0.0]]],
[[[137.4641,71.5964,0.0],[137.4625,71.5979,0.3181],[137.4588,71.5974,0.4495],[137.4604,71.5958,0.0],[137.4641,71.5964,0.0]]],
[[[137.4891,71.6016,0.193],[137.4833,71.6021,0.35],[137.4818,71.6005,0.0],[137.4875,71.6,0.0],[137.4891,71.6016,0.193]]],
[[[136.4,71.5958,0.9166],[136.4016,71.5974,0.9043],[136.3963,71.5974,1.0155],[136.3963,71.5964,0.9426],[136.4,71.5958,0.9166]]],
[[[136.6042,71.6104,0.0],[136.6057,71.612,0.8152],[136.6005,71.612,0.6687],[136.6005,71.6109,0.9077],[136.6042,71.6104,0.0]]],
[[[136.5,71.6104,0.9406],[136.4979,71.6125,0.8927],[136.4943,71.612,1.2478],[136.4958,71.6104,0.927],[136.5,71.6104,0.9406]]],
[[[136.5063,71.6125,0.9549],[136.5078,71.6141,1.1608],[136.5026,71.6141,0.8886],[136.5026,71.613,1.0889],[136.5063,71.6125,0.9549]]],
[[[136.2292,71.6125,1.0777],[136.2307,71.6141,0.8199],[136.2255,71.6141,1.052],[136.2255,71.613,1.1518],[136.2292,71.6125,1.0777]]],
[[[136.3958,71.6146,1.1213],[136.3974,71.6162,1.1063],[136.3922,71.6162,1.1357],[136.3922,71.6151,1.3947],[136.3958,71.6146,1.1213]]],
[[[136.425,71.6188,1.1548],[136.4214,71.6172,1.2483],[136.4271,71.6146,1.1423],[136.4307,71.6151,0.8653],[136.4307,71.6162,0.9864],[136.425,71.6188,1.1548]]],
[[[136.2937,71.6167,1.2693],[136.2937,71.6188,0.4257],[136.288,71.6182,0.8811],[136.2896,71.6167,1.1255],[136.2937,71.6167,1.2693]]],
[[[136.4333,71.6188,1.184],[136.4349,71.6203,0.9298],[136.4297,71.6203,0.8014],[136.4297,71.6193,0.8687],[136.4333,71.6188,1.184]]],
[[[136.4146,71.6229,1.0434],[136.4109,71.6214,0.9874],[136.4187,71.6188,1.2755],[136.4224,71.6214,1.0911],[136.4208,71.6229,1.0509],[136.4146,71.6229,1.0434]]],
[[[135.6208,71.6229,1.6565],[135.6125,71.6229,0.0],[135.6109,71.6214,0.0],[135.6224,71.6214,1.5087],[135.6208,71.6229,1.6565]]],
[[[136.2396,71.6271,0.7862],[136.225,71.6271,0.9298],[136.2208,71.6292,0.8421],[136.1938,71.6292,0.9001],[136.1875,71.625,0.6378],[136.1771,71.625,0.9094],[136.1755,71.6234,0.9678],[136.1833,71.6229,0.8035],[136.1875,71.6208,0.986],[136.2036,71.6203,0.6817],[136.2021,71.6188,0.8629],[136.1964,71.6182,1.1062],[136.1943,71.6162,1.2972],[136.1979,71.6146,1.19],[136.2104,71.6188,0.8024],[136.2208,71.6188,0.9106],[136.225,71.6208,0.8253],[136.2625,71.6208,0.8096],[136.2661,71.6234,0.6511],[136.2646,71.625,0.8264],[136.2437,71.625,0.813],[136.2396,71.6271,0.7862]]],
[[[135.5792,71.6083,1.5306],[135.5807,71.6099,1.1613],[135.5755,71.6099,1.2475],[135.5755,71.6088,1.6005],[135.5792,71.6083,1.5306]]],
[[[133.3333,71.8667,0.0],[133.3349,71.8682,0.0],[133.3297,71.8682,0.0],[133.3297,71.8672,0.0],[133.3333,71.8667,0.0]]],
[[[133.3375,71.8729,0.0],[133.3338,71.8734,1.4748],[133.3349,71.8766,0.0],[133.3229,71.8812,1.4411],[133.3193,71.8807,0.0],[133.3224,71.8786,0.0],[133.3214,71.8734,0.0],[133.3255,71.8714,0.0],[133.3391,71.8714,0.0],[133.3375,71.8729,0.0]]],
[[[133.3328,71.8818,0.0],[133.3313,71.8833,0.0],[133.3255,71.8828,0.0],[133.3271,71.8812,0.0],[133.3328,71.8818,0.0]]],
[[[133.2167,71.5958,0.0],[133.225,71.5938,0.0],[133.2287,71.5974,0.0],[133.2151,71.5974,0.0],[133.2167,71.5958,0.0]]],
[[[133.2083,71.5979,0.0],[133.2099,71.5995,0.0],[133.2047,71.5995,0.0],[133.2047,71.5984,0.0],[133.2083,71.5979,0.0]]],
[[[132.9328,71.8943,0.0],[132.9312,71.8958,1.0653],[132.9255,71.8953,0.7061],[132.9271,71.8938,0.0],[132.9328,71.8943,0.0]]],
[[[132.9646,71.8958,0.9791],[132.9661,71.8974,1.0292],[132.9609,71.8974,0.7346],[132.9609,71.8964,0.8701],[132.9646,71.8958,0.9791]]],
[[[133.3203,71.8849,0.9615],[133.3151,71.8849,0.0],[133.313,71.8818,0.0],[133.3182,71.8818,0.841],[133.3203,71.8849,0.9615]]],
[[[133.3161,71.8891,0.0],[133.3109,71.8891,0.8894],[133.3089,71.8859,0.0],[133.3141,71.8859,1.4482],[133.3161,71.8891,0.0]]],
[[[133.2875,71.8979,1.1095],[133.2891,71.8995,1.04],[133.2839,71.8995,1.2898],[133.2839,71.8984,1.1407],[133.2875,71.8979,1.1095]]],
[[[133.2755,71.9047,1.1476],[133.2745,71.9078,0.0],[133.2667,71.9083,1.4225],[133.2625,71.9104,1.2862],[133.2505,71.9078,1.1598],[133.2521,71.9063,0.7567],[133.2583,71.9063,0.9518],[133.2661,71.9036,0.5369],[133.2729,71.9,0.6992],[133.287,71.9026,0.0],[133.2854,71.9042,0.0],[133.2755,71.9047,1.1476]]],
[[[132.9411,71.8995,0.797],[132.9359,71.8995,0.9422],[132.9339,71.8964,0.9996],[132.9391,71.8964,0.9937],[132.9411,71.8995,0.797]]],
[[[132.975,71.9042,1.0371],[132.9688,71.9042,1.3205],[132.9583,71.9083,0.0],[132.95,71.9083,1.0761],[132.9443,71.9026,0.8944],[132.95,71.9021,1.0286],[132.9563,71.9042,0.9804],[132.9604,71.9021,0.8786],[132.9688,71.9021,1.2404],[132.9703,71.9016,0.9841],[132.9693,71.8984,0.857],[132.975,71.8958,1.1624],[132.9917,71.8958,0.8033],[132.9958,71.9,1.2574],[132.9937,71.9021,0.0],[132.9792,71.9021,1.3828],[132.975,71.9042,1.0371]]],
[[[132.8562,71.9167,0.8387],[132.8521,71.9187,1.0263],[132.8359,71.9203,0.9696],[132.8401,71.9172,0.7835],[132.8583,71.9104,0.0],[132.875,71.9104,0.826],[132.8771,71.9125,0.0],[132.8708,71.9187,0.9358],[132.8625,71.9187,0.9456],[132.8562,71.9167,0.8387]]],
[[[132.9125,71.9208,0.9277],[132.9089,71.9203,1.1728],[132.9068,71.9182,1.2788],[132.9068,71.9151,0.9845],[132.9187,71.9167,0.9446],[132.9224,71.9193,1.2209],[132.9208,71.9208,1.0111],[132.9125,71.9208,0.9277]]],
[[[133.2083,71.9187,0.945],[133.212,71.9224,1.2084],[133.2042,71.925,1.1818],[133.1958,71.925,1.0424],[133.1922,71.9224,1.1136],[133.2,71.9187,1.0363],[133.2083,71.9187,0.945]]],
[[[132.8521,71.9229,1.135],[132.8458,71.9229,1.2398],[132.8443,71.9213,1.1421],[132.8557,71.9213,0.8774],[132.8521,71.9229,1.135]]],
[[[133.2245,71.9213,1.2127],[133.2229,71.9229,1.108],[133.2193,71.9224,1.2093],[133.2208,71.9208,1.1185],[133.2245,71.9213,1.2127]]],
[[[132.8307,71.9234,1.2135],[132.8292,71.925,1.0104],[132.8255,71.9245,1.0837],[132.8271,71.9229,1.2166],[132.8307,71.9234,1.2135]]],
[[[132.8182,71.9255,0.9965],[132.8167,71.9271,0.8799],[132.813,71.9266,0.6891],[132.8146,71.925,1.0957],[132.8182,71.9255,0.9965]]],
[[[132.8521,71.9292,0.9613],[132.8484,71.9287,0.7958],[132.8464,71.9255,1.0239],[132.8516,71.9255,0.7646],[132.8537,71.9276,0.911],[132.8521,71.9292,0.9613]]],
[[[133.2063,71.9271,1.5063],[133.2104,71.925,1.0374],[133.2141,71.9255,0.9444],[133.2083,71.9292,0.8697],[133.2026,71.9287,1.2128],[133.2063,71.9271,1.5063]]],
[[[133.1922,71.9297,1.0623],[133.1896,71.9313,0.9608],[133.1797,71.9318,0.9923],[133.1807,71.9349,1.1282],[133.1792,71.9354,1.0198],[133.1734,71.9349,0.9461],[133.1729,71.9333,1.018],[133.1734,71.9318,0.8413],[133.1792,71.9292,1.0056],[133.1953,71.9276,1.0301],[133.1922,71.9297,1.0623]]],
[[[132.8521,71.9396,0.6516],[132.8484,71.938,0.9608],[132.8542,71.9375,0.7073],[132.8542,71.9396,0.6665],[132.8521,71.9396,0.6516]]],
[[[132.9224,71.9422,1.1122],[132.9208,71.9437,1.2063],[132.9172,71.9432,1.1918],[132.9187,71.9417,1.0292],[132.9224,71.9422,1.1122]]],
[[[133.1953,71.9464,0.0],[133.1938,71.9479,0.0],[133.1901,71.9474,0.0],[133.1917,71.9458,0.0],[133.1953,71.9464,0.0]]],
[[[133.1911,71.9505,0.0],[133.1896,71.9521,0.0],[133.1859,71.9516,0.0],[133.1875,71.95,0.0],[133.1911,71.9505,0.0]]],
[[[133.2036,71.9516,0.0],[133.2,71.9521,0.0],[133.1984,71.9505,0.0],[133.2021,71.95,0.0],[133.2036,71.9516,0.0]]],
[[[133.1271,71.9667,1.0515],[133.1167,71.9667,1.7131],[133.1125,71.9688,0.0],[133.0375,71.9688,0.0],[133.0333,71.9667,1.2093],[133.0208,71.9667,0.0],[133.0167,71.9646,1.1874],[133.0063,71.9646,0.0],[133.0021,71.9625,1.0727],[132.9917,71.9625,0.0],[132.9708,71.9563,1.1966],[132.9604,71.9563,0.0],[132.9563,71.9542,0.9857],[132.9521,71.9542,0.0],[132.9417,71.95,0.9768],[132.9276,71.9474,1.1358],[132.9255,71.9443,1.0691],[132.9307,71.9422,1.0092],[132.9208,71.9396,0.9965],[132.9104,71.9396,1.0732],[132.9089,71.938,0.9175],[132.9146,71.9354,1.0795],[132.925,71.9375,0.8819],[132.9312,71.9354,0.5157],[132.9375,71.9396,1.0723],[132.9479,71.9396,0.95009999999999994],[132.9578,71.9422,0.9256],[132.9588,71.9453,0.9223],[132.9661,71.9464,0.8511],[132.963,71.9484,0.917],[132.9646,71.95,1.1109],[132.9708,71.9479,0.8242],[132.9792,71.9479,0.8114],[132.9917,71.9521,0.9153],[133.0083,71.9521,0.6904],[133.0146,71.9563,0.7087],[133.025,71.9563,0.5843],[133.0292,71.9583,0.7572],[133.0396,71.9563,0.7813],[133.0521,71.9604,0.7717],[133.0583,71.9583,0.7154],[133.0667,71.9583,0.635],[133.0708,71.9604,0.6857],[133.0813,71.9604,0.8057],[133.0875,71.9583,0.7409],[133.1021,71.9625,0.7827],[133.1062,71.9604,0.7212],[133.1162,71.9599,0.9934],[133.1151,71.9568,1.0891],[133.1167,71.9563,0.8536],[133.1313,71.9563,1.1066],[133.1417,71.9521,0.9262],[133.1516,71.9516,1.5392],[133.1505,71.9484,0.9006],[133.1703,71.9411,0.847],[133.1693,71.938,0.9628],[133.1708,71.9375,0.7527],[133.1891,71.938,0.0],[133.1859,71.9401,0.7307],[133.1849,71.9432,0.0],[133.1807,71.9453,0.0],[133.1708,71.9458,0.9461],[133.163,71.9484,0.9896],[133.1646,71.95,1.046],[133.1687,71.95,0.8402],[133.175,71.9479,1.08],[133.1776,71.9516,0.0],[133.1849,71.9526,0.0],[133.1807,71.9557,0.0],[133.1755,71.9568,0.7041],[133.1766,71.9599,0.0],[133.1542,71.9625,1.0169],[133.1396,71.9667,0.0],[133.1271,71.9667,1.0515]]],
[[[136.4937,71.625,1.0482],[136.4979,71.625,1.0906],[136.4995,71.6266,0.9577],[136.4917,71.6292,1.0679],[136.4833,71.6292,0.6371],[136.4792,71.6271,0.998],[136.4609,71.6266,1.3865],[136.4667,71.6229,1.1116],[136.475,71.6229,1.5091],[136.4818,71.6193,1.1915],[136.4896,71.6188,1.2087],[136.4937,71.6167,0.941],[136.512,71.6172,1.4455],[136.5078,71.6203,1.1632],[136.5,71.6229,1.2159],[136.4922,71.6234,1.3055],[136.4937,71.625,1.0482]]],
[[[136.5104,71.6271,0.9948],[136.5068,71.6266,0.9411],[136.5047,71.6234,1.0478],[136.5083,71.6229,1.0989],[136.5208,71.6271,1.0279],[136.525,71.6271,0.9932],[136.5266,71.6286,0.9602],[136.5167,71.6292,0.837],[136.5104,71.6271,0.9948]]],
[[[136.1417,71.6292,0.8909],[136.1292,71.6292,1.0043],[136.125,71.6312,0.806],[136.113,71.6307,0.874],[136.125,71.625,0.7002],[136.1396,71.625,0.7668],[136.1432,71.6276,0.8341],[136.1417,71.6292,0.8909]]],
[[[136.4104,71.6292,1.6168],[136.4042,71.6292,1.59],[136.4026,71.6276,1.6594],[136.4141,71.6276,1.5885],[136.4104,71.6292,1.6168]]],
[[[136.1667,71.6292,0.8664],[136.1604,71.6292,0.8738],[136.1589,71.6276,0.9089],[136.1703,71.6276,0.7407],[136.1667,71.6292,0.8664]]],
[[[136.1911,71.6297,0.8891],[136.1896,71.6312,0.998],[136.1859,71.6307,0.9366],[136.1875,71.6292,0.8914],[136.1911,71.6297,0.8891]]],
[[[136.1787,71.6297,0.9165],[136.1771,71.6312,0.9191],[136.1734,71.6307,0.9584],[136.175,71.6292,0.877],[136.1787,71.6297,0.9165]]],
[[[136.6083,71.6333,0.7445],[136.6047,71.6328,1.407],[136.6026,71.6297,0.6906],[136.6078,71.6297,0.8746],[136.6099,71.6318,0.875],[136.6083,71.6333,0.7445]]],
[[[136.5922,71.6318,0.8879],[136.5792,71.6375,0.7519],[136.5547,71.637,0.4555],[136.5562,71.6354,0.6932],[136.5786,71.6349,0.7413],[136.5891,71.6307,0.8673],[136.5859,71.6266,1.1119],[136.5875,71.625,0.8651],[136.5995,71.6276,0.6758],[136.5922,71.6318,0.8879]]],
[[[135.7682,71.6391,0.0],[135.7646,71.6396,1.1681],[135.763,71.638,0.0],[135.7667,71.6375,0.0],[135.7682,71.6391,0.0]]],
[[[134.9578,72.1578,0.0],[134.9542,72.1583,0.0],[134.9526,72.1568,0.0],[134.9563,72.1563,0.0],[134.9578,72.1578,0.0]]],
[[[135.5437,72.4313,0.0],[135.5396,72.4313,0.0],[135.538,72.4297,0.0],[135.5453,72.4297,0.0],[135.5437,72.4313,0.0]]],
[[[139.7516,71.8703,0.0],[139.7563,71.8688,0.0],[139.7599,71.8724,0.0],[139.7521,71.875,0.0],[139.7464,71.8724,0.0],[139.7516,71.8703,0.0]]],
[[[139.7292,71.8771,0.0],[139.7255,71.8766,0.0],[139.7234,71.8734,0.0],[139.7287,71.8734,0.0],[139.7307,71.8755,0.0],[139.7292,71.8771,0.0]]],
[[[139.7396,71.8812,0.0],[139.7359,71.8807,0.0],[139.7339,71.8776,0.0],[139.7542,71.8792,0.0],[139.7578,71.8828,0.0],[139.7521,71.8833,0.0],[139.7479,71.8812,0.0],[139.7396,71.8812,0.0]]],
[[[139.7464,71.8901,0.0],[139.7437,71.8917,0.0],[139.7359,71.8922,0.0],[139.7375,71.8938,0.0],[139.7432,71.8943,0.0],[139.7417,71.8958,0.0],[139.7312,71.8958,0.0],[139.7276,71.8932,0.0],[139.7328,71.8912,0.0],[139.7297,71.8859,0.0],[139.7354,71.8833,0.0],[139.7453,71.8839,0.0],[139.7495,71.888,0.0],[139.7464,71.8901,0.0]]],
[[[139.9557,71.5463,0.0],[139.9542,71.5479,0.0],[139.9505,71.5474,0.0],[139.9521,71.5458,0.0],[139.9557,71.5463,0.0]]],
[[[139.9063,71.5604,0.0],[139.8938,71.5604,0.0],[139.8922,71.5609,0.0],[139.8932,71.5641,0.0],[139.8917,71.5646,0.0],[139.888,71.5641,0.0],[139.8859,71.562,0.0],[139.8891,71.5599,0.0],[139.888,71.5568,0.0],[139.8896,71.5563,0.0],[139.8958,71.5583,0.0],[139.9078,71.5589,0.0],[139.9063,71.5604,0.0]]],
[[[144.2671,72.1817,4.3762],[144.3558,72.1453,7.9848],[144.5671,72.1462,10.0808],[144.7204,72.1773,2.8046],[144.826,72.2172,2.489],[144.8662,72.2203,1.0701],[144.8583,72.2208,2.0613],[144.8542,72.2229,0.0],[144.8479,72.2208,2.1995],[144.7667,72.2208,0.0],[144.7422,72.2037,1.1492],[144.737,72.1984,2.1077],[144.7312,72.1958,2.1632],[144.7255,72.1953,0.0],[144.7188,72.1917,2.1032],[144.713,72.1911,0.0],[144.7042,72.1854,2.2139],[144.6896,72.1833,0.0],[144.6849,72.1797,2.2712],[144.6771,72.1792,1.5475],[144.6729,72.1771,2.3584],[144.6604,72.1771,0.0],[144.6505,72.1745,0.0],[144.6438,72.1708,14.6214],[144.6333,72.1708,0.0],[144.6187,72.1667,11.7864],[144.6062,72.1667,0.0],[144.5833,72.1604,16.9622],[144.5708,72.1604,0.0],[144.5667,72.1583,4.2586],[144.5521,72.1563,0.0],[144.5479,72.1542,0.0],[144.5417,72.1542,0.0],[144.5375,72.1521,0.0],[144.5292,72.1521,0.0],[144.525,72.1542,0.0],[144.5104,72.1542,6.9293],[144.5063,72.1563,0.0],[144.4937,72.1563,7.4009],[144.4896,72.1583,4.6452],[144.4604,72.1583,0.0],[144.4563,72.1563,0.0],[144.4438,72.1563,0.0],[144.4396,72.1542,5.7529],[144.4333,72.1563,0.0],[144.4187,72.1563,2.4308],[144.4146,72.1583,0.0],[144.3979,72.1604,2.753],[144.3896,72.1646,0.0],[144.3813,72.1646,0.0],[144.3771,72.1667,0.0],[144.3646,72.1667,19.1723],[144.3578,72.1703,0.0],[144.35,72.1708,0.0],[144.3458,72.1729,0.0],[144.3313,72.1729,3.1959],[144.3203,72.1787,0.0],[144.3109,72.1797,0.0],[144.2984,72.1859,0.0],[144.2995,72.1891,0.0],[144.2901,72.1901,2.3298],[144.2912,72.1932,1.1454],[144.284,72.1977,0.0],[144.2671,72.1817,4.3762]]],
[[[140.1307,72.1932,0.0],[140.125,72.1937,0.0],[140.1234,72.1922,0.0],[140.1292,72.1917,0.0],[140.1307,72.1932,0.0]]],
[[[139.7057,71.9047,0.0],[139.7042,71.9063,0.0],[139.7005,71.9057,0.0],[139.7021,71.9042,0.0],[139.7057,71.9047,0.0]]],
[[[139.7099,71.9151,0.0],[139.7083,71.9167,0.0],[139.7047,71.9161,0.0],[139.7063,71.9146,0.0],[139.7099,71.9151,0.0]]],
[[[139.6807,71.9193,0.0],[139.6792,71.9208,0.0],[139.6755,71.9203,0.0],[139.6771,71.9187,0.0],[139.6807,71.9193,0.0]]],
[[[139.388,71.9193,0.0],[139.3932,71.9193,0.0],[139.3953,71.9224,0.0],[139.3896,71.925,0.0],[139.3839,71.9245,0.0],[139.3891,71.9224,0.0],[139.388,71.9193,0.0]]],
[[[139.6495,71.9224,0.0],[139.6458,71.9229,0.0],[139.6443,71.9213,0.0],[139.6479,71.9208,0.0],[139.6495,71.9224,0.0]]],
[[[138.9542,71.9354,0.2674],[138.9505,71.9318,0.0],[138.9542,71.9313,0.0],[138.9578,71.9339,0.0],[138.9542,71.9354,0.2674]]],
[[[144.7412,72.2068,0.0],[144.7396,72.2083,0.0],[144.7359,72.2078,0.0],[144.7375,72.2063,0.0],[144.7412,72.2068,0.0]]],
[[[144.8786,72.2234,1.7014],[144.8745,72.2207,0.0],[145.338,72.254,1.1807],[145.6785,72.2704,2.4174],[145.6755,72.2724,2.395],[145.6787,72.2745,2.0492],[145.6708,72.275,1.7485],[145.6667,72.2771,0.0],[145.6625,72.2771,0.0],[145.6583,72.275,2.1636],[145.6125,72.275,0.0],[145.6083,72.2729,2.2369],[145.5979,72.275,0.0],[145.5938,72.2729,2.542],[145.5688,72.2729,0.0],[145.5646,72.2708,1.8477],[145.5542,72.2729,0.0],[145.55,72.2708,1.3819],[145.5313,72.2708,0.0],[145.5271,72.2688,1.7031],[145.4984,72.2682,0.0],[145.5057,72.2641,0.6178],[145.5042,72.2625,1.4745],[145.4937,72.2667,2.1839],[145.4563,72.2667,0.0],[145.45,72.2646,1.1107],[145.4438,72.2667,0.0],[145.4292,72.2625,2.8164],[145.3771,72.2625,0.0],[145.3729,72.2604,1.8194],[145.3396,72.2604,0.0],[145.3354,72.2583,1.3161],[145.2542,72.2583,0.0],[145.2479,72.2562,2.153],[145.2437,72.2583,0.0],[145.2292,72.2583,2.2305],[145.2208,72.2625,0.0],[145.2042,72.2625,0.0],[145.2,72.2604,2.4869],[145.1896,72.2604,0.0],[145.1854,72.2583,2.318],[145.1729,72.2583,0.0],[145.1583,72.2542,2.2618],[145.1458,72.2542,0.0],[145.1417,72.2521,2.0748],[145.1229,72.2521,0.0],[145.1187,72.25,1.792],[145.1062,72.25,0.0],[145.1021,72.2479,3.1026],[145.0771,72.2479,0.0],[145.0625,72.2438,1.8817],[145.05,72.2438,0.0],[145.0458,72.2417,2.2067],[145.0333,72.2417,0.0],[145.0292,72.2396,1.7654],[145.0167,72.2396,0.0],[145.0125,72.2375,1.6621],[145.0,72.2375,0.0],[144.9937,72.2333,3.4034],[144.975,72.2333,0.0],[144.9708,72.2312,2.2245],[144.9583,72.2312,0.0],[144.9542,72.2292,1.9537],[144.9146,72.2292,0.0],[144.9104,72.2271,2.2797],[144.8917,72.2271,0.0],[144.8786,72.2234,1.7014]]],
[[[146.8377,72.2651,2.846],[146.8938,72.2712,2.8248],[146.9539,72.2988,0.0],[146.9599,72.3037,0.0],[146.9375,72.3146,0.0],[146.9312,72.3125,1.5494],[146.9229,72.3146,0.0],[146.9187,72.3125,2.4828],[146.9146,72.3125,2.265],[146.9104,72.3146,0.0],[146.8729,72.3146,0.0],[146.8687,72.3125,0.0],[146.8562,72.3125,0.0],[146.8438,72.3083,2.55],[146.7583,72.3083,2.4213],[146.7521,72.3104,0.0],[146.7479,72.3083,1.8347],[146.7375,72.3083,2.3714],[146.7333,72.3104,0.0],[146.7208,72.3104,1.055],[146.7167,72.3125,0.0],[146.7125,72.3125,0.0],[146.7083,72.3104,1.8768],[146.6646,72.3104,2.6836],[146.6583,72.3125,0.0],[146.6521,72.3104,2.9331],[146.6479,72.3125,0.0],[146.6313,72.3125,0.0],[146.625,72.3104,2.6367],[146.6208,72.3125,0.0],[146.5271,72.3125,0.0],[146.5208,72.3104,2.8539],[146.5146,72.3125,0.0],[146.5104,72.3104,2.5181],[146.4833,72.3104,0.0],[146.4792,72.3083,2.4792],[146.4333,72.3083,0.0],[146.4292,72.3063,1.4931],[146.4167,72.3063,0.0],[146.4125,72.3042,2.7093],[146.3729,72.3042,0.0],[146.3687,72.3021,2.851],[146.3271,72.3021,0.0],[146.3229,72.3,3.2632],[146.3167,72.3021,0.0],[146.2458,72.3021,0.0],[146.2417,72.3,2.7348],[146.2146,72.3,0.0],[146.2104,72.2979,2.3568],[146.15,72.2979,0.0],[146.1484,72.2963,2.1421],[146.1557,72.2922,2.4899],[146.1479,72.2875,2.4669],[146.1297,72.288,1.3223],[146.1328,72.2911,2.4158],[146.1297,72.2932,2.2536],[146.1375,72.2937,2.1586],[146.1411,72.2963,1.5598],[146.1375,72.2979,0.0],[146.1333,72.2958,2.1316],[146.0938,72.2958,0.0],[146.0896,72.2937,2.4909],[146.0562,72.2937,0.0],[146.0521,72.2917,1.5756],[146.025,72.2917,0.0],[146.0208,72.2896,1.8529],[145.9875,72.2896,0.0],[145.9833,72.2875,1.9134],[145.9521,72.2875,0.0],[145.9479,72.2854,0.8781],[145.9208,72.2854,0.0],[145.9167,72.2833,1.2409],[145.8771,72.2833,0.0],[145.8729,72.2813,0.9896],[145.8458,72.2813,0.0],[145.8417,72.2792,2.1565],[145.7813,72.2792,0.0],[145.7771,72.2771,1.2447],[145.7312,72.2771,0.0],[145.7271,72.275,1.5167],[145.7021,72.275,2.3955],[145.6964,72.2724,2.1843],[145.6967,72.2712,2.2523],[145.7489,72.2738,1.725],[146.1068,72.2753,2.2635],[146.5029,72.2823,3.0828],[146.8092,72.262,2.9726],[146.8377,72.2651,2.846]]],
[[[146.8224,72.3516,1.0362],[146.813,72.3526,1.08],[146.8161,72.3547,0.9679],[146.8146,72.3562,0.9967],[146.8042,72.3562,0.8974],[146.8,72.3542,1.0967],[146.7937,72.3562,1.0056],[146.7755,72.3557,1.2281],[146.7828,72.3516,1.3138],[146.7797,72.3495,1.6101],[146.7813,72.3479,1.633],[146.7875,72.35,1.6132],[146.7979,72.35,1.4966],[146.8125,72.3458,1.3496],[146.8188,72.3458,1.2005],[146.8229,72.3438,1.4078],[146.837,72.3464,1.0487],[146.8328,72.3495,1.0801],[146.825,72.35,1.1713],[146.8224,72.3516,1.0362]]],
[[[140.212,72.4755,0.0],[140.2104,72.4771,0.0],[140.2068,72.4766,0.0],[140.2083,72.475,0.0],[140.212,72.4755,0.0]]],
[[[139.9708,72.4917,0.0],[139.9672,72.4912,0.0],[139.9651,72.488,0.0],[139.9703,72.488,0.0],[139.9724,72.4901,0.0],[139.9708,72.4917,0.0]]],
[[[139.9182,72.4932,0.0],[139.9208,72.4917,0.0],[139.9266,72.4922,0.0],[139.9208,72.4958,0.0],[139.9089,72.4953,0.0],[139.9104,72.4938,0.0],[139.9182,72.4932,0.0]]],
[[[140.7599,72.5005,0.0],[140.7583,72.5021,0.0],[140.7547,72.5016,0.0],[140.7563,72.5,0.0],[140.7599,72.5005,0.0]]],
[[[140.9036,72.5172,0.0],[140.9021,72.5188,0.0],[140.8984,72.5182,0.0],[140.9,72.5167,0.0],[140.9036,72.5172,0.0]]],
[[[140.875,72.5271,0.0],[140.8693,72.5234,0.0],[140.875,72.5229,0.0],[140.8786,72.5255,0.0],[140.875,72.5271,0.0]]],
[[[145.3703,72.5526,0.0],[145.3687,72.5542,0.0],[145.3651,72.5537,0.0],[145.3667,72.5521,0.0],[145.3703,72.5526,0.0]]],
[[[145.2245,72.563,0.0],[145.2229,72.5646,0.0],[145.2193,72.5641,0.0],[145.2208,72.5625,0.0],[145.2245,72.563,0.0]]],
[[[145.1938,72.5667,0.0],[145.1896,72.5667,0.0],[145.188,72.5651,0.0],[145.2016,72.5651,0.0],[145.2,72.5667,0.0],[145.1938,72.5667,0.0]]],
[[[140.9833,72.7021,0.0],[140.9792,72.7021,0.0],[140.9776,72.7005,0.0],[140.9849,72.7005,0.0],[140.9833,72.7021,0.0]]]]}}