{"type":"Feature","properties":{"GID_3":"RUS.60.3.1_1","GID_0":"RUS","country":"Russia","GID_1":"RUS.60_1","province":"Sakha","NL_NAME_1":"РеспубликаСаха","GID_2":"RUS.60.3_1","county":"Allaikhovskiyrayon","NL_NAME_2":"Аллаиховскийрайон","city":"NA","VARNAME_3":"NA","NL_NAME_3":"NA","TYPE_3":"NA","ENGTYPE_3":"NA","CC_3":"NA","HASC_3":"NA","name":"N_A.city"},
"geometry":{"type": "MultiPolygon","coordinates": [[[[148.2121,69.401,239.1391],[148.5416,69.4437,386.4377],[148.7977,69.4907,221.2943],[149.0083,69.5315,224.7818],[149.1058,69.5285,350.9776],[149.1858,69.5219,355.5826],[149.44,69.5342,334.813],[149.8022,69.5667,522.2926],[150.0571,69.6074,405.3843],[150.2619,69.6643,265.906],[150.5219,69.7068,350.5929],[150.6746,69.7502,335.5742],[150.8344,69.7747,280.5932],[151.0046,69.7898,332.5479],[151.0905,69.8092,343.3011],[151.2069,69.8292,471.8436],[151.3386,69.8038,223.4355],[151.6196,69.7159,69.7746],[151.7736,69.7046,60.3087],[151.9418,69.7133,40.7889],[152.0094,69.7033,39.7074],[152.0984,69.7298,38.299],[152.19,69.8299,48.7219],[152.2266,69.8779,91.4731],[152.2539,69.9256,178.4057],[152.0524,70.0206,28.6248],[152.0261,70.0618,37.408],[152.0435,70.0914,48.0216],[152.1667,70.1245,36.9134],[152.2754,70.1641,62.9628],[152.4131,70.2071,65.5418],[152.4293,70.2468,12.5438],[152.4033,70.2948,13.2177],[152.3343,70.3671,7.4741],[152.2279,70.4301,9.1533],[152.1875,70.4877,6.0064],[152.2893,70.5414,4.1533],[152.4135,70.5783,4.8921],[152.5013,70.6153,0.0],[152.4876,70.676,3.13],[152.4875,70.7256,1.8552],[152.537,70.7724,0.0],[152.5318,70.7766,2.4858],[152.537,70.7797,0.0],[152.5359,70.7828,0.0],[152.5391,70.7849,1.7242],[152.5359,70.787,0.0],[152.5391,70.7891,0.0],[152.5297,70.7943,1.9406],[152.5328,70.7974,1.108],[152.5297,70.7995,1.984],[152.5349,70.8026,0.0],[152.5339,70.8057,0.0],[152.537,70.8078,0.0],[152.5313,70.8104,1.8695],[152.5229,70.8104,1.7731],[152.5172,70.8078,1.9991],[152.5203,70.8057,2.0984],[152.5188,70.8042,1.7996],[152.4854,70.8042,2.1746],[152.4787,70.8078,2.04],[152.4714,70.8089,1.6532],[152.4729,70.8104,1.7945],[152.5083,70.8104,2.0224],[152.5099,70.8109,1.5122],[152.5089,70.8141,1.6915],[152.5104,70.8146,1.7713],[152.5292,70.8146,2.2209],[152.5328,70.8172,1.3864],[152.5292,70.8208,0.0],[152.5229,70.8208,0.0],[152.5,70.8271,0.0],[152.4625,70.8271,0.0],[152.4583,70.8292,0.0],[152.4438,70.8292,0.0],[152.4375,70.8271,1.4261],[152.4333,70.8292,0.0],[152.4104,70.8292,1.5054],[152.4021,70.8333,1.0634],[152.3833,70.8333,0.5758],[152.3729,70.8396,0.0],[152.3562,70.8396,1.0831],[152.3417,70.8438,1.3401],[152.3313,70.8438,1.2332],[152.3271,70.8458,1.0746],[152.3208,70.8458,1.0138],[152.3083,70.85,1.4392],[152.2937,70.8521,1.3625],[152.2854,70.8562,0.0],[152.2667,70.8562,1.2391],[152.2625,70.8583,0.0],[152.2521,70.8583,1.0363],[152.2479,70.8604,1.0534],[152.2417,70.8604,0.6629],[152.2375,70.8625,1.0553],[152.2312,70.8604,0.0],[152.2167,70.8604,0.7172],[152.2042,70.8646,1.0611],[152.1917,70.8646,0.7809],[152.1875,70.8667,0.7305],[152.1792,70.8646,0.8007],[152.1651,70.8703,0.7114],[152.1812,70.8708,1.1873],[152.1875,70.8688,1.1205],[152.1891,70.8693,1.1205],[152.188,70.8724,0.9081],[152.1938,70.8729,0.7496],[152.1953,70.8745,0.971],[152.1932,70.8766,0.2353],[152.1854,70.8771,1.2221],[152.1812,70.8792,0.8524],[152.1708,70.875,0.7184],[152.1604,70.8771,0.7658],[152.1589,70.8776,0.7658],[152.1599,70.8807,1.1513],[152.1578,70.8828,1.1267],[152.15,70.8833,1.3641],[152.1375,70.8875,0.7656],[152.1313,70.8875,1.1971],[152.1208,70.8938,1.1219],[152.0979,70.8938,0.7824],[152.0917,70.8958,0.8845],[152.0755,70.8912,0.7809],[152.0734,70.8891,0.6314],[152.0745,70.8859,0.8897],[152.0708,70.8833,0.9811],[152.0646,70.8833,0.8132],[152.0583,70.8812,0.8589],[152.0542,70.8833,0.8012],[152.05,70.8833,0.7496],[152.0484,70.8849,0.7477],[152.0537,70.8891,0.5079],[152.0505,70.8901,0.95],[152.0484,70.8932,0.94],[152.0537,70.8974,0.8016],[152.0484,70.9005,0.7164],[152.0495,70.9036,0.9761],[152.0422,70.9047,0.9777],[152.038,70.9078,0.6757],[152.0437,70.9104,0.9051],[152.05,70.9083,0.9456],[152.0667,70.9083,1.0146],[152.0708,70.9063,0.8393],[152.075,70.9063,0.8802],[152.0792,70.9083,1.4851],[152.0974,70.9089,1.7565],[152.0958,70.9104,1.863],[152.0901,70.9109,2.0231],[152.0911,70.9141,0.0],[152.0714,70.9193,1.8211],[152.0625,70.925,0.0],[152.0333,70.9271,2.2991],[152.0271,70.9313,0.0],[152.0083,70.9313,1.9259],[152.0042,70.9333,0.2744],[151.9937,70.9333,1.748],[151.9896,70.9354,0.8109],[151.9833,70.9354,0.0],[151.9792,70.9375,0.0],[151.9688,70.9333,1.2069],[151.9604,70.9333,0.7257],[151.9563,70.9354,0.0],[151.9312,70.9354,0.8729],[151.9271,70.9375,0.0],[151.9063,70.9375,0.0],[151.9,70.9354,0.8841],[151.8958,70.9375,0.0],[151.8458,70.9375,1.2298],[151.8417,70.9396,0.0],[151.8354,70.9375,1.2177],[151.8208,70.9375,1.1847],[151.8167,70.9396,0.0],[151.7979,70.9396,0.975],[151.7937,70.9417,0.5345],[151.7771,70.9417,0.987],[151.7729,70.9437,0.6577],[151.7672,70.9432,0.8349],[151.7703,70.9401,1.1474],[151.7667,70.9396,1.0766],[151.7599,70.9432,1.0253],[151.7526,70.9443,0.9931],[151.7599,70.9474,0.0],[151.75,70.95,0.6846],[151.7312,70.9521,1.215],[151.7297,70.9505,0.8532],[151.7328,70.9484,1.0706],[151.7276,70.9484,1.2401],[151.7214,70.9526,1.1347],[151.7229,70.9542,1.152],[151.7287,70.9547,0.9408],[151.7266,70.9578,1.1879],[151.7172,70.9589,1.2412],[151.7125,70.9625,0.0],[151.7063,70.9625,1.2749],[151.7,70.9646,0.0],[151.6958,70.9625,0.0],[151.6875,70.9625,0.9464],[151.6792,70.9667,0.8772],[151.6672,70.9672,0.0],[151.6745,70.9703,1.0687],[151.6667,70.975,0.2019],[151.6542,70.975,1.2347],[151.65,70.9771,1.2664],[151.6417,70.9771,1.255],[151.6401,70.9755,1.5311],[151.6479,70.975,1.2684],[151.6495,70.9734,1.3483],[151.6333,70.9729,1.5347],[151.6276,70.9755,1.4128],[151.6255,70.9776,1.6636],[151.6266,70.9807,0.0],[151.6193,70.9818,1.6084],[151.6151,70.9849,0.0],[151.6187,70.9854,0.9057],[151.6229,70.9833,0.0],[151.6375,70.9833,0.5265],[151.6391,70.9838,0.9082],[151.638,70.987,0.5145],[151.6417,70.9875,2.1261],[151.6479,70.9833,0.0],[151.6542,70.9833,0.0],[151.6583,70.9812,0.0],[151.6708,70.9812,1.1333],[151.675,70.9792,0.0],[151.6854,70.9792,0.0],[151.6896,70.9771,0.0],[151.6958,70.9792,2.3431],[151.7312,70.9771,0.0],[151.7375,70.9792,1.861],[151.7417,70.9771,0.5468],[151.7604,70.9771,0.9878],[151.7646,70.975,0.0],[151.7729,70.9771,1.8509],[151.7771,70.975,0.0],[151.8083,70.975,1.0035],[151.8125,70.9729,0.0],[151.8188,70.975,1.1721],[151.8354,70.975,0.9879],[151.837,70.9755,1.4694],[151.8359,70.9786,1.5087],[151.85,70.9812,1.2365],[151.8537,70.9776,1.3967],[151.8443,70.9766,1.2475],[151.8422,70.9734,0.0],[151.8562,70.9729,0.0],[151.8604,70.9708,0.0],[151.8833,70.9708,1.3483],[151.8875,70.9688,0.7366],[151.9,70.9688,1.1696],[151.9042,70.9667,0.0],[151.9521,70.9667,0.0],[151.9563,70.9688,0.9741],[151.9917,70.9688,0.0],[151.9932,70.9693,0.0],[151.9922,70.9724,0.0],[151.9937,70.9729,0.0],[152.0021,70.9708,0.0],[152.0104,70.975,0.5921],[152.0453,70.9776,0.0],[152.0437,70.9792,0.0],[152.038,70.9797,0.0],[152.0396,70.9812,0.0],[152.0479,70.9812,0.0],[152.0542,70.9792,0.0],[152.0589,70.9828,0.0],[152.0667,70.9833,1.0474],[152.0724,70.9859,0.8172],[152.0693,70.9891,0.6062],[152.0724,70.9912,0.0],[152.0672,70.9943,0.0],[152.0682,70.9974,0.0],[152.0625,70.9979,0.0],[152.0568,71.0005,0.0],[152.0599,71.0026,0.0],[152.0568,71.0047,1.118],[152.0599,71.0068,0.0],[152.0583,71.0083,0.0],[152.0417,71.0083,1.0693],[152.0401,71.0068,1.0763],[152.0432,71.0047,1.1245],[152.0354,71.0021,0.6839],[152.0318,71.0047,0.8184],[152.0328,71.0078,1.16],[152.0229,71.0104,1.0131],[152.0089,71.0109,0.8146],[152.0068,71.0141,0.9193],[152.0146,71.0188,0.9947],[152.0182,71.0182,1.1346],[152.0151,71.0162,1.2501],[152.0167,71.0146,0.9681],[152.0313,71.0146,1.3253],[152.037,71.0182,1.3134],[152.0276,71.0193,1.4976],[152.0167,71.0271,1.3484],[151.9964,71.0276,0.9542],[151.9943,71.0297,0.7758],[151.9953,71.0328,0.651],[151.9932,71.0349,0.7658],[151.9854,71.0354,0.822],[151.9812,71.0375,0.8105],[151.9776,71.037,1.1915],[151.9755,71.0339,1.3589],[151.9776,71.0318,1.3036],[151.9854,71.0313,1.2475],[151.987,71.0297,1.0056],[151.9734,71.0297,1.3727],[151.9672,71.0339,1.2452],[151.9703,71.037,1.0387],[151.9672,71.0391,1.1927],[151.9729,71.0417,0.9975],[151.9792,71.0417,1.0642],[151.9807,71.0432,1.1885],[151.9651,71.0443,1.0431],[151.962,71.0474,1.207],[151.9547,71.0505,1.3014],[151.9526,71.0537,1.3043],[151.9563,71.0542,1.1379],[151.9604,71.0521,0.958],[151.9766,71.0495,0.9473],[151.9839,71.0443,1.1088],[151.9932,71.0432,1.2576],[151.9901,71.0401,1.1541],[151.9958,71.0375,1.2945],[152.0104,71.0375,1.4252],[152.0167,71.0396,1.4174],[152.0208,71.0375,1.305],[152.0271,71.0375,1.3091],[152.0349,71.0328,1.5283],[152.0318,71.0297,1.5567],[152.0412,71.0286,1.4743],[152.0458,71.025,1.006],[152.0495,71.0255,0.0],[152.0474,71.0286,1.0044],[152.0443,71.0297,0.9534],[152.0474,71.0328,0.0],[152.0396,71.0333,1.2],[152.0307,71.0391,1.0122],[152.0208,71.0417,0.9826],[152.0146,71.0417,1.3543],[152.0104,71.0437,1.0837],[151.9979,71.0437,1.1849],[151.9964,71.0453,1.1814],[151.9995,71.0474,0.8273],[151.9917,71.0479,1.1852],[151.9792,71.0521,0.6381],[151.9729,71.0521,0.9389],[151.9667,71.0563,0.8003],[151.8833,71.0563,0.8225],[151.8771,71.0583,0.8497],[151.8729,71.0563,1.0913],[151.8542,71.0563,0.1987],[151.8479,71.0542,1.1159],[151.8438,71.0563,0.6284],[151.8313,71.0563,0.819],[151.8271,71.0583,0.6151],[151.8167,71.0583,1.5074],[151.8125,71.0604,0.7481],[151.7875,71.0604,2.2601],[151.7833,71.0625,0.4569],[151.775,71.0625,0.4191],[151.7667,71.0583,2.2244],[151.7563,71.0583,0.68],[151.7547,71.0568,2.0271],[151.7745,71.0557,2.2579],[151.7807,71.0516,2.0276],[151.7771,71.0479,1.9262],[151.7583,71.0479,1.8397],[151.75,71.0437,1.946],[151.7354,71.0437,1.6564],[151.7203,71.0537,2.4373],[151.7042,71.0542,0.4407],[151.6974,71.0505,0.9424],[151.6917,71.05,0.6131],[151.6812,71.0458,1.5298],[151.6766,71.0495,0.6389],[151.6687,71.05,0.9238],[151.6604,71.0542,0.7575],[151.6458,71.0542,0.7562],[151.6396,71.0521,0.6911],[151.6354,71.0542,0.7837],[151.6229,71.0542,1.1614],[151.6,71.0604,0.881],[151.5813,71.0604,1.2513],[151.5703,71.0682,0.5707],[151.5547,71.0693,0.4633],[151.5578,71.0714,0.6854],[151.5562,71.0729,0.7099],[151.5396,71.075,1.3701],[151.5271,71.0792,0.2788],[151.5188,71.0771,1.1345],[151.5146,71.0792,0.4024],[151.5068,71.0797,0.9478],[151.5083,71.0813,0.4504],[151.5146,71.0813,0.768],[151.5188,71.0833,0.7752],[151.5271,71.0833,0.5709],[151.5313,71.0813,0.7977],[151.5562,71.0813,1.3952],[151.5688,71.0771,0.0735],[151.5813,71.0771,1.1947],[151.5854,71.075,0.6242],[151.5917,71.075,1.2352],[151.5979,71.0708,0.3183],[151.6062,71.0729,1.8118],[151.6146,71.0687,0.3527],[151.6271,71.0687,1.1959],[151.6333,71.0646,0.8642],[151.6396,71.0646,0.9909],[151.6521,71.0604,0.6369],[151.6667,71.0604,0.8645],[151.6682,71.0609,0.8742],[151.6672,71.0641,1.4792],[151.6687,71.0646,1.3686],[151.675,71.0625,1.2583],[151.6891,71.062,1.2177],[151.6839,71.0578,1.3841],[151.6854,71.0563,0.9455],[151.6938,71.0563,0.8632],[151.7,71.0583,0.9374],[151.7063,71.0563,0.4954],[151.7208,71.0604,0.883],[151.7312,71.0604,0.7952],[151.7354,71.0625,0.9829],[151.7542,71.0625,0.9074],[151.7688,71.0667,0.9518],[151.7875,71.0667,0.5897],[151.7917,71.0687,1.1043],[151.8,71.0687,1.3168],[151.8125,71.0646,0.8836],[151.8188,71.0646,2.2615],[151.8229,71.0625,0.1419],[151.8292,71.0625,1.6438],[151.8438,71.0583,0.5773],[151.8495,71.062,1.3948],[151.8354,71.0667,1.6905],[151.8229,71.0667,2.0244],[151.8146,71.0708,1.8582],[151.7917,71.0708,1.5407],[151.7859,71.0734,1.7371],[151.7875,71.075,1.4617],[151.7937,71.075,1.4548],[151.7979,71.0771,1.8714],[151.8062,71.075,1.4093],[151.8125,71.0792,2.033],[151.8292,71.0792,1.717],[151.8354,71.0771,1.9568],[151.837,71.0787,1.9705],[151.8276,71.0849,2.2769],[151.8354,71.0896,1.7806],[151.8521,71.0896,1.8346],[151.8562,71.0875,1.9395],[151.8667,71.0875,1.9291],[151.8771,71.0813,1.7375],[151.8953,71.0818,1.7577],[151.8938,71.0833,1.5457],[151.8875,71.0833,1.8668],[151.8818,71.0859,1.9141],[151.8875,71.0896,1.5469],[151.8958,71.0896,1.8693],[151.9,71.0875,1.7081],[151.9078,71.087,1.5805],[151.9047,71.0849,1.8003],[151.9078,71.0818,1.8156],[151.9047,71.0797,1.7407],[151.9078,71.0776,1.5633],[151.9,71.0729,1.4673],[151.8958,71.0729,1.4675],[151.8833,71.0771,1.9164],[151.8708,71.0771,1.9625],[151.8646,71.0813,1.8708],[151.8464,71.0807,1.9542],[151.8479,71.0792,1.8546],[151.862,71.0787,1.9895],[151.8599,71.0755,1.8636],[151.8505,71.0745,1.8376],[151.8464,71.0724,1.8435],[151.8443,71.0693,1.8104],[151.862,71.0661,1.3344],[151.8641,71.0641,1.2757],[151.863,71.0609,1.1968],[151.8646,71.0604,0.9755],[151.8854,71.0604,0.2723],[151.887,71.062,0.6366],[151.8818,71.0661,1.2705],[151.8958,71.0667,1.3949],[151.9,71.0687,1.2969],[151.9104,71.0646,0.4852],[151.9187,71.0646,0.7133],[151.925,71.0687,0.8584],[151.9333,71.0687,0.4492],[151.9438,71.0646,0.5601],[151.9578,71.0734,1.1205],[151.9557,71.0766,1.025],[151.9464,71.0776,0.8927],[151.9417,71.0813,1.1265],[151.9354,71.0813,1.0629],[151.9312,71.0833,0.8931],[151.9109,71.0839,1.5102],[151.9162,71.0891,1.3963],[151.9089,71.0901,1.5271],[151.9099,71.0932,1.2818],[151.9026,71.0943,1.8159],[151.9047,71.0974,1.3661],[151.9167,71.0979,1.2526],[151.9229,71.0958,0.785],[151.9245,71.0974,1.0191],[151.9141,71.1036,0.9361],[151.9047,71.1047,1.207],[151.9078,71.1078,1.1402],[151.8854,71.1083,1.4054],[151.8813,71.1062,1.3389],[151.8672,71.1047,1.3727],[151.8734,71.1099,1.5743],[151.8896,71.1125,1.5445],[151.8953,71.1162,1.1931],[151.8917,71.1167,1.0254],[151.8854,71.1146,1.0121],[151.8771,71.1188,0.806],[151.8667,71.1188,0.9231],[151.8537,71.1266,1.0139],[151.8443,71.1276,1.2402],[151.8474,71.1307,0.9437],[151.8422,71.1339,1.6659],[151.8432,71.137,1.458],[151.838,71.1401,1.7279],[151.8411,71.1422,1.2103],[151.8391,71.1453,1.1596],[151.8297,71.1464,1.6934],[151.8307,71.1495,2.3307],[151.8271,71.1521,1.6526],[151.8193,71.1526,1.9949],[151.8172,71.1547,1.4549],[151.8182,71.1578,0.9174],[151.8062,71.1583,1.9537],[151.8047,71.1589,1.9062],[151.8057,71.162,1.304],[151.8,71.1625,1.5148],[151.7943,71.1651,1.6248],[151.788,71.1693,0.8568],[151.7932,71.1734,0.7684],[151.7912,71.1766,0.7268],[151.7792,71.175,1.3814],[151.7703,71.1807,0.9024],[151.7505,71.1859,1.31],[151.7542,71.1896,1.1359],[151.7646,71.1854,0.8634],[151.7729,71.1854,0.9525],[151.7745,71.187,0.861],[151.7651,71.188,1.0255],[151.7604,71.1917,1.0211],[151.7312,71.1917,1.5112],[151.7297,71.1901,1.6075],[151.7391,71.1891,1.466],[151.7412,71.1859,1.6642],[151.7292,71.1854,1.573],[151.725,71.1833,1.8827],[151.7146,71.1875,1.6061],[151.7005,71.188,1.4368],[151.7104,71.1937,1.7435],[151.7349,71.1943,1.1676],[151.7333,71.1958,1.1577],[151.7214,71.1964,1.331],[151.7266,71.2016,0.9798],[151.7172,71.2026,0.9877],[151.7234,71.2078,0.7197],[151.7307,71.2109,0.6344],[151.7328,71.2141,0.8027],[151.7229,71.2146,0.7737],[151.7214,71.2141,0.4864],[151.7224,71.2109,0.5475],[151.7208,71.2104,0.6184],[151.7042,71.2104,0.9764],[151.7,71.2083,0.9419],[151.6958,71.2083,0.8043],[151.688,71.213,0.6807],[151.6911,71.2151,0.8808],[151.6896,71.2167,1.1506],[151.6812,71.2146,1.0106],[151.6771,71.2167,0.7937],[151.6646,71.2167,1.3487],[151.6589,71.2193,1.2394],[151.6604,71.2208,1.0772],[151.6646,71.2208,0.9677],[151.6687,71.2188,1.1388],[151.6787,71.2193,0.9527],[151.6745,71.2224,0.9142],[151.6672,71.2234,1.0626],[151.6771,71.2271,0.8007],[151.6807,71.2266,0.9436],[151.6797,71.2234,0.8929],[151.6812,71.2229,0.875],[151.7021,71.2229,0.9513],[151.7078,71.2255,0.7105],[151.7063,71.2271,0.7151],[151.6938,71.2271,0.7971],[151.6922,71.2286,0.8162],[151.6953,71.2307,0.6265],[151.6875,71.2312,0.6215],[151.6833,71.2333,0.5382],[151.6771,71.2312,0.8978],[151.6687,71.2312,0.8605],[151.663,71.2338,0.7286],[151.6646,71.2354,0.6923],[151.7,71.2354,0.8229],[151.7016,71.2338,0.5531],[151.6984,71.2328,1.1068],[151.7,71.2312,0.652],[151.7063,71.2333,0.6903],[151.7167,71.2333,1.1366],[151.7229,71.2292,0.6907],[151.7391,71.2297,0.816],[151.7307,71.237,0.6265],[151.7214,71.238,0.5378],[151.7141,71.2432,0.8748],[151.7,71.2438,0.8167],[151.6901,71.2464,0.6882],[151.6938,71.25,0.4178],[151.7042,71.25,0.999],[151.7083,71.2479,0.4543],[151.7307,71.2484,0.7471],[151.7292,71.25,0.9033],[151.7214,71.2505,0.8733],[151.7141,71.2557,0.8618],[151.7083,71.2562,0.6155],[151.7026,71.2589,0.6667],[151.7068,71.262,0.8352],[151.7125,71.2625,0.0],[151.7141,71.2641,0.0],[151.7068,71.2651,0.0],[151.6995,71.2703,0.0],[151.6958,71.2708,0.0],[151.6859,71.2662,0.7007],[151.6839,71.263,0.0],[151.6911,71.262,0.4764],[151.7016,71.2547,0.781],[151.6958,71.2521,0.8275],[151.6687,71.2521,0.7291],[151.6672,71.2526,0.7291],[151.6682,71.2557,0.67],[151.6609,71.2568,0.6836],[151.662,71.2599,1.21],[151.65,71.2604,0.7586],[151.6443,71.263,0.7516],[151.65,71.2667,0.7388],[151.6766,71.2672,0.0],[151.675,71.2688,0.4145],[151.6484,71.2693,0.7694],[151.65,71.2708,0.633],[151.6641,71.2714,1.0904],[151.6662,71.2734,1.1405],[151.6651,71.2766,0.0],[151.6662,71.2786,0.0],[151.6521,71.2792,1.0248],[151.6479,71.2813,0.65],[151.6438,71.2813,1.0459],[151.6422,71.2818,1.0459],[151.6432,71.2849,0.0],[151.6297,71.2859,0.8572],[151.6167,71.2937,0.0],[151.6042,71.2937,0.5861],[151.6,71.2958,0.9611],[151.5922,71.2963,0.8017],[151.5901,71.2984,0.8124],[151.5917,71.3,0.8887],[151.5995,71.3005,0.0],[151.5979,71.3021,0.0],[151.5854,71.3021,0.8096],[151.5813,71.3042,0.8583],[151.5729,71.3042,0.7009],[151.5714,71.3037,0.8002],[151.5724,71.3005,0.7454],[151.563,71.2995,1.1664],[151.5583,71.2958,0.8471],[151.5521,71.2979,0.7724],[151.5396,71.2979,0.8666],[151.538,71.2995,0.3561],[151.5412,71.3016,0.8736],[151.538,71.3037,0.8456],[151.5412,71.3057,0.8007],[151.5333,71.3063,0.687],[151.5318,71.3078,0.6637],[151.5375,71.3104,0.6944],[151.5458,71.3104,0.5764],[151.5495,71.3078,0.6442],[151.5484,71.3047,0.3897],[151.5583,71.3042,0.4154],[151.5724,71.3099,0.705],[151.5583,71.3104,0.7218],[151.5484,71.313,0.8948],[151.5417,71.3167,0.6159],[151.5292,71.3167,0.6923],[151.5276,71.3182,0.5452],[151.5307,71.3203,0.0],[151.5292,71.3208,0.0],[151.5146,71.3208,0.3313],[151.5083,71.3187,0.826],[151.5068,71.3193,0.5607],[151.5078,71.3224,0.7846],[151.5063,71.3229,0.5597],[151.5,71.3229,0.7009],[151.4771,71.3292,0.0],[151.4354,71.3313,1.3972],[151.4312,71.3333,1.0629],[151.4187,71.3333,1.5373],[151.4146,71.3354,0.0],[151.3833,71.3354,1.5171],[151.3771,71.3375,0.0],[151.3708,71.3354,1.4792],[151.3646,71.3396,0.0],[151.3521,71.3396,0.0],[151.3479,71.3417,0.0],[151.3292,71.3417,1.487],[151.3208,71.3458,0.0],[151.3083,71.3458,1.5541],[151.3021,71.35,0.0],[151.2896,71.35,1.464],[151.275,71.3542,0.0],[151.2563,71.3542,1.4159],[151.2333,71.3604,0.0],[151.2042,71.3625,1.4612],[151.2,71.3646,0.0],[151.1917,71.3646,0.0],[151.1854,71.3625,1.5917],[151.1812,71.3646,0.0],[151.15,71.3646,0.0],[151.1432,71.3682,0.0],[151.1359,71.3693,1.4695],[151.125,71.375,0.0],[151.113,71.3755,0.0],[151.1182,71.3807,0.0],[151.1125,71.3833,0.0],[151.1047,71.3839,0.0],[151.1062,71.3854,0.0],[151.1141,71.3859,0.0],[151.1125,71.3875,0.0],[151.0688,71.3854,0.9029],[151.0604,71.3812,0.0],[151.0521,71.3812,0.0],[151.0479,71.3833,0.0],[151.025,71.3833,0.9814],[151.0151,71.3807,0.0],[151.0083,71.3771,0.0],[150.9958,71.3771,0.0],[150.9917,71.375,1.4258],[150.9667,71.375,0.0],[150.9625,71.3729,0.0],[150.9547,71.3724,0.0],[150.95,71.3688,0.7101],[150.9312,71.3688,0.0],[150.9083,71.3625,1.8418],[150.8896,71.3625,0.0],[150.8854,71.3604,1.8683],[150.8729,71.3604,0.0],[150.8687,71.3583,1.7921],[150.8438,71.3583,0.0],[150.8396,71.3562,1.498],[150.8333,71.3562,0.0],[150.8292,71.3542,1.4272],[150.813,71.3516,0.0],[150.8089,71.3495,0.5709],[150.812,71.3464,2.4428],[150.8062,71.3438,2.4952],[150.8005,71.3432,0.4541],[150.7922,71.3391,-0.0303],[150.7953,71.337,2.2254],[150.7932,71.3339,2.1291],[150.7839,71.3328,0.0028],[150.7703,71.3234,1.4055],[150.7609,71.3224,0.3157],[150.7521,71.3167,2.2582],[150.738,71.3161,-0.3575],[150.7297,71.3099,1.31],[150.7307,71.3068,0.2451],[150.7287,71.3047,1.0034],[150.7229,71.3021,0.8645],[150.7151,71.3016,0.427],[150.7182,71.2984,1.3219],[150.7088,71.2974,-0.2073],[150.712,71.2943,1.9195],[150.6958,71.2917,1.5016],[150.687,71.2859,1.7127],[150.6687,71.2833,0.3004],[150.6646,71.2813,0.107],[150.6609,71.2818,0.6501],[150.6641,71.2839,0.8449],[150.6625,71.2854,1.1098],[150.6484,71.2828,-0.6976],[150.6526,71.2797,1.5964],[150.6599,71.2786,0.5575],[150.6641,71.2755,1.6963],[150.6484,71.2703,0.8342],[150.6328,71.2589,1.2755],[150.6193,71.2516,0.2714],[150.6224,71.2484,1.97],[150.6162,71.2443,0.872],[150.5995,71.2338,2.063],[150.5938,71.2333,2.1188],[150.588,71.2307,1.0502],[150.5734,71.2203,0.0665],[150.5745,71.2172,2.4281],[150.5693,71.2141,1.7183],[150.5724,71.2109,2.1534],[150.5672,71.2078,2.1791],[150.5682,71.1964,1.5029],[150.5672,71.1943,-0.4249],[150.5703,71.1922,1.5058],[150.5672,71.1901,0.4508],[150.5703,71.188,1.6944],[150.5672,71.1859,0.7875],[150.5703,71.1839,1.0795],[150.5609,71.1787,0.843],[150.5641,71.1766,1.8733],[150.5609,71.1734,0.8078],[150.5641,71.1713,1.5429],[150.5609,71.1693,-0.6522],[150.5703,71.1682,1.8487],[150.5792,71.1625,-0.8698],[150.5958,71.1625,1.0408],[150.6005,71.1661,1.318],[150.6057,71.1661,2.5922],[150.612,71.162,1.3704],[150.6068,71.1568,-1.0458],[150.6125,71.1542,-0.4635],[150.6203,71.1536,2.5377],[150.6328,71.1453,1.9788],[150.6349,71.1432,2.028],[150.6339,71.1401,2.6189],[150.637,71.138,1.5392],[150.6229,71.1375,0.0982],[150.6187,71.1354,2.2584],[150.6125,71.1375,-1.005],[150.6062,71.1354,2.1087],[150.5943,71.1359,2.0658],[150.6,71.1396,2.8805],[150.6203,71.1401,1.5473],[150.6172,71.1432,1.7697],[150.6203,71.1453,2.2307],[150.6042,71.1542,-0.6818],[150.5896,71.1563,1.1755],[150.5854,71.1583,1.2713],[150.5792,71.1583,1.5107],[150.5693,71.1609,1.7859],[150.5625,71.1646,0.8086],[150.5547,71.1651,2.282],[150.5464,71.1713,1.8784],[150.5484,71.1745,2.6161],[150.5537,71.1776,-0.8927],[150.5526,71.1807,2.2025],[150.5578,71.1839,-0.8457],[150.5505,71.188,1.9178],[150.5537,71.1901,2.0169],[150.5505,71.1922,2.9157],[150.5537,71.1953,2.5575],[150.5505,71.1974,2.6166],[150.5537,71.1995,1.4105],[150.5505,71.2016,2.2178],[150.5537,71.2037,0.7756],[150.5505,71.2057,1.6414],[150.5537,71.2078,0.4339],[150.5464,71.2109,2.7926],[150.5516,71.2151,2.1311],[150.5495,71.2182,2.3672],[150.5464,71.2193,2.1354],[150.5516,71.2234,1.6061],[150.5505,71.2266,1.4083],[150.5589,71.2328,0.8198],[150.5682,71.2338,0.3401],[150.5964,71.2536,1.5999],[150.6021,71.2562,0.6083],[150.6099,71.2568,0.1547],[150.6224,71.2651,1.4072],[150.6193,71.2682,1.6159],[150.6224,71.2703,0.5015],[150.6193,71.2724,2.2182],[150.6297,71.2786,2.4006],[150.637,71.2797,0.0209],[150.6359,71.2828,2.3565],[150.6417,71.2833,1.5103],[150.6474,71.2859,-0.8461],[150.6458,71.2875,1.0676],[150.6208,71.2875,0.8689],[150.6193,71.2891,1.3635],[150.6266,71.2901,0.3668],[150.6333,71.2937,1.9109],[150.6495,71.2963,0.2134],[150.6557,71.3005,1.176],[150.6547,71.3037,1.4088],[150.6563,71.3042,1.3981],[150.6687,71.3042,0.6093],[150.6734,71.3078,0.2897],[150.6828,71.3089,0.0481],[150.6849,71.312,1.3952],[150.6828,71.3141,1.0742],[150.6734,71.3151,0.3945],[150.6766,71.3182,0.2196],[150.6734,71.3203,0.6801],[150.6828,71.3255,0.2185],[150.6797,71.3276,0.7526],[150.6807,71.3307,0.9513],[150.6797,71.3328,1.1072],[150.6849,71.3359,0.3355],[150.6818,71.3391,2.3588],[150.6875,71.3417,2.5076],[150.6953,71.3422,0.3164],[150.7016,71.3464,0.3316],[150.7036,71.3484,0.1759],[150.7026,71.3516,1.8242],[150.7088,71.3557,1.1312],[150.7161,71.3568,0.6398],[150.7234,71.362,1.2454],[150.7312,71.3625,0.5721],[150.737,71.3651,1.2949],[150.7339,71.3682,0.3271],[150.738,71.3703,0.3318],[150.7516,71.3714,-0.3952],[150.7495,71.3745,0.0],[150.7417,71.375,1.5746],[150.7401,71.3766,1.4073],[150.75,71.3771,1.3484],[150.7583,71.3729,0.0],[150.7708,71.3729,0.0],[150.775,71.3708,0.0],[150.8021,71.3708,0.0],[150.8062,71.3729,0.6922],[150.8188,71.3729,0.0],[150.8333,71.3771,1.2149],[150.8396,71.3771,0.6738],[150.8521,71.3812,1.2219],[150.8646,71.3812,0.0],[150.8687,71.3833,0.0],[150.875,71.3833,0.0],[150.8849,71.3859,0.0],[150.8979,71.3938,0.0],[150.9104,71.3938,0.1743],[150.9162,71.3964,0.0],[150.9146,71.3979,0.4905],[150.875,71.3979,0.0],[150.8708,71.4,0.0],[150.8354,71.4,0.0],[150.8229,71.3958,1.0469],[150.7984,71.3964,0.1725],[150.8,71.3979,0.174],[150.8078,71.3984,0.5476],[150.8125,71.4021,0.2525],[150.8266,71.4026,0.0],[150.8255,71.4057,0.8769],[150.8271,71.4063,0.0],[150.8313,71.4063,0.0],[150.8354,71.4083,0.9727],[150.8479,71.4083,0.4749],[150.8547,71.412,-0.4184],[150.8604,71.4125,0.0],[150.8662,71.4151,-1.2824],[150.8646,71.4167,0.0],[150.8568,71.4172,0.5686],[150.8599,71.4203,-2.3367],[150.8505,71.4213,0.5735],[150.8521,71.4229,0.9502],[150.8599,71.4234,0.1072],[150.8662,71.4287,-0.4168],[150.8604,71.4313,0.0],[150.8526,71.4318,0.8138],[150.8557,71.4349,0.2818],[150.8526,71.437,0.692],[150.8557,71.4391,0.2882],[150.85,71.4417,0.853],[150.8354,71.4417,0.946],[150.8297,71.4391,0.0],[150.8328,71.437,0.9709],[150.8313,71.4354,0.9074],[150.8021,71.4333,0.0],[150.7922,71.4307,0.7003],[150.7854,71.4271,0.6189],[150.7792,71.4271,0.561],[150.775,71.425,0.5436],[150.7713,71.4255,0.4298],[150.7745,71.4287,0.0],[150.7708,71.4292,0.0],[150.762,71.4234,1.0898],[150.7526,71.4224,0.0],[150.7484,71.4193,0.8546],[150.7625,71.4187,0.0],[150.7682,71.4161,1.0141],[150.7651,71.413,0.0],[150.7792,71.4125,1.0716],[150.7849,71.4089,0.0],[150.7729,71.4083,0.4828],[150.763,71.4109,1.0937],[150.7563,71.4146,0.0],[150.7479,71.4146,0.0],[150.7437,71.4125,1.2087],[150.7375,71.4146,0.9565],[150.7339,71.4141,0.705],[150.7193,71.4057,0.0],[150.7266,71.4005,0.7177],[150.7172,71.3995,0.0],[150.7182,71.3964,1.0059],[150.7161,71.3943,1.1522],[150.7099,71.3901,1.3716],[150.7021,71.3896,0.0],[150.7005,71.388,0.501],[150.7208,71.3875,0.0],[150.725,71.3854,0.0],[150.7312,71.3875,0.9798],[150.7417,71.3875,1.3562],[150.7516,71.3849,0.0],[150.7495,71.3818,1.4076],[150.7437,71.3792,0.0],[150.7375,71.3812,1.8849],[150.7083,71.3812,0.7435],[150.6984,71.3786,1.7302],[150.6917,71.375,2.0037],[150.6854,71.375,0.6712],[150.6755,71.3724,0.0339],[150.6687,71.3688,1.5931],[150.663,71.3682,1.7918],[150.6557,71.363,1.9509],[150.6479,71.3625,0.0864],[150.6422,71.3599,-0.6318],[150.6266,71.3484,1.8171],[150.6187,71.3479,0.2978],[150.6099,71.3422,2.1926],[150.6005,71.3411,-0.1962],[150.588,71.3328,-0.1284],[150.5859,71.3307,0.1731],[150.587,71.3276,2.0005],[150.5807,71.3234,2.3849],[150.563,71.3203,-0.5863],[150.5641,71.3172,2.1877],[150.5625,71.3167,2.1808],[150.5505,71.3161,-0.8383],[150.5516,71.313,2.3133],[150.5495,71.3109,2.2662],[150.5401,71.3099,-0.6001],[150.5266,71.3005,2.6595],[150.5188,71.3,1.2125],[150.5141,71.2963,1.3257],[150.5047,71.2953,-0.2688],[150.4974,71.2901,1.6442],[150.4922,71.2901,-1.3018],[150.4953,71.2922,-1.0681],[150.4937,71.2937,1.234],[150.4812,71.2937,-0.243],[150.4797,71.2953,-1.0734],[150.4922,71.3037,0.964],[150.5083,71.3063,1.5727],[150.5099,71.3078,1.4014],[150.5021,71.3083,1.0139],[150.4979,71.3104,0.9618],[150.4708,71.3104,1.7722],[150.4646,71.3083,1.8223],[150.4604,71.3104,1.1768],[150.45,71.3104,0.3311],[150.4438,71.3063,2.0397],[150.4354,71.3083,-0.1864],[150.4312,71.3063,2.2792],[150.413,71.3037,0.4479],[150.4057,71.2984,2.2977],[150.4,71.2979,0.7898],[150.3943,71.2953,0.5736],[150.3849,71.288,2.0865],[150.3771,71.2875,1.0454],[150.3714,71.2849,1.1763],[150.3693,71.2818,2.0617],[150.3724,71.2797,2.278],[150.3646,71.2792,2.5105],[150.3589,71.2766,-1.223],[150.3604,71.275,-1.135],[150.3682,71.2745,1.7432],[150.3672,71.2672,-0.1037],[150.3833,71.2646,2.4704],[150.3891,71.262,-0.6966],[150.3859,71.2599,0.053],[150.3891,71.2578,2.6399],[150.3859,71.2557,-0.7203],[150.3875,71.2542,-0.8315],[150.4042,71.2542,0.9134],[150.4104,71.2583,2.3469],[150.4245,71.2599,-0.9734],[150.4182,71.2547,2.4889],[150.4104,71.2542,0.1283],[150.4042,71.25,3.058],[150.3979,71.25,1.13],[150.3854,71.2458,0.9149],[150.3813,71.2458,1.9187],[150.3771,71.2479,2.7288],[150.3667,71.2479,2.3976],[150.3521,71.2562,1.1802],[150.3458,71.2542,2.1857],[150.3422,71.2547,2.2842],[150.3432,71.2578,1.2581],[150.3375,71.2604,1.4271],[150.3208,71.2604,2.0098],[150.3167,71.2625,1.1063],[150.3062,71.2625,1.1014],[150.3,71.2604,2.035],[150.2964,71.2641,1.5374],[150.3021,71.2646,1.6018],[150.3037,71.2662,1.6234],[150.2896,71.2667,1.8969],[150.275,71.2708,1.9434],[150.2708,71.2688,2.2621],[150.263,71.2682,1.5067],[150.2563,71.2646,2.5466],[150.2401,71.262,-0.9123],[150.2339,71.2578,1.3246],[150.237,71.2547,1.7741],[150.2312,71.2521,2.9985],[150.2255,71.2516,1.4707],[150.2088,71.2412,2.0277],[150.212,71.238,2.9847],[150.1839,71.2203,-1.094],[150.187,71.2182,3.049],[150.1854,71.2167,2.8466],[150.1604,71.2167,-1.1526],[150.1563,71.2146,2.5139],[150.1354,71.2146,1.9582],[150.1313,71.2167,1.0094],[150.1271,71.2167,1.1345],[150.1208,71.2146,2.403],[150.1146,71.2188,-0.3742],[150.0958,71.2188,2.2439],[150.0917,71.2208,0.3384],[150.0792,71.2208,2.1812],[150.075,71.2229,0.7226],[150.0604,71.2229,1.9044],[150.0562,71.2208,2.5847],[150.0458,71.2208,2.4152],[150.0417,71.2229,2.4541],[150.0271,71.2229,2.1501],[150.0172,71.2203,-0.0132],[150.0068,71.213,-0.214],[150.0182,71.2089,2.7173],[150.0063,71.2083,-0.6008],[150.0005,71.2057,-0.3164],[150.0036,71.2026,3.0924],[149.9943,71.1964,1.9349],[150.0099,71.1953,1.964],[150.0203,71.1891,3.2175],[150.0193,71.1859,0.5874],[150.0203,71.1839,0.4426],[150.0,71.1854,3.2228],[149.9937,71.1896,1.0061],[149.9797,71.1911,-0.1079],[149.9734,71.187,0.23],[149.9745,71.1839,3.3823],[149.9703,71.1797,0.4498],[149.9672,71.1787,-0.001],[149.9703,71.1766,1.2544],[149.9672,71.1734,1.9845],[149.9703,71.1713,3.4745],[149.9672,71.1693,3.2541],[149.9708,71.1687,2.084],[149.9792,71.1729,3.3204],[149.9891,71.1724,2.1518],[149.987,71.1693,2.7813],[149.9792,71.1687,1.1502],[149.975,71.1667,3.4124],[149.9547,71.1661,1.4234],[149.9391,71.1547,2.8584],[149.9297,71.1536,1.3621],[149.9172,71.1453,2.5775],[149.9203,71.1432,3.3026],[149.9193,71.1401,3.4045],[149.9214,71.138,0.8231],[149.9292,71.1375,2.1453],[149.9307,71.1359,2.8922],[149.9151,71.1349,2.9082],[149.913,71.1318,2.5441],[149.9182,71.1286,3.0708],[149.9172,71.1255,2.7148],[149.9292,71.125,1.5537],[149.9333,71.1229,0.3531],[149.9411,71.1224,3.0606],[149.9401,71.1193,3.1942],[149.9453,71.1162,3.8354],[149.9422,71.113,2.0264],[149.9516,71.112,3.5242],[149.9505,71.1088,3.2983],[149.9526,71.1068,2.4596],[149.963,71.1005,0.675],[149.9724,71.0995,3.6862],[149.9708,71.0979,0.1924],[149.9521,71.1,2.7771],[149.9438,71.1042,2.02],[149.938,71.1047,2.5682],[149.9391,71.1078,0.209],[149.9375,71.1083,0.1567],[149.9292,71.1062,3.4561],[149.9203,71.112,2.6708],[149.9109,71.113,3.6434],[149.912,71.1162,0.8782],[149.9099,71.1182,-0.3119],[149.9005,71.1193,3.2717],[149.9016,71.1224,2.2177],[149.8963,71.1255,2.927],[149.8995,71.1276,0.2233],[149.8963,71.1307,1.84],[149.8995,71.1328,-0.0353],[149.8896,71.1375,2.2236],[149.8859,71.137,4.4979],[149.8813,71.1333,4.0209],[149.875,71.1333,1.5],[149.8708,71.1312,1.9159],[149.8313,71.1312,3.1884],[149.8229,71.1354,3.714],[149.8151,71.1359,3.3095],[149.8182,71.1391,2.5673],[149.8151,71.1412,3.7369],[149.8229,71.1458,1.5],[149.8375,71.1458,3.4529],[149.8438,71.1438,1.5],[149.8479,71.1458,3.6257],[149.8583,71.1458,3.2626],[149.8625,71.1438,1.5],[149.8891,71.1422,3.9894],[149.8963,71.1474,3.5801],[149.9021,71.1479,-0.2036],[149.9078,71.1505,2.1086],[149.9172,71.1578,3.0084],[149.9266,71.1589,-0.4023],[149.9318,71.1641,1.2452],[149.9536,71.1776,0.3727],[149.9505,71.1807,2.7301],[149.9599,71.1859,0.0],[149.9568,71.188,0.0],[149.9599,71.1911,0.0],[149.9568,71.1932,0.0],[149.9625,71.1937,0.0],[149.9641,71.1953,0.0],[149.9542,71.1958,0.0],[149.9443,71.1932,0.0],[149.9375,71.1896,1.7965],[149.9229,71.1875,0.0],[149.9187,71.1854,0.0],[149.8771,71.1854,0.0],[149.8708,71.1896,0.0],[149.8464,71.1891,0.0],[149.8547,71.1839,0.0],[149.8667,71.1833,3.7074],[149.875,71.1792,0.0],[149.8813,71.1813,0.0],[149.8911,71.1807,0.0],[149.8891,71.1776,0.0],[149.8859,71.1766,0.0],[149.8891,71.1745,0.0],[149.888,71.1672,0.0],[149.8891,71.1651,0.0],[149.8792,71.1646,0.0],[149.8687,71.1708,2.4016],[149.8583,71.1667,3.4641],[149.8484,71.1672,3.4032],[149.8547,71.1724,2.9373],[149.8687,71.1729,0.0],[149.8703,71.1745,0.0],[149.8521,71.1771,0.0],[149.8479,71.1792,0.0],[149.8338,71.1797,3.5244],[149.837,71.1818,0.0],[149.8338,71.1849,0.0],[149.837,71.187,0.0],[149.8313,71.1896,0.0],[149.8167,71.1896,0.0],[149.8125,71.1875,0.0],[149.7813,71.1875,0.0],[149.7755,71.1849,0.0],[149.7786,71.1828,2.6865],[149.7766,71.1797,2.6847],[149.7661,71.1734,0.0],[149.7609,71.1734,2.7984],[149.762,71.1766,3.0866],[149.7609,71.1787,2.7062],[149.7724,71.1859,0.0],[149.7693,71.1891,2.2754],[149.7912,71.1901,0.0],[149.7896,71.1917,0.0],[149.7693,71.1922,0.0],[149.7713,71.1953,0.0],[149.7833,71.1958,1.3853],[149.7875,71.1937,0.0],[149.7979,71.1937,0.0],[149.8021,71.1917,0.0],[149.825,71.1917,0.0],[149.8292,71.1937,3.2413],[149.8604,71.1937,0.0],[149.8641,71.1974,0.0],[149.8583,71.1979,0.0],[149.8526,71.2005,3.1334],[149.8537,71.2037,0.0],[149.8526,71.2057,0.0],[149.8578,71.2089,0.0],[149.8547,71.212,3.3785],[149.8578,71.2141,0.0],[149.8422,71.2151,2.9287],[149.8443,71.2182,0.0],[149.8583,71.2208,2.7955],[149.8651,71.2172,0.0],[149.8708,71.2167,0.0],[149.8766,71.2141,0.0],[149.8714,71.2099,0.0],[149.875,71.2083,0.0],[149.8792,71.2104,0.0],[149.887,71.2109,1.8503],[149.8891,71.213,3.3896],[149.888,71.2161,3.4231],[149.8911,71.2193,3.1687],[149.8901,71.2224,3.2021],[149.9063,71.225,0.0],[149.9104,71.2271,3.3435],[149.9229,71.2271,0.0],[149.9292,71.2312,0.0],[149.9474,71.2307,3.2798],[149.9422,71.2255,0.0],[149.9474,71.2224,3.0514],[149.9443,71.2193,0.0],[149.9474,71.2172,3.0354],[149.9417,71.2146,0.0],[149.9359,71.2141,0.0],[149.9297,71.2099,0.0],[149.9339,71.2068,0.0],[149.9438,71.2042,0.0],[149.9521,71.2042,0.0],[149.9625,71.2083,-0.3358],[149.9641,71.2078,0.0],[149.963,71.2047,0.0],[149.9646,71.2042,0.0],[149.9792,71.2042,0.0],[149.9828,71.2068,-0.0274],[149.9818,71.2099,2.7182],[149.9891,71.2109,-0.6727],[149.988,71.2141,2.7564],[149.9953,71.2151,0.004],[149.9901,71.2203,0.5951],[149.9979,71.2208,0.2061],[150.0104,71.225,3.364],[150.0167,71.225,-0.07],[150.0292,71.2292,3.2885],[150.0333,71.2292,3.0787],[150.0375,71.2271,-0.5492],[150.0875,71.2271,3.0611],[150.0917,71.225,-0.8111],[150.1,71.2271,3.2812],[150.1042,71.225,-0.0129],[150.1646,71.225,0.6056],[150.1687,71.2271,2.9996],[150.175,71.2271,2.3054],[150.1787,71.2297,2.6959],[150.1776,71.237,2.668],[150.1828,71.2401,2.0076],[150.1797,71.2432,2.4079],[150.1891,71.2443,1.5228],[150.2047,71.2557,2.4602],[150.2203,71.2609,0.1107],[150.2109,71.2641,2.0678],[150.2188,71.2646,1.2295],[150.2312,71.2688,1.3251],[150.2375,71.2688,-0.2547],[150.2437,71.2729,2.8279],[150.2917,71.2729,-0.7135],[150.2958,71.2708,-0.8215],[150.3062,71.2708,-1.032],[150.3125,71.2729,2.8935],[150.3167,71.2708,0.7692],[150.3438,71.2708,0.2972],[150.3516,71.2755,2.1523],[150.3505,71.2828,1.2901],[150.3526,71.2849,2.3956],[150.3583,71.2875,0.0686],[150.3641,71.288,-0.7661],[150.3755,71.2953,2.3394],[150.3813,71.2958,-1.0258],[150.387,71.2984,-0.8045],[150.3839,71.3016,2.4278],[150.3901,71.3057,2.2211],[150.3979,71.3063,0.7279],[150.4036,71.3089,-0.099],[150.4057,71.312,0.5208],[150.4026,71.3141,2.7013],[150.4083,71.3167,2.4649],[150.4229,71.3167,2.8201],[150.4271,71.3146,1.3825],[150.4375,71.3146,1.4698],[150.4438,71.3167,2.4699],[150.4479,71.3146,1.6859],[150.4563,71.3146,2.2162],[150.4604,71.3167,2.5106],[150.4792,71.3167,0.4053],[150.4891,71.3193,0.7303],[150.4958,71.3229,0.7158],[150.5021,71.3208,1.9204],[150.5104,71.3208,2.442],[150.5146,71.3229,2.3697],[150.5333,71.3229,0.4691],[150.5375,71.325,1.9328],[150.5453,71.3255,0.6552],[150.55,71.3292,2.039],[150.5625,71.3292,0.6557],[150.5745,71.3359,0.5211],[150.5714,71.3391,1.6022],[150.5995,71.3578,0.7281],[150.5938,71.3604,1.5205],[150.5854,71.3604,1.1362],[150.5792,71.3562,1.838],[150.5667,71.3562,1.7506],[150.5562,71.35,1.8615],[150.5396,71.3479,0.3946],[150.5292,71.3417,1.9408],[150.5255,71.3422,0.4475],[150.5234,71.3453,0.2564],[150.5307,71.3464,-0.1914],[150.5458,71.3562,0.8801],[150.5625,71.3583,1.5],[150.5667,71.3604,1.2138],[150.5792,71.3604,0.7492],[150.5854,71.3646,0.3698],[150.6016,71.3672,1.561],[150.6162,71.3755,-0.0041],[150.613,71.3786,1.7339],[150.6224,71.3797,0.4633],[150.6182,71.3828,1.3631],[150.6146,71.3833,1.7221],[150.6104,71.3812,1.6942],[150.6026,71.3807,0.4141],[150.5979,71.3771,0.3431],[150.5901,71.3797,0.9888],[150.5917,71.3812,0.9044],[150.5995,71.3818,1.2463],[150.6057,71.3859,0.7487],[150.6005,71.3901,1.4571],[150.6021,71.3917,1.5236],[150.612,71.3912,0.4723],[150.6089,71.388,-0.1831],[150.6146,71.3854,1.7015],[150.6208,71.3875,1.263],[150.6245,71.387,0.5829],[150.6286,71.3849,1.5896],[150.6255,71.3818,1.4191],[150.6313,71.3792,1.62],[150.6396,71.3792,0.8306],[150.6479,71.3833,1.1873],[150.6641,71.3859,0.0874],[150.6672,71.3891,0.8339],[150.6745,71.3922,0.1082],[150.6766,71.3953,1.3515],[150.6625,71.3938,1.021],[150.65,71.3896,1.3346],[150.6396,71.3896,1.5694],[150.638,71.3912,0.2794],[150.6563,71.3938,0.4055],[150.6703,71.3984,0.8531],[150.6672,71.4016,0.0],[150.6766,71.4078,0.0],[150.6672,71.4089,0.0],[150.6703,71.412,0.0],[150.6672,71.4141,1.2867],[150.6703,71.4161,0.0],[150.6521,71.4167,0.4501],[150.6458,71.4125,1.282],[150.6292,71.4125,-0.0377],[150.6276,71.4141,1.7151],[150.6458,71.4167,-0.48],[150.6505,71.4203,0.3764],[150.6583,71.4208,0.3718],[150.6651,71.4245,1.0701],[150.6724,71.4255,0.0],[150.6797,71.4307,1.7766],[150.6891,71.4318,0.0],[150.7057,71.4422,0.0],[150.7078,71.4443,0.0],[150.7068,71.4474,0.9787],[150.7088,71.4495,0.3493],[150.7182,71.4505,1.2818],[150.7151,71.4537,0.618],[150.7182,71.4557,0.2715],[150.713,71.4589,0.933],[150.7141,71.462,1.064],[150.7068,71.463,0.3983],[150.6984,71.4672,0.8655],[150.7078,71.4703,-0.0633],[150.6984,71.4755,0.9677],[150.7016,71.4786,0.3204],[150.6922,71.4797,0.4456],[150.6859,71.4838,0.3298],[150.688,71.487,0.2913],[150.6911,71.488,0.2841],[150.688,71.4901,0.6336],[150.6911,71.4922,0.0],[150.6896,71.4938,0.0],[150.6708,71.4938,0.9438],[150.6693,71.4943,0.9438],[150.6703,71.4974,0.0],[150.6687,71.4979,0.0],[150.6479,71.4979,0.0],[150.6417,71.4958,0.0],[150.6375,71.4979,0.2291],[150.6187,71.4979,0.2122],[150.6146,71.5,0.4],[150.6068,71.5005,0.554],[150.6,71.5042,0.0],[150.5917,71.5042,0.9378],[150.5849,71.5005,0.264],[150.575,71.4979,0.9268],[150.5562,71.4979,0.4228],[150.5521,71.4958,0.4925],[150.5401,71.4964,0.5801],[150.5432,71.4984,0.2371],[150.5401,71.5005,-0.1474],[150.5417,71.5021,0.9644],[150.5537,71.5005,0.5091],[150.5484,71.5057,0.3801],[150.5542,71.5062,0.2799],[150.5557,71.5078,0.8466],[150.5464,71.5089,0.8552],[150.5495,71.5109,0.623],[150.5479,71.5125,0.0],[150.5417,71.5104,0.8563],[150.5229,71.5104,0.982],[150.5188,71.5083,0.8954],[150.5109,71.5078,0.9968],[150.5089,71.5047,-0.9446],[150.5208,71.5042,0.9672],[150.5266,71.5005,0.6289],[150.5172,71.4995,0.8557],[150.5125,71.4958,0.3724],[150.4937,71.4958,0.9007],[150.487,71.4922,0.9223],[150.4812,71.4917,0.3517],[150.4755,71.4891,0.3382],[150.4787,71.4859,1.1628],[150.4745,71.4838,1.2858],[150.4604,71.4812,0.5276],[150.4588,71.4828,1.1847],[150.462,71.4849,0.439],[150.4588,71.487,1.159],[150.4641,71.4901,-0.5188],[150.463,71.4932,0.3611],[150.4651,71.4953,0.2436],[150.4708,71.4979,1.2871],[150.4766,71.4984,-0.6557],[150.4849,71.5026,0.2936],[150.4932,71.5099,1.1416],[150.4896,71.5125,0.0],[150.4479,71.5125,0.0],[150.4438,71.5104,1.3309],[150.4333,71.5104,1.2444],[150.4292,71.5125,0.8373],[150.4208,71.5125,0.0],[150.412,71.5068,1.5333],[150.4026,71.5057,0.0],[150.4057,71.5026,1.1444],[150.3995,71.4984,0.8806],[150.3938,71.4958,1.3691],[150.3859,71.4953,0.3821],[150.3766,71.488,1.0062],[150.3672,71.487,1.3497],[150.3578,71.4797,1.6207],[150.338,71.4766,-0.4787],[150.3245,71.4672,1.6511],[150.3167,71.4667,0.0183],[150.312,71.463,0.4577],[150.3083,71.4625,-0.8611],[150.3068,71.463,0.6617],[150.3078,71.4661,0.4758],[150.3068,71.4682,0.8118],[150.3141,71.4693,0.1756],[150.3245,71.4755,0.4994],[150.3214,71.4786,1.4809],[150.3271,71.4812,1.8541],[150.3333,71.4792,0.7695],[150.337,71.4797,0.4722],[150.3338,71.4828,-0.2743],[150.3432,71.4838,1.1359],[150.3547,71.4912,0.6054],[150.362,71.4922,0.5187],[150.3729,71.4979,1.3393],[150.3786,71.4984,0.089],[150.3776,71.5016,1.0719],[150.3849,71.5026,-0.584],[150.3891,71.5047,-0.6742],[150.3911,71.5078,0.0],[150.3891,71.5099,0.0],[150.3813,71.5104,0.0],[150.3771,71.5125,0.0],[150.3708,71.5104,0.0],[150.3625,71.5125,0.0],[150.3583,71.5104,0.0],[150.3021,71.5104,1.4135],[150.2979,71.5125,0.0],[150.2437,71.5125,0.5856],[150.2375,71.5104,1.6698],[150.2229,71.5146,0.9839],[150.2063,71.5146,0.4105],[150.2,71.5125,1.001],[150.1938,71.5146,1.1146],[150.1875,71.5104,1.6999],[150.1583,71.5083,-1.2318],[150.1516,71.5047,1.4828],[150.1443,71.5036,0.4541],[150.1354,71.4979,1.7226],[150.1229,71.4979,0.4559],[150.1162,71.4943,1.7957],[150.1089,71.4932,-1.396],[150.1026,71.4891,-0.1607],[150.1037,71.4859,2.0604],[150.0964,71.4807,-1.1355],[150.0974,71.4776,2.0239],[150.0953,71.4755,2.2507],[150.0859,71.4745,-0.4118],[150.0771,71.4688,1.9746],[150.0646,71.4688,0.6666],[150.0583,71.4646,1.9751],[150.0521,71.4646,1.4596],[150.0453,71.4609,0.0721],[150.038,71.4599,1.1331],[150.0391,71.4568,0.231],[150.0318,71.4516,1.5402],[150.0328,71.4484,3.4035],[150.0318,71.4464,0.5712],[150.0412,71.4453,2.4395],[150.038,71.4422,-0.0674],[150.0432,71.4391,0.7567],[150.0422,71.4359,-1.443],[150.0516,71.4349,1.3853],[150.0484,71.4318,0.1047],[150.0516,71.4307,1.8456],[150.0537,71.4276,2.2301],[150.0484,71.4234,-0.41],[150.0516,71.4224,-1.3619],[150.0505,71.4193,-0.9426],[150.0557,71.4161,2.8047],[150.0578,71.413,2.7562],[150.0542,71.4104,2.5228],[150.0417,71.4104,1.1661],[150.0328,71.4047,1.8348],[150.0234,71.4036,1.1374],[150.0109,71.3953,1.1372],[150.0141,71.3932,1.6399],[150.012,71.3901,2.7373],[149.9984,71.3828,-0.0599],[150.0016,71.3797,1.8694],[149.9859,71.3776,0.4865],[149.9912,71.3818,1.4854],[149.9901,71.3849,2.3849],[149.9922,71.387,2.0356],[150.0,71.3875,-0.7083],[150.0036,71.3901,-0.7673],[150.0021,71.3917,0.5585],[149.9964,71.3922,1.4294],[149.9984,71.3953,1.461],[150.0089,71.4016,-0.8476],[150.0161,71.4026,-1.4229],[150.0151,71.4057,1.1517],[150.0172,71.4078,0.9707],[150.0297,71.4161,-0.6315],[150.0375,71.4167,1.8068],[150.0453,71.4213,1.1612],[150.0437,71.4229,1.3707],[150.0297,71.4234,1.6525],[150.0349,71.4287,-1.012],[150.0297,71.4318,2.0093],[150.0307,71.4391,1.2244],[150.0213,71.4401,2.0766],[150.0245,71.4432,0.9537],[150.0151,71.4484,2.4128],[150.0182,71.4516,1.0318],[150.0151,71.4537,1.688],[150.0203,71.4568,-0.2684],[150.0172,71.4599,2.5766],[150.0266,71.4609,-1.1579],[150.0234,71.463,2.4275],[150.025,71.4646,2.6164],[150.0432,71.4672,-1.3742],[150.0583,71.4771,1.8148],[150.0724,71.4776,-0.6114],[150.0849,71.4859,0.7209],[150.0818,71.4891,1.3686],[150.0911,71.4943,0.8288],[150.088,71.4974,1.6458],[150.1005,71.5057,1.323],[150.1146,71.5104,1.1723],[150.1224,71.5109,0.6045],[150.1313,71.5167,1.9192],[150.1438,71.5167,0.0889],[150.15,71.5208,1.3164],[150.1667,71.5229,0.4205],[150.1708,71.525,-0.0925],[150.2021,71.525,0.1716],[150.2104,71.5292,0.9737],[150.2479,71.5292,0.0],[150.2521,71.5313,0.0],[150.2646,71.5313,0.0],[150.275,71.5375,1.4676],[150.3016,71.538,0.0],[150.3,71.5396,0.0],[150.2937,71.5396,1.4553],[150.2813,71.5437,0.6829],[150.2479,71.5437,0.3556],[150.2437,71.5458,0.0],[150.2312,71.5458,0.0],[150.2271,71.5479,0.5116],[150.2021,71.5479,0.0],[150.2005,71.5495,0.0],[150.2068,71.5537,1.1241],[150.2208,71.5542,0.0],[150.225,71.5563,0.7351],[150.2333,71.5563,1.0985],[150.2417,71.5521,0.0],[150.2708,71.5521,0.0],[150.2745,71.5557,0.5802],[150.2724,71.5578,0.0],[150.2646,71.5583,1.1812],[150.2604,71.5604,1.2542],[150.225,71.5583,1.3155],[150.2234,71.5599,1.0445],[150.2266,71.5609,0.0],[150.225,71.5625,0.0],[150.2125,71.5625,0.0],[150.2,71.5687,1.308],[150.1854,71.5687,1.5239],[150.1812,71.5667,0.8639],[150.1687,71.5667,0.2529],[150.1542,71.5625,1.2777],[150.1417,71.5625,0.1007],[150.1354,71.5583,0.9233],[150.1229,71.5583,0.4803],[150.1162,71.5547,1.5404],[150.1062,71.5521,1.0739],[150.0896,71.55,1.1534],[150.0755,71.5401,-0.7618],[150.1062,71.5437,-0.9221],[150.1167,71.55,0.9763],[150.1292,71.55,0.1382],[150.1333,71.5521,-0.1754],[150.1438,71.5479,-1.5985],[150.1578,71.5474,1.1358],[150.1563,71.5458,-0.7636],[150.1229,71.5458,0.1506],[150.1104,71.5417,1.7868],[150.0938,71.5396,-0.7579],[150.0838,71.537,0.8113],[150.0708,71.5292,1.7288],[150.0562,71.5271,0.544],[150.0479,71.5229,1.8756],[150.0417,71.5229,1.9565],[150.0276,71.5182,1.5385],[150.0292,71.5167,1.3124],[150.0417,71.5167,1.0245],[150.0458,71.5146,0.4708],[150.0599,71.5141,0.4238],[150.0583,71.5125,1.5024],[150.0437,71.5125,1.1607],[150.0396,71.5146,0.4514],[150.0104,71.5146,1.0118],[150.0063,71.5125,1.6605],[149.9922,71.512,1.0557],[149.988,71.5099,1.262],[149.9912,71.5068,2.3533],[149.9818,71.5057,-0.879],[149.9672,71.4953,2.1986],[149.9682,71.4922,2.2629],[149.9609,71.4912,-0.9727],[149.962,71.488,1.8117],[149.9609,71.4859,-1.3246],[149.9703,71.4807,2.5441],[149.9651,71.4766,-0.6001],[149.9661,71.4734,2.5455],[149.9609,71.4703,-0.2546],[149.9641,71.4672,2.4771],[149.9547,71.4661,-0.9268],[149.9411,71.4568,2.4868],[149.9271,71.4563,0.1204],[149.9224,71.4526,1.8257],[149.9146,71.4521,1.0064],[149.9104,71.45,2.0513],[149.8854,71.45,1.0198],[149.8792,71.4458,2.5604],[149.8667,71.4458,1.588],[149.8625,71.4437,1.9788],[149.8438,71.4437,1.3563],[149.8292,71.4396,2.5138],[149.8104,71.4396,1.0044],[149.7979,71.4354,2.3576],[149.7901,71.4349,0.9085],[149.7932,71.4328,1.8164],[149.7917,71.4313,2.5358],[149.7734,71.4287,0.4796],[149.7713,71.4255,0.943],[149.7745,71.4234,2.3665],[149.7693,71.4203,0.7982],[149.7703,71.4172,2.2655],[149.7682,71.4151,0.889],[149.7651,71.4141,0.6725],[149.7682,71.4109,2.4631],[149.7589,71.4099,0.283],[149.7505,71.4036,-0.0489],[149.7516,71.4005,2.4132],[149.7495,71.3984,2.458],[149.7437,71.3958,1.3142],[149.738,71.3953,0.0],[149.7396,71.3938,0.0822],[149.7474,71.3932,2.6986],[149.7458,71.3917,2.2467],[149.7333,71.3917,0.0],[149.725,71.3875,0.0],[149.7146,71.3875,0.0],[149.7104,71.3854,2.374],[149.6938,71.3854,2.2005],[149.6708,71.3917,0.0],[149.6568,71.3922,0.0],[149.6526,71.3943,0.0],[149.6557,71.3974,0.0],[149.6411,71.4057,0.0],[149.6375,71.4063,0.0],[149.6333,71.4042,2.8137],[149.6146,71.4042,0.0],[149.6078,71.4005,0.0],[149.6005,71.3995,0.0],[149.5818,71.387,0.0],[149.5859,71.3839,2.4035],[149.5896,71.3833,0.0],[149.5938,71.3854,0.0],[149.6187,71.3875,2.7421],[149.625,71.3833,0.0],[149.6438,71.3833,1.7036],[149.6521,71.3792,0.0],[149.6557,71.3797,1.704],[149.6505,71.3839,2.5272],[149.6542,71.3854,2.5855],[149.6646,71.3792,0.0],[149.6891,71.3766,2.9892],[149.6859,71.3734,0.0],[149.6891,71.3724,0.0],[149.688,71.3693,0.0],[149.6891,71.3672,2.418],[149.6812,71.3625,3.295],[149.6708,71.3625,0.0],[149.6604,71.3562,3.2912],[149.6125,71.3562,2.7081],[149.6083,71.3583,0.0],[149.5958,71.3583,2.7741],[149.5917,71.3604,2.572],[149.5792,71.3604,2.0562],[149.5708,71.3646,0.0],[149.5646,71.3646,1.6719],[149.5583,71.3667,2.8102],[149.5547,71.363,0.0],[149.5599,71.3588,1.5],[149.5521,71.3583,0.0],[149.5458,71.3542,2.833],[149.5333,71.3542,0.0],[149.5292,71.3521,2.0719],[149.4937,71.3521,0.0],[149.4922,71.3536,0.0],[149.4979,71.3562,0.0],[149.5167,71.3562,0.0],[149.5292,71.3604,0.0],[149.5474,71.363,0.0],[149.5537,71.3682,0.0],[149.5464,71.3714,0.0],[149.5443,71.3745,2.473],[149.5516,71.3755,0.0],[149.5505,71.3786,1.9414],[149.5526,71.3807,3.1548],[149.562,71.3818,0.0],[149.5589,71.3839,0.0],[149.5599,71.387,2.1697],[149.5547,71.3912,2.0471],[149.5625,71.3938,2.1306],[149.5641,71.3922,2.5146],[149.5609,71.3901,2.0928],[149.5661,71.3901,0.0],[149.5859,71.4036,1.9269],[149.5953,71.4047,0.0],[149.6,71.4083,1.8296],[149.6125,71.4083,0.0],[149.6167,71.4104,0.0],[149.6307,71.4109,0.0],[149.6328,71.4141,1.0],[149.6255,71.4151,2.6185],[149.6276,71.4182,2.5578],[149.6333,71.4208,2.5027],[149.6391,71.4213,2.5597],[149.6458,71.425,4.9206],[149.6583,71.425,1.0],[149.6625,71.4271,2.5309],[149.6974,71.4266,2.2793],[149.7016,71.4234,2.4298],[149.6953,71.4193,2.5665],[149.6687,71.4187,2.3577],[149.6651,71.4161,2.624],[149.6662,71.413,2.6396],[149.6641,71.4109,2.6158],[149.65,71.4104,2.7802],[149.6484,71.4089,2.6522],[149.6542,71.4063,1.33],[149.6599,71.4057,2.4608],[149.6755,71.3964,0.0],[149.6849,71.3953,2.7034],[149.6818,71.3922,0.0],[149.6875,71.3896,0.0],[149.6938,71.3917,2.3243],[149.7,71.3896,0.0],[149.7167,71.3896,0.0],[149.7208,71.3917,0.0],[149.725,71.3917,0.0],[149.737,71.3984,0.0],[149.7339,71.4005,2.2255],[149.7359,71.4036,1.9089],[149.7391,71.4047,0.0],[149.7359,71.4068,0.0],[149.7391,71.4099,2.3802],[149.7359,71.412,2.9939],[149.7516,71.4172,-0.2378],[149.7484,71.4203,0.7364],[149.7516,71.4224,0.4731],[149.7484,71.4245,2.1023],[149.7578,71.4297,-0.0799],[149.7547,71.4328,1.8913],[149.763,71.4391,2.7848],[149.7813,71.4417,-0.2445],[149.7875,71.4458,2.5594],[149.8,71.4458,-0.1153],[149.8146,71.45,2.6169],[149.8333,71.45,-0.2963],[149.8375,71.4521,1.3843],[149.8479,71.4521,-0.1442],[149.8583,71.4583,0.9269],[149.8771,71.4583,1.6153],[149.8917,71.4625,1.5733],[149.9057,71.463,1.3379],[149.9026,71.4651,1.2431],[149.9057,71.4672,-1.0176],[149.9042,71.4688,-0.8645],[149.8875,71.4708,1.8411],[149.8833,71.4729,0.7838],[149.8693,71.4734,1.9489],[149.8724,71.4755,-0.1909],[149.8693,71.4786,-0.2126],[149.8724,71.4807,-0.9112],[149.8651,71.4849,2.4297],[149.8745,71.4901,-0.8167],[149.8714,71.4932,1.5966],[149.8818,71.4995,0.9092],[149.8917,71.5,2.9956],[149.8979,71.4979,-1.2191],[149.9125,71.5021,1.9725],[149.9312,71.5021,-0.8598],[149.9438,71.5062,1.1546],[149.9604,71.5083,1.0442],[149.9682,71.5141,0.9824],[149.9588,71.5151,1.2007],[149.9604,71.5167,2.0874],[149.9667,71.5167,1.4972],[149.9708,71.5188,2.1693],[149.9833,71.5188,0.7962],[149.9958,71.5229,0.3013],[150.0083,71.5229,-1.3969],[150.0151,71.5266,1.4367],[150.0224,71.5276,-1.3372],[150.0313,71.5333,0.3836],[150.0495,71.5359,0.0453],[150.0557,71.5411,1.1235],[150.0422,71.5484,1.1765],[150.0453,71.5516,1.108],[150.0422,71.5537,1.2641],[150.0474,71.5568,1.0267],[150.0464,71.5641,1.4226],[150.0474,71.5661,0.4401],[150.0443,71.5682,1.7038],[150.05,71.5687,0.6892],[150.0562,71.5646,0.6132],[150.0641,71.5641,1.8464],[150.0609,71.5609,0.5132],[150.075,71.5583,1.941],[150.0792,71.5604,1.1828],[150.0854,71.5604,0.2647],[150.0938,71.5646,0.7556],[150.0995,71.5651,1.2781],[150.1062,71.5687,1.3831],[150.1125,71.5687,1.0973],[150.1187,71.5729,0.8059],[150.1313,71.5729,0.3239],[150.1542,71.5792,1.5346],[150.1604,71.5792,0.0],[150.1646,71.5813,0.0],[150.1896,71.5813,1.1471],[150.1953,71.5849,0.0],[150.1859,71.5859,0.7796],[150.1891,71.5891,0.0],[150.1833,71.5917,0.0],[150.1771,71.5917,1.2676],[150.1734,71.5943,1.0795],[150.1745,71.5974,0.7266],[150.1714,71.5995,0.7499],[150.1787,71.6026,0.0],[150.1755,71.6047,0.0],[150.1766,71.6078,1.2644],[150.175,71.6083,1.4263],[150.1708,71.6083,1.4281],[150.1667,71.6104,0.0],[150.1609,71.6099,0.9157],[150.1589,71.6068,0.9556],[150.162,71.6047,1.0471],[150.1547,71.6005,0.6095],[150.162,71.5974,1.0597],[150.1682,71.5922,1.1702],[150.1583,71.5917,1.0716],[150.1526,71.5943,1.1107],[150.1557,71.5974,0.0],[150.15,71.6,0.0],[150.1422,71.6005,0.9308],[150.1401,71.6026,0.9196],[150.1411,71.6057,0.9234],[150.1354,71.6083,0.9515],[150.1318,71.6078,0.5408],[150.1349,71.6047,0.5975],[150.125,71.6042,1.0161],[150.1167,71.6083,1.0808],[150.1042,71.6083,1.0214],[150.1,71.6104,1.1923],[150.0922,71.6109,0.9458],[150.0953,71.6141,0.0],[150.088,71.6172,1.0434],[150.0859,71.6193,0.5002],[150.087,71.6224,0.6296],[150.0797,71.6234,0.3069],[150.0714,71.6276,1.1712],[150.0745,71.6307,1.3171],[150.0667,71.6354,0.0],[150.0625,71.6354,0.0],[150.0583,71.6333,1.1047],[150.0313,71.6333,0.6068],[150.0271,71.6354,0.5019],[149.9979,71.6354,0.9762],[149.9964,71.6339,1.0501],[150.0021,71.6333,0.7403],[150.0036,71.6318,1.0886],[149.9917,71.6292,0.6778],[149.9901,71.6297,0.2955],[149.9912,71.6328,-0.0243],[149.9833,71.6333,0.5894],[149.9818,71.6349,1.0267],[150.0,71.6375,0.5736],[150.0078,71.6432,1.1673],[149.9984,71.6443,1.1132],[150.0016,71.6474,0.0],[149.9958,71.65,0.4499],[149.988,71.6505,0.9147],[149.9912,71.6536,0.0],[149.9792,71.6542,0.0],[149.9745,71.6505,1.0024],[149.9708,71.65,0.585],[149.9563,71.6542,0.0],[149.9438,71.6542,1.0306],[149.9292,71.6583,0.0],[149.9,71.6604,0.9564],[149.8958,71.6625,0.0],[149.8922,71.662,1.2787],[149.8932,71.6589,0.8068],[149.8917,71.6583,0.7581],[149.8646,71.6563,0.4022],[149.8578,71.6526,0.3041],[149.85,71.6521,0.0],[149.8458,71.65,0.798],[149.825,71.65,0.4793],[149.8234,71.6505,0.8449],[149.8245,71.6536,0.0],[149.8224,71.6557,0.0],[149.8104,71.6563,0.0],[149.8005,71.6536,0.0],[149.7937,71.65,0.0],[149.7859,71.6495,0.6878],[149.7786,71.6443,0.0],[149.7713,71.6432,0.0],[149.7646,71.6396,0.7079],[149.7609,71.6401,0.1822],[149.7464,71.6484,0.0],[149.7495,71.6505,0.0],[149.7464,71.6526,0.5279],[149.7495,71.6547,0.0],[149.7479,71.6563,0.0],[149.725,71.6563,0.0],[149.7208,71.6542,0.7839],[149.713,71.6536,0.6514],[149.7083,71.65,0.0],[149.6812,71.65,0.0],[149.6771,71.6479,1.0244],[149.6458,71.6479,0.4491],[149.6417,71.6458,0.9225],[149.6229,71.6458,0.0],[149.6187,71.6438,0.644],[149.6062,71.6438,0.0],[149.6021,71.6417,0.8861],[149.5396,71.6417,0.7834],[149.5354,71.6438,0.0],[149.5271,71.6438,0.0],[149.5208,71.6417,0.7837],[149.5167,71.6438,0.0],[149.4979,71.6438,0.8384],[149.4937,71.6458,0.6201],[149.4646,71.6479,0.8565],[149.4604,71.65,0.0],[149.4542,71.65,0.6007],[149.4396,71.6542,0.0],[149.4333,71.6542,0.8155],[149.4292,71.6563,0.0],[149.4167,71.6563,0.4347],[149.4125,71.6583,0.0],[149.4063,71.6583,0.8538],[149.4016,71.662,0.4274],[149.3938,71.6625,0.8548],[149.3896,71.6646,0.0],[149.3771,71.6646,1.9782],[149.3755,71.6651,2.7016],[149.3766,71.6682,0.0],[149.375,71.6687,0.0],[149.3609,71.6693,2.2397],[149.3641,71.6724,0.0],[149.3583,71.675,0.0],[149.3505,71.6755,2.2217],[149.3229,71.6917,0.0],[149.3083,71.6875,0.0],[149.2917,71.6854,0.0],[149.2854,71.6813,1.8428],[149.2729,71.6813,0.0],[149.2688,71.6792,0.806],[149.2625,71.6792,0.0],[149.2521,71.6729,1.4765],[149.2229,71.6729,1.8274],[149.2188,71.675,0.0],[149.2063,71.675,2.0087],[149.2,71.6792,0.0],[149.1833,71.6813,0.0],[149.175,71.6854,0.0],[149.1687,71.6854,22.4876],[149.1557,71.6932,0.0],[149.1479,71.6937,15.7969],[149.1438,71.6958,9.0403],[149.1354,71.6958,8.2786],[149.1297,71.6932,9.2355],[149.1234,71.6891,0.0],[149.1266,71.687,6.7232],[149.1245,71.6839,5.5585],[149.1151,71.6828,0.0],[149.1016,71.6734,7.7551],[149.0938,71.6729,0.0],[149.0849,71.6672,4.8893],[149.0688,71.6646,0.0],[149.0646,71.6625,0.8999],[149.0583,71.6646,0.0],[149.0521,71.6646,0.8159],[149.0479,71.6667,0.0],[149.0417,71.6667,0.7589],[149.0375,71.6687,0.0],[149.0167,71.6625,0.0],[149.0083,71.6667,0.0],[148.9812,71.6667,0.6377],[148.9771,71.6687,0.0],[148.9646,71.6687,1.5917],[148.9547,71.6713,0.6018],[148.9557,71.6745,0.0],[148.9542,71.675,0.0],[148.9401,71.6755,0.0],[148.9411,71.6787,0.0],[148.9391,71.6807,0.0],[148.9229,71.6854,0.0],[148.9167,71.6833,1.0984],[148.9042,71.6833,0.0],[148.9,71.6813,0.0],[148.8875,71.6813,0.0],[148.8833,71.6792,1.9958],[148.8708,71.6792,0.0],[148.8693,71.6776,0.0],[148.8724,71.6755,1.6331],[148.8568,71.6734,0.0],[148.8662,71.6797,0.0],[148.863,71.6828,0.0],[148.8693,71.687,0.0],[148.8786,71.688,0.0],[148.8755,71.6901,0.424],[148.8766,71.6932,0.0],[148.8714,71.6974,0.0],[148.8958,71.7042,0.0],[148.9521,71.7042,0.3825],[148.9609,71.6984,0.0],[148.9703,71.6974,0.0],[148.9771,71.6937,0.0],[148.9828,71.6932,0.6424],[148.9937,71.6875,0.0],[149.0021,71.6875,0.0],[149.0063,71.6896,0.0],[149.0141,71.6901,0.0],[149.0109,71.6922,0.0],[149.0141,71.6953,0.0],[149.0109,71.6974,0.0],[149.0182,71.7026,0.0],[149.0172,71.7057,0.0],[149.0193,71.7078,0.0],[149.0286,71.713,0.0],[149.0255,71.7161,0.6601],[149.0432,71.7276,0.0],[149.0401,71.7307,1.2524],[149.0521,71.7375,0.8078],[149.0682,71.7401,0.0],[149.0672,71.7432,0.0],[149.0849,71.7547,0.0],[149.0818,71.7578,1.053],[149.087,71.7609,1.1021],[149.0854,71.7625,0.0],[149.0583,71.7625,1.1682],[149.0542,71.7646,0.0],[149.0458,71.7646,0.0],[149.0313,71.7604,0.9092],[149.0167,71.7604,1.2965],[149.0021,71.7646,0.0],[148.9958,71.7646,0.4837],[148.9917,71.7667,0.0],[148.9792,71.7667,1.2909],[148.975,71.7688,0.0],[148.9417,71.7688,0.0],[148.9328,71.7745,0.0],[148.9234,71.7755,0.0],[148.9245,71.7786,0.0],[148.9172,71.7797,1.6898],[148.9182,71.7828,0.0],[148.9047,71.7901,0.8796],[148.9026,71.7932,0.9542],[148.9229,71.7917,0.0],[148.9312,71.7875,0.0],[148.9458,71.7854,0.0],[148.95,71.7833,0.0],[148.9792,71.7813,1.3079],[148.9833,71.7792,0.0],[148.9979,71.7792,0.0],[149.0021,71.7771,0.0],[149.0271,71.7771,1.2983],[149.0354,71.7729,0.0],[149.0417,71.7729,1.0862],[149.0458,71.7708,0.0],[149.0583,71.7708,1.5626],[149.0625,71.7688,0.6669],[149.0938,71.7688,1.1266],[149.0979,71.7667,0.0],[149.1057,71.7662,0.0],[149.1125,71.7625,0.0],[149.1208,71.7625,0.0],[149.1292,71.7667,1.0985],[149.1583,71.7688,0.0],[149.1625,71.7708,0.0],[149.175,71.7708,0.0],[149.1891,71.7755,0.7672],[149.1911,71.7776,0.0],[149.1901,71.7807,0.9867],[149.1922,71.7828,0.6804],[149.2016,71.7839,0.0],[149.1984,71.787,0.48],[149.2234,71.8037,0.7597],[149.2328,71.8047,0.6195],[149.2432,71.8109,0.0],[149.2401,71.8141,0.8183],[149.2495,71.8151,0.0],[149.2568,71.8203,0.0],[149.2625,71.8208,0.0],[149.2682,71.8234,0.0],[149.2745,71.8276,0.0],[149.2713,71.8307,1.048],[149.2792,71.8313,0.0],[149.2859,71.8349,0.0],[149.2932,71.8359,0.0],[149.3062,71.8438,0.0],[149.3125,71.8417,0.0],[149.3188,71.8417,0.7716],[149.3271,71.8375,0.0],[149.3417,71.8375,0.0],[149.3432,71.838,0.0],[149.3422,71.8411,0.5329],[149.3479,71.8417,0.0],[149.3537,71.8443,0.0],[149.3505,71.8474,0.8388],[149.3537,71.8495,0.0],[149.3505,71.8516,0.6298],[149.3547,71.8536,0.8158],[149.3687,71.8542,0.0],[149.3786,71.8568,0.0],[149.3854,71.8604,0.0],[149.3917,71.8604,0.0],[149.4057,71.8651,0.0],[149.4078,71.8682,0.0],[149.4057,71.8703,0.0],[149.3917,71.8708,0.772],[149.3901,71.8724,0.0],[149.3938,71.875,0.808],[149.4016,71.8755,0.8331],[149.3922,71.8786,0.0],[149.4078,71.8839,0.744],[149.4047,71.887,0.7343],[149.4104,71.8896,2.475],[149.4354,71.8896,0.0],[149.4396,71.8917,1.486],[149.4688,71.8917,1.4158],[149.4833,71.8875,0.0],[149.4958,71.8875,1.881],[149.5104,71.8812,0.0],[149.5203,71.8839,1.1926],[149.5271,71.8875,1.4592],[149.5396,71.8875,1.4599],[149.5437,71.8896,1.6188],[149.562,71.8922,1.6506],[149.5682,71.8974,1.7136],[149.5583,71.9021,1.6252],[149.5505,71.9026,1.7087],[149.5537,71.9057,1.5084],[149.5458,71.9063,1.5756],[149.5443,71.9078,1.6938],[149.5542,71.9083,1.81],[149.5646,71.9042,1.6234],[149.5703,71.9078,1.6769],[149.5646,71.9104,1.7808],[149.5505,71.9109,1.6476],[149.5599,71.9141,1.7221],[149.5505,71.9151,1.7197],[149.5401,71.9224,1.8259],[149.5583,71.925,1.3772],[149.5625,71.9271,1.5194],[149.5771,71.9271,2.3184],[149.5854,71.9229,1.3201],[149.5979,71.9229,1.4977],[149.6021,71.9208,1.4477],[149.6083,71.9208,2.0725],[149.6162,71.9161,3.0901],[149.6141,71.913,1.2801],[149.6089,71.9099,1.4546],[149.6099,71.9068,1.946],[149.6047,71.9036,1.7761],[149.6078,71.9005,1.839],[149.6016,71.8964,1.8154],[149.5938,71.8958,1.7102],[149.5896,71.8938,1.7492],[149.5771,71.8938,1.7905],[149.5714,71.8912,1.7289],[149.5807,71.8849,1.8897],[149.5797,71.8818,2.2588],[149.5896,71.8812,2.5268],[149.5938,71.8833,2.7127],[149.5979,71.8833,2.8667],[149.6026,71.8797,2.4646],[149.612,71.8786,3.0735],[149.6109,71.8755,2.6747],[149.612,71.8734,2.5827],[149.6026,71.8724,2.6819],[149.6057,71.8703,2.8883],[149.6037,71.8672,2.7146],[149.5838,71.8641,2.5226],[149.587,71.862,2.489],[149.5838,71.8588,2.4467],[149.587,71.8568,2.8112],[149.5792,71.8542,2.7992],[149.5672,71.8609,2.8283],[149.5703,71.8641,2.6762],[149.563,71.8672,2.7402],[149.5661,71.8693,2.801],[149.563,71.8724,2.7045],[149.5682,71.8755,2.6441],[149.5672,71.8786,2.4434],[149.5745,71.8797,2.4802],[149.5729,71.8812,2.3816],[149.5583,71.8812,1.7797],[149.5542,71.8792,1.8037],[149.5417,71.8792,1.7848],[149.5375,71.8771,1.6912],[149.5333,71.8771,1.6774],[149.5292,71.8792,1.526],[149.5208,71.8792,1.5448],[149.5193,71.8776,0.0],[149.5224,71.8755,0.8773],[149.5193,71.8734,0.0],[149.525,71.8708,0.0],[149.5328,71.8703,2.4466],[149.5276,71.8662,0.0],[149.5297,71.863,0.0],[149.5474,71.8536,2.0209],[149.5443,71.8505,0.0],[149.5495,71.8474,0.0],[149.5484,71.8443,0.0],[149.5542,71.8417,0.0],[149.5599,71.8411,0.0],[149.5786,71.8307,2.1046],[149.5755,71.8276,0.0],[149.5828,71.8245,1.7091],[149.5797,71.8214,0.0],[149.5859,71.8172,0.0],[149.5979,71.8167,2.1667],[149.6021,71.8187,2.2752],[149.6057,71.8182,2.2029],[149.5995,71.813,2.3994],[149.5901,71.812,1.0905],[149.5932,71.8089,1.6057],[149.588,71.8057,0.0],[149.5891,71.8026,1.2311],[149.5838,71.7995,0.0],[149.587,71.7964,0.0],[149.5838,71.7943,0.0],[149.6187,71.7937,0.0],[149.6333,71.7896,0.0],[149.6396,71.7896,2.1734],[149.6463,71.7859,0.0],[149.6536,71.7849,1.7194],[149.6578,71.7828,0.0],[149.6568,71.7797,0.0],[149.6641,71.7786,0.0],[149.663,71.7755,0.0],[149.6651,71.7734,0.0],[149.6828,71.7641,1.2155],[149.6849,71.762,0.0],[149.6839,71.7589,0.0],[149.6891,71.7557,0.0],[149.688,71.7526,0.0],[149.6974,71.7516,1.2437],[149.7021,71.7479,0.6941],[149.7125,71.7479,0.0],[149.725,71.7521,1.2857],[149.7312,71.7521,0.0],[149.738,71.7557,1.4629],[149.7437,71.7562,0.0],[149.7495,71.7589,1.5278],[149.7464,71.7609,1.5181],[149.7479,71.7625,1.711],[149.7583,71.7604,1.2684],[149.7708,71.7646,1.4431],[149.7771,71.7646,0.0],[149.7854,71.7688,1.4195],[149.8,71.7708,0.0],[149.8042,71.7729,0.0],[149.8104,71.7729,0.0],[149.8167,71.7771,1.4773],[149.8333,71.7792,0.0],[149.8396,71.7833,1.5055],[149.8521,71.7833,0.0],[149.8625,71.7896,1.5931],[149.8896,71.7937,0.0],[149.9125,71.8,1.5249],[149.925,71.8,0.0],[149.9333,71.8042,1.2345],[149.9458,71.8042,0.0],[149.9505,71.8078,1.4034],[149.9583,71.8083,0.0],[149.9625,71.8104,1.5423],[149.975,71.8104,0.0],[149.9792,71.8125,1.5082],[149.9917,71.8125,0.0],[149.9958,71.8146,0.99],[150.0208,71.8146,0.0],[150.025,71.8167,0.8408],[150.0458,71.8167,0.0],[150.0557,71.8193,0.0],[150.0625,71.8229,1.2756],[150.0703,71.8234,0.0],[150.075,71.8271,1.2231],[150.0828,71.8276,0.0],[150.087,71.8297,0.0],[150.0838,71.8328,1.0023],[150.0932,71.8339,0.0],[150.1057,71.8422,0.0],[150.1005,71.8474,0.9665],[150.1078,71.8484,0.0],[150.1068,71.8599,1.209],[150.112,71.863,0.0],[150.1089,71.8651,0.7689],[150.112,71.8682,0.0],[150.1089,71.8703,0.7683],[150.112,71.8724,0.0],[150.1089,71.8745,1.2261],[150.112,71.8766,0.0],[150.1089,71.8786,1.0359],[150.112,71.8807,0.0],[150.1089,71.8818,1.0777],[150.1099,71.8891,0.0],[150.1047,71.8922,0.0],[150.1078,71.8953,0.0],[150.0984,71.9005,0.7559],[150.0995,71.9036,0.0],[150.0974,71.9057,0.0],[150.0901,71.9089,0.9001],[150.0932,71.912,0.0],[150.0838,71.913,1.2446],[150.0818,71.9151,1.2127],[150.0828,71.9182,0.0],[150.0734,71.9193,1.1714],[150.0766,71.9224,0.0],[150.0724,71.9245,0.9278],[150.063,71.9255,0.8843],[150.0542,71.9313,1.4284],[150.0464,71.9318,1.1395],[150.0479,71.9333,1.1338],[150.0557,71.9339,0.726],[150.0526,71.937,1.1315],[150.0604,71.9375,0.7593],[150.062,71.9391,0.0],[150.0542,71.9396,0.93],[150.05,71.9417,1.1173],[150.0359,71.9422,0.6593],[150.0375,71.9437,1.1823],[150.0453,71.9443,1.0999],[150.0437,71.9458,0.8123],[150.0375,71.9458,0.7949],[150.0318,71.9484,0.9145],[150.0333,71.95,0.6457],[150.0412,71.9505,0.6968],[150.0391,71.9537,1.0606],[150.0292,71.9583,0.8091],[150.0229,71.9563,0.816],[150.0193,71.9568,0.9062],[150.0203,71.9641,0.9044],[150.0188,71.9646,0.7593],[150.0063,71.9646,0.9504],[150.0021,71.9667,0.9166],[149.988,71.9672,0.9309],[149.9896,71.9688,1.1227],[149.9974,71.9693,0.6581],[150.0016,71.9724,0.5857],[149.9937,71.9729,0.8211],[149.9839,71.9776,0.9283],[149.9776,71.9818,1.3403],[149.9807,71.9849,0.7719],[149.9734,71.988,1.0654],[149.9703,71.9912,0.9986],[149.9547,71.9922,1.2203],[149.962,71.9953,0.9031],[149.9479,71.9958,1.0029],[149.9443,71.9984,1.175],[149.9479,72.0,1.1261],[149.9542,71.9979,1.3596],[149.9599,72.0016,0.8266],[149.9417,72.0042,0.8314],[149.9375,72.0062,1.2989],[149.9312,72.0062,1.246],[149.9271,72.0083,1.0199],[149.9208,72.0083,1.2345],[149.9151,72.0109,1.0266],[149.9089,72.0162,1.3522],[149.9208,72.0146,1.4953],[149.9224,72.0162,1.0535],[149.9167,72.0188,1.0011],[149.8984,72.0214,1.1217],[149.9078,72.0245,0.902],[149.9016,72.0286,0.8313],[149.8938,72.0292,1.072],[149.888,72.0318,1.2754],[149.8911,72.0349,0.0],[149.887,72.037,0.0],[149.8792,72.0375,0.0],[149.875,72.0396,0.0],[149.8464,72.0401,1.3926],[149.8401,72.0443,1.1495],[149.8432,72.0474,1.2102],[149.8292,72.0479,1.344],[149.8276,72.0484,1.4585],[149.8286,72.0516,1.4286],[149.8193,72.0526,1.209],[149.8172,72.0557,1.3163],[149.8224,72.0599,0.0],[149.813,72.0609,1.2414],[149.8141,72.0641,0.0],[149.8,72.0646,1.2375],[149.7912,72.0703,1.0803],[149.7818,72.0714,1.1252],[149.7849,72.0745,0.0],[149.7688,72.075,1.4148],[149.7672,72.0766,1.2837],[149.7703,72.0787,0.8403],[149.7625,72.0792,1.1138],[149.7557,72.0828,0.9576],[149.7458,72.0854,1.0386],[149.738,72.0859,0.8827],[149.7391,72.0891,0.9235],[149.7312,72.0938,0.0],[149.7146,72.0958,0.8517],[149.7104,72.0979,1.0511],[149.7026,72.0953,1.0033],[149.7042,72.0938,1.2433],[149.7208,72.0917,1.0846],[149.7266,72.0891,1.2437],[149.725,72.0875,1.1462],[149.7208,72.0875,1.1495],[149.7083,72.0917,1.1286],[149.7005,72.0922,1.18],[149.6964,72.0943,1.3176],[149.6995,72.0964,1.1287],[149.6979,72.0979,1.1671],[149.6818,72.0984,1.3193],[149.6833,72.1,1.1456],[149.6911,72.1005,1.2835],[149.6896,72.1021,1.1895],[149.6729,72.1021,1.1972],[149.6682,72.0984,1.1298],[149.6646,72.0979,0.9789],[149.663,72.0984,1.1885],[149.6641,72.1016,1.1096],[149.6547,72.1026,1.1558],[149.6641,72.1057,0.9178],[149.6563,72.1062,1.2882],[149.6547,72.1078,0.9578],[149.6687,72.1083,1.0671],[149.6703,72.1099,1.0505],[149.6609,72.1109,0.6507],[149.6563,72.1146,0.6027],[149.6354,72.1146,1.0897],[149.6339,72.1162,1.1403],[149.6417,72.1167,1.0622],[149.6432,72.1182,1.2674],[149.6375,72.1208,0.0],[149.6313,72.1208,1.3596],[149.6271,72.1229,0.931],[149.6109,72.1255,1.1895],[149.612,72.1286,0.0],[149.6104,72.1292,0.0],[149.5979,72.1292,1.4208],[149.5875,72.1354,0.993],[149.5729,72.1354,1.1978],[149.5693,72.138,1.0804],[149.5703,72.1412,0.7733],[149.5609,72.1422,1.2751999999999999],[149.5562,72.1458,0.0],[149.5417,72.1458,0.8927],[149.537,72.1495,1.1628],[149.5292,72.15,1.3032],[149.5208,72.1542,0.7042],[149.5068,72.1547,1.2708],[149.5099,72.1568,0.9027],[149.5083,72.1583,0.0],[149.5021,72.1583,1.1803],[149.4979,72.1604,0.0],[149.4833,72.1604,1.277],[149.4729,72.1667,0.0],[149.4458,72.1708,0.889],[149.4417,72.1729,0.0],[149.4292,72.1729,1.5035],[149.4208,72.1771,0.0],[149.4042,72.1792,0.9013],[149.3896,72.1833,0.0],[149.3771,72.1833,1.6021],[149.3625,72.1875,0.0],[149.3562,72.1875,1.0983],[149.3479,72.1917,0.0],[149.3354,72.1917,1.3832],[149.3313,72.1937,0.0],[149.2964,72.1943,0.7098],[149.2979,72.1958,0.9114],[149.3057,72.1964,1.2858],[149.3,72.2,0.0],[149.275,72.2,1.3009],[149.2682,72.2037,0.0],[149.2604,72.2042,0.0],[149.2563,72.2063,0.0],[149.2125,72.2083,0.7852],[149.2,72.2146,0.0],[149.1812,72.2146,1.0602],[149.1771,72.2167,1.0763],[149.1646,72.2167,1.1694],[149.15,72.2208,0.3914],[149.1354,72.2208,0.9585],[149.1313,72.2229,0.814],[149.1125,72.2229,1.2591],[149.0979,72.2271,0.4526],[149.0917,72.2271,1.0699],[149.0875,72.2292,0.3671],[149.075,72.2292,0.8476],[149.0667,72.2333,0.0],[149.0542,72.2333,0.0],[149.05,72.2354,0.0],[149.0271,72.2354,1.3262],[149.0229,72.2333,1.7444],[149.0188,72.2333,1.7926],[149.0146,72.2354,1.2929],[149.0063,72.2354,0.0],[148.9995,72.2318,0.9335],[148.9917,72.2312,0.0],[148.9901,72.2297,0.0],[149.0333,72.2292,1.7302],[149.0375,72.2271,1.6508],[149.0453,72.2266,1.8443],[149.05,72.2229,1.1774],[149.0667,72.2208,1.0739],[149.0682,72.2193,1.4653],[149.0521,72.2188,1.6348],[149.0453,72.2224,1.481],[149.0375,72.2229,1.882],[149.0292,72.2271,2.0359],[149.0193,72.2266,1.6587],[149.0208,72.225,1.8653],[149.0286,72.2245,1.7435],[149.0271,72.2229,2.0318],[149.0021,72.2229,2.0237],[148.9979,72.225,1.8111],[148.9917,72.225,2.0414],[148.9854,72.2271,0.0],[148.9818,72.2245,0.0],[148.9828,72.2214,0.8422],[148.9771,72.2208,0.0],[148.9688,72.2167,0.9505],[148.9583,72.2167,0.0],[148.9568,72.2182,0.0],[148.9714,72.2266,0.0],[148.9807,72.2276,0.0],[148.9828,72.2307,0.0],[148.9797,72.2328,1.2528],[148.9828,72.2349,0.0],[148.975,72.2354,1.816],[148.9693,72.238,1.852],[148.9724,72.2401,0.0],[148.9708,72.2417,0.0],[148.9646,72.2417,0.8246],[148.95,72.2458,0.0],[148.9292,72.2458,1.6267],[148.9208,72.25,0.0],[148.8958,72.25,0.0],[148.8917,72.2521,0.0],[148.8646,72.2521,1.4985],[148.85,72.2562,0.0],[148.8188,72.2583,0.0],[148.8146,72.2604,0.0],[148.8021,72.2604,0.0],[148.7979,72.2625,0.0],[148.7646,72.2625,1.9347],[148.75,72.2667,0.0],[148.7354,72.2667,1.8362],[148.7312,72.2688,0.0],[148.7042,72.2729,0.0],[148.7,72.275,0.0],[148.6875,72.275,3.1687],[148.6792,72.2792,0.0],[148.6729,72.2792,0.0],[148.6583,72.2833,0.0],[148.6458,72.2833,6.9389],[148.6313,72.2875,0.0],[148.6187,72.2875,4.1803],[148.6104,72.2917,0.0],[148.5792,72.2937,7.202],[148.5745,72.2974,0.0],[148.5667,72.2979,0.0],[148.5625,72.3,0.0],[148.5354,72.3,10.3835],[148.5313,72.3021,0.0],[148.5167,72.3021,0.0],[148.5125,72.3042,0.0],[148.4937,72.3042,6.7207],[148.4854,72.3083,0.0],[148.4646,72.3083,5.5579],[148.45,72.3125,0.0],[148.4375,72.3125,6.1082],[148.4333,72.3146,0.0],[148.4125,72.3146,6.9211],[148.3979,72.3187,0.0],[148.3854,72.3187,10.4249],[148.3813,72.3208,0.0],[148.375,72.3187,15.1138],[148.3708,72.3187,15.5866],[148.3667,72.3208,0.0],[148.3583,72.3208,0.0],[148.3542,72.3187,12.0428],[148.3,72.3187,0.0],[148.2937,72.3167,4.635],[148.2896,72.3187,0.0],[148.2854,72.3187,0.0],[148.2792,72.3167,4.2718],[148.275,72.3187,0.0],[148.2542,72.3187,0.0],[148.25,72.3208,0.0],[148.2437,72.3187,0.0],[148.2208,72.3187,6.2331],[148.2167,72.3208,0.0],[148.1687,72.3208,0.0],[148.1646,72.3229,0.0],[148.1208,72.3229,0.0],[148.1146,72.3208,4.8283],[148.1104,72.3229,0.0],[148.1,72.3229,0.0],[148.0958,72.3208,1.0198],[148.0625,72.3208,0.0],[148.0583,72.3187,4.1081],[148.0333,72.3187,0.0],[148.0188,72.3146,0.0],[147.9187,72.3146,0.0],[147.9146,72.3167,0.0],[147.8813,72.3167,0.0],[147.8771,72.3187,0.0],[147.8708,72.3167,0.0],[147.8479,72.3167,3.8956],[147.8438,72.3187,0.0],[147.8125,72.3208,1.0675],[147.8083,72.3229,0.0],[147.7604,72.3229,0.0],[147.7542,72.325,0.0],[147.75,72.3229,1.8795],[147.7458,72.3229,3.7752],[147.7417,72.325,0.0],[147.7146,72.325,0.0],[147.7104,72.3271,0.0],[147.7042,72.325,0.0],[147.6875,72.325,0.0],[147.6833,72.3271,0.0],[147.675,72.3271,0.0],[147.6708,72.325,2.3556],[147.6667,72.325,2.7191],[147.6604,72.3271,0.0],[147.6542,72.325,3.7059],[147.65,72.3271,0.0],[147.6,72.3271,0.0],[147.5958,72.325,0.0],[147.5896,72.325,0.0],[147.5854,72.3229,0.0],[147.5729,72.3229,0.0],[147.5688,72.3208,0.0],[147.5313,72.3208,1.658],[147.5271,72.3229,0.0],[147.5063,72.3229,3.7968],[147.5021,72.325,0.0],[147.4521,72.325,0.0],[147.4479,72.3229,2.3716],[147.4208,72.3229,0.0],[147.4167,72.3208,4.729],[147.4042,72.3208,0.0],[147.4,72.3187,0.0],[147.3875,72.3187,0.0],[147.3833,72.3167,0.0],[147.3729,72.3167,0.0],[147.3667,72.3187,0.0],[147.3625,72.3167,0.0],[147.3292,72.3167,0.0],[147.3229,72.3146,1.7247],[147.3167,72.3167,0.0],[147.3125,72.3146,0.0],[147.2958,72.3146,0.0],[147.2917,72.3167,0.0],[147.2813,72.3167,0.0],[147.2771,72.3146,0.0],[147.2646,72.3146,0.0],[147.2604,72.3125,0.0],[147.2479,72.3125,0.0],[147.2437,72.3104,0.0],[147.225,72.3104,0.0],[147.2208,72.3083,0.0],[147.2083,72.3083,0.0],[147.1938,72.3042,0.0],[147.1875,72.3063,0.0],[147.1792,72.3063,0.0],[147.175,72.3083,0.0],[147.1687,72.3063,0.0],[147.1354,72.3063,0.0],[147.1255,72.3037,0.0],[147.1141,72.2963,1.6169],[147.1062,72.2958,0.0],[147.1,72.2917,1.8823],[147.0922,72.2911,0.0],[147.0953,72.2891,0.0],[147.0932,72.2859,0.0],[147.0745,72.2734,2.0409],[147.0688,72.2708,1.6568],[147.063,72.2703,0.0],[147.0641,72.2672,1.5269],[147.0537,72.2589,0.0],[147.0339,72.2557,0.0],[147.0266,72.2505,0.0],[147.0172,72.2495,0.0],[147.0125,72.2458,0.0],[147.0047,72.2453,0.0],[146.9953,72.238,8.0009],[146.9755,72.2349,0.0],[146.9682,72.2297,0.0],[146.9625,72.2292,0.0],[146.9417,72.2208,7.6565],[146.9354,72.2208,0.0],[146.9292,72.2167,8.3989],[146.9214,72.2161,0.0],[146.9182,72.213,0.0],[146.9125,72.2104,16.9584],[146.9068,72.2099,0.0],[146.8995,72.2047,17.2262],[146.8901,72.2037,0.0],[146.8854,72.2,11.2143],[146.8776,72.1995,0.0],[146.8682,72.1922,6.4068],[146.8589,72.1911,0.0],[146.8516,72.1859,0.0],[146.8422,72.1849,0.0],[146.8375,72.1813,0.0],[146.8297,72.1807,0.0],[146.8109,72.1682,0.0],[146.8057,72.163,12.0283],[146.7964,72.162,0.0],[146.7839,72.1536,0.0],[146.7818,72.1505,0.0],[146.7849,72.1484,9.9138],[146.7818,72.1464,0.0],[146.7849,72.1443,15.7638],[146.7776,72.1391,0.0],[146.7807,72.1359,16.1597],[146.7729,72.1354,0.0],[146.7672,72.1328,0.0],[146.762,72.1276,6.532],[146.7464,72.1182,0.0],[146.7443,72.1151,0.0],[146.7474,72.113,28.8296],[146.7432,72.1109,18.9084],[146.7276,72.1099,0.0],[146.7307,72.1078,0.0],[146.7297,72.1047,0.0],[146.7328,72.1026,19.7615],[146.7203,72.0943,10.9501],[146.7125,72.0938,0.0],[146.7063,72.0896,25.1941],[146.6984,72.0891,0.0],[146.6938,72.0854,31.5595],[146.6859,72.0849,0.0],[146.6787,72.0797,0.0],[146.6729,72.0792,0.0],[146.6672,72.0766,0.0],[146.6703,72.0734,11.0354],[146.6609,72.0724,0.0],[146.6589,72.0693,0.0],[146.662,72.0672,16.5726],[146.6463,72.062,0.0],[146.6443,72.0589,0.0],[146.6474,72.0568,15.4311],[146.6266,72.0422,23.3218],[146.6187,72.0417,0.0],[146.6125,72.0375,12.1992],[146.6047,72.037,0.0],[146.5953,72.0297,7.3969],[146.5859,72.0286,0.0],[146.5766,72.0214,25.4887],[146.5688,72.0208,0.0],[146.5547,72.0162,0.0],[146.5578,72.013,21.1521],[146.5505,72.012,0.0],[146.5401,72.0057,0.0],[146.5432,72.0036,20.1546],[146.5412,72.0005,18.9029],[146.5333,72.0,0.0],[146.5245,71.9943,0.0],[146.5172,71.9932,0.0],[146.5109,71.9891,0.0],[146.5141,71.9859,27.0564],[146.5047,71.9849,0.0],[146.4891,71.9734,0.0],[146.4818,71.9724,0.0],[146.4703,71.9651,1.2687],[146.463,71.9641,0.6649],[146.4688,71.9604,1.8808],[146.4766,71.9599,2.0613],[146.4682,71.9526,1.5935],[146.4547,71.9526,1.906],[146.4641,71.9557,1.8441],[146.4609,71.9568,1.8806],[146.462,71.9599,1.8734],[146.4521,71.9604,0.0],[146.4464,71.9578,0.0],[146.4276,71.9432,1.965],[146.4292,71.9417,1.7181],[146.437,71.9411,1.8045],[146.4411,71.938,1.7444],[146.4229,71.9375,1.6598],[146.4167,71.9396,0.0],[146.4083,71.9354,1.7376],[146.3896,71.9354,0.0],[146.3797,71.9328,0.0],[146.3729,71.9292,0.0],[146.3672,71.9287,0.0],[146.3604,71.925,0.7563],[146.3443,71.9224,0.0],[146.3474,71.9193,1.3692],[146.3422,71.9151,0.0],[146.3505,71.9109,1.0118],[146.3583,71.9104,0.323],[146.3599,71.9089,0.9561],[146.3505,71.9078,1.3712],[146.3438,71.9021,1.6892],[146.3359,71.9016,0.0],[146.3297,71.8974,0.0],[146.3328,71.8953,1.6398],[146.3307,71.8922,1.6086],[146.325,71.8896,1.9192],[146.3193,71.8891,0.0],[146.312,71.8839,1.0045],[146.3026,71.8828,0.0],[146.2979,71.8792,0.0],[146.2901,71.8786,0.0],[146.2849,71.8734,1.1978],[146.2792,71.8708,1.1846],[146.2734,71.8703,0.0],[146.2667,71.8667,1.6682],[146.2505,71.8641,0.0],[146.2484,71.8609,0.0],[146.2526,71.8588,0.0],[146.2563,71.8583,0.0],[146.2625,71.8604,1.1281],[146.2641,71.8588,0.2264],[146.2604,71.8562,1.7639],[146.2464,71.8557,0.0],[146.2307,71.8443,2.4688],[146.2234,71.8432,0.0],[146.2146,71.8375,1.1008],[146.2068,71.837,0.0],[146.2016,71.8318,0.0],[146.1958,71.8292,0.0],[146.1901,71.8287,0.0],[146.1911,71.8255,0.0],[146.175,71.8229,0.0],[146.1687,71.8187,0.0],[146.1609,71.8182,0.0],[146.1495,71.8089,0.0],[146.1401,71.8078,0.0],[146.1354,71.8042,0.0],[146.1276,71.8037,0.0],[146.1255,71.8005,0.0],[146.1286,71.7984,0.0],[146.1193,71.7974,0.0],[146.1141,71.7922,1.9079],[146.1047,71.7911,0.0],[146.0958,71.7854,1.5809],[146.0854,71.7854,0.0],[146.0766,71.7797,0.0],[146.0688,71.7792,0.0],[146.0641,71.7755,0.0],[146.0542,71.7729,0.0],[146.0479,71.7729,0.0],[146.0417,71.7688,1.4124],[146.0271,71.7667,0.0],[146.0167,71.7604,2.2469],[146.0104,71.7604,0.0],[145.9979,71.7562,1.6309],[145.9917,71.7562,0.0],[145.9792,71.7521,0.0],[145.9542,71.7521,0.0],[145.9333,71.7438,0.0],[145.9187,71.7417,0.0],[145.9063,71.7375,2.2565],[145.9,71.7375,0.0],[145.8953,71.7338,0.0],[145.8792,71.7312,0.0],[145.8729,71.7271,2.2477],[145.8667,71.7271,0.0],[145.8568,71.7245,0.0],[145.85,71.7208,1.9155],[145.8354,71.7188,0.0],[145.8125,71.7125,1.3325],[145.8,71.7125,0.0],[145.7958,71.7104,0.0],[145.7854,71.7104,0.0],[145.7813,71.7083,1.6251],[145.7625,71.7083,0.0],[145.7583,71.7063,1.2926],[145.7458,71.7063,0.0],[145.7417,71.7042,0.0],[145.7333,71.7042,0.0],[145.7292,71.7063,0.0],[145.7083,71.7063,2.455],[145.6995,71.712,0.0],[145.6901,71.713,2.8469],[145.6911,71.7161,0.0],[145.6839,71.7193,0.0],[145.687,71.7224,0.0],[145.6812,71.7229,0.0],[145.675,71.7208,3.0568],[145.6687,71.7229,0.0],[145.6625,71.7188,3.3322],[145.65,71.7188,0.0],[145.6458,71.7167,3.4005],[145.6187,71.7146,0.0],[145.6104,71.7104,2.4415],[145.5917,71.7104,0.0],[145.5875,71.7083,1.8409],[145.5771,71.7083,0.0],[145.5682,71.7026,1.3395],[145.5437,71.6979,0.0],[145.5359,71.6932,0.0],[145.5417,71.6896,2.3576],[145.5578,71.6911,2.1198],[145.562,71.6891,2.138],[145.5583,71.6854,2.2074],[145.5333,71.6854,0.0],[145.5229,71.6792,0.8987],[145.5125,71.6792,0.0],[145.5083,71.6771,1.0682],[145.4833,71.6771,0.0],[145.4745,71.6713,0.0],[145.4651,71.6703,0.0],[145.4578,71.663,1.3949],[145.4521,71.6604,1.4983],[145.4417,71.6604,0.0],[145.4375,71.6583,1.5237],[145.4187,71.6583,0.0],[145.4104,71.6542,1.9352],[145.3854,71.6542,0.0],[145.3755,71.6516,0.0],[145.3828,71.6474,1.8874],[145.3797,71.6443,0.0],[145.3854,71.6417,0.0],[145.3932,71.6412,3.1653],[145.3901,71.6359,0.0],[145.4,71.6312,0.0],[145.4078,71.6307,2.1466],[145.4026,71.6255,0.0],[145.4083,71.6229,0.0],[145.4162,71.6224,1.1312],[145.4245,71.6182,2.4357],[145.4214,71.6151,0.0],[145.4287,71.612,2.4392],[145.4271,71.6104,1.8585],[145.4214,71.6099,0.0],[145.4245,71.6068,2.1201],[145.4214,71.6047,0.0],[145.4245,71.6026,1.9196],[145.4141,71.5943,1.7761],[145.3958,71.5938,0.1042],[145.3943,71.5953,0.0],[145.4057,71.6026,0.0],[145.4099,71.6078,0.0],[145.4042,71.6104,0.9764],[145.3963,71.6109,2.024],[145.3995,71.613,1.399],[145.3963,71.6151,1.9136],[145.3974,71.6182,0.0],[145.3859,71.6234,1.605],[145.3839,71.6255,1.7809],[145.3849,71.6286,0.0],[145.3755,71.6297,1.6172],[145.3766,71.6328,0.0],[145.3672,71.6339,1.6508],[145.3682,71.637,0.0],[145.3625,71.6396,0.0],[145.3562,71.6375,1.7405],[145.3526,71.638,1.6986],[145.3578,71.6432,0.0],[145.3417,71.6438,2.0188],[145.3401,71.6453,2.2555],[145.3432,71.6474,0.0],[145.3359,71.6505,0.0],[145.3375,71.6521,0.0],[145.3562,71.6521,0.0],[145.3625,71.6563,1.5829],[145.3766,71.6568,0.0],[145.3786,71.6599,0.0],[145.3589,71.663,0.0],[145.338,71.6734,0.0],[145.3359,71.6755,0.0],[145.337,71.6787,0.0],[145.3292,71.6792,3.8828],[145.325,71.6813,0.0],[145.3188,71.6792,4.3004],[145.3062,71.6792,0.0],[145.2833,71.6729,4.2017],[145.2583,71.6729,0.0],[145.2458,71.6687,2.7184],[145.2312,71.6667,0.0],[145.2245,71.663,0.0],[145.2146,71.6604,3.1171],[145.2021,71.6604,0.0],[145.1958,71.6583,3.2302],[145.1917,71.6604,0.0],[145.1729,71.6604,1.8712],[145.1687,71.6625,0.0],[145.1625,71.6625,2.2898],[145.1474,71.6703,0.0],[145.138,71.6713,2.1309],[145.1391,71.6745,0.0],[145.1297,71.6755,3.8207],[145.1307,71.6787,2.747],[145.1245,71.6828,1.64],[145.1021,71.6854,0.0],[145.1005,71.6839,0.0],[145.1037,71.6828,3.554],[145.1026,71.6797,1.6076],[145.1078,71.6766,0.0],[145.1047,71.6713,0.0],[145.1078,71.6693,0.0],[145.0974,71.6609,0.0],[145.0833,71.6563,0.0],[145.0771,71.6563,0.0],[145.0724,71.6526,1.2822],[145.0625,71.65,0.0],[145.0437,71.6479,0.0],[145.0422,71.6495,1.9476],[145.0516,71.6578,0.0],[145.0458,71.6604,1.6522],[145.038,71.6609,1.5561],[145.0401,71.6641,0.0],[145.0432,71.6651,0.0],[145.0401,71.6682,0.0],[145.0443,71.6724,0.0],[145.0537,71.6734,0.0],[145.0505,71.6755,0.0],[145.0526,71.6787,0.9975],[145.062,71.6797,0.0],[145.0589,71.6828,1.9292],[145.0661,71.6839,0.0],[145.0682,71.687,0.0],[145.0646,71.6896,0.0],[145.0146,71.6896,0.0],[145.0104,71.6875,2.2375],[144.9979,71.6875,0.0],[144.9854,71.6833,0.0],[144.9812,71.6833,0.0],[144.9797,71.6828,0.0],[144.9807,71.6797,1.0281],[144.9787,71.6776,2.3132],[144.9609,71.6745,0.0],[144.9557,71.6693,0.5013],[144.9526,71.6682,0.2006],[144.9557,71.6651,0.2259],[144.9526,71.6609,0.8166],[144.9557,71.6589,2.1797],[144.9464,71.6578,0.6805],[144.9411,71.6526,0.9246],[144.938,71.6516,-1.3831],[144.9411,71.6484,8.7803],[144.938,71.6443,2.0674],[144.9411,71.6422,4.0016],[144.9318,71.6412,0.0015],[144.9349,71.638,0.5297],[144.925,71.6354,3.0133],[144.9083,71.6354,2.7731],[144.9042,71.6375,-0.6641],[144.8963,71.638,1.9364],[144.8979,71.6396,0.1642],[144.9245,71.6401,2.0912],[144.9214,71.6432,2.5304],[144.9328,71.6526,-1.2747],[144.9318,71.6557,2.2527],[144.937,71.6609,-1.308],[144.9339,71.6641,2.7018],[144.9432,71.6651,-1.4395],[144.9401,71.6682,0.8471],[144.9474,71.6693,-1.336],[144.9464,71.6724,0.4611],[144.9526,71.6787,0.9744],[144.9641,71.6859,0.0],[144.9714,71.6932,1.6508],[144.9792,71.6937,0.0],[144.9828,71.6964,2.5082],[144.9812,71.6979,1.5824],[144.9729,71.6979,1.3415],[144.9688,71.6958,1.0444],[144.9583,71.6958,0.8491],[144.9568,71.6974,0.0],[144.9646,71.6979,0.0],[144.9708,71.7021,1.6288],[144.9875,71.7021,1.6971],[144.9891,71.7005,0.0],[144.9859,71.6984,0.0],[144.9875,71.6979,0.0],[144.9979,71.7,1.8376],[145.0021,71.6979,0.0],[145.0229,71.6979,0.0],[145.0313,71.7021,0.8042],[145.0542,71.7063,0.0],[145.0578,71.7089,0.0],[145.0562,71.7104,0.0],[145.05,71.7104,2.3685],[145.0458,71.7125,0.0],[145.0422,71.712,0.0],[145.0375,71.7083,2.3527],[145.025,71.7083,0.0],[145.0208,71.7063,1.618],[145.0125,71.7063,0.0],[144.9979,71.7104,0.0],[144.9688,71.7104,0.0],[144.9646,71.7083,1.3876],[144.9505,71.7078,0.0],[144.9536,71.7047,1.0988],[144.9495,71.7005,1.3412],[144.9422,71.7005,2.8355],[144.9453,71.7037,0.0],[144.938,71.7068,2.1829],[144.9411,71.712,0.0],[144.938,71.713,1.9807],[144.9359,71.7161,3.0484],[144.9422,71.7224,0.0],[144.9479,71.725,0.0],[144.9854,71.725,0.0],[144.9932,71.7307,0.0],[144.9875,71.7333,0.0],[144.975,71.7333,2.1864],[144.9708,71.7354,0.0],[144.9625,71.7354,2.8014],[144.9563,71.7396,0.0],[144.9417,71.7396,1.2652],[144.9375,71.7417,0.0],[144.9234,71.7422,2.4384],[144.9109,71.7484,2.8837],[144.912,71.7557,0.0],[144.9089,71.7578,2.4996],[144.9141,71.762,0.0],[144.9109,71.7641,0.0],[144.9167,71.7646,0.0],[144.9214,71.7682,1.561],[144.9292,71.7688,0.0],[144.9333,71.7708,0.0],[144.9583,71.7708,0.0],[144.9708,71.775,2.5676],[145.0,71.775,1.988],[145.0042,71.7729,0.0],[145.0141,71.7724,0.0],[145.0188,71.7688,0.0],[145.0286,71.7682,0.0],[145.0255,71.7651,0.0],[145.0354,71.7604,0.0],[145.0542,71.7625,0.0],[145.0589,71.7662,1.0383],[145.0682,71.7672,0.0],[145.0734,71.7724,2.6675],[145.0766,71.7734,0.0],[145.0786,71.7766,0.0],[145.0755,71.7786,26.8077],[145.0953,71.7839,0.0],[145.0922,71.787,0.0],[145.1016,71.788,0.0],[145.1037,71.7901,0.0],[145.1005,71.7922,5.5691],[145.1021,71.7937,5.5282],[145.1083,71.7937,0.0],[145.1208,71.7979,0.0],[145.1563,71.7979,4.5113],[145.1604,71.7958,0.0],[145.1771,71.7958,0.0],[145.1812,71.7979,0.0],[145.1891,71.7984,0.0],[145.1938,71.8021,0.0],[145.1995,71.8026,0.0],[145.1964,71.8057,0.0],[145.1995,71.8078,0.0],[145.1964,71.8099,5.8803],[145.2005,71.8141,6.6398],[145.2099,71.8151,0.0],[145.2068,71.8172,0.0],[145.2088,71.8203,0.0],[145.212,71.8214,0.0],[145.2328,71.838,0.0],[145.2312,71.8396,0.0],[145.2234,71.8401,31.7374],[145.2287,71.8453,0.0],[145.2193,71.8464,1.8679],[145.2151,71.8484,9.812],[145.2161,71.8516,0.0],[145.2104,71.8542,0.0],[145.1979,71.8542,15.8974],[145.1917,71.8562,0.0],[145.1875,71.8542,6.0038],[145.15,71.8542,3.5534],[145.137,71.862,0.0],[145.1255,71.863,2.8318],[145.1286,71.8651,0.0],[145.1271,71.8667,0.0],[145.1208,71.8646,4.8897],[145.1151,71.8651,9.3138],[145.1078,71.8703,0.0],[145.0964,71.8755,10.9129],[145.0974,71.8786,0.0],[145.0849,71.8849,0.0],[145.0755,71.8859,4.1032],[145.0599,71.8953,0.0],[145.0437,71.8958,3.6231],[145.0396,71.8979,0.0],[145.0318,71.8984,3.5972],[145.0328,71.9057,0.0],[145.025,71.9063,2.3242],[145.0193,71.9089,1.7889],[145.0307,71.913,0.0],[145.0276,71.9151,0.0],[145.0286,71.9182,0.0],[145.0255,71.9193,2.053],[145.0266,71.9224,0.0],[145.0255,71.9245,0.0],[145.0286,71.9287,0.0],[145.0255,71.9307,2.484],[145.0286,71.9318,0.0],[145.0328,71.937,0.0],[145.025,71.9375,3.151],[145.0234,71.9391,3.0228],[145.0286,71.9422,0.0],[145.0255,71.9453,3.6718],[145.0328,71.9464,0.0],[145.0297,71.9495,2.3891],[145.05,71.95,0.0],[145.0557,71.9526,0.0],[145.0542,71.9542,0.0],[145.05,71.9542,0.0],[145.0458,71.9521,3.1869],[145.0422,71.9526,0.0],[145.0474,71.9568,2.3561],[145.0443,71.9589,0.0],[145.0458,71.9604,0.0],[145.0562,71.9563,0.0],[145.0641,71.9557,0.0],[145.0724,71.9516,0.0],[145.0703,71.9484,3.8997],[145.0625,71.9479,0.0],[145.0609,71.9464,1.2639],[145.0792,71.9437,0.0],[145.0875,71.9396,0.0],[145.0958,71.9396,3.861],[145.1,71.9375,0.0],[145.1125,71.9375,2.9648],[145.1141,71.937,2.713],[145.113,71.9339,0.0],[145.1193,71.9297,0.0],[145.1307,71.9287,3.9866],[145.1266,71.9255,3.5718],[145.1193,71.9245,0.0],[145.1271,71.9187,0.0],[145.1375,71.9187,0.0],[145.1625,71.9271,0.0],[145.1917,71.9271,2.8523],[145.1958,71.925,0.0],[145.2,71.925,0.0],[145.2063,71.9271,4.1331],[145.2078,71.9266,4.1818],[145.2068,71.9234,0.0],[145.2161,71.9224,4.0766],[145.213,71.9193,0.0],[145.2349,71.9161,3.1999],[145.2391,71.9141,3.8654],[145.2359,71.9109,0.0],[145.2458,71.9063,0.0],[145.2521,71.9063,6.089],[145.2667,71.9021,0.0],[145.2813,71.9021,16.646],[145.2854,71.9,0.0],[145.2917,71.9,0.0],[145.3,71.8958,0.0],[145.3078,71.8953,5.966],[145.312,71.8932,5.9282],[145.3089,71.8901,0.0],[145.3167,71.8896,0.0],[145.3224,71.887,5.8915],[145.3214,71.8839,0.0],[145.3307,71.8828,4.8402],[145.3297,71.8797,0.0],[145.337,71.8766,18.8871],[145.3338,71.8734,0.0],[145.337,71.8724,16.4519],[145.3359,71.8693,7.367],[145.3391,71.8672,9.1713],[145.3359,71.8651,5.2344],[145.3417,71.8625,0.0],[145.3521,71.8625,0.0],[145.3646,71.8667,4.5883],[145.3792,71.8688,0.0],[145.388,71.8745,7.0476],[145.4042,71.8771,0.0],[145.4089,71.8807,2.0259],[145.4167,71.8812,0.0],[145.4208,71.8833,3.6218],[145.4438,71.8833,0.0],[145.4479,71.8812,0.0],[145.4896,71.8812,0.0],[145.4937,71.8833,0.0],[145.5016,71.8839,0.0],[145.5063,71.8875,0.0],[145.5141,71.888,0.0],[145.5188,71.8917,5.7601],[145.5266,71.8922,0.0],[145.5318,71.8974,6.4214],[145.5396,71.8979,0.0],[145.5521,71.9021,0.0],[145.5583,71.9021,0.0],[145.563,71.9057,0.0],[145.5724,71.9068,0.0],[145.5771,71.9104,0.0],[145.5833,71.9104,0.0],[145.5958,71.9146,6.1121],[145.6146,71.9146,0.0],[145.6187,71.9167,6.2721],[145.6292,71.9167,2.891],[145.6354,71.9146,0.0],[145.6396,71.9167,2.8086],[145.7167,71.9167,6.8903],[145.7245,71.912,7.246],[145.7234,71.9089,0.0],[145.7276,71.9068,0.0],[145.737,71.9057,0.0],[145.7479,71.9,0.0],[145.7563,71.9,0.0],[145.7625,71.9042,0.0],[145.7703,71.9047,0.0],[145.7672,71.9078,0.0],[145.7818,71.9182,0.0],[145.7891,71.9193,0.0],[145.788,71.9224,5.3905],[145.8042,71.925,0.0],[145.8083,71.9271,0.0],[145.8208,71.9271,0.0],[145.8255,71.9307,0.0],[145.8313,71.9313,0.0],[145.837,71.9339,0.0],[145.8432,71.938,0.0],[145.8401,71.9411,6.6178],[145.8474,71.9474,0.0],[145.8401,71.9505,5.1065],[145.8411,71.9537,3.2692],[145.838,71.9557,2.8664],[145.8411,71.9578,0.0],[145.8318,71.9589,7.5242],[145.8349,71.9641,0.0],[145.8297,71.9672,0.0],[145.8307,71.9703,0.0],[145.8276,71.9714,0.0],[145.8307,71.9745,0.0],[145.8234,71.9776,0.0],[145.8245,71.9807,0.0],[145.8172,71.9838,2.1186],[145.8224,71.988,0.0],[145.8193,71.9912,0.0],[145.8224,71.9932,0.0],[145.8193,71.9943,0.0],[145.8203,71.9974,0.0],[145.8172,71.9995,3.8172],[145.8286,72.0078,0.0],[145.8229,72.0104,0.0],[145.8151,72.0109,6.7504],[145.8161,72.0141,0.0],[145.8146,72.0146,0.0],[145.8068,72.0151,11.6155],[145.812,72.0203,0.0],[145.8047,72.0234,4.4337],[145.8057,72.0266,0.0],[145.8026,72.0286,6.32],[145.8057,72.0307,0.0],[145.7896,72.0354,0.0],[145.7667,72.0354,0.0],[145.7625,72.0333,9.9256],[145.7521,72.0333,6.4062],[145.7458,72.0354,0.0],[145.7417,72.0333,2.0621],[145.7339,72.0328,0.0],[145.7292,72.0292,1.0925],[145.7104,72.0292,0.0],[145.7063,72.0271,2.4778],[145.6979,72.0271,3.7287],[145.6938,72.0292,0.0],[145.6729,72.0292,0.0],[145.6687,72.0313,0.0],[145.6625,72.0313,0.0],[145.6568,72.0339,2.5013],[145.6578,72.037,0.0],[145.6547,72.0391,2.1368],[145.6625,72.0396,0.0],[145.6641,72.0411,0.0],[145.6547,72.0422,1.3764],[145.6557,72.0453,0.8769],[145.6526,72.0474,1.773],[145.6557,72.0495,0.0],[145.6401,72.0568,0.0],[145.6411,72.0599,1.2173],[145.6401,72.062,1.9241],[145.6422,72.0641,1.2183],[145.6516,72.0651,0.0],[145.6484,72.0682,0.0],[145.6516,72.0724,0.0],[145.6438,72.0729,1.7002],[145.6339,72.0776,0.0],[145.6318,72.0797,0.0],[145.6328,72.0828,0.0],[145.6255,72.0859,2.4706],[145.6307,72.0901,0.0],[145.6276,72.0932,4.7835],[145.638,72.1016,0.0],[145.6438,72.1042,1.6431],[145.6625,72.1042,0.0],[145.6703,72.1088,0.0],[145.6672,72.1109,0.0],[145.6682,72.1141,0.0],[145.6651,72.1151,0.9952],[145.6703,72.1203,0.0],[145.6672,72.1214,0.0],[145.6682,72.1286,0.0],[145.6651,72.1307,3.6343],[145.6745,72.1318,0.0],[145.6714,72.1339,0.0],[145.6729,72.1354,0.0],[145.6891,72.138,1.4099],[145.6911,72.1401,1.6927],[145.6901,72.1432,2.8639],[145.6958,72.1438,0.0],[145.7016,72.1464,0.0],[145.7193,72.1599,0.0],[145.7354,72.1625,0.0],[145.7396,72.1646,4.2345],[145.7563,72.1646,0.9725],[145.7646,72.1604,0.0],[145.7953,72.1609,0.0],[145.7974,72.163,0.0],[145.7964,72.1661,0.0],[145.7974,72.1682,0.0],[145.7901,72.1713,13.5368],[145.7932,72.1745,0.0],[145.7875,72.1771,0.0],[145.7776,72.1776,4.3265],[145.7807,72.1807,0.0],[145.7776,72.1828,1.5894],[145.7813,72.1854,0.7707],[145.7891,72.1859,0.0],[145.7818,72.1901,1.3958],[145.7891,72.1964,0.0],[145.7859,72.1995,1.3516],[145.7937,72.2042,3.0847],[145.8016,72.2047,0.0],[145.8037,72.2078,0.0],[145.8005,72.2099,2.6829],[145.8068,72.2141,2.2577],[145.8146,72.2146,0.0],[145.8161,72.2161,0.0],[145.8068,72.2172,0.0],[145.7958,72.2229,0.0],[145.775,72.2229,1.9749],[145.7708,72.225,2.4839],[145.7625,72.225,0.0],[145.7547,72.2203,0.0],[145.7578,72.2172,2.3981],[145.7437,72.2083,2.3252],[145.725,72.2083,0.8082],[145.7104,72.2042,1.1711],[145.7042,72.2063,0.0],[145.6771,72.2063,0.0],[145.6729,72.2083,0.0],[145.6547,72.2109,0.0],[145.6568,72.2141,0.0],[145.6609,72.2161,0.0],[145.6682,72.2172,0.0],[145.6641,72.2203,0.0],[145.6604,72.2208,0.0],[145.6563,72.2188,1.4316],[145.6443,72.2193,1.3297],[145.6422,72.2214,0.0],[145.6432,72.2245,0.0],[145.6401,72.2266,2.4237],[145.6453,72.2297,0.0],[145.6422,72.2328,0.0],[145.6474,72.2359,0.0],[145.6495,72.2391,0.0],[145.6401,72.2401,2.71],[145.6359,72.2422,2.1744],[145.6375,72.2438,1.0503],[145.6542,72.2438,1.7338],[145.6604,72.2417,0.0],[145.6667,72.2458,1.4808],[145.6938,72.2458,0.0],[145.6979,72.2479,0.0],[145.7125,72.25,0.0],[145.7208,72.2542,1.3583],[145.7437,72.2542,1.6215],[145.7479,72.2521,0.0],[145.7563,72.2521,2.2114],[145.7578,72.2536,2.2031],[145.7547,72.2557,2.463],[145.7625,72.2604,2.1985],[145.775,72.2604,2.5835],[145.7792,72.2625,2.1949],[145.7995,72.2641,2.2785],[145.7953,72.2589,1.9798],[145.7859,72.2536,2.4134],[145.7807,72.2484,2.0943],[145.7563,72.25,0.0],[145.7547,72.2484,0.0],[145.7693,72.2401,0.0],[145.7771,72.2396,2.5182],[145.7854,72.2354,0.0],[145.8062,72.2354,0.0],[145.8104,72.2333,0.0],[145.8167,72.2333,0.0],[145.8375,72.2229,0.0],[145.8646,72.2229,2.6193],[145.875,72.2167,0.0],[145.8896,72.2167,1.5934],[145.9057,72.2078,0.983],[145.9047,72.2047,0.0],[145.912,72.2016,0.0],[145.9068,72.1974,0.0],[145.9099,72.1943,0.0],[145.9068,72.1922,0.0],[145.9229,72.1917,1.1953],[145.9271,72.1896,0.9594],[145.9354,72.1917,0.0],[145.9453,72.187,0.0],[145.937,72.1797,0.0],[145.9333,72.1792,0.0],[145.9187,72.1833,0.0],[145.9089,72.1839,1.5754],[145.912,72.187,0.0],[145.9021,72.1917,0.0],[145.8943,72.1922,0.0],[145.8875,72.1958,0.0],[145.8604,72.2,1.56],[145.8562,72.2021,1.8286],[145.8505,72.2016,0.0],[145.8537,72.1995,0.0],[145.8526,72.1964,0.0],[145.8542,72.1958,0.0],[145.8604,72.1958,0.9336],[145.8672,72.1922,1.5434],[145.875,72.1917,1.5803],[145.8792,72.1896,0.0],[145.8917,72.1896,0.9376],[145.9016,72.1849,1.6256],[145.8979,72.1813,0.0],[145.8797,72.1787,0.0],[145.8828,72.1755,1.2523],[145.8755,72.1703,0.0],[145.8786,72.1672,1.3689],[145.8734,72.163,0.0],[145.8807,72.1599,1.5064],[145.8797,72.1568,0.0],[145.8828,72.1547,0.0],[145.8771,72.1521,0.0],[145.8714,72.1516,0.9622],[145.8734,72.1484,0.9013],[145.8792,72.1458,0.0],[145.8896,72.1458,0.0],[145.9042,72.15,0.0],[145.9146,72.15,0.0],[145.9187,72.1521,1.4556],[145.9354,72.1542,0.0],[145.9422,72.1599,1.4966],[145.95,72.1604,0.0],[145.9568,72.1641,1.5356],[145.9625,72.1646,0.0],[145.9682,72.1672,0.6346],[145.9724,72.1713,1.386],[145.9693,72.1745,1.6737],[145.9833,72.175,0.0],[145.9849,72.1755,0.0],[145.9839,72.1787,1.6223],[145.9912,72.1797,0.0],[146.0,72.1854,0.9551],[146.0078,72.1859,0.0],[146.0047,72.1891,1.6448],[146.0104,72.1896,0.0],[146.0172,72.1932,1.1509],[146.0229,72.1937,0.0],[146.0286,72.1964,1.0621],[146.0271,72.1979,0.0],[146.0193,72.1984,0.5769],[146.0109,72.2026,0.0],[146.013,72.2057,0.0],[146.0224,72.2109,0.0],[146.0193,72.213,1.3828],[146.0208,72.2146,0.7247],[146.025,72.2146,0.0],[146.0292,72.2167,0.0],[146.0396,72.2167,0.0],[146.0542,72.2125,0.8931],[146.0667,72.2125,2.0969],[146.0724,72.2099,0.0],[146.0714,72.2068,0.0],[146.0828,72.2005,3.0988],[146.0734,72.1995,0.0],[146.0766,72.1964,2.7258],[146.0589,72.1849,0.0],[146.0547,72.1807,0.0],[146.0557,72.1776,1.51],[146.0537,72.1755,1.5712],[146.0443,72.1745,0.0],[146.0474,72.1713,1.6536],[146.0417,72.1708,0.0],[146.0359,72.1682,0.0],[146.0339,72.1651,0.0],[146.037,72.163,1.5052],[146.0313,72.1604,1.9037],[146.0255,72.1599,0.0],[146.0151,72.1536,0.0],[146.013,72.1505,0.0],[146.0161,72.1484,2.4414],[146.0068,72.1474,0.0],[146.0026,72.1432,0.0],[146.0036,72.1401,1.5149],[146.0005,72.137,1.9477],[146.0036,72.1339,1.6015],[145.9958,72.1333,0.0],[145.9901,72.1307,0.0],[145.9859,72.1266,0.0],[145.9891,72.1234,1.8167],[145.9714,72.112,0.0],[145.9672,72.1078,0.0],[145.9682,72.1047,0.0],[145.9609,72.1036,0.0],[145.9703,72.1005,3.0274],[145.9609,72.0995,1.1041],[145.9505,72.0911,0.0],[145.9536,72.0891,0.0],[145.9505,72.087,0.0],[145.9536,72.0849,0.0],[145.9526,72.0818,0.0],[145.9588,72.0776,0.0],[145.9792,72.075,1.6442],[145.9979,72.0646,2.7243],[146.0016,72.0651,1.3317],[146.0005,72.0682,1.7398],[146.0078,72.0693,0.0],[146.0047,72.0724,0.0],[146.0125,72.0729,0.0],[146.0161,72.0755,0.8654],[146.0099,72.0807,0.6056],[145.9943,72.088,1.0394],[145.9953,72.0911,0.7453],[145.9943,72.0932,0.0],[145.9974,72.0964,0.0],[145.9964,72.0995,0.0],[146.0005,72.1036,0.0],[146.0146,72.1042,0.0],[146.0208,72.1062,0.9535],[146.0292,72.1021,0.5785],[146.0333,72.1021,0.566],[146.0432,72.1047,0.7536],[146.0505,72.1099,1.159],[146.0599,72.1109,0.0],[146.0646,72.1146,0.6228],[146.0813,72.1146,0.0],[146.0854,72.1125,0.0],[146.0953,72.113,0.0],[146.0922,72.1162,0.9073],[146.0953,72.1172,0.0],[146.0974,72.1203,0.0],[146.0901,72.1245,0.0],[146.0979,72.125,0.0],[146.0995,72.1266,0.4707],[146.0938,72.1292,0.0],[146.075,72.1292,0.8949],[146.0708,72.1312,0.0],[146.0625,72.1312,0.6384],[146.0583,72.1333,0.0],[146.0234,72.1339,0.6302],[146.0313,72.1396,0.5143],[146.0453,72.1401,0.0],[146.0474,72.1432,0.0],[146.0396,72.1438,0.0],[146.038,72.1453,0.3451],[146.0432,72.1484,0.0],[146.0401,72.1516,0.5448],[146.0479,72.1563,0.36],[146.0604,72.1563,0.0],[146.0646,72.1583,0.0],[146.0729,72.1583,0.0],[146.0813,72.1542,0.0],[146.1083,72.1542,0.5377],[146.1167,72.15,0.0],[146.1271,72.15,0.0],[146.1313,72.1521,0.3125],[146.1417,72.1521,0.0],[146.1458,72.1542,0.7514],[146.1563,72.1542,0.2484],[146.1604,72.1521,0.3165],[146.1771,72.1521,0.0],[146.1787,72.1536,0.0],[146.1755,72.1547,0.0],[146.1766,72.1578,0.0],[146.1687,72.1583,0.0],[146.1672,72.1599,0.0],[146.175,72.1604,0.0],[146.1792,72.1625,0.0],[146.1875,72.1625,0.0],[146.1917,72.1604,0.0],[146.2083,72.1604,0.0],[146.2125,72.1625,0.0],[146.2203,72.163,0.8412],[146.2188,72.1646,0.0],[146.2026,72.1651,0.4829],[146.2005,72.1672,0.0],[146.2016,72.1703,0.0],[146.1984,72.1713,0.993],[146.2,72.1729,0.8316],[146.2063,72.1729,0.0],[146.2125,72.175,0.0],[146.225,72.1687,0.0],[146.2312,72.1708,0.8937],[146.2479,72.1708,0.2961],[146.2536,72.1672,1.0717],[146.2458,72.1625,0.3758],[146.2255,72.162,0.0],[146.2271,72.1604,0.3127],[146.2453,72.1578,0.7359],[146.2437,72.1563,0.8224],[146.225,72.1563,0.0],[146.2208,72.1542,0.9093],[146.2083,72.1542,0.0],[146.2026,72.1516,0.0],[146.2109,72.1464,0.0],[146.2203,72.1453,0.725],[146.2193,72.1422,0.0],[146.2224,72.1412,0.7827],[146.2208,72.1396,0.7677],[146.213,72.1391,0.0],[146.2068,72.1339,0.0],[146.2188,72.1333,0.639],[146.2229,72.1354,0.8522],[146.2354,72.1354,0.0],[146.2391,72.138,0.0],[146.2359,72.1412,0.818],[146.2422,72.1453,0.0],[146.2458,72.1458,0.353],[146.2516,72.1432,0.0],[146.2505,72.1401,0.0],[146.2536,72.1391,1.1907],[146.2505,72.1359,0.0],[146.2646,72.1292,0.0],[146.2682,72.1297,0.5058],[146.2771,72.1354,0.3155],[146.2854,72.1354,0.7349],[146.2896,72.1333,0.769],[146.3042,72.1333,0.7096],[146.3083,72.1312,0.5162],[146.3161,72.1307,0.942],[146.3146,72.1292,0.9181],[146.3068,72.1286,0.8411],[146.3021,72.125,0.9509],[146.2859,72.1224,0.6597],[146.2875,72.1208,0.6926],[146.2937,72.1208,0.612],[146.3,72.1188,0.6729],[146.3042,72.1208,0.9249],[146.3229,72.1208,0.8219],[146.3245,72.1224,0.8525],[146.3214,72.1245,0.9399],[146.3229,72.125,0.9741],[146.3349,72.1245,0.9721],[146.3286,72.1193,0.8414],[146.3208,72.1188,0.7858],[146.3167,72.1167,0.9529],[146.2854,72.1167,0.0],[146.2813,72.1146,0.6948],[146.263,72.112,0.748],[146.2547,72.1057,0.9911],[146.2578,72.1026,0.0],[146.2526,72.0984,0.0],[146.2646,72.1,0.8083],[146.2661,72.0984,0.8225],[146.2604,72.0958,0.7857],[146.2547,72.0953,0.7532],[146.2479,72.0917,0.8288],[146.2354,72.0917,0.0],[146.2255,72.0891,0.0],[146.2188,72.0854,0.0],[146.2026,72.0828,0.0],[146.2005,72.0807,0.0],[146.2016,72.0776,0.9023],[146.2005,72.0755,0.8469],[146.2036,72.0734,0.7611],[146.1917,72.075,0.7925],[146.188,72.0724,0.4517],[146.1896,72.0708,0.7832],[146.1974,72.0703,0.8542],[146.1953,72.0672,0.7735],[146.1833,72.0687,0.7951],[146.1734,72.0661,0.3449],[146.1609,72.0578,0.9475],[146.1641,72.0547,0.9834],[146.1521,72.0563,0.0],[146.1453,72.0505,0.5903],[146.1359,72.0495,0.4759],[146.1339,72.0463,0.5855],[146.137,72.0443,1.1302],[146.1313,72.0417,1.1225],[146.1255,72.0411,1.1372],[146.1104,72.0313,1.0208],[146.0854,72.0313,0.0],[146.075,72.025,0.845],[146.0609,72.0245,0.3295],[146.0641,72.0224,0.6399],[146.0625,72.0208,0.9633],[146.0521,72.0229,0.5771],[146.0479,72.0208,1.0088],[146.0375,72.0208,0.0],[146.0333,72.0188,0.0],[146.0292,72.0188,0.0],[146.0234,72.0214,1.0569],[146.0266,72.0245,0.0],[146.0234,72.0255,0.0],[146.0245,72.0286,1.0963],[146.0213,72.0297,1.1305],[146.0245,72.0328,1.0669],[146.0213,72.0349,1.5706],[146.0292,72.0354,0.0],[146.0307,72.037,0.0],[146.0167,72.0437,0.6618],[145.9984,72.0432,0.0],[145.9964,72.0401,0.0],[145.9995,72.038,0.0],[145.9964,72.0359,0.0],[145.9995,72.0349,1.3613],[145.9984,72.0318,1.5371],[146.0016,72.0307,1.7301],[145.9984,72.0276,1.8607],[146.0016,72.0255,1.9146],[145.9943,72.0203,0.0],[145.9974,72.0172,2.7115],[145.9922,72.013,0.0],[145.9953,72.0109,2.4726],[145.9917,72.0083,0.0],[145.9839,72.0078,0.0],[145.9854,72.0062,0.0],[145.9932,72.0057,1.4386],[145.9922,72.0026,1.5115],[145.9953,72.0005,2.5521],[145.9901,71.9974,0.0],[145.9932,71.9943,2.8378],[145.988,71.9912,0.0],[145.9912,71.988,1.2184],[145.9859,71.9849,0.0],[145.9891,71.9818,0.0],[145.9839,71.9776,0.0],[145.9912,71.9745,1.5442],[145.9901,71.9714,1.5216],[145.9932,71.9703,1.9598],[145.988,71.9661,0.0],[145.9912,71.9641,2.0742],[145.988,71.962,1.6289],[145.9912,71.9599,2.3054],[145.9901,71.9568,0.0],[145.9932,71.9557,1.9971],[145.9901,71.9526,0.0],[145.9979,71.9521,2.4554],[145.9995,71.9505,2.4467],[145.9922,71.9453,0.0],[145.9953,71.9432,0.0],[145.9922,71.9391,0.0],[145.9932,71.9359,0.0],[145.9901,71.9328,0.0],[145.9932,71.9297,2.3702],[145.9839,71.9245,0.0],[145.9818,71.9213,0.0],[145.9849,71.9193,1.2526],[145.9714,71.9099,0.0],[145.9745,71.9068,0.0],[145.9609,71.8974,0.0],[145.9641,71.8953,0.0],[145.963,71.8922,0.0],[145.9661,71.8912,0.0],[145.9682,71.888,1.3178],[145.9625,71.8875,0.0],[145.9588,71.8849,0.0],[145.9604,71.8833,0.0],[145.9682,71.8828,1.9499],[145.9609,71.8766,0.0],[145.962,71.8734,0.0],[145.9609,71.8714,0.0],[145.9682,71.8682,1.7391],[145.9651,71.8651,0.0],[145.9708,71.8625,0.0],[145.9812,71.8625,0.0],[145.987,71.8672,0.0],[145.9859,71.8703,0.0],[145.987,71.8724,0.0],[145.9797,71.8766,1.8353],[145.9891,71.8776,0.0],[145.9984,71.8849,0.0],[146.0042,71.8854,0.0],[146.0099,71.888,0.0],[146.0151,71.8932,1.542],[146.0245,71.8943,0.0],[146.0318,71.8995,0.0],[146.0375,71.9,0.0],[146.0432,71.9026,0.0],[146.0464,71.9057,0.0],[146.0557,71.9068,0.0],[146.0651,71.9141,2.3327],[146.0849,71.9193,0.0],[146.0818,71.9224,3.0401],[146.0974,71.9276,0.0],[146.1026,71.9328,1.5715],[146.1104,71.9333,0.0],[146.1151,71.937,0.0],[146.1245,71.938,0.0],[146.1307,71.9422,0.0],[146.1276,71.9453,2.278],[146.137,71.9464,0.0],[146.1422,71.9516,3.0686],[146.1516,71.9526,0.0],[146.1547,71.9557,2.7204],[146.1625,71.9563,0.0],[146.1687,71.9604,3.1413],[146.175,71.9604,0.0],[146.1875,71.9646,2.961],[146.2,71.9646,0.0],[146.2042,71.9667,1.5143],[146.212,71.9672,2.734],[146.2104,71.9688,1.9234],[146.2026,71.9693,2.8558],[146.2036,71.9724,2.9082],[146.1958,71.9729,2.7712],[146.1943,71.9745,1.7662],[146.2188,71.975,2.962],[146.2292,71.9708,0.0],[146.2354,71.975,3.0116],[146.2479,71.975,0.0],[146.2521,71.9771,3.8488],[146.2583,71.9771,3.2627],[146.2672,71.9828,2.5043],[146.2833,71.9854,0.0],[146.2922,71.9912,0.0],[146.2995,71.9922,0.0],[146.3089,71.9995,1.0758],[146.3182,72.0005,0.0],[146.3203,72.0026,0.0],[146.3193,72.0057,1.498],[146.3266,72.0068,0.0],[146.3208,72.0104,1.2633],[146.3083,72.0104,1.9964],[146.3042,72.0125,0.0],[146.2854,72.0125,1.0268],[146.2797,72.0162,0.0],[146.2833,72.0167,0.0],[146.2875,72.0146,0.0],[146.2958,72.0167,0.0],[146.3,72.0146,0.0],[146.3271,72.0146,1.8442],[146.3396,72.0083,0.0],[146.3562,72.0083,0.0],[146.3609,72.012,0.0],[146.3703,72.013,0.0],[146.3771,72.0188,1.9211],[146.3833,72.0188,0.0],[146.3875,72.0208,0.0],[146.4036,72.0234,0.0],[146.4078,72.0255,0.0],[146.4047,72.0276,0.0],[146.4068,72.0307,1.4711],[146.4125,72.0333,1.534],[146.4182,72.0339,0.0],[146.425,72.0375,0.0],[146.4307,72.038,0.0],[146.4422,72.0453,0.0],[146.4479,72.0458,0.0],[146.4536,72.0484,0.0],[146.4588,72.0537,3.4989],[146.4682,72.0547,0.0],[146.4714,72.0578,0.0],[146.4807,72.0589,0.0],[146.488,72.0641,0.0],[146.4958,72.0646,0.0],[146.5021,72.0687,0.0],[146.5099,72.0693,0.0],[146.5151,72.0745,0.0],[146.5245,72.0755,0.0],[146.5422,72.0891,1.9318],[146.562,72.0922,0.0],[146.5703,72.0984,0.0],[146.5672,72.1016,2.0696],[146.5724,72.1047,2.0552],[146.5667,72.1083,2.3098],[146.5604,72.1062,2.4383],[146.5542,72.1062,2.6742],[146.5443,72.1036,2.7485],[146.5375,72.1,1.9625],[146.5318,72.0995,1.8699],[146.5229,72.0938,2.754],[146.5125,72.0938,2.041],[146.5083,72.0958,2.4112],[146.4958,72.0958,2.5531],[146.4917,72.0979,1.8073],[146.4854,72.0979,2.5137],[146.4839,72.0984,2.5037],[146.4849,72.1016,2.3824],[146.4833,72.1021,1.6423],[146.4604,72.1,0.9908],[146.4521,72.1042,1.0915],[146.4458,72.1021,1.3072],[146.4208,72.1021,1.3548],[146.4193,72.1016,1.236],[146.4203,72.0984,1.2863],[146.4167,72.0958,1.5813],[146.4104,72.0979,1.2796],[146.4042,72.0979,1.4533],[146.4026,72.0984,2.3047],[146.4036,72.1016,1.2458],[146.4005,72.1026,3.0182],[146.4036,72.1057,1.2573],[146.4005,72.1068,1.6667],[146.4016,72.1099,1.2427],[146.3984,72.1109,2.1646],[146.3963,72.1141,2.9028],[146.4063,72.1146,2.3207],[146.4125,72.1125,2.3215],[146.4167,72.1146,2.0847],[146.4292,72.1146,1.0882],[146.4333,72.1167,2.3023],[146.4458,72.1167,0.9941],[146.45,72.1188,2.2682],[146.4578,72.1193,0.9961],[146.4563,72.1208,1.3746],[146.4484,72.1214,1.9887],[146.4495,72.1245,0.9519],[146.4453,72.1266,1.2118],[146.4359,72.1276,2.5167],[146.4391,72.1307,1.0574],[146.4292,72.1312,2.5449],[146.4229,72.1354,1.0559],[146.4146,72.1354,2.1791],[146.4104,72.1375,1.4015],[146.4026,72.138,2.3152],[146.4005,72.1412,2.8832],[146.4099,72.1484,1.1895],[146.4068,72.1516,2.9637],[146.4146,72.1521,1.4281],[146.4187,72.1542,2.6062],[146.4292,72.1542,2.4802],[146.4307,72.1526,2.233],[146.4276,72.1505,1.315],[146.4292,72.15,1.5257],[146.4458,72.1479,2.2144],[146.45,72.1458,1.413],[146.4604,72.1458,1.0867],[146.462,72.1474,1.2876],[146.4563,72.15,1.3123],[146.4438,72.15,2.4524],[146.438,72.1526,2.1302],[146.4417,72.1563,2.3458],[146.4599,72.1547,1.3414],[146.4568,72.1578,2.5051],[146.4599,72.1599,1.4895],[146.4542,72.1604,1.3893],[146.45,72.1583,2.4285],[146.4417,72.1583,1.9118],[146.4359,72.162,2.0536],[146.4438,72.1625,1.2898],[146.45,72.1667,2.808],[146.4604,72.1667,2.8715],[146.475,72.1625,2.4219],[146.4875,72.1625,2.8431],[146.4891,72.1609,1.6476],[146.487,72.1589,1.4652],[146.4812,72.1563,1.9562],[146.4755,72.1557,2.4442],[146.4714,72.1526,1.3027],[146.4771,72.15,1.2171],[146.5042,72.1479,0.9795],[146.5078,72.1516,1.2956],[146.5047,72.1526,1.3711],[146.5026,72.1557,1.2914],[146.5125,72.1563,3.1934],[146.5266,72.1495,1.9426],[146.5234,72.1464,0.9773],[146.5307,72.1432,3.0375],[146.5276,72.1401,1.0355],[146.5307,72.138,2.354],[146.5234,72.137,1.0503],[146.5245,72.1339,1.1788],[146.5203,72.1297,2.6162],[146.5109,72.1245,2.6249],[146.5089,72.1214,0.9351],[146.5146,72.1188,1.2266],[146.5271,72.1188,3.3032],[146.5417,72.1146,2.4187],[146.5625,72.1146,2.4827],[146.5641,72.1141,2.4847],[146.563,72.1109,1.6696],[146.5646,72.1104,2.4234],[146.5833,72.1083,1.7677],[146.5901,72.112,1.7204],[146.5958,72.1125,0.0],[146.6016,72.1151,0.0],[146.6068,72.1203,2.1018],[146.6162,72.1214,0.0],[146.6297,72.1307,1.8284],[146.6354,72.1312,0.0],[146.6411,72.1339,0.0],[146.638,72.137,1.7492],[146.6474,72.138,0.0],[146.6589,72.1474,0.0],[146.6745,72.1568,0.0],[146.6714,72.1589,2.0532],[146.6734,72.162,1.9588],[146.6828,72.163,0.0],[146.7193,72.1891,1.5233],[146.7287,72.1901,0.0],[146.7255,72.1922,0.0],[146.7276,72.1953,1.8628],[146.7333,72.1979,1.6828],[146.7391,72.1984,0.0],[146.7568,72.2099,1.3069],[146.7641,72.2109,0.0],[146.7755,72.2182,1.2468],[146.7828,72.2193,0.0],[146.7943,72.2266,1.3482],[146.8,72.2271,0.0],[146.8057,72.2297,0.0],[146.8089,72.2328,0.0],[146.8286,72.2359,0.0],[146.8401,72.2453,0.0],[146.8479,72.2458,0.0],[146.8568,72.2516,1.9956],[146.8662,72.2526,0.0],[146.8755,72.2599,2.5899],[146.8849,72.2609,0.0],[146.8896,72.2646,2.7069],[146.8974,72.2651,0.0],[146.9036,72.2693,0.0],[146.9005,72.2724,2.4395],[146.9068,72.2766,2.2812],[146.9208,72.2813,1.2357],[146.9287,72.2818,0.0],[146.9307,72.2839,0.0],[146.9297,72.287,0.0],[146.9354,72.2875,0.0],[146.937,72.2891,0.0],[146.9359,72.2905,2.4038],[146.8938,72.2712,2.8248],[146.8092,72.262,2.9726],[146.5029,72.2823,3.0828],[146.1068,72.2753,2.2635],[145.7489,72.2738,1.725],[145.6967,72.2712,2.2523],[145.6995,72.2703,2.2591],[145.6974,72.2672,1.9738],[145.6896,72.2667,2.0333],[145.6854,72.2646,2.2432],[145.6776,72.2672,2.4261],[145.6785,72.2704,2.4174],[145.338,72.254,1.1807],[144.8745,72.2207,0.0],[144.8651,72.2141,1.4858],[144.8682,72.212,1.6544],[144.8667,72.2104,0.0],[144.8583,72.2104,1.247],[144.8526,72.213,2.382],[144.8641,72.2172,0.0],[144.8662,72.2201,1.0701],[144.826,72.2172,2.489],[144.7204,72.1773,2.8046],[144.5671,72.1462,10.0808],[144.3558,72.1453,7.9848],[144.2671,72.1817,4.3762],[144.284,72.1977,0.0],[144.2818,72.1984,2.2421],[144.2828,72.2016,0.0],[144.2589,72.213,2.6844],[144.2599,72.2161,0.0],[144.2557,72.2182,0.0],[144.2479,72.2188,2.9917],[144.2437,72.2208,2.1616],[144.2354,72.2208,0.0],[144.2312,72.2188,0.0],[144.2188,72.2188,0.0],[144.2146,72.2167,0.0],[144.2026,72.2172,0.0],[144.2109,72.2245,0.0],[144.2203,72.2255,0.0],[144.2172,72.2276,1.3576],[144.2188,72.2292,0.0],[144.2312,72.2292,0.0],[144.2375,72.2312,1.3766],[144.2417,72.2292,0.0],[144.25,72.2292,0.0],[144.2579,72.2339,0.8683],[144.1009,72.2444,2.2124],[143.82,72.1726,2.931],[143.611,72.1089,2.4354],[143.4086,72.0691,21.8082],[143.2082,72.0004,8.888],[143.1241,71.9281,43.8627],[143.0972,71.8232,17.8291],[143.0596,71.7526,6.5354],[142.9828,71.6983,6.2594],[142.8011,71.6521,7.4769],[142.6351,71.5909,11.6946],[142.565,71.4781,15.4694],[142.5327,71.3809,28.6064],[142.564,71.2701,11.5884],[142.6317,71.192,16.3571],[142.6124,71.1132,11.2032],[142.495,71.0315,25.6428],[142.3075,70.9613,35.8584],[142.0657,70.896,14.5015],[141.9073,70.8287,18.7237],[141.8239,70.7676,18.94],[141.8037,70.6965,21.8557],[141.7398,70.6172,55.3117],[141.5404,70.5251,101.5938],[141.2242,70.3646,44.2855],[140.945,70.264,122.9666],[140.8626,70.1877,82.1991],[140.8396,70.0854,174.1056],[140.8141,69.9937,223.3038],[140.819,69.9453,500.7719],[140.9562,69.928,397.9961],[141.0926,69.9657,390.3696],[141.2023,69.957,379.9549],[141.3342,69.9052,532.7059],[141.3876,69.8547,356.1118],[141.414,69.8262,445.6675],[141.609,69.8238,464.428],[141.8387,69.8736,452.9823],[141.9514,69.8724,408.7408],[142.0521,69.8563,402.9799],[142.1717,69.8565,521.7902],[142.2454,69.8347,797.151],[142.2608,69.7941,583.3497],[142.1204,69.7636,358.8708],[142.0866,69.7442,352.4834],[142.1194,69.6948,368.468],[142.0918,69.6583,497.932],[141.9915,69.6167,472.1433],[142.0102,69.5776,289.9505],[142.1378,69.5532,361.5169],[142.3128,69.5568,447.2794],[142.3966,69.5633,412.278],[142.5975,69.5869,355.4392],[142.7668,69.5691,284.7277],[143.0378,69.5337,290.6481],[143.1523,69.5759,408.7635],[143.2596,69.5704,332.3075],[143.3598,69.5396,288.3354],[143.4376,69.5428,285.7702],[143.5598,69.5897,357.4073],[143.7055,69.5805,323.5527],[143.7766,69.5492,238.432],[143.8146,69.5356,169.8061],[143.9615,69.5439,193.5898],[144.0467,69.552,338.2576],[144.1263,69.5451,176.0056],[144.1306,69.5144,112.3986],[144.0451,69.484,113.4703],[144.0199,69.4396,127.8615],[144.1533,69.4092,155.0331],[144.221,69.3726,140.927],[144.3408,69.3547,186.869],[144.5767,69.41,178.7448],[144.6407,69.4534,265.3154],[144.7658,69.4866,151.2809],[144.837,69.4816,97.8015],[144.9418,69.4399,81.0089],[145.0417,69.4364,88.0613],[145.1991,69.4571,392.2834],[145.3283,69.5073,139.1986],[145.4767,69.5291,63.9189],[145.6344,69.5185,119.5217],[145.8177,69.4805,74.5974],[145.9463,69.459,63.1852],[146.1017,69.4563,134.2722],[146.1738,69.439,78.1831],[146.1873,69.4022,184.5251],[146.2349,69.3767,100.5992],[146.3479,69.3486,223.5312],[146.4076,69.3162,141.7948],[146.4416,69.2839,41.9071],[146.5991,69.2566,32.2347],[146.8586,69.2516,32.6263],[147.1398,69.2976,65.228],[147.4162,69.351,16.1066],[147.7166,69.3708,16.3457],[147.8847,69.3688,117.5131],[147.9704,69.3461,122.4128],[148.0325,69.308,197.0338],[148.0792,69.3021,171.6823],[148.1499,69.3199,93.854],[148.111,69.3533,173.3161],[148.1241,69.371,341.7386],[148.2121,69.401,239.1391]]],
[[[149.6495,71.3714,2.945],[149.6479,71.3729,2.5293],[149.6443,71.3724,2.5491],[149.6458,71.3708,1.848],[149.6495,71.3714,2.945]]],
[[[149.6037,71.3714,2.9667],[149.6021,71.3729,3.1562],[149.5984,71.3724,2.7338],[149.6,71.3708,0.0],[149.6037,71.3714,2.9667]]],
[[[149.5953,71.3745,3.0738],[149.5896,71.375,2.1748],[149.588,71.3734,0.0],[149.5938,71.3729,0.0],[149.5953,71.3745,3.0738]]],
[[[145.2349,71.8089,0.0],[145.2333,71.8104,0.0],[145.2297,71.8099,0.0],[145.2312,71.8083,0.0],[145.2349,71.8089,0.0]]],
[[[145.275,71.85,0.0],[145.2688,71.85,0.0],[145.2672,71.8484,0.0],[145.2807,71.8484,0.0],[145.2792,71.85,0.0],[145.275,71.85,0.0]]],
[[[145.1854,71.8729,0.0],[145.1792,71.8729,0.0],[145.1776,71.8714,0.0],[145.1891,71.8714,0.0],[145.1854,71.8729,0.0]]],
[[[146.2042,71.9083,0.0],[146.2026,71.9068,0.0],[146.2083,71.9042,0.0],[146.2125,71.9042,0.0],[146.2172,71.9078,1.059],[146.2266,71.9089,0.0],[146.2193,71.9141,0.0],[146.2266,71.9151,0.0],[146.2307,71.9182,0.7738],[146.2151,71.9161,0.0],[146.2042,71.9083,0.0]]],
[[[149.4563,71.8354,0.867],[149.4417,71.8396,0.4219],[149.4271,71.8396,0.0],[149.4187,71.8354,0.8027],[149.4109,71.8349,0.0],[149.4047,71.8297,0.0],[149.4563,71.8292,0.8627],[149.462,71.8318,0.0],[149.4563,71.8354,0.867]]],
[[[150.0141,71.9672,0.8803],[150.0125,71.9688,0.8374],[150.0089,71.9682,1.0509],[150.0104,71.9667,0.8054],[150.0141,71.9672,0.8803]]],
[[[149.9828,71.9901,0.6758],[149.9812,71.9917,0.5242],[149.9776,71.9912,0.8057],[149.9792,71.9896,0.9227],[149.9828,71.9901,0.6758]]],
[[[149.9349,72.0109,0.8866],[149.9333,72.0125,0.7587],[149.9297,72.012,0.87],[149.9312,72.0104,0.9195],[149.9349,72.0109,0.8866]]],
[[[146.2453,71.9276,0.0],[146.2422,71.9266,0.0],[146.2401,71.9234,0.7366],[146.25,71.9229,0.0],[146.2542,71.925,0.0],[146.2604,71.925,0.0],[146.2682,71.9307,1.2043],[146.2563,71.9313,0.0],[146.2453,71.9276,0.0]]],
[[[146.0375,72.0271,0.0],[146.0359,72.0255,0.0],[146.0401,72.0234,0.629],[146.0474,72.0234,0.0],[146.0432,72.0266,0.0],[146.0375,72.0271,0.0]]],
[[[146.0412,72.0297,0.7894],[146.0396,72.0313,0.0],[146.0359,72.0307,0.0],[146.0375,72.0292,0.4667],[146.0412,72.0297,0.7894]]],
[[[146.0703,72.0411,0.8517],[146.0646,72.0417,0.0],[146.063,72.0401,0.8083],[146.0688,72.0396,0.8712],[146.0703,72.0411,0.8517]]],
[[[150.2797,71.5286,0.0],[150.2776,71.5255,1.0093],[150.2797,71.5234,0.0],[150.2917,71.5229,0.0],[150.2932,71.5245,0.4697],[150.2901,71.5266,1.1113],[150.2995,71.5276,0.0],[150.3016,71.5307,0.8919],[150.2995,71.5328,1.1362],[150.2958,71.5333,0.0],[150.2875,71.5292,1.3311],[150.2797,71.5286,0.0]]],
[[[150.4604,71.5333,0.6982],[150.4547,71.5297,0.0],[150.4724,71.5297,0.855],[150.4688,71.5333,0.0],[150.4604,71.5333,0.6982]]],
[[[150.4396,71.5375,1.0837],[150.4333,71.5375,0.0],[150.4318,71.5359,0.0],[150.4432,71.5359,0.9414],[150.4396,71.5375,1.0837]]],
[[[150.5375,71.5563,0.0],[150.525,71.5563,0.7309],[150.5208,71.5583,0.0],[150.4917,71.5583,0.7947],[150.4901,71.5568,0.7318],[150.4932,71.5547,0.2407],[150.4875,71.5542,0.9272],[150.4812,71.5563,0.5064],[150.4797,71.5547,0.675],[150.4828,71.5526,0.8033],[150.4714,71.5484,0.0],[150.4787,71.5474,0.6733],[150.4776,71.5443,0.3348],[150.4797,71.5422,0.0],[150.4875,71.5417,0.7896],[150.4932,71.5391,0.6865],[150.4995,71.5349,0.8446],[150.4984,71.5318,0.0],[150.5,71.5313,0.0],[150.5146,71.5313,0.0],[150.5188,71.5333,0.0],[150.5266,71.5339,0.5211],[150.5286,71.537,0.6702],[150.5193,71.538,0.7731],[150.525,71.5417,0.9081],[150.5313,71.5396,0.6724],[150.5667,71.5396,0.0],[150.5708,71.5417,0.7242],[150.5786,71.5422,0.0],[150.5755,71.5453,0.0],[150.5786,71.5474,0.0],[150.5646,71.5479,0.7058],[150.5604,71.55,0.4149],[150.5417,71.55,0.8558],[150.5401,71.5505,0.7443],[150.5412,71.5537,0.554],[150.5375,71.5563,0.0]]],
[[[149.5755,71.3786,3.0831],[149.5734,71.3755,2.1928],[149.5755,71.3734,0.0],[149.5792,71.3729,0.0],[149.5849,71.3755,0.0],[149.5807,71.3786,0.0],[149.5755,71.3786,3.0831]]],
[[[149.9521,71.4854,0.9072],[149.9536,71.487,-0.8174],[149.9443,71.488,2.2364],[149.9453,71.4953,1.5914],[149.9438,71.4958,1.378],[149.9021,71.4958,0.994],[149.8979,71.4938,2.0134],[149.8854,71.4938,-1.1412],[149.8776,71.4891,-0.3904],[149.8792,71.4875,1.4344],[149.887,71.487,1.8535],[149.8854,71.4854,1.8546],[149.8797,71.4849,1.2876],[149.8807,71.4818,1.5446],[149.8797,71.4797,1.2508],[149.8854,71.4792,1.9882],[149.8911,71.4766,2.6598],[149.8901,71.4734,-1.1575],[149.8917,71.4729,-1.0879],[149.9057,71.4724,2.3336],[149.912,71.4682,2.7049],[149.9089,71.4651,-0.397],[149.9187,71.4604,-0.8935],[149.9271,71.4604,-0.9596],[149.9312,71.4625,2.5607],[149.9438,71.4625,-1.0342],[149.9516,71.4672,-1.0649],[149.9484,71.4703,2.2266],[149.9578,71.4755,-0.2725],[149.9505,71.4797,1.9868],[149.9536,71.4818,1.1612],[149.9505,71.4838,1.7664],[149.9521,71.4854,0.9072]]],
[[[149.9661,71.6682,0.0],[149.9625,71.6708,0.0],[149.9563,71.6708,1.0667],[149.95,71.6729,0.8789],[149.9417,71.6687,0.9493],[149.9229,71.6687,0.9435],[149.9214,71.6672,0.8363],[149.9417,71.6667,1.0467],[149.9432,71.6661,1.093],[149.9422,71.663,0.5043],[149.9563,71.6625,1.0218],[149.9625,71.6583,0.0],[149.9792,71.6583,1.1449],[149.9828,71.6609,0.0],[149.9807,71.6641,0.0],[149.9766,71.6661,0.0],[149.9688,71.6667,0.8205],[149.9661,71.6682,0.0]]],
[[[150.0021,71.7625,0.0],[150.0078,71.763,0.0],[150.0057,71.7662,0.0],[150.0026,71.7672,0.0],[150.0057,71.7703,0.0],[149.9937,71.7708,0.0],[149.9896,71.7688,0.0],[149.9771,71.7688,0.0],[149.9729,71.7667,0.0],[149.9604,71.7667,0.0],[149.9542,71.7625,0.0],[149.9417,71.7625,0.0],[149.9375,71.7604,0.0],[149.9312,71.7604,0.0],[149.925,71.7562,0.0],[149.9125,71.7562,0.0],[149.9083,71.7542,0.0],[149.9021,71.7542,0.0],[149.8963,71.7505,0.0],[149.9083,71.75,0.0],[149.9125,71.7521,0.0],[149.925,71.7521,0.0],[149.9292,71.7542,0.0],[149.9417,71.7542,0.0],[149.9542,71.7583,0.0],[149.9729,71.7583,0.0],[149.9771,71.7604,0.0],[149.9912,71.7609,0.0],[149.9891,71.7641,0.0],[149.9859,71.7651,0.0],[149.9875,71.7667,0.0],[149.9979,71.7667,0.0],[149.9995,71.7651,0.0],[149.9964,71.763,0.0],[150.0021,71.7625,0.0]]],
[[[150.2349,71.5505,1.1519],[150.2333,71.5521,0.0],[150.2297,71.5516,1.259],[150.2312,71.55,0.9135],[150.2349,71.5505,1.1519]]],
[[[150.3417,71.5667,0.9688],[150.3292,71.5667,0.8685],[150.325,71.5687,0.7328],[150.288,71.5682,0.9877],[150.3016,71.5599,0.8696],[150.2984,71.5568,0.6101],[150.3062,71.5563,1.1811],[150.3151,71.5505,1.1357],[150.3229,71.55,1.0168],[150.3271,71.5479,0.0],[150.3562,71.5479,0.0],[150.3604,71.55,0.7668],[150.3896,71.5521,0.0],[150.3958,71.5563,0.6676],[150.4125,71.5583,0.0],[150.4162,71.5609,0.0],[150.4141,71.5641,0.0],[150.4083,71.5667,0.0],[150.3792,71.5667,0.0],[150.3703,71.5609,0.8275],[150.3667,71.5604,0.8455],[150.3625,71.5625,0.8114],[150.3547,71.563,0.8233],[150.35,71.5667,0.0],[150.3417,71.5667,0.9688]]],
[[[150.3354,71.5854,0.8454],[150.3318,71.5818,0.3647],[150.3474,71.5839,0.0],[150.3417,71.5875,0.0],[150.3354,71.5854,0.8454]]],
[[[150.2688,71.5958,0.0],[150.2563,71.5958,0.9018],[150.2479,71.6,0.0],[150.2333,71.6,1.1994],[150.225,71.5958,1.1699],[150.2104,71.5938,0.0],[150.2088,71.5922,0.8288],[150.212,71.5901,1.3693],[150.2088,71.588,1.3056],[150.212,71.5859,1.1205],[150.2088,71.5839,0.6598],[150.212,71.5818,0.0],[150.2088,71.5807,0.0],[150.2068,71.5776,0.0],[150.2229,71.5792,1.2155],[150.2271,71.5771,0.0],[150.25,71.5771,0.0],[150.2516,71.5787,0.0],[150.2484,71.5807,0.529],[150.2547,71.5849,0.8892],[150.2641,71.5859,0.0],[150.2599,71.5891,0.7103],[150.2526,71.5901,0.5691],[150.2547,71.5932,0.6686],[150.2583,71.5938,0.6252],[150.2625,71.5917,0.6623],[150.2745,71.5922,0.7249],[150.2688,71.5958,0.0]]],
[[[150.2661,71.6047,0.8528],[150.2646,71.6062,1.0179],[150.2609,71.6057,1.0259],[150.2625,71.6042,0.7054],[150.2661,71.6047,0.8528]]],
[[[150.3495,71.6068,0.0],[150.3479,71.6083,0.0],[150.3443,71.6078,0.0],[150.3458,71.6062,0.0],[150.3495,71.6068,0.0]]],
[[[150.3349,71.6109,0.0],[150.3333,71.6125,0.0],[150.3297,71.612,0.0],[150.3313,71.6104,0.0],[150.3349,71.6109,0.0]]],
[[[150.1417,71.6292,1.0509],[150.1276,71.6297,1.2484],[150.1307,71.6318,0.9711],[150.1292,71.6333,0.935],[150.1125,71.6333,0.0],[150.1047,71.6286,0.609],[150.1078,71.6255,1.2081],[150.1047,71.6234,0.0],[150.1333,71.6208,0.0],[150.1432,71.6234,0.3716],[150.1422,71.6266,1.2756],[150.1432,71.6286,1.0553],[150.1417,71.6292,1.0509]]],
[[[149.8297,72.0547,1.3804],[149.8375,72.05,1.2326],[149.8432,72.0505,1.4855],[149.8333,72.0563,0.0],[149.8297,72.0547,1.3804]]],
[[[146.4646,72.0479,1.4706],[146.4583,72.0479,0.0],[146.4568,72.0463,0.9016],[146.4688,72.0458,0.0],[146.4734,72.0495,0.8058],[146.4828,72.0505,0.0],[146.4901,72.0557,1.4335],[146.4958,72.0563,1.2488],[146.5026,72.0599,1.4777],[146.5083,72.0604,0.0],[146.5224,72.0661,0.0],[146.5203,72.0682,1.3864],[146.5146,72.0687,0.0],[146.5099,72.0651,0.0],[146.5005,72.0641,0.0],[146.4953,72.0589,1.3665],[146.4771,72.0563,0.0],[146.4708,72.0521,0.0],[146.463,72.0516,0.0],[146.4661,72.0495,0.8141],[146.4646,72.0479,1.4706]]],
[[[146.5208,72.0729,0.0],[146.5193,72.0714,0.0],[146.525,72.0687,0.9369],[146.5286,72.0693,0.0],[146.5359,72.0745,1.233],[146.5453,72.0755,0.0],[146.5599,72.087,0.0],[146.5464,72.087,0.0],[146.5495,72.0839,1.2995],[146.5422,72.0828,0.0],[146.5432,72.0797,1.2854],[146.5359,72.0787,0.0],[146.5271,72.0729,1.2468],[146.5208,72.0729,0.0]]],
[[[149.6792,72.1062,1.0814],[149.6729,72.1062,1.1078],[149.6714,72.1047,1.2295],[149.6849,72.1047,1.1085],[149.6833,72.1062,1.0157],[149.6792,72.1062,1.0814]]],
[[[146.1286,72.0734,0.0],[146.1271,72.075,0.0],[146.1234,72.0745,0.8938],[146.125,72.0729,0.0],[146.1286,72.0734,0.0]]],
[[[146.0813,72.0792,0.5615],[146.0896,72.0792,0.0],[146.0964,72.0849,1.0667],[146.1057,72.0859,0.0],[146.0984,72.0901,1.1397],[146.1037,72.0953,0.0],[146.0938,72.0958,0.0],[146.0896,72.0938,0.7874],[146.0833,72.0938,0.0],[146.0792,72.0917,0.9403],[146.0667,72.0917,0.0],[146.0625,72.0896,0.85],[146.0292,72.0896,0.0],[146.0193,72.0828,0.0],[146.0208,72.0813,0.0],[146.0375,72.0792,0.8386],[146.0417,72.0771,0.0],[146.0521,72.0771,0.0],[146.0562,72.0792,0.4134],[146.0813,72.0792,0.5615]]],
[[[146.1208,72.0875,0.0],[146.1146,72.0875,0.0],[146.113,72.0859,0.0],[146.1313,72.0854,0.0],[146.1391,72.0911,0.0],[146.1292,72.0958,0.6254],[146.1208,72.0958,0.0],[146.1193,72.0943,0.0],[146.1245,72.0901,0.8368],[146.1208,72.0875,0.0]]],
[[[146.2161,72.1036,0.0],[146.213,72.0984,0.6779],[146.2292,72.0979,0.0],[146.2333,72.1,0.4554],[146.2412,72.1005,0.0],[146.2432,72.1026,0.7239],[146.2396,72.1062,0.8056],[146.2167,72.1062,0.8688],[146.2151,72.1057,0.0],[146.2161,72.1036,0.0]]],
[[[146.0875,72.1021,0.0],[146.0859,72.1005,0.0],[146.0938,72.0979,0.0],[146.1021,72.1021,0.6623],[146.1146,72.1021,0.0],[146.1271,72.1062,0.6659],[146.1333,72.1062,0.0],[146.1349,72.1078,0.0],[146.1318,72.1088,0.8904],[146.1328,72.112,0.6716],[146.1313,72.1125,0.7714],[146.1021,72.1125,0.7771],[146.0875,72.1021,0.0]]],
[[[146.1938,72.1229,0.0],[146.1792,72.1271,0.0],[146.15,72.1271,0.0],[146.1453,72.1234,0.8629],[146.1375,72.1229,0.0],[146.1359,72.1214,0.6719],[146.1432,72.1182,0.8956],[146.1401,72.1162,0.0],[146.1432,72.1141,0.6387],[146.1422,72.1109,0.0],[146.15,72.1104,0.8713],[146.1583,72.1062,0.025],[146.1812,72.1062,0.0],[146.1854,72.1083,0.8859],[146.1979,72.1083,0.0],[146.1995,72.1099,0.0],[146.1964,72.112,0.6508],[146.1984,72.1141,0.0],[146.2078,72.1151,0.0],[146.2047,72.1172,0.9412],[146.2057,72.1203,0.0],[146.1979,72.1208,0.4162],[146.1938,72.1229,0.0]]],
[[[146.1146,72.1271,0.2937],[146.1083,72.1271,0.4728],[146.1068,72.1255,0.3499],[146.1203,72.1255,0.0],[146.1187,72.1271,0.0],[146.1146,72.1271,0.2937]]],
[[[146.1042,72.1458,0.8875],[146.1,72.1479,0.0],[146.0938,72.1479,0.8003],[146.0875,72.15,0.0],[146.0833,72.1479,0.7586],[146.0755,72.1474,0.0],[146.0786,72.1443,0.7218],[146.0755,72.1422,0.0],[146.0917,72.1417,0.9561],[146.1026,72.1359,0.0],[146.1104,72.1354,0.0],[146.1187,72.1312,0.0],[146.1313,72.1312,0.5742],[146.1375,72.1292,0.0],[146.1432,72.1318,0.0],[146.1401,72.1339,0.8293],[146.1411,72.137,0.4913],[146.1286,72.1432,0.0],[146.1208,72.1438,0.0],[146.1167,72.1458,0.0],[146.1042,72.1458,0.8875]]],
[[[146.5391,72.1047,2.4913],[146.5375,72.1062,2.3699],[146.5297,72.1068,2.321],[146.5307,72.1099,2.4565],[146.525,72.1125,2.4754],[146.5213,72.112,2.4029],[146.513,72.1057,1.197],[146.5188,72.1021,2.2143],[146.5271,72.1021,2.3097],[146.5313,72.1042,2.3697],[146.5391,72.1047,2.4913]]],
[[[146.9432,72.2922,0.0],[146.9474,72.2943,0.0],[146.9501,72.297,0.0],[146.9385,72.2917,0.0],[146.9432,72.2922,0.0]]],
[[[146.9539,72.2988,0.0],[146.9523,72.298,0.0],[146.9536,72.2984,0.0],[146.9539,72.2988,0.0]]],
[[[146.0333,72.2021,1.1804],[146.0396,72.2,0.0],[146.0432,72.2037,0.0],[146.0318,72.2037,0.0],[146.0333,72.2021,1.1804]]],
[[[145.6729,72.2229,0.0],[145.6693,72.2214,0.0],[145.6807,72.2214,1.7207],[145.6792,72.2229,2.0072],[145.6729,72.2229,0.0]]],
[[[145.7088,72.2255,1.7356],[145.7167,72.2229,0.0],[145.7245,72.2286,0.0],[145.7125,72.2292,0.0],[145.7088,72.2255,1.7356]]],
[[[152.5599,70.7953,2.3486],[152.5589,70.7922,1.2714],[152.5635,70.7892,2.0847],[152.6123,70.8167,1.6341],[152.5896,70.8167,0.0],[152.5854,70.8146,0.0],[152.5776,70.8141,0.0],[152.5729,70.8104,1.4827],[152.5651,70.8099,0.0],[152.5682,70.8068,1.7178],[152.5589,70.8016,0.0],[152.562,70.7995,1.1091],[152.5589,70.7974,2.1484],[152.5599,70.7953,2.3486]]],
[[[152.4162,70.8318,0.0],[152.4146,70.8333,0.0],[152.4109,70.8328,0.0],[152.4125,70.8313,0.0],[152.4162,70.8318,0.0]]],
[[[152.2083,70.8688,1.1171],[152.2021,70.8688,0.9379],[152.2005,70.8672,1.0522],[152.212,70.8672,1.0008],[152.2083,70.8688,1.1171]]],
[[[152.1745,70.8797,0.0],[152.1729,70.8812,0.432],[152.1693,70.8807,0.6461],[152.1708,70.8792,1.218],[152.1745,70.8797,0.0]]],
[[[152.0646,70.8875,0.4168],[152.0583,70.8875,0.5061],[152.0568,70.8859,0.8526],[152.0682,70.8859,0.5592],[152.0646,70.8875,0.4168]]],
[[[152.1062,70.9,1.1465],[152.1104,70.8979,0.9438],[152.1141,70.8984,1.1594],[152.1109,70.9016,1.2078],[152.1141,70.9036,1.2163],[152.1083,70.9063,0.0],[152.0922,70.9057,0.9571],[152.0953,70.9026,0.6402],[152.0922,70.9005,0.8194],[152.1062,70.9,1.1465]]],
[[[152.0542,71.0188,1.6191],[152.0505,71.0182,1.3557],[152.0484,71.0151,1.1649],[152.0537,71.0151,1.3795],[152.0557,71.0172,1.2456],[152.0542,71.0188,1.6191]]],
[[[151.7391,71.0568,1.5071],[151.7333,71.0563,0.2531],[151.7318,71.0547,2.4872],[151.7495,71.0547,1.8347],[151.7437,71.0583,0.4936],[151.7391,71.0568,1.5071]]],
[[[151.8307,71.0734,1.7647],[151.8292,71.075,1.9169],[151.8255,71.0745,1.7293],[151.8271,71.0729,1.7118],[151.8307,71.0734,1.7647]]],
[[[151.812,71.1651,0.7535],[151.8104,71.1667,0.8165],[151.8068,71.1661,0.7298],[151.8083,71.1646,0.5691],[151.812,71.1651,0.7535]]],
[[[151.8037,71.1672,0.8807],[151.8021,71.1687,1.1505],[151.7984,71.1682,0.6238],[151.8,71.1667,0.8113],[151.8037,71.1672,0.8807]]],
[[[151.7995,71.1776,0.0],[151.7979,71.1792,0.0],[151.7943,71.1787,0.9491],[151.7958,71.1771,0.9025],[151.7995,71.1776,0.0]]],
[[[151.637,70.9776,1.4042],[151.6354,70.9792,0.8844],[151.6318,70.9786,1.1909],[151.6333,70.9771,1.0074],[151.637,70.9776,1.4042]]],
[[[151.6583,71.2646,1.1077],[151.6521,71.2646,0.7233],[151.6505,71.263,0.6604],[151.6703,71.263,0.6349],[151.6687,71.2646,0.7329],[151.6583,71.2646,1.1077]]],
[[[150.7912,71.3474,0.262],[150.7891,71.3495,0.5344],[150.7813,71.35,1.6243],[150.7771,71.3521,1.1384],[150.7609,71.3516,0.8049],[150.7505,71.3453,0.2629],[150.7536,71.3422,2.0377],[150.7458,71.3417,-0.2132],[150.7401,71.3391,0.2164],[150.7432,71.3359,2.3053],[150.7276,71.3255,0.76],[150.7474,71.3255,0.6985],[150.7536,71.3297,-0.0232],[150.7505,71.3328,2.129],[150.7771,71.3375,-0.5465],[150.7859,71.3432,1.262],[150.7953,71.3443,0.0776],[150.7912,71.3474,0.262]]],
[[[151.2542,71.3896,0.0],[151.2417,71.3896,0.0],[151.2375,71.3917,0.0],[151.2271,71.3896,1.2741],[151.2229,71.3917,0.0],[151.1563,71.3917,0.0],[151.1521,71.3896,0.8554],[151.1396,71.3896,0.0],[151.138,71.388,0.0],[151.1411,71.3859,0.0],[151.1271,71.3854,0.9368],[151.1255,71.3839,0.0],[151.1458,71.3833,0.0],[151.1547,71.3776,0.0],[151.1625,71.3771,0.0],[151.1687,71.3729,0.0],[151.175,71.3729,0.9579],[151.1792,71.3708,0.0],[151.1917,71.3708,0.8287],[151.1958,71.3688,0.0],[151.2333,71.3688,0.0],[151.2479,71.3646,0.0],[151.3021,71.3625,0.0],[151.3083,71.3583,0.0],[151.3271,71.3583,0.0],[151.3354,71.3542,0.0],[151.3417,71.3542,0.0],[151.3542,71.35,0.0],[151.3667,71.35,0.0],[151.375,71.3458,0.0],[151.3854,71.3458,0.0],[151.3896,71.3438,0.0],[151.3938,71.3438,0.0],[151.3979,71.3458,0.0],[151.4495,71.3464,0.0],[151.4474,71.3495,0.0],[151.4432,71.3516,0.0],[151.4339,71.3526,0.0],[151.4432,71.3557,0.0],[151.4354,71.3562,0.0],[151.4125,71.3625,0.0],[151.3938,71.3625,0.0],[151.3922,71.3641,0.0],[151.4,71.3646,0.0],[151.4016,71.3662,0.0],[151.375,71.3708,0.0],[151.3542,71.3792,0.0],[151.3354,71.3792,0.0],[151.3313,71.3812,0.0],[151.3188,71.3812,1.2061],[151.3146,71.3833,0.0],[151.2958,71.3833,0.0],[151.2833,71.3875,0.0],[151.2542,71.3896,0.0]]],
[[[150.3646,71.2604,1.8582],[150.3609,71.2589,1.7163],[150.3646,71.2562,1.5376],[150.375,71.2562,1.6976],[150.3786,71.2589,1.8668],[150.3771,71.2604,1.8168],[150.3646,71.2604,1.8582]]],
[[[150.6787,71.2984,0.6581],[150.6734,71.2943,1.2084],[150.6833,71.2937,0.7664],[150.6875,71.2958,1.0331],[150.6938,71.2958,0.8204],[150.6995,71.2995,0.5402],[150.6938,71.3021,0.8603],[150.6854,71.3021,1.3465],[150.6787,71.2984,0.6581]]],
[[[150.563,71.5078,0.7346],[150.5672,71.5047,0.5747],[150.5708,71.5042,0.2868],[150.575,71.5062,0.7961],[150.5917,71.5083,0.0],[150.5932,71.5099,0.7673],[150.5813,71.5104,0.0],[150.5771,71.5083,0.7645],[150.563,71.5078,0.7346]]],
[[[150.6208,71.5125,0.7062],[150.6005,71.5141,0.0],[150.6042,71.5104,0.8907],[150.6349,71.5109,0.6919],[150.6333,71.5125,0.6128],[150.6208,71.5125,0.7062]]],
[[[151.1687,71.4187,0.7196],[151.1651,71.4172,0.9806],[151.1687,71.4146,0.88],[151.1766,71.4172,0.738],[151.175,71.4187,0.9476],[151.1687,71.4187,0.7196]]],
[[[150.9104,71.425,0.9651],[150.8979,71.425,0.7885],[150.8938,71.4271,0.0],[150.8854,71.4271,0.0],[150.8693,71.4224,0.0],[150.8724,71.4193,0.0],[150.8693,71.4172,0.0],[150.8786,71.4161,0.0],[150.8776,71.413,0.0],[150.8854,71.4083,0.0],[150.9167,71.4063,0.5114],[150.9224,71.4089,0.3345],[150.9151,71.4141,0.8354],[150.9224,71.4172,0.3404],[150.9245,71.4203,0.3911],[150.9224,71.4224,0.0],[150.9146,71.4229,1.0978],[150.9104,71.425,0.9651]]],
[[[151.012,71.4297,0.0],[151.0104,71.4313,0.0],[151.0068,71.4307,0.0],[151.0083,71.4292,0.9379],[151.012,71.4297,0.0]]],
[[[150.9021,71.4375,0.9116],[150.8917,71.4375,0.9072],[150.8875,71.4396,0.0],[150.8693,71.4391,0.8539],[150.8708,71.4375,0.673],[150.8786,71.437,1.0193],[150.8755,71.4339,0.0],[150.8833,71.4333,0.2925],[150.8875,71.4313,-0.3641],[150.8938,71.4333,0.4623],[150.9,71.4313,0.1103],[150.9307,71.4318,0.7683],[150.9271,71.4354,0.0],[150.9146,71.4354,0.8927],[150.9104,71.4375,-0.5096],[150.9021,71.4375,0.9116]]],
[[[150.9625,71.4458,0.6685],[150.9588,71.4443,0.556],[150.9625,71.4417,0.7103],[150.9703,71.4443,0.759],[150.9688,71.4458,0.6754],[150.9625,71.4458,0.6685]]],
[[[151.0542,71.4479,0.0],[151.0526,71.4464,0.0],[151.0583,71.4437,0.0],[151.062,71.4443,0.0],[151.0589,71.4474,0.0],[151.062,71.4495,0.0],[151.0578,71.4516,0.0],[151.0526,71.4516,0.0],[151.0557,71.4495,0.0],[151.0542,71.4479,0.0]]],
[[[150.8,71.4458,0.8819],[150.8083,71.4458,0.9244],[150.8125,71.4479,1.0792],[150.825,71.4479,0.0],[150.8266,71.4495,0.0],[150.8234,71.4516,-0.0067],[150.8266,71.4537,-1.4972],[150.8208,71.4563,0.336],[150.8125,71.4563,0.6635],[150.8068,71.4537,-0.6935],[150.8099,71.4505,0.6827],[150.8042,71.4479,0.878],[150.7958,71.4479,0.6367],[150.7943,71.4495,0.7472],[150.7995,71.4526,0.2271],[150.7974,71.4557,-0.0361],[150.7854,71.4563,0.0],[150.7818,71.4537,0.0],[150.7828,71.4505,0.7706],[150.7776,71.4474,0.9023],[150.7755,71.4443,0.0],[150.7896,71.4417,0.0],[150.7943,71.4453,0.6675],[150.8,71.4458,0.8819]]],
[[[150.8917,71.4521,0.0],[150.8854,71.4521,0.8213],[150.8839,71.4505,0.6082],[150.8953,71.4505,0.8045],[150.8917,71.4521,0.0]]],
[[[150.8021,71.4604,0.3286],[150.7984,71.4599,0.729],[150.7984,71.4589,0.4631],[150.8037,71.4589,-0.1948],[150.8021,71.4604,0.3286]]],
[[[150.787,71.4651,0.2655],[150.7854,71.4667,0.4785],[150.7818,71.4661,0.7863],[150.7833,71.4646,0.6611],[150.787,71.4651,0.2655]]],
[[[150.7229,71.4917,0.8136],[150.7125,71.4917,0.9955],[150.7063,71.4958,0.7292],[150.6984,71.4932,0.1786],[150.7036,71.4891,0.7267],[150.7026,71.4859,0.4847],[150.7047,71.4838,0.4561],[150.7104,71.4812,0.0],[150.7182,71.4807,0.8631],[150.7151,71.4776,0.0],[150.7208,71.475,0.9801],[150.7245,71.4755,0.9628],[150.7266,71.4776,0.9605],[150.7255,71.4807,0.9485],[150.7271,71.4812,0.0],[150.7474,71.4818,0.0],[150.7412,71.487,0.7824],[150.7333,71.4875,0.0],[150.7229,71.4917,0.8136]]],
[[[151.7833,71.1813,1.1387],[151.7792,71.1813,0.7594],[151.7776,71.1797,0.9273],[151.7849,71.1797,0.7926],[151.7833,71.1813,1.1387]]],
[[[151.763,71.2037,0.0],[151.7688,71.2,0.0],[151.7786,71.2005,0.0],[151.7708,71.2063,0.0],[151.763,71.2037,0.0]]],
[[[151.7734,71.2099,0.0],[151.7745,71.212,0.0],[151.7646,71.2146,0.0],[151.7568,71.212,0.0],[151.7583,71.2104,0.6107],[151.7646,71.2104,0.0],[151.7688,71.2083,0.0],[151.7734,71.2099,0.0]]],
[[[151.7104,71.2188,0.7869],[151.7088,71.2172,0.9149],[151.7109,71.2151,0.6133],[151.7161,71.2151,0.6021],[151.7141,71.2182,0.7002],[151.7104,71.2188,0.7869]]],
[[[151.1349,71.3912,0.0],[151.1292,71.3917,0.4641],[151.1276,71.3901,0.0],[151.1333,71.3896,0.0],[151.1349,71.3912,0.0]]],
[[[151.0375,71.4104,0.1482],[151.0437,71.4083,0.0],[151.0495,71.412,0.1751],[151.0234,71.412,0.6975],[151.025,71.4104,0.0],[151.0375,71.4104,0.1482]]],
[[[150.9458,71.4083,0.4863],[150.9474,71.4099,0.1581],[150.938,71.4109,0.8774],[150.9453,71.4151,0.0],[150.9438,71.4167,0.0],[150.938,71.4161,1.1743],[150.9318,71.412,0.8663],[150.9349,71.4099,0.9195],[150.9318,71.4078,0.3838],[150.9333,71.4063,0.7733],[150.9396,71.4083,0.8231],[150.9458,71.4083,0.4863]]],
[[[151.0833,71.4167,0.0],[151.0771,71.4167,0.0],[151.0755,71.4151,0.0],[151.0891,71.4151,0.0],[151.0875,71.4167,0.0],[151.0833,71.4167,0.0]]],
[[[151.7583,71.2188,0.0],[151.7542,71.2188,0.0],[151.7526,71.2172,0.0],[151.7599,71.2172,0.0],[151.7583,71.2188,0.0]]],
[[[151.6766,71.2589,0.6231],[151.675,71.2604,0.6784],[151.6714,71.2599,0.9204],[151.6729,71.2583,0.5865],[151.6766,71.2589,0.6231]]],
[[[152.2099,71.7464,0.0],[152.2083,71.7479,0.0],[152.2047,71.7474,0.0],[152.2063,71.7458,0.0],[152.2099,71.7464,0.0]]],
[[[150.1495,71.6276,0.6078],[150.1484,71.6255,0.7386],[150.1521,71.625,0.9136],[150.1578,71.6286,1.3493],[150.1521,71.6292,0.6335],[150.1495,71.6276,0.6078]]],
[[[150.1417,71.6333,1.1696],[150.138,71.6328,1.0416],[150.138,71.6318,1.0865],[150.1432,71.6318,1.2474],[150.1417,71.6333,1.1696]]],
[[[150.1037,71.6568,0.7108],[150.1005,71.6547,0.4698],[150.1042,71.6542,0.7145],[150.1099,71.6568,0.7535],[150.1068,71.6599,0.7914],[150.1099,71.662,0.9525],[150.1026,71.662,0.0],[150.1005,71.6589,0.0],[150.1037,71.6568,0.7108]]]]}}