{"type":"Feature","properties":{"GID_2":"RUS.60.6_1","GID_0":"RUS","country":"Russia","GID_1":"RUS.60_1","province":"Sakha","NL_NAME_1":"РеспубликаСаха","county":"Bulunskiyrayon","VARNAME_2":"NA","NL_NAME_2":"Булунскийрайон","TYPE_2":"Raion","ENGTYPE_2":"District","CC_2":"R65000","HASC_2":"RU.SK.BU","name":"Bulunskiyrayon.county"},
"geometry":{"type": "MultiPolygon","coordinates": [[[[129.3464,71.5443,0.0],[129.35,71.5437,0.0],[129.3516,71.5453,0.0],[129.3479,71.5458,0.0],[129.3464,71.5443,0.0]]],
[[[129.9771,71.6042,0.0],[129.9708,71.6062,10.1832],[129.9625,71.6062,19.3013],[129.9583,71.6083,18.9589],[129.9547,71.6078,19.0562],[129.9526,71.6057,0.0],[129.9542,71.6042,0.0],[129.9641,71.6036,14.5118],[129.9651,71.6005,0.0],[129.9745,71.5974,2.8371],[129.9755,71.5943,0.0],[129.987,71.5932,8.756],[129.9859,71.5901,0.0],[129.9953,71.587,13.1848],[129.9943,71.5818,0.0],[130.0057,71.5787,10.6217],[130.0047,71.5734,0.0],[130.0141,71.5703,9.9352],[130.0151,71.5672,0.0],[130.0182,71.5661,4.9791],[130.013,71.563,0.0],[130.025,71.5583,11.9978],[130.0286,71.5589,0.0],[130.0307,71.5609,0.0],[130.0255,71.5641,14.7578],[130.0313,71.5646,0.0],[130.0328,71.5661,0.0],[130.0213,71.5693,14.1837],[130.0286,71.5724,0.0],[130.013,71.5776,14.637],[130.0141,71.5828,0.0],[130.0089,71.5839,14.7239],[130.0099,71.587,0.0],[129.9984,71.5901,10.6039],[130.0016,71.5974,0.0],[129.9917,71.5979,0.0],[129.9771,71.6042,0.0]]],
[[[129.9505,71.6109,18.192],[129.9479,71.6125,0.0],[129.9443,71.612,17.8371],[129.95,71.6083,7.4574],[129.9536,71.6089,19.1962],[129.9505,71.6109,18.192]]],
[[[129.8859,71.0776,0.544],[129.8896,71.0771,0.0862],[129.8911,71.0787,-0.0229],[129.8875,71.0792,0.1182],[129.8859,71.0776,0.544]]],
[[[129.9563,71.0854,0.1287],[129.9625,71.0854,0.2772],[129.9641,71.087,0.3523],[129.9563,71.0875,0.44],[129.9521,71.0896,0.1745],[129.9417,71.0875,0.3493],[129.9375,71.0896,0.2926],[129.8979,71.0896,0.2078],[129.8943,71.087,0.3948],[129.8922,71.0797,-0.0357],[129.9104,71.0813,0.0],[129.9146,71.0833,0.4011],[129.9292,71.0833,0.3527],[129.9333,71.0854,0.672],[129.9438,71.0833,0.0],[129.9479,71.0854,0.6076],[129.9563,71.0854,0.1287]]],
[[[129.8203,71.1088,0.1629],[129.8188,71.1104,0.3585],[129.8089,71.1099,0.5743],[129.8104,71.1083,0.2252],[129.8203,71.1088,0.1629]]],
[[[130.9484,70.7839,1.8958],[130.9521,70.7833,1.6768],[130.9536,70.7849,0.8121],[130.95,70.7854,1.8984],[130.9484,70.7839,1.8958]]],
[[[130.9438,70.7875,0.0],[130.9417,70.7875,0.0],[130.9417,70.7854,0.0],[130.9474,70.7859,1.7148],[130.9474,70.787,1.1746],[130.9438,70.7875,0.0]]],
[[[129.7479,71.0708,0.3233],[129.7354,71.0708,0.0],[129.7339,71.0693,0.0],[129.7516,71.0693,0.0],[129.7479,71.0708,0.3233]]],
[[[129.8813,71.075,0.6838],[129.8708,71.0729,0.0474],[129.8693,71.0714,0.0],[129.8792,71.0708,0.3559],[129.8828,71.0734,-0.5],[129.8813,71.075,0.6838]]],
[[[130.0688,71.0687,0.412],[130.0833,71.0687,0.0],[130.0849,71.0703,0.1805],[130.0818,71.0714,0.6814],[130.0792,71.075,0.9177],[130.0568,71.0745,0.0],[130.0537,71.0714,0.5306],[130.0484,71.0703,0.6853],[130.0464,71.0682,0.383],[130.0453,71.063,0.7416],[130.0354,71.0604,0.1165],[130.0234,71.0599,0.0],[130.0349,71.0557,0.0],[130.0333,71.0542,0.0],[130.0276,71.0537,0.0],[130.0255,71.0463,0.988],[130.0313,71.0437,1.8158],[130.0417,71.0437,0.0],[130.0495,71.0463,0.3433],[130.0526,71.0495,1.3614],[130.0578,71.0505,0.4193],[130.0609,71.0537,0.4559],[130.0661,71.0547,0.2859],[130.0682,71.0578,0.5716],[130.063,71.0599,0.6398],[130.0729,71.0604,0.527],[130.0745,71.062,0.0],[130.0651,71.0651,0.3904],[130.0604,71.0687,0.9016],[130.0609,71.0703,0.5415],[130.0646,71.0708,0.4895],[130.0688,71.0687,0.412]]],
[[[129.9099,71.0661,0.1764],[129.9,71.0667,0.3105],[129.8979,71.0646,0.2135],[129.9,71.0625,0.3587],[129.9083,71.0625,0.0],[129.9099,71.063,0.0],[129.9099,71.0661,0.1764]]],
[[[130.0875,71.0687,0.3216],[130.0776,71.0661,0.6084],[130.0776,71.063,0.3551],[130.0958,71.0646,0.4626],[130.0979,71.0667,0.6845],[130.0958,71.0687,0.5559],[130.0875,71.0687,0.3216]]],
[[[130.1005,71.0693,0.5976],[130.1042,71.0687,0.4103],[130.1057,71.0703,0.5251],[130.1021,71.0708,0.9116],[130.1005,71.0693,0.5976]]],
[[[130.0542,71.0792,0.5139],[130.0479,71.0792,0.0],[130.0464,71.0776,0.3587],[130.0542,71.075,0.3882],[130.0578,71.0787,0.0],[130.0542,71.0792,0.5139]]],
[[[129.0609,71.6609,0.0],[129.0583,71.6625,0.0],[129.0437,71.6625,20.6792],[129.0396,71.6646,0.0],[129.0292,71.6646,3.878],[129.0276,71.6641,5.6314],[129.0255,71.6589,0.0],[129.0307,71.6578,0.0],[129.0359,71.6505,0.0],[129.0458,71.6479,0.0],[129.0646,71.6542,10.7283],[129.0703,71.6547,0.0],[129.0651,71.6568,6.614],[129.0641,71.6599,0.0],[129.0609,71.6609,0.0]]],
[[[128.9859,71.6891,5.0389],[128.987,71.6911,0.0],[128.9854,71.6917,0.0],[128.9797,71.6911,0.0],[128.9792,71.6896,0.0],[128.9812,71.6875,0.0],[128.9859,71.6891,5.0389]]],
[[[129.1896,71.8792,4.5508],[129.1911,71.8807,3.5939],[129.1859,71.8807,2.4861],[129.1859,71.8797,0.0],[129.1896,71.8792,4.5508]]],
[[[129.1833,71.8812,0.0],[129.1849,71.8828,3.7907],[129.1797,71.8828,0.0],[129.1797,71.8818,0.0],[129.1833,71.8812,0.0]]],
[[[128.7161,71.8984,0.9388],[128.7146,71.9,0.0],[128.7047,71.8995,0.3687],[128.7063,71.8979,0.0],[128.7161,71.8984,0.9388]]],
[[[128.7646,71.8958,0.0],[128.7458,71.8958,0.4674],[128.7396,71.8979,0.0],[128.7297,71.8943,0.0],[128.7458,71.8938,1.3101],[128.75,71.8917,0.0],[128.7682,71.8922,0.6803],[128.7682,71.8953,0.1969],[128.7646,71.8958,0.0]]],
[[[128.7287,71.8964,1.0219],[128.7271,71.8979,0.5459],[128.7172,71.8974,0.8592],[128.7188,71.8958,0.0],[128.7287,71.8964,1.0219]]],
[[[129.1187,71.9917,6.4967],[129.1229,71.9875,0.0],[129.1333,71.9875,19.2516],[129.1333,71.9896,10.8923],[129.1349,71.9901,0.0],[129.1297,71.9922,7.6504],[129.1286,71.9953,0.0],[129.1255,71.9964,4.6467],[129.1307,71.9995,0.0],[129.1193,72.0005,3.3789],[129.1203,72.0057,0.0],[129.1026,72.0078,6.3948],[129.1005,72.0026,0.0],[129.112,71.9995,0.0],[129.1109,71.9964,0.0],[129.1162,71.9953,15.5158],[129.1187,71.9917,6.4967]]],
[[[128.9063,71.9812,0.0],[128.8875,71.9875,0.0],[128.8776,71.987,0.7472],[128.8828,71.9849,1.9868],[128.8818,71.9818,0.0],[128.8932,71.9807,1.6959],[128.8958,71.9771,0.0],[128.9057,71.9776,1.217],[128.9078,71.9797,0.6844],[128.9063,71.9812,0.0]]],
[[[128.9146,71.9417,0.0],[128.8979,71.9479,0.8224],[128.8875,71.9479,0.0],[128.8833,71.9458,2.4927],[128.8604,71.9458,0.0],[128.8583,71.9437,0.0],[128.8604,71.9417,0.0],[128.8687,71.9417,0.9774],[128.8833,71.9354,0.0],[128.8917,71.9354,1.7518],[128.8958,71.9333,0.0],[128.8995,71.9339,0.0],[128.9042,71.9375,1.0076],[128.9162,71.938,0.0],[128.9162,71.9411,0.0],[128.9146,71.9417,0.0]]],
[[[128.8917,71.9542,0.0],[128.8833,71.9542,0.0],[128.8813,71.9521,1.4023],[128.8833,71.95,0.0],[128.9063,71.95,0.8407],[128.9083,71.9521,1.1659],[128.9063,71.9542,0.0],[128.8917,71.9542,0.0]]],
[[[128.7729,71.9083,0.0],[128.7625,71.9063,0.1091],[128.7609,71.9047,0.1743],[128.7807,71.9047,0.5938],[128.7807,71.9078,0.4173],[128.7729,71.9083,0.0]]],
[[[128.5974,72.012,0.0],[128.5875,72.0125,0.0],[128.5771,72.0167,0.2063],[128.5526,72.0162,0.2095],[128.5578,72.0141,0.1171],[128.5583,72.0125,0.1502],[128.5547,72.0047,0.0],[128.5667,72.0042,0.0],[128.5729,72.0062,0.0],[128.5755,72.0026,0.0],[128.5807,72.0016,3.7526],[128.5792,72.0,3.6518],[128.5734,71.9995,0.0],[128.5714,71.9974,0.0],[128.5766,71.9943,0.0],[128.5714,71.9932,0.0],[128.575,71.9896,0.0],[128.5714,71.9797,0.0],[128.5828,71.9755,0.5362],[128.5807,71.9734,0.0],[128.5688,71.9708,0.0],[128.5672,71.9693,0.0],[128.575,71.9667,-0.332],[128.5849,71.9661,0.2084],[128.5838,71.963,0.0],[128.5953,71.9599,1.2658],[128.588,71.9568,0.0],[128.5995,71.9537,0.0],[128.5984,71.9505,0.0],[128.6099,71.9474,0.5818],[128.6109,71.9443,0.0],[128.6151,71.9422,0.0],[128.6328,71.937,2.769],[128.6318,71.9318,0.0],[128.6662,71.9203,0.3032],[128.6729,71.9167,0.0],[128.6896,71.9167,2.3459],[128.7042,71.9104,0.0],[128.725,71.9083,1.8467],[128.7292,71.9063,0.0],[128.7521,71.9063,0.9365],[128.7563,71.9083,0.7724],[128.7667,71.9083,0.1091],[128.7766,71.9109,0.1048],[128.7786,71.9161,0.0],[128.7734,71.9172,0.7136],[128.7724,71.9203,0.5774],[128.7646,71.9229,0.3448],[128.7547,71.9224,0.5239],[128.7521,71.9187,1.0351],[128.7417,71.9187,2.0651],[128.7297,71.9234,0.6038],[128.7297,71.9266,0.0],[128.7417,71.9271,0.0],[128.7542,71.9313,1.7707],[128.7604,71.9292,0.0],[128.7688,71.9292,2.2553],[128.7729,71.9271,2.1405],[128.8021,71.9271,0.0],[128.8146,71.9313,1.0033],[128.8292,71.9313,0.0],[128.8333,71.9292,0.0],[128.8432,71.9287,0.5755],[128.838,71.9255,0.0],[128.8438,71.9229,0.0],[128.8479,71.9229,0.0],[128.8521,71.925,1.6228],[128.8604,71.925,0.0],[128.8646,71.9271,1.6475],[128.8766,71.9276,1.6385],[128.875,71.9292,0.0],[128.8542,71.9292,0.0],[128.8526,71.9297,1.2819],[128.8537,71.9349,0.0],[128.8521,71.9354,0.0],[128.8313,71.9375,2.63],[128.8208,71.9417,0.0],[128.8125,71.9417,3.0738],[128.8083,71.9437,2.555],[128.7937,71.9437,2.7539],[128.7896,71.9479,0.0],[128.775,71.9479,2.7728],[128.7568,71.9547,0.5439],[128.7557,71.9578,0.0],[128.7318,71.963,0.3247],[128.7328,71.9661,0.0],[128.7214,71.9693,1.4014],[128.7224,71.9724,0.0],[128.7146,71.975,0.0],[128.7063,71.975,1.3051],[128.7021,71.9771,0.0],[128.6938,71.9771,3.5343],[128.6859,71.9797,3.3306],[128.687,71.9828,0.0],[128.6771,71.9833,3.5942],[128.6745,71.987,0.0],[128.6604,71.9917,3.1353],[128.6505,71.9922,2.6376],[128.6463,71.9943,3.4425],[128.6453,71.9974,0.0],[128.6339,72.0005,2.958],[128.6271,72.0042,3.0018],[128.6187,72.0042,3.0],[128.6083,72.0083,0.0],[128.6,72.0083,4.1288],[128.5974,72.012,0.0]]],
[[[129.325,72.0208,0.4451],[129.3208,72.0208,0.3421],[129.3167,72.0229,0.0],[129.3083,72.0229,0.9084],[129.3042,72.025,0.0],[129.275,72.025,0.5187],[129.2713,72.0224,1.4575],[129.2766,72.0203,1.2224],[129.2734,72.013,0.0],[129.2786,72.012,0.3873],[129.2797,72.0089,1.1124],[129.2839,72.0068,1.0828],[129.2979,72.0021,1.1542],[129.3062,72.0021,0.0551],[129.3099,72.0047,0.0298],[129.3109,72.0078,0.773],[129.3266,72.0109,0.0],[129.3307,72.0203,0.3368],[129.325,72.0208,0.4451]]],
[[[128.6792,72.0292,0.0],[128.6729,72.0313,0.0],[128.6625,72.0313,0.9322],[128.6583,72.0333,0.0],[128.65,72.0333,0.0],[128.6401,72.0307,1.0368],[128.6375,72.0271,0.0],[128.6125,72.0271,0.4671],[128.6109,72.0266,0.6332],[128.6104,72.0229,0.3821],[128.6141,72.0203,0.9228],[128.6151,72.0172,0.7028],[128.6229,72.0146,0.7212],[128.6313,72.0146,1.7607],[128.6495,72.0078,0.0],[128.6484,72.0005,0.0],[128.6599,71.9995,1.4392],[128.6589,71.9964,0.0],[128.6703,71.9953,1.045],[128.6729,71.9917,0.0],[128.6812,71.9917,0.0],[128.6875,71.9896,0.0],[128.6917,71.9917,0.0],[128.7021,71.9917,0.0],[128.7151,71.9859,0.0],[128.7391,71.9786,0.0],[128.7432,71.9766,0.9656],[128.7458,71.9729,0.0],[128.7688,71.975,3.3739],[128.7703,71.9745,2.2954],[128.7693,71.9714,0.0],[128.7932,71.9641,1.9768],[128.8,71.9604,0.0],[128.8167,71.9604,2.5685],[128.8208,71.9583,0.0],[128.8354,71.9583,2.1587],[128.8396,71.9563,0.0],[128.9021,71.9583,0.0],[128.9063,71.9563,0.0],[128.9146,71.9563,1.0152],[128.9287,71.9516,1.8244],[128.9276,71.9484,0.0],[128.9292,71.9479,0.0],[128.9458,71.9479,0.0],[128.9495,71.9526,0.0],[128.9443,71.9547,0.2934],[128.9391,71.962,0.0],[128.9214,71.963,0.0],[128.9203,71.9661,0.0],[128.9162,71.9682,0.0],[128.8922,71.9755,0.9142],[128.8625,71.9875,0.0],[128.8521,71.9875,2.5849],[128.8375,71.9938,0.0],[128.8229,71.9938,0.8218],[128.8188,71.9958,0.0],[128.7958,71.9958,2.9185],[128.7854,72.0,0.0],[128.763,72.0026,3.0291],[128.7646,72.0042,0.0],[128.7786,72.0068,0.0],[128.7786,72.0099,0.0],[128.7708,72.0125,0.0],[128.7563,72.0125,1.5019],[128.75,72.0146,0.0],[128.7375,72.0104,1.2742],[128.7208,72.0104,0.0],[128.7167,72.0083,3.1132],[128.7083,72.0083,3.6935],[128.7042,72.0104,1.8933],[128.6812,72.0125,3.4054],[128.6797,72.0141,0.0],[128.6818,72.0182,0.2331],[128.6891,72.0193,0.3095],[128.6896,72.0208,0.5742],[128.6859,72.0234,0.9762],[128.687,72.0286,0.0],[128.6792,72.0292,0.0]]],
[[[128.7651,72.038,1.3889],[128.7625,72.0396,0.0],[128.7479,72.0396,3.0799],[128.7437,72.0417,1.8099],[128.6938,72.0417,0.0],[128.6859,72.0391,3.7075],[128.6891,72.037,3.657],[128.6901,72.0339,0.0],[128.7,72.0333,2.5432],[128.7141,72.0286,1.3913],[128.713,72.0234,2.381],[128.725,72.0188,0.0],[128.7667,72.0188,3.2561],[128.7708,72.0167,0.0],[128.7875,72.0167,3.2426],[128.7917,72.0146,0.0],[128.8,72.0146,2.2256],[128.8078,72.012,0.0],[128.8062,72.0083,1.5501],[128.8083,72.0062,0.0],[128.8438,72.0083,0.0],[128.8479,72.0062,0.0],[128.8687,72.0042,2.3842],[128.8729,72.0021,0.0],[128.8813,72.0021,3.2033],[128.8854,72.0,0.0],[128.9083,72.0,2.9431],[128.9125,71.9979,0.0],[128.9271,71.9979,2.5278],[128.9375,71.9938,0.0],[128.9458,71.9938,1.5718],[128.95,71.9917,0.0],[128.9583,71.9938,2.2337],[128.9625,71.9917,0.0],[128.9917,71.9917,0.0],[129.0099,71.9964,0.0],[128.9984,72.0005,1.1096],[128.9995,72.0036,0.0],[128.988,72.0047,1.2029],[128.9854,72.0083,0.0],[128.9708,72.0083,1.6218],[128.9667,72.0104,0.0],[128.9375,72.0104,2.3001],[128.9333,72.0125,0.0],[128.9125,72.0125,2.1762],[128.9083,72.0146,0.0],[128.8792,72.0146,2.5071],[128.875,72.0167,0.0],[128.8521,72.0167,2.5719],[128.8375,72.0229,1.8739],[128.8292,72.0229,2.7788],[128.8188,72.0271,0.0],[128.7833,72.0292,1.7852],[128.7818,72.0297,0.325],[128.7828,72.0328,0.0],[128.7651,72.038,1.3889]]],
[[[128.5755,72.0193,0.364],[128.5792,72.0188,0.286],[128.5807,72.0203,0.1742],[128.5771,72.0208,0.1775],[128.5755,72.0193,0.364]]],
[[[128.5568,72.0234,0.273],[128.5604,72.0229,0.937],[128.562,72.0245,0.4531],[128.5583,72.025,0.5207],[128.5568,72.0234,0.273]]],
[[[128.5599,72.0193,0.3294],[128.5583,72.0208,0.4115],[128.5484,72.0203,0.179],[128.55,72.0188,0.1784],[128.5599,72.0193,0.3294]]],
[[[128.563,72.0214,0.5171],[128.5667,72.0208,0.3234],[128.5682,72.0224,0.6691],[128.5646,72.0229,0.2034],[128.563,72.0214,0.5171]]],
[[[129.3141,72.0307,0.2451],[129.3167,72.0292,0.0],[129.3271,72.0292,0.0],[129.337,72.0328,0.2914],[129.2917,72.0333,0.0627],[129.2875,72.0313,0.3019],[129.2771,72.0313,0.0],[129.2755,72.0297,0.4218],[129.2937,72.0292,0.0],[129.2979,72.0313,0.3246],[129.3141,72.0307,0.2451]]],
[[[128.6203,72.0297,0.2456],[128.6203,72.0328,0.2333],[128.6187,72.0333,0.5727],[128.6151,72.0328,0.455],[128.613,72.0307,0.3737],[128.6146,72.0292,0.4919],[128.6203,72.0297,0.2456]]],
[[[128.5458,72.0917,0.0898],[128.5333,72.0917,1.4687],[128.5318,72.0901,-0.1875],[128.5516,72.0901,-0.4229],[128.55,72.0917,0.0],[128.5458,72.0917,0.0898]]],
[[[129.0724,72.1036,0.6546],[129.0604,72.1042,0.0],[129.0589,72.1026,1.6011],[129.0708,72.1021,1.7064],[129.0724,72.1036,0.6546]]],
[[[128.7516,72.1162,3.8138],[128.7417,72.1167,4.0655],[128.7312,72.1208,0.0],[128.7229,72.1208,0.0],[128.7188,72.1188,4.0321],[128.7005,72.1182,2.0972],[128.7021,72.1167,2.8364],[128.712,72.1162,2.8454],[128.7109,72.113,0.0],[128.7224,72.112,2.9729],[128.7234,72.1088,0.2763],[128.7375,72.1042,0.0],[128.8062,72.1042,3.1152],[128.8271,72.0958,2.1179],[128.8391,72.0964,0.1699],[128.8338,72.0984,0.9576],[128.8328,72.1016,0.8098],[128.8286,72.1036,0.7301],[128.8188,72.1042,1.8602],[128.7958,72.1125,0.0],[128.7813,72.1125,4.05],[128.7771,72.1146,0.0],[128.7542,72.1146,3.5992],[128.7516,72.1162,3.8138]]],
[[[128.6203,72.0797,3.24],[128.6224,72.0828,3.5646],[128.6083,72.0875,0.0],[128.6,72.0875,1.8531],[128.5964,72.0849,2.261],[128.6042,72.0813,0.1346],[128.6203,72.0797,3.24]]],
[[[128.6521,72.0875,0.9119],[128.6396,72.0875,0.0],[128.638,72.0859,0.0],[128.6641,72.0859,0.0],[128.6625,72.0875,0.0],[128.6521,72.0875,0.9119]]],
[[[129.2833,72.0729,0.3867],[129.2818,72.0714,0.9559],[129.2896,72.0687,0.6368],[129.2932,72.0693,0.1945],[129.2937,72.0708,0.2051],[129.2917,72.0729,0.5119],[129.2833,72.0729,0.3867]]],
[[[129.0729,72.0563,0.4273],[129.0771,72.0563,0.0],[129.0786,72.0578,-0.0216],[129.0688,72.0583,1.1836],[129.0646,72.0604,0.9669],[129.0479,72.0604,0.0],[129.0437,72.0583,1.6888],[129.0333,72.0583,0.0],[129.0292,72.0563,0.0],[129.025,72.0563,0.0],[129.0063,72.05,2.3408],[128.9958,72.05,0.0],[128.9917,72.0479,1.6987],[128.9875,72.0479,2.0628],[128.9833,72.05,0.0],[128.9625,72.05,0.0],[128.9588,72.0474,2.0437],[128.9568,72.0422,0.0],[128.9792,72.0396,1.2006],[128.9833,72.0375,0.0],[128.9937,72.0375,0.2064],[128.9979,72.0396,1.3698],[129.0125,72.0396,1.5608],[129.0167,72.0375,0.0],[129.0271,72.0375,0.0],[129.0313,72.0396,0.9625],[129.0417,72.0396,0.0],[129.0432,72.0411,0.331],[129.0354,72.0437,0.2324],[129.0208,72.0437,0.5994],[129.0193,72.0453,0.0],[129.0271,72.0479,0.7199],[129.0583,72.0479,0.3406],[129.0682,72.0505,0.0],[129.063,72.0537,0.6775],[129.0729,72.0563,0.4273]]],
[[[129.1682,72.0637,0.9083],[129.1521,72.0646,1.1539],[129.1479,72.0667,0.0],[129.1104,72.0667,0.0],[129.1062,72.0646,1.0411],[129.0958,72.0646,0.0],[129.0938,72.0625,1.5114],[129.0958,72.0604,0.0],[129.1182,72.0599,0.0],[129.1167,72.0583,2.1461],[129.0984,72.0578,0.8233],[129.0984,72.0547,2.2914],[129.1037,72.0537,2.1553],[129.1026,72.0505,0.5653],[129.1104,72.0479,0.4252],[129.1187,72.0479,0.0],[129.1229,72.0458,0.0],[129.1313,72.0458,0.0],[129.1354,72.0437,0.357],[129.1438,72.0437,0.5964],[129.1479,72.0417,0.0],[129.1708,72.0417,0.247],[129.1724,72.0422,0.2198],[129.1724,72.0453,0.5956],[129.163,72.0485,0.1178],[129.1625,72.05,0.2075],[129.1662,72.0578,0.0],[129.1547,72.0589,0.4759],[129.1682,72.0637,0.9083]]],
[[[128.5729,72.0687,-0.0586],[128.5771,72.0667,-0.3975],[128.5828,72.0672,-0.4539],[128.5776,72.0693,1.429],[128.575,72.0729,0.5399],[128.5651,72.0724,1.872],[128.5693,72.0693,0.3617],[128.5729,72.0687,-0.0586]]],
[[[128.6438,72.0583,1.6003],[128.6474,72.062,1.4032],[128.6375,72.0625,1.4505],[128.6333,72.0646,0.0],[128.6229,72.0646,4.4738],[128.6208,72.0625,4.2649],[128.6229,72.0604,0.0],[128.6438,72.0583,1.6003]]],
[[[129.2391,72.0682,0.0],[129.2208,72.0687,0.9998],[129.2167,72.0708,0.0],[129.1922,72.0703,1.9762],[129.1974,72.0682,1.3296],[129.1979,72.0667,0.1698],[129.1943,72.0589,0.0],[129.2083,72.0542,0.5272],[129.2229,72.0583,0.1812],[129.2479,72.0604,0.0],[129.2516,72.0651,0.2222],[129.25,72.0667,0.5025],[129.2417,72.0667,0.3665],[129.2391,72.0682,0.0]]],
[[[128.9167,72.0583,0.0],[128.9187,72.0604,0.5801],[128.9245,72.0609,0.0],[128.9245,72.0641,0.7989],[128.9125,72.0687,0.0],[128.9021,72.0687,0.0],[128.9005,72.0682,0.0],[128.8979,72.0625,0.0],[128.8984,72.0609,0.0],[128.9036,72.0599,0.8754],[128.9026,72.0568,0.0],[128.9042,72.0563,0.0],[128.9146,72.0563,0.8625],[128.9167,72.0583,0.0]]],
[[[128.7208,72.0646,0.9284],[128.725,72.0625,0.0],[128.7349,72.063,0.0],[128.7292,72.0667,0.0],[128.7172,72.0661,0.6509],[128.7208,72.0646,0.9284]]],
[[[128.8641,72.0651,0.4005],[128.8625,72.0667,0.0],[128.8526,72.0661,0.0],[128.8542,72.0646,0.0],[128.8641,72.0651,0.4005]]],
[[[128.6662,72.0745,0.0],[128.6563,72.075,3.0447],[128.6458,72.0792,0.0],[128.6214,72.0787,3.6655],[128.6266,72.0766,2.8061],[128.6255,72.0734,0.1028],[128.6458,72.0667,0.0],[128.6557,72.0661,4.2409],[128.6547,72.063,0.0],[128.6599,72.062,2.9264],[128.6609,72.0589,0.0],[128.6729,72.0542,0.0],[128.7229,72.0542,0.0],[128.7266,72.0568,2.501],[128.7021,72.0667,0.0],[128.6917,72.0667,3.6201],[128.6771,72.0729,0.0],[128.6687,72.0729,3.9272],[128.6662,72.0745,0.0]]],
[[[128.8562,72.0792,1.5616],[128.8526,72.0797,1.662],[128.8516,72.0828,0.0],[128.8474,72.0849,0.0],[128.8422,72.0859,2.4311],[128.8411,72.0891,0.0],[128.8359,72.0891,2.1195],[128.8359,72.0859,0.0],[128.8396,72.0833,2.2737],[128.838,72.0797,0.0],[128.8521,72.075,0.0],[128.862,72.0755,0.7897],[128.8562,72.0792,1.5616]]],
[[[128.6,72.0687,0.0606],[128.6037,72.0693,0.2829],[128.6037,72.0724,1.4194],[128.5938,72.0729,2.0267],[128.5875,72.075,1.9368],[128.5838,72.0724,1.4075],[128.5854,72.0708,0.3547],[128.5938,72.0708,1.9533],[128.6,72.0687,0.0606]]],
[[[128.7021,72.0687,0.0],[128.7104,72.0687,0.0],[128.7125,72.0708,0.5256],[128.712,72.0724,0.0],[128.7021,72.075,0.413],[128.7005,72.0745,1.2095],[128.6984,72.0693,0.0],[128.7021,72.0687,0.0]]],
[[[128.6708,72.075,0.0],[128.6745,72.0755,1.5254],[128.6745,72.0766,0.979],[128.6672,72.0766,0.0],[128.6708,72.075,0.0]]],
[[[128.5542,72.1125,1.3873],[128.5521,72.1146,-0.2309],[128.5375,72.1146,3.8821],[128.5333,72.1167,0.0],[128.5234,72.1162,3.31],[128.5276,72.113,4.5],[128.5328,72.112,4.9265],[128.5276,72.1088,0.4269],[128.5391,72.1078,4.7967],[128.538,72.1047,0.5034],[128.5604,72.1021,1.4078],[128.5646,72.1,-0.2685],[128.5729,72.1,1.2713],[128.5771,72.0979,0.0],[128.5891,72.1005,-0.2548],[128.5838,72.1036,0.0],[128.5896,72.1042,1.6968],[128.5974,72.1016,2.0422],[128.5964,72.0984,0.0],[128.5979,72.0979,0.0],[128.6271,72.0979,2.2019],[128.6297,72.0943,0.0],[128.6396,72.0938,1.4014],[128.6479,72.0896,0.0],[128.6583,72.0896,0.9683],[128.6625,72.0917,0.2535],[128.6792,72.0917,2.5279],[128.6833,72.0896,1.0504],[128.6917,72.0896,0.0],[128.6984,72.0859,0.0],[128.7287,72.0766,0.0],[128.7276,72.0734,0.0],[128.7354,72.0708,0.0],[128.7453,72.0703,2.9336],[128.7443,72.0672,0.0],[128.7563,72.0667,2.1379],[128.762,72.0641,0.0],[128.7568,72.062,0.0],[128.7583,72.0604,0.0],[128.7875,72.0604,0.0],[128.8,72.0646,0.0],[128.8083,72.0646,0.7384],[128.8125,72.0667,0.6905],[128.8229,72.0667,1.2406],[128.8292,72.0646,0.0],[128.8354,72.0687,0.0],[128.8417,72.0667,0.0],[128.8516,72.0672,0.149],[128.8474,72.0703,0.0],[128.813,72.0818,1.263],[128.813,72.0849,0.9397],[128.8151,72.087,0.0],[128.8203,72.088,0.0],[128.8146,72.0938,0.0],[128.8062,72.0938,2.1848],[128.8021,72.0958,1.1164],[128.7937,72.0958,1.9287],[128.7896,72.0979,0.0],[128.7604,72.0979,2.7459],[128.7563,72.0958,3.7496],[128.7521,72.0958,0.0],[128.7505,72.0964,0.0],[128.7516,72.0995,2.7689],[128.75,72.1,0.0],[128.7354,72.1,1.1999],[128.725,72.1042,0.0],[128.7167,72.1042,3.3013],[128.7088,72.1068,0.0],[128.7078,72.1099,0.0],[128.6964,72.1109,1.3813],[128.6974,72.1141,0.0],[128.6958,72.1146,0.0],[128.6667,72.1146,0.0],[128.6625,72.1125,1.6313],[128.6438,72.1125,0.0],[128.6359,72.1099,4.2305],[128.6313,72.1062,0.0802],[128.6021,72.1062,1.3963],[128.5958,72.1083,0.0],[128.5917,72.1062,1.7454],[128.5875,72.1062,0.8784],[128.5833,72.1083,0.0],[128.575,72.1083,0.4736],[128.5708,72.1104,0.0],[128.5562,72.1104,4.5984],[128.5542,72.1125,1.3873]]],
[[[129.3042,72.1396,0.0],[129.3141,72.1422,0.5435],[129.3188,72.1458,0.8053],[129.3354,72.1458,0.5124],[129.3391,72.1495,0.4825],[129.3208,72.15,0.0],[129.3083,72.1458,0.0],[129.2708,72.1458,0.3101],[129.2667,72.1479,0.8421],[129.2583,72.1479,0.7266],[129.2542,72.15,0.3401],[129.2396,72.15,1.3169],[129.2359,72.1474,1.5336],[129.2412,72.1453,1.0621],[129.2401,72.1401,0.0],[129.2453,72.1391,0.8684],[129.2443,72.1359,0.0],[129.2646,72.1292,0.4317],[129.2792,72.1292,0.0],[129.2891,72.1318,0.0],[129.2937,72.1354,0.6032],[129.3042,72.1354,0.0],[129.3057,72.137,0.0],[129.3005,72.1391,0.0145],[129.3042,72.1396,0.0]]],
[[[128.7146,72.15,0.0],[128.7104,72.15,4.2122],[128.7063,72.1521,0.0],[128.6979,72.1521,4.6997],[128.6938,72.1542,2.8771],[128.6818,72.1536,5.2898],[128.687,72.1516,4.3353],[128.6859,72.1464,0.0],[128.6911,72.1453,0.8064],[128.6901,72.1401,0.0],[128.7016,72.1391,2.39],[128.7,72.1354,0.0],[128.7021,72.1333,0.0],[128.7104,72.1333,2.0023],[128.7167,72.1312,0.0],[128.7214,72.1349,0.3914],[128.725,72.1354,0.0],[128.7391,72.1307,3.4572],[128.738,72.1276,0.0],[128.7396,72.1271,0.0],[128.7479,72.1271,3.7776],[128.7583,72.1229,0.0],[128.7667,72.1229,2.0487],[128.7771,72.1188,1.1706],[128.8125,72.1188,2.7347],[128.8167,72.1167,0.1514],[128.8271,72.1167,0.0],[128.8349,72.1193,0.3713],[128.8375,72.1229,0.0],[128.837,72.1245,0.0],[128.8318,72.1255,2.3088],[128.8328,72.1307,0.3896],[128.8172,72.1359,1.8507],[128.8188,72.1375,0.0],[128.837,72.138,0.5083],[128.8354,72.1396,0.9148],[128.8271,72.1396,2.2558],[128.8229,72.1417,1.6875],[128.7729,72.1417,1.977],[128.7688,72.1438,0.2581],[128.7604,72.1438,1.954],[128.7563,72.1458,0.0],[128.7354,72.1458,5.0441],[128.7312,72.1479,3.3363],[128.7229,72.1479,4.8771],[128.7188,72.15,0.0],[128.7146,72.15,0.0]]],
[[[128.6375,72.1667,0.9776],[128.6214,72.1713,1.0065],[128.6146,72.175,1.3973],[128.5917,72.175,0.0],[128.5792,72.1708,0.5098],[128.5625,72.1708,0.2939],[128.5583,72.1729,0.7583],[128.5479,72.1729,0.1093],[128.5437,72.1708,0.151],[128.5375,72.1729,0.9468],[128.5339,72.1724,0.9165],[128.5339,72.1693,-0.0084],[128.5354,72.1687,0.3522],[128.55,72.1687,0.7742],[128.5516,72.1672,0.3981],[128.5479,72.1646,0.9137],[128.5375,72.1646,-0.2675],[128.5349,72.1609,0.9052],[128.5213,72.1578,0.5856],[128.5255,72.1547,0.8351],[128.5307,72.1536,0.6137],[128.5255,72.1516,1.2052],[128.5234,72.1484,0.2496],[128.5313,72.1458,0.1829],[128.5458,72.1458,1.0222],[128.5479,72.1438,0.5794],[128.5458,72.1417,0.4112],[128.5401,72.1412,0.2221],[128.5453,72.1391,0.4447],[128.5453,72.1359,0.1854],[128.5318,72.1349,0.2877],[128.5349,72.1328,0.0395],[128.5349,72.1297,-0.0259],[128.5292,72.1292,0.3502],[128.5276,72.1276,0.39],[128.5375,72.1271,0.3015],[128.5542,72.1208,0.301],[128.575,72.1188,4.7477],[128.5854,72.1146,0.0],[128.5938,72.1146,2.317],[128.6042,72.1104,0.0],[128.6125,72.1104,0.9152],[128.6167,72.1083,0.0],[128.6271,72.1104,0.0],[128.6286,72.112,0.0],[128.6146,72.1167,-0.3711],[128.5938,72.1188,3.141],[128.5833,72.1229,0.5525],[128.575,72.1229,6.4962],[128.5688,72.125,0.0],[128.5625,72.1229,0.937],[128.5583,72.125,-0.0134],[128.55,72.125,0.4193],[128.5484,72.1266,-0.4785],[128.5729,72.1271,0.7895],[128.5745,72.1286,0.3158],[128.5693,72.1297,0.4949],[128.5714,72.1328,0.0],[128.5813,72.1333,1.0895],[128.5828,72.1328,0.8607],[128.5818,72.1276,0.0],[128.5833,72.1271,0.0],[128.6,72.1271,5.624],[128.6146,72.1208,0.0],[128.6229,72.1208,3.9945],[128.6396,72.1146,0.0],[128.6458,72.1167,0.7138],[128.6563,72.1167,0.0],[128.6604,72.1188,2.3538],[128.6854,72.1188,0.0],[128.6896,72.1208,1.9015],[128.7141,72.1214,0.7932],[128.7088,72.1234,1.6657],[128.7099,72.1266,0.0],[128.6859,72.1318,3.4306],[128.6932,72.1349,0.0],[128.6833,72.1354,4.2297],[128.6755,72.138,3.4708],[128.6745,72.1412,2.3152],[128.6625,72.1458,1.6625],[128.6542,72.1458,3.1991],[128.65,72.1479,2.5285],[128.6417,72.1479,4.1905],[128.6375,72.15,0.0],[128.6271,72.15,1.6628],[128.6229,72.1521,0.5771],[128.6068,72.1526,2.4218],[128.6104,72.1563,0.5981],[128.625,72.1563,1.2153],[128.6292,72.1542,0.0],[128.6333,72.1542,0.0],[128.6375,72.1563,2.0089],[128.6438,72.1542,0.0],[128.6474,72.1547,1.164],[128.6495,72.1578,0.8428],[128.6443,72.1589,1.1394],[128.6453,72.1661,0.0],[128.6375,72.1667,0.9776]]],
[[[128.6828,72.187,2.7883],[128.6604,72.1917,0.0],[128.6563,72.1896,1.3471],[128.6458,72.1896,0.0],[128.6417,72.1875,4.6121],[128.6375,72.1875,4.9889],[128.6333,72.1896,0.0],[128.625,72.1896,0.0],[128.6214,72.1859,0.0],[128.6313,72.1854,2.7892],[128.6417,72.1813,0.0],[128.6599,72.1807,4.047],[128.6589,72.1755,0.0],[128.662,72.1745,0.0],[128.663,72.1713,0.0],[128.6745,72.1682,0.6951],[128.6734,72.1651,0.0],[128.6875,72.1604,0.0],[128.6958,72.1604,0.4764],[128.7063,72.1563,0.0],[128.7146,72.1563,1.571],[128.7188,72.1542,0.0],[128.7271,72.1542,0.928],[128.7312,72.1521,1.746],[128.7396,72.1521,2.1852],[128.7412,72.1536,1.2034],[128.738,72.1557,0.4988],[128.7479,72.1563,2.3957],[128.7583,72.1521,0.0],[128.7667,72.1521,2.56],[128.7771,72.1479,0.0],[128.7833,72.15,2.1686],[128.7896,72.1479,0.0],[128.8125,72.1479,1.0756],[128.8167,72.15,2.7939],[128.8208,72.15,4.2792],[128.825,72.1479,0.0],[128.8474,72.1453,4.1803],[128.8464,72.1401,0.0],[128.8516,72.1391,3.6909],[128.8505,72.1359,3.4817],[128.8557,72.1349,3.6448],[128.8568,72.1318,3.6692],[128.8662,72.1286,4.0858],[128.8651,72.1234,0.0],[128.8703,72.1224,3.4013],[128.8714,72.1193,0.0],[128.8813,72.1188,4.1703],[128.8958,72.1125,0.0],[128.9182,72.1099,2.2319],[128.9167,72.1083,0.0],[128.9,72.1083,0.7684],[128.8938,72.1062,2.6227],[128.8797,72.1109,0.4068],[128.8807,72.1141,0.0],[128.8667,72.1188,0.0],[128.8583,72.1188,2.083],[128.8484,72.1162,0.0],[128.8464,72.113,0.0],[128.8641,72.1078,2.945],[128.863,72.1026,1.7149],[128.8682,72.1016,2.5519],[128.8651,72.0943,0.0],[128.8766,72.0932,1.8822],[128.8776,72.0901,0.0],[128.925,72.0729,0.0],[128.9333,72.0729,3.2891],[128.9438,72.0687,0.0],[128.9521,72.0687,1.5513],[128.9563,72.0667,0.0],[128.987,72.0661,0.0],[128.9854,72.0646,2.342],[128.9588,72.0641,2.3737],[128.9588,72.0609,1.0999],[128.9703,72.0568,0.0],[128.9568,72.0557,0.215],[128.9583,72.0542,0.0],[128.9729,72.0542,1.2099],[128.9771,72.0563,0.0],[128.9958,72.0563,0.0],[129.0146,72.0625,1.3566],[129.025,72.0625,0.0],[129.0292,72.0646,0.3424],[129.0333,72.0646,0.3143],[129.0396,72.0708,1.9273],[129.0458,72.0687,0.0],[129.0813,72.0687,0.0],[129.0854,72.0708,0.0],[129.1042,72.0708,0.0],[129.1104,72.0729,0.7582],[129.1167,72.0708,0.0],[129.1203,72.0745,0.0],[129.1151,72.0755,0.0],[129.1167,72.0771,1.3726],[129.1458,72.0771,0.2988],[129.1521,72.0813,1.4817],[129.1833,72.0813,1.638],[129.1849,72.0818,1.5038],[129.187,72.087,0.0],[129.1755,72.0901,0.1006],[129.1729,72.0938,0.0],[129.163,72.0943,1.3217],[129.1641,72.0974,0.0],[129.1625,72.0979,0.2005],[129.1479,72.0979,1.4481],[129.1438,72.1,0.0],[129.1396,72.1,0.0],[129.1354,72.0979,1.8127],[129.1187,72.0979,0.0],[129.1146,72.0958,0.4471],[129.0979,72.0958,1.8562],[129.0938,72.0979,0.0309],[129.0792,72.0979,1.6887],[129.075,72.1,0.0],[129.0688,72.0979,1.186],[129.0458,72.0979,2.0778],[129.0396,72.1,0.0],[129.0354,72.0979,2.5609],[129.0313,72.0979,2.6078],[129.025,72.1,0.0],[129.0208,72.0979,2.6134],[128.9896,72.0979,2.0559],[128.9854,72.0958,2.7955],[128.975,72.0958,0.0],[128.9708,72.0938,2.0823],[128.9417,72.0938,2.9012],[128.9375,72.0958,0.0],[128.9292,72.0958,1.8592],[128.9125,72.1021,0.0],[128.9042,72.1021,1.4522],[128.9026,72.1036,0.8493],[128.9063,72.1062,0.4216],[128.9146,72.1062,1.6851],[128.9187,72.1042,0.3487],[128.9271,72.1042,2.078],[128.9312,72.1021,0.0],[128.9417,72.1021,2.5028],[128.9432,72.1016,2.3574],[128.9422,72.0984,1.7566],[128.9438,72.0979,1.7641],[128.9604,72.0979,1.0033],[128.9646,72.1,2.0211],[128.9812,72.1,0.0],[128.9912,72.1026,1.4357],[128.9859,72.1047,0.0],[128.9875,72.1062,1.4381],[128.9958,72.1062,1.3153],[129.0,72.1042,0.0],[129.0437,72.1042,0.0],[129.0479,72.1062,1.2368],[129.0583,72.1062,0.0],[129.0646,72.1083,0.94],[129.0688,72.1062,0.0],[129.0854,72.1062,2.3593],[129.0958,72.1021,0.0],[129.1187,72.1021,0.7248],[129.1214,72.1057,0.2768],[129.1333,72.1062,1.4802],[129.1349,72.1078,0.0],[129.1172,72.1088,0.2957],[129.1187,72.1104,0.0],[129.1896,72.1104,0.0],[129.1911,72.1088,1.0878],[129.1792,72.1083,0.8168],[129.175,72.1062,2.3392],[129.1563,72.1062,1.6867],[129.1547,72.1047,1.0463],[129.1625,72.1021,1.7548],[129.1708,72.1021,2.0601],[129.1849,72.0974,1.1523],[129.1839,72.0943,0.0],[129.1917,72.0917,0.0],[129.2,72.0917,1.6122],[129.2167,72.0854,0.0],[129.225,72.0854,1.4917],[129.2266,72.0849,1.3456],[129.2255,72.0818,0.3635],[129.2396,72.0771,0.0],[129.2813,72.0771,0.6735],[129.2854,72.0792,0.0],[129.3021,72.0792,1.0095],[129.3062,72.0771,0.0],[129.3167,72.0771,0.0],[129.3229,72.0792,0.5632],[129.3292,72.0771,-0.0787],[129.3333,72.0792,0.3411],[129.3646,72.0792,-0.0875],[129.3745,72.0818,0.0661],[129.3729,72.0833,0.0857],[129.363,72.0839,0.2384],[129.3641,72.0891,0.0],[129.3526,72.0901,0.5899],[129.3526,72.0932,0.3696],[129.3625,72.0958,0.0],[129.3786,72.0911,0.7213],[129.3854,72.0875,0.3204],[129.4083,72.0854,0.0],[129.4245,72.0901,0.0],[129.4276,72.0953,0.2009],[129.4349,72.0964,0.0347],[129.438,72.0995,0.0],[129.45,72.1,0.0],[129.4604,72.1042,0.2639],[129.4661,72.1047,0.0],[129.4688,72.1083,0.0936],[129.4682,72.112,0.1561],[129.4651,72.113,0.0],[129.4667,72.1146,0.4529],[129.4792,72.1104,0.0],[129.4854,72.1125,0.1938],[129.4958,72.1125,-0.1864],[129.4984,72.1162,0.508],[129.5057,72.1172,0.222],[129.5089,72.1224,0.1952],[129.5391,72.1276,0.0],[129.5339,72.1297,0.3991],[129.5313,72.1333,0.0],[129.5167,72.1333,0.3991],[129.5125,72.1354,0.5938],[129.4979,72.1354,0.3837],[129.4937,72.1375,0.0],[129.4708,72.1375,0.2399],[129.4667,72.1354,0.4703],[129.4563,72.1354,0.7111],[129.4505,72.138,0.3393],[129.4495,72.1412,0.0],[129.4417,72.1438,0.0],[129.4125,72.1438,0.0],[129.4083,72.1417,0.9211],[129.3979,72.1417,0.0],[129.3771,72.1354,1.1878],[129.3667,72.1354,0.0],[129.3651,72.1349,0.0],[129.3641,72.1297,0.2078],[129.3625,72.1292,1.1454],[129.3375,72.1271,0.0],[129.3333,72.125,0.4899],[129.3229,72.125,0.0],[129.3188,72.1229,1.6722],[129.3083,72.1229,-0.0085],[129.3042,72.1208,0.8812],[129.2646,72.1208,0.0],[129.2604,72.1188,1.96],[129.2437,72.1188,0.0],[129.2375,72.1167,0.3532],[129.2354,72.1188,0.5166],[129.237,72.1245,0.0],[129.2146,72.1271,0.2122],[129.2,72.1333,0.0],[129.1917,72.1333,0.6028],[129.1875,72.1354,0.0],[129.1708,72.1354,0.807],[129.1667,72.1375,0.4466],[129.1521,72.1375,1.8223],[129.1479,72.1396,0.0],[129.1396,72.1396,1.8607],[129.1354,72.1375,1.5378],[129.1313,72.1375,1.5421],[129.1271,72.1396,0.4363],[129.1125,72.1396,1.7774],[129.1047,72.1432,1.869],[129.1167,72.1438,2.797],[129.1208,72.1417,2.2568],[129.1292,72.1417,1.8742],[129.1307,72.1432,0.0],[129.1187,72.1479,0.0],[129.1021,72.1479,0.0],[129.1005,72.1484,0.0],[129.1016,72.1516,0.0],[129.0938,72.1542,0.0],[129.0854,72.1542,1.4083],[129.0813,72.1563,0.0],[129.0667,72.1563,1.1188],[129.0625,72.1583,0.0],[129.0042,72.1583,0.0],[128.9937,72.1542,1.5364],[128.9896,72.1542,2.749],[128.9854,72.1563,0.0],[128.95,72.1563,0.0],[128.9458,72.1542,2.9062],[128.9146,72.1542,0.0],[128.9104,72.1521,3.5854],[128.8813,72.1521,2.8777],[128.8771,72.1542,0.0],[128.8604,72.1542,2.5163],[128.8521,72.1583,0.0],[128.8417,72.1583,1.1127],[128.8375,72.1604,0.0],[128.8229,72.1604,0.0],[128.8188,72.1583,3.6723],[128.8083,72.1583,2.5],[128.8068,72.1599,2.9226],[128.8125,72.1604,3.823],[128.8141,72.162,0.0],[128.7818,72.163,0.0],[128.7833,72.1646,1.8235],[128.7953,72.1651,0.0],[128.7953,72.1682,2.8238],[128.7937,72.1687,2.8238],[128.7708,72.1687,0.0],[128.7646,72.1667,3.4131],[128.7604,72.1687,0.0],[128.7521,72.1687,0.0],[128.7479,72.1667,3.9417],[128.7375,72.1667,2.7706],[128.7234,72.1713,1.9777],[128.7245,72.1745,0.0],[128.7104,72.1792,0.0],[128.7021,72.1792,2.7815],[128.6943,72.1818,2.5264],[128.6953,72.1849,0.4939],[128.6854,72.1854,2.2189],[128.6828,72.187,2.7883]]],
[[[129.5516,72.1432,0.2289],[129.5479,72.1458,0.3117],[129.5495,72.1516,0.343],[129.5417,72.1542,0.2562],[129.5188,72.1542,0.45],[129.5083,72.15,0.9622],[129.5026,72.1495,0.4315],[129.4995,72.1464,0.6816],[129.4917,72.1438,0.7468],[129.4812,72.1438,0.8813],[129.4797,72.1422,0.7502],[129.5167,72.1417,0.5952],[129.5208,72.1396,0.117],[129.5292,72.1417,0.6214],[129.5333,72.1396,0.3584],[129.5417,72.1396,0.4787],[129.5479,72.1375,0.0638],[129.5516,72.1401,0.0],[129.5516,72.1432,0.2289]]],
[[[128.4641,72.1724,1.2407],[128.4563,72.175,0.6313],[128.4479,72.175,1.2745],[128.4438,72.1771,-0.2914],[128.4208,72.1771,-0.3867],[128.4167,72.175,1.2264],[128.4063,72.175,0.6498],[128.4021,72.1729,0.3199],[128.3917,72.1729,0.0271],[128.3901,72.1713,0.1793],[128.4146,72.1708,0.2755],[128.4187,72.1667,1.3635],[128.4271,72.1667,1.1242],[128.4312,72.1646,1.5282],[128.4458,72.1646,0.6297],[128.4557,72.1672,1.2659],[128.4641,72.1724,1.2407]]],
[[[129.1776,72.1797,1.9989],[129.1812,72.1792,2.5746],[129.1828,72.1807,0.3902],[129.1792,72.1813,0.0],[129.1776,72.1797,1.9989]]],
[[[129.2042,72.1479,0.5019],[129.2146,72.1479,0.1359],[129.2161,72.1495,0.7547],[129.2083,72.1521,0.0],[129.1646,72.1521,0.0],[129.1604,72.15,1.8802],[129.1438,72.15,0.0],[129.1401,72.1464,1.2649],[129.1646,72.1438,1.0969],[129.1729,72.1396,0.0],[129.1812,72.1396,1.1713],[129.1854,72.1375,0.0],[129.2021,72.1375,0.8549],[129.2036,72.1391,0.109],[129.1984,72.1412,0.9336],[129.2005,72.1453,0.7725],[129.2042,72.1479,0.5019]]],
[[[128.8297,72.1651,0.412],[128.8271,72.1667,0.461],[128.8125,72.1667,2.4401],[128.8083,72.1687,2.5039],[128.8047,72.1682,2.7305],[128.8026,72.1661,2.4032],[128.8042,72.1646,1.7331],[128.8125,72.1646,2.3256],[128.8167,72.1625,1.1377],[128.8349,72.163,0.7772],[128.8297,72.1651,0.412]]],
[[[128.4672,72.1755,0.8846],[128.4708,72.175,0.0],[128.4724,72.1766,1.5459],[128.4688,72.1771,0.8098],[128.4672,72.1755,0.8846]]],
[[[129.4146,72.1854,0.0],[129.4182,72.187,0.2482],[129.4109,72.187,0.0482],[129.4109,72.1859,0.0],[129.4146,72.1854,0.0]]],
[[[129.4328,72.188,0.2365],[129.4339,72.1911,0.1228],[129.4396,72.1917,0.0],[129.4411,72.1932,0.2408],[129.4333,72.1958,0.2348],[129.4104,72.1958,0.0],[129.4063,72.1937,1.1195],[129.3818,72.1932,0.6961],[129.3833,72.1917,0.0],[129.3979,72.1917,0.8301],[129.4021,72.1896,0.0],[129.425,72.1896,0.4363],[129.4292,72.1875,0.2488],[129.4328,72.188,0.2365]]],
[[[128.6859,72.1922,4.8953],[128.6896,72.1917,3.1402],[128.6911,72.1932,3.0],[128.6875,72.1937,5.072],[128.6859,72.1922,4.8953]]],
[[[128.7151,72.1943,5.178],[128.7188,72.1937,2.5],[128.7203,72.1953,4.1352],[128.7167,72.1958,4.9022],[128.7151,72.1943,5.178]]],
[[[129.6333,72.3771,0.0],[129.637,72.3786,0.0],[129.6339,72.3797,0.0],[129.6328,72.3828,0.0],[129.625,72.3854,0.0],[129.613,72.3828,0.0],[129.6271,72.3771,0.0],[129.6333,72.3771,0.0]]],
[[[128.5146,72.2375,0.4526],[128.5151,72.2359,0.7518],[128.5188,72.2354,0.5515],[128.5224,72.2391,0.0259],[128.5146,72.2417,0.6559],[128.5089,72.2412,0.4538],[128.5141,72.2391,0.4781],[128.5146,72.2375,0.4526]]],
[[[129.1443,72.238,0.6812],[129.1479,72.2375,0.5769],[129.1495,72.2391,0.038],[129.1458,72.2396,0.5234],[129.1443,72.238,0.6812]]],
[[[128.2193,72.2464,1.0499],[128.2229,72.2458,1.3318],[128.2245,72.2474,1.0918],[128.2208,72.2479,1.2639],[128.2193,72.2464,1.0499]]],
[[[128.213,72.2484,1.3911],[128.2167,72.2479,1.5396],[128.2182,72.2495,1.4621],[128.2146,72.25,1.2268],[128.213,72.2484,1.3911]]],
[[[128.1463,72.2526,1.6692],[128.15,72.2521,1.5844],[128.1516,72.2536,1.582],[128.1479,72.2542,1.5239],[128.1463,72.2526,1.6692]]],
[[[129.1333,72.2813,-0.3271],[129.137,72.2828,0.8063],[129.1229,72.2875,0.9982],[129.113,72.287,1.1769],[129.1104,72.2833,-0.1371],[129.1125,72.2813,-0.3474],[129.1333,72.2813,-0.3271]]],
[[[129.4359,72.2901,0.0],[129.4396,72.2896,0.0],[129.4411,72.2911,0.0],[129.4375,72.2917,0.0],[129.4359,72.2901,0.0]]],
[[[128.3484,72.2443,0.6412],[128.3521,72.2438,1.147],[128.3537,72.2453,0.9842],[128.35,72.2458,1.0945],[128.3484,72.2443,0.6412]]],
[[[128.438,72.2495,0.1403],[128.4479,72.2458,0.5067],[128.4578,72.2484,0.6173],[128.4583,72.25,0.4188],[128.4563,72.2521,0.5606],[128.4479,72.2521,1.268],[128.438,72.2495,0.1403]]],
[[[129.4641,72.2536,0.2737],[129.4563,72.2562,0.5481],[129.4464,72.2568,0.0],[129.4474,72.2599,0.4404],[129.4458,72.2604,0.4404],[129.4292,72.2604,0.0],[129.4193,72.2578,0.0],[129.4187,72.2562,0.5666],[129.4208,72.2542,0.0],[129.4354,72.2542,0.0],[129.4521,72.2479,0.4578],[129.462,72.2484,0.4695],[129.4641,72.2505,0.3884],[129.4641,72.2536,0.2737]]],
[[[129.4312,72.2625,0.3242],[129.4479,72.2625,0.0],[129.45,72.2646,0.2467],[129.4438,72.2708,0.0],[129.4271,72.2708,0.0],[129.4229,72.2688,0.7726],[129.4125,72.2688,0.0],[129.4026,72.2662,0.5821],[129.4167,72.2604,0.0],[129.4229,72.2625,0.5912],[129.4312,72.2625,0.3242]]],
[[[129.35,72.1917,0.0],[129.3537,72.1932,1.3208],[129.3417,72.1937,0.8626],[129.3333,72.1979,0.3952],[129.3167,72.1979,0.6012],[129.3104,72.1917,-0.0935],[129.3062,72.1917,0.0468],[129.3021,72.1896,1.1865],[129.2854,72.1896,0.5745],[129.2729,72.1854,1.2216],[129.2208,72.1833,1.3033],[129.2167,72.1813,2.0673],[129.2104,72.1833,0.5264],[129.1984,72.1828,1.7604],[129.2063,72.1792,0.0],[129.2224,72.1787,0.9508],[129.2208,72.1771,0.0],[129.2042,72.1771,1.3511],[129.2,72.1792,0.0],[129.1854,72.1792,1.9673],[129.1839,72.1776,2.1124],[129.1932,72.1745,2.3554],[129.1943,72.1713,0.0],[129.2036,72.1682,1.5033],[129.2026,72.163,0.0973],[129.2104,72.1604,0.0],[129.2188,72.1604,1.2037],[129.2229,72.1583,0.0],[129.2396,72.1583,0.1321],[129.2437,72.1563,0.1113],[129.2521,72.1563,1.6017],[129.2563,72.1542,0.0],[129.2771,72.1542,1.1572],[129.2813,72.1521,0.5865],[129.2979,72.1521,0.6673],[129.3042,72.1542,0.8395],[129.3083,72.1521,0.2156],[129.3188,72.1521,0.0],[129.3229,72.1542,0.1678],[129.3333,72.1542,0.0],[129.3375,72.1563,1.047],[129.3542,72.1563,0.0],[129.3724,72.1609,0.0],[129.375,72.1646,0.4449],[129.3917,72.1646,0.0],[129.4099,72.1693,0.2171],[129.4021,72.1729,0.0],[129.3875,72.1729,0.4718],[129.3833,72.175,0.0],[129.375,72.175,0.3358],[129.3708,72.1771,0.0],[129.3589,72.1755,0.0],[129.3625,72.1792,0.5098],[129.3875,72.1813,0.0],[129.3979,72.1854,0.3284],[129.4036,72.1859,0.2781],[129.3958,72.1896,0.0],[129.3604,72.1896,0.0],[129.3479,72.1854,1.0238],[129.3375,72.1854,1.2426],[129.3333,72.1833,1.1068],[129.3214,72.1839,0.623],[129.3313,72.1875,1.3662],[129.3417,72.1875,0.0],[129.3464,72.1911,0.0],[129.35,72.1917,0.0]]],
[[[128.8333,72.2021,3.1081],[128.8292,72.2021,4.3264],[128.825,72.2042,0.0],[128.8167,72.2042,1.5033],[128.8125,72.2063,0.409],[128.8021,72.2063,0.9814],[128.7979,72.2021,1.3087],[128.7792,72.2021,0.0],[128.775,72.2,4.4368],[128.7583,72.2,2.3184],[128.7458,72.1958,2.7108],[128.7292,72.1958,0.0],[128.7245,72.1901,4.7099],[128.7125,72.1896,3.0],[128.7104,72.1875,5.0831],[128.7109,72.1859,5.2913],[128.7229,72.1813,0.0],[128.7333,72.1813,3.5],[128.7349,72.1828,4.618],[128.7234,72.1839,3.5],[128.7234,72.187,4.7288],[128.7354,72.1875,3.5],[128.7396,72.1896,4.314],[128.7583,72.1896,3.176],[128.7625,72.1917,4.7337],[128.7771,72.1917,4.5603],[128.7792,72.1896,2.6719],[128.7771,72.1875,4.7231],[128.7521,72.1875,4.228],[128.7443,72.1839,5.3188],[128.7474,72.1828,3.5],[128.7484,72.1797,5.2156],[128.7563,72.1771,0.0],[128.7646,72.1771,0.8315],[128.7688,72.175,0.0],[128.775,72.1771,0.8363],[128.825,72.1771,3.3075],[128.8292,72.175,0.0],[128.8333,72.175,0.0],[128.8375,72.1771,1.4505],[128.8458,72.1771,0.0],[128.8474,72.1755,3.3787],[128.8401,72.1745,0.0],[128.838,72.1693,0.0],[128.8583,72.1625,0.0],[128.8792,72.1604,0.4917],[128.8896,72.1563,0.3237],[128.9063,72.1563,0.2075],[128.9104,72.1583,0.5851],[128.9208,72.1583,0.0],[128.9312,72.1625,1.2352],[128.9771,72.1625,0.0],[128.9812,72.1646,1.4077],[128.9917,72.1646,0.0],[128.9958,72.1667,0.0],[129.0792,72.1667,2.7682],[129.0833,72.1646,0.0],[129.1042,72.1625,1.7588],[129.1208,72.1563,1.8299],[129.1292,72.1563,1.3082],[129.1333,72.1542,0.0],[129.15,72.1542,0.0],[129.1516,72.1557,0.0],[129.1463,72.1578,0.8235],[129.1521,72.1583,0.0],[129.1536,72.1599,0.0],[129.1484,72.162,0.0471],[129.162,72.163,0.2321],[129.162,72.1661,1.1191],[129.1589,72.1682,1.3101],[129.1724,72.1713,0.6287],[129.1646,72.175,0.0],[129.1354,72.175,1.6641],[129.1292,72.1771,0.0],[129.1229,72.175,1.4224],[129.1167,72.1771,0.0],[129.1125,72.175,1.9024],[129.0813,72.175,1.698],[129.0771,72.1771,0.0],[129.0625,72.1771,1.2675],[129.0562,72.1792,0.2333],[129.05,72.1729,2.6314],[129.0125,72.1729,0.0],[129.0083,72.1708,1.4566],[128.9979,72.1708,2.5489],[128.9917,72.1729,0.0],[128.9854,72.1708,3.2273],[128.975,72.175,0.0],[128.9646,72.175,0.0],[128.963,72.1745,0.0],[128.963,72.1713,1.8195],[128.9682,72.1693,3.6701],[128.9661,72.1672,0.9541],[128.9625,72.1667,0.4842],[128.9547,72.1693,3.2185],[128.9536,72.1724,2.3613],[128.9505,72.1734,2.5253],[128.9583,72.1771,0.1832],[128.9641,72.1776,0.7586],[128.9588,72.1797,0.6698],[128.9604,72.1813,0.56],[128.9661,72.1807,0.8322],[128.9729,72.1771,0.1269],[129.0229,72.175,0.0],[129.0437,72.1813,1.1761],[129.0542,72.1813,0.0],[129.0583,72.1833,0.6193],[129.0667,72.1833,0.6248],[129.0708,72.1813,0.671],[129.0813,72.1813,0.0],[129.0828,72.1828,0.4493],[129.0729,72.1833,0.8079],[129.0625,72.1875,0.0],[129.0333,72.1875,1.0966],[129.0292,72.1917,2.0922],[128.9458,72.1917,3.8736],[128.9443,72.1901,4.1063],[128.9495,72.1891,3.9117],[128.9536,72.1859,0.0],[128.9438,72.1854,0.7609],[128.9396,72.1875,0.4211],[128.9297,72.188,0.9029],[128.9271,72.1917,0.3376],[128.9125,72.1917,0.327],[128.9083,72.1896,0.6616],[128.8979,72.1896,0.0],[128.8521,72.1771,3.3661],[128.8505,72.1776,0.0],[128.8505,72.1807,1.1059],[128.8578,72.1818,0.0],[128.8589,72.1849,2.6455],[128.8771,72.1896,0.5253],[128.8875,72.1896,0.0],[128.8891,72.1911,0.0],[128.8438,72.1917,0.0],[128.8422,72.1932,0.0],[128.8958,72.1937,0.0],[128.8974,72.1953,1.5058],[128.8875,72.1958,2.4209],[128.8833,72.1979,0.0],[128.8604,72.1979,2.8656],[128.8562,72.2,0.0],[128.8479,72.2,3.3775],[128.8438,72.2021,0.0],[128.8333,72.2021,3.1081]]],
[[[128.863,72.2047,0.0],[128.8667,72.2042,0.0],[128.8682,72.2057,3.2131],[128.8646,72.2063,1.5],[128.863,72.2047,0.0]]],
[[[128.725,72.1979,0.0],[128.7417,72.1979,0.0],[128.7437,72.2,1.6905],[128.7417,72.2021,0.9657],[128.7172,72.2016,1.169],[128.725,72.1979,0.0]]],
[[[128.5474,72.2037,0.0],[128.5396,72.2063,0.0],[128.5313,72.2063,3.915],[128.5271,72.2083,0.0],[128.5213,72.2078,0.0],[128.5208,72.2063,6.0219],[128.5213,72.2047,5.3252],[128.5328,72.2016,1.2061],[128.5318,72.1984,-0.1078],[128.5333,72.1979,-0.1455],[128.5453,72.2005,1.0482],[128.5474,72.2037,0.0]]],
[[[128.612,72.2286,0.837],[128.6021,72.2292,0.9806],[128.5917,72.2333,0.0],[128.5854,72.2312,2.0752],[128.575,72.2312,6.8286],[128.5708,72.2333,2.6258],[128.5401,72.2328,6.6979],[128.5771,72.2188,0.6966],[128.5854,72.2188,1.084],[128.6021,72.2125,0.4125],[128.6104,72.2125,1.529],[128.6182,72.2099,1.0814],[128.6146,72.2063,3.1282],[128.6062,72.2063,0.0],[128.5958,72.2104,0.0],[128.5875,72.2104,5.65],[128.5708,72.2167,0.0],[128.5625,72.2167,0.0],[128.5526,72.2141,0.0],[128.55,72.2104,2.8268],[128.5505,72.2089,2.7456],[128.5557,72.2078,1.5443],[128.5547,72.2047,0.0],[128.5724,72.1995,0.0],[128.5708,72.1979,5.0737],[128.5589,72.1974,4.7215],[128.5667,72.1937,0.0],[128.5813,72.1937,0.0],[128.5828,72.1953,0.9369],[128.5797,72.1974,0.0],[128.5813,72.1979,0.0],[128.5958,72.1979,2.3347],[128.6062,72.1937,0.0],[128.6182,72.1964,0.5359],[128.6089,72.2005,0.0],[128.6104,72.2021,0.0],[128.6187,72.2021,0.0],[128.6292,72.1979,0.0],[128.6458,72.1979,1.9348],[128.6521,72.2,5.5447],[128.6625,72.1958,0.0],[128.7141,72.1964,4.7364],[128.7125,72.1979,3.5967],[128.7026,72.1984,2.5041],[128.7099,72.2016,0.0],[128.6833,72.2104,5.6588],[128.675,72.2083,5.4687],[128.6708,72.2104,5.4147],[128.6625,72.2104,5.5382],[128.6583,72.2125,0.0],[128.6479,72.2104,1.7546],[128.6359,72.2151,0.0],[128.6396,72.2167,3.6857],[128.6438,72.2146,0.8008],[128.6812,72.2146,0.9177],[128.6833,72.2167,1.0781],[128.6812,72.2188,0.0971],[128.6729,72.2188,4.3756],[128.6687,72.2208,0.0],[128.6505,72.2214,0.0],[128.6521,72.2229,0.0],[128.6578,72.2234,1.0755],[128.6563,72.225,0.6617],[128.6479,72.225,1.6479],[128.6438,72.2229,0.0],[128.6396,72.2229,0.0],[128.6354,72.225,0.0],[128.6208,72.225,2.1256],[128.612,72.2286,0.837]]],
[[[128.4271,72.2396,1.148],[128.4229,72.2396,1.3346],[128.4187,72.2417,0.7302],[128.4104,72.2417,1.8664],[128.4063,72.2438,0.4204],[128.3958,72.2438,0.6244],[128.3917,72.2396,0.8832],[128.3729,72.2396,0.3831],[128.3703,72.2359,1.2045],[128.3583,72.2354,0.9766],[128.3542,72.2333,0.5389],[128.3438,72.2333,1.0835],[128.3396,72.2354,0.9846],[128.3188,72.2375,0.8818],[128.3125,72.2333,1.5409],[128.3062,72.2354,1.061],[128.2979,72.2354,0.0],[128.2943,72.2328,1.2833],[128.2932,72.2297,1.0146],[128.2875,72.2292,0.6559],[128.2859,72.2276,0.59],[128.2974,72.2266,0.5541],[128.2984,72.2234,0.9716],[128.3042,72.2208,0.6966],[128.3208,72.2208,0.5971],[128.325,72.2188,0.7778],[128.3411,72.2182,0.5132],[128.3396,72.2167,0.7881],[128.3276,72.2161,0.3985],[128.3292,72.2146,1.0946],[128.3604,72.2146,0.8939],[128.363,72.2182,0.5259],[128.3667,72.2188,0.8483],[128.3687,72.2167,0.4086],[128.3672,72.213,0.6111],[128.3687,72.2125,0.3136],[128.3745,72.213,0.2545],[128.3771,72.2167,0.2358],[128.3875,72.2146,0.4044],[128.3938,72.2167,0.6337],[128.3963,72.213,0.2513],[128.4,72.2125,0.0941],[128.4125,72.2167,0.3978],[128.4187,72.2146,0.3821],[128.4354,72.2146,-0.0688],[128.4417,72.2167,0.4891],[128.4479,72.2146,-0.1736],[128.4542,72.2167,3.4548],[128.4583,72.2125,0.0],[128.4875,72.2125,0.0],[128.4917,72.2146,4.0247],[128.5021,72.2146,4.9375],[128.5125,72.2104,0.0],[128.5354,72.2104,0.0],[128.538,72.2141,1.4486],[128.5453,72.2151,0.0],[128.5458,72.2167,3.2264],[128.5422,72.2193,5.3748],[128.5412,72.2224,0.8334],[128.5333,72.225,1.0682],[128.525,72.225,5.0326],[128.5146,72.2292,0.0],[128.5063,72.2292,5.7636],[128.5047,72.2297,3.0578],[128.5057,72.2328,0.0],[128.4979,72.2354,0.0],[128.4896,72.2354,5.9127],[128.4854,72.2375,1.6423],[128.4688,72.2375,7.438],[128.4646,72.2396,0.0],[128.4271,72.2396,1.148]]],
[[[129.0818,72.2214,2.2392],[129.0854,72.2208,1.1714],[129.087,72.2224,1.8253],[129.0833,72.2229,2.0917],[129.0818,72.2214,2.2392]]],
[[[129.1667,72.2375,1.4822],[129.1563,72.2354,1.3038],[129.1547,72.2338,1.4643],[129.1667,72.2333,0.0805],[129.1766,72.2359,1.5251999999999999],[129.1771,72.2375,1.1244],[129.1766,72.2391,0.368],[129.1729,72.2396,0.2488],[129.1667,72.2375,1.4822]]],
[[[129.4036,72.2276,0.5198],[129.4057,72.2307,0.2744],[129.3943,72.2349,0.4665],[129.4016,72.2359,-0.0289],[129.4036,72.2432,0.4908],[129.3979,72.2458,0.0],[129.3813,72.2458,0.0],[129.3771,72.2438,0.6524],[129.3562,72.2396,0.0],[129.3537,72.2359,0.731],[129.325,72.2292,0.1356],[129.3188,72.225,0.747],[129.3083,72.225,0.0],[129.2979,72.2208,1.1329],[129.2875,72.2208,0.6328],[129.2833,72.2188,1.2669],[129.2713,72.2193,0.5848],[129.2724,72.2224,0.0605],[129.2609,72.2255,0.0459],[129.2599,72.2286,0.0],[129.2458,72.2333,0.4872],[129.2359,72.2307,0.9275],[129.2328,72.2276,1.2176],[129.2276,72.2266,0.0],[129.2229,72.2229,0.1197],[129.2188,72.2229,0.3569],[129.2146,72.2208,0.8586],[129.2042,72.2208,0.0],[129.1938,72.2167,0.7648],[129.175,72.2167,0.0],[129.1708,72.2146,1.079],[129.1479,72.2146,-0.0429],[129.1375,72.2188,0.0],[129.1167,72.2208,0.3039],[129.112,72.2172,0.0],[129.0958,72.2125,1.9475],[129.0854,72.2125,0.0],[129.0646,72.2063,2.965],[129.0479,72.2063,0.0],[129.0443,72.2037,1.0083],[129.0432,72.2005,1.9551],[129.0359,72.1995,1.0974],[129.0354,72.1979,1.2997],[129.0359,72.1964,0.5192],[129.0437,72.1937,0.0],[129.0646,72.1917,1.3869],[129.0688,72.1896,0.0],[129.0771,72.1896,1.1806],[129.0813,72.1875,0.0],[129.1104,72.1875,1.2809],[129.1146,72.1854,0.0],[129.1292,72.1854,0.4119],[129.1333,72.1833,0.9439],[129.15,72.1833,0.1847],[129.1542,72.1854,2.588],[129.1625,72.1854,2.1541],[129.1667,72.1833,0.0],[129.1833,72.1833,2.3889],[129.1875,72.1854,1.5127],[129.1995,72.1859,1.408],[129.2042,72.1917,1.4655],[129.2104,72.1896,0.2787],[129.2333,72.1896,1.2182],[129.2349,72.1911,1.136],[129.2318,72.1932,1.175],[129.2333,72.1937,1.175],[129.25,72.1937,0.5968],[129.2542,72.1958,1.1216],[129.2708,72.1958,0.8505],[129.2771,72.1937,0.8956],[129.2807,72.1974,1.1614],[129.2755,72.1984,0.9159],[129.2755,72.2016,1.2056],[129.2771,72.2021,1.3711],[129.3208,72.2021,0.8407],[129.3271,72.2,0.8253],[129.3333,72.2042,0.7073],[129.3417,72.2042,0.9031],[129.3458,72.2021,0.6886],[129.3687,72.2021,0.6486],[129.3703,72.2005,0.2664],[129.3583,72.2,0.3088],[129.3542,72.1979,0.3212],[129.3438,72.2,0.3882],[129.3422,72.1984,0.4463],[129.3562,72.1937,1.3208],[129.3792,72.1937,0.8237],[129.3833,72.1958,0.8068],[129.3938,72.1958,0.0],[129.3979,72.1979,0.0],[129.45,72.1979,0.0],[129.4599,72.2005,0.0],[129.4625,72.2042,0.4654],[129.4729,72.2042,0.0],[129.4771,72.2063,0.4593],[129.5021,72.2083,0.0],[129.5146,72.2125,0.2141],[129.5188,72.2125,0.0],[129.525,72.2188,0.0],[129.5474,72.2161,0.4078],[129.5464,72.2109,0.0],[129.5542,72.2083,0.0],[129.5646,72.2083,0.331],[129.5672,72.212,0.5145],[129.5745,72.213,0.0],[129.575,72.2146,0.0],[129.5729,72.2167,0.0],[129.5521,72.2188,0.0],[129.5479,72.2208,0.0],[129.5396,72.2208,0.6423],[129.5354,72.2229,0.3956],[129.5271,72.2229,0.3878],[129.5229,72.225,0.0],[129.4937,72.225,0.0],[129.4875,72.2229,0.4762],[129.4833,72.225,0.0],[129.4729,72.225,0.0],[129.4688,72.2229,0.5183],[129.4521,72.2229,0.3467],[129.4479,72.225,0.3259],[129.4187,72.225,0.6764],[129.4146,72.2229,0.4416],[129.4042,72.2229,0.7667],[129.4,72.225,0.3136],[129.3917,72.225,0.9758],[129.3839,72.2286,1.0023],[129.3896,72.2292,0.8637],[129.3938,72.2271,0.5559],[129.4036,72.2276,0.5198]]],
[[[129.3646,72.2667,0.3279],[129.3583,72.2688,0.0],[129.3521,72.2667,0.2651],[129.3479,72.2708,0.0],[129.3313,72.2708,0.0],[129.3271,72.2688,0.4971],[129.2896,72.2688,-0.2445],[129.2854,72.2708,0.0],[129.2771,72.2708,0.0],[129.2672,72.2682,0.0],[129.262,72.2589,1.2416],[129.2563,72.2583,1.1657],[129.2484,72.2557,0.7986],[129.2453,72.2526,1.5966],[129.238,72.2516,0.8963],[129.237,72.2484,1.5604],[129.2333,72.2458,-0.064],[129.2234,72.2484,0.7481],[129.2307,72.2516,-0.2028],[129.2208,72.2521,1.143],[129.2193,72.2536,1.1215],[129.2229,72.2562,0.8618],[129.2312,72.2542,0.1431],[129.2437,72.2583,1.1033],[129.2479,72.2583,0.0],[129.2495,72.2589,-0.2261],[129.2495,72.262,0.6561],[129.2396,72.2625,0.0],[129.2271,72.2583,0.6499],[129.2167,72.2583,0.0],[129.212,72.2547,1.2204],[129.2047,72.2536,0.706],[129.2099,72.2516,1.3652],[129.2109,72.2484,1.4442],[129.2161,72.2464,1.4606],[129.2088,72.2453,1.3706],[129.2042,72.2396,0.0],[129.2005,72.2401,0.2524],[129.2,72.2417,0.4598],[129.2036,72.2484,1.2982],[129.2021,72.25,0.7459],[129.1964,72.2495,0.9328],[129.1938,72.2458,1.057],[129.1818,72.2453,0.4644],[129.1797,72.2422,0.552],[129.1911,72.2391,1.1591],[129.1891,72.2338,1.6296],[129.1875,72.2333,1.6712],[129.1771,72.2312,1.508],[129.1708,72.2333,1.719],[129.1583,72.2292,1.6258],[129.1396,72.2292,1.4913],[129.138,72.2276,2.0868],[129.1458,72.225,0.0],[129.1542,72.225,0.4652],[129.1646,72.2208,0.0],[129.1875,72.2208,0.0],[129.2141,72.2276,0.0],[129.2088,72.2297,0.252],[129.2141,72.2318,0.0],[129.2109,72.2338,0.924],[129.2109,72.237,0.0],[129.2208,72.2396,1.5123],[129.2312,72.2396,1.1483],[129.2354,72.2438,0.2137],[129.2458,72.2438,1.5853],[129.2484,72.2401,1.4193],[129.2526,72.238,0.4566],[129.2703,72.2328,1.1821],[129.2755,72.2297,-0.4469],[129.2875,72.2292,0.8482],[129.2937,72.2271,-0.2728],[129.2979,72.2292,0.5805],[129.3099,72.2297,-0.1041],[129.3109,72.2328,0.3647],[129.3182,72.2338,0.0989],[129.3203,72.2359,0.568],[129.3245,72.2453,0.0],[129.313,72.2464,0.3483],[129.313,72.2495,0.143],[129.325,72.25,0.8342],[129.3313,72.2479,0.5982],[129.35,72.2542,0.7107],[129.3557,72.2547,0.7121],[129.3604,72.2583,0.2866],[129.3667,72.2562,0.2779],[129.3833,72.2562,0.0],[129.3932,72.2589,0.5808],[129.3953,72.263,0.454],[129.3938,72.2646,0.0],[129.3896,72.2646,0.0],[129.3854,72.2625,0.7307],[129.3687,72.2625,0.5547],[129.3672,72.263,0.6224],[129.3682,72.2662,0.3379],[129.3646,72.2667,0.3279]]],
[[[128.0484,72.2943,1.6624],[128.0521,72.2937,2.0051],[128.0537,72.2953,1.794],[128.05,72.2958,1.4187],[128.0484,72.2943,1.6624]]],
[[[128.7464,72.3089,4.183],[128.75,72.3083,4.1257],[128.7516,72.3099,3.9684],[128.7479,72.3104,3.9684],[128.7464,72.3089,4.183]]],
[[[127.9833,72.3125,2.1194],[127.987,72.313,1.9041],[127.987,72.3141,2.111],[127.9797,72.3141,1.8458],[127.9833,72.3125,2.1194]]],
[[[129.0589,72.3172,1.7914],[129.0625,72.3167,1.8329],[129.0641,72.3182,1.7867],[129.0604,72.3187,1.8502],[129.0589,72.3172,1.7914]]],
[[[127.9693,72.3172,1.8791],[127.9729,72.3167,1.6457],[127.9745,72.3182,1.9477],[127.9708,72.3187,1.6152],[127.9693,72.3172,1.8791]]],
[[[128.7109,72.3193,3.5525],[128.7146,72.3187,2.5],[128.7161,72.3203,4.3471],[128.7125,72.3208,4.1577],[128.7109,72.3193,3.5525]]],
[[[129.0729,72.325,1.7651],[129.0813,72.325,1.1682],[129.0833,72.3271,1.3579],[129.0828,72.3287,1.5526],[129.075,72.3313,2.3029],[129.0667,72.3313,1.4038],[129.063,72.3287,1.3695],[129.0729,72.325,1.7651]]],
[[[127.9526,72.3276,1.9031],[127.9563,72.3271,2.0394],[127.9578,72.3287,1.9068],[127.9542,72.3292,2.1318],[127.9526,72.3276,1.9031]]],
[[[127.9271,72.3417,1.9212],[127.9167,72.3396,2.0775],[127.9151,72.338,2.2454],[127.9271,72.3375,2.0634],[127.9349,72.3401,1.9727],[127.9333,72.3417,1.9924],[127.9271,72.3417,1.9212]]],
[[[129.0089,72.3401,2.748],[129.0125,72.3396,2.7157],[129.0141,72.3411,2.7701],[129.0104,72.3417,0.0],[129.0089,72.3401,2.748]]],
[[[127.9057,72.3516,2.1802],[127.8938,72.3521,1.695],[127.8922,72.3505,1.699],[127.9042,72.35,1.9036],[127.9057,72.3516,2.1802]]],
[[[129.2401,72.3505,1.5281],[129.2437,72.35,0.0086],[129.2453,72.3516,1.1068],[129.2417,72.3521,0.6203],[129.2401,72.3505,1.5281]]],
[[[129.1875,72.3479,1.9387],[129.2016,72.3464,1.4728],[129.1958,72.35,1.3012],[129.1839,72.3495,1.6448],[129.1875,72.3479,1.9387]]],
[[[129.6089,72.3859,0.0],[129.6125,72.3854,0.0],[129.6141,72.387,0.0],[129.6104,72.3875,0.3248],[129.6089,72.3859,0.0]]],
[[[129.5943,72.3734,0.4302],[129.5953,72.3766,0.2775],[129.5838,72.3797,0.0],[129.5771,72.3833,0.0],[129.5667,72.3833,0.5788],[129.5625,72.3812,0.6713],[129.5583,72.3812,0.4385],[129.5547,72.3766,0.1797],[129.5688,72.3708,0.4944],[129.5896,72.3688,0.3581],[129.5938,72.3667,0.401],[129.6057,72.3672,0.3503],[129.6057,72.3703,0.3404],[129.5943,72.3734,0.4302]]],
[[[127.5734,72.3755,0.0],[127.5771,72.375,2.4459],[127.5787,72.3766,0.0],[127.575,72.3771,0.0],[127.5734,72.3755,0.0]]],
[[[127.5797,72.3734,2.528],[127.5833,72.3729,2.2581],[127.5849,72.3745,2.1571],[127.5813,72.375,2.3711],[127.5797,72.3734,2.528]]],
[[[129.4812,72.3729,0.5332],[129.4875,72.3708,0.0],[129.4917,72.375,0.0895],[129.4912,72.3766,0.0],[129.4854,72.3792,0.0],[129.4672,72.3786,0.766],[129.4724,72.3766,0.4155],[129.4714,72.3734,0.0],[129.4812,72.3729,0.5332]]],
[[[129.1854,72.375,0.853],[129.175,72.3729,0.464],[129.1734,72.3714,-0.2301],[129.1854,72.3708,1.6064],[129.1891,72.3745,-0.1657],[129.1854,72.375,0.853]]],
[[[127.5755,72.3797,0.0],[127.5792,72.3792,0.0],[127.5807,72.3807,0.0],[127.5771,72.3812,0.0],[127.5755,72.3797,0.0]]],
[[[129.4609,72.3797,0.8441],[129.4646,72.3792,0.7981],[129.4661,72.3807,0.5445],[129.4625,72.3812,0.8603],[129.4609,72.3797,0.8441]]],
[[[127.9568,72.388,2.261],[127.9542,72.3896,2.0471],[127.9396,72.3896,3.7325],[127.9354,72.3917,0.0],[127.9104,72.3917,8.0187],[127.9083,72.3896,5.0776],[127.9089,72.388,0.0],[127.9167,72.3854,0.0],[127.925,72.3854,4.4549],[127.9417,72.3792,0.0],[127.9917,72.3792,0.0],[128.0016,72.3818,1.5833],[128.0021,72.3833,1.9364],[128.0,72.3854,2.0175],[127.9917,72.3854,1.9901],[127.9875,72.3875,0.9709],[127.9812,72.3854,2.9007],[127.9708,72.3854,3.5933],[127.9667,72.3875,1.9168],[127.9568,72.388,2.261]]],
[[[129.1516,72.3818,-0.222],[129.1516,72.3849,0.9644],[129.15,72.3854,1.4235],[129.1463,72.3849,1.4975],[129.1443,72.3828,1.2342],[129.1458,72.3812,0.0],[129.1516,72.3818,-0.222]]],
[[[128.6521,72.3833,0.1477],[128.6687,72.3833,0.0],[128.6708,72.3854,3.5785],[128.6687,72.3875,5.0052],[128.6625,72.3854,5.4398],[128.6396,72.3875,5.2715],[128.6354,72.3854,5.2029],[128.6187,72.3854,5.673],[128.6125,72.3875,4.0],[128.6089,72.3849,5.259],[128.6104,72.3833,0.0],[128.6396,72.3833,3.4946],[128.6438,72.3792,0.0],[128.6474,72.3797,0.5819],[128.6521,72.3833,0.1477]]],
[[[129.2557,72.3588,1.3836],[129.25,72.3625,1.8121],[129.2271,72.3646,1.5224],[129.2255,72.363,0.6044],[129.237,72.3588,1.6805],[129.2188,72.3583,1.4271],[129.2146,72.3604,1.0786],[129.2042,72.3604,0.7599],[129.2,72.3583,2.0386],[129.1896,72.3583,1.2274],[129.1797,72.3547,2.5492],[129.1917,72.3542,2.5671],[129.1958,72.3562,1.9343],[129.2042,72.3562,2.0527],[129.2083,72.3521,0.0],[129.2167,72.3542,2.2238],[129.2208,72.3521,0.0],[129.225,72.3521,0.0],[129.2375,72.3562,1.1185],[129.2479,72.3562,0.0],[129.2557,72.3588,1.3836]]],
[[[129.2172,72.3609,0.5232],[129.2208,72.3604,1.7077],[129.2224,72.362,0.4326],[129.2188,72.3625,1.6275],[129.2172,72.3609,0.5232]]],
[[[128.7896,72.3646,3.5541],[128.8042,72.3625,2.963],[128.8057,72.363,3.6881],[128.8078,72.3682,0.0],[128.7813,72.3688,4.4123],[128.7734,72.3662,4.33],[128.775,72.3646,4.2985],[128.7896,72.3646,3.5541]]],
[[[129.2401,72.3651,1.9806],[129.2437,72.3646,1.8411],[129.2453,72.3662,1.8944],[129.2417,72.3667,1.3912],[129.2401,72.3651,1.9806]]],
[[[129.3271,72.3917,0.9796],[129.3313,72.3938,0.7516],[129.3432,72.3943,0.4841],[129.3432,72.3974,0.3805],[129.3401,72.3995,0.4345],[129.3453,72.4016,0.092],[129.3083,72.4021,0.0],[129.2958,72.3979,1.748],[129.2839,72.3974,-0.0298],[129.2891,72.3953,0.7085],[129.2875,72.3938,0.7489],[129.275,72.3938,-0.0903],[129.2646,72.3896,1.6411],[129.2437,72.3854,1.6719],[129.2312,72.3812,1.7566],[129.2083,72.3833,0.2729],[129.1922,72.3786,0.3043],[129.1901,72.3755,1.608],[129.2083,72.375,1.7728],[129.2146,72.3771,-0.0208],[129.2167,72.375,1.349],[129.2141,72.3693,1.8974],[129.2021,72.3688,1.16],[129.1896,72.3646,1.7123],[129.1667,72.3646,2.4991],[129.1625,72.3667,0.9679],[129.1521,72.3667,0.0],[129.1422,72.3641,1.0613],[129.1396,72.3604,2.4266],[129.1292,72.3604,2.4043],[129.1276,72.3588,2.1334],[129.1667,72.3583,0.5615],[129.1708,72.3604,2.2458],[129.1875,72.3604,0.0],[129.2,72.3646,1.3381],[129.2104,72.3646,-0.3407],[129.2458,72.375,1.8345],[129.2563,72.375,1.7631],[129.2688,72.3792,0.1751],[129.2813,72.3812,0.0],[129.2854,72.3854,1.2999],[129.2974,72.3859,0.7364],[129.2922,72.388,1.5433],[129.2937,72.3896,1.4719],[129.3042,72.3875,1.3213],[129.3083,72.3917,1.6832],[129.3188,72.3896,0.6649],[129.3229,72.3917,1.2825],[129.3271,72.3917,0.9796]]],
[[[129.5734,72.463,-0.1322],[129.5771,72.4625,0.0345],[129.5786,72.4641,0.2588],[129.575,72.4646,-0.0253],[129.5734,72.463,-0.1322]]],
[[[129.5958,72.4646,0.3962],[129.6078,72.4672,0.2624],[129.6099,72.4693,0.139],[129.6099,72.4724,0.1747],[129.6062,72.4729,0.2687],[129.6,72.4708,0.4163],[129.5958,72.4729,0.1122],[129.5901,72.4724,0.1601],[129.588,72.4672,0.3699],[129.5958,72.4646,0.3962]]],
[[[127.5297,72.4213,2.7469],[127.5333,72.4208,2.6759],[127.5349,72.4224,2.742],[127.5313,72.4229,2.8699],[127.5297,72.4213,2.7469]]],
[[[127.7318,72.4255,2.7627],[127.7354,72.425,2.762],[127.737,72.4266,2.9226],[127.7333,72.4271,2.8386],[127.7318,72.4255,2.7627]]],
[[[127.4307,72.4349,3.5052],[127.4208,72.4354,3.6236],[127.4104,72.4396,3.1446],[127.3714,72.4391,3.3783],[127.3792,72.4354,0.0],[127.4146,72.4333,3.3252],[127.4187,72.4313,3.2859],[127.4271,72.4313,3.0869],[127.4307,72.4349,3.5052]]],
[[[128.6859,72.4589,-0.5],[128.6896,72.4583,0.0501],[128.6911,72.4599,0.0],[128.6875,72.4604,2.7638],[128.6859,72.4589,-0.5]]],
[[[127.5099,72.4287,2.9699],[127.5167,72.4271,3.7485],[127.5188,72.4292,3.3605],[127.5182,72.4307,3.1989],[127.5104,72.4333,3.3772],[127.4859,72.4328,3.2133],[127.4875,72.4313,3.2631],[127.5021,72.4313,3.5361],[127.5099,72.4287,2.9699]]],
[[[129.1229,72.475,0.0],[129.1333,72.475,0.0],[129.1349,72.4766,0.4329],[129.1271,72.4792,0.0],[129.1089,72.4786,1.359],[129.1104,72.4771,0.7674],[129.1187,72.4771,0.8055],[129.1229,72.475,0.0]]],
[[[128.6318,72.4776,2.7873],[128.6354,72.4771,2.6407],[128.637,72.4786,0.0],[128.6333,72.4792,0.0],[128.6318,72.4776,2.7873]]],
[[[129.0333,72.4667,0.0],[129.0349,72.4682,-0.4011],[129.0297,72.4693,0.2846],[129.0286,72.4724,-0.5215],[129.0167,72.4771,-0.2869],[129.0063,72.4771,-0.1903],[128.9964,72.4745,-0.4414],[129.0104,72.4688,0.0],[129.0333,72.4667,0.0]]],
[[[128.9167,72.4833,0.0],[128.9125,72.4833,0.0947],[128.9083,72.4854,1.4325],[128.9,72.4854,1.5887],[128.8958,72.4875,0.0171],[128.8896,72.4854,0.5558],[128.8792,72.4854,-0.0894],[128.8755,72.4828,1.2718],[128.8755,72.4797,1.0156],[128.8854,72.4792,0.0],[128.887,72.4776,2.0375],[128.8604,72.4771,-0.2638],[128.8589,72.4766,0.1542],[128.8568,72.4714,0.0],[128.8813,72.4708,2.0715],[128.8979,72.4646,0.0],[128.9354,72.4646,0.0],[128.937,72.4651,0.0],[128.9391,72.4703,-0.0476],[128.9312,72.4729,1.5503],[128.9229,72.4729,1.5586],[128.9214,72.4745,0.0],[128.9292,72.4771,-0.3284],[128.9432,72.4776,0.0244],[128.9464,72.4828,-0.3551],[128.9516,72.4849,-0.4444],[128.9271,72.4854,0.469],[128.9229,72.4833,1.4497],[128.9167,72.4833,0.0]]],
[[[128.6193,72.4797,2.95],[128.6229,72.4792,3.2869],[128.6245,72.4807,2.3322],[128.6208,72.4812,2.289],[128.6193,72.4797,2.95]]],
[[[129.275,72.4875,0.0],[129.2854,72.4875,0.0496],[129.287,72.4891,0.4422],[129.2792,72.4917,0.0],[129.2464,72.4912,0.2245],[129.2479,72.4896,-0.301],[129.2646,72.4896,0.4475],[129.2688,72.4875,0.0],[129.275,72.4875,0.0]]],
[[[128.7526,72.4828,0.8687],[128.7578,72.4849,0.0632],[128.7479,72.4854,0.5905],[128.7437,72.4875,1.5256],[128.7271,72.4875,2.4235],[128.7229,72.4854,0.4138],[128.7063,72.4854,0.1114],[128.7021,72.4833,0.5242],[128.6979,72.4833,0.7786],[128.6938,72.4854,0.1278],[128.6854,72.4854,0.0971],[128.6818,72.4818,0.0],[128.6896,72.4792,0.5545],[128.6995,72.4786,0.1682],[128.6979,72.4771,0.1233],[128.6875,72.4771,0.0825],[128.6859,72.4755,0.0],[128.7,72.4708,0.4314],[128.7083,72.4708,0.335],[128.7146,72.4688,0.509],[128.7245,72.4714,1.1681],[128.7193,72.4745,0.5082],[128.7292,72.4771,0.9294],[128.7417,72.4729,0.2216],[128.7474,72.4734,0.5772],[128.7484,72.4766,0.8907],[128.7557,72.4776,0.0317],[128.7557,72.4807,0.6314],[128.7526,72.4828,0.8687]]],
[[[129.1859,72.4776,0.0],[129.1896,72.4771,0.0],[129.1911,72.4786,0.583],[129.1875,72.4792,1.125],[129.1859,72.4776,0.0]]],
[[[128.7724,72.4859,1.1585],[128.7708,72.4875,0.0469],[128.7609,72.487,0.7699],[128.7625,72.4854,1.046],[128.7724,72.4859,1.1585]]],
[[[129.1858,72.4806,0.1145],[129.187,72.4849,0.093],[129.175,72.4896,0.0],[129.15,72.4896,-0.1071],[129.1438,72.4875,1.2446],[129.1375,72.4896,0.0],[129.1276,72.487,0.0],[129.125,72.4833,0.0],[129.1271,72.4812,0.0],[129.1417,72.4812,0.8463],[129.1458,72.4792,0.0],[129.1833,72.4792,1.1443],[129.1858,72.4806,0.1145]]],
[[[129.0479,72.4833,0.1425],[129.0542,72.4833,-0.3281],[129.0557,72.4849,0.4639],[129.0505,72.4859,0.3666],[129.0464,72.4891,-0.3831],[129.0646,72.4896,0.3998],[129.0661,72.4912,0.34],[129.0333,72.4917,0.0],[129.0292,72.4896,0.6961],[129.0125,72.4896,0.0],[129.0026,72.487,-0.2877],[129.0021,72.4854,0.24],[129.0042,72.4833,-0.2227],[129.0479,72.4833,0.1425]]],
[[[129.2193,72.488,0.2196],[129.2182,72.4912,-0.0333],[129.2083,72.4917,-0.0284],[129.2042,72.4938,0.0],[129.1859,72.4932,0.675],[129.1911,72.4912,0.7089],[129.1901,72.488,0.0],[129.1917,72.4875,0.0],[129.2,72.4875,1.2736],[129.2042,72.4854,0.0],[129.2208,72.4854,0.6776],[129.2312,72.4812,0.0],[129.2349,72.4818,0.0],[129.237,72.4838,0.2185],[129.2292,72.4875,-0.4326],[129.2193,72.488,0.2196]]],
[[[129.6042,72.3896,0.3336],[129.5854,72.3896,0.4368],[129.5813,72.3917,0.3353],[129.5771,72.3917,0.4645],[129.5755,72.3912,0.6858],[129.5734,72.3859,0.2633],[129.5917,72.3854,0.2017],[129.5979,72.3833,0.2655],[129.6026,72.387,0.0],[129.6078,72.388,0.3799],[129.6042,72.3896,0.3336]]],
[[[129.5141,72.3901,0.3533],[129.5141,72.3932,0.0],[129.5125,72.3938,0.0],[129.5089,72.3932,0.2006],[129.5068,72.3912,0.2583],[129.5083,72.3896,0.2567],[129.5141,72.3901,0.3533]]],
[[[127.4688,72.4125,3.3071],[127.4625,72.4146,0.0],[127.4521,72.4146,10.8554],[127.4479,72.4167,0.0],[127.4313,72.4167,0.0],[127.4271,72.4146,14.5019],[127.3896,72.4146,0.0],[127.3792,72.4104,13.2835],[127.3734,72.4099,11.2255],[127.3786,72.4078,14.2067],[127.3771,72.4063,13.4035],[127.3667,72.4083,0.0],[127.3568,72.4047,0.0],[127.362,72.4036,11.5853],[127.363,72.3984,9.5637],[127.3688,72.3958,0.0],[127.3792,72.3958,9.2844],[127.3896,72.3917,0.0],[127.3979,72.3917,9.2705],[127.4182,72.3849,3.8474],[127.4224,72.3828,0.0],[127.425,72.3792,0.0],[127.4333,72.3792,9.1665],[127.4437,72.375,0.0],[127.4521,72.375,7.4067],[127.4563,72.3729,0.0],[127.4667,72.3729,7.8368],[127.475,72.3688,0.0],[127.4854,72.3688,7.1335],[127.4896,72.3667,0.0],[127.5062,72.3667,9.047],[127.5078,72.3682,9.0183],[127.5026,72.3693,8.949],[127.5021,72.3708,8.8034],[127.5026,72.3724,9.2598],[127.5062,72.3729,9.4501],[127.5141,72.3703,9.0204],[127.5167,72.3667,7.9067],[127.5313,72.3667,9.0545],[127.5354,72.3646,0.0],[127.5604,72.3646,0.0],[127.563,72.3682,12.4825],[127.5703,72.3693,0.0],[127.5589,72.3734,10.321],[127.5599,72.3786,0.0],[127.5172,72.3922,8.7464],[127.5188,72.3938,2.3028],[127.5375,72.3938,2.9266],[127.5391,72.3953,2.9981],[127.5276,72.3964,3.0992],[127.525,72.4,3.0768],[127.5083,72.4,3.1643],[127.5005,72.4026,3.498],[127.5016,72.4057,3.021],[127.5,72.4063,2.8435],[127.4917,72.4063,3.374],[127.475,72.4125,0.0],[127.4688,72.4125,3.3071]]],
[[[128.4724,72.3901,1.1495],[128.4708,72.3917,1.7737],[128.4609,72.3912,0.0],[128.4625,72.3896,0.8191],[128.4724,72.3901,1.1495]]],
[[[128.5682,72.387,1.4248],[128.5562,72.3875,0.0],[128.5547,72.3859,1.0642],[128.5667,72.3854,0.0],[128.5682,72.387,1.4248]]],
[[[128.6318,72.388,5.592],[128.6354,72.3875,5.7498],[128.637,72.3891,5.4671],[128.6333,72.3896,5.4713],[128.6318,72.388,5.592]]],
[[[128.7443,72.3943,0.9663],[128.7417,72.3958,0.0],[128.7271,72.3958,3.2336],[128.7229,72.3979,1.6891],[128.7125,72.3979,4.0368],[128.7109,72.3964,5.2673],[128.7161,72.3953,4.7175],[128.7172,72.3922,4.5533],[128.7203,72.3901,4.236],[128.7083,72.3875,4.4012],[128.7026,72.3901,4.563],[128.7016,72.3932,4.2584],[128.6938,72.3958,4.989],[128.6693,72.3953,4.3483],[128.6771,72.3917,1.7668],[128.687,72.3912,2.5],[128.6859,72.388,4.0047],[128.6911,72.387,4.3115],[128.6938,72.3833,0.0],[128.7083,72.3833,0.8972],[128.7125,72.3812,0.0],[128.7292,72.3812,0.0],[128.7339,72.3849,0.3476],[128.7391,72.3859,0.6524],[128.7422,72.3891,2.0692],[128.7495,72.3901,0.0],[128.7495,72.3932,0.0],[128.7443,72.3943,0.9663]]],
[[[128.6547,72.3922,3.8575],[128.6583,72.3917,2.4807],[128.6599,72.3932,3.5367],[128.6563,72.3938,4.1943],[128.6547,72.3922,3.8575]]],
[[[127.5417,72.3896,2.9624],[127.5458,72.3875,0.0],[127.5557,72.388,2.5842],[127.55,72.3917,2.5728],[127.538,72.3912,2.9287],[127.5417,72.3896,2.9624]]],
[[[127.6422,72.4109,3.2413],[127.6396,72.4125,3.5144],[127.625,72.4125,3.2949],[127.6208,72.4146,2.9702],[127.6167,72.4146,2.8273],[127.6125,72.4125,3.1515],[127.6042,72.4125,3.288],[127.5979,72.4146,3.0246],[127.5854,72.4104,3.4712],[127.575,72.4125,2.7799],[127.5651,72.4099,3.0736],[127.5646,72.4083,3.2104],[127.5667,72.4063,3.2999],[127.575,72.4063,3.1086],[127.5792,72.4042,2.9306],[127.6021,72.4042,3.2802],[127.6099,72.4016,2.9639],[127.6083,72.4,3.3464],[127.5979,72.4,3.043],[127.588,72.3964,2.9661],[127.5932,72.3953,3.5495],[127.5922,72.3901,2.8348],[127.5974,72.3891,3.1247],[127.5984,72.3859,0.0],[127.6099,72.3828,2.9513],[127.6088,72.3797,0.0],[127.6229,72.375,0.0],[127.6312,72.375,2.5786],[127.6417,72.3708,2.6329],[127.6646,72.3688,3.1167],[127.6687,72.3667,2.7178],[127.6771,72.3667,2.8165],[127.6813,72.3688,3.2015],[127.7078,72.3693,2.9028],[127.7078,72.3724,2.6581],[127.7026,72.3734,3.1216],[127.7037,72.3786,3.1361],[127.6984,72.3797,2.9999],[127.7037,72.3932,3.0568],[127.6984,72.3943,3.1344],[127.6974,72.3974,3.0514],[127.6922,72.3984,3.5542],[127.6932,72.4036,3.0564],[127.6833,72.4042,3.1037],[127.6792,72.4063,2.5826],[127.6563,72.4063,3.2074],[127.6547,72.4078,2.8886],[127.6604,72.4083,3.0544],[127.662,72.4099,3.2089],[127.6542,72.4125,2.814],[127.6479,72.4104,3.1155],[127.6422,72.4109,3.2413]]],
[[[128.6463,72.3901,5.2505],[128.65,72.3896,4.2519],[128.6516,72.3912,4.3192],[128.6479,72.3917,4.4617],[128.6463,72.3901,5.2505]]],
[[[128.962,72.3901,1.501],[128.9604,72.3917,2.3326],[128.9505,72.3912,2.6401],[128.9521,72.3896,2.4213],[128.962,72.3901,1.501]]],
[[[128.1255,72.3943,0.7963],[128.1292,72.3938,0.0],[128.1307,72.3953,0.7767],[128.1271,72.3958,1.808],[128.1255,72.3943,0.7963]]],
[[[128.5464,72.3964,3.9862],[128.55,72.3958,3.0],[128.5516,72.3974,5.5138],[128.5479,72.3979,5.1081],[128.5464,72.3964,3.9862]]],
[[[128.2901,72.3922,6.9712],[128.2937,72.3917,6.8179],[128.2953,72.3932,6.8854],[128.2917,72.3938,5.3482],[128.2901,72.3922,6.9712]]],
[[[128.3526,72.3943,5.0],[128.3562,72.3938,5.0],[128.3578,72.3953,6.2934],[128.3542,72.3958,6.6058],[128.3526,72.3943,5.0]]],
[[[129.5521,72.4042,0.54],[129.5557,72.4057,0.3777],[129.5484,72.4057,0.3496],[129.5484,72.4047,0.3763],[129.5521,72.4042,0.54]]],
[[[129.4193,72.4213,0.7055],[129.4167,72.4229,0.9405],[129.4021,72.4229,1.059],[129.3979,72.425,0.0],[129.3917,72.4229,1.0706],[129.3521,72.4229,0.1998],[129.3359,72.4172,1.3246],[129.3583,72.4146,0.5816],[129.3917,72.4021,0.0204],[129.4063,72.4021,1.2676],[129.4104,72.4,0.0],[129.4146,72.4,0.0],[129.4187,72.4021,0.7787],[129.4292,72.4021,0.4564],[129.4307,72.4036,0.48],[129.4208,72.4042,0.3105],[129.4193,72.4057,0.2198],[129.4328,72.4089,0.0],[129.4375,72.4125,0.2349],[129.4495,72.413,0.3422],[129.4443,72.4151,0.648],[129.4453,72.4182,0.6761],[129.4438,72.4187,0.6761],[129.4333,72.4187,0.7081],[129.4292,72.4208,0.7546],[129.4193,72.4213,0.7055]]],
[[[127.0146,72.5396,3.9967],[126.9958,72.5396,5.4325],[126.9896,72.5417,3.989],[126.9854,72.5396,4.5774],[126.9604,72.5375,4.6412],[126.9479,72.5333,5.4705],[126.9375,72.5333,0.0],[126.9333,72.5313,3.9049],[126.9229,72.5313,0.0],[126.9187,72.5292,0.0],[126.9083,72.5292,0.0],[126.9042,72.5271,0.0],[126.8875,72.5271,0.0],[126.875,72.5229,0.0],[126.85,72.5208,0.0],[126.8458,72.5167,0.0],[126.8354,72.5167,0.0],[126.8229,72.5125,0.0],[126.8125,72.5125,0.0],[126.8063,72.5083,4.3572],[126.7958,72.5083,4.1101],[126.7917,72.5062,4.8056],[126.7833,72.5083,0.0],[126.7792,72.5062,5.2419],[126.7604,72.5062,4.4406],[126.75,72.5021,5.0861],[126.7396,72.5042,0.0],[126.7208,72.4979,0.0],[126.7068,72.4953,0.0],[126.7068,72.4922,0.0],[126.712,72.4901,4.1516],[126.7047,72.4891,0.0],[126.7037,72.4838,4.2137],[126.6964,72.4828,3.3997],[126.6932,72.4776,3.7348],[126.6859,72.4766,3.4669],[126.6911,72.4734,4.407],[126.6859,72.4724,3.9954],[126.6833,72.4688,3.8803],[126.6839,72.4672,4.2839],[126.6891,72.4651,4.8381],[126.6833,72.4646,4.2273],[126.6755,72.4609,0.0],[126.6807,72.4599,3.4039],[126.6797,72.4568,0.0],[126.6911,72.4537,4.447],[126.6896,72.4521,4.2079],[126.6839,72.4516,0.0],[126.6839,72.4484,0.0],[126.6953,72.4474,4.0888],[126.6901,72.4443,0.0],[126.6953,72.4432,3.4822],[126.6943,72.4401,0.0],[126.7057,72.437,3.494],[126.7047,72.4318,0.0],[126.7182,72.4307,4.1008],[126.7109,72.4276,0.0],[126.7208,72.4271,3.4839],[126.7312,72.4229,1.8336],[126.737,72.4234,3.2581],[126.7318,72.4255,3.9149],[126.7333,72.4271,4.006],[126.75,72.4271,3.8033],[126.7542,72.4292,4.1362],[126.7854,72.4292,3.7799],[126.7896,72.4313,3.8076],[126.7979,72.4313,3.9973],[126.8021,72.4292,3.667],[126.8187,72.4292,3.572],[126.8229,72.4313,3.6298],[126.875,72.4313,3.6523],[126.8792,72.4333,3.8612],[126.8833,72.4333,3.8358],[126.8875,72.4313,3.3835],[126.9229,72.4313,3.4036],[126.9271,72.4292,3.0728],[126.9354,72.4292,3.2904],[126.9396,72.4271,2.8765],[126.95,72.4292,3.5678],[126.9604,72.425,3.0074],[127.0521,72.425,2.9776],[127.0563,72.4229,0.0],[127.0667,72.4229,0.0],[127.0729,72.425,3.1677],[127.0771,72.4229,1.9648],[127.0854,72.4229,3.4123],[127.0896,72.4208,0.0],[127.1016,72.4234,3.4685],[127.1016,72.4266,3.3971],[127.0646,72.4271,3.2397],[127.0568,72.4307,3.8407],[127.075,72.4313,5.7951],[127.0792,72.4292,1.6909],[127.1083,72.4292,2.7645],[127.1125,72.4271,2.3205],[127.1271,72.4313,4.7792],[127.15,72.4313,3.5348],[127.1542,72.4292,2.847],[127.1583,72.4292,3.0691],[127.1625,72.4313,3.8015],[127.1854,72.4313,3.7697],[127.1917,72.4292,3.5349],[127.2042,72.4333,3.4887],[127.2146,72.4333,3.323],[127.2188,72.4354,3.358],[127.2292,72.4354,3.2344],[127.2307,72.437,3.2045],[127.2208,72.4375,3.9023],[127.2104,72.4417,0.0],[127.2021,72.4417,0.0],[127.1917,72.4458,0.0],[127.1813,72.4458,4.1742],[127.1604,72.4542,2.959],[127.15,72.4542,3.282],[127.1458,72.4563,3.0593],[127.1312,72.4563,3.9171],[127.1271,72.4583,2.3794],[127.0958,72.4583,9.7158],[127.0917,72.4563,11.3144],[127.0687,72.4563,11.4415],[127.0646,72.4583,1.1158],[127.0463,72.4589,0.775],[127.0479,72.4604,2.1502],[127.0583,72.4604,0.8142],[127.0599,72.462,4.3368],[127.05,72.4625,4.8584],[127.0458,72.4646,2.1511],[127.0375,72.4646,2.175],[127.0333,72.4625,4.7066],[127.0292,72.4625,4.2984],[127.025,72.4646,2.2178],[127.0167,72.4646,2.206],[127.0125,72.4625,4.4686],[126.9938,72.4625,2.1156],[126.9896,72.4604,4.0447],[126.9396,72.4604,4.1333],[126.9354,72.4625,3.7989],[126.925,72.4625,4.3632],[126.9208,72.4646,2.4138],[126.8646,72.4646,5.4192],[126.8625,72.4667,4.9059],[126.8646,72.4688,5.1289],[126.8958,72.4688,5.0455],[126.9,72.4667,2.2804],[126.9063,72.4688,4.37],[126.9229,72.4688,8.1579],[126.9271,72.4667,2.6012],[127.0062,72.4667,2.6966],[127.0104,72.4688,6.0414],[127.0542,72.4688,4.4331],[127.062,72.4661,3.5671],[127.0646,72.4625,4.2363],[127.1021,72.4625,3.4966],[127.1062,72.4646,4.2416],[127.1167,72.4646,4.2438],[127.1245,72.4672,4.2133],[127.1286,72.4734,3.6075],[127.1271,72.475,3.642],[127.1167,72.475,3.4642],[127.1151,72.4766,3.3597],[127.1286,72.4776,2.7338],[127.1318,72.4807,4.4813],[127.1453,72.4838,3.5781],[127.1484,72.487,4.8213],[127.1703,72.4922,0.0],[127.1729,72.4958,4.1497],[127.1833,72.4958,0.0],[127.2042,72.5021,0.0],[127.2208,72.5021,0.0],[127.2333,72.5062,3.6893],[127.25,72.5062,0.0],[127.2542,72.5083,0.0],[127.2646,72.5083,0.0],[127.2745,72.5109,0.0],[127.275,72.5125,0.0],[127.2745,72.5141,4.1857],[127.2667,72.5167,0.0],[127.2438,72.5167,0.0],[127.2396,72.5146,0.0],[127.2146,72.5125,0.0],[127.1937,72.5062,0.0],[127.1771,72.5062,0.0],[127.1646,72.5021,4.6142],[127.1583,72.5042,0.0],[127.1479,72.5042,0.0],[127.1417,72.5021,4.306],[127.1354,72.5042,2.913],[127.1312,72.5021,4.2643],[127.1271,72.5021,4.3223],[127.1167,72.5062,3.3176],[127.1021,72.5062,4.3353],[127.0917,72.5104,3.5484],[127.088,72.5099,3.7611],[127.0911,72.5068,3.8036],[127.0875,72.5062,5.048],[127.0833,72.5083,3.5895],[127.075,72.5083,3.8813],[127.0708,72.5104,3.5478],[127.0542,72.5104,5.7718],[127.05,72.5125,3.1964],[127.0271,72.5125,8.0972],[127.0208,72.5146,0.0],[127.0167,72.5125,8.8017],[126.9917,72.5125,0.0],[126.9875,72.5104,9.8867],[126.9771,72.5104,2.2505],[126.9729,72.5083,3.8253],[126.9625,72.5083,1.8101],[126.9583,72.5062,3.6907],[126.9479,72.5062,3.18],[126.9437,72.5021,5.4312],[126.9333,72.5042,3.0303],[126.9229,72.5,3.2175],[126.9187,72.5,1.4917],[126.9172,72.5016,4.0523],[126.9193,72.5036,4.6312],[126.9245,72.5047,4.7419],[126.9276,72.5099,4.4784],[126.9349,72.5109,2.4187],[126.9359,72.5141,5.029],[126.9432,72.5151,3.3398],[126.9443,72.5182,4.1697],[126.9516,72.5193,0.0],[126.9516,72.5224,3.896],[126.9109,72.5214,5.366],[126.9208,72.525,4.0062],[126.9458,72.525,3.7799],[126.95,72.5271,4.1412],[126.9667,72.5271,4.7945],[126.9854,72.5333,5.7959],[127.0042,72.5333,3.6867],[127.0203,72.538,4.026],[127.0188,72.5396,3.9557],[127.0146,72.5396,3.9967]]],
[[[129.4651,72.4943,0.0],[129.4688,72.4938,0.3707],[129.4703,72.4953,0.734],[129.4667,72.4958,0.4912],[129.4651,72.4943,0.0]]],
[[[129.387,72.4964,0.2508],[129.3854,72.4979,0.0103],[129.3755,72.4974,0.4065],[129.3771,72.4958,0.0],[129.387,72.4964,0.2508]]],
[[[128.7083,72.5021,2.1352],[128.7,72.5021,0.0],[128.6964,72.4984,0.0],[128.7437,72.4979,0.2376],[128.7536,72.5005,-0.0435],[128.7521,72.5021,0.0],[128.7083,72.5021,2.1352]]],
[[[128.7625,72.5042,0.0],[128.7667,72.5042,0.0],[128.7682,72.5057,1.8441],[128.7583,72.5062,2.7156],[128.7521,72.5083,0.0],[128.7422,72.5057,3.0457],[128.7437,72.5042,0.0],[128.7625,72.5042,0.0]]],
[[[128.8599,72.5078,1.1636],[128.8521,72.5104,0.7964],[128.8438,72.5104,1.1476],[128.8396,72.5125,1.0181],[128.8354,72.5125,0.0],[128.8276,72.5099,0.0],[128.8203,72.4984,0.0],[128.8068,72.4974,0.0],[128.8057,72.4943,2.5826],[128.7984,72.4932,0.0],[128.8037,72.4912,0.6677],[128.8016,72.488,1.5918],[128.7979,72.4875,2.1846],[128.7917,72.4896,0.0],[128.788,72.4859,0.0],[128.7932,72.4849,0.0],[128.7922,72.4818,0.0],[128.8062,72.4771,-0.1148],[128.8125,72.4792,1.0599],[128.825,72.4792,0.2817],[128.8292,72.4812,-0.3329],[128.8604,72.4812,-0.1175],[128.8703,72.4838,0.0],[128.8703,72.487,0.0],[128.8651,72.488,1.6829],[128.8672,72.4912,0.0],[128.8708,72.4917,1.2691],[128.8771,72.4896,0.0],[128.887,72.4922,0.0],[128.8891,72.4943,0.0],[128.8875,72.4958,0.1005],[128.8833,72.4958,0.0],[128.8771,72.4938,1.3555],[128.8693,72.4964,0.0],[128.8714,72.4995,1.0945],[128.8766,72.5016,1.4512],[128.8708,72.5042,0.9342],[128.8589,72.5047,0.5683],[128.8599,72.5078,1.1636]]],
[[[128.9146,72.5021,-0.5917],[128.9068,72.5016,-0.0293],[128.9047,72.4995,0.6805],[128.9047,72.4964,-0.171],[128.9438,72.4958,-0.6024],[128.9479,72.4979,0.2313],[128.9646,72.4979,-0.4433],[128.9682,72.5005,-0.3679],[128.9667,72.5021,-0.5498],[128.9146,72.5021,-0.5917]]],
[[[128.9297,72.5068,-0.4563],[128.9333,72.5062,-0.5801],[128.9349,72.5078,0.4549],[128.9312,72.5083,0.2209],[128.9297,72.5068,-0.4563]]],
[[[126.8562,72.5396,6.778],[126.8547,72.538,10.3234],[126.8688,72.5375,0.0],[126.8688,72.5396,8.8902],[126.8562,72.5396,6.778]]],
[[[128.9625,72.5083,0.0259],[128.9708,72.5083,-0.1318],[128.9729,72.5104,0.3722],[128.9724,72.512,-0.2004],[128.9646,72.5146,0.0],[128.9146,72.5146,0.0],[128.9104,72.5125,0.681],[128.8917,72.5125,0.3763],[128.8891,72.5089,0.4256],[128.8833,72.5083,0.0364],[128.8818,72.5068,0.0186],[128.8917,72.5062,0.0298],[128.8979,72.5042,0.3698],[128.9042,72.5083,0.1185],[128.9083,72.5083,-0.3467],[128.9125,72.5104,0.3662],[128.9229,72.5104,-0.1872],[128.9271,72.5125,0.6651],[128.9438,72.5125,0.4801],[128.9479,72.5104,0.0],[128.9563,72.5104,0.3208],[128.9625,72.5083,0.0259]]],
[[[128.8818,72.5099,0.3131],[128.8828,72.512,0.2963],[128.8813,72.5125,0.2294],[128.8755,72.512,0.3189],[128.875,72.5104,0.2236],[128.8771,72.5083,-0.1043],[128.8818,72.5099,0.3131]]],
[[[126.9938,72.5292,3.8384],[126.9974,72.5307,3.6513],[126.9901,72.5307,4.2471],[126.9901,72.5297,3.9032],[126.9938,72.5292,3.8384]]],
[[[127.4213,72.5297,3.5491],[127.425,72.5292,3.5703],[127.4266,72.5307,3.7226],[127.4229,72.5313,4.5389],[127.4213,72.5297,3.5491]]],
[[[129.5625,72.5479,0.6033],[129.575,72.55,0.1898],[129.5776,72.5537,-0.1513],[129.5849,72.5547,-0.1108],[129.588,72.562,0.1226],[129.5953,72.563,-0.2301],[129.5995,72.5703,0.1112],[129.5813,72.5708,0.0006],[129.5688,72.5667,0.5517],[129.5562,72.5646,0.0],[129.5537,72.5609,0.7898],[129.5464,72.5599,0.2823],[129.5432,72.5568,0.5747],[129.538,72.5557,0.0],[129.5359,72.5537,0.0],[129.5412,72.5516,0.4705],[129.5401,72.5484,0.0],[129.5417,72.5479,0.0],[129.5625,72.5479,0.6033]]],
[[[128.3568,72.5255,0.7465],[128.3604,72.525,0.8003],[128.362,72.5266,0.7354],[128.3583,72.5271,0.8514],[128.3568,72.5255,0.7465]]],
[[[128.3505,72.5276,0.0],[128.3542,72.5271,0.516],[128.3557,72.5286,3.7103],[128.3521,72.5292,0.0],[128.3505,72.5276,0.0]]],
[[[129.0891,72.5224,0.0],[129.0708,72.5229,1.2826],[129.0667,72.525,-0.1985],[129.0292,72.525,0.0],[129.025,72.5229,1.9285],[129.0167,72.5229,-0.1915],[129.0125,72.525,0.0],[129.0083,72.525,-0.2705],[128.9984,72.5214,1.3936],[129.0125,72.5167,0.0],[129.0208,72.5167,1.2258],[129.0313,72.5125,0.0],[129.0396,72.5125,0.9078],[129.0437,72.5104,0.0],[129.0521,72.5104,0.0],[129.0562,72.5083,0.0],[129.0604,72.5083,0.0],[129.0703,72.512,0.338],[129.0458,72.5125,1.292],[129.038,72.5162,0.0],[129.05,72.5167,1.0616],[129.0542,72.5146,-0.2204],[129.0833,72.5146,0.6199],[129.0932,72.5172,-0.2376],[129.088,72.5193,0.1252],[129.0891,72.5224,0.0]]],
[[[129.0911,72.5255,0.2375],[129.0896,72.5271,0.4422],[129.0838,72.5266,-0.0494],[129.0854,72.525,0.0],[129.0911,72.5255,0.2375]]],
[[[128.9005,72.5318,-0.1318],[128.9042,72.5313,-0.1887],[128.9057,72.5328,0.4266],[128.9021,72.5333,0.6819],[128.9005,72.5318,-0.1318]]],
[[[129.4417,72.6021,0.0],[129.4432,72.6036,0.0],[129.4359,72.6036,0.3831],[129.4375,72.6021,0.0],[129.4417,72.6021,0.0]]],
[[[127.1417,72.6062,3.3536],[127.1453,72.6078,3.2039],[127.138,72.6078,0.0],[127.138,72.6068,0.0],[127.1417,72.6062,3.3536]]],
[[[129.2021,72.6,0.0],[129.2057,72.6005,0.1919],[129.2057,72.6016,0.3766],[129.1984,72.6016,0.0],[129.2021,72.6,0.0]]],
[[[127.0359,72.538,3.5545],[127.0396,72.5375,3.6762],[127.0411,72.5391,3.5524],[127.0375,72.5396,3.5447],[127.0359,72.538,3.5545]]],
[[[129.3583,72.5333,0.8615],[129.338,72.5339,0.0],[129.3396,72.5354,0.0],[129.3537,72.5359,0.0],[129.3521,72.5375,-0.0958],[129.3354,72.5375,0.5392],[129.3313,72.5354,0.6518],[129.3188,72.5354,0.0],[129.3083,72.5313,0.0],[129.2943,72.5286,0.0],[129.2912,72.5255,0.2299],[129.2859,72.5245,0.0],[129.2818,72.5193,0.0],[129.2896,72.5167,0.0],[129.2979,72.5167,0.0],[129.3005,72.513,0.2577],[129.312,72.5099,1.2208],[129.3172,72.5068,0.0],[129.3375,72.5,0.0],[129.3458,72.5,0.8731],[129.35,72.4979,0.0],[129.3604,72.4979,0.7241],[129.3646,72.5021,0.2867],[129.3813,72.5021,0.8214],[129.3979,72.4958,0.1208],[129.4625,72.4958,0.7386],[129.4667,72.5,0.0],[129.4661,72.5016,0.0],[129.4609,72.5026,-0.0935],[129.462,72.5057,0.0],[129.4505,72.5089,0.3119],[129.4578,72.512,0.0],[129.4464,72.5151,0.1604],[129.4474,72.5182,0.0],[129.4292,72.5188,0.4925],[129.425,72.5208,0.0],[129.413,72.5182,0.0],[129.4104,72.5146,1.1615],[129.4,72.5146,0.0],[129.3875,72.5104,1.0248],[129.3687,72.5104,0.0],[129.3646,72.5083,0.8862],[129.3464,72.5089,0.0],[129.3479,72.5104,0.0],[129.3604,72.5125,0.0],[129.3646,72.5146,0.0],[129.3813,72.5146,0.0],[129.3854,72.5167,0.5431],[129.3896,72.5167,0.0],[129.3932,72.5193,0.0],[129.3943,72.5224,0.2733],[129.4016,72.5234,0.3722],[129.3963,72.5255,-0.008],[129.3974,72.5286,0.0],[129.3896,72.5313,0.0],[129.3813,72.5313,0.4075],[129.3771,72.5333,0.0],[129.3583,72.5333,0.8615]]],
[[[129.188,72.5266,-0.1401],[129.1922,72.5328,0.4879],[129.1995,72.5339,0.5189],[129.1995,72.537,-0.2674],[129.1958,72.5375,-0.4937],[129.1896,72.5354,0.9487],[129.1854,72.5375,-0.5369],[129.175,72.5375,0.0],[129.1708,72.5354,1.4372],[129.1521,72.5354,0.0],[129.1479,72.5333,1.6483],[129.1313,72.5333,0.0],[129.1271,72.5313,1.7308],[129.1068,72.5307,1.1044],[129.1146,72.5271,0.0],[129.1375,72.525,1.3016],[129.1417,72.5229,0.0],[129.15,72.525,1.3119],[129.1542,72.5229,0.0],[129.1583,72.5229,0.0],[129.1646,72.525,0.8005],[129.1708,72.5229,0.0],[129.175,72.525,0.1956],[129.1854,72.525,-0.4413],[129.188,72.5266,-0.1401]]],
[[[128.7401,72.5609,0.1898],[128.7375,72.5625,0.3983],[128.7229,72.5625,2.9489],[128.7188,72.5646,0.0],[128.6875,72.5646,0.0],[128.6833,72.5625,3.0706],[128.6604,72.5625,1.4431],[128.6563,72.5646,1.083],[128.6396,72.5646,1.3006],[128.6354,72.5625,1.7132],[128.625,72.5625,0.8244],[128.6042,72.5563,0.0],[128.5792,72.5542,0.0],[128.5667,72.55,11.0935],[128.5604,72.5521,0.0],[128.5354,72.5521,0.0],[128.5313,72.55,2.7767],[128.5146,72.55,0.0],[128.5047,72.5443,0.0],[128.5078,72.5432,0.0],[128.5089,72.5401,0.0],[128.5167,72.5375,0.0],[128.5396,72.5375,3.0398],[128.5474,72.5349,0.0],[128.5464,72.5297,0.7569],[128.5703,72.5266,1.5491],[128.5688,72.525,1.2688],[128.563,72.5245,-0.1939],[128.5646,72.5229,0.6388],[128.5891,72.5203,0.3607],[128.5818,72.5172,0.5526],[128.5938,72.5125,0.0],[128.612,72.513,2.0495],[128.6141,72.5162,0.1073],[128.6042,72.5167,2.767],[128.6026,72.5182,0.7077],[128.6146,72.5188,0.2753],[128.6193,72.5245,0.4051],[128.6292,72.525,-0.4217],[128.6495,72.5182,3.1896],[128.6484,72.513,0.0],[128.6625,72.5083,0.0],[128.6771,72.5083,2.4348],[128.6812,72.5062,0.0],[128.7063,72.5062,0.0],[128.7104,72.5083,2.6672],[128.7208,72.5083,1.4655],[128.7333,72.5125,2.7029],[128.7396,72.5104,0.0],[128.75,72.5104,0.0],[128.7542,72.5125,2.1114],[128.7854,72.5125,0.0],[128.7917,72.5146,2.9432],[128.7979,72.5125,0.0],[128.8104,72.5167,0.5114],[128.8292,72.5167,0.0],[128.8333,72.5188,2.1914],[128.8438,72.5188,0.0],[128.8599,72.5245,0.0],[128.8375,72.525,2.1096],[128.8333,72.5271,0.0],[128.8229,72.5271,-0.1146],[128.8214,72.5286,0.218],[128.8396,72.5292,1.5037],[128.8438,72.5271,-0.1206],[128.8479,72.5271,0.0],[128.8583,72.5313,0.4265],[128.8641,72.5318,-0.564],[128.8662,72.5339,0.1882],[128.8646,72.5354,-0.4186],[128.8479,72.5354,1.9538],[128.8359,72.5401,0.0],[128.8333,72.5437,0.3504],[128.8188,72.5437,1.5986],[128.8146,72.5458,0.0],[128.7979,72.5458,2.3083],[128.7937,72.5479,2.4071],[128.7792,72.5479,2.4653],[128.775,72.55,0.0],[128.7646,72.55,2.1869],[128.763,72.5505,2.3398],[128.7641,72.5537,-0.2238],[128.7401,72.5609,0.1898]]],
[[[128.4438,72.5563,2.1971],[128.4401,72.5568,2.1585],[128.4375,72.5604,1.5523],[128.4292,72.5604,3.018],[128.4229,72.5625,0.0],[128.4104,72.5583,3.6321],[128.3979,72.5563,0.0],[128.3901,72.5537,0.0],[128.388,72.5516,4.0114],[128.388,72.5484,3.6168],[128.4125,72.5479,3.316],[128.4141,72.5463,2.9206],[128.4021,72.5458,3.2381],[128.3979,72.5437,3.3063],[128.3854,72.5417,2.9812],[128.3839,72.5401,0.0],[128.4,72.5396,4.3744],[128.4042,72.5375,0.0],[128.4354,72.5375,0.0],[128.4458,72.5333,0.0],[128.4542,72.5333,0.0],[128.4583,72.5313,0.0],[128.4667,72.5313,0.0],[128.4708,72.5292,0.0],[128.4854,72.5292,0.0],[128.5021,72.5229,0.0],[128.5328,72.5193,0.0],[128.5328,72.5224,0.0],[128.5297,72.5234,0.0],[128.5271,72.5271,0.0],[128.5188,72.5271,0.0],[128.5146,72.5292,0.0],[128.5104,72.5292,0.0],[128.5063,72.5271,0.0],[128.4964,72.5276,0.0],[128.4979,72.5292,0.0],[128.5036,72.5297,1.4932],[128.5036,72.5328,1.0746],[128.4859,72.538,1.8308],[128.4792,72.5417,0.0],[128.4672,72.5422,2.8671],[128.4745,72.5453,0.0],[128.463,72.5463,0.0],[128.4646,72.5479,0.0],[128.475,72.5479,0.0],[128.4792,72.5458,0.0],[128.4958,72.5458,2.3125],[128.5036,72.5484,0.0],[128.5005,72.5505,1.8291],[128.4995,72.5537,3.3591],[128.4833,72.5542,3.6815],[128.4792,72.5563,0.0],[128.4625,72.5563,2.8086],[128.4563,72.5583,0.0],[128.4526,72.5547,0.0],[128.4578,72.5526,0.0],[128.4458,72.5521,3.3308],[128.4443,72.5526,3.6011],[128.4453,72.5557,2.4533],[128.4438,72.5563,2.1971]]],
[[[128.8974,72.5432,0.3494],[128.8896,72.5458,-0.2181],[128.8813,72.5458,1.7849],[128.8771,72.5479,-0.6731],[128.8734,72.5474,-0.4128],[128.8714,72.5453,2.2553],[128.8792,72.5417,0.0],[128.8875,72.5417,2.1976],[128.8979,72.5375,0.0],[128.9516,72.538,1.7687],[128.95,72.5396,0.0],[128.9125,72.5396,-0.0424],[128.9083,72.5417,-0.1003],[128.9,72.5417,1.4043],[128.8974,72.5432,0.3494]]],
[[[128.3062,72.5458,0.2094],[128.3099,72.5463,-0.1108],[128.3099,72.5474,-0.0795],[128.3026,72.5474,0.1578],[128.3062,72.5458,0.2094]]],
[[[129.0896,72.5458,0.861],[129.0932,72.5463,1.2115],[129.0932,72.5474,0.3806],[129.088,72.5474,0.1979],[129.0896,72.5458,0.861]]],
[[[127.7375,72.5563,1.4774],[127.725,72.5563,2.0756],[127.7234,72.5547,1.9093],[127.7562,72.5542,1.5705],[127.7583,72.5563,2.1262],[127.7562,72.5583,2.3433],[127.7458,72.5583,1.9675],[127.7417,72.5563,1.7773],[127.7375,72.5563,1.4774]]],
[[[129.0271,72.55,1.7011],[129.0375,72.5479,0.0],[129.0474,72.5516,0.0],[129.013,72.5516,1.633],[129.0146,72.55,0.0],[129.0271,72.55,1.7011]]],
[[[129.2995,72.5537,0.0],[129.2813,72.5542,0.3438],[129.2771,72.5563,0.0],[129.2708,72.5542,0.491],[129.2458,72.5542,0.0],[129.2276,72.5495,0.5453],[129.2271,72.5479,1.1689],[129.2292,72.5458,0.0],[129.2875,72.5458,0.0],[129.2917,72.5479,0.0],[129.3037,72.5484,0.0],[129.3037,72.5516,0.0],[129.2995,72.5537,0.0]]],
[[[129.1917,72.5604,0.9834],[129.1521,72.5625,0.0],[129.1505,72.5609,1.5551],[129.1557,72.5589,0.0],[129.1104,72.5583,-0.0273],[129.1062,72.5604,0.2868],[129.1021,72.5604,0.0453],[129.0979,72.5563,-0.0691],[129.0583,72.5542,0.0],[129.0547,72.5505,1.477],[129.1146,72.55,1.8315],[129.1187,72.5479,-0.106],[129.1708,72.5479,-0.256],[129.175,72.55,-0.3797],[129.1979,72.55,-0.4194],[129.1995,72.5516,0.6375],[129.1964,72.5537,0.0],[129.1979,72.5542,0.0],[129.2146,72.5542,0.0],[129.2188,72.5563,1.4768],[129.2307,72.5568,0.0],[129.2292,72.5583,0.9901],[129.2063,72.5583,1.1754],[129.2021,72.5604,-0.0374],[129.1917,72.5604,0.9834]]],
[[[128.313,72.5505,-0.1737],[128.3229,72.55,0.2781],[128.3245,72.5516,0.0],[128.3167,72.5542,0.0],[128.2984,72.5537,-0.1427],[128.3,72.5521,-0.0536],[128.3104,72.5521,0.6885],[128.313,72.5505,-0.1737]]],
[[[128.8021,72.5563,0.2678],[128.7958,72.5563,0.0397],[128.7943,72.5547,0.4534],[128.8,72.5521,0.375],[128.8182,72.5526,0.2858],[128.8125,72.5563,-0.1453],[128.8021,72.5563,0.2678]]],
[[[127.7125,72.5604,1.9497],[127.7047,72.5599,1.8898],[127.7026,72.5578,2.3562],[127.7026,72.5547,0.0],[127.7208,72.5563,2.3617],[127.7245,72.5589,1.8562],[127.7229,72.5604,2.0226],[127.7125,72.5604,1.9497]]],
[[[128.1042,72.5875,0.9421],[128.1057,72.5891,0.6475],[128.1005,72.5901,1.5149],[128.0995,72.5932,1.8438],[128.0875,72.5979,0.0],[128.0708,72.5979,0.0],[128.0526,72.5932,0.0],[128.0495,72.5859,4.2258],[128.0359,72.5849,0.0],[128.0328,72.5797,0.0],[128.0292,72.5771,0.0],[128.0125,72.5771,0.0],[128.0083,72.575,5.6489],[127.9964,72.5745,1.8826],[127.9979,72.5729,5.5011],[128.0125,72.5729,5.161],[128.0203,72.5703,5.9826],[128.0213,72.5672,6.0229],[128.0266,72.5661,5.0],[128.025,72.5646,6.2997],[127.9875,72.5646,6.5021],[127.9797,72.5682,6.2853],[127.9917,72.5708,4.5],[127.9932,72.5724,5.5736],[127.9708,72.575,1.7834],[127.9604,72.5792,0.0],[127.9375,72.5813,1.6029],[127.9333,72.5833,0.0],[127.9042,72.5833,1.634],[127.9005,72.5807,1.6961],[127.8974,72.5755,0.6538],[127.8922,72.5745,0.0],[127.8891,72.5714,4.0612],[127.8818,72.5703,0.0],[127.8818,72.5672,6.6272],[127.8932,72.563,6.1267],[127.8833,72.5604,4.5],[127.8646,72.5604,0.0],[127.8604,72.5563,6.3546],[127.8354,72.5542,0.0],[127.8026,72.5453,0.0],[127.7979,72.5396,7.7155],[127.7937,72.5396,8.3353],[127.7896,72.5375,8.0284],[127.7792,72.5375,0.0],[127.7693,72.5339,0.0],[127.7745,72.5328,0.0],[127.7771,72.5292,0.0],[127.7833,72.5313,0.0],[127.8083,72.5313,3.2736],[127.8125,72.5292,0.0],[127.8333,72.5292,1.4122],[127.8375,72.5271,0.0],[127.8417,72.5271,0.0],[127.8458,72.5292,2.2654],[127.8688,72.5292,1.7136],[127.875,72.5271,1.021],[127.8792,72.5292,1.0889],[127.8833,72.5292,1.4755],[127.8849,72.5286,1.7604],[127.8839,72.5255,1.231],[127.8854,72.525,0.0],[127.9104,72.525,1.4163],[127.912,72.5266,1.8576],[127.9,72.5271,1.5726],[127.8984,72.5286,1.6236],[127.925,72.5292,0.8215],[127.9375,72.5333,1.0399],[127.9625,72.5333,0.0],[127.9667,72.5354,1.1241],[127.9833,72.5354,0.0],[127.9875,72.5375,7.5607],[127.9979,72.5375,5.8242],[128.0021,72.5354,0.0],[128.0521,72.5354,0.0],[128.0562,72.5375,6.4036],[128.0688,72.5375,0.9067],[128.0766,72.5401,1.0091],[128.0786,72.5432,6.5634],[128.0688,72.5437,6.4149],[128.0609,72.5463,4.0],[128.0609,72.5516,4.0],[128.0708,72.5542,4.5748],[128.0813,72.5542,4.0],[128.0854,72.5563,5.2991],[128.0911,72.5557,5.6081],[128.088,72.5484,5.2222],[128.1062,72.5479,0.0],[128.1162,72.5505,0.0],[128.1193,72.5537,1.872],[128.1438,72.5604,0.0],[128.175,72.5604,0.0],[128.1812,72.5625,5.2307],[128.1917,72.5583,0.0],[128.2245,72.5589,0.0],[128.2193,72.5609,2.5047],[128.2203,72.5661,0.0],[128.2151,72.5672,2.7649],[128.2161,72.5703,0.0],[128.2109,72.5714,1.0571],[128.2099,72.5745,3.4455],[128.2047,72.5755,4.0758],[128.2057,72.5787,0.0],[128.1917,72.5833,3.0005],[128.188,72.5828,3.2259],[128.1833,72.5792,0.0],[128.1776,72.5787,0.0],[128.1828,72.5755,4.7397],[128.1708,72.575,0.0],[128.1583,72.5708,2.4112],[128.15,72.5708,3.2456],[128.1396,72.575,0.0],[128.1229,72.575,2.5536],[128.1187,72.5771,0.0],[128.1083,72.5771,0.0],[128.0979,72.5729,5.135],[128.0922,72.5734,4.5],[128.0958,72.5813,0.2595],[128.0953,72.5828,0.3755],[128.0901,72.5849,2.6026],[128.1042,72.5875,0.9421]]],
[[[128.9604,72.5604,1.3255],[128.95,72.5604,1.8982],[128.9484,72.5589,0.8152],[128.962,72.5589,1.252],[128.9604,72.5604,1.3255]]],
[[[129.0537,72.563,0.2095],[129.062,72.5661,-0.124],[129.0521,72.5687,0.026],[129.0479,72.5667,1.7168],[129.0005,72.5661,0.1735],[129.0057,72.5641,0.6749],[129.0047,72.5609,-0.3472],[129.0125,72.5583,-0.2046],[129.0208,72.5583,0.6516],[129.025,72.5563,0.2877],[129.0354,72.5563,0.2241],[129.037,72.5578,0.3416],[129.0193,72.5641,0.7],[129.025,72.5646,0.0],[129.0292,72.5625,-0.181],[129.0537,72.563,0.2095]]],
[[[128.4297,72.563,0.0],[128.4333,72.5625,0.0],[128.4349,72.5641,0.0],[128.4312,72.5646,2.1002],[128.4297,72.563,0.0]]],
[[[129.0667,72.5667,0.5742],[129.0703,72.5682,0.0],[129.063,72.5682,0.265],[129.063,72.5672,1.326],[129.0667,72.5667,0.5742]]],
[[[128.9797,72.5682,0.2882],[128.9896,72.5646,-0.1473],[128.9995,72.5672,-0.0907],[129.0016,72.5703,0.3262],[128.9833,72.5708,0.3477],[128.9797,72.5682,0.2882]]],
[[[129.3958,72.5979,0.0],[129.4104,72.5979,0.0],[129.4141,72.6016,-0.1478],[129.3859,72.6016,0.0],[129.3958,72.5979,0.0]]],
[[[127.4891,72.5974,4.5503],[127.4771,72.5979,7.8581],[127.4755,72.5964,7.7364],[127.4875,72.5958,7.535],[127.4891,72.5974,4.5503]]],
[[[127.7271,72.5729,0.0],[127.7307,72.5745,7.7725],[127.7234,72.5745,0.0],[127.7234,72.5734,0.0],[127.7271,72.5729,0.0]]],
[[[128.2484,72.5807,1.4795],[128.2563,72.5771,0.377],[128.2599,72.5776,0.2283],[128.2542,72.5813,0.2336],[128.2484,72.5807,1.4795]]],
[[[129.3,72.5813,-0.1639],[129.3042,72.5813,-0.3164],[129.3057,72.5828,-0.2578],[129.2958,72.5833,0.3192],[129.2917,72.5854,0.061],[129.2854,72.5833,0.2861],[129.2792,72.5854,0.1295],[129.2672,72.5849,0.0],[129.275,72.5813,0.0],[129.3,72.5813,-0.1639]]],
[[[129.1521,72.5792,0.7096],[129.1583,72.5792,0.886],[129.1599,72.5807,0.0],[129.1521,72.5833,0.0],[129.1417,72.5833,0.5026],[129.1375,72.5792,1.0693],[129.1187,72.5792,0.6636],[129.1146,72.5771,1.1162],[129.1042,72.5771,1.4489],[129.1026,72.5755,0.3465],[129.1417,72.575,0.0],[129.1463,72.5787,-0.0992],[129.1521,72.5792,0.7096]]],
[[[128.288,72.5734,0.0],[128.2917,72.5729,0.0],[128.2932,72.5745,0.0],[128.2896,72.575,0.0],[128.288,72.5734,0.0]]],
[[[128.2458,72.5875,0.8522],[128.238,72.587,1.1997],[128.2359,72.5849,0.7456],[128.2359,72.5818,0.0],[128.2396,72.5813,0.6369],[128.2443,72.5849,1.5068],[128.2516,72.5859,0.7304],[128.25,72.5875,0.5737],[128.2458,72.5875,0.8522]]],
[[[129.2214,72.5901,0.5565],[129.225,72.5896,0.4958],[129.2266,72.5911,0.1579],[129.2229,72.5917,-0.2715],[129.2214,72.5901,0.5565]]],
[[[129.137,72.5911,0.0],[129.1271,72.5917,0.6482],[129.1167,72.5958,0.0],[129.1104,72.5938,0.0],[129.0792,72.5938,1.6842],[129.075,72.5958,0.0],[129.0646,72.5958,0.0],[129.063,72.5953,0.0],[129.0609,72.5901,0.0],[129.0688,72.5875,0.0],[129.0771,72.5875,1.7102],[129.0813,72.5833,0.0],[129.1313,72.5833,0.0],[129.1411,72.5859,0.2307],[129.1432,72.588,0.0],[129.137,72.5911,0.0]]],
[[[128.1792,72.5875,0.0],[128.1828,72.5891,0.0],[128.1708,72.5896,0.0],[128.1667,72.5917,0.0],[128.1438,72.5917,0.0],[128.1422,72.5911,0.0],[128.1375,72.5813,1.4438],[128.138,72.5797,0.0],[128.1458,72.5771,0.7384],[128.1687,72.5771,0.0],[128.1703,72.5776,0.0],[128.1724,72.5828,0.0],[128.1672,72.5849,0.7998],[128.1792,72.5875,0.0]]],
[[[128.2474,72.5953,0.0],[128.2354,72.5958,0.7152],[128.2339,72.5943,1.223],[128.2458,72.5938,1.285],[128.2474,72.5953,0.0]]],
[[[128.1479,72.6042,0.0],[128.1292,72.6042,3.9056],[128.125,72.6062,0.0],[128.0859,72.6057,4.9605],[128.1,72.6,0.0],[128.1083,72.6,5.5075],[128.1125,72.5979,0.0],[128.1292,72.5979,2.6208],[128.1333,72.5958,0.0],[128.1625,72.5958,0.0],[128.1662,72.5984,0.0],[128.1521,72.6042,0.0],[128.1479,72.6042,0.0]]],
[[[127.9161,72.6318,1.8621],[127.9146,72.6333,0.0],[127.9042,72.6333,4.7443],[127.8958,72.6375,0.0],[127.8229,72.6375,0.0],[127.8187,72.6354,6.6331],[127.8146,72.6354,6.0009],[127.8083,72.6375,0.0],[127.7901,72.6328,0.0],[127.7875,72.6292,2.6689],[127.7771,72.6292,0.0],[127.7724,72.6255,0.0],[127.7589,72.6224,1.97],[127.7557,72.6193,2.0095],[127.7505,72.6182,0.0],[127.7453,72.6109,2.6566],[127.7151,72.6036,0.0],[127.7151,72.6005,2.163],[127.7266,72.5974,2.2188],[127.7255,72.5943,2.0446],[127.7307,72.5932,7.0577],[127.7307,72.5901,0.0],[127.7271,72.5854,0.0],[127.7151,72.5859,4.116],[127.7172,72.5891,0.0],[127.7224,72.5911,0.0],[127.7,72.5938,3.7],[127.6984,72.5953,3.3401],[127.7042,72.5958,0.0],[127.7057,72.5974,0.0],[127.6937,72.5979,3.4311],[127.6896,72.6,0.0],[127.675,72.6,4.4042],[127.6708,72.6021,0.0],[127.6458,72.6021,0.0],[127.6417,72.6,4.1098],[127.6188,72.6,0.0],[127.6146,72.5979,6.9957],[127.6042,72.5979,0.0],[127.5995,72.5943,0.0],[127.5922,72.5932,0.0],[127.5974,72.5911,7.9101],[127.5958,72.5896,7.9279],[127.5708,72.5875,0.0],[127.5667,72.5854,0.0],[127.5417,72.5854,0.0],[127.537,72.5797,0.0],[127.5292,72.5771,0.0],[127.5188,72.5771,0.0],[127.5141,72.5734,0.0],[127.5068,72.5724,0.0],[127.5057,72.5693,0.0],[127.4984,72.5682,0.0],[127.4974,72.5651,0.0],[127.4901,72.5641,0.0],[127.4891,72.5609,5.7912],[127.4818,72.5599,0.0],[127.4807,72.5568,7.3273],[127.4688,72.5563,0.0],[127.4646,72.5542,0.0],[127.4604,72.5542,3.3875],[127.4589,72.5557,3.0863],[127.4609,72.5578,2.2401],[127.4661,72.5589,0.0],[127.4693,72.562,0.0],[127.4745,72.563,0.0],[127.4776,72.5682,8.6401],[127.4932,72.5714,5.167],[127.4943,72.5745,6.6426],[127.5016,72.5755,0.0],[127.5026,72.5787,0.0],[127.5062,72.5813,7.4065],[127.5167,72.5813,0.0],[127.5328,72.5859,0.0],[127.537,72.5932,0.0],[127.5313,72.5938,0.0],[127.525,72.5917,0.0],[127.5208,72.5938,0.0],[127.5042,72.5938,6.6759],[127.5,72.5958,0.0],[127.4917,72.5958,7.174],[127.4818,72.5922,6.0],[127.4917,72.5917,6.7742],[127.4995,72.5891,6.7716],[127.4995,72.5859,8.5125],[127.4896,72.5833,9.2258],[127.4708,72.5833,6.0],[127.4646,72.5813,8.4094],[127.4604,72.5833,6.0],[127.4521,72.5833,8.5353],[127.45,72.5854,8.4672],[127.4526,72.5911,8.2519],[127.4599,72.5922,6.0],[127.463,72.5974,8.0187],[127.4682,72.5995,3.6732],[127.4583,72.6021,0.0],[127.4542,72.6,3.4265],[127.4437,72.6,4.9351],[127.4396,72.5979,8.4074],[127.4276,72.5984,8.3415],[127.4375,72.6021,0.0],[127.4495,72.6026,2.987],[127.4443,72.6047,3.332],[127.4453,72.6078,0.0],[127.4396,72.6083,0.0],[127.4318,72.6057,0.0],[127.4287,72.6026,0.0],[127.4213,72.6016,0.0],[127.4187,72.5979,7.8766],[127.4083,72.5979,8.5446],[127.4042,72.5958,8.1556],[127.3729,72.5958,0.0],[127.3688,72.5938,5.8834],[127.3583,72.5938,0.0],[127.3484,72.5911,0.0],[127.3484,72.588,6.0756],[127.35,72.5875,5.6165],[127.3662,72.587,4.6737],[127.3662,72.5839,6.0844],[127.3646,72.5833,8.0394],[127.3479,72.5833,9.6179],[127.3438,72.5854,8.7268],[127.3333,72.5854,0.0],[127.3318,72.5839,0.0],[127.337,72.5818,3.5387],[127.3187,72.5813,7.02],[127.3083,72.5854,2.7147],[127.2792,72.5854,0.0],[127.275,72.5875,0.0],[127.2708,72.5875,0.0],[127.2693,72.5859,0.0],[127.2807,72.5818,0.0],[127.2562,72.5813,21.9271],[127.2521,72.5833,3.6558],[127.2146,72.5833,10.1124],[127.2104,72.5813,35.3575],[127.1984,72.5807,6.8498],[127.1953,72.5755,35.6172],[127.188,72.5745,0.0],[127.1859,72.5693,0.0],[127.1911,72.5682,0.0],[127.1911,72.563,0.0],[127.1813,72.5604,7.8742],[127.1708,72.5604,0.0],[127.15,72.5542,5.9144],[127.1396,72.5542,0.0],[127.1208,72.5479,7.7023],[127.1021,72.5479,0.0],[127.0979,72.5458,4.2053],[127.0875,72.5458,0.0],[127.0771,72.5417,6.3966],[127.0568,72.537,0.0],[127.0537,72.5318,8.1054],[127.0463,72.5307,0.0],[127.0443,72.5255,0.0],[127.0583,72.5208,0.0],[127.0667,72.5208,10.0685],[127.0708,72.5188,0.0],[127.0813,72.5188,10.9745],[127.0854,72.5167,0.0],[127.1,72.5167,8.9607],[127.1104,72.5125,0.0],[127.1271,72.5125,0.0],[127.1312,72.5104,0.0],[127.1542,72.5104,0.0],[127.1583,72.5083,0.0],[127.1667,72.5083,0.0],[127.1708,72.5104,0.0],[127.1896,72.5104,0.0],[127.2021,72.5146,4.9722],[127.2125,72.5146,0.0],[127.2167,72.5167,0.0],[127.2271,72.5167,0.0],[127.2312,72.5188,5.795],[127.2625,72.5188,0.0],[127.2667,72.5208,0.0],[127.2729,72.5188,0.0],[127.2958,72.5188,0.0],[127.3021,72.5167,0.0],[127.3063,72.5188,0.0],[127.3167,72.5188,0.0],[127.3208,72.5208,3.6939],[127.3458,72.5229,0.0],[127.3521,72.5271,9.474],[127.3771,72.5292,0.0],[127.3958,72.5354,0.0],[127.4016,72.5359,0.0],[127.4,72.5375,9.0469],[127.3854,72.5375,8.6151],[127.3776,72.5401,8.4785],[127.3766,72.5453,8.1958],[127.3724,72.5474,7.502],[127.3588,72.5484,9.1558],[127.3604,72.55,8.5266],[127.3771,72.55,9.0417],[127.3812,72.5479,6.4618],[127.3854,72.5479,7.0],[127.387,72.5484,7.0],[127.387,72.5516,7.8364],[127.3792,72.5542,7.331],[127.3708,72.5542,8.6129],[127.3693,72.5557,8.7817],[127.3792,72.5583,7.5364],[127.3958,72.5583,8.7252],[127.4042,72.5542,7.1166],[127.4146,72.5542,3.9691],[127.4187,72.5563,6.4875],[127.437,72.5557,5.8127],[127.4354,72.5542,8.7814],[127.425,72.5542,8.8363],[127.4208,72.5521,9.0753],[127.4026,72.5516,5.7319],[127.4078,72.5495,8.594],[127.4068,72.5463,7.0],[127.4167,72.5458,7.8193],[127.4187,72.5437,7.0],[127.4182,72.5422,7.3819],[127.4047,72.5391,8.735],[127.4063,72.5375,0.0],[127.4208,72.5375,0.0],[127.425,72.5354,0.0],[127.4292,72.5354,0.0],[127.4354,72.5375,0.0],[127.437,72.537,0.0],[127.4359,72.5339,0.0],[127.4437,72.5313,0.0],[127.4542,72.5313,0.0],[127.4646,72.5271,0.0],[127.4875,72.5292,6.3895],[127.4938,72.5271,0.0],[127.5083,72.5313,0.0],[127.5109,72.5276,0.0],[127.5313,72.5208,0.0],[127.562,72.5203,9.1924],[127.5609,72.5172,7.4865],[127.5661,72.5162,8.0892],[127.5672,72.5109,0.0],[127.5787,72.5099,6.7203],[127.5776,72.5068,0.0],[127.5792,72.5062,0.0],[127.6021,72.5062,0.0],[127.6062,72.5042,0.0],[127.6182,72.5036,0.0],[127.6167,72.5021,0.0],[127.6026,72.5016,0.0],[127.6042,72.5,0.0],[127.6208,72.5,0.0],[127.625,72.5021,0.0],[127.6354,72.5021,7.5662],[127.6396,72.5,0.0],[127.6563,72.5,6.7643],[127.6604,72.4979,0.0],[127.6979,72.4979,0.0],[127.7021,72.5,0.0],[127.7125,72.5,0.0],[127.7271,72.5062,0.0],[127.7292,72.5042,0.0],[127.7266,72.4984,0.0],[127.7193,72.4943,0.0],[127.7307,72.4932,0.0],[127.7292,72.4917,0.0],[127.7188,72.4917,0.0],[127.7146,72.4896,0.0],[127.6958,72.4896,0.0],[127.688,72.487,0.0],[127.6849,72.4838,3.0453],[127.6797,72.4828,0.0],[127.6766,72.4797,10.5525],[127.663,72.4766,0.0],[127.6599,72.4714,13.0024],[127.6479,72.4708,0.0],[127.6464,72.4724,0.0],[127.6484,72.4786,4.4378],[127.6557,72.4797,0.0],[127.6672,72.487,0.0],[127.6745,72.488,0.0],[127.6745,72.4932,0.0],[127.6083,72.4938,0.0],[127.5958,72.4896,7.8935],[127.5854,72.4896,0.0],[127.5813,72.4875,0.0],[127.5708,72.4875,2.4904],[127.5667,72.4854,2.9423],[127.55,72.4854,0.0],[127.5484,72.487,0.0],[127.5604,72.4875,0.0],[127.5646,72.4896,0.0],[127.575,72.4896,0.0],[127.5792,72.4917,0.0],[127.5896,72.4917,0.0],[127.5995,72.4953,0.0],[127.5854,72.5,0.0],[127.5771,72.5,9.5304],[127.5729,72.4979,6.5673],[127.5687,72.4979,7.5183],[127.5672,72.4984,8.7006],[127.5682,72.5016,9.1571],[127.563,72.5026,8.6133],[127.5641,72.5078,0.0],[127.5589,72.5089,3.1576],[127.5578,72.512,0.0],[127.5463,72.513,2.2749],[127.5437,72.5167,0.0],[127.5292,72.5167,7.8165],[127.5188,72.5208,0.0],[127.5021,72.5208,0.0],[127.5005,72.5214,0.0],[127.5016,72.5245,0.0],[127.5,72.525,0.0],[127.4896,72.525,0.0],[127.4854,72.5229,0.0],[127.4688,72.5229,5.7472],[127.4646,72.525,0.0],[127.4125,72.525,0.0],[127.4021,72.5208,0.0],[127.3979,72.5208,0.0],[127.3964,72.5214,2.0676],[127.3974,72.5266,3.7856],[127.3792,72.5271,0.0],[127.3292,72.5125,4.0682],[127.3042,72.5125,0.0],[127.3,72.5104,0.0],[127.2958,72.5104,0.0],[127.2943,72.5099,0.0],[127.2932,72.5047,0.0],[127.2917,72.5042,0.0],[127.2729,72.5042,0.0],[127.2688,72.5021,2.8802],[127.2583,72.5021,0.0],[127.2542,72.5,20.1802],[127.2375,72.5,0.0],[127.2104,72.4917,4.4521],[127.1896,72.4875,0.0],[127.1792,72.4833,0.0],[127.175,72.4833,0.0],[127.1708,72.4792,10.4776],[127.1604,72.4792,0.0],[127.1479,72.475,9.5613],[127.1438,72.475,0.0],[127.1422,72.4734,0.0],[127.1474,72.4724,9.955],[127.1474,72.4693,3.6285],[127.1354,72.4688,3.4863],[127.1318,72.4661,3.4163],[127.1333,72.4646,3.5007],[127.1563,72.4646,3.9485],[127.1641,72.462,0.0],[127.163,72.4568,2.5603],[127.1766,72.4557,10.864],[127.1755,72.4505,0.0],[127.1833,72.4479,0.0],[127.1979,72.4479,0.0],[127.2021,72.4458,0.0],[127.2125,72.4458,0.0],[127.2167,72.4437,0.0],[127.225,72.4437,0.0],[127.2292,72.4417,0.0],[127.2458,72.4417,0.0],[127.25,72.4437,0.0],[127.2583,72.4437,0.0],[127.2625,72.4417,0.0],[127.2854,72.4417,0.0],[127.2896,72.4396,0.0],[127.3063,72.4396,0.0],[127.3187,72.4437,4.0589],[127.3708,72.4437,0.0],[127.375,72.4458,5.1326],[127.4146,72.4479,0.0],[127.4187,72.45,0.0],[127.4292,72.45,0.0],[127.4333,72.4521,0.0],[127.4563,72.4542,0.0],[127.4578,72.4526,3.5122],[127.45,72.45,3.7701],[127.4458,72.45,3.6515],[127.4417,72.4479,3.8817],[127.4297,72.4474,3.1153],[127.4276,72.4443,4.0416],[127.4354,72.4417,3.9985],[127.4458,72.4417,3.254],[127.4542,72.4375,3.5914],[127.4708,72.4375,3.3228],[127.475,72.4354,3.2863],[127.5125,72.4375,3.8723],[127.5167,72.4354,3.372],[127.5396,72.4354,3.3915],[127.5411,72.4339,3.4184],[127.5354,72.4333,3.5957],[127.5339,72.4318,4.035],[127.5437,72.4313,3.7706],[127.5453,72.4297,3.5059],[127.5333,72.4292,3.8486],[127.5255,72.4266,3.7136],[127.5234,72.4234,2.7409],[127.5354,72.425,3.4472],[127.5458,72.4208,3.3991],[127.5724,72.4255,3.6164],[127.5708,72.4271,3.447],[127.5526,72.4276,3.6354],[127.5542,72.4292,3.6397],[127.5854,72.4292,3.432],[127.5979,72.4333,3.5281],[127.6146,72.4333,0.0],[127.6188,72.4354,0.0],[127.6438,72.4354,2.3983],[127.6563,72.4396,3.0742],[127.6682,72.4401,3.1249],[127.6682,72.4432,3.3038],[127.6542,72.4479,0.0],[127.6443,72.4484,3.1239],[127.6432,72.4516,0.0],[127.6391,72.4537,0.0],[127.625,72.4583,0.0],[127.613,72.4589,9.253],[127.6167,72.4625,0.0],[127.6333,72.4625,11.3607],[127.6349,72.462,11.5831],[127.6339,72.4589,0.0],[127.6453,72.4557,0.0],[127.6464,72.4526,0.0],[127.6542,72.45,0.0],[127.675,72.4479,4.0414],[127.6792,72.4458,2.5565],[127.6875,72.4458,4.0363],[127.6917,72.4437,0.0],[127.7021,72.4437,2.9371],[127.7063,72.4417,0.0],[127.7146,72.4417,3.3611],[127.7188,72.4396,0.0],[127.7333,72.4396,8.3177],[127.7375,72.4375,0.0],[127.7479,72.4375,6.8248],[127.7521,72.4354,1.2048],[127.7604,72.4354,2.4991],[127.7708,72.4313,2.5329],[127.7854,72.4313,3.4638],[127.7896,72.4292,2.6747],[127.8125,72.4271,6.1],[127.8167,72.425,0.0],[127.8313,72.425,8.1943],[127.8578,72.4161,2.2769],[127.8568,72.413,0.0],[127.8583,72.4125,0.0],[127.8766,72.412,3.0264],[127.8755,72.4068,2.3564],[127.887,72.4036,2.4652],[127.8797,72.4005,2.4085],[127.8912,72.3995,2.5775],[127.8938,72.3958,1.5699],[127.9437,72.3958,2.382],[127.9479,72.3938,1.8216],[127.9833,72.3938,2.4525],[127.9875,72.3917,0.0],[128.0042,72.3917,0.0],[128.0083,72.3896,0.0],[128.0167,72.3896,0.0],[128.0208,72.3875,0.6667],[128.0292,72.3896,5.9982],[128.0333,72.3875,0.0],[128.05,72.3875,0.0],[128.0542,72.3854,0.0],[128.0604,72.3875,0.0],[128.1,72.3875,1.3576],[128.1042,72.3896,1.9772],[128.1146,72.3896,1.6162],[128.1224,72.3922,0.0],[128.1172,72.3953,1.2588],[128.1193,72.3974,2.7164],[128.1266,72.3984,1.817],[128.1286,72.4078,6.7901],[128.1187,72.4083,8.3374],[128.1083,72.4125,6.5],[128.0838,72.413,8.5633],[128.0859,72.4161,6.0],[128.0958,72.4187,7.7244],[128.1125,72.4187,7.4432],[128.1208,72.4146,7.244],[128.1313,72.4146,7.0484],[128.1328,72.4141,6.9426],[128.1318,72.4109,7.4798],[128.1333,72.4104,7.6002],[128.1708,72.4104,0.0],[128.175,72.4125,6.6265],[128.2,72.4125,0.0],[128.2042,72.4146,2.7644],[128.2146,72.4146,1.4083],[128.2188,72.4167,2.2203],[128.2292,72.4167,0.0],[128.2318,72.4203,4.3271],[128.25,72.425,3.6596],[128.2625,72.4208,1.9534],[128.2729,72.4208,4.8272],[128.2771,72.425,6.3701],[128.3,72.425,4.481],[128.3026,72.4213,5.0],[128.3078,72.4203,6.4087],[128.3062,72.4187,6.1658],[128.2958,72.4167,6.1057],[128.2917,72.4208,6.6123],[128.2833,72.4208,6.6191],[128.2797,72.4172,4.29],[128.2849,72.4161,6.5356],[128.2833,72.4146,6.6776],[128.2713,72.4151,2.3373],[128.2724,72.4182,0.0],[128.2708,72.4187,0.0],[128.2542,72.4187,1.1987],[128.2333,72.4125,6.6641],[128.2229,72.4125,0.0],[128.2188,72.4083,5.1913],[128.2083,72.4083,0.0],[128.2042,72.4063,0.0],[128.1729,72.4063,1.7177],[128.1604,72.4021,5.4656],[128.1484,72.4016,0.0],[128.1536,72.3984,6.4877],[128.1479,72.3979,0.0],[128.1463,72.3964,0.0],[128.1516,72.3943,0.0],[128.1443,72.3932,0.0],[128.1458,72.3917,0.0],[128.1563,72.3917,0.0],[128.1604,72.3938,0.0],[128.2104,72.3938,8.6793],[128.2146,72.3917,0.0],[128.2188,72.3917,0.0],[128.2229,72.3938,8.037],[128.2312,72.3938,7.5],[128.2328,72.3922,8.7287],[128.2271,72.3917,8.2033],[128.2255,72.3901,0.0],[128.2453,72.3891,7.3467],[128.2354,72.3854,0.0],[128.2292,72.3875,0.0],[128.2208,72.3875,0.0],[128.2167,72.3896,0.0],[128.2125,72.3896,0.0],[128.2083,72.3875,0.0],[128.2,72.3875,3.9042],[128.1958,72.3896,1.0797],[128.1438,72.3896,1.4911],[128.1396,72.3875,8.2522],[128.1292,72.3875,0.0],[128.1187,72.3833,0.0],[128.1083,72.3833,2.5544],[128.0958,72.3792,8.2761],[128.0708,72.3792,0.0],[128.0667,72.3771,0.0],[128.0583,72.3771,1.8017],[128.0542,72.3792,1.8138],[128.0437,72.3792,2.1537],[128.0396,72.3812,1.8723],[128.0313,72.3792,1.8797],[128.0271,72.3812,2.1265],[128.0229,72.3812,0.0],[128.0125,72.3771,1.9445],[128.0021,72.3771,1.2799],[127.9896,72.3729,1.6959],[127.9458,72.3729,11.742],[127.9396,72.375,0.0],[127.9213,72.3703,0.0],[127.9266,72.3682,0.0],[127.9266,72.3651,0.0],[127.9245,72.363,0.0],[127.9125,72.3604,2.2602],[127.9109,72.362,2.437],[127.913,72.3641,2.3831],[127.9182,72.3651,0.0],[127.913,72.3672,3.9188],[127.9161,72.3745,1.3294],[127.9042,72.375,5.4563],[127.8896,72.3812,1.9345],[127.8646,72.3812,0.0],[127.8583,72.3792,0.0],[127.8443,72.3839,5.5361],[127.8458,72.3854,3.562],[127.85,72.3854,2.3181],[127.8542,72.3833,1.9187],[127.8771,72.3833,2.3877],[127.8932,72.3891,2.5224],[127.8771,72.3896,2.6123],[127.875,72.3917,2.2098],[127.8766,72.3953,0.0],[127.8667,72.3958,3.8678],[127.85,72.4021,2.1434],[127.8401,72.4026,2.7469],[127.8401,72.4057,1.9688],[127.8521,72.4063,2.5932],[127.8536,72.4078,0.0],[127.8484,72.4089,2.7979],[127.8495,72.412,0.0],[127.838,72.4151,3.0132],[127.8354,72.4187,1.8403],[127.8271,72.4187,3.1959],[127.8208,72.4208,2.4725],[127.7979,72.4146,2.4668],[127.7901,72.4172,2.5028],[127.7875,72.4208,2.264],[127.7646,72.4187,2.7486],[127.763,72.4193,2.8009],[127.7641,72.4224,2.7077],[127.7583,72.4229,2.767],[127.7521,72.4208,2.7653],[127.7479,72.425,2.4815],[127.7417,72.4229,2.7982],[127.725,72.4229,3.2623],[127.7208,72.425,3.0949],[127.7125,72.425,3.4886],[127.7021,72.4292,3.2833],[127.6937,72.4292,3.449],[127.6896,72.4313,2.6415],[127.6813,72.4313,2.8048],[127.6771,72.4333,0.0],[127.6729,72.4333,0.0],[127.6687,72.4313,3.9785],[127.6521,72.4313,0.0],[127.6479,72.4292,9.8677],[127.6375,72.4292,5.4537],[127.6354,72.4271,3.9544],[127.6375,72.425,3.4821],[127.6458,72.425,0.0],[127.6625,72.4187,0.0],[127.6708,72.4187,0.0],[127.6875,72.4125,0.0],[127.6958,72.4125,3.9569],[127.7167,72.4042,0.0],[127.7271,72.4042,2.87],[127.7375,72.4,2.2542],[127.7458,72.4,4.8473],[127.7641,72.3932,2.3026],[127.7625,72.3917,2.6879],[127.7396,72.3917,3.6776],[127.7333,72.3938,3.6302],[127.7297,72.3912,3.0359],[127.7349,72.3891,2.9866],[127.7354,72.3875,3.0378],[127.7318,72.3776,2.4009],[127.7495,72.3724,2.5316],[127.7505,72.3693,2.2083],[127.7562,72.3667,1.7272],[127.7667,72.3667,3.4722],[127.7729,72.3646,3.467],[127.7755,72.3682,2.5206],[127.7828,72.3693,2.8051],[127.7849,72.3745,2.5076],[127.775,72.375,2.6417],[127.7729,72.3771,2.6737],[127.7734,72.3786,2.6649],[127.7807,72.3797,3.3547],[127.7807,72.3828,2.8409],[127.7755,72.3839,3.1298],[127.7776,72.387,3.0952],[127.7875,72.3875,2.7666],[127.7891,72.387,2.6664],[127.7901,72.3818,2.6587],[127.7995,72.3786,3.0465],[127.7984,72.3734,2.6084],[127.8037,72.3724,2.477],[127.8047,72.3672,2.5813],[127.8104,72.3646,2.2279],[127.8208,72.3646,2.7047],[127.825,72.3625,1.9256],[127.8458,72.3604,2.5158],[127.85,72.3583,2.353],[127.8583,72.3583,2.2005],[127.8625,72.3562,2.919],[127.8792,72.3562,2.1898],[127.8833,72.3542,2.6039],[127.9125,72.3542,2.3521],[127.9187,72.3562,1.6886],[127.9213,72.3526,2.1792],[127.9328,72.3495,1.7008],[127.9318,72.3464,1.9542],[127.937,72.3453,2.1906],[127.938,72.3422,1.8587],[127.9537,72.337,1.9288],[127.9484,72.3339,1.8871],[127.9661,72.3328,2.2079],[127.9589,72.3297,1.9753],[127.9667,72.3271,2.3797],[127.9771,72.3271,2.1615],[127.9786,72.3266,2.6346],[127.9776,72.3234,1.7739],[127.9953,72.3182,1.9103],[127.988,72.3151,1.8163],[128.0042,72.3146,1.8451],[128.0057,72.3141,2.1199],[128.0068,72.3089,1.8379],[128.0104,72.3083,1.5122],[128.0172,72.3182,1.815],[128.0224,72.3182,1.9447],[128.0213,72.3151,1.5992],[128.0328,72.312,1.8957],[128.0333,72.3104,1.9827],[128.0328,72.3089,1.7752],[128.0255,72.3078,2.3093],[128.0234,72.3026,1.7461],[128.0354,72.3042,2.2417],[128.037,72.3037,1.7911],[128.0359,72.2984,1.9334],[128.0458,72.2979,1.9694],[128.0474,72.2995,1.7241],[128.0443,72.3005,2.0549],[128.0443,72.3037,1.7504],[128.0495,72.3037,2.1114],[128.0505,72.3005,1.914],[128.062,72.2974,1.9855],[128.0609,72.2943,1.8074],[128.1016,72.2807,1.7128],[128.1026,72.2776,1.3044],[128.1125,72.2771,2.1632],[128.1354,72.2688,1.6246],[128.1453,72.2682,2.3015],[128.1443,72.2651,1.4729],[128.1458,72.2646,1.4729],[128.1557,72.2641,2.1302],[128.1568,72.2589,2.0248],[128.1599,72.2578,1.4364],[128.1609,72.2526,1.6067],[128.1708,72.2521,1.5116],[128.175,72.25,1.6436],[128.1833,72.2521,1.8166],[128.1875,72.25,1.617],[128.1917,72.25,1.3537],[128.1958,72.2542,1.5088],[128.2021,72.2521,1.5343],[128.2188,72.2521,1.3727],[128.2229,72.25,1.6761],[128.2312,72.2521,1.6549],[128.2417,72.2479,1.3142],[128.2516,72.2474,1.0991],[128.2542,72.2438,1.0693],[128.2708,72.2438,0.895],[128.275,72.2458,0.9642],[128.3125,72.2458,0.0],[128.3167,72.2479,1.3262],[128.325,72.2458,0.0],[128.3292,72.2479,0.894],[128.3333,72.2479,0.7058],[128.3396,72.2458,0.9874],[128.3438,72.2479,0.6173],[128.3604,72.2479,0.3828],[128.3703,72.2505,6.0],[128.3708,72.2521,7.1435],[128.3703,72.2536,7.3381],[128.3651,72.2547,5.584],[128.3682,72.262,0.0],[128.363,72.2641,6.157],[128.3687,72.2646,0.0],[128.3703,72.2662,0.0],[128.3651,72.2672,0.0],[128.3651,72.2703,2.8478],[128.3771,72.2708,0.1554],[128.3786,72.2693,0.3804],[128.3755,72.263,0.0905],[128.3807,72.262,0.8616],[128.3797,72.2568,0.3545],[128.3917,72.2562,1.0563],[128.4,72.2521,0.1885],[128.4167,72.2521,0.2344],[128.4208,72.2542,0.5991],[128.4583,72.2562,6.0527],[128.4625,72.2542,0.0],[128.4708,72.2542,2.0373],[128.475,72.2521,0.0],[128.4917,72.2521,6.0],[128.5083,72.2458,0.4144],[128.5328,72.2464,0.748],[128.5328,72.2495,1.7475],[128.5213,72.2526,0.0],[128.5229,72.2542,2.7531],[128.5271,72.2542,3.2958],[128.5313,72.2521,1.2504],[128.5537,72.2495,0.4845],[128.5521,72.2479,0.0],[128.5464,72.2474,1.2832],[128.5464,72.2443,0.3841],[128.5479,72.2438,0.3841],[128.5688,72.2417,-0.2084],[128.5729,72.2396,0.0019],[128.6021,72.2396,0.7718],[128.6062,72.2375,0.0],[128.6146,72.2375,0.0],[128.6187,72.2354,0.0],[128.6333,72.2354,0.0],[128.6375,72.2333,0.6532],[128.6458,72.2333,0.0],[128.65,72.2312,0.0],[128.6667,72.2312,2.7308],[128.6708,72.2292,0.0],[128.6792,72.2292,0.0],[128.6807,72.2276,1.5684],[128.6734,72.2266,0.9784],[128.6734,72.2234,0.0],[128.6911,72.2224,1.5278],[128.6901,72.2172,0.0],[128.7016,72.2161,1.8244],[128.7005,72.2109,0.0],[128.7208,72.2042,0.0],[128.7646,72.2042,0.0544],[128.7688,72.2063,3.108],[128.7792,72.2063,-0.2652],[128.7833,72.2083,1.6185],[128.7875,72.2083,0.0],[128.7896,72.2104,0.8437],[128.7875,72.2125,0.0],[128.7713,72.213,0.0],[128.7729,72.2146,0.9695],[128.8021,72.2146,4.1903],[128.8188,72.2083,0.0],[128.8333,72.2083,1.9577],[128.8438,72.2042,0.0],[128.8521,72.2042,0.7559],[128.862,72.2068,3.7042],[128.8641,72.2099,1.5],[128.8562,72.2125,2.8258],[128.8271,72.2125,3.7608],[128.8193,72.2161,0.0],[128.8375,72.2167,1.2247],[128.8438,72.2146,0.0],[128.8474,72.2172,0.9384],[128.8484,72.2203,0.6625],[128.8687,72.225,2.5179],[128.8703,72.2245,0.0],[128.8693,72.2193,3.8753],[128.8807,72.2182,3.7471],[128.8932,72.2141,2.1264],[128.8922,72.2109,1.5],[128.8974,72.2099,2.8215],[128.8938,72.2063,2.866],[128.8755,72.2057,3.7833],[128.8833,72.2021,0.0],[128.9063,72.2021,3.6533],[128.9104,72.2,0.0],[128.925,72.2,3.4117],[128.9292,72.1979,0.0],[128.9667,72.1979,0.8513],[128.9682,72.1995,0.0],[128.963,72.2005,1.0421],[128.962,72.2037,0.0],[128.9464,72.2089,0.0],[128.9474,72.2141,0.0],[128.9422,72.2151,0.0],[128.9411,72.2182,0.0],[128.937,72.2203,0.6865],[128.913,72.2276,1.0858],[128.9063,72.2312,0.0],[128.9021,72.2312,0.0],[128.8917,72.2271,1.6893],[128.8813,72.2271,0.0],[128.8797,72.2276,0.0],[128.8797,72.2307,2.4019],[128.8917,72.2312,0.0],[128.8953,72.2338,2.8484],[128.8963,72.237,1.5292],[128.9021,72.2375,0.0],[128.9036,72.237,0.0],[128.9026,72.2338,0.0],[128.9125,72.2333,1.6495],[128.9167,72.2292,1.2971],[128.9375,72.2271,12.1774],[128.9516,72.2224,14.8628],[128.9505,72.2193,0.0],[128.962,72.2182,14.8258],[128.963,72.2151,0.0],[128.9682,72.2141,20.254],[128.9672,72.2109,0.0],[128.9724,72.2099,7.4583],[128.9714,72.2068,0.0],[128.9729,72.2063,0.0],[128.9958,72.2042,2.837],[129.0,72.2021,0.0],[129.0229,72.2021,0.0],[129.0307,72.2047,0.0],[129.0339,72.2078,0.0],[129.0412,72.2089,0.0],[129.0437,72.2125,2.528],[129.0562,72.2146,1.5627],[129.0667,72.2188,1.8105],[129.0786,72.2193,1.9426],[129.0771,72.2208,1.957],[129.0672,72.2214,1.6386],[129.0693,72.2266,1.2961],[129.0708,72.2271,1.0486],[129.0813,72.2292,1.498],[129.0979,72.2229,1.9492],[129.1062,72.2229,0.0],[129.1328,72.2297,1.4061],[129.1276,72.2328,1.564],[129.1349,72.2338,0.8454],[129.138,72.2391,1.2521],[129.1458,72.2417,0.3873],[129.1578,72.2422,0.255],[129.1563,72.2438,0.2945],[129.1479,72.2438,0.4714],[129.1438,72.2458,0.0],[129.1401,72.2453,0.241],[129.1375,72.2417,0.7085],[129.1271,72.2417,0.9202],[129.1193,72.2443,0.3705],[129.1208,72.2458,0.3673],[129.1328,72.2464,0.4188],[129.1375,72.2521,0.1931],[129.1411,72.2516,0.9537],[129.1438,72.2479,0.4129],[129.1667,72.2479,0.0],[129.1729,72.2521,0.9308],[129.1958,72.2521,-0.0605],[129.1995,72.2557,0.0],[129.1896,72.2562,0.3575],[129.1854,72.2583,-0.3271],[129.1812,72.2583,0.7291],[129.1771,72.2562,0.5898],[129.1687,72.2562,0.889],[129.1667,72.2583,-0.2712],[129.1687,72.2604,1.0578],[129.1917,72.2604,1.0296],[129.1958,72.2583,-0.2238],[129.2063,72.2583,1.2384],[129.2104,72.2604,0.8808],[129.2354,72.2625,0.0],[129.2396,72.2646,0.5459],[129.25,72.2646,0.0],[129.2542,72.2688,0.1111],[129.2536,72.2703,-0.1178],[129.2484,72.2724,0.3413],[129.2583,72.275,0.1252],[129.275,72.275,0.0605],[129.2849,72.2776,0.0703],[129.287,72.2807,0.514],[129.2729,72.2854,0.571],[129.263,72.2859,-0.6949],[129.2646,72.2875,0.2048],[129.275,72.2875,0.5515],[129.2792,72.2854,0.2673],[129.2953,72.2859,0.5517],[129.2912,72.2891,0.4931],[129.2859,72.2901,0.6846],[129.287,72.2953,0.208],[129.2792,72.2979,0.4836],[129.2693,72.2984,0.3388],[129.2792,72.3021,0.0992],[129.3161,72.3016,0.4563],[129.3161,72.2984,0.4072],[129.3042,72.2979,0.3866],[129.3005,72.2953,0.3396],[129.3021,72.2937,0.351],[129.312,72.2932,0.2967],[129.3047,72.2891,0.3425],[129.3026,72.2839,-0.0172],[129.3078,72.2828,0.3742],[129.3083,72.2813,-0.0659],[129.3078,72.2797,0.2991],[129.3005,72.2786,0.3568],[129.3021,72.2771,0.6352],[129.3188,72.2771,0.0],[129.3458,72.2854,0.4837],[129.3562,72.2854,0.0],[129.3578,72.2839,0.6049],[129.3557,72.2818,0.6093],[129.3458,72.2792,0.5028],[129.3354,72.2792,0.6473],[129.3338,72.2776,0.6552],[129.3417,72.275,0.0],[129.3521,72.2771,0.4495],[129.3562,72.275,0.0],[129.3708,72.275,0.6141],[129.375,72.2729,0.0],[129.3833,72.2729,0.2569],[129.387,72.2755,0.1611],[129.3891,72.2797,0.3163],[129.3839,72.2818,0.3299],[129.3854,72.2833,0.3541],[129.3896,72.2833,0.0],[129.3938,72.2854,0.3586],[129.4042,72.2854,0.0],[129.4083,72.2833,0.4802],[129.4245,72.2839,0.0201],[129.4229,72.2854,0.0],[129.4146,72.2854,0.4715],[129.4104,72.2875,0.3975],[129.388,72.2901,0.0],[129.3891,72.2932,0.3599],[129.3839,72.2943,0.3789],[129.3833,72.2958,0.4362],[129.3854,72.2979,0.3166],[129.3896,72.2979,0.0],[129.3938,72.2958,0.2192],[129.4083,72.2958,0.0589],[129.4125,72.2979,0.3469],[129.4292,72.2979,0.0],[129.4318,72.2943,0.0],[129.4354,72.2937,0.0],[129.4391,72.2974,0.0],[129.4339,72.2984,0.0],[129.4339,72.3016,0.4202],[129.4354,72.3021,0.5431],[129.4729,72.3,0.0],[129.4792,72.3063,0.2617],[129.4854,72.3042,0.6949],[129.5229,72.3042,0.1726],[129.5266,72.3068,0.4214],[129.5276,72.3099,0.4419],[129.5349,72.3109,0.0],[129.5234,72.3151,0.7257],[129.525,72.3167,0.0],[129.5307,72.3172,0.0],[129.5328,72.3193,0.5296],[129.5328,72.3224,0.2983],[129.5208,72.3271,0.0],[129.4484,72.3276,0.7737],[129.45,72.3292,0.0],[129.4812,72.3292,0.0],[129.4854,72.3313,0.9143],[129.4937,72.3313,0.873],[129.4979,72.3292,0.0],[129.5083,72.3292,0.0],[129.5125,72.3313,0.7531],[129.5307,72.3297,0.0],[129.5307,72.3328,0.0],[129.5125,72.3396,0.0],[129.4417,72.3396,0.0],[129.4375,72.3375,0.7491],[129.4271,72.3375,0.5166],[129.4229,72.3354,1.1155],[129.4187,72.3354,1.2693],[129.4146,72.3375,0.0],[129.4063,72.3375,0.0],[129.4021,72.3354,1.5409],[129.3901,72.3359,0.0],[129.3938,72.3396,-0.0437],[129.425,72.3396,0.0],[129.4292,72.3417,0.4497],[129.4411,72.3422,0.7573],[129.4396,72.3438,0.3499],[129.4297,72.3443,0.6428],[129.4312,72.3458,0.0],[129.4479,72.3458,0.615],[129.4521,72.3438,0.0],[129.4812,72.3438,0.1257],[129.4875,72.3479,0.2062],[129.525,72.3479,0.2575],[129.5266,72.3495,0.1863],[129.5125,72.3542,0.0],[129.4792,72.3562,0.0],[129.475,72.3604,0.0],[129.4583,72.3604,0.0],[129.4458,72.3562,0.1252],[129.4375,72.3562,0.5961],[129.4349,72.3599,0.1663],[129.425,72.3604,0.8937],[129.4234,72.362,-0.0213],[129.4771,72.3625,0.426],[129.4787,72.3641,0.8429],[129.4646,72.3688,0.0],[129.4339,72.3693,1.2586],[129.4354,72.3708,0.0],[129.4495,72.3734,0.3813],[129.4516,72.3766,0.1716],[129.4396,72.3771,0.806],[129.4312,72.3812,0.3425],[129.4271,72.3812,0.6959],[129.4229,72.3792,0.9907],[129.4146,72.3792,1.2021],[129.4104,72.3812,1.0653],[129.4005,72.3818,0.7496],[129.3979,72.3854,1.19],[129.3833,72.3854,1.6943],[129.3792,72.3875,1.3609],[129.3708,72.3875,1.5889],[129.3667,72.3896,0.4845],[129.3417,72.3896,0.0],[129.3338,72.387,0.0],[129.3292,72.3833,1.8917],[129.3042,72.3812,0.3448],[129.2859,72.3766,0.4751],[129.2859,72.3734,1.5163],[129.2912,72.3724,1.3662],[129.2896,72.3708,1.2525],[129.2854,72.3708,1.2342],[129.2813,72.3729,0.8096],[129.2729,72.3729,2.1939],[129.2688,72.3708,2.1678],[129.2583,72.3708,-0.0103],[129.2484,72.3672,1.3159],[129.2563,72.3646,1.2561],[129.2661,72.3641,1.4483],[129.2651,72.3609,1.7246],[129.2667,72.3604,0.0],[129.2896,72.3625,0.0],[129.2937,72.3604,0.0],[129.3167,72.3604,1.7375],[129.3208,72.3583,0.0],[129.3375,72.3583,1.8255],[129.3417,72.3562,0.0],[129.3646,72.3562,0.0],[129.3708,72.3583,0.2976],[129.3786,72.3547,0.0],[129.3188,72.3542,1.1752],[129.3083,72.3583,0.0],[129.3,72.3562,0.6694],[129.2958,72.3583,0.7169],[129.2854,72.3583,0.0],[129.2813,72.3562,1.4763],[129.2563,72.3542,1.9997],[129.2526,72.3505,0.9816],[129.2833,72.35,0.9818],[129.2912,72.3464,0.8989],[129.2729,72.3458,0.849],[129.2688,72.3438,1.1671],[129.2521,72.3438,1.2512],[129.2479,72.3417,1.8847],[129.2375,72.3417,1.7913],[129.2354,72.3438,1.3335],[129.237,72.3495,1.4077],[129.2188,72.35,1.7491],[129.2172,72.3484,1.9703],[129.2224,72.3474,0.9224],[129.2229,72.3458,1.3483],[129.2203,72.3422,1.8446],[129.2125,72.3396,1.8495],[129.2083,72.3396,1.4096],[129.2042,72.3417,1.6077],[129.1958,72.3417,2.0826],[129.1911,72.338,0.0],[129.1839,72.337,1.8621],[129.1891,72.3349,2.0279],[129.1875,72.3333,2.3449],[129.1708,72.3333,1.4528],[129.1667,72.3354,2.7118],[129.1583,72.3354,2.0107],[129.1505,72.338,1.0711],[129.1521,72.3396,1.5064],[129.1641,72.3401,1.7764],[129.1625,72.3417,1.9174],[129.1062,72.3417,2.0912],[129.1047,72.3432,2.6756],[129.1083,72.3458,2.4721],[129.125,72.3458,2.1951],[129.1375,72.35,2.0021],[129.1625,72.35,1.9321],[129.1641,72.3516,0.0646],[129.1333,72.3521,1.6173],[129.1292,72.3542,-0.0349],[129.1062,72.3542,2.3313],[129.1047,72.3557,0.047],[129.1104,72.3562,0.0],[129.112,72.3578,-0.0453],[129.1021,72.3583,1.3342],[129.0979,72.3604,0.0125],[129.0729,72.3583,-0.3173],[129.0682,72.3547,0.0],[129.0604,72.3521,1.3316],[129.0562,72.3521,0.0],[129.0521,72.35,1.6822],[129.0417,72.35,0.0],[129.0234,72.3453,0.0],[129.0234,72.3422,2.5171],[129.0313,72.3396,3.1957],[129.0396,72.3396,3.1463],[129.0437,72.3375,2.4159],[129.05,72.3396,2.6235],[129.0667,72.3396,2.6226],[129.0708,72.3375,2.4962],[129.0792,72.3375,2.2944],[129.0807,72.337,2.3445],[129.0797,72.3318,1.7593],[129.0813,72.3313,1.9096],[129.0896,72.3313,1.9661],[129.1062,72.325,0.7981],[129.1146,72.325,1.7795],[129.125,72.3208,0.8681],[129.1333,72.3208,1.8567],[129.1349,72.3203,1.6092],[129.1339,72.3172,0.9356],[129.1354,72.3167,0.5849],[129.1521,72.3167,1.6545],[129.1589,72.313,0.7473],[129.1703,72.3099,1.0793],[129.1714,72.3068,0.0924],[129.1807,72.3037,0.2718],[129.1708,72.3,1.0813],[129.1542,72.3,0.1408],[129.1526,72.2984,0.9721],[129.1625,72.2979,1.116],[129.1667,72.2958,-0.3634],[129.1729,72.2979,1.1124],[129.1833,72.2979,1.0602],[129.2078,72.2891,0.9456],[129.2063,72.2875,0.8562],[129.1833,72.2875,0.9591],[129.1792,72.2854,1.2575],[129.175,72.2854,1.5025],[129.1604,72.2917,1.036],[129.1438,72.2917,1.2275],[129.1422,72.2922,1.1408],[129.1432,72.2953,-0.2533],[129.138,72.2963,0.8488],[129.137,72.2995,0.9333],[129.1214,72.3047,1.0029],[129.1224,72.3099,-0.336],[129.1125,72.3104,0.426],[129.1083,72.3146,0.7693],[129.1,72.3146,1.4326],[129.0922,72.3172,1.7511],[129.0932,72.3203,1.6215],[129.0854,72.3229,1.102],[129.0818,72.3224,0.9626],[129.0797,72.3203,1.5054],[129.0776,72.3151,1.6539],[129.0828,72.3141,1.6592],[129.0838,72.3109,1.2839],[129.0958,72.3063,0.4304],[129.1042,72.3063,0.5435],[129.112,72.3037,0.7324],[129.1109,72.2984,1.1824],[129.1516,72.2849,0.73],[129.1495,72.2818,-0.396],[129.1417,72.2792,1.1061],[129.1375,72.2792,0.9744],[129.1333,72.2771,1.2236],[129.1229,72.2771,1.077],[129.1214,72.2755,1.0406],[129.1375,72.275,1.1094],[129.1479,72.2708,1.0888],[129.1563,72.2708,0.8614],[129.1641,72.2682,1.2169],[129.1625,72.2667,1.2622],[129.1458,72.2667,1.2886],[129.1417,72.2688,0.0066],[129.1333,72.2688,1.1388],[129.1193,72.2734,1.253],[129.1089,72.2776,1.6412],[129.1078,72.2807,1.3505],[129.0984,72.2839,1.7156],[129.1037,72.287,-0.3473],[129.088,72.2922,1.1868],[129.088,72.2953,0.988],[129.0953,72.2963,1.2125],[129.0974,72.2995,0.9895],[129.0854,72.3,1.0867],[129.0792,72.2979,1.4674],[129.0766,72.3016,1.3828],[129.0724,72.3037,1.3613],[129.0604,72.3042,1.984],[129.0547,72.3068,2.1342],[129.0547,72.3099,2.0557],[129.062,72.3109,1.7969],[129.062,72.3141,0.9353],[129.0521,72.3146,2.0962],[129.0443,72.3182,2.7071],[129.0599,72.3214,1.4996],[129.0547,72.3234,2.0268],[129.0557,72.3287,1.7744],[129.0505,72.3307,1.7933],[129.0578,72.3318,1.5915],[129.0599,72.3349,1.9969],[129.0479,72.3354,2.2929],[129.0437,72.3333,2.7067],[129.0271,72.3333,2.6287],[129.0167,72.3375,3.2636],[129.0,72.3375,0.1395],[128.9896,72.3333,2.4411],[128.9792,72.3333,1.2488],[128.975,72.3313,3.2591],[128.9708,72.3313,1.3044],[128.9661,72.3276,1.7912],[128.9583,72.325,2.8839],[128.9458,72.325,0.0],[128.9417,72.3229,3.0875],[128.9167,72.3208,0.0],[128.9063,72.3167,14.5346],[128.8896,72.3167,0.687],[128.8854,72.3187,2.4055],[128.875,72.3187,0.0],[128.8562,72.3125,2.6712],[128.8505,72.312,2.7994],[128.8557,72.3099,2.9124],[128.8542,72.3083,2.95],[128.85,72.3083,3.6521],[128.8458,72.3104,2.3595],[128.8375,72.3104,1.7001],[128.8333,72.3083,3.4382],[128.8292,72.3083,3.2836],[128.8229,72.3104,0.0],[128.8188,72.3083,3.7971],[128.7937,72.3063,0.0],[128.7667,72.2979,4.4345],[128.7563,72.2979,2.9489],[128.7521,72.2958,3.553],[128.7417,72.2979,0.191],[128.7375,72.2958,1.5297],[128.7271,72.2958,0.0],[128.7245,72.2922,3.0823],[128.7088,72.2891,0.0],[128.7104,72.2875,3.819],[128.7188,72.2875,4.2034],[128.7229,72.2854,3.7334],[128.775,72.2875,3.843],[128.7766,72.2859,3.5635],[128.7745,72.2839,4.0973],[128.7672,72.2828,4.2268],[128.7641,72.2776,4.1413],[128.7521,72.2771,3.9435],[128.7359,72.2714,3.0],[128.7604,72.2708,3.2151],[128.762,72.2703,3.0361],[128.7609,72.2672,2.5],[128.7625,72.2667,2.5],[128.7708,72.2667,3.8798],[128.775,72.2646,2.5],[128.7833,72.2646,3.4991],[128.7875,72.2625,3.8143],[128.8042,72.2625,3.9322],[128.8083,72.2604,3.186],[128.8167,72.2604,3.745],[128.8182,72.2599,3.8346],[128.8172,72.2568,3.6683],[128.8188,72.2562,3.8475],[128.8229,72.2562,2.8982],[128.8271,72.2583,2.093],[128.8453,72.2578,3.2258],[128.8432,72.2526,3.1451],[128.8396,72.25,4.2847],[128.8313,72.25,4.1783],[128.8208,72.2542,4.0303],[128.7854,72.2542,4.7268],[128.7776,72.2568,4.3493],[128.7786,72.262,3.5705],[128.7771,72.2625,3.3961],[128.7667,72.2625,3.3278],[128.7542,72.2583,2.5],[128.7042,72.2583,2.5],[128.7,72.2604,4.4086],[128.6917,72.2604,5.3844],[128.6901,72.262,4.8107],[128.6974,72.263,4.2264],[128.6922,72.2662,4.3154],[128.7057,72.2672,3.4702],[128.7068,72.2703,3.0],[128.7104,72.2729,4.6412],[128.7271,72.2729,3.0],[128.737,72.2766,3.9643],[128.7146,72.2792,4.0069],[128.713,72.2807,4.402],[128.7182,72.2828,4.2422],[128.7125,72.2854,4.4896],[128.7021,72.2854,2.7784],[128.6922,72.2828,0.0],[128.6891,72.2776,4.9076],[128.6771,72.275,4.6483],[128.6755,72.2766,0.0],[128.6776,72.2807,2.9272],[128.6849,72.2818,1.2605],[128.6849,72.2849,1.792],[128.6687,72.2854,4.5397],[128.6672,72.2859,4.4867],[128.6672,72.2891,0.0],[128.6938,72.2875,1.0618],[128.7042,72.2917,2.5229],[128.7182,72.2943,0.0],[128.7182,72.2974,4.4608],[128.7068,72.2984,1.8801],[128.7083,72.3,1.1253],[128.7458,72.3,0.0],[128.75,72.3021,3.948],[128.7604,72.3021,0.0],[128.7641,72.3057,2.6284],[128.7479,72.3063,0.0],[128.7437,72.3083,4.009],[128.738,72.3078,4.1569],[128.7354,72.3042,0.0],[128.7312,72.3042,3.0597],[128.7271,72.3063,3.8783],[128.7063,72.3063,4.5939],[128.7047,72.3078,5.0013],[128.7167,72.3083,4.0605],[128.7182,72.3099,3.9462],[128.7083,72.3104,3.5559],[128.7042,72.3125,0.0],[128.6859,72.313,4.4867],[128.6875,72.3146,0.0],[128.7063,72.3146,4.3228],[128.7078,72.3161,4.202],[128.7,72.3187,4.1437],[128.6917,72.3187,4.1398],[128.6875,72.3208,4.1145],[128.6646,72.3208,3.5501],[128.663,72.3214,2.9949],[128.663,72.3245,2.5968],[128.6703,72.3255,3.0],[128.6651,72.3287,5.1187],[128.6917,72.3271,4.0573],[128.6979,72.3292,2.8446],[128.7021,72.3271,2.0],[128.7104,72.3271,4.2365],[128.7458,72.3146,3.5551],[128.7505,72.3182,2.3802],[128.7578,72.3193,0.0],[128.7599,72.3234,0.0],[128.7599,72.3266,0.0],[128.7484,72.3297,2.623],[128.7521,72.3333,0.1356],[128.762,72.3328,4.4025],[128.763,72.3297,0.0],[128.7682,72.3287,2.3387],[128.7672,72.3255,2.3404],[128.775,72.3229,4.4657],[128.7786,72.3234,4.4618],[128.7807,72.3255,4.058],[128.7755,72.3287,2.4039],[128.7854,72.3313,1.9754],[128.7937,72.3313,3.2966],[128.7979,72.3292,3.0346],[128.8432,72.3287,3.3271],[128.8417,72.3271,2.9242],[128.8167,72.3271,3.4758],[128.8125,72.3229,3.4075],[128.7875,72.3229,3.9477],[128.7833,72.3208,4.211],[128.7729,72.3208,4.2065],[128.763,72.3182,0.0],[128.7609,72.3109,0.9382],[128.7708,72.3083,0.0],[128.775,72.3104,1.7942],[128.8,72.3104,0.0],[128.8125,72.3146,2.2169],[128.8229,72.3146,0.0],[128.8255,72.3182,3.8847],[128.8354,72.3208,3.7513],[128.8521,72.3208,0.0],[128.8562,72.3229,3.8275],[128.875,72.3229,0.0],[128.8792,72.325,3.5189],[128.8958,72.325,0.0],[128.9,72.3271,3.2748],[128.9167,72.3271,0.6412],[128.9208,72.3292,0.4045],[128.9312,72.3292,0.8362],[128.9604,72.3375,1.8876],[128.9708,72.3375,0.0],[128.9787,72.3401,0.0],[128.9807,72.3432,0.2179],[128.9479,72.3438,0.0],[128.9438,72.3417,0.9381],[128.9271,72.3417,0.0],[128.9224,72.3359,2.6712],[128.9104,72.3354,2.8616],[128.9042,72.3333,2.7532],[128.8963,72.337,3.1715],[128.9083,72.3375,1.2408],[128.9099,72.3391,1.6516],[128.8854,72.3396,1.6627],[128.8813,72.3417,0.0],[128.8729,72.3417,3.7913],[128.8714,72.3422,3.6802],[128.8724,72.3474,0.0],[128.8609,72.3484,3.5252],[128.8557,72.3557,0.0],[128.8505,72.3568,3.2824],[128.8516,72.3599,0.0],[128.8292,72.3625,3.9848],[128.8188,72.3667,0.0],[128.813,72.3662,3.8274],[128.8099,72.3609,3.2324],[128.8021,72.3583,3.8322],[128.7979,72.3583,3.064],[128.7937,72.3604,2.9732],[128.7854,72.3604,3.4153],[128.7813,72.3625,3.7246],[128.7729,72.3604,3.1498],[128.7688,72.3625,4.2122],[128.7646,72.3625,4.0284],[128.7604,72.3604,4.3936],[128.7292,72.3604,0.0],[128.7188,72.3562,2.9664],[128.7083,72.3583,0.0],[128.7042,72.3562,4.4085],[128.6812,72.3562,0.8432],[128.6797,72.3568,0.0],[128.6807,72.362,0.0],[128.6792,72.3625,0.0],[128.6563,72.3625,1.5919],[128.6542,72.3646,0.7878],[128.6547,72.3662,1.0765],[128.6604,72.3667,0.0],[128.6646,72.3646,0.8223],[128.6854,72.3646,2.0376],[128.6896,72.3625,0.7835],[128.7271,72.3625,0.2067],[128.7312,72.3646,1.8625],[128.75,72.3646,0.0],[128.7604,72.3688,1.8299],[128.7646,72.3688,0.8436],[128.7708,72.375,0.0],[128.7912,72.3755,0.0],[128.7896,72.3771,0.0],[128.7792,72.3771,2.6493],[128.7776,72.3776,3.2008],[128.7786,72.3807,0.5297],[128.7688,72.3812,2.735],[128.7646,72.3833,0.2226],[128.7479,72.3833,0.0],[128.7297,72.3786,4.5845],[128.7312,72.3771,2.9515],[128.7495,72.3766,2.79],[128.7396,72.3729,0.6407],[128.7333,72.375,3.6156],[128.7229,72.375,4.5328],[128.7188,72.3771,3.2603],[128.7042,72.3771,0.0],[128.6995,72.3734,3.6919],[128.6958,72.3729,4.7173],[128.6932,72.3766,4.7539],[128.6896,72.3771,3.6752],[128.6854,72.3729,5.1572],[128.6604,72.3729,3.6225],[128.6589,72.3734,3.8012],[128.6599,72.3766,5.0998],[128.6479,72.3771,2.0039],[128.6438,72.375,4.7931],[128.6187,72.375,4.938],[128.6146,72.3729,5.873],[128.6062,72.3729,5.3093],[128.6047,72.3745,5.8336],[128.6104,72.375,3.0],[128.612,72.3766,3.2971],[128.6021,72.3771,4.5257],[128.5792,72.3854,0.0],[128.5729,72.3833,0.8107],[128.5526,72.3828,4.2802],[128.5578,72.3807,5.8468],[128.5562,72.3792,5.6879],[128.5396,72.3792,1.2401],[128.5354,72.3812,0.0],[128.5,72.3812,5.6636],[128.4896,72.3854,0.0],[128.4797,72.3859,2.9537],[128.4771,72.3896,1.0328],[128.4708,72.3875,0.0],[128.4333,72.3875,6.1584],[128.4255,72.3901,5.8184],[128.4266,72.3932,6.0158],[128.4167,72.3938,6.4226],[128.4125,72.3958,0.0],[128.3875,72.3958,0.0],[128.3813,72.3938,5.5377],[128.375,72.3958,6.0187],[128.3708,72.3938,6.1343],[128.3604,72.3938,6.1717],[128.3568,72.3912,5.4376],[128.3583,72.3896,4.0],[128.3625,72.3896,4.0],[128.3667,72.3917,6.1193],[128.375,72.3917,6.1133],[128.3792,72.3875,4.0],[128.3875,72.3896,5.2947],[128.4016,72.3849,5.976],[128.4,72.3833,5.4252],[128.3708,72.3833,7.4794],[128.3667,72.3854,6.099],[128.3562,72.3854,6.9895],[128.3521,72.3875,6.5231],[128.3422,72.388,6.5403],[128.3495,72.3912,6.5157],[128.338,72.3922,5.0],[128.3354,72.3958,0.0],[128.3292,72.3938,6.5635],[128.3109,72.3932,5.1643],[128.3125,72.3917,6.0],[128.3208,72.3917,6.5388],[128.3224,72.3901,6.3992],[128.3104,72.3875,6.2331],[128.3062,72.3896,6.0],[128.2896,72.3896,6.7955],[128.2792,72.3938,6.4849],[128.2708,72.3917,7.2837],[128.2604,72.3958,7.79],[128.25,72.3917,7.1845],[128.2458,72.3958,7.8684],[128.2359,72.3964,7.6836],[128.237,72.3995,6.4649],[128.2318,72.4016,5.5],[128.2417,72.4021,7.3875],[128.2458,72.3979,7.2616],[128.2688,72.3979,4.0],[128.2724,72.4005,0.0],[128.2734,72.4057,0.0],[128.2792,72.4063,0.0],[128.2807,72.4057,0.0],[128.2797,72.4026,0.2243],[128.2849,72.4005,1.1784],[128.2792,72.4,0.3707],[128.2776,72.3984,0.0],[128.2854,72.3958,0.0],[128.3229,72.3958,0.0],[128.3354,72.4,1.3748],[128.3521,72.4,0.0],[128.3562,72.4021,0.3494],[128.3875,72.4021,3.0933],[128.3917,72.4,0.0],[128.4146,72.4,2.6703],[128.4187,72.3979,0.0],[128.4333,72.3979,0.5628],[128.4438,72.3938,0.0],[128.45,72.3958,1.467],[128.4667,72.3958,0.0],[128.4708,72.3938,0.0],[128.4792,72.3938,3.9934],[128.4833,72.3917,0.0],[128.5,72.3917,3.3429],[128.5042,72.3896,0.0],[128.5479,72.3896,2.0193],[128.5495,72.3912,5.5427],[128.5417,72.3938,3.0],[128.5354,72.3917,4.7779],[128.5188,72.3917,4.0327],[128.5172,72.3932,4.4029],[128.5292,72.3938,5.6167],[128.5307,72.3953,4.9992],[128.5063,72.3958,4.7598],[128.4984,72.3995,6.5405],[128.5229,72.4,4.0],[128.5271,72.3979,5.9299],[128.5437,72.3979,3.0],[128.5453,72.3995,4.3324],[128.5354,72.4,4.4815],[128.5339,72.4016,5.3933],[128.5604,72.4021,3.0],[128.5646,72.4042,5.9952],[128.5729,72.4042,5.9364],[128.5771,72.4021,3.0],[128.5891,72.4016,5.5],[128.5932,72.3995,3.0],[128.5932,72.3943,4.7056],[128.5875,72.3938,5.2161],[128.5771,72.3979,5.5296],[128.5688,72.3979,3.0],[128.5672,72.3964,3.0],[128.5724,72.3943,5.7713],[128.5667,72.3938,3.0],[128.5651,72.3922,3.7686],[128.5729,72.3896,0.0],[128.5875,72.3896,1.5012],[128.6,72.3854,0.0],[128.6062,72.3917,0.0],[128.6167,72.3938,0.0],[128.6292,72.3896,5.405],[128.6328,72.3922,4.0],[128.6339,72.3953,4.3388],[128.6411,72.3964,4.6654],[128.6396,72.3979,2.2658],[128.6297,72.3984,0.0],[128.6313,72.4,0.0],[128.6563,72.4,0.0],[128.6604,72.4021,2.8271],[128.6687,72.4021,0.8704],[128.6729,72.3979,5.2308],[128.7021,72.3979,4.4321],[128.7036,72.3995,3.4451],[128.7005,72.4016,-0.0847],[128.7021,72.4021,1.6137],[128.7104,72.4,0.0],[128.7167,72.4021,3.2601],[128.7208,72.4,0.0],[128.7312,72.4,2.6865],[128.7354,72.3979,0.0],[128.75,72.3979,2.7814],[128.7526,72.3943,0.0],[128.7583,72.3917,0.0],[128.775,72.3917,2.3816],[128.7813,72.3896,0.0],[128.7854,72.3917,2.6563],[128.7958,72.3917,0.0],[128.8,72.3896,0.0],[128.8208,72.3875,8.9115],[128.8224,72.3859,11.4891],[128.8042,72.3854,3.5862],[128.7917,72.3896,0.0],[128.7818,72.3859,4.0193],[128.7932,72.3828,4.0877],[128.7922,72.3797,0.0],[128.8037,72.3766,2.2278],[128.8026,72.3714,0.0],[128.8042,72.3708,0.0],[128.8396,72.3688,1.7661],[128.85,72.3646,-0.1166],[128.8583,72.3646,0.5233],[128.8609,72.3609,0.3875],[128.8724,72.3599,0.0804],[128.8703,72.3568,2.613],[128.8646,72.3562,0.0],[128.863,72.3547,0.0],[128.8807,72.3495,1.7064],[128.8797,72.3464,0.0],[128.8917,72.3458,1.2354],[128.8958,72.3438,0.0],[128.9104,72.3438,0.0],[128.9146,72.3458,1.7431],[128.9333,72.3458,0.0],[128.9375,72.3479,2.1183],[128.9604,72.3479,0.0],[128.9646,72.35,2.8889],[129.0104,72.35,0.0],[129.0146,72.3521,1.9402],[129.025,72.3521,0.0],[129.0432,72.3568,0.0],[129.038,72.3588,0.0],[129.038,72.362,2.5262],[129.0396,72.3625,2.3307],[129.05,72.3625,0.0],[129.0542,72.3646,1.9099],[129.0854,72.3646,0.612],[129.0896,72.3667,2.591],[129.1021,72.3667,2.36],[129.1062,72.3688,2.2912],[129.1146,72.3667,0.0],[129.1187,72.3688,0.5551],[129.1354,72.3688,0.0],[129.1391,72.3724,0.0],[129.1339,72.3745,0.2563],[129.1411,72.3755,0.0],[129.1104,72.3875,0.0],[129.0896,72.3896,1.4911],[129.0854,72.3917,0.0],[129.075,72.3917,0.0],[129.0505,72.3849,0.0],[129.0474,72.3797,2.4413],[129.0401,72.3786,0.0],[129.0354,72.3729,0.6441],[129.0229,72.3708,1.2302],[129.0042,72.3646,3.1265],[128.9776,72.3641,0.0],[128.9776,72.3609,0.0],[128.9807,72.3599,1.6953],[128.9807,72.3547,1.8267],[128.9708,72.3521,2.7403],[128.9604,72.3521,0.0],[128.9563,72.35,2.553],[128.9521,72.35,1.2923],[128.9505,72.3516,0.9057],[128.9542,72.3542,1.6229],[128.9646,72.3542,0.0],[128.9745,72.3568,0.9969],[128.9745,72.3599,0.0],[128.9646,72.3625,1.4125],[128.9604,72.3604,2.3924],[128.9438,72.3604,1.6668],[128.9396,72.3583,2.5571],[128.9292,72.3583,0.0],[128.9276,72.3599,1.2265],[128.9312,72.3625,3.1762],[128.9479,72.3625,0.0],[128.9521,72.3646,2.487],[128.9771,72.3667,0.0],[128.9812,72.3688,0.0],[128.9979,72.3688,0.6325],[129.0078,72.3724,0.0],[128.9854,72.3729,0.749],[128.9812,72.375,0.0],[128.9708,72.375,2.6299],[128.9625,72.3792,0.7186],[128.9458,72.3792,0.0],[128.9396,72.375,3.2571],[128.9292,72.375,2.2228],[128.925,72.3729,3.2499],[128.913,72.3734,2.5513],[128.9167,72.3771,2.0424],[128.9349,72.3776,0.0],[128.937,72.3797,2.7626],[128.937,72.3828,2.5452],[128.9255,72.3818,2.6525],[128.9255,72.3849,1.8741],[128.9328,72.3859,2.1771],[128.9328,72.3891,2.2303],[128.9297,72.3912,1.7654],[128.9578,72.3943,1.7672],[128.9563,72.3958,1.5248],[128.9396,72.3958,0.4164],[128.938,72.3974,1.6174],[128.9417,72.4,1.578],[128.9536,72.4005,1.5454],[128.9547,72.4036,4.1649],[128.9646,72.4063,8.4268],[129.0021,72.4063,1.8964],[129.0036,72.4047,2.1407],[128.9901,72.4036,1.6803],[128.987,72.4005,2.0393],[128.9818,72.3995,1.9666],[128.987,72.3974,1.7394],[128.9849,72.3922,2.6861],[128.9776,72.3912,2.4379],[128.9745,72.388,2.6097],[128.9646,72.3854,3.1364],[128.9542,72.3854,2.6507],[128.9526,72.3849,2.9664],[128.9526,72.3818,0.0],[128.9771,72.3812,3.1242],[128.9787,72.3807,3.1906],[128.9776,72.3776,0.0],[128.9875,72.3771,1.3803],[128.9917,72.375,0.0],[129.0167,72.375,0.0],[129.0193,72.3786,0.7062],[129.0266,72.3797,0.0],[129.0276,72.3828,0.9059],[129.0333,72.3833,0.0],[129.037,72.3859,0.0],[129.0318,72.3891,0.0],[129.0375,72.3896,0.0],[129.0479,72.3938,2.5266],[129.0583,72.3938,1.8364],[129.0625,72.3958,2.2271],[129.0667,72.3958,2.3116],[129.0729,72.4,0.6464],[129.0813,72.4,0.2095],[129.0917,72.3958,0.0],[129.1,72.3958,0.9089],[129.1042,72.3938,-0.1545],[129.1125,72.3938,1.6708],[129.1167,72.3896,0.0],[129.1396,72.3896,-0.2629],[129.1667,72.3979,1.0776],[129.1708,72.3979,1.3235],[129.1787,72.3943,1.5341],[129.1646,72.3938,0.0],[129.163,72.3932,0.0],[129.163,72.3901,0.0],[129.1729,72.3896,2.134],[129.1771,72.3875,0.0],[129.1875,72.3875,0.0],[129.1917,72.3896,1.9364],[129.2021,72.3896,0.0],[129.212,72.3922,0.6389],[129.2104,72.3938,0.258],[129.2005,72.3943,1.2264],[129.2021,72.3958,0.0],[129.225,72.3958,0.0],[129.2292,72.3979,1.1236],[129.2396,72.3979,0.0],[129.2521,72.4021,0.915],[129.2625,72.4021,0.0],[129.2667,72.4042,0.0],[129.2708,72.4042,0.0],[129.2724,72.4057,0.0],[129.2609,72.4068,0.0],[129.2609,72.4099,0.0],[129.2651,72.4161,1.659],[129.2771,72.4167,0.0],[129.2813,72.4187,1.1568],[129.2917,72.4187,0.0],[129.3208,72.4271,1.5851],[129.3313,72.4271,1.1956],[129.3354,72.4292,1.4348],[129.3521,72.4292,0.0],[129.3562,72.4313,1.1811],[129.3958,72.4313,0.6827],[129.4021,72.4333,0.6767],[129.4063,72.4313,0.5394],[129.4229,72.4313,0.0],[129.4245,72.4328,0.0],[129.4021,72.4354,0.7228],[129.3917,72.4396,0.9294],[129.3833,72.4396,1.0814],[129.3729,72.4437,0.0],[129.3646,72.4437,0.4756],[129.3604,72.4458,0.5514],[129.3354,72.4437,0.6401],[129.3292,72.4458,1.0603],[129.325,72.4437,1.2399],[129.3167,72.4437,1.0072],[129.3151,72.4453,1.1657],[129.3203,72.4474,1.0004],[129.3146,72.45,0.0],[129.2979,72.45,0.9925],[129.2937,72.4521,0.0],[129.2854,72.4521,1.3382],[129.2813,72.4542,0.0],[129.2667,72.4542,1.1515],[129.2625,72.4563,0.0],[129.2396,72.4563,1.0074],[129.2292,72.4604,0.5319],[129.2208,72.4604,1.0134],[129.2167,72.4625,0.0],[129.1984,72.463,0.0],[129.2,72.4646,0.723],[129.262,72.4651,0.0],[129.2604,72.4667,0.0],[129.2521,72.4667,0.0],[129.2479,72.4688,0.0],[129.2229,72.4688,0.0],[129.2188,72.4667,0.0],[129.2104,72.4667,0.0],[129.2063,72.4688,0.0],[129.2021,72.4688,0.0],[129.1979,72.4667,0.0],[129.1542,72.4667,0.8788],[129.15,72.4688,0.0],[129.0938,72.4688,0.0],[129.0896,72.4729,0.2267],[129.0667,72.4729,0.0],[129.063,72.4703,0.378],[129.062,72.4672,1.0958],[129.05,72.4667,0.7283],[129.0458,72.4646,0.4913],[129.0146,72.4646,0.0],[129.0104,72.4625,1.8126],[128.9854,72.4625,0.0],[128.9729,72.4583,0.9716],[128.9625,72.4583,0.0],[128.9583,72.4563,1.0912],[128.9479,72.4563,0.0],[128.9438,72.4542,12.2352],[128.9333,72.4542,0.0],[128.9271,72.4479,9.0992],[128.9146,72.4521,0.0],[128.9042,72.4521,0.0],[128.8979,72.45,0.0],[128.8938,72.4521,0.0],[128.8771,72.4521,0.0],[128.8729,72.45,1.811],[128.8687,72.45,1.7906],[128.8646,72.4521,0.0],[128.8417,72.4521,0.0],[128.8354,72.45,1.9013],[128.8313,72.4521,0.0],[128.8208,72.4521,0.0],[128.8146,72.45,2.0908],[128.8083,72.4521,0.0],[128.8042,72.45,1.8497],[128.7937,72.45,0.0],[128.7896,72.4479,2.2204],[128.7854,72.4479,2.3351],[128.7813,72.45,0.0],[128.7583,72.45,1.6888],[128.7542,72.4521,0.0],[128.6979,72.4521,2.6523],[128.6938,72.4563,-0.5],[128.6776,72.4568,1.5026],[128.6776,72.4599,-0.5],[128.6833,72.4604,-0.5],[128.6849,72.462,1.4636],[128.6771,72.4646,0.0],[128.6563,72.4667,2.738],[128.6521,72.4688,0.0],[128.6417,72.4688,0.0],[128.6401,72.4672,2.8531],[128.6453,72.4661,2.2708],[128.6463,72.463,1.5],[128.6516,72.4609,2.093],[128.6396,72.4604,2.8773],[128.6318,72.463,2.9128],[128.6349,72.4703,0.0],[128.6214,72.4714,1.3136],[128.6229,72.475,1.4656],[128.6208,72.4771,0.0],[128.6062,72.4771,3.1503],[128.6021,72.4792,0.0],[128.5792,72.4792,5.9287],[128.5714,72.4818,11.0798],[128.5734,72.4849,0.0],[128.5786,72.4859,0.0],[128.5755,72.488,0.0],[128.5771,72.4896,0.0],[128.5932,72.4849,2.553],[128.6,72.4812,0.0],[128.6167,72.4812,2.9961],[128.6203,72.4849,0.0],[128.6089,72.488,2.4308],[128.6099,72.4912,0.0],[128.6083,72.4917,0.4367],[128.5964,72.4901,0.8582],[128.5953,72.4932,3.1761],[128.5922,72.4943,3.2075],[128.5896,72.4979,0.0],[128.575,72.4979,1.6725],[128.5583,72.5042,2.8203],[128.5417,72.5042,0.6782],[128.5271,72.5104,2.4127],[128.5167,72.5104,3.1701],[128.5125,72.5125,0.0],[128.4625,72.5125,0.0],[128.4563,72.5083,3.7394],[128.4479,72.5104,0.0],[128.4438,72.5083,5.9556],[128.4187,72.5083,4.2787],[128.4172,72.5099,0.0],[128.4375,72.5104,0.9921],[128.4391,72.512,2.2884],[128.4208,72.5125,2.4446],[128.4167,72.5146,0.0],[128.4083,72.5146,2.8124],[128.4042,72.5167,0.0],[128.3938,72.5146,2.4268],[128.3792,72.5208,0.0],[128.3625,72.5208,3.7574],[128.3583,72.5229,0.0],[128.3354,72.5229,7.0976],[128.3338,72.5245,1.0],[128.3411,72.5255,0.0],[128.3432,72.5286,0.0],[128.3313,72.5292,3.8331],[128.3167,72.5354,0.0],[128.2937,72.5375,0.0],[128.2833,72.5417,0.0],[128.2625,72.5437,1.9473],[128.2521,72.5479,0.0],[128.2354,72.5479,4.2074],[128.2312,72.55,0.0],[128.1958,72.55,4.2075],[128.1854,72.5542,0.0],[128.1792,72.5521,3.3945],[128.175,72.5521,3.3718],[128.1708,72.5542,0.8774],[128.1625,72.5542,0.6808],[128.1583,72.5521,2.8625],[128.1396,72.5521,0.0],[128.137,72.5484,4.6831],[128.1297,72.5474,0.0],[128.1266,72.5401,6.0798],[128.1,72.5396,1.5028],[128.0818,72.5349,0.0],[128.0807,72.5318,2.4351],[128.0734,72.5307,1.5315],[128.0708,72.5271,2.7896],[128.0313,72.525,6.1311],[128.0271,72.5271,1.1881],[128.0188,72.5271,0.3051],[128.0109,72.5297,1.6609],[128.0125,72.5313,1.7383],[128.0182,72.5318,1.7829],[128.0167,72.5333,0.0],[128.0,72.5333,1.4335],[127.9958,72.5313,1.3874],[127.9854,72.5313,0.9211],[127.9812,72.5292,2.6087],[127.9625,72.5292,3.3225],[127.9521,72.525,0.0],[127.9396,72.525,0.5725],[127.9354,72.5229,0.0],[127.925,72.5229,0.0],[127.9208,72.5208,23.2996],[127.9042,72.5208,0.0],[127.9,72.5188,16.1496],[127.8896,72.5188,5.1062],[127.8854,72.5208,0.0],[127.8229,72.5229,7.4484],[127.8187,72.525,0.0],[127.8021,72.525,0.0],[127.7875,72.5208,0.0],[127.7849,72.5245,0.0],[127.7771,72.5271,0.0],[127.7688,72.5271,0.0],[127.7521,72.5333,0.0],[127.7438,72.5333,0.0],[127.7422,72.5349,0.0],[127.7521,72.5375,7.0718],[127.7625,72.5375,0.0],[127.7667,72.5396,7.1884],[127.7771,72.5396,0.0],[127.7813,72.5417,0.0],[127.7854,72.5417,0.0],[127.7932,72.5443,0.0],[127.7953,72.5463,0.0],[127.7953,72.5495,0.0],[127.7583,72.55,7.2724],[127.7542,72.5521,0.0],[127.7167,72.55,2.3114],[127.7125,72.5521,0.0],[127.6958,72.5521,1.9103],[127.6896,72.5542,0.9769],[127.6854,72.5521,2.1123],[127.6604,72.55,1.5856],[127.6479,72.5458,1.9052],[127.6438,72.5458,1.6037],[127.6391,72.5401,2.6634],[127.6339,72.5391,0.0],[127.6375,72.5354,3.7656],[127.6359,72.5297,0.0],[127.6474,72.5266,8.2258],[127.6479,72.525,7.6816],[127.6474,72.5234,6.7387],[127.6401,72.5224,0.0],[127.638,72.5203,0.0],[127.6339,72.5089,0.0],[127.6396,72.5083,7.3129],[127.6474,72.5109,8.2517],[127.6521,72.5146,7.871],[127.6625,72.5146,8.0893],[127.6667,72.5125,7.0],[127.675,72.5125,8.1111],[127.6766,72.5109,8.4061],[127.6646,72.5104,7.4435],[127.6583,72.5062,7.5647],[127.6479,72.5062,7.2325],[127.6438,72.5042,8.131],[127.6354,72.5062,5.7951],[127.6312,72.5042,7.7795],[127.6271,72.5042,0.0],[127.6193,72.5068,0.0],[127.6214,72.512,0.0],[127.6286,72.513,0.0],[127.6234,72.5151,3.8652],[127.6229,72.5167,4.5819],[127.6266,72.5234,0.0],[127.6266,72.5266,0.0],[127.6214,72.5276,4.57],[127.6224,72.5328,1.6691],[127.6172,72.5339,4.8975],[127.6167,72.5354,4.3681],[127.6214,72.5432,2.6163],[127.6266,72.5443,2.6029],[127.6286,72.5463,1.7958],[127.6286,72.5495,2.396],[127.6234,72.5516,6.8268],[127.6354,72.5521,0.0],[127.6396,72.5542,5.0696],[127.6521,72.5542,0.0],[127.6563,72.5563,6.743],[127.6729,72.5563,0.0],[127.6771,72.5583,3.0914],[127.6875,72.5583,0.0],[127.6917,72.5604,0.0],[127.7021,72.5604,1.6945],[127.7063,72.5625,0.0],[127.7182,72.563,0.0],[127.7224,72.5703,0.0],[127.7109,72.5734,0.0],[127.7182,72.5776,0.0],[127.7182,72.5807,0.0],[127.713,72.5818,3.5452],[127.7146,72.5833,3.4353],[127.7266,72.5828,0.0],[127.7276,72.5797,0.0],[127.7328,72.5787,7.4375],[127.7318,72.5755,7.9055],[127.737,72.5745,6.5],[127.738,72.5714,6.0],[127.7432,72.5703,6.0],[127.7422,72.5651,7.5457],[127.75,72.5625,3.4752],[127.7729,72.5625,1.8564],[127.7813,72.5583,1.6931],[127.7979,72.5583,2.0522],[127.8021,72.5563,0.657],[127.8333,72.5563,2.0152],[127.8359,72.5599,1.6672],[127.85,72.5625,1.3731],[127.8578,72.5651,1.3622],[127.8609,72.5682,3.0697],[127.8682,72.5693,1.2073],[127.8714,72.5766,0.0],[127.8786,72.5776,0.0],[127.8797,72.5807,0.0],[127.887,72.5818,0.0],[127.888,72.5849,3.6416],[127.8953,72.5859,0.0],[127.8901,72.588,3.6669],[127.8912,72.5911,0.0],[127.8896,72.5917,0.0],[127.8792,72.5917,4.5512],[127.875,72.5938,0.0],[127.8688,72.5917,3.8301],[127.8651,72.5922,0.0],[127.8651,72.5953,2.2909],[127.8833,72.6,2.8936],[127.9146,72.6,0.0],[127.9208,72.6021,6.1677],[127.925,72.6,0.0],[127.9292,72.6,0.0],[127.9333,72.6021,2.8555],[127.95,72.6021,0.0],[127.9557,72.5984,4.0],[127.9505,72.5974,3.2905],[127.9458,72.5938,0.0],[127.9359,72.5943,5.9902],[127.9333,72.5979,0.0],[127.9104,72.5979,0.0],[127.9005,72.5953,0.0],[127.8984,72.5922,0.0],[127.912,72.5911,6.8472],[127.9109,72.588,4.3304],[127.9125,72.5875,0.0],[127.9375,72.5875,0.0],[127.9401,72.5911,3.0229],[127.9437,72.5917,0.0],[127.9516,72.5891,6.8557],[127.9542,72.5854,0.0],[127.9833,72.5854,0.9697],[127.9958,72.5813,0.9294],[128.0,72.5833,1.6383],[128.0203,72.5839,1.0201],[128.0234,72.5891,1.5708],[128.0307,72.5901,0.5865],[128.0318,72.5953,2.1728],[128.0391,72.5964,0.0],[128.0422,72.6016,1.1808],[128.0495,72.6026,1.0743],[128.0292,72.6104,0.0],[128.0208,72.6104,3.4097],[128.0167,72.6125,0.0],[128.0083,72.6125,3.5729],[128.0042,72.6146,0.0],[127.9875,72.6146,5.9575],[127.9833,72.6167,4.3753],[127.9667,72.6167,6.6126],[127.9568,72.6141,0.0],[127.962,72.612,6.7169],[127.9625,72.6104,4.4506],[127.9583,72.6062,0.0],[127.9484,72.6068,3.3943],[127.9537,72.6099,0.0],[127.9443,72.613,0.0],[127.9495,72.6151,0.0],[127.9479,72.6167,0.0],[127.925,72.6167,2.4827],[127.9208,72.6146,6.4355],[127.9104,72.6146,0.0],[127.9005,72.612,5.1099],[127.8979,72.6083,6.7207],[127.8875,72.6083,0.9854],[127.8797,72.6109,1.7555],[127.8812,72.6125,1.4972],[127.8938,72.6146,2.0946],[127.9042,72.6188,1.7524],[127.9266,72.6234,0.0],[127.9213,72.6255,0.0],[127.9203,72.6286,0.0],[127.9151,72.6297,1.9778],[127.9161,72.6318,1.8621]]],
[[[129.1542,72.6104,0.4968],[129.1536,72.612,-0.4762],[129.15,72.6125,-0.1331],[129.1463,72.6088,-0.3337],[129.1521,72.6083,0.3438],[129.1542,72.6104,0.4968]]],
[[[129.1604,72.625,1.6056],[129.1438,72.625,1.6034],[129.1396,72.6271,0.0],[129.1276,72.6266,0.1918],[129.1479,72.6188,-0.2235],[129.1563,72.6188,1.3023],[129.1604,72.6167,-0.0044],[129.1687,72.6167,1.2657],[129.1729,72.6146,0.0],[129.1896,72.6146,0.7758],[129.1979,72.6104,0.0],[129.2146,72.6104,1.5073],[129.2224,72.6078,0.4204],[129.2208,72.6042,0.2983],[129.2229,72.6021,0.0],[129.2375,72.6021,0.3862],[129.2417,72.6,0.0],[129.2458,72.6,-0.2722],[129.2563,72.6042,-0.422],[129.2828,72.6047,-0.3094],[129.2813,72.6062,0.0],[129.2729,72.6062,0.323],[129.2625,72.6104,0.0],[129.2542,72.6104,1.2442],[129.2437,72.6146,0.0],[129.2208,72.6146,1.4511],[129.2063,72.6208,1.0372],[129.1958,72.6188,1.5154],[129.1854,72.6229,0.1436],[129.1771,72.6229,1.1557],[129.1729,72.625,1.0955],[129.1604,72.625,1.6056]]],
[[[129.4083,72.6333,0.0],[129.4047,72.6339,0.0],[129.4021,72.6375,0.0],[129.3938,72.6375,0.5468],[129.3896,72.6396,0.0],[129.3167,72.6396,0.0],[129.3005,72.6349,0.0],[129.2974,72.6318,1.4829],[129.2875,72.6292,1.0914],[129.1938,72.6292,0.2561],[129.1922,72.6276,0.5799],[129.2,72.625,-0.1367],[129.2083,72.625,-0.1294],[129.2125,72.6229,0.0],[129.2271,72.6229,1.6767],[129.2312,72.6208,0.0],[129.2417,72.6208,1.6374],[129.25,72.6167,0.0],[129.2604,72.6167,0.7911],[129.2688,72.6125,0.0],[129.2792,72.6125,0.605],[129.2912,72.6078,0.7277],[129.2937,72.6042,0.0],[129.3083,72.6042,0.0909],[129.3125,72.6021,-0.4666],[129.3354,72.6021,0.6959],[129.3396,72.6,0.0],[129.3724,72.6005,0.0015],[129.3672,72.6026,0.2458],[129.3687,72.6042,0.0],[129.4,72.6042,0.0],[129.4099,72.6068,0.1459],[129.412,72.6088,-0.2969],[129.4068,72.6109,0.2168],[129.4083,72.6125,0.0],[129.4167,72.6125,0.7775],[129.4208,72.6104,-0.251],[129.4312,72.6104,0.0],[129.4354,72.6125,0.0],[129.4474,72.6109,0.0],[129.4474,72.6141,0.0],[129.4443,72.6151,0.0],[129.4432,72.6182,0.0],[129.4318,72.6214,0.0],[129.4333,72.6229,0.0],[129.4391,72.6234,0.536],[129.4339,72.6255,0.5562],[129.4359,72.6286,0.0],[129.4417,72.6292,0.1409],[129.4432,72.6307,0.0],[129.4354,72.6333,0.4946],[129.425,72.6333,0.714],[129.4187,72.6312,0.0],[129.4172,72.6318,0.0],[129.4182,72.6349,0.0],[129.4167,72.6354,0.0],[129.4125,72.6354,0.5099],[129.4083,72.6333,0.0]]],
[[[127.5896,72.6188,0.0],[127.5911,72.6224,2.9743],[127.5797,72.6255,0.0],[127.5787,72.6286,0.0],[127.5667,72.6292,0.0],[127.5651,72.6286,0.0],[127.5641,72.6234,0.0],[127.5568,72.6224,0.0],[127.5537,72.6193,0.0],[127.5484,72.6182,0.0],[127.5463,72.6151,0.0],[127.5563,72.6146,0.0],[127.5604,72.6125,0.0],[127.5708,72.6146,0.0],[127.575,72.6125,2.5852],[127.5792,72.6125,0.0],[127.5818,72.6162,0.0],[127.5891,72.6172,0.0],[127.5896,72.6188,0.0]]],
[[[129.0911,72.6245,0.1104],[129.0792,72.625,0.0],[129.0776,72.6234,0.0],[129.0896,72.6229,0.0],[129.0911,72.6245,0.1104]]],
[[[128.9854,72.6333,0.0738],[128.9667,72.6333,0.2344],[128.9625,72.6354,-0.0348],[128.9568,72.6349,0.1081],[128.9708,72.6292,0.1685],[128.9917,72.6271,1.972],[128.9943,72.6234,0.0],[129.0042,72.6229,1.992],[129.0333,72.6125,0.0],[129.0432,72.612,2.0915],[129.0422,72.6088,0.0],[129.0599,72.6036,1.0407],[129.0589,72.6005,0.2081],[129.0604,72.6,0.331],[129.0771,72.6,0.0],[129.0813,72.6021,1.3236],[129.0917,72.6021,0.523],[129.0979,72.6,0.0],[129.1021,72.6021,1.6244],[129.1224,72.6026,-0.1023],[129.1083,72.6083,0.0],[129.1,72.6083,1.3133],[129.0922,72.6109,1.5953],[129.0932,72.6141,0.0],[129.0917,72.6146,0.0],[129.0833,72.6146,0.0],[129.0792,72.6167,0.0],[129.0604,72.6167,1.391],[129.0542,72.6146,1.3545],[129.05,72.6167,-0.1887],[129.0417,72.6167,0.7096],[129.0396,72.6188,1.2707],[129.0412,72.6224,1.527],[129.0271,72.6271,-0.6333],[129.0042,72.6271,1.9792],[128.9912,72.6328,-0.0406],[128.9854,72.6333,0.0738]]],
[[[129.0703,72.6255,0.0],[129.0688,72.6271,0.0],[129.0589,72.6266,0.0],[129.0604,72.625,-0.1067],[129.0703,72.6255,0.0]]],
[[[127.6937,72.6208,0.0],[127.7083,72.6229,0.0],[127.7109,72.6266,2.0829],[127.7208,72.6292,2.3223],[127.7312,72.6292,0.0],[127.7349,72.6328,2.4677],[127.7083,72.6333,0.0],[127.7042,72.6312,0.0],[127.6937,72.6312,0.0],[127.6813,72.6271,0.0],[127.6693,72.6266,0.0],[127.6771,72.6229,0.0],[127.6854,72.6229,0.0],[127.6896,72.6208,0.0],[127.6937,72.6208,0.0]]],
[[[127.9563,72.625,1.1949],[127.9604,72.625,0.7188],[127.962,72.6266,0.0],[127.9521,72.6271,1.5271],[127.9479,72.6292,0.0],[127.9422,72.6286,1.4141],[127.95,72.625,0.4623],[127.9563,72.625,1.1949]]],
[[[127.187,72.6078,4.3356],[127.1792,72.6104,4.1228],[127.1708,72.6104,4.2739],[127.1667,72.6125,3.367],[127.1417,72.6125,0.0],[127.1401,72.6109,0.0],[127.1521,72.6104,3.0736],[127.1599,72.6068,4.2429],[127.15,72.6042,3.8001],[127.1396,72.6042,3.1285],[127.138,72.6026,2.9071],[127.1432,72.6005,3.8244],[127.1359,72.5995,0.0],[127.1349,72.5964,3.3795],[127.1125,72.5917,0.0],[127.0938,72.5854,2.3784],[127.0833,72.5854,0.0],[127.0563,72.5771,4.978],[127.0375,72.5771,4.0254],[127.0349,72.5734,4.9943],[127.0193,72.5703,3.8186],[127.0182,72.5651,0.0],[127.0125,72.5646,0.0],[127.0109,72.563,0.0],[127.0208,72.5625,0.0],[127.025,72.5604,0.0],[127.0292,72.5604,0.0],[127.0333,72.5625,0.0],[127.0417,72.5604,0.0],[127.0458,72.5625,0.0],[127.0771,72.5625,0.0],[127.0896,72.5667,4.0815],[127.1,72.5667,0.0],[127.1042,72.5687,2.0746],[127.1083,72.5687,0.0],[127.1162,72.5714,3.0563],[127.1193,72.5745,6.5056],[127.1328,72.5776,0.0],[127.1375,72.5813,4.4205],[127.1542,72.5813,0.0],[127.1641,72.5839,0.0],[127.1526,72.588,4.3977],[127.1625,72.5917,3.1807],[127.1708,72.5917,2.7991],[127.175,72.5896,0.0],[127.1917,72.5896,0.0],[127.2016,72.5922,0.0],[127.2,72.5938,0.0],[127.1833,72.5938,1.8903],[127.1792,72.5917,0.0],[127.1755,72.5922,2.3148],[127.1755,72.5953,4.006],[127.1828,72.5964,3.5946],[127.1854,72.6,4.7142],[127.2057,72.6005,3.4542],[127.2057,72.6036,3.7542],[127.1958,72.6042,4.6833],[127.187,72.6078,4.3356]]],
[[[128.5786,72.6203,1.0625],[128.5729,72.6229,0.3311],[128.5625,72.6229,1.7798],[128.5583,72.625,0.5848],[128.5521,72.6229,1.6495],[128.5417,72.6229,0.1178],[128.537,72.6193,0.785],[128.5234,72.6162,0.0],[128.5203,72.6109,3.5261],[128.513,72.6099,0.0],[128.5099,72.6047,3.9035],[128.5026,72.6036,0.0],[128.5,72.6,3.5744],[128.4625,72.6,1.539],[128.4583,72.6021,0.1695],[128.4542,72.6021,0.0117],[128.4479,72.6,0.9094],[128.4438,72.6021,0.4711],[128.4354,72.6021,0.0518],[128.4312,72.6042,1.6125],[128.4146,72.6042,0.0],[128.4099,72.6005,0.7032],[128.4047,72.5995,0.834],[128.4078,72.5964,1.8124],[128.3943,72.5953,0.0],[128.3995,72.5932,1.8841],[128.3995,72.5901,0.0],[128.3792,72.5896,0.0],[128.3667,72.5854,4.5527],[128.3562,72.5854,0.0],[128.3516,72.5797,4.4109],[128.3443,72.5787,0.0],[128.3432,72.5755,0.0],[128.3359,72.5745,0.0],[128.3333,72.5708,3.8481],[128.3229,72.5708,4.2928],[128.3188,72.5729,0.0],[128.2958,72.5729,0.0],[128.2922,72.5693,0.0],[128.3042,72.5687,4.6938],[128.3109,72.5651,3.7297],[128.3537,72.5516,4.1987],[128.3589,72.5484,0.0],[128.3646,72.5479,0.0],[128.3687,72.55,4.0623],[128.3807,72.5505,0.0],[128.3818,72.5537,1.7219],[128.3891,72.5547,0.0],[128.3938,72.5604,0.0],[128.4042,72.5604,0.0],[128.4167,72.5646,2.8638],[128.4271,72.5646,2.9355],[128.4312,72.5667,0.0],[128.45,72.5667,0.0],[128.4516,72.5682,0.0],[128.4464,72.5693,0.0],[128.4458,72.5708,0.0],[128.45,72.575,0.0],[128.4599,72.5724,3.0605],[128.4568,72.5651,0.0],[128.4688,72.5646,0.0],[128.4792,72.5604,0.0],[128.4937,72.5604,1.2713],[128.4979,72.5583,0.0],[128.5146,72.5583,0.1455],[128.5188,72.5604,0.0],[128.5417,72.5604,2.3765],[128.5458,72.5583,0.0],[128.5562,72.5583,0.0],[128.5604,72.5604,0.0],[128.5708,72.5604,0.0],[128.5771,72.5583,0.0],[128.5896,72.5625,0.6658],[128.6021,72.5646,1.3079],[128.6125,72.5687,0.5705],[128.6167,72.5687,0.0257],[128.6229,72.5729,0.0523],[128.6292,72.5708,0.0],[128.6375,72.5708,2.5869],[128.6417,72.5687,0.0],[128.6583,72.5687,3.2713],[128.6625,72.5667,0.0],[128.6708,72.5667,0.0],[128.6833,72.5708,0.0],[128.6875,72.5708,1.3973],[128.6917,72.5687,-0.1458],[128.7083,72.5687,0.0],[128.7125,72.5708,0.7263],[128.7292,72.5708,0.4913],[128.7354,72.5729,2.5138],[128.7495,72.5682,2.7627],[128.7505,72.5651,0.0],[128.7583,72.5625,1.3665],[128.7667,72.5625,2.7465],[128.7708,72.5604,0.0],[128.7937,72.5604,0.9354],[128.7979,72.5583,0.0],[128.8125,72.5583,0.4866],[128.8167,72.5563,0.0],[128.8396,72.5563,1.0564],[128.8438,72.5542,0.1244],[128.8938,72.5542,2.178],[128.8979,72.5521,0.0],[128.9063,72.5521,2.4959],[128.9167,72.5479,0.0],[128.925,72.5479,1.6094],[128.9292,72.5458,-0.431],[128.9396,72.5458,2.0991],[128.9438,72.5437,-0.5034],[128.9646,72.5437,0.237],[128.9688,72.5417,-0.3608],[128.9792,72.5437,1.987],[128.9833,72.5417,-0.7024],[129.0,72.5417,1.4261],[129.0063,72.5396,-0.4117],[129.0104,72.5417,1.498],[129.0625,72.5417,1.537],[129.0667,72.5396,0.0],[129.0875,72.5396,0.6288],[129.0917,72.5375,0.1069],[129.1083,72.5375,0.6048],[129.1125,72.5354,0.0],[129.1328,72.5401,-0.3647],[129.1313,72.5417,0.1528],[129.1146,72.5417,0.1939],[129.1062,72.5458,0.4814],[129.1021,72.5458,0.8017],[129.0979,72.5437,0.759],[129.075,72.5437,0.9402],[129.0708,72.5458,0.0],[129.0063,72.5458,0.9502],[129.0021,72.5479,1.0855],[128.9729,72.5479,1.4753],[128.9651,72.5516,0.4989],[128.9833,72.5521,1.7527],[128.9875,72.55,0.0],[129.0042,72.55,0.0],[129.0057,72.5516,1.9944],[128.9917,72.5563,0.0],[128.9833,72.5542,1.4543],[128.9792,72.5563,0.0],[128.9417,72.5563,0.1642],[128.9375,72.5583,0.0],[128.9292,72.5583,1.1088],[128.925,72.5604,0.4743],[128.9083,72.5604,1.7525],[128.8938,72.5667,0.0],[128.8708,72.5687,1.3116],[128.8667,72.5708,0.0],[128.8583,72.5708,1.2372],[128.8542,72.5729,0.8503],[128.8042,72.5729,0.7932],[128.8,72.575,-0.478],[128.7833,72.575,2.408],[128.7776,72.5776,1.972],[128.7766,72.5807,1.0073],[128.7713,72.5828,0.0],[128.775,72.5854,0.1937],[128.7833,72.5854,0.2147],[128.7937,72.5813,0.7407],[128.7979,72.5813,0.8238],[128.7995,72.5828,-0.1346],[128.7792,72.5896,-0.262],[128.7708,72.5896,0.1115],[128.7604,72.5938,0.0],[128.7437,72.5938,2.9153],[128.7396,72.5958,2.8934],[128.7312,72.5958,0.0],[128.7271,72.5938,2.801],[128.6958,72.5938,0.0],[128.6859,72.5911,3.0469],[128.6875,72.5896,2.5965],[128.7104,72.5896,2.4241],[128.712,72.5891,2.0572],[128.7109,72.5859,1.1959],[128.7188,72.5833,2.2468],[128.7271,72.5833,2.1996],[128.7333,72.5813,1.8154],[128.7375,72.5833,2.0362],[128.7417,72.5833,2.2646],[128.7458,72.5813,1.8049],[128.7542,72.5813,1.0241],[128.7563,72.5792,1.9835],[128.7536,72.5734,2.5236],[128.7521,72.5729,2.4274],[128.7401,72.5734,1.3719],[128.7391,72.5766,1.6619],[128.7333,72.5792,2.3787],[128.7083,72.5771,2.1565],[128.6943,72.5818,2.5787],[128.6953,72.587,2.4019],[128.6854,72.5875,2.968],[128.6776,72.5901,0.0],[128.6787,72.5932,0.0],[128.6708,72.5958,0.0],[128.6333,72.5958,3.6409],[128.6276,72.5984,1.3788],[128.6266,72.6016,0.0],[128.6187,72.6042,0.0],[128.6104,72.6042,2.1876],[128.6062,72.6083,0.0],[128.5901,72.6088,3.209],[128.5891,72.612,0.9032],[128.5838,72.613,1.027],[128.5849,72.6162,-0.2722],[128.5797,72.6172,1.5589],[128.5786,72.6203,1.0625]]],
[[[127.5479,72.6042,0.0],[127.5437,72.6042,2.2398],[127.5396,72.6021,0.0],[127.5339,72.6026,0.0],[127.5359,72.6057,2.8715],[127.5479,72.6062,0.0],[127.5505,72.6099,3.2164],[127.5563,72.6104,3.24],[127.5578,72.612,0.0],[127.5396,72.6125,0.0],[127.5354,72.6104,0.0],[127.525,72.6104,0.0],[127.5125,72.6062,0.0],[127.5021,72.6062,0.0],[127.5005,72.6047,0.0],[127.5057,72.6026,0.0],[127.5,72.6021,0.0],[127.4984,72.6005,0.0],[127.5167,72.6,0.0],[127.5208,72.5979,0.0],[127.5646,72.5979,0.0],[127.5687,72.6,6.1825],[127.6083,72.6021,0.0],[127.6182,72.6057,0.0],[127.6042,72.6104,0.0],[127.5813,72.6104,0.0],[127.5687,72.6062,7.418],[127.5583,72.6062,0.0],[127.5542,72.6042,3.7228],[127.5479,72.6042,0.0]]],
[[[128.5146,72.6479,0.0],[128.5109,72.6484,0.0],[128.5083,72.6521,1.1375],[128.5,72.6521,1.0778],[128.4937,72.6542,0.0],[128.4812,72.65,3.2522],[128.4625,72.65,0.0],[128.4583,72.6479,3.6021],[128.4417,72.6479,0.4856],[128.4375,72.6458,1.8175],[128.4125,72.6458,0.0],[128.4083,72.6438,3.5367],[128.3979,72.6438,0.0],[128.3938,72.6417,4.327],[128.3833,72.6417,0.0],[128.3771,72.6375,4.7681],[128.3604,72.6375,0.879],[128.3542,72.6396,0.0],[128.3417,72.6354,0.0],[128.3313,72.6354,0.0],[128.3188,72.6312,0.0],[128.3021,72.6312,0.0],[128.2979,72.6292,3.8129],[128.2937,72.6292,3.8368],[128.2896,72.6312,0.0],[128.2792,72.6312,0.0],[128.275,72.6292,4.5368],[128.2583,72.6292,0.0],[128.2542,72.6271,4.5355],[128.2021,72.6271,4.7],[128.1979,72.6292,0.0],[128.1396,72.6292,5.3408],[128.1354,72.6312,0.0],[128.1271,72.6312,0.0],[128.1229,72.6292,5.7055],[128.0964,72.6286,2.5164],[128.0917,72.6188,5.3649],[128.0938,72.6167,0.0],[128.1021,72.6167,5.0276],[128.1062,72.6146,0.0],[128.15,72.6146,4.7589],[128.1563,72.6125,0.0],[128.1604,72.6146,5.1004],[128.1646,72.6146,5.2257999999999996],[128.1687,72.6125,0.0],[128.1771,72.6125,4.7641],[128.1812,72.6104,0.0],[128.1958,72.6104,0.0],[128.2,72.6083,0.0],[128.2167,72.6083,0.0],[128.2208,72.6062,0.0],[128.2292,72.6062,0.0],[128.2396,72.6021,0.0],[128.2479,72.6021,4.913],[128.2557,72.5995,2.1611],[128.2583,72.5958,0.0],[128.2682,72.5953,4.6716],[128.2693,72.5922,0.0],[128.275,72.5896,3.0019],[128.2854,72.5896,4.5477],[128.2932,72.587,2.9569],[128.2922,72.5839,0.0],[128.3146,72.5771,0.4542],[128.3188,72.5792,1.3603],[128.3391,72.5797,0.0],[128.3338,72.5818,0.5036],[128.3354,72.5833,0.2625],[128.3411,72.5839,0.2791],[128.3359,72.5859,0.9901],[128.3375,72.5875,0.9008],[128.3542,72.5875,0.0],[128.3604,72.5917,0.9483],[128.3724,72.5922,0.0],[128.3734,72.5953,0.0],[128.3807,72.5964,0.0],[128.3839,72.6036,0.7739],[128.3896,72.6042,0.0],[128.3932,72.6068,0.0],[128.388,72.6088,0.0],[128.3896,72.6104,0.0],[128.3979,72.6104,0.0],[128.4021,72.6083,0.0],[128.4208,72.6083,3.7213],[128.4224,72.6099,3.9071],[128.4172,72.612,3.7197],[128.4271,72.6125,3.8588],[128.4312,72.6083,0.0],[128.4958,72.6083,0.0],[128.5057,72.6109,0.0],[128.5089,72.6141,0.1721],[128.5141,72.6151,0.0],[128.5172,72.6203,0.9385],[128.5245,72.6214,0.0],[128.5276,72.6245,0.0],[128.5412,72.6276,0.0],[128.5432,72.6297,0.0],[128.5318,72.6339,2.66],[128.5266,72.6412,0.0],[128.5151,72.6422,3.4663],[128.5161,72.6474,0.0],[128.5146,72.6479,0.0]]],
[[[128.7307,72.6745,-0.4744],[128.7271,72.675,-0.599],[128.7208,72.6729,2.5708],[128.7193,72.6734,0.6846],[128.7193,72.6766,-0.208],[128.725,72.6771,-0.2557],[128.7266,72.6787,-0.2167],[128.7083,72.6792,-0.2363],[128.6958,72.675,0.8147],[128.6854,72.6771,0.1883],[128.6812,72.6729,1.7543],[128.65,72.6729,-0.2274],[128.6458,72.6708,0.229],[128.6193,72.6703,0.0],[128.6172,72.6672,3.8988],[128.6224,72.6661,3.651],[128.6234,72.663,-0.3522],[128.6266,72.662,4.8796],[128.625,72.6604,6.8213],[128.6151,72.6609,-0.5529],[128.6141,72.6641,1.1347],[128.6062,72.6667,3.5774],[128.5896,72.6667,0.0],[128.5854,72.6646,5.9541],[128.5688,72.6646,-0.0609],[128.5646,72.6625,6.9082],[128.5396,72.6625,0.0],[128.5359,72.6589,1.4422],[128.5412,72.6568,0.0],[128.5354,72.6563,0.0],[128.5333,72.6542,0.0],[128.5339,72.6526,0.0],[128.5391,72.6516,2.8857],[128.538,72.6484,0.0],[128.5432,72.6474,0.0],[128.5443,72.6443,-0.0707],[128.5495,72.6432,2.9914],[128.5484,72.6401,0.2086],[128.5583,72.6396,1.3515],[128.5813,72.6312,-0.2142],[128.6021,72.6292,3.4475],[128.6125,72.625,-0.4648],[128.6229,72.625,1.0683],[128.6245,72.6245,0.1389],[128.6234,72.6193,0.0],[128.6391,72.6141,0.4956],[128.638,72.6088,0.0],[128.6479,72.6083,0.4985],[128.6521,72.6062,0.1235],[128.6625,72.6062,1.4863],[128.6729,72.6021,-0.0039],[128.6812,72.6021,2.5357],[128.6854,72.6,-0.2967],[128.6917,72.6021,1.4804],[128.7167,72.6021,-0.6271],[128.7266,72.6047,1.2144],[128.725,72.6062,1.1547],[128.7151,72.6068,1.3123],[128.7203,72.6099,0.2536],[128.7088,72.6109,0.9681],[128.7104,72.6125,-0.7521],[128.7208,72.6146,-0.8197],[128.7312,72.6104,-0.2961],[128.7479,72.6104,2.7243],[128.7521,72.6083,0.0],[128.7729,72.6062,2.9924],[128.787,72.6016,0.0],[128.7859,72.5984,0.4425],[128.7912,72.5974,1.1617],[128.7937,72.5938,0.0588],[128.8083,72.5938,0.0],[128.8161,72.5911,2.4978],[128.8172,72.588,0.0],[128.8292,72.5833,0.0],[128.8396,72.5833,2.1528],[128.8438,72.5813,0.0],[128.8521,72.5813,2.1563],[128.8562,72.5792,0.0],[128.8792,72.5792,0.7092],[128.8854,72.5771,0.0],[128.8917,72.5813,12.7632],[128.9,72.5813,6.9565],[128.9042,72.5771,0.5439],[128.9271,72.5771,1.8021],[128.9312,72.575,0.0],[128.9521,72.575,2.055],[128.9563,72.5729,0.0],[128.9604,72.5729,0.0],[128.9646,72.575,1.6625],[129.0167,72.575,0.0],[129.0208,72.5771,1.7118],[129.0375,72.5771,0.0],[129.0417,72.5792,1.8623],[129.0667,72.5792,0.0],[129.0766,72.5818,1.3964],[129.075,72.5833,0.0],[129.0667,72.5833,0.856],[129.05,72.5896,0.0],[129.0417,72.5896,0.6407],[129.0375,72.5917,0.0],[129.0229,72.5917,1.4836],[129.0089,72.5964,0.7306],[129.0104,72.5979,0.0],[129.0208,72.5979,0.6081],[129.025,72.5958,0.0],[129.0432,72.5964,-0.0999],[129.0432,72.5995,0.2716],[129.038,72.6005,0.375],[129.0391,72.6036,0.0],[129.0276,72.6068,1.0237],[129.0292,72.6104,0.0],[129.0271,72.6125,0.0],[129.0167,72.6104,0.0376],[129.0151,72.6109,0.0246],[129.0161,72.6141,0.0],[129.0146,72.6146,0.0],[128.9979,72.6146,0.0659],[128.9937,72.6167,0.0],[128.9854,72.6167,0.8769],[128.9661,72.6245,0.7271],[128.9297,72.6359,1.9782],[128.9229,72.6396,0.0],[128.9,72.6396,-0.0305],[128.8958,72.6417,0.0],[128.8854,72.6417,2.1898],[128.8813,72.6438,0.0],[128.8604,72.6438,2.0444],[128.85,72.6479,0.0],[128.8333,72.6479,1.7818],[128.8292,72.65,0.0],[128.8208,72.65,2.1648],[128.8167,72.6521,0.0],[128.8062,72.65,2.6673],[128.8021,72.6521,0.0],[128.7875,72.6521,2.8504],[128.7708,72.6583,0.0],[128.7542,72.6583,2.8292],[128.7422,72.663,0.553],[128.7432,72.6703,0.9497],[128.7307,72.6745,-0.4744]]],
[[[128.0771,72.6375,2.3458],[128.0583,72.6438,0.0],[128.0417,72.6438,0.0],[128.0375,72.6417,1.8083],[128.0271,72.6417,1.8557],[128.0172,72.6391,1.0198],[128.0151,72.6339,0.1708],[128.0266,72.6307,0.9017],[128.0255,72.6276,0.0],[128.0271,72.6271,0.0],[128.0375,72.6292,1.3844],[128.0401,72.6255,0.5404],[128.0479,72.6229,0.0],[128.0708,72.6229,0.0],[128.0807,72.6255,1.235],[128.0818,72.6286,1.8599],[128.0891,72.6297,1.2068],[128.0911,72.6339,0.9868],[128.0833,72.6375,0.0],[128.0771,72.6375,2.3458]]],
[[[128.1625,72.6312,0.0],[128.1745,72.6318,0.0],[128.1693,72.6339,1.0813],[128.1687,72.6354,1.1595],[128.1693,72.637,0.8822],[128.175,72.6375,0.7943],[128.1766,72.6391,1.4084],[128.1646,72.6396,0.0],[128.162,72.6359,0.8538],[128.15,72.6354,1.6411],[128.1463,72.6328,0.9515],[128.1479,72.6312,0.0],[128.1625,72.6312,0.0]]],
[[[128.9583,72.6292,0.0],[128.962,72.6307,0.4754],[128.9547,72.6307,0.0],[128.9547,72.6297,0.0],[128.9583,72.6292,0.0]]],
[[[129.5036,72.6276,-0.217],[129.512,72.6307,0.0],[129.5089,72.6318,0.1658],[129.5063,72.6354,0.0842],[129.5,72.6333,0.5179],[129.4958,72.6333,0.5396],[129.4917,72.6354,0.0],[129.4818,72.6349,0.0],[129.4854,72.6312,0.3999],[129.4839,72.6276,0.0],[129.4901,72.6255,-0.1643],[129.4958,72.625,0.0],[129.5036,72.6276,-0.217]]],
[[[128.5547,72.6359,0.5136],[128.5583,72.6354,0.6858],[128.5599,72.637,-0.0642],[128.5562,72.6375,-0.0535],[128.5547,72.6359,0.5136]]],
[[[129.0182,72.6307,1.6231],[129.0063,72.6312,0.2297],[129.0047,72.6297,-0.3414],[129.0167,72.6292,0.7699],[129.0182,72.6307,1.6231]]],
[[[128.9984,72.6318,-0.259],[129.0021,72.6312,-0.3585],[129.0036,72.6328,2.1344],[129.0,72.6333,-0.0694],[128.9984,72.6318,-0.259]]],
[[[129.012,72.6474,0.8413],[129.0042,72.65,0.0],[128.9958,72.65,0.624],[128.9917,72.6521,0.0],[128.9812,72.6521,0.0],[128.975,72.65,1.2844],[128.9708,72.6521,0.0],[128.9458,72.6521,0.0],[128.9417,72.65,0.3244],[128.9312,72.65,-0.5562],[128.9292,72.6479,0.3748],[128.9312,72.6458,0.0],[128.9667,72.6458,1.6799],[128.9708,72.6438,-0.4675],[128.9875,72.6438,1.2912],[128.9917,72.6417,2.0527],[129.0,72.6417,2.4395],[129.0042,72.6396,0.0],[129.0125,72.6396,1.2619],[129.0167,72.6375,0.0],[129.0542,72.6396,0.8708],[129.0583,72.6354,-0.1745],[129.0813,72.6354,0.0712],[129.1021,72.6271,0.0],[129.1125,72.6271,1.3515],[129.1146,72.6292,-0.0656],[129.1109,72.6318,0.1986],[129.1099,72.6349,-0.1346],[129.0984,72.6359,0.3942],[129.1057,72.6391,0.5358],[129.0979,72.6417,0.0714],[129.0813,72.6417,0.6459],[129.0729,72.6458,0.0],[129.0417,72.6458,0.0],[129.0271,72.6417,0.8657],[129.012,72.6474,0.8413]]],
[[[128.4521,72.65,0.1823],[128.4557,72.6505,0.7179],[128.4557,72.6516,3.6113],[128.4484,72.6516,0.079],[128.4521,72.65,0.1823]]],
[[[129.3438,72.65,0.0634],[129.3479,72.65,0.0647],[129.3495,72.6516,0.1114],[129.3396,72.6521,0.964],[129.3354,72.6542,0.6021],[129.3172,72.6536,1.5202],[129.3214,72.6505,1.2532],[129.3292,72.6479,0.2316],[129.3438,72.65,0.0634]]],
[[[128.8745,72.6526,0.5353],[128.8729,72.6542,0.2714],[128.863,72.6536,0.0139],[128.8646,72.6521,0.1961],[128.8745,72.6526,0.5353]]],
[[[127.3745,72.6901,0.0],[127.3828,72.6922,0.0],[127.3833,72.6937,0.0],[127.3828,72.6953,0.0],[127.3776,72.6964,4.5864],[127.3786,72.7016,3.5365],[127.3771,72.7021,2.0991],[127.3651,72.6995,2.3856],[127.3604,72.6896,5.2405],[127.3609,72.688,7.0147],[127.3646,72.6875,0.0],[127.3745,72.6901,0.0]]],
[[[127.4313,72.7,0.0],[127.4349,72.7016,6.8634],[127.4208,72.7021,5.9636],[127.4208,72.7,4.2126],[127.4313,72.7,0.0]]],
[[[127.5896,72.6854,2.74],[127.5891,72.687,2.8445],[127.5839,72.6891,2.8297],[127.5917,72.6896,0.0],[127.5917,72.6917,2.4527],[127.5792,72.6917,2.4377],[127.5693,72.687,2.0695],[127.5833,72.6813,2.5938],[127.587,72.6818,2.5113],[127.5896,72.6854,2.74]]],
[[[127.5417,72.6875,0.0],[127.5474,72.688,2.5354],[127.5495,72.6901,2.56],[127.5495,72.6932,2.3938],[127.5417,72.6958,2.6111],[127.538,72.6953,2.5696],[127.5359,72.688,0.0],[127.5417,72.6875,0.0]]],
[[[127.5234,72.6922,0.0],[127.5271,72.6917,0.0],[127.5286,72.6932,1.8394],[127.525,72.6937,0.0],[127.5234,72.6922,0.0]]],
[[[129.3109,72.6547,0.9447],[129.3146,72.6542,1.3124],[129.3161,72.6557,0.5097],[129.3125,72.6563,0.0],[129.3109,72.6547,0.9447]]],
[[[128.5318,72.663,-0.0023],[128.5354,72.6625,0.3083],[128.537,72.6641,0.5273],[128.5333,72.6646,1.3394],[128.5318,72.663,-0.0023]]],
[[[129.4328,72.6641,0.0],[129.4146,72.6646,0.1361],[129.4104,72.6667,0.0],[129.3938,72.6667,0.0],[129.3896,72.6646,1.0855],[129.3521,72.6646,0.4665],[129.3479,72.6667,1.1911],[129.3167,72.6667,1.2495],[129.3146,72.6646,1.0178],[129.3167,72.6625,0.0],[129.3396,72.6625,1.0886],[129.35,72.6583,0.0],[129.3646,72.6583,0.9383],[129.375,72.6542,0.0],[129.3833,72.6542,0.0],[129.3875,72.6521,0.0],[129.3979,72.6542,0.8832],[129.4021,72.6521,-0.0283],[129.4229,72.65,0.6306],[129.4271,72.6479,0.0],[129.4438,72.6479,0.3969],[129.4479,72.6458,0.0],[129.4708,72.6458,0.0527],[129.4766,72.6432,0.0023],[129.4776,72.6401,-0.2684],[129.4854,72.6375,-0.1757],[129.5036,72.638,-0.1948],[129.4896,72.6438,0.0],[129.4797,72.6443,0.0],[129.4797,72.6474,0.3012],[129.4828,72.6516,0.0],[129.4708,72.6521,0.0155],[129.4651,72.6547,-0.2449],[129.4703,72.6578,-0.0776],[129.4604,72.6583,0.3841],[129.45,72.6625,0.0],[129.4354,72.6625,0.8063],[129.4328,72.6641,0.0]]],
[[[128.4688,72.6563,1.8107],[128.4583,72.6542,1.9526],[128.4568,72.6526,3.6755],[128.475,72.6521,0.7044],[128.4792,72.6542,2.7337],[128.4912,72.6547,0.0],[128.4896,72.6563,1.3594],[128.4688,72.6563,1.8107]]],
[[[128.9172,72.6943,1.2308],[128.9146,72.6958,0.0],[128.9,72.6958,1.5689],[128.8958,72.6979,0.0],[128.8854,72.6958,2.6213],[128.8813,72.6979,1.0964],[128.8292,72.6979,1.0996],[128.8229,72.6958,2.226],[128.8188,72.6979,0.0],[128.8146,72.6979,0.0],[128.8104,72.6958,2.4615],[128.7646,72.6958,0.0],[128.7604,72.6937,2.6523],[128.7354,72.6937,0.06],[128.7333,72.6917,0.0],[128.7339,72.6901,1.4666],[128.7391,72.6891,2.6453],[128.738,72.6859,0.0],[128.7396,72.6854,0.0],[128.7479,72.6854,2.8591],[128.7583,72.6813,-0.6946],[128.775,72.6813,3.5638],[128.7792,72.6792,-0.2967],[128.7875,72.6792,0.0123],[128.7953,72.6766,0.3663],[128.7937,72.675,0.544],[128.788,72.6745,-0.1334],[128.7896,72.6729,-0.0265],[128.7979,72.6729,-0.063],[128.8021,72.6708,0.0],[128.8188,72.6708,1.2579],[128.8229,72.6667,0.0],[128.8438,72.6646,1.7529],[128.8542,72.6604,-0.4261],[128.8625,72.6604,2.3014],[128.8667,72.6583,-0.452],[128.875,72.6583,1.8724],[128.8792,72.6563,-0.4959],[128.8958,72.6563,1.9232],[128.9,72.6542,-0.0306],[128.9792,72.6542,-0.1842],[128.9833,72.6563,-0.3911],[129.0,72.6563,0.1922],[129.0042,72.6542,-0.7632],[129.0125,72.6542,-0.1617],[129.0167,72.6521,-0.531],[129.0333,72.6521,1.6215],[129.0437,72.6479,0.0],[129.0792,72.6479,1.8082],[129.0833,72.6458,-0.3047],[129.1,72.6458,1.6934],[129.1104,72.6417,-0.3768],[129.1187,72.6417,1.759],[129.1292,72.6375,-0.6917],[129.1375,72.6375,1.5242],[129.1479,72.6333,-0.3858],[129.2396,72.6333,0.0],[129.2437,72.6312,0.0],[129.2479,72.6312,0.0],[129.2542,72.6333,1.1063],[129.2604,72.6312,0.0],[129.2646,72.6333,0.856],[129.2917,72.6354,0.0],[129.3078,72.6401,0.0],[129.3099,72.6422,-0.2041],[129.3047,72.6443,1.1253],[129.3057,72.6495,0.0],[129.2917,72.6542,0.0],[129.2333,72.6542,0.0],[129.2292,72.6521,1.5824],[129.2,72.6521,0.0],[129.1958,72.6542,0.0],[129.1438,72.6542,0.8792],[129.1333,72.6583,0.0],[129.1187,72.6583,1.9808],[129.1083,72.6625,0.0],[129.1,72.6625,1.6498],[129.0958,72.6646,0.0],[129.0792,72.6646,1.2321],[129.075,72.6667,0.0],[129.0604,72.6667,2.2589],[129.0562,72.6687,0.8394],[129.0396,72.6687,2.2496],[129.0354,72.6708,1.1677],[129.0271,72.6708,1.9033],[129.0229,72.6729,0.9803],[129.0,72.6729,1.7949],[128.9958,72.675,0.5716],[128.9875,72.675,1.5321],[128.9771,72.6792,0.0353],[128.9688,72.6792,-0.5663],[128.9547,72.6839,0.6967],[128.9563,72.6854,0.3361],[128.9667,72.6854,-0.1972],[128.9682,72.687,0.5947],[128.9542,72.6917,0.3805],[128.9396,72.6917,1.3755],[128.9354,72.6937,0.8923],[128.9172,72.6943,1.2308]]],
[[[129.4479,72.7188,0.1416],[129.4375,72.7188,0.0],[129.4271,72.7229,0.4819],[129.375,72.7229,0.7149],[129.3708,72.7208,0.2],[129.3604,72.7208,0.4883],[129.3562,72.7229,0.0],[129.3396,72.7229,0.0],[129.3297,72.7203,1.5316],[129.3313,72.7188,0.685],[129.3396,72.7188,1.0916],[129.3474,72.7161,0.0],[129.3484,72.713,0.0],[129.3542,72.7104,0.0],[129.3646,72.7104,0.7817],[129.3687,72.7083,0.0],[129.3771,72.7083,1.1833],[129.3813,72.7063,0.0],[129.3896,72.7063,0.7324],[129.3938,72.7042,0.0],[129.4312,72.7042,0.8658],[129.4354,72.7021,0.0896],[129.4646,72.7021,0.6831],[129.475,72.6979,0.0],[129.4854,72.7,0.439],[129.4937,72.6958,-0.0002],[129.5042,72.6958,0.2988],[129.5125,72.6917,0.0],[129.5328,72.6922,0.0241],[129.5125,72.7,0.0],[129.5042,72.7,0.1725],[129.4937,72.7042,0.0],[129.4547,72.7047,0.3234],[129.4583,72.7083,0.0],[129.475,72.7083,0.3489],[129.4792,72.7063,0.0],[129.5021,72.7063,0.3372],[129.5036,72.7078,0.1378],[129.5005,72.7099,0.1362],[129.5141,72.7109,0.0455],[129.5063,72.7146,0.0],[129.4979,72.7146,0.3574],[129.4937,72.7167,0.0],[129.4646,72.7167,0.75],[129.4604,72.7188,0.0],[129.4479,72.7188,0.1416]]],
[[[128.5495,72.6713,1.381],[128.5422,72.6703,0.8807],[128.5401,72.6682,0.9859],[128.5401,72.6651,-0.0115],[128.5437,72.6646,0.096],[128.5562,72.6687,-0.1342],[128.5604,72.6687,0.1769],[128.5625,72.6708,0.9791],[128.5604,72.6729,1.2161],[128.5521,72.6729,0.9248],[128.5495,72.6713,1.381]]],
[[[128.5625,72.6771,-0.2717],[128.5661,72.6787,0.1937],[128.5589,72.6787,0.011],[128.5589,72.6776,-0.2603],[128.5625,72.6771,-0.2717]]],
[[[128.638,72.6797,0.5329],[128.6417,72.6792,0.478],[128.6432,72.6807,0.6528],[128.6396,72.6813,1.0632],[128.638,72.6797,0.5329]]],
[[[128.5255,72.6651,0.8611],[128.5292,72.6646,0.9569],[128.5307,72.6661,0.9159],[128.5271,72.6667,0.0],[128.5255,72.6651,0.8611]]],
[[[128.4771,72.6646,0.2709],[128.4875,72.6646,0.0717],[128.4891,72.6661,0.0943],[128.4839,72.6672,0.4995],[128.4849,72.6724,0.2307],[128.475,72.6729,0.0362],[128.4708,72.6708,0.7231],[128.4583,72.6687,1.2352],[128.4547,72.6661,0.892],[128.4563,72.6646,-0.2529],[128.4771,72.6646,0.2709]]],
[[[128.1891,72.712,0.0],[128.1792,72.7125,1.8183],[128.1687,72.7167,0.2817],[128.1583,72.7167,1.2154],[128.1542,72.7146,1.3711],[128.1438,72.7146,2.057],[128.1375,72.7104,2.8024],[128.1271,72.7104,2.0557],[128.1146,72.7063,0.0],[128.1042,72.7063,0.0],[128.0854,72.7,0.0],[128.0583,72.6979,0.0],[128.0458,72.6937,5.4133],[128.0354,72.6937,4.9334],[128.0313,72.6917,4.8307],[127.9583,72.6917,0.0],[127.9401,72.687,0.0],[127.9375,72.6833,0.0],[127.9089,72.6766,5.9504],[127.9057,72.6734,6.1421],[127.8922,72.6703,2.8856],[127.8875,72.6667,5.3716],[127.8755,72.6661,0.0],[127.8729,72.6625,0.0],[127.8734,72.6609,3.5423],[127.8786,72.6599,5.7287],[127.8797,72.6568,5.0647],[127.8917,72.6521,0.0],[127.9167,72.6521,0.0],[127.9229,72.6542,6.0358],[127.9271,72.6521,0.0],[127.9708,72.6521,0.0],[127.975,72.65,0.0],[127.9917,72.65,2.9605],[127.9958,72.6479,0.0],[128.0396,72.6479,0.0],[128.0437,72.65,0.0],[128.0604,72.65,0.0],[128.0771,72.6438,1.9387],[128.0938,72.6438,0.0],[128.0979,72.6417,0.0],[128.1062,72.6417,0.0],[128.1104,72.6396,0.0],[128.1271,72.6396,0.0],[128.1313,72.6417,0.0],[128.1354,72.6417,0.0],[128.1417,72.6479,0.6279],[128.2063,72.6479,0.0],[128.2088,72.6443,0.0],[128.2203,72.6432,0.0],[128.2214,72.6401,0.0],[128.2271,72.6375,0.0],[128.2375,72.6375,0.0],[128.2417,72.6354,0.0],[128.2583,72.6354,1.1435],[128.2599,72.637,1.8661],[128.2547,72.638,0.1235],[128.2547,72.6412,0.4705],[128.2729,72.6417,1.5642],[128.2771,72.6396,0.8127],[128.2813,72.6396,1.1351],[128.2854,72.6417,0.4691],[128.3104,72.6417,0.0],[128.3203,72.6464,1.3111],[128.3188,72.6479,0.0],[128.3089,72.6484,0.0],[128.3167,72.6521,0.0],[128.3396,72.6479,0.0],[128.3438,72.65,3.9853],[128.3562,72.65,0.0],[128.3667,72.6542,4.1353],[128.3792,72.6542,0.0],[128.3833,72.6563,3.561],[128.4063,72.6563,0.0],[128.4271,72.6625,1.8164],[128.4375,72.6625,0.0],[128.4422,72.6661,3.3293],[128.4495,72.6672,0.0],[128.4443,72.6703,5.2907],[128.45,72.6708,0.0],[128.4604,72.675,0.0],[128.4937,72.675,0.0],[128.5016,72.6776,1.2343],[128.5036,72.6807,0.4415],[128.4984,72.6828,0.0],[128.5021,72.6854,0.0],[128.5083,72.6833,0.0],[128.5229,72.6833,0.9925],[128.5271,72.6813,-0.1667],[128.5313,72.6813,-0.0863],[128.5354,72.6833,0.4943],[128.5583,72.6813,0.0],[128.5625,72.6833,2.3612],[128.5667,72.6833,2.9796],[128.5708,72.6813,0.0],[128.5875,72.6813,0.0],[128.5917,72.6833,3.3111],[128.6229,72.6833,0.0],[128.6271,72.6854,0.0],[128.6375,72.6854,0.0],[128.6417,72.6875,0.0],[128.6583,72.6875,2.2366],[128.6625,72.6854,0.4963],[128.6667,72.6854,-0.0138],[128.6708,72.6875,3.0744],[128.7307,72.6859,-0.4616],[128.7255,72.688,0.7045],[128.7266,72.6911,0.4559],[128.725,72.6917,0.8997],[128.7146,72.6917,2.1973],[128.7104,72.6937,1.789],[128.7021,72.6937,2.8487],[128.6979,72.6958,0.3169],[128.6896,72.6958,3.0827],[128.6854,72.6979,0.0],[128.6479,72.6979,2.84],[128.6438,72.7,0.0],[128.6333,72.7,0.0315],[128.6292,72.6979,3.6417],[128.6125,72.6979,1.9103],[128.6083,72.7,1.6346],[128.6,72.7,0.2143],[128.5938,72.6958,2.6786],[128.5896,72.6958,1.4404],[128.5854,72.6937,3.9588],[128.575,72.6937,0.0],[128.5708,72.6917,2.9189],[128.5188,72.6917,0.0],[128.5146,72.6896,1.2216],[128.5042,72.6896,1.8235],[128.4937,72.6937,2.191],[128.4854,72.6937,2.6093],[128.4776,72.6964,2.9203],[128.4766,72.6995,0.0],[128.4734,72.7016,0.0],[128.4787,72.7037,0.0],[128.4672,72.7047,0.0],[128.4682,72.7078,-0.2688],[128.4667,72.7083,0.2612],[128.45,72.7083,0.9235],[128.4458,72.7104,0.0],[128.4375,72.7104,2.8443],[128.4333,72.7125,0.669],[128.4104,72.7125,4.3543],[128.4063,72.7146,0.0],[128.3813,72.7125,4.6963],[128.375,72.7083,0.0],[128.3687,72.7104,2.0947],[128.3604,72.7104,3.8582],[128.3562,72.7125,0.0],[128.3458,72.7125,0.0],[128.3359,72.7099,4.6135],[128.3333,72.7063,2.4505],[128.3193,72.7057,2.7665],[128.3167,72.7021,0.0],[128.313,72.7026,0.5342],[128.3141,72.7078,0.0],[128.3125,72.7083,0.3872],[128.2604,72.7083,0.0],[128.2589,72.7068,4.9061],[128.2688,72.7063,4.3148],[128.2703,72.7047,3.5],[128.2682,72.7026,3.6067],[128.2646,72.7021,4.1027],[128.2542,72.7063,5.0029],[128.2437,72.7063,0.0],[128.2396,72.7042,4.6919],[128.2292,72.7042,0.4721],[128.225,72.7021,5.1802],[128.2146,72.7021,1.321],[128.2104,72.7,3.2426],[128.2042,72.7021,0.6584],[128.2,72.7021,0.7254],[128.1958,72.7,5.1357],[128.1714,72.7005,2.4697],[128.1729,72.7021,2.4423],[128.1896,72.7021,0.0],[128.1938,72.7042,1.4827],[128.2063,72.7042,0.0],[128.2099,72.7089,1.9198],[128.2083,72.7104,0.0],[128.1917,72.7104,3.6007],[128.1891,72.712,0.0]]],
[[[128.65,72.6813,0.9044],[128.6516,72.6828,0.7315],[128.6463,72.6828,1.192],[128.6463,72.6818,1.0002],[128.65,72.6813,0.9044]]],
[[[129.5229,72.7167,-0.3144],[129.5375,72.7167,-0.3465],[129.5396,72.7188,0.0352],[129.5375,72.7208,-0.0122],[129.4839,72.7203,0.0],[129.4854,72.7188,0.0],[129.5021,72.7188,0.2898],[129.5063,72.7167,0.0],[129.5229,72.7167,-0.3144]]],
[[[128.3771,72.7167,0.0],[128.3875,72.7167,0.0],[128.3891,72.7182,0.1708],[128.3771,72.7208,0.6464],[128.375,72.7188,1.1478],[128.3771,72.7167,0.0]]],
[[[128.4443,72.713,0.0],[128.4495,72.713,0.2189],[128.4495,72.7161,1.1457],[128.4401,72.7193,1.7206],[128.4375,72.7229,0.952],[128.4271,72.7229,0.5456],[128.4234,72.7182,0.5258],[128.4312,72.7146,0.0],[128.4417,72.7146,0.772],[128.4443,72.713,0.0]]],
[[[129.2979,72.7042,0.0],[129.3078,72.7078,0.0679],[129.2958,72.7125,0.0],[129.2646,72.7125,0.0],[129.2604,72.7104,0.8311],[129.2339,72.7099,0.0983],[129.2417,72.7063,1.5261],[129.25,72.7063,1.3353],[129.2542,72.7042,0.0],[129.2646,72.7063,0.882],[129.2688,72.7042,0.0],[129.2979,72.7042,0.0]]],
[[[129.0646,72.7146,-0.1186],[129.0682,72.7161,0.3012],[129.0609,72.7161,0.1921],[129.0609,72.7151,-0.1186],[129.0646,72.7146,-0.1186]]],
[[[129.1187,72.7083,0.6849],[129.1266,72.7089,-0.183],[129.1286,72.712,0.0],[129.1234,72.7141,0.395],[129.1292,72.7146,0.658],[129.1307,72.7161,0.4283],[129.1187,72.7167,0.4123],[129.1146,72.7146,0.9042],[129.088,72.7141,0.0903],[129.1021,72.7083,0.0],[129.1187,72.7083,0.6849]]],
[[[129.1766,72.712,0.6924],[129.1792,72.7104,0.0],[129.1896,72.7104,0.0],[129.1938,72.7125,-0.5222],[129.2125,72.7125,-0.2004],[129.2146,72.7146,1.2157],[129.2125,72.7167,0.0],[129.1958,72.7167,0.0],[129.1917,72.7146,1.6203],[129.1505,72.7141,-0.1837],[129.1521,72.7125,0.0],[129.1766,72.712,0.6924]]],
[[[129.4396,72.7208,-0.0123],[129.4432,72.7224,0.0],[129.4359,72.7224,0.3057],[129.4359,72.7214,0.9517],[129.4396,72.7208,-0.0123]]],
[[[127.5661,72.7307,7.3481],[127.5542,72.7312,0.0],[127.5526,72.7297,0.0],[127.5646,72.7292,2.9117],[127.5661,72.7307,7.3481]]],
[[[127.8276,72.7182,1.9105],[127.8287,72.7224,1.8481],[127.8125,72.7271,1.6888],[127.8089,72.7245,0.0],[127.8063,72.7167,0.0],[127.8068,72.7151,0.0],[127.8167,72.7125,1.2952],[127.8266,72.7151,1.5326],[127.8276,72.7182,1.9105]]],
[[[129.2964,72.7245,0.1882],[129.3042,72.7208,0.0113],[129.3099,72.7214,0.2738],[129.3104,72.7229,0.3772],[129.3083,72.725,0.1315],[129.2964,72.7245,0.1882]]],
[[[129.4521,72.7271,0.688],[129.4396,72.7271,0.8412],[129.438,72.7255,0.0],[129.4724,72.7255,0.0978],[129.4708,72.7271,0.0],[129.4521,72.7271,0.688]]],
[[[129.0276,72.7297,0.4703],[129.0313,72.7292,0.5341],[129.0328,72.7307,0.0],[129.0292,72.7312,0.016],[129.0276,72.7297,0.4703]]],
[[[128.9349,72.7328,1.6438],[128.9125,72.7375,0.0],[128.9083,72.7354,1.6288],[128.8833,72.7354,0.0],[128.8792,72.7333,0.4896],[128.8687,72.7333,0.0],[128.8672,72.7318,2.1544],[128.8833,72.7312,1.57],[128.8875,72.7271,0.7245],[128.9167,72.7271,1.277],[128.9208,72.725,1.1697],[128.9312,72.725,0.0788],[128.9328,72.7255,1.5822],[128.9328,72.7286,-0.0138],[128.9276,72.7307,0.3382],[128.9333,72.7312,-0.0306],[128.9349,72.7328,1.6438]]],
[[[129.0,72.7458,-0.3814],[128.9812,72.7458,2.1532],[128.9771,72.7479,-0.5761],[128.9729,72.7479,-0.3612],[128.9708,72.7458,0.0],[128.9714,72.7443,0.0],[128.9792,72.7417,0.0],[128.9937,72.7417,1.7752],[128.9979,72.7396,0.8358],[129.0063,72.7396,1.8212],[129.0104,72.7375,-0.5756],[129.0271,72.7375,0.7598],[129.0297,72.7338,0.1775],[129.0412,72.7328,0.1673],[129.0401,72.7276,1.6545],[129.0516,72.7266,0.9582],[129.0505,72.7234,0.0],[129.0521,72.7229,0.0],[129.075,72.7229,1.8826],[129.0792,72.7208,0.0],[129.1042,72.7208,0.3899],[129.1068,72.7245,0.0],[129.1125,72.725,0.0727],[129.1141,72.7266,0.3084],[129.1042,72.7271,0.5016],[129.0938,72.7312,-0.0991],[129.0562,72.7312,0.0],[129.05,72.7292,2.3199],[129.0484,72.7297,1.7511],[129.0484,72.7328,0.5267],[129.1167,72.7333,0.6023],[129.1229,72.7312,-0.0138],[129.1271,72.7354,0.0967],[129.125,72.7375,0.0],[129.0896,72.7375,1.6477],[129.0792,72.7417,0.0],[129.0271,72.7417,2.4309],[129.0229,72.7438,0.0],[129.0083,72.7438,1.2212],[129.0042,72.7458,0.0],[129.0,72.7458,-0.3814]]],
[[[127.5776,72.738,5.8926],[127.5813,72.7375,6.2088],[127.5828,72.7391,5.449],[127.5792,72.7396,5.9393],[127.5776,72.738,5.8926]]],
[[[129.4438,72.7438,0.0],[129.4354,72.7417,1.0196],[129.425,72.7458,0.7364],[129.4146,72.7458,0.0],[129.4104,72.7438,0.6747],[129.3917,72.7438,0.0],[129.3813,72.7396,0.0],[129.3755,72.7391,0.0],[129.3771,72.7375,1.1515],[129.3854,72.7375,0.9819],[129.387,72.7359,0.0],[129.375,72.7354,0.0],[129.3651,72.7328,1.5362],[129.3667,72.7312,0.0],[129.3813,72.7312,0.0],[129.3891,72.7276,0.4658],[129.3771,72.7271,1.2192],[129.3708,72.7292,0.0],[129.3667,72.7271,1.1828],[129.3417,72.7271,0.0],[129.3401,72.7255,1.3449],[129.4,72.725,0.637],[129.4016,72.7266,0.0],[129.3984,72.7276,0.0],[129.4,72.7292,0.0],[129.4063,72.7271,0.0],[129.4292,72.7271,0.9039],[129.4354,72.7312,1.0325],[129.4458,72.7312,0.6263],[129.45,72.7292,0.0],[129.4729,72.7292,0.633],[129.4771,72.7271,0.0],[129.5146,72.7271,0.0],[129.5161,72.7286,-0.0118],[129.5109,72.7307,-0.1917],[129.5313,72.7312,-0.0136],[129.5333,72.7333,0.0625],[129.5313,72.7354,0.0879],[129.5104,72.7375,0.3858],[129.5,72.7417,0.0],[129.4625,72.7417,0.0523],[129.4563,72.7438,0.0],[129.4521,72.7417,0.7899],[129.4479,72.7417,0.7764],[129.4438,72.7438,0.0]]],
[[[128.9807,72.7391,-0.0077],[128.9625,72.7396,0.3626],[128.9563,72.7417,0.0705],[128.9526,72.738,0.16],[128.9792,72.7375,0.1493],[128.9807,72.7391,-0.0077]]],
[[[129.25,72.7458,0.0],[129.2646,72.7458,0.0],[129.2688,72.7479,0.0005],[129.2792,72.7479,0.0],[129.2891,72.7516,-0.2196],[129.2563,72.7521,0.0],[129.2521,72.75,0.0],[129.2047,72.7495,1.7336],[129.2063,72.7479,0.0],[129.2307,72.7474,0.7069],[129.2292,72.7458,0.0],[129.2234,72.7453,0.4197],[129.2208,72.7417,0.23],[129.2167,72.7417,0.4503],[129.2125,72.7438,0.0],[129.1958,72.7438,0.4112],[129.1917,72.7417,0.0],[129.1734,72.7422,0.0],[129.175,72.7438,0.0206],[129.1891,72.7464,0.0],[129.1875,72.7479,0.0541],[129.1625,72.7479,0.0],[129.1583,72.7438,0.0255],[129.125,72.7438,0.0],[129.1234,72.7422,0.0],[129.1417,72.7417,1.766],[129.1458,72.7396,0.0],[129.1625,72.7396,0.0],[129.1641,72.738,0.0],[129.1583,72.7375,1.8356],[129.1568,72.7359,1.2804],[129.1646,72.7333,0.0],[129.1729,72.7333,1.3607],[129.1771,72.7312,-0.1618],[129.2146,72.7312,0.1927],[129.2208,72.7354,0.0],[129.2667,72.7354,0.0],[129.2708,72.7375,0.1598],[129.2813,72.7375,-0.2663],[129.2854,72.7396,1.0674],[129.3104,72.7417,0.4123],[129.3141,72.7443,0.0],[129.3104,72.7458,0.0],[129.3062,72.7438,0.0548],[129.2813,72.7438,0.2677],[129.2771,72.7417,0.7167],[129.2458,72.7417,0.0],[129.238,72.7443,0.7215],[129.2396,72.7458,0.0],[129.25,72.7458,0.0]]],
[[[129.4333,72.75,0.5788],[129.4375,72.7479,0.0],[129.4417,72.7479,0.0],[129.4458,72.75,0.2483],[129.4625,72.75,-0.0691],[129.4661,72.7536,0.0458],[129.4479,72.7542,0.3828],[129.4438,72.7521,0.3021],[129.4297,72.7516,0.5345],[129.4333,72.75,0.5788]]],
[[[122.8854,72.8354,0.0],[122.8667,72.8417,0.0],[122.8562,72.8417,0.0],[122.8484,72.8391,0.0],[122.8625,72.8333,0.0],[122.8792,72.8333,0.0],[122.8833,72.8313,0.0],[122.8953,72.8318,0.0],[122.8854,72.8354,0.0]]],
[[[129.2479,72.8354,0.36],[129.2417,72.8375,0.0],[129.2312,72.8375,1.0554],[129.2271,72.8396,0.2718],[129.1818,72.8391,1.7131],[129.1833,72.8375,0.0],[129.2125,72.8375,1.8013],[129.2167,72.8354,0.0],[129.2333,72.8354,1.5576],[129.2375,72.8333,0.0],[129.2458,72.8333,1.2465],[129.25,72.8313,0.0],[129.2745,72.8318,1.1756],[129.2729,72.8333,0.0387],[129.2583,72.8333,1.2113],[129.2542,72.8354,0.4496],[129.2479,72.8354,0.36]]],
[[[122.7917,72.8104,0.0],[122.7995,72.8109,0.0],[122.7995,72.8161,0.0],[122.7917,72.8187,0.0],[122.7734,72.8182,0.0],[122.7786,72.8161,0.0],[122.7797,72.813,0.0],[122.7917,72.8104,0.0]]],
[[[127.375,72.8167,6.111],[127.3786,72.8182,4.5],[127.3714,72.8182,4.5],[127.3714,72.8172,5.9482],[127.375,72.8167,6.111]]],
[[[129.5182,72.8245,0.0],[129.5104,72.8271,0.0],[129.5021,72.8271,0.2786],[129.4979,72.8292,0.0],[129.4937,72.8292,0.0],[129.4912,72.8255,0.3853],[129.4854,72.825,0.0],[129.4839,72.8234,0.0],[129.4891,72.8224,0.3886],[129.488,72.8193,0.0],[129.4896,72.8187,0.0],[129.5224,72.8193,0.1017],[129.5172,72.8214,0.1899],[129.5182,72.8245,0.0]]],
[[[129.4396,72.8167,0.1546],[129.45,72.8167,-0.2056],[129.4516,72.8182,-0.1912],[129.4417,72.8208,0.0],[129.438,72.8182,0.1792],[129.4396,72.8167,0.1546]]],
[[[127.3672,72.8214,6.0858],[127.3688,72.8208,5.7094],[127.3729,72.8208,4.5],[127.3708,72.8229,5.6751],[127.3672,72.8214,6.0858]]],
[[[123.1766,72.8245,4.0347],[123.1646,72.825,0.0],[123.163,72.8234,0.0],[123.175,72.8229,0.0],[123.1766,72.8245,4.0347]]],
[[[122.8734,72.8276,0.0],[122.8854,72.825,0.0],[122.8932,72.8287,0.0],[122.875,72.8292,0.0],[122.8734,72.8276,0.0]]],
[[[123.1708,72.8292,3.587],[123.1583,72.8292,0.0],[123.1568,72.8276,0.0],[123.1708,72.8271,3.7736],[123.1708,72.8292,3.587]]],
[[[129.3375,72.8292,0.3537],[129.3188,72.8292,0.127],[129.3146,72.8313,0.0],[129.2979,72.8313,0.0],[129.2937,72.8292,0.8277],[129.2875,72.8313,0.0],[129.2755,72.8307,1.5792],[129.2771,72.8292,0.023],[129.2854,72.8292,1.4923],[129.2896,72.8271,-0.0807],[129.3062,72.8271,1.1096],[129.3104,72.825,0.0],[129.3167,72.8271,1.0712],[129.3432,72.8276,0.0],[129.3417,72.8292,0.1618],[129.3375,72.8292,0.3537]]],
[[[122.6609,72.8588,0.0],[122.6646,72.8583,0.0],[122.6661,72.8599,0.0],[122.6625,72.8604,0.0],[122.6609,72.8588,0.0]]],
[[[129.3188,72.8875,0.2412],[129.3,72.8875,1.3074],[129.2937,72.8896,0.0],[129.2896,72.8875,1.3874],[129.2792,72.8875,0.0],[129.2667,72.8833,0.5031],[129.2542,72.8833,0.0],[129.25,72.8812,1.2457],[129.2396,72.8812,0.0],[129.2354,72.8792,1.3214],[129.225,72.8812,0.0],[129.2208,72.8792,0.9894],[129.2104,72.8792,1.1347],[129.2088,72.8807,0.0],[129.2146,72.8812,0.0],[129.2161,72.8828,0.5079],[129.1979,72.8833,0.0],[129.1938,72.8792,0.8084],[129.1833,72.8792,0.3899],[129.1729,72.8833,0.0431],[129.1625,72.8833,-0.0909],[129.1583,72.8812,1.583],[129.1333,72.8812,0.0749],[129.1292,72.8792,1.9336],[129.1104,72.8792,0.0],[129.1005,72.8766,0.0],[129.1021,72.875,0.2181],[129.1479,72.875,0.0],[129.1521,72.8771,1.2369],[129.1646,72.8771,1.1622],[129.1687,72.8792,0.0],[129.1787,72.8786,0.9939],[129.1771,72.8771,1.9106],[129.1714,72.8766,1.5932],[129.1766,72.8745,0.0],[129.175,72.8729,1.2436],[129.1214,72.8724,0.0],[129.1266,72.8703,-0.0552],[129.125,72.8688,0.0612],[129.1,72.8688,0.3095],[129.0958,72.8708,1.8227],[129.0375,72.8708,0.8394],[129.0333,72.8729,-0.0636],[128.9875,72.8729,0.0],[128.9812,72.8708,1.4946],[128.9771,72.8729,0.0],[128.9729,72.8729,0.0],[128.9688,72.8708,1.6532],[128.9583,72.8708,1.5837],[128.9568,72.8693,2.2152],[128.9646,72.8667,0.0],[128.9812,72.8667,1.7999],[128.9854,72.8646,0.7261],[128.9937,72.8646,1.4596],[128.9979,72.8625,0.0],[129.0271,72.8625,0.8925],[129.0313,72.8604,0.0],[129.0625,72.8604,1.617],[129.0729,72.8562,0.0],[129.0938,72.8542,1.4604],[129.1229,72.8438,-0.0767],[129.1313,72.8438,1.9251],[129.1354,72.8417,0.0],[129.1583,72.8417,0.0],[129.1625,72.8438,1.2444],[129.2021,72.8438,-0.2535],[129.2036,72.8453,0.2924],[129.1984,72.8474,0.0],[129.2042,72.8479,0.0],[129.2146,72.8438,-0.1176],[129.2375,72.8438,1.956],[129.2417,72.8417,0.0],[129.2563,72.8417,1.2689],[129.2604,72.8396,0.0],[129.2708,72.8396,0.859],[129.275,72.8375,0.0],[129.2979,72.8375,0.999],[129.3021,72.8354,0.0],[129.3542,72.8354,0.0],[129.3583,72.8375,0.238],[129.375,72.8375,0.0],[129.3792,72.8396,0.1086],[129.3896,72.8396,0.0],[129.3938,72.8354,0.0],[129.425,72.8354,0.0],[129.4292,72.8375,0.4402],[129.4521,72.8375,0.0],[129.4536,72.8359,0.0],[129.4417,72.8354,0.0],[129.4375,72.8333,1.1548],[129.4271,72.8333,0.0],[129.4172,72.8297,0.7608],[129.4271,72.8292,1.3489],[129.4312,72.8271,0.0],[129.4542,72.8271,0.808],[129.4583,72.825,0.0],[129.475,72.825,-0.274],[129.4787,72.8276,-0.2359],[129.4797,72.8307,-0.199],[129.487,72.8318,-0.3413],[129.4891,72.8339,-0.0106],[129.4812,72.8375,0.0],[129.4568,72.838,0.0],[129.4583,72.8396,0.0],[129.4641,72.8401,0.0],[129.4646,72.8417,-0.0686],[129.4641,72.8432,0.0922],[129.4563,72.8458,0.0],[129.4396,72.8458,0.0],[129.4271,72.8417,0.9894],[129.4104,72.8417,0.0],[129.4063,72.8396,0.0],[129.3958,72.8396,0.0],[129.3943,72.8411,0.0],[129.4016,72.8422,0.0],[129.4026,72.8453,0.0],[129.4063,72.8479,0.0],[129.425,72.8479,0.0],[129.4328,72.8516,0.0],[129.4208,72.8562,0.0],[129.4089,72.8568,0.1335],[129.4099,72.8599,-0.0845],[129.4083,72.8604,-0.0557],[129.3833,72.8583,0.0],[129.3818,72.8599,0.1659],[129.3849,72.8641,0.0986],[129.3833,72.8646,0.0],[129.3292,72.8646,0.0],[129.325,72.8625,0.0],[129.2937,72.8625,1.3468],[129.2922,72.863,1.2399],[129.2932,72.8662,0.4507],[129.2818,72.8672,0.9996],[129.2833,72.8688,0.6568],[129.3,72.8688,0.0],[129.3042,72.8667,0.0],[129.3562,72.8667,0.0],[129.3625,72.8688,1.279],[129.3667,72.8667,0.0],[129.4063,72.8667,0.1376],[129.4083,72.8688,0.2241],[129.4078,72.8703,0.0506],[129.4,72.8729,0.3999],[129.3917,72.8729,0.4259],[129.3875,72.875,0.0],[129.3792,72.875,0.8218],[129.3687,72.8792,0.0],[129.3589,72.8797,1.2376],[129.3599,72.8849,-0.0804],[129.3583,72.8854,0.016],[129.3354,72.8854,1.4004],[129.3313,72.8875,0.0],[129.3188,72.8875,0.2412]]],
[[[122.6193,72.8693,0.0],[122.6229,72.8688,0.0],[122.6245,72.8703,0.0],[122.6208,72.8708,0.0],[122.6193,72.8693,0.0]]],
[[[122.613,72.8734,0.0],[122.6167,72.8729,0.0],[122.6182,72.8745,0.0],[122.6146,72.875,0.0],[122.613,72.8734,0.0]]],
[[[129.2391,72.8849,1.1896],[129.2271,72.8854,0.0],[129.2255,72.8839,1.3871],[129.2375,72.8833,0.0712],[129.2391,72.8849,1.1896]]],
[[[122.5396,72.8729,0.0],[122.5411,72.8745,0.0],[122.525,72.8792,0.0],[122.5021,72.8792,0.0],[122.4922,72.8766,0.0],[122.4912,72.8714,0.0],[122.4859,72.8703,0.0],[122.4838,72.8672,0.0],[122.4958,72.8667,0.0],[122.5062,72.8625,0.0],[122.5229,72.8625,0.0],[122.5271,72.8604,0.0],[122.5375,72.8604,0.0],[122.5417,72.8562,0.0],[122.5583,72.8562,0.0],[122.5687,72.8521,0.0],[122.5854,72.8521,0.0],[122.5896,72.85,0.0],[122.6062,72.85,0.0],[122.6104,72.8479,0.0],[122.6162,72.8484,0.0],[122.6167,72.85,0.0],[122.6162,72.8557,0.0],[122.6083,72.8583,0.0],[122.5979,72.8583,0.0],[122.5917,72.8604,0.0],[122.5875,72.8583,0.0],[122.5833,72.8583,0.0],[122.5792,72.8625,0.0],[122.5625,72.8625,0.0],[122.5547,72.8651,0.0],[122.5521,72.8688,0.0],[122.5437,72.8688,0.0],[122.5339,72.8714,0.0],[122.5354,72.8729,0.0],[122.5396,72.8729,0.0]]],
[[[122.5724,72.8953,0.0],[122.5604,72.8958,0.0],[122.5589,72.8943,0.0],[122.5708,72.8938,0.0],[122.5724,72.8953,0.0]]],
[[[128.7167,72.8896,0.1922],[128.7182,72.8912,0.2967],[128.713,72.8912,-0.0232],[128.713,72.8901,0.1922],[128.7167,72.8896,0.1922]]],
[[[128.6042,72.8938,0.0],[128.5896,72.8938,1.5082],[128.5854,72.8958,0.0],[128.5667,72.8958,0.0],[128.5625,72.8938,2.9636],[128.525,72.8938,0.0],[128.5213,72.8901,0.0],[128.5354,72.8854,0.0],[128.5417,72.8875,1.0274],[128.6104,72.8875,0.0],[128.6146,72.8896,1.4431],[128.6208,72.8875,-0.3211],[128.6266,72.888,-0.1699],[128.6187,72.8917,0.069],[128.6083,72.8917,1.2954],[128.6042,72.8938,0.0]]],
[[[128.775,72.8917,0.0],[128.7813,72.8917,0.0],[128.7828,72.8932,0.7214],[128.775,72.8958,0.0],[128.7688,72.8938,1.7723],[128.7625,72.8958,0.0],[128.7521,72.8958,0.0425],[128.7479,72.8938,0.7326],[128.7437,72.8938,0.3462],[128.7396,72.8958,0.0133],[128.7312,72.8958,-0.3767],[128.7276,72.8932,0.1748],[128.7266,72.8901,0.5633],[128.7125,72.8875,0.2459],[128.7109,72.8859,0.0523],[128.7229,72.8854,0.1872],[128.7271,72.8875,0.4403],[128.7437,72.8875,0.0125],[128.7479,72.8896,1.3252],[128.775,72.8917,0.0]]],
[[[122.9797,72.7839,0.0],[122.9833,72.7833,0.0],[122.9849,72.7849,0.0],[122.9812,72.7854,0.0],[122.9797,72.7839,0.0]]],
[[[122.8495,72.8078,0.0],[122.8375,72.8083,0.0],[122.8359,72.8068,0.0],[122.8479,72.8063,0.0],[122.8495,72.8078,0.0]]],
[[[122.8151,72.8109,0.0],[122.8187,72.8104,0.0],[122.8203,72.812,0.0],[122.8167,72.8125,0.0],[122.8151,72.8109,0.0]]],
[[[122.8349,72.8099,0.0],[122.8229,72.8104,0.0],[122.8214,72.8089,0.0],[122.8333,72.8083,0.0],[122.8349,72.8099,0.0]]],
[[[127.3828,72.8141,4.703],[127.3708,72.8146,6.1037],[127.3693,72.813,6.7774],[127.3812,72.8125,0.0],[127.3828,72.8141,4.703]]],
[[[129.3771,72.8021,0.0],[129.3604,72.8021,0.0],[129.3562,72.8042,0.0],[129.35,72.8021,1.3356],[129.3438,72.8042,0.0],[129.3318,72.8037,-0.0857],[129.35,72.7958,0.0],[129.375,72.7958,-0.0412],[129.3786,72.7984,0.0],[129.3786,72.8016,0.0],[129.3771,72.8021,0.0]]],
[[[123.0208,72.8,0.0],[123.0245,72.8016,0.0],[123.0172,72.8016,0.0],[123.0172,72.8005,0.0],[123.0208,72.8,0.0]]],
[[[129.4162,72.8047,0.177],[129.4182,72.8078,-0.1633],[129.4063,72.8083,0.3385],[129.4021,72.8104,0.2098],[129.35,72.8104,0.2294],[129.3458,72.8083,0.8677],[129.3338,72.8078,0.0],[129.3354,72.8063,0.0],[129.3646,72.8063,0.4574],[129.3687,72.8042,0.0],[129.3938,72.8042,0.0245],[129.3979,72.8063,0.5949],[129.4042,72.8042,0.0],[129.4162,72.8047,0.177]]],
[[[129.2917,72.8063,0.3394],[129.2818,72.8037,-0.2888],[129.2818,72.8005,0.0],[129.3,72.8,-0.1403],[129.3037,72.8047,-0.0972],[129.3021,72.8063,-0.0257],[129.2917,72.8063,0.3394]]],
[[[129.3307,72.8047,0.9888],[129.3292,72.8063,0.0],[129.3193,72.8057,0.8339],[129.3208,72.8042,0.0],[129.3307,72.8047,0.9888]]],
[[[123.0125,72.8063,0.0],[123.0109,72.8078,0.0],[123.0167,72.8083,0.0],[123.0182,72.8099,0.0],[123.0104,72.8125,0.0],[122.9708,72.8125,0.0],[122.9667,72.8104,0.0],[122.9437,72.8104,0.0],[122.9401,72.8078,0.0],[122.9563,72.8021,0.0],[122.9667,72.8021,0.0],[122.9708,72.8,0.0],[122.9792,72.8,0.0],[122.9833,72.8021,0.0],[123.0146,72.8021,0.0],[123.0182,72.8047,0.0],[123.0167,72.8063,0.0],[123.0125,72.8063,0.0]]],
[[[129.4048,72.8229,0.0655],[129.3875,72.8229,0.4777],[129.3833,72.825,-0.0353],[129.3583,72.825,0.0],[129.3542,72.8229,0.954],[129.3438,72.8229,0.0],[129.3313,72.8187,0.7977],[129.3188,72.8187,-0.0569],[129.3109,72.8151,0.0],[129.3208,72.8146,0.5208],[129.325,72.8125,0.0],[129.3313,72.8146,0.699],[129.3354,72.8146,0.7034],[129.3396,72.8125,0.0],[129.3625,72.8125,0.0],[129.3667,72.8146,0.3995],[129.3771,72.8146,0.92],[129.3813,72.8125,0.0],[129.3979,72.8125,0.0],[129.3995,72.8141,-0.0011],[129.3943,72.8151,1.1853],[129.3963,72.8182,0.0909],[129.412,72.8214,-0.0197],[129.4104,72.8229,0.2043],[129.4048,72.8229,0.0655]]],
[[[123.2146,72.7854,0.0],[123.2063,72.7833,0.0],[123.1958,72.7875,0.0],[123.1646,72.7875,0.0],[123.1583,72.7854,0.0],[123.1542,72.7875,0.0],[123.15,72.7875,0.0],[123.1438,72.7854,0.0],[123.1396,72.7875,0.0],[123.1229,72.7875,0.0],[123.113,72.7839,0.0],[123.125,72.7833,0.0],[123.1292,72.7813,0.0],[123.1458,72.7813,0.0],[123.15,72.7792,0.0],[123.1667,72.7792,0.0],[123.1708,72.7771,0.0],[123.1771,72.7792,0.0],[123.1875,72.7792,0.0],[123.2042,72.7729,0.0],[123.2146,72.7729,0.0],[123.2188,72.7708,0.0],[123.2271,72.7708,0.0],[123.2312,72.7688,0.0],[123.2417,72.7688,0.0],[123.2479,72.7708,0.0],[123.2505,72.7672,0.0],[123.2583,72.7646,0.0],[123.2958,72.7646,0.0],[123.3,72.7625,0.0],[123.3057,72.763,0.0],[123.3005,72.7651,0.0],[123.2979,72.7688,0.0],[123.2875,72.7688,0.0],[123.2708,72.775,0.0],[123.2604,72.775,0.0],[123.2526,72.7776,0.0],[123.25,72.7813,0.0],[123.2417,72.7792,0.0],[123.2391,72.7828,0.0],[123.2312,72.7854,0.0],[123.2146,72.7854,0.0]]],
[[[123.3333,72.7667,0.0],[123.3292,72.7667,0.0],[123.3214,72.763,0.0],[123.3313,72.7625,0.0],[123.3349,72.7651,0.0],[123.3333,72.7667,0.0]]],
[[[128.4021,72.7729,1.0615],[128.4063,72.7729,-0.3656],[128.4187,72.7771,1.976],[128.4292,72.7771,0.1035],[128.4333,72.7792,0.0],[128.4521,72.7792,0.0],[128.4563,72.7813,3.777],[128.4667,72.7813,0.0],[128.4688,72.7833,3.912],[128.4667,72.7854,0.0],[128.45,72.7854,0.0],[128.4458,72.7833,3.3019],[128.4292,72.7833,0.0],[128.4083,72.7771,3.6126],[128.3979,72.7771,0.0],[128.3938,72.7792,2.2668],[128.3771,72.7792,2.7867],[128.3729,72.7813,0.4838],[128.3562,72.7813,0.0],[128.3516,72.7755,1.5165],[128.3396,72.775,0.0],[128.338,72.7734,0.0],[128.3708,72.7729,0.0],[128.3724,72.7714,0.0],[128.3625,72.7688,3.6325],[128.3292,72.7688,0.0],[128.325,72.7667,1.7136],[128.3146,72.7667,0.0],[128.3104,72.7646,4.3234],[128.3,72.7646,0.0],[128.2958,72.7625,3.4299],[128.2854,72.7625,0.0],[128.2813,72.7646,0.0],[128.2583,72.7646,0.0],[128.2542,72.7625,3.4291],[128.2292,72.7625,0.3453],[128.225,72.7604,3.7978],[128.2146,72.7604,2.363],[128.2104,72.7583,4.5053],[128.1917,72.7583,1.9683],[128.1875,72.7562,4.0072],[128.1771,72.7583,0.0],[128.1729,72.7562,4.7373],[128.1563,72.7562,2.0157],[128.1547,72.7547,4.2689],[128.1599,72.7526,4.8175],[128.1542,72.7521,4.8429],[128.1479,72.7542,4.5365],[128.1438,72.7521,4.8066],[128.1333,72.7521,0.0],[128.1234,72.7495,0.0],[128.1203,72.7464,3.2082],[128.1146,72.7458,0.0],[128.1042,72.7417,2.9422],[128.0792,72.7417,0.0],[128.075,72.7396,4.0631],[128.0646,72.7396,4.9606],[128.0583,72.7417,0.0],[128.0542,72.7396,4.9023],[128.05,72.7396,4.8383],[128.0375,72.7438,0.0],[128.0328,72.7401,0.0],[128.0292,72.7396,3.3332],[128.0276,72.7401,3.3332],[128.0286,72.7432,0.0],[128.0083,72.75,0.0],[127.9979,72.75,3.8187],[127.9896,72.7542,0.0],[127.9729,72.7542,2.295],[127.9688,72.7562,0.0],[127.9604,72.7562,0.0],[127.9563,72.7583,0.0],[127.9313,72.7583,0.0],[127.9271,72.7562,0.0],[127.9021,72.7542,0.0],[127.8979,72.7521,0.0],[127.8792,72.7521,0.0],[127.8693,72.7495,0.0],[127.8682,72.7464,0.0],[127.8609,72.7453,0.0],[127.8599,72.7422,4.0957],[127.8526,72.7412,0.0],[127.8505,72.7391,0.0],[127.8505,72.7359,0.0],[127.8557,72.7349,0.0],[127.8547,72.7318,0.0],[127.8599,72.7307,5.2159],[127.8625,72.7271,0.0],[127.8688,72.7292,5.4162],[127.8938,72.7292,0.0],[127.8979,72.7312,1.2548],[127.9229,72.7312,0.0],[127.9245,72.7297,0.0],[127.9063,72.725,0.0],[127.9,72.7271,0.0],[127.8896,72.7271,0.0],[127.8854,72.725,3.8758],[127.8604,72.725,0.0],[127.8578,72.7214,5.8101],[127.8505,72.7203,0.0],[127.8474,72.7151,4.9808],[127.8401,72.7141,0.0],[127.837,72.7089,0.0],[127.8297,72.7078,0.0],[127.8287,72.7047,5.509],[127.813,72.7016,0.0],[127.8245,72.6974,5.5488],[127.8229,72.6958,0.0],[127.8187,72.6958,0.0],[127.8146,72.6937,3.7922],[127.7833,72.6937,0.0],[127.7792,72.6917,5.5144],[127.7688,72.6917,0.0],[127.7443,72.6849,2.3559],[127.7412,72.6818,5.8474],[127.7276,72.6787,5.5157],[127.7229,72.675,5.5808],[127.7063,72.675,0.0],[127.7021,72.6729,7.1816],[127.6708,72.6729,6.4172],[127.6646,72.6687,6.3786],[127.6458,72.675,6.8942],[127.6417,72.675,4.3375],[127.6375,72.6729,0.0],[127.6292,72.6729,0.0],[127.625,72.6771,3.6232],[127.6146,72.6771,0.0],[127.6104,72.675,2.2795],[127.5729,72.675,6.5748],[127.5687,72.6771,0.0],[127.5604,72.6771,3.6523],[127.55,72.6813,0.0],[127.5417,72.6813,0.0],[127.5375,72.6833,0.0],[127.5146,72.6833,5.7863],[127.5104,72.6854,3.7784],[127.4729,72.6854,6.9535],[127.4688,72.6875,3.1266],[127.4583,72.6875,0.0],[127.4542,72.6833,7.2554],[127.4375,72.6833,0.0],[127.4359,72.6849,3.2904],[127.4417,72.6854,0.0],[127.4521,72.6896,4.1499],[127.4708,72.6896,0.0],[127.4729,72.6917,0.0],[127.4708,72.6937,2.6674],[127.4625,72.6937,2.949],[127.4583,72.6958,3.1609],[127.4271,72.6958,0.0],[127.4109,72.6911,0.0],[127.4161,72.688,0.0],[127.4089,72.687,0.0],[127.4068,72.6839,0.0],[127.4146,72.6813,0.0],[127.425,72.6813,3.0689],[127.4313,72.6833,0.0],[127.4328,72.6828,0.0],[127.4328,72.6797,7.1372],[127.4146,72.6792,0.0],[127.4104,72.6771,5.2994],[127.3979,72.6771,0.0],[127.3901,72.6745,0.0],[127.3849,72.6672,8.0254],[127.3729,72.6667,0.0],[127.3703,72.663,6.2577],[127.363,72.662,5.5362],[127.3646,72.6604,7.4233],[127.3729,72.6604,7.6538],[127.3807,72.6568,7.4577],[127.3708,72.6563,6.7048],[127.3667,72.6583,3.6661],[127.3562,72.6583,6.606],[127.338,72.6536,0.0],[127.337,72.6484,7.1933],[127.3297,72.6474,0.0],[127.3349,72.6443,4.0704],[127.3276,72.6432,0.0],[127.3276,72.6401,0.0],[127.3328,72.6391,0.0],[127.3307,72.6359,4.3508],[127.3187,72.6375,0.0],[127.3083,72.6333,0.0],[127.3026,72.6328,0.0],[127.3016,72.6297,7.9484],[127.2958,72.6292,0.0],[127.2911,72.6255,6.338],[127.2776,72.6224,0.0],[127.2745,72.6193,8.0445],[127.2693,72.6182,8.037],[127.2667,72.6146,7.6312],[127.2688,72.6125,9.2705],[127.2792,72.6146,8.1564],[127.2833,72.6125,0.0],[127.2917,72.6125,0.0],[127.3125,72.6188,6.5916],[127.3375,72.6208,0.0],[127.3417,72.6229,0.0],[127.3542,72.625,0.0],[127.3729,72.6333,0.0],[127.3917,72.6333,0.0],[127.3958,72.6354,8.3171],[127.4078,72.6349,0.0],[127.4057,72.6318,0.0],[127.3984,72.6307,0.0],[127.4,72.6292,0.0],[127.4411,72.6297,0.0],[127.4396,72.6312,3.1581],[127.4292,72.6312,3.4177],[127.4151,72.6359,0.0],[127.4167,72.6375,5.1599],[127.4688,72.6375,6.1116],[127.4729,72.6354,0.0],[127.4771,72.6354,0.0],[127.4833,72.6375,6.9907],[127.4875,72.6354,0.0],[127.4979,72.6354,0.0],[127.5021,72.6375,4.1391],[127.5125,72.6375,0.0],[127.5167,72.6396,2.3385],[127.5333,72.6396,1.6413],[127.5349,72.6391,0.0],[127.5339,72.6359,0.0],[127.5354,72.6354,0.0],[127.5667,72.6354,0.0],[127.5708,72.6375,0.0],[127.5896,72.6375,0.0],[127.5938,72.6396,7.6502],[127.625,72.6396,0.0],[127.6292,72.6417,6.5282],[127.6542,72.6417,0.0],[127.6646,72.6458,0.0],[127.6771,72.6479,0.0],[127.6896,72.6521,0.0],[127.7,72.6521,0.0],[127.7042,72.6563,0.0],[127.7146,72.6542,0.0],[127.7188,72.6563,5.9675],[127.7438,72.6563,0.0],[127.7708,72.6646,0.0],[127.7745,72.6641,0.0],[127.7745,72.6609,0.0],[127.7688,72.6604,0.0],[127.7672,72.6589,0.0],[127.7917,72.6583,0.0],[127.7958,72.6563,0.0],[127.8187,72.6563,1.733],[127.8229,72.6542,0.0],[127.8604,72.6542,0.0],[127.8641,72.6578,1.8816],[127.8588,72.6589,2.7169],[127.8599,72.6641,1.6],[127.8583,72.6646,1.5065],[127.8542,72.6646,1.5005],[127.85,72.6625,2.354],[127.7854,72.6625,2.1436],[127.7839,72.6641,2.3571],[127.7958,72.6646,0.0],[127.8,72.6667,0.0],[127.825,72.6667,0.0],[127.8292,72.6687,5.7845],[127.8458,72.6687,0.0],[127.85,72.6708,0.0],[127.8625,72.6708,0.0],[127.8651,72.6745,3.8219],[127.8771,72.675,0.0],[127.8896,72.6792,0.0],[127.8938,72.6792,0.0],[127.8964,72.6828,0.0],[127.9104,72.6854,0.0],[127.913,72.6891,0.0],[127.9313,72.6937,0.0],[127.9563,72.6937,0.0],[127.9604,72.6958,0.0],[127.9724,72.6964,0.0],[127.9672,72.6984,5.0091],[127.9688,72.7,4.0],[127.9917,72.6979,0.0],[127.9958,72.7,5.0472],[128.0292,72.7,0.0],[128.0333,72.7021,2.1741],[128.0646,72.7021,0.9347],[128.0688,72.7042,0.8525],[128.0792,72.7042,2.4681],[128.0828,72.7068,1.8293],[128.0838,72.712,3.1002],[128.0979,72.7125,0.0],[128.1083,72.7167,3.497],[128.1125,72.7167,2.3792],[128.1187,72.7229,0.0],[128.1354,72.7229,5.2398],[128.1396,72.7208,0.0],[128.2063,72.7208,0.0],[128.2104,72.7229,0.0],[128.2224,72.7234,1.0586],[128.2339,72.7307,0.0],[128.2437,72.7333,4.6825],[128.275,72.7333,0.0],[128.2792,72.7354,2.9142],[128.2896,72.7354,0.0],[128.2937,72.7333,2.7837],[128.3042,72.7333,0.0],[128.3146,72.7375,4.2511],[128.3203,72.738,2.4274],[128.3234,72.7412,4.1394],[128.3286,72.7422,3.1861],[128.3307,72.7443,3.2423],[128.3193,72.7495,0.0],[128.3458,72.75,1.008],[128.3583,72.7542,0.0],[128.3708,72.7562,0.0],[128.3786,72.7589,0.0],[128.3818,72.762,0.0],[128.3891,72.763,0.0],[128.3901,72.7662,0.2804],[128.3974,72.7672,1.18],[128.3922,72.7703,1.8157],[128.4021,72.7729,1.0615]]],
[[[128.5417,72.7771,3.8336],[128.5432,72.7786,3.4247],[128.5333,72.7792,4.0557],[128.5292,72.7813,0.0],[128.5042,72.7813,0.3293],[128.5,72.7792,0.4747],[128.4896,72.7792,0.5449],[128.4854,72.7771,1.6813],[128.475,72.7792,0.179],[128.4708,72.7771,1.3267],[128.4396,72.7771,0.3065],[128.4297,72.7745,1.1336],[128.4287,72.7714,2.9649],[128.413,72.7682,0.0],[128.4083,72.7646,3.1246],[128.388,72.7599,2.3309],[128.3849,72.7568,4.2865],[128.3797,72.7557,1.3053],[128.375,72.7521,3.6027],[128.3464,72.7474,0.0],[128.3432,72.7422,3.4993],[128.3359,72.7412,0.0],[128.3349,72.738,4.3084],[128.3276,72.737,0.0],[128.325,72.7333,4.3081],[128.3125,72.7333,0.0],[128.2937,72.7271,2.8339],[128.2771,72.7271,2.295],[128.2667,72.7312,2.3964],[128.2563,72.7292,4.2407],[128.25,72.7312,1.385],[128.2401,72.7286,3.7084],[128.238,72.7266,4.7763],[128.2432,72.7234,2.0885],[128.2312,72.7229,0.0],[128.2287,72.7193,0.7651],[128.2229,72.7188,0.0],[128.2214,72.7172,0.8576],[128.2266,72.7161,0.214],[128.2255,72.713,0.1961],[128.2271,72.7125,0.0],[128.2729,72.7125,-0.0297],[128.2771,72.7167,1.8945],[128.2813,72.7167,1.6685],[128.2854,72.7188,2.0875],[128.2958,72.7188,1.552],[128.3,72.7208,2.0953],[128.3396,72.7208,0.6262],[128.3438,72.7229,0.9133],[128.375,72.7229,1.0428],[128.3792,72.725,3.64],[128.4042,72.725,0.1823],[128.4083,72.7271,3.3358],[128.4542,72.7271,2.0014],[128.4583,72.7292,4.2241],[128.4703,72.7297,1.2207],[128.4776,72.7432,3.705],[128.4792,72.7438,3.7681],[128.5188,72.7458,2.9871],[128.5266,72.7422,3.3729],[128.5146,72.7417,2.9112],[128.5083,72.7438,0.0],[128.5042,72.7417,3.396],[128.4917,72.7396,2.5079],[128.4901,72.7391,0.0],[128.487,72.7318,4.0609],[128.4797,72.7307,-0.0114],[128.4745,72.7234,2.4252],[128.4563,72.7229,4.498],[128.4526,72.7193,3.8918],[128.4641,72.7161,4.0784],[128.4667,72.7125,0.0],[128.4766,72.712,4.0899],[128.4755,72.7089,0.0],[128.4833,72.7063,-0.1647],[128.5,72.7063,4.2658],[128.5104,72.7021,0.0],[128.5203,72.7016,3.0245],[128.5229,72.6979,0.0],[128.5313,72.6979,0.0],[128.5354,72.7,0.8828],[128.5396,72.7,0.4542],[128.5412,72.6995,1.3025],[128.5401,72.6964,0.0],[128.55,72.6958,0.3639],[128.5542,72.6937,0.0],[128.5599,72.6943,0.0],[128.5609,72.6974,0.6541],[128.5646,72.7,0.1273],[128.5896,72.7021,0.0],[128.5938,72.7042,2.0689],[128.6667,72.7042,0.5795],[128.6708,72.7021,0.4847],[128.675,72.7021,0.7487],[128.6792,72.7063,1.7535],[128.6896,72.7063,2.9234],[128.6911,72.7047,2.2241],[128.6854,72.7042,3.3455],[128.6839,72.7026,0.0085],[128.7063,72.7,3.2504],[128.7104,72.6979,0.0],[128.7708,72.6979,0.0],[128.775,72.7,2.3003],[128.8125,72.7,0.0],[128.8167,72.7021,2.4719],[128.8833,72.7021,1.966],[128.8896,72.7,0.0],[128.8938,72.7021,2.2648],[128.8979,72.7021,2.5391],[128.9021,72.7,0.0],[128.9167,72.7,1.3634],[128.9208,72.6979,0.0],[128.9438,72.6979,2.0186],[128.9479,72.6958,0.0],[128.9833,72.6937,0.6724],[128.9974,72.688,0.3674],[128.9854,72.6875,1.798],[128.9818,72.6839,0.0],[128.9937,72.6833,2.042],[128.9953,72.6828,2.1193],[128.9943,72.6797,0.0],[129.0042,72.6792,0.433],[129.0083,72.6771,0.0],[129.0313,72.6771,1.2485],[129.0354,72.675,0.0],[129.0437,72.675,0.0],[129.0479,72.6729,0.0],[129.0646,72.6729,0.7088],[129.0688,72.6708,0.0],[129.0854,72.6708,1.4557],[129.0896,72.6687,0.0],[129.1104,72.6687,1.5157],[129.1146,72.6667,0.0],[129.1313,72.6667,1.27],[129.1354,72.6625,0.0],[129.1563,72.6604,0.9547],[129.1604,72.6583,0.0],[129.1979,72.6583,1.3549],[129.2021,72.6563,0.0],[129.2104,72.6563,0.0],[129.2146,72.6583,0.5013],[129.2479,72.6583,0.0],[129.2521,72.6604,0.3799],[129.2625,72.6604,-0.1148],[129.2667,72.6625,0.2343],[129.2932,72.663,0.0299],[129.2917,72.6646,-0.1876],[129.2818,72.6651,1.0943],[129.2807,72.6682,0.1342],[129.2729,72.6708,0.0916],[129.2583,72.6708,1.2663],[129.2479,72.675,0.0],[129.2104,72.675,1.6361],[129.2063,72.6771,0.0],[129.1625,72.6771,0.074],[129.1609,72.6787,0.0],[129.1729,72.6792,0.0],[129.1745,72.6807,1.5643],[129.1568,72.6818,1.3936],[129.1667,72.6854,0.7681],[129.1729,72.6833,0.3502],[129.1792,72.6854,1.4039],[129.1849,72.6849,1.4858],[129.1833,72.6813,-0.0632],[129.1854,72.6792,0.0],[129.2354,72.6792,1.7126],[129.2396,72.6771,0.0],[129.2563,72.6771,1.675],[129.2604,72.675,0.0],[129.2813,72.6729,0.7109],[129.2854,72.6708,0.0],[129.2937,72.6708,1.7426],[129.2979,72.6687,0.0],[129.3625,72.6687,0.7172],[129.3667,72.6667,0.0],[129.3708,72.6667,0.0],[129.375,72.6687,0.4483],[129.4396,72.6687,0.0],[129.4411,72.6672,0.8043],[129.4354,72.6667,0.9448],[129.4339,72.6651,0.0],[129.462,72.6651,0.0227],[129.4479,72.6708,0.0],[129.438,72.6713,0.2178],[129.4354,72.675,0.0],[129.4271,72.675,0.946],[129.4229,72.6771,0.0],[129.4146,72.6771,0.7666],[129.4104,72.6792,0.432],[129.4021,72.6792,0.7512],[129.3979,72.6813,0.0],[129.3583,72.6792,0.0],[129.3542,72.6771,1.3921],[129.3167,72.6771,0.0],[129.3125,72.6792,0.0],[129.2896,72.6792,1.3392],[129.2854,72.6813,1.1273],[129.2646,72.6833,1.4861],[129.2568,72.6859,1.3508],[129.2563,72.6875,0.0],[129.2568,72.6891,0.0],[129.2625,72.6896,1.7323],[129.2729,72.6854,0.0],[129.2875,72.6854,0.7288],[129.2917,72.6833,0.0],[129.3,72.6833,0.1581],[129.3042,72.6813,0.4724],[129.3146,72.6813,1.5081],[129.3188,72.6792,0.0],[129.3479,72.6792,0.0],[129.3521,72.6813,0.7178],[129.3646,72.6813,0.3385],[129.3687,72.6833,1.0334],[129.3807,72.6839,0.2426],[129.3755,72.687,0.0],[129.3813,72.6875,0.0],[129.3828,72.6891,0.5996],[129.375,72.6917,0.0],[129.3229,72.6917,0.0],[129.3188,72.6896,1.4948],[129.2813,72.6896,0.7926],[129.2734,72.6922,0.0],[129.2745,72.6953,0.5938],[129.2729,72.6958,0.2922],[129.2563,72.6958,1.3794],[129.2521,72.6937,1.1566],[129.2479,72.6937,1.4669],[129.2437,72.6958,0.0],[129.1812,72.6979,1.8051],[129.1771,72.7,0.0],[129.1458,72.7,0.0],[129.1417,72.6979,1.8822],[129.1313,72.6979,1.4319],[129.1271,72.7,0.0],[129.1187,72.7,1.6963],[129.1146,72.7021,0.0],[129.0979,72.7021,0.0],[129.0875,72.7063,0.0],[129.0729,72.7063,1.462],[129.0625,72.7104,0.0],[129.0458,72.7104,1.0396],[129.0313,72.7167,0.0],[129.0208,72.7167,1.019],[129.0125,72.7208,0.0],[129.0021,72.7208,1.4958],[128.9875,72.7271,0.0],[128.9708,72.7271,1.6197],[128.9604,72.7312,0.0],[128.9359,72.7307,-0.0306],[128.9375,72.7292,1.0323],[128.9474,72.7286,1.1537],[128.9464,72.7255,-0.0625],[128.9516,72.7245,0.124],[128.9417,72.7208,0.9963],[128.9042,72.7208,1.5121],[128.9,72.7188,0.0],[128.8958,72.7188,0.0],[128.8875,72.7229,1.9105],[128.8693,72.7234,1.0007],[128.8682,72.7266,1.7528],[128.8651,72.7276,1.6889],[128.8625,72.7312,1.9146],[128.8458,72.7312,0.0],[128.8396,72.7292,2.2091],[128.8354,72.7333,0.0],[128.8188,72.7333,2.23],[128.8146,72.7354,2.3284],[128.8062,72.7354,2.056],[128.7958,72.7396,-0.5643],[128.7875,72.7396,2.042],[128.7797,72.7422,-0.3715],[128.7807,72.7453,-0.0443],[128.7604,72.7521,0.0],[128.7437,72.7521,1.3256],[128.7396,72.7542,0.0],[128.7104,72.7542,2.0203],[128.7063,72.7562,0.0],[128.6979,72.7562,2.3907],[128.6938,72.7583,0.0],[128.6854,72.7583,1.5054],[128.6812,72.7604,0.0],[128.6646,72.7604,1.3539],[128.6568,72.763,2.5852],[128.6578,72.7662,0.0],[128.6563,72.7667,0.0],[128.6187,72.7688,0.0],[128.6146,72.7708,0.0],[128.6062,72.7708,2.0072],[128.6021,72.7729,0.0],[128.5729,72.7729,2.9427],[128.5688,72.775,1.6306],[128.5583,72.775,0.0],[128.5542,72.7729,3.4683],[128.5437,72.7729,3.5729],[128.5359,72.7755,0.0],[128.5375,72.7771,3.0863],[128.5417,72.7771,3.8336]]],
[[[129.2958,72.7688,0.8439],[129.2995,72.7693,1.2014],[129.2995,72.7703,1.7445],[129.2922,72.7703,1.3314],[129.2958,72.7688,0.8439]]],
[[[128.8542,72.7583,0.3615],[128.8297,72.7599,0.1112],[128.8349,72.7568,0.2903],[128.8292,72.7562,0.2785],[128.8276,72.7547,0.0901],[128.8411,72.7536,0.7516],[128.8396,72.7521,-0.1531],[128.8229,72.7521,0.2932],[128.8151,72.7547,0.4989],[128.8141,72.7578,0.8873],[128.8062,72.7604,0.2652],[128.7688,72.7583,2.5093],[128.7625,72.7604,0.2766],[128.7583,72.7583,2.674],[128.7333,72.7583,2.9673],[128.7318,72.7568,0.0844],[128.7771,72.7562,2.5918],[128.7786,72.7557,2.5918],[128.7776,72.7526,0.0],[128.7953,72.7474,1.5002],[128.7937,72.7458,2.0858],[128.788,72.7453,-0.0972],[128.7896,72.7438,0.0],[128.8062,72.7438,1.5669],[128.8104,72.7417,0.6428],[128.8188,72.7417,1.359],[128.8229,72.7438,1.772],[128.8641,72.7432,1.5384],[128.8604,72.7396,2.129],[128.85,72.7396,1.5739],[128.8438,72.7417,1.0174],[128.8417,72.7396,1.7793],[128.8438,72.7375,-0.3766],[128.8813,72.7375,-0.3308],[128.8854,72.7396,1.1699],[128.8958,72.7396,-0.3514],[128.9167,72.7458,0.2476],[128.9271,72.7458,-0.1366],[128.9307,72.7484,0.1812],[128.9292,72.75,0.0584],[128.8979,72.75,1.1879],[128.8938,72.7521,-0.4076],[128.8875,72.75,1.3891],[128.8771,72.75,0.9235],[128.8729,72.7521,0.0],[128.863,72.7526,0.0],[128.8646,72.7542,0.3946],[128.8703,72.7547,-0.0092],[128.8703,72.7578,-0.2311],[128.8542,72.7583,0.3615]]],
[[[129.1438,72.7562,1.1338],[129.1333,72.7562,1.1336],[129.1229,72.7604,0.2832],[129.0854,72.7604,1.7464],[129.0813,72.7583,2.4797],[129.05,72.7583,0.6726],[129.0464,72.7547,0.5833],[129.0542,72.7521,0.0438],[129.0771,72.7521,0.2668],[129.0813,72.7542,0.0],[129.0854,72.7542,1.513],[129.0932,72.7516,1.3648],[129.0917,72.7479,0.0811],[129.0938,72.7458,0.092],[129.1167,72.7458,0.0],[129.1203,72.7484,0.0072],[129.1203,72.7516,0.0],[129.1125,72.7542,0.0],[129.1042,72.7542,0.6201],[129.1026,72.7557,0.0],[129.1146,72.7562,0.9158],[129.1187,72.7542,0.0],[129.1516,72.7547,-0.2184],[129.15,72.7562,0.9061],[129.1438,72.7562,1.1338]]],
[[[128.9812,72.7646,0.0],[128.9625,72.7646,2.099],[128.9583,72.7667,-0.5704],[128.9526,72.7662,0.3282],[128.9578,72.7641,2.5026],[128.9588,72.7609,2.3385],[128.9708,72.7562,0.0],[128.9812,72.7562,0.6534],[128.9854,72.7542,0.0],[129.0,72.7542,1.6457],[129.0042,72.7521,-0.4458],[129.0125,72.7521,0.9304],[129.0167,72.75,-0.4552],[129.0271,72.75,0.0],[129.0313,72.7479,0.0],[129.0495,72.7484,0.7392],[129.0292,72.7562,1.5105],[129.0083,72.7583,1.8092],[128.9917,72.7646,0.0],[128.9812,72.7646,0.0]]],
[[[127.9224,72.7599,0.0],[127.9104,72.7604,0.0],[127.9089,72.7589,0.0],[127.9208,72.7583,0.0],[127.9224,72.7599,0.0]]],
[[[129.325,72.7562,0.0],[129.3286,72.7599,-0.2199],[129.3172,72.7609,-0.2086],[129.3146,72.7646,0.6197],[129.2708,72.7646,0.0],[129.2667,72.7625,1.8359],[129.2479,72.7625,0.0],[129.2437,72.7604,1.2276],[129.2333,72.7604,1.0332],[129.2292,72.7583,1.7272],[129.1734,72.7578,1.9007],[129.1812,72.7542,0.0],[129.2063,72.7542,0.0],[129.2125,72.7562,1.3015],[129.2188,72.7542,0.0],[129.2229,72.7562,0.9497],[129.2417,72.7562,-0.2686],[129.2458,72.7583,1.4004],[129.2771,72.7583,0.0],[129.2813,72.7604,0.0551],[129.2854,72.7604,0.3639],[129.2896,72.7583,0.0],[129.3125,72.7583,1.2172],[129.3167,72.7562,0.0],[129.325,72.7562,0.0]]],
[[[129.0458,72.7625,-0.0046],[129.0354,72.7604,0.0929],[129.0339,72.7589,0.1768],[129.0458,72.7583,0.6101],[129.0495,72.762,0.2004],[129.0458,72.7625,-0.0046]]],
[[[128.2266,72.7641,1.3131],[128.2146,72.7646,0.2331],[128.213,72.763,0.3734],[128.225,72.7625,0.251],[128.2266,72.7641,1.3131]]],
[[[128.8604,72.7729,1.2132],[128.825,72.775,0.2317],[128.8208,72.7729,2.3254],[128.7958,72.7729,0.7503],[128.7917,72.7708,3.2115],[128.7396,72.7708,0.0],[128.7297,72.7682,0.552],[128.7271,72.7646,0.9177],[128.7292,72.7625,0.0],[128.7667,72.7625,-0.0476],[128.7708,72.7646,1.3627],[128.7958,72.7646,-0.8136],[128.8021,72.7667,1.4536],[128.8062,72.7646,-0.0532],[128.8292,72.7646,0.7817],[128.8333,72.7625,-0.2239],[128.8438,72.7646,2.2269],[128.8479,72.7625,0.0],[128.8562,72.7625,1.1751],[128.8604,72.7604,-0.1906],[128.9333,72.7604,1.625],[128.9396,72.7583,2.0869],[128.9432,72.7609,1.6369],[128.9292,72.7667,0.0],[128.9146,72.7667,-0.1521],[128.9104,72.7688,0.2336],[128.8792,72.7688,1.4149],[128.875,72.7708,1.4327],[128.8667,72.7708,2.3192],[128.8604,72.7729,1.2132]]],
[[[129.4807,72.7797,0.0],[129.4891,72.7818,0.0],[129.4891,72.7849,-0.1384],[129.4812,72.7875,0.0],[129.4729,72.7875,0.0],[129.4688,72.7854,0.312],[129.4563,72.7854,0.3229],[129.4521,72.7833,0.6201],[129.4417,72.7833,0.0055],[129.4375,72.7813,0.5698],[129.4271,72.7813,0.0],[129.4229,72.7792,1.0716],[129.4042,72.7792,0.0],[129.4,72.7771,0.8994],[129.3333,72.7792,0.9592],[129.3292,72.775,1.2906],[129.3104,72.775,0.0],[129.3005,72.7714,0.6974],[129.3083,72.7688,1.0911],[129.3438,72.7667,0.0],[129.3479,72.7625,-0.3092],[129.3708,72.7625,-0.2192],[129.375,72.7646,1.3063],[129.3938,72.7646,0.0],[129.3979,72.7667,0.7625],[129.4083,72.7667,0.0],[129.4125,72.7688,0.7544],[129.4245,72.7693,0.0],[129.4229,72.7708,0.0],[129.3922,72.7714,0.0],[129.3938,72.7729,0.0],[129.4542,72.7729,0.0],[129.4583,72.775,0.2896],[129.4688,72.775,0.0],[129.4734,72.7786,0.0],[129.4807,72.7797,0.0]]],
[[[128.3271,72.7896,0.4517],[128.3255,72.7911,0.2987],[128.3313,72.7917,-0.171],[128.3328,72.7932,0.1668],[128.3276,72.7943,2.3196],[128.3266,72.7974,1.5748],[128.3229,72.7979,0.575],[128.313,72.7953,1.3078],[128.3104,72.7917,0.7768],[128.2896,72.7875,0.0],[128.2833,72.7833,0.7319],[128.263,72.7786,1.5332],[128.2599,72.7755,1.7499],[128.2547,72.7734,0.0],[128.2625,72.7708,0.0],[128.3,72.7708,0.3506],[128.3125,72.775,0.9894],[128.3229,72.775,0.0],[128.3255,72.7786,0.8891],[128.3328,72.7797,0.9892],[128.3276,72.7818,0.4582],[128.3286,72.7849,0.7332],[128.3234,72.7859,2.1045],[128.325,72.7875,1.938],[128.3307,72.788,0.2814],[128.3271,72.7896,0.4517]]],
[[[129.2734,72.8005,0.3593],[129.2708,72.8021,0.0],[129.2563,72.8021,0.8102],[129.2521,72.8042,-0.1407],[129.2208,72.8042,-0.1363],[129.2167,72.8021,0.7831],[129.2063,72.8021,0.0],[129.2016,72.7984,1.3779],[129.1943,72.7974,0.0],[129.1932,72.7943,1.6725],[129.175,72.7896,2.1446],[129.1625,72.7896,0.0],[129.1563,72.7875,1.8997],[129.1521,72.7896,0.0],[129.1208,72.7896,1.6047],[129.1167,72.7875,0.6673],[129.1062,72.7875,-0.0863],[129.0938,72.7833,0.0],[129.0625,72.7833,0.0],[129.0583,72.7813,1.7074],[129.0526,72.7818,1.8189],[129.0537,72.7849,0.2071],[129.0521,72.7854,0.2071],[129.0479,72.7854,0.3755],[129.0437,72.7833,1.0936],[129.0333,72.7833,-0.165],[129.0292,72.7813,1.6666],[129.0188,72.7833,-0.1259],[129.0146,72.7813,1.7449],[128.9979,72.7813,1.2624],[128.9937,72.7833,0.0415],[128.9646,72.7833,1.4686],[128.9604,72.7854,0.0],[128.9292,72.7854,2.2118],[128.925,72.7875,0.4466],[128.8958,72.7875,0.0],[128.8917,72.7854,1.9777],[128.8667,72.7854,-0.2652],[128.863,72.7818,1.3699],[128.8729,72.7813,2.6039],[128.8771,72.7792,-0.0707],[128.9083,72.7792,2.5655],[128.9125,72.7771,1.5657],[128.9479,72.7771,2.301],[128.9521,72.775,-0.3093],[128.9563,72.775,-0.1684],[128.9604,72.7771,2.2212],[128.9708,72.7771,2.1406],[128.975,72.775,-0.1228],[128.9849,72.7745,0.4831],[128.9833,72.7729,-0.1623],[128.9729,72.7729,1.4364],[128.9714,72.7714,2.2811],[128.9812,72.7708,1.5957],[128.9854,72.7688,0.4522],[128.9917,72.7708,0.0],[129.0021,72.7708,2.3775],[129.0063,72.7688,0.1138],[129.0229,72.7688,2.2753],[129.0271,72.7667,0.1343],[129.0562,72.7667,1.2258],[129.0729,72.7604,0.0],[129.0828,72.7609,0.0],[129.0792,72.7646,0.0],[129.0797,72.7662,2.0978],[129.0833,72.7667,2.053],[129.0875,72.7646,0.0],[129.1187,72.7646,2.1718],[129.1229,72.7625,0.0],[129.1375,72.7625,2.4231],[129.1417,72.7604,0.0],[129.1812,72.7604,0.0],[129.1854,72.7625,1.8633],[129.2245,72.763,0.0],[129.2229,72.7646,1.0818],[129.2146,72.7646,1.5196],[129.2005,72.7693,0.0],[129.2021,72.7708,1.9715],[129.2125,72.7708,1.8935],[129.2167,72.7688,0.0],[129.2271,72.7708,1.8179],[129.2312,72.7688,1.9114],[129.2688,72.7688,0.0],[129.2729,72.7708,0.5637],[129.2833,72.7708,0.0],[129.288,72.7745,1.7075],[129.3062,72.7792,1.2993],[129.3167,72.7792,0.0],[129.3229,72.7833,1.4644],[129.3458,72.7833,1.4098],[129.35,72.7813,0.0],[129.4021,72.7813,0.0],[129.4063,72.7833,1.0857],[129.4182,72.7839,0.7201],[129.4167,72.7854,-0.0285],[129.4021,72.7854,0.8434],[129.3979,72.7875,-0.0933],[129.3875,72.7875,0.0],[129.3833,72.7854,0.39],[129.3313,72.7854,0.7324],[129.3271,72.7875,0.0],[129.3188,72.7875,1.3853],[129.3172,72.7891,0.0],[129.3328,72.7922,0.1955],[129.3328,72.7953,0.0],[129.3313,72.7958,0.0],[129.2937,72.7958,1.2301],[129.2896,72.7979,0.0],[129.2813,72.7979,0.7464],[129.2734,72.8005,0.3593]]],
[[[128.4984,72.8859,0.1514],[128.4859,72.8901,1.3506],[128.4932,72.8932,0.4186],[128.4812,72.8938,0.6375],[128.4714,72.8912,0.7665],[128.4682,72.8839,2.1336],[128.45,72.8792,0.7687],[128.4396,72.8792,1.0577],[128.438,72.8807,2.2128],[128.4401,72.8849,2.4284],[128.4521,72.8854,0.849],[128.462,72.8891,2.7685],[128.4542,72.8917,0.8072],[128.4458,72.8896,2.8571],[128.4417,72.8917,1.0938],[128.4229,72.8917,0.257],[128.4151,72.8891,1.0317],[128.4104,72.8854,2.8883],[128.4,72.8875,0.0],[128.3974,72.8839,3.4683],[128.3818,72.8807,0.0],[128.3786,72.8734,3.765],[128.3771,72.8729,3.858],[128.3568,72.8724,0.0],[128.3516,72.8651,1.7325],[128.3438,72.8625,0.0],[128.338,72.863,0.0],[128.3391,72.8682,0.6618],[128.3292,72.8688,0.3694],[128.325,72.8708,0.0],[128.2979,72.8667,0.0],[128.2953,72.863,2.1156],[128.2896,72.8625,0.0],[128.288,72.8609,0.0],[128.2979,72.8604,0.0],[128.2995,72.8588,0.65],[128.2922,72.8578,1.0194],[128.2912,72.8547,1.8125],[128.2854,72.8542,0.6629],[128.2833,72.8521,0.4111],[128.2839,72.8505,0.4039],[128.2891,72.8495,2.8882],[128.288,72.8464,0.8609],[128.2932,72.8453,3.1636],[128.2943,72.8422,0.0],[128.3042,72.8417,0.0],[128.3104,72.8396,0.0],[128.3229,72.8438,2.6822],[128.3333,72.8438,0.0],[128.338,72.8474,1.9305],[128.3599,72.8526,0.0],[128.3646,72.8562,0.0],[128.3833,72.8562,0.12],[128.3875,72.8583,0.0],[128.3979,72.8583,0.0],[128.4021,72.8604,2.7299],[128.4125,72.8604,0.0],[128.4167,72.8625,1.8015],[128.4417,72.8625,3.3],[128.4458,72.8604,0.0],[128.4542,72.8604,3.3549],[128.4583,72.8583,0.0],[128.475,72.8583,3.5366],[128.4792,72.8562,0.0],[128.4854,72.8583,2.3721],[128.4958,72.8583,-0.1287],[128.5,72.8604,2.1725],[128.5104,72.8604,-0.2598],[128.512,72.8588,0.0],[128.5047,72.8578,0.0712],[128.5047,72.8547,2.356],[128.5125,72.8521,0.0],[128.5354,72.8521,-0.0201],[128.537,72.8505,1.0488],[128.5271,72.8479,1.3376999999999999],[128.4604,72.85,1.0244],[128.4521,72.8542,0.779],[128.4083,72.8583,0.0],[128.4042,72.8562,2.3822],[128.3917,72.8562,0.0],[128.3839,72.8536,0.0],[128.3807,72.8484,0.0],[128.3521,72.8438,0.0],[128.3458,72.8396,3.0723],[128.3354,72.8396,0.0],[128.3255,72.8339,0.0],[128.3292,72.8313,3.486],[128.3276,72.8234,0.0],[128.3396,72.8187,0.3166],[128.35,72.8187,4.1836],[128.3578,72.8161,1.8463],[128.3542,72.8125,0.4763],[128.3359,72.812,0.8043],[128.3338,72.8089,1.6817],[128.3391,72.8078,1.4743],[128.338,72.8047,0.0147],[128.3396,72.8042,-0.2369],[128.3583,72.8042,0.3449],[128.3662,72.8068,1.2869],[128.3708,72.8104,0.2757],[128.3813,72.8104,0.0],[128.3854,72.8125,3.6583],[128.4458,72.8125,1.2119],[128.4521,72.8104,0.0],[128.4583,72.8125,0.0],[128.4625,72.8104,0.0],[128.5146,72.8104,0.0],[128.5224,72.8078,2.0602],[128.5208,72.8063,1.6756],[128.4396,72.8063,1.1394],[128.4354,72.8083,0.8099],[128.4271,72.8083,2.3711],[128.4229,72.8104,0.0],[128.4167,72.8083,2.5431],[128.3917,72.8083,0.0],[128.3854,72.8042,1.376],[128.375,72.8042,0.0],[128.3401,72.7953,0.0],[128.3396,72.7917,3.0137],[128.3417,72.7896,4.3685],[128.35,72.7896,2.889],[128.3542,72.7875,0.1463],[128.3771,72.7875,0.0],[128.3813,72.7896,2.6336],[128.3979,72.7896,0.4916],[128.4021,72.7875,0.0],[128.4063,72.7875,0.5251],[128.4162,72.7901,0.0895],[128.4187,72.7937,0.0],[128.4375,72.7937,0.0],[128.4417,72.7958,1.7073],[128.4521,72.7958,0.0],[128.4563,72.7979,2.5746],[128.4667,72.7958,0.0],[128.4708,72.7979,2.2314],[128.4958,72.7979,-0.2417],[128.5,72.8,1.8923],[128.525,72.8,0.0],[128.5292,72.8021,0.0],[128.5458,72.8021,0.0],[128.5537,72.7984,0.0],[128.5417,72.7979,0.0],[128.5375,72.7958,2.1408],[128.5333,72.7958,1.8507],[128.5292,72.7979,0.9747],[128.5063,72.7979,0.1985],[128.5026,72.7943,0.2591],[128.5104,72.7917,0.1713],[128.5188,72.7917,0.2841],[128.5229,72.7896,-0.1168],[128.5333,72.7896,0.5882],[128.5375,72.7875,0.0],[128.5521,72.7875,0.631],[128.5562,72.7854,0.0],[128.5667,72.7854,0.8718],[128.5708,72.7833,0.0],[128.5854,72.7833,1.2109],[128.5896,72.7813,0.4586],[128.5938,72.7813,0.7172],[128.5979,72.7833,0.6732],[128.6146,72.7833,3.3317],[128.6187,72.7813,-0.4248],[128.6333,72.7813,0.0],[128.6349,72.7797,2.6964],[128.6297,72.7776,-0.3122],[128.6396,72.7771,2.6738],[128.6438,72.775,-0.6597],[128.6583,72.775,2.5744],[128.6625,72.7729,-0.3678],[128.7021,72.7729,0.1965],[128.7182,72.7786,2.2796],[128.7021,72.7792,0.9817],[128.7005,72.7807,3.1861],[128.7188,72.7813,2.2854],[128.7229,72.7833,2.3472],[128.7349,72.7807,2.3928],[128.7333,72.7792,2.7106],[128.7276,72.7786,2.9025],[128.7292,72.7771,3.1186],[128.8021,72.7771,0.0],[128.8062,72.7792,2.009],[128.8167,72.7792,-0.0367],[128.8208,72.7813,1.8081],[128.8349,72.7818,0.2814],[128.8271,72.7854,0.0846],[128.8151,72.7859,1.6797],[128.8161,72.7891,0.0],[128.8083,72.7917,0.0],[128.7984,72.7922,1.3211],[128.8,72.7937,0.0],[128.8229,72.7917,2.217],[128.8333,72.7875,0.0],[128.8646,72.7875,0.0],[128.8687,72.7896,0.3394],[128.8938,72.7896,-0.4312],[128.8979,72.7917,1.7907],[128.9354,72.7917,2.4785],[128.9396,72.7896,0.0],[128.9542,72.7896,2.7569],[128.9583,72.7875,0.0],[129.0557,72.788,0.0264],[129.0479,72.7917,-0.5521],[129.0167,72.7917,0.4917],[129.0125,72.7896,1.8099],[129.0021,72.7896,0.2231],[128.9979,72.7917,0.785],[128.9833,72.7917,1.7357],[128.9792,72.7937,0.0],[128.975,72.7937,0.0],[128.9688,72.7917,1.898],[128.9646,72.7937,1.1379],[128.9292,72.7958,2.138],[128.9214,72.7984,2.1107],[128.9229,72.8,0.0432],[128.9312,72.8,1.7627],[128.9354,72.7979,-0.1455],[128.9458,72.7979,1.2191],[128.95,72.7958,0.0494],[128.9891,72.7963,2.255],[128.9812,72.8,1.9132],[128.9583,72.8,2.3708],[128.9505,72.8026,2.524],[128.9521,72.8042,1.6353],[128.9833,72.8042,1.1453],[128.9974,72.7995,1.9277],[128.9964,72.7963,2.2839],[129.0042,72.7937,0.0],[129.0083,72.7937,0.0],[129.0125,72.7958,2.2639],[129.0292,72.7958,1.6249],[129.0333,72.7937,0.3204],[129.0625,72.7937,2.2866],[129.0667,72.7917,0.0],[129.0833,72.7917,0.0],[129.0875,72.7937,1.7669],[129.0917,72.7937,1.8965],[129.0979,72.7917,0.0],[129.1016,72.7953,1.1499],[129.0964,72.7963,0.064],[129.0979,72.7979,0.3954],[129.1146,72.7979,1.3436],[129.1162,72.7974,1.3947],[129.1151,72.7943,1.2853],[129.1167,72.7937,0.0],[129.1479,72.7937,0.0],[129.1521,72.7958,1.362],[129.1646,72.7958,0.7939],[129.1662,72.7974,1.1095],[129.1609,72.7995,0.0502],[129.1792,72.8042,1.6595],[129.1875,72.8042,0.0],[129.1917,72.8021,0.8635],[129.1958,72.8021,0.9102],[129.1974,72.8037,0.2661],[129.1922,72.8057,0.0],[129.2104,72.8104,1.3956],[129.2271,72.8104,1.8435],[129.2312,72.8083,0.0],[129.2625,72.8083,0.0],[129.2667,72.8104,0.4682],[129.2833,72.8104,0.0],[129.2875,72.8125,0.0],[129.3078,72.813,0.0],[129.3062,72.8146,0.0],[129.2979,72.8146,0.4284],[129.2875,72.8187,0.0969],[129.2792,72.8187,0.0],[129.275,72.8208,0.0],[129.2583,72.8208,0.7369],[129.2479,72.825,0.0],[129.2396,72.825,0.9245],[129.2354,72.8271,-0.0647],[129.2188,72.8271,1.3335],[129.2172,72.8276,1.3335],[129.2182,72.8307,-0.1836],[129.2167,72.8313,-0.2154],[129.1792,72.8313,0.0412],[129.175,72.8292,1.6378],[129.1625,72.8292,0.0],[129.1583,72.8271,1.2523],[129.1417,72.8271,0.0],[129.1375,72.825,1.807],[129.0979,72.825,0.0],[129.0938,72.8229,1.6966],[129.0833,72.8229,1.8519],[129.0792,72.825,0.0],[129.0542,72.825,0.0],[129.0479,72.8229,1.8036],[129.0401,72.8266,0.0],[129.1104,72.8271,0.0],[129.1146,72.8292,1.6812],[129.1458,72.8292,0.0],[129.15,72.8313,1.2862],[129.1604,72.8313,-0.227],[129.1646,72.8333,0.9119],[129.1687,72.8333,0.0],[129.1724,72.837,0.7463],[129.1604,72.8375,0.0],[129.1563,72.8354,0.835],[129.0896,72.8354,1.0281],[129.0854,72.8375,0.0],[129.0688,72.8375,0.4689],[129.0609,72.8401,0.0],[129.0568,72.8432,0.0],[129.0604,72.8438,1.3088],[129.0708,72.8396,-0.192],[129.1083,72.8396,1.0162],[129.1125,72.8375,0.0],[129.1292,72.8375,0.3852],[129.1307,72.8391,0.0],[129.1229,72.8417,0.0],[129.1146,72.8417,0.432],[129.1042,72.8458,0.0],[129.0875,72.8458,1.415],[129.0859,72.8464,1.1472],[129.087,72.8495,-0.2145],[129.0729,72.8542,0.0],[129.0562,72.8542,0.7885],[129.0521,72.8562,1.0101],[129.0437,72.8562,1.3243],[129.0396,72.8583,0.0],[129.0104,72.8583,-0.0124],[129.0063,72.8604,1.2262],[128.9688,72.8625,1.6014],[128.9646,72.8646,0.0],[128.95,72.8646,1.3612],[128.9458,72.8667,-0.2679],[128.9354,72.8667,1.6155],[128.9312,72.8688,0.249],[128.9229,72.8688,0.4523],[128.9187,72.8708,0.0377],[128.9125,72.8688,0.3616],[128.9083,72.8688,0.4018],[128.9042,72.8708,-0.0015],[128.8875,72.8708,0.0],[128.8833,72.8688,0.8475],[128.8583,72.8688,0.0],[128.8526,72.8714,0.0],[128.8516,72.8745,0.186],[128.8438,72.8771,0.0],[128.8062,72.8771,0.0],[128.8,72.8792,0.0],[128.7958,72.8771,0.0],[128.7771,72.8771,0.0],[128.7708,72.875,0.0],[128.7542,72.8812,0.1498],[128.7292,72.8812,-0.3213],[128.725,72.8792,1.5386],[128.7083,72.8792,-0.2834],[128.7042,72.8771,2.0263],[128.6854,72.8771,-0.4711],[128.6812,72.875,2.8054],[128.675,72.8771,-0.5955],[128.65,72.8771,-0.2027],[128.6438,72.875,2.568],[128.6396,72.8771,0.2769],[128.5729,72.8771,0.1653],[128.5682,72.8734,-0.0251],[128.5609,72.8724,-0.111],[128.5578,72.8672,2.8742],[128.5526,72.8662,2.5236],[128.5495,72.863,2.274],[128.5375,72.8604,0.3939],[128.5333,72.8625,1.0187],[128.5229,72.8625,0.0],[128.5213,72.8641,2.9486],[128.5354,72.8667,0.0],[128.5401,72.8703,0.1291],[128.5474,72.8714,-0.2129],[128.5422,72.8745,1.8525],[128.5479,72.875,-0.2376],[128.5495,72.8766,0.0],[128.5375,72.8771,3.0036],[128.5333,72.8792,-0.0086],[128.5188,72.8792,2.6532],[128.4984,72.8859,0.1514]]],
[[[123.8287,73.8151,0.0],[123.8271,73.8167,0.0],[123.8214,73.8161,0.0],[123.8229,73.8146,0.0],[123.8287,73.8151,0.0]]],
[[[123.1182,73.8505,0.0],[123.1167,73.8521,0.0],[123.1109,73.8516,0.0],[123.1125,73.85,0.0],[123.1182,73.8505,0.0]]],
[[[123.1229,73.8458,0.0],[123.1245,73.8474,0.0],[123.1193,73.8474,0.0],[123.1193,73.8464,0.0],[123.1229,73.8458,0.0]]],
[[[124.6875,73.8333,0.0],[124.6797,73.8328,0.0],[124.6776,73.8297,0.0],[124.6896,73.8292,0.0],[124.6932,73.8318,0.0],[124.6917,73.8333,0.0],[124.6875,73.8333,0.0]]],
[[[123.1625,73.8417,0.0],[123.15,73.8417,0.0],[123.1458,73.8438,0.0],[123.1255,73.8432,0.0],[123.1271,73.8417,0.0],[123.1375,73.8417,0.0],[123.1542,73.8354,0.0],[123.1583,73.8354,0.0],[123.1625,73.8375,0.0],[123.1729,73.8354,0.0],[123.1771,73.8375,0.0],[123.2104,73.8375,0.0],[123.2146,73.8396,0.0],[123.2286,73.8401,0.0],[123.2271,73.8417,0.0],[123.2083,73.8417,0.0],[123.2042,73.8396,0.0],[123.1792,73.8396,0.0],[123.175,73.8417,0.0],[123.1625,73.8417,0.0]]],
[[[124.7146,73.8354,0.0],[124.7188,73.8396,0.0],[124.7182,73.8411,0.0],[124.713,73.8422,1.856],[124.7125,73.8458,0.6081],[124.7141,73.8495,0.0],[124.7,73.85,0.0],[124.6901,73.8474,0.0],[124.6901,73.8443,0.0],[124.7037,73.8411,2.0588],[124.7021,73.8396,0.0],[124.6964,73.8391,0.0],[124.6943,73.8359,0.0],[124.7146,73.8354,0.0]]],
[[[123.237,73.8422,0.0],[123.2354,73.8438,0.0],[123.2297,73.8432,0.0],[123.2312,73.8417,0.0],[123.237,73.8422,0.0]]],
[[[124.6401,73.8307,4.5823],[124.6318,73.8287,0.0],[124.6318,73.8255,0.0],[124.6521,73.825,0.0],[124.6557,73.8297,0.0],[124.6542,73.8313,0.0],[124.6401,73.8307,4.5823]]],
[[[123.825,73.8438,1.4118],[123.8333,73.8438,0.0],[123.8349,73.8453,0.0],[123.825,73.8479,0.0],[123.8125,73.8438,9.0414],[123.8,73.8438,0.0],[123.7729,73.8354,5.722],[123.7604,73.8354,0.0],[123.7562,73.8333,0.0],[123.7521,73.8333,0.0],[123.7505,73.8328,0.0],[123.7495,73.8276,5.653],[123.7474,73.8255,6.3573],[123.7422,73.8245,0.0],[123.7396,73.8208,0.0],[123.7417,73.8187,0.0],[123.7521,73.8187,0.0],[123.7625,73.8146,0.0],[123.7813,73.8146,0.0],[123.7854,73.8167,0.0],[123.8125,73.8167,0.0],[123.8167,73.8187,0.0],[123.8208,73.8187,0.0],[123.8229,73.8208,0.0],[123.8208,73.8229,0.0],[123.8104,73.8229,0.0],[123.8063,73.8208,0.0],[123.8021,73.8208,0.0],[123.7995,73.8245,0.0],[123.788,73.8287,0.3382],[123.7979,73.8313,0.0],[123.8099,73.8318,1.0006],[123.812,73.837,0.0],[123.8063,73.8375,0.0],[123.8047,73.8391,0.0],[123.825,73.8438,1.4118]]],
[[[123.25,73.8438,0.0],[123.2516,73.8453,0.0],[123.2443,73.8453,0.0],[123.2458,73.8438,0.0],[123.25,73.8438,0.0]]],
[[[123.8854,73.85,0.0],[123.8771,73.85,0.0],[123.875,73.8479,0.0],[123.8771,73.8458,0.0],[123.8891,73.8464,0.0],[123.8891,73.8495,0.0],[123.8854,73.85,0.0]]],
[[[125.0208,73.8729,0.0],[125.0224,73.8745,0.0],[125.0151,73.8745,0.0],[125.0167,73.8729,0.0],[125.0208,73.8729,0.0]]],
[[[124.7932,73.8609,0.0],[124.7917,73.8625,0.7521],[124.7797,73.863,0.4414],[124.7792,73.8667,0.219],[124.7818,73.8745,5.1007999999999996],[124.7958,73.8771,1.8682],[124.7974,73.8786,3.5922],[124.7771,73.8792,0.0],[124.7672,73.8766,0.0],[124.7641,73.8651,5.382],[124.7568,73.8641,0.0],[124.762,73.8609,4.1003],[124.7464,73.8578,0.0],[124.7536,73.8547,0.0],[124.7479,73.8542,0.0],[124.7464,73.8526,0.0],[124.7813,73.8521,0.0],[124.7911,73.8547,0.0],[124.7932,73.8609,0.0]]],
[[[125.0109,73.8818,0.0],[124.9964,73.8859,0.0],[124.9979,73.8875,0.0],[125.0036,73.888,0.0],[125.0021,73.8896,0.0],[124.9917,73.8896,0.0],[124.9875,73.8875,0.0],[124.9833,73.8875,0.0],[124.9818,73.8859,0.0],[124.987,73.8839,0.0],[124.9797,73.8828,0.0],[124.9812,73.8812,0.0],[124.987,73.8807,0.0],[124.9859,73.8776,0.0],[124.9979,73.8771,0.0],[125.0021,73.875,0.0],[125.0125,73.875,0.0],[125.0224,73.8776,0.0],[125.0109,73.8818,0.0]]],
[[[124.8505,73.9172,0.0],[124.8479,73.9187,0.0],[124.8375,73.9187,0.0],[124.8333,73.9208,0.0],[124.813,73.9203,0.0],[124.8182,73.9182,0.0],[124.8172,73.9109,0.0],[124.8224,73.9099,0.0],[124.8229,73.9063,0.0],[124.8208,73.9021,2.9802],[124.8229,73.9,0.0],[124.8287,73.9005,0.0],[124.8313,73.9042,0.0],[124.8438,73.9042,0.0],[124.8516,73.9068,0.0],[124.8464,73.9089,0.0],[124.8479,73.9104,0.0],[124.862,73.9109,0.0],[124.862,73.9141,0.0],[124.8505,73.9172,0.0]]],
[[[124.9542,73.8854,0.0],[124.9578,73.8859,0.0],[124.9578,73.887,0.0],[124.9526,73.887,0.0],[124.9542,73.8854,0.0]]],
[[[124.8104,73.8833,0.0],[124.8005,73.8797,2.7888],[124.8187,73.8792,0.0],[124.8287,73.8818,0.0],[124.8313,73.8854,1.6269],[124.8307,73.887,7.8693],[124.825,73.8875,0.0],[124.8104,73.8833,0.0]]],
[[[124.913,73.9068,0.0],[124.8979,73.9125,0.0],[124.8875,73.9104,0.0],[124.8833,73.9125,0.0],[124.8792,73.9125,0.0],[124.8776,73.9109,0.0],[124.8896,73.9083,0.0],[124.8912,73.9068,0.0],[124.8755,73.9036,4.8315],[124.8724,73.8984,5.8848],[124.8667,73.8979,0.0],[124.8651,73.8964,0.0],[124.8786,73.8932,1.4431],[124.8776,73.8901,0.0],[124.8792,73.8896,0.0],[124.8995,73.8891,0.0],[124.8974,73.8859,0.0],[124.8901,73.8849,0.0],[124.8917,73.8833,0.0],[124.9104,73.8833,0.0],[124.9229,73.8875,0.0],[124.9354,73.8875,0.0],[124.9417,73.8896,0.0],[124.9458,73.8875,0.0],[124.95,73.8875,0.0],[124.9599,73.8901,0.0],[124.9547,73.8922,0.0],[124.9537,73.8974,0.0],[124.9271,73.8979,0.0],[124.9255,73.8995,0.0],[124.9328,73.9005,0.0],[124.9328,73.9036,0.0],[124.9229,73.9042,0.0],[124.913,73.9068,0.0]]],
[[[123.15,73.8625,0.0],[123.1516,73.8641,0.0],[123.1443,73.8641,0.0],[123.1458,73.8625,0.0],[123.15,73.8625,0.0]]],
[[[123.1203,73.8641,0.0],[123.1229,73.8625,0.0],[123.1286,73.863,0.0],[123.1234,73.8662,0.0],[123.1292,73.8667,0.0],[123.1307,73.8682,0.0],[123.1151,73.8682,0.0],[123.1151,73.8651,0.0],[123.1203,73.8641,0.0]]],
[[[123.1328,73.8505,0.0],[123.1349,73.8536,0.0],[123.1276,73.8547,0.0],[123.1286,73.8599,0.0],[123.1214,73.8599,0.0],[123.1193,73.8526,0.0],[123.1292,73.85,0.0],[123.1328,73.8505,0.0]]],
[[[123.1292,73.8708,0.0],[123.1307,73.8724,0.0],[123.1234,73.8724,0.0],[123.125,73.8708,0.0],[123.1292,73.8708,0.0]]],
[[[123.137,73.8693,0.0],[123.1354,73.8708,0.0],[123.1318,73.8703,0.0],[123.1333,73.8688,0.0],[123.137,73.8693,0.0]]],
[[[124.4375,73.8875,0.0],[124.4271,73.8875,0.0],[124.4255,73.8859,0.0],[124.4411,73.8859,0.0],[124.4375,73.8875,0.0]]],
[[[124.1438,73.8042,0.0],[124.1453,73.8057,0.0],[124.1354,73.8063,0.0],[124.1312,73.8083,0.0],[124.1188,73.8083,0.0],[124.1167,73.8063,0.0],[124.1172,73.8026,0.0],[124.1188,73.8021,0.0],[124.1375,73.8021,0.0],[124.1438,73.8042,0.0]]],
[[[123.8266,73.8089,0.0],[123.825,73.8104,0.0],[123.8146,73.8104,0.0],[123.8104,73.8125,0.0],[123.7625,73.8125,0.0],[123.7609,73.812,0.0],[123.7589,73.8068,0.0],[123.7688,73.8042,0.0],[123.8083,73.8042,0.0],[123.8266,73.8089,0.0]]],
[[[124.7521,73.9271,0.0],[124.7536,73.9287,0.0],[124.7484,73.9287,0.0],[124.7484,73.9276,0.0],[124.7521,73.9271,0.0]]],
[[[123.2375,73.9333,0.0],[123.2333,73.9354,0.0],[123.2229,73.9354,0.0],[123.2188,73.9375,0.0],[123.2083,73.9375,0.0],[123.1984,73.9349,0.0],[123.2083,73.9313,0.0],[123.2188,73.9313,0.0],[123.2229,73.9292,0.0],[123.2396,73.9292,0.0],[123.2438,73.9271,0.0],[123.2495,73.9276,0.0],[123.2505,73.9307,0.0],[123.2578,73.9318,0.0],[123.2562,73.9333,0.0],[123.2375,73.9333,0.0]]],
[[[124.7276,73.9339,0.0],[124.725,73.9354,0.0],[124.7146,73.9354,0.0],[124.7104,73.9375,0.0],[124.7047,73.937,0.0],[124.7042,73.9354,0.0],[124.7047,73.9318,0.0],[124.7063,73.9313,0.0],[124.7375,73.9313,0.0],[124.7417,73.9292,0.0],[124.7474,73.9297,0.0],[124.7396,73.9333,0.0],[124.7276,73.9339,0.0]]],
[[[123.2724,73.9277,0.0],[123.2708,73.9292,0.0],[123.2651,73.9287,0.0],[123.2667,73.9271,0.0],[123.2724,73.9277,0.0]]],
[[[123.1833,73.9521,0.0],[123.1818,73.9537,0.0],[123.187,73.9557,0.0],[123.175,73.9583,0.0],[123.1734,73.9578,0.0],[123.1724,73.9505,0.0],[123.1667,73.95,0.0],[123.1651,73.9484,0.0],[123.1771,73.9479,0.0],[123.1813,73.95,0.0],[123.1953,73.9505,0.0],[123.1937,73.9521,0.0],[123.1833,73.9521,0.0]]],
[[[123.1792,73.9667,0.0],[123.1693,73.963,0.0],[123.1828,73.963,0.0],[123.1828,73.9661,0.0],[123.1792,73.9667,0.0]]],
[[[123.1833,73.9708,0.0],[123.1911,73.9714,0.0],[123.1859,73.9745,0.0],[123.1932,73.9755,0.0],[123.1932,73.9786,0.0],[123.1813,73.9792,0.0],[123.163,73.9745,0.0],[123.1646,73.9729,0.0],[123.175,73.9729,0.0],[123.1792,73.9708,0.0],[123.1833,73.9708,0.0]]],
[[[121.712,75.3776,0.0],[121.7104,75.3792,0.0],[121.7047,75.3786,0.0],[121.7063,75.3771,0.0],[121.712,75.3776,0.0]]],
[[[121.4141,75.6922,0.0],[121.4125,75.6937,0.0],[121.4068,75.6932,0.0],[121.4083,75.6917,0.0],[121.4141,75.6922,0.0]]],
[[[123.1787,73.9797,0.0],[123.1771,73.9812,0.0],[123.1713,73.9807,0.0],[123.1729,73.9792,0.0],[123.1787,73.9797,0.0]]],
[[[123.2375,73.9854,0.0],[123.2412,73.987,0.0],[123.2312,73.9896,0.0],[123.2146,73.9896,0.0],[123.2021,73.9854,0.0],[123.1896,73.9854,0.0],[123.188,73.9838,0.0],[123.2,73.9812,0.0],[123.2125,73.9854,0.0],[123.2375,73.9854,0.0]]],
[[[124.4479,73.9083,0.5911],[124.4417,73.9083,0.0],[124.4401,73.9068,0.0],[124.4537,73.9068,0.0],[124.4521,73.9083,0.5091],[124.4479,73.9083,0.5911]]],
[[[124.6125,73.9104,0.0],[124.6141,73.912,0.0],[124.6068,73.912,0.0],[124.6083,73.9104,0.0],[124.6125,73.9104,0.0]]],
[[[124.6792,73.8958,0.0],[124.663,73.8964,0.9175],[124.6625,73.9,0.0],[124.6641,73.9036,0.0],[124.6625,73.9042,0.0],[124.6438,73.9042,0.0],[124.6229,73.8979,0.0],[124.6188,73.8979,0.0],[124.6109,73.9005,2.7427],[124.6083,73.9042,4.2313],[124.5313,73.9042,0.0],[124.5271,73.9021,3.6326],[124.4938,73.9021,0.0],[124.4896,73.9042,0.0],[124.4708,73.9042,0.0],[124.4526,73.8995,0.0],[124.4578,73.8974,4.2706],[124.4563,73.8958,4.1828],[124.4505,73.8953,0.0],[124.4521,73.8938,0.0],[124.4578,73.8932,0.0],[124.4563,73.8917,0.0],[124.4505,73.8912,0.0],[124.4557,73.8891,0.0],[124.4557,73.8859,0.0],[124.4458,73.8833,0.0],[124.4333,73.8833,0.0],[124.4271,73.8812,0.0],[124.4146,73.8854,0.0],[124.4042,73.8833,0.0],[124.4,73.8854,0.0],[124.3896,73.8854,2.1134],[124.3854,73.8875,0.0],[124.3458,73.8875,0.0],[124.3109,73.8786,0.0],[124.3083,73.875,0.0],[124.2813,73.875,0.0],[124.2688,73.8708,0.0],[124.2562,73.8688,0.0],[124.2547,73.8682,0.0],[124.2516,73.8588,0.0],[124.2443,73.8578,0.0],[124.2438,73.8562,0.0],[124.2458,73.8542,0.0],[124.2578,73.8536,2.2566],[124.2568,73.8484,0.0],[124.2583,73.8479,0.0],[124.2625,73.8479,0.0],[124.2667,73.8458,0.0],[124.2771,73.8458,0.0],[124.2786,73.8464,0.261],[124.2786,73.8495,0.0],[124.2734,73.8505,0.9614],[124.2734,73.8536,0.9606],[124.2807,73.8547,0.0],[124.2839,73.8599,2.4809],[124.2917,73.8625,1.2887],[124.3037,73.8599,0.0],[124.3047,73.8568,0.0],[124.3208,73.8521,0.0],[124.3328,73.8526,0.0],[124.3328,73.8557,0.0],[124.3276,73.8578,0.0],[124.3375,73.8604,0.0],[124.3562,73.8604,0.0],[124.3578,73.8599,0.0],[124.3562,73.8562,0.0],[124.3568,73.8526,0.0],[124.3828,73.8453,0.0],[124.3812,73.8438,0.0],[124.3755,73.8432,0.0],[124.375,73.8417,0.0],[124.3755,73.8401,0.0],[124.3807,73.8391,0.0],[124.3818,73.8359,0.0],[124.4,73.8354,0.0],[124.4042,73.8333,0.0],[124.4229,73.8333,0.0],[124.4245,73.8328,0.0],[124.4234,73.8297,0.0],[124.4287,73.8287,5.2027],[124.4234,73.8255,0.0],[124.4417,73.825,0.0],[124.4458,73.8229,0.0],[124.4646,73.8229,0.0],[124.4688,73.825,0.0],[124.475,73.8229,0.0],[124.4807,73.8234,0.0],[124.4838,73.8307,0.0],[124.4912,73.8318,0.0],[124.4922,73.8349,5.7593],[124.4995,73.8359,0.0],[124.4943,73.8391,5.3129],[124.5016,73.8401,0.0],[124.5042,73.8438,1.945],[124.5458,73.8458,0.5564],[124.5583,73.85,0.0],[124.5641,73.8495,0.0],[124.562,73.8464,0.0],[124.5521,73.8438,0.3698],[124.5318,73.8432,2.7756],[124.5307,73.8401,3.2126],[124.5234,73.8391,0.0],[124.5224,73.8339,3.0682],[124.5151,73.8328,0.0],[124.5203,73.8297,5.2049],[124.5146,73.8292,0.0],[124.513,73.8276,0.0],[124.5182,73.8255,0.0],[124.5109,73.8245,0.0],[124.5271,73.8187,0.0],[124.5375,73.8187,0.0],[124.5583,73.825,0.4417],[124.5687,73.825,0.8157],[124.5896,73.8313,5.1143],[124.6099,73.8318,0.0],[124.6021,73.8354,0.0],[124.5917,73.8354,4.9803],[124.5891,73.8391,2.4044],[124.5839,73.8401,1.5818],[124.5938,73.8438,0.0],[124.6271,73.8438,0.0],[124.6292,73.8417,0.0],[124.6276,73.8359,0.0],[124.6396,73.8354,1.9182],[124.6438,73.8333,0.0],[124.6557,73.8339,0.0],[124.6568,73.837,0.6517],[124.6641,73.838,0.0],[124.6589,73.8411,0.6009],[124.6661,73.8422,0.0],[124.6682,73.8464,0.0],[124.6667,73.8479,0.0],[124.6609,73.8484,1.906],[124.662,73.8536,0.0],[124.6568,73.8547,5.5258],[124.6563,73.8583,7.9995],[124.6589,73.862,5.5555],[124.6771,73.8667,0.0],[124.6875,73.8667,0.0],[124.7057,73.8714,0.0],[124.7089,73.8766,1.9274],[124.7161,73.8776,0.0],[124.7172,73.8828,0.0],[124.7193,73.8849,1.8425],[124.7245,73.8859,0.0],[124.7276,73.8912,0.0],[124.7432,73.8922,0.0],[124.7417,73.8938,0.6266],[124.7312,73.8938,0.7035],[124.7234,73.8964,4.0227],[124.7224,73.8995,0.5181],[124.7104,73.9021,0.0],[124.7089,73.9016,0.0],[124.7063,73.8938,0.0],[124.7068,73.8922,0.0],[124.712,73.8901,0.0],[124.7047,73.8891,0.0],[124.7099,73.8859,5.3982],[124.6896,73.8854,0.0],[124.6833,73.8833,0.0],[124.6734,73.8859,0.0],[124.6755,73.8912,0.6332],[124.6828,73.8922,0.0],[124.6828,73.8953,0.0],[124.6792,73.8958,0.0]]],
[[[123.2129,73.9022,0.0],[123.2141,73.9036,0.0],[123.2068,73.9036,0.0],[123.2083,73.9021,0.0],[123.2129,73.9022,0.0]]],
[[[123.236,73.9044,0.0],[123.237,73.9057,0.0],[123.2354,73.9063,0.0],[123.2297,73.9057,0.0],[123.2312,73.9042,0.0],[123.236,73.9044,0.0]]],
[[[124.7672,73.9203,1.3058],[124.7682,73.9224,0.0],[124.7667,73.9229,0.6479],[124.7396,73.925,4.1528],[124.7234,73.9203,3.266],[124.7208,73.9167,0.0],[124.7214,73.913,0.0],[124.7266,73.9109,0.0],[124.7245,73.9089,0.0],[124.7193,73.9078,0.0],[124.7172,73.9057,0.0],[124.7172,73.9026,5.372],[124.7375,73.9042,3.2255],[124.7516,73.8995,1.8892],[124.7443,73.8964,0.6941],[124.7583,73.8958,0.8907],[124.7625,73.9,0.6938],[124.7729,73.9,0.9765],[124.7771,73.9021,0.9266],[124.7995,73.9026,0.9099],[124.8016,73.9099,0.0],[124.7896,73.9104,4.7714],[124.7854,73.9146,0.0],[124.775,73.9146,0.8094],[124.7672,73.9172,0.6433],[124.7672,73.9203,1.3058]]],
[[[123.1708,73.8938,0.0],[123.1745,73.8943,0.0],[123.1745,73.8974,0.0],[123.1687,73.8979,0.0],[123.1672,73.8995,0.0],[123.1813,73.9,0.0],[123.1937,73.9042,0.0],[123.1979,73.9042,0.0],[123.2057,73.9078,0.0],[123.1708,73.9083,0.0],[123.163,73.9057,0.0],[123.1599,73.9026,0.0],[123.1464,73.8995,0.0],[123.1516,73.8964,0.0],[123.138,73.8953,0.0],[123.1349,73.8901,0.0],[123.1276,73.8891,0.0],[123.1271,73.8854,0.0],[123.1276,73.8839,0.0],[123.1339,73.8818,0.0],[123.1396,73.8812,0.0],[123.1583,73.8875,0.0],[123.1641,73.888,0.0],[123.1589,73.8912,0.0],[123.1708,73.8938,0.0]]],
[[[124.6542,73.9146,0.0],[124.6646,73.9125,0.7626],[124.6682,73.9161,0.9645],[124.6526,73.9161,0.0],[124.6542,73.9146,0.0]]],
[[[124.5313,73.9187,0.0],[124.5276,73.9193,0.0],[124.5266,73.9224,0.0],[124.5146,73.925,5.3099],[124.5104,73.9229,5.1901],[124.4917,73.9229,0.0],[124.4875,73.9187,0.0],[124.4604,73.9187,0.0],[124.4563,73.9167,0.0],[124.4437,73.9167,0.0],[124.4396,73.9146,0.0],[124.4208,73.9146,0.0],[124.4167,73.9125,0.0],[124.4047,73.912,0.0],[124.4016,73.9068,0.0],[124.3943,73.9057,0.0],[124.3995,73.9026,0.0],[124.3875,73.9021,0.0],[124.3859,73.9005,0.0],[124.4125,73.9,0.0],[124.4167,73.8979,0.0],[124.4271,73.8979,0.0],[124.437,73.9005,0.988],[124.4292,73.9042,0.0],[124.4172,73.9047,0.5898],[124.4172,73.9078,0.9898],[124.4193,73.9099,2.6571],[124.4271,73.9125,2.8683],[124.4396,73.9125,0.0],[124.4437,73.9104,0.0],[124.4625,73.9104,0.0],[124.4667,73.9125,4.1106],[124.5083,73.9125,0.0],[124.5188,73.9167,0.5512],[124.5229,73.9167,0.7466],[124.5271,73.9146,0.8018],[124.5474,73.9151,0.0],[124.5396,73.9187,0.0],[124.5313,73.9187,0.0]]],
[[[124.5313,73.925,1.6372],[124.5349,73.9255,2.6447],[124.5349,73.9266,4.8246],[124.5297,73.9266,3.7925],[124.5313,73.925,1.6372]]],
[[[124.7016,73.9307,0.0],[124.6964,73.9318,0.0],[124.6953,73.9349,0.0],[124.6875,73.9375,0.0],[124.6813,73.9354,0.0],[124.6542,73.9354,0.0],[124.65,73.9375,0.0],[124.6458,73.9375,0.0],[124.6417,73.9354,0.0],[124.6312,73.9354,0.0],[124.6271,73.9333,0.0],[124.6,73.9333,0.0],[124.5958,73.9313,0.0],[124.5917,73.9313,0.0],[124.5854,73.9333,0.0],[124.5813,73.9313,0.0],[124.5542,73.9313,0.0],[124.55,73.9292,0.0],[124.5396,73.9292,0.0],[124.538,73.9276,4.9376],[124.5646,73.9271,0.0],[124.5687,73.925,0.0],[124.6083,73.925,0.0],[124.6182,73.9276,0.0],[124.6229,73.9313,0.0],[124.6333,73.9292,0.0],[124.6396,73.9313,0.0],[124.6521,73.9271,0.0],[124.6625,73.9271,2.6562],[124.6667,73.925,0.0],[124.6833,73.925,0.0],[124.6958,73.9292,0.0],[124.7,73.9292,0.0],[124.7016,73.9307,0.0]]],
[[[119.3336,72.8034,93.3663],[119.5405,72.7789,41.5808],[119.7847,72.7761,28.1513],[119.903,72.7516,61.8719],[120.0205,72.6902,78.6744],[120.2767,72.5506,82.553],[120.4651,72.4558,60.2247],[120.386,72.3743,55.7402],[120.3572,72.3306,51.0752],[120.3103,72.2983,41.2638],[120.3523,72.2789,40.3352],[120.3346,72.2466,56.1296],[120.4382,72.2269,56.0342],[120.59,72.2382,83.445],[120.8029,72.189,62.799],[120.921,72.0513,75.7122],[120.8689,71.9705,127.9484],[120.8024,71.9211,114.933],[120.8589,71.8739,103.791],[121.0324,71.8486,96.1033],[121.1557,71.8176,69.6384],[121.2216,71.7808,59.5474],[121.3861,71.7677,64.6215],[121.5362,71.7287,61.9876],[121.6537,71.6699,25.5271],[121.624,71.6257,26.0572],[121.6492,71.5747,35.2511],[121.821,71.5437,74.5355],[121.9721,71.4965,98.3532],[121.9635,71.4356,90.2475],[122.017,71.4075,124.2644],[122.2138,71.383,166.9862],[122.3122,71.3489,229.7292],[122.3576,71.2936,250.2008],[122.3565,71.2579,299.7203],[122.3,71.2352,246.8808],[122.2131,71.2246,269.6282],[122.1546,71.1963,229.3426],[122.1235,71.0319,227.8948],[122.1645,70.956,229.117],[122.1141,70.9202,200.6967],[121.938,70.9234,217.7177],[121.7598,70.8786,212.3003],[121.6409,70.8109,213.0551],[121.6177,70.7703,180.9546],[121.6498,70.7418,194.3461],[121.7298,70.7388,231.7162],[121.7258,70.697,201.0459],[121.616,70.6697,136.6682],[121.5898,70.5901,125.5938],[121.5434,70.5359,30.8895],[121.3557,70.4885,215.4592],[121.1183,70.4559,176.8726],[120.9093,70.443,108.7247],[120.621,70.4535,142.5573],[120.4303,70.4573,85.7987],[120.4296,70.4078,134.1206],[120.3857,70.3439,182.8201],[120.2647,70.2814,290.8964],[120.1046,70.2296,204.7093],[119.9738,70.1814,306.2234],[119.9402,70.0862,227.8083],[120.0558,70.0364,350.1917],[120.1674,70.001,236.036],[120.2225,69.8767,329.7437],[120.1761,69.7556,281.327],[120.2265,69.7038,277.1075],[120.1196,69.6186,224.6474],[120.1082,69.5649,299.3741],[120.0474,69.4787,280.4064],[119.9704,69.4225,301.004],[119.9025,69.3655,297.6666],[119.8372,69.3034,302.5823],[119.7595,69.2776,306.0607],[119.7798,69.2217,287.8176],[119.8861,69.1906,280.301],[120.023,69.175,290.0515],[120.1705,69.1827,285.1512],[120.3474,69.2193,279.8788],[120.4914,69.2538,279.2796],[120.6288,69.2945,250.067],[120.8233,69.3033,267.8438],[120.9684,69.3137,283.8949],[121.0234,69.3474,285.2036],[121.1299,69.3791,285.9017],[121.1996,69.3912,274.9636],[121.2451,69.3908,244.8038],[121.3288,69.3622,269.5934],[121.403,69.3052,259.5245],[121.5534,69.2355,227.5994],[121.7541,69.1673,187.9875],[121.8914,69.0967,155.3019],[122.0608,69.0565,106.6732],[122.226,69.0423,83.4055],[122.4033,69.0408,75.6237],[122.7851,69.0196,68.1237],[122.9992,68.9852,175.4851],[123.2651,68.9457,128.5968],[123.3794,68.8599,87.6384],[123.4897,68.8456,55.3034],[123.6338,68.8115,28.9054],[123.6875,68.7727,28.824],[123.7767,68.7745,26.4228],[123.9115,68.7441,30.6056],[124.0114,68.6913,95.7648],[124.1314,68.7128,56.4818],[124.2744,68.7969,54.5],[124.3609,68.8423,56.3113],[124.4468,68.8443,54.8875],[124.6236,68.8647,71.6248],[124.7324,68.909,117.2703],[124.7422,68.9871,100.9059],[124.7734,69.0691,80.738],[124.8771,69.0675,33.1597],[124.9454,69.0553,110.2481],[125.1068,68.9912,67.1395],[125.2006,68.9239,52.6103],[125.3243,68.8687,59.2068],[125.525,68.8014,105.1197],[125.7378,68.7603,97.4626],[126.2523,68.7381,65.8716],[126.563,68.7215,108.4801],[126.7488,68.7182,105.8346],[126.8548,68.7211,115.965],[127.3158,68.7242,628.0522],[127.9865,68.7167,472.1495],[128.1926,68.7375,913.7682],[128.4028,68.7814,756.201],[128.5898,68.7901,1319.6621],[128.7636,68.7769,1394.0098],[128.8997,68.7346,1412.4252],[129.0792,68.6995,1215.5865],[129.357,68.7019,1194.2175],[129.4669,68.7219,1168.187],[129.6217,68.7652,981.5637],[129.7559,68.8218,766.5818],[129.758,68.8188,779.9725],[129.9213,68.8831,933.9659],[130.0303,68.9129,799.2484],[130.1105,68.9375,651.2869],[130.2048,68.9476,792.1378],[130.3086,68.9722,621.46],[130.4284,69.0091,548.7114],[130.5661,69.0359,521.67],[130.6558,69.0437,502.7306],[130.7754,69.0382,524.8139],[130.858,69.0512,518.8165],[131.0702,69.1164,360.9382],[131.1657,69.1108,308.1495],[131.2809,69.1018,261.4996],[131.438,69.1066,339.8729],[131.5961,69.1253,464.6587],[131.6596,69.1019,405.1689],[131.7113,69.0561,189.7719],[131.8983,69.0196,410.0493],[132.0515,69.0245,623.7408],[132.1621,69.0677,567.5641],[132.3577,69.1239,355.73],[132.5145,69.1382,665.0939],[132.6914,69.1221,552.5854],[132.7698,69.1536,464.5775],[132.6769,69.2291,331.334],[132.7184,69.29,468.8205],[132.7822,69.3428,309.8983],[132.8087,69.4095,316.6422],[132.7992,69.4461,352.807],[132.8622,69.4643,263.9177],[132.9483,69.4946,278.2263],[132.9417,69.5368,358.2626],[133.0318,69.5633,419.6153],[133.1702,69.5615,381.245],[133.2649,69.5923,486.7334],[133.3003,69.6577,399.9349],[133.4703,69.6509,526.438],[133.6291,69.6945,399.4528],[133.6572,69.7387,581.2542],[133.5328,69.7453,637.5925],[133.3337,69.745,258.8156],[133.1903,69.7672,184.3376],[133.1773,69.8034,219.9357],[133.2237,69.835,337.1989],[133.1844,69.8771,280.8922],[133.1398,69.8831,220.1903],[133.0247,69.864,143.5267],[132.9299,69.8739,202.2026],[132.8672,69.8995,189.994],[132.8881,69.9614,176.5357],[133.038,70.0257,142.9521],[133.0977,70.0642,107.6498],[133.1591,70.1333,90.6395],[133.191,70.219,94.7252],[133.0765,70.3012,66.6321],[132.8421,70.3407,75.812],[132.5343,70.3352,36.211],[132.3175,70.3514,52.9701],[132.0329,70.436,89.0246],[131.9898,70.476,46.8568],[132.1077,70.555,56.8342],[132.1092,70.5905,69.3243],[132.0879,70.678,63.2999],[132.0211,70.7486,38.4071],[132.1761,70.8258,25.3703],[132.2117,70.8803,24.8847],[132.1119,70.9299,7.101],[131.9786,70.9779,0.9184],[131.7986,71.0355,0.914],[131.7896,71.0354,0.4507],[131.788,71.0349,0.3327],[131.788,71.0318,0.3393],[131.7917,71.0292,0.407],[131.7891,71.0234,0.2545],[131.7797,71.0182,0.1815],[131.7849,71.0151,1.1776],[131.7776,71.0141,0.0],[131.7734,71.0078,0.0],[131.7786,71.0047,1.8049],[131.7713,71.0036,0.2362],[131.7641,70.9901,0.4957],[131.7568,70.9891,0.0],[131.7661,70.9838,1.6575],[131.7609,70.9828,1.191],[131.7578,70.9776,1.617],[131.7505,70.9766,0.4763],[131.7557,70.9734,1.6961],[131.7484,70.9724,1.5892],[131.7464,70.9682,0.6843],[131.7464,70.9651,0.447],[131.7495,70.9641,0.0],[131.7505,70.9609,1.4996],[131.7536,70.9589,1.0],[131.75,70.9583,1.0],[131.7437,70.9604,1.4357],[131.7276,70.9557,0.1496],[131.7255,70.9537,0.6458],[131.7234,70.9495,1.2076],[131.725,70.9479,1.307],[131.7349,70.9484,0.5],[131.7318,70.9516,1.5017],[131.7396,70.9542,0.5],[131.7495,70.9537,0.5],[131.7422,70.9495,0.5],[131.7391,70.9422,1.7558],[131.7354,70.9417,1.531],[131.7229,70.9458,1.2042],[131.7203,70.9422,1.2771],[131.713,70.9411,0.6489],[131.7099,70.938,0.7785],[131.7047,70.937,0.542],[131.7078,70.9349,0.8743],[131.7078,70.9318,1.1896],[131.7005,70.9307,0.5205],[131.6974,70.9255,1.184],[131.6839,70.9203,0.4225],[131.6787,70.913,0.5904],[131.6714,70.912,0.6412],[131.6766,70.9099,0.5673],[131.6745,70.9068,0.7003],[131.6609,70.9016,0.6013],[131.6578,70.8984,1.0983],[131.6443,70.8953,0.3677],[131.6411,70.8901,0.7809],[131.6339,70.8891,0.7465],[131.6328,70.8859,0.7014],[131.6255,70.8849,0.4761],[131.6234,70.8797,0.661],[131.6286,70.8776,0.5861],[131.6214,70.8766,0.5381],[131.6214,70.8734,0.0],[131.6245,70.8714,0.0],[131.6193,70.8693,0.0],[131.6224,70.8682,0.0],[131.6224,70.8651,0.4075],[131.6089,70.8641,0.0],[131.6182,70.8588,0.0],[131.613,70.8578,0.0],[131.6078,70.8526,0.0],[131.5943,70.8495,0.0],[131.5932,70.8464,0.0],[131.5875,70.8458,0.0],[131.5797,70.8432,0.0],[131.5766,70.8401,0.0],[131.5714,70.8391,0.0],[131.5745,70.8359,1.5021],[131.5583,70.8313,0.0],[131.5464,70.8307,0.0],[131.5432,70.8255,0.0],[131.5297,70.8224,0.0],[131.5266,70.8151,1.0993],[131.5208,70.8146,0.0],[131.5188,70.8125,0.5705],[131.5208,70.8104,0.0],[131.5333,70.8104,0.7773],[131.5375,70.8083,0.0],[131.5437,70.8104,0.7976],[131.5521,70.8104,0.818],[131.5537,70.8089,0.0],[131.5458,70.8063,0.8693],[131.5292,70.8063,0.0],[131.5213,70.8037,1.5051],[131.5167,70.8,1.4915],[131.4776,70.7953,0.0],[131.4745,70.788,0.0],[131.4724,70.7859,0.0],[131.4672,70.7849,0.0],[131.4641,70.7797,0.4637],[131.4521,70.7792,0.0],[131.4479,70.775,0.7972],[131.4359,70.7745,0.0],[131.4349,70.7714,0.0664],[131.4214,70.7682,0.0],[131.4182,70.763,1.051],[131.4063,70.7625,0.0],[131.3963,70.7599,0.0],[131.4016,70.7568,0.6573],[131.3813,70.7521,0.0],[131.3786,70.7484,0.0],[131.3651,70.7453,0.4674],[131.3667,70.7438,0.7085],[131.3729,70.7438,0.188],[131.3771,70.7417,0.0],[131.3979,70.7396,2.4264],[131.4063,70.7354,0.0],[131.4208,70.7354,0.5548],[131.4328,70.7307,1.3391],[131.4318,70.7276,0.0],[131.4396,70.725,0.0],[131.4474,70.7245,0.0864],[131.4474,70.7214,0.0],[131.4453,70.7193,0.0],[131.4401,70.7182,0.0],[131.438,70.7151,0.0],[131.4432,70.7141,0.0],[131.4422,70.7109,0.0],[131.4521,70.7104,0.5],[131.4641,70.7057,2.0194],[131.463,70.7026,0.0],[131.4682,70.7016,1.7529],[131.4661,70.6984,0.0],[131.4339,70.6943,1.138],[131.4359,70.6974,0.0],[131.4411,70.6984,0.0],[131.4432,70.7005,1.2851],[131.4453,70.7057,0.0],[131.4354,70.7063,0.6313],[131.4297,70.7089,1.1047],[131.4287,70.712,0.0],[131.4255,70.713,0.5333],[131.4271,70.7188,0.0],[131.4234,70.7214,0.9797],[131.4224,70.7245,0.5],[131.4146,70.725,1.1392],[131.4104,70.7292,0.0],[131.3917,70.7312,0.7179],[131.3813,70.7354,0.0],[131.3479,70.7354,0.0],[131.3453,70.7318,0.568],[131.338,70.7307,0.0],[131.337,70.7276,0.473],[131.3313,70.7271,0.0],[131.3208,70.7229,1.6774],[131.3146,70.725,0.0],[131.3,70.725,2.7539],[131.2958,70.7229,2.0036],[131.2792,70.7229,0.0],[131.2667,70.7188,0.0],[131.2312,70.7167,0.0],[131.2271,70.7146,3.3283],[131.2063,70.7146,0.0],[131.2021,70.7125,2.3694],[131.1604,70.7125,0.0],[131.1563,70.7104,5.3778],[131.1333,70.7104,0.0],[131.1318,70.7089,1.7429],[131.137,70.7068,1.5291],[131.125,70.7042,1.9558],[131.1234,70.7047,2.0262],[131.1245,70.7078,1.5805],[131.1146,70.7083,0.0],[131.1047,70.7057,1.0],[131.1099,70.7037,1.0],[131.1062,70.7,3.4875],[131.0792,70.7,1.7765],[131.0776,70.7016,1.0],[131.0958,70.7021,1.6417],[131.0974,70.7037,1.7938],[131.0875,70.7042,1.7809],[131.0833,70.7063,0.0],[131.0646,70.7063,6.4377],[131.0401,70.7151,16.7363],[131.0412,70.7182,0.7182],[131.0359,70.7193,19.3053],[131.037,70.7245,0.0],[131.0292,70.725,0.0],[131.0188,70.7292,0.0],[131.0125,70.7292,1.7291],[131.0047,70.7318,3.9447],[131.0057,70.7349,0.0],[131.0042,70.7354,0.0],[130.9833,70.7375,15.8768],[130.975,70.7417,0.0],[130.9651,70.7422,12.9862],[130.9661,70.7453,0.0],[130.9609,70.7464,0.0],[130.962,70.7495,0.0],[130.9422,70.7568,13.1445],[130.9411,70.7599,0.0],[130.9359,70.7609,5.8259],[130.937,70.7641,0.0],[130.9318,70.7651,25.5029],[130.9339,70.7703,0.0],[130.9411,70.7714,0.0],[130.9359,70.7745,0.0],[130.9417,70.7854,0.0],[130.9375,70.7854,0.0],[130.9359,70.787,2.154],[130.9453,70.7922,0.0],[130.9401,70.7943,2.1697],[130.9422,70.7995,0.0],[130.9495,70.8005,0.1351],[130.9516,70.8078,1.2045],[130.9464,70.8099,17.2933],[130.9521,70.8104,0.0],[130.9536,70.812,0.0],[130.9443,70.8151,47.2121],[130.9391,70.8224,47.4029],[130.9359,70.8234,38.1421],[130.9359,70.8266,0.0],[130.9396,70.8333,0.0],[130.9391,70.8349,0.0],[130.9339,70.8359,0.0],[130.9349,70.8391,0.0],[130.9125,70.8479,0.0],[130.9042,70.8479,24.6863],[130.8958,70.8521,0.0],[130.8875,70.8521,12.1824],[130.8797,70.8547,3.5993],[130.8807,70.8578,0.0],[130.8755,70.8588,0.0],[130.8766,70.862,0.0],[130.8714,70.863,35.9731],[130.8729,70.8646,27.5094],[130.8786,70.8651,0.0],[130.8818,70.8724,0.6859],[130.8891,70.8734,0.0],[130.8896,70.875,0.0],[130.8859,70.8776,0.0],[130.8849,70.8807,0.0],[130.8818,70.8818,0.0],[130.8807,70.8849,0.0],[130.8708,70.8854,17.2354],[130.8651,70.888,22.1055],[130.8646,70.8896,7.2744],[130.8651,70.8912,4.5201],[130.8724,70.8922,0.0],[130.8672,70.8953,0.427],[130.8693,70.8995,0.8779],[130.8766,70.9005,0.0],[130.8714,70.9036,4.3874],[130.8786,70.9047,0.0],[130.8786,70.9078,0.7722],[130.8755,70.9099,5.5701],[130.8807,70.912,0.0],[130.8714,70.9151,38.9922],[130.8724,70.9182,0.0],[130.8708,70.9187,0.0],[130.85,70.9208,4.0739],[130.838,70.9255,6.1564],[130.8338,70.9276,10.6911],[130.8349,70.9349,0.0],[130.8297,70.9359,25.3068],[130.8313,70.9375,17.1739],[130.837,70.938,0.0],[130.8422,70.9495,-0.5],[130.8542,70.9479,0.4739],[130.8568,70.9516,1.9996],[130.8641,70.9526,0.0],[130.8662,70.9578,0.0],[130.8609,70.9589,27.2336],[130.8599,70.962,14.8941],[130.8542,70.9646,19.9459],[130.8443,70.9641,0.0],[130.8411,70.9609,20.467],[130.8359,70.9599,0.0],[130.8328,70.9547,14.0937],[130.8255,70.9537,0.0],[130.8245,70.9505,28.9939],[130.8172,70.9495,28.4084],[130.8167,70.9479,5.5018],[130.8203,70.9453,0.0],[130.8193,70.9401,0.0],[130.8245,70.9391,22.6749],[130.8214,70.9297,0.0],[130.8245,70.9287,0.0],[130.8255,70.9234,0.0],[130.8286,70.9224,5.5981],[130.8297,70.9193,5.4718],[130.8333,70.9167,26.6661],[130.8276,70.9047,0.0],[130.8328,70.9036,31.3796],[130.8313,70.9,0.0],[130.8349,70.8974,27.5432],[130.8354,70.8938,56.3586],[130.8328,70.8901,23.211],[130.8255,70.8891,0.0],[130.8255,70.8839,0.0],[130.8292,70.8812,30.6763],[130.8266,70.8755,56.9486],[130.813,70.8724,0.0],[130.8083,70.8667,3.6315],[130.8042,70.8667,3.5688],[130.7792,70.8583,3.541],[130.7651,70.8557,1.937],[130.7625,70.8521,2.7125],[130.7458,70.8521,0.0],[130.7354,70.8479,1.973],[130.7188,70.8479,1.5323],[130.7146,70.8458,0.4098],[130.7083,70.8479,3.4373],[130.6938,70.8479,0.0],[130.6896,70.8458,2.7112],[130.6417,70.8458,1.6147],[130.6354,70.8438,0.8146],[130.6271,70.8479,0.0],[130.6,70.8479,7.9771],[130.5958,70.85,0.0],[130.5875,70.85,12.9558],[130.5859,70.8505,4.1284],[130.587,70.8536,0.0],[130.5818,70.8547,0.0],[130.5828,70.8578,0.0],[130.5714,70.8609,0.0],[130.5745,70.8682,0.0],[130.5693,70.8693,0.0],[130.5703,70.8724,0.0],[130.5651,70.8734,10.1274],[130.5682,70.8828,0.0],[130.5568,70.8839,37.4586],[130.5578,70.887,0.0],[130.5526,70.888,3.7918],[130.5537,70.8912,0.0],[130.5484,70.8922,2.5923],[130.55,70.8938,2.6035],[130.5557,70.8943,0.0],[130.5557,70.8995,17.4737],[130.5526,70.9016,0.0],[130.5578,70.9026,0.0],[130.5599,70.9057,0.0],[130.5484,70.9068,55.3217],[130.5495,70.9099,26.8634],[130.5375,70.9146,0.0],[130.5318,70.9141,0.0],[130.5307,70.9109,64.8224],[130.525,70.9104,0.0],[130.5146,70.9063,28.7756],[130.4979,70.9063,0.0],[130.4937,70.9042,16.5124],[130.4854,70.9042,0.0],[130.4792,70.8979,18.0594],[130.4625,70.8979,0.0],[130.4583,70.8958,4.2458],[130.4,70.8958,3.1654],[130.3958,70.8979,3.2633],[130.3813,70.8979,2.7068],[130.3771,70.9,0.0],[130.3687,70.9,3.3298],[130.3646,70.9021,0.0],[130.3568,70.9026,37.2773],[130.3443,70.9068,7.5381],[130.3479,70.9146,0.0],[130.3432,70.9182,36.1719],[130.3188,70.925,0.0],[130.2979,70.9271,4.3745],[130.2896,70.9313,0.0],[130.2813,70.9313,11.7051],[130.2755,70.9339,3.9808],[130.2745,70.937,0.0],[130.2484,70.9464,7.1774],[130.2432,70.9537,2.8326],[130.2401,70.9547,7.7928],[130.2453,70.9568,0.0],[130.2422,70.9589,0.7288],[130.2422,70.962,0.8115],[130.2542,70.9688,23.8201],[130.2625,70.9688,2.7793],[130.2724,70.9714,0.0],[130.2766,70.9828,21.3226],[130.2667,70.9833,36.5364],[130.2583,70.9875,0.0],[130.2484,70.988,3.3468],[130.2474,70.9912,0.0],[130.2432,70.9932,0.0],[130.2318,70.9943,3.5949],[130.2333,70.9958,2.6583],[130.2437,70.9958,0.0],[130.2453,70.9974,0.0],[130.2292,70.9979,2.9421],[130.2266,71.0016,0.0],[130.2172,71.0047,69.048],[130.2188,71.0062,68.6584],[130.2245,71.0068,0.0],[130.2245,71.0099,0.0],[130.2214,71.012,0.0],[130.2266,71.0141,0.0],[130.2188,71.0167,63.0008],[130.2047,71.0172,2.4229],[130.2047,71.0203,-2.1874],[130.212,71.0245,0.0],[130.2088,71.0255,34.593],[130.2078,71.0286,7.3664],[130.1984,71.0318,1.7046],[130.1974,71.0349,1.3606],[130.1797,71.0359,2.6245],[130.1828,71.0453,0.0],[130.1797,71.0463,7.9881],[130.1745,71.0537,14.9855],[130.1693,71.0547,23.1397],[130.1703,71.0578,0.0],[130.1609,71.0609,1.2164],[130.1682,71.0651,0.0],[130.163,71.0672,84.8812],[130.1682,71.0693,31.5987],[130.1667,71.0708,20.9406],[130.1479,71.0729,3.176],[130.1438,71.075,0.0],[130.1375,71.0729,2.5596],[130.1208,71.0729,2.0555],[130.113,71.0703,0.0],[130.1162,71.0682,0.0],[130.1162,71.0651,1.2028],[130.1062,71.0625,1.1926],[130.0979,71.0625,0.0],[130.0818,71.0578,0.0],[130.0786,71.0547,0.0],[130.0651,71.0516,0.0],[130.062,71.0463,5.5108],[130.0542,71.0437,0.2572],[130.05,71.0437,0.1921],[130.0458,71.0417,0.4043],[130.0375,71.0417,0.0],[130.0333,71.0396,0.5245],[130.0151,71.0391,0.0],[130.0203,71.0359,1.3245],[130.0104,71.0313,0.0],[129.9984,71.0307,1.4731],[130.0036,71.0276,2.3152],[130.0016,71.0255,2.4387],[129.9979,71.025,0.0],[129.9901,71.0276,0.9915],[129.9922,71.0328,2.1853],[130.0057,71.0339,1.467],[130.0005,71.037,0.0],[130.0026,71.0411,1.3108],[130.0099,71.0422,0.0],[130.0083,71.0437,1.554],[130.0,71.0437,0.7628],[129.9984,71.0453,0.7579],[130.0104,71.0458,0.8629],[130.012,71.0474,0.0],[130.0021,71.0479,0.9535],[129.9943,71.0516,0.8281],[129.9979,71.0542,0.8503],[130.0042,71.0521,0.7041],[130.0125,71.0521,0.6426],[130.0146,71.0542,0.0],[130.0109,71.0568,0.9791],[130.0099,71.0599,0.8073],[130.0068,71.0609,1.1238],[130.0057,71.0641,0.4573],[130.0005,71.0641,0.0],[129.9974,71.0589,0.523],[129.9839,71.0557,0.0],[129.9807,71.0484,0.7823],[129.9792,71.0479,1.0235],[129.9708,71.0479,0.9236],[129.963,71.0505,0.613],[129.9625,71.0521,0.0],[129.9651,71.0557,0.4178],[129.9703,71.0568,0.2877],[129.9734,71.0599,0.7032],[129.987,71.0651,0.4328],[129.9932,71.0755,0.474],[129.9917,71.0771,0.3003],[129.9708,71.0771,0.2879],[129.9667,71.0792,0.5415],[129.9563,71.0792,0.0],[129.95,71.0771,0.3025],[129.9458,71.0792,0.0],[129.9312,71.0792,0.311],[129.925,71.0771,0.3904],[129.9187,71.0792,0.0],[129.9146,71.0771,0.0],[129.9042,71.0771,0.0],[129.8938,71.0729,0.257],[129.888,71.0724,0.0],[129.8958,71.0687,0.0],[129.9104,71.0687,0.0],[129.9167,71.0729,-0.5],[129.9328,71.0724,-0.5],[129.9307,71.0672,0.0],[129.9234,71.0661,0.0],[129.9224,71.0609,0.0],[129.9026,71.0599,1.0694],[129.9057,71.0578,1.1365],[129.9068,71.0547,0.0],[129.9162,71.0516,0.5437],[129.9109,71.0495,1.1031],[129.9063,71.0437,0.9949],[129.9026,71.0443,0.0],[129.9036,71.0495,0.0],[129.8984,71.0505,0.4557],[129.8995,71.0537,1.1677],[129.8943,71.0547,0.6836],[129.8995,71.0568,0.0],[129.8963,71.0589,0.0],[129.8953,71.062,0.0],[129.8833,71.0667,0.9119],[129.8646,71.0687,0.2135],[129.862,71.0724,0.2586],[129.8568,71.0734,0.2555],[129.8667,71.0771,0.8458],[129.8766,71.0776,0.0],[129.8828,71.088,0.0],[129.8813,71.0896,0.8148],[129.875,71.0875,1.2964],[129.8646,71.0875,0.1691],[129.8338,71.0787,0.0],[129.8307,71.0755,0.3848],[129.8255,71.0745,0.0],[129.8234,71.0724,0.0],[129.8234,71.0693,0.0],[129.8286,71.0682,-0.5],[129.8271,71.0667,0.0068],[129.8151,71.0672,0.0367],[129.8203,71.0776,-0.117],[129.8188,71.0792,0.0],[129.8104,71.0792,0.0],[129.8062,71.0771,0.6182],[129.7896,71.0771,0.0],[129.7563,71.0667,0.0662],[129.7458,71.0667,0.0],[129.7417,71.0646,-0.0931],[129.7318,71.0672,0.0],[129.725,71.0708,0.0],[129.7167,71.0708,2.588],[129.7146,71.0729,0.0],[129.7167,71.075,0.0],[129.7396,71.075,-0.0322],[129.7458,71.0729,0.0],[129.7682,71.0797,0.0],[129.7729,71.0833,0.5],[129.7833,71.0833,0.0],[129.7875,71.0854,0.1663],[129.8146,71.0854,0.0],[129.8188,71.0875,0.639],[129.8307,71.088,0.0],[129.8307,71.0911,0.1171],[129.8276,71.0922,0.5207],[129.8266,71.0953,0.5614],[129.8089,71.0964,0.1966],[129.8104,71.0979,0.359],[129.8208,71.0979,0.0],[129.8224,71.0995,0.0],[129.8042,71.1062,0.0],[129.7943,71.1068,0.4669],[129.7901,71.1088,1.2221],[129.7912,71.1141,0.0],[129.7797,71.1172,0.5077],[129.7807,71.1224,0.0],[129.7693,71.1234,-0.5],[129.7713,71.1286,0.8701],[129.7833,71.1292,0.7077],[129.7891,71.1266,1.0303],[129.7901,71.1234,0.0002],[129.7932,71.1224,1.0843],[129.7943,71.1172,0.0],[129.8062,71.1125,1.0898],[129.8161,71.113,0.9527],[129.8188,71.1188,0.0],[129.8146,71.1229,1.5978],[129.8161,71.1286,0.0],[129.8083,71.1312,2.0292],[129.8005,71.1318,2.4166],[129.8057,71.1349,0.0],[129.7964,71.138,0.0],[129.7953,71.1412,0.0],[129.7859,71.1443,2.7335],[129.7849,71.1474,0.0],[129.7807,71.1495,2.3246],[129.7729,71.1521,-0.5],[129.763,71.1526,1.0447],[129.7646,71.1542,-0.5],[129.775,71.1542,-0.5],[129.7771,71.1563,0.0],[129.7734,71.1589,0.3275],[129.7724,71.162,0.0],[129.7693,71.163,0.4135],[129.7682,71.1661,-1.0],[129.763,71.1672,-1.0],[129.7651,71.1724,1.1269],[129.7724,71.1734,0.0],[129.7729,71.175,0.0],[129.7693,71.1776,0.0],[129.7703,71.1828,0.0],[129.7651,71.1839,4.0681],[129.7724,71.188,0.0],[129.7672,71.1901,0.0],[129.7703,71.1974,0.0],[129.7651,71.1984,2.995],[129.7641,71.2016,4.097],[129.7609,71.2026,2.8712],[129.7661,71.2057,0.0],[129.7568,71.2089,0.0],[129.7557,71.212,0.0],[129.7516,71.2141,2.6055],[129.7464,71.2151,5.099],[129.7412,71.2224,0.0],[129.7333,71.2229,4.1372],[129.7255,71.2255,4.0514],[129.7245,71.2286,0.0],[129.7203,71.2307,0.0],[129.7088,71.2338,2.3147],[129.6854,71.2438,0.0],[129.6771,71.2438,2.1057],[129.6693,71.2464,2.7347],[129.6625,71.25,0.0],[129.6417,71.2521,2.2071],[129.6313,71.2562,0.0],[129.6125,71.2583,2.1106],[129.6021,71.2625,0.0],[129.5875,71.2625,1.0193],[129.5833,71.2646,0.0],[129.5479,71.2625,-1.0],[129.5437,71.2604,1.6831],[129.5354,71.2625,-1.0],[129.5313,71.2604,1.5699],[129.5208,71.2604,-1.0],[129.5167,71.2583,2.865],[129.5104,71.2604,-0.1509],[129.4958,71.2604,1.8147],[129.4943,71.2609,-1.0],[129.4953,71.2641,-1.0],[129.4839,71.2672,-1.0],[129.4797,71.2693,-1.0],[129.4787,71.2724,-1.0],[129.4734,71.2734,1.4471],[129.4745,71.2766,-1.0],[129.463,71.2797,6.4511],[129.4651,71.2828,1.9664],[129.4703,71.2839,-1.0],[129.4672,71.2859,1.8618],[129.4672,71.2891,5.2816],[129.4745,71.2901,0.6725],[129.4766,71.2974,0.0],[129.4672,71.3005,1.5966],[129.4661,71.3037,0.0],[129.4568,71.3068,0.0],[129.4557,71.3099,0.0],[129.4464,71.313,3.625],[129.4453,71.3161,3.595],[129.4422,71.3182,2.3905],[129.4474,71.3203,0.0],[129.4359,71.3214,8.4505],[129.4375,71.3229,1.3858],[129.4432,71.3234,0.0],[129.438,71.3266,2.7362],[129.4432,71.3391,0.0],[129.438,71.3401,19.4379],[129.4391,71.3453,6.506],[129.4339,71.3464,31.7933],[129.4292,71.35,52.5571],[129.4297,71.3516,31.9346],[129.4354,71.3521,0.0],[129.437,71.3536,0.0],[129.4255,71.3568,12.5016],[129.4271,71.3604,0.0],[129.4266,71.362,4.349],[129.4214,71.363,8.6098],[129.4224,71.3682,0.0],[129.4068,71.3734,2.6161],[129.4104,71.3812,18.5417],[129.4099,71.3828,15.3146],[129.4047,71.3849,23.5601],[129.4104,71.3854,5.545],[129.412,71.387,0.0],[129.4068,71.388,17.2606],[129.4078,71.3912,15.3789],[129.4026,71.3932,25.7864],[129.4099,71.3943,0.0],[129.4047,71.3964,17.6224],[129.4042,71.3979,20.3147],[129.4068,71.4016,17.1944],[129.412,71.4036,0.0],[129.4026,71.4068,20.2188],[129.4078,71.4089,0.0],[129.4042,71.4125,20.5927],[129.4057,71.4161,0.0],[129.4005,71.4172,33.8847],[129.4016,71.4245,10.4568],[129.3984,71.4255,0.0],[129.3974,71.4287,0.0],[129.3922,71.4297,15.8896],[129.3932,71.4328,0.0],[129.388,71.4339,3.138],[129.3891,71.437,0.0],[129.3839,71.438,15.3609],[129.3891,71.4411,0.0],[129.3833,71.4437,7.1769],[129.3734,71.4443,43.6943],[129.3724,71.4474,18.7962],[129.3693,71.4484,22.6832],[129.3693,71.4516,13.992],[129.375,71.4521,0.0],[129.3766,71.4537,0.0],[129.3714,71.4547,0.0],[129.3724,71.4599,0.0],[129.3672,71.4609,19.8521],[129.3682,71.4641,8.5982],[129.3583,71.4667,9.4277],[129.3537,71.463,36.1873],[129.3458,71.4604,35.7557],[129.3417,71.4604,17.2558],[129.3375,71.4583,20.2907],[129.3255,71.4578,-1.0],[129.3193,71.4557,-1.0],[129.3146,71.4521,19.564],[129.2979,71.4521,-1.0],[129.2917,71.45,9.3402],[129.2901,71.4505,-1.0],[129.2912,71.4537,-1.0],[129.2859,71.4547,-1.0],[129.2875,71.4563,2.6882],[129.3042,71.4563,-1.0],[129.3203,71.4609,-1.0],[129.3224,71.463,0.2936],[129.3146,71.4667,-1.0],[129.3062,71.4667,0.4905],[129.2984,71.4693,1.8785],[129.2995,71.4745,-1.0],[129.288,71.4755,1.0472],[129.2901,71.4786,-1.0],[129.2953,71.4797,-1.0],[129.2995,71.4859,0.8068],[129.2943,71.4891,0.2684],[129.3,71.4896,0.0],[129.3016,71.4912,0.0],[129.2937,71.4938,0.6792],[129.2792,71.4938,0.7612],[129.2776,71.4953,2.2926],[129.2912,71.5005,-0.0952],[129.2943,71.5057,-1.0],[129.3016,71.5068,0.0],[129.3026,71.5099,15.3419],[129.3099,71.5109,0.0],[129.313,71.5162,22.8613],[129.3182,71.5172,0.0],[129.3203,71.5193,0.0],[129.3224,71.5245,0.0],[129.3172,71.5255,23.8809],[129.3182,71.5307,0.0],[129.313,71.5318,41.7283],[129.3167,71.5396,0.0],[129.3161,71.5411,0.0],[129.3109,71.5422,15.6069],[129.312,71.5474,0.0],[129.3068,71.5484,9.7354],[129.3026,71.5505,19.2768],[129.3016,71.5537,0.0],[129.2964,71.5547,21.6312],[129.2974,71.5578,2.8973],[129.2854,71.5625,4.8641],[129.2771,71.5625,0.0],[129.263,71.5672,2.5755],[129.2641,71.5703,0.0],[129.2589,71.5714,0.0],[129.2599,71.5766,0.0],[129.2547,71.5776,0.0],[129.2557,71.5807,0.0],[129.2505,71.5818,15.6713],[129.2516,71.587,0.0],[129.2464,71.588,0.0],[129.2474,71.5953,0.0],[129.2188,71.6062,0.0],[129.1958,71.6062,1.9737],[129.1833,71.6021,12.0866],[129.175,71.6021,0.0],[129.1708,71.6,10.0245],[129.1667,71.6,0.0],[129.1641,71.5964,16.7861],[129.1458,71.5917,4.3251],[129.1187,71.5917,3.7766],[129.1146,71.5938,0.0],[129.1104,71.5938,0.0],[129.1062,71.5917,14.0228],[129.0792,71.5917,3.8371],[129.0688,71.5958,0.0],[129.0396,71.5958,0.0],[129.0234,71.5911,4.9308],[129.0203,71.588,11.4758],[129.0141,71.5859,3.8582],[129.0068,71.5849,0.0],[129.0057,71.5818,0.0],[128.9958,71.5792,0.0],[128.9333,71.5792,0.5424],[128.9292,71.5813,0.0],[128.9146,71.5813,0.0868],[128.913,71.5828,0.2977],[128.9151,71.5849,3.0849],[128.9287,71.5859,0.7618],[128.9109,71.5922,0.0],[128.913,71.5974,0.0],[128.9203,71.5984,0.0],[128.9234,71.6057,0.0],[128.9328,71.6109,0.0],[128.9276,71.613,0.0],[128.9266,71.6162,0.0],[128.9214,71.6172,4.7042],[128.9245,71.6245,0.0],[128.8901,71.6359,7.927],[128.8911,71.6391,7.1794],[128.8833,71.6417,12.384],[128.875,71.6417,10.6752],[128.8708,71.6396,23.3778],[128.8479,71.6396,5.4885],[128.8401,71.6422,1.3492],[128.8411,71.6453,0.0],[128.8359,71.6464,10.1238],[128.8375,71.6479,11.4866],[128.8479,71.6479,0.0],[128.8521,71.65,4.8067],[128.8687,71.65,0.0],[128.8714,71.6536,0.0],[128.8786,71.6547,0.0],[128.8807,71.6599,0.0],[128.8755,71.662,4.0364],[128.8807,71.663,0.0],[128.8839,71.6682,0.0],[128.8911,71.6693,0.0],[128.8859,71.6724,6.2897],[128.8932,71.6734,0.0],[128.888,71.6766,2.3834],[128.8953,71.6776,0.0],[128.8963,71.6828,0.0],[128.9063,71.6854,0.0],[128.9167,71.6854,0.0],[128.9271,71.6896,4.7163],[128.9583,71.6896,0.0],[128.9599,71.6901,0.0],[128.9599,71.6932,0.0],[128.9547,71.6943,3.606],[128.9568,71.6974,0.0],[128.9688,71.6979,0.0],[128.9766,71.7005,0.0],[128.9812,71.7042,0.0],[129.0104,71.7042,1.2564],[129.0146,71.7021,0.9374],[129.0229,71.7021,0.0],[129.0271,71.7042,0.0],[129.05,71.7063,0.0],[129.0542,71.7042,0.0],[129.0625,71.7042,0.428],[129.0667,71.7021,0.0],[129.0729,71.7042,0.3706],[129.0833,71.7021,0.0],[129.0896,71.7042,12.7269],[129.0938,71.7021,0.0],[129.1229,71.7021,0.0],[129.1271,71.7042,10.3343],[129.1563,71.7042,0.0],[129.1604,71.7063,11.4395],[129.1708,71.7063,0.0],[129.175,71.7083,13.6475],[129.1917,71.7083,0.0],[129.1958,71.7104,0.0],[129.2063,71.7104,0.0],[129.2188,71.7146,6.8198],[129.2271,71.7146,0.0],[129.2453,71.7193,0.0],[129.2474,71.7266,0.0],[129.2422,71.7286,1.0904],[129.2521,71.7333,0.0],[129.2625,71.7333,0.0],[129.2667,71.7354,3.8139],[129.2958,71.7354,0.0],[129.3,71.7333,0.0],[129.3208,71.7312,0.0],[129.325,71.7333,16.7724],[129.3625,71.7333,0.0],[129.3667,71.7354,0.0],[129.3771,71.7354,0.0],[129.3786,71.7359,0.0],[129.3786,71.7391,0.4522],[129.375,71.7417,0.9045],[129.3776,71.7495,0.8927],[129.3932,71.7526,0.0],[129.3958,71.7562,0.0],[129.4187,71.7562,5.3383],[129.4307,71.7516,0.0],[129.4318,71.7484,0.0],[129.437,71.7474,4.3762],[129.4349,71.7443,2.8634],[129.4297,71.7432,0.0],[129.4328,71.7401,6.0852],[129.4193,71.7349,7.5308],[129.4208,71.7333,4.1459],[129.4354,71.7333,4.6865],[129.4396,71.7312,0.0],[129.4667,71.7312,19.647],[129.4708,71.7292,0.0],[129.4792,71.7292,19.2994],[129.4833,71.7271,0.0],[129.4979,71.7271,23.4142],[129.5083,71.7229,0.0],[129.5167,71.7229,0.0],[129.5208,71.7208,0.0],[129.5292,71.7208,12.5024],[129.5375,71.7167,0.0],[129.5458,71.7167,4.1314],[129.5625,71.7104,0.0],[129.5708,71.7104,0.0],[129.575,71.7083,0.0],[129.5833,71.7083,17.2937],[129.5875,71.7063,0.0],[129.6037,71.7068,6.2496],[129.5932,71.712,12.0719],[129.5818,71.7151,13.2824],[129.5828,71.7182,0.0],[129.5688,71.7229,0.0],[129.5604,71.7229,18.1432],[129.5562,71.725,0.0],[129.5375,71.7271,0.0],[129.5005,71.7401,10.6288],[129.5016,71.7432,0.0],[129.4901,71.7464,7.3151],[129.4912,71.7495,0.0],[129.4797,71.7526,0.0],[129.4807,71.7557,0.0],[129.4755,71.7568,9.4114],[129.4766,71.762,0.0],[129.4672,71.7651,13.2872],[129.4661,71.7682,0.0],[129.4125,71.7875,0.0],[129.3917,71.7875,2.8922],[129.3839,71.7901,1.9387],[129.3797,71.7922,0.0],[129.3786,71.7953,0.0],[129.3693,71.7984,0.0],[129.3682,71.8016,0.0],[129.3526,71.8068,5.6919],[129.3516,71.8099,0.0],[129.3479,71.8125,3.4441],[129.3521,71.8229,0.0],[129.3484,71.8266,4.741],[129.3537,71.8276,0.0],[129.3568,71.8328,2.4683],[129.3641,71.8339,0.0],[129.3651,71.837,0.0],[129.3724,71.838,0.0],[129.3672,71.8401,9.8282],[129.3682,71.8453,2.5366],[129.363,71.8464,18.4937],[129.3641,71.8495,0.0],[129.3526,71.8526,20.5401],[129.3484,71.8547,27.6564],[129.3474,71.8578,0.0],[129.3318,71.863,1.0123],[129.3349,71.8724,0.0],[129.3297,71.8734,7.7454],[129.3307,71.8766,0.0],[129.3193,71.8797,4.1373],[129.3141,71.887,0.0],[129.3047,71.8901,12.8646],[129.3037,71.8932,0.0],[129.2943,71.8964,3.5283],[129.2932,71.8995,0.0],[129.2713,71.9068,3.1103],[129.2724,71.9099,0.0],[129.2609,71.9109,20.2648],[129.2599,71.9141,3.9513],[129.2443,71.9193,19.8955],[129.2432,71.9224,0.0],[129.2318,71.9234,3.639],[129.2328,71.9266,0.0],[129.2151,71.9318,2.2811],[129.2109,71.9339,0.0],[129.2099,71.937,0.0],[129.1984,71.938,3.5791],[129.1995,71.9432,0.0],[129.1714,71.9526,24.9372],[129.1724,71.9557,0.0],[129.1672,71.9568,4.6585],[129.1682,71.962,0.0],[129.163,71.963,3.2181],[129.1641,71.9682,0.0],[129.1542,71.9688,3.3792],[129.1526,71.9693,7.9546],[129.1536,71.9724,0.0],[129.1422,71.9755,6.6328],[129.1438,71.9812,0.0],[129.1401,71.9838,0.0],[129.1391,71.987,0.0],[129.1333,71.9875,19.2516],[129.1292,71.9771,0.0],[129.1328,71.9745,0.0],[129.1339,71.9714,0.0],[129.1391,71.9703,15.9735],[129.1359,71.963,0.0],[129.1411,71.962,12.8037],[129.1401,71.9547,7.1544],[129.1432,71.9537,24.2162],[129.1443,71.9505,6.4859],[129.1495,71.9495,22.2206],[129.1484,71.9443,0.0],[129.1578,71.9411,20.7697],[129.1547,71.9318,0.0],[129.1599,71.9307,13.3998],[129.1604,71.9292,13.5016],[129.1563,71.9208,0.0],[129.1568,71.9193,0.0],[129.162,71.9182,15.7501],[129.1583,71.9104,0.0],[129.1589,71.9089,0.0],[129.1641,71.9078,20.7831],[129.1609,71.9005,0.0],[129.1724,71.8974,8.4601],[129.1714,71.8943,0.0],[129.1766,71.8932,8.2094],[129.1755,71.888,0.0],[129.1896,71.8833,3.1404],[129.1979,71.8854,3.5181],[129.2057,71.8828,2.8491],[129.2036,71.8797,3.0146],[129.1984,71.8786,3.552],[129.1958,71.875,7.9078],[129.1964,71.8734,0.0],[129.2016,71.8724,22.4038],[129.2005,71.8693,0.0],[129.2057,71.8682,0.0],[129.2047,71.8651,0.0],[129.2146,71.8646,13.4134],[129.2172,71.8609,0.0],[129.2328,71.8557,5.9285],[129.238,71.8484,0.0],[129.2474,71.8453,0.0],[129.2484,71.8422,0.0],[129.2536,71.8411,5.2917],[129.2526,71.838,0.0],[129.2578,71.837,0.0],[129.2588,71.8339,0.0],[129.263,71.8318,0.0],[129.2682,71.8307,0.0],[129.2672,71.8255,0.0],[129.2724,71.8234,5.2172],[129.2661,71.8089,0.0],[129.2641,71.8068,0.0],[129.2589,71.8057,0.0],[129.2557,71.8005,0.8891],[129.2484,71.7995,0.0],[129.2453,71.7943,4.1451],[129.2396,71.7937,0.0],[129.237,71.7901,2.438],[129.2297,71.7891,0.0],[129.2297,71.7859,0.7384],[129.2412,71.7849,1.8762],[129.2396,71.7833,1.5837],[129.2354,71.7833,1.7385],[129.2312,71.7813,0.944],[129.2146,71.7813,0.0],[129.212,71.7776,2.1058],[129.1964,71.7745,0.0],[129.1792,71.7667,2.0791],[129.1667,71.7646,0.0],[129.1563,71.7604,2.834],[129.1438,71.7583,0.0],[129.1167,71.75,13.8971],[129.1083,71.75,0.0],[129.1021,71.7458,27.9689],[129.0771,71.7438,0.0],[129.0729,71.7417,29.8083],[129.0646,71.7417,0.0],[129.0604,71.7396,27.139],[129.0437,71.7396,0.0],[129.0396,71.7375,17.884],[129.0146,71.7354,1.3344],[129.0104,71.7333,0.1806],[128.9812,71.7333,0.0],[128.9776,71.7297,0.0],[128.9854,71.7271,0.0],[128.9937,71.7271,1.0349],[129.0016,71.7234,1.4368],[128.9943,71.7224,0.0],[128.9912,71.7193,0.0],[128.9833,71.7167,0.0],[128.9667,71.7167,0.0],[128.9651,71.7182,0.0],[128.9672,71.7203,0.3564],[128.9724,71.7214,0.0],[128.9745,71.7245,0.0],[128.9438,71.725,0.9626],[128.938,71.7276,3.1181],[128.937,71.7307,0.2073],[128.9318,71.7318,0.4902],[128.9328,71.7349,0.0],[128.9214,71.738,0.9485],[128.9224,71.7412,1.2691],[128.9208,71.7417,0.0],[128.9125,71.7417,4.4009],[128.9083,71.7438,0.0],[128.8729,71.7438,3.7929],[128.8687,71.7458,0.0],[128.8479,71.7458,7.9123],[128.8438,71.7479,0.0],[128.8083,71.75,4.0035],[128.8042,71.7521,0.0],[128.7958,71.7521,0.931],[128.7917,71.7542,0.0],[128.7833,71.7542,0.807],[128.7625,71.7625,0.0],[128.7401,71.763,-0.5],[128.7412,71.7682,0.0],[128.7359,71.7693,0.0],[128.7349,71.7724,0.0],[128.7297,71.7734,0.0],[128.7307,71.7766,0.0],[128.7255,71.7776,2.8298],[128.7266,71.7828,0.0],[128.7214,71.7839,0.0],[128.7255,71.7953,2.2576],[128.7328,71.7963,0.0],[128.7349,71.8016,0.0],[128.7234,71.8047,2.5457],[128.7245,71.8078,0.0],[128.7026,71.8151,-0.5],[128.7026,71.8182,-0.5],[128.7099,71.8193,0.0],[128.7125,71.8271,0.0],[128.7088,71.8307,0.0],[128.7141,71.8328,0.0],[128.7047,71.8359,1.6917],[128.7057,71.8453,0.3198],[128.6797,71.8547,-1.0],[128.6792,71.8583,0.0],[128.6828,71.8662,2.4089],[128.6776,71.8672,2.1195],[128.6787,71.8724,0.0],[128.6672,71.8734,0.7777],[128.6662,71.8766,0.0],[128.6568,71.8797,2.7139],[128.6542,71.8833,0.0],[128.6458,71.8833,2.5255],[128.6354,71.8875,0.0],[128.6271,71.8875,2.5083],[128.6229,71.8896,0.0],[128.5896,71.8917,0.0],[128.5755,71.8964,18.9407],[128.5766,71.9016,0.0],[128.5672,71.9047,9.801],[128.5661,71.9078,1.7408],[128.5547,71.9109,18.2908],[128.5557,71.9161,0.0],[128.5505,71.9172,0.0],[128.5516,71.9203,0.0],[128.5401,71.9234,49.29],[128.5412,71.9287,0.0],[128.5359,71.9297,11.5599],[128.537,71.9328,1.3097],[128.5255,71.9359,23.8385],[128.5271,71.9396,0.0],[128.5266,71.9411,0.0],[128.5213,71.9422,14.1055],[128.5224,71.9474,2.5861],[128.5172,71.9484,4.292],[128.513,71.9505,3.5136],[128.512,71.9537,0.0],[128.5068,71.9547,4.4721],[128.5089,71.9599,5.8712],[128.5161,71.9609,0.0],[128.5167,71.9625,0.0],[128.5161,71.9641,0.0],[128.5109,71.9651,2.6045],[128.512,71.9682,0.0],[128.5068,71.9693,1.8051],[128.5068,71.9724,1.8188],[128.512,71.9828,0.0],[128.5068,71.9849,3.2267],[128.512,71.9859,0.0],[128.5141,71.988,0.0],[128.5229,72.0083,0.0],[128.5224,72.0099,0.0],[128.5172,72.0109,2.1534],[128.5182,72.0141,0.0],[128.5068,72.0172,4.3138],[128.5083,72.0188,3.8441],[128.5141,72.0193,0.0],[128.5161,72.0234,0.0],[128.5161,72.0266,0.0],[128.5109,72.0276,3.7662],[128.5141,72.037,0.0],[128.4896,72.0458,0.0],[128.4812,72.0458,4.2222],[128.4583,72.0542,0.0],[128.45,72.0542,4.0469],[128.4458,72.0563,0.0],[128.4312,72.0563,3.3445],[128.4208,72.0604,0.0],[128.4125,72.0604,1.7807],[128.4021,72.0646,0.0],[128.3651,72.0651,4.0554],[128.3662,72.0682,0.0],[128.3359,72.0776,8.082],[128.337,72.0807,0.0],[128.3318,72.0818,8.8753],[128.3328,72.087,0.0],[128.3276,72.088,1.1489],[128.3292,72.0938,0.0],[128.3255,72.0964,1.1014],[128.325,72.1,1.6247],[128.3276,72.1036,0.8666],[128.3333,72.1042,0.0],[128.3349,72.1057,0.0],[128.3297,72.1068,0.0],[128.3286,72.1099,0.0],[128.3234,72.1109,5.5091],[128.3266,72.1182,0.0],[128.3214,72.1193,0.0],[128.3203,72.1224,0.0],[128.3125,72.125,0.0],[128.3042,72.125,5.3188],[128.3,72.1271,0.0],[128.2917,72.1271,2.4848],[128.2875,72.1292,0.681],[128.2729,72.1292,7.235],[128.2688,72.1312,0.0],[128.2458,72.1312,9.9225],[128.2417,72.1333,0.0],[128.2333,72.1333,6.7325],[128.2292,72.1354,0.0],[128.2208,72.1354,9.8595],[128.2167,72.1375,0.0],[128.2021,72.1375,21.6946],[128.1995,72.1412,0.0],[128.188,72.1422,15.1797],[128.1854,72.1458,0.0],[128.1708,72.1458,19.8799],[128.1667,72.1479,0.0],[128.1583,72.1479,20.4244],[128.1479,72.1521,0.0],[128.1333,72.1521,11.5167],[128.1255,72.1547,7.3049],[128.1245,72.1578,0.0],[128.1151,72.1609,4.0648],[128.1141,72.1641,0.0],[128.1089,72.1651,5.8894],[128.1099,72.1682,0.0],[128.0984,72.1713,11.2108],[128.0984,72.1745,8.852],[128.1057,72.1787,0.0],[128.1026,72.1797,0.0],[128.1016,72.1849,0.0],[128.0984,72.1859,6.4017],[128.0974,72.1911,0.0],[128.0917,72.1937,0.0],[128.0813,72.1937,6.8134],[128.0771,72.1958,0.0],[128.0688,72.1958,2.0647],[128.0646,72.1979,2.8659],[128.0167,72.1979,6.0942],[128.0063,72.2021,0.0],[127.9979,72.2021,0.0],[127.9953,72.2057,0.0],[127.9838,72.2089,12.1525],[127.9849,72.212,0.0],[127.9797,72.213,4.4821],[127.9786,72.2161,0.0],[127.9734,72.2172,8.1074],[127.9766,72.2245,0.0],[127.95,72.2333,0.0],[127.9417,72.2333,3.3192],[127.925,72.2396,0.0],[127.8688,72.2396,0.0],[127.8588,72.237,0.0],[127.8562,72.2333,0.0],[127.8396,72.2333,0.0],[127.8354,72.2354,0.0],[127.8271,72.2354,11.6549],[127.8229,72.2375,0.0],[127.8063,72.2375,15.4158],[127.7958,72.2417,0.0],[127.7875,72.2417,2.4721],[127.7797,72.2443,8.9961],[127.7813,72.2458,2.8166],[127.787,72.2464,0.0],[127.7891,72.2484,0.0],[127.7891,72.2516,1.602],[127.7839,72.2526,2.1973],[127.7859,72.2578,1.7711],[127.7958,72.2604,0.0],[127.8021,72.2583,0.0],[127.8104,72.2583,0.0],[127.8146,72.2604,0.0],[127.8187,72.2604,2.6942],[127.8229,72.2583,0.0],[127.8313,72.2583,0.0],[127.8354,72.2562,0.0],[127.85,72.2562,8.1939],[127.8526,72.2526,0.0],[127.8562,72.2521,0.0],[127.8604,72.2542,15.3292],[127.8708,72.2542,0.0],[127.875,72.2562,0.0],[127.8854,72.2562,2.0368],[127.8917,72.2542,4.7754],[127.8938,72.2562,9.9822],[127.8901,72.2599,7.4424],[127.8953,72.2609,0.0],[127.8875,72.2646,0.0],[127.8776,72.2651,10.4725],[127.8786,72.2682,0.0],[127.8672,72.2714,11.6514],[127.8682,72.2766,0.0],[127.863,72.2776,7.1347],[127.862,72.2807,0.0],[127.8542,72.2833,6.6464],[127.8318,72.2859,8.0476],[127.8333,72.2875,5.0],[127.8438,72.2875,7.41],[127.85,72.2854,6.0835],[127.8516,72.2859,5.949],[127.8536,72.2911,0.0],[127.8484,72.2922,3.3215],[127.8474,72.2953,0.0],[127.8318,72.3005,6.8323],[127.837,72.3026,0.0],[127.8318,72.3047,7.0323],[127.8328,72.3078,0.0],[127.8089,72.313,0.0],[127.8037,72.3203,0.0],[127.7984,72.3214,7.4777],[127.7958,72.325,3.1993],[127.775,72.3271,7.694],[127.7583,72.3333,0.0],[127.75,72.3333,0.0],[127.7396,72.3375,0.0],[127.7312,72.3375,8.2471],[127.7042,72.3479,0.0],[127.6937,72.3479,9.0727],[127.6729,72.3562,0.0],[127.6625,72.3562,7.8241],[127.6583,72.3583,0.0],[127.6438,72.3583,8.5777],[127.6396,72.3604,4.4281],[127.6167,72.3604,0.0],[127.6125,72.3583,8.2904],[127.5604,72.3583,0.0],[127.5563,72.3562,9.3432],[127.5458,72.3562,5.5017],[127.5417,72.3583,0.0],[127.5271,72.3583,10.0115],[127.5229,72.3604,0.0],[127.5125,72.3604,30.9543],[127.5062,72.3583,70.4714],[127.5,72.3604,51.6996],[127.4958,72.3583,91.718],[127.4854,72.3583,95.3419],[127.4812,72.3604,80.1174],[127.4667,72.3604,79.4156],[127.4625,72.3625,5.7912],[127.4521,72.3625,31.3685],[127.4417,72.3667,0.0],[127.4333,72.3667,11.3269],[127.4292,72.3688,0.0],[127.4083,72.3708,12.1376],[127.3729,72.3833,0.0],[127.3521,72.3854,9.2105],[127.3417,72.3896,0.0],[127.3333,72.3896,10.4614],[127.3229,72.3938,0.0],[127.3146,72.3938,10.077],[127.3104,72.3958,3.8256],[127.2937,72.3958,7.8373],[127.2896,72.3979,0.0],[127.2792,72.3979,0.0],[127.2729,72.3958,15.495],[127.2688,72.3979,0.0],[127.2604,72.3979,38.4102],[127.2562,72.4,0.0],[127.2458,72.3979,155.8054],[127.2292,72.4042,15.6782],[127.2208,72.4042,37.2549],[127.2167,72.4063,0.0],[127.2083,72.4042,93.4875],[127.2042,72.4063,26.4339],[127.1875,72.4063,29.084],[127.1833,72.4042,112.2656],[127.1646,72.4042,8.0398],[127.1604,72.4021,72.1281],[127.1354,72.4,-0.6982],[127.125,72.3958,9.9708],[127.1193,72.3953,2.049],[127.1167,72.3917,6.6663],[127.1062,72.3917,3.0566],[127.0984,72.3943,3.6081],[127.1146,72.4,3.7974],[127.1203,72.4005,3.4891],[127.1188,72.4021,0.0],[127.1104,72.4021,4.0638],[127.1062,72.4042,0.0],[127.0687,72.4042,4.7855],[127.0672,72.4047,4.8109],[127.0682,72.4078,3.9476],[127.0667,72.4083,2.7582],[127.0083,72.4083,2.6553],[127.0021,72.4063,4.3954],[126.9979,72.4083,2.25],[126.975,72.4083,4.088],[126.9708,72.4104,0.0],[126.9646,72.4083,4.8339],[126.9604,72.4083,8.7351],[126.9563,72.4104,4.5864],[126.9271,72.4104,6.4104],[126.9229,72.4083,18.4398],[126.8438,72.4083,90.3883],[126.8396,72.4063,117.8659],[126.8208,72.4063,0.0],[126.8167,72.4042,9.934],[126.8063,72.4042,0.0],[126.8021,72.4021,42.0961],[126.7792,72.4021,63.1792],[126.7729,72.4042,0.0],[126.7604,72.4,90.9718],[126.75,72.4,12.9337],[126.7458,72.3979,91.2272],[126.7292,72.3979,0.0],[126.725,72.3922,0.0],[126.6625,72.3937,0.0],[126.6641,72.3953,2.2895],[126.6443,72.3964,3.3796],[126.6464,72.3995,4.7861],[126.6516,72.4005,3.1137],[126.6464,72.4026,5.5947],[126.6474,72.4078,4.9085],[126.6297,72.413,4.1599],[126.6307,72.4161,3.0151],[126.6255,72.4172,4.0819],[126.625,72.4187,3.9132],[126.6266,72.4245,0.0],[126.6151,72.4276,4.522],[126.6203,72.4307,0.0],[126.6104,72.4313,4.6213],[126.6078,72.4349,4.1009],[126.6026,72.4359,4.7964],[126.6099,72.4391,0.0],[126.5922,72.4401,5.0568],[126.5974,72.4422,4.775],[126.6,72.4458,3.8634],[126.5995,72.4474,4.0958],[126.5943,72.4484,4.3221],[126.5953,72.4557,3.5863],[126.5901,72.4568,4.5399],[126.5911,72.4641,4.5002],[126.5859,72.4651,4.805],[126.5901,72.4766,3.7494],[126.5974,72.4776,0.0],[126.5922,72.4797,2.0067],[126.5995,72.4838,0.0],[126.5943,72.487,4.5598],[126.5995,72.488,3.9009],[126.6016,72.4901,2.4933],[126.6026,72.4953,4.5333],[126.6099,72.4964,0.0],[126.6214,72.5036,2.3946],[126.6266,72.5047,0.0],[126.6286,72.5068,0.0],[126.6307,72.5141,4.4716],[126.6255,72.5151,5.281],[126.6229,72.5188,3.8688],[126.5875,72.5208,4.3468],[126.5859,72.5214,4.79],[126.5859,72.5245,4.2295],[126.6042,72.525,2.2891],[126.6146,72.5208,3.1878],[126.6312,72.5208,2.2026],[126.6328,72.5203,2.1467],[126.6318,72.5172,4.3073],[126.638,72.5151,3.8327],[126.6458,72.5125,0.0],[126.6563,72.5125,0.0],[126.6687,72.5167,4.0585],[126.6792,72.5167,0.0],[126.6833,72.5188,4.35],[126.7063,72.5188,0.0],[126.7104,72.5208,0.0],[126.7208,72.5208,0.0],[126.725,72.5229,0.0],[126.7354,72.5229,0.0],[126.7401,72.5266,4.0689],[126.7479,72.5292,5.5871],[126.7604,72.5292,3.7818],[126.7708,72.5333,4.6472],[126.7896,72.5333,4.8282],[126.7911,72.5339,4.8893],[126.7922,72.5391,5.2528],[126.7937,72.5396,5.3208],[126.7979,72.5396,4.9921],[126.8083,72.5354,4.7276],[126.8146,72.5375,4.4121],[126.825,72.5375,1.1216],[126.8292,72.5396,7.9351],[126.8328,72.5391,6.2702],[126.8354,72.5354,2.5906],[126.8474,72.5359,0.0],[126.8474,72.5391,10.9397],[126.8422,72.5401,10.9361],[126.8417,72.5417,9.1417],[126.8422,72.5432,11.5033],[126.8479,72.5437,9.3965],[126.8495,72.5453,6.6757],[126.8313,72.5458,11.5894],[126.8255,72.5484,9.1715],[126.8333,72.5521,10.2665],[126.8438,72.5521,9.578],[126.8542,72.5479,6.3377],[126.8646,72.55,9.995],[126.8688,72.5479,6.4311],[126.8771,72.5479,7.8282],[126.8786,72.5463,6.5017],[126.8766,72.5422,8.4758],[126.8688,72.5417,5.7218],[126.8688,72.5396,8.8902],[126.8875,72.5396,0.0],[126.9,72.5437,7.7367],[126.9167,72.5437,0.0],[126.9208,72.5458,0.0],[126.9313,72.5458,0.0],[126.9359,72.5495,8.6999],[126.9417,72.55,0.0],[126.9495,72.5537,3.9013],[126.9396,72.5542,4.5969],[126.9354,72.5563,3.7047],[126.9063,72.5563,4.9453],[126.9021,72.5583,3.0636],[126.8646,72.5583,4.7612],[126.8604,72.5604,4.6601],[126.8521,72.5604,4.7357],[126.8505,72.562,4.7381],[126.875,72.5625,6.1158],[126.8792,72.5604,3.2273],[126.9083,72.5604,3.706],[126.9125,72.5583,3.2461],[126.9229,72.5583,3.634],[126.9271,72.5604,3.9417],[126.9437,72.5604,4.0379],[126.9464,72.5568,3.7868],[126.95,72.5563,3.6668],[126.9625,72.5604,3.9965],[126.9729,72.5604,0.0],[126.9891,72.5651,0.0],[126.9912,72.5672,0.0],[126.9922,72.5724,10.2951],[127.0162,72.5776,0.0],[127.0172,72.5807,8.8849],[127.0245,72.5818,0.0],[127.0255,72.587,10.4056],[127.0411,72.5901,3.0197],[127.0437,72.5938,10.3383],[127.0542,72.5938,2.9424],[127.0583,72.5958,2.8342],[127.0625,72.5958,4.4971],[127.0687,72.5938,4.5335],[127.075,72.5958,3.5868],[127.0792,72.5938,4.4017],[127.0833,72.5938,3.1667],[127.0938,72.5979,3.2953],[127.0995,72.5984,3.5046],[127.0917,72.6021,5.1336],[127.0833,72.6021,4.8373],[127.0818,72.6036,4.8558],[127.0953,72.6047,4.2225],[127.0901,72.6068,3.6985],[127.0901,72.6099,7.4928],[127.1,72.6125,9.0107],[127.1104,72.6125,3.2089],[127.1229,72.6167,8.2648],[127.1292,72.6146,6.8601],[127.1458,72.6146,0.8973],[127.15,72.6167,7.6645],[127.1958,72.6167,0.0],[127.2,72.6146,0.0],[127.2438,72.6146,0.0],[127.2453,72.6162,0.0],[127.2401,72.6172,2.1442],[127.2422,72.6224,4.4781],[127.2495,72.6234,0.0],[127.2443,72.6255,4.0751],[127.2443,72.6286,4.2181],[127.25,72.6292,3.9321],[127.2516,72.6307,3.9611],[127.2401,72.6318,3.7197],[127.2401,72.6349,3.4264],[127.2458,72.6354,3.4661],[127.2521,72.6333,3.7627],[127.2568,72.6391,2.8695],[127.2688,72.6396,0.0],[127.2849,72.6443,0.0],[127.288,72.6474,0.0],[127.2932,72.6484,0.0],[127.2963,72.6536,5.8598],[127.3037,72.6547,0.0],[127.3068,72.6599,4.6855],[127.3141,72.6609,0.0],[127.3141,72.6661,0.0],[127.3089,72.6682,4.0573],[127.3146,72.6687,0.0],[127.3208,72.6667,0.0],[127.3307,72.6693,3.2973],[127.3318,72.6724,3.3557],[127.3474,72.6755,0.0],[127.3422,72.6776,2.5565],[127.3422,72.6807,3.2415],[127.3443,72.6828,7.0765],[127.35,72.6833,0.0],[127.3516,72.6849,0.0],[127.3401,72.688,1.1475],[127.3391,72.6911,0.0],[127.3292,72.6917,2.3534],[127.3276,72.6932,4.1372],[127.3458,72.6937,0.0],[127.3557,72.6964,0.0],[127.3599,72.7057,0.0],[127.3547,72.7078,7.1274],[127.3599,72.7089,0.0],[127.3641,72.7151,0.0],[127.3588,72.7182,4.8023],[127.3662,72.7193,0.0],[127.3609,72.7224,7.0149],[127.3662,72.7245,6.7104],[127.3609,72.7266,0.0],[127.375,72.7271,0.0],[127.3854,72.7312,3.6104],[127.3912,72.7318,0.0],[127.3932,72.7338,4.0497],[127.3917,72.7354,6.6155],[127.3812,72.7354,6.733],[127.3714,72.7328,4.991],[127.3703,72.7297,6.367],[127.3646,72.7292,7.3294],[127.363,72.7307,4.5337],[127.3651,72.7349,6.7349],[127.3724,72.7359,4.07],[127.3734,72.7391,5.7715],[127.3833,72.7417,6.2682],[127.4063,72.7396,0.0],[127.4161,72.7422,0.0],[127.4047,72.7464,3.5624],[127.4063,72.7479,0.0],[127.4313,72.7479,7.1412],[127.4391,72.7453,0.0],[127.4375,72.7438,0.0],[127.4318,72.7432,0.0],[127.4307,72.7401,2.9156],[127.425,72.7396,0.0],[127.4234,72.738,0.0],[127.4313,72.7354,0.0],[127.4396,72.7354,0.0],[127.4411,72.7338,0.0],[127.4229,72.7333,4.5878],[127.4167,72.7354,0.0],[127.3984,72.7307,0.0],[127.3974,72.7276,0.0],[127.3901,72.7266,0.0],[127.388,72.7245,0.0],[127.3818,72.7078,0.0],[127.387,72.7057,8.0089],[127.3859,72.7005,0.0],[127.3979,72.7,0.0],[127.4021,72.7042,6.6501],[127.4125,72.7042,6.6801],[127.4167,72.7021,6.7824],[127.4208,72.7021,5.9636],[127.4208,72.7042,5.5584],[127.425,72.7063,5.6228],[127.4354,72.7063,7.2092],[127.4432,72.7037,6.6736],[127.4422,72.7005,0.0],[127.4437,72.7,0.0],[127.4479,72.7,0.0],[127.4521,72.7021,7.3516],[127.5458,72.7021,0.0],[127.5521,72.7042,6.6861],[127.5563,72.7021,0.0],[127.5729,72.7021,0.0],[127.5771,72.7042,5.842],[127.5896,72.7042,0.0],[127.5974,72.7068,0.0],[127.6005,72.712,4.7757],[127.6078,72.713,0.0],[127.6099,72.7182,1.542],[127.5792,72.7188,0.0],[127.5687,72.7229,0.0],[127.5583,72.7229,2.972],[127.5568,72.7234,2.3958],[127.5578,72.7266,1.0713],[127.5458,72.7271,2.4335],[127.538,72.7297,1.9657],[127.5453,72.7328,0.0],[127.5354,72.7333,4.6819],[127.5339,72.7349,0.0],[127.5458,72.7354,4.8869],[127.5521,72.7333,5.5],[127.562,72.7359,5.5],[127.5641,72.7412,6.498],[127.5589,72.7422,6.9529],[127.5589,72.7453,0.0],[127.5661,72.7464,0.0],[127.5687,72.75,2.1507],[127.5729,72.75,6.6774],[127.5771,72.7521,6.7301],[127.5875,72.7521,5.0],[127.5917,72.7542,5.4698],[127.6036,72.7516,5.5406],[127.6026,72.7464,4.5],[127.6125,72.7458,4.7],[127.6146,72.7438,5.2756],[127.6104,72.7396,5.9774],[127.6042,72.7417,4.0],[127.6,72.7417,5.4354],[127.5984,72.7401,5.1165],[127.6062,72.7375,4.5],[127.6167,72.7375,5.4705],[127.6182,72.7359,5.6722],[127.6062,72.7354,6.0906],[127.6016,72.7318,6.298],[127.5917,72.7292,7.0291],[127.575,72.7292,5.5],[127.5714,72.7255,0.0],[127.5896,72.725,6.5035],[127.5938,72.7229,0.0],[127.6104,72.7229,0.0],[127.637,72.7297,0.0],[127.638,72.7328,0.0],[127.6453,72.7338,0.0],[127.6479,72.7375,0.0],[127.6604,72.7396,1.248],[127.6646,72.7417,1.8895],[127.6828,72.7412,0.0],[127.6828,72.738,0.0],[127.6521,72.7312,2.2294],[127.6443,72.7286,2.3902],[127.6412,72.7255,2.8285],[127.6339,72.7245,0.0],[127.6307,72.7193,2.7907],[127.6255,72.7182,2.4089],[127.6234,72.7161,3.0675],[127.6224,72.713,6.1435],[127.6151,72.712,0.0],[127.6151,72.7089,0.0],[127.6203,72.7068,6.1024],[127.613,72.7057,0.0],[127.6182,72.7026,5.9216],[127.6125,72.7021,0.0],[127.6109,72.7005,0.0],[127.6224,72.6974,5.1326],[127.6203,72.6943,0.0],[127.6167,72.6937,0.0],[127.6125,72.6958,0.0],[127.5958,72.6958,2.5122],[127.5917,72.6937,2.8956],[127.5917,72.6917,2.4527],[127.5958,72.6917,2.4124],[127.6099,72.687,2.6772],[127.6109,72.6839,1.6387],[127.6229,72.6833,2.5702],[127.6245,72.6849,3.0475],[127.6193,72.687,2.9598],[127.6245,72.6891,0.0],[127.6193,72.6911,2.2667],[127.625,72.6917,0.0],[127.6292,72.6896,0.0],[127.6937,72.6896,0.0],[127.7146,72.6958,5.137],[127.725,72.6958,0.0],[127.7292,72.6979,0.0],[127.7542,72.6979,0.0],[127.7568,72.7016,4.17],[127.7641,72.7026,0.0],[127.7662,72.7047,2.341],[127.7662,72.7078,4.3006],[127.7583,72.7104,0.0],[127.7484,72.7109,2.7101],[127.7484,72.7141,0.0],[127.7703,72.7151,0.0],[127.7734,72.7203,4.9705],[127.7807,72.7214,0.0],[127.7839,72.7307,0.0],[127.7859,72.7328,0.0],[127.7932,72.7338,0.0],[127.7943,72.7391,0.0],[127.7979,72.7417,3.0834],[127.8016,72.7412,0.0],[127.8005,72.7359,0.0],[127.8203,72.7338,0.0],[127.8214,72.737,2.5363],[127.8287,72.738,0.0],[127.8318,72.7432,2.3791],[127.8458,72.7458,0.8765],[127.8479,72.7479,1.6516],[127.8474,72.7495,2.1067],[127.8438,72.75,1.8364],[127.8396,72.7479,2.3602],[127.8193,72.7464,0.0],[127.8214,72.7495,5.464],[127.8287,72.7505,0.0],[127.8313,72.7542,4.9233],[127.8417,72.7542,0.0],[127.8464,72.7578,0.0],[127.8708,72.7646,4.6737],[127.8896,72.7646,0.0],[127.8938,72.7667,4.2661],[127.9396,72.7667,0.0],[127.9437,72.7688,0.0],[127.9604,72.7688,0.0],[127.9917,72.7771,0.0],[127.9995,72.7734,1.7741],[127.9922,72.7724,1.2503],[127.9912,72.7693,1.5576],[127.9838,72.7682,0.0],[127.9833,72.7667,0.0],[127.9854,72.7646,0.0],[127.9953,72.7641,0.7655],[127.9943,72.7609,0.0],[127.9958,72.7604,0.0],[128.0063,72.7604,0.0],[128.0104,72.7583,0.0],[128.0188,72.7583,1.2623],[128.0229,72.7562,1.2159],[128.0313,72.7562,1.1165],[128.0354,72.7542,1.0622],[128.0458,72.7542,1.2313],[128.0604,72.7479,0.9257],[128.0917,72.7479,0.0],[128.0958,72.75,0.5543],[128.1062,72.75,0.0],[128.1162,72.7526,0.0],[128.1182,72.7547,0.8881],[128.113,72.7578,-0.1412],[128.125,72.7583,0.0688],[128.1292,72.7604,0.8423],[128.1333,72.7604,0.2869],[128.1349,72.7609,0.4561],[128.1349,72.7641,1.6601],[128.0979,72.7646,2.7464],[128.0938,72.7667,3.7165],[128.0771,72.7667,3.3692],[128.0729,72.7688,0.0],[128.05,72.7688,2.0069],[128.0458,72.7708,0.0],[128.0375,72.7708,2.8601],[128.0297,72.7745,0.2349],[128.0604,72.775,4.0051],[128.0646,72.7729,0.0],[128.0958,72.7729,4.7891],[128.1,72.7708,0.0],[128.1729,72.7708,-0.0447],[128.1771,72.7729,0.0641],[128.1891,72.7734,0.4692],[128.1943,72.7828,3.0194],[128.2016,72.7839,-0.5777],[128.2047,72.7891,1.6233],[128.2146,72.7917,4.083],[128.2688,72.7937,0.0],[128.2729,72.7958,4.3287],[128.2833,72.7958,0.0],[128.2875,72.7979,0.0],[128.2917,72.7979,0.0],[128.2964,72.8037,3.2409],[128.3037,72.8047,0.2794],[128.3062,72.8125,0.1075],[128.3021,72.8167,4.1285],[128.3037,72.8245,0.0],[128.2943,72.8276,2.1083],[128.2932,72.8307,0.0438],[128.288,72.8328,0.9919],[128.2917,72.8354,0.2092],[128.3021,72.8354,0.0],[128.3037,72.837,0.0],[128.2958,72.8396,1.5324],[128.2854,72.8396,1.2034],[128.2792,72.8375,0.0],[128.2713,72.8401,0.0],[128.2734,72.8474,1.7829],[128.2792,72.8479,0.0],[128.2807,72.8495,0.0],[128.2755,72.8505,0.0],[128.2786,72.8578,0.0],[128.2672,72.862,2.8824],[128.2745,72.863,2.5104],[128.2755,72.8662,1.5637],[128.2828,72.8672,0.115],[128.2839,72.8703,0.0],[128.2937,72.8729,1.9345],[128.3333,72.8729,0.0],[128.3375,72.875,3.1916],[128.3667,72.8812,0.3999],[128.3693,72.8849,-0.1193],[128.3766,72.8859,-0.2391],[128.388,72.8932,1.0099],[128.4021,72.8958,1.2989],[128.4036,72.8974,0.0],[128.3984,72.8984,0.4324],[128.3974,72.9016,2.3305],[128.3922,72.9026,2.0403],[128.3932,72.9057,0.0],[128.3854,72.9083,-0.3055],[128.3188,72.9083,0.0],[128.3146,72.9063,1.5057],[128.3042,72.9063,0.0],[128.2917,72.9021,2.3875],[128.2792,72.9021,0.0],[128.275,72.9,3.5164],[128.2083,72.9,0.0],[128.2042,72.8979,0.0],[128.1854,72.8979,2.0469],[128.1839,72.8964,0.1699],[128.1891,72.8943,0.0],[128.1771,72.8938,0.0],[128.1646,72.8896,1.5552],[128.1526,72.8901,2.7044],[128.1542,72.8917,2.0435],[128.1599,72.8922,0.0],[128.1583,72.8938,0.9865],[128.1271,72.8938,0.0],[128.1229,72.8917,3.8728],[128.0854,72.8917,4.0615],[128.0813,72.8938,-0.1578],[128.0708,72.8938,2.2831],[128.0667,72.8958,0.0],[128.0437,72.8958,4.3469],[128.0396,72.8979,2.1155],[128.025,72.8979,3.5055],[128.0208,72.9,0.0],[127.9896,72.9,0.0],[127.9854,72.8979,4.8341],[127.9714,72.8974,3.2368],[127.9714,72.8943,3.2313],[127.9766,72.8932,4.4798],[127.975,72.8917,3.9596],[127.9646,72.8917,4.0125],[127.9604,72.8938,4.8894],[127.9437,72.8938,0.0],[127.9401,72.8901,0.0],[127.9453,72.8891,4.4162],[127.9437,72.8875,2.8723],[127.9187,72.8875,0.0],[127.9063,72.8833,4.4363],[127.8896,72.8833,4.1066],[127.8854,72.8854,0.0],[127.8562,72.8854,4.2097],[127.8521,72.8875,0.0],[127.8271,72.8875,4.9364],[127.8187,72.8917,0.0],[127.8083,72.8917,0.0],[127.8042,72.8938,0.0],[127.7813,72.8938,2.087],[127.7771,72.8958,0.0],[127.7604,72.8958,3.4827],[127.7562,72.8979,0.0],[127.7458,72.8979,3.3493],[127.7458,72.9,0.0],[127.7271,72.9,0.0],[127.7208,72.8958,5.3151],[127.7146,72.8979,5.1798],[127.7042,72.8979,0.0],[127.6943,72.8953,5.4098],[127.6917,72.8917,5.123],[127.6813,72.8917,0.0],[127.6766,72.888,4.9414],[127.6609,72.8849,0.0],[127.6589,72.8776,0.0],[127.6641,72.8755,3.8547],[127.6484,72.8724,0.0],[127.6453,72.8672,4.9965],[127.6333,72.8667,0.0],[127.6208,72.8625,0.0],[127.6104,72.8625,0.0],[127.6062,72.8604,3.7649],[127.5958,72.8604,0.0],[127.5896,72.8542,0.0],[127.5792,72.8542,5.8002],[127.5729,72.8521,5.1782],[127.5651,72.8547,3.6279],[127.5667,72.8562,4.8576],[127.5833,72.8562,5.0393],[127.587,72.8588,3.9228],[127.5792,72.8625,0.0],[127.525,72.8625,1.3897],[127.5208,72.8604,0.0],[127.5026,72.8599,0.6107],[127.5078,72.8578,6.2412],[127.5042,72.8542,5.557],[127.5005,72.8547,5.748],[127.4979,72.8583,5.4529],[127.475,72.8583,4.8884],[127.4708,72.8562,6.2047],[127.4604,72.8562,5.7217],[127.4563,72.8542,4.191],[127.4521,72.8542,0.0],[127.4474,72.8505,5.0169],[127.4396,72.8479,5.7315],[127.4271,72.8479,5.7456],[127.4229,72.8458,4.8064],[127.3979,72.8438,1.473],[127.3854,72.8396,3.9542],[127.375,72.8417,1.7713],[127.3646,72.8375,5.2685],[127.3505,72.837,0.0],[127.3495,72.8339,1.9711],[127.3422,72.8328,0.0],[127.3391,72.8255,5.0902],[127.3318,72.8245,0.0],[127.337,72.8224,5.4618],[127.3359,72.8172,0.0],[127.35,72.8125,0.0],[127.362,72.813,6.9197],[127.3568,72.8151,6.7242],[127.3557,72.8182,6.538],[127.3505,72.8193,6.6626],[127.3521,72.8208,6.627],[127.3578,72.8214,6.2151],[127.3526,72.8234,6.4566],[127.3547,72.8287,6.9711],[127.3562,72.8292,6.2873],[127.3604,72.8292,6.887],[127.3672,72.8255,6.3683],[127.3729,72.825,6.272],[127.3729,72.8229,4.5],[127.387,72.8224,5.3311],[127.3859,72.8193,5.3309],[127.3938,72.8167,0.0],[127.3995,72.8172,0.0],[127.4016,72.8224,6.2635],[127.3964,72.8234,6.2404],[127.3979,72.825,6.1106],[127.4146,72.825,5.7554],[127.4187,72.8229,6.5273],[127.4417,72.8229,2.81],[127.4458,72.8208,0.0],[127.4771,72.8208,0.0],[127.4812,72.8229,0.0],[127.4995,72.8224,0.0],[127.4979,72.8208,4.256],[127.4838,72.8182,5.9564],[127.4854,72.8167,6.0127],[127.4974,72.8161,4.7993],[127.4958,72.8146,4.4095],[127.4818,72.8141,5.053],[127.487,72.812,5.8448],[127.4854,72.8104,5.4665],[127.4755,72.8109,6.3474],[127.4766,72.8161,5.001],[127.4688,72.8187,1.6069],[127.4437,72.8187,3.006],[127.4396,72.8208,0.0],[127.4229,72.8208,0.0],[127.4042,72.8146,3.9337],[127.3984,72.8141,0.0],[127.3958,72.8104,0.0],[127.3964,72.8068,4.3191],[127.4078,72.8037,6.176],[127.4068,72.7984,6.1468],[127.4146,72.7958,6.1013],[127.4229,72.7958,4.0],[127.4307,72.7922,5.9795],[127.4234,72.7911,4.0],[127.4208,72.7875,6.1215],[127.4089,72.787,3.0795],[127.4141,72.7849,6.5975],[127.4109,72.7755,6.8875],[127.4224,72.7714,6.9449],[127.4187,72.7688,6.9771],[127.4104,72.7708,6.823],[127.4005,72.7682,0.0],[127.3974,72.7651,3.4393],[127.3922,72.7641,0.0],[127.388,72.7578,0.0],[127.388,72.7547,0.0],[127.3932,72.7536,3.3989],[127.3922,72.7505,0.0],[127.3974,72.7484,0.0],[127.3854,72.7479,0.0],[127.3812,72.7458,0.0],[127.3714,72.7484,0.0],[127.3714,72.7516,0.0],[127.3734,72.7536,0.0],[127.3807,72.7547,0.0],[127.3755,72.7578,0.0],[127.3807,72.7589,0.0],[127.3828,72.7609,0.0],[127.3859,72.7682,0.0],[127.3932,72.7693,0.0],[127.3964,72.7745,0.0],[127.4016,72.7755,0.0],[127.3974,72.7786,2.3395],[127.3922,72.7797,3.1193],[127.3917,72.7833,3.4404],[127.3932,72.787,0.0],[127.388,72.788,2.5636],[127.3912,72.7995,0.7438],[127.3859,72.8005,1.6386],[127.3833,72.8042,2.4123],[127.375,72.8021,2.2192],[127.3708,72.8042,1.8061],[127.3479,72.8042,6.4724],[127.3438,72.8083,0.0],[127.3193,72.8089,6.5339],[127.3328,72.8141,0.0],[127.3214,72.8172,5.078],[127.3224,72.8203,3.1033],[127.3172,72.8214,7.0186],[127.3187,72.8229,7.1562],[127.3245,72.8234,0.0],[127.325,72.825,0.0],[127.3245,72.8266,6.2098],[127.3193,72.8287,0.0],[127.3266,72.8297,0.0],[127.3276,72.8328,5.5574],[127.3349,72.8339,0.0],[127.337,72.837,0.0],[127.3229,72.8417,0.0],[127.3187,72.8417,0.0],[127.3146,72.8396,0.0],[127.2979,72.8396,0.0],[127.2937,72.8417,2.2019],[127.2854,72.8417,1.687],[127.2813,72.8438,0.0],[127.2708,72.8438,1.5562],[127.2693,72.8443,1.9446],[127.2703,72.8474,0.0],[127.2688,72.8479,0.0],[127.2583,72.8479,0.0],[127.2484,72.8453,0.0],[127.2453,72.838,0.0],[127.238,72.837,0.0],[127.2396,72.8354,0.0],[127.2516,72.8349,1.645],[127.2505,72.8297,0.0],[127.2557,72.8276,1.9762],[127.2484,72.8266,0.0],[127.2453,72.8234,0.0],[127.2401,72.8224,0.0],[127.2354,72.8167,1.7305],[127.2104,72.8146,0.0],[127.1839,72.8078,0.0],[127.1813,72.8042,2.7587],[127.1672,72.8016,0.0],[127.1661,72.7984,2.939],[127.1589,72.7974,0.0],[127.1568,72.7932,0.0],[127.162,72.7911,2.2834],[127.1609,72.7839,0.0],[127.1687,72.7813,7.3696],[127.1792,72.7813,5.2075],[127.1854,72.7833,7.4484],[127.187,72.7828,7.3883],[127.187,72.7797,7.6432],[127.1813,72.7792,7.0882],[127.1797,72.7776,6.9024],[127.1917,72.7771,6.9887],[127.1979,72.7792,7.6996],[127.2167,72.7729,0.0],[127.2208,72.775,6.7866],[127.2312,72.775,6.7125],[127.2412,72.7786,6.755],[127.2229,72.7792,7.2345],[127.2188,72.7813,6.1989],[127.2104,72.7813,7.1475],[127.2089,72.7828,6.997],[127.2208,72.7833,7.073],[127.225,72.7854,6.5454],[127.2354,72.7854,7.1989],[127.2396,72.7875,6.8842],[127.2438,72.7875,6.5275],[127.2542,72.7833,6.6397],[127.2578,72.7839,6.5445],[127.2625,72.7875,6.0438],[127.2854,72.7875,2.5824],[127.2932,72.7839,4.9936],[127.2813,72.7833,4.2775],[127.275,72.7854,6.4073],[127.2708,72.7833,5.15],[127.2583,72.7813,6.7681],[127.2568,72.7797,5.9218],[127.262,72.7776,6.7085],[127.2542,72.775,7.0886],[127.2417,72.775,7.0877],[127.2338,72.7724,7.105],[127.2318,72.7693,7.6293],[127.237,72.7682,7.1409],[127.2354,72.7667,0.0],[127.2188,72.7667,5.8352],[127.2083,72.7708,3.3467],[127.2,72.7708,5.1069],[127.1958,72.7729,4.6302],[127.1792,72.7729,3.8853],[127.1693,72.7703,0.0],[127.1661,72.7651,7.3127],[127.1589,72.7641,0.0],[127.1641,72.762,6.9954],[127.1646,72.7604,7.2235],[127.1641,72.7589,5.6216],[127.1583,72.7583,6.0069],[127.1568,72.7568,5.4708],[127.162,72.7547,5.6968],[127.1354,72.7542,2.9398],[127.1312,72.7521,2.9603],[127.1193,72.7526,7.4461],[127.1208,72.7542,7.3052],[127.1349,72.7568,0.0],[127.1297,72.7599,7.1048],[127.137,72.7609,0.0],[127.1401,72.7682,3.3242],[127.1474,72.7693,0.0],[127.1495,72.7766,0.0],[127.1443,72.7776,3.9276],[127.1438,72.7792,3.5973],[127.1443,72.7807,3.3757],[127.15,72.7813,0.0],[127.1516,72.7828,0.0],[127.1401,72.7859,3.0855],[127.1432,72.7953,0.0],[127.138,72.7963,3.2804],[127.138,72.7995,0.0],[127.1401,72.8016,3.6034],[127.162,72.8068,0.0],[127.163,72.8099,0.0],[127.1703,72.8109,0.0],[127.1734,72.8141,0.0],[127.1813,72.8167,3.2566],[127.212,72.8234,2.8982],[127.2068,72.8266,3.1444],[127.2203,72.8297,0.0],[127.2229,72.8333,0.0],[127.2208,72.8354,2.1175],[127.2125,72.8354,2.7878],[127.2109,72.837,0.0],[127.2161,72.838,0.0],[127.2193,72.8411,0.0],[127.2328,72.8443,0.0],[127.2359,72.8474,1.8157],[127.2432,72.8484,0.0],[127.2432,72.8516,5.3876],[127.238,72.8526,5.9731],[127.2396,72.8542,6.2115],[127.25,72.8542,5.9935],[127.2542,72.8562,6.0831],[127.2583,72.8562,4.9491],[127.2813,72.8479,0.0],[127.3479,72.8479,0.0],[127.3521,72.85,2.1814],[127.3771,72.85,0.0],[127.3812,72.8521,4.8502],[127.3979,72.8521,0.0],[127.4104,72.8562,0.0],[127.4208,72.8562,0.0],[127.425,72.8583,2.5674],[127.4437,72.8583,0.0],[127.4479,72.8604,0.0],[127.4583,72.8604,0.0],[127.463,72.8662,0.0],[127.4729,72.8688,4.1632],[127.525,72.8688,3.8378],[127.5313,72.8667,0.0],[127.5354,72.8688,3.2012],[127.5458,72.8688,0.0],[127.55,72.8708,1.7531],[127.5958,72.8708,0.0],[127.6,72.8688,0.0],[127.6104,72.8688,0.0],[127.6167,72.8708,0.8917],[127.6208,72.8688,0.0],[127.625,72.8688,0.0],[127.6349,72.8714,0.0],[127.637,72.8786,1.7076],[127.6318,72.8807,0.0],[127.6458,72.8833,1.4242],[127.6557,72.888,0.0],[127.6505,72.8901,3.0563],[127.6536,72.8995,0.0],[127.6484,72.9016,2.3379],[127.6604,72.9021,0.0],[127.6625,72.9042,3.7902],[127.6604,72.9063,3.4911],[127.6375,72.9063,0.0],[127.6359,72.9078,0.0],[127.6708,72.9083,0.0],[127.6734,72.912,2.8522],[127.6891,72.9151,0.0],[127.6901,72.9182,2.8067],[127.7224,72.9255,0.0],[127.725,72.9292,2.518],[127.7292,72.9292,0.0],[127.7333,72.9313,0.0],[127.7438,72.9313,0.0],[127.75,72.9354,0.0],[127.7667,72.9354,0.0],[127.8042,72.9458,4.5129],[127.8146,72.9458,4.7283],[127.8208,72.9437,0.0],[127.8271,72.9458,4.8911],[127.8313,72.9437,0.0],[127.8354,72.9437,0.0],[127.8453,72.9464,1.0262],[127.8458,72.9479,1.4217],[127.8453,72.9495,1.0554],[127.8339,72.9537,0.0],[127.8396,72.9542,4.9642],[127.8438,72.9521,0.0],[127.8521,72.9521,4.0113],[127.8557,72.9557,4.2617],[127.8505,72.9578,4.3468],[127.8578,72.9589,4.7611],[127.8588,72.962,3.9167],[127.8792,72.9625,4.071],[127.8833,72.9646,4.2292],[127.8932,72.962,4.315],[127.8932,72.9589,4.5507],[127.8859,72.9578,4.693],[127.8849,72.9547,4.3416],[127.8812,72.9521,4.438],[127.8693,72.9516,5.0128],[127.8745,72.9495,4.8421],[127.8729,72.9479,4.8274],[127.8526,72.9474,0.0],[127.8516,72.9443,4.5248],[127.8443,72.9432,0.0],[127.8417,72.9396,0.0],[127.8542,72.9396,4.775],[127.8646,72.9354,0.0],[127.8875,72.9333,4.9638],[127.8974,72.9359,4.1122],[127.8995,72.9411,3.9021],[127.8943,72.9422,4.288],[127.8958,72.9437,4.5545],[127.9042,72.9437,4.4194],[127.9146,72.9396,3.8199],[127.9458,72.9396,4.074],[127.95,72.9417,4.0987],[127.9771,72.9417,4.1762],[127.9812,72.9437,4.2654],[127.9995,72.9432,4.2551],[127.9984,72.938,4.0229],[128.0036,72.9359,3.5918],[127.9854,72.9354,3.6302],[127.9812,72.9375,4.0036],[127.9708,72.9375,4.1278],[127.9667,72.9396,4.24],[127.9547,72.937,4.1811],[127.9563,72.9354,4.2698],[127.9792,72.9354,4.1768],[127.9812,72.9333,4.1098],[127.9792,72.9313,4.3449],[127.9667,72.9313,3.5],[127.9625,72.9292,4.5761],[127.9313,72.9292,4.8651],[127.9297,72.9307,4.6853],[127.9313,72.9313,4.5452],[127.9313,72.9333,4.3942],[127.925,72.9333,4.2842],[127.9146,72.9292,5.1369],[127.9083,72.9292,4.6877],[127.9083,72.9271,4.3555],[127.9125,72.9271,5.378],[127.9229,72.9229,0.0],[127.9458,72.9229,2.2971],[127.9537,72.9203,0.0],[127.9464,72.9172,0.0],[127.9563,72.9167,2.9888],[127.9641,72.9141,2.8882],[127.9651,72.9109,0.0],[127.975,72.9104,2.2423],[127.9792,72.9083,0.0],[127.9958,72.9083,0.0],[128.0,72.9104,0.0],[128.0042,72.9104,0.0],[128.0078,72.913,1.189],[128.0089,72.9182,1.0515],[128.0161,72.9193,0.0],[128.0146,72.9208,1.9396],[128.0047,72.9213,0.0],[128.0063,72.9229,0.0],[128.0333,72.925,0.0],[128.0375,72.9271,2.7312],[128.0479,72.9271,0.253],[128.0521,72.9292,0.1424],[128.0625,72.9292,0.2427],[128.0833,72.9354,1.0719],[128.0953,72.9359,2.4068],[128.0776,72.9422,3.6128999999999998],[128.0792,72.9437,0.0],[128.0995,72.9432,3.7703],[128.0979,72.9417,3.9112],[128.0922,72.9411,3.7657],[128.0938,72.9396,2.7205],[128.1167,72.9396,0.0],[128.1208,72.9417,4.2042],[128.1313,72.9417,0.0],[128.1391,72.9391,2.9205],[128.1375,72.9375,2.7755],[128.1318,72.937,0.1016],[128.1333,72.9354,0.0933],[128.1438,72.9354,-0.2371],[128.15,72.9375,3.8389],[128.1542,72.9354,0.0251],[128.2208,72.9354,0.0],[128.2271,72.9333,0.4416],[128.2312,72.9354,0.0],[128.2437,72.9354,0.0],[128.2536,72.938,1.7071],[128.2547,72.9411,0.0],[128.2688,72.9437,0.0],[128.2703,72.9453,3.7761],[128.2563,72.95,0.0],[128.2312,72.95,0.0],[128.2271,72.9479,3.2094],[128.1542,72.9479,1.5368],[128.1526,72.9495,0.0],[128.1729,72.95,0.0],[128.1771,72.9521,3.5334],[128.1854,72.95,0.0],[128.1896,72.9521,3.5142],[128.2229,72.9521,0.0],[128.2271,72.9542,2.5377],[128.2333,72.9521,0.0],[128.2437,72.9521,0.0],[128.2479,72.9542,3.2654],[128.2521,72.9542,3.0011],[128.2563,72.9521,3.7982],[128.2646,72.9521,3.7703],[128.2688,72.95,2.6115],[128.3,72.95,0.0],[128.3266,72.9568,0.0],[128.3292,72.9604,0.2029],[128.35,72.9646,0.0],[128.3542,72.9667,2.0914],[128.3646,72.9667,0.0],[128.3708,72.9708,3.4206],[128.3813,72.9708,0.0],[128.3854,72.9729,1.8257],[128.4042,72.9729,0.0],[128.4083,72.975,1.8737],[128.4333,72.975,0.0],[128.4375,72.9771,3.0667],[128.4688,72.9771,-0.4703],[128.4729,72.9792,2.5424],[128.4917,72.9792,-0.4763],[128.4958,72.9812,1.3871],[128.5021,72.9792,-0.5453],[128.5208,72.9792,-0.4361],[128.5417,72.9854,3.2577],[128.5537,72.9859,-0.3384],[128.5521,72.9875,3.0245],[128.5479,72.9875,2.8264],[128.5479,72.9896,2.5193],[128.5297,72.9922,1.5503],[128.5313,72.9938,1.4488],[128.5625,72.9938,2.1686],[128.5667,72.9917,2.4572],[128.5833,72.9917,-0.6732],[128.6125,73.0,0.9275],[128.6375,73.0021,0.0],[128.6667,73.0104,1.9936],[128.6792,73.0104,0.0],[128.6854,73.0125,0.0],[128.6917,73.0104,0.0],[128.6958,73.0125,1.6147],[128.7083,73.0125,0.0],[128.7182,73.0151,0.0],[128.7188,73.0167,0.0],[128.7167,73.0188,0.4159],[128.7083,73.0188,0.0],[128.7068,73.0203,0.0],[128.7271,73.0208,0.8851],[128.737,73.0234,0.0],[128.7401,73.0307,1.754],[128.7437,73.0333,1.4598],[128.7542,73.0333,1.3843],[128.7557,73.0328,1.6157],[128.7547,73.0297,1.4575],[128.7583,73.0292,0.0],[128.8042,73.0417,1.0814],[128.8167,73.0417,0.0],[128.8193,73.0453,0.0],[128.8266,73.0463,0.0],[128.8286,73.0495,0.4133],[128.8109,73.0547,0.5082],[128.8099,73.0578,0.2306],[128.7943,73.063,1.1195],[128.7995,73.0651,0.0],[128.8047,73.0703,0.0],[128.8099,73.0714,0.0],[128.8151,73.0766,1.4603],[128.8214,73.0787,1.5217],[128.8354,73.0792,1.2322],[128.8479,73.0833,0.1581],[128.8583,73.0833,0.0],[128.8625,73.0813,1.3824],[128.8854,73.0813,0.0],[128.8896,73.0833,0.0],[128.9167,73.0833,0.0],[128.9208,73.0854,0.0],[128.9312,73.0854,0.0],[128.9354,73.0875,0.0881],[128.9396,73.0875,-0.0763],[128.9432,73.0901,0.5211],[128.9417,73.0917,0.0877],[128.9312,73.0917,0.0],[128.9297,73.0922,0.1721],[128.9307,73.0953,0.0],[128.9187,73.0979,0.3513],[128.9146,73.0958,0.4215],[128.8979,73.0958,0.0],[128.8604,73.0854,0.0],[128.8484,73.0859,0.0],[128.85,73.0875,0.5444],[128.8641,73.0901,0.0],[128.8651,73.0932,1.2355],[128.875,73.0958,1.2401],[128.9021,73.0979,0.0],[128.9146,73.1021,0.6456],[128.9187,73.1021,0.0],[128.9229,73.1062,0.4002],[128.9224,73.1078,0.0114],[128.9146,73.1104,0.5386],[128.9042,73.1104,0.5822],[128.9,73.1083,0.4014],[128.888,73.1088,0.0],[128.8896,73.1104,0.0],[128.9036,73.113,0.0],[128.9068,73.1162,0.0],[128.9125,73.1167,0.0],[128.9141,73.1182,0.1128],[128.9089,73.1193,0.3518],[128.9078,73.1224,0.0],[128.9026,73.1234,0.4182],[128.9036,73.1266,0.0],[128.9021,73.1271,0.0],[128.8776,73.1297,0.4646],[128.8786,73.1349,0.1475],[128.8734,73.1359,0.1568],[128.8745,73.1391,0.0],[128.8667,73.1417,0.3593],[128.85,73.1417,0.0],[128.8396,73.1458,0.0834],[128.8276,73.1432,-0.3198],[128.8328,73.1412,0.8525],[128.8318,73.1359,0.0],[128.837,73.1339,0.8947],[128.8297,73.1328,0.0],[128.8266,73.1276,1.0239],[128.8208,73.1271,0.0],[128.8161,73.1234,1.1904],[128.8089,73.1224,0.0],[128.8047,73.113,0.0],[128.8099,73.1109,0.0],[128.8037,73.0984,1.1423],[128.8021,73.0979,0.7544],[128.7979,73.0979,0.0],[128.7937,73.0958,1.1335],[128.7833,73.0958,0.4214],[128.7818,73.0964,0.0],[128.7828,73.0995,0.0],[128.775,73.1021,0.4741],[128.7563,73.1021,0.0],[128.7464,73.0984,0.0],[128.7516,73.0974,1.0112],[128.7526,73.0943,1.6112],[128.7625,73.0938,1.0981],[128.7641,73.0922,1.5033],[128.7542,73.0896,1.4962],[128.7437,73.0896,0.5102],[128.7359,73.0922,0.0],[128.737,73.0953,0.0],[128.7318,73.0964,0.7685],[128.7328,73.0995,0.7488],[128.725,73.1021,0.0],[128.713,73.1026,0.7389],[128.7141,73.1057,0.3048],[128.7125,73.1062,0.4558],[128.6938,73.1062,0.0],[128.6755,73.1016,0.0],[128.6724,73.0964,0.0],[128.6646,73.0938,0.0],[128.6589,73.0943,0.7224],[128.6609,73.0995,0.3705],[128.6682,73.1005,0.0],[128.6714,73.1057,1.1101],[128.6896,73.1104,0.0],[128.7,73.1104,0.0],[128.7036,73.113,1.1116],[128.7021,73.1146,0.2846],[128.6922,73.1151,1.0777],[128.6938,73.1167,1.0472],[128.725,73.1167,1.2576],[128.7266,73.1151,1.1147],[128.7245,73.113,1.116],[128.7172,73.112,1.1349],[128.7172,73.1088,0.0],[128.7354,73.1083,0.0],[128.7453,73.1109,0.5951],[128.75,73.1146,1.012],[128.7542,73.1146,0.8732],[128.7583,73.1167,1.1166],[128.7703,73.1172,0.0],[128.7651,73.1203,0.2815],[128.7724,73.1214,0.0],[128.7734,73.1245,0.0],[128.7771,73.1271,0.0],[128.7875,73.125,0.3566],[128.8141,73.1318,0.0],[128.8026,73.1359,0.5342],[128.8037,73.1412,0.0119],[128.7984,73.1432,0.8067],[128.8021,73.1458,0.0],[128.8078,73.1464,0.0],[128.8026,73.1495,0.0],[128.8146,73.15,0.0],[128.8245,73.1526,0.0],[128.8292,73.1563,0.4026],[128.8349,73.1568,0.2123],[128.8333,73.1583,0.2532],[128.8229,73.1583,0.0],[128.8214,73.1599,1.0783],[128.8286,73.1609,0.0],[128.8333,73.1646,1.0649],[128.8625,73.1708,0.0],[128.8651,73.1745,0.6404],[128.875,73.1771,0.8752],[128.8875,73.1771,0.0],[128.8917,73.1792,0.4969],[128.9021,73.1792,0.0],[128.9063,73.1813,0.0],[128.9104,73.1813,0.0],[128.913,73.1849,0.4179],[128.9187,73.1854,0.0],[128.9234,73.1891,0.3909],[128.9307,73.1901,0.0],[128.9349,73.1964,0.0],[128.9297,73.1984,0.3142],[128.9307,73.2037,0.3295],[128.9229,73.2063,0.0],[128.9125,73.2042,0.0],[128.9083,73.2063,0.1457],[128.8896,73.2063,0.0],[128.8833,73.2042,0.0],[128.8755,73.2068,0.1861],[128.8766,73.2099,0.0],[128.875,73.2104,0.0],[128.8646,73.2083,0.3739],[128.8542,73.2125,0.0],[128.8438,73.2125,0.4288],[128.8396,73.2146,0.0],[128.8313,73.2146,0.0],[128.8234,73.2172,-0.1184],[128.825,73.2188,0.0],[128.8521,73.2188,0.2769],[128.8521,73.2208,0.0],[128.8354,73.2208,0.2735],[128.8313,73.2229,0.0],[128.8271,73.2229,0.0],[128.8208,73.2208,0.2514],[128.8167,73.2229,0.4396],[128.8,73.2229,0.3637],[128.7958,73.225,0.1974],[128.7771,73.225,0.0809],[128.7708,73.2229,0.7665],[128.7688,73.225,0.0],[128.7708,73.2271,0.3099],[128.8104,73.2271,0.2535],[128.8146,73.225,0.0],[128.825,73.2271,0.2603],[128.8292,73.225,0.0],[128.8333,73.225,-0.034],[128.8349,73.2266,-0.0117],[128.8271,73.2292,0.0],[128.8042,73.2312,0.3143],[128.7964,73.2338,0.2202],[128.7958,73.2354,-0.0911],[128.7979,73.2375,0.1852],[128.8083,73.2375,0.2965],[128.8109,73.2338,0.0],[128.8146,73.2333,0.0],[128.8188,73.2354,0.1158],[128.825,73.2354,0.2468],[128.8229,73.2375,0.0939],[128.8021,73.2396,0.131],[128.7979,73.2417,0.0],[128.7729,73.2417,0.1873],[128.7625,73.2458,0.0],[128.7104,73.2458,0.3915],[128.7063,73.2479,0.0],[128.6896,73.2479,0.0],[128.6854,73.2458,0.4641],[128.6812,73.2458,0.6693],[128.6771,73.2479,0.2909],[128.6313,73.2479,0.0],[128.6271,73.2458,0.0],[128.6229,73.2458,0.0],[128.6187,73.2479,0.0],[128.6083,73.2479,0.0],[128.6042,73.2458,0.0],[128.5875,73.2458,0.0],[128.575,73.2417,0.4584],[128.5484,73.2422,0.0],[128.55,73.2438,0.0],[128.5641,73.2464,0.0],[128.5625,73.2479,0.1933],[128.5521,73.2479,0.0],[128.5313,73.2417,0.8012],[128.5188,73.2417,0.4708],[128.5146,73.2396,1.185],[128.4604,73.2396,0.0],[128.4255,73.2307,0.0],[128.4245,73.2276,1.1993],[128.4172,73.2266,0.0329],[128.4224,73.2234,1.0808],[128.4068,73.2203,0.0],[128.4021,73.2167,0.0],[128.3984,73.2172,0.0],[128.3974,73.2203,0.9348],[128.3938,73.2208,0.0045],[128.3896,73.2188,0.2094],[128.3625,73.2167,0.0],[128.3589,73.2141,0.3775],[128.3604,73.2125,0.1094],[128.3708,73.2125,1.7104],[128.375,73.2146,1.6085],[128.3875,73.2146,0.0],[128.3938,73.2167,0.0166],[128.3958,73.2146,0.0],[128.3938,73.2125,0.5793],[128.35,73.2063,0.0],[128.3484,73.2068,1.1959],[128.3495,73.212,1.4287],[128.3443,73.213,1.2575],[128.3401,73.2161,0.0],[128.3458,73.2167,0.0],[128.3458,73.2188,0.1196],[128.3521,73.2188,0.0501],[128.3562,73.2208,0.0],[128.3687,73.2208,0.0],[128.3729,73.2229,0.1564],[128.3938,73.2271,0.0],[128.3963,73.2307,0.1211],[128.4036,73.2318,0.0],[128.4068,73.237,0.0841],[128.4141,73.238,0.0],[128.4187,73.2417,1.483],[128.4307,73.2422,0.0],[128.4354,73.2479,0.1113],[128.4479,73.2479,0.0],[128.4495,73.2495,0.0],[128.425,73.2521,0.056],[128.4146,73.2562,0.0],[128.3979,73.2562,-0.1087],[128.3938,73.2583,0.0],[128.3625,73.2583,0.1864],[128.3609,73.2589,0.3594],[128.362,73.262,0.0],[128.3484,73.263,0.4343],[128.3495,73.2662,0.0],[128.3375,73.2667,0.0],[128.3276,73.2641,0.0],[128.3245,73.2589,1.0996],[128.3172,73.2578,0.5191],[128.3141,73.2526,0.4525],[128.3083,73.2521,0.0],[128.3037,73.2484,1.6911],[128.2964,73.2474,0.0],[128.2932,73.2422,1.1062],[128.2859,73.2412,0.0],[128.2828,73.2338,1.114],[128.2672,73.2307,0.0],[128.2625,73.2271,1.3964],[128.2521,73.2271,0.0],[128.2479,73.225,1.8406],[128.2417,73.2271,0.0],[128.1859,73.2266,0.0],[128.1797,73.2151,0.0],[128.1849,73.2141,1.9969],[128.1859,73.2109,1.2302],[128.1911,73.2089,0.0],[128.1891,73.2047,1.9166],[128.1818,73.2037,0.0],[128.1771,73.2,1.7791],[128.1667,73.1979,1.304],[128.1625,73.2,0.0],[128.1583,73.2,0.0],[128.1479,73.1958,2.1179],[128.1229,73.1958,0.0],[128.1187,73.1979,0.6727],[128.1,73.1979,0.0],[128.0958,73.1937,1.7147],[128.0818,73.1932,0.0],[128.0807,73.1901,1.3602],[128.0734,73.1891,0.0],[128.0724,73.1859,0.7951],[128.0651,73.1849,0.0],[128.062,73.1797,2.4992],[128.0313,73.1729,0.0],[128.025,73.1687,2.5784],[128.0,73.1667,0.0],[127.9953,73.163,0.9139],[127.9771,73.1583,0.0],[127.9651,73.1589,0.0],[127.9672,73.1641,1.0502],[127.9745,73.1651,0.0],[127.9776,73.1682,2.383],[127.9912,73.1693,0.0],[127.9859,73.1713,2.206],[127.9875,73.1729,2.5455],[127.9917,73.1729,0.0],[127.9958,73.175,2.1056],[128.0146,73.175,0.0],[128.0188,73.1771,2.1222],[128.0292,73.1771,0.0],[128.0474,73.1818,0.0],[128.0495,73.1839,0.0],[128.0495,73.187,0.0],[128.0396,73.1875,0.0],[128.038,73.1891,0.0],[128.05,73.1896,0.0],[128.0599,73.1922,0.0],[128.0646,73.1979,2.2799],[128.075,73.1979,0.0],[128.0792,73.2,1.8808],[128.0979,73.2,0.0],[128.1021,73.2021,2.3253],[128.1208,73.2021,0.0],[128.125,73.2042,0.0],[128.1292,73.2042,1.8912],[128.1333,73.2021,0.0],[128.1578,73.2026,0.0],[128.1609,73.2078,0.4787],[128.1682,73.2089,0.0],[128.1604,73.2125,0.1617],[128.1505,73.213,1.5775],[128.1521,73.2146,1.3138],[128.1578,73.2151,0.0],[128.1599,73.2193,0.0],[128.1583,73.2208,1.8052],[128.1313,73.2146,0.0],[128.125,73.2104,2.0097],[128.1146,73.2104,0.0],[128.1104,73.2083,0.9905],[128.0854,73.2083,0.0],[128.0838,73.2099,0.0],[128.1042,73.2104,0.0],[128.1141,73.213,0.0],[128.1167,73.2167,2.2917],[128.1292,73.2167,0.0],[128.1318,73.2203,0.4714],[128.1391,73.2214,0.0],[128.1422,73.2245,0.0],[128.1724,73.2318,0.0],[128.1755,73.2349,0.093],[128.1828,73.2359,0.0],[128.1854,73.2396,1.1766],[128.1896,73.2396,0.0],[128.1938,73.2417,0.6659],[128.2063,73.2417,0.0],[128.2088,73.2453,0.1274],[128.2328,73.2505,0.0],[128.2354,73.2542,0.0741],[128.2333,73.2562,0.143],[128.2104,73.2562,0.6362],[128.2063,73.2583,0.0],[128.1958,73.2583,0.0],[128.1917,73.2562,1.4055],[128.15,73.2542,0.0],[128.1458,73.2521,1.3222],[128.1333,73.2521,0.0],[128.1292,73.25,1.9259],[128.1047,73.2505,0.0],[128.1062,73.2521,0.0],[128.1229,73.2521,0.0],[128.1271,73.2542,0.0],[128.1396,73.2542,0.0],[128.1438,73.2562,0.0],[128.1542,73.2562,0.0],[128.1583,73.2583,0.0],[128.1708,73.2583,0.0],[128.1833,73.2625,1.5229],[128.1938,73.2625,1.7309],[128.1979,73.2604,0.0],[128.2354,73.2604,0.826],[128.2396,73.2583,0.0],[128.25,73.2604,0.0],[128.2563,73.2583,0.0],[128.2854,73.2667,0.0],[128.2979,73.2667,0.0],[128.3005,73.2703,0.5531],[128.3104,73.2729,0.0861],[128.3229,73.2729,0.0],[128.3292,73.2792,-0.1139],[128.3328,73.2786,0.0],[128.3318,73.2734,0.6998],[128.3333,73.2729,0.7558],[128.3583,73.2729,0.0],[128.3599,73.2745,0.9968],[128.3484,73.2755,0.1647],[128.3484,73.2786,1.0499],[128.3687,73.2792,1.0427],[128.3786,73.2818,0.5094],[128.3833,73.2854,0.9737],[128.3896,73.2833,0.2345],[128.4,73.2833,0.834],[128.4042,73.2813,1.2937],[128.4271,73.2813,0.0],[128.4333,73.2854,1.1335],[128.4604,73.2875,0.0],[128.4703,73.2901,0.4058],[128.4651,73.2922,0.2689],[128.4651,73.2953,0.9816],[128.4729,73.2958,0.5787],[128.4729,73.2979,0.3341],[128.4771,73.3,0.868],[128.4875,73.3,0.0542],[128.4922,73.3037,0.0],[128.4995,73.3047,0.0],[128.5016,73.312,0.0],[128.4964,73.3141,0.1609],[128.5021,73.3146,0.0],[128.5036,73.3161,0.0],[128.4979,73.3187,0.0],[128.4854,73.3187,0.588],[128.4854,73.3167,0.3907],[128.4693,73.3161,0.4308],[128.4708,73.3146,0.4078],[128.4828,73.3141,0.5494],[128.4792,73.3083,0.5702],[128.4797,73.3068,0.4837],[128.4849,73.3047,0.4687],[128.475,73.3021,-0.2394],[128.4625,73.3021,0.5233],[128.4563,73.3,0.3225],[128.45,73.3021,0.7021],[128.4453,73.2984,0.601],[128.4354,73.2958,0.8195],[128.4167,73.2958,0.7369],[128.4125,73.2937,0.1851],[128.4021,73.2937,0.8199],[128.3943,73.2963,0.6045],[128.3979,73.3,0.6668],[128.4167,73.3,0.7548],[128.4208,73.3021,0.887],[128.425,73.3021,0.304],[128.4266,73.3037,0.6675],[128.4214,73.3057,0.9493],[128.4287,73.3068,0.9933],[128.4208,73.3104,0.399],[128.4104,73.3104,0.0],[128.4042,73.3063,0.1716],[128.3938,73.3063,0.0],[128.3672,73.2995,0.0],[128.3625,73.2958,0.0],[128.3521,73.2958,0.0],[128.3474,73.2922,0.0],[128.3422,73.2922,0.0],[128.3422,73.2953,0.0],[128.3443,73.2974,0.6285],[128.3516,73.2984,0.0],[128.3526,73.3016,0.4462],[128.375,73.3063,0.1679],[128.3797,73.3099,0.4441],[128.4063,73.3167,0.1287],[128.4167,73.3167,0.0],[128.4229,73.3229,0.1188],[128.4271,73.3229,0.0],[128.4312,73.325,0.2989],[128.4438,73.325,0.0],[128.4479,73.3271,0.1272],[128.4646,73.3271,0.3012],[128.4688,73.325,0.0],[128.4729,73.325,0.0],[128.4755,73.3287,0.3896],[128.4828,73.3297,0.0077],[128.4849,73.3318,0.1822],[128.487,73.3359,0.0],[128.4854,73.3375,0.0],[128.4458,73.3396,0.0],[128.4276,73.3349,0.0967],[128.4276,73.3318,0.7112],[128.4375,73.3313,0.82],[128.4391,73.3297,0.7668],[128.4187,73.325,0.7964],[128.4109,73.3276,0.0545],[128.4099,73.3307,0.1613],[128.3984,73.3339,0.0],[128.4,73.3354,0.0],[128.4057,73.3359,0.0],[128.4104,73.3396,0.1622],[128.4208,73.3396,0.0],[128.425,73.3417,0.2125],[128.4312,73.3417,0.0906],[128.4312,73.3438,0.2017],[128.4583,73.3417,0.0628],[128.4625,73.3438,0.3349],[128.4667,73.3438,0.264],[128.4729,73.3417,0.4155],[128.4766,73.3443,0.3113],[128.4563,73.3521,0.0],[128.4312,73.3521,0.383],[128.4271,73.3542,0.4137],[128.4187,73.3542,0.4616],[128.4083,73.3583,0.0],[128.3854,73.3583,0.4579],[128.3813,73.3625,0.0],[128.3562,73.3625,0.0],[128.35,73.3604,0.2888],[128.3458,73.3625,0.0],[128.3417,73.3625,0.0],[128.3354,73.3604,0.0],[128.3214,73.3651,0.1873],[128.3229,73.3667,-0.0355],[128.3349,73.3672,0.074],[128.3333,73.3688,0.0],[128.3083,73.3688,0.0],[128.2984,73.3662,0.2564],[128.2958,73.3625,0.5289],[128.2833,73.3625,0.3138],[128.2771,73.3604,0.0],[128.2755,73.3609,0.0],[128.2755,73.3641,0.2445],[128.2896,73.3646,0.0],[128.2912,73.3651,0.0],[128.2912,73.3682,0.0],[128.2833,73.3708,0.0],[128.275,73.3708,0.3635],[128.2708,73.3729,0.0],[128.2589,73.3724,0.0],[128.2542,73.3646,0.1386],[128.2547,73.363,0.7704],[128.2599,73.362,0.6574],[128.2583,73.3604,0.7493],[128.2479,73.3604,0.8527],[128.2437,73.3625,0.5781],[128.2333,73.3625,0.5391],[128.2292,73.3646,0.6262],[128.2188,73.3646,0.7164],[128.2125,73.3625,1.0452],[128.2083,73.3646,0.693],[128.1979,73.3646,0.9244],[128.1797,73.3599,0.6505],[128.1745,73.3505,0.7155],[128.1604,73.3479,0.0],[128.1542,73.3438,1.1315],[128.1438,73.3458,0.0],[128.1396,73.3438,0.2542],[128.0917,73.3438,0.0],[128.0708,73.3375,1.5196],[128.0604,73.3375,0.0],[128.0339,73.3307,0.0],[128.0318,73.3255,1.5799],[128.037,73.3234,1.6543],[128.0297,73.3224,1.2732],[128.0286,73.3193,1.204],[128.0213,73.3182,0.0],[128.0266,73.3161,1.7633],[128.0224,73.3089,1.7867],[128.0042,73.3042,0.0],[127.9938,73.3042,0.0],[127.9891,73.3005,1.2534],[127.9818,73.2995,0.0],[127.9766,73.288,1.6452],[127.975,73.2875,1.8403],[127.9625,73.2875,0.0],[127.9583,73.2833,1.5311],[127.9313,73.2813,0.0],[127.9213,73.2786,0.0],[127.9213,73.2755,0.6126],[127.9266,73.2745,0.0],[127.9229,73.2708,1.9812],[127.9042,73.2708,0.0],[127.9,73.2688,0.0],[127.8729,73.2667,0.0],[127.8688,73.2646,0.0],[127.8583,73.2646,0.0],[127.8542,73.2625,0.0],[127.8354,73.2625,0.0],[127.8313,73.2604,1.3828],[127.8214,73.263,2.4276],[127.8229,73.2646,1.9871],[127.8333,73.2646,0.0],[127.8375,73.2667,0.2417],[127.8479,73.2667,0.0],[127.8771,73.275,1.041],[127.8896,73.275,0.0],[127.9161,73.2818,0.0],[127.9161,73.2849,1.9496],[127.9047,73.2859,1.9437],[127.9047,73.2891,2.1976],[127.9063,73.2896,2.1712],[127.9167,73.2896,1.7629],[127.9208,73.2854,1.4806],[127.9313,73.2854,0.0],[127.9354,73.2875,0.5595],[127.9458,73.2875,0.0],[127.95,73.2896,0.8389],[127.9542,73.2896,0.0],[127.9557,73.2901,0.0],[127.9589,73.2974,0.2745],[127.9661,73.2984,0.0],[127.9693,73.3016,0.0],[128.0099,73.3109,0.0],[128.012,73.3182,0.0],[127.988,73.3255,0.0],[127.9896,73.3271,0.0],[127.9953,73.3276,0.0],[127.9984,73.3307,0.0],[128.0057,73.3318,0.0],[128.0089,73.337,0.3188],[128.0161,73.338,0.0],[128.0146,73.3396,0.0],[128.0026,73.3401,0.3874],[128.0047,73.3453,0.0],[128.0229,73.35,1.4313],[128.0333,73.35,0.0],[128.0506,73.3544,0.0],[128.0537,73.3568,0.0],[128.0547,73.3599,1.1822],[128.0703,73.3609,0.0],[128.0703,73.3641,0.0],[128.0651,73.3662,1.0714],[128.0807,73.3693,0.0],[128.0854,73.375,1.2294],[128.0958,73.3729,0.0],[128.1,73.3771,1.0761],[128.0995,73.3786,0.6646],[128.0958,73.3792,0.3547],[128.0917,73.3771,1.4309],[128.0875,73.3771,0.9683],[128.0859,73.3776,0.9683],[128.087,73.3828,1.1334],[128.0688,73.3833,0.0],[128.0672,73.3849,0.0],[128.0813,73.3875,0.0],[128.0859,73.3912,0.0],[128.0932,73.3922,0.0],[128.0943,73.3953,0.3878],[128.1016,73.3964,0.0],[128.1037,73.3995,0.0],[128.0984,73.4005,0.0],[128.1,73.4021,0.0],[128.1182,73.4016,0.0],[128.1172,73.3964,0.6965],[128.1224,73.3953,0.6081],[128.1229,73.3938,0.2284],[128.137,73.3943,0.0],[128.1396,73.3979,0.8028],[128.1391,73.3995,0.792],[128.1339,73.4005,0.0],[128.1354,73.4021,0.0],[128.1687,73.4021,0.5056],[128.1703,73.4016,0.2981],[128.1693,73.3984,0.1689],[128.1812,73.3979,0.4153],[128.1875,73.3958,0.076],[128.1911,73.3984,0.3223],[128.1922,73.4016,0.433],[128.1995,73.4026,0.0],[128.2026,73.4057,0.3079],[128.2125,73.4083,0.2246],[128.225,73.4083,0.0],[128.225,73.4104,0.6533],[128.2266,73.4109,0.4118],[128.225,73.4125,0.0],[128.2083,73.4125,0.3109],[128.2042,73.4167,0.3004],[128.1792,73.4167,0.0],[128.175,73.4146,0.554],[128.1563,73.4146,0.0],[128.1521,73.4125,0.0],[128.1333,73.4125,0.0],[128.1042,73.4042,0.0],[128.1005,73.4047,0.0],[128.0979,73.4083,1.2602],[128.0875,73.4083,0.7254],[128.0828,73.4026,1.3428],[128.0755,73.4016,1.3342],[128.0745,73.3984,0.8846],[128.0479,73.3917,1.3547],[128.0437,73.3917,1.531],[128.0359,73.3953,1.0886],[128.0401,73.4016,0.0],[128.0521,73.4021,1.1425],[128.0537,73.4036,1.0027],[128.0396,73.4083,0.0],[128.0146,73.4083,0.7657],[128.0104,73.4063,1.1325],[127.9838,73.4068,0.0],[127.9854,73.4083,0.0],[128.0125,73.4104,0.0],[128.0161,73.413,0.0],[128.0083,73.4167,0.9232],[127.9812,73.4146,0.5263],[127.975,73.4125,1.4318],[127.9583,73.4187,1.2824],[127.9333,73.4167,1.5007],[127.9292,73.4187,0.0],[127.9187,73.4187,0.0],[127.9146,73.4167,1.4014],[127.8875,73.4167,0.0],[127.8833,73.4146,1.211],[127.8729,73.4146,0.0],[127.8604,73.4104,1.4436],[127.8479,73.4104,0.0],[127.8438,73.4063,1.4894],[127.8333,73.4063,0.0],[127.8167,73.4125,0.0],[127.7979,73.4125,0.0],[127.7953,73.4089,0.0],[127.7797,73.4057,0.0],[127.7776,73.4026,0.0],[127.8042,73.4021,0.0],[127.8083,73.4042,0.2138],[127.8125,73.4042,0.0],[127.8292,73.3979,0.2492],[127.8458,73.3979,1.3497],[127.85,73.3958,0.0738],[127.8583,73.3958,0.5975],[127.8604,73.3938,1.3619],[127.8583,73.3917,1.7049],[127.8167,73.3938,1.481],[127.8167,73.3917,1.7434],[127.7896,73.3917,0.9304],[127.7854,73.3958,1.8457],[127.775,73.3958,0.0],[127.7703,73.3901,1.5628],[127.763,73.3891,0.0],[127.762,73.3859,1.794],[127.7464,73.3828,0.0],[127.7479,73.3812,0.0],[127.7646,73.3812,0.0],[127.7662,73.3797,0.0],[127.7589,73.3786,1.8451],[127.7536,73.3693,0.0],[127.7464,73.3682,0.0],[127.7412,73.3588,0.0],[127.7255,73.3557,0.0],[127.7245,73.3526,0.0],[127.7188,73.3521,0.5821],[127.7125,73.3542,0.0],[127.7083,73.3521,0.0],[127.6792,73.3458,0.0],[127.6766,73.3422,2.8547],[127.6693,73.3411,0.0],[127.6745,73.3391,0.0],[127.6724,73.3359,0.0],[127.6583,73.3333,0.0],[127.6557,73.3297,1.5148],[127.6417,73.3271,0.0],[127.637,73.3234,1.8833],[127.6229,73.3208,0.0],[127.6042,73.3146,1.6774],[127.5917,73.3146,0.0],[127.5875,73.3125,0.7004],[127.5687,73.3125,0.0],[127.5646,73.3104,1.6468],[127.5542,73.3104,0.0],[127.5479,73.3063,0.3638],[127.5359,73.3057,0.0],[127.5313,73.3021,0.0],[127.5214,73.3047,2.2104],[127.5229,73.3063,2.265],[127.5453,73.3109,0.0],[127.5479,73.3146,2.4309],[127.5604,73.3146,0.0],[127.5729,73.3187,0.0],[127.5917,73.3187,0.0],[127.6021,73.3229,0.0],[127.6146,73.325,0.0],[127.6193,73.3287,0.5887],[127.6349,73.3318,0.0],[127.6359,73.3349,0.8315],[127.65,73.3375,0.0],[127.6547,73.3411,0.0],[127.662,73.3422,0.0],[127.6568,73.3453,0.0],[127.6625,73.3458,0.0],[127.6641,73.3474,0.0],[127.6583,73.3479,0.0],[127.6568,73.3495,2.539],[127.675,73.3542,2.4142],[127.6875,73.3542,0.0],[127.6974,73.3568,0.0],[127.6984,73.3599,2.2804],[127.7057,73.3609,0.0],[127.7089,73.3662,1.3004],[127.7161,73.3672,0.0],[127.7234,73.3807,0.0],[127.7255,73.3828,0.0],[127.7307,73.3839,0.0],[127.7255,73.387,0.9307],[127.7328,73.388,0.0],[127.7354,73.3917,0.0],[127.7333,73.3938,0.0],[127.7167,73.3938,0.0],[127.7151,73.3953,0.0],[127.7391,73.4005,0.0],[127.7422,73.4057,1.0767],[127.7495,73.4068,0.0],[127.7547,73.4141,0.0],[127.7646,73.4167,0.0],[127.7682,73.4161,0.9029],[127.7708,73.4125,0.0],[127.7813,73.4125,0.0],[127.7854,73.4146,0.0],[127.8042,73.4146,0.0],[127.8083,73.4167,0.0],[127.8479,73.4146,0.0],[127.8578,73.4172,0.0],[127.8604,73.4208,0.0],[127.8729,73.4208,0.0],[127.8771,73.4229,0.0],[127.925,73.4229,0.0],[127.9375,73.4271,0.3397],[127.9479,73.4271,0.0],[127.9495,73.4255,0.0],[127.9437,73.425,0.0],[127.9422,73.4234,0.3096],[127.9542,73.4229,0.0],[127.9724,73.4276,0.0],[127.9708,73.4292,0.0],[127.9589,73.4297,0.2535],[127.9604,73.4313,0.0],[127.9729,73.4313,0.0],[127.9854,73.4354,0.0],[128.0188,73.4354,0.0],[128.0396,73.4417,0.4518],[128.05,73.4417,0.0],[128.0516,73.4401,0.0],[128.0495,73.438,0.0],[128.0396,73.4354,0.4113],[128.0292,73.4354,0.0],[128.0167,73.4313,0.0],[127.9896,73.4292,0.0],[127.9797,73.4255,0.0],[127.9875,73.4229,0.0],[127.9938,73.425,0.0],[128.0188,73.425,0.0],[128.0391,73.4182,0.7648],[128.0391,73.4151,0.0],[128.0313,73.4146,0.0],[128.0318,73.413,0.0],[128.0396,73.4104,0.0],[128.0562,73.4104,0.0],[128.0688,73.4146,0.3061],[128.0958,73.4146,0.0],[128.1057,73.4172,0.0],[128.1068,73.4203,0.0],[128.1125,73.4208,0.0],[128.1162,73.4234,0.0],[128.1162,73.4266,0.5078],[128.1109,73.4276,0.399],[128.1125,73.4313,0.0],[128.1062,73.4313,0.0],[128.0938,73.4271,0.0],[128.075,73.4271,0.0],[128.0708,73.425,0.7427],[128.0672,73.4255,0.0],[128.0672,73.4287,0.0],[128.0688,73.4292,0.0],[128.0729,73.4292,0.0],[128.0771,73.4313,0.0],[128.0958,73.4313,0.0],[128.1141,73.4359,0.0],[128.1167,73.4396,0.0],[128.1146,73.4417,0.0],[128.0979,73.4417,0.0],[128.0938,73.4437,0.0],[128.0755,73.4443,0.4759],[128.0771,73.4458,0.0],[128.0828,73.4464,0.0],[128.0849,73.4484,0.0],[128.0833,73.45,0.0],[128.0646,73.45,0.0],[128.0583,73.4479,0.0],[128.0568,73.4484,0.0],[128.0568,73.4516,0.3463],[128.0625,73.4521,0.0],[128.0641,73.4537,0.0],[128.0562,73.4563,0.0],[128.0479,73.4563,0.0],[128.0437,73.4583,0.0],[128.0042,73.4583,0.364],[128.0,73.4604,0.0],[127.9896,73.4604,0.0],[127.9797,73.4578,0.3412],[127.9786,73.4547,0.5528],[127.9714,73.4537,0.0],[127.9682,73.4505,0.7595],[127.9609,73.4495,0.0],[127.9599,73.4464,0.8625],[127.9542,73.4458,0.0],[127.9495,73.4422,0.0],[127.9375,73.4396,0.2885],[127.9297,73.4422,1.2056],[127.9297,73.4453,0.6113],[127.9333,73.4479,0.4911],[127.9537,73.4484,0.0],[127.9563,73.4542,0.0],[127.9542,73.4563,0.3043],[127.9359,73.4568,0.0],[127.938,73.4599,0.2212],[127.95,73.4604,0.0],[127.9542,73.4625,0.0],[127.9667,73.4625,0.0],[127.9682,73.463,0.0],[127.9682,73.4661,0.0],[127.9604,73.4688,0.0],[127.9208,73.4688,0.367],[127.9167,73.4708,0.0],[127.8771,73.4688,0.0],[127.8734,73.4651,0.8392],[127.8812,73.4625,0.9367],[127.8995,73.462,0.6479],[127.8964,73.4505,0.6941],[127.9016,73.4484,0.0],[127.8917,73.4458,0.298],[127.8854,73.4479,0.5233],[127.8583,73.4479,1.2482],[127.8521,73.4458,1.2587],[127.8443,73.4484,1.3433],[127.8438,73.45,1.0994],[127.8443,73.4516,0.9388],[127.85,73.4521,1.3762],[127.8516,73.4537,1.094],[127.8417,73.4563,1.2304],[127.8318,73.4537,1.1806],[127.8266,73.4443,1.4678],[127.8208,73.4437,0.0],[127.8161,73.4401,0.0],[127.8089,73.4391,0.0],[127.8078,73.4339,1.2056],[127.7922,73.4328,0.0],[127.7974,73.4297,1.3365],[127.7818,73.4266,0.0],[127.7807,73.4234,0.5181],[127.7734,73.4224,0.0],[127.7703,73.4193,0.0],[127.7667,73.4187,0.0],[127.7646,73.4208,0.0],[127.7672,73.4245,0.0],[127.7745,73.4255,0.0],[127.7755,73.4287,1.183],[127.7828,73.4297,0.0],[127.7859,73.4349,1.2386],[127.7932,73.4359,0.0],[127.7958,73.4396,1.3323],[127.8099,73.4422,0.0],[127.8047,73.4443,1.2998],[127.8057,73.4474,1.4937],[127.8042,73.4479,1.4552],[127.7917,73.4458,1.5227],[127.7875,73.4437,1.5849],[127.7755,73.4443,1.4955],[127.7776,73.4474,1.1917],[127.7911,73.4484,0.6447],[127.7859,73.4505,1.1275],[127.7875,73.4521,1.0354],[127.7979,73.4521,1.4043],[127.8021,73.45,0.4739],[127.8063,73.45,1.5445],[127.8109,73.4557,0.5705],[127.8182,73.4568,0.0],[127.8193,73.4599,0.8393],[127.8266,73.4609,0.0],[127.8313,73.4646,0.3822],[127.8417,73.4646,0.0],[127.8432,73.4661,0.0],[127.8354,73.4688,0.0],[127.7604,73.4688,0.0],[127.7557,73.4651,1.2917],[127.7458,73.4625,1.6439],[127.7422,73.463,1.3737],[127.7396,73.4667,1.2187],[127.7146,73.4667,1.2852],[127.7,73.4625,1.4561],[127.6896,73.4667,0.0],[127.6792,73.4667,0.0],[127.675,73.4688,0.0],[127.6646,73.4667,0.4847],[127.6604,73.4688,0.0],[127.65,73.4688,0.0],[127.6458,73.4708,0.0],[127.6229,73.4708,0.9992],[127.6151,73.4734,1.085],[127.6167,73.4792,0.0],[127.6162,73.4807,0.0],[127.6109,73.4818,0.5978],[127.612,73.4849,0.0],[127.6,73.4854,0.6302],[127.5958,73.4875,0.0],[127.5479,73.4875,0.0],[127.5375,73.4833,0.6911],[127.5318,73.4828,1.0327],[127.5297,73.4807,0.7637],[127.5349,73.4776,0.949],[127.5229,73.4771,0.0],[127.5193,73.4745,0.0],[127.5271,73.4708,1.6363],[127.5391,73.4703,1.2654],[127.5318,73.4672,0.5189],[127.5458,73.4625,0.0],[127.5557,73.462,0.0],[127.5542,73.4604,0.0],[127.5375,73.4604,1.0662],[127.5349,73.4641,0.0],[127.525,73.4646,0.0],[127.5083,73.4708,0.4363],[127.4896,73.4708,0.0],[127.4854,73.4688,0.0],[127.4792,73.4708,0.0],[127.4526,73.4703,0.0],[127.4505,73.4672,0.0],[127.4557,73.4651,1.3084],[127.4484,73.4641,0.0],[127.4479,73.4625,0.0],[127.4484,73.4609,0.0],[127.4599,73.4578,1.5196],[127.4568,73.4505,0.0],[127.462,73.4495,0.0],[127.462,73.4464,0.0],[127.4547,73.4422,0.0],[127.4599,73.4401,1.368],[127.4109,73.4287,0.0],[127.4068,73.4213,0.0],[127.4182,73.4182,1.8146],[127.4109,73.4151,0.0],[127.4307,73.4099,2.0333],[127.4297,73.4047,0.0],[127.4349,73.4026,0.0],[127.4328,73.4005,0.0],[127.4255,73.3995,0.0],[127.4255,73.3964,0.0],[127.437,73.3932,0.0],[127.4359,73.3901,0.0],[127.4432,73.3891,0.0],[127.4422,73.3859,0.0],[127.4474,73.3849,0.0],[127.4484,73.3818,0.0],[127.4599,73.3786,1.3367],[127.4589,73.3734,0.0],[127.4688,73.3729,0.453],[127.4828,73.3682,0.0],[127.4818,73.363,0.0],[127.4833,73.3625,0.0],[127.4938,73.3625,0.0],[127.5,73.3604,0.0],[127.5047,73.3641,0.0],[127.5146,73.3667,0.0],[127.5182,73.3662,0.0],[127.5182,73.363,0.0],[127.5083,73.3583,0.6323],[127.4943,73.3578,0.0],[127.4917,73.3542,0.2511],[127.4792,73.3542,0.0],[127.475,73.35,2.25],[127.4625,73.35,0.0],[127.4583,73.3479,1.8829],[127.4333,73.3479,1.4375],[127.4271,73.35,0.0],[127.4229,73.3479,1.6873],[127.3896,73.3479,0.0],[127.3854,73.3458,1.0511],[127.3729,73.3458,0.0],[127.3625,73.3417,0.0],[127.3568,73.3411,0.0],[127.3526,73.3339,0.0],[127.3578,73.3328,1.4118],[127.3568,73.3276,0.0],[127.3703,73.3266,0.1581],[127.3688,73.3229,0.0],[127.3693,73.3193,0.0],[127.3745,73.3182,1.4248],[127.3714,73.3109,0.0],[127.3766,73.3099,2.8757],[127.3755,73.3047,0.0],[127.3807,73.3037,2.7507],[127.3812,73.3021,2.4572],[127.3786,73.2943,0.0],[127.3604,73.2896,0.8881],[127.3562,73.2896,1.1011],[127.3521,73.2917,0.0],[127.3354,73.2917,0.0],[127.3313,73.2896,0.5121],[127.3187,73.2896,0.0],[127.3089,73.287,0.0],[127.3078,73.2839,2.3338],[127.2922,73.2807,0.0],[127.2818,73.2578,0.0],[127.287,73.2557,3.3075],[127.2875,73.2542,3.2086],[127.2849,73.2464,3.4366],[127.2828,73.2422,3.5952],[127.2755,73.2412,0.0],[127.2734,73.2391,0.0],[127.2786,73.2359,3.5539],[127.2667,73.2354,0.0],[127.2625,73.2375,0.0044],[127.2542,73.2375,0.4447],[127.2505,73.2349,-0.1133],[127.2495,73.2318,2.1491],[127.2422,73.2307,0.0],[127.2401,73.2286,0.0],[127.2479,73.225,0.0],[127.2521,73.225,0.0],[127.2562,73.2271,1.3389],[127.2729,73.2271,0.0],[127.2745,73.2255,3.0568],[127.2625,73.225,0.0],[127.25,73.2208,0.8994],[127.2396,73.2208,0.0],[127.2333,73.2167,0.1358],[127.2109,73.212,0.0],[127.2161,73.2099,1.0233],[127.2172,73.2068,-0.1853],[127.2286,73.2037,0.8867],[127.2292,73.2021,1.6871],[127.2266,73.1984,0.0],[127.2193,73.1974,0.0],[127.2193,73.1943,0.0],[127.2245,73.1922,0.0847],[127.2182,73.1776,2.5816],[127.2026,73.1745,0.0],[127.2005,73.1693,0.0],[127.2057,73.1672,3.6407],[127.1984,73.1661,0.0],[127.1964,73.162,0.0],[127.1979,73.1604,0.0],[127.2037,73.1599,1.4817],[127.1937,73.1375,0.0],[127.1943,73.1359,2.831],[127.1995,73.1339,5.0391],[127.1922,73.1328,3.6231],[127.1891,73.1297,0.8284],[127.1729,73.125,4.0542],[127.1604,73.125,0.0],[127.1563,73.1229,0.5335],[127.1443,73.1224,0.0],[127.1422,73.1172,0.2079],[127.1474,73.1162,1.674],[127.1484,73.113,0.0],[127.175,73.1042,0.0],[127.1833,73.1042,2.0331],[127.1859,73.1005,0.0],[127.1974,73.0974,5.5382],[127.1958,73.0958,4.9624],[127.1901,73.0953,0.0],[127.1953,73.0932,3.5563],[127.1943,73.088,3.8552],[127.2021,73.0854,0.0],[127.2203,73.0849,4.1437],[127.2188,73.0833,0.0],[127.2,73.0833,0.389],[127.1896,73.0792,4.6507],[127.1792,73.0792,0.0],[127.1776,73.0807,1.373],[127.1833,73.0813,0.0],[127.1849,73.0828,0.0],[127.1797,73.0839,1.3849],[127.1792,73.0875,2.2384],[127.1813,73.0917,1.6429],[127.1807,73.0932,1.3865],[127.1755,73.0943,0.0],[127.1766,73.0974,0.0],[127.1589,73.1026,1.461],[127.1578,73.1057,0.0],[127.1438,73.1104,0.0],[127.1339,73.1109,0.1994],[127.1328,73.1162,0.0],[127.1276,73.1182,0.7275],[127.1349,73.1193,0.0],[127.1396,73.125,3.8785],[127.1438,73.125,0.0],[127.1563,73.1292,1.5652],[127.1667,73.1292,0.0],[127.1766,73.1318,0.0],[127.1776,73.1349,1.9021],[127.1849,73.1359,0.0],[127.1875,73.1396,0.2414],[127.187,73.1412,0.0],[127.1818,73.1422,1.6528],[127.1828,73.1474,0.0],[127.175,73.15,0.9074],[127.1646,73.15,0.0],[127.138,73.1432,0.0],[127.1354,73.1396,1.3118],[127.1214,73.137,0.0],[127.1182,73.1297,1.7532],[127.1167,73.1292,0.7797],[127.1062,73.1292,0.0],[127.0984,73.1318,3.7536],[127.1,73.1333,4.9399],[127.1141,73.1359,0.0],[127.1151,73.1391,3.381],[127.1224,73.1401,0.0],[127.1255,73.1453,3.6742],[127.1438,73.15,0.0891],[127.1542,73.15,0.0],[127.1589,73.1536,-0.0229],[127.1641,73.1547,-0.0309],[127.1672,73.1599,0.9695],[127.1745,73.1609,0.0],[127.1797,73.1703,3.1786],[127.187,73.1713,0.0],[127.1891,73.1766,0.0],[127.1839,73.1787,2.4998],[127.1974,73.1818,0.0],[127.1922,73.1849,0.1871],[127.1943,73.187,0.1228],[127.2016,73.188,0.0],[127.1901,73.1922,0.0],[127.1911,73.2016,0.0],[127.1859,73.2037,3.1462],[127.188,73.2057,2.082],[127.1937,73.2063,0.0],[127.1953,73.2078,0.0],[127.1901,73.2089,0.0],[127.1891,73.2141,0.0],[127.1839,73.2151,2.5757],[127.1849,73.2203,0.0],[127.175,73.2208,0.9101],[127.1708,73.2229,0.346],[127.1604,73.2229,0.0],[127.1526,73.2255,-0.2878],[127.1599,73.2286,0.0],[127.1547,73.2297,0.0401],[127.1557,73.2328,0.0],[127.1479,73.2354,0.0],[127.1359,73.2359,2.0872],[127.1359,73.2391,0.0],[127.15,73.2396,0.1105],[127.1563,73.2417,0.0],[127.1641,73.2391,3.7088],[127.163,73.2338,0.0],[127.1703,73.2328,0.0],[127.1693,73.2297,0.0],[127.1958,73.2208,3.5448],[127.2063,73.2208,0.0],[127.2161,73.2234,0.0],[127.2172,73.2266,1.5833],[127.2245,73.2276,-0.1128],[127.2276,73.2328,2.9606],[127.2349,73.2338,0.0],[127.238,73.2391,1.5767],[127.25,73.2396,0.0],[127.2625,73.2438,1.5176],[127.2667,73.2438,0.0],[127.2703,73.2464,0.0],[127.2714,73.2495,0.6721],[127.2786,73.2505,0.0],[127.2786,73.2536,0.0],[127.2672,73.2547,0.715],[127.2682,73.2599,0.0],[127.263,73.2609,1.277],[127.262,73.2641,0.8225],[127.2568,73.2651,2.0161],[127.2583,73.2667,0.0],[127.2641,73.2672,0.0],[127.2589,73.2693,0.0],[127.263,73.2807,3.0237],[127.2688,73.2813,0.0],[127.2734,73.2849,3.0229],[127.2917,73.2896,3.1297],[127.3021,73.2896,0.0],[127.3146,73.2937,2.0649],[127.3333,73.2937,0.0],[127.3458,73.2979,0.0],[127.3562,73.2979,0.0],[127.3662,73.3005,0.0],[127.3662,73.3037,0.9076],[127.3609,73.3047,0.7861],[127.3646,73.3125,0.0],[127.3641,73.3141,0.0],[127.3588,73.3151,1.5003],[127.3599,73.3182,0.0],[127.3464,73.3193,1.6605],[127.3474,73.3224,0.0],[127.3339,73.3255,2.5167],[127.3349,73.3307,0.0],[127.3297,73.3328,2.6444],[127.3318,73.337,2.2953],[127.3391,73.338,0.0],[127.3422,73.3411,0.0],[127.3792,73.35,0.0],[127.3828,73.3526,0.0],[127.3714,73.3578,0.0],[127.3896,73.3583,2.3775],[127.4,73.3542,1.2872],[127.425,73.3542,1.4463],[127.4292,73.3521,0.0],[127.4688,73.3521,0.0],[127.4714,73.3557,0.9395],[127.4786,73.3568,0.0],[127.4807,73.3599,0.0],[127.4755,73.3609,0.4046],[127.4745,73.3641,0.0],[127.4604,73.3688,0.0],[127.4484,73.3693,1.9513],[127.4495,73.3724,0.0],[127.4443,73.3734,0.0],[127.4432,73.3766,0.0],[127.438,73.3776,0.8937],[127.4391,73.3807,0.9821],[127.4339,73.3818,1.3829],[127.4328,73.3849,0.0],[127.425,73.3875,0.0],[127.4167,73.3875,0.0],[127.4042,73.3917,0.0],[127.3938,73.3917,0.0],[127.3859,73.3891,0.0],[127.3828,73.3859,0.4883],[127.3604,73.3812,0.0],[127.3578,73.3776,0.0],[127.3438,73.375,0.0],[127.3401,73.3724,0.0],[127.3401,73.3693,0.0],[127.3453,73.3682,0.9452],[127.3464,73.3651,0.0],[127.3542,73.3625,0.0],[127.3641,73.362,1.7365],[127.3641,73.3588,0.0],[127.3625,73.3583,0.0],[127.3505,73.3588,0.0],[127.3443,73.3609,1.9537],[127.3432,73.3641,0.0],[127.3318,73.3672,1.9237],[127.3313,73.3688,2.2389],[127.3359,73.3766,2.3074],[127.3432,73.3776,1.0456],[127.3443,73.3807,2.2272],[127.3667,73.3854,0.0],[127.3714,73.3891,0.0],[127.3849,73.3922,0.0],[127.3896,73.3958,1.262],[127.3953,73.3964,0.0],[127.3964,73.3995,1.3937],[127.4036,73.4005,0.0],[127.4078,73.4068,0.7354],[127.4063,73.4083,0.0],[127.3833,73.4104,0.0],[127.3729,73.4146,0.0],[127.3672,73.4151,0.0],[127.3693,73.4182,0.0],[127.375,73.4187,0.0],[127.3766,73.4203,0.0],[127.3714,73.4213,0.0],[127.3724,73.4266,0.0],[127.3672,73.4276,1.0914],[127.3662,73.4307,0.0],[127.3547,73.4339,0.0],[127.3562,73.4354,0.0],[127.362,73.4359,0.0],[127.3568,73.4391,0.0],[127.3833,73.4458,0.0],[127.4021,73.4458,0.0],[127.412,73.4484,0.0],[127.413,73.4516,1.9538],[127.4187,73.4521,0.0],[127.4234,73.4557,0.6126],[127.4307,73.4568,0.0],[127.4255,73.4589,0.0],[127.4255,73.462,0.0],[127.4292,73.4688,0.9252],[127.4287,73.4703,1.0927],[127.4234,73.4724,1.1564],[127.4458,73.4771,0.0],[127.4474,73.4786,0.0],[127.4396,73.4812,0.0],[127.4292,73.4812,0.0],[127.4245,73.4776,1.6341],[127.4208,73.4771,1.6341],[127.4182,73.4807,0.0],[127.4083,73.4812,1.3725],[127.4042,73.4833,0.0],[127.3792,73.4833,0.0],[127.3776,73.4818,0.0],[127.3828,73.4797,1.7621],[127.3786,73.4714,0.9],[127.3714,73.4703,0.0],[127.3693,73.4682,0.0],[127.3745,73.4651,2.2012],[127.3672,73.4641,0.0],[127.3662,73.4589,0.0],[127.3604,73.4583,0.0],[127.3588,73.4599,0.0],[127.362,73.4682,0.0],[127.3568,73.4703,1.0839],[127.3641,73.4714,0.0],[127.3729,73.4896,0.0],[127.3724,73.4932,0.0],[127.3609,73.4964,0.6186],[127.362,73.4995,0.0],[127.3568,73.5005,1.4603],[127.3641,73.5036,0.0],[127.35,73.5083,0.0],[127.3396,73.5083,0.4007],[127.3292,73.5125,0.0],[127.3125,73.5125,0.6843],[127.3083,73.5146,0.0],[127.2979,73.5146,0.3533],[127.2963,73.5151,0.3772],[127.2974,73.5182,0.0],[127.2958,73.5188,0.0],[127.2792,73.5188,0.0],[127.275,73.5208,0.0],[127.25,73.5208,0.0],[127.2458,73.5229,0.0],[127.2354,73.5229,0.0],[127.2312,73.5208,0.0],[127.2271,73.5208,0.0],[127.2229,73.5229,0.0],[127.2125,73.5229,0.0],[127.2083,73.5208,0.0],[127.1687,73.5208,0.0],[127.1646,73.5229,0.0],[127.1479,73.5229,0.7844],[127.1464,73.5234,0.4037],[127.1474,73.5266,0.0],[127.1458,73.5271,0.0],[127.1271,73.5271,0.0],[127.1224,73.5234,0.0],[127.1125,73.5208,0.8031],[127.0792,73.5208,0.0],[127.075,73.5188,0.2882],[127.063,73.5182,0.0],[127.0682,73.5162,0.0],[127.0667,73.5146,0.0],[127.0547,73.5151,0.1495],[127.0557,73.5203,0.1791],[127.0479,73.5229,0.0],[127.0375,73.5229,0.0],[127.0313,73.5188,0.3508],[127.0208,73.5188,0.0],[127.0146,73.5208,0.0],[127.0083,73.5167,0.0],[126.9964,73.5162,0.0],[127.0016,73.513,0.0],[126.9995,73.5109,0.1931],[126.9922,73.5099,0.0],[126.9912,73.5068,0.345],[126.9838,73.5057,0.0],[126.9953,73.5016,0.0],[126.9943,73.4943,0.0],[127.012,73.4891,1.0208],[127.0125,73.4875,0.982],[127.0078,73.4797,0.0],[127.0005,73.4786,0.0],[126.9984,73.4714,0.0],[127.0036,73.4693,1.1372],[126.9964,73.4682,0.0],[126.9932,73.463,0.0],[126.9859,73.462,0.0],[126.9912,73.4599,0.6762],[126.9917,73.4563,1.3287],[126.988,73.4484,0.0411],[126.9932,73.4464,0.1613],[126.9812,73.4458,0.8273],[126.9714,73.4432,0.0],[126.9766,73.4411,0.5278],[126.9771,73.4396,0.0],[126.9766,73.438,0.0],[126.9708,73.4375,0.0],[126.9693,73.4359,0.0],[126.9745,73.4339,0.0],[126.9589,73.4307,0.0],[126.9641,73.4276,0.0],[126.9568,73.4266,0.0],[126.9547,73.4213,0.0],[126.9667,73.4208,0.3616],[126.9708,73.4187,0.0],[126.9792,73.4187,0.7076],[126.9833,73.4167,0.0],[127.0146,73.4167,0.1186],[127.0286,73.412,0.0],[127.0286,73.4068,0.0],[127.0083,73.4083,0.0],[127.0042,73.4104,0.0],[126.9875,73.4104,1.3736],[126.9833,73.4125,1.0918],[126.9458,73.4125,0.3131],[126.9318,73.4172,0.0],[126.9307,73.4203,0.0],[126.9255,73.4213,1.1537],[126.9245,73.4245,0.0362],[126.9167,73.4271,0.5064],[126.9047,73.4245,-0.1313],[126.9016,73.4193,0.657],[126.8943,73.4182,0.0],[126.8995,73.4151,1.5245],[126.8922,73.4141,0.0],[126.8974,73.412,1.6166],[126.8979,73.4104,1.6936],[126.8943,73.3984,0.0],[126.8995,73.3964,1.9991],[126.8922,73.3922,0.0],[126.8974,73.3912,0.0],[126.8964,73.388,0.0],[126.8979,73.3875,0.0],[126.9083,73.3875,0.0],[126.9125,73.3854,-0.0596],[126.9208,73.3854,0.0],[126.925,73.3833,0.0],[126.9292,73.3833,0.0],[126.9292,73.3812,0.0],[126.9349,73.3807,0.0],[126.9359,73.3776,0.0],[126.9474,73.3745,0.0],[126.9474,73.3714,0.0],[126.9437,73.3688,0.1752],[126.9187,73.3688,0.0123],[126.9063,73.3729,-0.0895],[126.9016,73.3693,2.0067],[126.8943,73.3682,0.0],[126.8932,73.3651,0.2228],[126.8859,73.3641,0.0],[126.8828,73.3588,0.7236],[126.8755,73.3578,0.0],[126.8724,73.3526,0.0836],[126.8672,73.3516,0.0296],[126.8646,73.3479,0.7821],[126.8651,73.3464,0.6757],[126.8703,73.3453,-0.0438],[126.8693,73.3422,0.0983],[126.8771,73.3396,0.0],[126.8875,73.3396,2.2077],[126.8979,73.3354,0.0],[126.9083,73.3354,2.4147],[126.9187,73.3313,0.0],[126.9271,73.3313,2.1757],[126.9437,73.325,-0.185],[126.9542,73.325,0.1959],[126.9583,73.3229,0.0],[126.975,73.3229,0.0],[126.9792,73.3208,0.0],[126.9875,73.3208,0.0],[126.9917,73.3187,0.0],[127.0083,73.3187,2.1478],[127.0188,73.3146,0.0],[127.0229,73.3146,2.5302],[127.0557,73.3037,0.0],[127.0537,73.3005,0.0],[127.0463,73.2995,1.1163],[127.0516,73.2974,0.0],[127.0516,73.2922,0.0],[127.0375,73.2917,0.0],[127.025,73.2875,0.0],[127.0208,73.2875,0.0],[127.0193,73.287,0.0],[127.0182,73.2818,0.9448],[127.0042,73.2792,0.0],[127.0026,73.2807,1.8441],[127.0047,73.2828,0.0],[127.0099,73.2839,0.0],[127.013,73.2891,2.9129],[127.0271,73.2917,0.0],[127.0307,73.2943,-0.0697],[127.0307,73.2995,0.0],[127.0255,73.3005,2.9415],[127.0266,73.3037,0.0],[127.0214,73.3047,2.5861],[127.0224,73.3099,0.1427],[127.0104,73.3104,0.4063],[127.0,73.3146,-0.0404],[126.925,73.3146,0.0],[126.9208,73.3125,1.9196],[126.9167,73.3125,1.6904],[126.9151,73.3141,0.0],[126.9172,73.3161,0.0],[126.9245,73.3172,0.0],[126.9266,73.3245,0.2199],[126.9146,73.325,1.8342],[126.9042,73.3292,0.0973],[126.8958,73.3292,1.0813],[126.8854,73.3333,0.0704],[126.8667,73.3333,-0.449],[126.8625,73.3292,1.3568],[126.8521,73.3292,0.0],[126.8479,73.3313,0.0],[126.8359,73.3318,2.1598],[126.837,73.3349,0.0],[126.8318,73.3359,1.8555],[126.8292,73.3396,1.824],[126.8229,73.3375,1.3416],[126.8172,73.338,1.6754],[126.8161,73.3411,1.3569],[126.8047,73.3453,1.68],[126.8187,73.3479,1.4156],[126.8229,73.3458,1.4129],[126.8313,73.3458,2.1806],[126.8354,73.3438,1.777],[126.8396,73.3438,0.0],[126.8432,73.3484,0.0],[126.8443,73.3536,1.5517],[126.8599,73.3568,0.0],[126.8651,73.3641,2.1623],[126.8807,73.3703,0.3828],[126.863,73.3755,1.7288],[126.862,73.3807,0.7077],[126.8568,73.3818,1.7002],[126.8578,73.387,0.0],[126.8526,73.388,0.9586],[126.8536,73.3912,0.0],[126.8401,73.3943,1.8096],[126.8411,73.3974,0.0],[126.8359,73.3984,0.8093],[126.8349,73.4016,0.0],[126.8234,73.4047,0.9952],[126.825,73.4063,0.402],[126.8307,73.4068,0.0],[126.8255,73.4089,0.0],[126.8266,73.4141,0.0],[126.8214,73.4151,-0.1044],[126.8229,73.4167,0.0],[126.8287,73.4172,0.0],[126.8313,73.425,1.3681],[126.8307,73.4266,0.9681],[126.8255,73.4287,1.4244],[126.8297,73.437,0.8091],[126.837,73.438,0.0],[126.8318,73.4401,0.9231],[126.8307,73.4432,1.6935],[126.8229,73.4458,0.9395],[126.8063,73.4458,0.0],[126.7854,73.4396,0.4919],[126.7583,73.4375,0.0],[126.7547,73.4349,0.0],[126.7536,73.4318,0.0],[126.7464,73.4307,0.0],[126.7432,73.4255,0.0],[126.7359,73.4245,0.0],[126.7349,73.4213,0.0],[126.7276,73.4203,0.0],[126.7328,73.4172,0.0],[126.7255,73.4161,0.0],[126.7229,73.4104,0.0],[126.7234,73.4089,0.0],[126.7286,73.4078,1.0293],[126.7286,73.4047,1.2548],[126.7104,73.4,0.2162],[126.6979,73.4,0.0],[126.6964,73.3984,-0.0825],[126.7078,73.3953,0.7361],[126.7089,73.3901,0.0],[126.7229,73.3854,0.0],[126.7458,73.3833,0.0],[126.75,73.3854,0.0],[126.7542,73.3854,1.0903],[126.7807,73.3766,1.2651],[126.7807,73.3734,0.0],[126.775,73.3729,0.0998],[126.7646,73.3771,0.0],[126.7396,73.3771,0.0],[126.7333,73.3708,0.3438],[126.7083,73.3688,0.0],[126.7042,73.3667,0.7939],[126.6354,73.3667,1.6228],[126.6312,73.3688,0.0],[126.6146,73.3688,1.4466],[126.6104,73.3708,0.2941],[126.6,73.3708,1.8174],[126.5958,73.3729,0.2889],[126.5563,73.3729,0.0],[126.5463,73.3703,1.1577],[126.5463,73.3672,0.5407],[126.5604,73.3625,0.0],[126.5687,73.3625,2.4154],[126.5729,73.3604,0.0],[126.5979,73.3604,0.0],[126.6146,73.3542,0.0],[126.6266,73.3536,2.3668],[126.6245,73.3505,0.406],[126.6172,73.3495,0.0],[126.6162,73.3443,0.1508],[126.6141,73.3422,0.1416],[126.6068,73.3411,0.0],[126.612,73.338,0.9631],[126.6047,73.337,0.0],[126.6036,73.3339,0.0],[126.5979,73.3333,0.0],[126.5964,73.3318,0.0],[126.6167,73.325,0.3768],[126.6224,73.3245,2.0868],[126.6214,73.3214,0.0],[126.6328,73.3182,2.5035],[126.6339,73.3151,0.0],[126.6578,73.3078,2.8089],[126.6589,73.3047,0.0],[126.6641,73.3037,2.6848],[126.663,73.2984,0.0],[126.6766,73.2974,2.9663],[126.6745,73.2943,2.8968],[126.6687,73.2937,0.0],[126.6672,73.2922,0.0],[126.6724,73.2911,0.0],[126.6734,73.288,0.0],[126.6787,73.2859,3.1078],[126.6729,73.2854,0.0],[126.6589,73.2901,1.5828],[126.6599,73.2932,0.0],[126.6458,73.2979,1.2057],[126.6401,73.2974,0.0],[126.637,73.2901,0.0],[126.6297,73.2901,0.0],[126.6333,73.3,0.1937],[126.6328,73.3016,0.1254],[126.6276,73.3026,0.3495],[126.6286,73.3078,0.0],[126.6188,73.3083,0.7604],[126.6172,73.3089,1.4326],[126.6162,73.3141,0.0],[126.6062,73.3146,1.6555],[126.6036,73.3182,0.3581],[126.5938,73.3187,1.4655],[126.5859,73.3214,2.6391],[126.5849,73.3266,0.0],[126.5797,73.3287,2.8075],[126.5839,73.337,2.5966],[126.5911,73.338,2.6209],[126.5953,73.3464,1.5217],[126.5974,73.3557,0.0],[126.55,73.3562,1.4469],[126.5333,73.3625,0.0],[126.5229,73.3604,0.6526],[126.5125,73.3646,0.0],[126.5021,73.3646,0.316],[126.4979,73.3667,0.0],[126.4917,73.3646,0.6502],[126.4729,73.3646,0.4882],[126.4714,73.3641,0.41],[126.4693,73.3588,0.314],[126.4745,73.3578,0.2724],[126.4734,73.3505,0.0],[126.4875,73.3458,0.0],[126.4995,73.3453,1.7415],[126.4984,73.3422,0.0],[126.5036,73.3411,0.0],[126.5047,73.3359,0.0],[126.5099,73.3349,2.6066],[126.5083,73.3333,1.8771],[126.5026,73.3328,0.0],[126.5078,73.3307,1.6428],[126.5057,73.3234,2.615],[126.4917,73.3229,0.0],[126.4771,73.3187,0.0],[126.4755,73.3193,0.0],[126.4755,73.3224,2.1114],[126.4776,73.3245,2.1237],[126.4849,73.3255,0.0],[126.4849,73.3287,0.0],[126.4729,73.3292,0.0],[126.4604,73.325,1.921],[126.4437,73.325,0.4431],[126.4396,73.3271,0.0],[126.4292,73.3271,1.0998],[126.4229,73.3292,0.8608],[126.4187,73.325,0.5523],[126.4193,73.3234,0.4399],[126.4245,73.3224,0.5288],[126.4245,73.3193,0.3859],[126.4208,73.3167,2.7705],[126.4068,73.3141,0.0],[126.4036,73.3047,2.1357],[126.388,73.3016,-0.0818],[126.387,73.2984,0.8727],[126.3771,73.2958,0.0],[126.3714,73.2963,0.0],[126.3724,73.2995,0.9282],[126.3708,73.3,0.8943],[126.3568,73.2974,0.1146],[126.3557,73.2922,0.6851],[126.3484,73.2911,0.0],[126.3464,73.2891,0.0],[126.3432,73.2797,1.7715],[126.3359,73.2786,0.0],[126.3349,73.2755,1.8851],[126.3276,73.2745,0.0],[126.3245,73.2693,4.813],[126.3172,73.2682,0.0],[126.3224,73.2662,2.7529],[126.3229,73.2646,2.7692],[126.3224,73.263,2.2943],[126.3151,73.262,0.6759],[126.313,73.2578,-0.0012],[126.313,73.2547,0.3104],[126.3182,73.2536,0.2184],[126.3172,73.2505,0.0051],[126.3229,73.25,0.1929],[126.3396,73.2438,0.0],[126.3479,73.2438,3.6185],[126.3521,73.2396,0.0],[126.3604,73.2396,3.5332],[126.3646,73.2375,0.0],[126.3688,73.2375,1.3442],[126.3703,73.237,1.4001999999999999],[126.3693,73.2338,0.0],[126.3932,73.2266,0.0],[126.3932,73.2214,1.1591],[126.3859,73.2203,0.0],[126.3839,73.2182,2.2832],[126.3828,73.213,0.0],[126.3688,73.2125,0.0],[126.3646,73.2104,3.0625],[126.3479,73.2104,5.9074],[126.3438,73.2083,5.7421],[126.3396,73.2083,4.9155],[126.3354,73.2104,0.0],[126.3292,73.2083,4.5373],[126.3104,73.2083,2.1597],[126.3063,73.2104,0.0],[126.2688,73.2104,0.4839],[126.2646,73.2125,0.3548],[126.2479,73.2125,0.6902],[126.2438,73.2146,0.0],[126.2333,73.2146,0.4923],[126.2292,73.2125,0.8316],[126.225,73.2125,0.94],[126.2188,73.2146,0.4492],[126.2063,73.2104,0.6584],[126.2021,73.2104,0.5186],[126.2005,73.2089,0.1862],[126.225,73.2063,0.0259],[126.2412,73.2016,2.6162],[126.2401,73.1964,0.0],[126.25,73.1958,3.3587],[126.2526,73.1922,0.0],[126.2703,73.187,3.5003],[126.2682,73.1776,-0.0175],[126.2583,73.175,0.3279],[126.2479,73.175,0.0],[126.2438,73.1729,7.409],[126.2042,73.175,0.0081],[126.1943,73.1724,0.0],[126.1854,73.15,0.0],[126.1859,73.1464,0.0],[126.1911,73.1443,7.3304],[126.1839,73.1432,4.5041],[126.1818,73.1412,0.0],[126.1787,73.1318,4.5658],[126.163,73.1286,0.0],[126.163,73.1255,-0.4372],[126.1682,73.1245,2.0616],[126.1672,73.1193,-1.8503],[126.1724,73.1182,0.8171],[126.1708,73.1167,-1.1494],[126.1479,73.1188,-0.1378],[126.1375,73.1229,-0.5466],[126.1271,73.1229,3.0984],[126.1167,73.1271,-1.4423],[126.0938,73.1271,-1.0865],[126.0896,73.125,3.4959],[126.0771,73.125,0.1215],[126.0729,73.1229,2.6617],[126.0687,73.1229,0.7668],[126.0333,73.1104,7.8204],[126.0229,73.1104,-0.2394],[126.0214,73.112,-0.9991],[126.0354,73.1146,-0.5681],[126.0432,73.1172,0.6895],[126.0463,73.1203,1.5325],[126.0792,73.1292,0.1081],[126.1188,73.1292,3.976],[126.1229,73.1271,-1.5195],[126.1312,73.1271,7.378],[126.1354,73.125,-1.6118],[126.1458,73.125,-0.684],[126.1484,73.1286,4.6811],[126.1557,73.1297,2.94],[126.1589,73.1328,3.2062],[126.1667,73.1354,0.0],[126.1724,73.1359,0.0],[126.1672,73.1391,0.7538],[126.1693,73.1453,0.7471],[126.1766,73.1495,0.0],[126.1713,73.1505,1.1087],[126.175,73.1583,-0.166],[126.1745,73.1599,0.0],[126.1693,73.1609,1.6383],[126.1693,73.1641,1.8434],[126.1713,73.1661,2.9126],[126.1766,73.1672,0.0],[126.1797,73.1703,0.0],[126.187,73.1713,0.0],[126.1875,73.1729,0.0],[126.187,73.1766,4.4302],[126.1755,73.1797,7.5082],[126.1776,73.1849,3.3854],[126.1896,73.1875,3.1611],[126.1974,73.1849,2.6991],[126.1979,73.1833,4.0493],[126.1974,73.1818,4.4912],[126.1917,73.1813,0.3292],[126.1901,73.1797,0.7476],[126.2021,73.1792,0.0],[126.2063,73.1813,4.877],[126.2167,73.1813,0.0404],[126.2349,73.1859,0.2071],[126.2375,73.1917,0.1581],[126.237,73.1932,0.0],[126.2229,73.1979,0.2221],[126.2063,73.1979,0.595],[126.1984,73.2005,0.7327],[126.1995,73.2057,0.0],[126.1943,73.2068,0.085],[126.1932,73.2099,0.0],[126.188,73.2109,7.2036],[126.188,73.2141,7.9206],[126.1896,73.2146,5.3921],[126.1937,73.2146,0.0],[126.2063,73.2188,4.1707],[126.2167,73.2188,0.0],[126.2208,73.2208,8.7818],[126.2396,73.2208,3.2399],[126.2438,73.2188,0.0],[126.2813,73.2167,2.5847],[126.2854,73.2146,0.0],[126.3521,73.2146,0.0],[126.362,73.2172,0.25],[126.363,73.2203,0.4137],[126.3703,73.2214,0.2929],[126.3125,73.2417,0.5809],[126.3083,73.2417,2.3719],[126.2943,73.2464,2.1094],[126.3016,73.2495,0.0],[126.2963,73.2505,3.0708],[126.2953,73.2536,2.9033],[126.2901,73.2547,2.6127],[126.2911,73.2599,0.0],[126.2859,73.2609,3.0148],[126.288,73.2682,2.9511],[126.2953,73.2693,0.0],[126.2901,73.2724,1.4371],[126.2974,73.2734,0.0],[126.2984,73.2766,2.2186],[126.3083,73.2792,0.512],[126.3187,73.2792,0.1929],[126.337,73.2839,0.3887],[126.3354,73.2854,0.3086],[126.3271,73.2854,0.3501],[126.3229,73.2875,0.3559],[126.3125,73.2875,1.1518],[126.3109,73.288,2.9283],[126.3109,73.2911,3.0545],[126.3266,73.2943,0.0],[126.3313,73.2979,0.9426],[126.3417,73.2979,0.0],[126.3542,73.3021,5.9687],[126.3583,73.3021,0.0],[126.3609,73.3057,0.7694],[126.3792,73.3104,0.5027],[126.3896,73.3104,0.0],[126.3995,73.313,0.2983],[126.3943,73.3151,1.2434],[126.3932,73.3182,0.4501],[126.388,73.3193,0.5832],[126.3891,73.3224,2.4942],[126.3839,73.3234,2.5097],[126.3839,73.3266,0.0],[126.3958,73.3271,0.8468],[126.4,73.3292,2.855],[126.4042,73.3292,0.0],[126.4187,73.3375,1.9901],[126.4292,73.3375,0.0],[126.4333,73.3396,2.8015],[126.4682,73.3401,0.8133],[126.463,73.3432,0.5913],[126.4703,73.3443,0.0],[126.4688,73.3458,0.0],[126.4583,73.3458,0.6978],[126.4479,73.35,0.709],[126.4297,73.3505,0.6798],[126.4313,73.3521,0.0313],[126.4432,73.3526,3.3668],[126.4453,73.3557,0.0],[126.4401,73.3578,2.3627],[126.4474,73.3588,0.0],[126.4505,73.3682,2.3548],[126.4578,73.3693,0.0],[126.4609,73.3724,2.1807],[126.4688,73.375,0.0],[126.4938,73.375,-0.024],[126.4979,73.3729,0.0],[126.5328,73.3734,0.0],[126.5349,73.3786,0.2235],[126.5125,73.3854,0.3871],[126.5062,73.3833,0.5564],[126.4729,73.3833,0.6715],[126.4688,73.3854,0.0],[126.4604,73.3854,1.4494],[126.4563,73.3875,0.0],[126.4359,73.3859,0.0],[126.4396,73.3896,0.0],[126.4583,73.3896,0.0],[126.4625,73.3917,0.0],[126.475,73.3875,0.0],[126.4854,73.3875,0.0],[126.4891,73.3901,0.0],[126.4912,73.3974,0.0],[126.4792,73.3979,0.3501],[126.475,73.3958,0.0],[126.4693,73.3964,0.0],[126.4714,73.3995,0.0],[126.4771,73.4,0.0],[126.4786,73.4016,0.0],[126.4734,73.4026,0.0],[126.4724,73.4078,0.7027],[126.4625,73.4083,1.5582],[126.4583,73.4104,0.0],[126.4443,73.4078,0.0],[126.4516,73.4047,1.7188],[126.4443,73.4036,0.0],[126.4396,73.4,0.0],[126.3901,73.3974,0.1827],[126.3901,73.3943,0.0],[126.4016,73.3932,0.0],[126.4,73.3917,0.0],[126.3896,73.3917,0.9231],[126.3833,73.3938,0.2447],[126.3708,73.3896,0.0],[126.3604,73.3896,0.8472],[126.3562,73.3917,0.1582],[126.3375,73.3917,0.2504],[126.3276,73.3891,0.5982],[126.3328,73.3859,0.1273],[126.3208,73.3833,3.3587],[126.313,73.3859,2.1531],[126.312,73.3891,0.0475],[126.3005,73.3922,4.3893],[126.3016,73.3953,0.3358],[126.3,73.3958,0.3117],[126.2813,73.3958,0.4247],[126.2797,73.3964,0.601],[126.2807,73.3995,-0.052],[126.2672,73.4005,10.3208],[126.2745,73.4036,0.0505],[126.2693,73.4047,2.9481],[126.2724,73.4141,-0.2493],[126.2651,73.4151,0.3876],[126.2667,73.4187,0.1219],[126.2646,73.4208,0.0143],[126.2479,73.4208,0.2447],[126.2188,73.4125,-0.1621],[126.2125,73.4146,0.457],[126.2005,73.4151,2.0124],[126.2026,73.4245,1.181],[126.2099,73.4255,-0.2499],[126.2047,73.4287,1.3603],[126.212,73.4297,0.0198],[126.2141,73.4318,0.3114],[126.2161,73.4391,0.5451],[126.2109,73.4401,4.7865],[126.2109,73.4453,0.3699],[126.213,73.4474,1.1253],[126.2229,73.45,-0.2153],[126.2396,73.45,0.4055],[126.2562,73.4437,0.1042],[126.262,73.4432,0.1912],[126.2583,73.4354,0.5784],[126.2589,73.4318,-0.1052],[126.2703,73.4287,0.4983],[126.2693,73.4255,0.2254],[126.2708,73.425,0.1566],[126.2911,73.4245,8.1178],[126.2896,73.4229,6.6146],[126.2839,73.4224,5.567],[126.2813,73.4187,4.9284],[126.2818,73.4172,5.4602],[126.287,73.4161,3.6985],[126.2896,73.4125,5.3342],[126.3016,73.4151,-0.3458],[126.3042,73.4187,0.2441],[126.3146,73.4187,0.3284],[126.3187,73.4146,-0.126],[126.3354,73.4146,0.1456],[126.3396,73.4167,1.2394],[126.3438,73.4167,0.1657],[126.3474,73.4203,1.5641],[126.3354,73.4208,2.1981],[126.3276,73.4234,0.3331],[126.3287,73.4287,-0.06],[126.3234,73.4297,4.2063],[126.3229,73.4313,4.6092],[126.3234,73.4328,3.8954],[126.3307,73.4339,0.4107],[126.3328,73.4391,0.5454],[126.3214,73.4422,3.5069],[126.3287,73.4453,-0.3371],[126.3229,73.4458,0.3906],[126.3214,73.4474,1.4458],[126.3354,73.45,0.5965],[126.3396,73.4479,-0.0999],[126.3495,73.4474,0.8116],[126.3443,73.4453,0.1938],[126.3495,73.4432,0.7289],[126.3484,73.4401,0.8016],[126.3536,73.4391,0.5905],[126.3547,73.4359,0.0736],[126.3662,73.4328,-0.0263],[126.3672,73.4297,0.2689],[126.3724,73.4287,0.5421],[126.3682,73.4172,3.6667],[126.3526,73.4161,0.1434],[126.3542,73.4146,0.137],[126.3599,73.4141,2.8301],[126.3583,73.4125,2.0442],[126.3526,73.412,0.2074],[126.3505,73.4099,-0.0877],[126.3557,73.4068,3.4239],[126.3484,73.4057,0.2001],[126.3474,73.4026,0.3158],[126.3401,73.4016,0.2066],[126.3453,73.3984,0.1945],[126.3396,73.3979,1.4609],[126.338,73.3964,0.1548],[126.3646,73.3958,0.0],[126.3875,73.4042,0.0],[126.4141,73.4047,0.0],[126.4161,73.4099,0.0],[126.4109,73.412,0.0],[126.4182,73.413,0.0],[126.4187,73.4146,0.0],[126.4182,73.4161,0.0],[126.413,73.4182,0.8816],[126.4266,73.4193,0.0],[126.4297,73.4224,0.0],[126.437,73.4234,0.0],[126.438,73.4287,1.4044],[126.4521,73.4313,0.0],[126.4537,73.4328,0.0],[126.4422,73.4339,0.4197],[126.4437,73.4354,0.4996],[126.4495,73.4359,0.5433],[126.4495,73.4411,0.6247],[126.4354,73.4458,0.5258],[126.4255,73.4464,0.6156],[126.4307,73.4484,0.0],[126.4255,73.4505,3.5496],[126.4297,73.462,2.5206],[126.437,73.463,2.3821],[126.4318,73.4661,5.5368],[126.4391,73.4672,0.0],[126.4339,73.4693,1.621],[126.4349,73.4745,0.0],[126.4229,73.4771,0.0],[126.4187,73.4729,3.5858],[126.4083,73.4729,1.2646],[126.4042,73.475,0.0],[126.3938,73.475,0.0],[126.3859,73.4786,0.0],[126.3932,73.4797,0.0],[126.388,73.4818,0.0],[126.3896,73.4833,2.2179],[126.4229,73.4833,0.0],[126.4328,73.4859,0.0],[126.4276,73.488,4.4352],[126.4266,73.4912,6.9396],[126.4146,73.4917,2.9154],[126.4068,73.4953,1.835],[126.4089,73.4974,0.0],[126.4161,73.4984,0.0],[126.4187,73.5021,2.0702],[126.4292,73.5021,0.0],[126.4333,73.5042,3.5485],[126.4458,73.5062,0.0],[126.4474,73.5078,0.0],[126.4333,73.5125,0.0],[126.4083,73.5104,0.6181],[126.4042,73.5125,0.4845],[126.3854,73.5125,0.0],[126.3792,73.5104,0.0882],[126.3766,73.5141,0.0],[126.3651,73.5151,0.8483],[126.3641,73.5182,0.0],[126.3401,73.5255,0.0],[126.3396,73.5292,0.0],[126.3411,73.5328,0.0],[126.3359,73.5349,1.913],[126.3417,73.5354,0.0],[126.3432,73.537,0.0],[126.3359,73.538,0.5563],[126.3391,73.5453,0.0],[126.3229,73.55,0.0],[126.2979,73.55,0.0],[126.288,73.5474,0.3615],[126.2854,73.5437,0.9042],[126.2438,73.5437,0.0],[126.2412,73.5401,2.644],[126.2172,73.5349,0.0],[126.2146,73.5313,0.0],[126.2042,73.5333,0.0],[126.1943,73.5307,0.0],[126.1911,73.5276,0.0],[126.1859,73.5266,0.0],[126.1911,73.5234,0.0],[126.188,73.5182,0.0],[126.1807,73.4964,0.0],[126.1792,73.4958,1.3141],[126.1521,73.4958,2.3943],[126.1422,73.4932,0.0],[126.1412,73.4901,0.5963],[126.1271,73.4875,0.0],[126.1193,73.4901,3.1937],[126.1208,73.4917,1.5795],[126.1266,73.4922,0.0],[126.1214,73.4953,3.6333],[126.1286,73.4964,0.0],[126.1234,73.4984,0.0],[126.1234,73.5016,0.0],[126.1417,73.5062,0.0],[126.1521,73.5042,0.0],[126.1536,73.5047,0.0],[126.1536,73.5078,0.0],[126.1458,73.5104,0.0],[126.1375,73.5104,0.0],[126.1271,73.5146,0.0],[126.1146,73.5146,0.0],[126.112,73.5109,3.5734],[126.1047,73.5099,0.0],[126.1099,73.5078,0.0],[126.1104,73.5062,0.0],[126.1078,73.4984,0.0],[126.1057,73.4964,0.0],[126.0922,73.4932,0.0],[126.0974,73.4901,0.0],[126.0901,73.4891,0.0],[126.0917,73.4875,0.0],[126.1016,73.487,0.0],[126.1021,73.4833,0.0],[126.0995,73.4797,0.0],[126.0896,73.4771,0.0],[126.0792,73.4792,0.0],[126.075,73.4771,0.0],[126.0646,73.4771,4.4688],[126.063,73.4776,5.5036],[126.0641,73.4807,0.0],[126.0589,73.4818,0.0],[126.0589,73.4849,0.0],[126.0745,73.488,0.0],[126.0776,73.4932,0.0],[126.0828,73.4943,0.0],[126.0776,73.4974,3.0264],[126.0833,73.4979,0.0],[126.0849,73.4995,0.0],[126.0583,73.5,0.0],[126.0542,73.4979,4.6861],[126.0422,73.4974,0.0],[126.0474,73.4953,0.0],[126.0463,73.4922,0.0],[126.0521,73.4917,0.0],[126.0537,73.4901,0.0],[126.0495,73.4797,5.3735],[126.0474,73.4776,6.6197],[126.0401,73.4766,2.1057],[126.038,73.4693,0.0],[126.0432,73.4682,0.0],[126.0443,73.4651,0.0],[126.0495,73.4641,0.0],[126.05,73.4625,0.0],[126.0474,73.4589,0.0],[126.0401,73.4578,0.0],[126.0474,73.4547,0.0],[126.0401,73.4537,0.0],[126.038,73.4516,0.0],[126.037,73.4464,3.5128],[126.0313,73.4458,0.0],[126.0297,73.4443,0.0],[126.0495,73.4432,3.834],[126.0479,73.4417,4.2275],[126.0422,73.4411,0.0317],[126.0474,73.438,1.0717],[126.0401,73.437,0.0],[126.0375,73.4333,0.0],[126.025,73.4313,0.0],[126.0125,73.4271,0.0],[126.0005,73.4266,0.0],[126.0146,73.4208,0.5189],[126.0396,73.4208,0.6107],[126.0411,73.4193,0.369],[126.0391,73.4151,1.6467],[126.0292,73.4125,2.5846],[126.025,73.4125,1.5517],[126.0208,73.4146,0.0],[126.0104,73.4146,0.0],[126.0,73.4104,0.8966],[125.9812,73.4104,2.1742],[125.9792,73.4125,0.0],[125.9807,73.4182,0.0],[125.9755,73.4203,1.527],[125.9812,73.4208,0.0],[125.9828,73.4224,0.0],[125.9646,73.4229,-0.0699],[125.9568,73.4266,1.1572],[125.9771,73.4313,0.3669],[125.9818,73.4349,5.4907],[125.9891,73.4359,0.0],[125.9875,73.4375,0.0],[125.9818,73.438,6.8002],[125.9838,73.4432,2.0292],[125.9854,73.4437,1.4888],[125.9896,73.4437,0.0],[125.9938,73.4458,0.6915],[126.0042,73.4458,0.0],[126.0083,73.4479,0.2695],[126.0286,73.4484,0.0],[126.0307,73.4505,0.0],[126.0307,73.4537,0.0],[126.0193,73.4578,0.1093],[126.0328,73.4589,-0.1159],[126.0276,73.4609,0.5253],[126.0286,73.4661,0.4879],[126.0234,73.4682,0.4947],[126.0307,73.4693,0.0],[126.0307,73.4724,0.0],[126.0255,73.4745,0.8037],[126.0328,73.4755,0.0],[126.0328,73.4786,0.0],[126.0276,73.4807,4.3935],[126.0349,73.4818,1.5808],[126.0349,73.4849,0.6488],[126.0229,73.4854,0.0],[126.0167,73.4833,0.0],[126.0089,73.4859,1.2294],[126.0104,73.4875,2.0998],[126.0162,73.488,0.0],[126.0167,73.4896,0.0],[126.0162,73.4932,0.0],[126.0047,73.4943,0.0],[126.0062,73.4958,0.0],[126.012,73.4964,0.0],[126.012,73.4995,0.0],[125.9833,73.5083,0.0],[125.9734,73.5089,6.8848],[125.9672,73.5109,3.4784],[125.9661,73.5141,0.0],[125.9609,73.5151,1.912],[125.9599,73.5182,0.0],[125.9547,73.5193,5.2383],[125.9537,73.5224,0.0],[125.9458,73.525,0.0],[125.9354,73.525,6.2229],[125.9255,73.5224,0.0],[125.9245,73.5193,0.0],[125.9187,73.5188,0.0],[125.9172,73.5172,0.0],[125.9313,73.5125,0.0],[125.9432,73.512,6.0786],[125.9422,73.5047,3.1025],[125.9557,73.5036,1.5579],[125.9537,73.5005,1.3411],[125.95,73.5,1.344],[125.9458,73.5021,0.6973],[125.9339,73.5016,0.0],[125.9307,73.4964,1.6214],[125.9234,73.4953,0.0],[125.9203,73.488,0.0],[125.913,73.487,0.0],[125.9104,73.4833,2.7018],[125.8979,73.4833,2.5397],[125.888,73.4807,0.0],[125.887,73.4755,4.1446],[125.8854,73.475,3.0863],[125.8729,73.4729,0.0],[125.8604,73.4688,7.6412],[125.8562,73.4688,7.6937],[125.8521,73.4708,0.0],[125.8354,73.4708,4.9347],[125.8292,73.4729,0.0],[125.8193,73.4703,0.0],[125.8161,73.4672,8.6605],[125.8099,73.4651,2.4521],[125.8026,73.4641,0.0],[125.8005,73.462,0.0],[125.8057,73.4599,0.0],[125.8083,73.4563,0.0],[125.825,73.4563,1.8559],[125.8354,73.4521,0.0],[125.8458,73.4521,1.5859],[125.8536,73.4495,4.0981],[125.8562,73.4458,0.0],[125.8729,73.4458,0.0],[125.8792,73.4521,0.2259],[125.8979,73.4521,4.9884],[125.9021,73.45,0.0],[125.912,73.4495,0.0],[125.9099,73.4401,0.0],[125.9078,73.438,0.0],[125.9005,73.437,0.0],[125.8995,73.4318,0.9033],[125.8974,73.4297,0.4105],[125.8854,73.4292,2.3519],[125.8812,73.4313,0.0],[125.8708,73.4313,0.0],[125.8667,73.4271,0.0],[125.8562,73.4271,0.0],[125.8484,73.4307,4.823],[125.8557,73.4318,0.0],[125.8557,73.4349,2.1323],[125.8505,73.437,6.9917],[125.8578,73.438,0.0],[125.8578,73.4411,0.0],[125.85,73.4437,0.0],[125.8333,73.4437,0.0],[125.8151,73.4391,0.0],[125.813,73.437,0.0],[125.8146,73.4354,0.0],[125.8349,73.4349,2.5194],[125.8333,73.4333,0.0],[125.8276,73.4328,0.0],[125.8328,73.4307,0.0],[125.8307,73.4234,1.2592],[125.8234,73.4224,0.0],[125.8287,73.4203,0.0],[125.8266,73.413,1.1676],[125.8,73.4125,0.3009],[125.7974,73.4161,0.0],[125.7922,73.4172,1.9581],[125.7937,73.4187,1.6105],[125.7995,73.4193,0.0],[125.7943,73.4213,1.8309],[125.7953,73.4307,1.9774],[125.7776,73.4359,0.0],[125.775,73.4396,0.0],[125.7651,73.4401,8.019],[125.7646,73.4437,2.3787],[125.7672,73.4516,2.966],[125.7745,73.4526,4.1631],[125.7693,73.4547,4.9039],[125.7688,73.4563,2.9017],[125.7714,73.462,0.0],[125.7771,73.4625,0.0],[125.7786,73.4641,0.0],[125.7667,73.4646,0.0],[125.7568,73.462,1.393],[125.7568,73.4589,1.0433],[125.762,73.4578,0.9576],[125.7604,73.4563,1.2047],[125.75,73.4563,0.0],[125.7458,73.4542,0.94],[125.7271,73.4542,0.0],[125.7255,73.4547,0.0],[125.7255,73.4578,0.0],[125.7312,73.4583,0.0],[125.7328,73.4599,0.0],[125.725,73.4625,0.0],[125.7146,73.4625,5.1286],[125.7083,73.4646,0.0],[125.7037,73.4589,1.732],[125.6818,73.4537,0.0],[125.6932,73.4484,4.9232],[125.6859,73.4474,0.0],[125.6828,73.4401,4.4333],[125.6729,73.4375,7.1771],[125.6542,73.4375,0.0],[125.6479,73.4354,0.0],[125.6375,73.4396,0.2905],[125.6318,73.4401,0.9486],[125.6328,73.4432,0.0],[125.6208,73.4437,4.2155],[125.6167,73.4458,0.0],[125.6047,73.4432,0.0],[125.6016,73.4401,7.7877],[125.5964,73.4391,3.2603],[125.5922,73.4318,0.0],[125.5995,73.4307,2.7575],[125.5984,73.4276,0.0],[125.6036,73.4266,0.8434],[125.6062,73.4229,0.0],[125.6312,73.4229,0.0],[125.6354,73.425,4.3286],[125.6396,73.425,1.9636],[125.6438,73.4229,0.0],[125.6521,73.4229,0.0],[125.6625,73.4187,0.0],[125.6667,73.4187,0.0],[125.6766,73.4213,0.0],[125.6792,73.425,2.267],[125.6896,73.425,0.0],[125.6974,73.4224,0.0],[125.6984,73.4193,0.4518],[125.7037,73.4172,1.1057],[125.6964,73.4161,0.0],[125.6953,73.413,0.0],[125.6854,73.4104,0.0],[125.675,73.4104,1.2005],[125.6703,73.4068,6.6764],[125.663,73.4057,0.0],[125.662,73.4026,4.0444],[125.6547,73.4016,0.0],[125.6599,73.3995,7.9426],[125.6583,73.3979,6.0215],[125.6526,73.3974,0.0],[125.6542,73.3958,0.0],[125.6599,73.3953,7.3056],[125.6583,73.3938,6.9168],[125.6526,73.3932,0.0],[125.6578,73.3912,0.6713],[125.6563,73.3896,0.3536],[125.6458,73.3896,0.0],[125.6333,73.3854,5.0657],[125.6208,73.3854,0.0],[125.6167,73.3833,7.5529],[125.5964,73.3828,2.0838],[125.5979,73.3812,0.0],[125.6036,73.3807,2.1216],[125.6021,73.3771,0.4345],[125.6042,73.375,2.3166],[125.6292,73.375,1.8558],[125.6307,73.3734,2.8008],[125.6104,73.3729,2.9503],[125.6062,73.3708,7.9143],[125.5958,73.3729,2.3446],[125.5917,73.3708,2.5816],[125.5729,73.3708,0.0],[125.5651,73.3734,0.6074],[125.5672,73.3807,1.724],[125.5813,73.3833,0.5081],[125.5833,73.3854,0.097],[125.5828,73.387,0.1464],[125.5714,73.3901,1.0751],[125.5734,73.3995,0.0],[125.5755,73.4016,1.6807],[125.5891,73.4047,0.0],[125.5922,73.4078,1.9878],[125.5995,73.4089,0.0],[125.5995,73.4141,0.991],[125.5943,73.4151,4.1114],[125.5958,73.4208,0.1615],[125.5938,73.4229,3.3807],[125.5771,73.4229,0.366],[125.5729,73.4208,5.0764],[125.5687,73.4208,5.2389],[125.5646,73.4229,0.0],[125.5479,73.4229,12.1935],[125.5401,73.4255,6.7094],[125.5417,73.4271,5.1366],[125.5474,73.4276,0.0],[125.55,73.4354,0.0],[125.5495,73.4391,0.0],[125.5443,73.4401,5.0785],[125.5458,73.4417,3.8106],[125.5516,73.4422,0.0],[125.5463,73.4443,0.0],[125.5463,73.4474,2.5091],[125.5484,73.4495,1.0334],[125.5583,73.4521,3.6134],[125.5896,73.4521,2.913],[125.6,73.4479,0.0],[125.6042,73.4479,0.0],[125.6167,73.4521,6.6692],[125.6286,73.4526,0.0],[125.6307,73.4578,0.0],[125.6255,73.4589,4.4805],[125.6271,73.4604,4.554],[125.6438,73.4604,0.0],[125.6453,73.4599,1.2402],[125.6453,73.4568,0.0],[125.638,73.4557,0.0],[125.638,73.4526,0.7324],[125.6495,73.4484,6.4673],[125.6438,73.4479,0.0],[125.6422,73.4464,0.0],[125.6474,73.4453,0.0],[125.65,73.4417,0.0],[125.6682,73.4422,0.0],[125.6703,73.4443,0.4335],[125.6703,73.4474,5.7318],[125.6651,73.4484,5.5396],[125.6641,73.4516,0.0],[125.6589,73.4537,5.7381],[125.6724,73.4547,0.0],[125.6672,73.4578,6.7506],[125.6729,73.4583,4.0701],[125.6745,73.4599,0.0],[125.663,73.4641,6.8225],[125.6787,73.4672,0.3719],[125.6807,73.4745,0.0],[125.6755,73.4755,0.2725],[125.6745,73.4807,0.0],[125.6693,73.4818,5.7503],[125.6682,73.4849,0.0],[125.6568,73.4859,8.9472],[125.6641,73.4891,0.0],[125.6505,73.4922,3.6385],[125.6516,73.4974,0.0],[125.6464,73.4995,8.8102],[125.662,73.5026,0.0],[125.663,73.5057,2.3822],[125.6703,73.5068,0.0],[125.6734,73.512,0.3146],[125.687,73.513,0.0],[125.6891,73.5182,0.0],[125.6839,73.5193,3.3832],[125.6828,73.5245,0.0],[125.675,73.5271,9.5576],[125.6568,73.5266,0.0],[125.6542,73.5229,0.0],[125.6547,73.5193,0.0],[125.6599,73.5172,0.0],[125.6578,73.5151,0.0],[125.6505,73.5141,0.0],[125.6479,73.5104,0.8126],[125.6083,73.5104,3.9222],[125.6005,73.513,0.0],[125.6005,73.5162,0.0],[125.6026,73.5182,0.0],[125.6104,73.5208,0.6304],[125.6375,73.5208,0.0],[125.6401,73.5245,0.0],[125.6474,73.5255,0.0],[125.6474,73.5286,0.0],[125.6271,73.5354,0.0],[125.55,73.5354,0.0],[125.5458,73.5333,3.4766],[125.5208,73.5333,0.0],[125.5167,73.5313,0.0],[125.5042,73.5313,0.0],[125.5016,73.5276,9.2944],[125.4943,73.5266,0.0],[125.4995,73.5234,6.3173],[125.4922,73.5224,0.0],[125.4995,73.5193,5.7568],[125.4838,73.5162,0.0],[125.4891,73.5141,4.1021],[125.488,73.5089,0.0],[125.4932,73.5078,0.7239],[125.4943,73.5026,0.0],[125.5057,73.4995,0.0],[125.5057,73.4964,0.3425],[125.5036,73.4943,0.0],[125.5,73.4938,0.0],[125.4714,73.5026,8.4483],[125.4729,73.5042,5.8498],[125.4786,73.5047,0.0],[125.4734,73.5078,6.1203],[125.4792,73.5083,0.0],[125.4807,73.5099,0.0],[125.4547,73.5172,7.4322],[125.4563,73.5188,6.3577],[125.4604,73.5188,4.2352],[125.4646,73.5167,0.0],[125.4682,73.5172,0.0],[125.4714,73.5245,8.6493],[125.4786,73.5255,0.0],[125.4818,73.5307,8.0763],[125.4891,73.5318,0.0],[125.4818,73.5349,4.1592],[125.4974,73.538,0.0],[125.5016,73.5463,0.0],[125.4854,73.5521,0.0],[125.4771,73.5521,6.9957],[125.4609,73.5568,10.3797],[125.4625,73.5604,1.3668],[125.462,73.5641,0.0],[125.4505,73.5672,6.6951],[125.4526,73.5745,7.3958],[125.4682,73.5776,0.0],[125.4693,73.5807,0.0],[125.475,73.5813,0.0],[125.4766,73.5828,0.0],[125.4563,73.5833,4.5008],[125.4401,73.5787,0.0],[125.438,73.5755,0.0],[125.4432,73.5734,3.8855],[125.438,73.5724,0.0],[125.4359,73.5703,0.0],[125.4318,73.5589,3.4975],[125.4453,73.5578,8.3099],[125.4437,73.5563,7.9715],[125.438,73.5557,7.525],[125.438,73.5505,0.0],[125.4521,73.5458,0.0],[125.4641,73.5453,3.3855],[125.4609,73.5359,0.0],[125.4661,73.5339,6.4664],[125.4604,73.5333,0.0],[125.4589,73.5318,0.0],[125.4661,73.5307,3.3307],[125.4646,73.5292,1.5185],[125.4521,73.5292,0.0],[125.4396,73.525,2.3286],[125.4333,73.5271,0.0],[125.4229,73.5271,4.6165],[125.4213,73.5276,4.6165],[125.4224,73.5328,0.0],[125.4109,73.5359,1.6379],[125.4099,73.5411,0.0],[125.4083,73.5417,0.0],[125.3979,73.5417,7.0151],[125.3938,73.5437,0.0],[125.3688,73.5437,10.0112],[125.3672,73.5422,10.0571],[125.3729,73.5417,8.4904],[125.3745,73.5401,9.6863],[125.3688,73.5396,0.0],[125.3672,73.538,0.0],[125.3786,73.5339,4.5055],[125.3714,73.5328,0.0],[125.3703,73.5297,0.0],[125.3682,73.5276,0.0],[125.363,73.5266,0.0],[125.3599,73.5214,0.0],[125.3526,73.5203,0.0],[125.3516,73.5172,6.9697],[125.3443,73.5162,0.0],[125.3422,73.5141,0.0],[125.3411,73.5089,6.3252],[125.3339,73.5078,0.0],[125.3391,73.5047,4.9583],[125.3318,73.5036,0.0],[125.3307,73.4984,0.9858],[125.3187,73.4979,5.4447],[125.3089,73.5005,0.0],[125.3109,73.5078,1.0366],[125.3266,73.5109,0.0],[125.3297,73.5203,0.7564],[125.3453,73.5234,0.0],[125.3474,73.5266,0.0],[125.3271,73.5271,6.6198],[125.3193,73.5297,3.7131],[125.3182,73.5328,1.3557],[125.313,73.5339,6.5195],[125.3141,73.537,0.5883],[125.3125,73.5375,0.7344],[125.2937,73.5375,10.5192],[125.2901,73.5328,0.0],[125.287,73.5234,0.0],[125.2813,73.5229,0.0],[125.2734,73.5255,4.1194],[125.2745,73.5307,0.0],[125.2693,73.5328,7.6972],[125.275,73.5333,0.0],[125.2766,73.5349,0.0],[125.263,73.538,5.8837],[125.2651,73.5432,5.5725],[125.2724,73.5443,0.0],[125.2734,73.5474,8.454],[125.2807,73.5484,0.0],[125.2755,73.5505,7.1113],[125.2771,73.5521,1.5588],[125.2828,73.5526,0.0],[125.2776,73.5547,1.1288],[125.2771,73.5563,0.0],[125.2797,73.5641,3.6221],[125.2917,73.5646,0.0],[125.2963,73.5682,5.5803],[125.3037,73.5693,0.0],[125.3021,73.5708,0.0],[125.2833,73.5708,0.0],[125.2792,73.5687,8.3483],[125.2521,73.5667,0.0],[125.2422,73.5641,0.0],[125.2438,73.5625,2.7333],[125.2542,73.5625,1.2338],[125.262,73.5599,0.0],[125.2625,73.5583,0.0],[125.2578,73.5484,10.2135],[125.2443,73.5453,0.0],[125.2422,73.5432,0.6113],[125.2422,73.538,0.0],[125.2474,73.537,3.2014],[125.2474,73.5339,6.1376],[125.2401,73.5328,0.0],[125.238,73.5307,0.0],[125.237,73.5255,8.5391],[125.2297,73.5245,0.0],[125.2276,73.5224,0.0],[125.2292,73.5208,0.0],[125.2349,73.5203,4.9219],[125.2328,73.5151,0.4908],[125.2255,73.5141,0.0],[125.2245,73.5109,1.9118],[125.2146,73.5083,4.5236],[125.2042,73.5083,4.1019],[125.1964,73.5109,0.0],[125.1958,73.5146,5.3992],[125.1974,73.5182,0.0],[125.1917,73.5188,9.0635],[125.1901,73.5203,9.5669],[125.1974,73.5214,0.0],[125.1922,73.5245,2.8437],[125.1995,73.5255,0.0],[125.2021,73.5333,0.0],[125.2016,73.5349,0.0],[125.1964,73.537,1.0695],[125.1984,73.5432,2.9837],[125.2057,73.5474,0.0],[125.2005,73.5484,1.9576],[125.2016,73.5516,0.0],[125.1958,73.5521,9.9047],[125.1943,73.5537,8.1085],[125.2016,73.5547,0.0],[125.2047,73.5599,1.0846],[125.212,73.5609,0.0],[125.2146,73.5687,1.4684],[125.2141,73.5703,1.5353],[125.2089,73.5724,7.3076],[125.2146,73.5729,0.0],[125.2161,73.5745,0.0],[125.2109,73.5755,0.0],[125.2104,73.5792,0.0],[125.213,73.587,2.8777],[125.2203,73.588,0.0],[125.2151,73.5911,5.0551],[125.2222,73.5921,0.0],[125.2234,73.5953,0.0],[125.2307,73.5964,0.0],[125.2255,73.5995,7.6432],[125.2438,73.6042,2.8172],[125.2542,73.6042,0.0],[125.2641,73.6068,0.0],[125.2646,73.6083,0.0],[125.2641,73.6099,0.0],[125.2589,73.6109,0.0],[125.2578,73.6141,0.0],[125.25,73.6167,0.0],[125.2396,73.6146,0.0],[125.2359,73.612,0.0],[125.2349,73.6068,10.4442],[125.2193,73.6036,0.0],[125.2182,73.6005,0.0],[125.2109,73.5995,0.0],[125.2078,73.5964,0.0],[125.2026,73.5953,0.0],[125.2078,73.5922,1.7091],[125.2005,73.5911,0.0],[125.1974,73.5839,4.4922],[125.1854,73.5833,0.0],[125.1839,73.5839,0.0],[125.1839,73.587,0.0],[125.1911,73.588,2.2997],[125.1917,73.5896,1.5789],[125.1911,73.5911,0.0],[125.1797,73.5943,1.5707],[125.1813,73.5958,0.0],[125.187,73.5964,0.0],[125.1818,73.5995,0.0],[125.1891,73.6005,0.0],[125.1917,73.6083,0.64],[125.1911,73.612,3.482],[125.1859,73.6141,5.0936],[125.2146,73.6146,1.8035],[125.2224,73.6172,0.0],[125.2255,73.6203,0.0],[125.2412,73.6234,0.0],[125.2338,73.6266,0.0],[125.2396,73.6271,0.0],[125.2412,73.6286,0.0],[125.2359,73.6297,0.0],[125.2333,73.6333,0.0],[125.2234,73.6339,8.4908],[125.2208,73.6375,0.0],[125.2167,73.6375,0.0],[125.2125,73.6354,7.318],[125.2021,73.6354,4.088],[125.1896,73.6312,0.0],[125.1833,73.6333,0.0],[125.1563,73.6333,0.0],[125.1401,73.6276,2.131],[125.1583,73.6271,6.0107],[125.1599,73.6255,7.1616],[125.1458,73.625,3.4055],[125.1417,73.6229,5.8878],[125.138,73.6234,3.5777],[125.137,73.6266,0.0],[125.1255,73.6297,3.6148],[125.1271,73.6312,1.1434],[125.1328,73.6318,0.0],[125.1339,73.6349,1.7616],[125.1412,73.6359,0.0],[125.1422,73.6391,0.9682],[125.1495,73.6401,0.0],[125.1516,73.6422,0.0],[125.15,73.6438,0.0],[125.1443,73.6443,11.0313],[125.1484,73.6557,5.2787],[125.1703,73.6568,1.3107],[125.1651,73.6589,5.0834],[125.1641,73.6641,0.0],[125.1526,73.6651,6.7724],[125.1521,73.6687,0.5826],[125.1557,73.6787,0.0],[125.1505,73.6797,0.6932],[125.1495,73.6828,0.0],[125.1443,73.6839,2.8086],[125.1458,73.6854,4.0349],[125.1516,73.6859,0.0],[125.1526,73.6891,0.0],[125.1599,73.6901,0.0],[125.1547,73.6932,2.3171],[125.162,73.6943,0.0],[125.163,73.6995,0.0],[125.1651,73.7016,0.0],[125.1703,73.7026,0.0],[125.1687,73.7042,0.0],[125.1604,73.7042,7.2054],[125.1563,73.7063,0.0],[125.1458,73.7063,0.0],[125.1359,73.7037,0.0],[125.1412,73.7005,4.5598],[125.1339,73.6995,0.0],[125.1391,73.6974,0.0],[125.1396,73.6958,0.0],[125.1349,73.6818,0.0],[125.1276,73.6807,0.0],[125.1245,73.6713,0.0],[125.1224,73.6693,0.0],[125.1125,73.6667,0.0],[125.0792,73.6667,0.0],[125.0766,73.663,3.5897],[125.0693,73.662,0.0],[125.0745,73.6599,0.0],[125.0771,73.6563,2.6342],[125.0938,73.6563,3.0584],[125.1162,73.6495,4.383],[125.1141,73.6464,5.0257],[125.1088,73.6453,0.0],[125.1141,73.6422,6.3061],[125.1068,73.6412,0.0],[125.1036,73.6318,1.7328],[125.1016,73.6297,2.6329],[125.0917,73.6271,1.8369],[125.0729,73.6271,0.0],[125.0687,73.625,1.9234],[125.0422,73.6245,0.0],[125.0391,73.6214,0.0],[125.0339,73.6203,0.0],[125.0391,73.6172,6.419],[125.0318,73.6162,0.0],[125.0297,73.612,0.0],[125.0297,73.6068,0.0],[125.0349,73.6057,2.1179],[125.0328,73.5984,0.3172],[125.0307,73.5964,0.6866],[125.0125,73.5958,2.9362],[125.0047,73.5984,5.4376],[125.012,73.6016,0.0],[125.0062,73.6021,4.283],[125.0047,73.6036,3.8279],[125.012,73.6047,0.0],[125.0141,73.6068,0.0],[125.0141,73.6099,0.0],[125.0089,73.612,0.7464],[125.0162,73.613,0.0],[125.0167,73.6146,0.3264],[125.0167,73.6188,4.3075],[125.0203,73.6286,0.0],[125.0151,73.6297,5.0213],[125.0146,73.6333,1.938],[125.0193,73.6453,6.7589],[125.0328,73.6464,0.0],[125.0349,73.6484,2.0941],[125.0359,73.6536,0.5792],[125.0432,73.6547,0.0],[125.0318,73.6589,0.8471],[125.0318,73.662,4.8136],[125.0391,73.663,0.0],[125.0339,73.6661,7.2909],[125.0411,73.6672,0.0],[125.0437,73.6771,6.133],[125.0417,73.6792,0.0],[125.0333,73.6792,5.2526],[125.0234,73.6818,2.7573],[125.0255,73.6849,0.0],[125.0328,73.6859,0.0],[125.0313,73.6875,0.0],[125.0255,73.688,0.0],[125.0286,73.6964,0.0],[125.0271,73.6979,0.0],[125.0167,73.6979,4.9083],[124.9984,73.6932,0.0],[124.9958,73.6896,0.0],[124.9964,73.6859,0.0],[125.0016,73.6839,7.0579],[124.9943,73.6828,0.0],[124.9912,73.6734,8.5198],[124.9838,73.6724,0.0],[124.9891,73.6703,0.0],[124.988,73.6651,0.0],[125.0016,73.662,4.1991],[125.0016,73.6589,5.5906],[124.9875,73.6583,0.0],[124.9849,73.6547,2.441],[124.9693,73.6516,0.0],[124.9667,73.6479,10.5543],[124.9479,73.6479,0.0],[124.9313,73.6542,0.0],[124.913,73.6568,1.6415],[124.912,73.662,0.4146],[124.9068,73.663,1.1135],[124.9083,73.6646,0.7516],[124.9224,73.6672,0.0],[124.9234,73.6703,5.2717],[124.9307,73.6713,5.8417],[124.9339,73.6766,3.5948],[124.9474,73.6776,1.8759],[124.9474,73.6807,0.4791],[124.9422,73.6818,6.5166],[124.9453,73.6901,0.0],[124.9437,73.6917,0.0],[124.9396,73.6917,0.0],[124.9354,73.6937,0.0],[124.8875,73.6937,6.6195],[124.8797,73.6911,0.0],[124.8849,73.688,4.9556],[124.8776,73.687,0.0],[124.8766,73.6839,5.0106],[124.8693,73.6828,0.0],[124.8745,73.6797,4.2439],[124.8588,73.6766,0.0],[124.8641,73.6734,0.7936],[124.8521,73.6729,0.3006],[124.8443,73.6755,9.1656],[124.8443,73.6787,3.4187],[124.8516,73.6797,0.0],[124.8536,73.6818,1.2546],[124.8521,73.6833,2.9587],[124.8464,73.6839,5.8195],[124.8479,73.6854,5.033],[124.8536,73.6859,0.0],[124.8484,73.6891,5.2387],[124.8557,73.6901,0.0],[124.8505,73.6932,4.2958],[124.8641,73.6964,0.0],[124.8662,73.6984,0.0],[124.8588,73.7016,5.6151],[124.8688,73.7042,1.739],[124.9021,73.7042,0.0],[124.9063,73.7063,0.0],[124.9187,73.7063,0.0],[124.9287,73.7089,0.0],[124.9234,73.7109,1.51],[124.9224,73.7141,1.9982],[124.9172,73.7151,7.6525],[124.9161,73.7182,7.9388],[124.9083,73.7208,0.0],[124.8979,73.7188,0.0],[124.8953,73.7224,0.0],[124.8875,73.725,0.0],[124.8771,73.7229,0.0],[124.8729,73.725,0.0],[124.8688,73.725,0.0],[124.8505,73.7203,0.0],[124.8495,73.7151,0.0],[124.8474,73.713,0.0],[124.8401,73.712,0.0],[124.8375,73.7083,0.0],[124.8234,73.7057,0.0],[124.8224,73.7026,4.6904],[124.8151,73.7016,0.0],[124.8141,73.6984,0.7961],[124.8042,73.6958,1.7457],[124.7625,73.6958,0.0],[124.7526,73.6932,0.0],[124.7516,73.688,0.0],[124.75,73.6875,0.0],[124.7396,73.6875,5.271],[124.7354,73.6896,0.0],[124.7167,73.6896,0.4966],[124.7141,73.6932,0.0],[124.7026,73.6964,0.7878],[124.7026,73.6995,2.6231],[124.7047,73.7016,1.296],[124.7104,73.7021,0.0],[124.7208,73.7063,4.74],[124.7417,73.7063,2.5234],[124.7417,73.7083,0.7877],[124.7359,73.7089,5.3314],[124.737,73.7161,0.0],[124.7318,73.7172,2.2214],[124.7318,73.7203,1.1427],[124.7474,73.7234,0.0],[124.7495,73.7286,4.1375],[124.7438,73.7292,8.0434],[124.7422,73.7307,7.249],[124.7495,73.7318,0.0],[124.7443,73.7349,0.0],[124.7516,73.7359,0.0],[124.7536,73.7412,0.0],[124.7188,73.7417,2.4477],[124.7089,73.7391,0.0],[124.7057,73.7359,0.0],[124.6979,73.7333,0.7616],[124.6839,73.7307,0.0],[124.6813,73.7271,0.0],[124.6818,73.7234,0.0],[124.687,73.7214,2.9326],[124.6797,73.7203,0.0],[124.6787,73.7151,0.4564],[124.6438,73.7146,0.0],[124.6359,73.7172,0.0],[124.6359,73.7245,0.0],[124.6396,73.7271,0.0],[124.6516,73.7276,0.0],[124.6464,73.7307,0.0],[124.662,73.7338,0.0],[124.662,73.737,0.0],[124.6568,73.738,0.0],[124.6557,73.7412,0.0],[124.6438,73.7417,8.2836],[124.6396,73.7438,0.0],[124.6229,73.7438,0.0],[124.6182,73.7401,6.8379],[124.6,73.7354,5.7726],[124.5833,73.7354,0.0],[124.5729,73.7396,0.0],[124.5687,73.7396,0.0],[124.5646,73.7375,0.6784],[124.5521,73.7375,0.0],[124.5333,73.7312,1.0515],[124.5146,73.7312,0.0],[124.5068,73.7338,2.2895],[124.5057,73.7391,0.3095],[124.5005,73.7412,6.3439],[124.5078,73.7422,0.0],[124.5026,73.7453,4.5544],[124.5099,73.7464,0.0],[124.5109,73.7495,1.4161],[124.5266,73.7526,0.0],[124.5266,73.7578,0.0],[124.4917,73.7583,0.0],[124.4901,73.7578,0.0],[124.4891,73.7526,0.3958],[124.4818,73.7516,0.0],[124.487,73.7484,0.4898],[124.4797,73.7474,0.0],[124.4776,73.7401,0.5669],[124.4833,73.7396,0.8238],[124.4849,73.738,0.9375],[124.4776,73.737,0.0],[124.4828,73.7349,0.6198],[124.4833,73.7333,0.0],[124.4828,73.7318,1.2002],[124.4771,73.7312,0.7527],[124.4693,73.7338,0.9376],[124.4703,73.7391,0.0],[124.4646,73.7396,0.3907],[124.4568,73.7432,0.9411],[124.4724,73.7464,0.0],[124.4776,73.762,0.0],[124.4896,73.7625,0.0],[124.4932,73.7662,0.4956],[124.4812,73.7667,2.2032],[124.4771,73.7688,2.0868],[124.4667,73.7688,1.3892],[124.4568,73.7662,0.0],[124.4521,73.7625,3.8424],[124.4271,73.7625,3.4183],[124.4229,73.7604,1.1151],[124.4026,73.7609,3.0581],[124.4047,73.7703,2.877],[124.4068,73.7724,3.6075],[124.4167,73.775,0.0],[124.437,73.7755,0.0],[124.438,73.7807,0.0],[124.4453,73.7818,0.0],[124.4464,73.7849,0.0],[124.4537,73.7859,0.0],[124.4557,73.788,0.0],[124.4557,73.7953,0.0],[124.4458,73.7958,0.0],[124.4417,73.7979,0.0],[124.4313,73.7979,6.2913],[124.4271,73.8,0.0],[124.4229,73.8,0.0],[124.4187,73.7979,8.4721],[124.3562,73.7979,0.0],[124.3516,73.7943,6.0839],[124.3458,73.7937,0.0],[124.3443,73.7922,0.0],[124.3542,73.7896,0.0],[124.3792,73.7896,0.0],[124.3833,73.7917,0.0],[124.3875,73.7917,0.3276],[124.3953,73.7891,0.5215],[124.3958,73.7875,0.7713],[124.3932,73.7839,0.0],[124.3859,73.7828,0.0],[124.3849,73.7797,0.3529],[124.3729,73.7792,0.0],[124.3688,73.7771,0.6653],[124.3568,73.7797,0.7112],[124.3562,73.7813,0.505],[124.3583,73.7833,0.5661],[124.3724,73.7859,0.1921],[124.3708,73.7875,0.4225],[124.3521,73.7875,0.429],[124.3339,73.7828,0.0],[124.3313,73.7792,0.0],[124.3172,73.7766,0.0],[124.3151,73.7693,0.0],[124.3287,73.7662,0.0],[124.3276,73.7609,0.0],[124.3333,73.7604,0.0],[124.3349,73.7589,0.0],[124.3328,73.7568,0.0],[124.3255,73.7557,0.0],[124.3245,73.7484,0.0],[124.3229,73.7479,0.0],[124.3104,73.7479,0.0],[124.3063,73.7458,8.7213],[124.2958,73.7458,0.0],[124.2859,73.7432,0.0],[124.2859,73.7401,0.0],[124.2911,73.7391,9.3813],[124.2917,73.7375,6.1319],[124.2891,73.7318,0.0],[124.2875,73.7312,0.0],[124.2688,73.7312,1.6704],[124.2609,73.7338,5.7157],[124.2625,73.7354,4.4515],[124.2682,73.7359,0.0],[124.2688,73.7396,0.0],[124.2682,73.7412,0.0],[124.2568,73.7443,0.5655],[124.2562,73.7479,0.0],[124.2583,73.7542,5.7334],[124.2562,73.7562,0.0],[124.2443,73.7536,0.0],[124.2422,73.7464,0.0],[124.2474,73.7443,1.7803],[124.2375,73.7417,0.5837],[124.2271,73.7417,1.182],[124.2255,73.7422,2.2421],[124.2266,73.7453,1.577],[124.213,73.7484,5.6491],[124.2146,73.75,5.983],[124.2203,73.7505,0.0],[124.2214,73.7557,0.0],[124.237,73.7568,0.0],[124.2375,73.7604,0.3177],[124.2354,73.7625,0.0],[124.2271,73.7625,3.9564],[124.2146,73.7667,0.2779],[124.1979,73.7667,0.0],[124.1937,73.7646,0.1179],[124.1813,73.7646,0.0],[124.1771,73.7625,0.0],[124.1729,73.7625,0.0],[124.1703,73.7589,0.0],[124.163,73.7578,0.0],[124.1682,73.7547,0.0],[124.163,73.7536,0.0],[124.1609,73.7516,0.0],[124.1609,73.7484,0.0],[124.1687,73.7458,0.0],[124.1807,73.7453,0.0],[124.1813,73.7417,0.0],[124.1797,73.738,0.0],[124.2063,73.7375,0.0],[124.2104,73.7354,0.0],[124.2438,73.7354,0.0],[124.2516,73.7328,0.0],[124.2505,73.7255,0.0],[124.2557,73.7245,0.0],[124.2568,73.7214,0.0],[124.262,73.7203,0.0],[124.262,73.7172,0.0],[124.25,73.7167,0.0],[124.2458,73.7208,0.0],[124.2354,73.7208,0.0],[124.2292,73.7229,0.0],[124.2083,73.7167,0.0],[124.1813,73.7146,0.0],[124.1734,73.712,0.0],[124.1703,73.7089,0.0],[124.1568,73.7057,0.0],[124.1536,73.7026,5.0572],[124.1464,73.7016,0.0],[124.1453,73.6943,5.9043],[124.1297,73.6911,2.295],[124.1297,73.688,3.3284],[124.1396,73.6854,0.0],[124.1432,73.688,0.0],[124.1443,73.6911,6.7986],[124.1516,73.6922,0.0],[124.1526,73.6953,3.4057],[124.1661,73.6953,2.9547],[124.1646,73.6937,0.0],[124.1589,73.6932,0.0],[124.1661,73.6901,7.8547],[124.1589,73.6891,0.0],[124.1563,73.6833,0.0],[124.1568,73.6797,0.0],[124.162,73.6776,0.9678],[124.1464,73.6745,0.0],[124.1479,73.6729,0.0],[124.1599,73.6703,1.5916],[124.1583,73.6687,0.7873],[124.1333,73.6708,0.0],[124.1208,73.6667,0.3539],[124.1104,73.6667,0.0],[124.1062,73.6687,0.0],[124.1021,73.6687,1.4492],[124.1,73.6667,0.9532],[124.0922,73.6661,0.0],[124.0995,73.663,3.9614],[124.0896,73.6604,3.0914],[124.0792,73.6604,0.6278],[124.0766,73.6641,0.0],[124.0687,73.6667,0.0],[124.05,73.6667,0.0],[124.0401,73.6641,0.0],[124.0453,73.662,1.5759],[124.0458,73.6604,2.7708],[124.0453,73.6589,4.6738],[124.038,73.6578,0.0],[124.038,73.6547,0.0],[124.0563,73.6542,0.0],[124.0661,73.6505,0.0],[124.0625,73.6479,0.946],[124.0521,73.6479,0.9319],[124.0479,73.65,0.0],[124.0375,73.65,0.0],[124.0359,73.6484,0.0],[124.0411,73.6474,1.1254],[124.0437,73.6438,0.6544],[124.0542,73.6438,0.8268],[124.0583,73.6417,0.0],[124.0687,73.6417,0.8067],[124.0703,73.6401,0.4484],[124.0417,73.6396,1.2582],[124.0401,73.6391,3.5289],[124.0391,73.6339,0.0],[124.0318,73.6328,0.0],[124.037,73.6297,0.0],[124.0297,73.6286,0.0],[124.0266,73.6151,0.0],[124.0193,73.6141,0.0],[124.0193,73.6109,0.0],[124.0245,73.6088,5.8388],[124.0172,73.6078,0.0],[124.0167,73.6042,0.0],[124.0172,73.6026,0.8066],[124.0224,73.6005,4.5407],[124.0151,73.5995,0.0],[124.0141,73.5964,1.0676],[124.0042,73.5938,0.5623],[123.9776,73.5943,1.0833],[123.9786,73.6057,0.0],[123.9672,73.6088,0.7944],[123.9661,73.6162,0.0],[123.9609,73.6172,3.8524],[123.9625,73.6188,4.5219],[123.9766,73.6214,0.0],[123.9766,73.6245,0.0],[123.9688,73.6271,0.0],[123.9583,73.6271,0.0],[123.9292,73.6188,0.3171],[123.9187,73.6208,0.0],[123.9026,73.6162,5.7665],[123.9,73.6125,0.0],[123.9005,73.6088,1.6077],[123.9021,73.6083,3.5363],[123.9167,73.6146,0.7228],[123.9208,73.6146,0.0],[123.925,73.6167,1.1661],[123.9307,73.6162,0.0],[123.9276,73.6047,0.0],[123.9349,73.6036,1.5304],[123.9339,73.6005,0.0],[123.9411,73.5995,4.7299],[123.9391,73.5964,8.0408],[123.9255,73.5911,0.0],[123.9224,73.5859,0.8911],[123.9104,73.5833,1.9541],[123.9005,73.5859,4.2817],[123.9016,73.5891,0.0],[123.888,73.5922,1.9874],[123.888,73.5953,0.0],[123.8901,73.5974,0.0],[123.8953,73.5995,0.0],[123.8812,73.6042,0.0],[123.8693,73.6047,1.2434],[123.8708,73.6062,0.7017],[123.8766,73.6068,0.0],[123.8714,73.6099,0.8303],[123.8766,73.6109,0.0],[123.8786,73.613,0.0],[123.8771,73.6146,0.0],[123.8714,73.6151,0.0],[123.8724,73.6182,0.0],[123.8458,73.6229,0.0],[123.8432,73.6193,0.0],[123.8359,73.6182,0.0],[123.8328,73.613,0.0],[123.825,73.6104,4.8497],[123.8125,73.6104,0.0],[123.8083,73.6083,0.0],[123.8042,73.6083,0.0],[123.8026,73.6078,0.0],[123.8016,73.6026,10.7457],[123.788,73.6016,0.0],[123.7859,73.5984,0.0],[123.7917,73.5979,8.8974],[123.7932,73.5964,9.949],[123.7859,73.5953,0.0],[123.7828,73.5901,0.0],[123.7755,73.5891,0.0],[123.7745,73.5818,0.0],[123.7729,73.5813,0.0],[123.7542,73.5813,0.0],[123.7464,73.5839,0.0],[123.7453,73.587,0.0],[123.7255,73.5922,0.0],[123.7266,73.5995,0.0],[123.7188,73.6021,0.0],[123.7,73.6021,0.0],[123.6875,73.5979,1.8898],[123.6839,73.5984,0.9295],[123.6839,73.6057,2.2588],[123.6911,73.6068,0.0],[123.6943,73.6099,4.4587],[123.7021,73.6125,2.9127],[123.7161,73.613,0.0],[123.7089,73.6162,0.0],[123.7161,73.6172,0.0],[123.7109,73.6203,7.9761],[123.7167,73.6208,0.0],[123.7182,73.6224,0.0],[123.7083,73.625,0.0],[123.7,73.625,3.2959],[123.6958,73.6271,0.0],[123.6771,73.6271,0.7899],[123.6745,73.6307,0.0],[123.6667,73.6333,0.0],[123.6521,73.6292,3.3767],[123.6401,73.6297,3.0452],[123.6401,73.637,0.0],[123.6474,73.638,0.0],[123.6479,73.6396,0.0],[123.6474,73.6412,0.0],[123.6422,73.6432,2.8444],[123.6563,73.6458,0.0],[123.6589,73.6495,6.7984],[123.6729,73.6521,0.0],[123.6745,73.6536,0.0],[123.6672,73.6547,3.243],[123.6682,73.6578,1.1273],[123.6667,73.6583,0.8775],[123.6417,73.6583,0.0],[123.6318,73.6609,8.0282],[123.6349,73.6724,0.0],[123.6276,73.6734,7.3428],[123.6297,73.6766,2.4215],[123.6349,73.6776,0.0],[123.6396,73.6813,5.6983],[123.65,73.6813,3.5261],[123.6578,73.6787,0.0],[123.6563,73.6687,0.0],[123.6583,73.6667,0.0],[123.6729,73.6708,0.0],[123.7125,73.6687,0.0],[123.7161,73.6713,3.5738],[123.7167,73.675,0.0],[123.7161,73.6766,3.5134],[123.7109,73.6787,5.7474],[123.7167,73.6792,0.0],[123.7182,73.6807,0.0],[123.7047,73.6839,0.0],[123.7047,73.687,0.0],[123.725,73.6875,0.0],[123.7292,73.6854,0.0],[123.7333,73.6854,0.0],[123.7349,73.6859,0.0],[123.7349,73.6891,0.0],[123.7229,73.6896,0.0],[123.7042,73.6958,0.0],[123.6646,73.6958,0.0],[123.6604,73.6979,0.0],[123.6354,73.6979,0.0],[123.6312,73.6937,0.0],[123.6208,73.6937,0.0],[123.6167,73.6958,0.0],[123.6062,73.6958,0.0],[123.5964,73.6932,0.0],[123.5943,73.6911,7.2726],[123.5943,73.688,0.0],[123.6141,73.6828,0.0],[123.6068,73.6797,0.0],[123.6125,73.6792,0.0],[123.6203,73.6755,0.0],[123.613,73.6745,0.0],[123.612,73.6693,0.0],[123.6083,73.6667,0.0],[123.5833,73.6667,0.0],[123.5734,73.6641,0.0],[123.5724,73.6589,0.0],[123.5651,73.6578,0.0],[123.562,73.6505,0.8984],[123.5604,73.65,1.0392],[123.5333,73.6458,0.0],[123.5292,73.6479,0.0],[123.5208,73.6479,4.149],[123.5167,73.65,0.7361],[123.4979,73.65,0.0],[123.4771,73.6438,0.0],[123.4667,73.6438,0.0],[123.4625,73.6458,0.0],[123.4521,73.6458,0.0],[123.4443,73.6484,0.0],[123.4516,73.6516,0.0],[123.4417,73.6542,0.0],[123.4297,73.6516,0.0],[123.4271,73.6417,0.0],[123.4276,73.6401,0.0],[123.4328,73.638,0.0],[123.4271,73.6375,0.0],[123.4255,73.6359,0.0],[123.4313,73.6354,0.0],[123.4328,73.6339,0.0],[123.4271,73.6333,0.0],[123.4255,73.6318,0.0],[123.4307,73.6307,0.0],[123.4313,73.625,0.0],[123.4297,73.6193,0.0],[123.4417,73.6167,0.0],[123.4583,73.6104,0.0],[123.4625,73.6104,0.0],[123.4641,73.6088,0.0],[123.4521,73.6021,0.0],[123.4417,73.6021,0.0],[123.4375,73.6042,0.0],[123.4271,73.6042,0.0],[123.4208,73.6062,0.0],[123.4167,73.6042,0.0],[123.4063,73.6042,0.0],[123.4026,73.6005,0.0],[123.4146,73.6,0.0],[123.4172,73.5964,0.0],[123.425,73.5938,0.0],[123.4292,73.5938,0.0],[123.4333,73.5917,0.0],[123.4417,73.5917,0.0],[123.4458,73.5875,0.0],[123.4563,73.5875,0.0],[123.4589,73.5839,0.0],[123.4667,73.5813,0.0],[123.4771,73.5813,0.0],[123.4849,73.5787,0.0],[123.4849,73.5755,0.0],[123.4833,73.575,0.0],[123.4547,73.5703,0.0],[123.4547,73.5651,0.0],[123.4599,73.5641,0.0],[123.4609,73.5609,0.0],[123.5021,73.5604,0.0],[123.5036,73.5599,0.0],[123.5026,73.5568,0.0],[123.5146,73.5563,0.0],[123.5162,73.5547,0.0],[123.5,73.55,0.0],[123.4812,73.55,0.0],[123.4771,73.5479,5.7419],[123.4729,73.5479,8.7127],[123.4651,73.5505,1.2697],[123.4661,73.5557,0.0],[123.4464,73.5609,0.0],[123.4453,73.5661,0.0],[123.4375,73.5687,0.0],[123.4271,73.5687,0.0],[123.4229,73.5708,0.0],[123.4125,73.5708,4.8865],[123.4021,73.575,0.0],[123.3917,73.575,8.8404],[123.3901,73.5755,9.0112],[123.3891,73.5807,0.0],[123.3792,73.5833,0.0],[123.3609,73.5787,0.0],[123.3662,73.5755,9.4393],[123.3609,73.5734,0.0],[123.3807,73.5682,0.0],[123.3797,73.5651,0.0],[123.387,73.5641,0.0],[123.3854,73.5604,0.0],[123.3859,73.5568,0.0],[123.3912,73.5547,0.0],[123.3839,73.5537,0.0],[123.3828,73.5463,0.0],[123.3562,73.5458,0.0],[123.3521,73.5479,0.0],[123.3479,73.5479,0.0],[123.3417,73.5458,6.3572],[123.3375,73.5479,0.0],[123.3271,73.5479,0.0],[123.3068,73.537,0.0],[123.3083,73.5354,0.0],[123.3141,73.5349,6.9358],[123.313,73.5297,0.0],[123.3182,73.5286,0.0],[123.3193,73.5255,0.0],[123.3266,73.5245,0.0],[123.325,73.5208,0.0],[123.3255,73.5151,0.0],[123.3307,73.5141,0.0],[123.3318,73.5089,0.0],[123.3396,73.5062,0.0],[123.35,73.5062,0.0],[123.3542,73.5042,0.0],[123.3708,73.5042,0.0],[123.3724,73.5036,0.0],[123.3734,73.4984,0.0],[123.3786,73.4974,0.0],[123.3771,73.4958,0.0],[123.3714,73.4953,0.0],[123.3766,73.4922,0.0],[123.3318,73.4807,0.0],[123.3287,73.4755,0.0],[123.3234,73.4745,0.0],[123.3214,73.4714,0.0],[123.3287,73.4703,0.0],[123.3313,73.4667,0.0],[123.3375,73.4688,0.0],[123.3479,73.4688,0.0],[123.3521,73.4708,0.0],[123.3562,73.4708,0.0],[123.3641,73.4682,0.0],[123.3651,73.463,0.0],[123.3912,73.4557,0.0],[123.3922,73.4526,0.0],[123.4063,73.4479,0.0],[123.4313,73.4479,0.0],[123.4354,73.4458,0.0],[123.4474,73.4453,0.0],[123.4474,73.4422,0.0],[123.4401,73.4411,0.0],[123.4391,73.438,0.0],[123.4318,73.437,0.0],[123.4292,73.4292,0.0],[123.4297,73.4276,0.0],[123.4411,73.4245,0.0],[123.4359,73.4224,0.0],[123.4339,73.4172,0.0],[123.4537,73.412,0.0],[123.4537,73.4089,0.0],[123.4417,73.4083,1.9479],[123.4375,73.4125,0.0],[123.4271,73.4125,0.6793],[123.4229,73.4146,0.0],[123.4146,73.4146,0.7142],[123.4104,73.4167,0.0],[123.4,73.4167,1.1468],[123.3839,73.4213,0.8432],[123.3849,73.4266,0.0],[123.3792,73.4271,0.0],[123.3776,73.4287,1.9643],[123.4,73.4333,0.2204],[123.4078,73.437,0.97],[123.4,73.4396,0.0],[123.3896,73.4396,2.3456],[123.387,73.4432,0.8289],[123.3818,73.4443,1.406],[123.3833,73.4458,1.016],[123.3891,73.4464,0.0],[123.3891,73.4495,0.0],[123.3812,73.4521,0.0],[123.3646,73.4521,0.0],[123.3604,73.4542,0.0],[123.3562,73.4542,0.0],[123.3464,73.4516,0.0],[123.3458,73.4458,0.0],[123.3432,73.4401,0.0],[123.3359,73.4391,0.0],[123.3349,73.4359,5.1157],[123.3214,73.4328,0.0],[123.3203,73.4297,2.9436],[123.3146,73.4292,0.0],[123.313,73.4276,0.0],[123.3182,73.4266,0.0],[123.3193,73.4234,0.0],[123.3391,73.4182,0.0],[123.3234,73.413,0.0],[123.3292,73.4125,0.0],[123.3396,73.4083,0.0],[123.3646,73.4083,0.0],[123.3786,73.4036,0.0],[123.3786,73.3984,0.0],[123.3714,73.3974,0.0],[123.3703,73.3943,1.2418],[123.3604,73.3917,0.0],[123.3208,73.3917,0.6297],[123.3187,73.3938,0.0],[123.3203,73.3974,0.0],[123.3068,73.4005,5.8209],[123.3063,73.4042,6.9031],[123.2937,73.4063,0.0],[123.2922,73.4057,0.0],[123.2911,73.4005,0.0],[123.2708,73.4,0.0],[123.2682,73.3964,10.582],[123.2625,73.3958,0.0],[123.2609,73.3943,0.0],[123.2667,73.3938,0.0],[123.2771,73.3896,0.0],[123.2875,73.3896,0.0],[123.2979,73.3854,0.0],[123.3083,73.3854,0.0],[123.3125,73.3833,0.0],[123.3292,73.3833,0.0],[123.3333,73.3812,0.0],[123.3438,73.3812,0.0],[123.3479,73.3792,0.0],[123.3729,73.3792,0.0],[123.3771,73.3771,0.0],[123.3854,73.3771,0.0],[123.3896,73.375,0.0],[123.3938,73.375,0.0],[123.4042,73.3708,0.0],[123.4146,73.3708,0.0],[123.4187,73.3688,0.0],[123.4578,73.3682,0.0],[123.4563,73.3667,0.0],[123.4396,73.3667,0.0],[123.4354,73.3646,0.0],[123.4229,73.3646,0.0],[123.4125,73.3604,10.8388],[123.3938,73.3604,0.0],[123.3912,73.3568,5.6747],[123.3839,73.3557,0.0],[123.3828,73.3526,0.0],[123.3755,73.3516,0.0],[123.3745,73.3484,0.0],[123.3672,73.3474,0.0],[123.3662,73.3443,0.0],[123.3588,73.3432,0.0],[123.3583,73.3417,0.0],[123.3588,73.3401,0.0],[123.3912,73.3307,0.0],[123.3922,73.3276,0.0],[123.3974,73.3266,0.0],[123.3974,73.3214,0.0],[123.3839,73.3182,0.0],[123.3818,73.3161,0.0],[123.3818,73.313,0.0],[123.3979,73.3083,0.0],[123.4375,73.3104,0.0],[123.4391,73.3099,0.0],[123.438,73.3068,0.0],[123.4516,73.3057,0.0],[123.4443,73.3026,0.0],[123.4516,73.3016,0.0],[123.4505,73.2984,0.0],[123.4578,73.2974,0.0],[123.4542,73.2937,0.0],[123.4292,73.2917,0.0],[123.4229,73.2937,0.0],[123.4187,73.2917,0.0],[123.4083,73.2917,0.0],[123.3984,73.2891,0.0],[123.3984,73.2859,0.0],[123.4036,73.2849,0.0],[123.4047,73.2818,0.0],[123.4099,73.2807,0.0],[123.4109,73.2776,0.0],[123.425,73.2729,0.0],[123.45,73.2729,0.0],[123.4625,73.2771,0.0],[123.4875,73.275,0.0],[123.5016,73.2703,0.0],[123.5016,73.2651,4.6379],[123.4943,73.2641,0.0],[123.4922,73.2568,0.0],[123.5021,73.2542,0.0],[123.5188,73.2542,0.0],[123.5203,73.2547,0.0],[123.5234,73.2641,0.4349],[123.5292,73.2646,0.0],[123.5396,73.2688,4.2585],[123.55,73.2688,0.7882],[123.5563,73.2729,0.0],[123.5682,73.2724,0.0],[123.5667,73.2708,0.0],[123.5609,73.2703,0.0],[123.5661,73.2682,0.0],[123.5667,73.2667,0.0],[123.5667,73.2625,0.0],[123.5641,73.2568,0.0],[123.5568,73.2557,0.0],[123.5563,73.2542,0.0],[123.5568,73.2526,0.0],[123.562,73.2505,4.6645],[123.5484,73.2474,0.0],[123.5474,73.2443,9.2232],[123.5354,73.2438,0.0],[123.5313,73.2417,0.0],[123.5208,73.2417,0.0],[123.5167,73.2438,0.0],[123.4917,73.2438,0.0],[123.4891,73.2401,14.3244],[123.4818,73.2391,0.0],[123.4812,73.2375,0.0],[123.4833,73.2354,0.0],[123.4932,73.2349,0.0],[123.4958,73.2312,0.0],[123.5062,73.2312,0.0],[123.5104,73.2292,0.0],[123.5224,73.2297,0.4856],[123.5234,73.2349,0.0],[123.525,73.2354,0.0],[123.5354,73.2354,0.0],[123.5396,73.2333,0.0],[123.5516,73.2328,0.0],[123.5505,73.2255,0.0],[123.5557,73.2245,0.0],[123.5568,73.2214,0.0],[123.5687,73.2208,0.0],[123.5766,73.2182,0.0],[123.575,73.2167,0.0],[123.5693,73.2161,0.0],[123.5708,73.2146,0.0],[123.5766,73.2141,0.0],[123.5771,73.2125,0.0],[123.5745,73.2026,0.0],[123.5672,73.1984,0.0],[123.575,73.1958,0.0],[123.5917,73.1958,0.0],[123.6016,73.1984,0.0],[123.6042,73.2021,0.5686],[123.6375,73.2021,0.0],[123.6417,73.2,0.0],[123.6583,73.2,0.0],[123.6599,73.1995,0.0],[123.6589,73.1964,0.0],[123.6604,73.1958,0.0],[123.6708,73.1958,0.0],[123.675,73.1937,0.0],[123.6792,73.1937,0.0],[123.6833,73.1958,0.0],[123.6937,73.1958,0.0],[123.7125,73.2042,0.0],[123.725,73.2042,0.0],[123.7292,73.2063,4.1114],[123.7328,73.2057,0.0],[123.7338,73.2005,0.0],[123.7391,73.1995,0.0],[123.7375,73.1979,0.0],[123.7172,73.1932,0.0],[123.7141,73.1901,0.0],[123.7089,73.1891,0.0],[123.7063,73.1833,0.0],[123.7057,73.1776,2.8554],[123.7042,73.1771,0.0],[123.6854,73.1771,0.0],[123.6776,73.1797,1.708],[123.6766,73.1849,0.0],[123.675,73.1854,0.0],[123.6583,73.1854,0.0],[123.6542,73.1833,2.2289],[123.65,73.1833,0.0],[123.6474,73.1797,0.0],[123.6401,73.1787,0.0],[123.6391,73.1734,0.0],[123.6318,73.1724,0.0],[123.6297,73.1641,0.0],[123.6312,73.1625,0.0],[123.65,73.1625,9.6146],[123.6542,73.1604,0.0],[123.6771,73.1604,0.0],[123.6813,73.1625,0.0],[123.7,73.1625,0.0],[123.7016,73.163,0.0],[123.7026,73.1682,3.2419],[123.7125,73.1708,1.1981],[123.7391,73.1703,0.0],[123.737,73.1589,1.2572],[123.7271,73.1563,1.1068],[123.7167,73.1563,0.0],[123.7104,73.1542,13.148],[123.6979,73.1583,5.2411],[123.6729,73.1583,0.0],[123.6703,73.1547,0.0],[123.6568,73.1516,0.0],[123.6542,73.1479,10.3354],[123.65,73.1479,0.0],[123.6458,73.1458,10.1512],[123.6271,73.1458,0.0],[123.6167,73.1417,8.9241],[123.6125,73.1417,8.2561],[123.6083,73.1438,0.0],[123.5984,73.1443,6.1846],[123.5974,73.1474,0.0],[123.5922,73.1484,1.4763],[123.5911,73.1536,0.0],[123.5833,73.1563,0.0],[123.5792,73.1563,0.0],[123.575,73.1542,6.793],[123.5583,73.1542,0.0],[123.5557,73.1578,0.0],[123.5443,73.1609,3.4596],[123.5443,73.1641,1.737],[123.55,73.1646,0.0],[123.5604,73.1687,0.0],[123.5646,73.1687,0.0],[123.5896,73.1604,0.0],[123.6,73.1625,0.0],[123.6016,73.163,0.0],[123.6036,73.1724,0.0],[123.5979,73.1729,1.3909],[123.5964,73.1745,2.0877],[123.6062,73.1771,0.0],[123.6167,73.1771,0.0],[123.6354,73.1833,0.0],[123.6396,73.1833,0.0],[123.6412,73.1839,0.0],[123.6438,73.1896,0.0],[123.6417,73.1917,0.0],[123.6167,73.1917,0.0],[123.6005,73.187,0.0],[123.5974,73.1839,6.5311],[123.5911,73.1818,0.0],[123.5839,73.1807,0.0],[123.5828,73.1776,1.5216],[123.5729,73.175,0.0],[123.5479,73.175,4.9213],[123.5437,73.1771,0.0],[123.5333,73.1771,0.0],[123.5255,73.1745,0.0],[123.5245,73.1713,5.5433],[123.5208,73.1687,2.7091],[123.5104,73.1687,0.0],[123.5062,73.1667,0.7973],[123.4896,73.1667,0.6631],[123.4854,73.1646,4.6473],[123.475,73.1646,5.7794],[123.4708,73.1667,0.7748],[123.4667,73.1667,0.7819],[123.4641,73.163,8.0665],[123.4568,73.162,0.8059],[123.4568,73.1547,0.804],[123.462,73.1536,0.9455],[123.4625,73.15,1.0352],[123.462,73.1484,0.8635],[123.4563,73.1479,0.8407],[123.4547,73.1464,0.8464],[123.4729,73.1458,-0.2848],[123.4771,73.1479,5.2677],[123.4875,73.1479,-0.1221],[123.4917,73.15,3.0657],[123.5104,73.15,0.7656],[123.5146,73.1521,0.9803],[123.5396,73.1521,3.7895],[123.5458,73.15,-0.0593],[123.55,73.1521,11.9042],[123.5604,73.1521,13.469],[123.563,73.1484,0.0611],[123.5828,73.1432,1.7216],[123.5813,73.1417,0.6937],[123.5672,73.1391,0.8433],[123.5672,73.1359,0.7879],[123.5792,73.1354,0.9746],[123.5958,73.1292,0.3773],[123.6062,73.1292,2.2339],[123.6141,73.1266,1.1961],[123.6151,73.1234,0.6636],[123.6203,73.1224,2.4366],[123.613,73.1193,1.0541],[123.6188,73.1188,0.8367],[123.6354,73.1125,0.5091],[123.6521,73.1125,3.703],[123.6563,73.1104,-0.0351],[123.6604,73.1104,-0.1048],[123.6667,73.1125,1.1284],[123.6708,73.1104,-0.0858],[123.6875,73.1104,0.3611],[123.6979,73.1062,-0.1834],[123.7083,73.1062,0.0603],[123.7224,73.1016,0.2016],[123.7234,73.0964,2.755],[123.7286,73.0953,3.5632],[123.7297,73.0922,1.0681],[123.7375,73.0896,0.8307],[123.7557,73.0911,-0.0613],[123.7557,73.0859,1.7378],[123.7458,73.0833,1.1194],[123.7354,73.0833,0.7936],[123.7188,73.0896,0.1851],[123.7083,73.0896,1.3466],[123.7042,73.0917,1.0905],[123.6958,73.0917,1.4029],[123.6917,73.0938,0.8269],[123.6813,73.0917,1.0751],[123.6734,73.0943,2.6948],[123.6724,73.0974,2.5688],[123.6672,73.0984,13.6261],[123.6646,73.1021,0.8548],[123.6396,73.1021,1.4286],[123.6333,73.1042,1.0839],[123.6292,73.1021,0.9977],[123.6042,73.1021,1.0325],[123.5938,73.1062,0.8326],[123.5813,73.1062,8.3305],[123.5813,73.1083,0.668],[123.5563,73.1104,1.0041],[123.5484,73.113,1.0323],[123.5474,73.1162,0.8748],[123.5422,73.1172,2.306],[123.5474,73.1193,0.5064],[123.5495,73.1224,0.1629],[123.5437,73.1229,5.6294],[123.5422,73.1245,10.0606],[123.5479,73.125,0.0682],[123.5495,73.1266,-0.0593],[123.5417,73.1292,10.8652],[123.5167,73.1292,0.8177],[123.5125,73.1312,0.7705],[123.4958,73.1312,0.9781],[123.4943,73.1328,0.997],[123.5,73.1333,0.9917],[123.5016,73.1349,0.6689],[123.4917,73.1375,0.843],[123.4833,73.1375,0.8747],[123.4792,73.1354,1.0987],[123.4672,73.137,0.8295],[123.4651,73.1349,0.7524],[123.4651,73.1318,0.71],[123.4786,73.1286,0.9768],[123.4771,73.1271,0.8233],[123.4714,73.1266,0.8679],[123.4714,73.1214,0.7273],[123.4854,73.1167,0.7301],[123.4958,73.1188,0.6827],[123.5,73.1167,1.003],[123.5229,73.1146,1.0793],[123.5255,73.1109,0.6338],[123.5375,73.1104,0.743],[123.5396,73.1083,0.7474],[123.5391,73.1068,0.6453],[123.5318,73.1057,0.0],[123.5292,73.1,0.0],[123.5297,73.0943,0.0],[123.5349,73.0932,0.0],[123.5354,73.0917,0.0],[123.5349,73.0901,0.0],[123.5276,73.0891,0.0],[123.5328,73.087,0.0],[123.5333,73.0854,0.0],[123.5328,73.0839,0.0],[123.5276,73.0828,0.0],[123.525,73.0792,0.0],[123.5255,73.0776,4.5858],[123.5307,73.0766,10.3163],[123.5307,73.0693,4.9253],[123.5167,73.0667,0.0],[123.5141,73.063,11.713],[123.5005,73.0599,0.0],[123.5057,73.0568,0.0],[123.4922,73.0568,3.9238],[123.4922,73.0599,0.0],[123.4943,73.062,0.0],[123.4995,73.0641,0.0],[123.488,73.0672,9.5691],[123.4932,73.0703,0.0],[123.4818,73.0734,6.2036],[123.4812,73.075,5.5235],[123.4818,73.0766,4.8887],[123.4891,73.0776,0.0],[123.4901,73.0828,7.7884],[123.4922,73.0849,0.0],[123.4974,73.0859,0.0],[123.4922,73.088,0.0],[123.4912,73.0932,0.0],[123.4859,73.0953,6.0023],[123.4932,73.0964,0.0],[123.4958,73.1,0.0],[123.4995,73.0995,0.0],[123.5005,73.0964,0.0],[123.5083,73.0958,0.0],[123.5089,73.1016,0.0],[123.5162,73.1027,0.0],[123.5167,73.1083,0.0],[123.5146,73.1104,0.0],[123.5062,73.1104,0.0],[123.4958,73.1146,0.3807],[123.4917,73.1146,0.0],[123.4818,73.112,0.0],[123.4807,73.1088,0.0],[123.4755,73.1078,0.0],[123.4807,73.1057,0.0],[123.4812,73.1042,0.0],[123.4792,73.1,0.0],[123.4786,73.0922,5.4664],[123.4714,73.0911,0.0],[123.4703,73.088,0.0],[123.4604,73.0854,0.0],[123.4417,73.0854,0.0],[123.4391,73.0818,0.0],[123.4339,73.0807,0.0],[123.4391,73.0787,0.9721],[123.4396,73.0771,0.7637],[123.4375,73.0729,0.0],[123.437,73.0651,2.1032],[123.4229,73.0625,0.0],[123.4203,73.0589,2.7961],[123.3922,73.0516,0.0],[123.3901,73.0495,0.0],[123.3891,73.0443,0.0],[123.3818,73.0432,0.0],[123.3818,73.0401,0.0],[123.387,73.038,0.0],[123.3818,73.0359,0.0],[123.3932,73.0349,0.0],[123.3938,73.0292,0.0],[123.3932,73.0276,0.0],[123.3859,73.0266,0.0],[123.3849,73.0234,10.6208],[123.3776,73.0224,0.0],[123.3755,73.013,0.0],[123.3828,73.012,2.772],[123.3812,73.0083,0.0],[123.3818,73.0047,0.0],[123.387,73.0036,0.0],[123.388,73.0005,0.0],[123.4016,72.9974,0.0],[123.4005,72.9943,0.0],[123.4063,72.9938,6.2081],[123.4266,72.987,0.0],[123.4266,72.9818,0.0],[123.4208,72.9812,0.0],[123.4193,72.9797,0.0],[123.4245,72.9786,0.0],[123.4255,72.9734,0.0],[123.4307,72.9724,0.0],[123.4307,72.9651,0.0],[123.4187,72.9646,0.0],[123.4146,72.9625,0.0],[123.4104,72.9625,0.0],[123.4063,72.9646,0.0],[123.3604,72.9646,0.0],[123.3578,72.9609,0.0],[123.3505,72.9599,0.0],[123.3505,72.9568,0.0],[123.3557,72.9547,0.0],[123.3505,72.9537,0.0],[123.3479,72.9479,0.0],[123.3484,72.9464,0.0],[123.3536,72.9443,0.0],[123.3401,72.9411,0.0],[123.3453,72.938,1.5476],[123.3401,72.937,0.0],[123.3391,72.9339,2.0926],[123.3318,72.9328,0.0],[123.3307,72.9297,0.0],[123.3234,72.9287,0.0],[123.3224,72.9234,4.8322],[123.3151,72.9224,0.0],[123.3141,72.9193,8.0925],[123.3068,72.9182,0.0],[123.3057,72.9151,5.147],[123.2937,72.9146,0.0],[123.2911,72.9109,0.6241],[123.2547,72.9016,1.4304],[123.2521,72.8979,-0.5727],[123.2271,72.8979,0.0],[123.2229,72.8958,2.9758],[123.1917,72.8958,0.0],[123.1901,72.8953,0.0],[123.1901,72.8922,17.833],[123.1953,72.8901,12.9605],[123.1854,72.8875,18.4236],[123.1755,72.888,13.0],[123.1745,72.8953,0.0],[123.1729,72.8958,0.0],[123.15,72.8979,15.4663],[123.1276,72.9047,10.6786],[123.1292,72.9063,4.1146],[123.1349,72.9068,0.0],[123.1359,72.9099,1.7066],[123.1432,72.9109,0.0],[123.1432,72.9182,0.0],[123.138,72.9193,0.0],[123.137,72.9224,0.0],[123.1318,72.9234,11.7145],[123.1307,72.9266,0.0],[123.1083,72.9333,0.0],[123.1,72.9333,8.3149],[123.0958,72.9354,0.0],[123.0792,72.9354,4.0416],[123.075,72.9375,0.0],[123.0646,72.9354,23.1594],[123.0604,72.9375,0.0],[123.05,72.9375,4.7388],[123.0458,72.9396,0.0],[123.0146,72.9396,0.0],[123.0104,72.9417,0.0],[123.0021,72.9417,0.0],[122.9979,72.9437,0.0],[122.9729,72.9437,20.2461],[122.9688,72.9458,0.0],[122.9521,72.9458,0.0],[122.9292,72.9542,0.0],[122.9187,72.9542,0.9199],[122.9083,72.9583,0.0],[122.8979,72.9583,1.6618],[122.8938,72.9604,0.0],[122.8771,72.9604,0.945],[122.8729,72.9625,0.0],[122.8609,72.963,0.43],[122.8625,72.9646,0.1046],[122.9083,72.9646,0.0716],[122.9125,72.9625,0.0],[122.9354,72.9604,0.2312],[122.9396,72.9583,0.0],[122.95,72.9583,0.0],[122.9516,72.9568,0.2123],[122.9464,72.9547,0.0],[122.9542,72.9521,0.0],[122.9771,72.9521,0.623],[122.9786,72.9537,0.0],[122.9734,72.9557,0.0],[122.9854,72.9563,-1.5],[122.9896,72.9583,-1.5],[122.9938,72.9583,-0.6938],[122.9979,72.9563,0.06],[123.0062,72.9563,0.3438],[123.0104,72.9583,-1.5],[123.0354,72.9583,0.1003],[123.0417,72.9563,0.364],[123.0516,72.9589,0.0],[123.05,72.9604,0.0],[123.0333,72.9604,0.4972],[123.0292,72.9625,0.0],[122.9979,72.9625,0.4897],[122.9938,72.9646,0.0],[122.9625,72.9646,0.0],[122.9583,72.9625,0.61],[122.9479,72.9625,0.2971],[122.9464,72.9641,0.2114],[122.9563,72.9667,0.5918],[122.9667,72.9667,0.0],[122.9729,72.9688,0.3747],[122.9771,72.9667,0.0],[122.9812,72.9667,0.0],[122.9833,72.9688,0.4177],[122.9828,72.9703,0.4571],[122.975,72.9729,0.0],[122.963,72.9734,0.4897],[122.9604,72.9771,0.0],[122.9484,72.9776,0.3645],[122.9495,72.9807,0.0],[122.9479,72.9812,0.0],[122.9229,72.9833,0.6249],[122.9213,72.9838,0.362],[122.9224,72.987,0.0],[122.9208,72.9875,0.0],[122.9104,72.9875,0.0],[122.9063,72.9896,0.0],[122.8896,72.9896,0.6466],[122.8854,72.9917,0.0],[122.8604,72.9938,1.3087],[122.8438,73.0,0.0],[122.8318,73.0005,1.3279],[122.8307,73.0036,0.5366],[122.8229,73.0062,0.0],[122.8,73.0083,0.889],[122.7958,73.0104,0.0],[122.7854,73.0104,0.8053],[122.7813,73.0125,0.0],[122.7562,73.0104,0.0],[122.7547,73.012,0.882],[122.7604,73.0125,1.2178],[122.762,73.0141,0.0],[122.7505,73.0182,0.0],[122.7557,73.0193,0.0],[122.7578,73.0286,0.0],[122.7458,73.0292,0.3759],[122.7417,73.0333,0.0],[122.7104,73.0333,0.0],[122.7063,73.0313,0.3849],[122.688,73.0318,0.0],[122.6958,73.0354,0.598],[122.7208,73.0354,0.0],[122.7307,73.038,0.3988],[122.7146,73.0437,0.0],[122.6979,73.0437,0.8973],[122.6875,73.0479,0.0],[122.6708,73.0479,0.7301],[122.6667,73.05,0.0],[122.6563,73.05,0.2495],[122.6536,73.0463,0.0],[122.6479,73.0458,0.0],[122.6464,73.0443,0.9996],[122.6583,73.0437,0.6544],[122.6625,73.0417,0.5996],[122.6729,73.0417,0.5],[122.6745,73.0411,0.8246],[122.6745,73.038,0.6924],[122.6625,73.0375,0.1701],[122.6526,73.0349,0.0],[122.6578,73.0328,0.0],[122.6583,73.0292,0.0],[122.6563,73.0271,0.0],[122.6396,73.0271,0.0],[122.6354,73.0292,0.0],[122.6312,73.0292,0.0],[122.6271,73.0271,0.7739],[122.5958,73.0271,0.0],[122.5932,73.0234,18.9931],[122.5813,73.0229,13.2653],[122.5771,73.0208,14.5702],[122.5729,73.0208,0.0],[122.5703,73.0172,19.6011],[122.5568,73.0141,0.0],[122.5557,73.0089,0.6555],[122.5484,73.0078,0.439],[122.5474,73.0026,0.0],[122.5453,73.0005,0.0],[122.5318,72.9995,0.0],[122.5542,72.9917,0.0],[122.5792,72.9896,0.8389],[122.5958,72.9833,0.0],[122.6062,72.9833,1.8743],[122.6312,72.975,0.0],[122.6479,72.975,2.415],[122.6505,72.9714,2.675],[122.6557,72.9703,2.0767],[122.6568,72.9672,0.0],[122.662,72.9661,1.036],[122.663,72.963,0.0],[122.6682,72.962,0.9599],[122.6693,72.9589,0.0],[122.6771,72.9563,0.0],[122.6875,72.9563,1.294],[122.6917,72.9542,0.0],[122.7,72.9542,0.8075],[122.7042,72.9521,0.0],[122.7245,72.9526,3.2064],[122.7245,72.9557,3.3322],[122.7229,72.9563,2.3048],[122.7125,72.9563,2.3967],[122.7047,72.9589,3.5387],[122.7047,72.962,2.0799],[122.7083,72.9625,3.2777],[122.7208,72.9583,1.9743],[122.7292,72.9583,3.5274],[122.7453,72.9537,3.1182],[122.7438,72.9521,3.6035],[122.738,72.9516,2.3846],[122.7396,72.95,2.8737],[122.7792,72.95,0.7882],[122.7833,72.9479,0.0],[122.7917,72.9479,-0.1964],[122.7958,72.9458,0.0],[122.8063,72.9458,18.1116],[122.8167,72.9417,0.0],[122.8271,72.9417,24.7412],[122.8438,72.9354,0.0],[122.8542,72.9354,3.6669],[122.8568,72.9318,0.1067],[122.862,72.9307,1.792],[122.863,72.9276,-0.0247],[122.8833,72.9208,0.0],[122.8938,72.9208,3.7643],[122.9042,72.9167,0.0],[122.9146,72.9167,2.6102],[122.9187,72.9146,0.0],[122.9292,72.9146,3.0893],[122.937,72.912,0.0],[122.9354,72.9104,0.9024],[122.925,72.9104,2.607],[122.9208,72.9125,0.0],[122.9104,72.9125,2.0196],[122.9063,72.9146,0.0],[122.8979,72.9146,1.0825],[122.8938,72.9167,0.0],[122.8896,72.9167,0.0],[122.8875,72.9146,0.8644],[122.888,72.9047,0.0],[122.8995,72.9036,0.0],[122.8995,72.9005,0.0],[122.8792,72.9021,0.0],[122.8792,72.9,0.0],[122.8714,72.8995,0.0],[122.8714,72.8964,0.0],[122.8729,72.8958,0.0],[122.8896,72.8958,0.0],[122.9,72.8917,0.0],[122.9167,72.8917,0.301],[122.9208,72.8896,0.0],[122.9729,72.8875,0.0],[122.9766,72.8912,0.0],[122.9708,72.8917,2.2128],[122.9693,72.8932,2.299],[122.9812,72.8958,0.3126],[122.9838,72.8922,0.0],[123.0062,72.8854,0.0],[123.0292,72.8854,2.5136],[123.0333,72.8833,0.0],[123.05,72.8833,0.5147],[123.0542,72.8812,0.0],[123.0646,72.8812,0.6501],[123.0687,72.8792,0.0],[123.1208,72.8792,0.0],[123.125,72.8771,0.0],[123.1563,72.8771,1.4992],[123.1604,72.875,0.0],[123.1667,72.8771,1.6191],[123.1979,72.8771,0.0],[123.2021,72.8792,6.9882],[123.2292,72.8818,0.0],[123.2313,72.8792,0.0],[123.2286,72.8776,1.2199],[123.2167,72.8771,0.0],[123.2125,72.875,1.3083],[123.2083,72.875,0.0],[123.1896,72.8667,1.9158],[123.1646,72.8667,0.0],[123.1604,72.8646,2.342],[123.1542,72.8667,0.0],[123.15,72.8667,0.0],[123.1458,72.8646,3.1076],[123.1396,72.8667,0.0],[123.1214,72.8662,0.0],[123.1214,72.863,0.6428],[123.1292,72.8604,0.0],[123.1375,72.8604,1.3863],[123.15,72.8562,0.0],[123.1599,72.8557,3.8105],[123.1547,72.8536,0.0],[123.1599,72.8516,0.0],[123.1583,72.85,0.0],[123.1542,72.85,0.0],[123.1375,72.8562,0.0],[123.1271,72.8562,1.7818],[123.1167,72.8604,0.7539],[123.1083,72.8604,1.7817],[123.0896,72.8667,0.0],[123.0667,72.8688,1.1266],[123.0625,72.8708,0.0],[123.0521,72.8708,1.1524],[123.0479,72.8729,0.4192],[123.0104,72.8729,0.0],[123.0042,72.8708,2.1396],[123.0,72.8729,0.0],[122.9604,72.8729,0.4665],[122.9526,72.8693,-0.2316],[122.9667,72.8646,0.0],[122.9979,72.8646,-1.7309],[123.0021,72.8625,-4.0525],[123.0188,72.8625,0.0],[123.0229,72.8646,1.1046],[123.0604,72.8646,1.872],[123.0646,72.8625,0.0],[123.075,72.8625,1.3065],[123.0854,72.8583,0.0],[123.0974,72.8578,1.8098],[123.0984,72.8547,-0.2835],[123.1036,72.8536,1.6177],[123.1047,72.8505,0.0],[123.125,72.8438,0.0],[123.1432,72.8411,4.3685],[123.1443,72.838,1.5326],[123.1495,72.837,3.7155],[123.1505,72.8339,0.0],[123.1583,72.8313,5.3192],[123.1708,72.8313,4.3407],[123.1729,72.8292,3.9535],[123.1833,72.8292,5.9744],[123.1849,72.8307,0.0],[123.1792,72.8313,4.2715],[123.1776,72.8328,3.7246],[123.1797,72.837,0.0],[123.1833,72.8375,0.0],[123.1859,72.8339,0.0],[123.1911,72.8328,0.9625],[123.1922,72.8297,0.0],[123.2063,72.825,0.0],[123.2312,72.825,0.0],[123.2354,72.8271,2.1067],[123.2458,72.8271,0.0],[123.25,72.8292,1.3349],[123.2604,72.8292,0.0],[123.2682,72.8318,0.0],[123.2729,72.8354,4.6949],[123.2828,72.8349,0.0],[123.2828,72.8297,1.6057],[123.2771,72.8292,0.0],[123.2667,72.825,4.4767],[123.2417,72.825,2.7704],[123.2375,72.8229,3.0148],[123.2208,72.8229,0.716],[123.2146,72.8167,0.0],[123.2047,72.8172,0.0],[123.2021,72.8208,0.0],[123.1771,72.8208,0.0],[123.1745,72.8172,1.7428],[123.1672,72.8161,0.0],[123.1667,72.8146,0.0],[123.1672,72.813,0.0],[123.1729,72.8125,-1.1987],[123.1745,72.8109,1.404],[123.1672,72.8099,0.0],[123.1646,72.8063,0.853],[123.1542,72.8063,0.0],[123.1526,72.8068,2.0299],[123.1526,72.8099,6.5186],[123.1599,72.8109,0.0],[123.1604,72.8167,0.0],[123.1599,72.8182,0.0],[123.1547,72.8193,6.0975],[123.1536,72.8224,-0.7137],[123.1458,72.825,5.4673],[123.1339,72.8255,4.5322],[123.1412,72.8287,-0.0388],[123.1359,72.8297,3.6198],[123.1333,72.8333,0.0],[123.1214,72.8339,5.0439],[123.1224,72.837,0.0],[123.1167,72.8375,0.0],[123.0901,72.8464,2.2922],[123.0891,72.8495,0.0],[123.0755,72.8526,0.0],[123.0745,72.8557,0.0],[123.0667,72.8583,0.0],[123.0583,72.8583,0.0],[123.0542,72.8604,0.0],[123.05,72.8604,0.0],[123.0458,72.8583,0.0],[123.0354,72.8583,0.0],[123.0313,72.8562,0.0],[122.9792,72.8562,3.6149],[122.9688,72.8604,0.7049],[122.9583,72.8604,2.3125],[122.9542,72.8625,0.0],[122.9375,72.8625,0.7225],[122.9333,72.8646,0.0],[122.9042,72.8646,2.8666],[122.8583,72.8792,0.0],[122.8464,72.8766,0.0],[122.8516,72.8734,1.3653],[122.8464,72.8724,0.0],[122.8453,72.8693,0.8076],[122.838,72.8682,0.0],[122.837,72.8651,1.0008],[122.8313,72.8646,0.0],[122.8297,72.863,0.0],[122.837,72.862,0.3779],[122.8359,72.8588,0.0],[122.8375,72.8583,0.0],[122.8495,72.8578,0.7694],[122.8505,72.8547,0.8014],[122.862,72.8516,0.7861],[122.863,72.8484,0.0],[122.8891,72.8411,0.0],[122.8901,72.838,0.0],[122.9016,72.8349,0.0],[122.9026,72.8276,0.0],[122.9141,72.8245,0.0],[122.9089,72.8214,0.0],[122.9141,72.8193,0.0],[122.9068,72.8182,0.0],[122.9083,72.8167,0.0],[122.9396,72.8167,0.0],[122.9437,72.8187,0.0],[122.9542,72.8187,0.0],[122.9583,72.8167,0.0],[122.9812,72.8167,4.8291],[122.9854,72.8146,0.0],[123.0167,72.8146,2.5784],[123.0208,72.8125,0.0],[123.0313,72.8125,5.4331],[123.0516,72.8057,-0.6936],[123.0526,72.8026,0.0],[123.0604,72.8,-2.7671],[123.0708,72.8,0.8634],[123.0771,72.7979,-2.3021],[123.0896,72.8021,0.6485],[123.1,72.8021,1.6489],[123.1016,72.8016,1.0564],[123.1016,72.7984,1.4378],[123.0958,72.7979,-2.4212],[123.0943,72.7963,-4.4124],[123.1062,72.7958,-5.7575],[123.1104,72.7937,0.0],[123.1167,72.7958,-2.1549],[123.1333,72.7958,-3.5418],[123.1458,72.8,1.7597],[123.1563,72.8,0.0],[123.1578,72.8016,0.0],[123.1526,72.8037,-0.9388],[123.1625,72.8042,0.0],[123.1641,72.8037,1.162],[123.1646,72.7958,-1.2305],[123.1667,72.7937,0.0],[123.1833,72.7937,7.3695],[123.1875,72.7917,0.0],[123.2104,72.7917,0.0],[123.2146,72.7896,0.0],[123.225,72.7896,0.0],[123.2266,72.7901,0.0],[123.2276,72.7953,0.0],[123.2312,72.7958,0.0],[123.2338,72.7922,0.0],[123.2474,72.7911,0.0],[123.2484,72.788,0.0],[123.2599,72.7849,0.0],[123.2609,72.7818,0.0],[123.2896,72.7729,0.0],[123.2979,72.7729,2.5229],[123.3021,72.7708,0.0],[123.3187,72.7708,4.0443],[123.3229,72.7688,0.0],[123.3458,72.7688,-1.9739],[123.3479,72.7667,-0.1707],[123.3484,72.7589,0.0],[123.3536,72.7568,0.5822],[123.3438,72.7542,1.3412],[123.3333,72.7542,-0.4494],[123.3318,72.7536,1.3519],[123.3318,72.7505,1.9287],[123.3438,72.7479,1.6089],[123.3604,72.7417,-0.6335],[123.3781,72.7396,-0.5385],[123.3762,72.7333,-2.4274],[123.3583,72.7333,21.5588],[123.3542,72.7354,8.5528],[123.3375,72.7354,28.0099],[123.3333,72.7375,-1.1663],[123.325,72.7375,1.1369],[123.3208,72.7396,-1.2206],[123.3104,72.7396,3.467],[123.3063,72.7417,-2.1106],[123.2896,72.7417,8.3952],[123.2854,72.7438,0.0],[123.2771,72.7438,0.0],[123.2646,72.7479,0.0],[123.2562,72.7479,11.9355],[123.2396,72.7542,0.0],[123.2146,72.7542,49.4438],[123.2104,72.7562,14.7268],[123.2021,72.7562,56.8705],[123.1922,72.7589,0.0],[123.1932,72.762,0.0],[123.1833,72.7646,0.0],[123.1542,72.7646,18.8224],[123.1438,72.7688,0.0],[123.1271,72.7688,23.7298],[123.1229,72.7708,0.0],[123.1125,72.7708,15.4648],[123.1109,72.7714,0.0],[123.1109,72.7745,0.0],[123.1167,72.775,0.0],[123.1182,72.7766,0.0],[123.1104,72.7792,0.0],[123.1,72.7792,0.0],[123.0958,72.7813,0.0],[123.0729,72.7833,0.0],[123.0625,72.7875,0.0],[123.0375,72.7875,0.0],[123.0333,72.7896,0.0],[123.0167,72.7896,0.0],[123.0089,72.7859,0.0],[123.0188,72.7854,0.0],[123.0229,72.7833,0.0],[123.0479,72.7833,0.0],[123.0495,72.7828,0.0],[123.0484,72.7797,0.0],[123.05,72.7792,0.0],[123.0667,72.7792,0.0],[123.0708,72.7771,0.0],[123.0875,72.7771,0.0],[123.0917,72.775,0.0],[123.1021,72.775,0.0],[123.1036,72.7745,0.0],[123.1036,72.7714,0.0],[123.0833,72.7708,54.3],[123.0771,72.7688,147.0903],[123.0745,72.7724,32.3908],[123.0667,72.775,0.0],[123.05,72.775,20.1022],[123.0458,72.7771,0.0],[123.0229,72.7771,6.0657],[123.0188,72.7792,0.0],[123.0083,72.7771,10.9454],[123.0042,72.7792,0.0],[122.9458,72.7792,24.6812],[122.9417,72.7813,0.0],[122.9313,72.7813,6.7166],[122.9271,72.7833,0.0],[122.9187,72.7833,0.0],[122.9146,72.7854,0.0],[122.9042,72.7833,5.1034],[122.8938,72.7875,0.0],[122.8771,72.7875,6.1792],[122.8729,72.7896,0.0],[122.8354,72.7917,1.1332],[122.8104,72.8,0.0],[122.7937,72.8,2.7443],[122.7896,72.8021,0.0],[122.7792,72.8021,0.0],[122.7651,72.8068,6.6765],[122.7641,72.812,0.0],[122.7562,72.8146,0.0],[122.7458,72.8146,0.0],[122.7292,72.8208,0.0],[122.7172,72.8214,14.3927],[122.7146,72.825,0.0],[122.7063,72.825,1.5205],[122.6875,72.8313,0.0],[122.6792,72.8313,15.7228],[122.6776,72.8318,15.7228],[122.6766,72.837,0.0],[122.6713,72.838,2.1358],[122.6687,72.8417,0.0],[122.6583,72.8396,10.2588],[122.6542,72.8417,0.0],[122.6375,72.8417,1.9337],[122.6333,72.8438,0.0],[122.6229,72.8417,37.1973],[122.6188,72.8438,0.0],[122.6021,72.8438,40.2615],[122.5979,72.8458,8.5895],[122.5896,72.8458,38.337],[122.5854,72.8479,3.8638],[122.5687,72.8479,23.1859],[122.5646,72.85,-0.3964],[122.5542,72.85,4.571],[122.55,72.8521,-0.0777],[122.5125,72.8542,16.8185],[122.5083,72.8583,0.0],[122.4854,72.8583,10.6953],[122.4812,72.8604,2.1008],[122.4083,72.8604,23.885],[122.4042,72.8625,0.0],[122.3938,72.8625,7.4586],[122.3688,72.8708,2.6306],[122.3167,72.8729,13.9754],[122.3063,72.8771,0.0],[122.2688,72.8771,16.4301],[122.2646,72.8792,0.0],[122.2333,72.8792,33.0404],[122.2229,72.8833,0.0],[122.1979,72.8833,57.1663],[122.1937,72.8854,32.4825],[122.1854,72.8854,44.4354],[122.1813,72.8875,3.318],[122.1771,72.8875,12.8816],[122.1604,72.8938,0.0],[122.1292,72.8938,0.0],[122.125,72.8958,0.0],[122.1083,72.8958,5.4151],[122.1042,72.8979,0.0],[122.0938,72.8979,12.9409],[122.0896,72.9,0.0],[122.0729,72.9,108.9598],[122.0625,72.9042,3.1208],[122.0505,72.9047,45.8024],[122.0578,72.9078,2.1887],[122.0521,72.9083,2.9123],[122.0417,72.9125,0.0],[122.0104,72.9125,49.0736],[122.0062,72.9146,4.3623],[121.9943,72.9151,60.7666],[121.9953,72.9182,0.0],[121.9938,72.9187,0.0],[121.9271,72.925,126.5777],[121.9083,72.9313,0.0],[121.8854,72.9333,56.9011],[121.8839,72.9339,31.3682],[121.8828,72.9391,1.9902],[121.8729,72.9396,0.0],[121.8688,72.9417,0.0],[121.8646,72.9417,0.0],[121.8604,72.9396,1.4352],[121.8438,72.9396,95.3326],[121.8396,72.9417,1.8643],[121.8292,72.9417,50.6986],[121.8187,72.9458,0.0],[121.7937,72.9458,86.4903],[121.7896,72.9479,22.3993],[121.7729,72.9479,91.6035],[121.7688,72.95,0.0],[121.7521,72.95,72.3976],[121.738,72.9547,1.2362],[121.737,72.9578,1.8165],[121.7297,72.9589,1.6274],[121.7307,72.9661,0.5378],[121.7125,72.9667,2.9776],[121.7083,72.9688,0.0],[121.6979,72.9688,0.0],[121.6937,72.9667,47.3526],[121.6833,72.9667,46.6462],[121.6792,72.9688,0.0],[121.675,72.9688,0.0],[121.6708,72.9667,43.484],[121.6396,72.9667,17.7951],[121.6354,72.9688,0.0],[121.6271,72.9688,0.0],[121.6229,72.9667,16.8803],[121.5833,72.9667,0.0],[121.5792,72.9646,8.2539],[121.5479,72.9646,0.0],[121.5437,72.9625,28.1061],[121.4417,72.9625,0.0],[121.4375,72.9604,33.8746],[121.4187,72.9604,8.8427],[121.3938,72.9521,2.3699],[121.375,72.9521,0.0],[121.3708,72.95,1.9772],[121.3604,72.95,0.0],[121.35,72.9458,2.4858],[121.3396,72.9458,0.0],[121.3354,72.9437,2.366],[121.325,72.9437,0.0],[121.3208,72.9417,2.5031],[121.2833,72.9396,0.0],[121.2792,72.9375,7.9905],[121.2542,72.9375,0.0],[121.25,72.9354,19.6112],[121.2333,72.9354,9.5884],[121.2292,72.9333,24.3354],[121.2104,72.9333,0.0],[121.2063,72.9313,18.449],[121.1896,72.9313,0.0],[121.1854,72.9292,21.3968],[121.175,72.9292,0.0],[121.1708,72.9271,18.008],[121.1542,72.9271,0.0],[121.15,72.925,16.8032],[121.1104,72.925,0.0],[121.1062,72.9229,7.1168],[121.0958,72.9229,5.2764],[121.0896,72.925,0.0],[121.0833,72.9229,3.564],[121.0792,72.925,0.0],[121.0396,72.925,0.0],[121.0354,72.9271,0.0],[121.0125,72.9271,0.0],[121.0083,72.9292,0.0],[120.9917,72.9292,1.7337],[120.9854,72.925,1.0],[120.9688,72.925,7.846],[120.9609,72.9287,1.7043],[120.9792,72.9292,2.285],[120.9807,72.9307,0.0],[120.9625,72.9313,2.2646],[120.9583,72.9333,0.0],[120.9479,72.9333,2.6655],[120.9437,72.9354,0.0],[120.9271,72.9354,2.0621],[120.9229,72.9375,0.0],[120.9063,72.9375,2.9088],[120.9021,72.9396,0.0],[120.8854,72.9396,30.05],[120.8812,72.9417,0.0],[120.8708,72.9417,47.3562],[120.8667,72.9437,0.0],[120.8417,72.9458,3.8301],[120.8375,72.9479,0.0],[120.8146,72.9479,7.5665],[120.7958,72.9542,0.0],[120.7792,72.9542,2.2317],[120.7688,72.9583,0.0],[120.7583,72.9583,2.0546],[120.7542,72.9604,0.0],[120.7438,72.9604,1.739],[120.7396,72.9625,0.0],[120.7292,72.9625,4.2647],[120.725,72.9646,0.0],[120.7167,72.9646,6.0946],[120.7042,72.9688,0.0],[120.6875,72.9688,17.4444],[120.6833,72.9729,0.0],[120.6729,72.9729,0.0],[120.6667,72.9708,16.2555],[120.6625,72.9729,5.5023],[120.6521,72.9729,13.9994],[120.6479,72.975,0.0],[120.6375,72.975,8.0413],[120.6333,72.9771,0.0],[120.6271,72.975,12.1801],[120.6167,72.9771,0.0],[120.6125,72.975,13.9971],[120.6021,72.975,13.7403],[120.5979,72.9771,0.0],[120.5604,72.9771,5.7728],[120.5563,72.9792,0.0],[120.525,72.9792,0.0],[120.5125,72.975,4.3924],[120.4458,72.975,7.9123],[120.4417,72.9771,0.0],[120.4313,72.9771,9.662],[120.4271,72.9792,0.0],[120.4042,72.9812,11.6847],[120.4,72.9833,0.0],[120.3896,72.9833,3.7147],[120.3854,72.9854,0.0],[120.3688,72.9854,10.2374],[120.3562,72.9896,0.0],[120.3458,72.9896,4.0752],[120.3417,72.9917,0.0],[120.3042,72.9917,0.0],[120.3,72.9896,0.0],[120.2479,72.9896,6.447],[120.2438,72.9917,0.4418],[120.2104,72.9917,7.0866],[120.2,72.9958,0.0],[120.1896,72.9958,0.0],[120.1854,72.9917,4.6919],[120.1687,72.9917,0.0],[120.1646,72.9896,0.0],[120.1333,72.9896,15.2846],[120.1307,72.9932,0.0],[120.1208,72.9958,0.0],[120.0771,72.9958,4.2809],[120.0729,72.9979,0.0],[120.0479,72.9979,11.494],[120.0354,73.0021,0.0],[120.0125,73.0042,4.5488],[120.0,73.0083,0.0],[119.9833,73.0083,2.6297],[119.9771,73.0104,0.0],[119.9729,73.0083,6.3947],[119.9625,73.0083,11.9638],[119.9583,73.0125,0.0],[119.8979,73.0125,5.5292],[119.8938,73.0146,0.0],[119.8479,73.0146,0.0],[119.8375,73.0104,8.8714],[119.8333,73.0104,0.0],[119.8109,73.0036,6.1733],[119.8099,73.0005,49.6711],[119.8047,72.9995,52.9511],[119.8047,72.9922,10.3475],[119.8099,72.9912,20.4472],[119.8109,72.9859,0.0],[119.8229,72.9854,5.5316],[119.8417,72.9792,0.0],[119.85,72.9792,0.0],[119.8542,72.9771,0.0],[119.8646,72.9771,5.1933],[119.8688,72.975,2.2322],[119.8729,72.975,2.8519],[119.8745,72.9745,3.5611],[119.8755,72.9672,0.0],[119.8979,72.9604,0.0],[119.9146,72.9604,2.9137],[119.9333,72.9542,0.0],[119.9437,72.9542,10.1584],[119.9516,72.9516,8.3851],[119.9542,72.9479,0.0],[119.9646,72.9479,0.0],[119.9688,72.9458,0.0],[119.9854,72.9458,2.1881],[119.9896,72.9437,0.0],[120.0062,72.9437,0.0],[120.0224,72.9391,3.2007],[120.0234,72.9359,0.0],[120.0292,72.9354,0.9652],[120.0396,72.9313,0.0],[120.05,72.9313,3.5226],[120.0542,72.9292,0.0],[120.0646,72.9292,2.7099],[120.0687,72.9271,0.0],[120.0917,72.9271,14.1635],[120.0958,72.925,0.0],[120.1354,72.925,4.7419],[120.1396,72.9229,0.0],[120.1504,72.9229,0.0],[120.153,72.9125,1.296],[120.125,72.9125,0.0],[120.1208,72.9104,5.4583],[120.0896,72.9104,-0.0862],[120.0854,72.9083,1.8703],[120.0458,72.9083,0.2],[120.0417,72.9063,2.7514],[120.0104,72.9063,2.9907],[120.0,72.9104,0.2033],[119.9896,72.9104,2.9948],[119.9818,72.913,0.0],[119.9807,72.9161,0.9326],[119.975,72.9167,0.2996],[119.9646,72.9208,0.3439],[119.9479,72.9208,2.0569],[119.9437,72.9229,0.7323],[119.9333,72.9229,1.9977],[119.9292,72.925,0.0],[119.9187,72.9229,0.0],[119.9167,72.925,0.0],[119.9161,72.9328,0.0],[119.9042,72.9354,3.1382],[119.8875,72.9417,0.0],[119.8771,72.9417,1.3421],[119.8729,72.9437,0.0],[119.8625,72.9437,1.8676],[119.85,72.9479,0.846],[119.8417,72.9479,1.4712],[119.8255,72.9526,1.8677],[119.8229,72.9563,0.0],[119.8167,72.9563,1.9929],[119.8161,72.9526,0.0],[119.8125,72.9521,1.2272],[119.8047,72.9547,2.2835],[119.8037,72.962,0.0],[119.7963,72.963,2.2276],[119.7953,72.9661,0.0],[119.7901,72.9672,2.3996],[119.7891,72.9703,0.0],[119.7755,72.9734,2.4083],[119.7807,72.9766,0.0],[119.7729,72.9792,0.0],[119.7479,72.9792,0.0],[119.7453,72.9755,0.5669],[119.7375,72.9729,1.8334],[119.7271,72.9729,1.1656],[119.7229,72.975,0.0],[119.7109,72.9755,0.47],[119.7099,72.9786,0.0],[119.7047,72.9797,0.0],[119.7037,72.9849,0.0],[119.6964,72.9859,15.3765],[119.6953,72.9912,19.0202],[119.6901,72.9922,56.6183],[119.6891,72.9953,28.3799],[119.6771,72.9958,51.263],[119.6667,73.0,0.0],[119.6563,73.0,2.8947],[119.6521,73.0021,0.0],[119.6417,73.0021,0.7451],[119.6375,73.0042,0.0],[119.6333,73.0042,2.5131],[119.6307,73.0078,0.0],[119.6193,73.0109,2.9777],[119.6182,73.0162,1.1621],[119.6047,73.0193,0.0],[119.6062,73.0208,0.7863],[119.6167,73.0208,0.3195],[119.6182,73.0224,0.0],[119.6109,73.0234,0.9805],[119.6162,73.0266,0.0],[119.6109,73.0276,2.8215],[119.6099,73.0307,0.0],[119.6047,73.0318,1.8032],[119.6036,73.037,0.0],[119.5964,73.038,4.5268],[119.5964,73.0432,0.0],[119.6021,73.0437,0.0],[119.6036,73.0453,0.0],[119.5979,73.0458,2.6237],[119.5964,73.0474,2.6156],[119.6036,73.0484,0.0],[119.6036,73.0516,0.0],[119.5964,73.0526,2.5972],[119.5953,73.0557,0.0],[119.5901,73.0568,2.5171],[119.5891,73.0599,0.0],[119.5792,73.0625,1.0],[119.5542,73.0604,0.0],[119.5292,73.0521,0.9877],[119.5229,73.0542,0.0],[119.5188,73.0542,0.0],[119.5146,73.0521,1.1845],[119.5042,73.0521,1.0971],[119.5,73.0542,0.0],[119.4917,73.0542,0.0],[119.4891,73.0505,0.2804],[119.4833,73.05,1.5201],[119.4792,73.0521,0.1868],[119.4479,73.0521,8.313],[119.4437,73.0542,0.0],[119.4333,73.0542,6.8781],[119.4292,73.0563,0.0],[119.4187,73.0563,6.2516],[119.4146,73.0583,0.0],[119.3979,73.0583,9.7791],[119.3854,73.0625,0.0],[119.3688,73.0625,24.8437],[119.3646,73.0646,0.0],[119.3542,73.0646,14.7192],[119.35,73.0667,0.0],[119.3396,73.0646,16.3016],[119.3354,73.0667,0.0],[119.3042,73.0667,22.8279],[119.3,73.0687,0.0],[119.2833,73.0687,25.6587],[119.2792,73.0708,0.0],[119.2625,73.0708,9.2736],[119.2583,73.0729,0.2665],[119.2479,73.0708,6.2227],[119.2438,73.0729,1.767],[119.225,73.0729,34.0267],[119.2208,73.075,0.0],[119.2104,73.075,19.2122],[119.2078,73.0787,0.4893],[119.1979,73.0792,1.1715],[119.1937,73.0813,0.0],[119.175,73.0813,0.0],[119.1687,73.0792,1.662],[119.1646,73.0813,0.0],[119.1333,73.0813,9.1859],[119.1208,73.0854,0.0],[119.1042,73.0854,26.2579],[119.1,73.0896,0.0],[119.0896,73.0896,11.0709],[119.0708,73.0958,0.0],[119.0604,73.0958,2.8048],[119.0563,73.1,0.0],[119.0458,73.1,2.1925],[119.0333,73.1042,0.0],[119.025,73.1042,9.063],[119.0125,73.1083,0.0],[119.0021,73.1083,12.5318],[118.9943,73.1109,0.8264],[118.9917,73.1146,0.0],[118.9812,73.1125,6.8479],[118.9786,73.1162,0.0],[118.9688,73.1188,0.0],[118.9292,73.1208,14.9647],[118.925,73.1229,0.0],[118.9167,73.1208,14.0557],[118.9125,73.1229,0.0],[118.8938,73.1229,0.0],[118.8896,73.125,0.3594],[118.8792,73.125,0.0],[118.8604,73.1312,0.0],[118.85,73.1312,0.7608],[118.8458,73.1333,0.0],[118.8208,73.1354,0.6468],[118.8167,73.1375,0.0],[118.7708,73.1375,2.1883],[118.7667,73.1396,0.0],[118.7562,73.1396,1.9032],[118.7521,73.1417,0.0],[118.7271,73.1438,2.1929],[118.7167,73.1479,0.0],[118.6979,73.1479,4.7257],[118.6937,73.15,5.264],[118.6833,73.15,9.2705],[118.65,73.1604,0.0],[118.625,73.1625,1.7392],[118.6,73.1708,0.0],[118.575,73.1708,0.8067],[118.5708,73.1729,0.0],[118.5313,73.1729,1.125],[118.5271,73.175,0.4761],[118.5167,73.175,1.2576],[118.5062,73.1792,0.922],[118.5005,73.1797,0.9906],[118.4995,73.1828,0.474],[118.4859,73.1859,1.0946],[118.4849,73.1891,0.0],[118.4714,73.1922,1.7535],[118.4703,73.1953,0.826],[118.463,73.1964,5.9904],[118.462,73.2016,0.0],[118.4568,73.2026,0.5913],[118.4557,73.2078,0.0],[118.4255,73.2151,1.9367],[118.4245,73.2203,0.0],[118.4047,73.2255,1.0693],[118.4099,73.2276,0.0],[118.4104,73.2292,0.0],[118.4104,73.2417,0.0],[118.4083,73.2458,0.0],[118.4089,73.2536,2.2981],[118.4161,73.2547,0.0],[118.4146,73.2562,0.0],[118.4089,73.2568,5.524],[118.4083,73.2583,7.1128],[118.4089,73.2599,11.0475],[118.4141,73.2609,0.0],[118.4141,73.2682,0.0],[118.4005,73.2714,9.236],[118.3995,73.2766,0.0],[118.3922,73.2776,5.7393],[118.3859,73.2797,7.0478],[118.3854,73.2813,0.0],[118.3859,73.2828,0.0],[118.3912,73.2839,0.597],[118.3859,73.287,1.2414],[118.3958,73.2875,0.0],[118.4057,73.2901,0.0],[118.4068,73.2953,0.0],[118.412,73.2963,0.5121],[118.412,73.3057,0.5748],[118.3984,73.3068,0.5381],[118.4,73.3083,0.6768],[118.412,73.3089,1.1165],[118.4109,73.3182,0.7883],[118.4182,73.3193,0.0],[118.4193,73.3224,0.7789],[118.4245,73.3234,0.0],[118.4255,73.3287,0.7512],[118.4307,73.3297,0.0],[118.4318,73.3328,1.0307],[118.4453,73.3359,0.0],[118.4464,73.3411,0.6085],[118.4661,73.3422,0.0],[118.4672,73.3495,0.3974],[118.4745,73.3505,0.0],[118.4745,73.3536,0.0],[118.4646,73.3562,0.0],[118.4542,73.3562,0.7209],[118.4292,73.3479,1.3824],[118.4187,73.3479,0.5027],[118.4146,73.3458,0.8688],[118.3958,73.3458,1.1588],[118.3917,73.35,1.0596],[118.375,73.35,0.7143],[118.3708,73.3458,1.3059],[118.3604,73.3458,1.0816],[118.3505,73.3484,1.7999],[118.3505,73.3516,0.9932],[118.3875,73.3521,0.4871],[118.387,73.3536,1.5383],[118.3771,73.3562,1.955],[118.3604,73.3562,1.9102],[118.3479,73.3604,1.8779],[118.3229,73.3625,0.4212],[118.3214,73.363,0.8965],[118.3203,73.3682,2.1892],[118.3187,73.3688,2.1508],[118.3068,73.3682,1.7458],[118.3057,73.3609,2.3203],[118.2979,73.3583,1.0835],[118.2875,73.3583,0.5708],[118.2849,73.362,2.8856],[118.2776,73.363,0.9453],[118.2828,73.3662,1.8659],[118.2776,73.3672,1.5566],[118.2776,73.3703,1.8929],[118.2828,73.3714,1.5764],[118.2854,73.375,2.1196],[118.2974,73.3755,1.5382],[118.2974,73.3786,1.6195],[118.2958,73.3792,1.997],[118.2462,73.3729,1.3729],[118.1072,73.3649,3.4022],[118.1055,73.3226,6.1899],[118.0999,73.2758,9.3187],[117.8569,73.2193,15.4236],[117.645,73.1978,69.6269],[117.5525,73.1714,58.6897],[117.3868,73.1469,51.4436],[117.224,73.1375,92.1321],[117.1475,73.1127,83.1464],[117.088,73.0597,115.3109],[117.2425,73.0554,146.5273],[117.3881,73.0719,170.3724],[117.5731,73.0293,111.9326],[117.7826,73.0385,151.035],[117.9782,73.0573,89.0803],[118.3436,73.0011,86.0925],[118.632,72.862799999999993,85.4035],[118.7833,72.7977,92.4148],[118.9687,72.7699,85.2232],[119.2401,72.7933,75.0438],[119.3336,72.8034,93.3663]]],
[[[122.5401,72.9068,0.0],[122.5437,72.9063,0.0],[122.5453,72.9078,0.0],[122.5417,72.9083,0.0],[122.5401,72.9068,0.0]]],
[[[122.5354,72.9187,0.0],[122.5229,72.9187,0.0],[122.5214,72.9172,0.0],[122.5411,72.9172,0.0],[122.5396,72.9187,0.0],[122.5354,72.9187,0.0]]],
[[[129.3792,72.9125,0.358],[129.3828,72.9141,-0.057],[129.3687,72.9187,0.1634],[129.3505,72.9182,0.3972],[129.3521,72.9167,0.0],[129.3604,72.9167,0.3463],[129.3708,72.9125,0.0],[129.3792,72.9125,0.358]]],
[[[128.4979,72.9104,2.3101],[128.4937,72.9125,-0.3559],[128.4854,72.9125,0.5815],[128.4812,72.9146,-0.5066],[128.4208,72.9146,-0.1916],[128.4167,72.9125,1.6346],[128.4063,72.9125,-0.4888],[128.4026,72.9089,-0.254],[128.4167,72.9042,0.0],[128.4688,72.9042,2.6448],[128.4792,72.9,0.0],[128.5167,72.9,2.0959],[128.5208,72.8979,0.0],[128.5292,72.8979,0.0],[128.5333,72.9,1.7681],[128.5474,72.9005,1.5365],[128.5333,72.9063,-0.4204],[128.5229,72.9063,1.5743],[128.5188,72.9021,0.8728],[128.5083,72.9021,0.3302],[128.5068,72.9026,0.8842],[128.5068,72.9057,0.7476],[128.5125,72.9063,0.3467],[128.5141,72.9078,1.5181],[128.5063,72.9104,0.3409],[128.4979,72.9104,2.3101]]],
[[[128.6583,72.9,-0.144],[128.6599,72.9016,2.0272],[128.6417,72.9042,0.0],[128.6375,72.9021,1.9629],[128.5625,72.9021,0.0],[128.5604,72.9,0.0],[128.5625,72.8979,0.0275],[128.5854,72.8979,1.0681],[128.5896,72.8958,0.0],[128.6062,72.8958,1.5636],[128.6104,72.8938,0.0],[128.6479,72.8938,0.023],[128.6578,72.8964,0.1028],[128.6526,72.8995,-0.2796],[128.6583,72.9,-0.144]]],
[[[129.0417,72.925,0.9025],[129.0229,72.925,1.4273],[129.0188,72.9271,0.1984],[128.9812,72.9271,0.0],[128.9771,72.925,1.1457],[128.9646,72.925,0.0],[128.9604,72.9229,0.9157],[128.95,72.9229,0.0],[128.9458,72.9208,1.1809],[128.9354,72.9208,0.0],[128.9229,72.9167,1.8823],[128.8958,72.9146,0.0],[128.8911,72.9109,2.1838],[128.8833,72.9083,1.8976],[128.8542,72.9021,0.0],[128.8526,72.9036,0.0],[128.8547,72.9057,0.2623],[128.862,72.9068,0.0],[128.863,72.9099,1.1107],[128.8953,72.9172,0.0],[128.8875,72.9208,0.0],[128.8771,72.9208,0.0],[128.8729,72.9187,1.3459],[128.8562,72.9187,0.0],[128.8354,72.9125,2.0481],[128.8229,72.9125,0.0],[128.8125,72.9083,1.4187],[128.8,72.9083,0.0],[128.7875,72.9042,2.0252],[128.7771,72.9042,0.0],[128.7672,72.9016,0.0],[128.7667,72.9,2.2337],[128.7688,72.8979,0.0],[128.7771,72.8979,0.3692],[128.7813,72.8958,0.0],[128.8125,72.8958,0.0],[128.8167,72.8979,0.3245],[128.8271,72.8979,0.0525],[128.8313,72.9,0.8255],[128.8432,72.8995,0.0],[128.8417,72.8979,2.0599],[128.8276,72.8953,-0.3239],[128.8266,72.8922,0.0],[128.8125,72.8917,0.0],[128.8083,72.8896,0.0561],[128.7917,72.8896,0.2257],[128.7875,72.8875,1.3047],[128.7625,72.8875,-0.1177],[128.7526,72.8839,2.7522],[128.8333,72.8833,2.2712],[128.8375,72.8812,0.0],[128.8542,72.8812,2.6626],[128.8583,72.8792,0.0],[128.8813,72.8792,2.2205],[128.8854,72.8771,0.0],[128.8917,72.8792,1.9479],[128.8958,72.8792,1.6667],[128.9,72.8771,0.0],[128.9083,72.8792,2.191],[128.9125,72.8771,0.0],[128.9583,72.8771,0.1151],[128.9625,72.8792,1.0125],[128.9729,72.8792,2.1604],[128.9771,72.8771,0.2049],[128.9875,72.8771,-0.3553],[128.9937,72.8792,1.8803],[128.9979,72.8771,0.0],[129.0854,72.8771,0.5943],[129.087,72.8786,1.5864],[129.0708,72.8792,1.1066],[129.0693,72.8807,0.0],[129.1021,72.8812,0.0],[129.1146,72.8854,1.3448],[129.1458,72.8854,0.0],[129.1583,72.8896,1.7889],[129.2125,72.8896,0.0],[129.2167,72.8917,1.2987],[129.2271,72.8917,0.0],[129.2312,72.8938,0.7811],[129.2583,72.8938,0.0],[129.2745,72.8984,0.0],[129.2786,72.9026,0.0062],[129.2646,72.9083,0.0],[129.2271,72.9083,1.0507],[129.2255,72.9099,0.0],[129.2375,72.9104,0.0],[129.2391,72.912,0.4776],[129.2312,72.9146,0.0],[129.2229,72.9146,1.0693],[129.2125,72.9187,-0.0638],[129.188,72.9193,0.0],[129.1896,72.9208,0.3243],[129.1953,72.9213,0.4984],[129.1938,72.9229,0.2812],[129.1687,72.9229,0.0],[129.1625,72.9208,1.3976],[129.1563,72.9229,0.0],[129.1521,72.9208,1.4722],[129.1417,72.9208,1.5149],[129.1375,72.9229,1.5732],[129.1333,72.9229,1.5529],[129.1271,72.9208,1.3204],[129.1229,72.9229,1.5266],[129.1125,72.9229,1.0995],[129.1062,72.9208,1.9673],[129.1021,72.9229,0.0],[129.0979,72.9229,0.0],[129.0938,72.9208,1.3517],[129.0771,72.9208,1.2758],[129.0729,72.9229,0.4226],[129.0646,72.9229,0.8745],[129.0604,72.925,0.0],[129.0417,72.925,0.9025]]],
[[[127.7276,72.9026,0.0],[127.7458,72.9021,3.341],[127.7458,72.9,0.0],[127.7729,72.9,3.3056],[127.7771,72.8979,0.0],[127.7917,72.8979,2.6358],[127.7958,72.8958,0.0],[127.8078,72.8964,1.7861],[127.7776,72.9068,1.9099],[127.7786,72.9099,0.0],[127.7734,72.9109,0.0],[127.775,72.9125,0.0],[127.7917,72.9125,5.0404],[127.7932,72.9109,4.9328],[127.7875,72.9104,5.0798],[127.7859,72.9089,0.0],[127.7958,72.9083,4.2959],[127.8063,72.9042,0.0],[127.8167,72.9042,0.0],[127.8245,72.9016,0.0],[127.8234,72.8984,0.0],[127.825,72.8979,0.0],[127.8354,72.8979,1.218],[127.8396,72.8958,0.0],[127.8604,72.8938,2.6295],[127.8646,72.8917,0.0],[127.875,72.8917,2.5892],[127.8792,72.8896,0.0],[127.8875,72.8917,2.6091],[127.8917,72.8896,0.0],[127.9021,72.8896,0.0],[127.9063,72.8917,0.0],[127.9203,72.8922,0.0],[127.9203,72.8953,0.0],[127.9089,72.8964,0.9971],[127.9104,72.8979,0.0],[127.9271,72.8979,0.0],[127.9396,72.9021,0.0],[127.9583,72.9021,0.0],[127.9599,72.9036,0.0],[127.9422,72.9089,0.0],[127.9495,72.912,1.1769],[127.9417,72.9146,0.0],[127.9187,72.9167,2.8281],[127.9083,72.9208,0.0],[127.9,72.9208,2.6263],[127.8771,72.9292,0.0],[127.8688,72.9292,2.422],[127.8646,72.9313,0.0],[127.8333,72.9313,4.2584],[127.8292,72.9333,0.0],[127.8229,72.9313,4.583],[127.8125,72.9333,0.0],[127.8083,72.9313,3.9549],[127.7896,72.9313,0.0],[127.7854,72.9292,4.3846],[127.775,72.9292,0.0],[127.7625,72.925,3.1785],[127.7375,72.9229,0.0],[127.725,72.9187,1.9236],[127.7125,72.9187,0.0],[127.7099,72.9151,2.1198],[127.7026,72.9141,0.0],[127.6995,72.9068,0.0],[127.6922,72.9057,0.0],[127.6917,72.9042,0.0],[127.6922,72.9026,0.0],[127.6958,72.9021,0.0],[127.7,72.9042,0.0],[127.7104,72.9042,0.0],[127.725,72.9083,0.0],[127.7266,72.9078,0.0],[127.7276,72.9026,0.0]]],
[[[128.1995,72.9172,0.0],[128.2042,72.925,1.6711],[128.2036,72.9266,1.6812],[128.1958,72.9292,0.0],[128.1292,72.9292,0.0],[128.125,72.925,2.7671],[128.1146,72.9271,0.0],[128.1021,72.9229,2.8991],[128.0917,72.9229,0.0],[128.0818,72.9203,4.0939],[128.0833,72.9187,4.1663],[128.1162,72.9182,2.7477],[128.1146,72.9167,3.8216],[128.1089,72.9161,3.8049],[128.1141,72.9141,3.7863],[128.1125,72.9125,3.6969],[128.1083,72.9125,3.666],[128.1042,72.9146,3.7951],[128.075,72.9146,4.2582],[128.0708,72.9167,4.1094],[128.0458,72.9167,0.137],[128.0333,72.9125,3.8608],[128.0208,72.9104,3.1801],[128.013,72.9068,0.0],[128.0292,72.9063,3.7707],[128.0333,72.9042,0.0],[128.0437,72.9042,3.6701],[128.0479,72.9021,0.0],[128.0708,72.9021,3.8975],[128.075,72.9,2.5214],[128.0833,72.9,4.8453],[128.0875,72.8979,0.0],[128.0958,72.8979,1.2835],[128.1,72.8958,0.0],[128.1313,72.8958,0.0],[128.1438,72.9,3.2252],[128.1625,72.9,0.0],[128.1667,72.9021,3.5952],[128.1854,72.9021,0.0],[128.1896,72.9042,2.9411],[128.1938,72.9042,0.0],[128.1953,72.9057,0.2821],[128.1833,72.9063,2.7269],[128.1818,72.9078,2.8924],[128.1854,72.9104,-0.1754],[128.1938,72.9104,0.293],[128.1979,72.9083,1.3001],[128.2036,72.9089,1.3912],[128.2036,72.912,0.0],[128.1943,72.9151,0.6692],[128.1995,72.9172,0.0]]],
[[[122.6604,72.9125,0.0],[122.6417,72.9125,0.0],[122.6375,72.9146,0.0],[122.6062,72.9146,0.0],[122.6,72.9125,0.0],[122.5958,72.9146,0.0],[122.5917,72.9146,0.0],[122.5875,72.9104,0.0],[122.5771,72.9104,0.0],[122.5708,72.9125,0.0],[122.5667,72.9104,0.0],[122.5563,72.9104,0.0],[122.5547,72.9099,0.0],[122.5542,72.9063,0.0],[122.5547,72.9047,0.0],[122.5625,72.9021,0.0],[122.5792,72.9021,0.0],[122.5833,72.9042,0.0],[122.5938,72.9042,0.0],[122.6016,72.9016,0.0],[122.5938,72.8979,0.0],[122.5833,72.8979,0.0],[122.5797,72.8953,0.0],[122.5813,72.8938,0.0],[122.587,72.8932,0.0],[122.5854,72.8917,0.0],[122.5667,72.8917,0.0],[122.5651,72.8901,0.0],[122.5787,72.887,0.0],[122.5813,72.8833,0.0],[122.6042,72.8812,0.0],[122.6083,72.8771,0.0],[122.6167,72.8771,0.0],[122.6208,72.875,0.0],[122.625,72.875,0.0],[122.6276,72.8714,0.0],[122.6391,72.8703,0.0],[122.6401,72.8672,0.0],[122.6479,72.8646,0.0],[122.6583,72.8646,0.0],[122.6833,72.8562,0.0],[122.7,72.8562,0.0],[122.7141,72.8516,0.0],[122.7151,72.8464,0.0],[122.7266,72.8453,0.0],[122.725,72.8438,0.0],[122.7167,72.8438,0.0],[122.7151,72.8422,0.0],[122.7266,72.8391,0.0],[122.7276,72.8359,0.0],[122.7328,72.8349,0.0],[122.7338,72.8318,0.0],[122.7479,72.8271,0.0],[122.7583,72.8271,0.0],[122.7625,72.8292,0.0],[122.7667,72.8292,0.0],[122.7708,72.8271,0.0],[122.7807,72.8266,0.0],[122.7833,72.8229,0.0],[122.7937,72.8229,0.0],[122.7979,72.8208,0.0],[122.8146,72.8208,0.0],[122.825,72.8167,0.0],[122.8479,72.8146,0.0],[122.8583,72.8104,0.0],[122.8812,72.8083,4.7754],[122.9,72.8021,0.0],[122.9391,72.8026,0.0],[122.9339,72.8047,4.4333],[122.9313,72.8083,0.0],[122.9229,72.8083,0.0],[122.9187,72.8104,0.0],[122.9005,72.8109,4.1932],[122.8995,72.8161,0.0],[122.8875,72.8167,3.7237],[122.8849,72.8203,0.0],[122.8734,72.8214,3.86],[122.8724,72.8245,0.0],[122.8672,72.8255,0.0],[122.8662,72.8287,0.0],[122.8438,72.8354,4.2027],[122.8375,72.8333,3.294],[122.8271,72.8333,2.8997],[122.8229,72.8313,4.6585],[122.8109,72.8318,3.2668],[122.8109,72.8349,3.8837],[122.8125,72.8354,3.6326],[122.8313,72.8354,4.0899],[122.8391,72.838,4.3295],[122.8411,72.8432,0.0],[122.8339,72.8443,3.2558],[122.8328,72.8474,2.7594],[122.825,72.85,2.0],[122.8187,72.8479,4.3114],[122.7937,72.8479,5.188],[122.7896,72.8521,2.3452],[122.7729,72.8521,2.0],[122.7667,72.85,4.7108],[122.7589,72.8526,2.0],[122.7667,72.8562,2.0],[122.7708,72.8562,2.0],[122.775,72.8542,2.0],[122.7917,72.8542,3.278],[122.7958,72.8562,3.325],[122.8224,72.8568,0.0],[122.8208,72.8583,0.0],[122.8151,72.8588,0.0],[122.8161,72.8641,0.0],[122.8146,72.8646,0.0],[122.7963,72.8651,0.0],[122.8016,72.8672,0.0],[122.8016,72.8703,0.0],[122.7963,72.8714,0.0],[122.7958,72.875,0.0],[122.7974,72.8786,0.0],[122.7839,72.8818,0.0],[122.7849,72.8932,0.0],[122.7729,72.8938,0.0],[122.75,72.9021,0.0],[122.7458,72.9021,0.0],[122.7318,72.9068,0.0],[122.7292,72.9104,0.0],[122.7188,72.9104,0.0],[122.7146,72.9125,0.0],[122.6604,72.9125,0.0]]],
[[[129.5161,73.0005,0.0191],[129.5104,73.0,0.0],[129.5089,72.9984,0.0],[129.5208,72.9979,0.0],[129.5234,73.0016,0.0004],[129.5307,73.0026,0.0],[129.5328,73.0057,0.0],[129.5208,73.0062,0.2549],[129.5172,73.0036,0.2757],[129.5161,73.0005,0.0191]]],
[[[129.1349,72.9943,0.8358],[129.1333,72.9958,1.5578],[129.1276,72.9953,1.5881],[129.1292,72.9938,1.1224],[129.1349,72.9943,0.8358]]],
[[[129.4766,73.0339,-0.1916],[129.475,73.0354,-0.1258],[129.4651,73.0359,-0.3834],[129.4625,73.0396,-0.2062],[129.4458,73.0396,0.0],[129.4411,73.0339,-0.0605],[129.4339,73.0328,-0.175],[129.4328,73.0297,0.0648],[129.4255,73.0286,0.0],[129.4224,73.0255,-0.343],[129.4151,73.0245,0.0],[129.413,73.0214,0.0558],[129.4542,73.0229,-0.0103],[129.4583,73.0208,0.0],[129.4667,73.0208,-0.0341],[129.4708,73.0188,-0.2326],[129.4958,73.0188,0.0],[129.4995,73.0214,0.0],[129.4979,73.0229,-0.1006],[129.4875,73.0229,0.1048],[129.4833,73.025,0.0],[129.4604,73.025,-0.0539],[129.4526,73.0276,-0.0217],[129.4542,73.0292,-0.0096],[129.4766,73.0339,-0.1916]]],
[[[122.5167,72.9187,0.0],[122.5203,72.9203,0.0],[122.513,72.9203,0.0],[122.513,72.9193,0.0],[122.5167,72.9187,0.0]]],
[[[129.3917,72.9187,0.0],[129.4063,72.9187,0.3692],[129.4162,72.9213,-0.2313],[129.4167,72.9229,-0.1538],[129.4146,72.925,0.0],[129.3687,72.925,0.0],[129.3667,72.9229,0.0],[129.3687,72.9208,0.0],[129.3833,72.9208,0.7169],[129.3875,72.9187,0.0],[129.3917,72.9187,0.0]]],
[[[122.8438,72.925,3.2245],[122.8474,72.9255,3.8933],[122.8474,72.9266,2.5526],[122.8401,72.9266,3.1171],[122.8438,72.925,3.2245]]],
[[[119.8125,72.9563,2.5213],[119.8167,72.9563,1.9929],[119.8146,72.9583,0.0],[119.8109,72.9578,2.4502],[119.8125,72.9563,2.5213]]],
[[[122.3047,72.9557,0.0],[122.3063,72.9583,0.0],[122.3042,72.9604,0.0],[122.2937,72.9604,0.0],[122.2875,72.9625,0.0],[122.2776,72.9599,0.0],[122.2828,72.9578,0.0],[122.2839,72.9547,0.0],[122.2958,72.9542,0.0],[122.3063,72.95,0.0],[122.3391,72.9505,0.0],[122.3339,72.9526,0.0],[122.3313,72.9563,0.0],[122.3146,72.9563,0.0],[122.3104,72.9542,0.0],[122.3063,72.9542,0.0],[122.3047,72.9557,0.0]]],
[[[129.4307,72.962,0.5263],[129.425,72.9625,0.7841],[129.4234,72.9609,0.0],[129.4292,72.9604,0.6969],[129.4307,72.962,0.5263]]],
[[[129.0021,72.9792,0.5844],[129.0057,72.9797,1.3504],[129.0057,72.9807,1.4475],[129.0005,72.9807,1.0845],[129.0021,72.9792,0.5844]]],
[[[129.4521,72.975,-0.0102],[129.4458,72.975,0.245],[129.4443,72.9734,0.1965],[129.4578,72.9734,-0.0807],[129.4563,72.975,0.0044],[129.4521,72.975,-0.0102]]],
[[[129.4583,72.9833,0.0],[129.4625,72.9833,0.1017],[129.4641,72.9849,0.0],[129.4563,72.9875,0.0032],[129.4396,72.9875,0.0],[129.438,72.9859,0.548],[129.4432,72.9838,0.4495],[129.4229,72.9854,0.684],[129.4187,72.9833,0.5926],[129.3938,72.9812,0.0909],[129.3839,72.9776,0.8896],[129.3896,72.975,0.0],[129.4,72.9771,0.7714],[129.4042,72.975,0.0],[129.4083,72.975,0.0],[129.4146,72.9771,0.6524],[129.4187,72.975,0.0],[129.4292,72.975,0.3342],[129.4333,72.9771,0.2606],[129.4745,72.9776,-0.3318],[129.4729,72.9792,-0.2401],[129.4271,72.9792,0.0],[129.4208,72.9771,0.4014],[129.413,72.9797,0.0],[129.4146,72.9812,0.7484],[129.4542,72.9812,0.5267],[129.4583,72.9833,0.0]]],
[[[122.5792,72.9542,3.3682],[122.5828,72.9557,3.3197],[122.5755,72.9557,1.7611],[122.5755,72.9547,2.2205],[122.5792,72.9542,3.3682]]],
[[[129.0083,72.9625,0.5757],[129.0021,72.9646,0.0],[128.9937,72.9646,0.6325],[128.9896,72.9667,0.0],[128.9729,72.9667,0.0],[128.963,72.9641,0.0],[128.9646,72.9625,1.1216],[128.9854,72.9604,0.7581],[128.9896,72.9583,-0.2255],[129.0063,72.9583,0.2821],[129.0104,72.9542,0.45],[129.0307,72.9589,1.0799],[129.0229,72.9625,0.0],[129.0083,72.9625,0.5757]]],
[[[122.6547,72.9568,2.6855],[122.6583,72.9563,2.6201],[122.6599,72.9578,0.6217],[122.6563,72.9583,2.4667],[122.6547,72.9568,2.6855]]],
[[[122.3688,72.9604,0.0],[122.3714,72.9641,0.0],[122.3766,72.9651,0.0],[122.3776,72.9682,0.0],[122.3833,72.9688,0.0],[122.3849,72.9703,0.0],[122.3505,72.9703,0.0],[122.3557,72.9682,0.0],[122.3505,72.9651,0.0],[122.3557,72.9641,0.0],[122.3568,72.9609,0.0],[122.3688,72.9604,0.0]]],
[[[129.1229,72.9646,0.1312],[129.1167,72.9667,0.7789],[129.1068,72.9672,0.0],[129.1078,72.9724,0.8748],[129.1042,72.9729,0.8408],[129.1,72.9708,1.0328],[129.0859,72.9703,0.0],[129.0849,72.9672,0.0],[129.0813,72.9646,0.5576],[129.0646,72.9646,0.0],[129.0604,72.9604,1.4394],[129.0609,72.9589,1.5729],[129.0667,72.9563,0.0],[129.0771,72.9563,1.3201],[129.0813,72.9542,0.0],[129.1104,72.9542,0.9632],[129.1146,72.9521,0.0],[129.1536,72.9505,0.2639],[129.1422,72.9547,0.1878],[129.1432,72.9578,0.0],[129.1318,72.9589,0.0],[129.1328,72.9641,0.0],[129.1229,72.9646,0.1312]]],
[[[129.0495,72.9672,0.1555],[129.0578,72.9693,0.5051],[129.0526,72.9724,0.9543],[129.0599,72.9734,-0.2386],[129.0599,72.9766,0.7395],[129.0562,72.9771,0.0],[129.0437,72.9729,0.7308],[129.0333,72.9729,0.0],[129.0234,72.9703,0.608],[129.025,72.9688,1.0175],[129.0333,72.9688,1.0443],[129.0375,72.9667,-0.1715],[129.0495,72.9672,0.1555]]],
[[[122.3438,72.9417,0.0],[122.3401,72.9432,0.0],[122.3453,72.9453,0.0],[122.3375,72.9479,0.0],[122.3313,72.9458,0.0],[122.3208,72.9458,0.0],[122.3193,72.9443,0.0],[122.3245,72.9422,0.0],[122.3187,72.9417,0.0],[122.3125,72.9437,0.0],[122.3047,72.9411,0.0],[122.3026,72.9391,0.0],[122.3026,72.9359,0.0],[122.3083,72.9354,0.0],[122.3099,72.9339,0.0],[122.3042,72.9333,0.0],[122.3026,72.9318,0.0],[122.3271,72.9292,0.0],[122.337,72.9318,0.0],[122.338,72.9349,0.0],[122.3516,72.938,0.0],[122.3438,72.9417,0.0]]],
[[[129.5269,72.9437,0.1954],[129.5146,72.9437,-0.0064],[129.5104,72.9458,0.0693],[129.5021,72.9458,0.0],[129.4979,72.9437,0.0656],[129.4854,72.9437,0.0],[129.4828,72.9401,0.4425],[129.4688,72.9396,0.0],[129.4667,72.9375,0.2229],[129.4688,72.9354,-0.2931],[129.4792,72.9354,0.0],[129.4833,72.9375,0.7609],[129.5,72.9375,0.0],[129.5125,72.9417,0.0],[129.5167,72.9417,0.0],[129.5182,72.9411,0.0],[129.5172,72.9359,0.0],[129.5188,72.9354,0.0],[129.5417,72.9354,0.0],[129.5516,72.938,0.0179],[129.5537,72.9401,0.033],[129.5458,72.9437,-0.0061],[129.5269,72.9437,0.1954]]],
[[[122.4979,72.925,0.0],[122.4875,72.925,0.0],[122.4771,72.9292,0.0],[122.4667,72.9271,0.0],[122.4604,72.9292,0.0],[122.4563,72.9271,0.0],[122.4458,72.9271,0.0],[122.4417,72.925,0.0],[122.4313,72.925,0.0],[122.4297,72.9234,0.0],[122.4495,72.9224,0.0],[122.4479,72.9208,0.0],[122.4375,72.9208,0.0],[122.4359,72.9193,0.0],[122.4474,72.9182,0.0],[122.45,72.9146,0.0],[122.512,72.9151,0.0],[122.512,72.9182,0.0],[122.5005,72.9213,0.0],[122.4979,72.925,0.0]]],
[[[129.3016,72.9224,0.0457],[129.2901,72.9255,0.0604],[129.2833,72.9292,0.0],[129.2729,72.9292,0.3222],[129.2688,72.925,0.0],[129.2693,72.9234,0.0],[129.2937,72.9146,0.0745],[129.3203,72.9151,0.0976],[129.3016,72.9224,0.0457]]],
[[[122.8604,72.9,0.0],[122.8667,72.9021,1.6871],[122.8792,72.9021,0.0],[122.8792,72.9042,0.0],[122.8651,72.9068,3.839],[122.8662,72.9099,3.5916],[122.8646,72.9104,3.56],[122.8542,72.9104,3.4701],[122.85,72.9125,3.8012],[122.8396,72.9125,3.403],[122.8354,72.9104,3.2654],[122.8234,72.9109,4.3272],[122.8271,72.9146,4.1317],[122.8583,72.9146,3.0915],[122.8599,72.9161,4.0251],[122.8479,72.9167,3.709],[122.8464,72.9182,2.9618],[122.8599,72.9193,4.0602],[122.8583,72.9208,3.9794],[122.8417,72.9208,2.1618],[122.8375,72.9187,3.4883],[122.8271,72.9187,3.6886],[122.8208,72.9208,2.7661],[122.8182,72.9172,3.951],[122.8083,72.9146,3.0072],[122.7917,72.9146,3.6205],[122.7875,72.9167,3.0677],[122.7771,72.9167,3.3439],[122.7729,72.9187,3.5135],[122.7609,72.9193,3.2993],[122.7646,72.9229,3.3971],[122.8021,72.9229,3.3745],[122.8037,72.9245,2.6653],[122.7984,72.9266,3.0561],[122.8411,72.9297,0.4226],[122.8396,72.9313,0.0],[122.8276,72.9318,3.5343],[122.825,72.9354,0.0],[122.8167,72.9354,3.2043],[122.8042,72.9396,0.1998],[122.7958,72.9396,2.2008],[122.7833,72.9437,0.8087],[122.7667,72.9437,2.1589],[122.7625,72.9458,0.0],[122.7458,72.9458,0.0],[122.7417,72.9437,1.7506],[122.7312,72.9437,0.0],[122.7271,72.9417,1.4887],[122.7167,72.9437,0.0],[122.7104,72.9417,3.9161],[122.7,72.9458,0.0],[122.675,72.9458,2.6851],[122.6672,72.9432,0.4348],[122.6646,72.9396,0.8486],[122.6651,72.9339,0.6096],[122.7,72.9229,0.0],[122.7104,72.9229,3.6577],[122.7208,72.9187,0.0],[122.7312,72.9187,0.0],[122.7354,72.9167,0.0],[122.7583,72.9167,3.2238],[122.7625,72.9146,0.0],[122.7792,72.9146,0.4257],[122.7896,72.9104,0.0],[122.8016,72.9099,0.0],[122.8026,72.9068,0.0],[122.8167,72.9021,0.0],[122.8333,72.9021,2.235],[122.8375,72.9,0.0],[122.8604,72.9,0.0]]],
[[[127.8979,72.9313,4.7198],[127.8943,72.9297,0.0],[127.9083,72.9292,4.6877],[127.9083,72.9313,4.2152],[127.8979,72.9313,4.7198]]],
[[[128.9599,72.9328,1.188],[128.9521,72.9354,0.0],[128.9422,72.9359,0.1347],[128.9432,72.9411,-0.3551],[128.9417,72.9417,0.0],[128.9167,72.9417,0.0],[128.9125,72.9396,1.4155],[128.9021,72.9396,0.0],[128.8979,72.9375,0.0],[128.8771,72.9333,0.0],[128.8734,72.9307,0.0],[128.8724,72.9276,1.6885],[128.8583,72.925,0.7796],[128.8568,72.9234,1.9255],[128.8896,72.9229,0.0],[128.8938,72.9208,0.0],[128.9,72.9229,0.0],[128.925,72.9229,0.0],[128.9375,72.9271,0.8631],[128.9479,72.9271,0.2838],[128.9526,72.9307,1.0557],[128.9583,72.9313,0.0],[128.9599,72.9328,1.188]]],
[[[127.8375,72.9354,0.0],[127.8458,72.9354,0.0],[127.8474,72.937,0.0],[127.8333,72.9417,1.3296],[127.8167,72.9417,0.0],[127.8068,72.9391,0.0],[127.8146,72.9354,0.0],[127.8375,72.9354,0.0]]],
[[[127.9859,72.9401,3.9798],[127.9896,72.9396,3.982],[127.9912,72.9411,4.1413],[127.9875,72.9417,3.97],[127.9859,72.9401,3.9798]]],
[[[129.1187,72.9354,0.0],[129.1125,72.9354,0.0],[129.1062,72.9333,1.039],[129.1021,72.9375,0.0],[129.0958,72.9354,1.2865],[129.0854,72.9354,1.7229],[129.0813,72.9375,0.0],[129.0708,72.9375,0.0],[129.0646,72.9354,1.8036],[129.0604,72.9375,0.0],[129.0562,72.9375,0.0],[129.0521,72.9354,1.1576],[129.0063,72.9354,0.0],[129.0021,72.9333,1.7515],[128.9771,72.9333,0.0],[128.9734,72.9297,1.977],[129.0271,72.9292,0.9217],[129.0313,72.9271,0.0],[129.0688,72.9271,1.7898],[129.0729,72.925,0.0],[129.125,72.925,0.0],[129.1292,72.9271,1.7862],[129.1479,72.9271,1.4759],[129.1521,72.9292,0.0],[129.1641,72.9297,-0.0472],[129.1625,72.9313,0.0],[129.1542,72.9313,0.2807],[129.15,72.9333,0.0],[129.1396,72.9313,0.5806],[129.1354,72.9333,0.0],[129.1271,72.9333,0.9909],[129.1229,72.9354,0.0],[129.1187,72.9354,0.0]]],
[[[127.9313,72.9333,4.3942],[127.9375,72.9333,4.2891],[127.9391,72.9349,4.5972],[127.9313,72.9354,4.328],[127.9313,72.9333,4.3942]]],
[[[129.3583,72.9854,0.9026],[129.3396,72.9896,0.0],[129.3354,72.9875,0.3387],[129.3188,72.9875,0.0],[129.3146,72.9854,0.7912],[129.3021,72.9854,0.0],[129.2839,72.9807,0.0],[129.2828,72.9776,0.5962],[129.2755,72.9766,0.0],[129.2708,72.9729,0.9583],[129.2589,72.9724,0.0],[129.2536,72.9651,0.0],[129.2464,72.9641,0.0],[129.2464,72.9609,0.0],[129.2854,72.9604,0.0],[129.2896,72.9625,0.5062],[129.3083,72.9625,0.0],[129.3125,72.9646,0.86],[129.3229,72.9646,0.0],[129.3245,72.963,0.4449],[129.3208,72.9604,0.4111],[129.3104,72.9604,0.0],[129.3062,72.9583,1.0298],[129.2521,72.9563,0.0],[129.2484,72.9537,0.652],[129.2443,72.9474,1.096],[129.2443,72.9443,1.2496],[129.2495,72.9432,1.436],[129.2484,72.9401,0.0],[129.25,72.9396,0.0],[129.2542,72.9396,0.0],[129.2583,72.9417,0.7389],[129.2896,72.9417,1.0497],[129.2912,72.9401,0.5783],[129.2708,72.9396,0.4903],[129.2693,72.938,1.2778],[129.2792,72.9375,1.2231],[129.2833,72.9354,0.0],[129.2937,72.9375,1.1356],[129.3042,72.9333,0.0357],[129.3208,72.9333,-0.1248],[129.325,72.9354,-0.3242],[129.3375,72.9354,0.0],[129.3417,72.9375,0.0],[129.3729,72.9375,0.0],[129.3792,72.9396,1.1081],[129.3833,72.9375,0.0],[129.4146,72.9375,0.9176],[129.4187,72.9354,0.0],[129.4271,72.9354,0.0],[129.4312,72.9333,0.0],[129.4625,72.9333,-0.2881],[129.4641,72.9349,-0.2534],[129.4542,72.9354,-0.2747],[129.4526,72.937,-0.3494],[129.4563,72.9396,0.7929],[129.4604,72.9396,0.0491],[129.4708,72.9437,0.1633],[129.4917,72.9479,0.0],[129.4958,72.95,0.2777],[129.5146,72.95,0.0],[129.5188,72.9521,0.2437],[129.5229,72.9521,0.3645],[129.5271,72.95,0.0],[129.5354,72.95,0.0],[129.5453,72.9526,0.0463],[129.5375,72.9563,-0.281],[129.4875,72.9563,0.0],[129.4859,72.9578,-0.296],[129.4958,72.9604,0.5741],[129.5208,72.9604,-0.025],[129.5229,72.9625,0.1735],[129.5224,72.9641,0.0587],[129.5167,72.9667,0.0],[129.5063,72.9667,0.0596],[129.5021,72.9688,0.0],[129.4937,72.9688,0.0],[129.4896,72.9708,-0.1792],[129.4714,72.9703,0.2453],[129.4729,72.9688,0.2262],[129.4812,72.9688,0.337],[129.4891,72.9661,0.384],[129.4875,72.9646,0.4066],[129.4771,72.9646,0.4464],[129.4729,72.9667,0.3963],[129.45,72.9667,0.9055],[129.4458,72.9688,0.0],[129.4375,72.9688,0.1146],[129.4333,72.9708,0.0],[129.4005,72.9703,0.29],[129.4021,72.9688,0.4109],[129.4229,72.9667,0.711],[129.4271,72.9646,0.8324],[129.4453,72.9641,0.6044],[129.4432,72.9609,0.3702],[129.4359,72.9599,0.7738],[129.4349,72.9568,1.1959],[129.4292,72.9563,1.08],[129.4229,72.9583,0.0],[129.4167,72.9542,0.0],[129.3984,72.9547,0.2845],[129.4,72.9563,0.2453],[129.4141,72.9568,0.8037],[129.4125,72.9583,1.0685],[129.4005,72.9589,0.7313],[129.4078,72.962,0.9381],[129.4,72.9646,0.0],[129.3938,72.9625,1.0645],[129.3625,72.9625,1.2278],[129.3562,72.9646,0.0],[129.3438,72.9604,0.8804],[129.3318,72.9609,0.2922],[129.3333,72.9625,0.0],[129.3391,72.963,0.0],[129.3422,72.9703,0.4335],[129.3438,72.9708,0.8362],[129.3557,72.9703,0.0],[129.3542,72.9688,0.1713],[129.3484,72.9682,0.0],[129.35,72.9667,0.0],[129.3604,72.9667,0.0],[129.3646,72.9688,0.6011],[129.3828,72.9682,0.0],[129.3813,72.9667,0.627],[129.3755,72.9661,0.9566],[129.3771,72.9646,1.0488],[129.3875,72.9646,0.9821],[129.3974,72.9672,0.509],[129.3958,72.9688,0.3983],[129.3859,72.9693,0.0],[129.3833,72.9729,0.1485],[129.375,72.9729,0.4806],[129.3708,72.9708,0.7767],[129.3589,72.9714,0.0],[129.3604,72.9729,0.0],[129.3745,72.9755,0.9739],[129.3693,72.9786,0.3586],[129.3813,72.9792,1.0173],[129.3849,72.9828,0.3954],[129.3667,72.9833,0.2327],[129.3625,72.9854,0.3371],[129.3583,72.9854,0.9026]]],
[[[128.9979,72.9417,-0.023],[128.9792,72.9479,0.0],[128.9563,72.9479,1.3561],[128.9521,72.9437,-0.0013],[128.9542,72.9417,-0.0329],[128.9625,72.9417,0.5783],[128.9729,72.9375,-0.065],[128.9792,72.9396,0.1175],[128.9995,72.9401,-0.0506],[128.9979,72.9417,-0.023]]],
[[[129.2292,72.9458,0.1226],[129.2307,72.9474,0.0],[129.2188,72.9479,0.0419],[129.2125,72.95,0.0],[129.2083,72.9479,0.4451],[129.1896,72.9479,0.0],[129.1875,72.9458,1.1373],[129.1896,72.9437,0.0],[129.2208,72.9437,0.0],[129.225,72.9458,0.1425],[129.2292,72.9458,0.1226]]],
[[[122.5958,72.9708,-0.1068],[122.5771,72.9771,0.0],[122.5583,72.9771,0.0],[122.5542,72.975,1.3455],[122.5422,72.9745,1.4015],[122.5521,72.9708,2.8731],[122.5703,72.9703,3.002],[122.5703,72.9672,3.1029],[122.5687,72.9667,3.0179],[122.5568,72.9661,2.8286],[122.5568,72.963,1.5],[122.5583,72.9625,2.8497],[122.5667,72.9625,2.461],[122.5708,72.9604,1.2076],[122.5813,72.9625,2.8685],[122.5854,72.9604,2.2185],[122.5958,72.9604,1.6811],[122.5984,72.9568,2.3399],[122.6036,72.9557,3.8785],[122.5938,72.9521,2.961],[122.5708,72.9521,2.3934],[122.5609,72.9547,3.2117],[122.562,72.9599,3.2055],[122.5521,72.9625,1.5],[122.5422,72.963,2.8808],[122.5411,72.9682,2.5973],[122.5359,72.9693,2.7354],[122.5333,72.9729,1.0249],[122.5083,72.9708,0.0],[122.5042,72.9667,0.0],[122.5,72.9667,0.0],[122.4958,72.9646,-0.1924],[122.4854,72.9646,-0.6018],[122.4693,72.9589,0.17],[122.475,72.9583,1.3674],[122.4979,72.95,0.0],[122.5229,72.9479,1.0598],[122.5271,72.9458,0.0],[122.5354,72.9458,2.402],[122.5396,72.9437,0.0],[122.55,72.9437,2.1879],[122.5542,72.9396,0.0],[122.5625,72.9396,1.3762],[122.5667,72.9375,0.0],[122.5854,72.9375,0.8382],[122.5896,72.9354,0.0],[122.5979,72.9354,2.5907],[122.6083,72.9313,0.0],[122.6396,72.9313,4.2909],[122.6438,72.9292,0.0],[122.6479,72.9292,0.0],[122.6557,72.9318,1.5622],[122.6557,72.9349,0.719],[122.6505,72.9359,3.0679],[122.65,72.9375,2.1586],[122.6505,72.9391,2.1226],[122.6578,72.9401,0.0],[122.6578,72.9432,0.0],[122.6526,72.9443,1.8347],[122.6516,72.9495,0.0],[122.6401,72.9526,1.4531],[122.6401,72.9557,2.601],[122.6453,72.9578,0.0],[122.6339,72.9609,1.9197],[122.6312,72.9646,-0.4137],[122.6193,72.9651,1.6378],[122.6203,72.9682,-0.3299],[122.6188,72.9688,-0.4735],[122.6,72.9688,0.1596],[122.5958,72.9708,-0.1068]]],
[[[129.5609,72.9932,-0.0459],[129.5641,72.9974,-0.3485],[129.5562,73.0,-0.3424],[129.5313,73.0,0.0],[129.5266,72.9964,0.2283],[129.5193,72.9953,0.0],[129.5208,72.9938,0.0],[129.5313,72.9938,0.2648],[129.5391,72.9912,0.1127],[129.538,72.988,0.0],[129.5396,72.9875,0.0],[129.5661,72.988,0.0],[129.5661,72.9912,0.0181],[129.5609,72.9932,-0.0459]]],
[[[122.5021,72.9896,0.1788],[122.5099,72.9901,0.0],[122.5099,72.9932,-0.0363],[122.5026,72.9943,0.8457],[122.5036,72.9974,-0.5471],[122.5021,72.9979,-0.5471],[122.4917,72.9979,2.3728],[122.488,72.9932,0.0],[122.4896,72.9917,0.0],[122.5021,72.9896,0.1788]]],
[[[123.0271,72.9938,0.254],[123.0208,72.9958,0.0],[123.0104,72.9958,0.5281],[123.0062,72.9979,0.4001],[122.9896,72.9979,0.0],[122.988,72.9974,0.0],[122.987,72.9922,0.4326],[122.9797,72.9912,0.0],[122.9776,72.9818,0.3543],[122.9849,72.9807,0.554],[122.9838,72.9755,0.0],[122.9938,72.9729,0.0],[123.0021,72.9729,0.2574],[123.0057,72.9755,0.0],[123.0068,72.9828,0.0],[123.0083,72.9833,0.0],[123.0333,72.9812,0.0],[123.0375,72.9833,0.0],[123.0625,72.9833,0.0],[123.0646,72.9854,0.0],[123.0641,72.987,0.0],[123.0417,72.9938,0.0],[123.0271,72.9938,0.254]]],
[[[128.55,72.9896,2.4946],[128.5542,72.9896,2.3103],[128.5557,72.9912,2.2921],[128.5479,72.9917,2.1023],[128.5479,72.9896,2.5193],[128.55,72.9896,2.4946]]],
[[[122.9563,72.9938,0.1877],[122.9661,72.9974,0.0],[122.9583,73.0,0.0],[122.9396,73.0,0.0],[122.9318,72.9974,0.0],[122.9292,72.9917,0.3036],[122.9297,72.9901,0.0],[122.9417,72.9875,0.2989],[122.9516,72.9901,0.0],[122.9443,72.9932,0.2866],[122.9563,72.9938,0.1877]]],
[[[119.3271,73.0729,0.0],[119.3354,73.0729,0.0],[119.337,73.0745,0.8193],[119.3292,73.0771,0.0],[119.3172,73.0766,0.6079],[119.3172,73.0755,0.8241],[119.3271,73.0729,0.0]]],
[[[119.3807,73.0724,0.7468],[119.3833,73.0708,0.0],[119.387,73.0714,0.8665],[119.3875,73.075,1.3361],[119.387,73.0766,1.2779],[119.3818,73.0776,1.4289],[119.3792,73.0813,0.0],[119.3625,73.0813,0.0],[119.3526,73.0787,0.0],[119.3521,73.0771,0.0],[119.3542,73.075,0.0],[119.3646,73.075,1.0007],[119.3688,73.0729,0.0],[119.3807,73.0724,0.7468]]],
[[[119.4,73.1188,0.0],[119.3812,73.1188,0.6874],[119.3771,73.1208,0.0],[119.3688,73.1208,0.0],[119.3646,73.1188,0.0],[119.325,73.1188,0.0],[119.3208,73.1167,1.0393],[119.3104,73.1167,0.0],[119.3063,73.1146,1.2199],[119.2896,73.1146,0.0],[119.2708,73.1083,0.8658],[119.2667,73.1083,0.0],[119.2651,73.1068,0.0],[119.2672,73.1047,0.0],[119.2724,73.1036,0.9462],[119.2734,73.0984,0.0],[119.275,73.0979,0.0],[119.2854,73.0979,0.777],[119.2958,73.0938,0.0],[119.3146,73.0938,1.8814],[119.3187,73.0917,0.0],[119.3438,73.0896,1.0434],[119.3542,73.0854,0.0],[119.3646,73.0854,0.6504],[119.3662,73.0859,1.011],[119.3672,73.0911,1.0552],[119.3724,73.0922,0.0],[119.3734,73.0974,1.0339],[119.3807,73.0984,0.0],[119.387,73.1005,0.0],[119.388,73.1036,0.4274],[119.4016,73.1068,0.1567],[119.4021,73.1167,0.0],[119.4,73.1188,0.0]]],
[[[128.9443,73.1891,0.0],[128.9359,73.187,0.0],[128.9359,73.1839,0.0],[128.9563,73.1854,0.0],[128.9588,73.1891,0.3169],[128.9661,73.1901,0.0],[128.9682,73.1932,0.0],[128.9563,73.1937,0.0],[128.9464,73.1911,0.0],[128.9443,73.1891,0.0]]],
[[[128.9771,73.1979,0.1721],[128.9787,73.1995,0.0],[128.9714,73.1995,0.3647],[128.9729,73.1979,0.3239],[128.9771,73.1979,0.1721]]],
[[[128.8667,73.2188,0.3659],[128.8521,73.2188,0.2769],[128.8521,73.2167,0.0],[128.8724,73.2172,0.2754],[128.8708,73.2188,0.0],[128.8667,73.2188,0.3659]]],
[[[123.3438,73.2188,0.0],[123.3474,73.2193,0.0],[123.3474,73.2203,0.0],[123.3401,73.2203,0.0],[123.3438,73.2188,0.0]]],
[[[128.3464,73.2161,0.0],[128.3458,73.2146,0.0],[128.3516,73.2151,0.3791],[128.35,73.2167,0.0],[128.3464,73.2161,0.0]]],
[[[123.3479,73.2104,0.0],[123.3464,73.2089,0.0],[123.3562,73.2063,0.0],[123.3578,73.2068,0.0],[123.3599,73.212,0.0],[123.3542,73.2125,0.0],[123.3479,73.2104,0.0]]],
[[[123.3396,73.2125,0.0],[123.35,73.2125,0.0],[123.3516,73.2141,0.0],[123.3417,73.2167,0.0],[123.338,73.2141,0.0],[123.3396,73.2125,0.0]]],
[[[128.8932,73.1755,0.2155],[128.8859,73.1745,0.3191],[128.8859,73.1713,0.2766],[128.8896,73.1708,0.0],[128.8995,73.1734,0.0],[128.9016,73.1766,0.2695],[128.8958,73.1771,0.0],[128.8932,73.1755,0.2155]]],
[[[128.9307,73.1787,0.0],[128.9333,73.1771,0.0],[128.9391,73.1776,0.0],[128.9312,73.1813,0.0],[128.9193,73.1807,0.1926],[128.9208,73.1792,0.5451],[128.9307,73.1787,0.0]]],
[[[123.3375,73.2208,0.0],[123.3474,73.2245,0.0],[123.3396,73.2271,0.0],[123.3339,73.2266,0.0],[123.3339,73.2214,0.0],[123.3375,73.2208,0.0]]],
[[[118.4891,73.2307,0.0],[118.4771,73.2312,0.0],[118.4755,73.2297,0.0],[118.4875,73.2292,0.0],[118.4891,73.2307,0.0]]],
[[[128.1917,73.2312,1.4695],[128.1953,73.2328,1.882],[128.188,73.2328,1.3755],[128.188,73.2318,1.7728],[128.1917,73.2312,1.4695]]],
[[[128.1833,73.2292,1.4772],[128.187,73.2297,0.8431],[128.187,73.2307,1.7865],[128.1797,73.2307,0.4942],[128.1833,73.2292,1.4772]]],
[[[123.3313,73.2292,0.0],[123.3349,73.2307,0.0],[123.3276,73.2307,0.0],[123.3276,73.2297,0.0],[123.3313,73.2292,0.0]]],
[[[128.9146,73.2438,0.0],[128.9162,73.2453,0.0],[128.9109,73.2453,0.0],[128.9109,73.2443,0.0],[128.9146,73.2438,0.0]]],
[[[128.8391,73.2338,0.0],[128.8375,73.2354,0.0],[128.825,73.2354,0.2468],[128.8271,73.2333,0.0816],[128.8391,73.2338,0.0]]],
[[[128.2292,73.2333,0.0],[128.2453,73.2338,0.0],[128.2484,73.2391,0.0],[128.2724,73.2443,0.0],[128.2766,73.2516,0.1711],[128.2646,73.2521,0.0],[128.2604,73.25,0.1544],[128.2479,73.25,0.0],[128.2437,73.2458,1.3571],[128.2333,73.2458,0.0],[128.2271,73.2417,1.8248],[128.2167,73.2417,0.0],[128.2104,73.2375,1.5103],[128.1964,73.2349,1.49],[128.1979,73.2333,1.7106],[128.2167,73.2333,0.0],[128.2229,73.2354,0.4008],[128.2292,73.2333,0.0]]],
[[[128.8078,73.2568,0.0],[128.8062,73.2583,0.0],[128.8005,73.2578,0.0],[128.8021,73.2562,0.0],[128.8078,73.2568,0.0]]],
[[[123.3214,73.2318,0.0],[123.325,73.2312,0.0],[123.3266,73.2328,0.0],[123.3229,73.2333,0.0],[123.3214,73.2318,0.0]]],
[[[119.5792,73.1292,0.0],[119.5813,73.1312,0.6304],[119.5792,73.1333,0.8001],[119.5687,73.1333,0.7484],[119.5646,73.1354,0.6853],[119.5463,73.1349,0.2031],[119.5604,73.1292,0.7237],[119.5792,73.1292,0.0]]],
[[[119.5463,73.138,0.0],[119.55,73.1375,0.5603],[119.5516,73.1391,0.334],[119.5479,73.1396,0.0],[119.5463,73.138,0.0]]],
[[[119.6104,73.1417,0.6289],[119.6099,73.1453,0.0],[119.5979,73.1458,1.0674],[119.5938,73.15,0.0],[119.5687,73.15,0.0],[119.5672,73.1495,0.0],[119.5661,73.1422,0.9061],[119.5542,73.1417,0.0],[119.5526,73.1401,0.1278],[119.5604,73.1375,1.1853],[119.5708,73.1375,0.8955],[119.5896,73.1312,0.0],[119.5938,73.1312,0.0],[119.5979,73.1354,1.2543],[119.6099,73.1359,0.9737],[119.6104,73.1417,0.6289]]],
[[[123.5516,73.1391,0.8473],[123.5396,73.1396,0.75],[123.538,73.138,0.7632],[123.55,73.1375,0.9136],[123.5516,73.1391,0.8473]]],
[[[119.6417,73.1583,1.0398],[119.6188,73.1625,0.0],[119.6088,73.1599,0.0],[119.6083,73.1583,0.4571],[119.6088,73.1568,0.4206],[119.6224,73.1536,1.3715],[119.6172,73.1505,0.0],[119.6307,73.1474,0.6974],[119.6234,73.1443,0.0],[119.637,73.1412,0.615],[119.638,73.1359,0.0],[119.6396,73.1354,0.0],[119.6438,73.1354,0.0],[119.6479,73.1333,0.0],[119.6646,73.1333,0.0],[119.6687,73.1354,0.7913],[119.6807,73.1359,0.0],[119.6807,73.1453,0.3954],[119.6755,73.1464,0.0],[119.6745,73.1516,0.0],[119.6687,73.1521,0.5091],[119.65,73.1583,0.0],[119.6417,73.1583,1.0398]]],
[[[119.7146,73.1604,0.0],[119.6979,73.1604,0.8384],[119.6937,73.1625,0.639],[119.6896,73.1625,0.9326],[119.6818,73.1599,0.6903],[119.687,73.1568,1.0954],[119.6818,73.1547,0.2998],[119.6953,73.1516,1.1646],[119.6958,73.15,0.7404],[119.6953,73.1401,0.0],[119.688,73.1391,0.0],[119.688,73.1359,0.0],[119.7,73.1354,0.0],[119.7042,73.1375,0.0],[119.7146,73.1375,1.2903],[119.7188,73.1354,1.4329],[119.7229,73.1354,1.3831],[119.7271,73.1375,0.6647],[119.7375,73.1375,0.0],[119.7401,73.1412,0.6185],[119.7453,73.1422,0.0],[119.7458,73.1458,0.0],[119.7438,73.1479,0.0],[119.7255,73.1484,0.0],[119.7307,73.1505,0.0],[119.7318,73.1536,0.0],[119.7391,73.1547,0.0],[119.7391,73.1578,0.3803],[119.7146,73.1604,0.0]]],
[[[119.6599,73.1589,0.0],[119.6599,73.162,0.0],[119.6583,73.1625,0.0],[119.6526,73.162,0.0],[119.6521,73.1604,0.0],[119.6542,73.1583,0.0],[119.6599,73.1589,0.0]]],
[[[129.0026,73.1766,0.0],[129.0036,73.1807,0.0],[128.9937,73.1813,0.4104],[128.9896,73.1833,0.0],[128.9833,73.1813,0.5079],[128.9708,73.1813,0.0],[128.9583,73.1771,0.0],[128.9479,73.1771,0.0],[128.9354,73.1729,0.2669],[128.9229,73.1729,0.0],[128.9021,73.1667,0.0],[128.8687,73.1667,0.0],[128.8505,73.162,0.0],[128.8479,73.1563,0.6196],[128.85,73.1542,1.0951],[128.8667,73.1542,0.0],[128.8708,73.1563,0.7404],[128.8813,73.1563,0.3469],[128.8839,73.1526,0.0],[128.8953,73.1516,0.3166],[128.8943,73.1484,0.0],[128.8958,73.1479,0.0],[128.9208,73.1479,0.0],[128.9245,73.1516,0.2653],[128.9193,73.1536,-0.0924],[128.9312,73.1542,0.0],[128.9354,73.1563,0.2572],[128.9396,73.1563,0.0],[128.9443,73.1599,0.0512],[128.9542,73.1625,0.4315],[128.9646,73.1625,0.0],[128.9693,73.1661,0.3318],[128.9917,73.1708,0.0],[128.9943,73.1745,0.1586],[129.0026,73.1766,0.0]]],
[[[119.6807,73.0099,0.0277],[119.6771,73.0104,0.7959],[119.6693,73.0068,0.0],[119.6792,73.0062,0.0],[119.6807,73.0068,0.3407],[119.6807,73.0099,0.0277]]],
[[[119.7047,73.0047,0.089],[119.7083,73.0042,0.2894],[119.7099,73.0057,-0.0055],[119.7063,73.0062,0.0349],[119.7047,73.0047,0.089]]],
[[[120.0729,73.0104,0.0],[120.0542,73.0104,0.0],[120.0479,73.0125,0.0],[120.0463,73.012,0.0],[120.0458,73.0062,0.0],[120.0479,73.0042,0.0],[120.0729,73.0021,0.0],[120.0771,73.0,0.0],[120.087,73.0026,0.0],[120.0818,73.0047,0.0],[120.0807,73.0078,0.0],[120.0729,73.0104,0.0]]],
[[[120.1146,73.0062,0.4962],[120.1188,73.0042,0.0],[120.1292,73.0042,0.0],[120.1307,73.0047,0.0],[120.1312,73.0083,0.0],[120.1292,73.0104,0.0],[120.1125,73.0104,0.6621],[120.1026,73.0078,0.0],[120.1021,73.0062,0.0],[120.1026,73.0047,0.0],[120.1083,73.0042,0.0],[120.1146,73.0062,0.4962]]],
[[[120.5271,73.0104,-0.5],[120.5172,73.0099,0.411],[120.5172,73.0047,0.0],[120.537,73.0047,-1.0],[120.537,73.0099,0.0],[120.5271,73.0104,-0.5]]],
[[[122.3411,73.0162,0.0],[122.3229,73.0167,0.0],[122.3214,73.0182,0.0],[122.3271,73.0188,0.0],[122.3287,73.0203,0.0],[122.3167,73.0208,0.0],[122.3068,73.0182,0.0],[122.3057,73.013,0.0],[122.3042,73.0125,0.0],[122.2937,73.0104,0.0],[122.2875,73.0125,0.0],[122.2776,73.0089,0.0],[122.2828,73.0078,0.0],[122.2839,73.0026,0.0],[122.2854,73.0021,0.0],[122.3104,73.0,0.0],[122.3125,73.0021,0.0],[122.312,73.0057,0.0],[122.3,73.0062,0.0],[122.2984,73.0078,0.0],[122.3187,73.0083,0.0],[122.3229,73.0104,0.0],[122.3313,73.0083,0.0],[122.3354,73.0104,0.0],[122.3557,73.0109,0.0],[122.3542,73.0125,0.0],[122.3422,73.013,0.0],[122.3411,73.0162,0.0]]],
[[[122.9042,73.0021,0.0],[122.8964,73.0016,0.0],[122.8964,72.9943,0.0],[122.9083,72.9958,0.0],[122.9109,72.9995,0.2065],[122.9161,73.0005,0.0],[122.9146,73.0021,0.5436],[122.9042,73.0021,0.0]]],
[[[129.4443,73.013,-0.0336],[129.4312,73.0188,0.0],[129.4125,73.0188,0.0],[129.4109,73.0182,0.0],[129.4109,73.0151,0.1421],[129.4162,73.0141,0.1075],[129.4141,73.0089,0.7368],[129.4068,73.0078,0.6643],[129.4021,73.0042,1.002],[129.3963,73.0036,0.6135],[129.3953,73.0005,0.896],[129.388,72.9995,0.5824],[129.3859,72.9964,1.0451],[129.3938,72.9938,0.7862],[129.4104,72.9938,0.4295],[129.4146,72.9958,0.0976],[129.4271,72.9958,0.0],[129.4318,73.0016,0.1014],[129.4391,73.0026,0.0],[129.4422,73.0078,-0.1038],[129.4557,73.0089,-0.057],[129.4443,73.013,-0.0336]]],
[[[120.02,73.0104,0.0],[120.0307,73.0109,0.0],[120.0255,73.0141,0.6237],[120.0307,73.0162,0.5348],[120.0188,73.0167,0.499],[120.0146,73.0146,0.8179],[120.0026,73.0141,0.0],[120.0042,73.0125,0.0],[120.0146,73.0125,0.8496],[120.02,73.0104,0.0]]],
[[[120.0162,73.0182,0.0],[120.0042,73.0188,0.0],[120.0026,73.0172,0.0],[120.0146,73.0167,0.7448],[120.0162,73.0182,0.0]]],
[[[122.8912,73.012,0.1674],[122.8792,73.0125,0.4431],[122.8776,73.0109,0.3935],[122.8896,73.0104,0.0],[122.8912,73.012,0.1674]]],
[[[122.7766,73.0151,0.3],[122.7849,73.0182,0.5826],[122.7729,73.0208,0.8058],[122.763,73.0182,0.0],[122.7729,73.0146,0.0],[122.7766,73.0151,0.3]]],
[[[122.1932,73.0307,0.0],[122.175,73.0313,0.0],[122.1708,73.0333,0.0],[122.1458,73.0333,0.0],[122.138,73.0307,0.0],[122.1375,73.0271,0.0],[122.138,73.0255,0.0],[122.1432,73.0245,0.0],[122.1443,73.0214,0.0],[122.1505,73.0193,0.0],[122.1625,73.0167,0.0],[122.1792,73.0104,0.0],[122.1958,73.0104,0.0],[122.2,73.0062,0.0],[122.2104,73.0062,0.0],[122.213,73.0099,0.0],[122.2203,73.0109,0.0],[122.2203,73.0162,0.0],[122.2068,73.0172,0.0],[122.2078,73.0203,0.0],[122.2005,73.0214,0.0],[122.1995,73.0245,0.0],[122.1943,73.0255,0.0],[122.1932,73.0307,0.0]]],
[[[122.3297,73.0214,0.0],[122.3333,73.0208,0.0],[122.3349,73.0224,0.0],[122.3313,73.0229,0.0],[122.3297,73.0214,0.0]]],
[[[122.2943,73.0214,0.0],[122.2979,73.0208,0.0],[122.2995,73.0224,0.0],[122.2958,73.0229,0.0],[122.2943,73.0214,0.0]]],
[[[122.2896,73.0229,0.0],[122.2932,73.0234,0.0],[122.2932,73.0245,0.0],[122.2859,73.0245,0.0],[122.2896,73.0229,0.0]]],
[[[120.5021,73.0229,0.3118],[120.5016,73.0266,0.2573],[120.4854,73.0313,0.0],[120.4333,73.0292,0.0],[120.4292,73.0271,1.3609],[120.4187,73.0271,1.1175],[120.4109,73.0245,0.0],[120.4187,73.0208,0.0],[120.4292,73.0208,0.7785],[120.4333,73.0188,0.0],[120.45,73.0188,0.8914],[120.4542,73.0167,0.0],[120.4646,73.0188,0.5326],[120.4708,73.0167,0.0],[120.4807,73.0193,0.0],[120.4818,73.0224,0.3576],[120.4896,73.025,0.1758],[120.4953,73.0245,0.0],[120.4979,73.0208,0.1706],[120.5016,73.0214,0.3271],[120.5021,73.0229,0.3118]]],
[[[122.538,73.0276,0.0],[122.5417,73.0271,1.0968],[122.5432,73.0286,0.5189],[122.5396,73.0292,0.5093],[122.538,73.0276,0.0]]],
[[[129.3974,73.0453,-0.1402],[129.3854,73.0458,-0.1463],[129.3792,73.0479,0.0],[129.3526,73.0411,0.0],[129.3495,73.0359,-0.1744],[129.3422,73.0349,0.0665],[129.3474,73.0328,-0.2233],[129.3453,73.0297,-0.285],[129.3255,73.0286,0.0954],[129.3203,73.0234,0.3419],[129.3151,73.0224,0.0],[129.312,73.0193,0.7804],[129.3047,73.0182,0.0],[129.3005,73.012,0.4299],[129.3005,73.0089,0.5872],[129.3042,73.0083,0.0],[129.35,73.0208,-0.0039],[129.3604,73.0208,0.0],[129.362,73.0193,0.0796],[129.3599,73.0172,0.5269],[129.3526,73.0162,0.1899],[129.35,73.0125,0.4634],[129.3375,73.0104,0.0],[129.325,73.0062,-0.0476],[129.3146,73.0083,0.0712],[129.3047,73.0047,0.5405],[129.3229,73.0042,0.0],[129.3271,73.0021,0.0],[129.3521,73.0021,0.0],[129.3562,73.0042,0.5504],[129.3828,73.0047,0.0],[129.387,73.0141,0.0],[129.3755,73.0172,-0.0786],[129.3771,73.0188,-0.3308],[129.3828,73.0193,0.0],[129.3776,73.0224,0.0],[129.3917,73.025,0.0],[129.3963,73.0286,0.0],[129.4036,73.0297,0.0],[129.4057,73.0349,-0.2023],[129.4,73.0354,-0.4245],[129.3729,73.0271,0.0853],[129.3604,73.0271,0.0],[129.3562,73.0229,0.1586],[129.3521,73.0229,0.0],[129.3505,73.0245,0.0],[129.3526,73.0286,0.0151],[129.375,73.0333,-0.0828],[129.3797,73.037,0.0],[129.387,73.038,0.0],[129.388,73.0411,0.0],[129.3917,73.0437,0.2168],[129.3979,73.0417,-0.3626],[129.4099,73.0422,-0.3357],[129.4083,73.0437,0.0],[129.4,73.0437,-0.191],[129.3974,73.0453,-0.1402]]],
[[[128.8021,73.0313,0.0],[128.7984,73.0307,0.0],[128.7964,73.0286,0.4733],[128.7964,73.0255,0.0],[128.8062,73.025,0.0],[128.8104,73.0271,1.6637],[128.8229,73.0271,0.0],[128.8328,73.0297,0.0],[128.8333,73.0313,0.4971],[128.8313,73.0333,1.0049],[128.8208,73.0333,0.0],[128.8167,73.0313,1.1082],[128.8021,73.0313,0.0]]],
[[[122.4979,73.0271,0.0],[122.4917,73.0292,0.904],[122.4734,73.0307,0.9465],[122.4724,73.0276,0.6626],[122.4651,73.0266,-0.7149],[122.4641,73.0234,0.777],[122.4437,73.0188,0.0],[122.4411,73.0151,-0.3544],[122.4276,73.012,0.0],[122.4255,73.0026,0.0],[122.4391,72.9995,1.0454],[122.4396,72.9938,0.0],[122.438,72.988,0.0],[122.4583,72.9875,0.0],[122.4609,72.9912,0.7999],[122.4745,72.9943,0.0],[122.4693,72.9974,0.8315],[122.4745,72.9984,-0.2806],[122.4755,73.0036,-0.0826],[122.4854,73.0062,-0.216],[122.4958,73.0062,-0.3905],[122.5,73.0083,0.6313],[122.512,73.0089,0.0],[122.513,73.0141,0.4514],[122.5203,73.0151,0.0],[122.5214,73.0224,1.1066],[122.5286,73.0234,0.0],[122.5292,73.025,0.2304],[122.5286,73.0286,0.9659],[122.5271,73.0292,0.7368],[122.5167,73.0292,0.7701],[122.5062,73.025,0.0],[122.5021,73.025,0.0],[122.4979,73.0271,0.0]]],
[[[129.1354,73.125,0.085],[129.1208,73.125,0.2217],[129.1167,73.1271,0.0],[129.0708,73.1271,0.0],[129.0646,73.1208,0.0654],[129.0604,73.1208,0.0],[129.0562,73.1188,0.0],[129.0458,73.1188,0.0],[129.0417,73.1167,0.8715],[129.0292,73.1167,0.0],[129.0266,73.113,0.2273],[129.0193,73.112,0.0],[129.0161,73.1088,1.079],[128.9854,73.1021,0.0],[128.9828,73.0984,0.3015],[128.9771,73.0979,0.5983],[128.9724,73.0943,0.755],[128.9651,73.0932,0.0],[128.962,73.088,0.0],[128.9547,73.087,0.0],[128.9516,73.0818,1.4496],[128.9443,73.0807,0.0],[128.9432,73.0776,1.4395],[128.9292,73.0771,0.0],[128.9187,73.0729,0.2075],[128.9047,73.0703,0.0],[128.9016,73.0651,1.3534],[128.8943,73.0641,0.0],[128.8911,73.0589,1.7469],[128.8839,73.0578,0.7328],[128.8818,73.0547,0.5555],[128.887,73.0537,1.5142],[128.8849,73.0505,1.7749],[128.8729,73.0479,0.0],[128.8693,73.0453,0.0],[128.8729,73.0437,0.9106],[128.8771,73.0458,1.587],[128.9042,73.0479,1.3975],[128.9083,73.0458,0.554],[128.9182,73.0453,1.3504],[128.9172,73.0401,1.3554],[128.925,73.0375,0.0],[128.9354,73.0375,0.0],[128.9417,73.0396,1.1708],[128.9521,73.0354,0.0],[128.9604,73.0354,1.0563],[128.9646,73.0333,0.0],[128.9896,73.0333,0.0],[128.9937,73.0354,1.6701],[129.0063,73.0354,0.0],[129.0104,73.0375,0.6206],[129.0208,73.0375,0.0],[129.025,73.0396,1.0843],[129.0354,73.0396,0.0],[129.0396,73.0417,0.5838],[129.05,73.0417,0.0],[129.0578,73.0391,0.0],[129.0562,73.0375,1.0103],[129.0313,73.0375,0.0],[129.0188,73.0333,0.7614],[129.0,73.0333,0.0],[128.9958,73.0313,0.0],[128.9854,73.0313,0.0],[128.9812,73.0292,1.1185],[128.9771,73.0292,1.0686],[128.9729,73.0313,0.0],[128.9563,73.0313,0.999],[128.9521,73.0333,0.0],[128.9438,73.0333,1.5657],[128.9396,73.0354,0.0],[128.9229,73.0354,0.0],[128.9187,73.0333,1.1155],[128.8875,73.0333,1.2612],[128.8833,73.0354,0.5904],[128.8646,73.0354,1.7439],[128.8542,73.0313,0.1782],[128.8484,73.0307,0.0],[128.8438,73.0271,0.7822],[128.8333,73.0271,0.0],[128.8292,73.025,0.5246],[128.8167,73.025,0.0],[128.8125,73.0229,0.6205],[128.8083,73.0229,0.0],[128.8042,73.0188,1.5175],[128.7875,73.0188,0.0],[128.7859,73.0203,0.0],[128.7917,73.0208,0.0],[128.7932,73.0224,0.0],[128.7792,73.0271,0.0],[128.7688,73.0271,0.0],[128.7589,73.0245,0.0],[128.7542,73.0208,1.0872],[128.7339,73.0162,1.8647],[128.7292,73.0125,2.0363],[128.7188,73.0125,0.0],[128.7146,73.0104,2.0234],[128.7104,73.0104,0.0],[128.7042,73.0062,1.9214],[128.6792,73.0062,0.0],[128.6667,73.0021,0.0],[128.6563,73.0021,0.0],[128.6521,73.0,0.0],[128.6479,73.0,0.0],[128.6432,72.9964,1.7773],[128.6359,72.9953,1.8699],[128.6375,72.9938,2.1475],[128.6479,72.9938,2.2841],[128.6521,72.9917,0.8268],[128.6703,72.9912,0.0],[128.6687,72.9896,0.0],[128.65,72.9896,0.0],[128.6458,72.9917,1.6964],[128.6146,72.9917,1.6157],[128.6104,72.9896,2.9467],[128.6,72.9896,0.0],[128.5792,72.9833,1.5203],[128.575,72.9833,0.0],[128.5724,72.9797,1.8291],[128.5667,72.9792,0.0],[128.563,72.9766,1.7902],[128.5646,72.975,0.0],[128.575,72.975,2.6957],[128.5792,72.9729,0.0],[128.6104,72.9729,-0.1009],[128.6146,72.975,2.0573],[128.6604,72.975,1.491],[128.6662,72.9724,0.9827],[128.6687,72.9688,0.0],[128.6771,72.9688,1.4213],[128.6812,72.9667,-0.1444],[128.6995,72.9661,2.5968],[128.6979,72.9646,2.324],[128.6729,72.9646,1.2608],[128.6687,72.9667,-0.1615],[128.6589,72.9672,0.586],[128.6599,72.9703,0.07],[128.6583,72.9708,0.0],[128.6125,72.9708,0.0],[128.6083,72.9688,1.3393],[128.5896,72.9688,-0.2656],[128.5859,72.9661,0.7388],[128.5849,72.963,2.5858],[128.5729,72.9625,0.0],[128.5714,72.9641,0.0],[128.575,72.9708,2.1516],[128.5729,72.9729,0.9476],[128.5,72.9729,1.7632],[128.4958,72.9708,3.2709],[128.4625,72.9708,1.6278],[128.4583,72.9688,3.0225],[128.4333,72.9688,-0.4413],[128.4292,72.9667,2.3504],[128.3979,72.9708,0.0],[128.3938,72.9688,1.0057],[128.3833,72.9688,0.0],[128.3792,72.9667,0.0],[128.375,72.9667,0.0],[128.3724,72.963,2.3377],[128.3568,72.9599,0.0],[128.3521,72.9563,3.4027],[128.3401,72.9557,0.0],[128.337,72.9505,2.5911],[128.3333,72.9479,1.3891],[128.3083,72.9479,0.392],[128.2922,72.9432,1.3982],[128.2896,72.9396,2.3975],[128.2901,72.938,0.0],[128.2953,72.937,1.5075],[128.2937,72.9354,2.2017],[128.2667,72.9333,0.0],[128.2568,72.9307,0.0],[128.2542,72.9271,2.5869],[128.2271,72.925,0.0],[128.2172,72.9224,0.0],[128.2161,72.9193,1.201],[128.2088,72.9182,0.0],[128.2068,72.9151,0.0],[128.2208,72.9104,0.0],[128.2875,72.9104,0.0],[128.2917,72.9125,1.3224],[128.3104,72.9125,0.0],[128.3146,72.9146,0.9929],[128.325,72.9146,0.0],[128.3292,72.9167,0.0],[128.3396,72.9167,0.0],[128.3521,72.9208,3.0159],[128.3771,72.9208,0.0],[128.3813,72.9229,1.4076],[128.4146,72.9229,0.0],[128.4187,72.925,3.0246],[128.4292,72.9229,0.0],[128.4333,72.925,2.8677],[128.4438,72.925,3.3446],[128.45,72.9229,0.0],[128.4542,72.925,3.3308],[128.4646,72.925,3.1642],[128.4688,72.9229,0.0],[128.4917,72.9229,3.6343],[128.5021,72.9187,0.0],[128.5229,72.9167,3.3384],[128.5271,72.9146,2.5594],[128.5375,72.9146,3.3181],[128.5417,72.9125,0.0],[128.5583,72.9125,3.0167],[128.5625,72.9104,-0.623],[128.5979,72.9104,1.2321],[128.6021,72.9083,0.735],[128.6125,72.9083,0.3691],[128.6167,72.9104,2.9444],[128.6208,72.9104,2.7696],[128.6271,72.9083,0.0],[128.6333,72.9104,2.0566],[128.6375,72.9083,0.0],[128.6417,72.9083,0.0],[128.6458,72.9104,2.0724],[128.6917,72.9104,0.0],[128.6958,72.9125,1.8394],[128.7063,72.9104,0.0],[128.7104,72.9146,1.3489],[128.7208,72.9146,0.3641],[128.7234,72.9109,1.988],[128.7312,72.9083,0.0],[128.7771,72.9083,0.0],[128.7875,72.9125,0.7961],[128.8,72.9125,-0.4404],[128.8016,72.9141,-0.2927],[128.7896,72.9146,0.8355],[128.788,72.9151,0.7892],[128.7891,72.9182,-0.0544],[128.7875,72.9187,-0.0299],[128.7771,72.9167,0.2027],[128.7755,72.9172,0.0],[128.7766,72.9203,0.0],[128.7688,72.9229,0.7174],[128.7521,72.9229,0.0],[128.7505,72.9245,1.6426],[128.7854,72.9271,0.0],[128.7917,72.9333,0.7632],[128.8104,72.9333,0.0],[128.8313,72.9396,0.7975],[128.8354,72.9396,0.0],[128.8458,72.9437,0.0],[128.85,72.9437,0.0],[128.8537,72.9464,0.0],[128.8521,72.9479,0.0],[128.8354,72.9479,0.0],[128.8313,72.9458,0.267],[128.8255,72.9464,0.0],[128.8292,72.95,0.0],[128.8479,72.95,0.0],[128.8521,72.9521,1.9557],[128.8625,72.9521,-0.2909],[128.8667,72.9542,1.7942],[128.8771,72.9542,-0.3105],[128.9312,72.9688,1.6326],[128.9417,72.9688,0.0],[128.9458,72.9708,1.1062],[128.9563,72.9708,0.0],[128.9604,72.9729,1.9685],[128.9708,72.9708,0.0],[128.975,72.9729,1.785],[128.9937,72.9729,0.0],[128.9953,72.9745,1.961],[128.9839,72.9755,1.8659],[128.9854,72.9771,1.6406],[128.9912,72.9776,0.7238],[128.9859,72.9807,0.0],[129.0016,72.9838,0.0],[129.0016,72.987,1.0673],[128.9964,72.988,1.3028],[128.9984,72.9932,0.9405],[129.0083,72.9958,0.9633],[129.0203,72.9953,0.7246],[129.0188,72.9938,1.1621],[129.013,72.9932,0.2451],[129.0109,72.9859,0.8734],[129.0188,72.9833,1.5336],[129.0271,72.9833,1.4958],[129.0286,72.9818,1.6189],[129.0167,72.9812,0.5893],[129.0125,72.9833,1.4426],[129.0089,72.9828,1.5156],[129.012,72.9797,1.5585],[128.9984,72.9766,0.6748],[129.0042,72.9729,0.0],[129.0292,72.9729,0.0],[129.05,72.9792,0.8889],[129.0604,72.9792,0.0],[129.0646,72.9812,0.2829],[129.0688,72.9812,0.0],[129.0734,72.9849,0.5965],[129.0807,72.9859,0.1774],[129.0807,72.9891,0.3432],[129.0708,72.9896,0.3626],[129.063,72.9932,0.7565],[129.0688,72.9938,0.6659],[129.075,72.9917,0.0],[129.1016,72.9984,0.0],[129.1042,73.0021,0.4992],[129.1182,73.0026,0.0],[129.1182,73.0057,0.5563],[129.1068,73.0099,1.308],[129.1208,73.0125,0.0],[129.1224,73.0141,0.1192],[129.1125,73.0146,0.0],[129.1109,73.0162,0.2855],[129.1229,73.0167,0.0],[129.1328,73.0193,0.0],[129.1359,73.0245,0.4394],[129.1396,73.0271,0.0],[129.1495,73.0245,0.0],[129.1521,73.0208,0.3778],[129.1625,73.0229,0.0],[129.1672,73.0266,0.127],[129.1854,73.0313,0.0],[129.1891,73.0307,0.256],[129.188,73.0276,0.3181],[129.1932,73.0266,0.0],[129.1917,73.025,0.3255],[129.163,73.0182,1.1803],[129.1583,73.0146,1.1729],[129.1359,73.0099,0.0],[129.1359,73.0068,0.6963],[129.1391,73.0057,0.0],[129.1401,73.0026,0.0496],[129.1438,73.0021,0.0],[129.1479,73.0042,0.6384],[129.1792,73.0042,0.4102],[129.1833,73.0021,0.0],[129.2,73.0021,1.1741],[129.2042,73.0,0.0],[129.2146,73.0021,1.3099],[129.2161,73.0016,1.331],[129.2161,72.9984,0.0],[129.1896,72.9979,1.153],[129.1854,73.0,0.0],[129.1812,73.0,0.0],[129.1771,72.9979,1.1896],[129.1687,72.9979,1.1598],[129.1646,73.0,1.3315],[129.1458,73.0,0.0],[129.1438,72.9979,1.3206],[129.1458,72.9958,0.8654],[129.1625,72.9958,1.0343],[129.1667,72.9938,0.9287],[129.175,72.9938,1.0024],[129.1766,72.9922,0.9527],[129.1729,72.9896,0.9341],[129.15,72.9917,0.5194],[129.1458,72.9896,0.6857],[129.1417,72.9896,0.7342],[129.1375,72.9917,1.0525],[129.1292,72.9917,1.0402],[129.125,72.9938,1.3808],[129.1146,72.9938,0.0],[129.112,72.9901,1.6265],[129.0964,72.987,0.0],[129.0922,72.9797,1.6565],[129.1021,72.9792,1.0006],[129.1062,72.9771,0.0],[129.1292,72.9771,1.0709],[129.1333,72.975,0.0],[129.1875,72.975,0.0],[129.1917,72.9771,1.3161],[129.2021,72.9771,-0.0374],[129.2083,72.9812,0.4236],[129.2354,72.9854,0.0],[129.2401,72.9891,1.3515],[129.2453,72.9901,1.1437],[129.2484,72.9932,1.3362],[129.2557,72.9943,1.2377],[129.2542,72.9958,1.1409],[129.2229,72.9958,0.3354],[129.2214,72.9974,0.0],[129.2563,72.9979,0.0],[129.2599,73.0005,0.0],[129.2609,73.0036,0.2908],[129.2729,73.0042,0.0],[129.2776,73.0078,0.3695],[129.2849,73.0089,0.0],[129.2922,73.0203,0.0],[129.2995,73.0214,0.0],[129.3047,73.0307,0.0],[129.312,73.0318,0.0],[129.2943,73.038,-0.0874],[129.2964,73.0411,0.0762],[129.3083,73.0417,0.0],[129.3146,73.0458,0.0],[129.3182,73.0453,0.0677],[129.3208,73.0417,-0.0237],[129.3375,73.0417,0.0],[129.3583,73.0479,-0.1325],[129.3625,73.0479,0.0],[129.3646,73.05,-0.1769],[129.3641,73.0516,0.0822],[129.3604,73.0521,0.0],[129.3479,73.0479,0.1002],[129.3151,73.0484,0.0],[129.3167,73.05,0.0],[129.3224,73.0505,0.0],[129.3234,73.0537,0.0082],[129.3375,73.0563,-0.451],[129.3422,73.0599,-0.2167],[129.3495,73.0609,0.0],[129.3443,73.0641,-0.3514],[129.35,73.0646,-0.0659],[129.3516,73.0661,0.0],[129.3417,73.0667,-0.2765],[129.3375,73.0687,-0.2169],[129.3271,73.0687,0.1235],[129.3255,73.0693,0.0],[129.3266,73.0724,0.0],[129.3146,73.0729,-0.1277],[129.3104,73.075,0.0],[129.3021,73.075,-0.3808],[129.2979,73.0729,-0.0716],[129.2937,73.0729,-0.169],[129.2896,73.075,0.0],[129.2813,73.075,0.398],[129.2771,73.0771,0.0],[129.2729,73.0771,0.0],[129.2688,73.075,0.4868],[129.2521,73.075,-0.0989],[129.2312,73.0687,0.0],[129.2255,73.0693,0.0],[129.2266,73.0724,0.0],[129.225,73.0729,-0.1593],[129.2146,73.0708,0.1006],[129.213,73.0714,-0.0219],[129.213,73.0745,0.0],[129.2229,73.0771,0.7534],[129.2354,73.0771,0.0],[129.2396,73.0813,0.6223],[129.2521,73.0813,0.0],[129.2563,73.0854,0.2395],[129.262,73.0849,0.0],[129.2609,73.0818,0.0],[129.2625,73.0813,0.0],[129.2875,73.0813,-0.0941],[129.2891,73.0828,0.0],[129.2792,73.0833,-0.0214],[129.275,73.0875,0.0075],[129.2667,73.0875,0.0],[129.2563,73.0917,0.0],[129.2479,73.0917,0.0295],[129.2437,73.0938,0.0],[129.2333,73.0938,-0.0988],[129.2292,73.0958,0.0],[129.2229,73.0938,-0.1255],[129.2172,73.0943,-0.0725],[129.2208,73.0979,-0.3058],[129.2328,73.0984,0.0234],[129.2312,73.1,0.0],[129.2229,73.1,0.171],[129.2188,73.1021,0.0],[129.2104,73.1021,-0.0748],[129.2063,73.1042,-0.1788],[129.1958,73.1042,0.1145],[129.1917,73.1062,0.0],[129.1833,73.1062,-0.0265],[129.1792,73.1083,0.0],[129.1708,73.1083,0.1345],[129.1667,73.1104,0.0],[129.1438,73.1125,-0.0736],[129.1359,73.1162,0.0],[129.1563,73.1167,-0.0957],[129.1604,73.1188,-0.1333],[129.1708,73.1188,-0.0812],[129.1771,73.1167,-0.2664],[129.1807,73.1203,0.0],[129.1687,73.1208,0.0547],[129.1646,73.1229,0.0],[129.1563,73.1229,0.1921],[129.1521,73.125,0.0],[129.1354,73.125,0.085]]],
[[[129.3786,73.0516,0.0],[129.375,73.0521,0.0],[129.3734,73.0505,0.0],[129.3771,73.05,0.0],[129.3786,73.0516,0.0]]],
[[[129.4063,73.0521,0.0],[129.4021,73.0521,0.0],[129.4005,73.0505,0.0],[129.4078,73.0505,0.0],[129.4063,73.0521,0.0]]],
[[[129.3146,73.0375,0.0766],[129.3083,73.0375,-0.1048],[129.3068,73.0359,-0.1406],[129.3203,73.0359,-0.2131],[129.3188,73.0375,0.1254],[129.3146,73.0375,0.0766]]],
[[[129.2208,73.1083,0.0],[129.2125,73.1083,0.0928],[129.2109,73.1068,-0.0554],[129.2245,73.1068,0.0524],[129.2208,73.1083,0.0]]],
[[[123.5792,73.1104,0.8959],[123.5833,73.1083,0.8288],[123.5891,73.1088,0.7762],[123.5813,73.1125,0.8995],[123.5755,73.112,0.982],[123.5792,73.1104,0.8959]]],
[[[128.9854,73.1208,-0.0855],[128.975,73.1208,-0.2036],[128.9734,73.1193,0.0735],[128.987,73.1193,-0.0309],[128.9854,73.1208,-0.0855]]],
[[[119.5818,73.1026,0.9469],[119.5792,73.1042,0.0],[119.5687,73.1042,1.3537],[119.5625,73.1062,0.4113],[119.5583,73.1042,0.5899],[119.5188,73.1021,0.0],[119.5146,73.1,1.1079],[119.5042,73.1,0.0],[119.5,73.0979,1.1056],[119.4688,73.0979,0.0],[119.4646,73.0958,1.1277],[119.4604,73.0958,1.5481],[119.4542,73.0979,0.878],[119.4437,73.0938,0.8591],[119.438,73.0932,0.0],[119.437,73.088,0.394],[119.425,73.0854,0.1859],[119.4172,73.0818,-1.0],[119.4479,73.0729,0.0],[119.4646,73.0729,0.0],[119.4688,73.0708,0.0],[119.4938,73.0708,2.1867],[119.4979,73.0687,0.0],[119.5646,73.0687,0.0],[119.5687,73.0708,0.0],[119.5792,73.0708,0.0],[119.5833,73.0729,0.0],[119.5953,73.0734,0.0],[119.5953,73.0807,0.0],[119.5896,73.0813,0.913],[119.5818,73.0849,0.0],[119.5953,73.0859,0.0],[119.5953,73.0891,0.0],[119.5896,73.0896,2.14],[119.588,73.0911,1.7863],[119.5953,73.0922,0.0],[119.5979,73.0958,0.0],[119.6083,73.0958,0.0],[119.6104,73.0938,0.9624],[119.6109,73.0859,0.5546],[119.6162,73.0849,1.9818],[119.6172,73.0776,1.5429],[119.6271,73.075,2.3744],[119.6391,73.0745,2.5179],[119.6375,73.0729,2.1834],[119.6255,73.0724,2.4677],[119.625,73.0687,0.0],[119.6255,73.0672,0.0],[119.6307,73.0661,0.0],[119.6318,73.0609,0.0],[119.6391,73.0599,2.8544],[119.6401,73.0547,0.0],[119.6453,73.0537,2.7497],[119.6453,73.0484,2.3507],[119.6333,73.0458,0.0],[119.6318,73.0443,0.0],[119.6391,73.0432,2.3297],[119.6401,73.0339,1.1863],[119.6453,73.0328,3.394],[119.6464,73.0276,0.0],[119.6599,73.0245,1.7204],[119.6609,73.0214,0.0],[119.6687,73.0188,0.0],[119.6792,73.0188,1.6959],[119.6917,73.0146,0.0],[119.7099,73.0141,4.5112],[119.7109,73.0068,0.494],[119.7245,73.0057,0.4332],[119.7193,73.0036,0.1363],[119.7208,73.0021,0.3834],[119.7438,73.0021,0.6806],[119.7464,73.0057,0.7183],[119.7521,73.0062,0.0],[119.7536,73.0078,0.0],[119.7464,73.0089,1.1198],[119.7453,73.0141,0.0],[119.7172,73.0214,0.0],[119.7161,73.0286,0.0],[119.7109,73.0297,3.859],[119.7161,73.0328,0.0],[119.7109,73.0339,0.0],[119.7099,73.0411,0.0],[119.7047,73.0432,0.0],[119.7146,73.0437,2.3457],[119.7188,73.0417,2.5386],[119.7292,73.0417,0.0],[119.7318,73.0453,2.6474],[119.7438,73.0458,0.0],[119.7464,73.0495,2.2526],[119.7599,73.0526,0.0],[119.7609,73.0557,1.9169],[119.7662,73.0568,0.0],[119.7672,73.0599,2.2571],[119.7745,73.0609,0.0],[119.7807,73.063,0.0],[119.7813,73.0646,0.6492],[119.7807,73.0682,0.0],[119.7792,73.0687,0.0],[119.7479,73.0687,1.8864],[119.7438,73.0708,0.0],[119.7042,73.0708,1.5206],[119.7016,73.0745,0.6931],[119.6875,73.0792,0.0],[119.6687,73.0792,1.476],[119.6401,73.088,1.7556],[119.637,73.0953,0.0],[119.6318,73.0964,0.8407],[119.6292,73.1,0.1955],[119.6188,73.1,1.3013],[119.6125,73.1021,-0.0371],[119.6083,73.0979,0.5154],[119.5979,73.0979,0.0],[119.5938,73.1021,0.3847],[119.5818,73.1026,0.9469]]],
[[[128.9063,73.0354,0.9031],[128.9078,73.037,1.6732],[128.9005,73.037,1.5018],[128.9021,73.0354,0.0],[128.9063,73.0354,0.9031]]],
[[[120.4521,73.0458,0.0],[120.4464,73.0463,0.3616],[120.4458,73.0479,0.0],[120.4464,73.0495,0.3593],[120.4537,73.0505,0.3674],[120.4537,73.0537,0.0],[120.4479,73.0542,0.0],[120.4417,73.0521,0.6741],[120.4375,73.0542,0.0],[120.4333,73.0542,0.0],[120.4255,73.0516,0.0],[120.4307,73.0484,0.0],[120.4255,73.0474,0.0],[120.4229,73.0437,0.9899],[120.4125,73.0437,0.0],[120.4021,73.0396,0.0],[120.3917,73.0396,0.0],[120.3875,73.0417,0.0],[120.3688,73.0417,0.0],[120.3583,73.0375,0.9878],[120.3417,73.0375,0.0],[120.3396,73.0354,0.6424],[120.3401,73.0339,0.0],[120.3479,73.0313,0.0],[120.3583,73.0313,0.3186],[120.3625,73.0292,0.0],[120.3938,73.0292,0.0],[120.3964,73.0328,0.0],[120.4042,73.0354,0.5856],[120.4083,73.0354,0.0],[120.4125,73.0375,0.8464],[120.4229,73.0375,0.0],[120.4417,73.0437,0.5508],[120.4537,73.0443,0.0],[120.4521,73.0458,0.0]]],
[[[122.3771,73.0687,0.0],[122.3588,73.0714,0.0],[122.3641,73.0734,0.0],[122.3625,73.075,0.0],[122.3313,73.075,0.0],[122.3271,73.0729,0.0],[122.3151,73.0724,0.0],[122.3141,73.0693,0.0],[122.3068,73.0682,0.0],[122.3068,73.0651,0.0],[122.3203,73.062,0.0],[122.3214,73.0589,0.0],[122.3266,73.0568,0.0],[122.2984,73.0557,0.0],[122.2974,73.0526,0.0],[122.2917,73.0521,0.0],[122.2901,73.0505,0.0],[122.2974,73.0495,0.0],[122.2963,73.0463,0.0],[122.3037,73.0453,0.0],[122.3037,73.0422,0.0],[122.2901,73.0411,0.0],[122.2953,73.0391,0.0],[122.2953,73.0359,0.0],[122.2896,73.0354,0.0],[122.2833,73.0375,0.0],[122.2734,73.0349,0.0],[122.2734,73.0318,0.0],[122.3,73.0333,0.0],[122.3016,73.0318,0.0],[122.2958,73.0313,0.0],[122.2943,73.0297,0.0],[122.3063,73.0292,0.0],[122.3083,73.0271,0.0],[122.3078,73.0255,0.0],[122.3005,73.0245,0.0],[122.3021,73.0229,0.0],[122.3125,73.0229,0.0],[122.3167,73.025,0.0],[122.3354,73.025,0.0],[122.337,73.0266,0.0],[122.3313,73.0271,0.0],[122.3297,73.0286,0.0],[122.3354,73.0292,0.0],[122.337,73.0307,0.0],[122.325,73.0333,0.0],[122.3234,73.0349,0.0],[122.3438,73.0354,0.0],[122.3542,73.0396,0.0],[122.3583,73.0396,0.0],[122.3604,73.0375,0.0],[122.3583,73.0333,0.0],[122.3578,73.0255,0.0],[122.3521,73.025,0.0],[122.3505,73.0234,0.0],[122.3562,73.0229,0.0],[122.3766,73.0162,0.0],[122.3776,73.013,0.0],[122.3875,73.0104,0.0],[122.4104,73.0104,0.0],[122.4203,73.013,0.0],[122.4229,73.0167,0.0],[122.4349,73.0172,0.0],[122.4359,73.0224,0.0],[122.4432,73.0234,0.0],[122.4458,73.0375,0.0],[122.4453,73.0391,0.0],[122.4401,73.0411,0.0],[122.4453,73.0432,0.0],[122.4313,73.0479,0.0],[122.4208,73.0479,0.0],[122.4167,73.0521,0.0],[122.4047,73.0526,0.0],[122.4036,73.0557,0.0],[122.3922,73.0589,0.0],[122.3912,73.062,0.0],[122.3859,73.063,0.0],[122.3849,73.0661,0.0],[122.3771,73.0687,0.0]]],
[[[122.5453,73.0453,0.0],[122.5333,73.0458,0.0],[122.5318,73.0443,0.0],[122.5437,73.0437,0.0],[122.5453,73.0453,0.0]]],
[[[122.6318,73.0339,0.0],[122.6354,73.0333,0.0],[122.637,73.0349,0.0],[122.6333,73.0354,0.0],[122.6318,73.0339,0.0]]],
[[[122.4724,73.0318,0.8996],[122.4807,73.0349,0.0],[122.4708,73.0375,0.8884],[122.4672,73.037,1.141],[122.4672,73.0318,1.1156],[122.4724,73.0318,0.8996]]],
[[[122.6318,73.038,0.0],[122.6354,73.0375,0.6938],[122.637,73.0391,0.8803],[122.6333,73.0396,0.0],[122.6318,73.038,0.0]]],
[[[128.8875,73.0687,0.0],[128.8891,73.0703,0.0],[128.875,73.075,0.0],[128.85,73.075,0.3557],[128.8458,73.0729,0.1015],[128.8417,73.0729,0.2724],[128.8391,73.0693,0.2844],[128.8318,73.0682,0.0],[128.837,73.0651,1.0487],[128.8318,73.0547,0.0],[128.837,73.0537,1.7251],[128.8359,73.0505,0.0],[128.8411,73.0495,0.0],[128.8422,73.0463,0.974],[128.8474,73.0453,1.5899],[128.8464,73.0422,1.6447],[128.8521,73.0417,0.0],[128.8537,73.0422,0.0],[128.8589,73.0537,0.8913],[128.8662,73.0547,0.0],[128.8714,73.062,0.0],[128.8786,73.063,0.0],[128.8818,73.0682,0.0],[128.8875,73.0687,0.0]]],
[[[122.8953,73.0443,0.0],[122.8901,73.0463,0.5992],[122.8891,73.0495,0.4589],[122.8792,73.0521,0.0],[122.875,73.05,0.6975],[122.8646,73.05,0.0],[122.8547,73.0474,0.0],[122.8536,73.0443,0.6832],[122.8464,73.0432,0.0],[122.8453,73.0401,0.522],[122.8396,73.0396,0.0],[122.838,73.038,0.5317],[122.8792,73.0375,0.0],[122.8891,73.0401,0.408],[122.8901,73.0432,0.2939],[122.8953,73.0443,0.0]]],
[[[120.3583,73.05,0.8495],[120.3479,73.0479,0.0],[120.3464,73.0463,0.0],[120.3875,73.0458,0.0],[120.3901,73.0495,-0.1182],[120.3953,73.0516,0.4494],[120.3625,73.0521,0.0],[120.3583,73.05,0.8495]]],
[[[120.4083,73.0521,0.0],[120.3979,73.05,0.0],[120.3964,73.0484,0.0],[120.4083,73.0479,0.0],[120.4182,73.0505,0.0],[120.4167,73.0521,0.0],[120.4083,73.0521,0.0]]],
[[[122.5901,73.0484,0.5491],[122.5979,73.0458,0.6579],[122.6021,73.0458,0.6579],[122.6062,73.0479,0.461],[122.6229,73.0479,0.0],[122.6271,73.05,0.6398],[122.6375,73.05,0.7064],[122.6412,73.0537,0.5991],[122.6,73.0542,0.0],[122.5901,73.0516,0.7208],[122.5901,73.0484,0.5491]]],
[[[122.5417,73.075,0.0],[122.5313,73.075,0.0],[122.525,73.0729,0.7738],[122.5224,73.0766,0.8358],[122.5188,73.0771,0.0],[122.5089,73.0745,0.0],[122.5141,73.0724,0.0],[122.5141,73.063,0.4197],[122.5083,73.0625,0.9968],[122.4979,73.0667,0.0],[122.4938,73.0667,0.0],[122.4859,73.0641,0.0],[122.4912,73.0609,0.752],[122.4792,73.0604,1.0591],[122.4729,73.0625,0.0],[122.4714,73.062,0.0],[122.4708,73.0583,0.7691],[122.4729,73.0563,-0.2102],[122.5104,73.0542,0.4672],[122.512,73.0557,0.2468],[122.5068,73.0578,0.7649],[122.5203,73.0589,0.0],[122.5214,73.062,0.7689],[122.5266,73.063,0.7355],[122.5297,73.0661,0.7628],[122.5432,73.0672,0.6176],[122.5443,73.0724,0.6767],[122.5516,73.0734,0.5508],[122.55,73.075,0.0],[122.5417,73.075,0.0]]],
[[[122.8042,73.0729,0.0],[122.7854,73.0792,0.0],[122.775,73.0771,1.1825],[122.7688,73.0792,0.0],[122.7646,73.0771,0.0],[122.7396,73.0771,0.0],[122.7297,73.0745,0.0],[122.7286,73.0714,0.0],[122.7234,73.0693,0.0],[122.7286,73.0682,0.8457],[122.7297,73.063,0.8419],[122.7349,73.062,1.0038],[122.7359,73.0589,0.0],[122.7438,73.0563,0.0],[122.7542,73.0563,0.8144],[122.7708,73.05,0.0],[122.775,73.05,0.2584],[122.7792,73.0521,0.0735],[122.7875,73.0521,0.0],[122.7917,73.05,0.0],[122.8021,73.05,0.0],[122.8099,73.0474,0.0],[122.8109,73.0443,0.0],[122.8229,73.0437,0.4289],[122.8271,73.0417,0.3905],[122.8375,73.0417,0.0],[122.8453,73.0443,0.0],[122.8484,73.0495,0.5434],[122.862,73.0526,0.0],[122.862,73.0557,0.447],[122.8604,73.0563,0.7095],[122.8484,73.0568,0.0],[122.85,73.0583,0.0],[122.8557,73.0589,0.0],[122.8578,73.0661,0.3666],[122.8458,73.0667,0.5693],[122.838,73.0693,0.7725],[122.8354,73.0729,0.0],[122.8042,73.0729,0.0]]],
[[[122.8443,73.0693,0.7348],[122.8479,73.0687,0.6663],[122.8495,73.0703,0.0],[122.8458,73.0708,0.0],[122.8443,73.0693,0.7348]]],
[[[122.7018,73.0758,0.4601],[122.6964,73.0776,0.0],[122.6953,73.0807,0.0],[122.6854,73.0833,0.7002],[122.6687,73.0833,0.0],[122.6646,73.0792,0.0],[122.6318,73.0787,0.0],[122.637,73.0766,1.0606],[122.638,73.0714,0.0],[122.6432,73.0703,0.0],[122.6443,73.0672,0.0],[122.6542,73.0667,0.9863],[122.6583,73.0646,0.4046],[122.6687,73.0646,0.6013],[122.6729,73.0625,0.0],[122.6833,73.0625,0.2637],[122.6932,73.0651,0.3477],[122.6943,73.0682,0.0],[122.6995,73.0693,0.0],[122.6943,73.0724,0.4312],[122.7016,73.0734,0.0],[122.7018,73.0758,0.4601]]],
[[[128.9745,73.1088,0.4059],[128.9729,73.1104,0.4094],[128.9688,73.1104,0.3456],[128.9667,73.1083,0.2722],[128.9672,73.1068,0.0],[128.9708,73.1062,0.0],[128.9745,73.1088,0.4059]]],
[[[128.7875,73.1042,0.0],[128.7932,73.1047,0.0],[128.7937,73.1062,0.0],[128.7932,73.1078,0.0],[128.788,73.1088,0.0],[128.7932,73.1193,0.0],[128.7917,73.1208,0.2513],[128.7859,73.1203,0.0],[128.7833,73.1167,0.7262],[128.7609,73.112,0.0],[128.7583,73.1083,0.9972],[128.7604,73.1062,0.0],[128.7833,73.1062,1.1097],[128.7875,73.1042,0.0]]],
[[[123.5125,73.0958,0.0],[123.5083,73.0958,0.0],[123.5083,73.0938,0.0],[123.5141,73.0943,0.0],[123.5125,73.0958,0.0]]],
[[[128.9792,73.1375,0.0],[128.9563,73.1417,0.0],[128.9521,73.1396,0.2306],[128.9401,73.1391,0.0],[128.9375,73.1354,0.0],[128.938,73.1339,0.0],[128.9432,73.1328,0.4089],[128.9422,73.1276,0.0],[128.95,73.125,0.247],[128.9729,73.125,0.0339],[128.9771,73.1271,0.2557],[128.9896,73.1271,0.0],[128.9937,73.1292,0.2154],[129.0063,73.1312,0.0],[129.0099,73.1359,0.0],[129.0083,73.1375,0.0],[129.0,73.1375,0.0],[128.9958,73.1396,0.0],[128.9854,73.1396,0.0],[128.9792,73.1375,0.0]]],
[[[119.9391,73.1547,0.0],[119.9354,73.1542,0.3638],[119.9255,73.1568,0.8603],[119.9229,73.1604,0.0],[119.9167,73.1583,0.7887],[119.9063,73.1583,0.6562],[119.9021,73.1604,0.0],[119.8854,73.1604,0.5597],[119.8828,73.1568,0.9686],[119.8755,73.1557,0.0],[119.8771,73.1542,0.8658],[119.8891,73.1536,0.6699],[119.8839,73.1505,0.9678],[119.8891,73.1484,0.4189],[119.8755,73.1474,0.0],[119.8771,73.1458,0.0],[119.8828,73.1453,0.7004],[119.8833,73.1438,1.2722],[119.8828,73.1422,1.1038],[119.8771,73.1417,0.0],[119.8755,73.1401,0.0],[119.8875,73.1375,1.9259],[119.8979,73.1417,1.8241],[119.9021,73.1417,1.4666],[119.9047,73.138,1.2874],[119.9099,73.1359,1.548],[119.9021,73.1333,2.1124],[119.8901,73.1349,1.0],[119.8891,73.1234,0.5183],[119.8839,73.1224,0.0],[119.8807,73.1172,0.8901],[119.8755,73.1162,0.0],[119.8745,73.113,1.9736],[119.8708,73.1125,0.0],[119.8688,73.1146,0.0],[119.8688,73.1229,0.0],[119.8693,73.1245,1.4539],[119.8745,73.1255,0.0],[119.8745,73.1307,0.0],[119.8693,73.1318,0.4916],[119.8682,73.137,0.0],[119.8547,73.1401,1.0567],[119.8547,73.1495,0.5189],[119.8599,73.1505,0.5535],[119.8604,73.1521,0.7578],[119.8599,73.1536,0.5621],[119.8547,73.1547,0.7277],[119.8536,73.1578,0.5848],[119.8417,73.1583,0.4971],[119.8375,73.1604,0.5166],[119.8208,73.1604,0.0],[119.8109,73.1578,0.0],[119.8099,73.1547,0.6864],[119.8063,73.1542,0.0],[119.7963,73.1568,0.719],[119.7979,73.1583,0.0],[119.8037,73.1589,0.0],[119.8021,73.1604,0.4339],[119.7833,73.1604,0.0],[119.7818,73.1599,0.0],[119.7807,73.1547,0.0],[119.7755,73.1536,0.0],[119.7745,73.1505,0.0],[119.7672,73.1495,0.0],[119.7662,73.1464,0.0],[119.7609,73.1453,0.0],[119.7609,73.1422,0.0],[119.7662,73.1401,1.1728],[119.7521,73.1354,0.7874],[119.7417,73.1354,0.5075],[119.7375,73.1333,0.9359],[119.7125,73.1333,0.0],[119.7026,73.1307,0.0],[119.7016,73.1255,0.5762],[119.6964,73.1245,0.0],[119.6953,73.1193,0.711],[119.6755,73.1141,0.0],[119.6745,73.1109,1.0086],[119.6672,73.1099,0.0],[119.6667,73.1062,0.0],[119.6672,73.1047,0.0],[119.6745,73.1036,1.7354],[119.6755,73.1005,0.0],[119.6917,73.0958,0.0],[119.7146,73.0938,2.1388],[119.7271,73.0896,1.0625],[119.7521,73.0875,2.7174],[119.7562,73.0854,0.0],[119.7792,73.0833,2.7928],[119.7833,73.0813,0.0],[119.7937,73.0813,0.9842],[119.7963,73.0776,0.0],[119.8037,73.0766,2.7219],[119.8047,73.0734,0.0],[119.8161,73.0703,0.0],[119.8047,73.0661,0.0],[119.8047,73.063,0.0],[119.8099,73.0609,2.2666],[119.8047,73.0599,0.0],[119.8037,73.0568,2.6166],[119.7963,73.0557,0.0],[119.7953,73.0526,0.0],[119.7901,73.0516,0.0],[119.7891,73.0463,0.7362],[119.7771,73.0458,0.7067],[119.7521,73.0375,0.8904],[119.7464,73.037,0.0],[119.7479,73.0354,0.7399],[119.7536,73.0349,1.0347],[119.7521,73.0333,1.0557],[119.7464,73.0328,0.6568],[119.7458,73.0313,0.7456],[119.7464,73.0297,0.4805],[119.7536,73.0286,0.967],[119.7547,73.0214,0.0],[119.7646,73.0208,0.5873],[119.7833,73.0146,0.0],[119.7937,73.0146,0.0],[119.7979,73.0167,0.725],[119.8021,73.0167,0.8669],[119.8083,73.0146,0.0],[119.8125,73.0167,0.1811],[119.8375,73.0188,0.0],[119.8417,73.0208,0.4791],[119.8583,73.0208,0.0],[119.8625,73.0229,0.0],[119.8875,73.0229,0.0],[119.8917,73.025,0.0],[119.8979,73.0229,0.0],[119.9083,73.0229,0.0],[119.9125,73.025,0.3723],[119.9229,73.0229,0.0],[119.9271,73.025,0.8553],[119.9375,73.025,0.6001],[119.9417,73.0229,0.0],[119.95,73.0229,0.0],[119.9599,73.0255,0.2557],[119.9625,73.0292,0.0],[119.9729,73.0271,0.0],[119.9792,73.0292,0.67],[119.9833,73.0271,0.0],[120.0229,73.0271,0.0],[120.0333,73.0229,0.0],[120.0646,73.0229,0.7396],[120.0687,73.0208,0.0],[120.0938,73.0208,0.0],[120.0979,73.0188,0.0],[120.1354,73.0188,2.4537],[120.1396,73.0146,0.0],[120.1438,73.0146,0.0],[120.1479,73.0167,1.5421],[120.1542,73.0146,0.0],[120.1854,73.0146,0.0],[120.1896,73.0167,0.8739],[120.2292,73.0167,0.0],[120.2333,73.0188,0.0],[120.2646,73.0188,1.528],[120.2662,73.0172,0.7757],[120.2542,73.0167,0.0],[120.25,73.0146,1.6919],[120.2188,73.0146,0.0],[120.2146,73.0125,2.1229],[120.1896,73.0125,0.0],[120.1854,73.0104,2.3218],[120.1479,73.0104,1.6053],[120.1438,73.0125,0.0],[120.1396,73.0125,0.0],[120.1375,73.0104,0.0],[120.1396,73.0083,0.0],[120.15,73.0083,2.5941],[120.1542,73.0062,0.0],[120.1646,73.0062,1.6462],[120.1687,73.0042,0.0],[120.2708,73.0042,0.3701],[120.2807,73.0068,0.0],[120.2792,73.0083,0.0],[120.2734,73.0089,0.0],[120.2734,73.012,0.5469],[120.2833,73.0146,0.5612],[120.2937,73.0125,0.0],[120.3016,73.0151,0.0],[120.288,73.0203,0.7937],[120.3016,73.0214,0.0],[120.3016,73.0286,0.4203],[120.2963,73.0297,0.0],[120.2937,73.0333,0.0],[120.2818,73.0339,0.5159],[120.2807,73.0411,0.4076],[120.2672,73.0422,0.0],[120.2688,73.0437,0.0],[120.2891,73.0443,0.0],[120.2891,73.0474,0.0],[120.2818,73.0484,0.0],[120.2818,73.0516,0.3055],[120.2875,73.0521,16.1776],[120.2979,73.0479,0.0],[120.3229,73.0479,0.0],[120.3333,73.0521,0.0],[120.3729,73.0542,0.0],[120.3771,73.0563,1.0443],[120.3875,73.0563,0.6271],[120.3917,73.0583,0.0],[120.4083,73.0583,0.0],[120.4104,73.0604,0.0],[120.4099,73.0703,0.0],[120.4047,73.0714,0.8307],[120.4036,73.0766,0.0],[120.3901,73.0797,1.0589],[120.3891,73.0849,0.463],[120.3776,73.0859,0.9444],[120.3828,73.0891,0.5429],[120.375,73.0917,0.5912],[120.3646,73.0917,0.0],[120.362,73.088,0.7067],[120.3547,73.087,0.0],[120.3521,73.0833,0.0],[120.3401,73.0839,1.1224],[120.3417,73.0854,1.4929],[120.3474,73.0859,0.8637],[120.3474,73.0974,0.3884],[120.3422,73.0984,1.0085],[120.3411,73.1016,0.4703],[120.3339,73.1026,0.8974],[120.3328,73.1057,0.6444],[120.3193,73.1088,2.2539],[120.3182,73.112,0.0],[120.2958,73.1188,0.0],[120.2854,73.1188,7.7557],[120.2792,73.1208,0.0],[120.275,73.1188,13.6688],[120.2583,73.1188,0.0],[120.2542,73.1167,0.9221],[120.2354,73.1167,0.0],[120.2312,73.1146,8.7487],[120.2208,73.1146,0.0],[120.2104,73.1104,6.9773],[120.2,73.1104,0.0],[120.1958,73.1083,0.9003],[120.1693,73.1088,0.0],[120.1792,73.1125,1.6904],[120.1875,73.1104,0.0],[120.1917,73.1125,1.0334],[120.2021,73.1125,0.0],[120.2292,73.1208,0.7845],[120.2542,73.1208,0.0],[120.2583,73.1229,0.6798],[120.2703,73.1234,0.5133],[120.2542,73.1292,0.0],[120.2354,73.1292,0.0],[120.2312,73.1271,0.8011],[120.2146,73.1271,0.0],[120.2104,73.125,1.0657],[120.1646,73.125,0.0],[120.1547,73.1224,0.0],[120.1521,73.1188,1.7891],[120.1484,73.1193,0.0],[120.1474,73.1245,0.2165],[120.1422,73.1255,0.0],[120.15,73.1292,0.3479],[120.1604,73.1292,0.0],[120.1646,73.1312,0.6468],[120.1958,73.1312,0.0],[120.2,73.1292,0.0],[120.2104,73.1292,0.0],[120.2229,73.1333,0.1955],[120.2328,73.1339,0.0],[120.2328,73.137,0.586],[120.2312,73.1375,0.0],[120.2083,73.1396,0.6453],[120.1984,73.137,0.2932],[120.1974,73.1339,0.0],[120.1937,73.1333,0.7923],[120.1922,73.1339,0.7554],[120.1911,73.1412,0.0],[120.1813,73.1438,0.2888],[120.1646,73.1438,0.5887],[120.1604,73.1458,0.3643],[120.15,73.1458,0.7021],[120.1458,73.1479,0.5957],[120.1354,73.1479,0.6765],[120.1312,73.1458,0.4127],[120.1146,73.1458,0.5817],[120.113,73.1464,0.6524],[120.113,73.1495,0.8162],[120.1182,73.1516,0.1135],[120.1083,73.1521,0.7623],[120.1042,73.1542,0.0],[120.1,73.1542,0.0],[120.0958,73.1521,0.5896],[120.0854,73.1521,0.8397],[120.0813,73.1542,0.0],[120.0646,73.1542,0.5456],[120.0604,73.1521,1.1735],[120.0563,73.1521,1.1028],[120.0521,73.1542,0.4515],[120.0437,73.1542,0.6115],[120.0396,73.1563,0.0],[120.0292,73.1542,0.5857],[120.025,73.1563,0.0],[119.9854,73.1563,0.5901],[119.9812,73.1583,0.0],[119.9417,73.1583,0.7194],[119.9391,73.1547,0.0]]],
[[[118.4625,73.2833,0.0],[118.4641,73.2849,0.0],[118.4568,73.2849,0.0],[118.4583,73.2833,0.0],[118.4625,73.2833,0.0]]],
[[[128.3911,73.2786,1.1907],[128.3792,73.2792,0.9666],[128.3776,73.2776,1.2477],[128.3896,73.2771,0.0],[128.3911,73.2786,1.1907]]],
[[[128.4688,73.3208,0.5536],[128.4583,73.3208,0.5282],[128.4568,73.3193,0.5644],[128.4833,73.3187,0.458],[128.4854,73.3208,0.0],[128.4708,73.3208,0.5536],[128.4688,73.3208,0.5536]]],
[[[128.4651,73.3047,0.4194],[128.4688,73.3042,0.4028],[128.4703,73.3057,0.3685],[128.4667,73.3063,0.3956],[128.4651,73.3047,0.4194]]],
[[[128.4588,73.3068,0.3419],[128.4625,73.3063,0.2915],[128.4641,73.3078,0.4042],[128.4604,73.3083,0.4972],[128.4588,73.3068,0.3419]]],
[[[128.4464,73.312,0.6065],[128.4432,73.3089,0.6137],[128.4375,73.3083,0.4992],[128.4359,73.3068,0.7281],[128.4479,73.3063,0.4606],[128.4516,73.3089,0.4159],[128.4516,73.312,0.4094],[128.4464,73.312,0.6065]]],
[[[123.2937,73.3208,0.0],[123.2953,73.3224,0.0],[123.2818,73.3234,0.0],[123.2833,73.325,0.0],[123.2891,73.3255,0.0],[123.2875,73.3271,0.0],[123.2755,73.3266,0.0],[123.2755,73.3214,0.0],[123.2807,73.3203,0.0],[123.2813,73.3187,0.0],[123.2792,73.3125,0.0],[123.2797,73.3089,0.0],[123.2849,73.3078,0.0],[123.2859,73.3026,0.0],[123.2995,73.3026,0.0],[123.2943,73.3047,0.0],[123.2932,73.312,0.0],[123.288,73.313,0.0],[123.2896,73.3146,0.0],[123.2953,73.3151,0.0],[123.2937,73.3167,0.0],[123.288,73.3172,0.0],[123.2901,73.3203,0.0],[123.2937,73.3208,0.0]]],
[[[128.4771,73.2958,0.3297],[128.4729,73.2958,0.5787],[128.4729,73.2937,0.3862],[128.4787,73.2943,0.5062],[128.4771,73.2958,0.3297]]],
[[[123.3146,73.2813,0.0],[123.3109,73.2828,0.0],[123.3161,73.2849,0.0],[123.3109,73.2859,0.0],[123.3083,73.2896,0.0],[123.3047,73.2891,0.0],[123.3021,73.2833,0.0],[123.3026,73.2818,0.0],[123.3078,73.2807,0.0],[123.3104,73.2771,0.0],[123.3224,73.2797,0.0],[123.3208,73.2813,0.0],[123.3146,73.2813,0.0]]],
[[[123.2979,73.2896,0.0],[123.3037,73.2901,0.0],[123.3037,73.2953,0.0],[123.2984,73.2963,0.0],[123.2958,73.3,0.0],[123.2839,73.2995,0.0],[123.2854,73.2979,0.0],[123.2911,73.2974,0.0],[123.2896,73.2937,0.0],[123.2901,73.2901,0.0],[123.2979,73.2896,0.0]]],
[[[118.5167,73.2958,0.0],[118.5203,73.2963,0.0],[118.5203,73.2974,0.0],[118.5151,73.2974,0.0],[118.5167,73.2958,0.0]]],
[[[128.2422,73.3672,0.2675],[128.2458,73.3667,0.3492],[128.2474,73.3682,0.6189],[128.2437,73.3688,0.3895],[128.2422,73.3672,0.2675]]],
[[[123.2609,73.3526,0.0],[123.2646,73.3521,0.0],[123.2662,73.3536,0.0],[123.2625,73.3542,0.0],[123.2609,73.3526,0.0]]],
[[[123.2562,73.3542,0.0],[123.2599,73.3547,0.0],[123.2599,73.3557,0.0],[123.2526,73.3557,0.0],[123.2562,73.3542,0.0]]],
[[[118.3932,73.3547,1.4637],[118.3932,73.3578,1.8432],[118.388,73.3578,1.7146],[118.388,73.3547,1.4408],[118.3932,73.3547,1.4637]]],
[[[118.3271,73.3708,2.4518],[118.3271,73.3729,1.7624],[118.3214,73.3724,1.6238],[118.3229,73.3708,2.193],[118.3271,73.3708,2.4518]]],
[[[128.1443,73.362,0.0],[128.1516,73.363,0.0],[128.1516,73.3662,0.0],[128.1438,73.3688,0.0],[128.1333,73.3688,0.0],[128.1292,73.3667,0.6643],[128.1187,73.3667,0.0],[128.1146,73.3646,0.9562],[128.1021,73.3646,0.0],[128.0995,73.3609,0.934],[128.0838,73.3578,0.0],[128.0807,73.3547,0.2534],[128.075,73.3542,0.0],[128.0729,73.3521,0.311],[128.075,73.35,0.8942],[128.0917,73.35,0.0],[128.0958,73.3521,1.6741],[128.1146,73.3521,0.0],[128.1187,73.3542,1.4288],[128.1313,73.3542,0.0],[128.1411,73.3568,0.0],[128.1443,73.362,0.0]]],
[[[118.4021,73.3708,0.0],[118.4078,73.3714,0.4873],[118.4078,73.3745,0.2978],[118.4,73.375,0.6741],[118.4005,73.3714,0.0],[118.4021,73.3708,0.0]]],
[[[118.4021,73.3875,3.3222],[118.3974,73.3912,2.6582],[118.3922,73.3924,6.5424],[118.3038,73.3806,1.7888],[118.3063,73.3792,1.433],[118.325,73.3792,1.3646],[118.3328,73.3766,1.3699],[118.3313,73.375,1.6494],[118.3271,73.375,1.6946],[118.3271,73.3729,1.7624],[118.3396,73.3729,1.56],[118.3495,73.3703,0.9143],[118.3479,73.3688,1.0336],[118.3422,73.3682,1.8733],[118.3438,73.3667,1.3271],[118.3625,73.3667,1.5042],[118.3688,73.3646,2.6292],[118.3703,73.3651,2.6292],[118.3703,73.3682,1.3441],[118.3651,73.3703,1.8585],[118.3771,73.3729,1.6008],[118.3849,73.3703,3.0273],[118.3849,73.3672,1.4044],[118.3797,73.3651,1.4494],[118.3917,73.3646,2.1623],[118.4104,73.3562,1.5441],[118.4292,73.3562,0.3796],[118.4333,73.3583,1.046],[118.4516,73.3588,1.0063],[118.4354,73.3646,0.0],[118.4104,73.3646,0.7555],[118.3943,73.3693,0.6936],[118.3932,73.3724,0.0],[118.3859,73.3734,1.3271],[118.3859,73.3766,0.5066],[118.3875,73.3771,0.0],[118.3938,73.375,0.0],[118.4,73.375,0.6741],[118.4005,73.3766,0.9076],[118.4057,73.3776,0.0],[118.4057,73.3807,0.0],[118.4005,73.3818,1.0266],[118.4005,73.3849,1.083],[118.4057,73.3859,0.1904],[118.4021,73.3875,3.3222]]],
[[[128.2437,73.4104,0.0],[128.225,73.4083,0.0],[128.225,73.4063,0.0],[128.2224,73.4047,0.0],[128.2151,73.4036,0.0],[128.2141,73.4005,0.2385],[128.2068,73.3995,0.0],[128.2047,73.3974,0.4117],[128.2047,73.3943,0.0],[128.2167,73.3938,0.2137],[128.2229,73.3958,0.4039],[128.2271,73.3938,0.0],[128.2312,73.3938,0.0],[128.2354,73.3958,0.4039],[128.2604,73.3958,0.2148],[128.2641,73.3984,0.3581],[128.2641,73.4016,0.5793],[128.2526,73.4047,0.5844],[128.2536,73.4078,0.0],[128.2437,73.4104,0.0]]],
[[[128.0271,73.4146,0.5827],[128.0313,73.4146,0.0],[128.0292,73.4167,0.8376],[128.0255,73.4161,0.9925],[128.0271,73.4146,0.5827]]],
[[[123.1964,73.4287,0.0],[123.2042,73.425,0.0],[123.2099,73.4255,0.0],[123.2104,73.4271,0.0],[123.2083,73.4292,0.0],[123.1964,73.4287,0.0]]],
[[[128.1687,73.4187,0.0],[128.1724,73.4203,0.0],[128.1583,73.425,0.0],[128.1542,73.425,0.0],[128.1516,73.4213,0.0],[128.1375,73.4208,0.0],[128.1354,73.4187,0.0],[128.1375,73.4167,0.0],[128.1625,73.4167,0.0],[128.1687,73.4187,0.0]]],
[[[126.4646,73.425,0.1577],[126.4589,73.4245,0.0],[126.4568,73.4172,0.0],[126.4833,73.4167,0.3079],[126.4849,73.4172,0.0],[126.4891,73.4266,0.0],[126.4688,73.4271,0.0],[126.4646,73.425,0.1577]]],
[[[128.1662,73.4391,0.0],[128.1542,73.4396,0.0],[128.1526,73.438,0.0],[128.1646,73.4375,0.0],[128.1662,73.4391,0.0]]],
[[[128.1125,73.4313,0.0],[128.1187,73.4313,0.0],[128.1203,73.4328,0.0],[128.1125,73.4333,0.0],[128.1125,73.4313,0.0]]],
[[[123.3063,73.4042,6.9031],[123.3125,73.4042,0.0],[123.3141,73.4057,0.0],[123.3063,73.4063,0.0],[123.3063,73.4042,6.9031]]],
[[[127.8037,73.3974,0.764],[127.8026,73.3943,0.5026],[127.8042,73.3938,0.5057],[127.8167,73.3938,1.481],[127.8167,73.3958,0.9579],[127.8125,73.3958,1.4197],[127.8109,73.3974,1.3052],[127.8167,73.3979,0.6536],[127.8182,73.3995,0.9553],[127.7984,73.3995,1.518],[127.8037,73.3974,0.764]]],
[[[128.1672,73.3776,0.8232],[128.1708,73.3771,0.7121],[128.1724,73.3786,0.9045],[128.1687,73.3792,0.0],[128.1672,73.3776,0.8232]]],
[[[126.9146,73.3771,0.806],[126.9292,73.3792,-0.0609],[126.9292,73.3812,0.0],[126.9167,73.3812,0.3442],[126.9125,73.3833,0.0959],[126.8958,73.3833,0.202],[126.8917,73.3854,0.1163],[126.8797,73.3849,0.0723],[126.8849,73.3828,0.0],[126.8859,73.3797,0.0],[126.9,73.375,-0.0237],[126.9104,73.375,-0.048],[126.9146,73.3771,0.806]]],
[[[128.1521,73.3875,0.4004],[128.1438,73.3875,0.0],[128.1401,73.3839,0.0],[128.1521,73.3833,0.0],[128.1557,73.387,0.0],[128.1521,73.3875,0.4004]]],
[[[128.113,73.3859,1.0993],[128.1167,73.3854,1.2706],[128.1182,73.387,1.2831],[128.1146,73.3875,0.8388],[128.113,73.3859,1.0993]]],
[[[123.2443,73.3839,0.0],[123.2516,73.387,0.0],[123.2438,73.3896,0.0],[123.238,73.3891,0.0],[123.2354,73.3792,0.0],[123.2359,73.3755,0.0],[123.2412,73.3745,0.0],[123.2422,73.3693,0.0],[123.2474,73.3682,0.0],[123.2479,73.3646,0.0],[123.2464,73.3609,0.0],[123.2562,73.3583,0.0],[123.2599,73.3588,0.0],[123.2625,73.3646,0.0],[123.262,73.3703,0.0],[123.2568,73.3714,0.0],[123.2557,73.3766,0.0],[123.2505,73.3776,0.0],[123.2516,73.3828,0.0],[123.2443,73.3839,0.0]]],
[[[128.15,73.3729,0.0],[128.1542,73.3729,0.0],[128.1557,73.3745,0.0],[128.1458,73.375,0.0],[128.1417,73.3771,0.0],[128.1313,73.3771,0.0],[128.1214,73.3745,0.0],[128.1292,73.3708,0.0],[128.1396,73.3708,0.0],[128.1438,73.3729,0.0],[128.15,73.3729,0.0]]],
[[[123.2318,73.3901,0.0],[123.2354,73.3896,0.0],[123.237,73.3912,0.0],[123.2333,73.3917,0.0],[123.2318,73.3901,0.0]]],
[[[123.2318,73.3943,0.0],[123.2417,73.3917,0.0],[123.2453,73.3922,0.0],[123.2479,73.3979,0.0],[123.2474,73.4016,0.0],[123.2338,73.4016,0.0],[123.2318,73.3943,0.0]]],
[[[128.1074,73.3899,0.8867],[128.1187,73.3896,0.7789],[128.1229,73.3938,0.2284],[128.1005,73.3932,0.0],[128.1074,73.3899,0.8867]]],
[[[118.5266,73.3391,0.0],[118.5229,73.3417,0.0],[118.5193,73.3411,0.0],[118.5188,73.3396,0.0],[118.5208,73.3375,0.0],[118.525,73.3375,0.0],[118.5266,73.3391,0.0]]],
[[[128.4333,73.3417,0.246],[128.4312,73.3417,0.0906],[128.4312,73.3396,0.0],[128.437,73.3401,0.0],[128.437,73.3411,0.0],[128.4333,73.3417,0.246]]],
[[[128.05,73.3417,0.0],[128.0537,73.3432,0.0],[128.0417,73.3438,0.7888],[128.0375,73.3458,0.0],[128.0271,73.3458,0.0],[128.0193,73.3432,0.0],[128.0245,73.3411,1.5032],[128.0234,73.338,0.0],[128.025,73.3375,0.0],[128.0354,73.3375,0.0],[128.05,73.3417,0.0]]],
[[[123.1891,73.4672,0.0],[123.1891,73.4703,0.0],[123.1875,73.4708,0.0],[123.1818,73.4703,0.0],[123.1813,73.4688,0.0],[123.1833,73.4667,0.0],[123.1891,73.4672,0.0]]],
[[[128.0396,73.4688,0.0],[128.0432,73.4693,0.0],[128.0432,73.4703,0.0],[128.038,73.4703,0.0],[128.0396,73.4688,0.0]]],
[[[128.0083,73.4667,0.0],[128.0,73.4667,0.0],[127.9979,73.4646,0.0],[128.0,73.4625,0.0],[128.0167,73.4625,0.0],[128.0292,73.4667,0.0],[128.0333,73.4667,0.0],[128.0349,73.4682,0.0],[128.0229,73.4688,0.0],[128.0188,73.4667,0.0],[128.0083,73.4667,0.0]]],
[[[123.1818,73.463,0.0],[123.1854,73.4625,0.0],[123.187,73.4641,0.0],[123.1833,73.4646,0.0],[123.1818,73.463,0.0]]],
[[[123.1924,73.4646,0.0],[123.1953,73.4651,0.0],[123.1953,73.4661,0.0],[123.1901,73.4661,0.0],[123.1924,73.4646,0.0]]],
[[[123.3187,73.4646,0.0],[123.313,73.4651,0.0],[123.3141,73.4682,0.0],[123.3042,73.4708,0.0],[123.2937,73.4708,0.0],[123.2839,73.4682,0.0],[123.2854,73.4667,0.0],[123.2911,73.4661,0.0],[123.2937,73.4625,0.0],[123.3203,73.463,0.0],[123.3187,73.4646,0.0]]],
[[[127.6188,73.5229,0.358],[127.6042,73.5229,0.3846],[127.6,73.525,0.0],[127.5958,73.525,0.0],[127.5917,73.5229,0.7289],[127.5813,73.5229,0.0],[127.575,73.5188,0.0],[127.5687,73.5208,0.0],[127.5583,73.5208,0.0],[127.5484,73.5182,0.0],[127.5463,73.5162,0.0],[127.5516,73.513,0.6443],[127.5417,73.5104,0.0],[127.5313,73.5104,0.4058],[127.5234,73.513,0.2783],[127.525,73.5167,0.0],[127.5229,73.5188,0.0],[127.5042,73.5188,0.0],[127.4979,73.5167,0.3814],[127.4938,73.5188,0.0],[127.4896,73.5188,0.0],[127.4771,73.5146,0.5364],[127.4667,73.5167,0.0],[127.4625,73.5146,0.0],[127.4521,73.5146,0.0],[127.4422,73.512,0.0],[127.4396,73.5083,0.0],[127.4417,73.5062,0.0],[127.4521,73.5062,0.2092],[127.4583,73.5083,0.3236],[127.4625,73.5042,0.0],[127.4729,73.5062,0.3779],[127.4771,73.5042,0.0],[127.4938,73.5042,-0.0426],[127.5042,73.5,0.0],[127.5229,73.5,0.0],[127.5245,73.5016,0.0],[127.5193,73.5036,0.3372],[127.5266,73.5047,0.0],[127.5292,73.5083,0.4471],[127.5396,73.5083,0.0],[127.5422,73.5047,0.0],[127.5474,73.5026,1.1157],[127.5401,73.5016,0.0],[127.538,73.4984,0.0],[127.5458,73.4958,0.0],[127.5938,73.4958,0.0],[127.5953,73.4974,0.0],[127.5901,73.4984,0.0699],[127.5901,73.5016,0.367],[127.5922,73.5036,0.2768],[127.5995,73.5047,0.0],[127.6005,73.5078,0.0],[127.6078,73.5089,0.0],[127.613,73.5162,0.0],[127.6203,73.5172,0.0],[127.6224,73.5224,0.4439],[127.6188,73.5229,0.358]]],
[[[123.1792,73.4729,0.0],[123.1828,73.4745,0.0],[123.1755,73.4745,0.0],[123.1755,73.4734,0.0],[123.1792,73.4729,0.0]]],
[[[127.9417,73.4792,0.0],[127.9333,73.4792,0.0],[127.9297,73.4755,0.0],[127.9354,73.475,0.0],[127.9453,73.4776,0.0],[127.9417,73.4792,0.0]]],
[[[127.5422,73.4901,0.0],[127.5458,73.4896,0.0],[127.5474,73.4912,0.0],[127.5437,73.4917,0.0],[127.5422,73.4901,0.0]]],
[[[127.7245,73.5224,0.0],[127.7063,73.5229,1.1204],[127.7021,73.525,0.0],[127.6542,73.525,1.0584],[127.6443,73.5224,0.8769],[127.6412,73.5172,-0.2527],[127.6255,73.5141,0.0],[127.6245,73.5109,0.7101],[127.6172,73.5099,0.0],[127.6125,73.5062,0.0],[127.6068,73.5057,0.0],[127.6042,73.5,0.0],[127.6047,73.4984,0.0],[127.6099,73.4974,0.5014],[127.6109,73.4943,0.0],[127.6162,73.4932,1.0024],[127.6151,73.4901,0.0],[127.6266,73.487,0.728],[127.6276,73.4838,0.0],[127.6328,73.4828,0.559],[127.6318,73.4797,0.0],[127.6458,73.475,0.0],[127.6563,73.475,0.5289],[127.6604,73.4729,0.0],[127.7292,73.4729,0.0],[127.7338,73.4766,0.0],[127.7412,73.4776,0.0],[127.7396,73.4792,0.7939],[127.7292,73.4792,1.2535],[127.7214,73.4818,1.0639],[127.7229,73.4833,0.8659],[127.7349,73.4838,0.5823],[127.7297,73.4859,0.9971],[127.7312,73.4875,1.0796],[127.7417,73.4875,0.371],[127.7458,73.4854,0.5077],[127.7578,73.4849,0.8365],[127.7578,73.4818,0.7798],[127.7505,73.4807,0.2665],[127.7521,73.4792,0.769],[127.7896,73.4792,1.3473],[127.7937,73.4771,0.0],[127.8125,73.4771,0.0],[127.8167,73.4792,0.0],[127.8271,73.4792,0.0],[127.8375,73.475,0.0],[127.8438,73.4771,0.0],[127.8625,73.4771,0.0],[127.875,73.4812,-0.0052],[127.9083,73.4812,0.0],[127.9125,73.4833,0.0],[127.9313,73.4833,0.0],[127.9375,73.4812,0.0],[127.9417,73.4833,0.0],[127.9458,73.4833,0.0],[127.95,73.4812,0.0],[127.9542,73.4812,0.0],[127.9568,73.4849,0.0],[127.9641,73.4859,0.0],[127.9625,73.4875,0.0],[127.9458,73.4875,0.0],[127.9432,73.4912,0.0],[127.9292,73.4958,0.0],[127.9125,73.4958,0.613],[127.9083,73.4979,0.0],[127.9,73.4979,0.0],[127.8984,73.4995,0.0],[127.9042,73.5,0.0],[127.9057,73.5016,0.0],[127.8943,73.5047,0.0],[127.8917,73.5083,0.0],[127.8812,73.5083,0.0],[127.8771,73.5062,0.0],[127.8521,73.5062,0.0],[127.8417,73.5104,0.0],[127.8167,73.5104,0.7649],[127.8063,73.5146,0.0],[127.7833,73.5146,0.2028],[127.7729,73.5188,0.0],[127.7562,73.5188,0.0],[127.7521,73.5208,0.0],[127.7318,73.5203,0.7736],[127.7333,73.5188,0.0369],[127.7453,73.5182,0.4617],[127.7417,73.5146,0.114],[127.7312,73.5167,0.3877],[127.7188,73.5125,0.4393],[127.7068,73.513,0.2369],[127.7083,73.5146,0.4092],[127.7141,73.5151,-0.2985],[127.7089,73.5182,0.5333],[127.7229,73.5208,0.6655],[127.7245,73.5224,0.0]]],
[[[123.1896,73.5396,0.0],[123.1891,73.5411,0.0],[123.1854,73.5417,0.0],[123.1833,73.5396,0.0],[123.1839,73.538,0.0],[123.1875,73.5375,0.0],[123.1896,73.5396,0.0]]],
[[[125.7438,73.4854,0.4914],[125.7443,73.487,0.0],[125.75,73.4875,0.0],[125.7516,73.4891,0.8837],[125.7438,73.4917,0.0],[125.7333,73.4896,0.6806],[125.7292,73.4917,0.0],[125.6958,73.4917,0.0],[125.6943,73.4901,0.0],[125.6995,73.488,8.0077],[125.6922,73.487,0.0],[125.6937,73.4854,0.0],[125.7057,73.4828,0.0],[125.7047,73.4797,0.0],[125.7146,73.4771,0.0],[125.725,73.4771,0.0],[125.7354,73.4812,0.0],[125.7396,73.4812,0.0],[125.7438,73.4854,0.4914]]],
[[[123.2604,73.5083,0.0],[123.2438,73.5083,0.0],[123.2396,73.5104,0.0],[123.2229,73.5104,0.0],[123.2188,73.5083,0.0],[123.2146,73.5083,0.0],[123.2104,73.5104,0.0],[123.1937,73.5104,0.0],[123.1922,73.5089,0.0],[123.1974,73.5078,0.0],[123.1984,73.5047,0.0],[123.2037,73.5026,0.0],[123.1979,73.5021,0.0],[123.1917,73.5042,0.0],[123.1875,73.5021,0.0],[123.1833,73.5021,0.0],[123.1818,73.5026,0.0],[123.1828,73.5078,0.0],[123.1771,73.5083,0.0],[123.1708,73.5062,0.0],[123.1682,73.5099,0.0],[123.1625,73.5104,0.0],[123.1604,73.5083,0.0],[123.1609,73.5047,0.0],[123.1661,73.5036,0.0],[123.1667,73.5,0.0],[123.1661,73.4984,0.0],[123.1604,73.4979,0.0],[123.1589,73.4964,0.0],[123.1724,73.4932,0.0],[123.1651,73.4901,0.0],[123.1703,73.4891,0.0],[123.1713,73.4838,0.0],[123.1766,73.4828,0.0],[123.1713,73.4797,0.0],[123.1813,73.4771,0.0],[123.1849,73.4797,0.0],[123.1854,73.4854,0.0],[123.1849,73.487,0.0],[123.1797,73.488,0.0],[123.1797,73.4932,0.0],[123.1896,73.4958,0.0],[123.1937,73.4958,0.0],[123.1979,73.4938,0.0],[123.2083,73.4938,0.0],[123.2146,73.4958,0.0],[123.2188,73.4938,0.0],[123.2521,73.4938,0.0],[123.2562,73.4958,0.0],[123.2667,73.4958,0.0],[123.2708,73.4979,0.0],[123.275,73.4979,0.0],[123.2849,73.5026,0.0],[123.2688,73.5083,0.0],[123.2604,73.5083,0.0]]],
[[[126.9797,73.5141,0.0],[126.9818,73.5162,0.0755],[126.9875,73.5167,0.1958],[126.9891,73.5182,0.4077],[126.9812,73.5208,0.0],[126.9708,73.5208,0.0],[126.9583,73.5167,0.0],[126.9396,73.5167,0.0],[126.9297,73.5141,0.0],[126.9349,73.512,0.3698],[126.9333,73.5104,0.4306],[126.9229,73.5125,0.0],[126.9193,73.5099,0.0],[126.9182,73.5068,0.3057],[126.9083,73.5042,0.1827],[126.8958,73.5042,0.0],[126.8938,73.5021,0.0],[126.8958,73.5,0.0],[126.9479,73.4979,0.116],[126.9646,73.4917,-0.0579],[126.975,73.4917,0.0],[126.9786,73.4943,0.1583],[126.9807,73.4995,0.0],[126.9755,73.5005,0.1613],[126.9745,73.5036,0.0],[126.9693,73.5047,0.2121],[126.9688,73.5062,0.0],[126.9714,73.5099,0.0],[126.9786,73.5109,0.0],[126.9797,73.5141,0.0]]],
[[[123.175,73.5104,0.0],[123.1766,73.512,0.0],[123.1693,73.512,0.0],[123.1708,73.5104,0.0],[123.175,73.5104,0.0]]],
[[[123.1667,73.5125,0.0],[123.1682,73.5141,0.0],[123.163,73.5141,0.0],[123.163,73.513,0.0],[123.1667,73.5125,0.0]]],
[[[127.3208,73.5146,0.0],[127.3245,73.5151,0.0],[127.3245,73.5162,0.0],[127.3193,73.5162,0.0],[127.3208,73.5146,0.0]]],
[[[123.187,73.5276,0.0],[123.188,73.5307,0.0],[123.1937,73.5313,0.0],[123.1953,73.5328,0.0],[123.1875,73.5354,0.0],[123.1755,73.5349,0.0],[123.1734,73.5318,0.0],[123.1792,73.5313,0.0],[123.1807,73.5297,0.0],[123.1734,73.5286,0.0],[123.1703,73.5193,0.0],[123.1646,73.5188,0.0],[123.163,73.5172,0.0],[123.1766,73.5172,0.0],[123.1797,73.5224,0.0],[123.187,73.5234,0.0],[123.1797,73.5266,0.0],[123.187,73.5276,0.0]]],
[[[125.9464,73.6297,0.0],[125.95,73.6292,0.0],[125.9516,73.6307,0.0],[125.9479,73.6312,0.0],[125.9464,73.6297,0.0]]],
[[[125.9437,73.6354,4.6265],[125.9333,73.6354,0.0],[125.9313,73.6333,0.0],[125.9333,73.6312,0.0],[125.9437,73.6312,0.0],[125.9458,73.6333,6.7242],[125.9437,73.6354,4.6265]]],
[[[125.9042,73.6479,0.0],[125.8979,73.65,0.0],[125.8896,73.65,0.0],[125.8854,73.6521,0.0],[125.8276,73.6516,0.0],[125.8266,73.6484,0.0],[125.8193,73.6474,0.0],[125.8172,73.6453,0.0],[125.8151,73.6391,0.0],[125.8203,73.637,0.0],[125.8208,73.6333,0.0],[125.8193,73.6297,0.0],[125.8266,73.6286,0.0],[125.8245,73.6234,0.0],[125.8224,73.6214,0.0],[125.8089,73.6182,0.0],[125.8037,73.6088,0.0],[125.7979,73.6083,0.0],[125.7963,73.6068,0.0],[125.8167,73.6062,0.0],[125.8182,73.6068,0.0],[125.8193,73.612,7.9679],[125.8208,73.6125,8.5611],[125.8333,73.6146,0.0],[125.8458,73.6188,6.5651],[125.8583,73.6188,0.0],[125.8625,73.6229,4.9358],[125.875,73.6229,0.0],[125.8792,73.625,1.9206],[125.8833,73.625,0.0],[125.8849,73.6266,0.0],[125.8792,73.6271,3.4143],[125.8776,73.6286,3.7857],[125.9016,73.6339,0.0],[125.9,73.6354,0.0],[125.888,73.6359,2.9115],[125.8891,73.6391,0.0],[125.8839,73.6401,0.0],[125.8833,73.6417,0.0],[125.8839,73.6453,0.0],[125.8854,73.6458,0.0],[125.8896,73.6458,0.0],[125.9036,73.6412,0.0],[125.9047,73.638,0.0],[125.9125,73.6354,0.0],[125.9182,73.6359,0.0],[125.9193,73.6391,0.0],[125.9266,73.6401,0.0],[125.925,73.6417,0.0],[125.913,73.6422,0.0],[125.9203,73.6453,0.0],[125.9083,73.6458,0.0],[125.9042,73.6479,0.0]]],
[[[125.7625,73.6062,0.0],[125.7662,73.6068,0.0],[125.7662,73.6078,0.0],[125.7589,73.6078,0.0],[125.7625,73.6062,0.0]]],
[[[123.2464,73.6234,0.0],[123.25,73.6229,0.0],[123.2516,73.6245,0.0],[123.2479,73.625,0.0],[123.2464,73.6234,0.0]]],
[[[123.213,73.612,0.0],[123.2146,73.6104,0.0],[123.225,73.6083,0.0],[123.2292,73.6125,0.0],[123.2417,73.6125,0.0],[123.2432,73.613,0.0],[123.2453,73.6224,0.0],[123.2396,73.6229,0.0],[123.237,73.6193,0.0],[123.2229,73.6167,0.0],[123.2203,73.613,0.0],[123.213,73.612,0.0]]],
[[[123.2438,73.6292,0.0],[123.2333,73.6271,0.0],[123.2318,73.6255,0.0],[123.2438,73.625,0.0],[123.2458,73.6271,0.0],[123.2438,73.6292,0.0]]],
[[[125.6792,73.6292,7.3418],[125.6787,73.6307,3.6998],[125.6734,73.6318,0.0],[125.6755,73.6391,7.3504],[125.6854,73.6417,0.0],[125.7104,73.6417,0.0],[125.7141,73.6443,1.2654],[125.7151,73.6474,2.4484],[125.7208,73.6479,0.0],[125.7224,73.6495,3.8866],[125.7021,73.65,0.0],[125.6979,73.6479,0.8188],[125.6792,73.6479,0.0],[125.6693,73.6453,0.0],[125.6682,73.6422,0.0],[125.6609,73.6412,0.0],[125.6661,73.638,0.0],[125.6604,73.6375,0.0],[125.6589,73.6359,0.0],[125.6661,73.6349,0.0],[125.6651,73.6297,0.0],[125.6703,73.6276,0.0],[125.663,73.6266,0.0],[125.6682,73.6245,0.0],[125.6682,73.6193,0.0],[125.6661,73.6172,0.0],[125.6604,73.6167,0.0],[125.6589,73.6151,0.0],[125.6724,73.6151,0.0],[125.6745,73.6172,0.0],[125.6755,73.6224,4.7364],[125.6828,73.6234,0.0],[125.6776,73.6255,6.8528],[125.6792,73.6292,7.3418]]],
[[[125.3271,73.6271,2.2422],[125.3167,73.625,0.0],[125.3151,73.6234,0.0],[125.3271,73.6229,0.0],[125.337,73.6255,0.0],[125.3375,73.6271,0.0],[125.337,73.6286,0.0],[125.3333,73.6292,0.0],[125.3271,73.6271,2.2422]]],
[[[125.1729,73.6458,3.2173],[125.1807,73.6464,5.0223],[125.1828,73.6495,0.0],[125.175,73.6521,0.0],[125.1693,73.6516,0.0],[125.1672,73.6464,0.0],[125.1729,73.6458,3.2173]]],
[[[125.3646,73.65,0.0],[125.3682,73.6516,0.0],[125.3542,73.6563,0.0],[125.3354,73.6563,0.0],[125.3255,73.6536,0.0],[125.3307,73.6516,0.0],[125.3297,73.6464,0.0],[125.3417,73.6458,2.6219],[125.3458,73.6438,0.0],[125.3599,73.6464,0.0],[125.3609,73.6495,0.0],[125.3646,73.65,0.0]]],
[[[123.1958,73.5521,0.0],[123.1995,73.5537,0.0],[123.1854,73.5583,0.0],[123.1797,73.5578,0.0],[123.1849,73.5557,0.0],[123.1859,73.5526,0.0],[123.1958,73.5521,0.0]]],
[[[125.4146,73.5792,0.0],[125.4161,73.5807,0.0],[125.4021,73.5854,0.0],[125.3771,73.5854,0.0],[125.3672,73.5828,0.0],[125.3641,73.5734,0.0],[125.3568,73.5724,0.0],[125.3547,73.5703,5.5137],[125.3516,73.5609,0.0],[125.3443,73.5599,0.0],[125.3495,73.5578,0.0],[125.3495,73.5526,2.3346],[125.3438,73.5521,0.0],[125.3422,73.5505,0.0],[125.3474,73.5495,4.9483],[125.3464,73.5443,0.0],[125.3583,73.5437,0.0],[125.3625,73.5479,0.0],[125.362,73.5495,0.0],[125.3568,73.5505,3.5319],[125.3568,73.5537,2.9978],[125.3583,73.5542,5.6784],[125.3625,73.5542,0.0],[125.3833,73.5604,0.0],[125.4182,73.5609,0.0],[125.413,73.563,4.0746],[125.4104,73.5667,0.0],[125.3938,73.5667,0.0],[125.3839,73.5693,5.5897],[125.3854,73.5708,5.5495],[125.3912,73.5714,0.0],[125.3859,73.5745,2.9911],[125.3932,73.5755,0.0],[125.3958,73.5792,0.0],[125.4146,73.5792,0.0]]],
[[[125.7901,73.5891,0.0],[125.7974,73.5901,0.0],[125.7901,73.5932,8.2714],[125.7974,73.5943,3.6097],[125.8016,73.6016,4.3379],[125.7958,73.6021,0.0],[125.7859,73.5995,0.0],[125.7828,73.5901,0.0],[125.7807,73.588,2.1487],[125.7734,73.587,0.0],[125.7708,73.5833,0.0],[125.7583,73.5813,0.0],[125.7542,73.5792,0.0],[125.7354,73.5792,0.0],[125.7312,73.5771,0.0],[125.7208,73.5771,0.0],[125.7026,73.5724,0.0],[125.6995,73.5693,0.0],[125.6917,73.5667,0.0],[125.6792,73.5667,0.0],[125.6693,73.5641,0.0],[125.6646,73.5521,0.0],[125.6651,73.5505,0.0],[125.6703,73.5495,5.1259],[125.6713,73.5463,0.0],[125.675,73.5458,0.0],[125.6849,73.5484,0.3062],[125.6896,73.5521,3.0425],[125.7016,73.5526,0.0],[125.7026,73.5557,2.6859],[125.7063,73.5583,0.0],[125.7245,73.5578,4.5526],[125.7245,73.5547,6.5152],[125.7172,73.5537,0.0],[125.7167,73.5521,0.0],[125.7172,73.5505,0.0],[125.7224,73.5495,0.0],[125.7234,73.5463,0.0],[125.7286,73.5453,2.2015],[125.7276,73.5401,0.0],[125.7328,73.5391,1.0312],[125.7255,73.5359,0.0],[125.7307,73.5349,0.0],[125.7312,73.5313,0.0],[125.7297,73.5276,0.0],[125.7349,73.5266,0.0],[125.7338,73.5172,0.0],[125.7453,73.5141,0.0],[125.7464,73.5109,0.0],[125.7542,73.5083,0.0],[125.7583,73.5083,0.0],[125.7625,73.5104,0.0],[125.7729,73.5104,0.0],[125.7771,73.5146,5.0394],[125.7974,73.5141,0.0],[125.7984,73.5109,0.0],[125.8037,73.5089,0.0],[125.8016,73.5068,0.0],[125.7958,73.5062,0.0],[125.7943,73.5047,0.0],[125.8,73.5042,0.0],[125.8016,73.5026,0.0],[125.7995,73.5005,0.0],[125.7922,73.4995,0.0],[125.7901,73.4922,0.0],[125.7953,73.4912,6.2275],[125.7979,73.4875,0.0],[125.8229,73.4875,0.0],[125.8271,73.4896,5.0538],[125.8542,73.4896,5.4963],[125.8557,73.4912,6.8577],[125.85,73.4917,6.7526],[125.8484,73.4932,6.9934],[125.8557,73.4943,3.6372],[125.8604,73.5,3.7254],[125.8724,73.5005,0.0],[125.8776,73.5099,3.4451],[125.8849,73.5109,0.0],[125.8708,73.5167,0.0],[125.8667,73.5167,0.0],[125.8641,73.513,3.7938],[125.8568,73.512,0.0],[125.862,73.5089,1.632],[125.8547,73.5078,0.0],[125.8536,73.5047,0.0],[125.8438,73.5021,0.0],[125.8333,73.5021,1.7429],[125.8307,73.5057,0.0],[125.8193,73.5089,5.6017],[125.8208,73.5104,3.3621],[125.8266,73.5109,0.0],[125.8287,73.5172,0.0],[125.8208,73.5208,0.0],[125.8021,73.5208,0.0],[125.7979,73.5188,0.0],[125.7729,73.5167,3.6079],[125.7568,73.5214,0.0],[125.7578,73.5245,0.0],[125.7505,73.5255,4.1432],[125.7521,73.5271,1.7875],[125.7578,73.5276,0.0],[125.7599,73.5297,0.0],[125.7547,73.5328,0.0],[125.762,73.5339,0.0],[125.762,73.537,0.0],[125.7568,73.5391,0.0],[125.7641,73.5401,0.0],[125.7651,73.5453,5.4829],[125.7953,73.5463,0.0],[125.7901,73.5484,2.7231],[125.7896,73.55,1.9912],[125.7901,73.5516,2.8381],[125.7958,73.5521,0.0],[125.7974,73.5537,0.0],[125.7922,73.5547,1.5265],[125.7932,73.562,0.0],[125.788,73.563,5.3693],[125.7891,73.5703,0.0],[125.7839,73.5714,4.9146],[125.7833,73.5729,6.3313],[125.7849,73.5807,0.0],[125.7797,73.5818,4.0044],[125.7792,73.5833,2.3917],[125.7797,73.5849,1.5703],[125.787,73.5859,0.0],[125.7901,73.5891,0.0]]],
[[[125.625,73.575,0.0],[125.6286,73.5766,0.0],[125.6167,73.5771,0.0],[125.6125,73.5792,0.0],[125.6021,73.5792,0.0],[125.5943,73.5766,0.0],[125.5911,73.5734,1.3785],[125.5839,73.5724,0.0],[125.5818,73.5651,0.0],[125.5938,73.5625,0.0],[125.6062,73.5667,0.3849],[125.6167,73.5667,5.8783],[125.6203,73.5693,0.0],[125.6214,73.5745,0.0],[125.625,73.575,0.0]]],
[[[123.2068,73.5766,0.0],[123.212,73.5787,0.0],[123.2005,73.5797,0.0],[123.2,73.5833,0.0],[123.2005,73.5849,0.0],[123.2063,73.5854,0.0],[123.2078,73.587,0.0],[123.1943,73.587,0.0],[123.1922,73.5849,0.0],[123.1911,73.5797,0.0],[123.1839,73.5787,0.0],[123.1911,73.5755,0.0],[123.1891,73.5714,0.0],[123.1818,73.5703,0.0],[123.1891,73.5672,0.0],[123.1818,73.5661,0.0],[123.1818,73.563,0.0],[123.187,73.562,0.0],[123.188,73.5589,0.0],[123.1917,73.5583,0.0],[123.1964,73.562,0.0],[123.2042,73.5646,0.0],[123.2167,73.5646,0.0],[123.2208,73.5667,0.0],[123.2521,73.5667,0.0],[123.2547,73.563,0.0],[123.2667,73.5625,0.0],[123.2771,73.5583,0.0],[123.2958,73.5583,0.0],[123.312,73.563,0.0],[123.3234,73.5703,0.0],[123.3287,73.5714,0.0],[123.3271,73.5729,0.0],[123.3167,73.5729,8.0499],[123.3125,73.575,0.0],[123.2896,73.575,0.0],[123.2854,73.5771,0.0],[123.2813,73.5771,0.0],[123.2771,73.575,0.0],[123.2667,73.575,0.0],[123.2625,73.5771,0.0],[123.2521,73.5771,0.0],[123.2479,73.575,0.0],[123.2438,73.575,0.0],[123.2396,73.5771,0.0],[123.2292,73.5771,0.0],[123.225,73.575,0.0],[123.2083,73.575,0.0],[123.2068,73.5766,0.0]]],
[[[125.3214,73.5964,7.1838],[125.3224,73.6078,1.4893],[125.3125,73.6104,0.0],[125.2943,73.6057,0.0],[125.2995,73.6036,1.5264],[125.3,73.6021,1.3052],[125.2963,73.5922,0.0],[125.3016,73.5911,0.0],[125.3005,73.5797,0.0],[125.3208,73.5813,0.0],[125.3307,73.5839,0.0],[125.3307,73.587,0.0],[125.3255,73.588,3.4919],[125.325,73.5896,2.6691],[125.3255,73.5911,3.3357],[125.3313,73.5917,0.0],[125.3328,73.5932,0.0],[125.3214,73.5964,7.1838]]],
[[[123.4042,73.6146,0.0],[123.4,73.6146,0.0],[123.3958,73.6167,0.0],[123.3875,73.6167,0.0],[123.3833,73.6188,0.0],[123.3729,73.6188,0.0],[123.3688,73.6167,0.0],[123.3417,73.6167,0.0],[123.3391,73.613,0.0],[123.3292,73.6104,6.4212],[123.3021,73.6083,0.0],[123.2995,73.6047,0.0],[123.2937,73.6042,4.3209],[123.2859,73.6005,0.0],[123.3042,73.6,0.0],[123.3146,73.5958,0.0],[123.3625,73.5958,0.0],[123.3724,73.5984,0.0],[123.3672,73.6005,0.0],[123.3672,73.6036,0.0],[123.3729,73.6042,0.0],[123.3833,73.6083,0.0],[123.4021,73.6083,0.0],[123.4063,73.6104,0.0],[123.4203,73.6109,0.0],[123.4187,73.6125,0.0],[123.4083,73.6125,0.0],[123.4042,73.6146,0.0]]],
[[[123.2063,73.4375,0.0],[123.1964,73.4349,0.0],[123.1964,73.4318,0.0],[123.2099,73.4318,0.0],[123.212,73.437,0.0],[123.2063,73.4375,0.0]]],
[[[126.6958,73.4521,-0.0899],[126.6974,73.4526,0.0],[126.6974,73.4557,0.6601],[126.6833,73.4604,0.3058],[126.6646,73.4604,0.3834],[126.6604,73.4583,0.3638],[126.6484,73.4578,0.0],[126.6453,73.4526,0.022],[126.638,73.4516,0.0],[126.6432,73.4484,1.2241],[126.6359,73.4474,0.0],[126.6333,73.4437,0.2881],[126.6292,73.4437,0.1048],[126.6167,73.4479,0.0],[126.5984,73.4432,0.0],[126.6036,73.4411,0.6667],[126.6021,73.4396,0.9086],[126.5542,73.4396,1.007],[126.55,73.4375,1.0706],[126.5333,73.4375,1.2275],[126.5292,73.4396,0.0],[126.525,73.4396,0.0],[126.5234,73.4391,0.2112],[126.5234,73.4359,0.2972],[126.5417,73.4354,1.0745],[126.5458,73.4333,0.2098],[126.5542,73.4333,0.6282],[126.562,73.4307,0.4349],[126.5625,73.4271,0.1525],[126.5599,73.4213,0.2278],[126.5443,73.4182,0.0],[126.5417,73.4146,0.3389],[126.5193,73.4099,0.4622],[126.5172,73.4078,0.0],[126.5167,73.4042,0.2574],[126.5172,73.4026,0.0],[126.5286,73.3995,0.0],[126.5276,73.3964,0.0],[126.5328,73.3953,0.4879],[126.5339,73.3922,0.4483],[126.5391,73.3912,0.5013],[126.5401,73.388,1.2732],[126.5453,73.387,1.7697],[126.5443,73.3818,0.0],[126.5583,73.3771,0.0],[126.5687,73.3771,0.0],[126.5729,73.3792,2.3311],[126.7021,73.3792,0.0],[126.7037,73.3807,0.0],[126.6901,73.3839,0.6226],[126.6911,73.387,0.0547],[126.6729,73.3875,2.305],[126.6703,73.3912,0.0],[126.6651,73.3922,1.3459],[126.6646,73.3938,1.2444],[126.6745,73.4151,0.0],[126.6693,73.4182,1.3192],[126.6745,73.4193,0.0],[126.6787,73.4255,0.0],[126.6734,73.4287,0.6857],[126.6792,73.4292,0.0],[126.6807,73.4307,0.0],[126.6734,73.4318,0.0],[126.6745,73.4349,0.0],[126.6693,73.4359,0.0],[126.6682,73.4391,0.0],[126.663,73.4411,0.29],[126.687,73.4464,0.0],[126.6901,73.4516,1.6016],[126.6958,73.4521,-0.0899]]],
[[[126.5516,73.4411,1.0308],[126.5396,73.4417,0.0],[126.538,73.4401,0.8082],[126.55,73.4396,0.8917],[126.5516,73.4411,1.0308]]],
[[[123.1979,73.4417,0.0],[123.1984,73.4432,0.0],[123.2042,73.4437,0.0],[123.2057,73.4453,0.0],[123.2005,73.4464,0.0],[123.1979,73.45,0.0],[123.1875,73.45,0.0],[123.1859,73.4495,0.0],[123.1833,73.4437,0.0],[123.1839,73.4401,0.0],[123.1917,73.4375,0.0],[123.2037,73.438,0.0],[123.1984,73.4401,0.0],[123.1979,73.4417,0.0]]],
[[[123.2833,73.4417,0.0],[123.2849,73.4432,0.0],[123.2708,73.4479,0.0],[123.2375,73.4479,0.0],[123.2214,73.4432,0.0],[123.2193,73.438,0.0],[123.2292,73.4354,0.0],[123.2542,73.4354,0.0],[123.2583,73.4396,0.0],[123.2833,73.4417,0.0]]],
[[[126.4724,73.4422,0.0],[126.4672,73.4443,0.0],[126.4682,73.4474,0.0],[126.4604,73.45,0.0],[126.4464,73.4495,0.0],[126.4537,73.4464,0.7679],[126.4479,73.4458,0.0],[126.4464,73.4443,0.0],[126.4542,73.4417,0.0],[126.4724,73.4422,0.0]]],
[[[126.4729,73.4479,0.0],[126.4766,73.4484,0.0],[126.4766,73.4495,0.0],[126.4693,73.4495,0.0],[126.4729,73.4479,0.0]]],
[[[125.8083,73.4479,0.0],[125.8099,73.4484,0.8732],[125.8099,73.4516,0.8914],[125.8047,73.4516,2.526],[125.8047,73.4484,0.0],[125.8083,73.4479,0.0]]],
[[[127.8562,73.4604,0.9859],[127.8625,73.4604,0.7576],[127.8641,73.462,0.6377],[127.8562,73.4646,0.0],[127.8505,73.4641,0.0],[127.8505,73.4609,0.8301],[127.8562,73.4604,0.9859]]],
[[[126.9208,73.4542,0.0],[126.8979,73.4583,0.0],[126.8854,73.4542,0.2165],[126.8604,73.4563,0.0],[126.8562,73.4542,0.0],[126.8521,73.4542,0.0],[126.8505,73.4537,0.0],[126.8484,73.4464,0.0],[126.8536,73.4453,1.14],[126.8526,73.4401,0.0],[126.8578,73.438,1.4836],[126.8505,73.437,0.0],[126.85,73.4333,1.4992],[126.8505,73.4318,1.5677],[126.8542,73.4313,0.8577],[126.8583,73.4333,1.2234],[126.8708,73.4333,0.0],[126.875,73.4354,0.0],[126.8938,73.4354,0.0],[126.8979,73.4375,1.4778],[126.9474,73.438,0.0],[126.9474,73.4411,0.0],[126.9359,73.4443,0.0],[126.9349,73.4474,0.0],[126.9297,73.4484,0.1183],[126.9307,73.4516,0.0],[126.9208,73.4542,0.0]]],
[[[123.1932,73.4547,0.0],[123.1932,73.4578,0.0],[123.1917,73.4583,0.0],[123.188,73.4578,0.0],[123.1859,73.4557,0.0],[123.1875,73.4542,0.0],[123.1932,73.4547,0.0]]],
[[[123.1833,73.4583,0.0],[123.187,73.4589,0.0],[123.187,73.4599,0.0],[123.1797,73.4599,0.0],[123.1833,73.4583,0.0]]],
[[[118.4625,73.2625,0.0],[118.4526,73.2599,0.0],[118.4526,73.2568,0.0],[118.4563,73.2562,0.0],[118.4661,73.2589,0.0],[118.4661,73.262,0.0],[118.4625,73.2625,0.0]]],
[[[118.4729,73.2708,0.0],[118.4708,73.2729,0.0],[118.4651,73.2724,0.0],[118.4651,73.2672,0.0],[118.4724,73.2672,0.0],[118.4729,73.2708,0.0]]],
[[[128.5854,73.2646,0.3029],[128.5938,73.2646,0.0587],[128.5953,73.2662,0.2196],[128.5875,73.2688,0.0],[128.5755,73.2682,0.1895],[128.5755,73.2672,0.0],[128.5854,73.2646,0.3029]]],
[[[123.3271,73.2646,0.0],[123.3292,73.2688,0.0],[123.3287,73.2724,0.0],[123.3208,73.275,0.0],[123.3151,73.2745,0.0],[123.3151,73.2714,0.0],[123.3203,73.2703,0.0],[123.3208,73.2688,0.0],[123.3167,73.2479,0.0],[123.3172,73.2464,0.0],[123.3224,73.2453,0.0],[123.3229,73.2438,0.0],[123.3224,73.2422,0.0],[123.3167,73.2417,0.0],[123.3151,73.2401,0.0],[123.3224,73.2391,0.0],[123.3214,73.2359,0.0],[123.3333,73.2333,0.0],[123.3349,73.2338,0.0],[123.3375,73.2417,0.0],[123.337,73.2432,0.0],[123.3318,73.2443,0.0],[123.3313,73.25,0.0],[123.3333,73.2542,0.0],[123.3333,73.2583,0.0],[123.3328,73.2599,0.0],[123.3276,73.2609,0.0],[123.3271,73.2646,0.0]]],
[[[128.4083,73.2729,1.3113],[128.3979,73.2729,-0.2353],[128.3963,73.2714,0.1318],[128.4229,73.2708,0.0121],[128.4328,73.2745,0.0],[128.4125,73.275,0.6492],[128.4083,73.2729,1.3113]]],
[[[128.6901,73.2807,0.0],[128.6854,73.2792,0.2842],[128.675,73.2833,0.0],[128.6417,73.2833,0.0],[128.6318,73.2807,0.0],[128.6286,73.2755,0.5561],[128.6214,73.2745,0.3253],[128.6193,73.2693,0.1268],[128.6458,73.2688,0.0],[128.65,73.2708,0.0],[128.6812,73.2708,0.2932],[128.6854,73.2688,0.0],[128.6896,73.2688,0.0],[128.6995,73.2714,0.0],[128.6943,73.2734,0.251],[128.6938,73.275,0.0853],[128.6974,73.2807,0.0],[128.6901,73.2807,0.0]]],
[[[128.3766,73.2766,1.1129],[128.3646,73.2771,0.2479],[128.363,73.2755,0.5436],[128.375,73.275,0.0],[128.3766,73.2766,1.1129]]],
[[[128.6187,73.2854,0.0],[128.6203,73.287,0.0],[128.6083,73.2875,0.1988],[128.6042,73.2896,0.0],[128.5875,73.2896,0.0],[128.5833,73.2875,0.0],[128.5292,73.2875,0.0],[128.5229,73.2854,0.3148],[128.5146,73.2875,0.0],[128.5104,73.2854,0.1858],[128.4979,73.2854,0.0],[128.4937,73.2833,0.0],[128.4818,73.2828,0.0],[128.487,73.2797,0.5822],[128.4812,73.2792,0.0],[128.4776,73.2766,0.0],[128.4755,73.2693,0.0],[128.4807,73.2672,0.9136],[128.475,73.2667,0.0],[128.4734,73.2651,0.0],[128.4812,73.2625,0.0],[128.5188,73.2625,0.0],[128.5229,73.2646,0.2717],[128.5271,73.2646,0.3286],[128.5333,73.2625,0.0],[128.5375,73.2646,0.2812],[128.55,73.2646,0.0],[128.5542,73.2667,0.0],[128.5646,73.2667,0.0],[128.5682,73.2693,0.2989],[128.563,73.2714,0.0],[128.562,73.2745,0.0],[128.5568,73.2755,0.2025],[128.5583,73.2771,0.0592],[128.5708,73.2771,0.0],[128.5734,73.2807,0.0],[128.5792,73.2813,0.0],[128.5807,73.2807,0.0],[128.5797,73.2755,0.0802],[128.5917,73.275,0.0],[128.5964,73.2807,0.0],[128.6187,73.2854,0.0]]],
[[[123.4771,73.7354,0.0],[123.4786,73.737,0.0],[123.4734,73.737,0.0],[123.4734,73.7359,0.0],[123.4771,73.7354,0.0]]],
[[[123.8682,73.7422,0.5899],[123.8667,73.7438,0.0],[123.8609,73.7432,0.0],[123.8625,73.7417,0.338],[123.8682,73.7422,0.5899]]],
[[[123.5125,73.7292,0.0],[123.5162,73.7328,0.0],[123.5042,73.7354,0.0],[123.5,73.7333,0.0],[123.4729,73.7333,0.0],[123.463,73.7307,0.0],[123.4625,73.7271,0.0],[123.463,73.7255,0.0],[123.4708,73.7229,0.0],[123.475,73.7229,0.0],[123.4792,73.725,0.0],[123.4979,73.725,0.0],[123.5042,73.7229,0.0],[123.5141,73.7255,0.0],[123.5089,73.7276,0.0],[123.5125,73.7292,0.0]]],
[[[123.8958,73.7354,0.0],[123.8938,73.7375,0.0],[123.8688,73.7396,0.0],[123.8672,73.7391,0.0],[123.8651,73.7318,0.0],[123.8708,73.7312,0.0],[123.8812,73.7271,0.0],[123.8917,73.7271,0.7151],[123.9016,73.7297,-0.1326],[123.8964,73.7318,0.3947],[123.8958,73.7354,0.0]]],
[[[123.5016,73.738,0.0],[123.5,73.7396,0.0],[123.4896,73.7396,0.0],[123.488,73.7412,0.0],[123.4901,73.7432,0.0],[123.4953,73.7443,0.0],[123.4984,73.7495,0.0],[123.5057,73.7505,0.0],[123.5068,73.7557,0.0],[123.5125,73.7562,0.0],[123.5141,73.7578,0.0],[123.5005,73.7578,0.0],[123.4995,73.7547,0.0],[123.4922,73.7536,0.0],[123.4891,73.7464,0.0],[123.4818,73.7453,0.0],[123.4812,73.7438,0.0],[123.4818,73.738,0.0],[123.4896,73.7354,0.0],[123.5016,73.738,0.0]]],
[[[124.5943,73.7505,0.0],[124.5932,73.7536,0.0],[124.588,73.7547,0.0],[124.587,73.7578,0.0],[124.575,73.7604,0.0],[124.5708,73.7583,6.2665],[124.5604,73.7583,3.6543],[124.5557,73.7547,0.0],[124.5484,73.7536,0.0],[124.5474,73.7484,0.0],[124.5417,73.7479,0.0],[124.5401,73.7464,0.0],[124.5479,73.7438,0.0],[124.5896,73.7438,0.0],[124.5922,73.7474,0.0],[124.5995,73.7484,0.0],[124.5943,73.7505,0.0]]],
[[[123.875,73.7521,1.093],[123.8786,73.7536,1.0466],[123.8714,73.7536,0.5818],[123.8714,73.7526,0.59],[123.875,73.7521,1.093]]],
[[[123.7464,73.7547,0.0],[123.75,73.7542,0.0],[123.7516,73.7557,0.0],[123.7479,73.7562,0.0],[123.7464,73.7547,0.0]]],
[[[124.5521,73.7917,0.0],[124.5537,73.7932,0.0],[124.5417,73.7937,2.1066],[124.5375,73.7958,0.0],[124.5318,73.7953,0.0],[124.5313,73.7937,0.0],[124.5333,73.7917,0.0],[124.5521,73.7917,0.0]]],
[[[124.4646,73.775,0.0],[124.4521,73.775,0.0],[124.4505,73.7734,0.0],[124.4661,73.7734,0.0],[124.4646,73.775,0.0]]],
[[[124.1776,73.7807,0.0],[124.1833,73.7813,0.0],[124.1849,73.7828,0.0],[124.1776,73.7839,0.0],[124.1787,73.787,0.0],[124.1771,73.7875,0.0],[124.1583,73.7875,0.0],[124.1484,73.7849,0.0],[124.1479,73.7833,0.0],[124.1484,73.7797,0.0],[124.1563,73.7771,0.0],[124.1667,73.7771,0.0],[124.1776,73.7807,0.0]]],
[[[124.45,73.7771,0.0],[124.4516,73.7786,0.0],[124.4443,73.7786,0.0],[124.4458,73.7771,0.0],[124.45,73.7771,0.0]]],
[[[124.3078,73.7703,0.0],[124.2943,73.7734,0.0],[124.2958,73.7792,0.0],[124.2937,73.7813,0.0],[124.2833,73.7813,0.0],[124.2651,73.7766,0.0],[124.2667,73.775,0.0],[124.2724,73.7745,0.0],[124.2714,73.7693,0.0],[124.2766,73.7682,0.0],[124.275,73.7667,0.0],[124.2693,73.7662,0.0],[124.2688,73.7625,0.0],[124.2693,73.7609,0.0],[124.2745,73.7599,0.0],[124.2771,73.7562,0.0],[124.2891,73.7589,0.0],[124.2922,73.7641,0.0],[124.2995,73.7651,0.0],[124.3005,73.7682,0.0],[124.3063,73.7688,0.0],[124.3078,73.7703,0.0]]],
[[[124.5479,73.7854,0.0],[124.5516,73.787,0.0],[124.5443,73.787,0.0],[124.5443,73.7859,0.0],[124.5479,73.7854,0.0]]],
[[[124.1542,73.7875,0.0],[124.1557,73.7891,0.0],[124.1505,73.7891,0.0],[124.1505,73.788,0.0],[124.1542,73.7875,0.0]]],
[[[124.4979,73.7937,0.0],[124.475,73.7979,0.0],[124.4651,73.7953,0.0],[124.4651,73.7922,0.0],[124.4703,73.7901,0.0],[124.4646,73.7896,0.0],[124.463,73.788,0.0],[124.4682,73.787,0.0],[124.4693,73.7818,0.0],[124.4745,73.7807,0.0],[124.4729,73.775,0.0],[124.475,73.7729,0.0],[124.4854,73.7729,0.0],[124.4896,73.7708,0.0],[124.5162,73.7714,0.0],[124.5182,73.7745,0.0],[124.5109,73.7755,0.0],[124.512,73.7786,0.0],[124.4984,73.7797,0.0],[124.4995,73.7891,0.0],[124.4943,73.7901,0.0],[124.4958,73.7917,0.0],[124.5016,73.7922,0.0],[124.4979,73.7937,0.0]]],
[[[124.2682,73.788,0.0],[124.2682,73.7911,0.0],[124.2667,73.7917,0.0],[124.2562,73.7917,0.0],[124.25,73.7937,0.0],[124.2458,73.7917,0.0],[124.2042,73.7917,0.0],[124.2016,73.788,0.0],[124.1943,73.787,0.0],[124.1937,73.7854,0.0],[124.1958,73.7833,0.0],[124.2042,73.7833,0.0],[124.2083,73.7813,0.0],[124.2208,73.7813,0.0],[124.2333,73.7854,0.0],[124.2583,73.7854,0.0],[124.2682,73.788,0.0]]],
[[[123.2583,73.6646,0.0],[123.262,73.6651,0.0],[123.262,73.6661,0.0],[123.2547,73.6661,0.0],[123.2583,73.6646,0.0]]],
[[[124.0943,73.6693,2.1273],[124.1,73.6687,3.1138],[124.1,73.6708,0.6026],[124.0958,73.6708,1.7886],[124.0943,73.6693,2.1273]]],
[[[123.2724,73.6755,0.0],[123.2708,73.6771,0.0],[123.2651,73.6766,0.0],[123.2667,73.675,0.0],[123.2724,73.6755,0.0]]],
[[[123.2807,73.6797,0.0],[123.2792,73.6813,0.0],[123.2734,73.6807,0.0],[123.275,73.6792,0.0],[123.2807,73.6797,0.0]]],
[[[123.5125,73.6859,0.0],[123.513,73.6891,0.0],[123.5188,73.6896,0.0],[123.5203,73.6911,0.0],[123.5125,73.6937,0.0],[123.4708,73.6937,0.0],[123.4583,73.6896,0.0],[123.4464,73.6891,0.0],[123.4479,73.6875,0.0],[123.4599,73.687,0.0],[123.4589,73.6818,0.0],[123.4661,73.6807,0.0],[123.4651,73.6776,0.0],[123.4667,73.6771,0.0],[123.4854,73.6771,0.0],[123.4896,73.6792,0.0],[123.5021,73.6792,0.0],[123.5099,73.6818,0.0],[123.5125,73.6859,0.0]]],
[[[123.2979,73.6917,0.0],[123.2901,73.6911,0.0],[123.2901,73.688,0.0],[123.2958,73.6875,0.0],[123.3057,73.6901,0.0],[123.3042,73.6917,0.0],[123.2979,73.6917,0.0]]],
[[[123.288,73.6797,0.0],[123.2937,73.6792,0.0],[123.2953,73.6807,0.0],[123.2875,73.6833,0.0],[123.2818,73.6828,0.0],[123.288,73.6797,0.0]]],
[[[123.3187,73.6958,0.0],[123.3203,73.6974,0.0],[123.3151,73.6974,0.0],[123.3151,73.6964,0.0],[123.3187,73.6958,0.0]]],
[[[123.3042,73.6958,0.0],[123.3057,73.6974,0.0],[123.3005,73.6974,0.0],[123.3005,73.6964,0.0],[123.3042,73.6958,0.0]]],
[[[123.3125,73.6979,0.0],[123.3141,73.6995,0.0],[123.3089,73.6995,0.0],[123.3089,73.6984,0.0],[123.3125,73.6979,0.0]]],
[[[123.3229,73.7042,0.0],[123.3172,73.7037,0.0],[123.3151,73.7005,0.0],[123.3208,73.7,0.0],[123.3307,73.7026,0.0],[123.3292,73.7042,0.0],[123.3229,73.7042,0.0]]],
[[[123.2604,73.6542,0.0],[123.2609,73.6557,0.0],[123.2682,73.6568,0.0],[123.2682,73.6599,0.0],[123.2604,73.6625,0.0],[123.2547,73.662,0.0],[123.2536,73.6568,0.0],[123.2464,73.6557,0.0],[123.2432,73.6505,0.0],[123.238,73.6495,0.0],[123.2432,73.6474,0.0],[123.2438,73.6458,0.0],[123.2417,73.6417,0.0],[123.2417,73.6375,0.0],[123.2412,73.6359,0.0],[123.2354,73.6354,0.0],[123.2338,73.6339,0.0],[123.2458,73.6333,0.0],[123.2484,73.637,0.0],[123.2557,73.638,0.0],[123.2568,73.6412,0.0],[123.2641,73.6422,0.0],[123.2589,73.6443,0.0],[123.2583,73.6458,0.0],[123.2583,73.65,0.0],[123.2604,73.6542,0.0]]],
[[[123.2729,73.6625,0.0],[123.2766,73.663,0.0],[123.2766,73.6641,0.0],[123.2693,73.6641,0.0],[123.2729,73.6625,0.0]]],
[[[123.4359,73.6745,0.0],[123.4417,73.675,0.0],[123.4432,73.6766,0.0],[123.4333,73.6792,0.0],[123.4167,73.6792,0.0],[123.4125,73.6771,0.0],[123.4,73.6771,0.0],[123.3974,73.6734,0.0],[123.3818,73.6703,0.0],[123.3807,73.6651,0.0],[123.3734,73.6641,0.0],[123.3724,73.6609,0.0],[123.3651,73.6599,0.0],[123.3646,73.6563,0.0],[123.3651,73.6547,0.0],[123.3792,73.65,0.0],[123.3896,73.65,0.0],[123.4021,73.6542,0.0],[123.4063,73.6542,0.0],[123.4078,73.6547,0.0],[123.4078,73.6578,0.0],[123.4026,73.6589,0.0],[123.4021,73.6604,0.0],[123.4047,73.6682,0.0],[123.4167,73.6687,0.0],[123.4208,73.6708,0.0],[123.4333,73.6708,0.0],[123.4359,73.6745,0.0]]],
[[[123.8667,73.7104,6.7667],[123.8672,73.712,1.3714],[123.8745,73.713,0.0],[123.8745,73.7161,0.7929],[123.8667,73.7188,0.4878],[123.8562,73.7188,0.0],[123.8464,73.7161,0.0],[123.8516,73.7141,2.024],[123.8521,73.7083,0.6171],[123.8464,73.688,0.0],[123.8521,73.6875,0.4251],[123.8536,73.6859,0.0],[123.8516,73.6776,3.8549],[123.8443,73.6766,0.0],[123.8495,73.6734,7.5482],[123.8422,73.6724,0.5654],[123.8417,73.6708,0.4184],[123.8422,73.6672,0.2151],[123.8474,73.6661,0.8628],[123.8458,73.6646,0.4965],[123.8401,73.6641,0.0],[123.8453,73.662,0.0],[123.8453,73.6547,0.6771],[123.838,73.6536,0.0],[123.8354,73.65,0.0],[123.8313,73.65,0.0],[123.8271,73.6479,1.4085],[123.8146,73.6479,0.0],[123.8104,73.6458,3.1804],[123.8,73.6458,1.5801],[123.7922,73.6484,1.248],[123.7911,73.6516,0.0],[123.7859,73.6526,2.0781],[123.7875,73.6542,2.343],[123.7932,73.6547,0.0],[123.7943,73.6578,1.9973],[123.8016,73.6589,0.0],[123.8026,73.6641,0.0],[123.8047,73.6661,0.0],[123.8266,73.6713,0.0],[123.8266,73.6745,0.0],[123.8146,73.675,1.027],[123.8005,73.6797,1.4858],[123.7979,73.6833,0.0],[123.7792,73.6833,0.3322],[123.7688,73.6792,2.941],[123.763,73.6787,0.0],[123.7609,73.6713,0.0],[123.7662,73.6703,0.9935],[123.7672,73.6651,0.4154],[123.7724,73.6641,0.6373],[123.7714,73.6547,0.0],[123.7766,73.6536,0.5725],[123.7776,73.6505,0.522],[123.7828,73.6484,0.5709],[123.7776,73.6474,0.0],[123.7755,73.6453,0.0],[123.7724,73.6318,1.3326],[123.7651,73.6307,0.0],[123.762,73.6214,1.5909],[123.7547,73.6203,0.0],[123.7536,73.6172,0.4964],[123.7464,73.6162,0.0],[123.7453,73.613,0.0],[123.738,73.612,0.0],[123.738,73.6068,0.0],[123.7432,73.6057,2.2005],[123.7458,73.6021,0.7585],[123.7562,73.6021,0.8612],[123.7604,73.6062,0.0],[123.7875,73.6083,0.0],[123.7901,73.612,0.9587],[123.7974,73.613,0.0],[123.7984,73.6162,0.0],[123.8104,73.6167,0.0],[123.8151,73.6203,0.0],[123.8203,73.6214,1.7985],[123.8229,73.625,0.0],[123.8224,73.6266,0.0],[123.8172,73.6276,1.0488],[123.8172,73.6307,6.9311],[123.8187,73.6312,6.9311],[123.8458,73.6333,0.0],[123.85,73.6354,0.0],[123.8604,73.6354,2.7335],[123.8646,73.6333,0.0],[123.8766,73.6339,0.0],[123.8786,73.6432,0.0],[123.8651,73.6464,6.4034],[123.8651,73.6495,6.2616],[123.8672,73.6516,6.0202],[123.8745,73.6526,0.0],[123.8755,73.6557,0.0],[123.8828,73.6568,0.0],[123.8839,73.6599,0.0],[123.8995,73.663,0.0],[123.8979,73.6646,0.0],[123.8922,73.6651,1.0657],[123.8943,73.6745,0.0],[123.9016,73.6755,0.0],[123.8964,73.6787,2.8235],[123.912,73.6818,0.5068],[123.8896,73.6896,0.0],[123.8839,73.6901,0.0],[123.8859,73.6953,0.0],[123.8979,73.6958,1.2639],[123.9021,73.6937,0.0],[123.9063,73.6937,1.0032],[123.9167,73.6979,0.0],[123.9224,73.6984,0.0],[123.925,73.7042,2.0226],[123.9229,73.7063,0.0],[123.8979,73.7083,0.0],[123.888,73.7057,0.0],[123.8896,73.7042,0.5421],[123.8953,73.7037,4.6376],[123.8932,73.6984,0.9105],[123.8812,73.6979,1.2309],[123.8734,73.7005,1.4423],[123.8724,73.7057,0.0],[123.8672,73.7068,3.673],[123.8667,73.7104,6.7667]]],
[[[124.7417,73.7063,2.5234],[124.7417,73.7042,0.0],[124.7495,73.7047,0.6888],[124.7479,73.7063,0.0],[124.7417,73.7063,2.5234]]],
[[[123.3474,73.712,0.0],[123.3417,73.7125,0.0],[123.3396,73.7104,0.0],[123.3401,73.7089,0.0],[123.3458,73.7083,0.0],[123.3474,73.7089,0.0],[123.3474,73.712,0.0]]],
[[[124.8125,73.7208,0.0],[124.8141,73.7224,0.0],[124.7979,73.7271,0.0],[124.7875,73.7271,0.0],[124.7839,73.7224,0.0],[124.7828,73.7172,6.4436],[124.7755,73.7161,0.0],[124.7807,73.713,11.4343],[124.775,73.7125,0.0],[124.7734,73.7109,0.0],[124.7833,73.7083,0.0],[124.7937,73.7104,0.0],[124.7984,73.7161,0.0],[124.8057,73.7172,0.0],[124.8068,73.7203,0.0],[124.8125,73.7208,0.0]]],
[[[123.3604,73.7146,0.0],[123.362,73.7161,0.0],[123.3568,73.7161,0.0],[123.3568,73.7151,0.0],[123.3604,73.7146,0.0]]],
[[[123.3703,73.713,0.0],[123.3688,73.7146,0.0],[123.363,73.7141,0.0],[123.3646,73.7125,0.0],[123.3703,73.713,0.0]]],
[[[123.375,73.7146,0.0],[123.3766,73.7161,0.0],[123.3714,73.7161,0.0],[123.3714,73.7151,0.0],[123.375,73.7146,0.0]]],
[[[123.588,73.7172,0.0],[123.5854,73.7188,0.0],[123.575,73.7188,0.0],[123.5708,73.7208,0.0],[123.5437,73.7208,0.0],[123.5333,73.7167,5.0643],[123.5276,73.7161,0.0],[123.5245,73.7109,0.0],[123.5193,73.7089,0.0],[123.5245,73.7078,0.0],[123.5255,73.7047,0.0],[123.5307,73.7037,0.0],[123.5333,73.7,0.0],[123.5583,73.7,0.0],[123.5625,73.7021,6.784],[123.5729,73.7021,0.0],[123.5828,73.7047,0.0],[123.5813,73.7063,0.0],[123.5708,73.7063,0.0],[123.5687,73.7083,0.0],[123.5714,73.7141,0.0],[123.5729,73.7146,0.0],[123.5771,73.7146,0.0],[123.5813,73.7167,0.0],[123.5875,73.7146,0.0],[123.5932,73.7151,0.0],[123.588,73.7172,0.0]]],
[[[123.6078,73.712,0.0],[123.6021,73.7125,0.0],[123.6,73.7104,0.0],[123.6005,73.7089,0.0],[123.6042,73.7083,0.0],[123.6078,73.712,0.0]]],
[[[123.4682,73.7193,0.0],[123.4667,73.7208,0.0],[123.4609,73.7203,0.0],[123.4625,73.7188,0.0],[123.4682,73.7193,0.0]]],
[[[123.6724,73.737,0.0],[123.6583,73.7417,0.0],[123.6396,73.7417,0.0],[123.6354,73.7396,0.0],[123.6312,73.7396,0.0],[123.6271,73.7417,0.0],[123.6167,73.7417,0.0],[123.6141,73.738,7.7797],[123.6068,73.737,5.3824],[123.6062,73.7333,0.0],[123.6083,73.7312,0.0],[123.625,73.7312,0.0],[123.6292,73.7292,0.0],[123.6396,73.7292,0.0],[123.6563,73.7229,0.0],[123.6667,73.7229,3.1429],[123.6693,73.7193,0.0],[123.6917,73.7125,0.0],[123.7037,73.713,0.0],[123.6984,73.7151,0.0],[123.6974,73.7182,0.0],[123.6922,73.7193,0.0],[123.6911,73.7245,0.0],[123.6859,73.7255,0.0],[123.687,73.7307,0.0],[123.6734,73.7318,0.0],[123.6724,73.737,0.0]]],
[[[123.8854,73.7604,0.0],[123.8818,73.7609,0.0],[123.8807,73.7641,0.0],[123.8755,73.7651,0.0],[123.8771,73.7667,0.0],[123.8828,73.7672,0.0],[123.8812,73.7688,0.0],[123.8333,73.7688,0.0],[123.8287,73.7651,2.9904],[123.8229,73.7646,0.0],[123.8125,73.7604,1.4731],[123.8083,73.7604,0.7974],[123.8042,73.7583,1.0414],[123.7917,73.7583,0.5764],[123.7839,73.7557,0.3521],[123.7792,73.7521,0.0],[123.7458,73.7521,0.0],[123.7417,73.7542,0.0],[123.725,73.7542,0.0],[123.7203,73.7505,0.0],[123.7068,73.7474,0.0],[123.712,73.7453,4.0898],[123.7125,73.7438,4.7574],[123.712,73.7422,3.802],[123.7063,73.7417,0.0],[123.7047,73.7401,0.0],[123.7099,73.7391,0.0],[123.7089,73.7297,0.0],[123.7161,73.7286,0.0],[123.713,73.7172,0.0],[123.7229,73.7146,0.0],[123.7266,73.7151,0.0],[123.7276,73.7182,2.8496],[123.7349,73.7193,0.0],[123.737,73.7234,4.4826],[123.7354,73.725,2.2107],[123.7297,73.7255,8.0608],[123.7318,73.7307,0.0],[123.7417,73.7333,0.0],[123.7521,73.7312,0.7756],[123.7536,73.7307,0.7756],[123.7521,73.7271,0.6373],[123.7526,73.7214,0.0],[123.7641,73.7172,0.344],[123.7568,73.7161,0.0],[123.7557,73.7109,0.0],[123.75,73.7104,0.5925],[123.7484,73.7089,0.0],[123.762,73.7057,7.1116],[123.7609,73.7005,0.0],[123.7688,73.6979,0.0],[123.7792,73.6979,0.0],[123.7833,73.6958,0.0],[123.7875,73.6958,0.0],[123.7974,73.6984,0.0],[123.7984,73.7016,0.0],[123.8042,73.7021,0.5133],[123.8057,73.7037,0.3925],[123.7984,73.7047,1.0548],[123.7995,73.7099,0.0],[123.7859,73.713,8.4248],[123.7875,73.7167,1.4727],[123.787,73.7224,0.8641],[123.7755,73.7255,1.0218],[123.7755,73.7286,1.6985],[123.7875,73.7292,0.3406],[123.7917,73.725,0.6014],[123.8167,73.725,0.0],[123.8208,73.7271,2.7688],[123.8396,73.7271,0.0],[123.8495,73.7297,0.0],[123.8271,73.7375,0.0],[123.8209,73.7354,0.61],[123.8083,73.7354,1.676],[123.8005,73.738,5.4446],[123.8026,73.7474,0.0],[123.8125,73.75,0.0],[123.8229,73.75,0.8859],[123.8255,73.7464,0.0],[123.8307,73.7453,0.0],[123.8318,73.7401,0.0],[123.8354,73.7396,2.7125],[123.8474,73.7464,0.0],[123.8484,73.7536,0.0],[123.8505,73.7557,0.0],[123.8771,73.7562,0.8063],[123.8812,73.7542,1.0245],[123.8854,73.7542,1.1719],[123.887,73.7547,0.6451],[123.8875,73.7583,0.0],[123.8854,73.7604,0.0]]],
[[[124.0349,73.8047,0.0],[124.0333,73.8063,0.0],[124.0229,73.8063,0.0],[124.0188,73.8083,0.0],[123.9854,73.8083,0.0],[123.9812,73.8063,0.0],[123.9688,73.8063,0.0],[123.9583,73.8021,0.0],[123.9526,73.8016,0.0],[123.9495,73.7984,1.6173],[123.9417,73.7958,0.0],[123.9276,73.7932,0.0],[123.9328,73.7901,0.0],[123.9255,73.7891,0.0],[123.9271,73.7875,0.0],[123.9313,73.7875,0.0],[123.9354,73.7854,0.0],[123.9437,73.7854,0.0],[123.9563,73.7813,0.0],[123.9729,73.7813,0.0],[123.9891,73.7766,0.0],[123.9901,73.7734,0.0],[124.0016,73.7703,0.0],[124.0016,73.7651,2.5714],[123.9875,73.7646,0.4437],[123.9859,73.7651,1.1457],[123.987,73.7703,0.0],[123.9708,73.775,0.5874],[123.9542,73.775,0.7654],[123.95,73.7771,0.0],[123.9167,73.7771,0.0],[123.9141,73.7734,0.0],[123.9068,73.7724,0.0],[123.9047,73.7682,0.0],[123.9026,73.7589,0.0],[123.9099,73.7578,0.0],[123.9078,73.7526,2.1283],[123.9005,73.7516,0.0],[123.8995,73.7484,9.3465],[123.8922,73.7474,0.0],[123.8912,73.7443,0.0],[123.8839,73.7432,0.0],[123.8917,73.7396,0.0],[123.9021,73.7396,4.5538],[123.9063,73.7375,0.0],[123.9104,73.7375,0.0],[123.9146,73.7396,1.7155],[123.925,73.7396,0.0],[123.9542,73.7479,0.0],[123.9646,73.7479,0.0],[123.9672,73.7443,0.0],[123.9724,73.7432,0.0],[123.9688,73.7312,0.0],[123.9693,73.7297,0.0],[123.9745,73.7286,0.0],[123.975,73.7229,0.1611],[123.9724,73.7193,0.5385],[123.9672,73.7182,0.0],[123.9646,73.7146,0.0],[123.9651,73.713,0.0],[123.9703,73.7109,7.1909],[123.963,73.7099,0.0],[123.962,73.7047,4.6413],[123.9563,73.7042,0.0],[123.9547,73.7026,0.0],[123.9599,73.7016,0.5721],[123.9609,73.6964,0.0],[123.9729,73.6958,0.0],[123.9807,73.6932,0.0],[123.9792,73.6917,0.0],[123.9734,73.6911,0.0],[123.9786,73.6891,0.0],[123.9786,73.6818,0.0],[123.9766,73.6797,0.0],[123.9693,73.6787,0.0],[123.9708,73.6771,0.0],[123.9766,73.6766,0.0],[123.9745,73.6693,1.6864],[123.9672,73.6682,0.0],[123.9646,73.6646,2.0789],[123.9458,73.6646,0.0],[123.9432,73.6609,2.9279],[123.9276,73.6578,0.0],[123.9354,73.6542,0.0],[123.9411,73.6536,5.7887],[123.9401,73.6484,0.0],[123.9563,73.6438,0.0],[123.9625,73.6458,1.2073],[123.9812,73.6458,0.0],[123.9854,73.6438,0.0],[123.9958,73.6438,0.0],[124.0,73.6417,0.0],[124.0167,73.6417,0.0],[124.0266,73.6474,0.0],[124.0083,73.65,0.0],[123.9797,73.6599,0.7302],[123.987,73.6609,0.0],[123.9818,73.6641,0.8763],[123.9896,73.6667,1.8539],[124.0021,73.6667,0.0],[124.0062,73.6708,0.0],[124.0188,73.6708,0.0],[124.0229,73.6729,0.0],[124.0349,73.6734,0.0],[124.037,73.6807,0.0],[124.025,73.6813,0.4973],[124.0172,73.6839,0.929],[124.0167,73.6896,6.5011],[124.0214,73.6995,0.0],[124.0292,73.7021,0.0],[124.0479,73.7021,0.6283],[124.0495,73.7016,0.595],[124.0495,73.6984,2.3393],[124.0422,73.6974,0.0],[124.0474,73.6943,6.2087],[124.0417,73.6937,0.0],[124.0339,73.6901,0.0],[124.0391,73.6891,0.0],[124.0401,73.6859,0.5166],[124.05,73.6854,0.0],[124.0542,73.6833,0.0],[124.0938,73.6813,0.0],[124.0953,73.6828,0.0],[124.0901,73.6849,4.1183],[124.0958,73.6854,0.0],[124.0974,73.687,0.0],[124.0839,73.6901,0.0],[124.0859,73.6932,2.6849],[124.0932,73.6943,0.0],[124.0943,73.6995,0.0],[124.0958,73.7,0.7553],[124.1083,73.7,0.0],[124.1162,73.7026,0.0],[124.1047,73.7068,5.3505],[124.1042,73.7104,0.632],[124.1068,73.7182,2.0293],[124.1141,73.7193,0.0],[124.1088,73.7224,7.0311],[124.1162,73.7234,0.0],[124.1172,73.7266,3.1419],[124.1245,73.7276,0.8034],[124.1229,73.7292,0.0],[124.1125,73.7292,0.0],[124.0917,73.7229,7.1965],[124.0813,73.7229,0.0],[124.0714,73.7203,0.0],[124.0682,73.7172,0.0],[124.063,73.7161,0.0],[124.0583,73.7125,6.1903],[124.0479,73.7125,0.0],[124.0354,73.7083,2.3],[124.0313,73.7083,2.2222],[124.0172,73.713,1.0176],[124.0162,73.7161,0.6205],[124.0109,73.7172,3.3954],[124.0104,73.7208,1.7121],[124.0125,73.7271,0.0],[124.012,73.7286,0.0],[124.0068,73.7297,4.8074],[124.0068,73.7328,4.629],[124.0141,73.7338,0.0],[124.0151,73.737,1.3362],[124.0292,73.7396,0.0],[124.0307,73.7412,0.0],[124.0229,73.7438,0.0],[123.9979,73.7438,0.9061],[123.9964,73.7443,1.3684],[123.9958,73.7479,0.0],[123.9984,73.7516,0.0],[124.0104,73.7521,3.1899],[124.0146,73.7542,0.3894],[124.025,73.7542,2.3856],[124.0266,73.7536,3.821],[124.0266,73.7505,0.5528],[124.0125,73.75,0.3981],[124.0109,73.7484,0.0],[124.0208,73.7458,0.0],[124.0458,73.7458,0.2145],[124.05,73.7438,0.0],[124.0537,73.7443,0.0],[124.0568,73.7474,0.6038],[124.0641,73.7484,0.0],[124.0625,73.75,0.0],[124.0505,73.7526,3.348],[124.0521,73.7542,2.3338],[124.0578,73.7547,0.0],[124.0589,73.7578,2.0419],[124.0875,73.7583,0.0],[124.1036,73.763,0.0],[124.0984,73.7651,0.7924],[124.0979,73.7667,2.329],[124.1005,73.7724,0.886],[124.1078,73.7734,0.0],[124.1026,73.7766,0.1537],[124.1078,73.7786,0.0],[124.0938,73.7833,0.4069],[124.0818,73.7839,4.5285],[124.0813,73.7875,0.0],[124.0839,73.7911,0.8334],[124.0958,73.7917,0.0],[124.1,73.7937,0.0],[124.1104,73.7937,0.0],[124.1146,73.7917,0.0],[124.1188,73.7917,0.0],[124.1203,73.7932,0.0],[124.1151,73.7953,0.0],[124.1224,73.7963,0.0],[124.1125,73.8,0.0],[124.0875,73.8021,0.0],[124.0771,73.8063,0.0],[124.0521,73.8063,0.0],[124.0422,73.8037,0.0],[124.0411,73.8005,0.0],[124.0339,73.7995,0.0],[124.0313,73.7958,0.0],[124.0271,73.7958,0.0],[124.0229,73.7979,0.0],[124.0109,73.7984,0.0],[124.0125,73.8,0.0],[124.0349,73.8047,0.0]]]]}}