{"type":"Feature","properties":{"ISO3166-1-Alpha-3":"RUS","country":"Russia","fill":"#F0F","id":"2603","name":"Krasnoyarsk"},
"geometry":{"type": "MultiPolygon","coordinates": [[[[83.19442,70.3789,0.0],[83.25819,70.41974,2.7368],[83.30957,70.4431,1.6799],[83.3087,70.48081,0.0],[83.26452,70.51113,0.0],[83.25919,70.54881,0.0],[83.30135,70.60546,1.5781],[83.30476,70.6446,0.0],[83.37434,70.66362,3.4026],[83.44388,70.69131,2.9481],[83.46941,70.73773,0.0],[83.37164,70.78828,0.0],[83.30511,70.80551,1.7267],[83.25672,70.80103,1.9269],[83.23119,70.76906,3.891],[83.2236,70.727,0.0],[83.20725,70.68635,2.9561],[83.14706,70.64991,4.6356],[83.13092,70.60926,0.0],[83.13672,70.56579,2.4377],[83.12501,70.5237,2.0296],[83.11773,70.48017,3.9941],[83.13223,70.43381,0.8065],[83.09893,70.39305,5.4083],[83.06527,70.36533,0.0],[83.09138,70.36111,0.0],[83.19442,70.3789,0.0]]],
[[[79.54135,72.92552,0.0],[79.44353,72.96369,1.318],[79.40211,72.98819,1.9788],[79.39576,72.99478,1.973],[79.39519,73.00454,0.0],[79.39308,73.01191,0.0],[79.38893,73.01846,0.0],[79.38209,73.02578,0.0],[79.3685,73.03474,0.0],[79.32057,73.04629,0.0],[79.23618,73.0871,0.0],[79.20533,73.0976,0.0],[79.17311,73.10139,0.0],[79.14039,73.0954,0.0],[78.90117,72.99543,0.0],[78.66196,72.89545,0.0],[78.6399,72.89167,0.0],[78.612799999999993,72.87824,0.0],[78.5923,72.86213,0.0],[78.58465,72.84186,0.0],[78.59693,72.81599,0.0],[78.60914,72.80634,0.3563],[78.61232,72.81476,1.2091],[78.61232,72.8299,1.2279],[78.61427,72.84024,1.0205],[78.62525,72.84658,1.3079],[78.63868,72.84943,2.5543],[78.65024,72.84512,4.6472],[78.65512,72.83027,5.7357],[78.67156,72.80353,8.0907],[78.71022,72.78974,10.9719],[78.79249,72.77875,14.289],[78.88282,72.74657,1.1433],[78.90992,72.74128,2.0097],[79.00123,72.74457,5.7073],[79.39527,72.70405,2.3304],[79.53688,72.72647,0.0],[79.57203,72.74055,0.0],[79.563,72.76826,0.0],[79.55397,72.77424,0.0],[79.54469,72.77888,0.0],[79.53696,72.78417,0.0],[79.53224,72.79243,0.0],[79.53354,72.79877,0.0],[79.53858,72.80414,0.0],[79.54396,72.80858,0.0],[79.54591,72.81232,0.0],[79.54184,72.82453,0.0],[79.53639,72.83405,0.0],[79.52898,72.84138,0.0],[79.51922,72.84699,0.0],[79.52565,72.86664,0.0],[79.52068,72.88373,0.0],[79.50766,72.89777,0.0],[79.49073,72.90843,0.0],[79.50685,72.91543,1.1924],[79.52361,72.91389,1.0939],[79.54127,72.90974,0.0],[79.55958,72.90843,0.0],[79.54135,72.92552,0.0]]],
[[[86.76222,73.60375,-0.5282],[86.78395,73.60822,4.2838],[86.79615,73.61481,4.0597],[86.79884,73.62572,4.1538],[86.7894,73.63788,3.5977],[86.79249,73.64521,3.3599],[86.80991,73.65835,3.1764],[86.8812,73.69013,4.3115],[86.89234,73.69672,4.0979],[86.90602,73.70417,-1.622],[86.85108,73.69855,0.5221],[86.6937,73.66267,2.2817],[86.57472,73.65388,0.2154],[86.50961,73.64183,1.5101],[86.48764,73.62165,-1.5428],[86.46559,73.61839,-1.4983],[86.39894,73.59439,-1.4017],[86.76222,73.60375,-0.5282]]],
[[[84.35524,74.01887,0.0],[84.39308,74.02098,0.0],[84.4109,74.02725,3.6933],[84.4183,74.03998,0.0],[84.4065,74.048,0.0],[84.37941,74.04767,0.0],[84.24497,74.02416,0.0],[84.15789,74.01887,0.0],[84.01759,74.03437,0.0],[83.98015,74.03315,0.0],[83.96583,74.0257,23.8154],[83.89747,74.02318,27.9325],[83.88453,74.01887,37.1034],[83.88502,74.00654,31.3882],[83.89649,73.99824,0.0],[83.91212,73.9936,0.0],[84.17872,73.98477,21.878],[84.22869,73.96695,15.9736],[84.33424,73.95547,0.0],[84.37859,73.95604,0.0],[84.4183,73.97045,0.0],[84.3506,73.99779,0.0],[84.32814,74.01252,0.0],[84.35524,74.01887,0.0]]],
[[[111.56129,74.00886,27.3654],[111.5822,74.0257,24.6476],[111.56983,74.0432,0.0],[111.53647,74.05117,1.8726],[111.15903,74.03734,0.0],[111.12623,74.03046,0.0],[111.0962,74.01789,0.0],[111.07569,73.99844,0.0],[111.06764,73.97993,0.0],[111.07228,73.97134,1.3227],[111.08522,73.96406,0.6864],[111.10304,73.95002,1.3862],[111.0547,73.92683,0.407],[111.00782,73.91267,-1.9192],[110.95899,73.90864,-2.3808],[110.90431,73.91584,-0.1933],[110.81495,73.95002,-0.06],[110.78932,73.95515,-0.248],[110.71192,73.95746,-0.3704],[110.58082,73.9914,1.1132],[110.30006,74.01911,0.0],[110.02149,74.01447,0.0],[109.97039,74.00235,0.0],[109.92172,73.98383,0.0],[109.88673,73.96088,0.0],[109.87094,73.93903,0.0],[109.85776,73.91425,0.0],[109.84254,73.89191,0.0],[109.81983,73.87726,0.0],[109.71949,73.85358,0.0],[109.55763,73.83397,0.0],[109.53566,73.82123,0.0],[109.52703,73.79609,0.0],[109.5311,73.7753,0.0],[109.54135,73.76411,0.0],[109.55551,73.75519,0.0],[109.6128,73.70808,0.0],[109.67368,73.67817,24.8069],[109.73748,73.66169,17.4697],[109.78712,73.66885,0.0],[109.78004,73.67585,0.0],[109.77166,73.68061,0.0],[109.76238,73.68305,0.0],[109.75229,73.68309,0.0],[109.79957,73.70506,10.197],[110.28688,73.70576,9.421],[110.66375,73.78726,0.0],[110.69215,73.784,0.0],[110.72023,73.7766,0.0],[110.87773,73.76785,0.58],[110.92732,73.78769,2.2716],[111.01093,73.811,3.3863],[111.28078,73.85973,2.3191],[111.29518,73.86913,1.5373],[111.1985,73.97793,0.8177],[111.2234,73.99258,2.6186],[111.25441,74.00068,2.8327],[111.28663,74.0017,1.5379],[111.35011,73.98648,0.1195],[111.3816,73.98823,1.0703],[111.44557,74.00528,3.6538],[111.51904999999999,74.00446,22.0478],[111.56129,74.00886,27.3654]]],
[[[83.62013,74.09089,1.9399],[83.5984,74.10493,0.0],[83.56967,74.11433,0.0],[83.53956,74.11961,0.0],[83.51344,74.12128,0.0],[83.18002,74.15518,0.0],[83.05909,74.13679,0.0],[82.91749,74.13093,0.0],[82.85922,74.1186,0.0],[82.81446,74.09398,0.0],[82.82814,74.0878,0.0],[82.82814,74.08031,0.0],[83.08131,74.0871,0.0],[83.39234,74.03579,0.0],[83.43336,74.03681,0.0],[83.46559,74.04682,0.0],[83.43393,74.05036,0.0],[83.40366,74.06208,0.0],[83.39552,74.07453,0.0],[83.5031,74.0856,0.0],[83.53484,74.08251,0.692],[83.5276,74.06733,0.0],[83.58253,74.07343,0.0],[83.61305,74.08088,1.6929],[83.62013,74.09089,1.9399]]],
[[[82.66538,74.06761,21.792],[82.71144,74.08588,12.8455],[82.74,74.10139,1.1134],[82.56804,74.16291,0.0],[82.45436,74.16071,0.0],[82.39869,74.1529,0.0],[82.34986,74.14061,0.0],[82.33326,74.13447,0.0],[82.32203,74.12718,0.0],[82.31756,74.11685,0.0],[82.32106,74.10139,0.0],[82.33432,74.08564,0.0],[82.35288,74.08088,0.0],[82.55177,74.07392,77.1725],[82.59213,74.05646,25.7252],[82.61964,74.055,15.5086],[82.66538,74.06761,21.792]]],
[[[84.93483,74.482,15.5828],[84.93312,74.49291,20.7859],[84.90707,74.50165,0.0],[84.87086,74.50556,0.0],[84.59181,74.49893,0.0],[84.4183,74.46809,0.0],[84.38657,74.45767,0.0],[84.3978,74.44062,0.0],[84.43922,74.42552,0.0],[84.73276,74.3957,0.0],[84.76783,74.4099,0.0],[84.54184,74.4571,33.5636],[84.57862,74.46849,0.0],[84.67359,74.47761,9.1645],[84.85084,74.468,0.0],[84.89812,74.47138,0.0],[84.93483,74.482,15.5828]]],
[[[85.49537,74.49942,0.0],[85.63071,74.5113,0.0],[85.64479,74.54645,0.0],[85.61557,74.54947,0.0],[85.56446,74.56957,0.0],[85.53891,74.57441,0.0],[85.23748,74.57526,0.0],[85.17856,74.56074,0.0],[85.14812,74.53718,0.0],[85.16676,74.51187,0.0],[85.20851,74.48981,46.1843],[85.24781,74.47647,0.0],[85.31186,74.46564,20.646],[85.50131,74.46454,0.0],[85.49537,74.49942,0.0]]],
[[[85.98927,74.5773,35.0118],[85.93914,74.58246,12.205],[85.87477,74.57689,24.455],[85.82545,74.57819,0.0],[85.80299,74.57441,6.1887],[85.79054,74.56761,0.0],[85.75017,74.52729,0.0],[85.73463,74.50796,0.0],[85.72731,74.50178,0.0],[85.67465,74.48298,7.1305],[85.65846,74.47138,0.0],[85.70769,74.46507,0.0],[85.80372,74.44233,0.0],[85.85841,74.44404,0.0],[85.91733,74.46125,0.0],[85.97788,74.46943,0.0],[85.99171,74.47712,0.0],[86.00856,74.49189,31.2677],[85.99562,74.49262,40.0321],[85.9839,74.49616,42.6454],[85.97438,74.50263,38.0664],[85.96827,74.51236,27.8704],[85.99537,74.51606,0.0],[86.03907,74.51533,0.0],[86.07993,74.50869,0.0],[86.09791,74.49494,0.0],[86.11305,74.48725,0.0],[86.14747,74.49311,24.207],[86.2072,74.51236,0.0],[86.20216,74.53388,7.982],[86.16277,74.54458,4.6336],[86.07846,74.55524,23.2218],[85.98927,74.5773,35.0118]]],
[[[79.58863,74.5869,0.0],[79.61411,74.60175,0.0],[79.59718,74.60334,0.0],[79.56332,74.61225,0.0],[79.33375,74.62531,0.0],[79.29274,74.63589,0.0],[79.30201,74.63898,0.0],[79.31023,74.64354,0.0],[79.31658,74.64936,0.0],[79.32057,74.65632,0.0],[79.24431,74.65864,0.0],[79.20379,74.65143,0.0],[79.18279,74.62906,0.0],[79.26637,74.62043,0.0],[79.31072,74.60871,0.0],[79.31691,74.59081,0.0],[79.28321,74.57949,0.0],[79.24301,74.5882,0.0],[79.20102,74.60248,0.0],[79.16236,74.6079,0.0],[79.14869,74.6079,0.0],[79.19068,74.58808,0.0],[79.42905,74.52265,2.3627],[79.49,74.51691,3.7626],[79.53224,74.52603,0.0],[79.52125,74.55003,0.0],[79.54884,74.57001,0.0],[79.58863,74.5869,0.0]]],
[[[85.53736,74.80268,0.0],[85.49586,74.81387,0.0],[85.46664,74.81395,0.0],[85.4087,74.79003,0.0],[85.3462,74.7779,0.0],[85.11329,74.76569,0.0],[85.09669,74.7556,0.0],[85.11451,74.74584,0.0],[85.22706,74.7451,29.9354],[85.36573,74.75251,15.7389],[85.42799,74.74506,42.0235],[85.46176,74.73534,21.9533],[85.48406,74.7215,1.0518],[85.50603,74.71625,0.0],[85.60377,74.73827,0.0],[85.65504,74.72565,26.6872],[85.67897,74.72313,18.1068],[85.70623,74.73143,0.0],[85.68336,74.74087,0.0],[85.66196,74.75385,0.0],[85.65065,74.77114,0.0],[85.65846,74.79352,0.0],[85.63478,74.80272,0.0],[85.61036,74.80394,0.0],[85.55983,74.79975,0.0],[85.53736,74.80268,0.0]]],
[[[87.12208,74.95165,0.0],[87.02898,74.99152,0.0],[86.91578,74.98933,0.0],[86.71892,74.95478,0.0],[86.61866,74.95059,2.9009],[86.62525,74.95551,17.6151],[86.639169999999993,74.97224,33.5245],[86.52394,74.98697,0.0],[86.49513,74.97846,0.0],[86.51303,74.96573,0.0],[86.52931,74.95059,0.0],[86.50131,74.93065,0.0],[86.57358,74.91743,0.0],[86.5975,74.91706,13.1321],[86.56593,74.89692,0.0],[86.50945,74.89033,0.0],[86.32008,74.9003,30.3909],[86.29591,74.90648,3.344],[86.27125,74.91584,0.0],[86.25115,74.91865,0.0],[86.2326,74.91462,0.0],[86.21339,74.90339,0.0],[86.23032,74.89509,0.0],[86.27906,74.88251,7.1817],[86.28907,74.87202,10.5276],[86.29819,74.85765,0.0],[86.31983,74.8509,0.0],[86.36476,74.84813,14.9849],[86.46778,74.85497,14.8683],[86.49391,74.85261,15.9451],[86.54469,74.84247,0.0],[86.57081,74.84073,11.809],[86.73243,74.84951,38.3336],[86.87159,74.82046,14.7603],[86.91961,74.81981,36.1413],[86.94703,74.84073,12.8053],[86.82618,74.85126,0.0],[86.7798,74.86542,0.0],[86.7409,74.87132,29.4039],[86.69606,74.88703,21.0257],[86.68686,74.89594,15.8484],[86.69988,74.9101,19.4718],[86.72657,74.91621,18.4274],[86.85524,74.91283,16.2255],[86.92359,74.88874,4.3261],[86.94549,74.8841,30.3316],[86.99415,74.88373,1.2917],[87.05356,74.89081,7.6976],[87.07765,74.89964,22.1721],[87.12233,74.93256,37.6067],[87.13885,74.93692,30.0037],[87.12208,74.95165,0.0]]],
[[[82.15154,75.10863,0.0],[82.1504,75.12149,0.0],[82.14601,75.13296,0.0],[82.13657,75.14232,-0.4013],[82.11329,75.15864,0.0],[82.08253,75.15803,0.0],[82.05112,75.14619,0.0],[82.0267,75.12873,0.0],[82.05681,75.11791,-0.9146],[82.1504,75.09516,0.0],[82.15154,75.10863,0.0]]],
[[[82.13014,75.45722,-0.518],[82.1504,75.49921,-0.4816],[82.1504,75.50674,-0.513],[82.16375,75.50967,0.0],[82.1683,75.51288,0.0],[82.17075,75.51972,0.0],[81.95997,75.50975,0.0],[81.89698,75.49238,0.0],[81.90854,75.48566,0.0],[81.93678,75.48281,0.0],[81.95102,75.47875,-0.8196],[81.95102,75.46507,0.0],[81.93035,75.45921,0.0],[81.88771,75.45527,0.0],[81.86915,75.44404,0.0],[81.89527,75.4416,0.0],[81.9214,75.43301,5.4133],[81.94516,75.41962,0.0],[81.96534,75.40302,0.0],[81.93963,75.3935,0.0],[81.76824,75.38076,-0.0733],[81.73878,75.38251,3.7327],[81.77296,75.3968,0.0],[81.73194,75.40693,3.1243],[81.74122,75.42426,0.0],[81.77166,75.44497,0.0],[81.7933,75.46507,0.0],[81.7518,75.46328,0.0],[81.7116,75.45368,0.0],[81.52491,75.38125,0.0],[81.49244,75.36205,0.0],[81.51108,75.35029,0.0],[81.53435,75.34675,0.0],[81.58172,75.34846,0.0],[81.57618,75.3415,0.0],[81.55388,75.3205,0.0],[81.6408,75.2875,0.0],[81.68849,75.27704,0.0],[81.72511,75.28701,0.6773],[81.72055,75.29214,7.568],[81.71713,75.29816,8.4438],[81.7116,75.31428,1.7737],[81.73121,75.29914,5.9257],[81.75856,75.2932,-0.4402],[81.81398,75.29316,0.1233],[81.80201,75.31615,4.2548],[81.81764,75.32372,3.9324],[81.84539,75.32168,5.5599],[81.87078,75.3159,2.4999],[81.89698,75.26651,0.0],[81.89796,75.24885,0.0],[81.8943,75.23607,0.0],[81.89454,75.22394,0.0],[81.90659,75.20816,0.0],[81.93019,75.19196,0.0],[81.95639,75.18203,0.0],[81.98455,75.17739,0.0],[82.01303,75.17715,0.6849],[82.00563,75.18329,2.4983],[82.01287,75.19636,3.7199],[82.01173,75.20962,1.6831],[82.00424,75.22199,1.0182],[81.99269,75.23237,0.4085],[82.00115,75.24103,5.5299],[82.01092,75.24722,2.1119],[82.02174,75.25096,1.4677],[82.03395,75.25218,5.0483],[82.045419999999993,75.2558,6.1545],[82.04396,75.26411,0.0],[82.0337,75.2801,4.043],[82.03777,75.28925,3.8076],[82.05258,75.29816,8.4015],[82.05128,75.30711,0.0468],[82.0442,75.32197,5.555],[82.042,75.3299,5.9188],[82.04119,75.33784,4.9755],[82.07691,75.34614,18.0547],[82.24383,75.33275,-0.1016],[82.29428,75.33417,1.1079],[82.28126,75.34565,4.6938],[82.25229,75.36473,11.6787],[82.23959,75.37568,5.6062],[82.23121,75.38752,0.1372],[82.22535,75.39826,6.3759],[82.21778,75.40762,3.9642],[82.20395,75.41494,0.0],[82.15659,75.41983,0.0],[82.10369,75.41645,1.6944],[82.05291,75.41962,7.4465],[82.01303,75.44404,0.0],[82.13136,75.4243,0.0],[82.16456,75.43773,-0.6695],[82.13429,75.44082,-0.4422],[82.13014,75.45722,-0.518]]],
[[[81.63705,75.93476,0.0],[81.62761,75.93675,0.0],[81.60231,75.93745,0.0],[81.57765,75.93545,0.0],[81.55388,75.93061,0.0],[81.59327,75.91718,0.0],[81.67888,75.91315,0.0],[81.7614,75.89387,0.0],[82.22316,75.86042,0.0],[82.25904,75.87596,0.0],[82.22804,75.88703,0.0],[82.10955,75.88898,0.0],[81.68637,75.93146,0.0],[81.6364,75.93061,0.0],[81.63705,75.93476,0.0]]],
[[[92.65594,75.98896,46.4992],[92.56015,75.98517,0.0],[92.55747,75.98697,0.0],[92.54908,75.98607,0.0],[92.54558,75.98253,0.0],[92.55486,75.98111,0.0],[92.55844,75.9785,0.0],[92.55242,75.97586,0.0],[92.54908,75.97077,0.0],[92.54371,75.96548,0.0],[92.54469,75.96223,0.0],[92.55844,75.95893,0.0],[92.6478,75.95677,0.0],[92.65805,75.95987,0.0],[92.6635,75.96894,0.0],[92.67294,75.97736,41.2233],[92.67343,75.98286,38.3479],[92.65594,75.98896,46.4992]]],
[[[82.97002,75.97647,0.0],[82.69557,75.99063,0.0],[82.65748,75.99885,0.0],[82.56121,75.99885,0.0],[82.53614,75.99437,0.0],[82.46502,75.97224,0.0],[82.41529,75.96507,5.6456],[82.25904,75.97224,0.0],[82.27784,75.95539,0.0],[82.31642,75.94717,0.0],[82.38941,75.94428,9.7298],[82.53395,75.95795,0.0],[82.70729,75.94428,8.5789],[82.82399,75.95478,25.3763],[82.85613,75.94428,0.0],[82.84327,75.92487,0.0],[82.86232,75.91718,0.0],[82.91765,75.91694,0.0],[83.02467,75.93016,7.0459],[83.06153,75.93061,7.1038],[83.17449,75.91669,0.0],[83.2129,75.91694,4.1581],[83.27605,75.93073,0.0],[83.29713,75.9431,0.0],[83.27947,75.95628,0.0],[83.24448,75.96231,0.0],[82.97002,75.97647,0.0]]],
[[[97.04737,76.00633,7.3619],[97.17848,76.05414,37.3306],[97.30486,76.0834,27.7828],[97.33481,76.10253,0.0],[97.33481,76.10871,0.0],[97.2933,76.09634,0.0],[97.15805,76.08828,0.0],[96.74773,76.03099,0.0],[96.71315,76.02163,0.0],[96.69858,75.99579,0.0],[96.74806,75.98102,0.0],[97.04737,76.00633,7.3619]]],
[[[95.19728,76.16401,30.626],[95.19174,76.16503,28.8865],[95.17742,76.17084,1.644],[95.18181,76.18553,39.4193],[95.15895,76.20161,25.5466],[95.10157,76.22541,0.0],[95.08123,76.21857,0.0],[95.06715,76.201,0.0],[95.04884,76.19156,0.0],[95.00603,76.17768,0.0],[95.04705,76.16413,17.2729],[95.10157,76.15497,7.8139],[95.15594,76.15371,15.3772],[95.19728,76.16401,30.626]]],
[[[94.96372,76.26333,5.4569],[94.9992,76.27326,11.6227],[94.97039,76.27509,6.2389],[94.94402,76.28002,0.0],[94.92213,76.29243,0.0],[94.91407,76.29279,0.0],[94.90821,76.28889,0.0],[94.90309,76.28364,0.0],[94.89674,76.28002,0.0],[94.82244,76.26512,0.0],[94.74537,76.25959,0.0],[94.75221,76.25959,0.0],[94.73854,76.25336,0.0],[94.75359,76.25092,0.0],[94.77052,76.24266,0.0],[94.78688,76.23102,0.0],[94.79998,76.21857,0.0],[94.77866,76.21092,0.0],[94.4922,76.23908,0.0],[94.47185,76.23534,0.0],[94.41017,76.21239,0.0],[94.43474,76.20262,0.0],[94.4673,76.19367,0.0],[94.50025,76.18964,8.8015],[94.52565,76.1944,16.221],[94.55763,76.20441,25.6645],[94.58668,76.20189,30.4264],[94.615,76.19477,0.0],[94.78102,76.18122,0.0],[94.84889,76.1861,0.0],[94.90358,76.21239,25.7503],[94.89088,76.21992,14.714],[94.86622,76.2298,10.6882],[94.85524,76.23908,9.4637],[94.88868,76.25141,14.5614],[94.96372,76.26333,5.4569]]],
[[[96.28297,76.30927,0.0],[96.21957,76.30121,0.0],[96.17416,76.2766,0.0],[96.1443,76.24502,0.0],[96.12721,76.23526,0.6889],[96.10418,76.23163,18.0565],[96.07228,76.23579,57.9208],[96.06837,76.24677,74.4971],[96.07342,76.26227,102.7567],[96.06813,76.28002,42.1032],[96.02198,76.28685,17.3669],[95.87233,76.27953,41.8966],[95.84889,76.29434,49.0067],[95.81227,76.30292,7.4734],[95.76954,76.3006,0.0],[95.72706,76.29072,0.0],[95.61362,76.24535,0.0],[95.57016,76.23819,1.8315],[95.5337,76.24592,31.1435],[95.54103,76.25336,13.2845],[95.49252,76.28002,5.9143],[95.46949,76.28583,0.0],[95.34995,76.28876,0.0],[95.32488,76.28608,0.0],[95.31398,76.2766,0.0],[95.31186,76.26533,0.0],[95.30934,76.25642,0.0],[95.31088,76.2482,0.0],[95.3213,76.23908,0.0],[95.30836,76.23176,0.0],[95.26612,76.21857,0.0],[95.31056,76.20116,0.0],[95.67018,76.19815,21.664],[95.66334,76.19066,10.9587],[95.70411,76.17609,0.0],[95.89137,76.15363,8.2166],[96.18141,76.15469,0.0],[96.30177,76.1114,0.0],[96.34474,76.10505,0.0],[96.36964,76.11563,0.0],[96.35646,76.11807,0.0],[96.34441,76.12279,0.0],[96.3213,76.13605,0.0],[96.34547,76.14167,17.0485],[96.3777,76.14558,12.257],[96.40056,76.15518,18.8456],[96.39649,76.17768,8.9669],[96.37037,76.18989,18.358],[96.27752,76.20409,10.8154],[96.2461,76.20498,17.148],[96.27849,76.22224,8.3489],[96.38111,76.206,0.0],[96.42433,76.21239,0.0],[96.40773,76.22126,2.2207],[96.35532,76.2425,19.1973],[96.34685,76.25471,22.7313],[96.36313,76.26435,14.5109],[96.40382,76.27326,16.9895],[96.42555,76.27363,0.0],[96.44679,76.27163,0.0],[96.46705,76.26691,0.0],[96.56153,76.23163,20.031],[96.53712,76.21381,0.0],[96.52735,76.20319,0.0],[96.51987,76.19066,0.0],[96.53647,76.17333,0.0],[96.54949,76.16315,7.2573],[96.56666,76.15839,27.4763],[96.59555,76.15717,31.5018],[96.58969,76.17463,16.2723],[96.58123,76.18464,8.8722],[96.57838,76.19465,0.4187],[96.58937,76.21239,5.0049],[96.6067,76.22358,33.5402],[96.62973,76.23436,26.1733],[96.64633,76.24787,8.6561],[96.644049999999993,76.26704,0.0],[96.61557,76.26642,7.0611],[96.28297,76.30927,0.0]]],
[[[96.72462,76.34638,0.0],[96.57488,76.3415,0.0],[96.42726,76.34536,0.0],[96.38331,76.33527,13.1911],[96.43377,76.32111,0.0],[96.61061,76.32323,30.4562],[96.62973,76.31639,0.9774],[96.66188,76.29808,2.0416],[96.68474,76.29434,0.0],[96.69793,76.29751,9.4526],[96.70493,76.30524,9.8728],[96.71062,76.31436,9.7635],[96.71974,76.32225,18.4053],[96.73146,76.32559,20.5736],[96.75522,76.32844,4.5938],[96.76694,76.33527,0.0],[96.72462,76.34638,0.0]]],
[[[96.88526,76.35537,0.0],[96.85401,76.35566,0.0],[96.82838,76.3415,0.0],[96.86557,76.33006,0.0],[96.8768,76.32225,0.0],[96.81577,76.30366,0.0],[96.78102,76.28071,0.0],[96.74301,76.27058,0.0],[96.72584,76.25959,0.0],[96.74024,76.25202,0.0],[96.73113,76.23847,0.0],[96.71697,76.22272,0.0],[96.71599,76.20869,5.7957],[96.72096,76.20148,2.4092],[96.72543,76.1872,12.2582],[96.72934,76.1811,6.9066],[96.74301,76.17544,0.0],[96.76092,76.17642,5.5019],[96.90895,76.2204,88.7787],[96.94174,76.2263,94.8708],[97.01026,76.22993,71.8005],[97.04127,76.23908,20.9635],[96.92994,76.26154,0.0],[96.89666,76.2565,0.0],[96.84555,76.22573,0.0],[96.8187,76.21418,0.0],[96.78736,76.21239,0.0],[96.81227,76.23115,0.0],[96.83497,76.2534,11.6245],[96.85955,76.27216,29.234],[96.89015,76.28002,41.9657],[96.98561,76.28217,29.8177],[97.03053,76.29027,50.3469],[97.07545,76.30801,0.0],[97.05299,76.31485,0.0],[97.04314,76.3203,6.4911],[97.03443,76.32844,7.3175],[97.03142,76.34186,0.0],[97.00514,76.34321,0.0],[96.94516,76.33991,0.0],[96.88526,76.35537,0.0]]],
[[[113.26173,76.39671,1.106],[113.27223,76.40526,4.285],[113.30942,76.42349,1.0004],[113.26433,76.44432,0.4946],[113.20826,76.43305,0.0],[113.15504,76.40542,0.0],[113.11769,76.3769,0.0],[113.13754,76.36945,0.0],[113.29249,76.36323,6.4221],[113.41293,76.36034,1.4296],[113.44663,76.36945,0.0],[113.4087,76.38711,0.0],[113.30567,76.38646,0.0],[113.26173,76.39671,1.106]]],
[[[94.31642,76.58967,0.0],[94.1631,76.59601,0.0],[93.9441,76.61644,0.0],[93.8864,76.60004,0.0],[93.86834,76.58857,0.0],[94.36232,76.5749,0.0],[94.31642,76.58967,0.0]]],
[[[112.51857,76.61579,0.0],[112.52809,76.62271,0.0],[112.49781,76.62987,0.0],[112.41481,76.63642,0.0],[112.38844,76.65388,0.0],[112.3672,76.65815,0.0],[112.344,76.65949,0.0],[112.32936,76.65742,0.0],[112.3213,76.6494,0.0],[112.31544,76.62995,2.2966],[112.30893,76.62271,0.0],[112.27223,76.61555,0.0],[112.14584,76.63695,0.0],[111.96632,76.63007,0.0],[111.97486,76.6225,0.0],[111.98463,76.61766,0.0],[111.99562,76.61567,0.0],[112.01417,76.61644,0.0],[112.02101,76.60961,0.0],[111.98902,76.61009,0.0],[111.9734,76.6081,0.0],[111.95883,76.6022,0.0],[112.04566,76.58796,0.0],[112.06568,76.57831,6.31],[112.08131,76.56395,0.0],[112.09889,76.55439,3.0686],[112.1194,76.54922,6.7183],[112.25701,76.5458,11.039],[112.31007,76.534,7.1985],[112.35678,76.50658,4.4693],[112.38803,76.48298,5.0583],[112.42311,76.46573,6.1628],[112.4629,76.45502,5.0584],[112.56788,76.44351,6.6945],[112.60084,76.44465,0.0],[112.61801,76.45881,0.0],[112.61411,76.4704,0.0],[112.60174,76.48306,4.127],[112.58692,76.49384,4.4156],[112.57594,76.49974,6.0877],[112.59848,76.50633,0.0],[112.67189,76.50658,0.0],[112.68719,76.50849,0.0],[112.70533,76.51337,0.0],[112.71412,76.52045,0.0],[112.70094,76.52871,0.0],[112.65455,76.53266,0.0],[112.54762,76.52749,0.0],[112.50758,76.54072,7.6178],[112.52345,76.54531,5.6636],[112.5547,76.54902,0.0],[112.56967,76.555,0.0],[112.55714,76.55952,0.0],[112.53248,76.56379,0.0],[112.52068,76.56806,0.0],[112.5276,76.57111,0.0],[112.54135,76.57892,0.0],[112.54851,76.58173,0.0],[112.50172,76.59545,0.0],[112.4865,76.6022,2.1695],[112.50847,76.61017,0.0],[112.51857,76.61579,0.0]]],
[[[96.46795,76.70759,0.0],[96.46583,76.71206,0.0],[96.38331,76.70527,0.0],[96.33375,76.70978,0.0],[96.29623,76.70563,0.0],[96.23243,76.71206,0.0],[96.21778,76.70889,0.0],[96.19402,76.69477,0.0],[96.08009,76.66816,0.0],[96.00416,76.67963,45.6157],[95.96437,76.67646,34.978],[95.92563,76.66592,0.0],[95.8899,76.65062,0.0],[95.89527,76.64399,1.2498],[95.89666,76.63565,0.0],[95.89438,76.62617,0.0],[95.8899,76.61644,0.0],[95.94418,76.60961,0.6663],[95.9572,76.61164,0.5438],[95.98268,76.62067,23.6829],[95.99635,76.62271,27.6954],[96.09205,76.6142,12.3435],[96.15431,76.6232,35.4565],[96.25294,76.61644,26.7405],[96.31349,76.62254,0.0],[96.34596,76.6308,0.0],[96.36964,76.64322,0.0],[96.36134,76.66547,35.9085],[96.39422,76.67988,0.0],[96.47202,76.6916,0.0],[96.46795,76.70759,0.0]]],
[[[95.59547,76.67642,0.0],[95.55405,76.70527,0.0],[95.52084,76.71678,0.0],[95.48634,76.71654,0.0],[95.417,76.70527,2.6557],[95.43775,76.68952,4.7239],[95.44256,76.68138,0.0],[95.43735,76.67109,0.0],[95.47975,76.65424,26.7521],[95.52866,76.64875,30.9405],[95.68442,76.65107,0.0],[95.79265,76.66934,0.0],[95.81967,76.6789,5.6191],[95.83473,76.6916,4.3856],[95.73365,76.69843,42.9771],[95.71127,76.69477,27.1735],[95.67058,76.67988,0.0],[95.65024,76.67792,0.0],[95.61915,76.6704,0.0],[95.59547,76.67642,0.0]]],
[[[95.12916,76.70673,0.0],[95.12892,76.71206,0.0],[95.12208,76.7189,0.0],[95.0866,76.69184,0.0],[95.06593,76.68138,0.0],[95.04672,76.67959,0.0],[95.01588,76.68403,0.0],[94.86785,76.67398,0.0],[94.83904,76.66791,0.0],[94.81764,76.654,0.0],[94.82146,76.64273,0.0],[94.84669,76.63784,0.0],[95.11842,76.65062,0.0],[95.22779,76.63996,27.2986],[95.28517,76.64252,0.0],[95.32748,76.66425,0.0],[95.31186,76.66828,0.0],[95.26612,76.67109,0.0],[95.19663,76.68675,0.0],[95.1631,76.70527,0.0],[95.15065,76.70669,0.0],[95.13795,76.70604,0.0],[95.12916,76.70673,0.0]]],
[[[97.5652,76.58674,12.316],[97.5962,76.6022,0.0],[97.52198,76.61738,0.0],[97.48487,76.63028,0.0],[97.47633,76.65034,8.0154],[97.47853,76.67259,0.0],[97.46754,76.69672,0.0],[97.4463,76.71475,2.3942],[97.41814,76.7189,0.0],[97.38413,76.71459,0.0],[97.32569,76.69587,0.0],[97.28826,76.6916,0.0],[97.30535,76.68439,0.0],[97.35597,76.67792,30.0442],[97.37192,76.67231,32.7594],[97.37721,76.66901,29.9387],[97.379409999999993,76.66421,14.1862],[97.38697,76.654,0.0],[97.39137,76.63496,0.0],[97.37029,76.62421,0.0],[97.31495,76.60961,0.0],[97.34311,76.59931,26.4368],[97.417,76.59894,27.0689],[97.48439,76.58564,0.0],[97.5254,76.58222,0.0],[97.5652,76.58674,12.316]]],
[[[97.64601,76.75381,8.9309],[97.64568,76.75621,5.3967],[97.64617,76.75902,0.0],[97.64308,76.76313,1.748],[97.64267,76.7676,14.4617],[97.63901,76.7731,0.0],[97.51775,76.77098,0.0],[97.5101,76.76675,0.0],[97.16074,76.75361,0.0],[97.16692,76.74571,12.6209],[97.44752,76.74234,8.2821],[97.451669999999993,76.73998,7.8979],[97.45069,76.7368,0.0],[97.44833,76.73314,0.0],[97.44939,76.72753,0.0],[97.45403,76.7213,0.9089],[97.45981,76.71845,8.6162],[97.52084,76.74429,29.0427],[97.56552,76.75231,13.3003],[97.58115,76.75149,6.1609],[97.62306,76.73749,12.2742],[97.6386,76.74132,15.8126],[97.64796,76.7486,2.5037],[97.64601,76.75381,8.9309]]],
[[[88.98926,76.98988,0.0],[89.01869,77.01308,0.0],[88.96884,77.03943,0.0],[89.04494,77.07709,0.0],[89.09858,77.0986,0.0],[89.1359,77.12711,0.0],[89.04713,77.14089,0.0],[88.78565,77.12357,0.0],[88.66388,77.08035,0.0],[88.69981,77.03972,0.0],[88.81633,76.98541,0.0],[88.91957,76.9771,0.0],[88.98926,76.98988,0.0]]],
[[[90.24952,77.12983,0.0],[90.25611,77.13508,0.0],[90.25978,77.14053,0.0],[90.25733,77.14411,0.0],[90.23268,77.14704,0.0],[90.1714,77.14155,0.0],[90.12444,77.12857,0.0],[90.12599,77.12075,0.0],[90.24952,77.12983,0.0]]],
[[[96.47722,77.08222,6.6771],[96.58937,77.14411,0.0],[96.56642,77.1562,0.0],[96.54575,77.19355,0.0],[96.52735,77.20551,0.0],[96.46217,77.21027,0.0],[96.44321,77.20726,0.0],[96.30201,77.16063,0.0],[96.00343,77.11789,0.0],[95.70484,77.07514,0.0],[95.58082,77.07856,0.0],[95.42066,77.05549,0.0],[95.36451,77.03718,0.0],[95.28541,77.02436,0.0],[95.25017,77.01044,0.0],[95.23194,77.00629,0.0],[95.25709,76.9916,0.0],[95.51857,77.00263,3.857],[95.78004,77.01366,23.9399],[95.86988,77.03046,20.2302],[95.91847,77.03071,18.9797],[95.95143,77.01366,8.8043],[95.917,77.00239,0.0],[95.79713,76.99262,3.1253],[95.78631,76.98949,2.3527],[95.75953,76.9759,0.0],[95.72828,76.96988,0.0],[95.69972,76.95637,0.0],[95.68442,76.9523,0.0],[96.0066,76.98579,4.6826],[96.08172,77.00283,8.9156],[96.1198,77.00674,12.284],[96.19125,76.98843,8.0456],[96.23504,76.99046,4.4923],[96.27752,76.99982,0.0],[96.30763,77.01366,0.0],[96.29469,77.0161,0.0],[96.28273,77.01972,0.0],[96.2728,77.02538,4.292],[96.26596,77.03425,3.2321],[96.31983,77.04491,0.3156],[96.35963,77.06004,8.177],[96.438,77.069,4.9737],[96.47722,77.08222,6.6771]]],
[[[90.69158,77.23623,0.0],[90.6989,77.24628,0.0],[90.66586,77.25153,0.0],[90.62452,77.24746,0.0],[90.59262,77.24099,0.0],[90.59783,77.23481,0.0],[90.61443,77.23017,0.0],[90.69158,77.23623,0.0]]],
[[[105.91196,77.27627,25.5881],[105.98072,77.2792,0.0],[106.01149,77.28742,4.5369],[105.97039,77.30508,0.0],[105.90268,77.30402,0.0],[105.78492,77.28059,0.0],[105.80445,77.26642,0.0],[105.83277,77.25678,8.1084],[105.86183,77.25487,18.8983],[105.91196,77.27627,25.5881]]],
[[[89.7468,77.16442,0.0],[89.81702,77.21059,0.0],[89.72755,77.24408,-0.3953],[89.68922,77.28059,-0.4781],[89.65317,77.30244,0.0],[89.60401,77.31257,0.0],[89.30437,77.30793,0.0],[89.26629,77.29829,0.0],[89.21306,77.2779,0.0],[89.16293,77.24995,0.0],[89.13461,77.21772,0.0],[89.18523,77.19623,0.0],[89.30122,77.14722,0.0],[89.49279,77.14076,0.0],[89.7468,77.16442,0.0]]],
[[[106.42897,77.31078,16.7624],[106.45655,77.3216,0.0],[106.43409,77.32795,0.0],[106.40846,77.331,0.0],[106.38282,77.32941,0.0],[106.36118,77.32193,0.0],[106.33302,77.3216,0.0],[106.35401,77.3072,34.2326],[106.39039,77.30475,34.1261],[106.42897,77.31078,16.7624]]],
[[[107.5774,77.33198,0.0],[107.52662,77.34341,0.0],[107.46949,77.34797,0.0],[107.44223,77.35444,0.0],[107.39536,77.36026,0.0],[107.35621,77.34569,0.0],[107.27955,77.3017,0.0],[107.31983,77.28734,15.7893],[107.41358,77.28986,23.0909],[107.45704,77.28059,35.316],[107.42319,77.26984,3.6273],[107.23797,77.25332,0.0],[107.22153,77.24787,0.0],[107.20729,77.24038,0.0],[107.20484,77.23432,0.0],[107.22429,77.23338,0.0],[107.24708,77.23973,0.0],[107.27223,77.24055,0.0],[107.34457,77.23286,0.0],[107.6255,77.26797,25.7418],[107.69744,77.26699,17.8186],[107.72169,77.26972,0.0],[107.72023,77.27668,0.0],[107.70899,77.28559,7.4127],[107.70411,77.29426,29.5179],[107.71453,77.30191,25.2811],[107.73024,77.30606,19.3011],[107.74317,77.31306,14.2224],[107.74513,77.32905,0.0],[107.72975,77.33747,0.0],[107.70004,77.33808,0.0],[107.66896,77.33417,0.0],[107.64894,77.32905,0.0],[107.63404,77.32933,0.0],[107.6058,77.3286,0.0],[107.5774,77.33198,0.0]]],
[[[106.83041,77.4726,0.0],[106.73032,77.47045,0.0],[106.6823,77.45783,0.0],[106.66228,77.44912,0.0],[106.63754,77.44335,0.0],[106.58416,77.44587,0.0],[106.55958,77.4383,0.0],[106.56235,77.42154,0.0],[106.5267,77.4055,0.0],[106.52475,77.39045,0.0],[106.64145,77.3791,22.2147],[106.70094,77.38361,41.1014],[106.75196,77.41161,4.3209],[106.74448,77.41779,16.6701],[106.76612,77.42646,31.9849],[106.79078,77.42577,36.5358],[106.8401,77.41779,1.5313],[106.86476,77.41901,5.225],[106.88111,77.42455,11.0367],[106.8825,77.43374,21.7105],[106.86118,77.44575,0.0],[106.88038,77.4455,0.0],[106.92547,77.45234,0.0],[106.94313,77.45873,0.0],[106.92482,77.46703,0.0],[106.87713,77.46597,0.0],[106.83041,77.4726,0.0]]],
[[[92.03273,77.58808,0.0],[92.09498,77.60505,0.0],[92.11012,77.61091,0.0],[92.11036,77.62165,0.0],[92.07887,77.62832,0.0],[92.06227,77.62995,3.1747],[91.94361,77.64395,4.8343],[91.89129,77.64179,20.3259],[91.86598,77.62865,0.5977],[91.88087,77.61201,0.9895],[91.91114,77.60025,0.0],[91.98455,77.58723,0.0],[92.03273,77.58808,0.0]]],
[[[104.32569,77.72997,0.0],[104.29029,77.73753,0.0],[104.17286,77.72687,0.0],[104.0608,77.73554,0.0],[104.02329,77.7331,0.0],[103.85108,77.70043,0.0],[103.79127,77.67699,0.0],[103.72869,77.66844,0.0],[103.59254,77.63158,0.0],[103.35597,77.61953,1.8471],[103.31821,77.63007,7.7703],[103.29396,77.64029,0.0],[103.29713,77.65058,0.0],[103.25685,77.66376,0.0],[103.19663,77.65892,0.0],[102.94907,77.5891,0.0],[102.89926,77.58226,0.0],[102.91342,77.56122,0.0],[102.92042,77.55492,0.0],[102.88901,77.54633,0.0],[102.56935,77.50121,0.0],[102.4712,77.46454,0.0],[102.40992,77.43065,0.0],[102.33131,77.41161,0.0],[102.30983,77.40111,0.0],[102.29168,77.38972,0.0],[102.27076,77.38056,0.0],[102.24106,77.37686,0.0],[102.22869,77.37958,0.0],[102.22006,77.38605,0.0],[102.21412,77.39289,0.0],[102.20851,77.39728,0.0],[102.19402,77.40062,0.0],[102.15773,77.40229,0.0],[102.07569,77.39118,0.0],[102.04314,77.3806,0.0],[102.03663,77.36319,0.0],[101.7881,77.26887,0.0],[101.58367,77.22232,0.0],[101.43198,77.159,0.0],[101.20704,77.09854,0.0],[101.17465,77.08308,0.0],[101.16635,77.06147,0.0],[101.17709,77.05923,0.0],[101.22389,77.05565,0.0],[101.23805,77.05097,0.0],[101.23854,77.04462,0.0],[101.2339,77.03803,0.0],[101.23211,77.03034,0.0],[101.24147,77.02058,0.0],[101.23585,77.01728,0.0],[101.23463,77.00629,0.0],[101.20631,76.98603,0.0],[101.15089,76.98428,0.0],[101.0503,76.99262,0.0],[100.9572,76.98713,0.0],[100.91928,76.9759,0.0],[100.9336,76.9523,0.0],[100.87208,76.8994,0.0],[100.85768,76.87324,0.0],[100.8921,76.86909,0.0],[100.88901,76.86164,0.0],[100.88478,76.85541,0.0],[100.87892,76.85025,0.0],[100.87143,76.84585,0.0],[100.86411,76.83804,0.0],[100.87257,76.83259,0.0],[100.89576,76.82534,0.0],[100.91432,76.81232,0.0],[100.98129,76.78718,0.0],[101.04322,76.77704,29.397],[101.17189,76.77603,25.0043],[101.23463,76.76728,30.837],[101.21852,76.74828,0.0],[101.188,76.73737,0.0],[101.15358,76.73273,0.0],[101.12599,76.73261,0.0],[101.136,76.71833,0.0],[101.13624,76.70498,0.0],[101.12778,76.6933,0.0],[101.11183,76.68415,0.0],[101.12599,76.67792,0.0],[101.11752,76.66503,0.0],[101.11451,76.65184,0.0],[101.10865,76.6398,0.0],[101.09116,76.63007,0.0],[101.0949,76.62694,0.0],[101.10108,76.61953,0.0],[101.10483,76.61644,0.0],[101.03679,76.58161,0.0],[101.00945,76.5749,0.0],[100.90984,76.56395,0.0],[100.87827,76.555,0.0],[100.9192,76.55292,0.0],[101.03598,76.52021,17.6951],[101.37525,76.51406,17.1524],[101.55055,76.49234,1.7428],[101.54363,76.49152,1.4304],[101.52263,76.48615,0.6797],[101.56365,76.47309,0.6287],[101.7531,76.4702,1.743],[101.92042000000001,76.44693,25.2717],[101.96111,76.43549,2.5519],[102.10467,76.41828,90.7233],[102.15138,76.41852,75.8074],[102.17384,76.41547,84.7783],[102.1963,76.40884,82.8878],[102.24952,76.38312,61.0123],[101.85971,76.40058,0.0014],[101.81568,76.4077,0.5103],[101.7964,76.42036,0.0967],[101.77858,76.43842,0.6151],[101.73829,76.45026,0.5535],[101.41961,76.46442,0.2581],[101.31617,76.48395,-0.1085],[101.29908,76.48212,-0.063],[101.26254,76.47187,-0.0082],[101.01564,76.45881,13.3691],[101.02491,76.468,0.9748],[101.0464,76.47712,0.6618],[101.05714,76.48615,-0.1294],[101.0193,76.5034,0.5889],[100.9275,76.51057,23.251],[100.88893,76.53022,0.0],[100.85108,76.54011,0.0],[100.79428,76.53213,0.0],[100.69337,76.50658,0.0],[100.30445,76.46186,0.0],[100.26149,76.47256,0.0],[100.2295,76.49225,0.0],[99.89243,76.48896,0.0],[99.7798,76.47533,0.0],[99.50856,76.46874,0.0],[99.20387,76.49527,0.0],[98.87477,76.52094,0.0],[98.84889,76.51728,0.0],[98.83318,76.5069,0.0],[98.82691,76.4997,0.0],[98.82154,76.49771,0.0],[98.81788,76.49421,0.0],[98.81642,76.48241,0.0],[98.82,76.47773,0.0],[98.82814,76.47333,0.0],[98.84523,76.46727,0.0],[98.92408,76.44977,9.3447],[98.94028,76.44282,0.775],[98.98715,76.4138,0.0],[99.01108,76.40461,0.0],[99.02019,76.39948,0.0],[99.02809,76.38988,0.0],[99.02019,76.36237,0.0],[99.06617,76.35309,0.0],[99.26498,76.35224,8.1466],[99.3152,76.34129,10.2202],[99.35401,76.31855,10.8316],[99.3733,76.29475,0.0],[99.3838,76.28437,0.0],[99.39487,76.28002,0.0],[99.55584,76.279,27.6521],[99.59067,76.27241,20.2035],[99.615,76.25507,0.9411],[99.62387,76.22199,0.3815],[99.64308,76.19628,1.5288],[99.68751,76.18049,1.5341],[99.7754,76.16401,10.0151],[99.79835,76.1562,10.5909],[99.80274,76.15086,5.0668],[99.80193,76.14346,1.033],[99.80958,76.12922,11.453],[99.82504,76.11986,1.0528],[99.86573,76.10765,6.4227],[99.87778,76.09569,10.8927],[99.86891,76.06997,0.0],[99.84148,76.04621,0.0],[99.82521,76.02436,21.5865],[99.84913,76.00438,0.0],[99.87452,75.99331,0.0],[99.89991,75.97573,0.0],[99.91334,75.95327,1.7353],[99.90235,75.92719,1.6878],[99.85987,75.89948,0.0],[99.71339,75.86237,1.541],[99.67612,75.83934,2.6917],[99.64527,75.81208,0.0],[99.61264,75.78929,0.0],[99.57065,75.77973,0.0],[99.424,75.79344,12.3715],[99.54518,75.81782,3.5888],[99.61476,75.83723,3.5773],[99.67921,75.87596,0.0],[99.67482,75.88496,0.0],[99.67652,75.89248,0.0],[99.68946,75.90705,0.0],[99.69166,75.91376,0.0],[99.6902,75.92231,0.0],[99.68751,75.93171,0.0],[99.68426,75.95161,0.0],[99.68149,75.95905,0.0],[99.68181,75.96601,0.0],[99.68946,75.97529,13.2449],[99.70281,75.98481,15.6172],[99.73178,75.99999,23.0421],[99.74464,76.00975,31.8664],[99.76246,76.0351,1.1285],[99.75489,76.04902,1.7596],[99.6836,76.07807,1.6563],[99.6631,76.08291,1.6877],[99.64283,76.08381,0.9114],[99.6277,76.07836,1.1279],[99.61183,76.07001,1.1233],[99.59132,76.06533,1.3555],[99.57106,76.0644,21.8234],[99.55567,76.06778,17.1342],[99.57618,76.08149,0.0],[99.54957,76.08149,0.6908],[99.5171,76.086,14.2296],[99.48707,76.09512,0.0],[99.46754,76.10871,25.1013],[99.58229,76.12311,0.0],[99.59978,76.13056,4.0566],[99.59669,76.1398,0.0],[99.57423,76.1551,0.0],[99.56178,76.15705,0.0],[99.51979,76.14741,0.0],[99.40113,76.14716,0.0],[99.26149,76.12922,0.0],[99.21437,76.12995,8.0718],[99.17286,76.13764,29.9275],[99.09018,76.16401,32.0233],[99.23414,76.16401,24.268],[99.20004,76.17768,18.5576],[99.22047,76.19115,0.8014],[99.24497,76.19868,0.0],[99.29558,76.20498,0.0],[99.2741,76.21686,0.0],[99.23504,76.22358,0.0],[99.1937,76.22443,0.0],[99.16529,76.21857,0.0],[99.17213,76.21239,0.0],[98.93287,76.22541,0.0],[98.91334,76.22118,0.0],[98.862799999999993,76.20246,0.0],[98.83692,76.19815,0.0],[98.74244,76.19843,32.0364],[98.71274,76.20498,26.0086],[98.72869,76.21247,19.1134],[98.76588,76.2224,29.3252],[98.78297,76.23163,28.4705],[98.78932,76.23965,25.1948],[98.79444,76.24921,16.6961],[98.80201,76.25886,0.0],[98.81642,76.26704,0.0],[98.57618,76.23163,0.0],[98.40431,76.18427,0.0],[98.34311,76.17768,0.0],[98.16538,76.17829,0.0],[98.15105,76.17426,0.0],[98.14357,76.16852,0.0],[98.12859,76.15331,0.0],[98.11842,76.1481,13.2719],[98.09604,76.14639,0.0],[98.05177,76.15681,0.0],[98.0276,76.15717,0.0],[97.97145,76.14399,0.0],[97.91774,76.12299,0.0],[98.01873,76.10529,0.0],[98.21998,76.10253,27.3579],[98.19972,76.10122,33.1677],[98.16139,76.09081,0.0],[98.14389,76.08828,0.0],[98.09547,76.08784,0.0],[97.96046,76.0622,0.0],[97.91285,76.05931,0.0],[97.86988,76.06778,5.6765],[97.87729,76.07526,0.0],[97.79859,76.09455,0.0],[97.71217,76.0961,0.0],[97.62582,76.08194,0.0],[97.54835,76.05414,0.0],[97.5796,76.0478,0.0],[97.6714,76.05414,0.7026],[97.70094,76.0515,12.5033],[97.82057,76.01878,16.3825],[97.83619,76.00902,9.6615],[97.84254,75.99238,4.7606],[97.8239,75.9881,0.0],[97.70607,75.97842,0.0],[97.68474,75.97907,0.0],[97.63795,75.98994,0.0],[97.51922,75.99177,23.4884],[97.45607,75.98334,0.0],[97.39438,75.98871,0.0],[97.365,75.98387,0.0],[97.31715,75.96528,0.0],[97.31349,75.9549,0.0],[97.3423,75.94428,7.9847],[97.31227,75.93452,0.0],[97.21949,75.92866,0.0],[97.18531,75.93061,0.0],[97.19825,75.94237,31.4286],[97.21355,75.9492,20.8865],[97.24676,75.95795,4.7199],[97.19874,75.97582,0.0],[97.19158,75.98212,0.0],[97.19923,75.99311,18.0509],[97.39682,76.04731,0.0],[97.25099,76.0434,0.0],[97.20582,76.03364,0.9517],[97.06178,75.98583,0.0],[97.00261,75.97525,0.0],[96.98976,75.96882,0.0],[96.9795,75.95946,9.3592],[96.95045,75.94082,0.0],[96.93784,75.9357,0.0],[96.86297,75.92805,0.0],[96.83058,75.91543,0.0],[96.83522,75.88898,0.0],[96.78517,75.89061,12.2175],[96.68637,75.90672,0.0],[96.63722,75.90327,0.0],[96.56625,75.88496,0.0],[96.46144,75.87189,2.5217],[96.438,75.87596,20.3528],[96.46388,75.88003,17.6182],[96.5739,75.93757,25.0137],[96.63543,75.96166,43.7806],[96.66456,75.9654,39.5444],[96.63868,75.98469,0.0],[96.59099,75.98729,0.0],[96.50001,75.97842,0.0],[96.50961,75.98871,12.4843],[96.52125,75.99641,11.6439],[96.53435,76.0021,22.4103],[96.54786,76.00633,0.0],[96.51857,76.01577,0.0],[96.47983,76.01561,0.0],[96.44044,76.00951,0.0],[96.40919,76.00088,0.0],[96.37452,75.99535,0.0],[96.30112,75.99934,0.0],[96.26596,75.99266,0.0],[96.28248,75.98501,26.2866],[96.30201,75.97834,0.0],[96.3226,75.97362,0.0],[96.34181,75.97224,0.0],[96.30926,75.95881,0.0],[96.17311,75.9499,0.0],[96.13014,75.95478,8.7633],[96.10515,75.96088,0.0],[96.07643,75.96157,0.0],[95.99187,75.95034,0.0],[95.93727,75.94916,0.0],[95.88893,75.93342,0.0],[95.84246,75.92451,0.0],[95.82097,75.91694,0.0],[95.79021,75.89647,0.0],[95.77369,75.8828,0.0],[95.76637,75.87287,0.0],[95.73951,75.85643,0.0],[95.67888,75.86213,0.0],[95.57521,75.88898,44.1955],[95.60548,75.89863,64.7168],[95.67848,75.89883,14.9839],[95.71144,75.90705,31.0549],[95.85133,75.97431,78.3986],[95.91847,75.98941,15.6667],[95.95143,75.99266,15.9267],[95.98666,75.99095,0.0],[96.00489,75.99335,0.0],[96.01271,76.00263,23.6238],[96.00807,76.00934,0.2347],[95.97869,76.03364,44.1055],[96.05095,76.04678,21.537],[96.07496,76.04731,0.0],[96.06121,76.05964,0.0],[96.03924,76.06342,0.0],[95.99293,76.06159,5.3165],[96.03761,76.08137,23.0673],[96.1434,76.07587,0.0],[96.19256,76.07978,18.7066],[96.19646,76.08755,33.9109],[96.17726,76.09626,0.0],[96.13705,76.10712,6.0563],[96.11052,76.11066,0.0],[96.0267,76.10871,1.9023],[95.97511,76.1142,21.1551],[95.87289,76.13813,4.7021],[95.38982,76.16401,0.0],[95.34132,76.15497,0.0],[95.25506,76.1232,0.0],[95.15333,76.13223,0.0],[95.05543,76.11201,0.0],[94.93214,76.11176,25.9845],[94.90984,76.11563,25.0639],[94.89039,76.12324,32.8464],[94.85475,76.14265,40.3539],[94.83473,76.14973,42.7442],[94.57276,76.15998,0.0],[94.53989,76.14973,0.0],[94.64991,76.14912,27.9889],[94.70981,76.13947,14.584],[94.73854,76.11563,0.0],[94.65691,76.11302,0.0],[94.60434,76.09955,0.0],[94.58676,76.09235,0.0],[94.58717,76.08462,0.0],[94.615,76.07526,7.795],[94.59547,76.06391,28.5094],[94.57301,76.06118,27.1828],[94.52622,76.06159,24.9241],[94.4808,76.05183,38.2905],[94.45948,76.0517,39.3873],[94.43678,76.06159,19.5356],[94.47153,76.07526,0.662],[94.45191,76.0847,39.6674],[94.4284,76.09174,32.646],[94.40406,76.09565,11.1158],[94.38233,76.09569,11.8847],[94.39479,76.10871,2.5797],[94.38966,76.11652,34.2214],[94.3742,76.12079,29.7226],[94.32895,76.12385,15.2194],[94.27516,76.11725,0.0],[94.25025,76.11054,0.0],[94.20135,76.1048,0.0],[94.10231,76.1225,6.6868],[93.6858,76.13227,0.0],[93.63551,76.12299,0.0],[93.65252,76.11701,0.0],[93.67433,76.09935,0.0],[93.68979,76.09569,0.0],[93.78354,76.10297,35.096],[93.80681,76.09911,37.0369],[93.85532,76.07836,0.0],[93.8816,76.07368,0.0],[93.93491,76.08047,41.0603],[93.95574,76.07518,32.6013],[93.99871,76.05414,0.0],[93.9607,76.04833,11.8004],[93.84791,76.05414,1.2097],[93.8274,76.05158,0.0],[93.785,76.04145,19.6419],[93.76531,76.04047,14.3106],[93.74822,76.04499,6.2249],[93.72096,76.05874,0.0],[93.70395,76.06159,0.0],[93.68483,76.05972,0.0],[93.62818,76.04731,0.0],[93.5547,76.05028,0.0],[93.53191,76.04731,0.0],[93.46323,76.01948,0.0],[93.42701,76.01203,0.0],[93.38795,76.02066,24.6675],[93.41586,76.03905,41.3662],[93.42205,76.04731,26.1686],[93.37574,76.05097,27.5958],[93.35222,76.0572,16.8525],[93.33383,76.06778,10.1064],[93.35336,76.08072,2.0994],[93.42945,76.09911,49.726],[93.43035,76.10688,36.0402],[93.31349,76.10627,0.0],[93.25913,76.09638,23.7434],[93.12094,76.09569,0.0],[93.14625,76.08568,0.0],[93.21949,76.07062,0.0],[93.2308,76.05414,0.0],[93.2107,76.04328,0.0],[93.12599,76.02436,0.0],[93.10108,76.02375,7.5253],[93.09523,76.02778,0.0],[93.05193,76.06525,0.0],[93.0407,76.07148,0.0],[93.02491,76.07526,0.0],[92.99342,76.0742,0.0],[92.95248,76.06684,0.0],[92.92384,76.05329,0.0],[92.92921,76.03364,0.0],[92.91407,76.02904,0.0],[92.91163,76.01797,0.0],[92.91814,76.00438,0.0],[92.92921,75.99266,0.0],[92.85141,75.97578,0.0],[92.82683,75.9654,0.0],[92.85353,75.95527,0.0],[92.88429,75.93403,0.0],[92.9017,75.91291,0.0],[92.88819,75.90327,0.0],[92.88819,75.89647,0.0],[93.00701,75.88666,0.0],[93.07146,75.88939,5.8487],[93.107919999999993,75.91079,22.2954],[93.07203,75.9125,14.7723],[93.00025,75.92853,0.0],[92.96404,75.93061,19.8308],[93.00587,75.94404,31.5057],[93.1421,75.95795,2.8169],[93.23121,75.97744,45.0533],[93.27735,75.98212,13.6872],[93.32016,75.97224,0.0],[93.27345,75.95897,0.0],[93.25815,75.95173,0.0],[93.27312,75.94579,0.0],[93.30445,75.94204,12.535],[93.32016,75.93745,7.7274],[93.31332,75.93061,0.0],[93.38494,75.89688,0.0],[93.39601,75.88593,0.0],[93.41896,75.87287,0.0],[93.46388,75.8806,13.9866],[93.4944,75.89533,28.2146],[93.47429,75.90327,27.7751],[93.44793,75.9086,13.8221],[93.46144,75.92113,18.5243],[93.51881,75.94798,34.1307],[93.54607,75.95344,25.341],[93.58058,75.95075,10.9497],[93.60304,75.93891,0.0],[93.594,75.91694,0.0],[93.66432,75.90225,26.3115],[93.74049,75.90021,25.6926],[94.05299,75.93061,26.9146],[94.08025,75.93708,42.5937],[94.11354,75.94904,64.929],[94.14422,75.95515,5.3583],[94.1631,75.94428,0.0],[94.14308,75.94131,5.9761],[94.05299,75.91543,0.0],[93.8014,75.88422,0.0],[93.54982,75.85301,0.0],[93.18572,75.82656,0.0],[92.86118,75.79344,2.085],[92.51629,75.77294,3.6127],[92.37135,75.74046,0.0],[92.2256,75.75373,0.0],[92.08522,75.73574,0.0],[92.00782,75.72578,0.0],[91.90122,75.73261,0.0],[91.81202,75.71662,0.0],[91.78468,75.72236,6.3805],[91.74293,75.73607,0.0],[91.70021,75.7364,0.0],[91.65903,75.72378,0.0],[91.62086,75.69847,0.0],[91.64145,75.68415,0.0],[91.64877,75.66865,0.0],[91.6421,75.65436,0.0],[91.62086,75.64326,0.0],[91.58025,75.63776,0.0],[91.45094,75.65009,0.0],[91.29127,75.62897,0.0],[91.2173,75.63215,0.0],[91.18621,75.64281,12.7049],[91.195,75.66372,0.0],[91.12818,75.66572,0.0],[91.10865,75.66181,0.0],[91.05161,75.63581,0.0],[91.01466,75.6245,0.0],[90.97804,75.62043,0.0],[90.9441,75.62588,0.0],[90.91505,75.64326,0.0],[90.91236,75.65095,13.1],[90.91196,75.6599,11.6275],[90.9061,75.66743,0.0],[90.88673,75.67056,0.0],[90.86354,75.66828,0.0],[90.81788,75.65851,0.0],[90.75563,75.65298,0.0],[90.59889,75.61188,0.0],[90.31886,75.60151,0.0],[89.95411,75.57762,0.0],[89.91456,75.5607,0.0],[89.94996,75.55142,0.0],[89.99513,75.54975,11.838],[90.03598,75.54328,12.8666],[90.05787,75.51972,0.6822],[89.85548,75.51537,0.0],[89.63575,75.50479,0.0],[89.612799999999993,75.49238,0.0],[89.62387,75.47748,0.0],[89.6963,75.46064,12.4637],[89.72267,75.45148,0.0],[89.70362,75.44351,0.0],[89.67872,75.44156,0.0],[89.65333,75.44404,0.0],[89.63168,75.44953,0.0],[89.61004,75.45014,0.0],[89.55885,75.44107,2.9188],[89.54054,75.4477,0.0],[89.39519,75.44896,17.385],[89.39381,75.46507,0.0],[89.37306,75.47061,0.0],[89.31121,75.47875,9.7545],[89.26205,75.50316,0.0],[89.24578,75.50674,0.0],[89.22926,75.50267,0.0],[89.18767,75.47134,4.9721],[89.17018,75.46296,0.0],[89.15162,75.45673,0.0],[89.13233,75.45283,0.0],[89.01637,75.45148,0.0],[88.95086,75.44038,0.0],[88.75717,75.41665,0.0],[88.73585,75.40986,0.0],[89.00717,75.43354,0.0],[89.05641,75.42569,10.2237],[89.08522,75.40302,6.7071],[89.00847,75.41446,5.212],[88.92457,75.41226,12.1852],[88.84254,75.39863,17.3203],[88.76987,75.37568,0.0],[88.81837,75.36205,8.8985],[88.75261,75.35073,0.0],[88.61166,75.34422,0.0],[88.550299999999993,75.31428,0.0],[88.59311,75.29588,14.1365],[88.612799999999993,75.28242,23.5399],[88.62599,75.26651,0.0],[88.51791,75.28266,0.0],[88.48194,75.27953,0.0],[88.37135,75.25532,0.0],[88.33823,75.24225,0.0],[88.32618,75.23456,0.0],[88.32008,75.22704,0.0],[88.31772,75.21849,0.0],[88.31715,75.18993,11.8517],[88.31446,75.18085,6.6139],[88.30665,75.17601,0.739],[88.29078,75.17023,0.0],[88.2531,75.16254,0.0],[88.20973,75.1586,0.0],[88.16928,75.15005,0.0],[88.13941,75.12873,1.2404],[88.11671,75.14598,0.0],[88.08326,75.14399,0.0],[87.99252,75.10692,1.5207],[87.95265,75.10004,0.0],[87.91188,75.10078,0.0],[87.5879,75.14301,0.0],[87.53907,75.1411,0.0],[87.20118,75.16918,0.0],[87.02459,75.16421,0.0],[86.98805,75.15323,0.0],[86.93719,75.12661,0.0],[86.91871,75.11127,2.2647],[86.89861,75.08771,0.0],[86.91944,75.07612,2.3073],[86.94077,75.07404,0.0],[87.00856,75.09016,5.7444],[87.03517,75.09268,9.3325],[87.26783,75.07294,15.1809],[87.32374,75.06037,28.6074],[87.35426,75.04389,14.0856],[87.36476,75.03994,17.0286],[87.38014,75.03937,15.5846],[87.41212,75.04564,17.3097],[87.425299999999993,75.04499,15.2189],[87.45493,75.03897,0.0],[87.73219,75.03864,10.3473],[87.78989,75.02627,10.1111],[87.76368,75.01777,0.0],[87.73618,75.01374,3.7433],[87.68002,75.01264,0.0],[87.70607,75.00483,0.0],[87.69508,74.99116,0.0],[87.66635,74.97809,0.0],[87.63868,74.97224,0.0],[87.56373,74.96483,0.0],[87.55665,74.96141,0.0],[87.598159999999993,74.93692,11.3313],[87.57407,74.92967,11.2705],[87.55226,74.93138,0.0],[87.50929,74.94432,2.7004],[87.46656,74.94823,36.1622],[87.44549,74.95327,0.0],[87.4336,74.96483,6.6718],[87.452,74.96882,0.0],[87.47153,74.97797,6.3785],[87.47999,74.98725,0.0],[87.45509,74.99348,0.0],[87.4358,75.00263,0.0],[87.42628,75.0058,0.0],[87.41245,75.00678,0.0],[87.38494,75.00585,0.0],[87.32748,75.01276,0.0],[87.26954,75.01162,0.0],[87.21274,75.00292,0.0],[87.17286,74.9853,0.0],[87.25025,74.96133,11.1938],[87.27524,74.95799,23.6654],[87.33432,74.96092,19.7524],[87.36394,74.95746,20.1127],[87.38575,74.94432,0.0],[87.36647,74.93521,0.0],[87.31129,74.91966,8.2276],[87.2658,74.91356,0.0],[87.09718,74.86213,0.0],[87.06129,74.83967,0.0],[87.03639,74.79975,0.0],[87.05494,74.78807,9.9155],[87.07374,74.78156,8.3079],[87.08172,74.77302,0.0],[87.06739,74.7556,0.0],[87.06422,74.74872,0.0],[87.0656,74.73094,11.8947],[87.06373,74.72529,0.0],[87.05201,74.72167,0.0],[87.03728,74.72354,0.0],[87.0228,74.72858,0.0],[87.01246,74.73485,0.9796],[86.96803,74.75544,0.0],[86.91424,74.75772,0.0],[86.85873,74.74608,18.5025],[86.80983,74.72529,11.0585],[86.81666,74.71776,0.0],[86.80299,74.71357,8.8179],[86.77565,74.70897,6.808],[86.76205,74.70409,8.3126],[86.79469,74.68504,0.0],[86.90602,74.69062,20.3085],[86.95387,74.68366,17.1686],[86.93149,74.6706,0.0],[86.90935,74.66328,19.9329],[86.9026,74.65412,23.5292],[86.92652,74.63589,12.733],[86.95216,74.63052,12.794],[86.96518,74.62507,22.9289],[86.96803,74.61542,9.3504],[86.95753,74.60883,0.0],[86.93946,74.60932,0.0],[86.87623,74.62539,0.0],[86.84213,74.63028,0.0],[86.80787,74.63154,0.0],[86.77516,74.62906,0.0],[86.71713,74.61774,0.0],[86.69166,74.62189,0.0],[86.66651,74.64265,27.3322],[86.68116,74.65371,22.5767],[86.68686,74.65632,10.6207],[86.64332,74.654,16.4035],[86.61842,74.65567,14.0664],[86.60499,74.66315,0.0],[86.6076,74.67451,45.0915],[86.63364,74.68745,12.1867],[86.639169999999993,74.69733,9.9357],[86.47397,74.72529,10.1808],[86.41114,74.72761,0.0],[86.39145,74.72529,0.0],[86.37477,74.71898,0.0],[86.36476,74.71206,0.0],[86.3545,74.70645,0.0],[86.33692,74.70409,3.974],[86.32146,74.70767,20.8148],[86.28224,74.73485,54.6808],[86.22983,74.75511,12.015],[86.21339,74.76557,24.5424],[86.37778,74.75873,18.2072],[86.36704,74.77505,32.8366],[86.34693,74.78083,17.0681],[86.30226,74.77985,18.1305],[86.28028,74.78315,25.8941],[86.22088,74.8072,4.7305],[86.19663,74.8107,0.0],[86.12184,74.8072,9.7324],[86.11345,74.80927,21.3821],[86.10914,74.81395,22.6018],[86.10336,74.81867,24.0155],[86.09059,74.82079,27.7107],[86.0586,74.82136,28.3323],[86.04322,74.81953,27.1628],[86.02833,74.81395,24.6886],[86.10987,74.78803,14.3948],[86.12525,74.77302,0.0],[86.12062,74.75194,10.2676],[86.10108,74.73579,9.1067],[86.07643,74.72431,17.0707],[86.05633,74.71776,14.1174],[86.01612,74.71479,3.2854],[85.938,74.72797,24.2375],[85.90016,74.72329,8.4175],[85.84246,74.70116,6.7731],[85.83432,74.68692,0.0],[85.86451,74.6706,1.3759],[85.79868,74.66218,0.0],[85.76686,74.65253,26.726],[85.74041,74.63589,0.0],[86.19386,74.62198,0.0],[86.27711,74.60737,0.0],[86.30885,74.60627,0.0],[86.32472,74.60334,0.0],[86.37013,74.58584,0.0],[86.38746,74.58242,0.0],[86.43995,74.58124,0.0],[86.45509,74.57827,0.0],[86.48121,74.56892,0.0],[86.49147,74.56696,0.0],[86.78248,74.56074,0.0],[86.75831,74.54719,18.9741],[86.56446,74.52505,0.0],[86.53549,74.51236,0.0],[86.54884,74.50715,0.0],[86.59067,74.50556,0.0],[86.60133,74.50104,0.0],[86.6255,74.48436,0.0],[86.64088,74.48257,0.0],[86.67156,74.48249,0.0],[86.68686,74.47822,0.0],[86.69451,74.47187,0.0],[86.7024,74.456,0.0],[86.7068,74.45087,0.0],[86.72096,74.44709,0.0],[86.75424,74.44648,0.0],[86.76889,74.44404,2.8935],[86.77662,74.43871,4.6645],[86.78696,74.42601,0.0],[86.79591,74.42357,0.0],[87.05006,74.44404,3.1832],[87.07911,74.44204,0.0],[87.09246,74.43598,0.0],[87.0879,74.42621,2.6936],[87.06398,74.41303,19.603],[87.06031,74.40217,0.0],[87.08009,74.38996,1.1616],[87.10719,74.37987,19.518],[87.1255,74.3758,16.0004],[87.232919999999993,74.36376,3.1558],[87.26238,74.35468,7.2087],[87.11834,74.35468,24.3078],[87.05063,74.36628,2.7157],[87.01596,74.36725,0.0],[87.00221,74.35468,1.8787],[87.00978,74.34569,0.0],[87.04135,74.32168,0.0],[87.05006,74.3063,0.0],[87.04282,74.28583,0.0],[87.02084,74.27302,12.28],[86.99293,74.27025,22.8595],[86.96803,74.27961,3.546],[86.98536,74.28742,0.0],[86.99106,74.29609,6.6907],[86.98764,74.30581,6.7537],[86.95973,74.33885,17.4805],[86.9489,74.3426,2.155],[86.92652,74.34101,8.9777],[86.9065,74.33527,9.4283],[86.85816,74.3063,4.6742],[86.83302,74.30158,6.4719],[86.78175,74.30707,10.7918],[86.73902,74.30195,18.3101],[86.71583,74.30183,22.342],[86.69899,74.30711,13.4988],[86.70053,74.32054,7.3473],[86.71713,74.32514,10.9959],[86.78175,74.32974,0.0],[86.88624,74.35053,0.0],[86.92677,74.36506,0.0],[86.95387,74.38886,10.3188],[86.92823,74.38947,18.5223],[86.87696,74.39631,29.7658],[86.85076,74.3957,12.2123],[86.80152,74.38247,7.2354],[86.78248,74.38264,4.7996],[86.72731,74.39476,39.8511],[86.7068,74.3957,45.9784],[86.65162,74.38788,54.3865],[86.62355,74.38752,38.2944],[86.5975,74.3957,41.0144],[86.6076,74.40021,39.969],[86.639169999999993,74.4099,1.1396],[86.62176,74.41279,8.1308],[86.61061,74.42011,14.4583],[86.60174,74.42919,45.8713],[86.59067,74.43724,54.7188],[86.57276,74.44335,38.9919],[86.47527,74.4582,39.6148],[86.31577,74.43797,0.0],[86.28452,74.42646,4.8005],[86.25392,74.4195,18.7484],[86.20118,74.43134,4.9315],[86.13819,74.42357,0.0],[86.09246,74.42536,0.0],[86.06951,74.42353,0.0],[86.04949,74.41616,0.0],[86.07179,74.40803,0.0],[86.09571,74.404,0.0],[86.20216,74.40152,0.0],[86.23227,74.39753,0.0],[86.25489,74.38886,0.0],[86.26393,74.38019,0.0],[86.28159,74.34785,14.4051],[86.29103,74.34199,13.8716],[86.30112,74.34138,1.9115],[86.30844,74.33906,0.623],[86.30958,74.32803,0.0],[86.30502,74.31794,4.0747],[86.29713,74.31306,12.5014],[86.28679,74.31293,14.5768],[86.23976,74.33332,100.5514],[86.15854,74.35765,53.1333],[85.9367,74.36811,26.2145],[85.90553,74.35468,0.0],[85.91188,74.33979,12.6284],[85.92945,74.33332,49.2054],[85.94874,74.32892,36.1486],[85.96013,74.32054,48.7626],[85.95826,74.30585,0.0],[85.9489,74.29951,0.0],[85.94874,74.29263,0.0],[85.97438,74.27619,0.0],[86.02003,74.26252,0.0],[86.50563,74.25528,1.5194],[86.66334,74.23591,0.0],[86.71144,74.22435,0.0],[86.75733,74.20775,0.0],[86.80299,74.18403,6.1822],[86.73024,74.14346,0.0],[86.72389,74.13215,0.0],[86.73357,74.12873,6.9404],[86.84506,74.11481,4.4733],[86.86451,74.1083,0.0],[86.85865,74.09748,0.3864],[86.85515,74.09223,6.2376],[86.85076,74.0878,6.6071],[86.89576,74.07022,12.1342],[87.29078,74.06269,2.4004],[87.36232,74.04776,0.3356],[87.41993,74.01211,-0.1189],[87.36622,74.01073,2.5761],[87.25733,74.03913,1.4192],[86.99741,74.04979,-0.3156],[86.9402,74.03315,0.0],[86.96306,74.01777,2.1139],[87.04322,73.99217,3.2913],[87.08074,73.96088,0.0],[87.09083,73.9549,0.0],[87.11744,73.94676,0.0],[87.14454,73.93061,0.0],[87.15016,73.92422,0.0],[87.15252,73.91242,0.0],[87.15675,73.90282,0.0],[87.16668,73.89655,0.0],[87.18719,73.88858,2.4026],[87.24008,73.86083,2.6878],[87.2964,73.84138,2.6269],[87.362799999999993,73.82697,2.3134],[87.43019,73.82026,1.3866],[87.45427,73.82469,1.3333],[87.48756,73.83584,0.1136],[87.5171,73.85029,0.2965],[87.5298,73.86465,1.5124],[87.52858,73.89199,0.764],[87.53053,73.90742,1.9894],[87.54493,73.91429,0.5546],[87.58074,73.91584,2.5224],[87.61069,73.91352,1.317],[87.64536,73.90559,2.8124],[87.66407,73.89086,0.3503],[87.64584,73.86807,2.9352],[87.65333,73.86123,2.7736],[87.61736,73.82355,2.7913],[87.55714,73.80174,1.8165],[87.32716,73.75316,-1.3287],[87.28053,73.72993,0.3926],[87.24871,73.69058,-1.0984],[87.27329,73.68976,0.4758],[87.3235,73.7084,3.4955],[87.34425,73.70417,1.5875],[87.31202,73.68252,0.1346],[87.23634,73.65282,0.3451],[87.2046,73.63158,0.5165],[87.16481,73.6114,3.7244],[87.11158,73.60493,-0.0106],[86.8449,73.60627,0.6749],[86.77263,73.58381,-1.4381],[86.48813,73.57083,15.6032],[86.20362,73.55785,1.6947],[86.07423,73.52827,-0.9985],[85.97169,73.51923,-0.4418],[85.88233,73.49624,-0.8846],[85.844,73.43985,0.1952],[85.8462,73.43456,0.5647],[85.85613,73.42683,-0.9433],[85.85841,73.42304,-0.8603],[85.85719,73.41694,-1.0484],[85.85141,73.40567,-1.0151],[85.85027,73.40253,-0.7368],[85.84962,73.38166,-0.5191],[85.85231,73.37519,5.3891],[85.8615,73.36441,5.6625],[85.89381,73.33967,-0.555],[85.93393,73.32392,0.5909],[86.25025,73.27733,8.6158],[86.37778,73.24429,1.2222],[86.40952,73.23037,-0.9176],[86.46022,73.19782,0.9115],[86.48976,73.18464,7.365],[86.51222,73.18032,4.6091],[86.58383,73.17597,8.3059],[86.62273,73.16641,11.7556],[86.65968,73.1518,-1.4125],[86.74187,73.10456,-1.358],[86.76547,73.08356,-1.4527],[86.77711,73.0655,3.8367],[86.78199,73.04605,16.6469],[86.78248,73.00088,-1.4836],[86.77442,73.00397,-1.5556],[86.75945,73.01166,-1.8481],[86.74537,73.02131,4.2324],[86.73414,73.03266,14.3538],[86.72853,73.04291,7.0071],[86.72413,73.06314,24.8725],[86.72047,73.07294,3.1923],[86.71315,73.08369,55.018],[86.69191,73.1059,5.5529],[86.68019,73.11457,10.1301],[86.66334,73.12214,38.9654],[86.62867,73.13125,28.4378],[86.61183,73.13813,6.9918],[86.5228,73.16348,1.8797],[86.32862,73.18061,4.1671],[86.24741,73.22382,20.7615],[86.25489,73.23127,17.019],[86.24741,73.23802,22.2858],[86.23373,73.25487,14.2715],[85.91432,73.30744,-0.1326],[85.84791,73.32575,25.3189],[85.83318,73.33177,33.8884],[85.81951,73.33975,4.8505],[85.80641,73.35073,3.1012],[85.79721,73.36481,0.5108],[85.79754,73.3769,0.1036],[85.80144,73.38874,-0.1861],[85.80299,73.40253,8.7914],[85.78452,73.45576,0.4386],[85.78679,73.48078,2.7136],[85.81666,73.49136,4.7902],[85.83351,73.49494,3.4955],[85.89186,73.51862,32.2451],[85.97478,73.53368,4.7433],[86.11622,73.58784,4.7218],[86.2754,73.60053,15.1312],[86.39617,73.62482,4.2701],[86.51979,73.67231,3.0718],[86.6194,73.68277,12.9809],[86.67018,73.69717,16.2547],[86.72348,73.70555,14.1663],[86.74773,73.71381,8.7223],[86.82325,73.75068,3.3802],[86.86329,73.76484,2.7835],[87.01075,73.77871,2.7288],[87.02662,73.7836,3.8382],[87.03956,73.79511,3.3466],[87.05152,73.80891,2.5465],[87.06373,73.82026,4.8233],[87.09523,73.83511,3.3505],[87.10353,73.84488,3.2422],[87.09848,73.86123,0.0],[87.08009,73.87153,0.0],[86.78321,73.90225,0.0],[86.39967,73.88439,0.0],[86.01612,73.86652,0.0],[85.86842,73.82404,0.0],[85.60426,73.82193,0.0],[85.58546,73.81867,0.0],[85.57049,73.81293,0.0],[85.52182,73.78612,0.0],[85.48064,73.76903,0.0],[85.47218,73.75975,0.0],[85.47836,73.75178,0.0],[85.48951,73.74457,0.0],[85.49448,73.73774,0.0],[85.47242,73.71979,0.0],[85.42701,73.7119,0.0],[85.09742,73.71723,0.0],[85.02947,73.70942,0.0],[85.00799,73.71039,0.0],[84.92791,73.73298,0.0],[84.79322,73.76472,0.0],[84.57179,73.753,0.0],[84.36598,73.71027,0.0],[84.04701,73.70287,0.0],[83.72804,73.69546,0.0],[83.48365,73.65546,0.0],[83.06267,73.65379,0.0],[82.5726,73.66157,0.0],[82.30128,73.66157,0.0],[81.95688,73.66267,0.0],[81.5298,73.64777,0.0],[81.31813,73.6236,0.0],[81.25359,73.6048,0.0],[80.917,73.58686,0.0],[80.8322,73.57176,0.0],[80.57447,73.58417,0.0],[80.53582,73.58076,0.0],[80.51295,73.56704,0.0],[80.51092,73.5539,0.0],[80.51149,73.51577,0.0],[80.50554,73.49811,0.0],[80.54029,73.48725,0.0],[80.6338,73.51411,10.8907],[80.67742,73.50495,16.6026],[80.66245,73.49824,29.2688],[80.64161,73.49274,10.3657],[80.62281,73.48574,0.0],[80.61476,73.47419,0.0],[80.61378,73.4582,0.0],[80.61004,73.44888,0.0],[80.60174,73.44261,0.0],[80.58741,73.4361,0.0],[80.56568,73.4289,0.0],[80.49529,73.42304,0.0],[80.48504,73.41913,0.0],[80.42872,73.37181,0.0],[80.41847,73.37043,0.0],[80.4065,73.37808,0.0],[80.39234,73.38398,0.0],[80.37029,73.38614,0.0],[80.34986,73.38255,0.0],[80.34099,73.37124,0.0],[80.32081,73.35489,0.0],[80.2815,73.34292,0.0],[80.25489,73.32974,0.0],[80.27272,73.30976,0.0],[80.34164,73.29902,0.0],[80.43995,73.29572,23.8721],[80.52833,73.28148,8.4572],[80.56756,73.23802,0.0],[80.56349,73.2215,0.0],[80.55152,73.21809,0.0],[80.5337,73.21849,0.0],[80.48976,73.20645,0.0],[80.46705,73.20344,0.0],[80.32244,73.20262,0.0],[80.27377,73.19489,0.0],[80.23113,73.17597,0.0],[80.25538,73.17609,0.0],[80.30209,73.18342,0.0],[80.32732,73.18281,0.0],[80.40138,73.16486,0.0],[80.52084,73.15583,32.7355],[80.56861,73.14155,9.6502],[80.59498,73.11457,0.0],[80.51393,73.11481,0.0],[80.46844,73.10993,0.0],[80.43719,73.1009,0.0],[80.46876,73.08592,0.0],[80.5062,73.07836,0.0],[80.65463,73.06513,7.2575],[80.6893,73.05781,0.0],[80.7505,73.03775,0.0],[80.75709,73.03046,0.0],[80.75929,73.0152,0.0],[80.76433,73.00755,0.0],[80.77613,73.0017,0.0],[80.78972,72.99657,0.0],[80.8003,72.99103,0.0],[80.8143,72.97427,0.0],[80.82862,72.93863,0.0],[80.84197,72.92211,0.0],[80.81967,72.8725,0.0],[80.80519,72.8496,0.0],[80.78663,72.82656,0.0],[80.78273,72.82538,0.0],[80.77817,72.82681,0.0],[80.77459,72.82722,0.0],[80.77296,72.82319,0.0],[80.77361,72.80891,0.0],[80.77296,72.8061,0.0],[80.75978,72.79609,0.0],[80.69386,72.76089,0.0],[80.64291,72.7436,0.0],[80.63209,72.73379,0.0],[80.62843,72.7167,0.0],[80.63413,72.70392,0.0],[80.65789,72.68354,0.0],[80.6631,72.66889,0.0],[80.68588,72.64631,0.0],[80.79575,72.63597,20.4027],[80.83448,72.62051,0.0],[80.8152,72.60725,0.0],[80.80445,72.60248,0.0],[80.79347,72.60065,0.0],[80.78297,72.59732,0.0],[80.77882,72.58999,0.0],[80.77858,72.58275,0.0],[80.77914,72.57954,0.0],[80.71827,72.55793,0.0],[80.70411,72.54536,0.0],[80.79151,72.50226,13.469],[80.83448,72.4737,0.0],[80.85873,72.46552,16.2949],[80.90699,72.45572,30.4986],[81.15504,72.36542,0.0],[81.20818,72.35493,0.0],[81.58619,72.35065,8.0657],[81.86183,72.31712,11.1889],[81.94402,72.29304,0.0],[82.12818,72.27749,0.0],[82.13657,72.2779,1.248],[82.16676,72.28482,20.6304],[82.18214,72.2862,0.9399],[82.19809,72.28156,0.3609],[82.20607,72.27546,0.3863],[82.21217,72.26382,0.0],[82.21925,72.25739,0.0],[82.23032,72.25239,0.0],[82.26637,72.24433,0.0],[82.28631,72.23334,0.0],[82.2977,72.22065,0.0],[82.30372,72.20449,0.0],[82.30738,72.18285,0.0],[82.29957,72.13447,0.0],[82.26686,72.12031,0.0],[82.22389,72.11506,0.0],[82.18507,72.09349,0.0],[82.27605,72.07949,0.0],[82.32179,72.06631,0.0],[82.3816,72.04023,0.0],[82.43035,72.0268,0.0],[82.47055,72.02082,0.0],[82.59254,71.96235,0.0],[82.62379,71.9416,0.0],[82.63697,71.91503,0.0],[82.64137,71.90225,0.0],[82.65187,71.89175,0.0],[82.66538,71.88398,0.0],[82.67807,71.87946,0.0],[82.70387,71.87735,1.1064],[82.72218,71.88349,0.0],[82.73902,71.89322,0.0],[82.76051,71.90168,0.0],[82.78696,71.90546,23.3496],[82.96998,71.89794,37.2098],[83.05095,71.88508,22.5023],[83.16179,71.88434,49.5395],[83.25856,71.85749,2.0739],[83.36052,71.84064,12.3709],[83.40358,71.81977,0.0],[83.41554,71.80777,0.0],[83.41822,71.79914,0.0],[83.41717,71.79043,0.0],[83.41774,71.77823,0.0],[83.41619,71.77334,0.0],[83.41228,71.76675,0.0],[83.40919,71.75902,0.0],[83.4109,71.75092,0.0],[83.41871,71.74754,0.0],[83.45875,71.74038,-0.1726],[83.5267,71.70303,0.0],[83.53354,71.69798,0.0],[83.53907,71.69196,0.0],[83.54127,71.68537,0.0],[83.54298,71.67341,0.0],[83.54786,71.66852,0.0],[83.56861,71.66153,0.0],[83.59986,71.64521,0.0],[83.61891,71.63117,0.0],[83.62818,71.61091,0.0],[83.63063,71.57587,0.0],[83.61915,71.55659,0.0],[83.56284,71.50991,0.0],[83.54127,71.49702,0.0],[83.49252,71.48261,33.6269],[83.44166,71.47655,0.0],[83.41749,71.47663,0.0],[83.39674,71.47407,0.0],[83.38217,71.46503,0.0],[83.37672,71.4455,0.0],[83.37525,71.42048,0.0],[83.37582,71.40762,0.0],[83.38494,71.38203,0.0],[83.37582,71.36982,0.0],[83.34946,71.35366,0.0],[83.29615,71.305,0.0],[83.26629,71.28571,0.0],[83.21095,71.27367,0.0],[83.17457,71.25487,0.0],[83.15748,71.25064,0.0],[83.14763,71.24482,0.0],[83.15699,71.23184,0.0],[83.20973,71.18928,0.0],[83.23829,71.1411,0.0],[83.25701,71.11652,0.0],[83.24171,71.11221,0.0],[83.11606,71.11347,0.0],[83.13356,71.09821,0.0],[83.15016,71.08808,0.0],[83.16863,71.08202,0.0],[83.31568,71.06566,18.0711],[83.34767,71.0561,17.0024],[83.38185,71.03266,47.1279],[83.39942,71.00336,0.0],[83.38307,70.97626,0.0],[83.40553,70.95897,0.0],[83.45582,70.93439,0.0],[83.47608,70.91791,25.2109],[83.487799999999993,70.90054,0.0],[83.50758,70.8631,0.0],[83.52076,70.84593,0.0],[83.51344,70.83975,0.0],[83.53549,70.79755,0.0],[83.54103,70.79133,0.0],[83.56007,70.7888,0.0],[83.58269,70.78148,0.0],[83.60157,70.76984,31.5348],[83.60963,70.7541,3.1067],[83.60678,70.73973,0.0],[83.60157,70.72858,0.0],[83.59864,70.71723,0.0],[83.60271,70.70258,0.0],[83.61492,70.68989,0.0],[83.65089,70.67097,0.0],[83.66481,70.66096,9.8523],[83.67368,70.64789,21.4993],[83.68458,70.62275,0.0],[83.69516,70.60977,0.0],[83.75733,70.56851,23.2503],[83.76441,70.54702,0.0],[83.75099,70.52582,2.9664],[83.74513,70.503,0.4588],[83.77467,70.47663,0.3063],[83.64584,70.39899,0.0],[83.61362,70.38959,1.1404],[83.56666,70.36644,0.0],[83.55128,70.35619,0.0],[83.54689,70.35407,0.0],[83.53858,70.35423,0.0],[83.53443,70.35309,0.0],[83.5337,70.34927,0.0],[83.53517,70.33544,0.0],[83.53443,70.33198,0.0],[83.51889,70.33051,0.0],[83.4839,70.33503,0.0],[83.33741,70.31318,0.0],[83.20541,70.31216,0.0],[83.01303,70.33503,0.0],[82.951669999999993,70.32514,0.0],[82.97193,70.31045,0.0],[83.01441,70.2873,24.5453],[83.03419,70.26992,30.7241],[83.06528,70.23314,27.7927],[83.08513,70.22077,26.3533],[83.11305,70.21589,29.628],[83.12973,70.20856,25.2452],[83.18295,70.13886,0.8368],[83.18873,70.12287,25.1519],[83.18165,70.10952,0.5946],[83.15773,70.09858,0.7924],[83.18572,70.09243,31.0668],[83.17677,70.08308,42.5697],[83.14942,70.07648,1.0066],[83.11109,70.06948,0.0],[83.07163,70.07005,0.0],[83.00123,70.08299,0.0],[82.91928,70.08072,1.243],[82.88307,70.08902,0.0],[82.77565,70.14204,0.0],[82.67351,70.16559,0.0],[82.64381,70.18122,6.2263],[82.6714,70.18867,0.0],[82.6727,70.19912,0.0],[82.66139,70.2128,0.0],[82.65065,70.22956,0.0],[82.65122,70.24795,5.8301],[82.66407,70.26016,5.7989],[82.87582,70.37299,5.6518],[82.96998,70.40502,1.9334],[83.01051,70.42658,3.6443],[83.03346,70.482,2.3093],[83.045419999999993,70.49116,0.0],[83.0525,70.4999,0.0],[83.04444,70.51415,0.0],[83.03566,70.52066,0.0],[83.02784,70.52513,0.0],[83.02198,70.53099,0.0],[83.01857,70.55305,0.0],[83.01393,70.56171,0.0],[83.00571,70.56782,4.6051],[82.99317,70.5716,4.9105],[83.03688,70.58539,2.6557],[83.05714,70.59711,0.5198],[83.06837,70.61319,0.0],[83.06715,70.62515,0.0],[83.05633,70.65497,3.9548],[83.0547,70.66779,3.5252],[83.06495,70.69253,3.1076],[83.08579,70.72346,0.0],[83.11183,70.75056,2.517],[83.13722,70.76398,0.0],[83.13136,70.78681,4.0529],[83.13429,70.80781,4.542],[83.14047,70.82734,0.0],[83.14405,70.84593,0.0],[83.1338,70.88239,0.0],[83.10662,70.89619,0.0],[83.03256,70.9062,4.5843],[82.96664,70.93399,0.0],[82.93238,70.95405,0.0],[82.91749,70.9726,0.0],[82.91285,70.98721,0.0],[82.90162,71.00104,0.0],[82.88795,71.00674,0.0],[82.87582,70.99677,0.0],[82.87729,70.98688,0.0],[82.89332,70.9527,0.0],[82.89666,70.93976,2.4933],[82.88885,70.92597,2.3653],[82.87664,70.91698,0.0],[82.86598,70.91791,0.509],[82.85719,70.93085,0.0],[82.85174,70.9431,0.0],[82.84303,70.95222,0.0],[82.73455,70.96552,0.0],[82.68816,70.9619,0.0],[82.63185,70.92939,0.0],[82.59409,70.91901,0.0],[82.57862,70.91112,0.0],[82.57374,70.90176,0.0],[82.57553,70.89069,1.535],[82.57984,70.87971,1.1413],[82.58229,70.86982,0.7216],[82.56861,70.85318,0.0],[82.50261,70.82144,0.0],[82.47869,70.805,0.0],[82.48878,70.79047,0.0],[82.50131,70.78417,2.3044],[82.53395,70.77704,3.5972],[82.5547,70.7674,1.7134],[82.55421,70.76154,1.8704],[82.53875,70.75861,1.5751],[82.51344,70.7578,0.0],[82.50213,70.75336,0.0],[82.49977,70.74282,0.0],[82.50017,70.73013,0.0],[82.49635,70.71931,0.0],[82.48341,70.70759,0.0],[82.46876,70.69937,0.0],[82.45143,70.69501,0.0],[82.43092,70.69514,0.0],[82.4319,70.69082,0.0],[82.43295,70.68781,0.0],[82.43507,70.68513,0.0],[82.43824,70.68146,0.0],[82.43393,70.66665,0.0],[82.44679,70.65648,2.1417],[82.46388,70.64594,4.2327],[82.47242,70.62995,3.6802],[82.46461,70.61319,0.0],[82.44532,70.60651,0.0],[82.29737,70.60395,2.9452],[82.24,70.59292,0.0],[82.20948,70.59089,0.0],[82.18019,70.58576,0.0],[82.15724,70.5716,0.0],[82.17555,70.5506,3.059],[82.2234,70.51797,4.2851],[82.23959,70.49706,4.4189],[82.22535,70.47956,1.5641],[82.22926,70.45401,0.0],[82.24024,70.42683,3.24],[82.2518,70.37592,4.5896],[82.29428,70.29784,7.0952],[82.28688,70.29043,4.0231],[82.3274,70.25023,4.8455],[82.34441,70.22557,4.3818],[82.34889,70.2023,0.0],[82.33424,70.21052,0.0],[82.29428,70.24384,0.0],[82.2505,70.26773,0.0],[82.23959,70.27733,0.0],[82.23536,70.28767,5.3732],[82.23536,70.30805,4.2855],[82.23276,70.31835,5.5639],[82.22389,70.32978,4.3179],[82.21266,70.33893,0.0],[82.20289,70.34903,4.5061],[82.19435,70.38373,0.0],[82.17514,70.42402,0.0],[82.16765,70.45694,0.0],[82.15349,70.4759,0.0],[82.1504,70.48627,0.0],[82.15219,70.4997,0.0],[82.15463,70.50898,0.0],[82.15333,70.51813,4.4575],[82.1434,70.53124,4.3315],[82.09181,70.55508,0.0],[82.08204,70.56538,0.0],[82.08595,70.57966,4.6036],[82.10011,70.5893,2.5213],[82.16896,70.61298,4.0485],[82.18727,70.62177,1.8573],[82.19874,70.63369,2.5403],[82.20021,70.64509,2.1922],[82.19483,70.65054,1.1614],[82.19239,70.65705,0.8595],[82.20183,70.67121,1.8019],[82.23536,70.69611,30.2435],[82.36899,70.74262,40.9205],[82.4087,70.76581,1.3006],[82.41725,70.77704,0.0],[82.40838,70.79019,0.0],[82.34889,70.81802,0.0],[82.3484,70.83161,0.0],[82.33481,70.83832,0.0],[82.32399,70.8461,0.0],[82.331549999999993,70.86298,0.0],[82.3296,70.87409,0.0],[82.31414,70.88496,0.0],[82.30128,70.89619,0.0],[82.30738,70.90803,0.0],[82.20834,70.9868,0.0],[82.20314,71.01626,9.4316],[82.23536,71.0362,7.2835],[82.31422,71.05948,2.1686],[82.34148,71.07648,0.0],[82.35279,71.09626,0.0],[82.34929,71.11872,0.0],[82.331549999999993,71.14419,0.0],[82.31951,71.15461,0.0],[82.29469,71.16934,0.0],[82.28346,71.17862,0.0],[82.27931,71.18806,0.0],[82.28126,71.21149,0.0],[82.28004,71.22333,0.0],[82.27418,71.23286,0.0],[82.26588,71.2425,0.0],[82.25929,71.25267,1.1495],[82.25904,71.26431,6.0446],[82.27263,71.27879,6.0104],[82.29656,71.2873,-0.2575],[82.55832,71.3393,10.1895],[82.82008,71.3913,57.9032],[82.93995,71.39802,1.5259],[82.98357,71.40974,18.4993],[83.04786,71.41511,0.0],[83.03745,71.42935,0.0],[83.02198,71.43667,0.0],[83.00489,71.44257,0.0],[82.98951,71.45234,0.0],[82.98536,71.46284,41.5739],[82.98878,71.47492,0.0],[83.00001,71.49702,0.0],[83.01197,71.52896,0.0],[83.02654,71.54987,42.8103],[83.05014,71.56159,33.8231],[83.13559,71.57184,43.9494],[83.17115,71.58552,65.8347],[83.24024,71.62739,48.0144],[83.28989,71.64789,25.7074],[83.30519,71.65839,33.0508],[83.31902,71.67349,20.1668],[83.32049,71.68329,0.0],[83.31178,71.69188,0.0],[83.29558,71.70311,0.0],[83.25172,71.72565,0.0],[83.20379,71.73688,0.0],[83.15333,71.73981,0.0],[83.01922,71.72944,10.282],[82.98064,71.73774,0.0],[82.97185,71.73851,0.1177],[82.96355,71.74067,1.4324],[82.95509,71.74714,2.3461],[82.94093,71.76081,3.3029],[82.93328,71.76634,2.2206],[82.92433,71.77139,0.0],[82.86736,71.78644,0.0],[82.49855,71.75462,0.0],[82.41879,71.73688,0.0],[82.30405,71.73037,0.0],[82.19435,71.70775,0.0],[81.73666,71.6999,0.0],[81.54664,71.7416,0.0],[81.3423,71.76423,1.4936],[81.30738,71.77619,2.0066],[81.27947,71.79605,1.8271],[81.25961,71.826,1.1774],[81.26051,71.83023,1.4967],[81.26441,71.83393,0.0],[81.26759,71.8391,1.8044],[81.26588,71.84711,0.0],[81.25913,71.85419,0.0],[81.24977,71.8592,0.0],[80.9485,71.94666,1.1029],[80.64723,72.03413,7.7747],[80.63233,72.04609,8.9588],[80.64942,72.06558,2.5426],[80.68588,72.07876,0.7101],[80.7295,72.08242,0.8187],[80.81398,72.0799,0.0],[80.79526,72.06778,0.0],[80.75164,72.05744,0.0],[80.73211,72.04511,0.0],[80.80177,72.02481,0.0],[80.82081,72.0246,1.0338],[80.83758,72.03413,0.0],[80.84457,72.04686,0.0],[80.84742,72.05956,0.0],[80.85157,72.06928,0.0],[80.83465,72.08332,0.0],[80.47397,72.15204,0.0],[80.0101,72.20775,0.0],[79.78541,72.26463,0.0],[79.51385,72.36221,0.0],[79.39145,72.38557,0.0],[79.20948,72.3902,0.0],[79.01743,72.37718,0.0],[78.7575,72.39269,0.0],[78.49757,72.40819,0.0],[78.50017,72.4018,0.0],[78.50245,72.38813,0.0],[78.50441,72.38154,0.0],[78.50278,72.3819,0.0],[78.50276,72.38191,0.0],[78.50067,72.37713,0.0],[78.46697,72.36799,0.9956],[78.45798,72.36437,1.4751],[78.44858,72.35915,1.2408],[78.44496,72.35378,2.2264],[78.44744,72.34757,0.0],[78.45426,72.34122,2.6257],[78.5171,72.31114,1.6672],[78.52795,72.30776,1.8047],[78.59782,72.30019,7.6881],[78.60929,72.29592,4.0116],[78.61549,72.28848,0.0],[78.62221,72.28184,0.0],[78.63037,72.2751,2.3849],[78.64588,72.26582,1.2417],[78.6558,72.25833,2.6772],[78.6619,72.24758,0.0],[78.65973,72.24097,0.0],[78.65632,72.23603,0.0],[78.65787,72.23244,2.0721],[78.66469,72.22898,2.8345],[78.66954,72.22495,2.747],[78.66469,72.21952,3.0285],[78.65394,72.21613,0.0],[78.61456,72.21017,2.9613],[78.60991,72.2082,3.1413],[78.62221,72.20448,0.0],[78.66717,72.19647,1.2381],[78.67668,72.19234,2.3086],[78.68009,72.18624,3.5291],[78.68422,72.18185,3.3496],[78.69683,72.18032,3.6647],[78.77579,72.185,19.052],[78.79005,72.18435,30.3802],[78.79801,72.18203,12.2089],[78.79284,72.17813,26.3898],[78.78447,72.17528,21.2413],[78.7792,72.1727,27.8457],[78.78943,72.16914,17.0643],[78.89857,72.14722,18.1024],[78.9085,72.14381,5.7482],[78.91325,72.13952,4.6465],[78.91077,72.13456,3.652],[78.90633,72.12929,3.9379],[78.90292,72.12402,0.7524],[78.90478,72.11922,3.9623],[78.91418,72.11622,4.3723],[78.92875,72.1156,4.544],[78.98477,72.12167,4.2533],[78.99686,72.1218,4.6383],[79.01898,72.11947,3.6333],[79.07076,72.10847,4.5913],[79.08068,72.10459,4.292],[79.0874,72.09973,4.7617],[79.08843,72.09255,3.0785],[79.08719,72.08661,5.841],[79.08874,72.08059,6.4892],[79.09401,72.07591,7.3788],[79.10786,72.07302,0.4104],[79.1212,72.07353,1.2755],[79.14931,72.07725,5.1869],[79.22393,72.07601,2.0237],[79.33937,72.05757,5.8364],[79.38216,72.0602,4.2025],[79.394049999999993,72.05715,5.177],[79.40707,72.05235,5.9863],[79.41885,72.04341,5.7477],[79.43632,72.03963,2.052],[79.44965,72.03979,2.5588],[79.47466,72.04506,36.9895],[79.48924,72.04669,18.7713],[79.58112,72.04149,4.8271],[79.61336,72.04263,6.8715],[79.68013,72.05777,3.4588],[79.69491,72.0577,4.4465],[79.85397,72.02522,7.0438],[79.86461,72.02067,12.138],[79.87164,72.01478,7.5901],[79.87516,72.00542,13.6927],[79.87598,72.00181,15.5191],[79.87609,71.99943,8.0011],[79.87722,71.99803,4.6341],[79.88136,71.99488,8.5377],[79.89944,71.98827,10.9357],[79.9103,71.98628,7.2663],[79.93334,71.98752,7.9918],[80.01582,71.98336,5.1355],[80.04259,71.9769,9.0765],[80.05644,71.97142,7.0718],[80.0707,71.9678,8.3249],[80.09106,71.9599,10.6931],[80.09426,71.95437,10.6204],[80.10904,71.94987,9.7153],[80.18397,71.93855,11.8866],[80.19596,71.93918,8.028],[80.20661,71.94135,10.6481],[80.21798,71.94248,11.8548],[80.22893,71.93974,12.0036],[80.2372,71.93421,9.1489],[80.24464,71.92388,9.9396],[80.25208,71.91649,11.8714],[80.26872,71.9106,13.2227],[80.30128,71.90471,13.1384],[80.31213,71.9013,13.6926],[80.33911,71.8898,13.8615],[80.34396,71.88538,13.9767],[80.3419,71.88026,13.6465],[80.33539,71.87566,13.9839],[80.32505,71.87254,11.5513],[80.31172,71.87161,14.8356],[80.28464,71.87453,13.9573],[80.27627,71.87442,14.4681],[80.27337,71.86957,15.0355],[80.27379,71.8607,13.6132],[80.26852,71.85515,14.3872],[80.25611,71.85417,14.9711],[80.17943,71.86662,15.9436],[80.16919,71.86554,16.1912],[80.15803,71.85714,16.0976],[80.14811,71.85381,16.9506],[80.07401,71.84636,16.4002],[80.0521,71.83988,21.0165],[80.04352,71.83556,26.3326],[80.03639,71.83076,29.6324],[80.03225,71.82518,16.0965],[80.03225,71.81975,16.5785],[80.0367,71.81528,17.4864],[80.04931,71.81252,17.4065],[80.07597,71.80978,17.1154],[80.08393,71.80616,16.926],[80.09054,71.80177,18.0288],[80.09571,71.79701,18.2615],[80.11442,71.78368,18.4341],[80.11938,71.77872,15.7899],[80.12093,71.77407,18.657],[80.11369,71.76885,19.2964],[80.08641,71.76813,18.7518],[80.07618,71.76466,19.0033],[80.0769,71.75629,22.5592],[80.11318,71.69872,20.7278],[80.11752,71.68723,21.8364],[80.11876,71.67485,22.3403],[80.11194,71.66901,22.6038],[80.10233,71.66457,22.6188],[80.09106,71.66167,23.2638],[80.07804,71.65986,21.1435],[80.02988,71.65981,23.7806],[80.02088,71.65692,24.3836],[80.01778,71.65211,23.7146],[80.01644,71.647,24.3768],[80.01179,71.64198,24.9736],[79.99918,71.63294,22.1987],[79.99184,71.62591,24.789],[79.98585,71.62121,24.834],[79.97623,71.61739,24.3999],[79.86823,71.60165,25.5754],[79.55166,71.6069,31.6976],[79.51228,71.60018,45.7585],[79.49564,71.6001,33.7152],[79.46288,71.60323,34.682],[79.4111,71.61423,57.0669],[79.39694,71.61558,37.2566],[79.38268,71.61496,46.3516],[79.371,71.61237,44.8169],[79.34279,71.60157,44.8509],[79.33844,71.5979,51.5675],[79.3588,71.58488,67.9812],[79.36656,71.57868,54.2233],[79.374,71.57139,74.5292],[79.38299,71.55904,65.0626],[79.38702,71.55088,42.7907],[79.38898,71.54349,28.6262],[79.38733,71.53708,26.4346],[79.38454,71.53052,46.6695],[79.36377,71.49972,28.3321],[79.35798,71.49427,24.506],[79.35136,71.48933,33.7396],[79.3431,71.48484,46.3404],[79.33348,71.48112,36.2979],[79.17959,71.44505,16.6098],[79.15499,71.43187,15.141],[79.14311,71.42169,14.2779],[79.14321,71.41523,13.7707],[79.14662,71.40727,18.5208],[79.16771,71.37657,6.5193],[79.1706,71.3634,26.8694],[79.17525,71.35497,28.2433],[79.18424,71.34495,30.7632],[79.20977,71.32841,28.7556],[79.22703,71.32081,24.5328],[79.2447,71.31673,42.1387],[79.33514,71.31523,6.1325],[79.4665,71.30061,5.765],[79.5652,71.27736,9.997],[79.95443,71.13411,46.837],[80.40319,71.09122,5.4716],[80.52649,71.06352,23.2117],[80.53765,71.05936,43.3355],[80.54633,71.05396,48.2196],[80.55005,71.04445,37.7237],[80.54633,71.0076,15.0918],[80.54695,71.00316,34.2302],[80.54736,70.99448,39.13],[80.55377,70.96688,37.2883],[80.55408,70.94895,75.9093],[80.55098,70.91203,67.011],[80.55191,70.90017,72.63],[80.55439,70.88864,56.1797],[80.55821,70.8766,51.731],[80.5609,70.87118,51.9226],[80.56473,70.86038,60.1292],[80.56896,70.85428,54.5914],[80.57641,70.84813,66.1095],[80.5916,70.8403,28.1112],[80.64079,70.82353,14.8159],[80.64472,70.81981,16.1776],[80.67986,70.80539,38.564],[80.68586,70.80121,34.037],[80.68565,70.79609,25.985],[80.68193,70.79072,31.5186],[80.67583,70.78555,16.7324],[80.65216,70.77217,40.3105],[80.61423,70.75713,49.1522],[80.60607,70.75279,58.0382],[80.60018,70.74736,56.5153],[80.59584,70.74137,24.7398],[80.59304,70.73493,32.7026],[80.5918,70.72865,30.6461],[80.59284,70.72225,37.6554],[80.59718,70.71628,21.1572],[80.60803,70.71018,22.8067],[80.65867,70.69243,11.3633],[80.66891,70.69106,10.7867],[80.69485,70.69083,13.9208],[80.70694,70.68886,14.8552],[80.71665,70.68561,18.0072],[80.74156,70.67403,8.3491],[80.749,70.66933,8.8399],[80.75459,70.6637,10.2559],[80.75748,70.65558,11.7017],[80.75779,70.64845,8.2843],[80.75624,70.64142,15.8215],[80.75283,70.63522,10.9039],[80.74745,70.62975,14.0331],[80.74074,70.62468,12.0785],[80.73495,70.61931,30.8812],[80.7305,70.61347,15.853],[80.72782,70.60716,41.2521],[80.72441,70.60081,33.0794],[80.71976,70.59486,20.4095],[80.71324,70.5899,36.4572],[80.70456,70.58582,17.4334],[80.67015,70.5776,9.2309],[80.66301,70.57357,19.3795],[80.66177,70.56691,34.6566],[80.66467,70.55879,26.152],[80.67139,70.54526,19.8665],[80.66798,70.53849,12.6586],[80.66363,70.53218,9.6717],[80.66095,70.52665,5.4111],[80.65816,70.51823,5.9935],[80.64689,70.51497,2.7797],[80.61857,70.51146,4.2147],[80.61144,70.50707,4.812],[80.60958,70.5011,4.3571],[80.61382,70.49518,2.6445],[80.6257,70.48939,5.6856],[80.64886,70.4818,3.2607],[80.65661,70.47787,6.2918],[80.66188,70.47348,6.5803],[80.66126,70.46792,5.1771],[80.66022,70.46169,4.9963],[80.66177,70.45562,5.0227],[80.6687,70.45043,7.4725],[80.68472,70.44593,7.1536],[80.70136,70.44376,4.4558],[80.74776,70.44345,6.6919],[80.77918,70.4388,6.6896],[80.78755,70.43937,6.6729],[80.79458,70.43834,3.9923],[80.79644,70.43405,6.5255],[80.79593,70.42836,2.4017],[80.79283,70.42258,3.8027],[80.78838,70.41829,5.8074],[80.77939,70.41823,4.6184],[80.76916,70.41994,0.0],[80.75583,70.42077,0.0],[80.74415,70.41922,0.0],[80.73764,70.4155,3.7779],[80.73681,70.41084,6.9343],[80.74745,70.40609,6.6795],[80.75459,70.40193,0.0],[80.75686,70.39777,7.1759],[80.74714,70.39405,6.3285],[80.73516,70.3917,7.5192],[80.72224,70.39059,0.0],[80.71045,70.39348,6.3711],[80.70301,70.39911,7.1726],[80.69795,70.40945,6.6951],[80.6934,70.41627,7.3367],[80.68679,70.42108,7.2791],[80.67449,70.4218,1.4293],[80.64937,70.41947,7.218],[80.63707,70.42033,7.8658],[80.62601,70.42413,39.0699],[80.61578,70.43167,21.7016],[80.59749,70.44834,17.3052],[80.58994,70.45399,0.0],[80.58137,70.45826,4.8905],[80.56907,70.46082,7.6489],[80.34986,70.45989,5.2064],[80.32567,70.45441,2.3818],[80.31585,70.45082,6.1681],[80.30738,70.44676,12.6718],[80.29446,70.43653,12.0418],[80.28712,70.43198,14.1099],[80.27648,70.42878,0.5],[80.26356,70.42733,3.3517],[80.24733,70.42774,2.5481],[80.19111,70.43508,4.0758],[80.18087,70.43431,5.7942],[80.17695,70.42955,7.645],[80.17881,70.42309,6.4511],[80.18459,70.41296,3.0],[80.18738,70.40552,6.9389],[80.18707,70.39875,6.1391],[80.18273,70.39327,5.8926],[80.17374,70.38997,5.9252],[80.16113,70.38924,7.8608],[80.123,70.3956,9.1493],[80.10822,70.39666,9.125],[80.0954,70.39542,9.9226],[80.08837,70.39183,11.5321],[80.0893,70.38467,14.8652],[80.1016,70.37519,5.5],[80.10636,70.36465,7.4945],[80.10315,70.35824,7.9819],[80.09509,70.35343,7.5403],[79.96011,70.31374,9.1199],[79.95412,70.30876,8.9001],[79.88043,70.27809,11.3872],[79.83144,70.26832,5.5],[79.8179,70.2678,7.2896],[79.80477,70.26935,7.389],[79.79361,70.27209,10.0664],[79.78359,70.27556,10.2747],[79.76002,70.28134,9.5615],[79.72839,70.28238,20.2264],[79.71723,70.27959,23.3807],[79.7102,70.27499,16.1161],[79.70927,70.26775,13.7143],[79.71413,70.25855,9.5204],[79.72188,70.24786,11.5876],[79.71734,70.24243,9.865],[79.70741,70.23928,7.198],[79.66442,70.23649,10.3416],[79.65439,70.23323,8.9099],[79.63021,70.2207,8.9502],[79.6238,70.21561,9.4147],[79.61853,70.21024,11.0753],[79.61522,70.20445,11.909],[79.61398,70.19874,5.5373],[79.61181,70.19313,13.8443],[79.60685,70.18802,9.2191],[79.58453,70.17442,7.0087],[79.50526,70.11541,10.7572],[79.49637,70.11174,6.9189],[79.48428,70.10983,15.2552],[79.45503,70.1119,38.949],[79.42784,70.11681,16.7893],[79.40531,70.12296,18.9574],[79.39725,70.12719,3.7098],[79.3926,70.1321,11.0972],[79.39591,70.13815,10.7853],[79.4111,70.14409,11.6415],[79.40748,70.14673,11.6286],[79.39177,70.15001,11.6722],[79.35725,70.15138,9.6868],[79.34361,70.14983,9.5953],[79.33348,70.1476,11.2191],[79.33069,70.14363,10.1099],[79.33162,70.13882,7.9468],[79.33968,70.11681,10.714],[79.33927,70.11097,11.183],[79.33627,70.10508,11.5569],[79.33235,70.09913,11.24],[79.33173,70.09133,8.5116],[79.33576,70.08167,4.4919],[79.3524,70.06616,11.9652],[79.35674,70.05691,12.3372],[79.3555,70.04996,11.688],[79.34806,70.04616,8.1755],[79.33906,70.04508,5.2364],[79.3277,70.04733,12.2596],[79.31777,70.05304,11.6199],[79.30754,70.05681,3.7758],[79.29545,70.05862,11.9406],[79.20843,70.05283,4.8302],[79.19664,70.05043,12.3731],[79.18827,70.04632,12.3554],[79.183,70.04136,12.5061],[79.18311,70.03392,12.627],[79.18714,70.02611,12.6915],[79.19633,70.01459,5.4816],[79.19261,70.01035,12.9179],[79.18528,70.01035,13.0616],[79.16264,70.01526,12.1537],[79.149,70.01583,6.772],[79.13639,70.01449,10.387],[79.13381,70.00841,6.3069],[79.14063,69.9981,12.1986],[79.17122,69.97831,13.7947],[79.17649,69.96865,13.8344],[79.17184,69.96333,13.4844],[79.14559,69.9593,4.8554],[79.13639,69.95532,12.784],[79.12884,69.95072,12.3261],[79.11582,69.9409,14.2258],[79.10755,69.93682,14.6334],[79.09639,69.93403,12.6783],[79.05505,69.9301,5.4662],[79.04854,69.92638,13.784],[79.04544,69.9216,13.8025],[79.04079,69.91646,14.1449],[79.03459,69.9117,14.4006],[78.99924,69.89279,10.4458],[78.96482,69.88064,11.038],[78.95366,69.87816,6.8224],[78.94023,69.87677,12.3491],[78.88607,69.88064,11.4521],[78.87987,69.87966,7.9107],[78.88018,69.87615,9.9609],[78.89237,69.86948,13.521],[78.91294,69.8609,14.5531],[79.00544,69.83646,12.9206],[79.01226,69.8331,14.076],[79.01092,69.82781,15.7157],[79.00544,69.82411,16.1878],[78.99128,69.81951,15.2866],[78.98384,69.81636,14.2986],[78.97981,69.81166,15.9168],[78.98591,69.80639,16.0935],[78.99955,69.80111,15.7022],[79.04999,69.78768,13.7254],[79.06477,69.7783,14.9033],[79.06766,69.7713,15.5763],[79.06642,69.76442,16.7385],[79.06425,69.75853,14.4508],[79.06673,69.753,15.6402],[79.0751,69.74892,16.754],[79.12512,69.74375,16.3032],[79.1304,69.73879,16.1319],[79.12585,69.73487,16.5574],[79.11644,69.73161,16.8231],[79.01402,69.70805,21.5914],[79.01195,69.70339,17.5619],[79.0166,69.6988,21.4965],[79.06787,69.69347,15.6994],[79.08006,69.68846,29.1228],[79.09298,69.68479,33.0188],[79.11221,69.68259,17.7971],[79.14383,69.6821,17.2033],[79.41668,69.64975,34.2545],[79.43281,69.64975,17.3106],[79.44552,69.6518,19.4066],[79.45565,69.65497,19.3098],[79.46712,69.6572,15.3326],[79.47993,69.65714,37.5238],[79.4911,69.65446,38.0155],[79.49637,69.64836,27.7699],[79.49885,69.64283,20.2805],[79.5035,69.63746,16.0153],[79.52035,69.63368,16.8509],[79.52965,69.62996,20.8694],[79.53151,69.62562,21.0219],[79.52541,69.62164,19.8373],[79.50898,69.61394,20.1213],[79.50805,69.60939,20.066],[79.51735,69.60405,20.1524],[79.5684,69.59358,20.3583],[79.58535,69.58829,38.2294],[79.59476,69.57911,38.9935],[79.6021,69.56573,29.1486],[79.62153,69.54671,38.0523],[79.64044,69.52154,37.6612],[79.64272,69.51612,35.6518],[79.64416,69.51038,33.7482],[79.64458,69.50454,30.1171],[79.64303,69.49821,18.8399],[79.64447,69.49139,31.8874],[79.64985,69.48387,28.7587],[79.66742,69.47431,22.4974],[79.68168,69.46088,31.4592],[79.69243,69.45586,22.0411],[79.71661,69.45077,22.3242],[79.72943,69.44651,29.8085],[79.73026,69.44046,20.8007],[79.72467,69.43633,23.4398],[79.7225,69.43235,23.2863],[79.73088,69.4291,22.5687],[79.80136,69.42556,36.5049],[79.81407,69.42326,37.2397],[79.81914,69.41713,36.7814],[79.81873,69.40512,36.9404],[79.82007,69.39969,37.7789],[79.82379,69.39468,33.572],[79.82968,69.39018,21.9233],[79.86947,69.37292,32.336],[79.87071,69.36796,18.6831],[79.86647,69.36326,23.7887],[79.85934,69.35897,21.9463],[79.85428,69.35453,23.6368],[79.85531,69.3507,22.7233],[79.86461,69.34858,21.6413],[79.91071,69.35243,24.503],[79.9258,69.3507,21.0573],[79.9413,69.3475,21.138],[79.9598,69.34187,28.4091],[79.97748,69.34135,33.5123],[79.98957,69.34262,33.6243],[80.01241,69.34967,23.0385],[80.03535,69.35411,32.0464],[80.09953,69.35396,28.0732],[80.11907,69.36019,27.5207],[80.12909,69.36171,21.5679],[80.1384,69.36088,27.1992],[80.13912,69.3568,26.6005],[80.14057,69.35453,24.0389],[80.14801,69.35282,26.1362],[80.22862,69.35773,34.698],[80.25984,69.35572,22.8948],[80.46964,69.31972,28.3698],[80.73422,69.30812,30.1133],[80.76296,69.30228,35.713],[80.77133,69.29562,31.4717],[80.77639,69.28998,30.0057],[80.77918,69.28425,41.5666],[80.78569,69.27391,35.7693],[80.79283,69.26864,39.6212],[80.80823,69.26187,40.7965],[80.90176,69.23583,36.5582],[80.92667,69.22606,38.9041],[80.93318,69.21903,33.7895],[80.9401,69.21386,43.2113],[80.94961,69.21004,40.2534],[80.96687,69.20911,43.2454],[81.16748,69.23991,41.5529],[81.23156,69.266,52.3389],[81.32385,69.28564,59.5588],[81.33936,69.28575,54.6579],[81.35765,69.28363,55.5436],[81.44323,69.2567,75.6778],[81.47165,69.25681,62.5583],[81.52591,69.2629,56.2268],[81.57107,69.27329,55.8837],[81.61066,69.28642,58.5343],[81.61882,69.2905,61.0921],[81.62626,69.29502,64.5596],[81.63215,69.30021,65.1942],[81.63608,69.30556,63.5982],[81.63763,69.31045,60.2402],[81.63526,69.31443,56.8062],[81.63298,69.31691,57.41],[81.62213,69.3243,63.4802],[81.61696,69.32869,62.629],[81.61634,69.33355,60.2742],[81.61903,69.33918,58.7505],[81.62719,69.35127,60.2258],[81.63329,69.36424,75.8259],[81.63453,69.3706,89.0507],[81.63515,69.37667,94.1954],[81.63339,69.38817,116.3823],[81.63019,69.39918,109.4868],[81.6275,69.40439,106.666],[81.62564,69.40951,106.1054],[81.62616,69.41478,95.6563],[81.63091,69.41964,110.5154],[81.65737,69.43917,96.7443],[81.66492,69.44331,93.0758],[81.67381,69.44625,88.9788],[81.68497,69.44651,92.5042],[81.75762,69.43628,82.2298],[81.78315,69.42873,93.9933],[81.9171,69.35959,62.2095],[81.92423,69.35484,64.7312],[81.9294,69.34931,61.7506],[81.93002,69.34125,64.7294],[81.92702,69.33468,65.2479],[81.92165,69.32869,67.844],[81.90873,69.31861,63.3902],[81.90077,69.31427,61.9029],[81.85374,69.29608,53.5528],[81.81933,69.28859,54.5846],[81.81002,69.28507,55.4112],[81.76641,69.25743,51.9047],[81.76145,69.25236,53.2239],[81.75949,69.24719,52.1196],[81.76083,69.24218,53.3792],[81.7722,69.23291,66.293],[81.84103,69.1964,71.7444],[81.86945,69.1873,71.4398],[81.89322,69.18268,64.4889],[82.25692,69.15671,61.6071],[82.27057,69.15738,68.8775],[82.37133,69.1719,75.7409],[82.40058,69.17273,75.9757],[82.43056,69.16963,61.11],[82.44316,69.16689,74.4363],[82.45309,69.16188,70.3188],[82.46032,69.15495,76.3181],[82.46435,69.13216,79.7525],[82.46776,69.12444,76.7611],[82.47882,69.11857,75.1675],[82.48957,69.11454,81.174],[82.4968,69.11051,85.8335],[82.4937,69.10539,87.4233],[82.48719,69.10098,77.348],[82.46993,69.09304,81.6001],[82.46332,69.08896,81.6254],[82.46053,69.08421,77.2625],[82.45722,69.07966,78.4036],[82.44875,69.07661,78.8131],[82.36648,69.06963,100.2769],[82.34291,69.06516,125.5425],[82.33268,69.06204,138.2526],[82.32751,69.05573,145.5093],[82.32896,69.04648,123.0028],[82.34643,69.02902,110.5921],[82.36038,69.02083,117.641],[82.37692,69.01568,137.3869],[82.42528,69.01046,111.062],[82.43758,69.00773,116.4147],[82.4565,69.0009,115.7884],[82.48068,68.99514,111.229],[82.49277,68.9868,109.4349],[82.50476,68.97388,109.8282],[82.53391,68.9267,116.9954],[82.54001,68.90846,93.1691],[82.54807,68.87197,101.3727],[82.54879,68.86525,102.895],[82.5459,68.84029,99.62],[82.54714,68.83363,108.2585],[82.55158,68.82691,95.4296],[82.56388,68.81864,93.2588],[82.59086,68.81063,84.9579],[82.72925,68.78924,88.7893],[82.74123,68.79009,88.7474],[82.77369,68.79616,85.6054],[82.78144,68.79689,87.8421],[82.78743,68.79497,90.1053],[82.7927,68.79131,91.6839],[82.79756,68.78676,86.5325],[82.80593,68.77725,85.6476],[82.80748,68.77203,89.0801],[82.80624,68.76655,85.7531],[82.79849,68.75978,83.9946],[82.79394,68.75379,84.197],[82.79632,68.7465,89.3828],[82.80345,68.7418,86.0863],[83.01543,68.68387,153.1718],[83.03104,68.67643,164.4572],[83.03631,68.67188,180.2534],[83.03879,68.66733,182.3114],[83.02814,68.66139,175.0087],[82.93843,68.64392,156.3746],[82.92293,68.63896,140.5979],[82.91528,68.63449,138.2328],[82.8666,68.62778,140.1621],[82.68243,68.62992,126.0815],[82.64346,68.61607,95.6245],[82.60047,68.60594,85.5427],[82.59003,68.60457,77.4893],[82.57969,68.60563,76.6525],[82.549,68.61343,85.5857],[82.5397,68.61395,85.306],[82.53587,68.61075,85.7479],[82.53184,68.5984,87.5934],[82.52843,68.5907,87.8397],[82.51965,68.58667,92.8649],[82.48037,68.58191,86.2388],[82.47179,68.57954,87.4044],[82.4689,68.57664,84.7154],[82.48244,68.57173,82.7409],[82.53587,68.56036,91.9598],[82.61742,68.53442,102.7534],[82.6661,68.50404,122.8373],[82.67374,68.49752,125.3402],[82.67933,68.49179,120.3635],[82.68925,68.47184,110.4295],[82.70961,68.41412,102.4553],[82.70392,68.38707,100.7068],[82.69669,68.37185,120.223],[82.69245,68.36565,105.9152],[82.68904,68.35919,101.139],[82.68687,68.35226,110.4004],[82.68656,68.34529,120.4705],[82.69173,68.33102,124.7031],[82.697,68.32012,131.9694],[82.70258,68.30389,150.1317],[82.70268,68.298,152.5017],[82.70113,68.29227,150.0537],[82.69235,68.28581,136.4335],[82.68057,68.28276,121.8381],[82.64129,68.27805,135.8945],[82.59954,68.26684,145.0232],[82.58166,68.25963,131.2273],[82.57411,68.25537,130.1989],[82.54166,68.23067,98.4933],[82.5306,68.21982,59.7174],[82.52812,68.21268,63.5917],[82.52843,68.20501,84.5406],[82.53556,68.19522,97.7546],[82.54838,68.18364,91.1481],[82.54962,68.17909,95.7677],[82.54259,68.17398,103.505],[82.53329,68.17031,93.5068],[82.52275,68.16778,96.0092],[82.51262,68.16669,101.4751],[82.50301,68.16845,106.4874],[82.4628,68.18085,118.2744],[82.43789,68.1854,120.4313],[82.42353,68.18566,105.4874],[82.41113,68.18437,100.821],[82.40151,68.18111,105.1844],[82.39459,68.17661,96.104],[82.39066,68.17072,114.0981],[82.3888,68.16245,105.3323],[82.38653,68.13532,84.4037],[82.38291,68.12551,93.9522],[82.37816,68.11786,104.7648],[82.3672,68.10685,117.8255],[82.36348,68.1006,119.3891],[82.36255,68.09357,115.9745],[82.36875,68.08432,126.7477],[82.37474,68.07807,140.0331],[82.38694,68.0684,136.2301],[82.39097,68.06324,129.7303],[82.39221,68.05724,121.5767],[82.3888,68.04908,129.3755],[82.38477,68.04215,134.592],[82.38167,68.03471,117.699],[82.38095,68.02696,119.8956],[82.38601,68.00138,90.1259],[82.38632,67.99854,81.7991],[82.38601,67.99502,78.6223],[82.38477,67.98965,86.3675],[82.3763,67.96939,75.9468],[82.37537,67.95851,84.9735],[82.37164,67.9511,77.8676],[82.36462,67.94588,76.0099],[82.35356,67.9435,78.0508],[82.05921,67.94846,92.8944],[82.02024,67.96066,85.5601],[82.00805,67.96221,84.8941],[81.98821,67.96226,95.8879],[81.97797,67.96022,92.5984],[81.96888,67.95704,90.5602],[81.93715,67.94092,89.841],[81.90294,67.9343,78.6336],[81.8771,67.93286,86.5086],[81.85116,67.93627,95.0662],[81.80393,67.94722,88.7517],[81.77778,67.95092,89.388],[81.76507,67.95074,92.0434],[81.75618,67.94828,88.867],[81.74202,67.93957,84.5052],[81.72993,67.92955,72.1346],[81.72559,67.92381,86.0361],[81.72641,67.91632,84.61],[81.73055,67.90753,69.3965],[81.75794,67.888,76.2335],[81.76817,67.8826,65.2762],[81.78522,67.8755,65.0457],[81.7999,67.86759,67.5041],[81.84682,67.8339,63.7057],[81.88175,67.79927,57.0718],[81.89508,67.78883,57.4377],[81.91245,67.78253,49.093],[81.94035,67.78005,55.5276],[81.95307,67.77602,57.4194],[81.96454,67.76933,56.0678],[81.98149,67.75716,55.0842],[81.99234,67.75096,49.7023],[82.00009,67.74765,49.764],[82.0065,67.74718,55.3091],[82.02335,67.75142,50.3212],[82.03368,67.75256,50.2534],[82.04329,67.75121,52.4699],[82.05166,67.74827,49.0148],[82.10034,67.72439,47.2573],[82.10334,67.71499,46.8574],[82.10117,67.70812,51.1756],[82.09538,67.70217,51.1817],[82.08949,67.69732,47.3035],[82.08556,67.69318,45.8443],[82.08711,67.69003,47.316],[82.10675,67.68796,49.298],[82.11233,67.68641,42.6563],[82.10861,67.68372,42.2145],[82.10096,67.68052,46.0367],[82.06169,67.66853,63.0101],[82.05383,67.66471,61.7316],[82.04887,67.66011,46.1673],[82.04918,67.65458,45.3568],[82.05983,67.64683,44.8088],[82.07688,67.6367,44.599],[82.09497,67.62303,43.6666],[82.10964,67.609,42.4133],[82.12608,67.60073,42.017],[82.1422,67.596,42.3974],[82.17331,67.59037,41.3032],[82.18644,67.58507,46.1463],[82.20215,67.5751,39.4051],[82.25196,67.55453,38.983],[82.26271,67.55221,36.4626],[82.2746,67.55148,35.701],[82.28607,67.5527,37.0664],[82.32751,67.56234,43.8483],[82.33795,67.56311,43.9834],[82.34787,67.56089,36.6796],[82.35635,67.55709,37.6428],[82.35635,67.54911,33.9634],[82.3517,67.5366,35.7178],[82.35201,67.53329,35.2178],[82.35966,67.53329,37.5485],[82.38043,67.53526,36.2034],[82.38901,67.5342,35.632],[82.39025,67.52885,34.6424],[82.38684,67.5236,36.5494],[82.37381,67.51392,35.2683],[82.36596,67.50973,35.3478],[82.35914,67.50529,36.4184],[82.3548,67.5003,35.0332],[82.35573,67.49454,34.4388],[82.36369,67.48834,33.6469],[82.37071,67.48397,29.8082],[82.37443,67.48064,33.9617],[82.36916,67.47919,35.0946],[82.33578,67.48105,34.2701],[82.32989,67.48012,31.9845],[82.29651,67.46152,28.1891],[82.28348,67.45196,30.4122],[82.2779,67.44661,31.1238],[82.2687,67.4349,29.6701],[82.26281,67.42979,30.6378],[82.25413,67.42619,29.2341],[82.25134,67.41924,31.4927],[82.2561,67.40912,28.2021],[82.28814,67.38591,27.8559],[82.32844,67.36426,28.3202],[82.33175,67.36002,27.4891],[82.32658,67.35527,27.4841],[82.31594,67.3531,27.9119],[82.30209,67.35217,28.0829],[82.29289,67.35067,26.5429],[82.29124,67.34803,27.0139],[82.30312,67.34421,26.7984],[82.34519,67.33687,26.1583],[82.35438,67.33408,29.6697],[82.3579,67.33085,31.1959],[82.35252,67.32798,22.6433],[82.28131,67.30959,27.5584],[82.26922,67.3085,32.582],[82.2561,67.30858,33.5912],[82.23243,67.31093,49.4384],[82.22592,67.30959,50.0817],[82.22881,67.30607,47.3006],[82.25517,67.29538,26.7034],[82.2624,67.29057,37.1704],[82.26178,67.28561,20.9815],[82.2563,67.28147,26.4873],[82.24648,67.27951,35.3202],[82.23491,67.27987,33.1495],[82.20266,67.28742,29.1969],[82.19295,67.2885,30.439],[82.18737,67.2852,35.5923],[82.18788,67.27879,38.0629],[82.1947,67.26809,34.8625],[82.19233,67.26168,39.5291],[82.18416,67.25796,28.9034],[82.13073,67.2544,20.2905],[82.12143,67.25207,26.0501],[82.11678,67.24835,38.8513],[82.11729,67.2438,36.7891],[82.7957,66.97658,47.9321],[83.04178,66.89101,72.0797],[83.05191,66.88558,78.8903],[83.05543,66.88036,68.5278],[83.05036,66.87447,60.1039],[83.03445,66.86651,54.4077],[83.03,66.86264,53.6397],[83.03476,66.85685,49.1445],[83.04116,66.85225,53.6389],[83.0576,66.84476,53.6588],[83.0669,66.84223,55.2146],[83.07775,66.84176,55.4145],[83.11206,66.84403,53.7685],[83.12219,66.84194,56.5325],[83.13036,66.83866,56.8342],[83.16188,66.81799,64.3541],[83.16746,66.81192,62.5448],[83.17201,66.80424,60.5684],[83.17552,66.79117,55.4069],[83.17769,66.76368,50.7339],[83.17883,66.75804,47.9449],[83.18193,66.75246,48.3515],[83.18689,66.74693,47.9578],[83.1963,66.74097,49.4063],[83.24611,66.72027,48.993],[83.25976,66.71226,47.265],[83.28373,66.69376,42.7215],[83.29004,66.68689,40.25],[83.29459,66.68027,38.2199],[83.29655,66.67324,39.8785],[83.29283,66.66301,39.2565],[83.28477,66.65774,40.0276],[83.27422,66.65417,38.2817],[83.22255,66.64182,36.568],[83.20581,66.63454,35.2901],[83.19847,66.63025,45.3944],[83.18141,66.62332,49.912],[83.10493,66.61694,49.1117],[83.09542,66.61402,47.8588],[83.08891,66.60973,46.2979],[83.08581,66.60418,45.5522],[83.07806,66.57888,53.631],[83.07796,66.57304,53.861],[83.07868,66.56728,51.7489],[83.07982,66.56173,49.4658],[83.08147,66.55635,49.2153],[83.08354,66.54521,48.5661],[83.08385,66.5394,45.6849],[83.08075,66.51496,53.0324],[83.08044,66.50318,51.9595],[83.08292,66.48628,32.5206],[83.09098,66.45917,36.4031],[83.09532,66.45227,34.6359],[83.10183,66.44419,35.7293],[83.12416,66.42365,36.137],[83.13377,66.41822,38.4806],[83.14245,66.41481,36.9359],[83.24198,66.39553,45.1184],[83.26244,66.38944,38.8854],[83.26957,66.38553,37.7424],[83.28694,66.37277,50.9157],[83.34357,66.34158,41.1018],[83.35536,66.3312,41.4172],[83.39422,66.28531,48.3161],[83.41509,66.26652,47.9997],[83.42088,66.26226,45.9089],[83.53013,66.19777,41.4253],[83.5354,66.1926,38.3746],[83.53509,66.18436,41.2681],[83.53137,66.17813,43.0803],[83.52465,66.17296,42.1024],[83.50842,66.16557,39.1531],[83.47018,66.1541,43.1608],[83.38057,66.13953,36.5583],[83.37241,66.13578,37.4121],[83.36652,66.1308,35.9629],[83.362799999999993,66.12475,37.784],[83.36001,66.1185,33.9416],[83.3566,66.1123,36.1942],[83.35195,66.10671,36.4867],[83.34544,66.10196,35.0979],[83.29924,66.07822,32.6686],[83.29397,66.07307,34.0816],[83.29283,66.06599,34.1874],[83.29614,66.05832,34.649],[83.33851,66.01119,36.5814],[83.35246,65.99876,38.9386],[83.37303,65.98378,39.0818],[83.52124,65.90833,40.3236],[83.52465,65.9035,37.7471],[83.52403,65.89748,39.9098],[83.51989,65.88456,35.5438],[83.51896,65.87681,38.7656],[83.51958,65.86838,41.5632],[83.52579,65.8566,42.2364],[83.52424,65.84916,47.1162],[83.52031,65.84306,49.056],[83.51411,65.83862,49.2204],[83.50977,65.83407,50.058],[83.5109,65.82864,50.4025],[83.51814,65.82249,51.1287],[83.57912,65.77976,46.6024],[83.58532,65.77671,43.5381],[83.59235,65.77542,50.4017],[83.65002,65.78911,81.8315],[83.74365,65.80079,79.8596],[83.96504,65.80265,107.7961],[84.01196,65.7979,74.376],[84.03097,65.79304,45.2362],[84.03811,65.78885,54.2232],[84.0442,65.78332,66.9869],[84.06239,65.76172,56.3665],[84.07418,65.75299,56.7479],[84.12844,65.72715,41.491],[84.14549,65.71449,52.7346],[84.15221,65.71051,59.5712],[84.16833,65.70338,77.2136],[84.18714,65.69697,102.1789],[84.2105,65.69201,96.4262],[84.29607,65.68943,106.1082],[84.30889,65.68785,103.6985],[84.31943,65.68441,101.3345],[84.32067,65.67695,93.49],[84.31871,65.6701,99.278],[84.30569,65.65227,96.0867],[84.30352,65.64638,97.0994],[84.30207,65.62876,100.0166],[84.30052,65.62282,104.8941],[84.29742,65.61749,110.8057],[84.29091,65.61315,103.8149],[84.26062,65.60602,119.6106],[84.21081,65.60385,115.1942],[84.20027,65.6023,122.5443],[84.19458,65.59928,118.4114],[84.19582,65.59538,113.1079],[84.20461,65.59248,105.5193],[84.42992,65.5514,124.6948],[84.44201,65.54618,123.5143],[84.45338,65.53858,127.7893],[84.46785,65.52318,123.7551],[84.4787,65.51541,127.9984],[84.49834,65.50381,95.5735],[84.50598,65.49518,94.5917],[84.52355,65.46774,92.7722],[84.54681,65.44164,126.7599],[84.55022,65.43342,130.728],[84.54722,65.42381,130.9353],[84.54071,65.41776,132.091],[84.51436,65.40624,126.3699],[84.50877,65.40102,125.3459],[84.50681,65.39451,128.0392],[84.51498,65.37911,122.5392],[84.51921,65.37353,123.5234],[84.52386,65.36924,109.3304],[84.53782,65.36123,102.0371],[84.54536,65.35544,99.4203],[84.55125,65.34774,100.9127],[84.55921,65.3341,100.5971],[84.56686,65.32676,99.8258],[84.58236,65.31663,100.5577],[84.58557,65.3111,100.5202],[84.58495,65.29715,105.4625],[84.58391,65.29121,111.3675],[84.58112,65.28547,122.0526],[84.56593,65.26271,122.1037],[84.56314,65.25442,126.1279],[84.55962,65.2493,129.3064],[84.55466,65.24343,132.7257],[84.52335,65.21341,119.497],[84.5156,65.20889,112.4763],[84.50629,65.20574,110.1507],[84.49606,65.20372,110.3243],[84.43829,65.19922,117.1778],[84.41875,65.19401,117.2744],[84.41028,65.19028,118.6525],[84.40253,65.18584,126.05029999999999],[84.38816,65.17525,119.804],[84.35747,65.1461,126.8422],[84.33669,65.12099,97.0578],[84.31282,65.09846,65.8447],[84.30982,65.09293,79.4358],[84.30786,65.08745,67.8332],[84.3091,65.07944,75.6065],[84.31478,65.06983,67.1699],[84.33111,65.05283,76.9868],[84.34506,65.04487,70.1917],[84.35891,65.03913,75.2362],[84.36925,65.03582,58.4645],[84.37793,65.03221,40.7976],[84.38258,65.02787,66.5172],[84.38589,65.02321,74.4117],[84.38806,65.01655,70.4209],[84.38899,65.00823,73.134],[84.38682,64.99386,61.4863],[84.38072,64.98611,76.9744],[84.37287,64.98038,76.053],[84.31633,64.96312,47.033],[84.29949,64.95557,55.5361],[84.29184,64.95097,56.5718],[84.28502,64.94586,46.2677],[84.27892,64.94033,47.5194],[84.27447,64.93459,43.4897],[84.27272,64.92751,61.695],[84.27427,64.91991,68.2966],[84.28336,64.90891,71.3008],[84.29215,64.90265,80.8168],[84.30383,64.89816,77.4861],[84.31685,64.89573,79.1153],[84.47012,64.8902,87.0529],[84.81976,64.93071,87.741],[84.92012,64.92787,100.5181],[84.94265,64.92208,97.2038],[84.95113,64.9179,107.345],[84.95722,64.91294,100.4467],[84.96332,64.90622,98.6352],[84.96673,64.89924,102.4651],[84.96766,64.89144,104.8284],[84.96208,64.87886,71.5569],[84.95412,64.87222,81.2399],[84.938,64.86219,91.1152],[84.9318,64.85697,71.0714],[84.92756,64.85144,91.7542],[84.92601,64.84498,66.3336],[84.92663,64.83816,75.4087],[84.93242,64.82907,76.8141],[84.93924,64.82328,96.4256],[84.94823,64.81873,111.6102],[84.97076,64.81258,98.993],[84.99443,64.80899,86.5395],[85.03639,64.80767,99.1475],[85.08135,64.81178,98.4028],[85.09272,64.81088,95.6621],[85.1015,64.80558,99.4322],[85.10822,64.79729,82.3707],[85.11608,64.7716,79.8607],[85.12011,64.76468,94.0306],[85.12517,64.76034,91.4367],[85.13168,64.75654,95.9746],[85.14036,64.75357,103.6266],[85.14905,64.75181,105.467],[85.16083,64.75057,104.9249],[85.18439,64.75078,107.8625],[85.3481,64.78313,124.0653],[85.4373,64.79201,133.2371],[85.44629,64.79527,130.737],[85.47833,64.81237,125.8845],[85.51491,64.82509,124.97],[85.5359,64.82876,135.0608],[85.55894,64.83,136.2473],[85.61,64.82777,141.0174],[85.81846,64.78431,125.2454],[85.838,64.77734,125.4226],[85.84513,64.77341,120.2128],[85.85133,64.76876,119.3415],[85.85567,64.76344,120.8776],[85.85898,64.75636,127.6785],[85.8597,64.75047,139.8721],[85.85774,64.73925,121.764],[85.85019,64.72235,159.2902],[85.81195,64.65631,111.9178],[85.81019,64.64773,108.8831],[85.81319,64.64311,108.3702],[85.81795,64.63869,109.9665],[85.82384,64.63456,106.8283],[85.83128,64.63063,110.9531],[85.90176,64.60164,133.425],[85.90828,64.59756,122.0],[85.91293,64.59316,131.0816],[85.91603,64.58849,124.2984],[85.91282,64.58004,119.8686],[85.90435,64.56862,123.6612],[85.85908,64.52387,102.5841],[85.85226,64.51477,94.365],[85.84451,64.50102,84.5962],[85.8411,64.4926,99.0827],[85.83965,64.48573,101.5063],[85.83996,64.46444,120.1518],[85.84151,64.45917,123.0238],[85.84482,64.45441,120.4101],[85.85081,64.45023,123.4242],[85.92223,64.4169,119.2797],[85.92688,64.41276,103.2081],[85.93019,64.40806,98.9654],[85.93091,64.40305,121.1154],[85.92533,64.37602,130.0],[85.92595,64.37101,130.0],[85.92895,64.36628,156.597],[85.94166,64.35292,151.825],[85.94414,64.34811,158.2762],[85.94538,64.34326,162.8317],[85.9461,64.33811,168.3037],[85.94796,64.33331,159.8319],[85.95075,64.32853,159.2367],[85.95561,64.32419,144.7619],[85.96274,64.32026,134.0504],[86.00088,64.30481,141.4799],[86.01731,64.29344,140.9451],[86.02176,64.289,147.7805],[86.02806,64.2798,140.0319],[86.02992,64.27499,157.0874],[86.03054,64.26988,145.7729],[86.03023,64.26455,140.0378],[86.02672,64.2536,144.3263],[86.02403,64.24796,141.6317],[86.02062,64.23691,127.5],[86.01504,64.22879,139.8014],[85.98651,64.19998,135.6779],[85.97876,64.18993,137.985],[85.97535,64.18205,124.0],[85.97608,64.17706,139.2507],[85.97266,64.16921,137.0879],[85.96574,64.15934,123.2896],[85.946,64.14079,136.384],[85.93763,64.13056,142.4826],[85.93422,64.12275,136.4389],[85.93711,64.1181,136.0793],[85.94176,64.11371,139.5192],[85.94827,64.10968,142.1321],[85.95603,64.10596,141.952],[85.96274,64.10193,143.191],[85.96636,64.09738,145.4686],[85.96739,64.09242,147.733],[85.96708,64.08188,147.3319],[85.96522,64.07123,140.7632],[85.96347,64.0657,141.9578],[85.95789,64.0596,126.5],[85.94817,64.05335,137.3634],[85.67242,63.991,108.8972],[85.65723,63.98504,109.1702],[85.59966,63.9563,109.2406],[85.56328,63.94289,108.5691],[85.53352,63.93672,110.6844],[85.5236,63.9316,104.6339],[85.51378,63.92457,101.1274],[85.49197,63.90209,99.8856],[85.47998,63.89346,99.1972],[85.43657,63.87269,94.2451],[85.428,63.86675,90.0853],[85.41859,63.85626,92.1418],[85.40908,63.8422,87.5483],[85.37311,63.80841,80.5892],[85.36784,63.79936,79.8065],[85.36671,63.79223,81.757],[85.3666,63.78536,79.9239],[85.36195,63.77624,78.4328],[85.34624,63.75978,80.6559],[85.34201,63.75073,75.8726],[85.34097,63.7436,74.2845],[85.34376,63.739,74.9373],[85.34593,63.73415,77.5838],[85.34666,63.72903,88.1997],[85.34624,63.72371,79.9575],[85.34469,63.71818,69.8412],[85.33828,63.70668,72.6493],[85.33301,63.70079,72.8394],[85.26945,63.65146,81.6286],[85.25684,63.64387,75.5621],[85.21964,63.62656,72.2784],[85.20982,63.61968,69.4806],[85.19121,63.6018,68.5729],[85.18119,63.59705,68.6611],[85.16703,63.59472,72.6905],[85.1414,63.59671,66.8949],[85.10212,63.60594,72.0803],[85.0891,63.60741,71.1254],[85.07608,63.60707,70.6212],[85.060059999999993,63.60384,71.4921],[85.05065,63.60056,71.5845],[85.03184,63.58635,66.5182],[85.03608,63.58302,66.0948],[85.03949,63.58315,64.3347],[85.04704,63.57199,68.0716],[85.06099,63.55612,67.2404],[85.07753,63.54315,70.3932],[85.09675,63.53416,72.5714],[85.15587,63.53509,70.0407],[85.18615,63.53044,69.2389],[85.19917,63.51059,71.3553],[85.2124,63.51085,71.7367],[85.27638,63.52238,77.3766],[85.29911,63.51742,65.4222],[85.31927,63.49861,68.924],[85.3356,63.48677,73.0657],[85.37787,63.46651,73.7608],[85.37342,63.45396,68.8594],[85.37684,63.44388,70.7995],[85.39151,63.42429,75.8075],[85.36154,63.41494,83.0811],[85.36485,63.40476,73.6877],[85.38159,63.39319,74.8302],[85.39151,63.37959,76.8341],[85.3943,63.37076,75.9211],[85.40133,63.36115,74.8207],[85.41022,63.35319,75.9398],[85.4189,63.34921,73.1993],[85.43378,63.34973,78.8926],[85.4404,63.35577,68.0],[85.44474,63.36363,75.8823],[85.45301,63.36967,107.1223],[85.49548,63.37479,87.4758],[85.64059,63.37417,76.3173],[85.67211,63.35975,80.2423],[85.66777,63.34448,95.8674],[85.65599,63.33464,95.3589],[85.61744,63.31505,93.4609],[85.56049,63.27317,81.3075],[85.539,63.26728,84.1057],[85.53093,63.26281,86.8905],[85.53145,63.25247,78.6116],[85.53486,63.24082,78.2804],[85.53559,63.23252,77.7478],[85.52876,63.22508,82.2967],[85.50975,63.21723,106.4593],[85.50138,63.21201,104.7372],[85.49145,63.19821,97.2297],[85.46944,63.14919,87.6142],[85.46965,63.14307,92.141],[85.46965,63.13832,82.5422],[85.47399,63.13408,78.5791],[85.49548,63.12245,77.927],[85.50127,63.11832,79.008],[85.51709,63.10044,103.07],[85.52236,63.0961,104.6459],[85.53135,63.09271,102.2494],[85.57899,63.08333,80.0339],[85.58426,63.07946,81.7581],[85.58633,63.07419,83.1996],[85.58633,63.06819,82.2666],[85.58395,63.05388,83.4402],[85.57765,63.04489,94.2982],[85.56576,63.03429,101.6029],[85.51212,63.00137,108.3448],[85.50778,62.99946,102.566],[85.49941,62.99311,95.2928],[85.4961,62.98623,80.5457],[85.49641,62.9807,85.2251],[85.49817,62.97538,84.7026],[85.50127,62.97083,85.3238],[85.50851,62.95647,84.3704],[85.51802,62.94262,90.9284],[85.51988,62.93786,88.6179],[85.51833,62.93257,88.635],[85.50045,62.91606,98.0329],[85.46448,62.89133,96.2613],[85.44432,62.88433,96.1665],[85.3419,62.87534,111.6849],[85.33291,62.8727,135.0774],[85.32433,62.86926,135.8268],[85.22522,62.80123,209.0245],[85.16672,62.74749,157.6954],[85.15814,62.73612,156.3878],[85.15711,62.73069,153.2373],[85.15711,62.72537,146.085],[85.15587,62.72005,146.3472],[85.15184,62.71431,153.7626],[85.14439,62.70816,153.7974],[85.13489,62.70186,140.3083],[85.09933,62.68486,145.2146],[85.09158,62.67984,128.2407],[85.08538,62.67354,137.1515],[85.08187,62.66385,143.1419],[85.08373,62.65752,139.3862],[85.08817,62.6522,130.6757],[85.09313,62.64801,113.9168],[85.09406,62.64315,131.7501],[85.09003,62.63799,129.1017],[85.07536,62.63225,116.2233],[85.04301,62.62432,110.8557],[85.03215,62.62052,103.5],[84.99681,62.60114,107.654],[84.98658,62.59801,114.4392],[84.95774,62.59287,108.7681],[84.94854,62.58915,117.0866],[84.94058,62.5829,110.4038],[84.93304,62.57225,110.2544],[84.9257,62.56399,104.1304],[84.91661,62.55644,107.4064],[84.90234,62.54791,98.9142],[84.89407,62.54107,103.977],[84.89004,62.53285,113.1518],[84.8917,62.52724,109.5125],[84.89511,62.52213,105.9437],[84.90854,62.50895,108.3499],[84.91133,62.50425,96.2624],[84.91133,62.49898,96.2243],[84.90761,62.49309,96.5347],[84.89686,62.48079,98.3318],[84.87175,62.45862,129.0536],[84.8609,62.45123,139.5809],[84.81584,62.42771,131.5679],[84.78524,62.4164,143.5058],[84.74556,62.41035,147.1522],[84.45079,62.19827,169.4126],[84.4357,62.17796,158.1624],[84.55125,62.00149,159.3229],[84.5527,61.99906,165.1037],[84.55332,61.9965,166.759],[84.5528,61.99306,161.7143],[84.55094,61.9881,162.2308],[84.52014,61.94506,146.0237],[84.5187,61.93953,144.7751],[84.52076,61.93467,147.6125],[84.52335,61.93004,143.0482],[84.53451,61.91643,141.0936],[84.53761,61.91178,142.1062],[84.54598,61.90284,156.2999],[84.55683,61.89798,157.9053],[84.62722,61.87881,153.0916],[84.64127,61.87199,151.8083],[84.64737,61.86697,151.6861],[84.65543,61.85757,155.2136],[84.66783,61.83902,159.0955],[84.67528,61.8247,157.4029],[84.67838,61.82005,156.9897],[84.68106,61.8153,149.3058],[84.68975,61.80997,147.7397],[84.70463,61.80455,147.694],[84.82752,61.78672,152.5309],[84.91909,61.79654,159.7861],[84.94151,61.79612,159.8778],[85.00053,61.78543,164.5195],[85.08683,61.75416,171.1493],[85.12031,61.73768,185.7149],[85.15835,61.70846,176.9761],[85.17178,61.70347,159.9146],[85.27266,61.68259,158.5632],[85.29426,61.68326,167.5629],[85.31379,61.68636,179.5323],[85.35668,61.69954,188.3997],[85.36578,61.7013,182.7563],[85.37591,61.70112,181.329],[85.38614,61.69809,182.7997],[85.40298,61.68497,186.8085],[85.43141,61.65805,176.3263],[85.45797,61.63696,170.4809],[85.46717,61.63247,177.8947],[85.47957,61.62787,179.2305],[85.72193,61.57474,162.8275],[85.73185,61.57423,164.2809],[85.79986,61.58384,174.4283],[85.83469,61.59423,176.6573],[85.8442,61.59562,177.3567],[85.85402,61.59505,181.2878],[85.95623,61.55004,199.9324],[85.96336,61.5449,199.1527],[85.96863,61.53852,196.5471],[85.97297,61.52689,190.9968],[85.97391,61.50834,190.5895],[85.96822,61.47465,181.4489],[85.95044,61.46472,182.2593],[85.77113,61.44346,177.3957],[85.75345,61.4378,176.0655],[85.6439,61.3876,160.7142],[85.63842,61.38235,163.4032],[85.63522,61.37682,160.9645],[85.6347,61.3716,158.8527],[85.63625,61.36675,159.7435],[85.64204,61.35729,170.0288],[85.65351,61.3439,160.6587],[85.70209,61.30618,152.7015],[85.69351,61.29905,153.8279],[85.67118,61.28923,153.1881],[84.64809,61.00072,150.3561],[84.62267,61.0001,152.2057],[84.25959,60.85551,136.7437],[84.28243,60.83479,142.2734],[84.3553,60.79092,125.2485],[84.70835,60.45895,136.5136],[84.71703,60.44809,132.154],[84.73181,60.42505,127.7223],[84.73905,60.416,123.8646],[84.77625,60.38097,126.3577],[84.78028,60.37603,128.4572],[84.78359,60.37053,130.0726],[84.78421,60.36267,129.6428],[84.78121,60.35595,109.0047],[84.77305,60.34856,107.7111],[84.74432,60.32939,107.7714],[84.73253,60.31854,106.5],[84.72261,60.30619,118.8037],[84.69378,60.25183,134.0331],[84.68354,60.23893,139.2061],[84.67435,60.23023,135.6148],[84.63817,60.21043,148.3189],[84.63187,60.20558,153.4768],[84.62629,60.19271,131.7325],[84.62133,60.174,137.0004],[84.61058,60.05918,154.6797],[84.60624,60.04603,148.7394],[84.60066,60.03706,146.6454],[84.54753,60.00114,146.946],[84.53513,59.9904,147.4565],[84.53079,59.98515,146.9566],[84.52945,59.97975,147.8628],[84.53131,59.975,143.712],[84.55342,59.96451,143.6717],[84.62226,59.94425,147.5951],[84.66721,59.91624,148.2547],[84.69192,59.90482,148.8197],[85.49631,59.89159,171.0657],[85.96822,59.95588,171.2612],[86.62544,59.95004,171.0638],[87.08412,59.88275,155.9909],[87.09456,59.87733,158.2165],[87.10252,59.86699,158.1741],[87.16887,59.71543,175.3776],[87.17817,59.7008,175.2477],[87.19057,59.68974,175.1758],[87.21362,59.68504,174.6216],[87.49195,59.67362,163.6162],[87.50518,59.67171,162.8929],[87.52234,59.66721,162.3451],[87.55386,59.6407,160.9941],[87.87839,59.28899,169.2323],[87.8943,59.2761,155.1057],[87.91063,59.26814,150.9908],[87.93627,59.26615,153.0333],[88.58594,59.29865,129.0454],[88.60982,59.29736,122.5292],[88.6215,59.29302,125.3317],[88.61788,59.27532,121.2958],[88.60031,59.23246,116.0272],[88.60754,59.21494,115.5689],[88.62026,59.19882,116.4837],[88.82582,59.03454,170.8566],[88.8282,59.02963,167.9912],[88.82655,59.02446,162.0622],[88.81559,59.01784,172.9353],[88.79668,59.01046,174.2162],[88.3996,58.91785,170.1093],[88.39185,58.91447,171.7639],[88.38265,58.90891,160.9077],[87.93224,58.52614,180.0575],[87.92645,58.51963,153.913],[87.92273,58.51364,133.963],[87.91994,58.50821,138.1514],[87.9188,58.50377,157.0152],[87.91818,58.49994,154.5143],[88.0143,58.26828,150.0054],[88.01812,58.24265,141.8654],[88.02277,58.2366,141.8296],[88.03176,58.22965,155.5309],[88.05481,58.21919,157.4889],[88.06566,58.21262,159.4185],[88.0728,58.20678,162.7353],[88.07476,58.20203,161.8371],[88.07621,58.19707,167.1068],[88.07693,58.192,167.4807],[88.07879,58.18709,170.0744],[88.07972,58.18219,172.7915],[88.08148,58.17728,177.8381],[88.09884,58.14947,168.3116],[88.11982,58.12229,174.2331],[88.12416,58.11795,173.2219],[88.13047,58.11402,174.0719],[88.14132,58.1101,176.9632],[88.15568,58.10653,180.022],[88.68743,58.03656,164.8334],[88.71544,58.02886,183.3115],[88.82097,57.97656,172.7078],[88.83265,57.96845,168.8575],[88.8404,57.96432,167.5641],[88.85084,57.96065,179.0437],[88.88194,57.95693,180.7883],[89.32843,57.95,170.8081],[89.33887,57.94794,179.5176],[89.35013,57.94292,185.3182],[89.37742,57.91688,186.0175],[89.39065,57.87755,191.0581],[89.35437,57.79629,163.9908],[89.38424,57.6663,181.1133],[89.38507,57.6509,188.6469],[89.38042,57.63715,185.7455],[89.36057,57.62703,188.5688],[89.26218,57.5999,198.6826],[89.25288,57.59953,200.4296],[89.21092,57.6046,197.8253],[89.16679,57.61581,189.1067],[89.15635,57.617,194.1318],[89.14735,57.61421,192.6417],[89.14053,57.6076,194.3486],[89.12658,57.57297,191.7946],[89.11149,57.55132,179.1288],[89.07718,57.51468,169.6198],[89.07067,57.50977,172.5229],[89.05764,57.50285,149.93],[89.05031,57.50016,138.508],[89.04741,57.49959,150.8517],[89.01744,57.49995,146.7235],[89.00959,57.49866,142.1606],[89.004,57.4969,141.4384],[88.99946,57.49473,141.4891],[88.96597,57.46533,151.9603],[88.95429,57.4583,142.2735],[88.94375,57.45414,147.5984],[88.88856,57.44895,157.3584],[88.87233,57.4444,149.5372],[88.86148,57.43169,146.6633],[88.80515,57.32337,184.5012],[88.78831,57.29929,182.3888],[88.76733,57.27449,192.5402],[88.74779,57.24441,193.6586],[88.73859,57.23279,204.9273],[88.7327,57.22744,196.4271],[88.7264,57.22281,207.6889],[88.71896,57.21971,197.5807],[88.71017,57.21826,205.6807],[88.66356,57.2162,200.966],[88.65529,57.21439,197.1099],[88.64754,57.21165,181.4324],[88.634,57.20312,188.4092],[88.62801,57.1978,187.087],[88.53127,57.12788,139.1574],[88.5262,57.1221,139.7201],[88.5231,57.11434,147.157],[88.52155,57.10825,138.7485],[88.52104,57.10277,142.4443],[88.5229,57.09861,142.2213],[88.52961,57.09584,169.6799],[88.63328,57.08127,185.4009],[88.67131,57.08158,174.8043],[88.7048,57.08887,167.3698],[88.71358,57.08913,169.7364],[88.72237,57.08639,170.5521],[88.72526,57.07528,184.8614],[88.72092,57.05533,175.5792],[88.63824,56.88676,215.5362],[88.62398,56.83297,206.2244],[88.64196,56.82521,199.6283],[88.64258,56.82077,201.3544],[88.64392,56.81529,200.8151],[88.64206,56.80454,207.9759],[88.64175,56.79095,216.8633],[88.64671,56.74935,207.2702],[88.65167,56.74176,207.6054],[88.66015,56.73773,204.566],[88.72113,56.73165,211.7498],[88.73301,56.72855,206.3604],[88.73797,56.72419,208.6298],[88.74014,56.71917,211.5052],[88.74076,56.71354,218.7621],[88.74035,56.70755,220.2924],[88.73828,56.70042,216.8837],[88.73353,56.69589,218.1122],[88.72588,56.69318,217.1157],[88.69302,56.68553,221.4618],[88.68568,56.68212,221.4722],[88.68041,56.67726,224.9634],[88.67968,56.649,212.8692],[88.67638,56.6415,211.0465],[88.66945,56.63809,217.5523],[88.66118,56.63628,219.0857],[88.5167,56.62657,195.8272],[88.50977,56.62461,198.6808],[88.50636,56.62042,202.8699],[88.50481,56.61448,200.0402],[88.50274,56.59706,206.0269],[88.50274,56.58998,205.0398],[88.50367,56.58401,209.318],[88.51256,56.565,211.3573],[88.51825,56.55577,208.4764],[88.52248,56.55143,216.014],[88.52817,56.54781,212.2079],[88.53685,56.54544,213.6605],[88.60816,56.53652,217.6205],[88.61777,56.52947,223.0933],[88.62501,56.51663,225.0215],[88.62429,56.48968,228.9625],[88.61995,56.47787,226.5573],[88.61292,56.47035,230.0638],[88.59896,56.46467,229.9821],[88.58749,56.45624,234.615],[88.59245,56.44364,229.0597],[88.65095,56.42446,253.192],[88.66108,56.41888,250.9149],[88.70583,56.38576,260.0958],[88.72082,56.37938,251.1602],[88.73353,56.37596,246.9555],[88.86148,56.36633,233.1119],[88.87967,56.3546,251.4896],[88.91502,56.34592,251.9808],[88.9205,56.3416,253.2952],[88.91905,56.3378,245.9465],[88.91212,56.33475,247.3264],[88.90479,56.33054,260.9103],[88.89982,56.32519,265.2197],[88.89858,56.31594,246.5075],[88.90468,56.31199,264.6461],[88.91316,56.30982,264.1682],[89.041,56.30468,277.0009],[89.05661,56.30168,255.1867],[89.06033,56.29698,258.8904],[89.0594,56.29165,255.6039],[89.05599,56.28592,257.0227],[89.05413,56.28039,271.3607],[89.05423,56.27527,281.6104],[89.0564,56.27062,284.9837],[89.06385,56.26163,298.3575],[89.06633,56.25688,302.4263],[89.06633,56.25166,284.9501],[89.06467,56.24621,298.2886],[89.0533,56.22277,300.2317],[89.05299,56.21672,312.5019],[89.0563,56.21011,322.3283],[89.06405,56.2066,304.6152],[89.07366,56.20463,304.1826],[89.09413,56.20256,299.3946],[89.10436,56.20047,270.2914],[89.11521,56.19662,258.9247],[89.11831,56.19171,263.0731],[89.11831,56.18626,276.5605],[89.11604,56.18065,294.1231],[89.11304,56.1697,264.7621],[89.11263,56.16345,261.0405],[89.11304,56.15662,272.7376],[89.11769,56.14774,260.8703],[89.12451,56.14309,259.425],[89.13309,56.14117,241.0641],[89.16007,56.14236,238.8074],[89.17092,56.14159,232.7888],[89.18291,56.13967,233.1691],[89.19872,56.13456,236.8981],[89.20554,56.1297,244.214],[89.20833,56.12433,248.5029],[89.20875,56.11823,255.3728],[89.20999,56.11156,255.9862],[89.2134,56.10273,246.9447],[89.21794,56.09782,247.4013],[89.22136,56.09508,242.7686],[89.2598,56.08014,214.7771],[89.26745,56.07474,215.8253],[89.27158,56.06942,216.15],[89.27365,56.06495,216.5654],[89.27562,56.05379,217.705],[89.24296,56.04371,215.9751],[89.25639,56.02717,216.7238],[89.27179,55.99689,290.2532],[89.28729,55.97917,316.3624],[89.31592,55.96124,337.9771],[89.31768,55.94997,359.0481],[89.30735,55.92579,280.683],[89.3089,55.92057,293.4785],[89.31148,55.91411,324.6692],[89.31634,55.90987,342.3813],[89.32977,55.90217,260.2307],[89.3461,55.89504,222.7352],[89.36553,55.88956,226.8919],[89.41628,55.88419,232.1672],[89.42816,55.8814,242.7076],[89.44336,55.87602,282.695],[89.44821,55.86853,285.2222],[89.44904,55.86197,300.8123],[89.44666,55.85576,251.9514],[89.44325,55.85021,270.3934],[89.4386,55.84512,280.5072],[89.43209,55.84166,302.4166],[89.42434,55.83959,276.7421],[89.38961,55.83628,227.5487],[89.38207,55.83328,245.7201],[89.37742,55.82781,249.3461],[89.37514,55.81975,271.4917],[89.37949,55.81375,288.5894],[89.38724,55.80734,290.5795],[89.38941,55.80218,316.1591],[89.38817,55.79649,273.4931],[89.38083,55.78492,233.844],[89.37638,55.77944,242.2232],[89.37049,55.77499,240.4034],[89.36285,55.77254,234.9816],[89.27396,55.76461,238.0801],[89.23955,55.75401,240.0777],[89.21681,55.74239,241.6802],[89.19417,55.7259,245.6118],[89.16999,55.70404,301.2604],[89.1518,55.69815,253.9999],[89.09175,55.69908,256.9256],[89.06157,55.69285,254.9394],[88.87812,55.62069,291.6779],[88.85673,55.6055,291.7271],[88.68227,55.51604,322.7366],[88.67483,55.51,329.9596],[88.67172,55.50581,329.2265],[88.66924,55.50018,331.6542],[88.66883,55.49759,330.5823],[88.6617,55.48679,394.581],[88.63369,55.46576,340.9784],[88.62615,55.46116,342.8083],[88.6215,55.45755,345.2744],[88.61064,55.44762,348.1829],[88.60877,55.44559,349.206],[88.60878,55.44558,349.206],[88.63607,55.42471,507.9701],[88.69095,55.41099,584.6063],[88.75978,55.34409,765.8907],[88.82221,55.34747,737.3295],[88.87688,55.30954,697.9452],[88.95016,55.28908,771.7612],[88.96979,55.23118,865.1392],[88.96607,55.18477,779.4556],[89.06705,55.13201,648.7994],[89.0379,55.08413,668.3099],[89.14735,55.0763,802.6345],[89.20079,54.99039,779.6971],[89.34672,54.99969,603.7051],[89.39168,54.97365,667.4496],[89.42537,54.98605,676.237],[89.44718,55.03855,465.4489],[89.55002,55.04636,598.9489],[89.56728,55.05803,564.2807],[89.62702,55.03147,592.7283],[89.65781,55.00308,423.8656],[89.72944,55.03354,538.1015],[89.82576,55.04873,454.6493],[89.904,55.0861,486.65],[90.00694,55.09808,563.3417],[90.0549,55.08858,529.6107],[90.12921,55.10522,354.5444],[90.14657,55.137,356.1265],[90.19587,55.15141,427.1287],[90.23721,55.10553,359.1694],[90.22884,55.06628,348.6561],[90.26243,55.04997,346.2322],[90.36589,55.04703,341.8911],[90.43554,55.01633,417.8932],[90.47017,54.95238,414.0078],[90.48267,54.92781,448.4555],[90.44846,54.89463,479.4822],[90.45828,54.87076,464.4474],[90.53404,54.88549,526.1237],[90.68483,54.90466,341.0114],[90.72349,54.87125,309.9975],[90.71491,54.83118,325.452],[90.84048,54.83888,246.0369],[90.91531,54.79107,232.0],[90.87066,54.66374,232.0],[90.85495,54.62674,314.0432],[90.96637,54.57465,361.9867],[91.09473,54.5238,526.6599],[91.15901,54.48789,369.6252],[91.18671,54.43885,239.931],[91.19798,54.3849,347.5809],[91.20955,54.33823,302.1057],[91.25172,54.27483,335.2922],[91.31167,54.22289,330.2391],[91.36582,54.16589,246.9304],[91.41244,54.11654,294.1459],[91.46391,54.05655,486.5464],[91.46515,53.96603,237.0],[91.42163,53.89299,290.2941],[91.36221,53.85527,275.7001],[91.32655,53.81666,249.0344],[91.33327,53.75765,252.533],[91.41347,53.66791,253.094],[91.4544,53.60613,298.6431],[91.47238,53.56727,306.7607],[91.46587,53.53647,371.5649],[91.46969,53.51389,378.6204],[91.55021,53.47999,414.6725],[91.65283,53.48077,390.3958],[91.72601,53.45346,362.7859],[91.74399,53.44671,311.0621],[91.81861,53.38739,275.5271],[91.84641,53.35194,324.7035],[91.84125,53.28827,279.8085],[91.78564,53.23629,278.0],[91.72735,53.1968,293.0931],[91.65986,53.15849,289.1129],[91.57387,53.12224,332.6069],[91.51196,53.10622,333.5704],[91.45047,53.10544,321.9051],[91.42174,53.10808,309.7648],[91.38474,53.09206,331.9392],[91.35115,53.07748,376.2573],[91.37792,53.02364,662.7993],[91.40799,52.94705,924.057],[91.39631,52.86799,705.9506],[91.32645,52.79874,530.6611],[91.2419,52.74748,1375.0387],[91.13586,52.69898,1216.3931],[91.03799,52.6602,1615.3114],[90.99551,52.60129,888.05],[90.89919,52.5772,1310.2089],[90.844,52.55023,1584.8313],[90.79842,52.5278,1502.2806],[90.70033,52.45819,1444.5631],[90.62664,52.38052,1050.1417],[90.60618,52.33257,1308.4424],[90.52815,52.25712,1494.6849],[90.48794,52.20271,1996.2069],[90.47659,52.1834,1880.4487],[90.47761,52.18353,1880.4487],[90.49125,52.18185,1837.9862],[90.51936,52.16121,1819.3002],[90.54076,52.13589,1637.2394],[90.54996,52.12754,1587.5991],[90.55967,52.12116,1581.177],[90.58179,52.11181,1539.127],[90.68028,52.08984,1404.2273],[90.7239,52.07592,1469.9382],[90.73599,52.06938,1516.0853],[90.74364,52.06344,1482.0824],[90.75832,52.03868,1476.0229],[90.76007,52.033,1667.2083],[90.76007,52.0267,1587.7292],[90.75852,52.01352,1856.1582],[90.76286,52.00468,1627.1254],[90.77382,51.99251,1838.9222],[90.79666,51.9782,1855.5552],[90.80741,51.9698,2027.5776],[90.81392,51.96311,1983.3057],[90.81702,51.95174,2126.2173],[90.81919,51.93988,1874.3618],[90.82239,51.93254,1889.5295],[90.82787,51.92448,2011.8346],[90.83945,51.91244,2081.6399],[90.84927,51.90805,2100.2065],[90.85733,51.90696,2397.2812],[90.86384,51.9088,2133.5483],[90.87676,51.91399,2157.9268],[90.90745,51.92215,2242.5576],[91.10052,51.94272,2093.2712],[91.15343,51.90247,1781.6334],[91.18041,51.89011,1727.9988],[91.23891,51.88231,1819.8049],[91.24873,51.88335,1840.6689],[91.27549,51.89409,1891.2899],[91.28356,51.8959,1861.2213],[91.54307,51.90092,1895.3887],[91.55775,51.89988,1800.91],[91.56912,51.89789,1763.5327],[91.57563,51.89492,1713.5387],[91.59754,51.87968,1711.547],[91.61645,51.86898,1927.3064],[91.62741,51.86694,1769.3434],[91.6856,51.86738,1774.1335],[91.70813,51.86379,1768.7253],[91.72291,51.86304,1604.7977],[91.73324,51.8636,1849.7278],[91.778,51.87156,1858.1431],[91.78885,51.87081,1727.1782],[91.79856,51.8681,1581.9663],[91.80745,51.86443,1729.0214],[91.82481,51.85994,1840.1122],[91.8705,51.85771,1819.0734],[91.88424,51.85575,1744.938],[91.89416,51.8528,1772.6797],[91.89871,51.84877,1699.573],[91.90223,51.84417,1698.6138],[91.90409,51.84017,1678.3423],[91.90646,51.83353,1619.9983],[91.92507,51.8142,1876.7047],[91.94512,51.80413,1675.9407],[91.9632,51.79829,1555.7827],[91.98666,51.79361,1806.7473],[92.10521,51.78304,1173.9125],[92.20856,51.80635,1635.2676],[92.42953,51.80185,2070.3362],[92.45547,51.79839,2050.6423],[92.46788,51.79095,2302.7754],[92.47614,51.7871,2471.425],[92.48958,51.78283,2094.7354],[92.49816,51.78152,2059.3584],[92.50539,51.78144,2056.3472],[92.51955,51.78475,1989.3306],[92.52637,51.78756,2095.5029],[92.53154,51.79121,2129.2686],[92.54084,51.79942,2062.8323],[92.54704,51.80242,2058.5935],[92.62011,51.81074,1856.8424],[92.62766,51.81291,1893.1946],[92.63407,51.81575,1838.9717],[92.63985,51.81906,1845.2555],[92.64988,51.82671,1814.8151],[92.65887,51.83503,1785.2205],[92.67282,51.83983,1881.4696],[92.78207,51.85043,1722.4509],[92.80088,51.84945,1721.11],[92.80894,51.84681,1802.4163],[92.83116,51.83645,1892.0334],[92.84429,51.83244,1884.5667],[92.85255,51.83312,1887.4874],[92.85958,51.8356,1952.8844],[92.88594,51.85384,1844.5342],[92.88604,51.87624,1743.4446],[92.89379,51.88913,1787.8428],[92.90123,51.89508,1722.7905],[92.93203,51.91234,1590.152],[92.93865,51.91497,1560.8405],[92.9464,51.91688,1557.6222],[92.99684,51.91637,1662.2212],[93.02381,51.92389,1492.6848],[93.07456,51.94525,1311.4855],[93.08531,51.95202,1455.9653],[93.09047,51.95657,1417.9241],[93.09822,51.96587,1405.7617],[93.10422,51.97636,1304.3335],[93.1067,51.98189,1242.4664],[93.11125,51.98959,1202.5181],[93.11817,51.99843,1208.7946],[93.13357,52.01241,1513.5824],[93.14401,52.01884,1553.5164],[93.15342,52.02303,1596.8942],[93.20375,52.02856,1711.3704],[93.21894,52.03212,1635.4417],[93.22773,52.03595,1631.0703],[93.23444,52.03998,1603.6407],[93.2392,52.04411,1514.4773],[93.24323,52.04868,1458.7068],[93.27754,52.0761,1534.6443],[93.36043,52.12943,1375.533],[93.42265,52.1577,1265.9001],[93.45603,52.16664,1450.9781],[93.54512,52.17041,1287.6167],[93.5906,52.18395,1209.599],[93.66718,52.21562,1149.2775],[93.67803,52.22384,1173.9983],[93.67772,52.2288,1101.4131],[93.67266,52.25175,1459.5603],[93.67266,52.25753,1470.2491],[93.67359,52.26306,1497.5952],[93.68072,52.27975,1400.5359],[93.68175,52.28598,1447.645],[93.68734,52.29557,1471.4985],[93.69726,52.30776,1626.5961],[93.75328,52.35231,1799.0789],[93.76216,52.36089,1912.5315],[93.76557,52.3658,1920.9658],[93.76764,52.3714,2015.7407],[93.76764,52.37717,2134.8999],[93.7664,52.3828,2203.1084],[93.75865,52.4043,1749.3208],[93.75586,52.41551,1904.0585],[93.75617,52.42238,1796.4631],[93.75865,52.43006,1925.4843],[93.76454,52.43949,1859.282],[93.77395,52.44615,1754.6805],[93.81818,52.46868,2030.5688],[93.82583,52.47442,2113.0627],[93.84536,52.49778,1857.7761],[93.85187,52.5032,1929.6185],[93.973,52.5723,1727.9795],[93.98282,52.57912,1660.2335],[93.98933,52.58542,1814.7366],[93.99078,52.59085,1866.9187],[93.98964,52.59607,1790.8169],[93.98685,52.60074,1978.897],[93.97941,52.60976,1883.0344],[93.97693,52.61519,1756.8507],[93.976,52.62097,1863.371],[93.97817,52.6286,2020.0486],[93.98303,52.63322,1976.2515],[93.98892,52.63684,1904.0632],[94.05889,52.65813,2231.6406],[94.06643,52.6625,2234.1072],[94.0714,52.6672,2211.8662],[94.09723,52.71616,1995.9204],[94.10292,52.72319,2092.259],[94.13454,52.75347,2145.3667],[94.13909,52.76102,2008.0776],[94.14168,52.78675,1756.3398],[94.14126,52.79913,1775.3977],[94.1518,52.81533,1879.3651],[94.1487,52.81972,1782.2646],[94.14591,52.82572,1722.8198],[94.14126,52.83176,1802.5808],[94.14385,52.83758,1646.9878],[94.1487,52.84174,1528.2266],[94.15521,52.84502,1432.087],[94.20689,52.86091,1658.3866],[94.29009,52.89998,1555.1948],[94.30497,52.90395,1515.2859],[94.38569,52.91372,1522.79],[94.39417,52.91362,1506.8123],[94.4015,52.91165,1512.6169],[94.40719,52.90845,1523.1344],[94.42104,52.89646,1586.7125],[94.43623,52.89114,1831.3274],[94.47209,52.89295,1869.1599],[94.5123,52.91083,1707.6289],[94.51664,52.91649,1537.3099],[94.52108,52.92359,1550.5104],[94.52015,52.92933,1377.5496],[94.51984,52.93651,1386.7385],[94.52067,52.94465,1682.9517],[94.52573,52.95705,1613.7217],[94.53369,52.96488,1544.7224],[94.55881,52.98317,1485.824],[94.56594,52.99036,1412.069],[94.56956,52.9964,1244.7363],[94.57018,52.99888,1296.4113],[94.57049,53.00033,1296.4113],[94.57307,53.00865,1242.6632],[94.57948,53.01992,1319.3707],[94.60025,53.04198,1527.8047],[94.60428,53.04942,1521.7966],[94.60366,53.05526,1470.5919],[94.59167,53.06813,1325.1942],[94.58847,53.07286,1343.5221],[94.5864,53.0781,1394.1486],[94.58485,53.08358,1414.9563],[94.58382,53.08994,1334.3392],[94.58382,53.09702,1306.7776],[94.58506,53.10606,1381.4121],[94.58785,53.11252,1282.5303],[94.60821,53.13738,1315.0034],[94.61069,53.14503,1276.9611],[94.61017,53.15148,1218.9706],[94.60542,53.16229,1256.2992],[94.60418,53.16843,1259.4917],[94.60418,53.17577,1137.4722],[94.60883,53.17996,1084.1482],[94.62588,53.186,1155.8306],[94.63643,53.19122,1130.7816],[94.64924,53.20383,1061.4518],[94.65772,53.21068,1089.272],[94.66547,53.21556,1054.644],[94.68169,53.22042,948.7971],[94.69007,53.2244,970.4183],[94.69906,53.23169,1024.2817],[94.70112,53.23763,991.6298],[94.7005,53.24316,1014.3206],[94.69131,53.26243,1070.2125],[94.685,53.27179,1088.8018],[94.68076,53.27608,1127.7574],[94.67601,53.28006,1161.3149],[94.66919,53.283,1226.2272],[94.66154,53.28553,1288.533],[94.64366,53.28884,1384.934],[94.59736,53.28879,1759.7701],[94.59074,53.29235,1532.0161],[94.58692,53.29778,1359.4706],[94.58568,53.307,1559.9954],[94.58878,53.31199,1533.4099],[94.59446,53.31566,1517.0945],[94.67921,53.34496,1179.412],[94.71849,53.36997,1296.5154],[94.73988,53.38274,1431.7878],[94.88241,53.3938,1401.6879],[94.91724,53.38563,1462.0449],[94.92705,53.38589,1474.7281],[94.93512,53.38785,1552.9436],[94.96395,53.40093,1645.6609],[94.97563,53.40501,1616.2201],[94.98224,53.40361,1610.8625],[94.98752,53.40046,1811.9604],[95.00002,53.38483,1553.7604],[95.00664,53.38165,1667.3315],[95.01738,53.3784,1636.6975],[95.04105,53.37592,1831.8362],[95.05304,53.37747,1640.0945],[95.0672,53.38129,1742.7844],[95.08115,53.38677,1647.3542],[95.13975,53.40147,1764.4978],[95.14647,53.40439,1600.9922],[95.15784,53.41147,1438.8895],[95.16683,53.42036,1522.621],[95.17799,53.43519,1315.8713],[95.18678,53.44082,1305.4917],[95.20011,53.44661,1349.9673],[95.22936,53.45441,1400.5468],[95.24683,53.45658,1395.9377],[95.26037,53.45638,1572.6648],[95.26915,53.45441,1451.7766],[95.28414,53.44899,1427.8177],[95.28941,53.44527,1346.0914],[95.29292,53.44077,1212.6914],[95.29447,53.43519,1248.8424],[95.29251,53.4155,1754.0997],[95.29261,53.40943,1836.7434],[95.29385,53.40382,1884.8883],[95.29778,53.39943,1946.3959],[95.30305,53.39524,2050.5559],[95.3262,53.38243,2016.8047],[95.35173,53.37504,1770.4718],[95.38088,53.37188,2137.0725],[95.39628,53.37219,1916.452],[95.40713,53.37437,1835.6362],[95.43286,53.38635,1659.1052],[95.48661,53.40093,1561.938],[95.49828,53.40573,1571.7545],[95.50139,53.40775,1617.2766],[95.50521,53.41126,1644.522],[95.51451,53.41741,1955.2169],[95.52939,53.42465,1841.0383],[95.62179,53.44857,1719.4873],[95.63461,53.45452,1873.4697],[95.6405,53.45813,1789.6045],[95.64505,53.46258,1812.9944],[95.64856,53.46764,1731.0856],[95.65776,53.48407,1579.9182],[95.66241,53.48844,1510.4998],[95.70458,53.50764,1993.2531],[95.74313,53.51865,2200.7505],[95.75708,53.52045,2090.7209],[95.76762,53.51952,1956.8042],[95.773,53.51622,1947.4497],[95.77723,53.51198,1572.4987],[95.78064,53.50764,1481.6874],[95.78251,53.50353,1608.4514],[95.78375,53.50123,1550.874],[95.78426,53.50035,1545.0977],[95.7855,53.49906,1454.5974],[95.7884,53.49725,1362.7507],[95.79429,53.49482,1297.136],[95.86488,53.48578,1907.8521],[95.87604,53.48707,1939.6166],[95.89981,53.49431,1842.7749],[95.91035,53.49472,2067.6023],[95.92038,53.49376,1766.1433],[95.92854,53.49152,2053.4092],[95.93578,53.48862,2123.9895],[95.94126,53.48506,2049.6047],[95.94983,53.47674,2105.2224],[95.95603,53.47333,1832.6233],[96.04833,53.45374,1227.7906],[96.07964,53.45002,1241.2086],[96.09163,53.45054,1469.8943],[96.10094,53.45234,1553.2155],[96.10745,53.45534,1567.7546],[96.11241,53.45906,1594.1152],[96.1154,53.46356,1594.6428],[96.1152,53.46855,1596.8156],[96.10848,53.48366,1721.6733],[96.11427,53.49012,1624.4375],[96.12595,53.49699,1504.1184],[96.17483,53.51069,1767.1311],[96.18599,53.51539,1774.7172],[96.21576,53.54784,1641.1481],[96.21886,53.55301,1726.9209],[96.22051,53.55859,1693.6392],[96.21989,53.56412,1737.271],[96.217,53.57508,1613.7317],[96.21762,53.58128,1618.5693],[96.21917,53.58748,1709.5969],[96.22196,53.59321,1858.1196],[96.22599,53.59947,1922.2371],[96.23147,53.60593,1769.3199],[96.2415,53.61347,1913.074],[96.25204,53.61611,2118.1497],[96.2632,53.61712,1877.0898],[96.29348,53.61487,1832.1815],[96.29751,53.61259,1998.8579],[96.29555,53.60949,2137.9106],[96.2756,53.59383,1984.2045],[96.27188,53.5898,2091.5554],[96.27157,53.58552,2061.7803],[96.27715,53.58291,1918.4514],[96.28759,53.58066,1813.1025],[96.29617,53.58164,1705.0061],[96.33286,53.5974,1777.6287],[96.3464,53.60179,1707.6978],[96.35632,53.60283,1578.6534],[96.36531,53.60159,1603.2532],[96.37244,53.59905,1506.2885],[96.37792,53.59564,1653.6216],[96.37926,53.59166,1699.0914],[96.37699,53.58732,1544.3236],[96.35932,53.5697,1874.7927],[96.35591,53.56536,1835.162],[96.35467,53.56102,1804.5239],[96.3587,53.55766,1643.7493],[96.36521,53.55544,1748.5353],[96.41792,53.54319,2080.9963],[96.42371,53.53963,2189.6855],[96.4266,53.53477,1947.7083],[96.42784,53.52304,1925.371],[96.42991,53.51725,2210.3154],[96.43435,53.51301,2082.8501],[96.44365,53.51069,2175.1921],[96.44975,53.51301,2162.7808],[96.45471,53.5172,2032.5264],[96.45864,53.52286,1885.5601],[96.46308,53.52836,2012.2015],[96.46991,53.5342,2188.4712],[96.47797,53.53591,2103.073],[96.56458,53.53441,2179.6685],[96.6423,53.54805,2261.7578],[96.65284,53.5518,2163.9868],[96.6577,53.55601,1907.7747],[96.66142,53.56107,2004.6125],[96.6731,53.58381,2154.8962],[96.67661,53.58903,2141.9487],[96.68085,53.59368,2277.5361],[96.69614,53.60562,1935.5444],[96.69945,53.61001,2001.0665],[96.70038,53.61492,1962.1962],[96.69821,53.61952,2081.2397],[96.68829,53.63223,2079.9365],[96.68405,53.63854,1922.9325],[96.6577,53.6376,1976.2336],[96.644049999999993,53.64303,1959.4485],[96.63909,53.64691,1870.1165],[96.62979,53.65662,1628.5874],[96.62297,53.66251,1709.7229],[96.6114,53.67057,1781.9641],[96.60323,53.67207,1916.3363],[96.59827,53.66908,1935.5667],[96.59186,53.65714,2160.5154],[96.58628,53.65197,1988.7488],[96.57512,53.64877,1831.9882],[96.5683,53.65014,1901.5992],[96.55838,53.65595,1566.2694],[96.54732,53.6643,1720.8976],[96.50515,53.68437,2065.6218],[96.4975,53.69068,2000.9058],[96.4943,53.70106,2104.4717],[96.48748,53.70866,2361.5527],[96.476,53.71796,1735.4434],[96.43683,53.74377,1771.1584],[96.4297,53.75129,2015.4519],[96.42443,53.76116,1797.5173],[96.4142,53.77494,1811.8282],[96.40552,53.78331,1691.2627],[96.26227,53.87769,1446.8899],[96.20615,53.92544,1794.603],[96.18475,53.93766,1853.7683],[96.16842,53.94503,1824.3531],[96.12595,53.97236,1827.8143],[96.11551,53.97665,2135.0625],[96.05856,53.99376,2092.6748],[96.05019,53.99975,1771.5842],[96.0536,54.00854,1816.475],[96.05722,54.02094,1902.1816],[96.06187,54.03298,1642.3536],[96.06879,54.04337,1551.1071],[96.07344,54.04786,1638.4507],[96.07716,54.05251,1619.493],[96.07964,54.05753,1617.0055],[96.07933,54.06275,1766.7734],[96.07551,54.06931,1909.145],[96.06869,54.07649,2040.8792],[96.05494,54.08786,1691.8872],[96.04306,54.09215,1522.7983],[96.03221,54.09365,1487.0992],[96.0227,54.09295,1487.0115],[96.00678,54.09003,1676.4207],[95.99645,54.0906,1907.4847],[95.98435,54.09401,1625.2339],[95.95676,54.10559,1641.4576],[95.94436,54.11251,1828.2358],[95.93671,54.11923,1493.0135],[95.93505,54.12471,1533.863],[95.93423,54.13055,1581.3977],[95.93206,54.13742,1622.2737],[95.92823,54.14502,1700.8055],[95.91903,54.15566,1473.2572],[95.910659999999993,54.16104,1657.3002],[95.90043,54.1639,2039.9963],[95.87914,54.16465,1690.7456],[95.86767,54.1661,1485.5095],[95.85403,54.17093,1364.4822],[95.83129,54.19023,1438.4475],[95.82188,54.19628,1707.6185],[95.81279,54.20072,1774.8602],[95.67822,54.23416,1742.6232],[95.67078,54.23907,1658.5205],[95.66572,54.24403,1779.4331],[95.66293,54.24901,1769.0713],[95.65879,54.25958,1893.1687],[95.65311,54.28185,1936.3907],[95.66675,54.33542,1829.9127],[95.67285,54.34164,1739.8293],[95.68184,54.34914,1675.6635],[95.69083,54.35115,1526.6387],[95.69951,54.35689,1441.6821],[95.70292,54.36418,1568.5919],[95.70664,54.3757,1574.4897],[95.71109,54.38237,1481.6616],[95.71667,54.38795,1546.4469],[95.7298,54.39472,1511.5881],[95.73724,54.39746,1423.272],[95.75801,54.40136,1459.4883],[95.79739,54.41751,1543.4927],[95.82023,54.41818,1539.6664],[95.82798,54.41559,1460.8949],[95.83387,54.41213,1381.1055],[95.84503,54.40306,1298.3118],[95.85392,54.39787,1219.9692],[95.8717,54.39159,1286.7462],[95.88493,54.3895,1062.9985],[95.89692,54.38934,1042.7167],[95.90591,54.39167,1089.2981],[95.91469,54.39554,1025.0437],[95.92203,54.39981,1023.6442],[95.93846,54.41239,1239.7305],[95.94777,54.42117,1249.4624],[95.9518,54.42598,1155.4121],[95.96544,54.43766,1179.2976],[95.97815,54.44598,976.7571],[95.98115,54.45161,1093.8342],[95.97991,54.45662,1258.771],[95.9766,54.46102,1259.7644],[95.97743,54.46768,1051.6531],[95.98342,54.4759,1057.7781],[96.01712,54.49983,1325.3947],[96.01918,54.50257,1220.3422],[96.0196,54.50701,1079.3387],[96.01794,54.51213,932.3065],[96.01712,54.5174,1087.2493],[96.02053,54.52463,911.1733],[96.02973,54.52804,1008.2527],[96.03283,54.53274,915.3257],[96.03283,54.53734,880.9727],[96.03138,54.54246,862.3793],[96.03314,54.5498,967.8178],[96.03882,54.55817,872.6057],[96.05308,54.56959,872.952],[96.06466,54.57334,838.975],[96.07489,54.57341,858.6318],[96.08264,54.57078,840.1371],[96.10941,54.55858,822.6068],[96.11706,54.556,837.8308],[96.1954,54.54318,932.9187],[96.20718,54.54233,848.9572],[96.22103,54.54272,917.5161],[96.27922,54.5498,808.8615],[96.300299999999993,54.55481,761.8142],[96.31178,54.56241,758.3155],[96.31798,54.56747,923.5397],[96.32717,54.56778,978.7847],[96.33565,54.56701,1109.5198],[96.35136,54.56194,1167.2518],[96.43549,54.52551,1557.262],[96.49502,54.51052,1285.4585],[96.55093,54.51026,1476.415],[96.56478,54.51355,1412.4451],[96.57284,54.51838,1377.5703],[96.57439,54.52427,1334.0299],[96.57346,54.52985,1328.7043],[96.57129,54.53502,1203.7697],[96.56179,54.54923,1441.1462],[96.55403,54.56411,1418.7297],[96.55217,54.56938,1325.2611],[96.55104,54.57481,1272.9126],[96.55186,54.58049,1340.1333],[96.55465,54.58566,1339.4126],[96.55879,54.59041,1278.7422],[96.56819,54.5991,1329.1252],[96.57253,54.60398,1309.1331],[96.57543,54.60969,1236.3286],[96.5776,54.61579,1111.478],[96.58101,54.63439,1232.5679],[96.58649,54.65297,1211.0011],[96.5868,54.65889,1181.9292],[96.58411,54.66385,1290.0664],[96.58039,54.66834,1278.9304],[96.57067,54.67625,1136.9248],[96.56644,54.68038,1131.9845],[96.56354,54.68534,1182.8339],[96.56303,54.69093,1276.6329],[96.56489,54.69687,1354.5559],[96.58907,54.72222,1385.0405],[96.6239,54.7519,1190.572],[96.62824,54.75671,1162.0116],[96.63165,54.76193,1114.2946],[96.63455,54.76772,1129.98],[96.64002,54.77516,1100.9502],[96.64798,54.78394,1150.7712],[96.66514,54.79753,1141.0623],[96.67258,54.80593,1058.6475],[96.67599,54.81314,997.6892],[96.67692,54.81877,1026.1063],[96.67878,54.82394,1076.3341],[96.69294,54.83676,1136.9425],[96.69728,54.84143,1059.344],[96.70069,54.84678,1130.2769],[96.70328,54.85267,1083.8221],[96.70658,54.86508,956.3112],[96.70545,54.87657,945.8374],[96.70317,54.88776,924.4734],[96.70255,54.8935,923.0371],[96.70328,54.89928,851.9932],[96.70596,54.90471,844.2667],[96.70948,54.90983,859.4121],[96.71216,54.91489,818.3895],[96.71382,54.91939,876.9844],[96.71382,54.92238,847.045],[96.71185,54.92657,862.8303],[96.68953,54.9523,890.6113],[96.68209,54.95897,866.7301],[96.62452,54.99949,758.4214],[96.58618,55.01912,702.828],[96.58494,55.02321,726.0175],[96.58866,55.02646,793.3789],[96.62049,55.03452,778.8186],[96.62773,55.03716,761.0385],[96.63393,55.04041,795.8973],[96.64498,55.04811,772.1462],[96.64964,55.05261,723.4896],[96.67723,55.07261,650.5391],[96.68157,55.07793,628.9789],[96.68467,55.08491,623.0369],[96.68271,55.09005,616.4474],[96.67692,55.09359,636.3454],[96.66049,55.09664,597.4805],[96.65563,55.09958,611.5092],[96.65656,55.10367,599.9995],[96.66028,55.10795,593.4895],[96.66545,55.11201,569.4581],[96.67072,55.11741,569.2275],[96.67527,55.12444,576.436],[96.68033,55.14578,535.437],[96.68333,55.15281,506.2919],[96.68705,55.15818,508.3278],[96.69511,55.17627,502.1505],[96.70069,55.19673,505.9529],[96.70193,55.20779,526.6732],[96.69894,55.24423,588.2842],[96.70173,55.2526,609.7524],[96.70658,55.25869,590.7757],[96.71992,55.2649,596.9819],[96.78162,55.28324,519.4738],[96.88652,55.30169,511.3983],[96.89541,55.30546,478.1718],[96.90399,55.31102,468.7219],[96.91453,55.32174,481.3335],[96.91804,55.32952,515.79],[96.91887,55.33636,544.6145],[96.91742,55.34195,535.6892],[96.91494,55.34701,533.1608],[96.91184,55.35171,540.379],[96.8981,55.36396,528.9595],[96.89489,55.36866,527.4824],[96.88983,55.37874,530.0386],[96.88642,55.38964,531.1202],[96.88311,55.40659,512.4578],[96.88115,55.41184,496.3057],[96.87712,55.41623,499.3932],[96.87122,55.41972,499.468],[96.85107,55.42938,510.5066],[96.84621,55.4346,505.4984],[96.84311,55.4414,511.3354],[96.84373,55.45372,498.9181],[96.84621,55.46323,500.8293],[96.85076,55.4746,512.0982],[96.84983,55.48106,514.9716],[96.84559,55.48594,515.8694],[96.84012,55.49028,512.1127],[96.83608,55.49617,508.9516],[96.83474,55.50566,507.271],[96.83639,55.52416,523.8346],[96.83567,55.53062,540.4633],[96.83319,55.53568,527.6627],[96.82492,55.54488,517.6273],[96.82172,55.55033,523.9626],[96.81996,55.55759,515.4604],[96.82244,55.56309,526.26],[96.82771,55.56725,539.1813],[96.84838,55.5778,544.1412],[96.8551,55.58353,563.3573],[96.85613,55.58891,563.0751],[96.85479,55.59397,564.0825],[96.8459,55.6025,568.2034],[96.82203,55.61676,549.6647],[96.77294,55.63826,538.0211],[96.75278,55.65071,533.9362],[96.75433,55.65459,524.0679],[96.75733,55.65908,492.1956],[96.79815,55.67929,463.8064],[96.80632,55.68479,467.0533],[96.81707,55.69443,451.2062],[96.8181,55.70079,439.1467],[96.81469,55.70554,460.9215],[96.78089,55.72151,465.7177],[96.77531,55.72523,461.9522],[96.76942,55.73004,451.8917],[96.76446,55.73551,453.6718],[96.76012,55.74608,440.5127],[96.76208,55.75494,424.2438],[96.76756,55.769,439.8187],[96.77294,55.77657,446.0783],[96.77965,55.78187,447.9762],[96.78648,55.78484,446.8504],[96.81893,55.79166,423.6215],[96.82916,55.79835,451.541],[96.84342,55.81995,448.8794],[96.88001,55.82543,436.9957],[96.89944,55.83654,437.9739],[96.91277,55.846,415.1935],[96.96,55.86093,369.9475],[96.96786,55.87426,434.3671],[96.9722,55.89023,426.8686],[96.97954,56.0032,402.1468],[96.98181,56.0109,416.0757],[96.98646,56.01834,431.3434],[97.00073,56.02196,429.113],[97.03959,56.02609,456.7527],[97.05705,56.03115,425.1268],[97.0708,56.04356,444.1896],[97.10036,56.07947,316.0377],[97.12527,56.10174,300.3467],[97.15348,56.10603,377.424],[97.18325,56.10453,332.7327],[97.26241,56.08846,343.2105],[97.27141,56.08559,351.381],[97.27637,56.08242,374.4702],[97.27978,56.07864,376.283],[97.28536,56.07518,391.436],[97.29218,56.07193,384.1147],[97.32618,56.06195,402.3386],[97.34572,56.05265,380.8614],[97.35192,56.0512,365.5549],[97.3637,56.05642,357.4298],[97.41341,56.08727,392.6342],[97.425299999999993,56.09916,331.3341],[97.43171,56.11218,346.0884],[97.43109,56.12138,299.028],[97.43326,56.13278,286.1951],[97.44018,56.14675,276.8485],[97.48276,56.17275,370.5576],[97.49992,56.17947,357.482],[97.51718,56.18406,342.3988],[97.56493,56.18959,320.2285],[97.58023,56.19512,331.7073],[97.58591,56.2082,315.3417],[97.58767,56.2575,339.9172],[97.58519,56.27189,300.6848],[97.58023,56.28225,344.6993],[97.56731,56.29269,332.0543],[97.56266,56.30711,376.2081],[97.55955,56.32349,379.5263],[97.55811,56.3577,314.6938],[97.56028,56.37248,297.7581],[97.56824,56.38276,295.0828],[97.59139,56.38669,281.5335],[97.84067,56.39315,321.6766],[97.86817,56.39831,322.4497],[97.87809,56.41123,325.1432],[97.88181,56.42694,360.9688],[97.88026,56.53063,342.2223],[97.87705,56.54492,322.1433],[97.86817,56.55484,329.2138],[97.84471,56.55846,334.6311],[97.76233,56.55913,294.2771],[97.75148,56.56027,219.1691],[97.75169,56.56523,203.1303],[97.76564,56.58541,217.3294],[97.77039,56.59386,216.2069],[97.77349,56.60125,205.7713],[97.7738,56.60704,213.3876],[97.77215,56.6122,203.0105],[97.769049999999993,56.61706,207.9781],[97.75985,56.626,213.5384],[97.75644,56.63138,246.6132],[97.7551,56.63864,216.3217],[97.75954,56.64445,216.995],[97.77773,56.65711,203.2723],[97.78207,56.66321,200.856],[97.78207,56.66874,200.935],[97.77928,56.67287,244.6331],[97.77225,56.6783,208.6588],[97.76719,56.6813,202.2795],[97.76233,56.68491,205.2807],[97.7583,56.68925,210.9038],[97.75458,56.69388,204.8915],[97.75107,56.70445,205.6963],[97.75086,56.71044,203.6653],[97.75148,56.71675,203.8762],[97.75293,56.72331,200.011],[97.75613,56.73183,198.2912],[97.77556,56.76708,199.1708],[97.77722,56.77478,199.0898],[97.77505,56.78,198.0469],[97.77101,56.78439,199.8089],[97.76533,56.78796,200.3772],[97.70156,56.80444,223.2623],[97.67944,56.80728,246.2661],[97.63883,56.80687,244.0054],[97.60782,56.8032,271.7937],[97.56514,56.79369,307.9999],[97.55645,56.79266,308.1504],[97.54664,56.79338,299.1178],[97.49827,56.80529,340.1765],[97.48628,56.81054,344.097],[97.4807,56.81428,340.2903],[97.47574,56.81834,341.8586],[97.4685,56.82744,341.8861],[97.47408,56.8694,304.2205],[97.47811,56.88077,337.5569],[97.48493,56.89257,320.8743],[97.49113,56.89725,315.2373],[97.49589,56.89973,307.9448],[97.56514,56.9174,245.4791],[97.58736,56.92585,208.2937],[97.60565,56.93552,189.1158],[97.61474,56.9419,190.4052],[97.61929,56.94704,188.1056],[97.61991,56.95363,186.8642],[97.61599,56.95797,186.1888],[97.607919999999993,56.96071,198.8808],[97.48876,56.96371,196.8755],[97.48194,56.96554,177.551],[97.47563,56.96836,179.928],[97.47036,56.97187,182.8814],[97.46581,56.9758,179.1884],[97.43987,57.00458,198.0856],[97.4346,57.00799,194.7677],[97.42148,57.0143,248.2336],[97.41631,57.01745,267.7689],[97.40918,57.0228,282.4514],[97.4036,57.02587,300.941],[97.3605,57.03843,191.9308],[97.35285,57.04205,184.1292],[97.34851,57.04802,184.9305],[97.35492,57.06055,190.8551],[97.40752,57.13313,270.7592],[97.934,57.8113,249.554],[97.98671,57.8219,215.6293],[98.54616,57.79136,259.616],[98.62957,57.77782,308.1994],[98.68279,57.7803,306.2598],[98.7323,57.79226,367.5651],[98.74522,57.79275,374.6991],[98.76754,57.79068,401.2507],[98.77529,57.78795,420.2533],[98.77798,57.78298,427.6217],[98.77953,57.77162,409.0731],[98.78088,57.76614,403.3368],[98.78387,57.76128,409.1288],[98.78883,57.75704,416.8021],[98.79514,57.75332,403.2005],[98.85446,57.7281,404.9962],[98.87141,57.72361,401.3241],[98.88826,57.72131,421.6844],[98.96164,57.7233,391.5417],[98.98934,57.73229,393.3567],[99.00236,57.73942,406.9592],[99.07988,57.77043,371.7558],[99.09269,57.77342,393.0962],[99.10489,57.77425,374.7715],[99.11543,57.77286,367.0127],[99.13362,57.76797,348.3766],[99.1609,57.76392,341.427],[99.18509,57.76293,308.21],[99.19914,57.76407,301.8914],[99.20979,57.76635,297.1182],[99.25402,57.7819,257.9821],[99.31077,57.79513,212.0574],[99.33082,57.79797,211.5247],[99.41091,57.79554,309.851],[99.42208,57.79875,312.3057],[99.42848,57.80366,309.2186],[99.43076,57.81531,297.0178],[99.43355,57.82097,335.7202],[99.43758,57.82629,369.4261],[99.45794,57.84448,327.7066],[99.46662,57.85476,342.9492],[99.47014,57.86034,322.7547],[99.48088,57.89244,338.8322],[99.48802,57.90383,319.8719],[99.49101,57.90964,293.4546],[99.49422,57.92241,293.3208],[99.49752,57.92902,289.0818],[99.50786,57.93667,292.4489],[99.5183,57.94018,295.351],[99.53039,57.94199,304.3141],[99.53721,57.94556,292.9568],[99.54269,57.9499,296.9583],[99.54734,57.95491,314.3908],[99.5585,57.96427,281.2836],[99.61803,58.00096,291.6776],[99.62041,58.00318,316.9167],[99.62361,58.00747,307.8318],[99.63013,58.01889,294.1337],[99.6323,58.02488,310.394],[99.6323,58.03049,322.3536],[99.63788,58.0394,377.5721],[99.64025,58.04573,376.773],[99.70278,58.08571,346.004],[99.73596,58.08157,343.775],[99.79353,58.0625,345.5901],[99.80686,58.06116,342.7791],[99.81761,58.06178,347.1319],[99.84737,58.07196,343.3255],[100.01729,58.08147,330.5419],[100.04343,58.07857,332.8035],[100.05408,58.07573,331.5686],[100.06493,58.07095,327.8732],[100.07041,58.06602,333.4783],[100.07454,58.06111,354.4758],[100.07671,58.05589,361.31],[100.0794,58.04509,348.869],[100.07413,58.00101,348.549],[100.07444,57.97806,345.4123],[100.07578,57.96664,350.7839],[100.07702,57.96117,369.826],[100.07909,57.956,375.9878],[100.08167,57.95109,385.8933],[100.0856,57.94659,386.6595],[100.10917,57.92572,393.8787],[100.1165,57.91657,383.3242],[100.11898,57.91156,375.0872],[100.12209,57.90081,414.7388],[100.12333,57.88282,408.7132],[100.12488,57.876,411.6195],[100.12932,57.8668,353.237],[100.15392,57.8512,398.911],[100.20963,57.83259,408.6872],[100.23081,57.82197,326.5511],[100.26688,57.80955,403.39],[100.27536,57.80484,340.9861],[100.27898,57.79926,322.1079],[100.27846,57.79342,325.4256],[100.27102,57.77451,369.9184],[100.26967,57.76841,384.3476],[100.2704,57.76332,339.3707],[100.2766,57.76092,345.9343],[100.29644,57.75958,360.6122],[100.31101,57.75642,361.1465],[100.35494,57.73901,383.7902],[100.36517,57.73237,377.4175],[100.36631,57.72697,349.2386],[100.34533,57.70986,367.7072],[100.33634,57.69966,386.1905],[100.33251,57.69426,393.5743],[100.33075,57.68899,399.607],[100.33406,57.68395,397.4144],[100.35804,57.67519,397.9264],[100.363,57.66979,378.8541],[100.3629,57.66405,356.6165],[100.35918,57.65875,366.9168],[100.35804,57.65113,396.0675],[100.36011,57.64175,393.5641],[100.39194,57.60331,406.8816],[100.39514,57.5986,377.4113],[100.39783,57.59372,368.9507],[100.4,57.58855,352.1285],[100.40165,57.58331,366.4974],[100.40228,57.57767,391.8758],[100.40093,57.5647,405.1153],[100.40155,57.55788,407.4735],[100.40496,57.55029,439.2755],[100.41116,57.54548,446.3159],[100.41871,57.54176,439.365],[100.63771,57.47665,374.7653],[100.6558,57.46915,361.0706],[100.66469,57.46352,359.8359],[100.6711,57.4583,366.2787],[100.69104,57.43432,360.1838],[100.70593,57.42016,363.1259],[100.71564,57.41288,358.9852],[100.72536,57.40761,359.7968],[100.73207,57.40539,349.9633],[100.74882,57.40324,342.8144],[100.77062,57.4135,425.8748],[100.79274,57.41929,362.6207],[100.80401,57.42575,413.083],[100.81083,57.43283,358.5404],[100.81848,57.44838,387.8532],[100.82592,57.45396,474.5341],[100.83584,57.45848,373.8842],[100.85093,57.46264,320.9849],[100.86158,57.46393,311.6229],[100.86995,57.46275,306.9127],[100.89217,57.45381,316.7839],[100.90168,57.45205,296.8008],[100.91139,57.45151,301.5942],[100.92193,57.4552,297.7806],[100.92906,57.45926,299.5913],[100.93496,57.46409,297.5505],[100.95304,57.48492,299.3812],[100.95645,57.49086,294.0219],[100.9578,57.4983,297.0925],[100.95346,57.503,296.0753],[100.94777,57.50714,298.8787],[100.94291,57.51122,306.1613],[100.94105,57.51628,297.2978],[100.9425,57.52202,295.0402],[100.94974,57.53359,295.0941],[100.95315,57.54031,292.1324],[100.95563,57.54889,292.6847],[100.95532,57.5553,294.2519],[100.95242,57.56057,291.4816],[100.94756,57.56465,289.3028],[100.93454,57.57163,292.4389],[100.87274,57.59617,288.7267],[100.84659,57.61008,296.8805],[100.83109,57.62206,304.2658],[100.82695,57.62646,275.8741],[100.82375,57.6323,289.8634],[100.82158,57.63938,337.0011],[100.82106,57.65059,347.3564],[100.8192,57.6578,291.8728],[100.81321,57.66315,291.7253],[100.80638,57.66723,305.3464],[100.80142,57.67302,313.2108],[100.80339,57.67746,296.877],[100.81972,57.69312,354.2464],[100.84566,57.73144,320.2092],[100.85527,57.74108,315.8418],[100.86064,57.74547,330.4489],[100.86674,57.74945,364.3794],[100.87305,57.75461,293.4489],[100.87894,57.76035,261.7365],[100.88462,57.76968,252.9572],[100.88173,57.77451,249.6747],[100.87635,57.7787,246.8319],[100.86809,57.78159,247.8147],[100.85465,57.78841,254.8907],[100.84907,57.79451,261.9115],[100.84566,57.80381,237.63],[100.84411,57.82169,322.7133],[100.84669,57.83642,296.7401],[100.84566,57.84546,390.5543],[100.84163,57.85073,426.5976],[100.8315,57.85887,464.9624],[100.81755,57.87249,511.6006],[100.81414,57.8776,476.0176],[100.81269,57.88365,471.888],[100.81817,57.88665,461.3705],[100.8593,57.88618,411.8294],[100.8686,57.88453,416.8705],[100.87542,57.88133,446.2941],[100.88741,57.87383,448.8245],[100.89454,57.87063,450.1271],[100.90354,57.86835,471.3167],[100.91356,57.86711,467.7213],[100.95253,57.86773,489.827],[100.96183,57.86877,478.442],[100.97051,57.87047,467.0977],[100.99831,57.88078,442.7181],[101.02239,57.89249,377.2309],[101.03025,57.8976,406.9592],[101.03242,57.90344,445.858],[101.03138,57.90985,448.6045],[101.03087,57.91946,425.6003],[101.03397,57.92561,435.9791],[101.03893,57.93083,469.2897],[101.04544,57.9345,447.3973],[101.07076,57.94075,451.9247],[101.07727,57.94432,447.3799],[101.09949,57.96163,451.8372],[101.1274,57.97667,397.4729],[101.13732,57.98538,391.384],[101.14414,57.99672,375.6667],[101.15396,58.01682,381.3762],[101.15995,58.03687,405.4059],[101.16151,58.04922,429.0882],[101.16109,58.05491,416.8322],[101.15861,58.05976,409.5544],[101.15282,58.06369,417.366],[101.12978,58.07294,403.3189],[101.12306,58.0764,410.6259],[101.11799,58.08049,400.5373],[101.11407,58.08493,401.5932],[101.11159,58.09134,400.484],[101.11055,58.09881,399.3216],[101.11148,58.1102,484.3746],[101.115,58.11594,407.403],[101.11799,58.11899,370.7132],[101.146,58.12929,364.1245],[101.19148,58.13728,396.8923],[101.20791,58.14188,401.5051],[101.22011,58.1511,381.5904],[101.2353,58.16555,373.4883],[101.26506,58.19976,414.0198],[101.28243,58.21255,379.7908],[101.29762,58.21929,363.7473],[101.38216,58.22316,364.9579],[101.47663,58.21774,358.8533],[101.51104,58.21888,356.8091],[101.52014,58.22084,344.5899],[101.53089,58.22531,341.1447],[101.53647,58.23086,328.0763],[101.53988,58.23714,317.194],[101.54246,58.25097,282.9821],[101.54546,58.25986,306.6358],[101.55259,58.27391,295.7755],[101.55869,58.28171,300.8973],[101.56489,58.28786,298.6637],[101.60179,58.31476,309.901],[101.64199,58.3507,305.2847],[101.64923,58.36016,310.4143],[101.65977,58.38217,285.9629],[101.67848,58.40667,295.5266],[101.69026,58.41721,276.1983],[101.7008,58.42388,287.6215],[101.71765,58.42819,263.4016],[101.73863,58.43638,267.3533],[101.76488,58.45002,274.9433],[101.77356,58.45328,278.7848],[101.781,58.4539,273.1274],[101.78627,58.45323,257.6883],[101.92249,58.46573,247.2589],[101.93944,58.47033,247.0431],[101.9475,58.47343,257.2618],[101.97324,58.48697,286.9917],[101.98874,58.4925,265.9492],[102.00114,58.49534,257.451],[102.16165,58.5156,234.4443],[102.18615,58.52268,275.3769],[102.19793,58.52811,241.9119],[102.2402,58.55415,266.2358],[102.2648,58.57389,292.2203],[102.26976,58.58015,270.7827],[102.27255,58.5865,251.416],[102.29095,58.60759,243.5081],[102.29839,58.61937,270.2316],[102.30552,58.63368,250.3548],[102.3111,58.64234,275.7841],[102.31792,58.64732,300.1035],[102.32578,58.65074,294.9745],[102.40401,58.66148,265.3633],[102.41569,58.66412,246.7574],[102.43089,58.67172,206.6656],[102.44143,58.67973,206.5917],[102.45455,58.69226,200.4221],[102.46375,58.69848,206.6142],[102.50427,58.71515,241.6495],[102.51326,58.72143,218.0426],[102.51967,58.72789,246.0289],[102.53155,58.74861,217.4037],[102.56028,58.7867,186.4947],[102.56287,58.7914,199.6215],[102.56493,58.79667,200.24],[102.56493,58.80212,186.4291],[102.56287,58.80706,186.3848],[102.56028,58.81202,196.8772],[102.54354,58.83532,268.3533],[102.53868,58.84525,306.9823],[102.53527,58.85574,253.8501],[102.53403,58.8669,283.473],[102.53403,58.87263,279.4554],[102.53703,58.89093,317.6129],[102.53734,58.89659,325.6398],[102.53403,58.90075,324.2265],[102.51047,58.90969,344.513],[102.49228,58.9216,342.3426],[102.48546,58.92467,311.7542],[102.4498,58.93589,351.6769],[102.44329,58.9395,352.7852],[102.43864,58.94374,358.3644],[102.4374,58.94912,341.5039],[102.43895,58.96121,335.6694],[102.43843,58.96674,321.2945],[102.43595,58.97216,280.2002],[102.43523,58.97821,327.5687],[102.44866,58.99831,315.4539],[102.44959,59.00033,328.5922],[102.44949,59.0025,318.6757],[102.44732,59.00624,305.251],[102.43895,59.01454,291.2201],[102.43533,59.01909,327.0341],[102.43285,59.02402,328.4321],[102.4312,59.02929,341.5463],[102.42809,59.04562,293.0653],[102.4251,59.05048,269.3448],[102.42138,59.05495,290.1624],[102.41104,59.06306,311.7487],[102.40701,59.0674,335.8205],[102.40587,59.07254,362.3308],[102.40711,59.078,357.7943],[102.41456,59.09675,369.6966],[102.42541,59.11712,364.7753],[102.43874,59.13634,380.6701],[102.44732,59.146,396.9841],[102.45486,59.15313,420.7875],[102.46778,59.16089,423.83],[102.50251,59.17386,443.3538],[102.52184,59.18605,427.5476],[102.5885,59.20305,474.9847],[102.61547,59.20347,444.5974],[102.65289,59.19964,454.0155],[102.75934,59.19944,425.9068],[102.79303,59.20445,431.9721],[102.83148,59.21458,426.8583],[102.83975,59.21933,433.1648],[102.84109,59.22442,452.1033],[102.84109,59.22977,416.7285],[102.84254,59.23564,419.3574],[102.84564,59.24124,425.7244],[102.85515,59.25158,427.6239],[102.866,59.26078,414.6687],[102.872,59.26491,409.01],[102.95282,59.29364,431.0967],[102.99881,59.3154,446.4846],[103.01059,59.31809,451.624],[103.01741,59.31633,441.726],[103.02361,59.30142,423.2582],[103.02661,59.29659,423.4491],[103.04956,59.27633,419.7467],[103.05576,59.27276,404.1253],[103.0632,59.26946,403.7833],[103.08263,59.26439,397.1568],[103.10898,59.2615,399.4799],[103.15291,59.26176,406.404],[103.16603,59.26486,405.7678],[103.18939,59.27597,413.4544],[103.2112,59.28354,446.6719],[103.22546,59.2847,451.4224],[103.23931,59.28362,472.7578],[103.32437,59.2601,447.951],[103.33026,59.25618,434.7618],[103.3344,59.25168,442.1237],[103.3377,59.24682,410.0523],[103.33987,59.24166,396.2832],[103.34122,59.23664,418.5843],[103.34049,59.23215,444.9165],[103.33471,59.22907,437.5732],[103.32499,59.22858,409.6664],[103.27703,59.23235,396.6914],[103.25533,59.23158,379.9315],[103.24665,59.22987,376.4236],[103.24024,59.22734,373.554],[103.23869,59.22295,367.576],[103.24582,59.20295,344.167],[103.24675,59.19763,336.8316],[103.24603,59.18569,332.5187],[103.24603,59.18006,364.9852],[103.24861,59.1753,352.414],[103.25285,59.17119,324.8322],[103.27497,59.15665,325.8584],[103.28014,59.15254,320.9979],[103.29223,59.13916,318.3395],[103.32065,59.09097,335.4252],[103.33471,59.07257,332.8144],[103.37522,59.03412,325.8529],[103.39713,59.02219,329.6816],[103.42524,59.01242,373.5562],[103.44395,59.00828,341.3594],[103.47723,59.00578,368.1442],[103.48467,59.00332,349.0983],[103.48849,59.001,376.3251],[103.49087,58.99862,388.4682],[103.51103,58.98911,336.1353],[103.53015,58.98575,309.4624],[103.54875,58.978,308.7146],[103.55443,58.97418,297.3223],[103.58224,58.96017,282.6393],[103.58709,58.95604,279.0318],[103.58968,58.95121,284.4284],[103.58926,58.94545,299.0851],[103.58523,58.93232,302.3516],[103.58596,58.92503,310.4659],[103.59391,58.91671,280.3728],[103.60353,58.91315,279.0715],[103.61386,58.91232,281.4676],[103.64838,58.92113,311.3503],[103.67257,58.92385,286.3718],[103.69293,58.92323,286.3177],[103.79401,58.89767,324.5581],[103.81736,58.89501,313.3886],[103.83969,58.89449,347.4023],[103.85953,58.89661,355.9976],[103.87834,58.90106,324.2872],[103.8895,58.90261,347.239],[103.89633,58.90049,354.4218],[103.90108,58.89708,338.0587],[103.90387,58.89289,342.4059],[103.90625,58.88865,346.7463],[103.91152,58.87367,409.6616],[103.91555,58.86778,395.5296],[103.92299,58.8617,410.5531],[103.94004,58.85403,421.7891],[103.94893,58.84845,438.0334],[103.95276,58.8424,436.2791],[103.95234,58.83651,410.5739],[103.94924,58.82416,434.908],[103.94893,58.81832,437.3767],[103.94935,58.81269,430.7368],[103.95172,58.80199,429.537],[103.95245,58.79649,428.6545],[103.95183,58.78489,428.131],[103.94873,58.77388,439.2159],[103.94717,58.77042,436.8005],[103.94428,58.76584,433.7367],[103.93932,58.76174,431.027],[103.93229,58.75853,439.1115],[103.92444,58.7559,443.2779],[103.87152,58.74453,449.224],[103.86697,58.74101,463.163],[103.86914,58.73517,433.1738],[103.87689,58.73223,429.0517],[103.88764,58.73058,438.0356],[103.93322,58.72934,426.0527],[103.97394,58.73241,420.9144],[103.991,58.73564,422.9178],[104.01549,58.74375,483.9047],[104.02211,58.74747,518.5142],[104.02727,58.75233,567.0693],[104.0372,58.76804,475.2672],[104.0403,58.77011,467.7537],[104.04681,58.77181,460.2435],[104.17796,58.76659,419.2716],[104.22013,58.75796,492.2953],[104.22964,58.75099,503.4623],[104.23811,58.74701,530.21],[104.24183,58.73802,581.4119],[104.25351,58.73241,564.4276],[104.26757,58.72841,578.3652],[104.28069,58.72011,450.0195],[104.29868,58.71326,558.5432],[104.35201,58.71605,556.0961],[104.37382,58.71326,462.5183],[104.39314,58.70391,480.005],[104.39821,58.69683,475.5345],[104.39397,58.66549,493.0432],[104.40927,58.64267,459.7718],[104.43727,58.625,485.0366],[104.4504,58.60784,470.3072],[104.45815,58.60226,472.0027],[104.46518,58.60358,474.9319],[104.47262,58.60671,473.6469],[104.50332,58.62888,483.7097],[104.51014,58.63218,509.2883],[104.51872,58.63454,514.9337],[104.53143,58.63539,522.3537],[104.54011,58.63329,552.6403],[104.56957,58.61808,601.8668],[104.58073,58.61622,567.473],[104.58993,58.61725,544.3777],[104.59613,58.62131,530.159],[104.60636,58.63143,567.6841],[104.61783,58.64076,539.2836],[104.62465,58.64433,544.0907],[104.6323,58.64712,571.1381],[104.78671,58.66626,644.4112],[104.79394,58.66929,641.5389],[104.81947,58.68495,653.787],[104.84717,58.69879,722.2434],[104.86505,58.71032,733.754],[104.87249,58.71854,719.4625],[104.86702,58.73538,721.0605],[104.85647,58.74515,705.4355],[104.8388,58.75316,655.4824],[104.83384,58.75729,612.1559],[104.82888,58.76383,606.7267],[104.82257,58.77486,574.1527],[104.81575,58.78122,570.6746],[104.80779,58.78608,572.7958],[104.78547,58.79646,658.3693],[104.76728,58.80706,648.0237],[104.76046,58.81414,645.477],[104.75912,58.82049,649.2886],[104.76098,58.82442,642.6216],[104.76759,58.83346,634.4001],[104.79818,58.86323,597.9995],[104.83942,58.89361,602.3287],[104.84655,58.89692,614.5529],[104.85492,58.8992,617.4133],[104.88386,58.90286,622.7805],[104.89234,58.90498,605.5999],[104.89874,58.90881,597.0355],[104.9034,58.91382,588.9473],[104.91518,58.93046,614.0294],[104.9344,58.94912,621.8755],[104.94825,58.95862,625.3589],[104.96324,58.96462,641.0992],[104.97998,58.96893,635.9322],[105.04633,58.97836,641.1865],[105.06308,58.98302,626.2668],[105.08395,58.99301,619.1053],[105.09232,58.99888,618.3904],[105.13491,59.03815,625.7046],[105.14493,59.04477,637.7933],[105.15351,59.04684,657.2897],[105.19444,59.04957,659.5684],[105.23743,59.06009,645.7339],[105.29128,59.06136,608.773],[105.30544,59.06554,612.1674],[105.32053,59.07363,600.781],[105.34699,59.09169,609.7728],[105.3537,59.1011,620.3085],[105.3535,59.10792,648.5679],[105.32394,59.12717,600.6332],[105.30575,59.14425,599.3019],[105.30296,59.14895,585.8501],[105.30368,59.15577,597.7818],[105.30833,59.1643,605.292],[105.32528,59.18693,561.4556],[105.329,59.19649,547.9694],[105.32704,59.20217,552.5042],[105.32311,59.20708,558.7328],[105.30792,59.21938,543.5504],[105.3043,59.22393,545.4206],[105.30141,59.22874,550.1867],[105.29955,59.23385,567.9392],[105.29831,59.23964,571.5775],[105.29738,59.25426,593.9354],[105.29407,59.25992,580.4104],[105.28807,59.26424,601.7197],[105.27939,59.26703,620.1905],[105.25717,59.2709,601.8182],[105.24766,59.27354,606.1422],[105.24043,59.27685,611.3101],[105.19568,59.30331,609.582],[105.19072,59.30832,617.7762],[105.18875,59.31545,568.8387],[105.19123,59.32139,553.8752],[105.1963,59.3263,540.0059],[105.20271,59.33041,534.6735],[105.22555,59.34025,540.0776],[105.23371,59.34537,549.5494],[105.24146,59.35338,526.4885],[105.24353,59.36413,544.014],[105.23857,59.37012,541.8107],[105.21976,59.37839,597.4498],[105.21314,59.38485,588.5494],[105.2117,59.39762,582.6554],[105.21511,59.40604,604.6297],[105.22038,59.4133,602.9883],[105.22741,59.41947,604.7614],[105.22803,59.42464,613.5775],[105.22534,59.42929,599.655],[105.19712,59.45472,640.3965],[105.19165,59.46443,604.1987],[105.18762,59.46888,576.7375],[105.18131,59.47231,560.963],[105.17242,59.47448,549.587],[105.16271,59.47461,545.3426],[105.15382,59.47296,546.2017],[105.14576,59.47043,527.5577],[105.11692,59.45709,494.0381],[105.10927,59.45513,477.9083],[105.1008,59.4557,490.3295],[105.07775,59.46361,491.6872],[105.06928,59.46397,476.8505],[105.06122,59.46226,477.4554],[105.05357,59.45937,491.3108],[105.04489,59.45725,475.7109],[105.03476,59.45627,464.519],[104.98566,59.46113,475.7514],[104.97781,59.46376,468.4034],[104.97275,59.46769,470.4161],[104.96138,59.48115,451.239],[104.95145,59.48944,458.0063],[104.88324,59.52536,453.259],[104.86733,59.5381,424.7309],[104.86267,59.54324,459.8744],[104.85895,59.55032,430.9973],[104.85916,59.55668,430.6489],[104.86205,59.56277,434.9473],[104.8666,59.56877,435.7487],[104.87063,59.57533,437.3576],[104.87311,59.58355,432.7729],[104.87063,59.58915,433.6064],[104.86629,59.59393,436.5639],[104.81007,59.62913,403.9437],[104.80387,59.63559,415.1154],[104.80252,59.64163,422.4519],[104.80449,59.64861,425.2592],[104.81193,59.6637,398.5138],[104.81089,59.66964,390.9751],[104.80252,59.68173,407.8686],[104.7988,59.69088,397.301],[104.80077,59.69731,405.3332],[104.80624,59.70194,402.5667],[104.83601,59.71455,410.8021],[104.84924,59.72178,392.1579],[104.88541,59.74669,402.5925],[104.89254,59.75,405.2351],[104.96251,59.76617,388.0977],[104.99218,59.76385,356.57],[104.9991,59.76447,355.9299],[105.00489,59.76565,357.3017],[105.01243,59.76979,364.4362],[105.02008,59.7763,351.8355],[105.02876,59.7894,348.8559],[105.03166,59.79769,364.702],[105.03217,59.80472,384.5189],[105.02918,59.80994,371.8476],[105.02453,59.81418,347.6101],[105.01925,59.81795,343.4753],[105.01946,59.81989,346.079],[105.02297,59.82203,383.9737],[105.02266,59.82596,390.5771],[105.02049,59.83015,373.1035],[105.02442,59.83469,371.1108],[105.03507,59.83604,366.08],[105.07837,59.8364,380.7457],[105.08984,59.8395,393.5805],[105.10855,59.84953,407.3931],[105.11951,59.85283,395.2353],[105.18638,59.85847,373.7731],[105.20023,59.85741,397.7452],[105.22431,59.85102,411.4646],[105.23743,59.84885,411.8646],[105.25097,59.84844,386.5202],[105.27753,59.85015,358.6343],[105.29025,59.84932,351.9022],[105.29986,59.84642,355.74],[105.30585,59.84307,359.07],[105.30833,59.84139,353.7096],[105.30947,59.84015,358.971],[105.31019,59.83875,361.2827],[105.31257,59.83583,360.0572],[105.31515,59.83392,356.3028],[105.34265,59.82658,388.3964],[105.37717,59.82167,408.9421],[105.41892,59.82441,378.5884],[105.45613,59.83082,362.1314],[105.4738,59.83593,360.5157],[105.48217,59.8396,363.0043],[105.49054,59.84524,374.3179],[105.49292,59.85066,400.6634],[105.49209,59.85588,406.7977],[105.48806,59.86033,387.066],[105.4829,59.86446,394.869],[105.46956,59.87169,392.1694],[105.44507,59.88146,411.0601],[105.43918,59.88529,387.732],[105.43473,59.88963,402.3994],[105.43287,59.89616,384.1187],[105.4338,59.90482,404.4574],[105.44186,59.92968,373.2471],[105.446,59.9506,428.3509],[105.44931,59.95856,398.0536],[105.45406,59.96497,402.8517],[105.47421,59.98135,381.3154],[105.4829,59.99122,380.5166],[105.48858,59.9999,382.0656],[105.48868,60.00117,382.5778],[105.48806,60.01161,386.5883],[105.48682,60.0168,379.0563],[105.48476,60.02192,383.7214],[105.47483,60.0359,383.112],[105.43938,60.07613,395.2162],[105.43287,60.08535,402.1988],[105.4277,60.09509,407.9364],[105.42367,60.10966,410.851],[105.42378,60.12295,410.5165],[105.42615,60.13114,408.0487],[105.43039,60.13798,418.6525],[105.44838,60.15132,414.9804],[105.4552,60.1586,407.0319],[105.46264,60.16816,405.4357],[105.47349,60.18589,400.2183],[105.47855,60.19803,483.4196],[105.48196,60.20997,373.6013],[105.48341,60.22501,365.0378],[105.48279,60.23596,382.2887],[105.48072,60.24351,415.4268],[105.47855,60.24904,373.1238],[105.47576,60.25387,376.2592],[105.47142,60.25823,389.1949],[105.46636,60.26227,429.6198],[105.45954,60.26588,457.2215],[105.45158,60.26872,407.9544],[105.44135,60.26981,406.0527],[105.43143,60.2694,434.5208],[105.42192,60.26769,420.7649],[105.41375,60.26511,397.4299],[105.39308,60.25369,392.895],[105.38616,60.25105,406.0474],[105.3782,60.25121,403.9581],[105.37324,60.25431,396.9874],[105.36952,60.25865,374.691],[105.36156,60.27332,371.7538],[105.35784,60.27782,400.2568],[105.34688,60.28573,432.5115],[105.33985,60.28945,462.4445],[105.33179,60.29281,449.3142],[105.32125,60.29549,394.5881],[105.29686,60.29813,391.9996],[105.27454,60.29761,410.662],[105.26554,60.29565,391.9323],[105.25748,60.29286,387.0282],[105.23795,60.28077,382.4464],[105.22999,60.27782,382.4435],[105.22059,60.27622,383.7937],[105.15062,60.27735,426.4187],[105.12788,60.28046,427.112],[105.09036,60.29136,416.927],[105.07837,60.29275,464.9201],[105.05656,60.29229,438.7269],[105.01119,60.28361,404.6267],[104.99538,60.28418,397.6548],[104.88924,60.30169,395.0905],[104.87869,60.30583,385.6704],[104.87022,60.31187,389.89],[104.8635,60.3234,406.5631],[104.8574,60.32996,388.8795],[104.85017,60.33451,389.815],[104.81803,60.34722,395.3571],[104.79601,60.3634,388.2929],[104.77069,60.37851,392.0356],[104.75529,60.3852,391.7612],[104.73669,60.39097,391.9229],[104.67623,60.39988,397.3091],[104.66486,60.40277,399.8317],[104.65587,60.40908,394.4076],[104.657,60.41373,398.6496],[104.66238,60.4176,408.158],[104.66816,60.42112,404.5582],[104.67158,60.42489,398.4039],[104.66858,60.42861,398.7819],[104.66424,60.43264,396.6212],[104.65773,60.44127,395.7371],[104.65183,60.45398,399.5465],[104.64346,60.48124,395.1281],[104.63799,60.49403,395.3139],[104.6324,60.50323,400.881],[104.62682,60.50734,398.5093],[104.58383,60.5285,405.1267],[104.57763,60.53341,409.598],[104.57194,60.53925,405.0599],[104.56554,60.54842,404.363],[104.56388,60.55656,406.509],[104.56336,60.56514,413.9905],[104.56481,60.57661,398.6298],[104.56357,60.58447,402.1989],[104.55706,60.59917,410.6063],[104.55582,60.60628,423.1933],[104.5552,60.61491,413.6301],[104.55148,60.62049,411.5094],[104.54352,60.62483,405.7587],[104.5335,60.62839,410.8162],[104.52316,60.63346,408.501],[104.52151,60.63899,413.7887],[104.52316,60.6449,422.6594],[104.55892,60.70748,441.972],[104.56336,60.71291,463.292],[104.56853,60.71784,461.1935],[104.59447,60.73516,437.0366],[104.59861,60.74198,440.3645],[104.59799,60.7474,439.7783],[104.59613,60.75288,456.2628],[104.59241,60.75753,443.231],[104.58724,60.76192,442.7435],[104.5798,60.76549,452.7607],[104.56957,60.76813,437.3357],[104.53153,60.77381,446.508],[104.5213,60.77645,438.5449],[104.51345,60.7798,444.4166],[104.50662,60.78347,443.1945],[104.49577,60.79164,447.0258],[104.47686,60.80864,446.3227],[104.46642,60.82115,447.1359],[104.46063,60.83246,456.2903],[104.4597,60.83877,464.6842],[104.46311,60.84445,468.5617],[104.4689,60.84843,448.8263],[104.48378,60.8551,457.3884],[104.50166,60.8597,450.0343],[104.5828,60.86957,446.3006],[104.60078,60.87386,440.36],[104.61659,60.87985,442.4466],[104.6231,60.88455,442.0071],[104.62858,60.89,446.5204],[104.63168,60.89778,444.8767],[104.63106,60.90378,445.6111],[104.62796,60.90884,446.0032],[104.623,60.91308,447.1298],[104.60967,60.92047,449.9992],[104.5769,60.93406,468.841],[104.56946,60.93835,464.7143],[104.5645,60.94481,446.438],[104.56616,60.95029,441.8454],[104.57112,60.95483,438.7751],[104.60161,60.96775,437.9852],[104.6075,60.97178,435.9229],[104.61091,60.97633,428.2259],[104.60946,60.98145,429.4385],[104.60657,60.98698,426.1301],[104.60223,60.99343,424.316],[104.60005,60.99989,436.4477],[104.60016,61.00124,436.195],[104.6044,61.00731,451.3977],[104.61442,61.01705,437.5203],[104.62713,61.02615,433.2532],[104.6323,61.03082,422.7768],[104.63519,61.03638,424.5042],[104.62982,61.0402,422.2204],[104.61256,61.0494,408.7874],[104.60533,61.05793,422.0954],[104.60481,61.06454,407.4203],[104.60874,61.06992,400.4101],[104.61494,61.07408,393.3015],[104.63054,61.08025,384.2616],[104.6509,61.08273,377.6096],[104.68532,61.08216,377.3725],[104.69452,61.08397,389.3777],[104.70248,61.08676,388.0302],[104.70971,61.09028,386.6638],[104.71612,61.09457,380.5603],[104.72149,61.09945,376.6306],[104.73111,61.11046,396.0082],[104.73658,61.1156,392.5549],[104.74248,61.12025,370.1385],[104.75705,61.12748,374.9219],[104.76501,61.13053,388.5121],[104.77224,61.13405,380.9589],[104.77844,61.13839,366.475],[104.78981,61.1481,363.494],[104.80531,61.15446,353.3062],[104.81214,61.15833,351.9337],[104.81792,61.16309,365.7334],[104.82288,61.16841,358.0587],[104.82877,61.17317,352.8765],[104.83663,61.17616,349.7662],[104.99156,61.17459,369.2918],[104.99993,61.17637,360.4122],[105.00737,61.18218,342.9051],[105.0083,61.18758,343.1809],[105.00685,61.19285,338.3451],[105.00458,61.19756,374.4046],[104.99466,61.21218,363.7934],[104.99218,61.21694,364.6083],[104.98287,61.2312,362.398],[104.97275,61.25089,364.6216],[104.96964,61.25567,374.2161],[104.96561,61.26014,362.2631],[104.95176,61.27006,384.2201],[104.94329,61.27773,370.4856],[104.93378,61.30675,369.4845],[104.93037,61.3145,379.739],[104.92624,61.319,369.7119],[104.92024,61.32287,370.6884],[104.91218,61.32615,366.7235],[104.90216,61.32861,368.3523],[104.83105,61.33166,393.136],[104.80655,61.33512,395.3267],[104.78619,61.34049,412.3528],[104.78898,61.3484,420.5003],[104.87249,61.35884,407.2566],[104.8913,61.36292,403.4826],[104.90402,61.36755,411.4534],[104.92458,61.38411,394.878],[104.94091,61.39292,387.1804],[104.95724,61.39832,390.3093],[105.10493,61.417,399.5135],[105.18328,61.41496,397.6663],[105.25325,61.41992,408.8171],[105.27175,61.42493,401.5126],[105.28063,61.43057,398.1504],[105.28063,61.4361,392.2671],[105.27939,61.44131,385.3526],[105.27578,61.45155,378.6261],[105.27319,61.4564,388.6001],[105.27113,61.46147,380.8857],[105.27412,61.46803,371.8505],[105.28322,61.47581,377.8836],[105.34699,61.50457,383.7906],[105.35246,61.50953,373.9256],[105.36063,61.52252,408.5898],[105.36745,61.52984,414.5865],[105.37592,61.53366,412.1611],[105.42212,61.54131,380.449],[105.47659,61.55531,388.5997],[105.55018,61.56627,399.9227],[105.56103,61.57035,394.4128],[105.56826,61.57573,411.2675],[105.57261,61.58156,410.1863],[105.57602,61.58784,413.7715],[105.58904,61.5981,406.5446],[105.61116,61.61112,389.6027],[105.6681,61.63598,401.8597],[105.69611,61.64523,392.7984],[105.71761,61.64962,406.7218],[105.7295,61.64859,420.0067],[105.74986,61.64347,403.2424],[105.75699,61.63986,407.84],[105.76267,61.63582,410.416],[105.77187,61.62709,407.3005],[105.77776,61.62303,410.4086],[105.78634,61.62037,400.0247],[105.79936,61.61986,398.2633],[105.80908,61.62239,407.432],[105.81703,61.62632,415.0807],[105.82272,61.63123,413.3709],[105.84184,61.65401,399.3078],[105.84918,61.66063,405.018],[105.85889,61.66724,401.3423],[105.87657,61.67629,407.0478],[105.88949,61.68052,390.2693],[105.90178,61.68316,382.288],[105.94137,61.68538,368.7506],[105.94674,61.68884,381.4125],[105.94767,61.69324,356.2971],[105.94354,61.70331,362.7552],[105.94075,61.71373,360.6552],[105.93982,61.74158,371.0381],[105.93806,61.74667,354.5185],[105.93527,61.75153,359.452],[105.92814,61.76088,358.3841],[105.91956,61.76956,366.1535],[105.89465,61.79091,375.7801],[105.89093,61.7954,386.8886],[105.88794,61.80021,383.4746],[105.88638,61.80543,375.4271],[105.88638,61.81098,378.6864],[105.88794,61.8169,375.5804],[105.89042,61.82279,365.1139],[105.89476,61.82845,364.4515],[105.9022,61.83488,374.5411],[106.03594,61.89875,431.3986],[106.04183,61.90335,431.5743],[106.04617,61.90873,430.6917],[106.0534,61.92253,430.2374],[106.06146,61.93193,426.857],[106.07025,61.93674,414.8027],[106.08017,61.93979,426.0571],[106.14167,61.95242,392.6545],[106.15221,61.95697,375.3907],[106.15996,61.96206,372.367],[106.19551,61.99255,378.8984],[106.20947,62.00035,424.5377],[106.21815,62.00317,404.7302],[106.40387,62.03074,367.5157],[106.40728,62.03477,364.244],[106.40625,62.03911,348.8074],[106.39085,62.05166,354.7165],[106.38827,62.05673,370.2737],[106.3893,62.06278,367.2776],[106.3986,62.07151,377.0762],[106.40408,62.07797,372.1522],[106.40573,62.08386,374.4921],[106.40077,62.08784,369.8318],[106.38465,62.09471,372.4419],[106.37845,62.09859,381.2955],[106.37514,62.10324,382.2566],[106.37907,62.11052,390.9166],[106.38744,62.11936,419.3763],[106.40666,62.13424,402.3562],[106.41493,62.14349,391.1598],[106.41814,62.15088,398.8957],[106.41783,62.15631,406.3308],[106.42031,62.16261,416.3863],[106.4264,62.16949,433.1443],[106.43705,62.1785,423.4623],[106.44253,62.18478,411.1096],[106.44253,62.19021,415.2928],[106.4355,62.19925,414.0984],[106.43426,62.20447,425.6086],[106.43633,62.21067,433.5366],[106.44594,62.23005,425.957],[106.44614,62.23548,435.0797],[106.44397,62.23961,435.05],[106.43643,62.2409,416.1218],[106.40635,62.23832,407.6131],[106.39509,62.23868,401.1075],[106.34093,62.25103,383.3976],[106.33266,62.25475,379.8965],[106.32687,62.25909,382.375],[106.32739,62.26581,388.3562],[106.33628,62.27191,383.6841],[106.37442,62.29124,370.3143],[106.38527,62.30007,368.2296],[106.39726,62.31434,368.6791],[106.40666,62.31677,359.2712],[106.45855,62.31677,546.7543],[106.4725,62.31894,425.9424],[106.47808,62.32353,365.9981],[106.47911,62.32852,343.889],[106.47539,62.3332,353.5414],[106.46816,62.33676,376.7576],[106.44211,62.34648,391.2043],[106.43571,62.35035,385.7505],[106.43023,62.35449,413.5936],[106.42578,62.35888,412.0942],[106.42248,62.36415,455.0432],[106.42144,62.3701,442.7605],[106.4231,62.37779,456.076],[106.42837,62.38283,467.3479],[106.43602,62.38663,467.4395],[106.44552,62.3887,453.7681],[106.45648,62.38932,428.3955],[106.46878,62.38803,413.8998],[106.47994,62.38575,408.46],[106.50443,62.3757,399.6204],[106.5156,62.37428,396.7151],[106.53265,62.3765,424.4723],[106.54319,62.38007,458.949],[106.62939,62.43655,437.812],[106.70349,62.47448,349.7493],[106.71145,62.48172,340.2813],[106.71393,62.48756,338.4632],[106.70721,62.4966,317.4354],[106.70318,62.50109,319.7701],[106.69347,62.50967,349.9138],[106.6821,62.51799,354.2033],[106.66112,62.52916,375.2963],[106.66163,62.53717,373.5909],[106.66908,62.54856,338.5434],[106.69605,62.57143,363.7912],[106.71155,62.58145,362.9439],[106.72571,62.5877,383.905],[106.78907,62.59608,402.6467],[106.79599,62.59825,398.9766],[106.79692,62.60176,402.759],[106.59166,62.6514,371.2431],[106.57957,62.65566,374.0172],[106.57213,62.65982,365.4019],[106.56045,62.66785,347.9419],[106.55239,62.67106,339.5668],[106.54154,62.67318,328.8838],[106.50443,62.67504,341.6525],[106.49648,62.68126,319.8264],[106.49482,62.69188,327.7131],[106.51312,62.71803,314.8544],[106.52521,62.74134,393.9943],[106.5248,62.74676,339.3448],[106.52294,62.75178,344.9478],[106.5189,62.75638,394.5548],[106.51425,62.76079,396.8965],[106.50723,62.76467,364.2733],[106.49844,62.76829,346.4058],[106.47787,62.77415,339.2542],[106.47002,62.77756,323.2057],[106.46506,62.7819,318.8759],[106.45989,62.79167,320.3001],[106.44935,62.83374,295.4052],[106.44687,62.83859,275.8014],[106.44253,62.84304,276.303],[106.43488,62.84671,283.7904],[106.36212,62.86097,271.8037],[106.34258,62.86707,313.9496],[106.32036,62.87782,322.8311],[106.31127,62.88102,325.0081],[106.22528,62.89378,306.9646],[106.21773,62.89678,311.8392],[106.21298,62.90092,333.0419],[106.21226,62.90634,349.8864],[106.2136,62.91234,355.7928],[106.21835,62.92484,368.7885],[106.22001,62.93084,358.7023],[106.21959,62.93626,330.981],[106.2168,62.94117,347.2135],[106.21019,62.94505,357.0747],[106.1767,62.95342,341.0332],[106.16678,62.95688,350.0377],[106.16451,62.96324,369.3861],[106.16864,62.96882,347.5188],[106.18342,62.98021,362.3608],[106.18404,62.9853,334.4561],[106.18001,62.9898,371.8136],[106.17443,62.99373,378.0049],[106.16141,63.00101,390.0544],[106.1551,63.00597,375.1928],[106.14694,63.01471,385.7406],[106.12565,63.04824,359.126],[106.12379,63.05388,369.9835],[106.12337,63.05951,339.6661],[106.12616,63.06633,318.4],[106.13516,63.06881,306.1422],[106.29246,63.07155,270.646],[106.31323,63.07517,265.2198],[106.35736,63.08928,290.2976],[106.39137,63.10581,257.5639],[106.40325,63.11331,253.9052],[106.40604,63.11863,252.7312],[106.40387,63.12349,259.2105],[106.39323,63.13181,252.487],[106.38961,63.13765,252.043],[106.39137,63.14749,251.3854],[106.39953,63.16379,272.0374],[106.41845,63.18555,279.2898],[106.42454,63.19661,312.8593],[106.42124,63.20302,337.201],[106.3769,63.21374,311.4738],[106.3677,63.21687,301.3086],[106.36181,63.2209,302.721],[106.36108,63.22635,311.5235],[106.36429,63.24405,298.6193],[106.36512,63.26296,330.7191],[106.36832,63.27239,342.9144],[106.37473,63.27784,339.1461],[106.39054,63.28549,324.2556],[106.43757,63.31996,271.1571],[106.45369,63.32559,263.2644],[106.46857,63.32725,265.1758],[106.47994,63.32461,266.4796],[106.48893,63.3213,265.1399],[106.49307,63.31686,261.509],[106.49617,63.31205,262.041],[106.49978,63.30776,261.3811],[106.50661,63.30472,261.4479],[106.66143,63.29665,223.3279],[106.67269,63.29758,224.2754],[106.68148,63.30009,222.1002],[106.68644,63.30503,224.407],[106.68861,63.31055,235.1539],[106.6944,63.33154,254.8244],[106.7007,63.34334,260.2785],[106.70711,63.35076,256.9609],[106.71465,63.35717,259.8513],[106.73057,63.36748,260.6181],[106.7315,63.37153,261.0309],[106.7253,63.37497,269.7894],[106.65182,63.40042,261.8523],[106.63714,63.40786,283.1329],[106.61337,63.42414,284.2621],[106.60841,63.42843,281.7848],[106.58433,63.45556,316.709],[106.57906,63.45985,281.2033],[106.57275,63.46388,293.5155],[106.51684,63.483,256.4599],[106.51126,63.48811,256.3244],[106.5096,63.49509,254.1513],[106.51208,63.50625,243.1472],[106.51642,63.51406,239.8398],[106.52138,63.52098,238.8268],[106.52666,63.52646,238.1611],[106.53131,63.52987,223.6122],[106.5433,63.53142,199.9984],[106.59508,63.53524,206.5375],[106.60148,63.54604,206.821],[106.60624,63.55731,209.1592],[106.61141,63.5633,223.9108],[106.67021,63.60552,252.1545],[106.68551,63.62046,333.5861],[106.69068,63.62929,293.9125],[106.6914,63.63632,326.6978],[106.68768,63.64097,306.1153],[106.6759,63.64914,327.8951],[106.64086,63.668,324.7633],[106.63538,63.67229,298.4853],[106.63135,63.67673,325.0757],[106.62846,63.68216,334.5619],[106.62763,63.68836,338.539],[106.62949,63.69678,331.563],[106.63373,63.7034,330.7137],[106.6391,63.70934,346.7793],[106.66163,63.7235,324.7613],[106.67207,63.73187,322.5964],[106.69409,63.76557,306.811],[106.7007,63.77259,317.2615],[106.76902,63.81895,281.3314],[106.78845,63.83517,250.5915],[106.79341,63.84238,249.7019],[106.79341,63.84794,282.2763],[106.79041,63.85259,285.3372],[106.77987,63.86096,289.0807],[106.70039,63.90783,528.6589],[106.68954,63.91615,497.9071],[106.68148,63.92532,486.3639],[106.67993,63.93062,493.1667],[106.68075,63.93641,547.5641],[106.68262,63.94243,556.7326],[106.69109,63.96106,429.8393],[106.70101,63.97811,284.9104],[106.7099,63.98661,304.4287],[106.71931,63.99206,304.6025],[106.74018,63.99558,289.5312],[106.76437,63.99568,291.225],[106.77646,63.99379,271.5183],[106.78514,63.99067,283.0229],[106.79165,63.98679,291.0768],[106.8025,63.97832,286.9205],[106.80984,63.97509,274.6457],[106.81914,63.97341,287.9217],[106.8485,63.97718,267.752],[106.85914,63.9762,267.5355],[106.86834,63.97354,284.1762],[106.89304,63.96315,273.8339],[106.94058,63.95279,255.6085],[106.97645,63.93956,287.1657],[106.9904,63.93196,290.8949],[106.99536,63.92824,283.6409],[107.00177,63.92225,278.8224],[107.01231,63.91512,304.223],[107.03588,63.90432,307.6598],[107.05262,63.89176,334.7592],[107.06047,63.88861,327.7046],[107.07081,63.88701,324.2001],[107.08094,63.88783,328.9357],[107.11959,63.89801,467.292],[107.12982,63.90199,478.1743],[107.14192,63.91052,465.9914],[107.16465,63.93785,305.676],[107.17354,63.94664,287.1436],[107.18243,63.95274,282.3933],[107.19018,63.95532,298.4867],[107.1968,63.95659,308.5084],[107.20238,63.95687,327.7827],[107.28981,63.95,316.1712],[107.30036,63.94731,285.9653],[107.30759,63.94364,283.8794],[107.31193,63.93915,276.9442],[107.31431,63.93429,278.7624],[107.31927,63.91884,293.4392],[107.32144,63.9138,289.7403],[107.32485,63.90907,277.001],[107.35214,63.88809,317.9002],[107.35679,63.8837,308.7171],[107.35958,63.87889,327.1512],[107.36051,63.87362,335.3094],[107.36361,63.86884,344.462],[107.3725,63.86551,366.6391],[107.41311,63.86034,335.5439],[107.42479,63.86104,329.3145],[107.46231,63.87101,307.0239],[107.47378,63.87155,328.7212],[107.48618,63.87078,348.6153],[107.49817,63.86866,374.3759],[107.5269,63.85946,313.6438],[107.53838,63.85747,313.1388],[107.55026,63.85701,313.6263],[107.56297,63.85853,324.4805],[107.57496,63.86251,326.7322],[107.58912,63.87037,331.1166],[107.59656,63.87734,343.2948],[107.6162,63.90664,327.6133],[107.61972,63.9131,296.7134],[107.62127,63.91925,286.9445],[107.62044,63.92452,284.0888],[107.61765,63.93486,280.9623],[107.61734,63.94111,281.9876],[107.61889,63.94835,281.3871],[107.6254,63.95904,280.7072],[107.63212,63.96576,282.2335],[107.63966,63.97121,285.5838],[107.6623,63.98317,291.8802],[107.67976,63.98922,284.3132],[107.73464,63.99537,358.366],[107.77206,64.00576,389.8555],[107.78291,64.00684,331.8499],[107.79397,64.00669,311.3759],[107.80389,64.00483,312.834],[107.81164,64.00261,316.1857],[107.81516,64.00108,318.9385],[107.8166,64.00023,321.8993],[107.82446,63.99341,355.4345],[107.83366,63.98907,385.6921],[107.84244,63.98612,387.6751],[107.85443,63.98478,346.7934],[107.86549,63.98519,386.1909],[107.87603,63.98684,366.5444],[107.8937,63.99263,363.2549],[107.91355,63.99697,321.9328],[107.94858,64.00043,334.356],[107.96088,63.99997,326.6685],[108.00791,63.98963,382.0243],[108.01835,63.9885,343.6255],[108.06496,63.98976,398.2854],[108.11684,63.98292,437.756],[108.12759,63.98398,457.8163],[108.13689,63.98653,440.5013],[108.16821,64.00002,417.9278],[108.17038,64.00038,399.3595],[108.20294,64.00077,372.1045],[108.21007,64.00015,384.0459],[108.24159,63.99279,429.8333],[108.25203,63.9924,426.8789],[108.26288,63.99589,455.6582],[108.285,64.01253,373.8082],[108.31032,64.02676,414.635],[108.31766,64.03299,411.575],[108.32014,64.03904,435.9112],[108.31828,64.044,448.4688],[108.31518,64.04875,436.2487],[108.30381,64.06255,456.0381],[108.30102,64.06736,433.176],[108.29947,64.07252,435.4453],[108.29854,64.07785,458.4412],[108.29699,64.08307,454.2643],[108.2942,64.08787,456.0149],[108.27528,64.11087,467.7545],[108.26102,64.12404,460.1505],[108.25792,64.1288,461.5576],[108.25606,64.13392,455.4465],[108.25544,64.13924,456.3539],[108.25306,64.14962,449.6832],[108.25141,64.15474,446.4637],[108.24655,64.16464,463.3019],[108.23756,64.17898,451.5445],[108.23518,64.18394,451.2094],[108.22361,64.20337,458.9593],[108.21999,64.20797,456.1306],[108.21554,64.21241,455.1813],[108.20438,64.22081,455.9565],[108.18981,64.22838,464.1357],[108.16149,64.23804,477.8777],[108.1494,64.24001,479.8975],[108.137,64.24078,485.0852],[108.12573,64.24001,481.6688],[108.02651,64.22352,500.2477],[107.99406,64.17867,641.314],[107.9677,64.16988,542.6027],[107.91592,64.17815,611.4153],[107.85567,64.18161,639.3734],[107.8442,64.18435,594.6982],[107.83562,64.18802,660.8459],[107.8195,64.20063,589.432],[107.80492,64.20807,483.8342],[107.68638,64.2398,462.5256],[107.67666,64.24352,445.326],[107.66995,64.24755,481.6617],[107.66591,64.25215,462.7626],[107.66416,64.25722,438.0962],[107.66354,64.26807,425.9313],[107.66199,64.27323,438.0981],[107.65465,64.27928,469.8303],[107.63987,64.28543,436.8994],[107.6068,64.29432,441.0567],[107.56969,64.29861,439.0603],[107.54644,64.29695,441.7844],[107.52577,64.29316,443.2551],[107.45414,64.26972,713.2354],[107.36753,64.2506,628.1124],[107.34283,64.24755,644.3154],[107.32795,64.24859,648.2581],[107.31751,64.2513,584.2721],[107.25147,64.27946,601.6283],[107.24434,64.28334,603.9493],[107.23876,64.28745,607.2831],[107.23628,64.29246,613.6629],[107.23607,64.29801,621.2452],[107.24,64.31049,578.9738],[107.23969,64.31711,605.431],[107.23545,64.32331,605.0003],[107.22191,64.33018,611.9767],[107.20878,64.33277,619.8348],[107.09685,64.33985,493.9061],[107.0828,64.3431,510.1723],[107.07546,64.34698,523.0443],[107.07081,64.35134,553.1198],[107.06678,64.35602,527.5429],[107.05758,64.36114,520.5079],[107.04332,64.36674,551.7604],[106.9751,64.38212,626.4016],[106.94906,64.3925,492.0593],[106.94213,64.39643,530.9339],[106.91816,64.40568,509.9467],[106.89377,64.41204,490.9724],[106.87744,64.41379,525.659],[106.76416,64.41281,607.9053],[106.74773,64.41545,649.0613],[106.73533,64.4186,681.845],[106.7285,64.42253,687.0676],[106.72375,64.42692,668.9518],[106.71672,64.43627,648.8104],[106.71403,64.44118,665.8717],[106.70659,64.45054,632.421],[106.6914,64.46351,654.4631],[106.68799,64.46824,642.4738],[106.68551,64.47322,613.4549],[106.682,64.48356,642.6768],[106.67621,64.48984,647.2397],[106.66567,64.49653,638.0209],[106.64024,64.50614,591.2148],[106.62164,64.51038,620.8237],[106.60469,64.5127,610.8551],[106.59208,64.5125,611.8199],[106.58154,64.51069,613.1373],[106.57368,64.50723,624.0044],[106.56903,64.5018,662.048],[106.56717,64.49622,641.8595],[106.56841,64.4909,624.9363],[106.5712,64.48609,618.6237],[106.58216,64.47203,653.9868],[106.5867,64.46743,640.2238],[106.59425,64.45798,548.2733],[106.59487,64.45307,474.0653],[106.59177,64.44857,405.6562],[106.58433,64.44532,420.4555],[106.5743,64.44346,431.1981],[106.39519,64.44258,576.4352],[106.38403,64.44134,565.7463],[106.3646,64.43658,567.6695],[106.34693,64.43043,564.5688],[106.33483,64.42811,545.4022],[106.27727,64.42671,403.2669],[106.26393,64.42522,454.2452],[106.25525,64.42211,510.8385],[106.2476,64.41819,523.3991],[106.23396,64.40904,519.4699],[106.22145,64.40506,551.4398],[106.20368,64.40258,607.1968],[106.16988,64.40113,694.2502],[106.13402,64.40439,658.2469],[106.08565,64.41452,690.6903],[106.07552,64.41762,688.0603],[106.06891,64.42155,590.3356],[106.06705,64.42661,513.3502],[106.06922,64.43245,569.874],[106.07366,64.43808,537.4962],[106.07955,64.44325,523.8574],[106.08761,64.44697,520.0583],[106.09805,64.44875,511.3436],[106.12275,64.44971,502.4093],[106.13185,64.4524,503.1789],[106.13857,64.45674,493.6666],[106.14291,64.46216,475.7327],[106.14446,64.46777,484.401],[106.14074,64.47415,499.4734],[106.13185,64.48082,558.9399],[106.06994,64.50252,546.9327],[106.06002,64.50728,487.0643],[106.04203,64.51286,459.1286],[106.02808,64.51443,435.7424],[106.01578,64.51397,427.0751],[106.00059,64.51007,436.2851],[105.96473,64.49389,423.1061],[105.95449,64.49043,430.9429],[105.94147,64.48826,438.952],[105.89155,64.48981,521.2604],[105.8807,64.48893,507.3391],[105.84959,64.48082,516.9632],[105.83398,64.47922,548.8674],[105.80649,64.47994,608.0651],[105.79595,64.48366,657.1896],[105.79068,64.48873,703.921],[105.79543,64.50097,637.0925],[105.79946,64.50707,604.9475],[105.80277,64.51322,582.3835],[105.80463,64.51932,565.7201],[105.80463,64.52495,550.2047],[105.80288,64.53012,540.5624],[105.79936,64.5348,529.3231],[105.7944,64.53921,514.8362],[105.77683,64.55162,521.0128],[105.73528,64.57053,506.2769],[105.72629,64.57647,528.5355],[105.72267,64.58205,568.4352],[105.72257,64.58774,531.9981],[105.72639,64.59327,518.6932],[105.74314,64.60877,520.4658],[105.74644,64.61409,509.9951],[105.74582,64.61911,502.2103],[105.74272,64.62386,514.9477],[105.7142,64.64613,544.1777],[105.70779,64.65269,575.6978],[105.70696,64.65843,591.1454],[105.71068,64.6636,564.7441],[105.71864,64.66685,525.7903],[105.72846,64.66815,498.4143],[105.73869,64.66711,492.1723],[105.74707,64.66427,489.9721],[105.7604,64.65652,487.791],[105.76846,64.65295,488.5339],[105.77838,64.64985,494.186],[105.80463,64.64577,495.6482],[105.83088,64.64437,481.614],[105.84298,64.64484,479.3397],[105.85362,64.6466,476.2661],[105.86261,64.64954,487.5175],[105.86974,64.65357,485.4993],[105.87533,64.65853,510.5545],[105.87801,64.6643,538.2658],[105.87894,64.66995,528.7959],[105.87657,64.67497,517.6694],[105.87274,64.67951,522.8054],[105.8498,64.69807,544.1511],[105.84267,64.70561,495.2544],[105.8375,64.71357,517.5814],[105.83285,64.72618,512.3904],[105.82995,64.74225,541.2928],[105.83192,64.75961,513.5166],[105.83398,64.76571,516.064],[105.8437,64.78499,535.0956],[105.84773,64.79129,546.6055],[105.85259,64.79703,534.3871],[105.86509,64.8071,536.4374],[105.88008,64.81527,541.0912],[105.88887,64.81837,551.9448],[105.89899,64.82049,580.6864],[105.90995,64.821,613.3387],[105.92111,64.81987,622.3531],[105.94767,64.81144,625.0804],[105.95821,64.80958,641.2117],[105.98054,64.81051,652.7739],[105.9978,64.81418,661.8831],[106.00214,64.81589,656.1992],[106.00669,64.81878,653.4987],[106.007,64.82266,649.4567],[106.00514,64.82684,641.2397],[106.00204,64.83077,619.0276],[105.96803,64.85124,626.3624],[105.96101,64.85873,581.8187],[105.95666,64.86547,604.1803],[105.95439,64.87103,616.3766],[105.94612,64.88351,631.7214],[105.94612,64.88922,637.2581],[105.95077,64.89392,618.5864],[105.95915,64.89712,586.5568],[105.9978,64.9041,550.5865],[106.02591,64.90519,570.181],[106.03811,64.90358,601.8076],[106.047,64.90043,581.6967],[106.05382,64.89656,565.9924],[106.0748,64.87842,607.8661],[106.09495,64.86498,617.851],[106.10694,64.86059,620.7871],[106.19427,64.84974,651.4714],[106.20647,64.8502,647.4698],[106.21546,64.85273,649.975],[106.22021,64.85718,702.0664],[106.21897,64.86271,728.6033],[106.2136,64.86875,739.5255],[106.20202,64.87671,741.439],[106.19097,64.88157,739.4313],[106.13919,64.8947,626.4826],[106.12895,64.89971,624.2199],[106.12275,64.90482,666.2609],[106.11759,64.9148,662.1082],[106.10756,64.92916,649.079],[106.10487,64.93402,638.6073],[106.09743,64.94343,628.573],[105.98385,65.00265,655.4797],[105.97279,65.01179,637.1929],[105.97434,65.01691,630.4882],[105.97775,65.02234,623.5639],[105.98333,65.02797,622.9449],[105.98984,65.03319,626.0825],[105.99656,65.03763,623.1647],[106.02663,65.05019,601.3408],[106.15603,65.08673,594.7003],[106.16482,65.09091,606.4592],[106.17164,65.09621,617.0134],[106.17598,65.10153,631.2261],[106.18528,65.11771,624.0369],[106.18942,65.1229,625.4387],[106.19489,65.12737,636.4851],[106.20368,65.13016,626.5239],[106.22497,65.13313,610.467],[106.27086,65.1353,595.0249],[106.2815,65.1368,584.0031],[106.28905,65.13985,587.3596],[106.29422,65.1444,580.8248],[106.30259,65.15525,575.2474],[106.30827,65.16093,583.2894],[106.33979,65.18383,583.587],[106.3739,65.20419,583.4954],[106.39323,65.21075,597.0147],[106.41431,65.21478,601.3589],[106.42589,65.2153,633.1144],[106.43819,65.21468,670.5],[106.48831,65.20481,681.2274],[106.49823,65.20468,696.3332],[106.5035,65.20827,722.5466],[106.49823,65.21214,751.1096],[106.47384,65.22114,725.7387],[106.45369,65.23297,702.7708],[106.44769,65.23819,704.0495],[106.43664,65.25007,662.4997],[106.42961,65.25914,693.5327],[106.42609,65.26568,668.5468],[106.42465,65.27157,654.5336],[106.42527,65.27669,664.8825],[106.42795,65.28713,704.4896],[106.42992,65.29235,706.9048],[106.43302,65.29777,699.4772],[106.43726,65.3032,695.3427],[106.44346,65.30847,683.5854],[106.45141,65.31315,658.2887],[106.53451,65.34898,548.4297],[106.54185,65.35379,564.1522],[106.54619,65.35849,568.8622],[106.54836,65.3635,561.8824],[106.5496,65.36852,548.5171],[106.55208,65.37306,547.6293],[106.55797,65.37684,541.0395],[106.59828,65.38138,579.0677],[106.60562,65.38376,597.4473],[106.61492,65.3912,581.1878],[106.62391,65.39296,585.3794],[106.63528,65.39291,583.3459],[106.74018,65.37797,551.178],[106.76189,65.37797,583.1366],[106.77057,65.37663,581.5668],[106.78762,65.37115,543.5594],[106.79816,65.37017,530.0402],[106.80902,65.37074,517.1127],[106.81976,65.37244,525.6891],[106.82886,65.37508,534.9868],[106.83558,65.37831,543.277],[106.83547,65.38888,563.8424],[106.83837,65.39291,542.9869],[106.85377,65.39999,496.854],[106.86038,65.40459,487.4193],[106.86255,65.4095,489.0888],[106.864,65.41461,467.3357],[106.86431,65.41968,471.2841],[106.86596,65.42484,488.2095],[106.86875,65.43022,485.8893],[106.87268,65.43549,494.3669],[106.87744,65.44061,502.4625],[106.94296,65.4821,540.1969],[106.95092,65.48825,533.7545],[106.9566,65.49466,518.2208],[106.95815,65.5022,513.6229],[106.95092,65.50719,527.2144],[106.93996,65.51125,520.2708],[106.7131,65.54892,428.3919],[106.70287,65.55186,403.2089],[106.69822,65.55615,393.9829],[106.69822,65.56096,398.2779],[106.7006,65.56628,374.7509],[106.70566,65.57181,378.7588],[106.70969,65.57781,406.8891],[106.71217,65.5839,397.8975],[106.71145,65.59129,380.9815],[106.70587,65.59641,398.3468],[106.6976,65.6006,381.3776],[106.63662,65.60886,383.6247],[106.62825,65.6114,383.9734],[106.62908,65.61481,380.987],[106.6421,65.62137,381.711],[106.6453,65.62698,387.8964],[106.64065,65.63129,390.2008],[106.63094,65.63481,392.1825],[106.56934,65.63951,387.5066],[106.51766,65.65155,391.8511],[106.43953,65.66173,393.3078],[106.42651,65.66659,393.9278],[106.42031,65.67144,393.0827],[106.41741,65.6764,395.2393],[106.41472,65.69124,397.5223],[106.41493,65.69625,397.975],[106.4171,65.70147,393.3302],[106.42186,65.70664,393.2588],[106.42888,65.71129,394.9154],[106.45493,65.72446,399.6135],[106.46206,65.72989,398.8422],[106.46444,65.73759,408.6645],[106.46361,65.74694,416.553],[106.45431,65.76283,403.6172],[106.4509,65.7717,414.268],[106.45028,65.77857,415.9444],[106.45328,65.78363,408.7318],[106.46547,65.7941,400.4167],[106.46888,65.80095,446.9999],[106.4663,65.80963,428.1969],[106.45555,65.81898,405.1465],[106.45328,65.82575,408.2675],[106.45514,65.83154,409.782],[106.46258,65.83624,415.6581],[106.47074,65.84048,409.3079],[106.47787,65.84523,409.5678],[106.48118,65.85019,406.863],[106.48242,65.85531,408.3605],[106.48159,65.86027,410.8579],[106.47715,65.86973,414.3728],[106.47622,65.87458,413.4264],[106.47973,65.89086,416.7852],[106.4725,65.91525,419.5816],[106.46919,65.92213,431.1165],[106.46795,65.92704,438.6588],[106.46816,65.93205,423.7449],[106.47074,65.93742,423.0549],[106.48335,65.95388,429.3752],[106.48407,65.95902,432.1514],[106.48314,65.96404,427.4964],[106.47601,65.9782,502.0188],[106.47601,65.98326,519.5931],[106.47498,65.99341,520.0158],[106.47126,66.00739,503.5749],[106.45276,66.0369,446.2986],[106.42651,66.06266,437.994],[106.42144,66.06889,437.4894],[106.41721,66.07617,441.1988],[106.41193,66.08144,441.1212],[106.38382,66.09922,448.2927],[106.36863,66.11204,443.6432],[106.36243,66.11974,445.4026],[106.3584,66.12625,446.8172],[106.35798,66.13219,445.1919],[106.35561,66.1387,448.6159],[106.35034,66.14754,456.1161],[106.34155,66.1524,460.4964],[106.33039,66.15446,448.8284],[106.23613,66.14955,458.2051],[106.21071,66.15105,454.7376],[106.17133,66.15922,458.7426],[106.15727,66.16454,460.1393],[106.14394,66.17152,459.6092],[106.12627,66.18418,463.2224],[106.11965,66.19193,464.0681],[106.11655,66.19865,466.8223],[106.11841,66.20888,469.3398],[106.12193,66.21937,471.656],[106.1274,66.23007,482.4456],[106.13174,66.24061,479.9904],[106.13681,66.24673,475.0554],[106.13929,66.25379,477.2316],[106.13888,66.26293,474.7578],[106.12937,66.27332,476.9612],[106.11934,66.29187,479.8982],[106.11872,66.29854,481.1388],[106.12027,66.3097,484.7834],[106.11965,66.31518,486.6143],[106.11376,66.3204,487.2769],[106.10487,66.3268,486.8311],[106.10033,66.33223,489.298],[106.09939,66.33755,490.7372],[106.10095,66.34784,513.6315],[106.10146,66.35797,528.265],[106.10053,66.36796,519.3004],[106.10084,66.37295,520.1219],[106.10332,66.37833,509.5704],[106.10973,66.38396,510.2128],[106.13185,66.40075,520.9835],[106.1364,66.40597,520.816],[106.14167,66.41109,519.5898],[106.17629,66.42985,519.2676],[106.18621,66.43336,519.6669],[106.23324,66.43734,527.8642],[106.2445,66.43977,531.2216],[106.30424,66.46121,533.3014],[106.31292,66.46597,536.4032],[106.31881,66.47155,539.6438],[106.32191,66.47889,545.3679],[106.31912,66.48437,547.7784],[106.31344,66.48974,554.3635],[106.306,66.49475,561.7468],[106.29804,66.50126,565.0014],[106.29608,66.5069,569.9227],[106.29835,66.51263,575.1299],[106.30424,66.51842,578.9904],[106.30858,66.52576,587.2958],[106.30982,66.53485,596.9503],[106.30414,66.54968,649.9706],[106.29804,66.55857,661.0894],[106.28409,66.56881,545.9897],[106.24936,66.58147,725.2565],[106.24378,66.59201,741.6124],[106.24481,66.60216,761.1382],[106.24388,66.61092,774.4705],[106.23303,66.64539,780.3383],[106.23086,66.65709,812.5919],[106.23324,66.66622,845.0013],[106.23737,66.67174,812.0474],[106.24874,66.68348,797.1677],[106.25308,66.68988,766.7805],[106.25401,66.69727,737.2639],[106.24688,66.70221,651.0048],[106.16389,66.7212,708.0607],[106.15159,66.72652,704.7679],[106.14601,66.73293,706.8835],[106.1427,66.74047,690.0275],[106.14022,66.75197,627.8447],[106.14332,66.75882,554.5347],[106.15066,66.76409,615.6873],[106.17019,66.77102,677.3881],[106.1798,66.77634,685.1617],[106.18724,66.78269,712.8367],[106.18962,66.79411,734.0493],[106.18435,66.80063,741.5324],[106.17381,66.80538,713.1599],[106.16089,66.8075,658.4797],[106.14797,66.80799,599.7227],[106.04741,66.789,522.3847],[106.03563,66.78791,532.9968],[106.02229,66.78884,544.8163],[106.00886,66.79179,571.3727],[105.99563,66.79727,615.3313],[105.9916,66.80254,660.6339],[105.99242,66.80781,661.569],[105.99677,66.81256,627.4702],[106.00111,66.81608,608.6257],[106.06022,66.84938,666.1431],[106.06777,66.85494,667.5536],[106.07263,66.8629,655.4505],[106.07335,66.8723,668.9673],[106.06653,66.88829,718.0882],[106.05661,66.89602,711.7414],[106.04369,66.90077,699.8625],[105.95418,66.90372,694.8132],[105.91202,66.90997,728.6711],[105.87274,66.92253,556.1358],[105.84081,66.93762,810.7495],[105.82231,66.94439,811.2198],[105.80691,66.94687,705.8865],[105.76195,66.93995,558.9431],[105.71358,66.93718,537.1506],[105.68671,66.93948,571.4254],[105.66097,66.94816,531.3013],[105.62769,66.96279,550.7524],[105.56165,66.9994,509.239],[105.54346,67.01462,535.9711],[105.54015,67.0234,563.3283],[105.89383,67.04366,532.2914],[105.96814,67.0634,644.6205],[105.98612,67.07312,662.1374],[105.99346,67.07813,668.4265],[105.99863,67.08242,679.0421],[106.00173,67.08567,686.9032],[106.01981,67.11089,567.2388],[106.02529,67.122,555.0115],[106.03087,67.13774,602.3632],[106.04028,67.15647,643.3535],[106.04606,67.16267,665.0532],[106.05475,67.16717,670.5374],[106.14487,67.18272,430.6048],[106.22032,67.18381,436.0021],[106.23179,67.18567,447.3522],[106.31664,67.20944,479.8673],[106.38496,67.25347,440.0052],[106.40418,67.26266,444.8228],[106.49234,67.28383,441.1751],[106.50412,67.2853,492.7926],[106.53007,67.28452,478.7759],[106.58453,67.27388,430.5883],[106.59477,67.27005,418.5869],[106.63497,67.24866,483.1756],[106.64406,67.2454,446.3946],[106.65554,67.24416,452.5079],[106.6668,67.24535,493.1032],[106.67672,67.24887,531.8632],[106.6852,67.25393,526.3306],[106.73719,67.29951,313.4899],[106.78979,67.33457,261.088],[106.79868,67.34214,269.6841],[106.8024,67.34824,295.3154],[106.80343,67.35398,309.156],[106.80333,67.3594,316.0459],[106.80457,67.37119,318.9568],[106.8025,67.39134,346.9791],[106.80333,67.40142,368.7033],[106.81553,67.45423,384.2112],[106.82049,67.49066,423.6216],[106.81987,67.50353,470.9478],[106.82038,67.50859,493.0684],[106.82018,67.51361,513.7939],[106.821,67.51877,468.8051],[106.82131,67.52384,440.7996],[106.82318,67.53453,407.7054],[106.82814,67.61851,363.456],[106.83062,67.63117,366.279],[106.83134,67.64125,333.4689],[106.83041,67.65623,320.9215],[106.83289,67.67344,339.0932],[106.87516,67.83963,389.4908],[106.87557,67.84661,378.3591],[106.87526,67.85162,369.7867],[106.87609,67.8617,367.1862],[106.87795,67.87201,369.5126],[106.87826,67.87699,368.3398],[106.87899,67.88211,368.4643],[106.87899,67.88712,371.3076],[106.8795,67.89214,372.0997],[106.87919,67.90216,358.8072],[106.87961,67.90733,354.6529],[106.87961,67.91229,353.2742],[106.88023,67.91735,347.629],[106.87919,67.92722,338.463],[106.88074,68.0129,238.3108],[106.88147,68.01843,236.2902],[106.88167,68.02345,246.6777],[106.88364,68.03368,249.8934],[106.88384,68.03866,250.1842],[106.88477,68.04375,250.4312],[106.88488,68.04879,255.1132],[106.89408,68.10933,302.2757],[106.89563,68.14261,384.3012],[106.87702,68.31325,268.5852],[106.87806,68.33994,249.4723],[106.87671,68.35795,256.4662],[106.87682,68.36528,260.4977],[106.87795,68.37557,276.7128],[106.89314,68.44352,218.2116],[106.89128,68.85538,213.6825],[106.89004,68.85993,214.9326],[106.8855,68.86546,214.806],[106.15293,69.39114,671.8076],[106.14012,69.40439,687.4903],[106.1396,69.41628,695.257],[106.14539,69.4231,689.5534],[106.15531,69.42801,682.3345],[106.27406,69.45478,715.1975],[106.28429,69.45881,712.2928],[106.29266,69.46367,710.4565],[106.29773,69.46883,711.8657],[106.30042,69.47455,710.6266],[106.30455,69.48824,684.131],[106.3092,69.49462,693.1335],[106.31695,69.50077,707.5481],[106.38289,69.53911,761.157],[106.42682,69.56392,740.2761],[106.45545,69.57131,752.8729],[106.48407,69.5696,744.1677],[106.51239,69.56309,742.9207],[106.54154,69.55095,738.6254],[106.54836,69.54656,729.7722],[106.55415,69.54211,716.4722],[106.56231,69.53297,687.3721],[106.56789,69.52806,693.264],[106.57627,69.52346,706.1143],[106.59022,69.51886,710.8578],[106.60438,69.5172,710.1414],[106.83857,69.51824,598.5212],[106.86162,69.52465,607.6426],[106.94844,69.53818,574.4982],[107.12373,69.58751,513.0211],[107.78456,69.68427,718.2731],[107.81195,69.68489,747.772],[107.89277,69.67771,714.9349],[107.92523,69.68123,636.7222],[108.00729,69.705,606.1461],[108.01463,69.70805,615.7509],[108.01752,69.71187,624.0227],[108.0169,69.71637,633.3505],[108.01494,69.72112,635.1627],[108.01349,69.726,650.1124],[108.01287,69.73083,709.0804],[108.01287,69.73585,744.7114],[108.01401,69.74096,752.6507],[108.01597,69.7461,733.4391],[108.01897,69.75138,680.588],[108.02362,69.75678,656.7294],[108.03726,69.76804,626.2767],[108.05442,69.77951,609.5923],[108.14868,69.82478,566.3111],[108.25203,69.85217,772.2377],[108.29058,69.85677,726.8235],[108.47403,69.85382,780.6309],[108.59836,69.83664,809.7493],[108.87101,69.84029,846.8353],[108.88186,69.83801,856.8467],[108.8891,69.83432,852.4457],[108.92496,69.79781,877.293],[108.9323,69.79336,855.9455],[108.94098,69.78923,836.7516],[109.04495,69.77303,814.6088],[109.12949,69.76778,862.5145],[109.21652,69.77207,835.962],[109.23698,69.7759,854.4537],[109.25879,69.78525,841.4007],[109.27874,69.7961,795.6974],[109.30313,69.81331,815.1584],[109.32721,69.82558,847.8132],[109.35976,69.83822,801.7539],[109.36659,69.8437,796.5554],[109.37093,69.84881,800.7767],[109.37434,69.85408,810.0904],[109.38447,69.86478,821.6597],[109.41185,69.88705,795.044],[109.41495,69.89219,825.8581],[109.40989,69.89666,822.5142],[109.39046,69.90509,837.2372],[109.38323,69.90945,855.0436],[109.38075,69.91423,860.7776],[109.38106,69.91925,861.0777],[109.3823,69.92426,849.8168],[109.38519,69.92948,843.9095],[109.39625,69.94033,854.2951],[109.41816,69.95718,863.5688],[109.43066,69.97309,873.3884],[109.43625,69.97862,870.9065],[109.44637,69.98462,868.8315],[109.4594,69.99056,861.1608],[109.47986,69.99728,848.2608],[109.48885,70.00136,845.037],[109.49567,70.00606,844.34],[109.5056,70.02358,849.989],[109.50766,70.02839,858.2339],[109.50901,70.03345,867.5926],[109.50839,70.03815,874.6871],[109.50498,70.04187,880.274],[109.49567,70.04353,884.526],[109.44141,70.04379,847.0385],[109.41123,70.0488,867.9153],[109.39811,70.05242,869.989],[109.35801,70.06901,846.3807],[109.3517,70.07345,842.4751],[109.34643,70.07795,840.5217],[109.34271,70.08265,842.3258],[109.34033,70.0874,849.8403],[109.34002,70.09236,848.2258],[109.34209,70.09748,842.767],[109.3486,70.10802,824.8592],[109.3486,70.11301,814.3243],[109.34612,70.11774,799.663],[109.3238,70.13582,730.296],[109.29672,70.15355,709.5794],[109.27533,70.17153,715.2087],[109.27098,70.17623,713.1412],[109.26933,70.18101,727.8572],[109.26902,70.186,750.2853],[109.27057,70.19112,766.9608],[109.27739,70.20652,826.1923],[109.28153,70.2123,829.0895],[109.28897,70.21814,806.4456],[109.30261,70.2245,780.1697],[109.31646,70.22713,793.4196],[109.35914,70.22985,791.0551],[109.53546,70.26398,648.7736],[109.55562,70.27483,648.7847],[109.56337,70.28041,640.0018],[109.59221,70.30765,625.7441],[109.59613,70.31292,624.5259],[109.5983,70.31806,631.1009],[109.59655,70.32785,641.4305],[109.59158,70.3325,633.3399],[109.58435,70.33684,622.241],[109.55696,70.34956,605.2712],[109.55376,70.35431,612.5685],[109.56099,70.36072,605.389],[109.57515,70.36803,572.7883],[109.60151,70.37819,572.0287],[109.62011,70.3818,592.918],[109.63716,70.38356,596.2835],[109.6938,70.38433,550.6976],[109.81813,70.4048,509.9035],[109.83767,70.40526,506.5652],[109.88242,70.40237,515.8004],[109.99549,70.41694,573.3733],[110.00066,70.4171,573.5806],[110.06256,70.41146,551.6924],[110.14256,70.42077,570.418],[110.23971,70.41844,572.0769],[110.25325,70.42242,569.7643],[110.26317,70.42738,567.1465],[110.26989,70.43291,571.7987],[110.27361,70.43813,576.6436],[110.27485,70.44314,575.2747],[110.27216,70.44795,568.5567],[110.26338,70.45229,557.2898],[110.23692,70.45958,540.9449],[110.11672,70.47802,561.9109],[110.11052,70.48231,557.8818],[110.10969,70.48717,566.7705],[110.11124,70.49234,576.4427],[110.1161,70.50262,571.1514],[110.11765,70.50763,565.4689],[110.11806,70.51265,562.7673],[110.11775,70.51761,557.3216],[110.11682,70.52252,553.0576],[110.11393,70.52717,555.793],[110.10866,70.53177,567.5114],[110.07259,70.54422,594.5674],[110.06422,70.54861,595.6493],[110.06422,70.55368,584.2318],[110.07259,70.55518,577.2126],[110.12695,70.55319,555.4028],[110.13284,70.55569,556.5803],[110.13501,70.55967,554.3336],[110.13315,70.56432,551.7506],[110.12272,70.57853,554.8329],[110.12044,70.58334,556.6619],[110.1193,70.5882,553.736],[110.11827,70.59796,536.2278],[110.11734,70.60287,533.4777],[110.11465,70.60763,539.5092],[110.11145,70.61233,547.0053],[110.10277,70.62153,546.7705],[110.10091,70.62659,546.4518],[110.10277,70.63192,550.6381],[110.18917,70.66525,539.5436],[110.2425,70.67233,516.9821],[110.2579,70.67667,504.7951],[110.26937,70.68186,488.5076],[110.27588,70.68773,472.9199],[110.28446,70.69351,470.8952],[110.29697,70.70023,487.9481],[110.31082,70.70274,500.8529],[110.42771,70.70785,489.4998],[110.4737,70.71563,484.3949],[110.48373,70.72064,493.5453],[110.489,70.72602,500.0738],[110.48755,70.73093,504.1465],[110.48683,70.73579,506.9306],[110.48507,70.74059,506.0569],[110.4828,70.75522,492.6619],[110.47897,70.76488,488.0596],[110.47897,70.76984,489.4377],[110.48373,70.77594,487.9569],[110.49241,70.78286,479.6048],[110.50988,70.79237,446.7091],[110.52476,70.79738,462.8066],[110.53943,70.80064,475.9787],[110.59576,70.80333,492.1089],[110.63173,70.80017,492.0985],[110.65591,70.80038,475.86],[110.67937,70.80524,460.5513],[110.70046,70.81206,446.0652],[110.72619,70.81408,435.3674],[110.75027,70.81356,428.9218],[110.76671,70.81134,432.9603],[110.77622,70.80787,444.3382],[110.78407,70.80384,452.5505],[110.79895,70.80074,455.9582],[110.86117,70.80142,444.9604],[110.90282,70.8079,438.959],[110.98333,70.83402,383.507],[111.07211,70.84798,427.7864],[111.33494,70.85531,375.953],[111.35158,70.85903,374.2976],[111.36409,70.86394,370.9937],[111.37049,70.86916,364.9676],[111.37918,70.87965,339.0808],[111.39282,70.89056,317.9286],[111.417,70.90384,336.685],[111.47922,70.92789,310.4768],[111.52242,70.93862,275.3752],[111.9533,70.98228,221.8748],[111.98028,70.98874,203.6339],[111.99898,70.9968,205.6119],[112.00405,70.9999,210.231],[112.00642,71.00257,215.6942],[112.01087,71.01122,211.9633],[112.01242,71.01613,205.483],[112.02296,71.03659,204.3927],[112.02658,71.04225,205.8667],[112.03412,71.04822,203.6839],[112.04797,71.0554,206.2388],[112.06182,71.05938,200.0804],[112.07639,71.06124,195.4837],[112.10564,71.06011,197.7982],[112.12011,71.05799,189.3429],[112.13272,71.05453,176.18],[112.14151,71.05034,169.7451],[112.14822,71.04579,166.5833],[112.15298,71.04114,162.4658],[112.16476,71.0321,169.882],[112.16983,71.02745,165.2731],[112.17634,71.01797,163.4976],[112.18037,71.01329,168.2213],[112.18698,71.00879,168.4081],[112.19628,71.00492,167.8293],[112.21199,71.00063,168.2351],[112.21757,70.99978,167.7863],[112.24941,71.00331,170.5849],[112.26377,71.0075,169.8814],[112.27669,71.01272,165.0659],[112.3385,71.04853,167.371],[112.36423,71.05887,165.848],[112.38263,71.06295,153.4401],[112.39979,71.0646,147.6398],[112.45394,71.06388,146.242],[112.47751,71.06931,138.3986],[112.55554,71.09664,168.8758],[112.5729,71.10636,163.11],[112.57931,71.1137,163.7952],[112.52267,71.14449,182.5675],[112.51678,71.14915,183.5716],[112.51502,71.15499,188.3772],[112.51864,71.1617,208.7706],[112.53797,71.17214,210.759],[112.55316,71.17772,210.2908],[112.65899,71.20273,126.506],[112.68173,71.21061,167.6692],[112.69486,71.21733,193.3414],[112.70757,71.23782,194.228],[112.70943,71.24289,197.3695],[112.70561,71.24749,186.2637],[112.69506,71.25141,178.0371],[112.66726,71.25772,197.9375],[112.65651,71.26154,201.3414],[112.65031,71.26588,205.4844],[112.6468,71.27059,206.5974],[112.64504,71.27537,204.7107],[112.64194,71.28015,197.1356],[112.63657,71.28433,205.9384],[112.6282,71.28759,214.3926],[112.61703,71.28847,215.243],[112.60411,71.28774,211.0616],[112.51316,71.26795,173.7272],[112.50138,71.26717,163.4898],[112.49249,71.26898,175.2735],[112.48753,71.27268,188.1096],[112.48381,71.2771,202.6958],[112.47627,71.28159,188.3611],[112.46521,71.28578,168.0309],[112.42056,71.29549,90.9251],[112.40878,71.29929,103.7183],[112.37912,71.31689,133.7237],[112.34077,71.3342,156.9771],[112.00467,71.40497,94.2394],[112.00002,71.40779,90.6324],[111.99692,71.41357,84.9262],[111.99609,72.13273,193.3595],[111.81708,72.13167,151.5157],[111.78215,72.13782,225.3707],[111.76365,72.1435,155.5535],[111.75249,72.14852,176.8593],[111.74618,72.15353,267.9272],[111.74184,72.15828,269.2419],[111.73977,72.16314,247.4656],[111.73378,72.17255,248.6517],[111.72944,72.17722,248.1547],[111.72634,72.18185,271.063],[111.72386,72.18665,284.6859],[111.72262,72.19689,275.6364],[111.72024,72.20179,253.8534],[111.71445,72.20619,250.9841],[111.63456,72.20908,263.6374],[111.61813,72.21301,261.6234],[111.6143,72.21831,225.0402],[111.63177,72.2342,231.203],[111.64066,72.24461,220.1564],[111.64717,72.25492,191.9344],[111.64913,72.26003,211.261],[111.64913,72.26497,208.7801],[111.64665,72.26965,209.0923],[111.64283,72.27445,209.5901],[111.57637,72.30933,187.9721],[111.5555,72.31646,152.9137],[111.53669,72.319,143.8246],[111.41721,72.31448,93.4733],[111.3367,72.32039,100.1948],[111.32316,72.32499,99.9785],[111.31324,72.33088,93.9514],[111.303,72.33388,91.7834],[111.08524,72.36959,74.6117],[111.06746,72.37522,79.261],[111.05672,72.3806,78.009],[111.05485,72.3854,74.4866],[111.05423,72.39031,72.4711],[111.05413,72.39527,70.2206],[111.05506,72.40023,66.7713],[111.05785,72.40499,65.0472],[111.06571,72.40948,67.6466],[111.11573,72.42488,63.2404],[111.15604,72.43349,65.9055],[111.1671,72.43718,61.5247],[111.17423,72.44199,58.7703],[111.18363,72.45206,56.0235],[111.19076,72.45666,53.7616],[111.28099,72.47826,54.1295],[111.28936,72.4825,59.5578],[111.29277,72.48715,60.8187],[111.29525,72.49227,57.8977],[111.29587,72.49769,58.8967],[111.29536,72.50333,65.9184],[111.28885,72.51046,72.2546],[111.25484,72.52451,71.1041],[111.23841,72.53376,72.7878],[111.2103,72.54451,73.3616],[111.00959,72.57407,62.2027],[110.98892,72.57505,68.0654],[110.95894,72.57138,66.4411],[110.92897,72.57113,74.1645],[110.89538,72.57567,70.0942],[110.8806,72.58017,64.6937],[110.88112,72.58513,65.8829],[110.8837,72.59001,64.4819],[110.8774,72.60089,67.9649],[110.87988,72.60513,67.9943],[110.90065,72.61319,72.3722],[110.90913,72.61857,73.0471],[110.90964,72.62528,81.9528],[110.89972,72.6297,74.6563],[110.88525,72.63247,76.3118],[110.75306,72.63944,69.5801],[110.73177,72.64278,65.897],[110.7017,72.65045,59.0574],[110.68837,72.65629,56.3248],[110.67875,72.66182,46.4359],[110.66956,72.67107,51.4042],[110.66273,72.68045,53.5625],[110.65994,72.68528,54.883],[110.6586,72.69009,55.7788],[110.65643,72.69494,53.666],[110.65529,72.6999,53.8875],[110.65302,72.70471,51.6689],[110.65188,72.70957,55.0395],[110.6495,72.71437,41.358],[110.64816,72.71928,53.1238],[110.63049,72.74776,35.3303],[110.62863,72.75261,34.8369],[110.61064,72.78104,33.4471],[110.60878,72.78584,33.2487],[110.61002,72.79075,35.3825],[110.61602,72.79543,47.8113],[110.62677,72.79943,44.0286],[110.67968,72.81318,29.3506],[110.69002,72.81917,30.2104],[110.69529,72.82605,17.3956],[110.69209,72.8354,16.8818],[110.67937,72.84139,29.6199],[110.6433,72.85173,14.9861],[110.63431,72.85664,14.3549],[110.63059,72.86165,12.7619],[110.63059,72.86739,20.3463],[110.63369,72.87369,14.2456],[110.62894,72.88274,9.5619],[110.62718,72.88909,13.8072],[110.62739,72.89452,20.5079],[110.63617,72.89875,15.8937],[110.64847,72.90186,32.1652],[110.73632,72.9125,32.0538],[110.8373,72.94511,13.0311],[110.84029,72.9496,14.0229],[110.83037,72.95115,11.1866],[110.81745,72.95157,11.5344],[110.80081,72.95389,19.1524],[110.78521,72.96645,29.2925],[110.77322,72.97849,35.5591],[110.75772,72.98722,22.4382],[110.75337,72.99353,26.9148],[110.75255,72.99746,24.0185],[110.75368,72.99947,21.4141],[110.75399,72.99973,20.9567],[110.75896,73.0019,18.9003],[110.77973,73.00862,35.3701],[110.88122,73.02288,33.6213],[110.89424,73.02671,43.564],[110.90406,73.03239,46.4552],[110.90561,73.04355,45.1134],[110.90127,73.05048,55.6778],[110.89228,73.05624,56.2977],[110.85311,73.06986,49.0798],[110.83998,73.07621,60.0699],[110.83358,73.08156,48.6707],[110.82986,73.0867,54.5487],[110.82893,73.09166,55.1993],[110.82696,73.09843,57.2899],[110.82303,73.10647,69.0592],[110.81156,73.12096,69.3817],[110.78624,73.14073,67.4629],[110.78335,73.14716,59.5973],[110.78335,73.15347,58.1215],[110.78407,73.15938,66.1155],[110.78087,73.16639,60.8245],[110.77043,73.17135,70.4397],[110.75492,73.17525,60.5322],[110.4244,73.18375,31.1028],[110.40497,73.18866,38.4115],[110.39681,73.19362,51.2622],[110.39495,73.19884,39.1593],[110.39908,73.2037,40.8328],[110.40921,73.20845,18.2977],[110.57075,73.25253,49.3227],[110.58284,73.25729,40.9848],[110.59256,73.26346,29.867],[110.59731,73.27031,15.2077],[110.59483,73.27982,11.1769],[110.58594,73.2862,9.3083],[110.55773,73.29842,10.0535],[110.53561,73.31682,7.8901],[110.50584,73.3256,13.8433],[110.40363,73.33408,8.7032],[110.18452,73.38312,3.99],[110.15765,73.39495,1.6054],[110.15827,73.39914,6.9457],[110.16809,73.401,14.6321],[110.5231,73.40412,33.0642],[110.53778,73.40622,33.2775],[110.56517,73.41356,35.815],[110.61592,73.4335,35.9327],[110.65467,73.45567,50.9611],[110.68103,73.47727,45.5937],[110.70883,73.49365,43.8884],[110.72092,73.49851,38.3209],[110.77436,73.51009,24.3029],[110.78624,73.52755,15.8641],[110.81787,73.55895,18.3297],[110.82738,73.56347,25.5159],[110.85497,73.56822,35.677],[110.9883,73.56528,10.4974],[111.01899,73.56864,20.2195],[111.07304,73.5829,23.5796],[111.08493,73.5876,22.3766],[111.09392,73.59282,11.2846],[111.09981,73.59799,13.4739],[111.10333,73.60316,26.8144],[111.10808,73.60812,25.0794],[111.12296,73.62036,18.8613],[111.1241,73.62967,18.2617],[111.11955,73.63587,22.0095],[111.11056,73.64109,10.3368],[110.93197,73.68791,1.4763],[110.91398,73.69015,-0.0881],[110.90727,73.69183,0.2588],[110.90719,73.69185,-0.6149],[110.89861,73.68586,0.0],[110.56316,73.64891,0.0],[110.47055,73.64936,0.0],[110.42262,73.6398,0.0],[110.39723,73.61481,7.3051],[110.42457,73.60737,11.8716],[110.25318,73.58686,0.0],[110.16684,73.58788,0.0],[110.12428,73.58031,0.0],[110.08937,73.55956,0.0],[110.1255,73.56,3.5407],[110.14243,73.55622,2.0],[110.15699,73.54588,4.1564],[110.13168,73.52595,0.0],[110.10377,73.51606,0.0],[110.01043,73.50922,0.0],[109.85524,73.47142,0.0],[109.71388,73.45258,0.0],[109.57635,73.45124,0.0],[109.51205,73.45751,0.0],[109.44996,73.47114,0.0],[109.36459,73.5058,0.0],[109.30543,73.52277,6.4495],[109.27662,73.52546,7.6911],[109.25001,73.53242,18.393],[109.2212,73.54511,20.3363],[109.19361,73.55166,0.0],[109.17018,73.5397,0.0],[109.18043,73.52863,0.0],[109.18434,73.52546,0.0],[109.18019,73.5102,0.0],[109.19597,73.50454,0.0],[109.23829,73.50495,6.9239],[109.28728,73.49848,7.7697],[109.33465,73.48444,0.0],[109.38852,73.46003,0.0],[109.41033,73.45718,4.0278],[109.43084,73.45222,4.6603],[109.43914,73.4405,0.8103],[109.43491,73.4267,0.0],[109.41725,73.41559,0.0],[109.39617,73.41364,0.0],[109.3781,73.41962,0.0],[109.34889,73.4361,3.265],[109.22771,73.46992,0.0],[109.20924,73.46882,0.0],[109.19939,73.46064,0.0],[109.20493,73.44355,0.0],[109.21998,73.43456,0.0],[109.24041,73.42886,13.6083],[109.25489,73.42023,6.9401],[109.2527,73.40253,0.0],[109.2212,73.38711,0.0],[109.06886,73.37372,0.0],[108.92302,73.35041,0.0],[108.68483,73.33983,0.0],[108.53891,73.3107,0.0],[108.39332,73.31733,0.0],[108.24122,73.30073,0.0],[108.19752,73.27904,0.0],[108.23894,73.27436,10.3927],[108.36524,73.27562,19.8691],[108.39617,73.25788,5.2766],[108.37485,73.23241,0.0],[108.31666,73.22158,0.0],[108.25229,73.22085,0.0],[108.12184,73.24429,0.0],[108.09164,73.24641,0.0],[107.96608,73.23102,0.0],[107.83432,73.18281,0.0],[107.72234,73.16852,0.0],[107.49293,73.17308,0.0],[107.3274,73.15839,0.0],[107.0359,73.1822,0.0],[106.89991,73.14468,0.0],[106.83326,73.1485,0.0],[106.77556,73.14102,0.0],[106.35987,73.19428,0.0],[106.33302,73.18964,0.0],[106.31544,73.17902,0.0],[106.29957,73.16519,0.0],[106.28248,73.15323,0.0],[106.26059,73.1481,0.0],[106.23552,73.14741,0.0],[106.21681,73.14411,0.0],[106.20216,73.13605,0.0],[106.18963,73.12141,0.0],[106.18149,73.10847,0.0],[106.17563,73.09439,0.0],[106.17677,73.08161,0.0],[106.18963,73.07294,0.0],[106.18588,73.05768,0.0],[106.1893,73.03901,0.0],[106.19711,73.02106,0.0],[106.21209,73.0008,0.0],[106.21656,72.98574,0.0],[106.22381,72.97736,4.7944],[106.25464,72.9672,3.8798],[106.32445,72.9557,5.5595],[106.49854,72.9277,2.6858],[106.6205,72.89603,-1.7967],[106.75861,72.88795,3.5923],[106.86218,72.87804,-1.8594],[106.97108,72.88328,2.4586],[107.05148,72.87662,4.0191],[107.10326,72.85641,1.1209],[107.00605,72.84449,-0.0796],[106.82329,72.82561,4.0712],[106.65713,72.83195,7.1792],[106.61621,72.85548,2.7572],[106.55844,72.86711,16.1826],[106.40913,72.87162,29.537],[106.2876,72.89135,3.4303],[106.22999,72.89445,1.4362],[106.13705,72.91085,15.6145],[106.11787,72.94115,0.0],[106.03637,72.95252,0.0],[106.00229,72.94697,0.0],[105.97389,72.92585,0.0],[105.95818,72.90217,0.0],[105.94947,72.89545,0.0],[105.93067,72.88858,0.0],[105.82504,72.87824,0.0],[105.78745,72.86994,0.0],[105.75115,72.85708,0.0],[105.67628,72.81538,0.0],[105.66236,72.81232,0.0],[105.6233,72.80939,0.0],[105.58522,72.8006,0.0],[105.51726,72.77627,0.0],[105.4826,72.76813,0.0],[105.11785,72.77513,-1.2875],[105.07301,72.76508,-1.8342],[105.06674,72.78559,-1.7775],[105.29005,72.80028,3.254],[105.35418,72.83145,46.4157],[105.52491,72.87124,54.3196],[105.54802,72.88117,26.5838],[105.62794,72.90168,43.3103],[105.65065,72.91108,36.7975],[105.67742,72.93553,7.5011],[105.75148,72.97651,48.7116],[105.83383,73.00226,18.3811],[105.84669,73.01447,7.9058],[105.83961,73.03266,31.2066],[105.85133,73.0541,33.8201],[105.85084,73.07477,7.8585],[105.85328,73.09479,2.5157],[105.87371,73.11457,9.0475],[106.00929,73.1551,5.2639],[106.02687,73.1822,2.4621],[106.04811,73.20262,0.2466],[106.0525,73.21385,7.0297],[106.05128,73.22407,7.1195],[106.04664,73.24453,1.6701],[106.04558,73.25483,2.939],[106.06275,73.27302,14.9839],[106.23243,73.32282,2.6492],[106.39503,73.31318,0.0],[106.49806,73.32624,5.1616],[106.52442,73.32347,3.3074],[106.60043,73.30634,5.8139],[106.64796,73.30671,1.6209],[106.78541,73.34052,2.5782],[106.81153,73.35432,1.7982],[106.83131,73.37474,1.6617],[106.87127,73.42862,2.2645],[106.87648,73.4383,1.9997],[106.8816,73.44355,2.2909],[106.8908,73.44831,2.2057],[106.91066,73.45482,5.8185],[106.93588,73.47061,6.5046],[107.13356,73.53018,1.3244],[107.16969,73.55341,1.3741],[107.15431,73.5624,1.8067],[107.13722,73.56932,0.0],[107.11931,73.57343,-2.356],[107.10133,73.57388,0.929],[107.13168,73.60712,1.4432],[107.14682,73.61766,5.5421],[107.17286,73.62165,8.5342],[107.32016,73.62165,0.0],[107.33302,73.62377,1.114],[107.35939,73.63321,16.0932],[107.37452,73.63532,19.2141],[107.65984,73.62519,0.0],[107.74871,73.61205,0.0],[107.77687,73.61664,1.1753],[107.96485,73.6704,14.8623],[108.03679,73.67723,11.1834],[108.09449,73.66267,0.0],[108.08546,73.65693,0.0],[108.07765,73.65078,0.0],[108.0713,73.64362,0.0],[108.06658,73.63532,0.0],[108.39796,73.75434,14.5067],[108.46013,73.76874,0.7684],[108.49171,73.77253,0.8249],[108.47885,73.78413,0.9433],[108.45631,73.80952,33.8224],[108.43775,73.82026,5.6616],[108.50196,73.80663,25.3311],[108.52589,73.80659,30.0483],[108.55079,73.81184,18.9266],[108.56528,73.82046,25.6526],[108.59132,73.8513,25.6593],[108.6067,73.86384,12.5655],[108.62428,73.8725,27.8156],[108.6836,73.89252,17.5129],[108.76482,73.93496,13.781],[108.82228,73.95551,13.0482],[108.90105,73.96491,0.0],[108.92066,73.97419,0.0],[108.95387,73.99754,0.0],[108.9961,74.01557,0.0],[109.17954,74.05744,0.0],[109.48146,74.07722,0.0],[109.59889,74.1197,38.0845],[109.79689,74.16169,1.3962],[109.89015,74.19701,2.2418],[109.91285,74.21162,7.9384],[109.93043,74.22777,14.5428],[109.97706,74.28828,0.0],[109.9795,74.29633,0.0],[109.96827,74.30484,0.0],[109.94264,74.30777,17.6495],[109.72771,74.28657,18.9575],[109.64234,74.28921,0.757],[109.56121,74.31371,0.0],[109.58985,74.31509,0.0],[109.64324,74.32665,8.3094],[109.69703,74.31904,0.0],[109.78028,74.32803,15.0215],[109.78989,74.32412,0.0],[109.79371,74.31818,0.0],[109.79762,74.3144,0.0],[109.80763,74.31708,0.0],[109.8213,74.3227,0.0],[109.83424,74.32567,0.0],[109.91944,74.33039,0.0],[109.95118,74.33698,0.0],[109.96518,74.35126,0.0],[109.99952,74.37372,25.1812],[110.21209,74.37238,0.0],[110.31332,74.3994,0.0],[110.36256,74.41828,23.0089],[110.38982,74.45087,10.5595],[110.37859,74.45454,2.1328],[110.35808,74.46833,37.5343],[110.35231,74.47138,27.9934],[110.28053,74.47822,56.3148],[110.33155,74.49616,0.0],[110.38819,74.49543,0.0],[110.49969,74.47822,0.0],[110.55714,74.48111,0.0],[110.74513,74.51581,27.5124],[110.81495,74.53901,0.6296],[110.96022,74.54849,1.1282],[111.03981,74.56892,11.0367],[111.05209,74.57917,17.9869],[111.03395,74.5856,32.3049],[110.98618,74.59422,26.0658],[111.01775,74.60407,1.2699],[111.08416,74.60407,1.3487],[111.11671,74.6079,14.1228],[111.40284,74.69111,24.7178],[111.46583,74.69733,21.5549],[111.74383,74.66315,0.0],[111.77231,74.66852,22.3939],[111.81577,74.69196,12.7195],[111.86793,74.70067,14.2117],[111.92897,74.72028,11.1518],[111.95265,74.73143,18.3768],[111.93214,74.73676,16.7382],[111.91114,74.73827,20.2167],[111.917,74.74506,15.9881],[111.92498,74.75047,0.4391],[111.94516,74.75873,24.4907],[111.95346,74.7718,22.1509],[111.9817,74.77704,14.6385],[112.03989,74.78148,0.0],[112.05649,74.7895,0.0],[112.09669,74.82762,19.1765],[112.09197,74.857,23.5611],[112.14682,74.87836,2.5829],[112.43922,74.92158,70.5866],[112.51385,74.92154,38.6247],[112.87965,74.99291,19.5174],[112.99317,75.0395,15.4953],[113.01417,75.05419,0.0],[113.01157,75.06761,2.37],[113.0853,75.08698,21.8902],[113.11427,75.09829,24.8802],[113.14568,75.11811,22.2714],[113.36305,75.18553,27.965699999999998],[113.55128,75.26935,22.8334],[113.60524,75.28498,35.5194],[113.61459,75.29182,40.263],[113.61622,75.30024,34.4367],[113.61647,75.30915,39.8611],[113.6211,75.31737,77.7669],[113.66041,75.34943,68.6158],[113.67066,75.36888,49.6711],[113.65366,75.38434,26.3341],[113.57049,75.38544,5.5233],[113.53565999999999,75.39012,0.0],[113.54908,75.40644,63.5128],[113.58611,75.4173,12.2287],[113.63429,75.4217,27.5618],[113.68279,75.41934,16.1741],[113.72047,75.40986,0.0],[113.71949,75.42463,30.2414],[113.70818,75.46345,41.1322],[113.70338,75.47134,34.8427],[113.69467,75.47492,32.8967],[113.68849,75.48334,43.4476],[113.68385,75.49266,29.0206],[113.67945,75.49921,29.542],[113.6692,75.50642,0.0],[113.63771,75.52407,0.0],[113.63844,75.51972,0.0],[113.58912,75.50707,0.0],[113.53639,75.50658,0.0],[113.33676,75.5351,16.5916],[113.29054,75.55052,50.6855],[113.25489,75.57437,43.3882],[113.27117,75.58637,43.3648],[113.28102,75.59927,38.9636],[113.29127,75.61005,7.4361],[113.30942,75.61591,0.8103],[113.30307,75.62287,22.1359],[113.29591,75.62897,3.5867],[113.29518,75.64496,23.4087],[113.26743,75.65111,60.2373],[113.20704,75.65009,14.482],[113.01629,75.6186,0.0],[112.99301,75.60985,0.0],[112.9935,75.58861,14.3576],[113.02931,75.56538,0.0],[113.03549,75.55305,10.9334],[113.00375,75.54767,0.0],[112.88209,75.54605,0.0],[112.81365,75.55732,0.0],[112.78883,75.58861,11.5869],[112.8034,75.60448,34.7067],[112.8589,75.61542,3.1398],[112.8781,75.62897,0.0],[112.8781,75.64667,0.0],[112.8615,75.6579,0.0],[112.82293,75.67056,9.798],[112.80747,75.68456,0.0],[112.78834,75.69184,13.7339],[112.77125,75.69538,0.6656],[112.7588,75.69538,2.4117],[112.74781,75.69847,3.2367],[112.76881,75.70283,18.0013],[112.79363,75.69538,14.6422],[112.80974,75.68793,9.7338],[112.82521,75.68622,6.5185],[112.85108,75.6953,5.3926],[112.86451,75.69847,3.6588],[112.86459,75.7027,3.7725],[112.86345,75.70392,3.8321],[112.86101,75.70401,4.029],[112.85768,75.70466,4.1918],[112.87062,75.71149,2.8451],[112.8558,75.71524,3.178],[112.84498,75.72272,6.1212],[112.83497,75.73139,3.0789],[112.82293,75.73884,2.8531],[112.80323,75.7438,5.0131],[112.76002,75.74677,8.767],[112.66538,75.77167,0.0],[112.64291,75.77359,0.0],[112.59946,75.76634,3.7133],[112.51775,75.77375,1.4711],[112.50074,75.77973,0.4214],[112.49187,75.78754,1.9203],[112.47983,75.80659,2.8008],[112.47291,75.81452,0.8784],[112.45948,75.82294,1.4742],[112.44386,75.82925,0.5665],[112.4275,75.83308,0.7349],[112.39137,75.83662,0.8769],[112.35548,75.84614,3.5175],[112.33692,75.84809,7.9188],[112.36492,75.85643,17.7536],[112.55909,75.8513,49.5723],[112.8412,75.78598,29.1701],[113.1233,75.72065,7.2755],[113.13754,75.71149,13.3411],[113.12892,75.69432,0.0],[113.10182,75.68993,0.0],[113.06756,75.6835,0.0],[113.26124,75.69355,24.0056],[113.61744,75.65624,53.9079],[113.60108,75.63666,0.0],[113.58154999999999,75.62141,0.0],[113.53484,75.59479,0.0],[113.4463,75.55817,12.2957],[113.42612,75.54023,35.8236],[113.55592,75.54023,18.0011],[113.57211,75.56574,17.9096],[113.69166,75.59349,3.0608],[113.72047,75.61933,54.4308],[113.71803,75.65998,29.3597],[113.72047,75.67056,25.6392],[113.72731,75.67719,23.5632],[113.74952,75.68871,10.8841],[113.75799,75.69477,18.2529],[113.75945,75.69977,9.8355],[113.75831,75.706,1.3059],[113.7588,75.71353,17.403199999999998],[113.76515,75.72236,15.7559],[113.82195,75.75861,12.3622],[113.83717,75.77359,19.789],[113.83815,75.77827,9.7215],[113.83717,75.79751,7.6534],[113.87159,75.8251,9.5793],[113.89015,75.85399,7.5171],[113.82838,75.89496,1.4555],[113.85816,75.91079,5.5216],[113.83863,75.92495,0.0],[113.8086,75.93647,0.0],[113.78094,75.93928,0.0],[113.75978,75.91816,0.0],[113.73951,75.92036,0.0],[113.70338,75.93061,0.0],[113.63868,75.92333,0.0],[113.61744,75.92377,0.0],[113.62696,75.89435,0.0],[113.63575,75.88288,4.8094],[113.65211,75.87596,5.607],[113.61655,75.86351,2.7806],[113.52036,75.85468,0.8634],[113.4808,75.85554,15.469],[113.4808,75.86237,16.7433],[113.49985,75.86197,16.2751],[113.51979,75.86494,13.2115],[113.55592,75.87596,12.35],[113.55177,75.88373,0.5433],[113.55055,75.8876,8.7757],[113.55372,75.89069,11.4981],[113.56275,75.89647,5.7599],[113.5477,75.9029,7.9085],[113.53907,75.91218,0.0],[113.53175,75.92219,7.6279],[113.52117,75.93061,0.0],[113.50115,75.93635,0.0],[113.45981,75.93846,0.4718],[113.43979,75.94428,0.5882],[113.46974,75.95091,12.89],[113.50196,75.95059,12.9828],[113.53199,75.95405,11.1679],[113.55592,75.97224,0.0],[113.54298,75.97858,0.0],[113.52914,75.9833,0.0],[113.51498,75.98583,5.9547],[113.50074,75.98583,5.9832],[113.51222,75.99567,3.3836],[113.54908,76.02066,0.9694],[113.51954,76.03075,8.2463],[113.48341,76.03388,4.0693],[113.45281,76.04133,10.6008],[113.43979,76.06468,1.7755],[113.4402,76.08739,4.6644],[113.44264,76.10277,7.4824],[113.44947,76.11616,7.8596],[113.46355,76.13264,4.0101],[113.45973,76.14838,5.5756],[113.3589,76.21133,0.0],[113.31853,76.21528,0.0],[113.24122,76.20498,8.9092],[113.24741,76.21239,2.491],[113.24138,76.21491,5.3275],[113.2269,76.22541,5.1836],[113.27882,76.23835,1.733],[113.29591,76.24592,3.2835],[113.25929,76.26642,0.0],[113.21608,76.26679,12.0844],[113.13063,76.25336,0.0],[112.93214,76.25959,0.0],[112.94459,76.24999,0.0],[112.96062,76.23021,0.0],[112.97169,76.2237,0.0],[113.02508,76.21015,1.8417],[113.13266,76.19961,6.7904],[113.23512,76.17621,12.1897],[113.28907,76.17084,13.8103],[113.25611,76.15925,6.1152],[113.26271,76.14492,4.8946],[113.28598,76.12971,2.7522],[113.30274,76.11563,8.2328],[113.23422,76.14484,5.2916],[113.14747,76.16254,0.0],[113.05934,76.16376,0.0],[112.98732,76.1435,0.0],[112.99903,76.133,0.0],[113.02752,76.12299,17.8142],[113.042,76.11563,8.7533],[113.03517,76.09593,0.0],[113.02866,76.08617,0.0],[113.01734,76.08055,0.0],[112.96217,76.06509,16.1342],[112.60157,76.04121,2.8311],[112.56967,76.04731,17.5249],[112.59181,76.05467,25.44],[112.66578,76.05414,0.0],[112.76149,76.07526,15.0951],[112.78688,76.08625,18.576],[112.85768,76.1435,0.0],[112.82016,76.17113,0.0],[112.77963,76.19196,0.0],[112.73512,76.20173,0.0],[112.63347,76.19269,0.0],[112.58937,76.20653,3.162],[112.54689,76.22602,0.0],[112.50074,76.23908,8.0679],[112.5267,76.246,14.2652],[112.54786,76.24238,9.5816],[112.5901,76.22541,3.5223],[112.61443,76.22236,5.4882],[112.66879,76.22663,9.6251],[112.69264,76.23163,2.0615],[112.68678,76.23469,7.0411],[112.67758,76.24258,11.5086],[112.6727,76.24592,0.0],[112.68898,76.25389,10.7058],[112.74041,76.26704,0.0],[112.73162,76.28901,0.0],[112.71258,76.30183,0.0],[112.65838,76.32225,9.1831],[112.74781,76.32844,3.8],[112.74781,76.33527,0.0],[112.72023,76.33771,0.0],[112.67091,76.3631,0.0],[112.28842,76.45136,0.0],[112.25685,76.45441,0.0],[112.23211,76.45059,1.0229],[112.17856,76.43085,0.0],[112.06373,76.40229,2.6439],[112.0158,76.3815,17.8871],[111.99855,76.37865,20.7918],[111.96372,76.37824,22.5462],[111.86118,76.35098,14.6182],[111.82911,76.3415,26.5806],[111.87159,76.3614,19.2879],[112.19907,76.47187,0.0],[112.15797,76.49046,0.0],[111.82643,76.59638,0.0],[111.66505,76.62104,0.0],[111.48878,76.61042,8.066],[111.44557,76.63007,9.8189],[111.46681,76.6398,1.9785],[111.49244,76.6468,6.1601],[111.51873,76.65058,3.9171],[111.54176,76.65062,0.6729],[111.53102,76.66014,16.5684],[111.50172,76.66547,12.7842],[111.48715,76.67109,11.8354],[111.50196,76.6778,0.0],[111.53785,76.68024,0.0],[111.55543,76.68415,0.0],[111.21046,76.70889,0.0],[111.17791,76.70246,0.0],[111.14389,76.68789,3.927],[111.1194,76.68211,7.106],[111.10475,76.69282,7.9103],[111.09083,76.70881,5.3864],[111.06886,76.7189,6.2702],[111.08033,76.73078,4.9032],[111.09832,76.73949,3.1127],[111.11866,76.74494,3.0734],[111.13705,76.74681,4.0037],[111.09034,76.76227,0.0],[111.01832,76.76826,0.0],[110.94557,76.76504,0.0],[110.89698,76.75308,0.0],[110.90821,76.74738,0.0],[110.91993,76.74299,0.0],[110.9323,76.74018,0.0],[110.94467,76.73941,0.0],[110.9061,76.73013,0.0],[110.82081,76.73412,0.0],[110.70484,76.72651,0.0],[110.66472,76.72956,5.9623],[110.63063,76.73941,14.1277],[110.6185,76.75898,0.0],[110.56666,76.76423,0.0],[110.35857,76.75568,0.0],[110.06137,76.6916,0.0],[110.03452,76.69196,0.0],[109.95834,76.70527,0.0],[109.88111,76.70661,0.0],[109.85532,76.71548,0.0],[109.83465,76.71882,0.0],[109.75229,76.71206,0.0],[109.63649,76.72346,6.5466],[109.62924,76.72712,0.0],[109.62379,76.73249,0.0],[109.61695,76.73725,0.0],[109.60524,76.73941,0.0],[109.43092,76.73941,2.8326],[109.42311,76.74055,6.6366],[109.41407,76.74396,12.382],[109.40659,76.74934,4.6686],[109.40349,76.75642,0.0],[109.3978,76.76,0.0],[109.33253,76.75849,0.0],[109.1985,76.7309,0.0],[109.04884,76.74018,0.0],[108.68483,76.71646,0.0],[108.49928,76.72696,0.0],[108.28631,76.70527,4.7337],[108.30242,76.71678,1.448],[108.32049,76.72508,4.7474],[108.22495,76.73941,0.0],[108.11158,76.73261,6.5692],[108.00392,76.74018,0.0],[107.94606,76.73729,0.0],[107.91627,76.7189,0.0],[107.94117,76.71231,0.0],[107.93678,76.69864,0.0],[107.90211,76.67109,0.0],[107.96827,76.65957,0.0],[107.99098,76.64863,11.2434],[107.98463,76.62271,0.0],[107.97438,76.61323,0.0],[107.89568,76.555,0.0],[107.88217,76.54755,0.0],[107.84547,76.53482,0.0],[107.59156,76.50503,0.0],[107.27003,76.53461,0.0],[107.03639,76.50703,0.0],[106.91285,76.50898,0.0],[106.87729,76.50349,0.0],[106.87428,76.48615,1.1669],[106.8475,76.47346,0.0],[106.81983,76.46894,0.0],[106.792,76.47199,1.9071],[106.7365,76.49364,0.0],[106.70533,76.49872,0.0],[106.44874,76.50397,7.5013],[106.417,76.50922,23.4621],[106.38893,76.52021,12.6491],[106.40016,76.53461,15.76],[106.37729,76.55439,20.5307],[106.38071,76.5749,12.366],[106.36704,76.5749,12.6124],[106.39666,76.60432,13.1681],[106.45167000000001,76.6092,1.7949],[106.51075,76.60029,6.9225],[106.55274,76.58857,0.0],[106.54103,76.57315,0.0],[106.5464,76.56269,0.0],[106.5617,76.55683,0.0],[106.5796,76.555,0.0],[106.59832,76.55606,0.0],[106.61232,76.55964,0.0],[106.62477,76.56684,26.8247],[106.64715,76.58442,27.4122],[106.65577,76.58739,15.6646],[106.67595,76.58857,17.8429],[106.68344,76.59024,15.1718],[106.68328,76.59418,29.11],[106.681,76.5987,26.75],[106.68295,76.6022,31.1268],[106.71266,76.61298,24.152],[106.72739,76.62031,6.5791],[106.73829,76.63007,6.6354],[106.78981,76.66104,29.4796],[106.79908,76.67451,22.6369],[106.78924,76.685,8.0633],[106.72413,76.7189,24.0445],[106.78565999999999,76.72508,0.3059],[106.80445,76.72309,0.183],[106.84059,76.71406,0.0],[106.92555,76.7128,0.0],[106.95362,76.72053,0.0],[106.97731,76.73941,0.368],[107.01661,76.7475,14.8795],[107.04664,76.75556,2.8036],[107.05983,76.76362,0.0],[107.05909,76.78864,0.9003],[107.06463,76.79877,2.144],[107.08033,76.80829,19.0353],[107.10621,76.81245,33.1119],[107.16334,76.80288,17.9243],[107.1902,76.80146,11.3209],[107.21453,76.80687,15.5982],[107.28582,76.8356,0.0],[107.26336,76.84235,4.342],[107.1902,76.84235,28.8098],[107.22535,76.85786,70.7245],[107.31446,76.86225,52.9722],[107.35467,76.86909,23.5519],[107.33237,76.87543,0.0],[107.28696,76.88329,0.0],[107.26588,76.89081,8.9633],[107.46957,76.90644,17.112],[107.4983,76.91474,18.8685],[107.49977,76.92451,0.0],[107.47486,76.93207,0.0],[107.37192,76.94628,0.0],[107.3462,76.95498,0.0],[107.32667,76.96589,11.3056],[107.34099,76.97281,0.0],[107.28452,76.9829,25.8554],[107.25611,76.99311,0.0],[107.23797,77.00629,0.0],[107.2505,77.00703,2.0091],[107.26271,77.00996,0.0],[107.27459,77.01447,0.0],[107.28582,77.02058,0.0],[107.15984,77.01313,0.0],[107.11842,77.01708,0.0],[107.08229,77.0161,0.0],[107.00294,77.00312,33.2945],[106.97047,77.01366,10.7484],[107.0114,77.02741,0.0],[106.98976,77.03295,0.0],[106.82984,77.05467,0.0],[106.80714,77.05248,0.0],[106.7588,77.03425,0.0],[106.73308,77.03059,0.0],[106.64894,77.03425,0.0],[106.64894,77.02741,0.0],[106.71632,77.02367,28.3327],[106.75115,77.01655,43.8876],[106.77858,77.00629,13.6395],[106.75538,77.00117,0.0],[106.66481,77.00218,0.0],[106.63006,77.01154,0.0],[106.61451,77.01366,3.4893],[106.53785,77.01561,0.0],[106.50001,77.02163,0.0],[106.49057,77.03425,0.0],[106.46551,77.03962,0.0],[106.38966,77.04198,9.7046],[106.292,77.06147,0.0],[106.20558,77.06196,0.0],[106.16472,77.05622,0.0],[105.94321,77.00007,0.0],[105.89536,76.99506,0.0],[105.79949,76.99641,0.0],[105.66139,76.98054,0.0],[105.61647,76.98115,0.0],[105.57106,76.99079,0.0],[105.53679,76.99095,0.0],[105.49049,76.98456,0.3257],[105.45053,76.98359,1.3807],[105.43539,77.00007,1.4739],[105.48666,77.03457,13.4512],[105.70981,77.03303,32.9743],[105.78492,77.041,0.0],[105.77467,77.04914,0.0],[105.76254,77.05439,23.5863],[105.73707,77.06147,13.7031],[105.76677,77.07705,1.8241],[105.85108,77.08503,16.3407],[105.88795,77.09565,1.2922],[105.93483,77.12604,22.4073],[105.94321,77.12979,3.8953],[105.94304,77.13622,0.0],[105.93995,77.14069,0.0],[105.93483,77.14322,0.0],[105.92848,77.14411,0.0],[105.8982,77.14411,0.0],[105.88844,77.14256,0.0],[105.88673,77.13898,0.0],[105.8864,77.13426,0.0],[105.88111,77.12979,0.0],[105.83863,77.11701,0.0],[105.79705,77.11262,0.0],[105.61279999999999,77.11465,0.0],[105.34067,77.08881,0.0],[105.19451,77.11123,0.0],[105.14747,77.10993,0.0],[105.08806,77.09247,0.0],[105.06674,77.08881,0.0],[104.87257,77.09073,0.0],[104.82374,77.09683,0.0],[104.77809,77.10993,0.0],[104.77198,77.12173,0.0],[104.2977,77.08881,0.5731],[104.21583,77.09565,2.6581],[104.16668,77.08918,11.4412],[104.14194,77.08885,39.8493],[104.11964,77.09565,42.166],[104.16358,77.10798,13.921],[104.34571,77.13548,30.9404],[104.48341,77.12979,2.6106],[104.52589,77.13691,13.8962],[104.60768,77.15965,3.1719],[104.78419,77.17398,39.8198],[104.87867,77.16743,27.4698],[105.01149,77.19253,11.6656],[105.19581,77.19868,4.7875],[105.23748,77.206,5.2094],[105.29868,77.22614,9.0806],[105.31959,77.23054,15.4761],[105.45582,77.24046,10.5707],[105.5005,77.2508,5.2282],[105.53842,77.26699,0.0852],[105.51881,77.27253,5.4438],[105.43539,77.2744,20.2388],[105.47828,77.28848,19.2793],[105.57008,77.29409,17.3933],[105.61427,77.3017,35.4822],[105.72438,77.3415,28.8195],[105.74342,77.35635,17.9206],[105.75815,77.36945,11.977],[105.79566,77.37352,15.8936],[106.21974,77.35635,24.8537],[106.292,77.37002,0.0],[106.25945,77.38353,0.0],[106.17107,77.40156,0.0],[106.11785,77.4062,0.0],[106.07887,77.41543,0.0],[105.99684,77.42109,5.6064],[105.97731,77.42524,19.216],[105.9808,77.43464,9.1112],[105.98357,77.4383,1.977],[105.92726,77.45893,4.5993],[105.91,77.47602,20.3157],[105.92262,77.4997,10.5302],[105.91456,77.5065,13.5884],[105.90162,77.52237,5.3152],[105.89479,77.52766,3.9153],[105.88063,77.53156,6.4698],[105.84889,77.53514,17.0023],[105.83334,77.54072,9.4005],[105.85646,77.55272,0.0],[105.86638,77.55976,0.0],[105.87371,77.56859,0.0],[105.60397,77.5548,0.0],[105.33424,77.541,4.1083],[105.23316,77.56965,0.0],[104.98219,77.5891,0.0],[104.86687,77.61298,0.0],[104.80763,77.6354,22.7988],[104.79119,77.65803,39.8742],[104.79119,77.67162,9.7763],[104.75164,77.7062,0.0],[104.67823,77.70954,0.0],[104.32399,77.66861,8.3965],[104.28891,77.67304,8.7381],[104.2575,77.68529,13.7972],[104.27467,77.69961,14.6719],[104.32447,77.72211,0.0],[104.32569,77.72997,0.0]]],
[[[107.64259,78.1645,2.1475],[107.60776,78.17902,0.0],[107.56511,78.18757,0.0],[107.3379,78.19074,0.0],[107.31227,78.18765,0.0],[107.29298,78.18211,0.0],[107.28338,78.17621,0.0],[107.27801,78.17133,0.0],[107.27174,78.16747,0.0],[107.25904,78.1645,0.0],[107.2483,78.16486,0.0],[107.22527,78.17048,0.0],[107.21412,78.17194,0.0],[106.93629,78.17194,0.0],[106.93816,78.18195,0.0],[106.92986,78.18329,0.0],[106.90211,78.17878,0.0],[106.47706,78.1625,0.0],[106.44939,78.15445,0.0],[106.39503,78.13093,0.0],[106.79945,78.10672,3.3779],[107.20387,78.08251,0.831],[107.39064,78.10248,9.8361],[107.43458,78.09081,10.3962],[107.42408,78.08466,11.1307],[107.42156,78.07412,0.0],[107.42905,78.06208,0.0],[107.45102,78.05317,0.0],[107.57358,78.06757,4.1526],[107.61964,78.08185,12.521],[107.70411,78.12348,8.4549],[107.70411,78.13715,-0.3888],[107.68629,78.14728,3.1612],[107.64869,78.15257,5.9329],[107.62908,78.15827,5.0048],[107.64259,78.1645,2.1475]]],
[[[93.8684,78.14709,0.0],[93.92087,78.15702,0.0],[93.91487,78.16899,0.0],[93.88238,78.17872,0.0],[93.86062,78.18629,0.0],[93.82022,78.19326,0.0],[93.79272,78.20302,0.0],[93.74998,78.20399,0.0],[93.69669,78.20329,3.2642],[93.64647,78.19767,0.0],[93.59956,78.18768,0.0],[93.59291,78.1724,0.0],[93.62908,78.15705,0.0],[93.698,78.1526,0.0],[93.76485,78.14627,0.0],[93.80767,78.14311,0.0],[93.8684,78.14709,0.0]]],
[[[106.74879,78.29881,2.0529],[106.76564,78.3085,-0.2419],[106.74594,78.31639,0.0],[106.69825,78.3205,-0.3108],[106.65333,78.33369,0.0],[106.60524,78.3415,0.0],[106.47006,78.3426,0.0],[106.41725,78.32819,0.0],[106.38071,78.2954,0.0],[106.38893,78.28864,0.0],[106.3379,78.26586,0.0],[106.27914,78.26081,0.0],[106.06886,78.27058,0.0],[106.04029,78.26586,0.0],[106.02565,78.25703,0.0],[106.011,78.23184,0.0],[105.99098,78.21914,0.0],[106.02272,78.21137,0.0],[106.0901,78.20795,0.0],[106.15854,78.19282,0.0],[106.19386,78.19306,4.9967],[106.50034,78.24144,3.7125],[106.53224,78.25385,1.8159],[106.49,78.25239,5.7214],[106.46892,78.2543,3.3513],[106.45021,78.2613,0.0],[106.62094,78.28604,4.1243],[106.64894,78.27806,3.491],[106.65992,78.26366,0.0],[106.68523,78.25983,0.0],[106.71339,78.26191,0.0],[106.73308,78.26586,0.0],[106.74789,78.2757,2.5385],[106.74879,78.29881,2.0529]]],
[[[92.65992,79.09178,0.0],[92.4568,79.11042,0.0],[92.21339,79.13955,0.0],[92.18247,79.13085,0.0],[92.17563,79.13085,0.0],[92.2422,79.11522,0.0],[92.51661,79.08039,0.0],[92.72438,79.07685,23.1143],[92.65992,79.09178,0.0]]],
[[[102.92994,79.2757,26.8749],[102.96827,79.28172,17.3954],[103.06398,79.28172,9.0066],[103.1115,79.29027,11.9818],[103.13787,79.29926,11.2733],[103.15317,79.30964,1.7026],[103.13836,79.32514,0.0],[102.94435,79.34121,14.3694],[102.9275,79.34785,12.7236],[102.91245,79.37409,0.0],[102.89373,79.38133,0.0],[102.75221,79.38882,0.0],[102.60572,79.41718,0.0],[102.49928,79.4182,2.7546],[102.40154,79.43195,0.0],[102.30291,79.43281,0.0],[102.23764,79.42145,0.0],[102.19703,79.40819,0.0],[102.18051,79.39899,0.0],[102.17661,79.39354,0.0],[102.17595,79.38727,0.0],[102.17612,79.38154,0.0],[102.17433,79.37726,0.0],[102.16391,79.37116,0.0],[102.15528,79.36961,0.0],[102.14731,79.36677,0.0],[102.13966,79.35684,0.0],[102.14698,79.34504,0.0],[102.15366,79.31611,0.0],[102.16017,79.30219,0.0],[102.16782,79.29239,0.0],[102.17465,79.28681,0.0],[102.25294,79.25947,0.0],[102.26319,79.25438,0.0],[102.24627,79.24164,0.0],[102.05055,79.26122,0.0],[101.97731,79.25739,10.8037],[101.96079,79.26122,5.1914],[101.95875,79.26813,15.8161],[101.96705,79.28413,0.6549],[101.96461,79.2923,4.6777],[101.952,79.30231,7.0317],[101.9402,79.30728,2.1121],[101.91147,79.3142,11.4822],[101.88901,79.32722,36.3125],[101.84441,79.36359,0.0],[101.81756,79.37104,0.0],[101.64674,79.36424,0.0],[101.57545,79.35163,0.0],[101.54371,79.34077,0.0],[101.55055,79.33015,0.0],[101.54168,79.32445,0.0],[101.5359,79.31875,0.0],[101.53248,79.31171,0.0],[101.52947,79.30219,0.0],[101.53891,79.30272,0.0],[101.54713,79.30146,0.0],[101.56365,79.29597,0.0],[101.54103,79.27399,0.0],[101.54127,79.26459,0.0],[101.55738,79.25438,0.0],[101.49757,79.24022,0.0],[101.37062,79.2451,0.0],[101.30991,79.23876,0.0],[101.19418,79.20287,0.0],[101.1858,79.19746,0.0],[101.17457,79.18521,0.0],[101.16635,79.17927,0.0],[101.15626,79.17601,0.0],[101.14584,79.17451,0.0],[101.13559,79.17182,0.0],[101.12599,79.16503,0.0],[101.15805,79.15323,0.0],[101.19565,79.14716,0.0],[101.0617,79.13736,0.0],[101.04265,79.133,0.0],[101.02809,79.12348,0.0],[101.01873,79.09178,0.0],[101.00953,79.08104,0.0],[100.98813,79.06265,0.0],[101.22674,79.04361,214.9466],[101.37778,79.00788,298.3003],[101.58375,78.98672,322.9978],[101.62566,78.98688,385.1477],[101.59164,78.977,49.6776],[101.33086,79.00583,0.0],[101.07008,79.03465,0.0],[101.02711,79.03144,0.0],[100.98813,79.01423,0.0],[100.97364,79.00454,0.0],[100.90724,78.98509,0.0],[100.89112,78.97687,0.0],[100.88592,78.96792,0.0],[100.88404,78.95771,0.0],[100.87827,78.94595,0.0],[100.8506,78.92866,0.0],[100.81235,78.91315,0.0],[100.78492,78.89509,0.0],[100.78972,78.87079,0.0],[100.78224,78.86335,0.0],[100.80307,78.84894,0.0],[100.82293,78.84162,0.0],[100.83277,78.83153,0.0],[100.82374,78.80878,0.0],[100.85768,78.79413,0.0],[100.90431,78.7884,0.0],[101.0822,78.78596,298.9576],[101.12892,78.77798,278.6741],[101.16635,78.76097,0.0],[101.13941,78.7517,0.0],[101.07496,78.75023,122.479],[101.03094,78.74339,250.7854],[101.02459,78.74779,237.2354],[101.01938,78.75487,215.1536],[101.00945,78.76097,0.0],[100.99399,78.76406,0.0],[100.7339,78.77562,185.9001],[100.63649,78.79694,0.0],[100.60157,78.79816,0.0],[100.56691,78.79491,0.0],[100.40162,78.75751,0.0],[100.38526,78.75161,0.0],[100.37078,78.74433,0.0],[100.36451,78.73705,0.0],[100.35711,78.71418,0.0],[100.3545,78.70946,0.0],[100.33131,78.69359,0.0],[100.25465,78.66535,0.0],[100.2614,78.65351,0.0],[100.25896,78.64387,0.0],[100.25416,78.63451,0.0],[100.25465,78.62377,0.0],[100.26588,78.61286,0.0],[100.28142,78.60309,0.0],[100.28858,78.59268,0.0],[100.27565,78.57974,0.0],[100.19996,78.54247,0.0],[100.19418,78.53718,0.0],[100.1858,78.52652,0.0],[100.17945,78.52074,0.0],[100.16668,78.51508,0.0],[100.15414,78.51341,0.0],[100.14234,78.51057,0.0],[100.13111,78.50092,0.0],[100.1504,78.48676,0.0],[100.136,78.47492,0.0],[100.11052,78.46308,0.0],[100.09693,78.44904,0.0],[100.07504,78.4383,0.0],[100.03191,78.42841,0.0],[100.00074,78.41771,0.0],[100.01564,78.40469,0.0],[99.99806,78.38483,0.0],[100.01645,78.37141,0.0],[100.04298,78.35932,0.0],[100.04965,78.34321,0.0],[100.03688,78.33942,0.0],[99.96876,78.33442,0.0],[99.80226,78.27074,0.0],[99.75514,78.26455,0.0],[99.59734,78.1992,0.0],[99.60353,78.19237,0.0],[99.54314,78.17967,0.0],[99.52215,78.16527,0.0],[99.53582,78.1446,0.0],[99.48308,78.10635,0.0],[99.42604,78.07567,0.0],[99.38738,78.06574,0.0],[99.30445,78.05463,0.0],[99.26832,78.04157,0.0],[99.28728,78.03486,0.0],[99.35027,78.02114,0.0],[99.344,78.00747,0.0],[99.38697,78.00349,0.0],[99.4087,77.9975,0.0],[99.42604,77.98701,0.0],[99.41163,77.97769,0.0],[99.38111,77.96996,0.0],[99.37135,77.95966,0.0],[99.47381,77.95966,0.0],[99.51466,77.94355,0.0814],[99.56324,77.94758,0.6168],[99.6587,77.96589,11.0147],[99.87127,77.95222,8.8517],[100.03728,77.96162,14.1591],[100.36622,78.02285,25.2799],[100.48316,78.02997,5.3664],[100.58277,78.06147,34.6381],[101.01238,78.13036,40.0071],[101.15431,78.18293,71.3178],[101.20981,78.19351,67.0166],[101.61378,78.19013,29.9286],[101.97486,78.21206,42.3373],[101.99985,78.20844,35.5674],[102.00245,78.19237,9.1102],[102.0254,78.18529,0.0],[102.04737,78.18667,0.0],[102.09181,78.1992,1.5016],[102.17115,78.20368,21.7097],[102.23854,78.21979,36.6604],[102.60711,78.22553,34.1386],[102.66586,78.21857,16.2508],[102.68149,78.21288,16.756],[102.68523,78.19986,2.8478],[102.67856,78.18842,0.0],[102.66822,78.17715,0.0],[102.66033,78.1645,0.0],[102.83741,78.18574,51.493],[102.86834,78.19453,56.2779],[102.89308,78.20673,53.4544],[102.88649,78.20917,58.8562],[102.87257,78.21662,38.6964],[102.86573,78.21914,34.0821],[102.96323,78.24982,42.6351],[103.01596,78.2565,72.6654],[103.1211,78.24413,39.0098],[103.31511,78.25308,88.2579],[103.71258,78.25629,42.1262],[103.98194,78.28384,50.2343],[104.08302,78.30915,66.4031],[104.13575,78.31403,80.6044],[104.18824,78.32685,82.7763],[104.29786,78.33251,56.2032],[104.35328,78.34146,53.1835],[104.57862,78.34663,59.9908],[104.63038,78.35676,64.3094],[104.6526,78.35517,58.4155],[104.72682,78.33625,25.8231],[104.75709,78.33405,12.3636],[104.78736,78.33637,26.4449],[105.02345,78.40864,138.9386],[105.20948,78.47358,174.6998],[105.30812,78.48957,207.5221],[105.35743,78.50625,223.8416],[105.38022,78.53506,212.0634],[105.36769,78.5432,164.707],[105.40789,78.56623,152.5896],[105.41554,78.58344,0.0],[105.3921,78.59882,0.0],[105.35719,78.60065,4.8984],[105.33351,78.6048,39.5183],[105.34303,78.62718,257.5062],[105.34376,78.64232,180.4349],[105.32944,78.6599,55.1219],[105.29493,78.68928,42.1929],[105.27345,78.70246,43.9547],[105.24977,78.71332,30.9077],[105.23959,78.725,34.5709],[105.25733,78.74046,30.2481],[105.24301,78.74868,34.8421],[105.18727,78.80292,10.8694],[105.17506,78.80927,5.4272],[105.05877,78.84349,0.0],[104.88705,78.85712,0.0],[104.75904,78.85334,0.0],[104.72291,78.84349,0.0],[104.73072,78.83698,0.0],[104.75245,78.82347,0.0],[104.75709,78.81928,0.0],[104.75196,78.80756,0.0],[104.73976,78.79767,0.0],[104.72511,78.79084,4.2068],[104.60776,78.77167,223.7169],[104.57887,78.77521,446.619],[104.61785,78.78311,340.376],[104.63836,78.79051,200.8359],[104.64723,78.80561,256.5683],[104.65008,78.81367,50.8573],[104.65553,78.81623,34.7297],[104.6587,78.81957,28.8581],[104.65455,78.8299,0.0],[104.64527,78.83885,0.0],[104.63258,78.84284,0.0],[104.36671,78.85712,16.7769],[104.40545,78.86152,93.8432],[104.45436,78.85981,47.9453],[104.4992,78.86376,61.2473],[104.52491,78.88508,10.2404],[104.50375,78.88638,24.2283],[104.48341,78.89069,7.8137],[104.50375,78.92544,20.5154],[104.45533,78.96674,0.3606],[104.38315,78.98859,9.7547],[104.0735,79.00483,21.1302],[104.06837,79.01114,19.2455],[104.07374,79.03278,19.1591],[104.04477,79.0456,11.2416],[103.97625,79.06265,29.1763],[104.00473,79.07567,20.094],[104.0171,79.08462,14.7269],[104.02329,79.09675,14.6768],[104.02125,79.10859,19.9946],[104.01295,79.11957,16.9693],[104.00131,79.12767,9.3959],[103.98911,79.13085,0.7284],[103.80494,79.14517,0.0],[103.80795,79.15351,0.0],[103.66017,79.13809,25.4785],[103.60629,79.13833,25.3091],[103.61508,79.14761,22.4514],[103.63592,79.15644,17.7221],[103.64666,79.16503,6.2306],[103.62428,79.17121,10.3072],[103.59897,79.17251,0.0],[103.5735,79.16999,0.0],[103.53102,79.15937,0.0],[103.52076,79.15449,0.0],[103.51637,79.14826,0.0],[103.51873,79.14183,0.0],[103.5228,79.13711,0.0],[103.52369,79.13276,0.0],[103.51686,79.12743,0.0],[103.46266,79.11392,0.0],[103.34913,79.11636,0.0],[103.29713,79.10358,0.0],[103.3047,79.09675,0.0],[103.27768,79.0832,0.0],[103.1443,79.05777,0.0],[102.95826,79.06322,0.0],[102.92115,79.05842,0.0],[102.88657,79.04523,0.0],[102.87501,79.0351,0.0],[102.83172,78.98688,0.0],[102.79005,78.95604,0.0],[102.74073,78.93358,0.0],[102.68775,78.91844,0.0],[102.67774,78.91181,0.0],[102.67042,78.89789,0.0],[102.66578,78.8924,0.0],[102.53004,78.84349,0.0],[102.41529,78.83149,321.3692],[102.37916,78.82246,243.5916],[102.39145,78.82844,316.7748],[102.39601,78.83625,344.4081],[102.39796,78.84496,286.569],[102.40309,78.85371,216.9265],[102.44028,78.88581,260.3828],[102.55047,78.95649,374.0789],[102.59653,78.97427,512.6549],[102.615,78.98798,449.213],[102.62989,78.99335,441.2292],[102.63649,78.99746,428.9096],[102.63844,79.00141,430.1035],[102.63893,79.01142,87.0736],[102.6399,79.01423,77.8921],[102.69142,79.03221,426.9743],[102.70143,79.04149,96.2192],[102.70004,79.05183,55.9467],[102.69207,79.05964,47.9713],[102.68165,79.06733,37.1528],[102.674,79.07685,49.0721],[102.70484,79.09325,46.7683],[102.77101,79.11742,24.6173],[102.79762,79.13833,25.1845],[102.77084,79.15111,33.0894],[102.75709,79.15583,35.9354],[102.74293,79.15884,37.2012],[102.76873,79.1787,31.4647],[102.83155,79.20283,25.1041],[102.85963,79.22028,22.5596],[102.85043,79.22077,24.4882],[102.82545,79.22712,32.6653],[102.92994,79.2757,26.8749]]],
[[[92.99057,79.4195,17.3545],[92.89243,79.43574,0.0],[92.79127,79.44001,4.6755],[92.63803,79.42023,0.0],[92.58725,79.4195,0.0],[92.58725,79.41511,0.0],[92.58855,79.41169,0.0],[92.59352,79.40522,0.0],[92.60084,79.40522,0.0],[92.62452,79.40095,0.0],[92.66896,79.3876,0.0],[92.79184,79.38325,0.0],[92.82057,79.39159,38.5528],[92.81324,79.39899,41.4129],[92.90431,79.39794,15.341],[92.94825,79.40351,4.4201],[92.99057,79.4195,17.3545]]],
[[[92.36769,79.42573,3.0816],[92.4463,79.42577,0.0],[92.47055,79.43256,9.1301],[92.30543,79.45303,0.0],[92.22389,79.45344,0.0],[92.18181,79.44782,0.0],[92.11158,79.42113,0.0],[92.07057,79.41389,0.9366],[92.02882,79.41332,39.5929],[91.94972,79.42267,0.0],[91.78468,79.4195,0.0],[92.24383,79.38231,0.0],[92.30543,79.39159,39.1329],[92.28175,79.39981,38.386],[92.27215,79.40497,29.3887],[92.26515,79.41267,17.8482],[92.29078,79.41291,8.2878],[92.36769,79.42573,3.0816]]],
[[[91.37224,79.48554,0.0],[91.14422,79.53734,0.0],[90.79379,79.56354,0.0],[90.82008,79.55671,4.7476],[91.19483,79.51508,15.1064],[91.33424,79.48452,0.0],[91.36362,79.47785,0.0],[91.36264,79.47114,0.0],[91.36012,79.46727,0.0],[91.38502,79.46088,0.0],[91.46315,79.45987,0.0],[91.53126,79.44929,7.6945],[91.37224,79.48554,0.0]]],
[[[76.27735,79.64545,-0.195],[76.22438,79.65738,0.2143],[76.16358,79.66389,5.0619],[76.10304,79.66193,0.0],[76.05144,79.6485,0.0],[76.05201,79.6293,0.0],[76.09205,79.60371,0.0],[76.17433,79.56908,0.0],[76.55201,79.5362,0.0],[76.56381,79.53734,0.0],[76.59181,79.5454,5.2192],[76.60597,79.54784,3.2501],[76.62062,79.54857,-0.0176],[76.68434,79.52778,0.0],[76.69874,79.51822,0.0],[76.69483,79.51044,0.0],[76.6548,79.49559,0.0],[76.64096,79.48713,0.0],[76.69606,79.47761,0.0],[77.13946,79.48656,8.9127],[77.58286,79.49551,0.0],[77.60125,79.50039,0.0],[77.61378,79.50898,0.0],[77.61362,79.52192,0.0],[77.59474,79.53319,0.0],[77.22391,79.57004,0.0],[76.85309,79.60689,0.0],[76.48227,79.64374,0.0],[76.42302,79.63703,0.0],[76.40699,79.6175,-0.4643],[76.26881,79.60432,4.1177],[76.19947,79.60859,1.6234],[76.14015,79.63862,6.495],[76.17319,79.63727,6.114],[76.27735,79.64545,-0.195]]],
[[[100.08326,79.68643,16.2731],[100.09693,79.70063,7.9842],[100.02076,79.70156,0.0],[99.98292,79.6979,0.0],[99.94663,79.68643,0.0],[99.93605,79.6743,9.8518],[99.93605,79.66425,2.6989],[99.93971,79.65497,0.0],[99.94044,79.64545,0.0],[99.93507,79.6319,0.0],[99.92823,79.62198,0.0],[99.91896,79.61335,0.0],[99.90577,79.60383,0.0],[99.9441,79.59077,13.4691],[99.98601,79.60179,41.4218],[100.07016,79.63862,7.4381],[100.18898,79.65908,19.5012],[100.30983,79.66596,4.5718],[100.28647,79.67731,0.0],[100.25733,79.68081,0.0],[100.19996,79.67894,0.0],[100.08326,79.68643,16.2731]]],
[[[94.15414,79.98334,0.0],[94.18295,79.99486,3.1729],[94.1775,79.9986,28.4993],[94.17408,80.00218,51.5263],[94.17189,80.00552,56.4156],[94.16944,80.00853,57.5055],[94.24985,80.01105,0.0],[94.29314,80.01801,0.0],[94.32765,80.029,51.3512],[94.292,80.03889,28.4706],[94.25025,80.04011,0.0],[94.12582,80.01887,26.9907],[93.98439,80.01537,0.0],[93.96811,80.00918,0.5616],[93.95436,79.99909,0.0],[93.92986,79.97443,0.0],[93.95948,79.96528,0.0],[93.99399,79.96479,0.0],[94.15414,79.98334,0.0]]],
[[[90.90211,80.07364,0.0],[90.86655,80.06257,0.0],[90.89487,80.055,0.0],[90.99008,80.05634,0.0],[91.08497,80.04719,0.0],[91.11362,80.0489,0.0],[91.1364,80.04003,0.0],[91.16147,80.02684,0.0],[91.17986,80.01118,0.0],[91.1819,79.99486,0.0],[91.15382,79.98005,0.0],[91.05161,79.96711,0.0],[91.01759,79.96699,0.0],[91.08717,79.95238,0.0],[91.23243,79.9418,0.0],[91.29859,79.91913,0.0],[91.26238,79.90302,0.0],[91.16481,79.89765,0.0],[91.08277,79.88398,0.0],[91.06593,79.8769,0.0],[91.05909,79.86079,0.0],[91.07252,79.85098,0.0],[91.41483,79.83728,11.3534],[91.75714,79.82358,20.4179],[92.09946,79.80988,0.0],[92.28077,79.77106,0.0],[92.32211,79.75682,0.0],[92.35328,79.7342,0.0],[92.33286,79.7224,0.0],[92.30844,79.7145,23.1582],[92.28321,79.71182,27.7482],[92.20509,79.73021,5.606],[92.14812,79.7342,3.7944],[91.94451,79.71589,0.0],[91.9157,79.70694,0.6367],[91.9297,79.70596,1.3201],[91.97023,79.69326,0.0],[91.95883,79.68724,0.0],[91.94695,79.68268,1.6439],[91.93442,79.67975,1.7999],[91.92189,79.67894,6.0685],[92.27333,79.67587,2.7368],[92.62477,79.6728,1.2283],[93.05209,79.71528,17.0203],[93.27906,79.76765,24.5506],[93.36183,79.77521,17.8778],[93.46412,79.80183,21.4702],[93.66993,79.83173,8.6848],[93.74684,79.85615,0.0],[93.78256,79.87417,19.204],[93.81373,79.89867,11.0483],[93.77101,79.91804,38.0815],[93.72389,79.92731,8.5308],[93.62818,79.93342,5.4645],[93.13848,79.9586,98.3901],[92.64877,79.98379,61.2308],[92.42433,80.03071,1.3734],[92.04029,80.0373,71.759],[91.78207,80.06379,29.4208],[91.59645,80.03783,27.6904],[91.24928,80.05573,6.2392],[90.90211,80.07364,0.0]]],
[[[97.77426,80.13142,0.0],[97.76222,80.1363,0.0],[97.73927,80.14924,0.0],[97.59213,80.17487,0.0],[97.1548,80.15445,96.7243],[96.90154,80.13329,0.0],[96.71567,80.11782,0.0],[96.68898,80.12092,0.0],[96.6364,80.13508,14.3793],[96.607919999999993,80.13825,0.0],[96.58619,80.13642,0.0],[96.56642,80.13142,0.0],[96.52711,80.11441,0.0],[96.50148,80.10663,0.0],[96.36004,80.0987,0.0],[96.34083,80.10187,0.0],[96.28981,80.11595,0.0],[96.27003,80.11782,0.0],[96.25131,80.11518,0.0],[96.19752,80.09553,0.0],[96.17408,80.0915,0.0],[96.10279,80.09048,48.7109],[96.10475,80.09504,48.5415],[96.10768,80.10639,6.3469],[96.10963,80.11099,0.0],[95.80588,80.11123,8.2594],[95.50213,80.11148,0.0],[95.40138,80.09345,0.0],[95.38087,80.08723,0.0],[95.36305,80.07917,0.0],[95.35548,80.06973,0.0],[95.35515,80.04182,0.0],[95.34929,80.03254,0.0],[95.33473,80.029,1.5957],[95.24187,80.02155,20.9035],[95.22535,80.02485,28.0458],[95.20639,80.03937,25.8029],[95.12599,80.05012,26.6911],[95.10776,80.05634,45.8889],[95.10743,80.05903,30.0731],[95.10776,80.07343,4.3967],[94.99293,80.10187,17.8924],[94.952,80.10448,0.0],[94.90984,80.09732,0.0],[94.93556,80.07128,0.0],[94.89918,80.05386,9.3257],[94.83904,80.0445,5.0705],[94.79371,80.04267,0.0],[94.79762,80.03278,0.0],[94.79998,80.029,0.7219],[94.74977,80.00747,0.0],[94.45118,79.96699,0.0],[94.38526,79.97598,38.1314],[94.35125,79.977,0.0],[94.32081,79.96699,0.0],[94.35483,79.9549,0.0],[94.37037,79.94668,0.0],[94.38233,79.93342,0.0],[94.29664,79.92658,0.0],[94.25294,79.91657,0.0],[94.22462,79.89867,0.0],[94.28834,79.89859,0.0],[94.32276,79.89399,0.0],[94.34799,79.885,0.0],[94.35987,79.86791,0.0],[94.40455,79.85977,0.0],[94.51588,79.85399,1.678],[94.56332,79.84032,0.0],[94.6408,79.83373,9.5347],[94.66774,79.82734,7.7928],[94.69011,79.81611,0.0],[94.42978,79.79566,0.0],[94.16944,79.77521,0.0],[93.84791,79.70966,0.0],[93.79444,79.68818,0.0],[93.785659999999993,79.65851,6.4432],[93.76149,79.6507,11.132],[93.68483,79.63687,0.0],[93.63526,79.61933,0.0],[93.61061,79.61351,2.4465],[93.55152,79.60912,0.0],[93.28028,79.55248,0.0],[93.15707,79.54267,3.7807],[92.97071,79.57225,0.0],[92.90333,79.57469,0.0],[92.85418,79.5561,0.0],[93.04176,79.53433,0.0],[93.01857,79.52875,0.0],[93.05445,79.51854,0.0],[93.0962,79.51899,0.0],[93.17628,79.52875,0.0],[93.27882,79.51976,0.0],[93.32016,79.50145,0.0],[93.27272,79.48701,7.91],[93.1631,79.48408,0.0],[93.11411,79.46727,0.0],[93.16928,79.44501,0.0],[93.23585,79.43895,0.0],[93.30348,79.44526,0.0],[93.36183,79.45987,4.6421],[93.36378,79.46992,7.3292],[93.38746,79.47297,7.7381],[93.43686,79.47354,0.0],[93.51385,79.48676,0.0],[93.53932,79.48713,0.0],[93.45769,79.49461,1.6897],[93.44313,79.50145,9.3048],[93.44947,79.51455,0.0],[93.47023,79.52245,0.0],[93.51173,79.53217,0.0],[93.5337,79.54173,8.8341],[93.55828,79.54938,11.3853],[93.58367,79.55427,1.9805],[93.65968,79.55728,0.0],[93.68539,79.56318,0.0],[93.70387,79.57656,0.0],[93.70281,79.58674,16.8759],[93.72096,79.5954,7.6773],[93.7461,79.60151,0.0],[93.76515,79.60383,0.0],[93.88201,79.60383,0.0],[93.86085,79.59593,0.0],[93.80006,79.56293,15.1016],[93.77369,79.55561,4.3906],[93.6902,79.54243,0.0],[93.74887,79.54385,0.0],[93.76222,79.53897,0.0],[93.77654,79.52741,0.0],[93.79249,79.5209,0.0],[93.8274,79.51447,0.0],[93.95883,79.50568,5.7566],[93.99122,79.49405,3.4212],[93.92457,79.47053,29.5633],[93.7684,79.47175,0.0],[93.69695,79.45987,0.0],[93.73927,79.44774,0.0],[93.98805,79.42715,0.0],[94.04127,79.42975,0.0],[94.08058,79.44684,0.0],[94.06495,79.45987,0.0],[94.05323,79.47354,0.0],[94.22291,79.48664,0.0],[94.31227,79.47919,0.0],[94.36232,79.44001,0.0],[94.35206,79.42683,0.0],[94.32887,79.40404,0.0],[94.32081,79.39159,0.0],[94.32008,79.38288,0.0],[94.32179,79.37303,0.0],[94.32106,79.36205,0.0],[94.31332,79.35,0.0],[94.33758,79.33544,33.1775],[94.34718,79.32689,61.813],[94.35483,79.31586,69.0769],[94.33009,79.29389,18.9125],[94.32325,79.28254,0.0],[94.32081,79.26431,0.0],[94.33399,79.2486,0.0],[94.36451,79.23688,0.0],[94.61736,79.20132,65.5066],[94.64975,79.17927,0.0],[94.64357,79.16596,0.0],[94.63054,79.15127,0.0],[94.62281,79.13764,0.0],[94.63233,79.12743,0.0],[94.826669999999993,79.06664,0.0],[94.85182,79.06265,0.0],[94.95729,79.06953,21.3037],[94.99244,79.06265,4.6797],[94.97934,79.05516,4.3198],[95.01824,79.03852,7.9092],[95.06658,79.03815,2.7017],[95.1797,79.05215,3.4939],[95.21974,79.06623,23.7492],[95.28924,79.0725,23.7165],[95.42213,79.10627,31.6306],[95.46754,79.11152,27.185],[95.52377,79.10908,11.4237],[95.5525,79.10175,0.0],[95.56178,79.09707,0.0],[95.57521,79.08308,0.0],[95.5984,79.07827,0.0],[95.64731,79.0764,3.2356],[95.67018,79.0694,12.5224],[95.66228,79.06538,11.934],[95.64283,79.04898,0.0],[95.6526,79.0384,0.0],[95.65252,79.02879,0.0],[95.65016,79.01984,0.0],[95.65349,79.01114,0.0],[95.67254,79.00096,0.0],[95.69728,78.99828,0.0],[95.85524,79.00056,0.0],[95.93247,78.99291,1.1491],[96.36964,79.02167,12.1814],[96.3545,79.00678,0.0],[96.33058,79.00137,0.0],[96.30388,78.99921,0.0],[96.28028,78.99433,0.0],[96.5394,78.99177,0.9566],[96.79851,78.9892,0.0],[96.8694,78.96699,0.0],[96.85011,78.9501,0.0],[96.84205,78.94595,0.0],[96.8672,78.94009,0.0],[96.91871,78.94135,0.0],[97.12322,78.88508,0.0],[97.201669999999993,78.87849,0.0],[97.22682,78.87079,0.0],[97.21949,78.86335,0.0],[97.26393,78.85301,0.0],[97.55787,78.85468,4.152],[97.603039999999993,78.84349,0.0],[97.55974,78.83051,7.102],[97.45232,78.83804,2.607],[97.40447,78.8299,0.0],[97.44223,78.81721,0.0],[97.67351,78.82811,6.4247],[97.73854,78.82111,3.9047],[97.75554,78.81696,2.2061],[97.76075,78.80878,0.0],[97.94557,78.80878,2.6826],[98.08277,78.8242,17.9195],[98.11695,78.81623,0.0],[98.08961,78.80878,0.0],[98.24049,78.80878,7.9723],[98.3274,78.78474,0.0],[98.5796,78.78217,0.0],[98.59832,78.78644,2.0261],[98.60271,78.79255,0.0],[98.58839,78.79784,0.0],[98.55519,78.80256,22.8435],[98.60271,78.81586,110.743],[98.9275,78.80732,82.6827],[99.13307,78.82746,240.2128],[99.40561,78.82246,96.6914],[99.45834,78.8288,117.3456],[99.55844,78.857,140.0021],[99.63038,78.86762,126.5626],[99.68605,78.89814,201.0069],[99.87721,78.93114,204.484],[99.92555,78.94599,174.7114],[99.94663,78.97012,0.0],[99.88754,79.00145,0.0],[99.86305,79.02436,23.4039],[99.886,79.04149,32.4761],[99.87534,79.05345,51.3958],[99.85621,79.08381,69.3877],[99.8545,79.08991,0.0],[99.84295,79.09211,0.0],[99.82106,79.10147,0.0],[99.52703,79.12377,11.8798],[99.48805,79.14517,160.2155],[99.55128,79.14501,92.3772],[99.58334,79.14883,78.0734],[99.61085,79.15884,56.2576],[99.58318,79.1728,0.0],[99.32272,79.22641,0.0],[99.06227,79.28002,336.7209],[99.03492,79.29597,118.2017],[99.0892,79.30915,39.0073],[99.14698,79.3107,21.4042],[99.41481,79.26463,0.0],[99.46013,79.24754,0.0],[99.46013,79.25438,0.0],[99.47006,79.2663,40.1159],[99.48797,79.26895,246.6486],[99.57057,79.27216,79.3825],[99.58302,79.27489,138.2901],[99.59059,79.27977,151.8094],[99.59816,79.2919,24.8631],[99.60353,79.29597,30.7216],[99.66668,79.31224,245.0405],[99.68605,79.3227,259.0345],[99.73129,79.3559,18.6898],[99.74806,79.36424,33.6097],[99.7068,79.38068,141.2455],[99.6963,79.38817,133.5156],[99.69728,79.39643,73.043],[99.70899,79.40567,46.4323],[99.73373,79.4195,15.6387],[99.70232,79.44188,74.9216],[99.68881,79.45734,76.059],[99.68605,79.47354,183.5367],[99.70281,79.48965,224.0481],[99.76637,79.51057,137.4081],[99.78907,79.52192,91.5659],[99.76857,79.5351,98.1184],[99.72535,79.55256,43.9938],[99.7072,79.56908,41.8814],[99.72511,79.57453,41.9868],[99.73943,79.58438,106.9129],[99.76173,79.61131,201.5801],[99.77817,79.62495,169.9807],[99.7798,79.63304,135.2593],[99.76791,79.64545,49.9218],[99.79444,79.65717,9.8464],[99.86736,79.67853,37.0065],[99.886,79.69326,39.125],[99.88111,79.71141,31.3633],[99.86085,79.72541,31.1391],[99.81707,79.74164,70.4554],[99.84205,79.74877,32.5485],[99.93979,79.74726,11.0779],[100.01393,79.75633,26.6673],[100.05372,79.76748,10.0038],[100.077,79.78266,20.411],[100.01808,79.79418,21.5251],[100.00172,79.80549,43.9658],[100.02247,79.82355,0.0],[99.96258,79.8461,0.0],[99.92888,79.85399,4.4347],[99.88063,79.85928,4.9116],[99.86598,79.86494,6.4027],[99.83717,79.88158,39.518],[99.83139,79.88325,41.0694],[99.82488,79.88418,43.0012],[99.81935,79.88565,39.3878],[99.81707,79.88874,23.2842],[99.81544,79.89281,8.6233],[99.81178,79.89794,39.294],[99.8073,79.90274,43.2617],[99.8034,79.9055,34.8941],[99.73487,79.92316,0.0],[99.66554,79.93342,4.9084],[99.53582,79.93574,25.3635],[99.50172,79.95331,30.4674],[99.51775,79.95336,22.519],[99.53321,79.95588,10.3965],[99.54859,79.96052,5.6284],[99.56316,79.96699,4.3624],[99.37582,79.97956,29.2173],[99.35027,79.98802,0.0],[99.37582,80.00043,54.4147],[99.362799999999993,80.01215,46.1419],[99.33172,80.01976,0.0],[99.30258,80.01996,0.0],[99.23072,80.0102,0.0],[99.19467,80.01069,3.3259],[99.15846,80.01537,7.6114],[99.18067,80.02155,46.4702],[99.22543,80.02782,35.1849],[99.24781,80.03583,25.1657],[99.19899,80.04999,0.0],[98.7562,80.03779,0.8184],[98.55698,80.05854,0.0],[98.51539,80.05231,0.0],[98.47682,80.03791,0.0],[98.43914,80.01537,0.0],[98.46559,79.9999,0.0],[98.57789,79.98257,27.1243],[98.58237,79.97598,43.1318],[98.56739,79.97065,37.6062],[98.48732,79.95555,0.0],[98.473159999999993,79.94648,0.0],[98.48683,79.93964,0.0],[98.47023,79.93415,26.9471],[98.43474,79.92821,0.0],[98.41863,79.91913,0.0],[98.42807,79.91877,0.0],[98.43719,79.91633,0.0],[98.44532,79.91185,0.0],[98.45281,79.9055,7.3028],[98.41285,79.8885,0.0],[98.37721,79.87788,0.0],[98.33985,79.8723,0.0],[98.25563,79.87287,0.0],[98.0879,79.9055,0.0],[97.92612,79.90217,5.6044],[97.89283,79.8924,0.0],[97.88404,79.87718,0.0],[97.91774,79.85712,0.0],[97.89723,79.84455,0.0],[97.87452,79.83954,0.0],[97.85084,79.83698,0.0],[97.75563,79.81159,3.0209],[97.73325,79.80927,2.3975],[97.72316,79.80537,-1.5707],[97.71941,79.79564,-1.2972],[97.71957,79.77171,-0.4903],[97.70582,79.76317,-1.2353],[97.32789,79.71906,-0.5233],[97.27784,79.70287,41.0934],[97.24684,79.69953,27.4414],[97.21559,79.70063,107.8661],[97.19158,79.70694,163.2695],[97.21315,79.72036,156.3267],[97.44386,79.74461,279.7302],[97.49545,79.75788,381.8732],[97.57838,79.76781,413.4856],[97.60873,79.7766,526.9272],[97.63038,79.7888,530.6854],[97.60401,79.79702,48.6282],[97.5464,79.80044,142.4447],[97.52052,79.80927,6.5022],[97.55152,79.82372,1.1286],[97.62428,79.82266,1.1464],[97.65821,79.82978,7.021],[97.64064,79.84052,20.5141],[97.58253,79.85712,126.9508],[97.61573,79.85688,197.0797],[97.75196,79.88618,171.731],[97.78484,79.89981,194.5102],[97.81422,79.91633,202.6503],[97.82944,79.93342,203.4023],[97.78199,79.94086,223.8539],[97.76808,79.94648,223.2897],[97.84425,79.97036,161.8613],[97.85621,79.97748,161.0103],[97.85255,79.98237,282.5527],[97.84547,79.98745,356.7406],[97.84181,79.99225,308.4132],[97.84783,79.99653,270.7072],[97.86264,79.99974,246.7516],[97.95135,80.00438,0.0],[98.00717,80.01459,0.0],[98.05885,80.03181,0.0],[98.08961,80.05634,0.0],[98.04298,80.07111,0.0],[97.9437,80.0786,42.9624],[97.90065,80.10041,61.29],[97.886,80.1105,30.5709],[97.84693,80.12678,0.0],[97.82944,80.13142,0.0],[97.81593,80.13239,0.0],[97.78777,80.13011,0.0],[97.77426,80.13142,0.0]]],
[[[80.12192,80.95724,0.0],[79.80665,80.97431,0.0],[79.72999,80.98013,0.0],[79.237799999999993,80.95311,0.0],[79.21697,80.96133,0.0],[79.2107,80.96133,0.0],[79.188,80.95185,0.0],[79.14308,80.93903,0.0],[79.1211,80.92992,0.0],[79.07594,80.90034,0.0],[78.98658,80.86103,0.0],[78.97462,80.8426,17.9024],[79.01149,80.82412,41.0465],[79.12761,80.80671,72.5705],[79.52722,80.82465,305.8044],[79.92682,80.8426,158.061],[80.32643,80.86054,0.0],[80.37428,80.87372,0.0],[80.39991,80.88593,0.0],[80.41383,80.90054,0.0],[80.43719,80.94017,0.0],[80.12192,80.95724,0.0]]],
[[[91.33277,81.08076,116.8325],[91.34425,81.09626,141.246],[91.37086,81.10407,149.9329],[91.55934,81.13019,93.9781],[91.5739,81.13557,75.2695],[91.57114,81.14297,71.1116],[91.54721,81.15379,81.9827],[91.45484,81.19261,0.0],[90.99374,81.19992,170.4139],[90.53264,81.20723,0.0],[90.07154,81.21454,0.0],[90.06471,81.2071,0.0],[90.0228,81.20596,0.0],[89.93702,81.18016,0.0],[89.89389,81.17357,0.0],[89.91212,81.16568,0.0],[89.92302,81.15803,0.0],[89.92433,81.14794,0.0],[89.91456,81.13264,0.0],[89.93434,81.13076,0.0],[89.97413,81.11034,0.0],[89.99635,81.10529,0.0],[90.39297,81.08914,65.0525],[90.78959,81.07298,100.5459],[91.18621,81.05683,79.388],[91.33277,81.08076,116.8325]]],
[[[95.96754,81.20502,0.0],[95.95875,81.21454,0.0],[95.96559,81.22281,4.3853],[96.02027,81.23444,0.0],[95.99733,81.2425,0.0],[95.8982,81.2517,0.0],[95.83473,81.27595,0.0],[95.77662,81.2888,0.0],[95.44007,81.28006,0.0],[95.10353,81.27131,0.0],[95.03395,81.24868,0.0],[95.06056,81.24164,0.0],[95.51808,81.23029,54.0558],[95.54721,81.22077,40.4094],[95.18702,81.2176,0.0],[95.10922,81.19636,0.0],[95.03712,81.18793,0.0],[94.88966,81.14435,0.0],[94.55714,81.10399,0.0],[94.386,81.11408,0.0],[94.16163,81.09247,0.0],[94.05885,81.06904,0.0],[93.69972,81.05402,1.9002],[93.68336,81.05003,0.0],[93.68149,81.04767,0.0],[93.67888,81.04291,0.0],[93.67482,81.03791,0.0],[93.66896,81.03441,0.0],[93.65496,81.03229,0.0],[93.47136,81.04389,0.0],[93.05274,80.99543,0.0],[93.05787,80.99429,0.0],[93.07325,80.98798,0.0],[93.07586,80.97346,0.0],[93.14243,80.95771,0.0],[93.16261,80.94697,0.0],[93.14845,80.93073,0.0],[93.10694,80.92072,0.0],[92.88885,80.91059,0.0],[92.80519,80.89179,0.0],[92.71876,80.88801,0.0],[92.67652,80.87873,0.0],[92.691909999999993,80.87735,0.0],[92.70883,80.87263,0.0],[92.7234,80.8642,0.0],[92.73121,80.85147,0.0],[92.71559,80.85139,0.0],[92.70037,80.84854,0.0],[92.6858,80.84268,0.0],[92.67286,80.83405,0.0],[92.63111,80.81367,0.0],[92.62818,80.80988,0.0],[92.5586,80.80268,0.0],[92.52036,80.79218,0.0],[92.49724,80.7757,0.0],[92.50261,80.75861,0.0],[92.53468,80.75308,0.0],[92.68238,80.75519,3.9178],[92.70143,80.75845,-0.1006],[92.73683,80.77253,5.2152],[92.75514,80.7757,0.0],[92.89845,80.76203,13.6011],[93.27027,80.79711,8.3249],[93.27247,80.78254,11.1721],[93.23959,80.76944,9.7479],[92.88868,80.68049,0.0],[92.82521,80.65062,0.0],[92.81324,80.61742,0.0],[92.79265,80.60932,0.0],[92.78484,80.60395,0.0],[92.77898,80.59691,0.0],[92.79078,80.59781,0.0],[92.80177,80.59589,0.0],[92.8117,80.59125,0.0],[92.82057,80.58393,0.0],[92.81463,80.57567,0.0],[92.8047,80.55785,0.0],[92.79322,80.54743,0.0],[92.79347,80.54141,0.0],[92.79493,80.53531,0.0],[92.79265,80.52928,0.0],[92.7693,80.51675,7.551],[92.74049,80.51301,9.2927],[92.27662,80.50947,0.0],[91.91847,80.46841,0.0],[91.88771,80.46039,0.0],[91.9275,80.44839,0.0],[92.01295,80.44033,0.0],[92.09685,80.41889,0.0],[92.36223,80.40522,41.3813],[92.62761,80.39155,67.4062],[92.56227,80.37946,14.9219],[92.10011,80.40436,0.0],[92.11069,80.40229,0.0],[92.12094,80.39899,0.0],[92.10011,80.39033,0.0],[92.07065,80.38837,0.0],[92.04038,80.39118,0.0],[91.98878,80.4016,0.0],[91.66236,80.38524,0.0],[91.68141,80.37446,0.0],[91.68898,80.37165,0.0],[91.62469,80.35956,0.0],[91.54615,80.35977,0.0],[91.47242,80.35041,0.0],[91.42213,80.30956,0.0],[91.50343,80.30671,0.0],[91.64129,80.31704,11.1256],[91.6185,80.30439,7.7299],[91.55934,80.29658,0.0],[91.53199,80.28974,0.0],[91.93317,80.29693,20.0333],[92.33435,80.30412,52.1618],[92.73552,80.31131,43.3358],[92.79648,80.31009,54.3252],[93.19215,80.31647,18.6013],[93.2444,80.30956,20.0277],[93.28403,80.29682,25.5159],[93.3047,80.28734,11.0574],[93.32016,80.27607,-1.0788],[93.2894,80.26683,22.034],[92.83611,80.29165,-0.938],[92.79762,80.29503,16.6882],[92.73089,80.29812,42.2778],[92.69207,80.29914,43.4973],[92.39975,80.29444,50.5526],[92.10743,80.28974,13.1183],[92.12965,80.27586,16.7526],[92.21762,80.26533,0.0],[92.25213,80.24811,0.0],[92.24399,80.24128,0.0],[92.28102,80.23041,0.0],[92.36207,80.22647,0.0],[92.43898,80.21011,0.0],[92.69996,80.20368,62.1784],[92.77573,80.18976,13.7392],[92.85727,80.18797,38.4186],[92.88819,80.17243,0.0],[92.83741,80.16014,65.9252],[92.52784,80.18155,0.0],[92.21827,80.20295,0.0],[92.20688,80.2062,0.0],[92.19532,80.20816,0.0],[92.18247,80.20718,0.0],[92.18214,80.20478,0.0],[92.17905,80.19892,0.0],[92.174,80.19253,0.0],[92.16733,80.1883,0.0],[92.14145,80.18448,0.0],[92.09099,80.18268,0.0],[92.06577,80.17243,0.0],[92.40846,80.15192,14.9392],[92.50489,80.15766,41.6356],[92.96502,80.11103,0.0],[92.99057,80.10346,0.0],[92.98439,80.09732,0.0],[93.33924,80.04772,0.0],[93.6941,79.99811,0.0],[93.74985,79.99677,0.0],[93.8506,80.02021,44.0391],[94.17254,80.04157,0.0],[94.45777,80.09443,37.2643],[94.47381,80.10395,35.6434],[94.48878,80.11546,20.8672],[94.50571,80.12523,20.1041],[94.53004,80.13101,35.583],[94.71803,80.11782,0.0],[94.74399,80.12177,6.6333],[94.80942,80.1433,6.4638],[94.86305,80.15156,26.9966],[95.03395,80.13825,0.0],[95.46476,80.15732,0.0],[95.89557,80.17639,0.0],[96.32638,80.19545,0.0],[96.75719,80.21452,0.0],[97.188,80.23359,0.0],[97.23308,80.24811,101.7068],[97.2295,80.25121,181.6803],[97.21949,80.26179,302.6415],[97.24985,80.26459,288.333],[97.3423,80.28974,96.842],[97.38998,80.29572,80.7464],[97.40447,80.30272,83.1707],[97.41424,80.31053,51.8709],[97.42286,80.31957,22.2775],[97.42286,80.32697,33.0099],[97.33481,80.3437,0.0],[97.25074,80.3437,36.0919],[97.22584,80.34667,35.5001],[97.20582,80.35562,2.7705],[97.19361,80.37055,60.4791],[97.19158,80.39155,61.5696],[97.19565,80.39875,51.5638],[97.20981,80.41047,22.614],[97.21266,80.41942,32.2679],[97.20851,80.43085,38.7016],[97.19923,80.4392,73.8754],[97.18735,80.4444,53.2679],[97.17498,80.44611,92.6305],[97.14698,80.45368,104.3632],[97.14527,80.47036,94.873],[97.14877,80.48701,78.7416],[97.13722,80.49457,61.9899],[97.02076,80.52586,124.3084],[97.0193,80.53657,82.5446],[97.01759,80.54214,95.1441],[97.01979,80.54804,62.8584],[97.03077,80.55972,102.4484],[97.04217,80.56489,124.6008],[97.0547,80.56757,134.5883],[97.05942,80.57225,128.5428],[97.04737,80.58393,102.0984],[97.08188,80.60253,62.6519],[97.16033,80.62254,66.2462],[97.19158,80.64533,5.8574],[97.17555,80.65058,3.1974],[97.14454,80.65668,13.6627],[97.13063,80.66584,14.689],[97.2942,80.67072,15.6457],[97.28826,80.66584,15.0434],[97.32984,80.65323,10.303],[97.37322,80.65278,10.5652],[97.55535,80.67426,13.9903],[97.65089,80.67267,10.6163],[97.69532,80.66503,4.9201],[97.719,80.66364,6.9958],[97.74049,80.66926,7.1366],[97.76694,80.68594,8.0294],[97.78028,80.69107,9.1762],[97.80226,80.69379,7.006],[97.89584,80.69318,4.5975],[97.9441,80.70014,0.0],[97.97291,80.72114,0.0],[97.92652,80.74095,0.0],[97.80112,80.73387,0.7145],[97.74708,80.7416,9.3744],[97.78077,80.74982,3.9503],[97.85231,80.75544,2.6924],[97.88356,80.76948,0.0],[97.81642,80.78962,2.171],[97.7815,80.7956,0.0],[97.74708,80.79621,0.0],[97.7562,80.80288,0.0],[97.78858,80.81664,0.0],[97.75465,80.82929,0.0],[97.65268,80.82868,0.0],[97.56088,80.84203,0.0],[97.410659999999993,80.83714,0.0],[97.42026,80.84833,0.0],[97.42482,80.85147,0.0],[96.97299,80.90607,0.0],[96.95484,80.91059,0.0],[96.9109,80.93334,0.0],[96.86329,80.94257,0.0],[96.76637,80.94994,0.0],[96.71974,80.96752,0.1219],[96.72584,80.97431,-0.4509],[96.70493,80.97394,-0.0699],[96.68328,80.97602,1.3619],[96.66245,80.98066,4.7232],[96.644049999999993,80.98798,1.9125],[96.66586,80.99649,0.6778],[96.7107,81.0021,-0.4654],[96.73276,81.00845,0.0],[96.56861,81.02277,1.8533],[96.54412,81.02985,0.0045],[96.53077,81.04633,-0.2635],[96.53289,81.06464,-0.3962],[96.5547,81.07738,-0.6534],[96.29396,81.13882,0.0],[96.28785,81.14399,0.0],[96.2798,81.15721,0.0],[96.27491,81.16108,0.0],[96.24586,81.16673,0.0],[96.18458,81.17145,0.0],[96.1574,81.17984,0.0],[96.17115,81.19343,0.0],[96.13526,81.20246,0.0],[95.98439,81.20091,0.0],[95.96754,81.20502,0.0]]]]}}