{"type":"Feature","properties":{"ISO3166-1-Alpha-3":"RUS","country":"Russia","fill":"#00F","id":"2382","name":"Yamal-Nenets"},
"geometry":{"type": "MultiPolygon","coordinates": [[[[69.2798,66.7945,2.6243],[69.17758,66.81143,0.0],[69.14625,66.80976,0.0],[69.13071,66.79658,0.0],[69.15089,66.77538,0.0],[69.20118,66.75703,0.0],[69.25709,66.74628,5.2848],[69.29461,66.74811,2.538],[69.29086,66.75121,4.0945],[69.28102,66.76179,2.6133],[69.37403,66.77814,2.9379],[69.40447,66.77607,2.5343],[69.42457,66.76838,2.0394],[69.5031,66.70864,0.0],[69.54566,66.65925,0.0],[69.57521,66.63825,0.0],[69.57342,66.63133,0.0],[69.57521,66.61099,0.0],[69.56446,66.6044,0.0],[69.55437,66.60383,0.0],[69.54518,66.60444,0.0],[69.53761,66.60139,0.0],[69.545419999999993,66.59101,0.0],[69.74708,66.52847,1.7054],[69.8235,66.49372,0.0],[69.8353,66.48884,0.0],[69.85914,66.48176,2.0837],[69.87062,66.47785,1.6719],[69.87965,66.47696,1.2095],[69.8851,66.48237,1.9922],[69.89039,66.48994,1.9241],[69.8978,66.49494,2.3545],[69.95191,66.50088,1.0543],[70.04363,66.50129,2.2703],[70.0547,66.50483,2.2149],[70.08497,66.52074,2.109],[70.08912,66.5222,2.1544],[70.09669,66.53897,0.0],[70.08668,66.54853,0.9575],[70.06593,66.55191,1.8178],[70.04127,66.55012,1.7534],[70.06153,66.56208,2.4211],[70.08367,66.56196,0.0],[70.10694,66.55744,2.8838],[70.13063,66.55634,1.917],[70.1115,66.56997,1.7237],[70.03924,66.6079,1.3727],[70.02711,66.62523,2.028],[70.03614,66.63203,2.2346],[70.05063,66.63182,2.0838],[70.06544,66.63007,1.9969],[70.07545,66.63207,0.0],[70.07984,66.63911,1.8266],[70.07887,66.64484,0.0],[70.07635,66.64916,1.3306],[70.07545,66.65192,2.0451],[70.0857,66.68211,2.891],[70.0857,66.69013,0.0],[70.04982,66.70893,2.209],[70.00758,66.71068,0.0],[69.96437,66.70645,0.0],[69.9253,66.70722,0.0],[69.91603,66.711,0.0],[69.90008,66.72333,0.0],[69.89112,66.72769,2.1152],[69.87965,66.72919,2.5307],[69.85499,66.72769,0.0],[69.77467,66.73526,2.3264],[69.75392,66.74193,2.3375],[69.76189,66.74201,2.4813],[69.78126,66.74811,0.0],[69.75563,66.76215,0.0],[69.72739,66.76557,0.0],[69.6714,66.76179,0.0],[69.56153,66.76862,0.0],[69.54038,66.76366,2.6712],[69.54469,66.75239,0.0],[69.5608,66.73994,0.0],[69.57521,66.73139,2.903],[69.64576,66.70551,2.8677],[69.66456,66.69355,2.7448],[69.63551,66.69383,0.0],[69.6045,66.69953,2.3026],[69.57439,66.70893,0.0],[69.51677,66.73896,3.6263],[69.50025,66.75214,2.4937],[69.47299,66.79767,0.0],[69.42547,66.80671,0.0],[69.30274,66.79413,0.0],[69.2798,66.7945,2.6243]]],
[[[67.15602,69.4206,0.9933],[67.16383,69.42084,0.7139],[67.01319,69.43635,0.7887],[66.99594,69.44139,0.5947],[66.9852,69.44741,0.9822],[66.97853,69.45026,0.9688],[66.97299,69.45425,0.4757],[66.96844,69.45942,0.4298],[66.95338,69.45661,0.5508],[66.93865,69.4394,0.0],[66.95436,69.41205,0.0],[66.99537,69.38886,0.0],[67.07691,69.37165,0.7245],[67.09596,69.36579,0.8465],[67.13217,69.36392,0.6817],[67.14942,69.36774,0.8813],[67.15992,69.37629,0.8009],[67.18426,69.38862,0.9608],[67.24822,69.40485,0.4802],[67.30649,69.42792,0.6454],[67.30828,69.43769,0.5665],[67.28688,69.43806,1.8666],[67.2173,69.42056,0.0],[67.16529,69.41983,0.4574],[67.15602,69.4206,0.9933]]],
[[[67.22934,69.43354,2.1378],[67.25896,69.43863,5.9707],[67.27906,69.45026,9.9049],[67.28956,69.46601,9.3342],[67.31723,69.48794,3.3284],[67.34498,69.52212,18.8729],[67.34506,69.54865,18.6882],[67.33595,69.55988,11.2126],[67.32797,69.5727,8.9647],[67.31821,69.58308,0.0],[67.29965,69.58446,0.0],[67.18824,69.57099,0.0],[67.15455,69.56013,0.0],[67.03793,69.49795,0.0],[67.02182,69.47696,0.1946],[67.04127,69.45759,0.0],[67.05893,69.45051,0.0],[67.21437,69.43293,0.8092],[67.22934,69.43354,2.1378]]],
[[[66.86443,70.38312,0.0],[66.83709,70.39191,0.0],[66.81853,70.39647,0.0],[66.80738,70.40082,0.0],[66.75913,70.43305,1.3044],[66.7527,70.43622,1.0348],[66.74928,70.43989,0.7692],[66.74903,70.44351,0.7831],[66.74562,70.44693,0.8561],[66.73951,70.45038,0.6786],[66.73569,70.45612,0.867],[66.73243,70.46328,0.8194],[66.72242,70.46796,1.0593],[66.70753,70.4715,0.9308],[66.69972,70.47748,0.9278],[66.70297,70.48493,0.959],[66.70086,70.49006,0.9253],[66.68914,70.4938,0.9057],[66.67945,70.49995,0.6375],[66.67115,70.50755,0.6427],[66.66676,70.52066,1.0026],[66.67555,70.53547,0.4571],[66.66847,70.53828,0.0],[66.64015,70.52631,0.0],[66.59645,70.48941,0.0],[66.59034,70.47305,0.0],[66.60727,70.46182,0.0],[66.76368,70.40314,0.0],[66.84986,70.38312,0.0],[66.86752,70.3808,0.0],[66.86443,70.38312,0.0]]],
[[[66.58253,70.50165,1.0582],[66.57358,70.51577,1.2037],[66.55926,70.54426,0.8175],[66.55226,70.58613,0.5333],[66.54623,70.60334,2.0792],[66.53981,70.60834,0.8123],[66.5254,70.6153,0.6736],[66.50945,70.62495,0.7293],[66.50343,70.63158,0.8353],[66.50123,70.63862,1.0579],[66.49676,70.64692,0.6668],[66.49024,70.65591,0.7605],[66.47145,70.66576,0.9215],[66.45436,70.68403,1.6112],[66.45558,70.70454,1.1554],[66.4607,70.72028,0.7575],[66.46746,70.73298,0.6456],[66.47576,70.74266,0.6884],[66.48219,70.75324,0.7601],[66.47983,70.76386,0.7563],[66.47055,70.7718,0.7817],[66.46127,70.77802,0.7679],[66.44117,70.79792,0.0],[66.42799,70.79951,0.0],[66.41481,70.78681,0.0],[66.40553,70.76923,0.0],[66.39975,70.75092,0.0],[66.39674,70.73534,0.0],[66.38836,70.71064,0.0],[66.38673,70.69497,0.0],[66.38893,70.66763,0.0],[66.39731,70.63032,0.0],[66.41472,70.59683,0.0],[66.43881,70.56826,0.0],[66.4782,70.53506,0.0],[66.52833,70.50678,0.0],[66.56666,70.49877,0.0],[66.58253,70.50165,1.0582]]],
[[[66.47462,70.81928,0.0],[66.50847,70.82795,0.9783],[66.53061,70.84138,0.6581],[66.54038,70.85684,0.8887],[66.55112,70.87865,0.4366],[66.56056,70.88597,0.535],[66.5735,70.8933,0.5473],[66.58473,70.90131,0.547],[66.59653,70.90766,0.7402],[66.60043,70.91376,0.0],[66.59425,70.92182,0.0],[66.59164,70.93,1.0273],[66.59311,70.93769,1.2944],[66.58969,70.94278,1.4987],[66.58383,70.94684,2.0481],[66.58448,70.95498,2.2889],[66.59246,70.96361,0.0],[66.60369,70.97183,1.5932],[66.61305,70.98286,1.5513],[66.61427,70.99555,0.0],[66.60572,71.00324,0.0],[66.59962,71.00438,0.0],[66.52345,70.94269,0.0],[66.52125,70.94025,0.0],[66.51759,70.93513,0.0],[66.51808,70.93037,0.0],[66.51905,70.9267,0.0],[66.48797,70.89745,0.0],[66.44288,70.84663,0.0],[66.43393,70.82713,0.0],[66.44728,70.81892,0.0],[66.47462,70.81928,0.0]]],
[[[77.77076,72.305,3.0925],[77.81137,72.31509,3.7827],[77.93784,72.37393,2.6768],[77.9839,72.38911,3.849],[78.07716,72.3985,3.2941],[78.18019,72.42178,4.5064],[78.26661,72.45425,4.2488],[78.35572,72.47281,1.5866],[78.39454,72.4914,0.0],[78.36695,72.51203,0.0],[78.27906,72.55219,0.0],[78.2308,72.56916,0.0],[78.13136,72.58539,0.0],[78.02361,72.58967,0.0],[77.79469,72.62861,0.0],[77.6102,72.63471,0.0],[77.56813,72.62816,0.0],[77.44402,72.57787,0.0],[77.3558,72.55972,0.0],[77.313,72.54523,0.0],[77.27735,72.51805,0.0],[77.2575,72.48054,0.0],[77.24879,72.46939,0.0],[77.22853,72.46015,0.0],[76.91261,72.37214,0.0],[76.88413,72.35932,0.0],[76.85475,72.33649,0.0],[76.85271,72.33308,0.0],[76.86988,72.30744,0.8549],[76.91798,72.29304,2.0445],[77.12713,72.2779,0.0],[77.20094,72.28994,1.8532],[77.58644,72.28531,0.5638],[77.77076,72.305,3.0925]]],
[[[69.56153,72.88862,1.0443],[69.55128,72.90327,1.1604],[69.55665,72.91376,1.3407],[69.57228,72.92007,1.3282],[69.77394,72.93598,1.1508],[69.79811,72.94367,1.2368],[69.79493,72.96369,0.0],[69.77394,72.97329,0.0],[69.46534,72.97517,0.0],[69.40846,72.96735,0.0],[69.35377,72.95258,0.0],[69.30201,72.92963,0.0],[69.30502,72.88369,0.0],[69.27662,72.84077,0.0],[69.23178,72.80451,0.0],[69.18531,72.77875,0.0],[68.98911,72.70588,0.0],[68.97576,72.69599,0.0],[68.9756,72.68622,0.0],[68.99342,72.6752,0.0],[69.03273,72.66975,3.4013],[69.05445,72.66205,3.0952],[69.03395,72.659,2.9713],[69.00392,72.65974,1.3918],[68.97682,72.65571,0.0],[68.96502,72.6385,0.0],[68.95875,72.62275,0.0],[68.93043,72.59805,0.0],[68.91635,72.56538,0.0],[68.89877,72.55345,0.0],[68.88022,72.54377,0.0],[68.8694,72.53238,0.0],[68.87241,72.5187,0.0],[68.88575,72.50633,0.0],[68.91725,72.48395,1.8291],[68.90089,72.47907,0.9582],[68.86606,72.47578,0.0],[68.85231,72.46686,0.0],[68.84946,72.4597,0.0],[68.85084,72.44367,0.0],[68.84962,72.43618,0.0],[68.83082,72.40461,0.0],[68.82496,72.38825,0.0],[68.82911,72.37409,2.0093],[68.82203,72.36278,0.0],[68.81715,72.35065,0.0],[68.81617,72.33828,3.9436],[68.82163,72.32632,12.1374],[68.78248,72.30703,0.0],[68.76791,72.29287,0.0],[68.77377,72.2779,0.0],[68.75392,72.26716,0.0],[68.74431,72.24946,0.0],[68.732919999999993,72.20962,0.0],[68.68458,72.15184,0.0],[68.67774,72.13109,0.0],[68.67514,72.11811,0.0],[68.66944,72.1103,0.0],[68.66277,72.10346,0.0],[68.65707,72.09349,0.0],[68.65577,72.08487,0.0],[68.65707,72.05565,0.0],[68.64373,72.03319,0.0],[68.58074,71.99775,0.0],[68.56105,71.97626,0.0],[68.56105,71.93928,0.0],[68.55633,71.92329,0.0],[68.54444,71.91572,0.0],[68.52898,71.91055,0.0],[68.51319,71.90168,0.0],[68.50213,71.88496,0.0],[68.47885,71.83617,0.0],[68.46852,71.826,0.0],[68.44581,71.8166,0.0],[68.31609,71.72622,0.0],[68.30779,71.71674,0.0],[68.30974,71.70441,0.0],[68.32049,71.69526,0.7117],[68.33513,71.68643,1.3711],[68.34881,71.6752,2.836],[68.30543,71.69611,0.0],[68.25506,71.6883,0.0],[68.01124,71.5716,0.0],[67.94728,71.52757,0.0],[67.92677,71.52155,0.0],[67.87574,71.51752,0.0],[67.84685,71.51093,0.0],[67.74057,71.468,0.0],[67.67945,71.45161,0.0],[67.60499,71.44196,0.0],[67.58595,71.43163,0.0],[67.58839,71.41511,0.0],[67.49391,71.40327,0.0],[67.30926,71.35122,0.0],[67.16961,71.33364,0.0],[67.03346,71.29841,0.0],[66.92701,71.29841,0.0],[66.91212,71.29475,0.0],[66.9004,71.28559,0.0],[66.84506,71.22614,0.0],[66.83237,71.20649,0.0],[66.8274,71.18545,0.0],[66.81129,71.1612,0.0],[66.64552,71.07978,0.0],[66.62045,71.05785,0.0],[66.61573,71.03156,0.0],[66.64275,71.00886,0.7643],[66.69028,71.00137,0.3361],[66.73992,71.00703,1.1227],[66.77223,71.02412,1.3652],[66.76271,71.02904,1.1208],[66.73797,71.05199,1.5113],[66.7575,71.06171,1.5075],[66.78566,71.06712,0.7597],[66.80551,71.07518,0.3081],[66.80006,71.09296,6.7475],[66.81951,71.10098,4.4867],[66.84506,71.09955,8.9154],[66.87062,71.09125,11.8277],[66.8895,71.07868,0.8679],[66.87745,71.07233,0.0],[66.85157,71.06566,0.0],[66.84108,71.05948,0.0],[66.83058,71.04633,0.0],[66.83286,71.04141,0.0],[66.83937,71.03852,0.0],[66.84108,71.03156,0.0],[66.83318,71.01309,0.0],[66.82342,71.00064,0.0],[66.77133,70.95962,0.0],[66.75099,70.94721,0.0],[66.65024,70.91071,0.0],[66.62525,70.89838,0.0],[66.60825,70.88068,0.0],[66.62623,70.85936,0.0],[66.64869,70.84443,3.8028],[66.66774,70.82795,0.0],[66.68873,70.76984,0.0],[66.71998,70.7696,3.162],[66.7964,70.79133,4.3578],[67.04038,70.81574,1.5586],[67.10922,70.83975,7.6014],[67.13844,70.84178,8.8935],[67.25701,70.82559,0.696],[67.29005,70.80805,0.0],[67.31788,70.78408,0.0],[67.33448,70.7578,0.0],[67.33644,70.7355,0.0],[67.327,70.71695,0.0],[67.28981,70.67805,0.0],[67.27662,70.65961,0.0],[67.22055,70.54751,0.0],[67.2151,70.52391,0.0],[67.22495,70.50703,0.0],[67.27654,70.48119,0.0],[67.29282,70.47663,0.0],[67.26979,70.47309,0.0],[67.25506,70.45624,0.0],[67.25261,70.43407,0.0],[67.26629,70.41454,0.0],[67.21925,70.40933,0.0],[67.19321,70.38158,0.0],[67.16383,70.30467,0.0],[67.15056,70.28742,0.0],[67.11606,70.26032,0.0],[67.10182,70.24384,0.0],[67.09425,70.22089,0.0],[67.10524,70.20938,0.0],[67.1255,70.20038,0.0],[67.16456,70.17231,0.0],[67.2435,70.14525,1.1822],[67.2649,70.14509,0.4932],[67.25904,70.16328,0.5327],[67.24741,70.185,0.7124],[67.25196,70.19546,0.7304],[67.27174,70.18887,0.5453],[67.28207,70.17308,0.0],[67.28598,70.15388,0.0],[67.28663,70.13715,0.0],[67.28468,70.1293,0.0],[67.28094,70.12165,0.0],[67.27809,70.11396,0.0],[67.27914,70.10602,0.0],[67.28785,70.09699,0.0],[67.29737,70.09927,0.0],[67.30991,70.10493,0.6048],[67.32765,70.10602,0.4075],[67.29835,70.0585,0.0],[67.25172,70.02123,0.0],[67.19703,69.99579,0.0],[67.14332,69.98314,0.0],[67.05397,69.97573,0.0],[67.02027,69.96459,0.0],[67.00408,69.9632,0.0],[66.98504,69.96955,0.0],[66.9651,69.99624,0.0],[66.97055,70.008,12.3767],[66.98121,70.01602,33.6111],[67.00554,70.03034,0.0],[66.99773,70.03734,0.0],[66.98715,70.05435,0.0],[66.9782,70.0576,0.0],[66.95704,70.05606,0.0],[66.93816,70.05097,0.0],[66.92058,70.04243,0.0],[66.90309,70.03034,0.0],[66.88478,70.01288,0.0],[66.8742,69.99592,0.0],[66.79965,69.81574,0.0],[66.77613,69.78335,0.0],[66.76881,69.76162,0.0],[66.77101,69.74067,0.0],[66.78639,69.72557,0.0],[66.79518,69.71137,0.0],[66.79428,69.68814,0.0],[66.78582,69.64671,0.0],[66.78435,69.62275,0.0],[66.78679,69.60285,0.0],[66.79575,69.58617,0.0],[66.81373,69.57168,0.0],[66.88689,69.53726,0.7754],[66.92888,69.52757,1.0728],[66.95769,69.53685,0.0],[66.86817,69.61274,3.5007],[66.85524,69.63687,9.7006],[66.86866,69.63984,5.5991],[66.93409,69.64012,10.7891],[66.98601,69.64814,5.1827],[66.99969,69.65323,10.8285],[67.00554,69.66446,0.0],[67.00164,69.67365,0.0],[66.99244,69.68081,19.1776],[66.98121,69.68561,20.8972],[66.97136,69.68773,18.1501],[67.01726,69.70307,21.0142],[67.10182,69.69278,25.8851],[67.31495,69.63036,14.1964],[67.45883,69.62714,10.4489],[67.56023,69.59919,1.5572],[67.62908,69.59077,16.7851],[67.68336,69.56029,0.605],[67.82439,69.51073,16.6846],[67.96909,69.49128,1.2536],[68.04021,69.48969,0.0],[68.02442,69.50731,0.0],[68.01401,69.51423,4.6773],[68.01433,69.52167,1.1543],[68.03061,69.54059,15.3727],[68.04558,69.55109,10.7938],[68.06178,69.5537,1.0585],[68.09506,69.55117,11.1383],[68.10662,69.54873,1.5],[68.10548,69.54263,2.6376],[68.09913,69.53474,0.0],[68.09547,69.527,0.0],[68.09685,69.51508,0.0],[68.10231,69.49604,0.0],[68.10222,69.48225,0.0],[68.09742,69.46796,0.0],[68.09067,69.45466,0.0],[68.08815,69.4418,0.0],[68.09547,69.42829,0.0],[68.0879,69.42084,0.0],[68.10499,69.39704,0.0],[68.07846,69.37824,0.0],[68.03972,69.35944,0.0],[68.01979,69.33515,0.0],[68.02622,69.3194,0.0],[68.05974,69.27753,0.0],[68.12534,69.22236,24.6065],[68.37566,69.06769,6.6801],[68.39991,69.04719,2.8752],[68.43775,69.0034,4.2968],[68.45802,68.98456,0.0],[68.48715,68.97016,0.0],[68.68605,68.91844,1.1854],[68.78842,68.91568,10.0014],[68.91326,68.95405,14.5003],[68.99879,68.96491,0.4458],[69.02711,68.96214,1.0491],[69.01287,68.9479,7.4507],[69.21892,68.96214,-0.5523],[69.17994,68.95209,1.5301],[69.09742,68.94107,1.1348],[69.06129,68.92739,1.3979],[69.13071,68.92739,0.0],[69.08758,68.91645,0.0],[68.99399,68.91535,0.0],[68.95143,68.90323,0.0],[68.94606,68.89326,0.0],[68.96176,68.88581,0.0],[68.99977,68.87897,1.3003],[69.10906,68.87897,1.0373],[69.09474,68.85712,0.8521],[69.08562,68.83739,0.0],[69.06935,68.82307,0.0],[69.0197,68.8144,0.0],[69.01295,68.80646,0.0],[69.0066,68.784,0.0],[69.00733,68.78022,0.0],[69.01043,68.7768,0.0],[69.01238,68.77261,0.0],[69.00978,68.76659,0.0],[68.99293,68.74555,0.0],[68.98536,68.72736,0.0],[68.95216,68.6944,0.0],[68.94459,68.67756,0.0],[68.93849,68.65668,0.0],[68.92351,68.63727,0.0],[68.76002,68.50438,0.0],[68.6906,68.46703,0.0],[68.66049,68.44416,0.0],[68.64015,68.42475,0.0],[68.61557,68.40599,0.0],[68.57032,68.38288,0.0],[68.56105,68.3725,0.0],[68.56479,68.3498,0.0],[68.58937,68.33234,0.3479],[68.62306,68.32404,1.532],[68.65089,68.31786,1.08],[68.60914,68.319,0.4615],[68.59571,68.31786,0.5773],[68.55795,68.30598,0.0],[68.54786,68.30419,0.0],[68.48585,68.26948,0.0],[68.48064,68.2495,0.0],[68.44809,68.23798,0.0],[68.38282,68.22846,0.0],[68.32057,68.19741,0.0],[68.2881,68.1883,0.0],[68.25994,68.20116,0.9309],[68.27003,68.20539,0.7623],[68.27809,68.21345,0.0],[68.28224,68.22419,0.0],[68.28045,68.23591,0.0],[68.26254,68.24909,0.0],[68.23569,68.24909,0.0],[68.18426,68.24213,0.0],[68.19264,68.25625,0.0],[68.19801,68.26317,0.2103],[68.20533,68.26948,0.0],[68.20314,68.29475,0.4863],[68.25864,68.33389,0.0],[68.24635,68.35513,0.0],[68.17742,68.38923,0.0],[68.16285,68.40034,0.0],[68.15016,68.41299,0.0],[68.13494,68.42341,0.0],[68.11256,68.42772,0.0],[68.06153,68.43183,0.0],[67.90463,68.47036,0.0],[67.87713,68.47362,0.0],[67.81837,68.47187,0.0],[67.79322,68.47858,0.0],[67.70509,68.51586,0.0],[67.80812,68.50288,0.0],[67.58351,68.60334,0.0],[67.38103,68.67031,0.0],[67.35865,68.68407,0.0],[67.33033,68.69676,0.0],[67.29282,68.70165,0.0],[67.2212,68.7014,0.0],[67.1963,68.70734,0.0],[67.17823,68.72163,0.0],[67.16228,68.73945,0.0],[67.14332,68.75605,0.0],[67.05551,68.78144,8.5973],[67.03972,68.79706,2.3004],[67.04615,68.8183,0.7077],[67.07211,68.82868,1.9677],[67.12908,68.83861,0.0],[67.0901,68.85566,0.0],[66.99057,68.87629,0.0],[66.67848,68.89594,0.0],[66.3755,68.95474,0.0],[66.32879,68.96381,0.0],[66.23373,69.00129,0.0],[66.1753,69.01423,0.0],[66.11427,69.03726,0.0],[66.08717,69.04182,0.0],[66.03142,69.04377,0.0],[65.95387,69.05809,0.0],[65.8506,69.06428,0.0],[65.77345,69.07819,0.0],[65.71616,69.07978,0.0],[65.68971,69.08503,5.4133],[65.67498,69.09284,1.8857],[65.63502,69.12665,-1.5096],[65.64617,69.1306,-1.5],[65.65553,69.12775,-0.2961],[65.66521,69.12238,-0.1374],[65.67661,69.11921,-1.6742],[65.69386,69.12031,-0.3418],[65.72706,69.12653,0.3704],[65.74488,69.12665,0.0],[65.73422,69.1127,-1.0172],[65.75367,69.10663,0.0],[65.88299,69.10578,0.0],[65.9026,69.11298,0.0],[65.86492,69.13251,0.0],[65.81723,69.14265,0.0],[65.41944,69.17707,0.0],[65.06821,69.26805,0.0],[65.03791,69.27105,0.0],[65.03792,69.27102,0.0],[65.03503,69.25991,0.0],[65.031,69.24937,2.2266],[65.00268,69.21738,15.597],[65.0002,69.21324,26.1505],[64.99679,69.20983,25.101],[64.98997,69.20472,16.7544],[64.95958,69.19443,9.3025],[64.91164,69.18014,0.0],[64.83781,69.14794,0.9621],[64.8095,69.13629,1.6959],[64.79556,69.13588,0.0],[64.77417,69.13754,2.1026],[64.7599,69.13485,0.0],[64.74853,69.13097,0.0],[64.73985,69.12524,0.0],[64.68663,69.0808,0.0],[64.60498,69.04465,2.278],[64.54514,69.03219,0.0],[64.53521,69.02829,2.4311],[64.52726,69.02323,4.1082],[64.52074,69.0178,3.5512],[64.51609,69.0124,2.6616],[64.51299,69.00742,4.5346],[64.51206,69.00339,3.4702],[64.51186,69.00132,2.8799],[64.51237,68.99884,3.3154],[64.51403,68.99196,0.0],[64.52064,68.98607,0.0],[64.53087,68.97936,4.9715],[64.57159,68.96194,0.0],[64.58017,68.95248,4.8531],[64.5811,68.94639,7.3249],[64.58038,68.94055,3.2341],[64.57676,68.93548,4.0],[64.56901,68.93057,5.8888],[64.53025,68.91267,36.3325],[64.52602,68.90654,36.4395],[64.52757,68.89944,7.6057],[64.54235,68.88122,36.948],[64.55413,68.8714,39.559],[64.57883,68.86479,9.2591],[64.60715,68.86164,4.0],[64.65996,68.86293,10.4537],[64.73148,68.85621,41.6635],[64.74357,68.85712,31.1511],[64.75246,68.86071,19.0584],[64.75567,68.86536,5.5],[64.75567,68.87016,69.5592],[64.75412,68.87502,62.1026],[64.7537,68.87998,40.3724],[64.75753,68.88499,41.533],[64.76579,68.88949,50.0423],[64.77696,68.89187,33.1034],[64.78977,68.89228,5.5],[64.80352,68.89083,58.388],[64.84662,68.87737,22.7915],[64.86181,68.87404,7.0],[64.87607,68.87264,59.3961],[64.88909,68.87303,33.4374],[64.90429,68.87135,42.5321],[64.92155,68.86629,40.5293],[64.9479,68.85332,30.3617],[64.9818,68.84267,20.9064],[65.00227,68.83911,43.5244],[65.01498,68.83539,87.6405],[65.06448,68.81399,39.716],[65.0803,68.80968,55.6324],[65.09456,68.80769,47.5972],[65.12184,68.80691,15.0],[65.19202,68.82071,68.8909],[65.2037,68.82076,20.3754],[65.24711,68.80888,73.6161],[65.26127,68.80701,56.0782],[65.28711,68.80748,37.4399],[65.30106,68.80608,37.0558],[65.31491,68.80329,66.5577],[65.34147,68.79167,27.5974],[65.34374,68.78634,90.3634],[65.34426,68.78149,85.2941],[65.3301,68.74531,77.6937],[65.32659,68.73994,92.8136],[65.32566,68.73498,91.835],[65.32638,68.73002,84.3733],[65.33,68.72581,79.8121],[65.33837,68.72299,80.9249],[65.34922,68.72294,85.0979],[65.3948,68.73028,72.5662],[65.40276,68.73033,64.3275],[65.40751,68.72738,61.8165],[65.41123,68.7233,62.3554],[65.42343,68.7047,70.0276],[65.42467,68.70072,57.2398],[65.41981,68.69767,48.9624],[65.38953,68.68888,58.7162],[65.3826,68.68496,62.2194],[65.38302,68.68067,71.3462],[65.39005,68.6755,71.6126],[65.39966,68.66966,63.8496],[65.40834,68.66103,54.4503],[65.41671,68.65565,51.7828],[65.42777,68.65209,47.5725],[65.45195,68.64671,47.4988],[65.45939,68.64274,53.8232],[65.48544,68.62041,72.3271],[65.50518,68.59726,62.8109],[65.51024,68.59276,65.3294],[65.51665,68.58837,63.3202],[65.52471,68.58424,63.0895],[65.53515,68.58062,57.2229],[65.54704,68.57809,53.906],[65.60109,68.57439,60.5049],[65.61504,68.57191,59.4147],[65.63964,68.56478,58.434],[65.64822,68.56057,59.1809],[65.65432,68.55618,59.9733],[65.65442,68.55044,66.6499],[65.64967,68.54372,76.9824],[65.63086,68.533,68.4797],[65.6197,68.52517,56.4637],[65.61318,68.51667,78.9254],[65.61349,68.50057,99.4654],[65.61194,68.49546,88.9358],[65.60419,68.48882,76.8646],[65.59003,68.4813,79.3642],[65.53836,68.46001,75.0529],[65.51241,68.44228,65.2343],[65.48048,68.43045,68.9498],[65.47025,68.42425,67.2269],[65.46002,68.41458,68.9994],[65.42188,68.38678,76.3163],[65.41826,68.38068,93.6965],[65.4164,68.37397,95.5188],[65.41516,68.36317,68.9105],[65.41206,68.35443,69.4747],[65.40276,68.34291,76.6254],[65.35201,68.3057,94.1476],[65.3455,68.29914,93.3129],[65.3362,68.28198,88.6208],[65.33072,68.27516,75.2424],[65.32287,68.27005,79.1207],[65.30251,68.2657,91.2552],[65.29599,68.2618,85.6852],[65.29134,68.25702,88.9888],[65.27656,68.23563,79.7152],[65.27377,68.23046,95.5985],[65.27253,68.2239,105.6091],[65.27274,68.2164,97.6004],[65.27894,68.20493,82.8082],[65.28897,68.19191,95.7224],[65.29083,68.1871,88.3485],[65.29196,68.1822,89.1365],[65.29351,68.16695,84.0],[65.29382,68.14799,86.0],[65.29475,68.14266,89.3623],[65.29641,68.13786,91.8694],[65.32876,68.09595,102.4772],[65.33062,68.09065,102.152],[65.3301,68.08468,111.5615],[65.29052,68.02246,128.5867],[65.28855,68.01735,130.273],[65.28979,68.01233,121.5988],[65.29703,68.00815,137.3263],[65.31946,67.99988,130.0867],[65.34374,67.98753,110.7355],[65.36927,67.96955,117.0204],[65.37857,67.9604,120.7645],[65.38229,67.95585,123.5371],[65.39191,67.94671,124.6986],[65.41309,67.93379,150.8193],[65.42942,67.92154,180.7594],[65.43655,67.91996,177.5506],[65.56678,67.93394,158.1643],[65.72894,67.92273,174.6592],[65.7801,67.92376,208.4781],[65.84883,67.93787,248.1815],[65.89988,67.95921,319.2104],[65.91125,67.96076,353.496],[65.92304,67.95882,362.6894],[65.98649,67.93565,707.4659],[65.99952,67.93301,637.952],[66.01244,67.93234,883.1485],[66.06081,67.9372,501.7591],[66.0729,67.93627,551.9814],[66.08313,67.93363,692.0666],[66.08954,67.92965,777.2722],[66.09346,67.9251,518.3076],[66.09626,67.91358,720.2625],[66.09284,67.90472,822.321],[66.08592,67.89549,719.8398],[66.05925,67.87937,388.6439],[66.05429,67.87177,354.8722],[66.05336,67.86627,298.7222],[66.05336,67.85586,327.1812],[66.05202,67.85074,580.0808],[66.04995,67.84555,719.3111],[66.04623,67.83927,925.3317],[66.02215,67.80808,636.9297],[66.01998,67.80299,669.0186],[66.01957,67.79814,950.1876],[66.02236,67.79421,872.2759],[66.03114,67.79188,975.7416],[66.05398,67.78829,1078.1973],[66.06287,67.7848,976.3286],[66.06845,67.78082,1021.8026],[66.07569,67.777,838.5132],[66.08654,67.77462,759.8714],[66.09194,67.77416,705.1453],[66.12509,67.77132,581.0499],[66.13667,67.76853,613.4188],[66.147,67.76486,413.0677],[66.19816,67.73959,373.6979],[66.20312,67.73504,479.2688],[66.20622,67.73039,530.2925],[66.20746,67.72553,570.8495],[66.20953,67.70527,601.4681],[66.2086,67.69985,617.184],[66.20591,67.69303,524.1494],[66.19568,67.68186,537.2068],[66.18421,67.67313,601.9736],[66.15165,67.65716,689.3995],[66.12798,67.65003,689.0284],[66.10473,67.64657,685.8325],[66.09264,67.64709,685.9052],[66.08096,67.64964,845.8078],[66.0444,67.66323,850.9237],[66.00903,67.67639,1267.0386],[66.00003,67.67768,1251.6459],[65.99115,67.67794,1290.9928],[65.97905,67.67499,1112.116],[65.9435,67.66274,917.402],[65.87467,67.65882,725.1262],[65.85162,67.65448,851.2867],[65.84066,67.64964,1021.8226],[65.83116,67.64267,816.581],[65.82423,67.6305,364.2166],[65.82609,67.62319,449.4442],[65.83519,67.61763,393.3432],[65.8478,67.61386,716.602],[65.8572,67.60988,1056.9073],[65.85875,67.6058,823.3104],[65.84811,67.60081,772.8863],[65.81462,67.58998,336.0983],[65.80511,67.5844,633.3799],[65.79808,67.57748,396.9767],[65.79612,67.56784,228.1205],[65.80046,67.56187,246.8572],[65.81059,67.55779,227.6181],[65.82309,67.55567,216.2088],[65.83601,67.55515,215.8649],[65.97076,67.56999,809.6681],[66.02587,67.57606,943.8249],[66.036,67.5751,875.9163],[66.04148,67.57169,710.2955],[66.0453,67.56745,702.3893],[66.04892,67.5628,673.7057],[66.0884,67.53154,518.8025],[66.09719,67.52236,542.7905],[66.10039,67.51769,652.0916],[66.10566,67.50821,621.9369],[66.10897,67.49857,572.0955],[66.10969,67.49371,494.1624],[66.11,67.48877,538.3569],[66.10308,67.47981,434.7552],[66.08871,67.46759,445.9743],[66.00779,67.41594,641.8178],[65.97378,67.40214,591.4711],[65.9372,67.39323,484.9806],[65.8049,67.38248,355.1377],[65.7995,67.38315,361.1722],[65.73855,67.39077,509.1623],[65.71323,67.39025,702.6227],[65.70165,67.38873,664.9108],[65.69091,67.38472,777.2366],[65.68284,67.37878,759.7639],[65.67799,67.36917,762.219],[65.68109,67.36292,853.2072],[65.68667,67.35754,747.3931],[65.70982,67.34483,430.4478],[65.71261,67.34015,392.331],[65.70796,67.33501,455.0103],[65.66186,67.31072,662.127],[65.6476,67.307,289.2207],[65.59954,67.29951,833.8549],[65.58879,67.29646,730.7493],[65.57856,67.29145,645.9874],[65.56967,67.28463,679.3779],[65.55407,67.26763,560.4458],[65.54115,67.26189,600.7419],[65.50745,67.25212,856.6066],[65.42219,67.21512,886.9706],[65.40968,67.21213,821.0206],[65.37341,67.2082,946.0611],[65.32762,67.19874,877.126],[65.31604,67.19368,969.1085],[65.24432,67.15254,664.3153],[65.23419,67.14877,890.002],[65.22241,67.14743,784.7445],[65.19791,67.14743,921.2513],[65.19016,67.145,837.622],[65.19295,67.13606,780.9165],[65.20773,67.12474,765.8369],[65.20876,67.11869,792.3009],[65.2038,67.11017,798.2613],[65.20463,67.10205,574.4016],[65.20804,67.09601,453.2232],[65.21373,67.0912,401.542],[65.21827,67.08665,478.4681],[65.21869,67.08128,407.1284],[65.21579,67.0756,388.199],[65.20556,67.06867,467.2805],[65.19481,67.06459,440.2292],[65.17156,67.06076,316.91],[65.13456,67.06097,428.3256],[65.11068,67.05898,314.2131],[65.08981,67.0541,246.3879],[65.08267,67.04852,238.7956],[65.07813,67.04154,275.4189],[65.07926,67.03066,223.1917],[65.08154,67.02562,245.0928],[65.08763,67.02066,221.2353],[65.09394,67.01679,200.0363],[65.09952,67.01234,170.289],[65.10376,67.008,157.7995],[65.10541,67.00397,172.5833],[65.10624,67.00139,201.9332],[65.10708,66.98362,343.6154],[65.1081,66.96219,836.5169],[65.11275,66.94377,655.368],[65.11616,66.91535,683.9169],[65.11616,66.90832,951.5856],[65.11037,66.89974,776.311],[65.10469,66.89463,490.312],[65.06366,66.88088,814.5836],[64.99916,66.86543,574.3315],[64.99059,66.86501,564.6287],[64.95348,66.8707,564.6802],[64.93674,66.86868,707.637],[64.91783,66.86261,716.2092],[64.86698,66.84052,706.0078],[64.85044,66.83742,698.7075],[64.81447,66.8352,775.9281],[64.76393,66.82212,641.8706],[64.76037,66.8217,645.8424],[64.58699,66.80094,583.643],[64.57645,66.79799,543.1217],[64.56694,66.79365,529.1187],[64.56012,66.78652,595.8417],[64.55723,66.78052,545.1421],[64.55599,66.77494,574.8003],[64.55423,66.76993,596.5161],[64.54917,66.76419,763.0217],[64.54266,66.75851,768.3608],[64.53769,66.75169,819.1518],[64.53893,66.74642,890.7019],[64.54183,66.74143,918.0497],[64.544,66.7367,1081.5072],[64.54121,66.73195,1294.3107],[64.53408,66.72787,1202.5212],[64.50658,66.72285,942.0541],[64.48209,66.72117,1051.7738],[64.47,66.72218,851.2045],[64.44685,66.72709,953.7133],[64.43506,66.72758,740.6926],[64.41295,66.72352,858.449],[64.38577,66.7121,1027.8867],[64.35176,66.69154,742.9899],[64.33719,66.67882,997.5956],[64.3282,66.67314,1013.5352],[64.31559,66.66771,1001.8855],[64.29481,66.66311,799.2408],[64.27931,66.66151,779.0496],[64.19973,66.66363,887.7075],[64.08532,66.6487,833.7279],[64.00894,66.65474,616.7068],[63.9924,66.65433,649.8828],[63.98135,66.65146,685.3945],[63.96925,66.64632,925.9625],[63.93205,66.62188,635.7421],[63.91789,66.61051,475.7503],[63.90228,66.5949,584.7631],[63.89536,66.59185,662.8368],[63.87355,66.58989,630.9863],[63.86156,66.58725,960.949],[63.8504,66.58209,1010.2948],[63.83924,66.57216,897.0441],[63.83283,66.56498,622.6518],[63.82818,66.55857,732.3778],[63.82032,66.55279,696.7277],[63.80854,66.54715,761.113],[63.71976,66.52341,864.7078],[63.70798,66.52263,774.7791],[63.68297,66.5238,405.7744],[63.66932,66.52317,300.839],[63.65485,66.51925,351.0574],[63.62447,66.49956,604.3517],[63.6069,66.49093,522.3249],[63.54096,66.47083,570.0394],[63.51708,66.46835,468.4656],[63.49724,66.46897,672.8769],[63.43967,66.48509,749.5795],[63.42737,66.48478,617.9984],[63.41487,66.48013,525.3954],[63.40877,66.47372,530.3451],[63.40805,66.46814,626.8015],[63.40846,66.46292,583.5789],[63.40836,66.45791,822.3399],[63.40402,66.45186,873.59],[63.36144,66.42163,751.8735],[63.34986,66.416,677.0636],[63.30573,66.40024,774.8536],[63.29736,66.39502,794.0822],[63.29167,66.38752,618.5881],[63.29012,66.38163,734.1191],[63.2895,66.37107,638.5241],[63.2865,66.36567,475.4348],[63.28196,66.36019,459.8733],[63.24155,66.32804,567.5208],[63.23845,66.31962,469.9077],[63.24062,66.31311,447.2184],[63.28041,66.29244,631.1089],[63.29395,66.28355,556.652],[63.30252,66.27443,531.2413],[63.30438,66.26962,609.7574],[63.30573,66.26474,684.4106],[63.30635,66.25983,707.3521],[63.30655,66.25482,762.6794],[63.3048,66.24957,842.9688],[63.30139,66.24417,919.1721],[63.2955,66.23921,940.6476],[63.28795,66.23534,853.9271],[63.27669,66.23492,704.3403],[63.26418,66.2356,698.915],[63.21168,66.24735,713.1671],[63.17044,66.26216,545.9656],[63.16083,66.26453,562.95],[63.15039,66.26448,558.4899],[63.10543,66.24991,578.7102],[63.06585,66.23193,374.5966],[63.02151,66.2034,823.4286],[63.01252,66.19542,750.3674],[63.00363,66.18521,577.6513],[62.9996,66.18128,583.3326],[62.98936,66.17307,499.5248],[62.98389,66.16785,534.4269],[62.97975,66.16242,500.5334],[62.97665,66.157,416.572],[62.97541,66.15183,337.3735],[62.97479,66.1417,392.226],[62.97148,66.13126,487.8511],[62.96704,66.12067,500.3645],[62.9627,66.11514,520.1501],[62.95278,66.10824,435.0481],[62.93645,66.10046,505.2596],[62.8702,66.07912,426.9135],[62.86224,66.07473,415.3137],[62.85573,66.06749,436.6413],[62.85439,66.06165,453.6533],[62.85449,66.05612,588.9838],[62.85594,66.05121,718.0359],[62.85511,66.04605,817.9766],[62.85284,66.04067,736.3148],[62.84705,66.03478,549.3195],[62.82483,66.01786,806.3694],[62.82142,66.01246,870.1833],[62.8241,66.00786,803.0207],[62.83061,66.00414,803.6208],[62.87206,65.98814,671.5916],[62.8795,65.98409,746.9935],[62.88415,65.97985,760.8676],[62.8795,65.97401,740.8052],[62.80746,65.9366,635.3942],[62.80281,65.93148,657.4457],[62.80529,65.92693,867.1863],[62.81108,65.92264,822.5073],[62.8332,65.91014,693.1345],[62.84488,65.9014,638.7742],[62.85439,65.89246,691.8348],[62.85666,65.88766,665.1017],[62.85759,65.8827,680.3005],[62.85759,65.87779,678.9949],[62.85067,65.87298,700.9523],[62.83857,65.86926,713.3691],[62.72406,65.86084,585.3539],[62.6821,65.86234,548.8052],[62.52324,65.83882,732.9525],[62.50412,65.83092,777.6262],[62.15076,65.7356,755.1215],[62.13185,65.72808,626.6592],[62.10053,65.72152,577.8684],[62.01847,65.71713,1063.1993],[62.2784,65.62292,557.3692],[62.28119,65.61827,517.7354],[62.28491,65.60861,488.5204],[62.28897,65.60082,540.1784],[62.28987,65.5991,572.8687],[62.29762,65.57982,631.9188],[62.3092,65.56117,581.7358],[62.3122,65.55553,536.2501],[62.31685,65.54928,436.782],[62.32501,65.5407,325.7196],[62.33452,65.53566,296.647],[62.41059,65.51541,258.3769],[62.41214,65.50967,263.2985],[62.40883,65.50357,242.6067],[62.39788,65.49223,264.1477],[62.37659,65.45936,193.9932],[62.37421,65.45399,170.055],[62.37359,65.44887,147.1877],[62.37752,65.44055,140.0129],[62.38651,65.42965,132.2989],[62.43612,65.38195,137.8251],[62.48128,65.34929,118.6312],[62.51653,65.3388,115.3555],[62.79837,65.30253,152.1628],[62.81149,65.29694,154.6123],[62.81666,65.29157,152.3907],[62.81604,65.28651,147.007],[62.8118,65.2708,147.6412],[62.80953,65.26547,148.9399],[62.80705,65.25509,156.7223],[62.80653,65.24501,159.4963],[62.80922,65.2338,162.5611],[62.81232,65.22651,159.407],[62.81491,65.21512,171.3463],[62.8146,65.20987,174.1885],[62.81356,65.20455,174.5838],[62.80085,65.17271,151.6742],[62.79961,65.1675,150.6519],[62.79909,65.15742,146.9624],[62.79971,65.15251,145.2473],[62.80157,65.14672,143.0789],[62.8086,65.13096,130.5494],[62.80994,65.12424,127.8505],[62.80963,65.11809,123.4048],[62.80891,65.11282,118.4649],[62.8087,65.10771,117.0469],[62.80364,65.08187,122.1424],[62.80312,65.07179,121.104],[62.80374,65.06177,123.8924],[62.80147,65.05143,126.0281],[62.78504,65.00931,120.1582],[62.78008,65.00048,123.0538],[62.73377,64.94896,134.1985],[62.72416,64.94182,133.4188],[62.69946,64.92862,134.4244],[62.69202,64.92338,135.1653],[62.68675,64.91792,135.9614],[62.68354,64.91258,138.9469],[62.67765,64.89123,158.3339],[62.67765,64.88529,162.9085],[62.67869,64.87806,157.7946],[62.68427,64.8732,159.2455],[62.69471,64.86984,153.9457],[62.77253,64.85754,148.4035],[62.78576,64.8541,146.1317],[62.79899,64.84744,147.6735],[62.81046,64.83573,156.3635],[62.82018,64.82069,145.9189],[62.8241,64.81175,141.2103],[62.82514,64.80519,136.1984],[62.82297,64.80075,136.2084],[62.8177,64.79749,133.0521],[62.78938,64.79258,130.4164],[62.78628,64.78524,128.3382],[62.78969,64.77362,132.3796],[62.80364,64.74739,133.1903],[62.80643,64.73517,152.2378],[62.80281,64.72628,148.9281],[62.753,64.69677,144.0821],[62.74401,64.69274,146.3488],[62.60045,64.64505,143.3437],[62.59259,64.64045,147.5715],[62.58701,64.63461,143.8177],[62.58856,64.61673,128.6839],[62.58836,64.61037,126.1213],[62.58639,64.6051,123.645],[62.58246,64.59952,117.4796],[62.56882,64.58805,107.7569],[62.5435,64.5728,120.4606],[62.53658,64.56717,115.9429],[62.53203,64.55999,115.3486],[62.53565,64.55477,111.5239],[62.54319,64.55027,104.4131],[62.63745,64.5187,92.0345],[62.679,64.49663,88.9708],[62.68819,64.49379,87.8986],[62.69915,64.49219,81.799],[62.79093,64.49325,87.6034],[62.83258,64.49826,93.9026],[62.8424,64.49643,89.4427],[62.85263,64.49338,101.4851],[62.88953,64.47862,77.8114],[62.89986,64.47661,76.9953],[62.90865,64.47762,81.1285],[62.91753,64.48082,87.9256],[62.95133,64.49984,87.5448],[62.96084,64.50325,91.5799],[63.21478,64.52596,111.7709],[63.22615,64.52531,112.8554],[63.237,64.52356,106.2247],[63.33994,64.48658,109.8524],[63.3605,64.47632,110.4008],[63.37311,64.46836,114.8423],[63.38211,64.46366,119.5122],[63.39213,64.46152,117.4155],[63.43595,64.46335,103.7041],[63.44711,64.46247,103.384],[63.45828,64.45948,102.651],[63.46313,64.45519,102.5352],[63.46665,64.45054,102.0029],[63.47027,64.44098,99.5659],[63.47492,64.42137,103.5833],[63.48122,64.41075,99.9815],[63.50137,64.3848,105.9638],[63.50437,64.37969,105.8674],[63.5053,64.37519,114.059],[63.50262,64.37114,123.6518],[63.42355,64.33731,149.7907],[63.41683,64.33282,150.0836],[63.41342,64.32822,146.9207],[63.41714,64.32388,145.3772],[63.46913,64.29499,134.4945],[63.47833,64.29132,137.7278],[63.48794,64.28853,140.2755],[63.49889,64.28755,141.6059],[63.52101,64.28838,156.709],[63.53558,64.28683,152.5272],[63.55305,64.28331,134.4177],[63.58075,64.27256,118.2291],[63.61145,64.26848,138.3155],[63.78704,64.2813,115.5374],[63.83427,64.27949,114.3342],[63.8782,64.28256,134.5728],[63.88791,64.2844,137.2571],[63.89567,64.28714,139.6827],[63.89897,64.2913,134.6525],[63.89959,64.29608,128.5684],[63.89877,64.306,120.3467],[63.8997,64.31086,121.7448],[63.90362,64.31576,134.4001],[63.91096,64.3198,130.6895],[63.97669,64.34282,139.2811],[63.98538,64.34698,140.3166],[63.99271,64.35168,145.4436],[64.00202,64.35561,146.9314],[64.01618,64.35744,142.8247],[64.44426,64.35623,169.7512],[64.47703,64.36021,165.5002],[64.50152,64.37101,165.9707],[64.581,64.42746,171.5396],[64.60115,64.43731,165.4596],[64.62224,64.43868,157.7421],[64.71288,64.42465,148.5472],[64.76083,64.42684,143.8923],[64.99524,64.46588,45.9932],[65.01188,64.46542,35.7654],[65.1759,64.44578,14.7147],[65.18995,64.44888,10.2913],[65.20029,64.45384,10.5762],[65.29269,64.52234,9.725],[65.33372,64.5457,10.1808],[65.38043,64.56583,11.8518],[65.39966,64.57136,6.9647],[65.73049,64.57872,9.7301],[65.75839,64.57585,11.4513],[65.76956,64.57094,11.622],[65.78155,64.56815,10.4973],[65.79271,64.56658,10.2292],[65.88345,64.56862,11.2649],[65.90516,64.5712,10.5503],[65.92541,64.57596,10.1192],[65.96448,64.58895,11.4067],[66.019049999999993,64.59482,11.0845],[66.14607,64.58593,28.3853],[66.43401,64.51524,23.8695],[66.46564,64.51198,10.9805],[66.4705,64.51689,27.9603],[66.47391,64.52185,32.7592],[66.47794,64.52614,35.6054],[66.48497,64.52919,33.5159],[66.64826,64.55606,35.6731],[66.68165,64.55746,29.8364],[66.88029,64.51648,77.2289],[66.90478,64.50883,69.5947],[66.92742,64.49612,70.0113],[66.93259,64.49167,74.9341],[66.93631,64.48705,100.0755],[66.93713,64.48206,92.9081],[66.936,64.47707,129.6298],[66.93383,64.47193,111.7561],[66.93321,64.46697,128.505],[66.93372,64.46198,124.5408],[66.93538,64.45718,123.7483],[66.93775,64.4524,102.2404],[66.9393,64.44759,92.2005],[66.93941,64.44268,104.2264],[66.93538,64.43736,103.9385],[66.90189,64.4092,111.7459],[66.89755,64.40387,102.4086],[66.89517,64.39865,95.0948],[66.89383,64.39364,97.806],[66.89383,64.38863,101.356],[66.89166,64.38346,107.7525],[66.88732,64.37814,103.9521],[66.88019,64.37276,108.1675],[66.84536,64.35282,96.1278],[66.80856,64.33623,116.2551],[66.80112,64.33101,103.0895],[66.79637,64.32615,106.8008],[66.79585,64.32129,110.2218],[66.80205,64.31215,107.137],[66.80443,64.30739,121.8842],[66.80505,64.30248,136.6026],[66.80267,64.29732,130.858],[66.79616,64.28693,160.0047],[66.79451,64.28062,166.2543],[66.79482,64.27256,156.1764],[66.79699,64.25706,139.6653],[66.80536,64.24037,156.2097],[66.81869,64.22561,151.9355],[66.88804,64.19794,154.9652],[67.06064,64.17306,160.5904],[67.08638,64.1734,176.1845],[67.17092,64.16285,167.5101],[67.17681,64.15836,175.824],[67.17671,64.15314,163.3919],[67.16565,64.14213,171.8219],[67.1612,64.13624,171.2479],[67.16027,64.13074,182.8539],[67.16616,64.12513,195.0626],[67.17547,64.1234,195.7355],[67.22528,64.12363,189.7648],[67.24668,64.12043,188.2977],[67.25763,64.1165,171.4478],[67.26383,64.11185,165.1596],[67.26404,64.10689,149.5799],[67.26311,64.1018,141.3564],[67.26342,64.09536,152.1301],[67.26621,64.08901,166.4816],[67.28068,64.08061,143.333],[67.28791,64.08053,165.6862],[67.30331,64.08493,137.6947],[67.3984,64.09666,140.3251],[67.41411,64.09609,157.7652],[67.42537,64.0933,153.9289],[67.43312,64.08934,124.8452],[67.43705,64.08467,149.0045],[67.44284,64.07449,158.9801],[67.44697,64.06901,148.7495],[67.45442,64.06767,149.6543],[67.4633,64.06803,160.3639],[67.47116,64.07035,142.6608],[67.47509,64.07407,148.2883],[67.47736,64.08327,150.6204],[67.48108,64.08746,152.9826],[67.49369,64.08808,149.0633],[67.51415,64.08606,152.1491],[67.54258,64.07666,134.9581],[67.56056,64.07252,142.2777],[67.57503,64.07061,142.1576],[67.6791,64.07903,141.5122],[67.69027,64.07705,142.6838],[67.70112,64.07394,129.391],[67.78607,64.03379,133.173],[67.79889,64.03165,131.7496],[67.80933,64.03201,134.4793],[67.81429,64.03565,133.3275],[67.81863,64.04043,115.4738],[67.82432,64.04581,134.5176],[67.84033,64.05671,120.2158],[67.88498,64.07937,112.1158],[67.89821,64.09009,114.8118],[67.91392,64.10637,102.012],[67.91992,64.11141,96.4737],[67.92632,64.11552,100.6087],[67.93563,64.11759,112.2964],[68.01231,64.12327,94.4405],[68.17861,64.17616,98.9209],[68.18636,64.17973,94.7817],[68.18915,64.18404,106.5019],[68.19101,64.19396,102.6433],[68.1937,64.19892,99.4911],[68.19866,64.20383,103.9208],[68.20651,64.20771,104.9774],[68.25561,64.22295,100.8016],[68.425,64.29597,101.4647],[68.45456,64.29623,103.9462],[68.68679,64.25634,110.378],[68.81061,64.22125,111.0178],[68.83066,64.21784,99.9147],[68.8533,64.21784,107.1153],[68.87407,64.22037,114.8214],[68.88213,64.22264,118.7468],[68.88616,64.2259,109.0289],[68.8873,64.23029,106.104],[68.88513,64.23977,99.9242],[68.88337,64.25939,105.5935],[68.88523,64.26435,105.4085],[68.88854,64.26926,105.5513],[68.89484,64.27396,101.9273],[68.96874,64.30848,101.5145],[68.98476,64.31928,92.881],[68.9891,64.32455,87.6873],[68.99045,64.32961,85.8176],[68.98786,64.33426,85.734],[68.96688,64.3523,103.8531],[68.86818,64.42284,108.1648],[68.86373,64.42744,110.8022],[68.86043,64.43183,110.2039],[68.85919,64.43571,111.5023],[68.86467,64.4385,108.8204],[68.89319,64.44268,113.184],[69.01484,64.47183,103.4972],[69.05194,64.47343,114.2234],[69.06806,64.46526,106.2528],[69.07974,64.46118,106.4489],[69.09494,64.45777,102.4517],[69.11767,64.45534,100.4622],[69.14547,64.45718,103.3559],[69.21358,64.47188,97.0772],[69.23084,64.47002,97.2869],[69.24407,64.46583,95.7336],[69.28955,64.43868,98.5425],[69.33678,64.41788,96.8493],[69.35032,64.4092,97.9522],[69.36086,64.39995,98.8286],[69.3683,64.39529,99.3302],[69.37854,64.39039,100.5389],[69.38959,64.38852,98.8391],[69.69314,64.4,109.1811],[69.73293,64.39416,113.5496],[69.77303,64.37648,111.5743],[69.80332,64.35845,119.0204],[69.82533,64.34103,125.8747],[69.99989,64.31589,124.1333],[70.09828,64.31757,121.1997],[70.13291,64.32486,121.2148],[70.16298,64.33587,119.5315],[70.2097,64.34749,121.8577],[70.22438,64.34961,122.5881],[70.2468,64.35008,119.9614],[70.30685,64.34357,122.1779],[70.4503,64.26109,116.1246],[70.47273,64.25161,117.6559],[70.6721,64.2368,112.2278],[70.68616,64.23329,112.1284],[70.70497,64.22647,110.0],[70.76894,64.19355,112.7182],[70.78289,64.17259,108.9139],[70.7891,64.15112,107.96],[70.78455,64.1319,110.7182],[70.77576,64.11433,107.214],[70.75478,64.10022,110.1936],[70.56968,64.01542,100.913],[70.56079,64.00638,100.3244],[70.55831,64.00224,100.0438],[70.55862,64.00049,100.0469],[70.58952,63.97077,100.7892],[70.62911,63.94189,99.2334],[70.63376,63.93568,98.4352],[70.63531,63.92995,99.6805],[70.63376,63.91912,97.4004],[70.63438,63.91253,94.0051],[70.63768,63.90323,96.3809],[70.64419,63.89713,93.4687],[70.6536,63.8922,93.4639],[70.7123,63.87657,93.5744],[70.72946,63.86819,93.7794],[70.75695,63.85057,96.6314],[70.81318,63.82171,97.5],[70.81938,63.81639,97.5],[70.82403,63.8113,99.3779],[70.82847,63.80184,101.5],[70.89224,63.72402,112.9601],[70.90371,63.70516,113.7018],[70.91384,63.69239,113.5037],[70.92345,63.68722,120.5285],[70.93389,63.68449,117.6932],[71.00851,63.68645,117.4921],[71.02949,63.68492,117.5269],[71.11574,63.68901,111.5],[71.20261,63.69312,108.0],[71.38761,63.67461,110.661],[71.40373,63.67048,108.7552],[71.49758,63.6247,105.7898],[71.55101,63.58997,105.0],[71.56228,63.57054,105.5],[71.5691,63.55142,106.8983],[71.60796,63.18524,147.5768],[71.80547,63.21888,138.9709],[71.89611,63.21092,143.7316],[71.9637,63.19707,129.7975],[71.98768,63.20193,133.8117],[72.00287,63.20767,131.2985],[72.13599,63.2935,139.5121],[72.14912,63.29769,144.8091],[72.16079,63.29924,137.4679],[72.65503,63.28017,137.7559],[72.68996,63.28671,136.8026],[72.83238,63.3398,126.2765],[72.84509,63.34849,126.5355],[72.85553,63.36249,129.9265],[72.907,63.39329,138.6738],[73.10379,63.43626,133.2273],[73.19629,63.38921,124.8909],[73.1874,63.37432,128.0554],[73.23029,63.34482,129.6844],[73.28393,63.31502,132.1067],[73.30067,63.29552,129.68],[73.3139,63.27433,129.0515],[73.32506,63.25133,129.5818],[73.34325,63.22927,128.0214],[73.36806,63.20694,121.4777],[73.43503,63.19309,125.642],[73.45415,63.19144,124.2221],[73.48381,63.1862,122.8907],[73.50676,63.18452,123.1523],[73.52836,63.18514,126.0772],[73.56918,63.19227,122.8809],[74.24108,63.17201,136.8502],[74.25348,63.16863,136.9051],[74.37575,63.11424,118.5],[74.45864,63.05923,114.3054],[74.48293,63.04786,114.2142],[74.50742,63.04323,112.3078],[74.91453,63.03202,127.6622],[74.92734,63.03372,127.7908],[75.0276,63.06173,130.3132],[75.04424,63.06424,132.8625],[75.06625,63.06561,135.1934],[75.13271,63.06111,129.4757],[75.14986,63.06155,130.3421],[75.23317,63.07708,134.9356],[75.24329,63.07992,135.1293],[75.28174,63.09713,144.694],[75.3636,63.10783,148.4358],[75.47718,63.10395,130.8839],[75.59242,63.09005,127.5148],[75.6997,63.09124,126.7291],[75.74135,63.09651,126.6791],[75.78362,63.1102,126.7759],[75.80274,63.11398,125.0],[75.86124,63.11108,123.2547],[75.88088,63.10778,123.2719],[75.89514,63.10354,123.0],[75.90289,63.09915,123.5484],[75.91633,63.08964,121.0],[75.93958,63.08018,121.0],[75.96418,63.07904,120.0],[76.24024,63.01884,127.7447],[76.24675,63.01473,127.4036],[76.27693,62.98215,130.2881],[76.28034,62.97745,124.2272],[76.28282,62.97269,126.4588],[76.28406,62.96794,123.9701],[76.28406,62.96306,122.5913],[76.28468,62.95807,129.7417],[76.28623,62.95357,126.4623],[76.28943,62.95001,130.5919],[76.29739,62.94965,127.7047],[76.30586,62.95127,126.849],[76.33832,62.96401,127.7886],[76.62264,63.03778,126.8476],[76.65912,63.04163,129.0811],[76.68837,63.03941,129.0443],[76.72723,63.02918,130.2976],[76.82449,62.99171,130.4143],[76.8433,62.98998,131.8564],[76.92143,62.99187,132.4772],[77.02623,62.97502,127.8605],[77.03564,62.97047,129.9978],[77.03729,62.96231,134.1781],[77.03853,62.95859,132.4582],[77.04101,62.95391,130.1348],[77.05435,62.94053,131.0132],[77.07202,62.91575,135.8918],[77.07491,62.91053,131.4905],[77.07708,62.90549,131.5337],[77.07987,62.90099,135.2588],[77.08297,62.89368,134.6867],[77.08546,62.88918,130.1651],[77.09166,62.87322,132.9145],[77.13217,62.81296,128.346],[77.14519,62.79911,123.9973],[77.15801,62.79146,123.4957],[77.2686,62.74496,116.4683],[77.32699,62.71044,110.9915],[77.88902,62.55727,114.604],[77.89585,62.5538,114.5192],[77.90184,62.54995,113.4102],[77.93181,62.52311,106.8737],[77.95507,62.48851,105.0654],[77.9591,62.48373,104.8721],[77.96654,62.478,103.8417],[77.9777,62.4721,104.2065],[78.00013,62.4636,105.2173],[78.0147,62.46146,105.3419],[78.02628,62.4611,104.1165],[78.03889,62.46435,103.0],[78.13862,62.50639,102.953],[78.37943,62.56776,112.5889],[78.5232,62.57024,112.5983],[78.61828,62.59277,117.6557],[78.79305,62.61509,117.5392],[79.82007,62.60372,140.0517],[79.83609,62.6077,134.7865],[79.8487,62.61437,135.9893],[79.88911,62.68191,130.1434],[79.89924,62.69514,129.4353],[79.90265,62.70121,129.0484],[79.90502,62.7077,129.6501],[79.90627,62.71416,127.5],[79.90409,62.73178,138.8688],[79.9044,62.73813,140.0628],[79.90751,62.75715,146.932],[79.9073,62.76914,154.9401],[79.90658,62.77508,154.0872],[79.90751,62.78134,150.9687],[79.90999,62.78725,148.0661],[79.91474,62.79203,143.9668],[79.96022,62.81214,135.261],[80.07318,62.82619,147.6824],[80.08744,62.82989,147.06],[80.14563,62.85898,145.8827],[80.21033,62.8842,155.8019],[80.2833,62.90386,167.7796],[80.28929,62.90789,164.1126],[80.29291,62.91368,165.0185],[80.2956,62.91962,164.1138],[80.29973,62.92484,158.4208],[80.30717,62.92838,161.2029],[80.31771,62.93055,169.3622],[80.37301,62.936,154.6228],[80.41083,62.945,174.4332],[80.42696,62.95145,174.1756],[80.43936,62.96003,178.2341],[80.46592,62.98406,164.2389],[80.47553,62.9882,163.0305],[80.48825,62.99181,169.5992],[80.54168,62.99771,171.4314],[80.55108,63.00013,172.3909],[80.55294,63.00086,171.9428],[80.55977,63.00468,171.1678],[80.56493,63.00866,175.3694],[80.5702,63.01357,170.345],[80.57444,63.019,181.5383],[80.57765,63.02525,185.5751],[80.58033,63.0314,183.9183],[80.58219,63.03786,185.8081],[80.58199,63.04385,186.061],[80.5825,63.0499,165.9407],[80.58157,63.05563,189.6759],[80.58157,63.06168,198.4932],[80.58075,63.06752,194.9709],[80.58219,63.07853,192.5844],[80.58416,63.08256,187.4044],[80.59149,63.0854,183.2468],[80.63087,63.09232,179.6945],[80.76637,63.1038,164.141],[81.07467,63.11744,181.1426],[81.11498,63.11553,152.4827],[81.12107,63.11046,143.5312],[81.12087,63.10493,144.6814],[81.1218,63.09444,132.5786],[81.12418,63.08395,158.4171],[81.12728,63.05817,185.8508],[81.13069,63.04824,173.1393],[81.13709,63.03403,151.5075],[81.17471,62.97166,166.9275],[81.1896,62.95394,172.7034],[81.19497,62.94965,174.3059],[81.30732,62.89337,182.9344],[81.32075,62.88484,175.7869],[81.32323,62.87983,180.6261],[81.32757,62.86448,200.9002],[81.33191,62.83877,184.7351],[81.3346,62.83281,170.6723],[81.33936,62.82578,178.4737],[81.34917,62.82115,170.7487],[81.60043,62.77307,159.2105],[81.60756,62.76852,160.8057],[81.612,62.76351,156.4709],[81.61386,62.75808,163.8628],[81.61634,62.75307,162.0485],[81.62037,62.74741,159.091],[81.63495,62.73421,160.1994],[81.78398,62.68845,142.8365],[81.81209,62.68553,140.4738],[81.83979,62.69194,138.0535],[81.96857,62.7601,142.3182],[82.07347,62.80004,142.8842],[82.11182,62.80857,163.4885],[82.14034,62.81069,184.4132],[82.16494,62.80945,187.6945],[82.22096,62.79808,179.6456],[82.28793,62.77508,156.7687],[82.31697,62.76966,152.6344],[82.3702,62.76806,152.4796],[82.46983,62.77948,169.2151],[82.73266,62.75723,175.4736],[82.7493,62.7539,183.8489],[82.75829,62.7494,170.9389],[82.76056,62.74434,183.4165],[82.75994,62.73824,195.9266],[82.74309,62.6923,168.4629],[82.74103,62.68015,165.4365],[82.75808,62.67013,168.854],[82.79208,62.65674,164.9084],[83.00995,62.59468,150.9581],[83.01574,62.59104,150.2244],[83.02049,62.58667,149.471],[83.02483,62.58207,150.1957],[83.02731,62.57706,149.9183],[83.02876,62.57179,152.9879],[83.02783,62.5659,147.9588],[83.02535,62.55962,147.4248],[83.02204,62.55396,147.3657],[83.01956,62.54812,147.2842],[83.01987,62.54275,147.2475],[83.02194,62.53763,147.7537],[83.02638,62.53324,147.747],[83.03352,62.52952,148.748],[83.28291,62.46053,172.213],[83.31071,62.45701,159.3601],[83.40073,62.49076,166.7281],[83.53292,62.52481,185.2339],[83.54108,62.5229,184.1776],[83.54625,62.51872,178.1934],[83.55266,62.50662,182.2925],[83.5602,62.50389,178.2718],[83.57043,62.50285,177.665],[83.59059,62.50461,180.6302],[83.62666,62.51226,182.4277],[83.75016,62.55985,183.7703],[83.76133,62.56249,185.0039],[83.77807,62.56442,184.1776],[83.78882,62.56311,185.0961],[83.79822,62.56026,185.9312],[83.94271,62.48363,172.9864],[83.94788,62.47939,169.7213],[83.95532,62.46435,166.027],[83.96245,62.45484,172.5688],[83.98023,62.41989,159.7556],[83.98488,62.41557,159.1309],[83.99542,62.40803,156.3343],[84.01919,62.39676,156.4647],[84.0779,62.37754,152.7381],[84.09588,62.37511,152.444],[84.20151,62.38312,166.0664],[84.21794,62.38245,159.248],[84.22828,62.37991,166.042],[84.23696,62.37671,168.1087],[84.24285,62.37258,165.2928],[84.25277,62.36395,170.4605],[84.26114,62.3548,173.5564],[84.26424,62.35004,174.7697],[84.27985,62.3316,160.4403],[84.28316,62.32679,171.3979],[84.28522,62.32157,161.1192],[84.28894,62.29943,170.1457],[84.28832,62.29356,159.3144],[84.28843,62.28772,165.0458],[84.28812,62.28168,169.5995],[84.28905,62.27622,169.5542],[84.29897,62.2702,155.0632],[84.38868,62.24295,150.0016],[84.39519,62.2392,149.6327],[84.40015,62.23504,149.1538],[84.40439,62.23036,149.001],[84.41059,62.22085,154.3301],[84.41565,62.21083,154.5547],[84.41741,62.20558,159.144],[84.42578,62.19016,157.9038],[84.4357,62.17796,158.1624],[84.45079,62.19827,169.4126],[84.74556,62.41035,147.1522],[84.78524,62.4164,143.5058],[84.81584,62.42771,131.5679],[84.8609,62.45123,139.5809],[84.87175,62.45862,129.0536],[84.89686,62.48079,98.3318],[84.90761,62.49309,96.5347],[84.91133,62.49898,96.2243],[84.91133,62.50425,96.2624],[84.90854,62.50895,108.3499],[84.89511,62.52213,105.9437],[84.8917,62.52724,109.5125],[84.89004,62.53285,113.1518],[84.89407,62.54107,103.977],[84.90234,62.54791,98.9142],[84.91661,62.55644,107.4064],[84.9257,62.56399,104.1304],[84.93304,62.57225,110.2544],[84.94058,62.5829,110.4038],[84.94854,62.58915,117.0866],[84.95774,62.59287,108.7681],[84.98658,62.59801,114.4392],[84.99681,62.60114,107.654],[85.03215,62.62052,103.5],[85.04301,62.62432,110.8557],[85.07536,62.63225,116.2233],[85.09003,62.63799,129.1017],[85.09406,62.64315,131.7501],[85.09313,62.64801,113.9168],[85.08817,62.6522,130.6757],[85.08373,62.65752,139.3862],[85.08187,62.66385,143.1419],[85.08538,62.67354,137.1515],[85.09158,62.67984,128.2407],[85.09933,62.68486,145.2146],[85.13489,62.70186,140.3083],[85.14439,62.70816,153.7974],[85.15184,62.71431,153.7626],[85.15587,62.72005,146.3472],[85.15711,62.72537,146.085],[85.15711,62.73069,153.2373],[85.15814,62.73612,156.3878],[85.16672,62.74749,157.6954],[85.22522,62.80123,209.0245],[85.32433,62.86926,135.8268],[85.33291,62.8727,135.0774],[85.3419,62.87534,111.6849],[85.44432,62.88433,96.1665],[85.46448,62.89133,96.2613],[85.50045,62.91606,98.0329],[85.51833,62.93257,88.635],[85.51988,62.93786,88.6179],[85.51802,62.94262,90.9284],[85.50851,62.95647,84.3704],[85.50127,62.97083,85.3238],[85.49817,62.97538,84.7026],[85.49641,62.9807,85.2251],[85.4961,62.98623,80.5457],[85.49941,62.99311,95.2928],[85.50778,62.99946,102.566],[85.51212,63.00137,108.3448],[85.56576,63.03429,101.6029],[85.57765,63.04489,94.2982],[85.58395,63.05388,83.4402],[85.58633,63.06819,82.2666],[85.58633,63.07419,83.1996],[85.58426,63.07946,81.7581],[85.57899,63.08333,80.0339],[85.53135,63.09271,102.2494],[85.52236,63.0961,104.6459],[85.51709,63.10044,103.07],[85.50127,63.11832,79.008],[85.49548,63.12245,77.927],[85.47399,63.13408,78.5791],[85.46965,63.13832,82.5422],[85.46965,63.14307,92.141],[85.46944,63.14919,87.6142],[85.49145,63.19821,97.2297],[85.50138,63.21201,104.7372],[85.50975,63.21723,106.4593],[85.52876,63.22508,82.2967],[85.53559,63.23252,77.7478],[85.53486,63.24082,78.2804],[85.53145,63.25247,78.6116],[85.53093,63.26281,86.8905],[85.539,63.26728,84.1057],[85.56049,63.27317,81.3075],[85.61744,63.31505,93.4609],[85.65599,63.33464,95.3589],[85.66777,63.34448,95.8674],[85.67211,63.35975,80.2423],[85.64059,63.37417,76.3173],[85.49548,63.37479,87.4758],[85.45301,63.36967,107.1223],[85.44474,63.36363,75.8823],[85.4404,63.35577,68.0],[85.43378,63.34973,78.8926],[85.4189,63.34921,73.1993],[85.41022,63.35319,75.9398],[85.40133,63.36115,74.8207],[85.3943,63.37076,75.9211],[85.39151,63.37959,76.8341],[85.38159,63.39319,74.8302],[85.36485,63.40476,73.6877],[85.36154,63.41494,83.0811],[85.39151,63.42429,75.8075],[85.37684,63.44388,70.7995],[85.37342,63.45396,68.8594],[85.37787,63.46651,73.7608],[85.3356,63.48677,73.0657],[85.31927,63.49861,68.924],[85.29911,63.51742,65.4222],[85.27638,63.52238,77.3766],[85.2124,63.51085,71.7367],[85.19917,63.51059,71.3553],[85.18615,63.53044,69.2389],[85.15587,63.53509,70.0407],[85.09675,63.53416,72.5714],[85.07753,63.54315,70.3932],[85.06099,63.55612,67.2404],[85.04704,63.57199,68.0716],[85.03949,63.58315,64.3347],[85.03608,63.58302,66.0948],[85.03184,63.58635,66.5182],[85.05065,63.60056,71.5845],[85.060059999999993,63.60384,71.4921],[85.07608,63.60707,70.6212],[85.0891,63.60741,71.1254],[85.10212,63.60594,72.0803],[85.1414,63.59671,66.8949],[85.16703,63.59472,72.6905],[85.18119,63.59705,68.6611],[85.19121,63.6018,68.5729],[85.20982,63.61968,69.4806],[85.21964,63.62656,72.2784],[85.25684,63.64387,75.5621],[85.26945,63.65146,81.6286],[85.33301,63.70079,72.8394],[85.33828,63.70668,72.6493],[85.34469,63.71818,69.8412],[85.34624,63.72371,79.9575],[85.34666,63.72903,88.1997],[85.34593,63.73415,77.5838],[85.34376,63.739,74.9373],[85.34097,63.7436,74.2845],[85.34201,63.75073,75.8726],[85.34624,63.75978,80.6559],[85.36195,63.77624,78.4328],[85.3666,63.78536,79.9239],[85.36671,63.79223,81.757],[85.36784,63.79936,79.8065],[85.37311,63.80841,80.5892],[85.40908,63.8422,87.5483],[85.41859,63.85626,92.1418],[85.428,63.86675,90.0853],[85.43657,63.87269,94.2451],[85.47998,63.89346,99.1972],[85.49197,63.90209,99.8856],[85.51378,63.92457,101.1274],[85.5236,63.9316,104.6339],[85.53352,63.93672,110.6844],[85.56328,63.94289,108.5691],[85.59966,63.9563,109.2406],[85.65723,63.98504,109.1702],[85.67242,63.991,108.8972],[85.94817,64.05335,137.3634],[85.95789,64.0596,126.5],[85.96347,64.0657,141.9578],[85.96522,64.07123,140.7632],[85.96708,64.08188,147.3319],[85.96739,64.09242,147.733],[85.96636,64.09738,145.4686],[85.96274,64.10193,143.191],[85.95603,64.10596,141.952],[85.94827,64.10968,142.1321],[85.94176,64.11371,139.5192],[85.93711,64.1181,136.0793],[85.93422,64.12275,136.4389],[85.93763,64.13056,142.4826],[85.946,64.14079,136.384],[85.96574,64.15934,123.2896],[85.97266,64.16921,137.0879],[85.97608,64.17706,139.2507],[85.97535,64.18205,124.0],[85.97876,64.18993,137.985],[85.98651,64.19998,135.6779],[86.01504,64.22879,139.8014],[86.02062,64.23691,127.5],[86.02403,64.24796,141.6317],[86.02672,64.2536,144.3263],[86.03023,64.26455,140.0378],[86.03054,64.26988,145.7729],[86.02992,64.27499,157.0874],[86.02806,64.2798,140.0319],[86.02176,64.289,147.7805],[86.01731,64.29344,140.9451],[86.00088,64.30481,141.4799],[85.96274,64.32026,134.0504],[85.95561,64.32419,144.7619],[85.95075,64.32853,159.2367],[85.94796,64.33331,159.8319],[85.9461,64.33811,168.3037],[85.94538,64.34326,162.8317],[85.94414,64.34811,158.2762],[85.94166,64.35292,151.825],[85.92895,64.36628,156.597],[85.92595,64.37101,130.0],[85.92533,64.37602,130.0],[85.93091,64.40305,121.1154],[85.93019,64.40806,98.9654],[85.92688,64.41276,103.2081],[85.92223,64.4169,119.2797],[85.85081,64.45023,123.4242],[85.84482,64.45441,120.4101],[85.84151,64.45917,123.0238],[85.83996,64.46444,120.1518],[85.83965,64.48573,101.5063],[85.8411,64.4926,99.0827],[85.84451,64.50102,84.5962],[85.85226,64.51477,94.365],[85.85908,64.52387,102.5841],[85.90435,64.56862,123.6612],[85.91282,64.58004,119.8686],[85.91603,64.58849,124.2984],[85.91293,64.59316,131.0816],[85.90828,64.59756,122.0],[85.90176,64.60164,133.425],[85.83128,64.63063,110.9531],[85.82384,64.63456,106.8283],[85.81795,64.63869,109.9665],[85.81319,64.64311,108.3702],[85.81019,64.64773,108.8831],[85.81195,64.65631,111.9178],[85.85019,64.72235,159.2902],[85.85774,64.73925,121.764],[85.8597,64.75047,139.8721],[85.85898,64.75636,127.6785],[85.85567,64.76344,120.8776],[85.85133,64.76876,119.3415],[85.84513,64.77341,120.2128],[85.838,64.77734,125.4226],[85.81846,64.78431,125.2454],[85.61,64.82777,141.0174],[85.55894,64.83,136.2473],[85.5359,64.82876,135.0608],[85.51491,64.82509,124.97],[85.47833,64.81237,125.8845],[85.44629,64.79527,130.737],[85.4373,64.79201,133.2371],[85.3481,64.78313,124.0653],[85.18439,64.75078,107.8625],[85.16083,64.75057,104.9249],[85.14905,64.75181,105.467],[85.14036,64.75357,103.6266],[85.13168,64.75654,95.9746],[85.12517,64.76034,91.4367],[85.12011,64.76468,94.0306],[85.11608,64.7716,79.8607],[85.10822,64.79729,82.3707],[85.1015,64.80558,99.4322],[85.09272,64.81088,95.6621],[85.08135,64.81178,98.4028],[85.03639,64.80767,99.1475],[84.99443,64.80899,86.5395],[84.97076,64.81258,98.993],[84.94823,64.81873,111.6102],[84.93924,64.82328,96.4256],[84.93242,64.82907,76.8141],[84.92663,64.83816,75.4087],[84.92601,64.84498,66.3336],[84.92756,64.85144,91.7542],[84.9318,64.85697,71.0714],[84.938,64.86219,91.1152],[84.95412,64.87222,81.2399],[84.96208,64.87886,71.5569],[84.96766,64.89144,104.8284],[84.96673,64.89924,102.4651],[84.96332,64.90622,98.6352],[84.95722,64.91294,100.4467],[84.95113,64.9179,107.345],[84.94265,64.92208,97.2038],[84.92012,64.92787,100.5181],[84.81976,64.93071,87.741],[84.47012,64.8902,87.0529],[84.31685,64.89573,79.1153],[84.30383,64.89816,77.4861],[84.29215,64.90265,80.8168],[84.28336,64.90891,71.3008],[84.27427,64.91991,68.2966],[84.27272,64.92751,61.695],[84.27447,64.93459,43.4897],[84.27892,64.94033,47.5194],[84.28502,64.94586,46.2677],[84.29184,64.95097,56.5718],[84.29949,64.95557,55.5361],[84.31633,64.96312,47.033],[84.37287,64.98038,76.053],[84.38072,64.98611,76.9744],[84.38682,64.99386,61.4863],[84.38899,65.00823,73.134],[84.38806,65.01655,70.4209],[84.38589,65.02321,74.4117],[84.38258,65.02787,66.5172],[84.37793,65.03221,40.7976],[84.36925,65.03582,58.4645],[84.35891,65.03913,75.2362],[84.34506,65.04487,70.1917],[84.33111,65.05283,76.9868],[84.31478,65.06983,67.1699],[84.3091,65.07944,75.6065],[84.30786,65.08745,67.8332],[84.30982,65.09293,79.4358],[84.31282,65.09846,65.8447],[84.33669,65.12099,97.0578],[84.35747,65.1461,126.8422],[84.38816,65.17525,119.804],[84.40253,65.18584,126.05029999999999],[84.41028,65.19028,118.6525],[84.41875,65.19401,117.2744],[84.43829,65.19922,117.1778],[84.49606,65.20372,110.3243],[84.50629,65.20574,110.1507],[84.5156,65.20889,112.4763],[84.52335,65.21341,119.497],[84.55466,65.24343,132.7257],[84.55962,65.2493,129.3064],[84.56314,65.25442,126.1279],[84.56593,65.26271,122.1037],[84.58112,65.28547,122.0526],[84.58391,65.29121,111.3675],[84.58495,65.29715,105.4625],[84.58557,65.3111,100.5202],[84.58236,65.31663,100.5577],[84.56686,65.32676,99.8258],[84.55921,65.3341,100.5971],[84.55125,65.34774,100.9127],[84.54536,65.35544,99.4203],[84.53782,65.36123,102.0371],[84.52386,65.36924,109.3304],[84.51921,65.37353,123.5234],[84.51498,65.37911,122.5392],[84.50681,65.39451,128.0392],[84.50877,65.40102,125.3459],[84.51436,65.40624,126.3699],[84.54071,65.41776,132.091],[84.54722,65.42381,130.9353],[84.55022,65.43342,130.728],[84.54681,65.44164,126.7599],[84.52355,65.46774,92.7722],[84.50598,65.49518,94.5917],[84.49834,65.50381,95.5735],[84.4787,65.51541,127.9984],[84.46785,65.52318,123.7551],[84.45338,65.53858,127.7893],[84.44201,65.54618,123.5143],[84.42992,65.5514,124.6948],[84.20461,65.59248,105.5193],[84.19582,65.59538,113.1079],[84.19458,65.59928,118.4114],[84.20027,65.6023,122.5443],[84.21081,65.60385,115.1942],[84.26062,65.60602,119.6106],[84.29091,65.61315,103.8149],[84.29742,65.61749,110.8057],[84.30052,65.62282,104.8941],[84.30207,65.62876,100.0166],[84.30352,65.64638,97.0994],[84.30569,65.65227,96.0867],[84.31871,65.6701,99.278],[84.32067,65.67695,93.49],[84.31943,65.68441,101.3345],[84.30889,65.68785,103.6985],[84.29607,65.68943,106.1082],[84.2105,65.69201,96.4262],[84.18714,65.69697,102.1789],[84.16833,65.70338,77.2136],[84.15221,65.71051,59.5712],[84.14549,65.71449,52.7346],[84.12844,65.72715,41.491],[84.07418,65.75299,56.7479],[84.06239,65.76172,56.3665],[84.0442,65.78332,66.9869],[84.03811,65.78885,54.2232],[84.03097,65.79304,45.2362],[84.01196,65.7979,74.376],[83.96504,65.80265,107.7961],[83.74365,65.80079,79.8596],[83.65002,65.78911,81.8315],[83.59235,65.77542,50.4017],[83.58532,65.77671,43.5381],[83.57912,65.77976,46.6024],[83.51814,65.82249,51.1287],[83.5109,65.82864,50.4025],[83.50977,65.83407,50.058],[83.51411,65.83862,49.2204],[83.52031,65.84306,49.056],[83.52424,65.84916,47.1162],[83.52579,65.8566,42.2364],[83.51958,65.86838,41.5632],[83.51896,65.87681,38.7656],[83.51989,65.88456,35.5438],[83.52403,65.89748,39.9098],[83.52465,65.9035,37.7471],[83.52124,65.90833,40.3236],[83.37303,65.98378,39.0818],[83.35246,65.99876,38.9386],[83.33851,66.01119,36.5814],[83.29614,66.05832,34.649],[83.29283,66.06599,34.1874],[83.29397,66.07307,34.0816],[83.29924,66.07822,32.6686],[83.34544,66.10196,35.0979],[83.35195,66.10671,36.4867],[83.3566,66.1123,36.1942],[83.36001,66.1185,33.9416],[83.362799999999993,66.12475,37.784],[83.36652,66.1308,35.9629],[83.37241,66.13578,37.4121],[83.38057,66.13953,36.5583],[83.47018,66.1541,43.1608],[83.50842,66.16557,39.1531],[83.52465,66.17296,42.1024],[83.53137,66.17813,43.0803],[83.53509,66.18436,41.2681],[83.5354,66.1926,38.3746],[83.53013,66.19777,41.4253],[83.42088,66.26226,45.9089],[83.41509,66.26652,47.9997],[83.39422,66.28531,48.3161],[83.35536,66.3312,41.4172],[83.34357,66.34158,41.1018],[83.28694,66.37277,50.9157],[83.26957,66.38553,37.7424],[83.26244,66.38944,38.8854],[83.24198,66.39553,45.1184],[83.14245,66.41481,36.9359],[83.13377,66.41822,38.4806],[83.12416,66.42365,36.137],[83.10183,66.44419,35.7293],[83.09532,66.45227,34.6359],[83.09098,66.45917,36.4031],[83.08292,66.48628,32.5206],[83.08044,66.50318,51.9595],[83.08075,66.51496,53.0324],[83.08385,66.5394,45.6849],[83.08354,66.54521,48.5661],[83.08147,66.55635,49.2153],[83.07982,66.56173,49.4658],[83.07868,66.56728,51.7489],[83.07796,66.57304,53.861],[83.07806,66.57888,53.631],[83.08581,66.60418,45.5522],[83.08891,66.60973,46.2979],[83.09542,66.61402,47.8588],[83.10493,66.61694,49.1117],[83.18141,66.62332,49.912],[83.19847,66.63025,45.3944],[83.20581,66.63454,35.2901],[83.22255,66.64182,36.568],[83.27422,66.65417,38.2817],[83.28477,66.65774,40.0276],[83.29283,66.66301,39.2565],[83.29655,66.67324,39.8785],[83.29459,66.68027,38.2199],[83.29004,66.68689,40.25],[83.28373,66.69376,42.7215],[83.25976,66.71226,47.265],[83.24611,66.72027,48.993],[83.1963,66.74097,49.4063],[83.18689,66.74693,47.9578],[83.18193,66.75246,48.3515],[83.17883,66.75804,47.9449],[83.17769,66.76368,50.7339],[83.17552,66.79117,55.4069],[83.17201,66.80424,60.5684],[83.16746,66.81192,62.5448],[83.16188,66.81799,64.3541],[83.13036,66.83866,56.8342],[83.12219,66.84194,56.5325],[83.11206,66.84403,53.7685],[83.07775,66.84176,55.4145],[83.0669,66.84223,55.2146],[83.0576,66.84476,53.6588],[83.04116,66.85225,53.6389],[83.03476,66.85685,49.1445],[83.03,66.86264,53.6397],[83.03445,66.86651,54.4077],[83.05036,66.87447,60.1039],[83.05543,66.88036,68.5278],[83.05191,66.88558,78.8903],[83.04178,66.89101,72.0797],[82.7957,66.97658,47.9321],[82.11729,67.2438,36.7891],[82.11678,67.24835,38.8513],[82.12143,67.25207,26.0501],[82.13073,67.2544,20.2905],[82.18416,67.25796,28.9034],[82.19233,67.26168,39.5291],[82.1947,67.26809,34.8625],[82.18788,67.27879,38.0629],[82.18737,67.2852,35.5923],[82.19295,67.2885,30.439],[82.20266,67.28742,29.1969],[82.23491,67.27987,33.1495],[82.24648,67.27951,35.3202],[82.2563,67.28147,26.4873],[82.26178,67.28561,20.9815],[82.2624,67.29057,37.1704],[82.25517,67.29538,26.7034],[82.22881,67.30607,47.3006],[82.22592,67.30959,50.0817],[82.23243,67.31093,49.4384],[82.2561,67.30858,33.5912],[82.26922,67.3085,32.582],[82.28131,67.30959,27.5584],[82.35252,67.32798,22.6433],[82.3579,67.33085,31.1959],[82.35438,67.33408,29.6697],[82.34519,67.33687,26.1583],[82.30312,67.34421,26.7984],[82.29124,67.34803,27.0139],[82.29289,67.35067,26.5429],[82.30209,67.35217,28.0829],[82.31594,67.3531,27.9119],[82.32658,67.35527,27.4841],[82.33175,67.36002,27.4891],[82.32844,67.36426,28.3202],[82.28814,67.38591,27.8559],[82.2561,67.40912,28.2021],[82.25134,67.41924,31.4927],[82.25413,67.42619,29.2341],[82.26281,67.42979,30.6378],[82.2687,67.4349,29.6701],[82.2779,67.44661,31.1238],[82.28348,67.45196,30.4122],[82.29651,67.46152,28.1891],[82.32989,67.48012,31.9845],[82.33578,67.48105,34.2701],[82.36916,67.47919,35.0946],[82.37443,67.48064,33.9617],[82.37071,67.48397,29.8082],[82.36369,67.48834,33.6469],[82.35573,67.49454,34.4388],[82.3548,67.5003,35.0332],[82.35914,67.50529,36.4184],[82.36596,67.50973,35.3478],[82.37381,67.51392,35.2683],[82.38684,67.5236,36.5494],[82.39025,67.52885,34.6424],[82.38901,67.5342,35.632],[82.38043,67.53526,36.2034],[82.35966,67.53329,37.5485],[82.35201,67.53329,35.2178],[82.3517,67.5366,35.7178],[82.35635,67.54911,33.9634],[82.35635,67.55709,37.6428],[82.34787,67.56089,36.6796],[82.33795,67.56311,43.9834],[82.32751,67.56234,43.8483],[82.28607,67.5527,37.0664],[82.2746,67.55148,35.701],[82.26271,67.55221,36.4626],[82.25196,67.55453,38.983],[82.20215,67.5751,39.4051],[82.18644,67.58507,46.1463],[82.17331,67.59037,41.3032],[82.1422,67.596,42.3974],[82.12608,67.60073,42.017],[82.10964,67.609,42.4133],[82.09497,67.62303,43.6666],[82.07688,67.6367,44.599],[82.05983,67.64683,44.8088],[82.04918,67.65458,45.3568],[82.04887,67.66011,46.1673],[82.05383,67.66471,61.7316],[82.06169,67.66853,63.0101],[82.10096,67.68052,46.0367],[82.10861,67.68372,42.2145],[82.11233,67.68641,42.6563],[82.10675,67.68796,49.298],[82.08711,67.69003,47.316],[82.08556,67.69318,45.8443],[82.08949,67.69732,47.3035],[82.09538,67.70217,51.1817],[82.10117,67.70812,51.1756],[82.10334,67.71499,46.8574],[82.10034,67.72439,47.2573],[82.05166,67.74827,49.0148],[82.04329,67.75121,52.4699],[82.03368,67.75256,50.2534],[82.02335,67.75142,50.3212],[82.0065,67.74718,55.3091],[82.00009,67.74765,49.764],[81.99234,67.75096,49.7023],[81.98149,67.75716,55.0842],[81.96454,67.76933,56.0678],[81.95307,67.77602,57.4194],[81.94035,67.78005,55.5276],[81.91245,67.78253,49.093],[81.89508,67.78883,57.4377],[81.88175,67.79927,57.0718],[81.84682,67.8339,63.7057],[81.7999,67.86759,67.5041],[81.78522,67.8755,65.0457],[81.76817,67.8826,65.2762],[81.75794,67.888,76.2335],[81.73055,67.90753,69.3965],[81.72641,67.91632,84.61],[81.72559,67.92381,86.0361],[81.72993,67.92955,72.1346],[81.74202,67.93957,84.5052],[81.75618,67.94828,88.867],[81.76507,67.95074,92.0434],[81.77778,67.95092,89.388],[81.80393,67.94722,88.7517],[81.85116,67.93627,95.0662],[81.8771,67.93286,86.5086],[81.90294,67.9343,78.6336],[81.93715,67.94092,89.841],[81.96888,67.95704,90.5602],[81.97797,67.96022,92.5984],[81.98821,67.96226,95.8879],[82.00805,67.96221,84.8941],[82.02024,67.96066,85.5601],[82.05921,67.94846,92.8944],[82.35356,67.9435,78.0508],[82.36462,67.94588,76.0099],[82.37164,67.9511,77.8676],[82.37537,67.95851,84.9735],[82.3763,67.96939,75.9468],[82.38477,67.98965,86.3675],[82.38601,67.99502,78.6223],[82.38632,67.99854,81.7991],[82.38601,68.00138,90.1259],[82.38095,68.02696,119.8956],[82.38167,68.03471,117.699],[82.38477,68.04215,134.592],[82.3888,68.04908,129.3755],[82.39221,68.05724,121.5767],[82.39097,68.06324,129.7303],[82.38694,68.0684,136.2301],[82.37474,68.07807,140.0331],[82.36875,68.08432,126.7477],[82.36255,68.09357,115.9745],[82.36348,68.1006,119.3891],[82.3672,68.10685,117.8255],[82.37816,68.11786,104.7648],[82.38291,68.12551,93.9522],[82.38653,68.13532,84.4037],[82.3888,68.16245,105.3323],[82.39066,68.17072,114.0981],[82.39459,68.17661,96.104],[82.40151,68.18111,105.1844],[82.41113,68.18437,100.821],[82.42353,68.18566,105.4874],[82.43789,68.1854,120.4313],[82.4628,68.18085,118.2744],[82.50301,68.16845,106.4874],[82.51262,68.16669,101.4751],[82.52275,68.16778,96.0092],[82.53329,68.17031,93.5068],[82.54259,68.17398,103.505],[82.54962,68.17909,95.7677],[82.54838,68.18364,91.1481],[82.53556,68.19522,97.7546],[82.52843,68.20501,84.5406],[82.52812,68.21268,63.5917],[82.5306,68.21982,59.7174],[82.54166,68.23067,98.4933],[82.57411,68.25537,130.1989],[82.58166,68.25963,131.2273],[82.59954,68.26684,145.0232],[82.64129,68.27805,135.8945],[82.68057,68.28276,121.8381],[82.69235,68.28581,136.4335],[82.70113,68.29227,150.0537],[82.70268,68.298,152.5017],[82.70258,68.30389,150.1317],[82.697,68.32012,131.9694],[82.69173,68.33102,124.7031],[82.68656,68.34529,120.4705],[82.68687,68.35226,110.4004],[82.68904,68.35919,101.139],[82.69245,68.36565,105.9152],[82.69669,68.37185,120.223],[82.70392,68.38707,100.7068],[82.70961,68.41412,102.4553],[82.68925,68.47184,110.4295],[82.67933,68.49179,120.3635],[82.67374,68.49752,125.3402],[82.6661,68.50404,122.8373],[82.61742,68.53442,102.7534],[82.53587,68.56036,91.9598],[82.48244,68.57173,82.7409],[82.4689,68.57664,84.7154],[82.47179,68.57954,87.4044],[82.48037,68.58191,86.2388],[82.51965,68.58667,92.8649],[82.52843,68.5907,87.8397],[82.53184,68.5984,87.5934],[82.53587,68.61075,85.7479],[82.5397,68.61395,85.306],[82.549,68.61343,85.5857],[82.57969,68.60563,76.6525],[82.59003,68.60457,77.4893],[82.60047,68.60594,85.5427],[82.64346,68.61607,95.6245],[82.68243,68.62992,126.0815],[82.8666,68.62778,140.1621],[82.91528,68.63449,138.2328],[82.92293,68.63896,140.5979],[82.93843,68.64392,156.3746],[83.02814,68.66139,175.0087],[83.03879,68.66733,182.3114],[83.03631,68.67188,180.2534],[83.03104,68.67643,164.4572],[83.01543,68.68387,153.1718],[82.80345,68.7418,86.0863],[82.79632,68.7465,89.3828],[82.79394,68.75379,84.197],[82.79849,68.75978,83.9946],[82.80624,68.76655,85.7531],[82.80748,68.77203,89.0801],[82.80593,68.77725,85.6476],[82.79756,68.78676,86.5325],[82.7927,68.79131,91.6839],[82.78743,68.79497,90.1053],[82.78144,68.79689,87.8421],[82.77369,68.79616,85.6054],[82.74123,68.79009,88.7474],[82.72925,68.78924,88.7893],[82.59086,68.81063,84.9579],[82.56388,68.81864,93.2588],[82.55158,68.82691,95.4296],[82.54714,68.83363,108.2585],[82.5459,68.84029,99.62],[82.54879,68.86525,102.895],[82.54807,68.87197,101.3727],[82.54001,68.90846,93.1691],[82.53391,68.9267,116.9954],[82.50476,68.97388,109.8282],[82.49277,68.9868,109.4349],[82.48068,68.99514,111.229],[82.4565,69.0009,115.7884],[82.43758,69.00773,116.4147],[82.42528,69.01046,111.062],[82.37692,69.01568,137.3869],[82.36038,69.02083,117.641],[82.34643,69.02902,110.5921],[82.32896,69.04648,123.0028],[82.32751,69.05573,145.5093],[82.33268,69.06204,138.2526],[82.34291,69.06516,125.5425],[82.36648,69.06963,100.2769],[82.44875,69.07661,78.8131],[82.45722,69.07966,78.4036],[82.46053,69.08421,77.2625],[82.46332,69.08896,81.6254],[82.46993,69.09304,81.6001],[82.48719,69.10098,77.348],[82.4937,69.10539,87.4233],[82.4968,69.11051,85.8335],[82.48957,69.11454,81.174],[82.47882,69.11857,75.1675],[82.46776,69.12444,76.7611],[82.46435,69.13216,79.7525],[82.46032,69.15495,76.3181],[82.45309,69.16188,70.3188],[82.44316,69.16689,74.4363],[82.43056,69.16963,61.11],[82.40058,69.17273,75.9757],[82.37133,69.1719,75.7409],[82.27057,69.15738,68.8775],[82.25692,69.15671,61.6071],[81.89322,69.18268,64.4889],[81.86945,69.1873,71.4398],[81.84103,69.1964,71.7444],[81.7722,69.23291,66.293],[81.76083,69.24218,53.3792],[81.75949,69.24719,52.1196],[81.76145,69.25236,53.2239],[81.76641,69.25743,51.9047],[81.81002,69.28507,55.4112],[81.81933,69.28859,54.5846],[81.85374,69.29608,53.5528],[81.90077,69.31427,61.9029],[81.90873,69.31861,63.3902],[81.92165,69.32869,67.844],[81.92702,69.33468,65.2479],[81.93002,69.34125,64.7294],[81.9294,69.34931,61.7506],[81.92423,69.35484,64.7312],[81.9171,69.35959,62.2095],[81.78315,69.42873,93.9933],[81.75762,69.43628,82.2298],[81.68497,69.44651,92.5042],[81.67381,69.44625,88.9788],[81.66492,69.44331,93.0758],[81.65737,69.43917,96.7443],[81.63091,69.41964,110.5154],[81.62616,69.41478,95.6563],[81.62564,69.40951,106.1054],[81.6275,69.40439,106.666],[81.63019,69.39918,109.4868],[81.63339,69.38817,116.3823],[81.63515,69.37667,94.1954],[81.63453,69.3706,89.0507],[81.63329,69.36424,75.8259],[81.62719,69.35127,60.2258],[81.61903,69.33918,58.7505],[81.61634,69.33355,60.2742],[81.61696,69.32869,62.629],[81.62213,69.3243,63.4802],[81.63298,69.31691,57.41],[81.63526,69.31443,56.8062],[81.63763,69.31045,60.2402],[81.63608,69.30556,63.5982],[81.63215,69.30021,65.1942],[81.62626,69.29502,64.5596],[81.61882,69.2905,61.0921],[81.61066,69.28642,58.5343],[81.57107,69.27329,55.8837],[81.52591,69.2629,56.2268],[81.47165,69.25681,62.5583],[81.44323,69.2567,75.6778],[81.35765,69.28363,55.5436],[81.33936,69.28575,54.6579],[81.32385,69.28564,59.5588],[81.23156,69.266,52.3389],[81.16748,69.23991,41.5529],[80.96687,69.20911,43.2454],[80.94961,69.21004,40.2534],[80.9401,69.21386,43.2113],[80.93318,69.21903,33.7895],[80.92667,69.22606,38.9041],[80.90176,69.23583,36.5582],[80.80823,69.26187,40.7965],[80.79283,69.26864,39.6212],[80.78569,69.27391,35.7693],[80.77918,69.28425,41.5666],[80.77639,69.28998,30.0057],[80.77133,69.29562,31.4717],[80.76296,69.30228,35.713],[80.73422,69.30812,30.1133],[80.46964,69.31972,28.3698],[80.25984,69.35572,22.8948],[80.22862,69.35773,34.698],[80.14801,69.35282,26.1362],[80.14057,69.35453,24.0389],[80.13912,69.3568,26.6005],[80.1384,69.36088,27.1992],[80.12909,69.36171,21.5679],[80.11907,69.36019,27.5207],[80.09953,69.35396,28.0732],[80.03535,69.35411,32.0464],[80.01241,69.34967,23.0385],[79.98957,69.34262,33.6243],[79.97748,69.34135,33.5123],[79.9598,69.34187,28.4091],[79.9413,69.3475,21.138],[79.9258,69.3507,21.0573],[79.91071,69.35243,24.503],[79.86461,69.34858,21.6413],[79.85531,69.3507,22.7233],[79.85428,69.35453,23.6368],[79.85934,69.35897,21.9463],[79.86647,69.36326,23.7887],[79.87071,69.36796,18.6831],[79.86947,69.37292,32.336],[79.82968,69.39018,21.9233],[79.82379,69.39468,33.572],[79.82007,69.39969,37.7789],[79.81873,69.40512,36.9404],[79.81914,69.41713,36.7814],[79.81407,69.42326,37.2397],[79.80136,69.42556,36.5049],[79.73088,69.4291,22.5687],[79.7225,69.43235,23.2863],[79.72467,69.43633,23.4398],[79.73026,69.44046,20.8007],[79.72943,69.44651,29.8085],[79.71661,69.45077,22.3242],[79.69243,69.45586,22.0411],[79.68168,69.46088,31.4592],[79.66742,69.47431,22.4974],[79.64985,69.48387,28.7587],[79.64447,69.49139,31.8874],[79.64303,69.49821,18.8399],[79.64458,69.50454,30.1171],[79.64416,69.51038,33.7482],[79.64272,69.51612,35.6518],[79.64044,69.52154,37.6612],[79.62153,69.54671,38.0523],[79.6021,69.56573,29.1486],[79.59476,69.57911,38.9935],[79.58535,69.58829,38.2294],[79.5684,69.59358,20.3583],[79.51735,69.60405,20.1524],[79.50805,69.60939,20.066],[79.50898,69.61394,20.1213],[79.52541,69.62164,19.8373],[79.53151,69.62562,21.0219],[79.52965,69.62996,20.8694],[79.52035,69.63368,16.8509],[79.5035,69.63746,16.0153],[79.49885,69.64283,20.2805],[79.49637,69.64836,27.7699],[79.4911,69.65446,38.0155],[79.47993,69.65714,37.5238],[79.46712,69.6572,15.3326],[79.45565,69.65497,19.3098],[79.44552,69.6518,19.4066],[79.43281,69.64975,17.3106],[79.41668,69.64975,34.2545],[79.14383,69.6821,17.2033],[79.11221,69.68259,17.7971],[79.09298,69.68479,33.0188],[79.08006,69.68846,29.1228],[79.06787,69.69347,15.6994],[79.0166,69.6988,21.4965],[79.01195,69.70339,17.5619],[79.01402,69.70805,21.5914],[79.11644,69.73161,16.8231],[79.12585,69.73487,16.5574],[79.1304,69.73879,16.1319],[79.12512,69.74375,16.3032],[79.0751,69.74892,16.754],[79.06673,69.753,15.6402],[79.06425,69.75853,14.4508],[79.06642,69.76442,16.7385],[79.06766,69.7713,15.5763],[79.06477,69.7783,14.9033],[79.04999,69.78768,13.7254],[78.99955,69.80111,15.7022],[78.98591,69.80639,16.0935],[78.97981,69.81166,15.9168],[78.98384,69.81636,14.2986],[78.99128,69.81951,15.2866],[79.00544,69.82411,16.1878],[79.01092,69.82781,15.7157],[79.01226,69.8331,14.076],[79.00544,69.83646,12.9206],[78.91294,69.8609,14.5531],[78.89237,69.86948,13.521],[78.88018,69.87615,9.9609],[78.87987,69.87966,7.9107],[78.88607,69.88064,11.4521],[78.94023,69.87677,12.3491],[78.95366,69.87816,6.8224],[78.96482,69.88064,11.038],[78.99924,69.89279,10.4458],[79.03459,69.9117,14.4006],[79.04079,69.91646,14.1449],[79.04544,69.9216,13.8025],[79.04854,69.92638,13.784],[79.05505,69.9301,5.4662],[79.09639,69.93403,12.6783],[79.10755,69.93682,14.6334],[79.11582,69.9409,14.2258],[79.12884,69.95072,12.3261],[79.13639,69.95532,12.784],[79.14559,69.9593,4.8554],[79.17184,69.96333,13.4844],[79.17649,69.96865,13.8344],[79.17122,69.97831,13.7947],[79.14063,69.9981,12.1986],[79.13381,70.00841,6.3069],[79.13639,70.01449,10.387],[79.149,70.01583,6.772],[79.16264,70.01526,12.1537],[79.18528,70.01035,13.0616],[79.19261,70.01035,12.9179],[79.19633,70.01459,5.4816],[79.18714,70.02611,12.6915],[79.18311,70.03392,12.627],[79.183,70.04136,12.5061],[79.18827,70.04632,12.3554],[79.19664,70.05043,12.3731],[79.20843,70.05283,4.8302],[79.29545,70.05862,11.9406],[79.30754,70.05681,3.7758],[79.31777,70.05304,11.6199],[79.3277,70.04733,12.2596],[79.33906,70.04508,5.2364],[79.34806,70.04616,8.1755],[79.3555,70.04996,11.688],[79.35674,70.05691,12.3372],[79.3524,70.06616,11.9652],[79.33576,70.08167,4.4919],[79.33173,70.09133,8.5116],[79.33235,70.09913,11.24],[79.33627,70.10508,11.5569],[79.33927,70.11097,11.183],[79.33968,70.11681,10.714],[79.33162,70.13882,7.9468],[79.33069,70.14363,10.1099],[79.33348,70.1476,11.2191],[79.34361,70.14983,9.5953],[79.35725,70.15138,9.6868],[79.39177,70.15001,11.6722],[79.40748,70.14673,11.6286],[79.4111,70.14409,11.6415],[79.39591,70.13815,10.7853],[79.3926,70.1321,11.0972],[79.39725,70.12719,3.7098],[79.40531,70.12296,18.9574],[79.42784,70.11681,16.7893],[79.45503,70.1119,38.949],[79.48428,70.10983,15.2552],[79.49637,70.11174,6.9189],[79.50526,70.11541,10.7572],[79.58453,70.17442,7.0087],[79.60685,70.18802,9.2191],[79.61181,70.19313,13.8443],[79.61398,70.19874,5.5373],[79.61522,70.20445,11.909],[79.61853,70.21024,11.0753],[79.6238,70.21561,9.4147],[79.63021,70.2207,8.9502],[79.65439,70.23323,8.9099],[79.66442,70.23649,10.3416],[79.70741,70.23928,7.198],[79.71734,70.24243,9.865],[79.72188,70.24786,11.5876],[79.71413,70.25855,9.5204],[79.70927,70.26775,13.7143],[79.7102,70.27499,16.1161],[79.71723,70.27959,23.3807],[79.72839,70.28238,20.2264],[79.76002,70.28134,9.5615],[79.78359,70.27556,10.2747],[79.79361,70.27209,10.0664],[79.80477,70.26935,7.389],[79.8179,70.2678,7.2896],[79.83144,70.26832,5.5],[79.88043,70.27809,11.3872],[79.95412,70.30876,8.9001],[79.96011,70.31374,9.1199],[80.09509,70.35343,7.5403],[80.10315,70.35824,7.9819],[80.10636,70.36465,7.4945],[80.1016,70.37519,5.5],[80.0893,70.38467,14.8652],[80.08837,70.39183,11.5321],[80.0954,70.39542,9.9226],[80.10822,70.39666,9.125],[80.123,70.3956,9.1493],[80.16113,70.38924,7.8608],[80.17374,70.38997,5.9252],[80.18273,70.39327,5.8926],[80.18707,70.39875,6.1391],[80.18738,70.40552,6.9389],[80.18459,70.41296,3.0],[80.17881,70.42309,6.4511],[80.17695,70.42955,7.645],[80.18087,70.43431,5.7942],[80.19111,70.43508,4.0758],[80.24733,70.42774,2.5481],[80.26356,70.42733,3.3517],[80.27648,70.42878,0.5],[80.28712,70.43198,14.1099],[80.29446,70.43653,12.0418],[80.30738,70.44676,12.6718],[80.31585,70.45082,6.1681],[80.32567,70.45441,2.3818],[80.34986,70.45989,5.2064],[80.56907,70.46082,7.6489],[80.58137,70.45826,4.8905],[80.58994,70.45399,0.0],[80.59749,70.44834,17.3052],[80.61578,70.43167,21.7016],[80.62601,70.42413,39.0699],[80.63707,70.42033,7.8658],[80.64937,70.41947,7.218],[80.67449,70.4218,1.4293],[80.68679,70.42108,7.2791],[80.6934,70.41627,7.3367],[80.69795,70.40945,6.6951],[80.70301,70.39911,7.1726],[80.71045,70.39348,6.3711],[80.72224,70.39059,0.0],[80.73516,70.3917,7.5192],[80.74714,70.39405,6.3285],[80.75686,70.39777,7.1759],[80.75459,70.40193,0.0],[80.74745,70.40609,6.6795],[80.73681,70.41084,6.9343],[80.73764,70.4155,3.7779],[80.74415,70.41922,0.0],[80.75583,70.42077,0.0],[80.76916,70.41994,0.0],[80.77939,70.41823,4.6184],[80.78838,70.41829,5.8074],[80.79283,70.42258,3.8027],[80.79593,70.42836,2.4017],[80.79644,70.43405,6.5255],[80.79458,70.43834,3.9923],[80.78755,70.43937,6.6729],[80.77918,70.4388,6.6896],[80.74776,70.44345,6.6919],[80.70136,70.44376,4.4558],[80.68472,70.44593,7.1536],[80.6687,70.45043,7.4725],[80.66177,70.45562,5.0227],[80.66022,70.46169,4.9963],[80.66126,70.46792,5.1771],[80.66188,70.47348,6.5803],[80.65661,70.47787,6.2918],[80.64886,70.4818,3.2607],[80.6257,70.48939,5.6856],[80.61382,70.49518,2.6445],[80.60958,70.5011,4.3571],[80.61144,70.50707,4.812],[80.61857,70.51146,4.2147],[80.64689,70.51497,2.7797],[80.65816,70.51823,5.9935],[80.66095,70.52665,5.4111],[80.66363,70.53218,9.6717],[80.66798,70.53849,12.6586],[80.67139,70.54526,19.8665],[80.66467,70.55879,26.152],[80.66177,70.56691,34.6566],[80.66301,70.57357,19.3795],[80.67015,70.5776,9.2309],[80.70456,70.58582,17.4334],[80.71324,70.5899,36.4572],[80.71976,70.59486,20.4095],[80.72441,70.60081,33.0794],[80.72782,70.60716,41.2521],[80.7305,70.61347,15.853],[80.73495,70.61931,30.8812],[80.74074,70.62468,12.0785],[80.74745,70.62975,14.0331],[80.75283,70.63522,10.9039],[80.75624,70.64142,15.8215],[80.75779,70.64845,8.2843],[80.75748,70.65558,11.7017],[80.75459,70.6637,10.2559],[80.749,70.66933,8.8399],[80.74156,70.67403,8.3491],[80.71665,70.68561,18.0072],[80.70694,70.68886,14.8552],[80.69485,70.69083,13.9208],[80.66891,70.69106,10.7867],[80.65867,70.69243,11.3633],[80.60803,70.71018,22.8067],[80.59718,70.71628,21.1572],[80.59284,70.72225,37.6554],[80.5918,70.72865,30.6461],[80.59304,70.73493,32.7026],[80.59584,70.74137,24.7398],[80.60018,70.74736,56.5153],[80.60607,70.75279,58.0382],[80.61423,70.75713,49.1522],[80.65216,70.77217,40.3105],[80.67583,70.78555,16.7324],[80.68193,70.79072,31.5186],[80.68565,70.79609,25.985],[80.68586,70.80121,34.037],[80.67986,70.80539,38.564],[80.64472,70.81981,16.1776],[80.64079,70.82353,14.8159],[80.5916,70.8403,28.1112],[80.57641,70.84813,66.1095],[80.56896,70.85428,54.5914],[80.56473,70.86038,60.1292],[80.5609,70.87118,51.9226],[80.55821,70.8766,51.731],[80.55439,70.88864,56.1797],[80.55191,70.90017,72.63],[80.55098,70.91203,67.011],[80.55408,70.94895,75.9093],[80.55377,70.96688,37.2883],[80.54736,70.99448,39.13],[80.54695,71.00316,34.2302],[80.54633,71.0076,15.0918],[80.55005,71.04445,37.7237],[80.54633,71.05396,48.2196],[80.53765,71.05936,43.3355],[80.52649,71.06352,23.2117],[80.40319,71.09122,5.4716],[79.95443,71.13411,46.837],[79.5652,71.27736,9.997],[79.4665,71.30061,5.765],[79.33514,71.31523,6.1325],[79.2447,71.31673,42.1387],[79.22703,71.32081,24.5328],[79.20977,71.32841,28.7556],[79.18424,71.34495,30.7632],[79.17525,71.35497,28.2433],[79.1706,71.3634,26.8694],[79.16771,71.37657,6.5193],[79.14662,71.40727,18.5208],[79.14321,71.41523,13.7707],[79.14311,71.42169,14.2779],[79.15499,71.43187,15.141],[79.17959,71.44505,16.6098],[79.33348,71.48112,36.2979],[79.3431,71.48484,46.3404],[79.35136,71.48933,33.7396],[79.35798,71.49427,24.506],[79.36377,71.49972,28.3321],[79.38454,71.53052,46.6695],[79.38733,71.53708,26.4346],[79.38898,71.54349,28.6262],[79.38702,71.55088,42.7907],[79.38299,71.55904,65.0626],[79.374,71.57139,74.5292],[79.36656,71.57868,54.2233],[79.3588,71.58488,67.9812],[79.33844,71.5979,51.5675],[79.34279,71.60157,44.8509],[79.371,71.61237,44.8169],[79.38268,71.61496,46.3516],[79.39694,71.61558,37.2566],[79.4111,71.61423,57.0669],[79.46288,71.60323,34.682],[79.49564,71.6001,33.7152],[79.51228,71.60018,45.7585],[79.55166,71.6069,31.6976],[79.86823,71.60165,25.5754],[79.97623,71.61739,24.3999],[79.98585,71.62121,24.834],[79.99184,71.62591,24.789],[79.99918,71.63294,22.1987],[80.01179,71.64198,24.9736],[80.01644,71.647,24.3768],[80.01778,71.65211,23.7146],[80.02088,71.65692,24.3836],[80.02988,71.65981,23.7806],[80.07804,71.65986,21.1435],[80.09106,71.66167,23.2638],[80.10233,71.66457,22.6188],[80.11194,71.66901,22.6038],[80.11876,71.67485,22.3403],[80.11752,71.68723,21.8364],[80.11318,71.69872,20.7278],[80.0769,71.75629,22.5592],[80.07618,71.76466,19.0033],[80.08641,71.76813,18.7518],[80.11369,71.76885,19.2964],[80.12093,71.77407,18.657],[80.11938,71.77872,15.7899],[80.11442,71.78368,18.4341],[80.09571,71.79701,18.2615],[80.09054,71.80177,18.0288],[80.08393,71.80616,16.926],[80.07597,71.80978,17.1154],[80.04931,71.81252,17.4065],[80.0367,71.81528,17.4864],[80.03225,71.81975,16.5785],[80.03225,71.82518,16.0965],[80.03639,71.83076,29.6324],[80.04352,71.83556,26.3326],[80.0521,71.83988,21.0165],[80.07401,71.84636,16.4002],[80.14811,71.85381,16.9506],[80.15803,71.85714,16.0976],[80.16919,71.86554,16.1912],[80.17943,71.86662,15.9436],[80.25611,71.85417,14.9711],[80.26852,71.85515,14.3872],[80.27379,71.8607,13.6132],[80.27337,71.86957,15.0355],[80.27627,71.87442,14.4681],[80.28464,71.87453,13.9573],[80.31172,71.87161,14.8356],[80.32505,71.87254,11.5513],[80.33539,71.87566,13.9839],[80.3419,71.88026,13.6465],[80.34396,71.88538,13.9767],[80.33911,71.8898,13.8615],[80.31213,71.9013,13.6926],[80.30128,71.90471,13.1384],[80.26872,71.9106,13.2227],[80.25208,71.91649,11.8714],[80.24464,71.92388,9.9396],[80.2372,71.93421,9.1489],[80.22893,71.93974,12.0036],[80.21798,71.94248,11.8548],[80.20661,71.94135,10.6481],[80.19596,71.93918,8.028],[80.18397,71.93855,11.8866],[80.10904,71.94987,9.7153],[80.09426,71.95437,10.6204],[80.09106,71.9599,10.6931],[80.0707,71.9678,8.3249],[80.05644,71.97142,7.0718],[80.04259,71.9769,9.0765],[80.01582,71.98336,5.1355],[79.93334,71.98752,7.9918],[79.9103,71.98628,7.2663],[79.89944,71.98827,10.9357],[79.88136,71.99488,8.5377],[79.87722,71.99803,4.6341],[79.87609,71.99943,8.0011],[79.87598,72.00181,15.5191],[79.87516,72.00542,13.6927],[79.87164,72.01478,7.5901],[79.86461,72.02067,12.138],[79.85397,72.02522,7.0438],[79.69491,72.0577,4.4465],[79.68013,72.05777,3.4588],[79.61336,72.04263,6.8715],[79.58112,72.04149,4.8271],[79.48924,72.04669,18.7713],[79.47466,72.04506,36.9895],[79.44965,72.03979,2.5588],[79.43632,72.03963,2.052],[79.41885,72.04341,5.7477],[79.40707,72.05235,5.9863],[79.394049999999993,72.05715,5.177],[79.38216,72.0602,4.2025],[79.33937,72.05757,5.8364],[79.22393,72.07601,2.0237],[79.14931,72.07725,5.1869],[79.1212,72.07353,1.2755],[79.10786,72.07302,0.4104],[79.09401,72.07591,7.3788],[79.08874,72.08059,6.4892],[79.08719,72.08661,5.841],[79.08843,72.09255,3.0785],[79.0874,72.09973,4.7617],[79.08068,72.10459,4.292],[79.07076,72.10847,4.5913],[79.01898,72.11947,3.6333],[78.99686,72.1218,4.6383],[78.98477,72.12167,4.2533],[78.92875,72.1156,4.544],[78.91418,72.11622,4.3723],[78.90478,72.11922,3.9623],[78.90292,72.12402,0.7524],[78.90633,72.12929,3.9379],[78.91077,72.13456,3.652],[78.91325,72.13952,4.6465],[78.9085,72.14381,5.7482],[78.89857,72.14722,18.1024],[78.78943,72.16914,17.0643],[78.7792,72.1727,27.8457],[78.78447,72.17528,21.2413],[78.79284,72.17813,26.3898],[78.79801,72.18203,12.2089],[78.79005,72.18435,30.3802],[78.77579,72.185,19.052],[78.69683,72.18032,3.6647],[78.68422,72.18185,3.3496],[78.68009,72.18624,3.5291],[78.67668,72.19234,2.3086],[78.66717,72.19647,1.2381],[78.62221,72.20448,0.0],[78.60991,72.2082,3.1413],[78.61456,72.21017,2.9613],[78.65394,72.21613,0.0],[78.66469,72.21952,3.0285],[78.66954,72.22495,2.747],[78.66469,72.22898,2.8345],[78.65787,72.23244,2.0721],[78.65632,72.23603,0.0],[78.65973,72.24097,0.0],[78.6619,72.24758,0.0],[78.6558,72.25833,2.6772],[78.64588,72.26582,1.2417],[78.63037,72.2751,2.3849],[78.62221,72.28184,0.0],[78.61549,72.28848,0.0],[78.60929,72.29592,4.0116],[78.59782,72.30019,7.6881],[78.52795,72.30776,1.8047],[78.5171,72.31114,1.6672],[78.45426,72.34122,2.6257],[78.44744,72.34757,0.0],[78.44496,72.35378,2.2264],[78.44858,72.35915,1.2408],[78.45798,72.36437,1.4751],[78.46697,72.36799,0.9956],[78.50067,72.37713,0.0],[78.50276,72.38191,0.0],[78.46502,72.39069,0.0],[78.42579,72.39338,0.0],[78.3462,72.38776,0.0],[78.23162,72.36384,0.0],[78.19174,72.36905,0.0],[78.13624,72.3852,0.0],[78.12452,72.38459,0.0],[78.10719,72.36921,0.0],[78.09881,72.36343,0.0],[78.08758,72.35879,0.0],[77.94264,72.32632,0.0],[77.87924,72.30048,4.0278],[77.74138,72.21621,0.0],[77.69728,72.20649,0.0],[77.66822,72.19282,0.0],[77.65113,72.18976,0.0],[77.6115,72.19343,0.0],[77.50709,72.22236,0.0],[77.47389,72.22236,0.0],[77.44174,72.20962,0.0],[77.47413,72.19676,5.1463],[77.48829,72.1883,0.0],[77.49073,72.17544,0.0],[77.4144,72.13788,0.0],[77.37721,72.11017,0.0],[77.38738,72.09223,0.0],[77.46453,72.06757,1.1849],[77.51059,72.06208,5.5072],[77.56398,72.07062,5.6543],[77.71258,72.11518,2.0295],[77.93775,72.11811,4.6946],[77.98561,72.10952,3.9971],[78.03159,72.09467,4.8945],[78.20362,72.00104,0.0],[78.22576,71.98257,0.0],[78.22682,71.96186,0.0],[78.21469,71.94107,0.0],[78.19711,71.92227,0.0],[78.15594,71.89435,0.0],[78.10955,71.88044,0.0],[77.72722,71.82685,0.0],[77.58465,71.83112,0.0],[77.44899,71.87104,0.0],[77.38461,71.90738,0.0],[77.02687,72.02143,0.0],[76.96258,72.0246,0.0],[76.94614,72.04426,0.8446],[76.87818,72.05003,1.0],[76.61598,72.02456,19.1294],[76.35377,71.99909,0.0],[76.094,71.93073,0.0],[76.0267,71.92381,0.0],[75.99684,71.9079,0.0],[76.03045,71.89777,1.4566],[76.05747,71.88288,1.1429],[76.07976,71.86343,10.3513],[76.14633,71.77448,7.8367],[76.16188,71.73517,5.085],[76.1823,71.71418,1.0852],[76.26352,71.65314,0.0],[76.27052,71.64106,0.0],[76.26832,71.62958,0.0],[76.2531,71.60834,15.3786],[76.24936,71.59667,0.0],[76.27231,71.5729,0.0],[76.32545,71.55952,0.0],[76.52817,71.54182,2.9068],[76.58107,71.52875,18.8143],[76.62672,71.51069,18.8447],[76.67123,71.47846,16.1224],[76.68824,71.46971,16.6951],[76.71266,71.46345,1.69],[76.94972,71.43138,1.7824],[77.07325,71.42886,1.6742],[77.10353,71.42398,1.7773],[77.13453,71.41136,9.971],[77.18067,71.38467,2.2894],[77.2317,71.36225,14.5754],[77.4922,71.30134,0.2576],[77.52491,71.30524,10.7287],[77.45346,71.32152,16.8478],[77.43556,71.3332,13.4972],[77.51547,71.32917,1.9347],[77.59327,71.31269,3.4365],[77.67091,71.28612,4.83],[77.71192,71.28132,0.0],[77.75082,71.29218,0.0],[77.73414,71.31118,14.3642],[77.77735,71.32461,3.3953],[77.87379,71.33934,0.822],[77.86549,71.34943,1.1377],[77.88185,71.35468,1.1717],[77.92848,71.3605,0.489],[77.969,71.37372,0.5252],[77.98829,71.37474,11.8815],[78.011,71.36734,2.0561],[77.99049,71.34638,0.0],[77.92823,71.32974,0.0],[77.90113,71.31269,0.0],[77.90602,71.3076,0.0],[77.91326,71.29515,11.7122],[77.91847,71.28852,7.2266],[77.92237,71.28132,15.6518],[77.92848,71.25747,10.8827],[77.95607,71.25389,16.722],[78.02198,71.27871,12.1617],[78.20143,71.27066,10.5398],[78.27898,71.25894,1.5506],[78.31251,71.22639,0.7489],[78.31105,71.20844,2.258],[78.30665,71.19278,12.1453],[78.29949,71.17841,10.8977],[78.28907,71.16437,4.8545],[78.25066,71.13874,0.0],[78.23365,71.12287,0.0],[78.23756,71.10969,0.0],[78.29916,71.07978,0.0388],[78.36394,71.0572,2.9139],[78.43043,71.04475,2.4091],[78.49757,71.04515,0.6981],[78.47104,71.06175,1.7567],[78.37599,71.076,1.0566],[78.3462,71.0998,7.5016],[78.44386,71.1153,3.9341],[78.49733,71.11506,15.9988],[78.5254,71.09296,19.1482],[78.5158,71.09199,14.9268],[78.50961,71.08942,12.8007],[78.49757,71.07868,0.3339],[78.53159,71.06712,32.1062],[78.54656,71.05825,9.109],[78.55974,71.04515,4.5771],[78.53981,71.03632,-0.6571],[78.48707,71.03018,-1.45],[78.46339,71.02412,-0.7678],[78.48805,71.01166,12.6242],[78.47779,70.99152,20.5295],[78.43539,70.94961,2.2784],[78.43295,70.94229,2.5123],[78.43149,70.93211,1.1396],[78.43385,70.92186,1.1392],[78.44239,70.91425,0.2368],[78.46209,70.91364,1.8841],[78.48211,70.92406,1.4643],[78.51808,70.94961,4.912],[78.56471,70.96255,4.9005],[78.61378,70.96259,2.1294],[78.66293,70.95384,8.4283],[78.70899,70.94038,3.8699],[78.75758,70.935,1.7201],[78.90162,70.97626,10.3576],[78.84449,70.98916,0.0],[78.81463,70.99152,0.0],[78.78566,70.99055,8.8725],[78.84498,71.01325,23.936],[78.96778,70.98701,5.4768],[79.04298,71.01801,5.9471],[79.07447,71.0235,14.6647],[79.10279,71.02025,7.3381],[79.11451,71.00422,8.8582],[79.10108,70.99103,3.5107],[79.07154,70.98017,0.0],[79.01832,70.96882,0.0],[79.02906,70.96931,0.0],[79.04265,70.96735,0.0],[79.05437,70.9621,0.0],[79.05934,70.9527,1.505],[79.0534,70.94196,3.171],[79.03956,70.93732,17.479],[78.96461,70.9287,0.0],[78.94597,70.93061,0.0],[78.94947,70.94212,0.0],[78.92945,70.94766,0.0],[78.91391,70.93964,5.0546],[78.89918,70.9278,0.0],[78.88136,70.9217,13.6033],[78.76881,70.91425,0.0],[78.59783,70.92805,0.0],[78.54689,70.91966,1.2808],[78.4983,70.90331,0.0],[78.45525,70.89468,0.0],[78.41139,70.89545,0.0],[78.36036,70.90803,0.9855],[78.27906,70.94212,0.0],[78.00172,70.96361,13.1786],[77.9489,70.97626,0.0],[77.91554,70.99217,0.0],[77.89991,71.01048,1.7254],[77.89527,71.03246,2.2762],[77.8943,71.05948,0.0],[77.88551,71.08926,0.0],[77.86541,71.11005,0.0],[77.83774,71.12458,0.0],[77.78273,71.14248,0.0],[77.55812,71.17365,0.0],[77.38209,71.15892,13.657],[77.00514,71.18448,0.0],[76.92905,71.16059,0.0],[76.95826,71.12482,0.0],[76.96258,71.11347,1.614],[76.95729,71.09955,1.5974],[76.94435,71.0871,0.0],[76.92848,71.07754,0.0],[76.91424,71.07246,0.0],[76.91131,71.08308,0.0],[76.91432,71.08902,0.0],[76.9192,71.09439,0.0],[76.92164,71.10293,0.0],[76.9183,71.11298,0.0],[76.91066,71.1186,0.0],[76.90162,71.12246,0.0],[76.8943,71.1271,0.0],[76.8825,71.14509,0.0],[76.88168,71.15998,1.1398],[76.89234,71.17227,2.2794],[76.91424,71.18232,0.0],[76.88893,71.19042,0.0],[76.71998,71.20531,0.0],[76.46892,71.21263,0.0],[76.1504,71.22948,0.0],[76.13347,71.22696,0.0],[76.11964,71.2204,0.0],[76.11524,71.21174,1.0321],[76.12648,71.20283,0.5359],[76.10841,71.20449,2.2832],[76.01734,71.23701,0.0],[75.73365,71.26488,0.0],[75.34262,71.33495,0.0],[75.26303,71.36555,0.0],[75.22836,71.40453,1.0255],[75.23178,71.40913,0.0],[75.23829,71.41559,0.0],[75.24269,71.42341,0.0],[75.23455,71.44404,5.2255],[75.24155,71.45356,6.2154],[75.25441,71.45991,17.427],[75.26661,71.46223,14.5425],[75.40594,71.45258,1.166],[75.44191,71.46223,0.0],[75.42888,71.47797,0.0],[75.42555,71.49038,0.0],[75.43377,71.50165,0.4838],[75.45533,71.51411,0.777],[75.46949,71.51948,0.9253],[75.51173,71.52953,0.0],[75.52882,71.53632,0.0],[75.53289,71.5423,0.0],[75.5276,71.54914,0.0],[75.51694,71.5585,0.0],[75.49171,71.57392,0.0],[75.40065,71.60346,1.0765],[75.39243,71.61787,1.582],[75.42172,71.628,1.0575],[75.49122,71.63939,0.0],[75.50636,71.65217,0.0],[75.49171,71.66608,0.0],[75.3462,71.71821,0.0],[75.30063,71.7246,0.0],[75.28696,71.72895,0.0],[75.27426,71.7355,0.0],[75.26319,71.74348,0.0],[75.26026,71.75043,0.0],[75.25978,71.75975,0.0],[75.25758,71.76789,0.0],[75.24952,71.77139,0.0],[75.22755,71.77741,0.0],[75.21762,71.79198,0.0],[75.22023,71.80996,7.4262],[75.23585,71.826,0.0],[75.22413,71.84223,0.0],[75.23756,71.86359,0.0],[75.26205,71.88312,0.0],[75.28354,71.89423,0.0],[75.27858,71.90493,0.0],[75.27101,71.91446,0.0],[75.25294,71.93244,0.0],[75.25367,71.94221,0.0],[75.26734,71.95246,0.0],[75.285,71.96039,0.3629],[75.28679,71.95991,0.0],[75.35385,71.95775,0.7943],[75.39064,71.96381,0.7157],[75.43898,71.98534,0.0],[75.44386,71.99193,0.0],[75.43824,72.00104,0.0],[75.41717,72.02619,0.0],[75.41407,72.03144,0.0],[75.43263,72.04597,0.0],[75.50172,72.06245,0.0],[75.51694,72.0764,0.0],[75.51832,72.08332,0.0],[75.52394,72.09854,0.0],[75.52459,72.10781,0.0],[75.52182,72.11469,0.0],[75.51238,72.12889,0.0],[75.5101,72.13788,0.0],[75.51783,72.15323,0.0],[75.58741,72.21019,0.0],[75.59409,72.21454,0.0],[75.62241,72.22655,0.0],[75.7212,72.24958,0.0],[75.73552,72.25739,0.0],[75.74244,72.26553,0.0],[75.74838,72.2814,0.0],[75.75294,72.28872,0.0],[75.75473,72.30638,0.0],[75.69044,72.31867,0.0],[75.66725,72.33308,0.0],[75.68287,72.33991,0.0],[75.66822,72.35391,0.0],[75.62623,72.38154,0.0],[75.62452,72.38862,0.0],[75.62582,72.40473,0.0],[75.62281,72.41193,0.0],[75.57203,72.46674,0.0],[75.55649,72.4975,0.0],[75.5617,72.52534,0.0],[75.59685,72.54711,3.9124],[75.62745,72.54792,0.0],[75.66896,72.54442,0.0],[75.702,72.54702,0.0],[75.70818,72.56586,0.0],[75.68719,72.58539,0.0],[75.65252,72.59911,0.0],[75.51857,72.63105,0.0],[75.4865,72.64509,0.0],[75.45899,72.66547,0.0],[75.44304,72.68342,0.0],[75.43295,72.6918,0.0],[75.42091,72.69684,0.0],[75.40187,72.69619,0.0],[75.35873,72.685,0.0],[75.33823,72.68317,3.4132],[75.3475,72.69229,0.0],[75.37648,72.70417,0.0],[75.40748,72.72382,1.028],[75.42213,72.72138,0.9538],[75.43702,72.71402,0.7924],[75.45558,72.70991,0.0],[75.51987,72.73835,0.0],[75.53077,72.74116,0.0],[75.52231,72.75983,0.0],[75.50213,72.76728,0.0],[75.4572,72.77326,0.0],[75.31886,72.81916,0.0],[75.19142,72.83373,0.0],[75.16684,72.84024,0.0],[75.11199,72.86799,0.0],[75.09197,72.87499,0.0],[75.03663,72.88166,0.0],[74.98316,72.87678,0.0],[74.77516,72.82852,0.0],[74.75115,72.82001,0.0],[74.74155,72.8144,0.0],[74.74757,72.80829,0.0],[74.99952,72.6739,6.3758],[75.02638,72.65184,6.2324],[75.04868,72.6164,13.016],[75.05885,72.59504,9.6398],[75.06105,72.5832,1.0542],[75.05454,72.5655,3.5347],[75.05885,72.54511,20.6584],[75.06658,72.52489,25.5028],[75.07911,72.47321,13.0944],[75.10873,72.40351,20.3291],[75.10548,72.36717,13.4032],[75.11109,72.34642,9.7203],[75.09197,72.24063,13.47],[75.07569,72.21015,7.6288],[74.99488,72.13784,1.3184],[74.9616,72.11396,17.6406],[74.9284,72.09813,7.8315],[74.6679,72.03598,0.0],[74.4074,71.97382,3.7141],[74.331549999999993,71.95572,0.0],[74.2505,71.96003,0.0],[73.9393,71.91372,0.0],[73.76726,71.87397,0.0],[73.52589,71.82221,0.0],[73.50766,71.81281,0.0],[73.4909,71.80052,0.0],[73.47771,71.78815,0.0],[73.47023,71.77342,1.5164],[73.47584,71.7626,1.681],[73.50229,71.74348,1.3033],[73.51938,71.72443,1.2609],[73.52491,71.70624,0.0],[73.51824,71.68708,0.0],[73.49855,71.66494,0.0],[73.48178,71.65274,0.0],[73.42652,71.62739,0.0],[73.40919,71.61652,0.0],[73.3812,71.59357,0.0],[73.36476,71.58299,0.0],[73.03745,71.44099,0.0],[73.02247,71.42878,0.0],[73.03338,71.40571,2.4795],[73.07927,71.39228,4.6927],[73.17335,71.38032,27.4691],[73.23585,71.35712,37.1299],[73.33937,71.33881,52.6776],[73.36354,71.33124,38.3987],[73.42644,71.30223,27.8284],[73.46949,71.29304,20.8171],[73.51124,71.2696,35.5833],[73.53273,71.26431,44.1722],[73.55616,71.25511,31.458],[73.58277,71.23359,31.0967],[73.65528,71.15347,20.4586],[73.66782,71.13215,5.8065],[73.67302,71.10969,2.1317],[73.68214,71.09235,1.7131],[73.70362,71.07144,1.0341],[73.74871,71.03775,1.4388],[73.78435,71.0209,4.2844],[73.86451,70.99311,10.3374],[73.89576,70.9726,2.5097],[73.91033,70.951,0.0],[73.91334,70.93061,3.0705],[73.91196,70.90974,2.9686],[73.9131,70.88691,4.7158],[73.9275,70.85537,1.8358],[73.95216,70.83682,18.1912],[74.26075,70.71629,4.9177],[74.29428,70.69623,42.9063],[74.31788,70.66779,6.1473],[74.32081,70.65864,14.8203],[74.32407,70.62621,17.7082],[74.33717,70.59467,17.7882],[74.33904,70.58218,37.1443],[74.3366,70.55736,9.6458],[74.32911,70.5375,32.8093],[74.31617,70.52033,29.4752],[74.26686,70.47972,0.0],[74.19654,70.435,0.0],[74.0774,70.38349,0.0],[74.06495,70.37372,0.0],[74.05983,70.36286,0.0],[74.05649,70.35114,0.0],[74.050299999999993,70.33881,0.0],[74.03061,70.31928,0.0],[74.0066,70.30451,0.0],[73.73455,70.18089,0.0],[73.70769,70.16132,0.0],[73.69223,70.13813,0.0],[73.7024,70.12637,3.1468],[73.75554,70.10952,1.2411],[73.76808,70.09565,1.2554],[73.76482,70.07905,0.0],[73.75261,70.06216,0.0],[73.71144,70.01895,0.0],[73.70769,70.00723,0.0],[73.70826,69.96833,0.0],[73.70525,69.95531,0.0],[73.6657,69.91059,0.0],[73.65626,69.89326,0.0],[73.65309,69.87519,0.0],[73.65992,69.85969,0.0],[73.62745,69.83006,0.0],[73.535,69.77607,0.0],[73.51596,69.74641,0.0],[73.53004,69.71621,0.0],[73.56324,69.68374,0.0],[73.63258,69.63312,6.1181],[73.75538,69.56476,5.1168],[73.85857,69.48225,2.9262],[73.89959,69.42084,9.8184],[73.89959,69.41401,0.0],[73.84962,69.31513,0.0],[73.82439,69.28368,0.0],[73.7933,69.25292,0.0],[73.78793,69.2451,0.0],[73.77866,69.22639,0.0],[73.7566,69.19904,0.0],[73.7518,69.18354,0.0],[73.7588,69.16938,0.0],[73.77662,69.15396,0.0],[73.83522,69.11738,18.0623],[73.89666,69.09321,28.3091],[73.96127,69.08381,57.7508],[74.0298,69.09186,24.5054],[74.24741,69.14191,10.0831],[74.31373,69.14639,38.9713],[74.50896,69.1328,14.6978],[74.7151,69.08503,0.3505],[74.7728,69.08124,0.8038],[74.94093,69.10554,2.1289],[75.10711,69.10395,0.9756],[75.15398,69.11921,0.0],[75.1399,69.12495,0.0],[75.09197,69.1328,2.0811],[75.12924,69.15729,1.9256],[75.17335,69.17259,5.1025],[75.3108,69.19888,2.6382],[75.45338,69.25129,7.3374],[75.50856,69.26142,7.7123],[75.80112,69.23383,0.2931],[76.042,69.23908,0.0],[76.09303,69.22907,0.0],[76.16131,69.19896,0.0],[76.237799999999993,69.18989,0.0],[76.42758,69.14427,1.6527],[76.54819,69.13011,1.0267],[76.57228,69.1328,0.4462],[76.58107,69.13727,1.3168],[76.59848,69.15034,1.1801],[76.60629,69.15396,1.5973],[76.62159,69.15404,1.447],[76.63453,69.14964,1.0444],[76.64698,69.14378,1.7995],[76.66041,69.13963,0.3768],[76.73121,69.13125,1.7727],[76.75489,69.1247,0.0],[76.81349,69.09028,1.7087],[76.82887,69.08503,1.9847],[76.86297,69.04719,1.5405],[76.89381,69.02432,1.6455],[76.91163,69.01512,1.8895],[76.92905,69.00934,1.6884],[77.232919999999993,68.98994,1.1733],[77.28582,68.97871,0.8764],[77.35865,68.93716,1.9832],[77.40943,68.92601,1.9269],[77.60084,68.92109,1.1376],[77.64698,68.91112,1.0292],[77.68263,68.88581,2.5873],[77.6902,68.86542,0.0],[77.69223,68.81708,41.8277],[77.69939,68.80048,19.6542],[77.71469,68.78266,0.8488],[77.72771,68.76081,14.0868],[77.73764,68.73749,34.03],[77.74399,68.71507,0.0],[77.74684,68.69375,1.2353],[77.74415,68.67691,0.0],[77.73561,68.66096,0.0],[77.72006,68.64248,0.0],[77.7151,68.62104,1.4641],[77.72755,68.5976,1.2063],[77.7483,68.5788,1.1539],[77.76832,68.57111,1.2207],[77.77247,68.55891,0.0],[77.7741,68.53425,0.263],[77.78688,68.51459,1.7327],[77.82439,68.51777,1.6647],[77.85963,68.52753,1.455],[77.89487,68.52888,1.5957],[77.92791,68.51903,1.5626],[77.95631,68.49543,1.1086],[77.94776,68.48404,0.0],[77.93686,68.47553,0.0],[77.92359,68.47028,0.0],[77.90854,68.4687,0.0],[77.91391,68.45673,1.7076],[77.94264,68.42772,2.5826],[77.95191,68.40868,1.5206],[77.95851,68.39838,1.8952],[77.96998,68.38923,0.3615],[77.99171,68.38117,2.9194],[78.0359,68.3758,4.6221],[78.0901,68.36001,10.6253],[78.09278,68.35273,9.9204],[78.09278,68.33466,9.8987],[78.11183,68.31232,0.0065],[78.14861,68.29243,7.1175],[78.17262,68.27436,1.5804],[78.15358,68.25755,0.0],[78.10328,68.24836,0.0],[77.99855,68.24608,0.0],[77.9026,68.22944,0.0],[77.75082,68.22846,0.0],[77.70851,68.22187,0.0],[77.66554,68.20551,0.0],[77.58644,68.16332,0.0],[77.53696,68.12861,0.0],[77.51564,68.10659,0.0],[77.50375,68.08511,2.8229],[77.50278,68.06273,1.5592],[77.5062,68.04523,0.0],[77.50424,68.0279,0.0],[77.48707,68.00601,0.0],[77.48308,68.00275,0.0],[77.46974,67.9951,0.0],[77.48414,67.97362,2.406],[77.49342,67.96332,1.9994],[77.50375,67.95478,1.5122],[77.52516,67.9453,2.2095],[77.54396,67.94501,1.6916],[77.56316,67.9479,2.5985],[77.58644,67.94794,2.1099],[77.57276,67.93553,0.0],[77.55006,67.93183,0.0],[77.52491,67.93089,0.0],[77.50375,67.92683,0.0],[77.487799999999993,67.91747,0.0],[77.47877,67.90729,0.0],[77.47389,67.89484,0.0],[77.46974,67.8791,0.9705],[77.46925,67.85716,1.4828],[77.47316,67.83364,1.9539],[77.47267,67.80964,0.0],[77.45948,67.78628,0.0],[77.49415,67.75129,39.7921],[77.61866,67.73371,1.859],[77.73805,67.73981,0.0],[77.75766,67.77603,2.8778],[77.77573,67.77839,2.5003],[77.79298,67.76732,1.2843],[77.80958,67.75113,1.912],[77.82594,67.73847,-0.3354],[77.85157,67.73102,1.5577],[77.920419999999993,67.72663,0.9149],[77.9489,67.72822,1.346],[77.89959,67.7154,0.0],[77.87224,67.70458,0.0],[77.86012,67.69062,0.0],[77.87428,67.68529,0.0],[77.9406,67.69147,3.701],[77.9616,67.69575,1.5565],[78.01222,67.69448,2.4836],[78.11345,67.65697,2.1871],[78.16212,67.66303,2.9152],[78.18491,67.66938,0.095],[78.20582,67.66657,1.8269],[78.22706,67.66108,2.973],[78.25172,67.65937,1.3696],[78.30144,67.67536,3.1155],[78.32683,67.67975,3.1221],[78.34986,67.67015,0.5521],[78.38168,67.6446,2.803],[78.40016,67.6374,0.0],[78.40821,67.64936,0.0],[78.41236,67.66535,0.0],[78.42042,67.67817,0.0],[78.42579,67.68928,0.0],[78.42172,67.70026,0.0],[78.43849,67.70254,0.7402],[78.45362,67.69245,1.9194],[78.46827,67.67788,2.5218],[78.4839,67.66673,2.1852],[78.50799,67.66303,0.7573],[78.55348,67.67414,2.849],[78.58009,67.67357,3.6311],[78.61036,67.66254,1.0853],[78.61573,67.65038,0.0],[78.60182,67.63959,0.0],[78.57325,67.63264,0.0],[78.48927,67.64012,0.0],[78.46339,67.63264,0.0],[78.50766,67.61376,1.9033],[78.56471,67.60407,2.4788],[78.62257,67.60513,3.1449],[78.66961,67.61835,0.0],[78.70631,67.64102,0.0],[78.72462,67.64863,2.1663],[78.75148,67.65314,1.1482],[78.86801,67.65314,1.8023],[78.85467,67.6446,2.022],[78.81235,67.63398,0.0],[78.806,67.62519,0.0],[78.82154,67.61579,1.3877],[78.85035,67.61213,0.8226],[78.98048,67.61066,4.525],[79.00465,67.60468,29.7467],[79.01881,67.59724,30.1896],[79.0525,67.57054,0.9074],[79.02833,67.56948,4.4085],[78.98276,67.55939,0.0],[78.95997,67.55687,0.0],[78.9061,67.56232,0.0],[78.80934,67.5847,0.0],[78.74073,67.59195,0.0],[78.67644,67.58421,0.0],[78.60328,67.58649,3.019],[78.58107,67.58246,0.0],[78.51873,67.55964,0.0],[78.49733,67.55687,1.3481],[78.36647,67.55541,0.0],[78.35353,67.55687,0.0],[78.31756,67.56879,0.0],[78.28077,67.57396,0.0],[78.2575,67.58055,0.0],[78.23357,67.58466,0.0],[78.20704,67.58076,0.0],[78.13429,67.55927,0.0],[78.09881,67.55606,0.0],[78.07049,67.55024,0.0],[78.05934,67.54633,0.0],[78.04705,67.54352,0.0],[78.03541,67.54499,0.0],[78.02394,67.54784,0.0],[77.99024,67.5502,0.0],[77.98211,67.55337,0.0],[77.96437,67.56733,0.0],[77.95729,67.56826,0.0],[77.90358,67.55834,0.0],[77.89454,67.56029,1.0795],[77.87843,67.57123,0.0],[77.86997,67.57563,0.0],[77.86012,67.57734,0.0],[77.761,67.56371,0.0],[77.71697,67.54999,0.4568],[77.69304,67.54531,0.0],[77.68263,67.55317,2.3912],[77.68458,67.56367,-1.1039],[77.68971,67.57656,1.7847],[77.6963,67.58893,1.6798],[77.70314,67.59789,0.0],[77.67555,67.61717,0.0],[77.51775,67.66498,0.0],[77.43092,67.67914,0.0],[77.12029,67.76854,0.0],[77.07984,67.79035,0.0],[77.07244,67.82441,11.2183],[77.08326,67.83308,12.092],[77.10369,67.84174,13.0932],[77.12566,67.84837,3.1115],[77.14112,67.85114,1.0692],[77.15675,67.8461,3.0443],[77.17221,67.83609,-0.9545],[77.19093,67.8286,2.3921],[77.21656,67.83124,0.0045],[77.23951,67.84345,7.8537],[77.269049999999993,67.86481,1.3347],[77.29444,67.88911,0.0],[77.30519,67.9101,0.0],[77.299,67.92544,0.0],[77.28419,67.93268,0.0],[77.25001,67.9405,0.0],[77.22047,67.96039,0.0],[77.19256,67.98517,0.0],[77.20021,67.99632,0.0],[77.22185,68.01752,0.0],[77.24122,68.04401,0.0],[77.24317,68.07087,0.0],[77.23536,68.07856,0.0],[77.22511,68.08421,0.0],[77.21705,68.09174,0.0],[77.21656,68.10497,0.0],[77.22682,68.11591,0.0],[77.28443,68.14281,0.0],[77.29396,68.15009,0.0],[77.30698,68.16299,0.0],[77.31666,68.17524,0.0],[77.31544,68.18073,0.0],[77.31284,68.18647,0.0],[77.32545,68.19916,0.0],[77.34962,68.21796,0.0],[77.35662,68.2329,0.0],[77.34783,68.24177,0.0],[77.33058,68.24665,0.0],[77.23463,68.25727,0.0],[77.19516,68.26699,0.0],[77.17945,68.2731,0.0],[77.167,68.28181,0.0],[77.16188,68.29365,0.0],[77.16651,68.30842,0.0],[77.17848,68.32046,1.9457],[77.19402,68.32856,0.6401],[77.22999,68.33332,0.5609],[77.24578,68.33893,0.0],[77.25978,68.34846,0.0],[77.2951,68.38174,0.0],[77.29737,68.3889,0.0],[77.2977,68.4029,0.0],[77.28541,68.42772,0.0],[77.26197,68.44221,0.0],[77.24781,68.45694,0.0],[77.26368,68.48237,1.3889],[77.27931,68.49055,1.8864],[77.30063,68.49872,0.0],[77.3191,68.50898,0.0],[77.32569,68.52334,0.0],[77.31593,68.53059,0.0],[77.17416,68.59589,0.0],[77.12745,68.60586,0.0],[77.09986,68.59154,0.0],[77.11232,68.59089,0.0],[77.12477,68.5882,0.0],[77.1482,68.57856,0.0],[77.11378,68.56712,-1.4816],[77.0857,68.57876,0.7506],[77.06202,68.60293,0.0],[77.04176,68.62914,0.0],[77.00668,68.65314,0.0],[76.91977,68.67227,0.0],[76.86476,68.70173,0.0],[76.66261,68.76264,0.0],[76.63233,68.78221,0.0],[76.61883,68.80537,11.9082],[76.64096,68.82807,17.4052],[76.67921,68.84516,19.9468],[76.6963,68.85773,0.0],[76.6906,68.87328,0.0],[76.66041,68.89948,0.0],[76.64389,68.91926,0.0],[76.62818,68.9444,0.0],[76.60906,68.96601,0.0],[76.58237,68.97517,0.0],[76.37574,68.99396,0.0],[76.16041,68.982,0.0],[76.11313,68.97773,0.0],[76.0197,68.95893,0.0],[75.81959,68.94416,0.0],[75.6211,68.89964,0.0],[75.49497,68.90156,0.0],[75.19068,68.87482,0.0],[74.92628,68.8183,0.0],[74.62794,68.7746,0.0],[74.51401,68.73599,0.0],[74.48113,68.72053,0.0],[74.45436,68.694,0.0],[74.44435,68.67202,0.0],[74.43914,68.6516,0.0],[74.43133,68.63378,0.0],[74.41342,68.61953,0.0],[74.43035,68.59382,0.0],[74.45395,68.56517,2.6085],[74.46827,68.53539,0.0],[74.45777,68.50629,0.0],[74.39975,68.44758,0.0],[74.34376,68.40347,0.0],[74.331549999999993,68.38557,15.7203],[74.37013,68.35126,23.6449],[74.58033,68.26191,42.2442],[74.70143,68.18073,53.8856],[74.72543,68.15241,56.0524],[74.73683,68.12128,36.1171],[74.74431,68.08902,17.233],[74.75668,68.0572,-0.269],[74.79705,68.00259,0.0],[74.82496,67.9405,8.9014],[74.81756,67.93427,0.0],[74.82496,67.92683,25.1315],[74.80738,67.88703,0.0],[74.79225,67.79719,5.1037],[74.77654,67.75552,0.0],[74.74887,67.70653,0.0],[74.73032,67.68627,0.0],[74.41432,67.55907,0.0],[74.09832,67.43187,0.0],[73.89959,67.29621,0.0],[73.93735,67.25593,1.4773],[73.95289,67.23094,1.1224],[73.95086,67.2106,1.4329],[73.93483,67.18964,0.0],[73.8921,67.11872,0.0],[73.917,67.08735,0.0],[73.91993,67.0777,0.0],[73.91017,67.06542,0.0],[73.87403,67.05305,0.0],[73.86598,67.03986,0.0],[73.87135,67.00633,0.0],[73.86915,67.00141,0.0],[73.85377,66.99677,0.0],[73.79713,66.9641,17.8245],[73.75465,66.95222,3.4912],[73.65707,66.94196,0.0],[73.62184,66.92324,1.755],[73.59938,66.90111,0.0],[73.556,66.87124,0.0],[73.5407,66.84833,0.0],[73.52898,66.83755,1.1398],[73.49236,66.82343,0.0],[73.17856,66.77774,0.0],[73.11964,66.75178,0.0],[73.0031,66.73945,0.0],[72.99578,66.73603,0.0],[72.98829,66.72769,0.0],[72.98764,66.72199,0.0],[72.99,66.71503,0.0],[72.99317,66.70917,3.9841],[72.99513,66.70722,6.959],[72.98487,66.6988,2.418],[72.97104,66.69111,0.0],[72.95883,66.68203,0.0],[72.95362,66.66934,0.0],[72.94239,66.65668,1.1247],[72.91676,66.65428,0.0],[72.87192,66.65534,0.0],[72.85092,66.64737,0.0],[72.80494,66.63915,0.0],[72.49366,66.6188,0.0],[72.47381,66.61099,0.0],[72.46656,66.60139,0.0],[72.45826,66.57754,0.0],[72.45021,66.56688,21.1483],[72.4109,66.54926,0.0],[72.31756,66.52753,0.0],[72.28883,66.50113,0.0],[72.35084,66.51398,0.0],[72.38233,66.51691,6.7761],[72.41236,66.50853,3.5375],[72.4026,66.50023,17.8461],[72.37973,66.4892,0.0],[72.37135,66.48127,0.0],[72.36671,66.47118,0.0],[72.3672,66.46507,5.4517],[72.3698,66.4593,29.5964],[72.37135,66.45018,31.4635],[72.37501,66.44147,31.458],[72.39283,66.42699,33.5179],[72.39869,66.41918,15.3558],[72.3982,66.41348,32.4077],[72.39186,66.38508,0.0],[72.37623,66.34125,0.0],[72.34734,66.30638,0.0],[72.30633,66.28852,0.0],[72.26149,66.29564,0.0],[72.09702,66.24848,0.0],[72.08375,66.23762,0.0],[72.07569,66.23583,0.0],[72.06983,66.23774,0.0],[72.06414,66.24042,0.0],[72.05055,66.24189,0.0],[72.04672,66.24494,0.0],[72.04274,66.24689,0.0],[72.03549,66.24478,0.0],[72.02459,66.23591,0.0],[72.02182,66.2342,0.0],[72.00278,66.23078,0.0],[71.99008,66.23078,0.0],[71.97788,66.23517,2.722],[71.95981,66.24478,0.8031],[71.9192,66.25104,0.0],[71.83286,66.23452,3.6548],[71.79184,66.25161,0.0],[71.74204,66.29613,0.0],[71.71559,66.31159,0.0],[71.67872,66.32364,0.0],[71.52524,66.33633,0.0],[71.42888,66.35594,0.0],[71.32407,66.35895,0.0],[71.14552,66.36563,0.0],[70.85418,66.35895,0.0],[70.60906,66.33934,0.0],[70.36264,66.33442,0.0],[70.2697,66.36213,0.0],[69.90284,66.41547,0.0],[69.85597,66.43342,0.0],[69.81983,66.45515,0.0],[69.72934,66.48408,0.0],[69.67506,66.48456,0.0],[69.62664,66.49775,0.0],[69.48862,66.49877,0.0],[69.38649,66.51337,0.0],[69.20558,66.5694,38.7399],[69.13152,66.60545,19.4765],[69.11264,66.61884,2.3916],[69.10467,66.63703,44.7237],[69.10279,66.66934,6.1601],[69.10629,66.68985,44.9341],[69.1185,66.73322,86.586],[69.11647,66.75434,72.2533],[69.10377,66.77131,0.0],[69.08375,66.77949,0.0],[69.01433,66.78319,0.0],[68.99733,66.78705,0.0],[68.98227,66.79531,3.2551],[68.96502,66.80956,1.5301],[69.13071,66.83072,2.5204],[69.30201,66.81708,2.405],[69.32163,66.81835,1.7387],[69.37664,66.83072,1.7212],[69.39772,66.83023,3.736],[69.59799,66.78905,1.0837],[69.63722,66.79658,0.0],[69.61541,66.80956,0.0],[69.58855,66.8205,0.0],[69.57748,66.82958,2.7472],[69.60255,66.83755,2.897],[69.63559,66.83576,7.4689],[69.70533,66.8146,3.1532],[69.73959,66.80956,2.5367],[69.8366,66.81631,14.5467],[69.86378,66.82323,0.0],[69.88404,66.83739,0.0],[69.88331,66.84992,5.8913],[69.88152,66.86123,7.7651],[69.8978,66.87165,7.7327],[69.93621,66.86302,1.6911],[69.95493,66.84345,0.0],[69.96909,66.81989,0.0],[69.99317,66.79971,4.2627],[70.06707,66.75983,0.0],[70.09441,66.7521,10.8829],[70.17848,66.74193,0.5],[70.15268,66.72728,0.0],[70.15398,66.71597,0.0],[70.17254,66.7071,1.9157],[70.28663,66.68195,1.8759],[70.31568,66.67988,1.4912],[70.54151,66.70038,0.0],[70.54151,66.70722,0.0],[70.48357,66.7143,1.5041],[70.46648,66.72085,1.9026],[70.61671,66.74193,0.0],[70.53468,66.74193,0.0],[70.57545,66.76,1.5506],[70.62501,66.7652,13.3123],[70.7234,66.76179,1.9628],[70.74106,66.75776,0.0],[70.73504,66.74844,0.0],[70.67994,66.71601,0.0],[70.67164,66.71402,1.3778],[70.65903,66.71577,0.0],[70.64747,66.71894,0.0],[70.63592,66.72061,0.0],[70.62355,66.71743,0.0],[70.61785,66.71247,0.0],[70.61557,66.70189,0.0],[70.60987,66.69697,0.0],[70.59962,66.69318,0.0],[70.57276,66.68757,1.5977],[70.46648,66.67988,1.5964],[70.44597,66.67548,1.4604],[70.41082,66.65632,0.0],[70.39177,66.65192,0.0],[70.33969,66.65424,0.0],[70.31275,66.6507,0.0],[70.29518,66.63825,0.0],[70.31902,66.5937,2.0727],[70.41326,66.56318,2.3268],[70.68865,66.51537,1.9159],[70.98032,66.53587,0.0],[70.97934,66.54393,0.0],[70.97999,66.54727,2.0715],[70.99399,66.55634,1.6531],[70.93946,66.5843,1.6539],[71.03305,66.57075,1.4581],[71.07984,66.56904,1.2586],[71.12379,66.5843,0.0],[71.0547,66.59809,1.5757],[71.04249,66.6048,1.3068],[71.04493,66.61701,1.1888],[71.05681,66.62519,0.8537],[71.07163,66.63003,0.0],[71.08351,66.63207,1.78],[71.23365,66.62523,1.0802],[71.21795,66.63597,1.0165],[71.18133,66.64655,1.2092],[71.16538,66.65876,1.5688],[71.195,66.64887,1.3097],[71.264169999999993,66.63923,1.1476],[71.295419999999993,66.63825,0.0],[71.31935,66.64594,0.0],[71.35808,66.67927,0.0],[71.3851,66.68671,1.2063],[71.37517,66.68138,1.4752],[71.3659,66.67487,0.0],[71.34962,66.65876,1.3508],[71.39088,66.64204,1.3927],[71.45965,66.63874,0.8745],[71.53028,66.64545,1.1392],[71.57691,66.65876,0.0],[71.56959,66.66364,0.0],[71.55584,66.67988,0.8715],[71.58766,66.68985,1.3247],[71.59653,66.69721,0.6333],[71.58985,66.70722,1.0252],[71.58424,66.73163,0.5922],[71.54518,66.7482,0.0],[71.51832,66.76309,1.2242],[71.54957,66.78229,0.0],[71.5337,66.79279,0.0],[71.51059,66.8006,0.0],[71.48976,66.81037,1.4264],[71.48072,66.82697,1.3246],[71.48268,66.84496,1.2097],[71.48878,66.85725,0.0],[71.49936,66.86738,1.2638],[71.5149,66.87849,0.0],[71.41928,66.89496,0.0],[71.39137,66.90575,1.071],[71.45338,66.90575,1.526],[71.42848,66.92695,0.0],[71.30193,66.95356,21.9775],[71.33107,66.96625,16.6507],[71.36207,66.97419,19.477],[71.39389,66.97529,12.7397],[71.42547,66.96784,0.0],[71.49562,66.92683,2.0554],[71.52166,66.91942,1.9881],[71.54713,66.92194,1.6865],[71.59409,66.94139,1.9436],[71.62477,66.94611,0.8068],[71.65447,66.93964,1.9283],[71.72202,66.91527,1.4787],[71.74757,66.91608,1.7693],[71.76368,66.9289,1.8793],[71.7815,66.96011,1.8046],[71.79526,66.97407,1.6211],[71.81935,66.98306,1.4217],[71.87281,66.99128,1.7131],[71.89503,67.00507,0.0],[71.90366,67.01293,2.038],[71.92123,67.02534,0.3688],[71.92945,67.03303,0.43],[71.94435,67.0434,1.2329],[71.97999,67.05044,1.0794],[71.99464,67.05598,0.7874],[72.00717,67.07685,0.0],[71.9944,67.107,0.0],[72.01498,67.11127,0.0],[71.99244,67.12421,0.0],[71.93824,67.12458,0.0],[71.91326,67.13231,1.3667],[72.13852,67.15965,1.3887],[72.12525,67.17813,0.9935],[72.11866,67.1909,0.9359],[72.11817,67.20063,0.0],[72.12794,67.20677,0.51],[72.14161,67.20458,1.5358],[72.15382,67.19611,1.5126],[72.16383,67.17219,0.7908],[72.175299999999993,67.16157,0.0],[72.19077,67.15428,0.0],[72.20631,67.15282,1.6695],[72.22592,67.15949,0.0],[72.23129,67.16918,0.0],[72.22731,67.19038,0.0],[72.2142,67.22378,0.0],[72.18279,67.23725,7.3467],[72.14438,67.24262,0.0],[72.11134,67.25153,0.0],[72.10092,67.25556,0.0],[72.08009,67.25934,0.0],[72.05616,67.26679,0.0],[72.05177,67.26752,0.0],[72.04469,67.29214,0.0],[72.04835,67.30288,6.7371],[72.06007,67.30874,4.25],[72.1255,67.3133,2.0758],[72.14479,67.31843,6.5311],[72.16603,67.32758,1.4054],[72.1906,67.33332,21.7227],[72.21241,67.32827,0.0],[72.25465,67.31049,1.1528],[72.29135,67.30964,0.0],[72.34938,67.3155,1.1638],[72.4026,67.32807,1.75],[72.42604,67.34772,0.0],[72.42888,67.35639,0.0],[72.44386,67.38125,0.4795],[72.45021,67.38898,0.0],[72.45427,67.40062,0.0],[72.4476,67.41328,0.0],[72.42604,67.43403,0.0],[72.40528,67.44794,1.4904],[72.39479,67.45759,10.214],[72.39186,67.46747,10.0478],[72.40594,67.47997,2.3358],[72.50229,67.50682,0.0],[72.53289,67.52009,1.4765],[72.55274,67.53718,0.4837],[72.54274,67.55687,1.1019],[72.54428,67.56879,0.3993],[72.54428,67.57982,0.0],[72.54705,67.59146,0.0],[72.55633,67.60468,21.5482],[72.58131,67.62018,24.274],[72.61166,67.62588,14.8291],[72.79086,67.62568,1.2723],[72.85206,67.63532,1.8295],[72.89894,67.65937,0.0],[72.88575,67.67463,0.0],[72.89234,67.68456,0.0],[72.90903,67.69062,0.0],[72.9782,67.7071,1.8813],[73.01677,67.72329,0.519],[73.0394,67.72858,1.3046],[73.06219,67.72875,0.0],[73.08399,67.72199,0.0],[73.0936,67.7106,0.0],[73.10206,67.69636,1.7356],[73.11427,67.69038,0.0],[73.13543,67.70401,0.0],[73.15138,67.73188,0.0],[73.13795,67.74897,0.0],[73.11036,67.76337,0.0],[73.08399,67.78286,0.0],[73.07154,67.81558,1.5205],[73.09474,67.83015,1.2001],[73.16651,67.83808,1.3912],[73.19549,67.84951,0.0],[73.2046,67.86587,0.0],[73.20069,67.91376,0.0],[73.20444,67.95722,0.0],[73.20216,67.97517,0.0],[73.19044,67.99201,0.0],[73.10499,68.07087,0.0],[73.08107,68.08226,0.0],[73.07276,68.0904,0.0],[73.07154,68.10497,0.0],[73.08107,68.11978,0.0],[73.11793,68.13581,0.0],[73.13168,68.14594,0.0],[73.13705,68.16625,0.0],[73.12729,68.18354,0.0],[73.09083,68.21426,0.0],[73.10857,68.22639,0.0],[73.16651,68.24584,0.0],[73.31788,68.32811,1.42],[73.39772,68.3605,0.9475],[73.417,68.3758,0.0],[73.43621,68.42569,2.008],[73.45387,68.44416,1.4139],[73.5337,68.48151,1.3672],[73.57887,68.49335,1.9688],[73.60467,68.48237,0.0],[73.60239,68.47455,0.0],[73.59539,68.46418,1.6157],[73.58961,68.45238,1.1334],[73.59099,68.44082,1.1467],[73.60499,68.4322,0.0],[73.62338,68.43423,0.0],[73.63941,68.44375,0.0],[73.64625,68.45783,0.0],[73.64674,68.48444,0.0],[73.64438,68.5019,0.0],[73.63461,68.51704,0.0],[73.61215,68.53701,0.0],[73.53907,68.581,0.0],[73.07455,68.7473,0.0],[72.85182,68.79776,0.0],[72.69239,68.86351,0.0],[72.58709,68.93138,0.0],[72.5774,68.94038,0.0],[72.57106,68.95116,0.0],[72.56121,68.97443,0.0],[72.55291,68.98542,0.0],[72.54347,69.00324,0.0],[72.53517,69.0517,0.0],[72.52849,69.07201,0.0],[72.48015,69.12995,0.0],[72.47381,69.15054,4.1596],[72.47788,69.17695,4.7918],[72.48927,69.19916,1.595],[72.50652,69.21833,0.8189],[72.52849,69.23526,0.3344],[72.55372,69.24763,0.5664],[72.60857,69.26411,0.0],[72.63209,69.2768,0.0],[72.64772,69.29222,0.0],[72.64576,69.30048,0.0],[72.63722,69.30976,0.0],[72.63209,69.32831,0.0],[72.61329,69.35936,0.0],[72.57,69.38068,0.0],[72.52174,69.3972,0.0],[72.48805,69.41401,1.1376],[72.50514,69.42121,0.0],[72.58985,69.42251,2.0308],[72.6058,69.42577,0.7835],[72.6211,69.43179,0.0],[72.63836,69.44135,0.0],[72.63331,69.45429,1.1656],[72.63209,69.49592,0.8461],[72.62729,69.5113,0.0],[72.56186,69.60407,0.0],[72.53541,69.62922,0.0],[72.50172,69.64671,0.0],[72.51832,69.65449,0.8719],[72.55323,69.66389,0.0],[72.56373,69.67406,0.0],[72.55958,69.68863,0.0],[72.5809,69.70588,1.7423],[72.63168,69.73241,1.8246],[72.64959,69.74811,1.467],[72.6587,69.76618,1.4772],[72.6657,69.78457,2.2419],[72.67644,69.80101,0.0],[72.69166,69.83686,0.0],[72.67791,69.87299,0.0],[72.64877,69.90485,0.0],[72.61842,69.92792,0.0],[72.54705,69.96849,0.0],[72.52524,69.98627,0.0],[72.52174,69.99396,0.0],[72.52215,70.0124,0.0],[72.51881,70.02045,0.0],[72.50025,70.03368,0.0],[72.49195,70.04121,1.5336],[72.49122,70.04776,0.5575],[72.50172,70.05825,0.8275],[72.51385,70.06688,1.8392],[72.54274,70.08218,1.4105],[72.56666,70.09113,0.0],[72.57374,70.09553,0.1829],[72.57643,70.09992,0.0],[72.57602,70.10908,1.2653],[72.5774,70.11286,1.2706],[72.61199,70.14476,0.0],[72.62159,70.16169,0.0],[72.59913,70.1933,0.0],[72.46697,70.24018,0.0],[72.43409,70.26569,0.0],[72.43556,70.28587,0.0],[72.45948,70.30443,0.0],[72.61248,70.38434,8.2744],[72.65398,70.39912,4.7677],[72.73911,70.41181,4.5775],[72.77133,70.42524,0.0],[72.75847,70.47232,0.0],[72.77613,70.51423,0.0],[72.7754,70.53807,0.0],[72.76588,70.55073,0.0],[72.75099,70.562,0.0],[72.72145,70.57905,0.0],[72.71404,70.58234,0.0],[72.70737,70.58417,0.0],[72.70094,70.58686,0.0],[72.69353,70.59272,0.0],[72.68784,70.60041,0.0],[72.6858,70.60716,0.0],[72.68491,70.61262,0.0],[72.68328,70.6166,0.0],[72.68824,70.63443,1.9193],[72.75489,70.67748,0.0],[72.7754,70.69514,0.0],[72.78004,70.71723,0.0],[72.77955,70.73762,0.0],[72.78126,70.7565,0.0],[72.79249,70.77391,0.0],[72.80836,70.79165,0.0],[72.82203,70.81367,0.0],[72.83229,70.83723,0.0],[72.83692,70.85961,0.0],[72.8274,70.88764,0.0],[72.80144,70.90534,0.0],[72.7684,70.91987,0.0],[72.73178,70.94269,0.0],[72.71803,70.94758,0.0],[72.71079,70.9527,0.0],[72.70916,70.95637,0.0],[72.70924,70.96068,0.0],[72.70867,70.96589,0.0],[72.70395,70.9726,0.0],[72.68653,70.98469,0.0],[72.6482,70.99958,0.0],[72.63209,71.01105,0.0],[72.62289,71.03295,0.0],[72.63356,71.05248,0.0],[72.67644,71.08954,0.0],[72.67075,71.10895,0.0],[72.63649,71.13166,0.0],[72.57,71.16059,0.0],[72.10572,71.29035,0.0],[71.91196,71.39704,0.0],[71.87078,71.41401,1.997],[71.83912,71.43122,0.8033],[71.81381,71.45356,10.5024],[71.8034,71.48029,4.9814],[71.81324,71.51252,1.7876],[71.83815,71.53242,1.8617],[71.92465,71.55866,2.269],[71.95899,71.57465,1.3253],[71.97413,71.57954,1.3309],[71.9852,71.57909,0.0],[72.01498,71.57282,1.4176],[72.02866,71.57217,0.0],[72.16733,71.59886,0.0],[72.20932,71.61473,0.0],[72.22731,71.64448,0.0],[72.22641,71.66739,0.0],[72.2282,71.67829,0.0],[72.2339,71.68537,3.0434],[72.26043,71.69477,2.1611],[72.34498,71.70816,0.0],[72.36305,71.73607,0.0],[72.33953,71.77741,0.0],[72.32016,71.82319,0.0],[72.35084,71.8642,1.7315],[72.39527,71.87889,1.8912],[72.48455,71.8981,0.0],[72.52223,71.92227,0.0],[72.5359,71.93769,0.0],[72.54949,71.9571,0.0],[72.55974,71.97871,0.0],[72.56674,72.02318,0.0],[72.577,72.0445,0.0],[72.59636,72.06338,0.0],[72.69044,72.10253,0.0],[72.70777,72.11396,0.0],[72.72055,72.12592,0.0],[72.72413,72.13325,0.0],[72.72145,72.15868,0.0],[72.72731,72.18549,0.0],[72.74269,72.20604,0.0],[72.76441,72.22248,0.0],[72.80763,72.24555,0.0],[72.84783,72.26162,0.0],[72.86492,72.27167,0.0],[72.87428,72.28107,0.0],[72.88315,72.29487,0.0],[72.88396,72.3072,0.0],[72.86834,72.31265,0.0],[72.85035,72.32412,0.0],[72.82984,72.35008,0.0],[72.80274,72.39517,0.0],[72.79851,72.41328,0.0],[72.795419999999993,72.46552,0.0],[72.79933,72.48054,1.04],[72.82732,72.50129,0.0],[72.84669,72.51236,0.0],[72.84498,72.52041,0.0],[72.7815,72.54401,0.0],[72.76287,72.55903,0.0],[72.73146,72.59724,0.9994],[72.73072,72.61738,1.1341],[72.75847,72.63178,1.9705],[72.792,72.64346,0.691],[72.80958,72.65522,0.0],[72.80226,72.66568,0.0],[72.78191,72.66999,0.0],[72.75847,72.67206,0.0],[72.74195,72.67573,0.0],[72.73715,72.68049,0.0],[72.72145,72.70303,5.7404],[72.83692,72.70991,0.0],[72.66147,72.74014,0.0],[72.4961,72.78767,0.0],[72.29737,72.79426,0.0],[72.13103,72.83161,0.0],[71.88649,72.79662,1.7993],[71.87794,72.80231,0.535],[71.86964,72.81,0.9592],[71.85076,72.81273,1.0038],[71.81658,72.81232,1.5692],[71.83855,72.81977,2.3933],[71.86345,72.82168,2.2101],[71.91326,72.81977,2.2557],[71.93784,72.82197,2.4873],[71.98463,72.83185,0.0],[72.00831,72.83397,0.0],[71.98325,72.84809,0.0],[71.67449,72.88544,0.0],[71.56324,72.91596,0.0],[71.55584,72.90843,0.0],[71.5298,72.91682,0.0],[71.44955,72.90843,0.0],[71.35174,72.90949,0.0],[71.26743,72.89549,0.0],[71.03297,72.90681,0.0],[70.65545,72.88935,0.0],[70.17213,72.90013,0.0],[69.88754,72.8815,0.0],[69.58823,72.87849,0.0],[69.56153,72.88862,1.0443]]],
[[[74.84523,73.0937,0.0],[74.72535,73.10712,0.0],[74.47462,73.13443,0.0],[74.21168,73.11457,0.0],[74.18458,73.107,0.0],[74.1587,73.08857,0.0],[74.09327,73.02778,0.0],[74.09848,73.01203,0.0],[74.12078,72.99885,0.8787],[74.20053,72.96613,5.7884],[74.23406,72.95661,7.9846],[74.32472,72.94746,9.6222],[74.33204,72.94123,2.276],[74.33595,72.93382,0.7787],[74.34409,72.92768,0.3811],[74.46502,72.8996,6.6992],[74.5984,72.89545,0.5475],[74.58961,72.88007,0.5876],[74.58473,72.87499,1.0066],[74.65626,72.85863,0.0],[74.68035,72.86408,0.0],[74.68702,72.87092,0.0],[74.6989,72.89256,0.0],[74.70826,72.90168,0.0],[74.66391,72.92158,0.0],[74.64649,72.93675,0.0],[74.63941,72.96027,2.5417],[74.64666,72.97455,2.9738],[74.69459,73.02578,0.0],[74.68539,73.055,4.0634],[74.70265,73.07876,4.7647],[74.73422,73.09247,0.0],[74.76824,73.09178,0.0],[74.79363,73.08657,0.0],[74.87281,73.07978,0.0],[74.9616,73.05996,0.0],[74.9616,73.06611,0.0],[74.84523,73.0937,0.0]]],
[[[76.18458,73.21699,0.0],[76.14503,73.21483,0.0],[76.13331,73.20832,0.0],[76.14389,73.19725,0.0],[76.17091,73.18163,3.1365],[76.31837,73.1481,4.1322],[76.63258,73.13125,3.5907],[76.69239,73.14142,0.0],[76.71209,73.14106,0.0],[76.72885,73.14399,0.0],[76.73658,73.1555,0.0],[76.73219,73.16592,0.0],[76.72047,73.17438,0.0],[76.69508,73.18622,0.0],[76.65577,73.19701,0.0],[76.52752,73.18964,0.0],[76.18458,73.21699,0.0]]],
[[[71.34254,73.33137,0.0],[71.34962,73.34732,0.0],[71.34718,73.35228,0.0],[71.33277,73.36091,2.0197],[71.32984,73.36782,1.0859],[71.33318,73.37287,0.7658],[71.35336,73.3852,0.0],[71.34254,73.40229,0.0],[71.29802,73.416,0.0],[71.24952,73.41787,0.0],[71.22682,73.39883,0.0],[71.21681,73.3867,0.0],[71.16538,73.36416,0.6818],[71.14381,73.34732,0.6348],[71.1443,73.34052,1.1686],[71.14991,73.31232,1.2282],[71.14869,73.30097,1.222],[71.13746,73.29267,2.9792],[71.16236,73.29084,1.0305],[71.18865,73.28583,2.6204],[71.21412,73.28506,2.3871],[71.23707,73.2958,1.5022],[71.2518,73.30793,2.3156],[71.264169999999993,73.31493,1.3191],[71.29664,73.32477,2.3804],[71.31658,73.32722,1.6838],[71.331549999999993,73.32705,1.5763],[71.34254,73.33137,0.0]]],
[[[70.94874,73.51748,0.0],[70.65008,73.50015,0.0],[70.56324,73.48102,0.0],[70.52426,73.48005,0.0],[70.50799,73.49014,0.0],[70.46957,73.49921,0.0],[69.98268,73.40811,0.0],[69.95932,73.39883,0.0],[69.96795,73.37621,0.0],[70.00489,73.34333,0.0],[70.01336,73.32998,0.0],[70.02125,73.31053,0.0],[70.05795,73.27924,5.2886],[70.06861,73.25788,5.0404],[70.06495,73.23713,1.4509],[70.0525,73.21573,0.8688],[70.03598,73.1966,0.0],[70.02084,73.18281,0.0],[69.93426,73.13174,0.0],[69.91163,73.11457,0.0],[69.90008,73.10139,0.0],[69.89137,73.08759,0.0],[69.87794,73.05805,0.0],[69.87485,73.03828,0.0],[69.88852,73.02969,0.0],[69.91098,73.02558,0.0],[69.93426,73.02509,0.0],[69.98121,73.03315,2.649],[70.01319,73.03242,3.1846],[70.10084,73.01797,1.1062],[70.10125,73.02578,0.0],[70.08522,73.03754,0.0],[70.06178,73.04629,0.0],[70.01385,73.05402,1.7213],[69.99936,73.06098,2.0076],[70.01539,73.07123,1.3898],[70.08546,73.09797,5.6102],[70.10955,73.1009,5.4661],[70.12827,73.09797,4.1063],[70.14039,73.09101,1.3847],[70.16114,73.06953,0.0],[70.20387,73.04658,1.2713],[70.2566,73.03828,4.7302],[70.46192,73.05117,6.967],[70.66196,73.10285,8.0776],[70.97063,73.12299,6.3388],[71.27931,73.14313,3.143],[71.30014,73.1516,3.8028],[71.31935,73.16608,5.4071],[71.34099,73.17658,3.5622],[71.3745,73.17893,5.9562],[71.49468,73.15012,0.0],[71.61775,73.09038,0.0],[71.73024,73.03441,0.0],[71.75013,73.04211,0.0],[71.7075,73.13375,0.0],[71.67774,73.19359,0.0],[71.67799,73.20458,0.0],[71.67612,73.21581,0.0],[71.66912,73.22748,0.0],[71.63014,73.25153,0.0],[71.62477,73.26166,0.0],[71.60792,73.27534,0.0],[71.45916,73.34837,0.0],[71.43572,73.35297,0.0],[71.42547,73.3439,0.0],[71.41871,73.32758,0.0],[71.40235,73.31916,0.814],[71.33082,73.30671,1.0907],[71.2964,73.29564,0.7296],[71.27687,73.27798,0.4933],[71.28891,73.2517,1.1137],[71.27467,73.25434,0.9636],[71.24822,73.26716,0.5473],[71.23365,73.2722,1.0106],[71.21192,73.2744,2.7629],[71.1443,73.2722,1.6728],[71.08351,73.27928,3.9812],[71.06235,73.27904,3.7245],[71.00123,73.26606,0.3093],[70.98032,73.26537,2.2387],[70.99708,73.2884,3.8394],[71.06568,73.29857,3.171],[71.09645,73.31318,2.5205],[71.08953,73.32005,3.4429],[71.08351,73.3321,2.9357],[71.08172,73.34577,2.8634],[71.08676,73.35757,2.5533],[71.10467,73.37031,2.2315],[71.1233,73.38085,2.4304],[71.13649,73.39252,1.0536],[71.13746,73.40876,0.7904],[71.12338,73.42707,1.4468],[71.10914,73.43989,2.3648],[71.1115,73.44733,0.0],[71.14772,73.44969,0.0],[71.23854,73.43651,0.0],[71.26783,73.44355,0.0],[71.22918,73.46475,0.0],[70.94874,73.51748,0.0]]],
[[[76.42482,73.51862,0.0],[76.25074,73.55419,0.0],[76.16212,73.56257,0.0],[76.07195,73.52546,0.0],[76.11687,73.51341,0.6932],[76.27735,73.51862,0.0],[76.56275,73.48631,0.0],[76.6548,73.46402,0.0],[76.72364,73.43578,0.0],[76.75441,73.42988,0.0],[76.7566,73.44969,0.0],[76.73121,73.46979,0.0],[76.51743,73.5124,0.0],[76.42482,73.51862,0.0]]],
[[[75.8659,73.50153,0.5634],[75.87306,73.51,1.1206],[75.88982,73.51606,2.084],[75.92262,73.52367,0.0],[76.04225,73.54438,0.0],[76.07936,73.55956,0.0],[76.03386,73.57905,0.0],[75.6194,73.55341,0.0],[75.42091,73.49811,0.0],[75.35963,73.46906,0.0],[75.3353,73.45091,0.0],[75.31381,73.42853,0.0],[75.31105,73.42304,0.0],[75.30828,73.42084,0.0],[75.30681,73.41865,0.0],[75.30421,73.40876,0.0],[75.32114,73.39737,0.0],[75.34132,73.3933,0.0],[75.36004,73.39696,0.0],[75.37306,73.40876,0.0],[75.37192,73.41812,0.0],[75.36451,73.42577,0.0],[75.36297,73.43525,0.0],[75.37973,73.44969,0.0],[75.40056,73.45832,0.0],[75.47234,73.47419,0.0],[75.52573,73.49405,0.0],[75.54428,73.49811,0.0],[75.53541,73.48281,0.6275],[75.53077,73.47769,1.093],[75.535,73.46918,0.9804],[75.52589,73.461,0.418],[75.51051,73.45409,0.0],[75.49643,73.44969,0.0],[75.80258,73.45384,1.5363],[75.90065,73.47085,0.0],[75.89291,73.48021,0.0],[75.87045,73.49291,0.9381],[75.8659,73.50153,0.5634]]]]}}