{"type":"Feature","properties":{"GID_1":"RUS.56_1","GID_0":"RUS","country":"Russia","province":"Primor'ye","VARNAME_1":"Küsten-Gebiet|MaritimeTerritory","NL_NAME_1":"Приморскийкрай","TYPE_1":"Kray","ENGTYPE_1":"Territory","CC_1":"NA","HASC_1":"RU.PR","ISO_1":"NA","name":"Primor'ye.province"},
"geometry":{"type": "MultiPolygon","coordinates": [[[[135.4857,43.9093,3.6194],[135.4821,43.9107,0.0],[135.4785,43.9093,0.0],[135.4738,43.906,0.0],[135.4724,43.9026,0.0],[135.4749,43.9026,1.9281],[135.4801,43.899,0.0],[135.4904,43.9007,0.0],[135.4907,43.9038,0.0],[135.4857,43.9093,3.6194]]],
[[[135.2124,43.7071,0.3484],[135.209,43.7074,0.7683],[135.2112,43.7054,0.0],[135.2126,43.7054,0.0],[135.2124,43.7071,0.3484]]],
[[[131.7732,43.3365,-0.029],[131.7701,43.3371,0.0],[131.7612,43.3279,0.0138],[131.761,43.3257,0.0605],[131.764,43.3215,0.0631],[131.7632,43.319,0.0635],[131.7665,43.316,0.0],[131.7704,43.321,0.0004],[131.7693,43.3246,-0.007],[131.7721,43.3262,0.0],[131.7724,43.3301,0.0079],[131.774,43.3296,-0.043],[131.7735,43.3218,-0.095],[131.7754,43.3171,-0.0943],[131.7771,43.3171,-0.071],[131.7796,43.3207,0.0025],[131.7796,43.329,-0.0488],[131.7732,43.3365,-0.029]]],
[[[135.2818,43.6793,0.0],[135.2821,43.6813,0.0],[135.2779,43.681,2.8156],[135.2754,43.679,0.0],[135.2754,43.6763,0.0],[135.2807,43.6757,0.0],[135.2818,43.6793,0.0]]],
[[[132.3199,43.0157,0.0],[132.3196,43.0171,0.0],[132.3171,43.0171,0.0],[132.3171,43.0157,0.0],[132.3199,43.0157,0.0]]],
[[[134.1893,43.0279,0.0],[134.1896,43.0304,7.5382999999999996],[134.184,43.0296,0.0],[134.1849,43.0282,2.8196],[134.1893,43.0279,0.0]]],
[[[131.9535,43.0299,0.0],[131.9521,43.031,0.0],[131.9512,43.0282,0.0],[131.9546,43.0279,0.0],[131.9535,43.0299,0.0]]],
[[[131.8054,42.9674,1.1856],[131.8046,42.9688,0.0],[131.8029,42.9674,0.0],[131.8021,42.9688,0.0],[131.8004,42.9676,0.3385],[131.799,42.9688,0.0],[131.7957,42.9657,4.0864],[131.796,42.9629,10.7413],[131.7988,42.9626,3.3523],[131.8004,42.966,0.0],[131.8062,42.9646,0.0],[131.811,42.9665,0.0],[131.809,42.9682,1.0245],[131.8054,42.9674,1.1856]]],
[[[131.749,42.9865,0.7529],[131.7501,42.9885,0.0],[131.7451,42.9879,4.0455],[131.7451,42.9863,2.411],[131.7474,42.9851,0.0],[131.749,42.9865,0.7529]]],
[[[133.811,42.8654,16.5529],[133.8046,42.8665,4.8899],[133.8026,42.8632,0.0],[133.8043,42.8607,0.0],[133.8087,42.8607,0.0],[133.8124,42.8643,0.0],[133.811,42.8654,16.5529]]],
[[[133.8207,42.8724,0.0],[133.8193,42.874,0.0],[133.8151,42.8737,0.0],[133.8176,42.8713,0.0],[133.8207,42.8724,0.0]]],
[[[133.8862,42.8937,0.0],[133.881,42.8949,0.0],[133.8801,42.8929,0.0],[133.8824,42.8913,0.0],[133.886,42.8918,0.0],[133.8862,42.8937,0.0]]],
[[[131.4649,42.9185,3.7204],[131.4629,42.9188,5.8712],[131.4651,42.9087,0.0],[131.4674,42.9082,0.3572],[131.4679,42.9113,28.1352],[131.4657,42.9143,24.745],[131.4674,42.9168,7.073],[131.4649,42.9185,3.7204]]],
[[[131.4604,42.924,0.0],[131.4563,42.9249,0.0],[131.4582,42.9226,0.0],[131.4601,42.9226,1.0376],[131.4604,42.924,0.0]]],
[[[131.4218,42.9321,0.0],[131.4193,42.9335,2.0071],[131.4268,42.9271,0.0],[131.4299,42.9276,0.0],[131.4274,42.9282,0.0],[131.4218,42.9321,0.0]]],
[[[131.6876,42.9326,5.6942],[131.6882,42.9368,16.7616],[131.6868,42.9371,0.0],[131.6854,42.9326,4.3362],[131.6876,42.9326,5.6942]]],
[[[131.7813,42.9399,0.0],[131.781,42.9421,0.0],[131.7801,42.9421,0.0],[131.7799,42.9404,0.0],[131.7813,42.9399,0.0]]],
[[[131.8307,42.9518,0.0],[131.8296,42.9532,0.0],[131.8288,42.949,0.4711],[131.8237,42.9476,0.0],[131.8237,42.9449,0.7824],[131.8282,42.941,0.0],[131.8249,42.9396,0.0],[131.8243,42.9362,27.6901],[131.8215,42.9362,0.0],[131.8212,42.9318,0.0],[131.829,42.9326,25.5205],[131.8304,42.9315,0.0],[131.8315,42.9329,13.7315],[131.8365,42.9332,0.0],[131.8393,42.9343,0.0],[131.8415,42.9379,1.8755],[131.8501,42.9407,0.0],[131.8446,42.9449,15.4857],[131.8346,42.9474,0.0],[131.8307,42.9518,0.0]]],
[[[131.7821,42.9362,16.5179],[131.781,42.9376,0.0],[131.7804,42.9362,15.3175],[131.7768,42.936,0.0],[131.7768,42.9338,0.0],[131.7851,42.9324,0.0],[131.7821,42.9362,16.5179]]],
[[[131.7493,42.9212,2.2034],[131.7449,42.9226,0.0],[131.744,42.9207,15.0505],[131.7476,42.9201,0.0],[131.7493,42.9212,2.2034]]],
[[[131.7674,42.9482,21.2683],[131.7643,42.9482,0.0],[131.7637,42.9457,0.0],[131.7704,42.944,4.154],[131.7715,42.9463,0.0],[131.7674,42.9482,21.2683]]],
[[[131.7318,42.9935,13.9618],[131.7263,42.9946,0.0],[131.7246,42.9924,6.2081],[131.7221,42.9921,0.0],[131.7238,42.9885,0.0],[131.7271,42.9879,6.2576],[131.7301,42.9835,8.1236],[131.7307,42.9804,3.3585],[131.7293,42.9785,3.4873],[131.7249,42.9793,15.9159],[131.7196,42.9849,0.0],[131.716,42.9854,17.5818],[131.7101,42.9832,0.0],[131.7065,42.9779,0.0],[131.709,42.9751,54.0383],[131.7115,42.9676,3.9557],[131.7204,42.9596,0.6537],[131.719,42.9549,13.5926],[131.716,42.954,0.0],[131.7157,42.9515,29.4383],[131.7115,42.9521,0.0],[131.7099,42.9493,0.0],[131.7115,42.9488,14.4648],[131.7121,42.9463,0.0],[131.7176,42.9468,3.5971],[131.7243,42.9401,0.0],[131.7265,42.9365,3.117],[131.7249,42.9335,0.0],[131.7254,42.929,0.0],[131.7299,42.9285,0.0],[131.7312,42.9287,0.0],[131.7312,42.9343,25.7244],[131.7276,42.9362,2.8985],[131.7271,42.939,1.2654],[131.7301,42.9437,0.0],[131.7421,42.9524,4.4781],[131.7476,42.9526,13.2663],[131.7549,42.949,0.0],[131.754,42.9565,0.0],[131.7621,42.961,0.0],[131.7482,42.9699,0.0],[131.7435,42.971,19.3038],[131.7451,42.9765,0.0],[131.7388,42.9824,2.2356],[131.734,42.984,0.0],[131.7307,42.9907,29.941],[131.7318,42.9935,13.9618]]],
[[[131.8307,43.0676,0.0],[131.8262,43.0687,7.1862],[131.8226,43.0663,2.3396],[131.826,43.064,7.0552],[131.8232,43.0593,4.2146],[131.8279,43.0579,3.7367],[131.8349,43.0596,13.6061],[131.8368,43.0576,6.3941],[131.8435,43.059,2.0478],[131.8474,43.0571,4.8493],[131.8474,43.054,0.0],[131.8551,43.0551,1.8668],[131.8574,43.0488,19.7071],[131.8629,43.0479,2.3421],[131.8665,43.0457,20.7055],[131.8663,43.0438,5.914],[131.8749,43.0401,0.6803],[131.8737,43.0393,0.6803],[131.8685,43.0407,0.0],[131.8668,43.0382,18.4342],[131.8646,43.0388,0.0],[131.8651,43.0343,0.0],[131.8687,43.031,9.0483],[131.8679,43.0257,0.0],[131.8732,43.0285,1.4325],[131.8726,43.0257,0.0],[131.8763,43.0249,20.11],[131.8757,43.0218,0.0],[131.8782,43.0213,11.1673],[131.8799,43.0168,0.0],[131.8815,43.0165,0.0],[131.8837,43.019,14.864],[131.8887,43.0174,8.3389],[131.8846,43.014,1.8009],[131.8885,43.0115,5.811],[131.8885,43.0077,3.6262],[131.896,43.0101,1.9134],[131.8987,43.009,4.9718],[131.8968,43.0062,7.1324],[131.8932,43.0065,5.8436],[131.8904,43.0043,0.0],[131.8971,43.0043,4.5794],[131.8929,43.0015,12.4348],[131.8963,42.9954,0.0],[131.9029,42.9957,7.2962],[131.9021,42.9932,15.3925],[131.8985,42.9918,0.0],[131.9024,42.9879,12.9723],[131.901,42.9832,7.9486],[131.8949,42.9832,0.8965],[131.8938,42.9918,0.0],[131.8918,42.9951,33.083],[131.8879,42.9974,0.0],[131.8835,42.9946,3.3233],[131.8813,42.9957,7.6759],[131.8837,43.0032,23.0455],[131.881,43.0051,18.6662],[131.8799,43.0088,0.0],[131.8774,43.009,4.0363],[131.8763,43.0137,0.0],[131.8726,43.0163,17.9166],[131.8726,43.0196,3.9755],[131.8654,43.0163,8.9275],[131.8668,43.019,0.0],[131.8632,43.0232,26.5505],[131.8643,43.0243,0.0],[131.8624,43.0257,2.2924],[131.8635,43.0282,0.875],[131.859,43.0307,1.0613],[131.8565,43.0368,9.1176],[131.8568,43.0382,7.4155],[131.8596,43.0376,0.0],[131.8596,43.0396,0.0],[131.8482,43.0435,12.6762],[131.8321,43.0438,0.9089],[131.8288,43.0457,3.8479],[131.8282,43.0488,0.0],[131.8154,43.0446,8.844],[131.8149,43.0465,1.2161],[131.8115,43.0479,13.6022],[131.8099,43.0574,0.0],[131.8051,43.0626,0.0],[131.8015,43.0576,0.0],[131.7929,43.0563,0.0],[131.791,43.0518,0.0],[131.7949,43.0513,3.3668],[131.7965,43.0493,2.5247],[131.8007,43.0493,1.3109],[131.804,43.0451,3.656],[131.8082,43.0432,7.9292],[131.7982,43.0432,8.3532],[131.7949,43.0465,0.0],[131.7904,43.0449,0.0],[131.7968,43.0404,5.9458],[131.7971,43.0376,6.0777],[131.794,43.0349,0.0],[131.796,43.0321,28.5697],[131.8001,43.0315,7.7866],[131.7993,43.0276,0.0],[131.8004,43.026,1.9139],[131.8032,43.0265,1.2943],[131.8049,43.0229,8.9401],[131.799,43.0199,1.7329],[131.7921,43.0201,10.6102],[131.7899,43.0296,0.0],[131.7865,43.0313,0.0],[131.781,43.0268,3.0329],[131.784,43.0251,0.6812],[131.784,43.0215,1.6946],[131.7746,43.0168,0.0],[131.7749,43.0121,19.0202],[131.7732,43.0104,10.5992],[131.7746,43.0065,0.0],[131.781,43.0021,0.2571],[131.7824,43.0032,0.2571],[131.7799,43.0062,2.4146],[131.7824,43.0085,1.1693],[131.7893,43.0085,11.8541],[131.7888,43.0054,0.0],[131.791,43.0035,1.522],[131.7879,42.999,4.6483],[131.7904,42.9987,0.0],[131.7932,43.0024,10.9291],[131.8018,43.0046,12.0364],[131.8035,43.0035,0.1654],[131.8021,42.9949,4.607],[131.7946,42.9912,2.4468],[131.7849,42.9918,30.4859],[131.7804,42.9971,0.0],[131.7774,42.996,8.522],[131.7718,43.001,0.0],[131.7632,43.0013,5.0243],[131.7565,43.0049,4.1825],[131.7551,43.0015,2.3795],[131.756,42.9987,2.244],[131.7496,42.9957,0.0],[131.7504,42.9932,0.0],[131.7535,42.9926,8.4305],[131.7521,42.9907,0.0],[131.7551,42.9896,3.2468],[131.7557,42.9874,0.0],[131.7538,42.9851,10.3096],[131.7515,42.9851,1.253],[131.7499,42.9824,0.0],[131.7565,42.979,0.0],[131.7593,42.9793,0.0],[131.764,42.9754,0.0],[131.7765,42.9785,0.0],[131.779,42.9826,0.0],[131.7826,42.984,7.9002],[131.7868,42.9832,0.0],[131.7865,42.9796,0.0],[131.7882,42.9796,0.0],[131.7885,42.9824,3.5664],[131.791,42.9824,5.6324],[131.7951,42.9796,0.0],[131.8015,42.979,27.7878],[131.8013,42.9763,0.0],[131.8054,42.9771,6.6001],[131.8054,42.9732,0.0],[131.8074,42.9718,0.0],[131.8096,42.9738,5.2377],[131.8135,42.9729,0.0],[131.8129,42.9674,0.0],[131.8149,42.9651,0.0],[131.8218,42.9657,4.3991],[131.8243,42.9621,9.7261],[131.8304,42.9588,38.2145],[131.8321,42.9549,0.0],[131.8379,42.9535,0.0],[131.8443,42.9546,0.0],[131.8457,42.9532,0.0],[131.8463,42.9571,10.7644],[131.849,42.9596,7.1998],[131.8532,42.9562,0.0],[131.8568,42.9599,6.6504],[131.8571,42.9621,0.0],[131.8593,42.9618,0.0],[131.8601,42.9637,0.0],[131.8624,42.9626,0.0],[131.8668,42.969,2.2175],[131.8693,42.969,1.7529],[131.8757,42.9651,2.393],[131.8768,42.9615,10.2229],[131.8763,42.9601,19.131],[131.8726,42.9601,0.0],[131.8746,42.9582,29.4322],[131.8707,42.9557,0.0],[131.8718,42.9535,8.4871],[131.8665,42.9532,0.0],[131.8676,42.9515,0.0],[131.874,42.9504,8.1663],[131.8735,42.9474,0.0],[131.8704,42.9449,0.3497],[131.8746,42.9463,0.0],[131.8829,42.9657,4.1392],[131.8887,42.9651,2.2753],[131.8876,42.9618,0.0],[131.889,42.9593,0.0],[131.9007,42.964,10.7632],[131.9032,42.9624,19.0982],[131.9046,42.9576,1.0117],[131.9071,42.9579,3.0947],[131.9068,42.9632,0.0],[131.9035,42.9668,0.0],[131.906,42.9671,8.548],[131.9076,42.9726,14.5409],[131.9212,42.9799,0.0],[131.924,42.9826,0.0],[131.9263,42.9885,2.908],[131.9315,42.991,0.0],[131.9354,42.9957,0.0],[131.936,43.0015,0.0],[131.931,43.004,0.0],[131.929,43.0071,7.5679],[131.9304,43.0093,5.4139],[131.9318,43.0074,0.0],[131.9374,43.0157,0.0],[131.9354,43.0218,0.0],[131.931,43.0251,22.7258],[131.9288,43.0249,2.1114],[131.9265,43.0226,0.0],[131.9268,43.0201,0.0],[131.929,43.0224,4.7332],[131.9321,43.0218,0.7439],[131.9337,43.0171,5.9812],[131.9312,43.0154,7.5839],[131.9274,43.0157,1.9489],[131.9274,43.0132,22.385],[131.924,43.0115,0.0],[131.9235,43.0082,9.3182],[131.9132,43.0076,2.6383],[131.9104,43.0099,0.4013],[131.9129,43.0168,0.0],[131.9101,43.0221,0.0],[131.9071,43.0221,1.2516],[131.9063,43.0235,15.6843],[131.9079,43.026,16.0554],[131.9126,43.0265,0.0],[131.9138,43.031,3.8213],[131.9035,43.0318,14.1668],[131.9015,43.029,7.2017],[131.8993,43.0288,0.0],[131.8938,43.0313,2.0232],[131.8926,43.0332,0.0],[131.894,43.0365,10.4859],[131.8915,43.0379,9.0713],[131.8926,43.044,7.9056],[131.8968,43.0446,0.0],[131.8996,43.0482,4.9582],[131.8985,43.0526,7.274],[131.9018,43.0563,3.4602],[131.9012,43.0582,8.9637],[131.8907,43.0621,0.3523],[131.8788,43.0599,6.4968],[131.8657,43.0624,0.0],[131.8435,43.0601,2.0478],[131.8412,43.0629,0.0],[131.841,43.0674,0.0],[131.8307,43.0676,0.0]]],
[[[130.8221,42.4612,0.0],[130.8221,42.4632,0.0],[130.819,42.4621,0.0],[130.8201,42.4607,0.0],[130.8221,42.4612,0.0]]],
[[[130.9335,42.4743,9.3097],[130.9296,42.4757,0.2737],[130.9301,42.4724,17.0162],[130.9238,42.4718,29.4754],[130.9212,42.4749,6.1187],[130.9162,42.4721,4.041],[130.9107,42.4738,0.0],[130.9107,42.471,19.6818],[130.9138,42.4682,8.391],[130.9065,42.4579,1.2075],[130.9074,42.4568,0.0],[130.9182,42.4571,9.0627],[130.9207,42.461,12.0361],[130.9246,42.4604,0.0],[130.9274,42.4643,0.0],[130.9357,42.4657,0.0],[130.9332,42.469,4.6199],[130.936,42.4701,0.0],[130.9365,42.4724,0.0],[130.9335,42.4743,9.3097]]],
[[[131.1837,42.5565,2.0163],[131.1824,42.5588,0.0],[131.1821,42.5557,0.0],[131.1843,42.5554,0.0],[131.1837,42.5565,2.0163]]],
[[[131.2296,42.6107,0.0],[131.2285,42.6118,2.2995],[131.2246,42.6085,0.0],[131.2274,42.6082,0.0],[131.2296,42.6107,0.0]]],
[[[130.9715,42.6132,1.107],[130.9715,42.6165,22.3792],[130.9693,42.6179,0.0],[130.969,42.6137,0.0],[130.9715,42.6132,1.107]]],
[[[130.9668,42.6215,0.0],[130.9679,42.6221,1.2096],[130.9662,42.6229,1.2096],[130.9657,42.6218,0.0],[130.9668,42.6215,0.0]]],
[[[131.356,42.6832,97.3957],[131.3526,42.684,0.0],[131.3515,42.6821,0.0],[131.3537,42.6807,0.0],[131.3571,42.6813,0.0],[131.356,42.6832,97.3957]]],
[[[131.3712,42.6963,22.4224],[131.3685,42.6974,0.0],[131.3668,42.6949,35.993899999999996],[131.3615,42.6957,0.0],[131.3596,42.691,3.7005],[131.3712,42.6915,0.0],[131.374,42.6935,0.0],[131.3712,42.6963,22.4224]]],
[[[131.4696,42.674,0.6511],[131.4665,42.6751,3.8123],[131.4532,42.666,0.0],[131.4551,42.6613,9.4716],[131.4532,42.6563,0.0],[131.4579,42.6554,3.5408],[131.4576,42.6507,1.9681],[131.454,42.6504,11.8995],[131.4487,42.6463,4.4293],[131.4449,42.6474,0.0],[131.444,42.6457,0.0],[131.4362,42.6454,5.0006],[131.4351,42.6437,0.0],[131.4457,42.6418,6.572],[131.4471,42.6399,0.0],[131.4518,42.6454,0.0],[131.4565,42.6454,0.0],[131.4621,42.6396,0.0],[131.4612,42.6457,62.1235],[131.4665,42.6482,0.0],[131.4649,42.6526,0.0],[131.4657,42.6599,0.0],[131.4693,42.6635,5.165],[131.474,42.6654,0.0],[131.4751,42.6682,0.0],[131.4754,42.6701,0.0],[131.4696,42.674,0.6511]]],
[[[131.4296,42.6699,31.4855],[131.4285,42.6724,1.3317],[131.4251,42.669,0.0],[131.4251,42.6651,0.0],[131.4362,42.6646,0.0],[131.4362,42.6665,0.0],[131.4296,42.6699,31.4855]]],
[[[131.3635,42.6726,2.8302],[131.3615,42.6738,0.0],[131.3585,42.6721,0.0],[131.3585,42.6676,0.0],[131.3613,42.6701,0.0],[131.3649,42.6704,0.0],[131.3635,42.6726,2.8302]]],
[[[131.4251,42.6782,0.2601],[131.4254,42.6801,0.6197],[131.4218,42.6799,2.3941],[131.4293,42.6729,0.0],[131.4279,42.6768,0.0],[131.4251,42.6782,0.2601]]],
[[[132.914,42.7643,16.1776],[132.9113,42.7657,0.0],[132.9004,42.7601,51.7356],[132.8999,42.7538,0.0],[132.9054,42.7576,15.0979],[132.911,42.7582,0.0],[132.9113,42.7604,0.0],[132.9146,42.7624,8.7202],[132.914,42.7643,16.1776]]],
[[[131.349,42.7637,0.0],[131.3454,42.7643,0.0],[131.3446,42.7618,0.0],[131.3485,42.7604,0.0],[131.349,42.7637,0.0]]],
[[[132.4746,42.7874,0.0],[132.4738,42.7888,0.0],[132.4729,42.7888,0.0],[132.4754,42.7854,0.0],[132.4746,42.7874,0.0]]],
[[[131.4512,42.8129,9.336],[131.4496,42.8143,0.0],[131.4471,42.8118,34.3013],[131.4446,42.8132,0.0],[131.441,42.8093,0.0],[131.4393,42.8013,0.0],[131.4415,42.7979,2.8239],[131.4432,42.7976,2.8239],[131.444,42.7999,3.9902],[131.4479,42.8015,0.0],[131.4493,42.8065,7.661],[131.4524,42.8018,0.1668],[131.4546,42.8035,0.0],[131.4529,42.8049,17.5263],[131.454,42.8082,0.2532],[131.4512,42.8129,9.336]]],
[[[131.4546,42.836,0.0],[131.4449,42.8371,0.0],[131.4346,42.8326,0.0],[131.4371,42.8279,0.0],[131.441,42.8282,1.1655],[131.4424,42.8262,0.0],[131.4462,42.8254,0.0],[131.4485,42.8301,0.0],[131.4538,42.8279,0.0],[131.4571,42.8307,0.0],[131.4565,42.8324,9.44],[131.4582,42.8335,0.0],[131.4546,42.836,0.0]]],
[[[133.6124,42.8479,0.0],[133.6104,42.8488,0.0],[133.6115,42.8449,0.0],[133.6135,42.8457,0.0],[133.6124,42.8479,0.0]]],
[[[131.6218,42.8535,15.1079],[131.6201,42.8549,5.1586],[131.616,42.854,0.0],[131.6143,42.851,3.1223],[131.619,42.8493,0.0],[131.6224,42.8515,0.0],[131.6218,42.8535,15.1079]]],
[[[132.9882,42.8332,0.7675],[132.9882,42.8354,1.8219],[132.9849,42.8354,0.7272],[132.986,42.8318,0.0],[132.9882,42.8332,0.7675]]],
[[[131.6221,42.8429,9.2142],[131.621,42.8465,0.0],[131.6168,42.8418,0.0],[131.6221,42.841,0.0],[131.6221,42.8429,9.2142]]],
[[[131.6904,42.8413,26.1164],[131.6899,42.8454,12.6664],[131.6879,42.8457,0.0],[131.686,42.8413,0.0],[131.6896,42.8387,0.0],[131.6904,42.8413,26.1164]]],
[[[132.3621,42.816,1.1554],[132.3604,42.8174,0.0],[132.3601,42.8151,0.0],[132.3629,42.8143,0.4543],[132.361,42.8099,0.0],[132.366,42.8132,0.0],[132.3621,42.816,1.1554]]],
[[[131.6196,42.8301,0.0],[131.6182,42.8315,0.0],[131.6179,42.8285,9.3956],[131.6124,42.8293,0.0],[131.609,42.8282,0.0],[131.609,42.8268,0.0],[131.611,42.8249,0.0],[131.6182,42.8238,15.0042],[131.621,42.8279,0.0],[131.6196,42.8301,0.0]]],
[[[131.6326,42.8396,25.6868],[131.6254,42.8407,0.0],[131.6268,42.8371,8.7629],[131.629,42.836,0.0],[131.6299,42.8379,3.9998],[131.6346,42.8365,0.0],[131.6354,42.8382,0.0],[131.6326,42.8396,25.6868]]],
[[[132.4276,42.9038,0.0],[132.4179,42.9049,0.0],[132.4143,42.8996,6.0689],[132.4076,42.8974,0.0],[132.4082,42.8824,0.0],[132.4151,42.8721,6.1569],[132.4146,42.8646,0.0],[132.4096,42.8604,3.7696],[132.4018,42.8585,10.2376],[132.399,42.8585,34.1885],[132.3954,42.8615,0.719],[132.3924,42.8604,2.2521],[132.396,42.8421,0.0],[132.399,42.8371,0.0],[132.399,42.8329,2.7687],[132.3968,42.8329,0.0],[132.3943,42.8282,9.0235],[132.3965,42.8257,7.8235],[132.3987,42.826,4.8289],[132.4068,42.8332,5.3279],[132.4151,42.8343,0.0],[132.4176,42.8376,8.1624],[132.4235,42.8374,12.491],[132.4249,42.8338,0.0],[132.429,42.8332,0.0],[132.4357,42.8232,14.3591],[132.4413,42.819,3.1005],[132.439,42.8118,0.0],[132.4435,42.8099,0.0],[132.451,42.8007,0.0],[132.4529,42.8026,15.9995],[132.4582,42.8015,3.9533],[132.4588,42.799,0.0],[132.4568,42.7965,3.7547],[132.4588,42.7946,1.6297],[132.466,42.7946,0.0],[132.4765,42.8026,4.034],[132.4774,42.8057,0.0],[132.4676,42.8107,0.0],[132.4546,42.8129,6.4607],[132.4532,42.8157,30.5415],[132.4543,42.8182,0.0],[132.4476,42.8218,30.926],[132.4468,42.8254,7.9394],[132.4404,42.8301,15.0536],[132.4413,42.8349,19.8471],[132.4385,42.8371,2.1327],[132.4399,42.8396,0.0],[132.4379,42.8393,6.2304],[132.4351,42.8421,20.4097],[132.4351,42.8449,2.8415],[132.439,42.8462,6.8964],[132.4376,42.8488,0.5679],[132.439,42.8499,0.5679],[132.4479,42.8493,0.0],[132.4496,42.8574,14.4829],[132.4576,42.8604,0.0],[132.4545,42.8688,0.0],[132.4487,42.8696,12.7569],[132.446,42.8729,0.0],[132.4407,42.8754,0.0],[132.4368,42.8749,4.7443],[132.434,42.8771,4.7308],[132.4337,42.879,9.7646],[132.436,42.8821,15.6146],[132.4382,42.8818,0.0],[132.4382,42.8838,0.0],[132.4346,42.8876,14.0526],[132.4346,42.8921,0.0],[132.4318,42.8943,0.0],[132.431,42.8999,18.783],[132.4276,42.9038,0.0]]],
[[[131.5004,42.7307,1.2179],[131.4993,42.7318,1.2179],[131.5013,42.7274,1.3354],[131.509,42.7196,0.0],[131.5151,42.7182,1.2457],[131.5185,42.7151,0.0],[131.5237,42.7163,0.0],[131.5232,42.719,21.4278],[131.519,42.7204,61.2575],[131.5151,42.7246,88.5882],[131.5151,42.7265,48.3521],[131.506,42.7304,38.7336],[131.5004,42.7307,1.2179]]],
[[[133.2399,42.7337,20.4331],[133.239,42.7357,0.0],[133.2374,42.7354,1.0624],[133.2385,42.7315,0.0],[133.2404,42.7318,0.0],[133.2399,42.7337,20.4331]]],
[[[133.234,42.7388,0.0],[133.2318,42.7396,0.0],[133.2318,42.7371,2.9627],[133.2329,42.7371,2.9627],[133.234,42.7388,0.0]]],
[[[132.3501,42.7804,23.1757],[132.3482,42.7815,1.1186],[132.3415,42.7793,3.2492],[132.3315,42.7801,6.6978],[132.3251,42.7746,8.0084],[132.3193,42.7729,0.0],[132.3196,42.7704,28.7103],[132.314,42.7676,13.3553],[132.3149,42.7629,13.5302],[132.3079,42.7593,0.0],[132.3076,42.749,0.0],[132.3096,42.7468,0.0],[132.321,42.744,15.801],[132.3293,42.7549,9.1678],[132.3376,42.7551,0.0],[132.3412,42.7529,22.8129],[132.3426,42.7463,0.0],[132.3429,42.7404,39.3281],[132.3401,42.7346,0.0],[132.3399,42.7287,0.0],[132.3485,42.7313,51.7592],[132.3543,42.7296,0.0],[132.3613,42.7337,0.0],[132.3704,42.7313,0.0],[132.369,42.7335,0.0],[132.3607,42.7365,19.0982],[132.3599,42.7463,7.5871],[132.3615,42.7518,0.0],[132.361,42.7568,30.368],[132.3624,42.7582,0.0],[132.3613,42.7682,0.0],[132.354,42.7776,7.164],[132.3501,42.7804,23.1757]]],
[[[131.6557,42.871,6.48],[131.6529,42.8718,16.6745],[131.6487,42.8679,12.2401],[131.6421,42.8682,0.9964],[131.639,42.8629,6.5176],[131.6512,42.8596,0.0],[131.6576,42.8607,0.0],[131.6582,42.8632,0.0],[131.661,42.864,0.0],[131.6582,42.8674,28.9531],[131.6588,42.8696,3.3841],[131.6557,42.871,6.48]]],
[[[131.674,42.8937,0.0],[131.6696,42.8949,0.0],[131.6621,42.8899,0.0],[131.6613,42.886,0.0],[131.6554,42.881,0.0],[131.6546,42.8726,4.8205],[131.6585,42.8726,0.0],[131.6624,42.8763,13.6946],[131.6668,42.8768,0.0],[131.6704,42.8737,0.0],[131.6788,42.8715,0.0],[131.6812,42.8751,9.9874],[131.6815,42.8815,6.2796],[131.6779,42.8865,3.4364],[131.6776,42.8901,27.9045],[131.674,42.8937,0.0]]],
[[[131.6493,42.899,0.0],[131.6449,42.9001,3.4339],[131.641,42.8968,0.0],[131.641,42.8946,0.0],[131.6421,42.894,0.0],[131.644,42.8971,5.6535],[131.6479,42.8949,0.0],[131.651,42.8954,0.0],[131.6493,42.899,0.0]]],
[[[131.7332,42.9226,4.4855],[131.7315,42.9243,0.0],[131.7271,42.9221,0.0],[131.721,42.9232,3.3414],[131.7171,42.9215,26.9582],[131.7135,42.9238,0.0],[131.7079,42.9218,0.0],[131.7079,42.9204,0.0],[131.7165,42.9179,0.0],[131.7179,42.916,14.7447],[131.7179,42.9129,7.5592],[131.7126,42.9065,0.0],[131.7115,42.9024,5.8204],[131.7218,42.901,14.7054],[131.7226,42.8985,0.0],[131.7263,42.8963,0.0],[131.7265,42.9001,0.0],[131.7363,42.904,17.6528],[131.7465,42.9032,0.0],[131.7446,42.9051,0.0],[131.7446,42.9085,1.7094],[131.7421,42.9129,20.8996],[131.7429,42.9165,18.0001],[131.741,42.9196,12.5761],[131.7332,42.9226,4.4855]]],
[[[131.77763221593383,43.353516543317362,0.0],[131.77757870280738,43.353381897386271,0.0],[131.7765,43.3474,-0.0156],[131.7718,43.3413,-0.0219],[131.7718,43.3379,-0.0287],[131.7768,43.3349,-0.0021],[131.7807,43.3299,-0.0488],[131.781,43.3204,-0.2561],[131.7787,43.3179,-0.071],[131.7849,43.3187,0.0],[131.7865,43.3246,-0.0996],[131.7921,43.3274,0.0],[131.7915,43.3296,0.0],[131.7932,43.3301,0.0],[131.794,43.3268,-0.2903],[131.7907,43.3232,0.0],[131.7937,43.3251,-0.1157],[131.796,43.3246,-0.2794],[131.7962,43.321,-0.2148],[131.7943,43.3174,0.0],[131.7979,43.316,0.0],[131.8029,43.3218,0.0277],[131.8029,43.3271,0.0242],[131.7988,43.3343,0.0319],[131.7993,43.3426,0.0861],[131.7904,43.3493,0.0392],[131.7888,43.3532,0.0564],[131.784,43.3535,0.3706],[131.7813,43.3554,0.0683],[131.77763221593383,43.353516543317362,0.0]]],
[[[131.77757870280738,43.353381897386271,0.0],[131.7776,43.3535,0.0],[131.77763221593383,43.353516543317362,0.0],[131.7785,43.3557,0.1036],[131.781,43.3568,0.0],[131.7865,43.3543,-0.0135],[131.789,43.3621,0.0531],[131.7957,43.3618,1.6926],[131.8007,43.3649,0.1092],[131.809,43.3654,0.1448],[131.7985,43.3629,0.0],[131.7951,43.3599,0.0],[131.7951,43.3557,0.0],[131.8018,43.3504,6.4712],[131.8035,43.3371,0.0],[131.8065,43.3329,2.2954],[131.8118,43.3329,4.3919],[131.8129,43.329,0.0],[131.8188,43.3299,-0.1498],[131.8196,43.3265,0.0],[131.8243,43.326,0.0],[131.8249,43.3318,-0.0797],[131.8224,43.3329,0.0014],[131.8221,43.3365,-0.2604],[131.8157,43.3385,-0.0163],[131.8146,43.3435,0.2994],[131.8171,43.3451,-0.0163],[131.8401,43.3446,1.8961],[131.8429,43.3407,4.2676],[131.8465,43.3407,4.8014],[131.8493,43.3363,8.5178],[131.849,43.334,1.8898],[131.8471,43.334,0.0],[131.844,43.331,0.1706],[131.8451,43.3279,5.8074],[131.8349,43.3246,7.6498],[131.8229,43.3237,6.0394],[131.8201,43.3204,0.6279],[131.8221,43.3138,0.0],[131.8185,43.3093,3.3958],[131.8174,43.3015,0.0],[131.8229,43.2988,3.6341],[131.8221,43.2932,0.0],[131.8299,43.2979,8.0273],[131.8371,43.2979,0.0],[131.8415,43.3018,0.2972],[131.8443,43.2996,0.0],[131.8426,43.3035,3.5235],[131.8457,43.3054,0.0],[131.8521,43.3051,0.0],[131.8674,43.3096,0.0],[131.8685,43.3107,0.0],[131.8665,43.3126,0.0],[131.8671,43.3157,16.1935],[131.8749,43.319,14.727],[131.9001,43.3213,3.151],[131.9126,43.3182,-0.0591],[131.9176,43.3196,0.5969],[131.9285,43.3179,0.4031],[131.9407,43.314,0.0166],[131.9465,43.3154,0.1198],[131.9612,43.3099,0.0402],[131.9776,43.2996,0.0],[131.9843,43.2982,0.0447],[131.9885,43.2954,0.03],[131.991,43.2912,1.1649],[131.9921,43.284,0.3307],[131.991,43.2804,6.9339],[131.9876,43.2774,0.0],[131.981,43.2751,17.5046],[131.979,43.271,2.6165],[131.9749,43.2699,5.9228],[131.9729,43.2649,19.1876],[131.969,43.2612,0.0],[131.9707,43.2601,0.0],[131.9799,43.2651,0.0],[131.9796,43.2671,19.6853],[131.9824,43.2693,14.045],[131.9882,43.2704,0.0],[131.9888,43.274,0.0],[131.991,43.2762,0.4233],[132.0043,43.2762,2.8452],[132.0071,43.2799,0.3639],[132.0115,43.281,0.0],[132.0115,43.2846,0.0],[132.0085,43.2879,1.88],[131.9974,43.2907,0.0],[131.996,43.2954,4.4992],[131.9993,43.3004,0.0],[131.9993,43.3068,0.0],[132.0065,43.3124,0.2947],[132.0068,43.3218,2.3532],[132.0124,43.3274,10.7691],[132.0229,43.3307,1.7845],[132.0332,43.3318,0.1335],[132.0593,43.3296,0.1225],[132.0682,43.3207,2.4253],[132.0679,43.3196,1.5025],[132.0638,43.3196,-0.0416],[132.064,43.3154,0.0],[132.0704,43.3165,0.0633],[132.0718,43.3132,0.5657],[132.0715,43.3115,1.8503],[132.0665,43.3112,0.0],[132.0635,43.3071,0.0],[132.0607,43.3068,0.0],[132.0529,43.2976,0.2086],[132.0551,43.2918,0.5436],[132.0543,43.289,0.0],[132.0571,43.2871,1.2649],[132.056,43.2851,2.7025],[132.0435,43.2788,0.0],[132.0418,43.2762,2.7307],[132.0351,43.2749,6.3804],[132.029,43.2679,7.4651],[132.0157,43.2676,0.0],[132.0135,43.2632,8.4259],[132.0029,43.2615,0.0],[132.0068,43.254,7.6529],[132.0049,43.2499,0.0],[132.0132,43.246,0.0],[132.0096,43.2371,0.7711],[132.0015,43.234,0.8004],[131.9996,43.2349,0.0565],[131.9974,43.2324,0.9764],[131.9924,43.234,0.0],[131.9857,43.2335,1.5423],[131.9857,43.2321,1.5423],[131.981,43.2329,0.1304],[131.9526,43.2188,0.0],[131.939,43.214,0.0],[131.9362,43.2099,15.0419],[131.9315,43.2071,0.0],[131.921,43.2038,0.0],[131.9179,43.1935,3.4108],[131.9079,43.1876,0.0],[131.9088,43.1818,12.5288],[131.9032,43.1751,9.6406],[131.8979,43.174,0.0],[131.8963,43.1704,0.9433],[131.8974,43.1679,0.0],[131.9015,43.1671,12.9565],[131.9065,43.1604,2.2044],[131.9068,43.1546,9.133],[131.9012,43.149,1.3463],[131.9026,43.1479,4.8576],[131.9015,43.144,1.668],[131.8993,43.1415,2.1238],[131.8907,43.1404,0.0],[131.8907,43.1376,6.0023],[131.8854,43.1357,0.0],[131.8837,43.1299,0.0],[131.8757,43.1268,4.451],[131.8737,43.1201,0.0],[131.8757,43.1185,1.8429],[131.876,43.1201,3.9801],[131.8774,43.1179,1.8429],[131.871,43.1132,4.4],[131.8721,43.1074,0.9466],[131.8654,43.104,15.8489],[131.861,43.1046,0.9132],[131.8613,43.1018,10.4839],[131.8579,43.096,4.0791],[131.8546,43.0943,0.0],[131.854,43.0904,4.6565],[131.8476,43.0879,0.0],[131.846,43.0846,0.0],[131.8418,43.0821,0.0],[131.8412,43.079,7.2533],[131.849,43.0796,5.0657],[131.8529,43.0774,0.0],[131.8565,43.0785,0.0],[131.8601,43.0865,1.8658],[131.864,43.0863,0.0],[131.874,43.0935,0.0],[131.874,43.0965,0.0],[131.871,43.099,1.4272],[131.8763,43.1021,0.0],[131.8774,43.1046,2.7092],[131.8804,43.104,0.0],[131.8818,43.1063,0.0],[131.8835,43.1057,0.0],[131.8826,43.1096,3.6483],[131.8851,43.1129,0.3994],[131.8887,43.1101,0.0],[131.8899,43.1121,2.5817],[131.8935,43.111,0.0],[131.9018,43.1118,0.0],[131.9035,43.1101,0.0],[131.9085,43.1107,0.0],[131.9132,43.1079,0.0],[131.9162,43.1093,1.7215],[131.9193,43.1071,0.0],[131.9224,43.1085,0.0],[131.931,43.1079,1.0038],[131.9324,43.1074,1.3658],[131.9318,43.1057,0.4545],[131.9249,43.1046,1.8984],[131.9185,43.1057,0.0],[131.9115,43.1043,4.0263],[131.9113,43.1057,0.0],[131.9063,43.1054,6.6453],[131.9026,43.1076,0.0],[131.9001,43.1063,1.7332],[131.899,43.1074,0.0],[131.8899,43.1068,0.0],[131.8821,43.1001,2.7854],[131.8818,43.0949,4.8386],[131.8785,43.0929,0.0],[131.8788,43.0876,0.6123],[131.8807,43.0854,0.0],[131.884,43.0857,0.0],[131.889,43.0874,0.0],[131.8904,43.0904,0.0],[131.8929,43.0904,0.0],[131.8932,43.0887,10.8468],[131.8901,43.0882,0.0],[131.8882,43.0851,1.0184],[131.8885,43.0826,0.6361],[131.899,43.0793,8.2077],[131.8996,43.0771,0.0],[131.904,43.079,10.946],[131.9074,43.0774,5.3886],[131.9151,43.0779,0.559],[131.9165,43.0793,25.8651],[131.919,43.0785,0.0],[131.9221,43.0832,0.0],[131.9224,43.0801,0.0],[131.9271,43.0754,0.0],[131.9304,43.076,10.621],[131.9315,43.074,0.6448],[131.9249,43.0726,2.721],[131.9243,43.0746,0.0],[131.9162,43.0751,0.0],[131.9154,43.0729,0.6949],[131.9126,43.0732,0.0],[131.9124,43.0713,0.0],[131.9146,43.0704,0.0],[131.9151,43.0668,0.0],[131.9263,43.0643,2.5724],[131.9279,43.0657,16.812],[131.9332,43.0654,0.0],[131.9407,43.0718,1.0071],[131.9449,43.071,2.1696],[131.951,43.0746,5.9985],[131.9593,43.0738,7.0491],[131.9624,43.0713,0.4668],[131.9629,43.0679,8.8857],[131.9593,43.0657,0.0],[131.9563,43.0579,3.4906],[131.9624,43.0579,0.0],[131.9651,43.0696,0.0],[131.9624,43.0757,1.7765],[131.9696,43.0801,2.7466],[131.9735,43.0868,0.0],[131.9871,43.0915,0.0],[131.9932,43.0962,0.0],[131.9954,43.101,1.3774],[132.0085,43.1057,4.0704],[132.0112,43.1143,2.236],[132.0179,43.1154,2.6359],[132.0201,43.1126,0.0],[132.0254,43.1165,6.5366],[132.0307,43.116,0.0],[132.0335,43.1188,1.2149],[132.0324,43.1221,14.2022],[132.0363,43.1235,4.3887],[132.0388,43.1221,11.6783],[132.0393,43.1265,25.7717],[132.0432,43.1288,0.0],[132.0435,43.1312,3.53],[132.0462,43.1321,24.8284],[132.0474,43.1365,16.1667],[132.0535,43.1407,0.0],[132.0535,43.1432,2.0519],[132.0557,43.1451,4.3026],[132.0585,43.1454,0.2591],[132.0568,43.1482,7.2374],[132.0604,43.1518,0.9304],[132.0651,43.1521,7.3811],[132.0818,43.1671,12.7946],[132.0965,43.174,5.5151],[132.0979,43.1787,0.0],[132.1087,43.1824,8.4171],[132.1099,43.186,27.8874],[132.1129,43.1871,0.0],[132.1107,43.1901,3.9017],[132.1126,43.1935,0.0],[132.1271,43.1976,3.9157],[132.1337,43.1943,0.0],[132.1418,43.2021,4.926],[132.1493,43.1996,0.0],[132.1582,43.204,3.6738],[132.1601,43.2071,4.401],[132.1654,43.2079,3.3533],[132.1704,43.2057,1.3446],[132.1676,43.2104,22.567],[132.1746,43.2157,13.0027],[132.2096,43.2201,0.0],[132.2154,43.2232,0.0],[132.216,43.2262,21.481],[132.2201,43.2268,0.0],[132.2204,43.229,11.8414],[132.2315,43.2287,0.0],[132.2293,43.2337,38.0509],[132.2301,43.2363,1.2484],[132.239,43.239,8.3199],[132.2479,43.246,19.1066],[132.2493,43.2487,0.0],[132.2538,43.251,0.0],[132.2515,43.2546,42.2302],[132.259,43.2596,2.1852],[132.2565,43.2612,5.7349],[132.2585,43.269,6.2643],[132.2787,43.2749,4.4191],[132.2854,43.2801,0.0],[132.2863,43.2837,23.4134],[132.2896,43.2851,0.0],[132.2915,43.2885,0.0],[132.296,43.289,15.3184],[132.2988,43.2876,0.0],[132.2993,43.2938,0.0],[132.2954,43.2965,0.0],[132.2921,43.2962,3.6593],[132.284,43.3037,42.3576],[132.281,43.3093,0.0383],[132.2846,43.3112,0.0039],[132.2865,43.3107,0.0954],[132.2874,43.3138,0.0752],[132.2924,43.3171,1.1099],[132.2926,43.3204,12.1852],[132.2901,43.3221,5.8715],[132.2896,43.3246,0.0],[132.291,43.3307,0.3689],[132.2899,43.334,5.8621],[132.2988,43.3393,0.0],[132.2996,43.3379,0.7596],[132.2951,43.3346,0.0],[132.296,43.3293,0.6571],[132.2935,43.3243,0.0],[132.296,43.3204,0.338],[132.296,43.3143,0.242],[132.3015,43.3126,0.1711],[132.3035,43.314,0.216],[132.3135,43.3146,0.1248],[132.3224,43.3126,0.1044],[132.3276,43.3096,0.0],[132.3329,43.3101,0.1709],[132.3379,43.3063,0.1113],[132.3385,43.304,0.0],[132.341,43.3037,0.077],[132.3418,43.3013,0.1125],[132.3504,43.2962,0.3214],[132.3474,43.2924,0.2894],[132.3529,43.2829,0.6159],[132.3526,43.2788,1.0548],[132.3451,43.269,4.4613],[132.3412,43.2679,6.9757],[132.331,43.2607,2.9214],[132.3274,43.2546,5.3201],[132.321,43.2487,7.4865],[132.3157,43.2474,0.0],[132.3101,43.2318,30.3514],[132.306,43.2304,36.1252],[132.3051,43.2285,0.0],[132.3085,43.2274,4.8918],[132.3185,43.2301,0.1011],[132.3212,43.2293,0.8626],[132.326,43.2246,0.0],[132.3268,43.2193,0.4865],[132.3182,43.2124,2.1519],[132.3207,43.2118,0.0],[132.3251,43.2137,0.0],[132.3257,43.2115,0.0],[132.3296,43.2132,0.0],[132.3335,43.2115,0.0],[132.3463,43.2165,4.7322],[132.3518,43.216,6.7848],[132.3554,43.2132,0.0],[132.3582,43.2146,0.0],[132.3651,43.214,9.3344],[132.3712,43.2188,1.5607],[132.3776,43.2182,0.1422],[132.3751,43.2226,2.2922],[132.381,43.2271,2.2348],[132.3793,43.2221,0.6543],[132.3849,43.2215,0.5594],[132.3868,43.219,0.9325],[132.3788,43.2149,0.3707],[132.384,43.2101,0.5062],[132.389,43.1979,0.0839],[132.401,43.1904,0.8101],[132.4065,43.1824,0.298],[132.4032,43.1765,1.8395],[132.401,43.1763,0.4483],[132.404,43.1804,0.2418],[132.4018,43.1876,0.0],[132.3976,43.1907,0.0],[132.3896,43.1929,0.0948],[132.3904,43.189,0.2657],[132.3849,43.1835,0.5727],[132.3804,43.181,13.0007],[132.3724,43.1796,0.0],[132.3668,43.1757,6.1295],[132.3671,43.1732,14.7682],[132.3649,43.1704,5.9483],[132.3596,43.1671,1.1466],[132.3554,43.1665,2.0608],[132.3513,43.1718,1.1821],[132.3454,43.1718,1.4059],[132.3432,43.1693,1.3373],[132.3385,43.169,15.6333],[132.3374,43.1707,0.0],[132.3282,43.1704,46.717],[132.3237,43.1718,12.0969],[132.321,43.1688,0.0],[132.3135,43.1665,0.0],[132.3182,43.1624,8.7935],[132.3221,43.1635,0.0],[132.3288,43.161,3.2509],[132.3288,43.1563,13.3183],[132.3268,43.1546,2.9823],[132.3335,43.1535,6.1697],[132.3338,43.151,3.7232],[132.3371,43.1507,4.8577],[132.3401,43.1457,1.4717],[132.339,43.1415,18.2111],[132.3346,43.1404,15.7321],[132.3329,43.1351,16.2722],[132.3249,43.1343,0.0],[132.3262,43.1329,0.0],[132.3329,43.1324,18.4546],[132.3279,43.1257,0.0],[132.3329,43.1254,0.0],[132.3326,43.1285,0.0],[132.3404,43.1307,6.3889],[132.3404,43.1274,0.0],[132.3371,43.1265,0.0],[132.3385,43.1213,0.4624],[132.3338,43.1196,0.0],[132.3346,43.116,4.3565],[132.3299,43.1171,0.0],[132.3276,43.1149,1.7385],[132.324,43.1185,4.1863],[132.3224,43.1229,0.0],[132.3188,43.1218,0.0],[132.3185,43.1199,15.9491],[132.316,43.1185,9.6367],[132.3212,43.1099,0.0],[132.3251,43.1065,3.9059],[132.3249,43.1049,0.0],[132.3293,43.101,0.0],[132.3296,43.0976,0.0],[132.3271,43.0949,0.0],[132.3301,43.0901,0.1423],[132.3246,43.0863,19.2918],[132.324,43.0821,0.0],[132.3185,43.0812,0.3356],[132.3215,43.0782,0.0],[132.3193,43.0754,12.2568],[132.3087,43.0729,0.2489],[132.3051,43.0704,11.5083],[132.2899,43.0707,1.7093],[132.289,43.0743,10.939],[132.2921,43.0804,0.1914],[132.2915,43.0832,0.0],[132.2932,43.084,1.2195],[132.2907,43.0849,0.0],[132.2835,43.0713,3.7803],[132.2846,43.0679,0.0],[132.2835,43.0646,0.0],[132.289,43.0674,10.5815],[132.2979,43.0671,1.5451],[132.3051,43.0612,12.648],[132.3032,43.0585,0.0],[132.3057,43.0557,26.6555],[132.309,43.0549,0.0],[132.311,43.0515,0.0],[132.3146,43.0524,25.5346],[132.3174,43.0493,3.3933],[132.3151,43.0415,1.7382],[132.3129,43.0404,1.2556],[132.3076,43.0412,0.0],[132.304,43.0382,34.5893],[132.3071,43.0315,5.6681],[132.3051,43.0226,0.0],[132.3085,43.0215,9.0955],[132.3082,43.0171,7.0748],[132.3151,43.0163,0.0],[132.3157,43.019,2.6835],[132.3196,43.0193,0.929],[132.3215,43.0149,0.0],[132.3188,43.011,1.2975],[132.3146,43.0104,31.9592],[132.3124,43.0076,7.2038],[132.3049,43.0065,11.7862],[132.304,43.0043,39.0765],[132.3021,43.0043,1.9267],[132.3024,43.0007,0.7678],[132.2979,43.0004,8.4709],[132.2968,42.9982,0.0],[132.2979,42.9946,9.1782],[132.2999,42.9938,27.8874],[132.299,42.9907,0.0],[132.3013,42.9879,0.0],[132.3049,42.9907,0.0],[132.306,42.9954,0.0],[132.3082,42.9954,0.5631],[132.3112,42.9924,0.0],[132.3065,42.9915,3.2214],[132.3101,42.9876,1.8364],[132.3079,42.9879,0.0],[132.3087,42.9857,0.0],[132.3054,42.9843,0.0],[132.3082,42.9829,12.118],[132.3096,42.979,0.0],[132.3071,42.979,0.0],[132.3038,42.976,9.9721],[132.3024,42.9726,0.0],[132.3043,42.971,24.6724],[132.2974,42.9663,1.8048],[132.2918,42.9562,3.4929],[132.2915,42.9515,7.6659],[132.2949,42.9493,2.1444],[132.2954,42.9468,77.4565],[132.2929,42.9399,0.0],[132.294,42.9365,5.832],[132.2926,42.9354,0.0],[132.2926,42.9307,0.0],[132.2954,42.9238,50.8352],[132.2896,42.9132,5.6518],[132.2949,42.9137,0.0],[132.2982,42.9118,4.2196],[132.2962,42.9054,0.0],[132.2968,42.8982,8.3914],[132.3013,42.8937,0.0],[132.309,42.8963,-0.2122],[132.3065,42.891,19.8846],[132.301,42.8868,0.0],[132.3046,42.8832,27.7674],[132.3032,42.8824,24.9397],[132.296,42.8846,1.8374],[132.2907,42.8776,0.0],[132.2954,42.8732,0.0],[132.299,42.8751,0.0],[132.3013,42.8726,0.0],[132.2968,42.8699,9.2991],[132.2971,42.8671,3.1816],[132.3079,42.8665,0.0],[132.3082,42.8679,10.9374],[132.3129,42.8679,0.0],[132.3182,42.8662,10.9688],[132.3138,42.8604,0.0],[132.3165,42.8554,40.1656],[132.3124,42.8524,0.0],[132.3151,42.8513,0.0],[132.3163,42.8537,6.1271],[132.3179,42.8524,6.1271],[132.316,42.8496,9.6665],[132.3174,42.8429,0.0],[132.3218,42.8418,0.0],[132.3257,42.8451,0.0],[132.3296,42.8449,0.0],[132.3285,42.8496,0.0],[132.3232,42.8518,8.6575],[132.3226,42.8551,0.0],[132.3265,42.859,29.7206],[132.3299,42.8582,0.0],[132.3315,42.8621,28.4937],[132.3351,42.859,9.6261],[132.3432,42.8593,5.1657],[132.3421,42.8571,0.0],[132.3438,42.8554,26.9622],[132.3424,42.8526,0.0],[132.3438,42.8524,12.9727],[132.344,42.8462,0.0],[132.3493,42.8413,0.0],[132.3479,42.8465,41.7689],[132.3524,42.8468,0.0],[132.3521,42.8504,0.0],[132.3587,42.8515,6.4901],[132.3613,42.8501,0.0],[132.3621,42.8546,4.2435],[132.3604,42.856,8.3528],[132.3629,42.8601,16.9977],[132.3685,42.8599,0.0],[132.3699,42.8618,0.0],[132.3687,42.8638,0.0],[132.3596,42.8679,0.0],[132.3599,42.8699,8.8513],[132.3646,42.8682,0.0],[132.3613,42.8718,5.774],[132.3621,42.8765,5.5436],[132.3751,42.8838,0.0],[132.3718,42.8893,0.4686],[132.3643,42.889,15.6967],[132.3493,42.9018,1.4882],[132.3415,42.904,1.7045],[132.3435,42.9068,0.0],[132.3465,42.9068,0.4737],[132.3374,42.914,2.1661],[132.3354,42.9196,5.3577],[132.3438,42.916,13.9058],[132.3474,42.9096,0.0],[132.3515,42.9079,16.6455],[132.3529,42.904,0.0],[132.359,42.9012,1.3666],[132.3618,42.9038,3.1295],[132.3607,42.9063,6.4571],[132.3632,42.9093,16.8751],[132.3671,42.9093,1.3123],[132.3774,42.9143,8.4924],[132.3868,42.9126,2.6788],[132.394,42.9176,7.1704],[132.4015,42.9196,6.4051],[132.4037,42.919,11.7166],[132.404,42.9171,0.0],[132.4082,42.9176,12.6851],[132.4107,42.9162,0.0],[132.4074,42.9199,10.5748],[132.4026,42.9201,11.7166],[132.4043,42.9243,16.5968],[132.4029,42.9293,0.0],[132.399,42.9326,1.8296],[132.4001,42.9357,10.5463],[132.3951,42.9385,21.6528],[132.3979,42.9437,11.2005],[132.3971,42.9451,27.4249],[132.4032,42.9482,0.4904],[132.4107,42.9443,12.1536],[132.419,42.9335,8.1483],[132.4251,42.9296,6.0085],[132.4263,42.9235,0.0],[132.4293,42.9235,8.4888],[132.4307,42.9218,0.0],[132.4307,42.9179,0.0],[132.4346,42.9201,0.77],[132.4337,42.9221,15.2279],[132.4357,42.9224,0.0],[132.4362,42.9243,0.0],[132.4337,42.9257,3.6523],[132.4332,42.929,47.4004],[132.4374,42.9349,0.1694],[132.4401,42.9351,1.1288],[132.4493,42.9279,0.917],[132.4507,42.9235,17.1999],[132.4487,42.9226,0.0],[132.449,42.921,0.0],[132.4632,42.9212,11.3219],[132.4662,42.9174,45.0194],[132.4668,42.9132,0.0],[132.4724,42.9129,0.0],[132.4724,42.9154,0.0],[132.4754,42.9165,0.0],[132.4885,42.9162,0.9869],[132.4943,42.9132,0.0],[132.5074,42.9104,0.56],[132.5196,42.9046,0.853],[132.5218,42.9029,5.926],[132.5218,42.9007,5.1086],[132.5182,42.8985,11.5371],[132.519,42.8943,4.0745],[132.5154,42.8935,0.0],[132.5168,42.8899,9.5321],[132.5149,42.8885,0.0],[132.5154,42.8832,0.0],[132.5115,42.8776,0.5467],[132.5115,42.8726,8.2371],[132.5143,42.8693,0.0],[132.5213,42.8724,15.7068],[132.5226,42.8701,0.0],[132.5246,42.871,2.5753],[132.5249,42.8688,1.7617],[132.5179,42.8629,11.3191],[132.5126,42.8624,0.0],[132.5121,42.8601,0.0],[132.5199,42.8604,0.0],[132.5213,42.8646,1.419],[132.5249,42.8615,0.0],[132.5276,42.8643,1.4611],[132.5276,42.8624,0.0],[132.5301,42.8615,0.0],[132.5301,42.8576,2.5301],[132.5274,42.8571,0.0],[132.5271,42.8535,0.8421],[132.5293,42.8532,1.694],[132.5349,42.8482,0.0],[132.536,42.8524,15.2408],[132.5404,42.851,0.0],[132.5426,42.8535,0.0],[132.5462,42.8537,0.0],[132.5471,42.8518,0.0],[132.5515,42.8499,0.1616],[132.5513,42.8521,19.1901],[132.5543,42.8529,12.9338],[132.5551,42.8568,0.0],[132.5593,42.8521,0.0],[132.5604,42.859,11.3464],[132.5632,42.861,0.0],[132.5688,42.8607,0.0],[132.5676,42.8571,14.0395],[132.5679,42.8526,0.0],[132.5701,42.8524,1.4505],[132.5693,42.8476,8.7645],[132.5638,42.8471,0.0],[132.5635,42.8454,0.0],[132.5657,42.8454,0.0],[132.5688,42.8424,1.7673],[132.5682,42.8382,0.0],[132.5701,42.8374,3.4509],[132.5737,42.8399,3.3459],[132.5757,42.8371,0.0],[132.5754,42.8385,0.0],[132.5776,42.8385,0.0],[132.5804,42.8435,0.0],[132.5868,42.8387,0.0],[132.5912,42.8399,0.0],[132.5926,42.841,5.5401],[132.5915,42.8457,12.3327],[132.5946,42.8485,9.6162],[132.6021,42.8413,11.7512],[132.6007,42.8387,0.0],[132.6074,42.8376,0.0],[132.6076,42.8399,10.472],[132.6043,42.8429,0.0],[132.6043,42.8457,0.0],[132.6013,42.8465,22.1186],[132.6026,42.8513,0.4999],[132.6074,42.8543,2.8599],[132.6079,42.8571,4.5754],[132.6196,42.8607,8.7883],[132.6346,42.861,18.5136],[132.6432,42.8574,1.705],[132.6485,42.8607,1.1018],[132.6621,42.861,0.9192],[132.6724,42.8579,12.5577],[132.6724,42.8554,0.0],[132.689,42.8546,0.6987],[132.6918,42.8526,5.5679],[132.6913,42.8496,2.0047],[132.6938,42.8488,3.7181],[132.6949,42.8543,6.6769],[132.7012,42.8551,0.0],[132.7046,42.859,0.0],[132.7004,42.8599,2.1099],[132.7012,42.8643,0.0],[132.6888,42.8671,0.2911],[132.6888,42.8696,0.0],[132.684,42.8704,0.0],[132.6824,42.8674,0.779],[132.6807,42.8674,0.0],[132.6835,42.8724,2.8201],[132.6899,42.8737,0.0],[132.6949,42.8721,7.9922],[132.6979,42.8735,0.0],[132.7021,42.8715,0.0],[132.7024,42.8726,15.3678],[132.7068,42.8721,23.589],[132.7068,42.874,19.7997],[132.7124,42.8729,0.0],[132.719,42.8749,0.0],[132.7188,42.8765,3.9102],[132.7149,42.8765,11.5104],[132.7135,42.8779,0.5196],[132.7143,42.8801,8.8221],[132.7085,42.8851,6.7747],[132.7107,42.8885,0.0],[132.7149,42.8879,0.0],[132.7165,42.886,0.0],[132.7213,42.8879,1.7956],[132.7238,42.8854,0.0],[132.7257,42.8857,0.0],[132.7265,42.8879,2.2969],[132.7293,42.8879,2.4111],[132.7318,42.8843,3.0829],[132.7346,42.8843,0.0],[132.7357,42.8863,0.0],[132.7346,42.8935,0.0],[132.7274,42.8918,2.7663],[132.7226,42.8988,0.0],[132.7165,42.9018,81.4069],[132.7165,42.9049,25.4846],[132.7188,42.9054,0.076],[132.7199,42.9021,0.5468],[132.7243,42.9015,0.4837],[132.7226,42.9049,0.7329],[132.7232,42.9079,1.0335],[132.7276,42.9063,0.0],[132.7365,42.911,2.3189],[132.7524,42.9101,7.1372],[132.7565,42.9057,0.0],[132.7585,42.9096,0.623],[132.7615,42.9104,0.7168],[132.7654,42.9104,1.4001],[132.7693,42.9079,1.0207],[132.7762,42.9087,0.0],[132.7801,42.9074,0.9933],[132.7796,42.9043,0.0],[132.7815,42.9021,1.5913],[132.7779,42.9007,0.5896],[132.7757,42.9021,0.0],[132.7754,42.901,0.0],[132.7774,42.9004,1.1934],[132.7779,42.8982,0.0],[132.7807,42.8976,0.8922],[132.784,42.8924,7.1461],[132.7824,42.8846,4.3135],[132.774,42.8763,0.0],[132.7757,42.8713,0.0],[132.7724,42.8688,0.0],[132.7762,42.8504,0.0],[132.771,42.8446,13.3995],[132.7626,42.844,2.3419],[132.7626,42.8418,6.5888],[132.7707,42.8404,0.0],[132.7762,42.8365,0.0],[132.776,42.8307,0.0],[132.7718,42.8268,1.4542],[132.7721,42.8249,0.0],[132.7835,42.8207,6.9199],[132.7874,42.8218,4.6058],[132.7932,42.8204,0.0],[132.7979,42.8171,4.6806],[132.8007,42.8138,2.7744],[132.8001,42.8099,0.0],[132.8071,42.8037,0.0],[132.8054,42.7993,0.0],[132.8068,42.7982,0.0],[132.806,42.7924,12.0618],[132.8112,42.7929,0.0],[132.811,42.791,0.0],[132.8065,42.7896,5.9204],[132.8079,42.7879,0.0],[132.8071,42.7849,0.0],[132.8093,42.7851,0.0],[132.8132,42.781,1.4517],[132.8212,42.7779,5.9577],[132.8212,42.7754,10.8281],[132.8182,42.7743,5.0413],[132.8112,42.7796,3.4491],[132.8043,42.7779,12.8195],[132.8024,42.7729,0.0],[132.804,42.7707,43.4891],[132.8026,42.7676,0.0],[132.8062,42.7613,16.6389],[132.8062,42.7585,0.0],[132.8096,42.7576,0.0],[132.8104,42.7554,0.0],[132.8118,42.7593,25.8947],[132.816,42.7574,7.1538],[132.8174,42.7604,3.7284],[132.8218,42.7613,3.371],[132.8246,42.7588,51.7001],[132.8254,42.754,1.8937],[132.8221,42.754,0.0],[132.8201,42.7499,0.0],[132.8246,42.7487,0.0],[132.8293,42.7501,0.0],[132.8346,42.7485,9.9832],[132.8362,42.7454,0.0],[132.8343,42.739,0.0],[132.8387,42.7396,0.0],[132.8401,42.7432,0.0],[132.844,42.7424,21.2921],[132.849,42.7499,12.2693],[132.8526,42.744,6.8172],[132.8513,42.7404,3.1147],[132.8537,42.7376,4.0741],[132.8496,42.736,4.3975],[132.8479,42.7332,0.0],[132.8543,42.7351,0.0],[132.8604,42.7335,0.0],[132.8646,42.7376,35.2506],[132.8732,42.7388,14.778],[132.8687,42.7421,0.3152],[132.8685,42.744,1.1034],[132.8704,42.7463,6.221],[132.8757,42.7474,0.0],[132.8718,42.7546,2.1447],[132.8757,42.7535,0.0],[132.8757,42.7568,0.0],[132.8801,42.756,0.0],[132.8785,42.761,0.0],[132.8763,42.7615,3.9735],[132.8771,42.7635,2.317],[132.8793,42.764,28.1225],[132.8865,42.7579,0.0],[132.8893,42.7588,2.4],[132.8879,42.7624,31.8361],[132.8943,42.7615,0.0],[132.8926,42.7649,0.0],[132.8946,42.7663,0.0],[132.8924,42.7674,0.0],[132.8915,42.7704,0.5049],[132.8893,42.7707,0.0],[132.8929,42.7726,0.0],[132.8876,42.7732,3.83],[132.8876,42.7768,10.5013],[132.8949,42.7779,0.0],[132.904,42.7826,0.0],[132.9035,42.7871,22.3944],[132.9121,42.7871,0.0],[132.9107,42.7885,0.0],[132.911,42.7915,0.0],[132.9085,42.7915,42.8491],[132.9076,42.7946,20.8073],[132.9121,42.799,0.0],[132.9113,42.8032,0.0],[132.9135,42.8057,0.0],[132.911,42.8051,4.3895],[132.9104,42.8082,0.0],[132.9049,42.8088,0.7992],[132.9012,42.8035,2.3445],[132.8957,42.8001,2.3977],[132.8913,42.8001,0.0],[132.8871,42.7951,0.7663],[132.8849,42.7957,0.0],[132.8851,42.7938,0.0],[132.8807,42.7901,2.8045],[132.8796,42.7935,0.0],[132.8746,42.789,1.6974],[132.8707,42.7885,0.0],[132.8712,42.7851,3.6995],[132.8646,42.7857,0.6993],[132.8849,42.7988,0.0],[132.8813,42.8007,1.1694],[132.8837,42.801,0.0],[132.8837,42.8043,0.0],[132.8893,42.8082,0.0],[132.894,42.8171,0.0],[132.8938,42.821,1.874],[132.9026,42.8235,0.0],[132.9026,42.8257,0.0],[132.8993,42.8276,2.003],[132.899,42.8296,2.3867],[132.9046,42.8329,0.762],[132.9154,42.8343,2.3431],[132.9226,42.8382,2.3513],[132.9401,42.8401,1.1966],[132.9618,42.8399,1.4947],[132.9799,42.8346,0.4897],[132.9815,42.8354,0.0],[132.9818,42.8393,0.2105],[132.9885,42.8471,2.2512],[132.9896,42.8457,0.4462],[132.9865,42.8418,0.0],[132.986,42.8371,0.4163],[132.9915,42.8374,0.6582],[132.9951,42.8421,0.26],[132.9965,42.8418,0.0],[132.9971,42.8385,0.0],[133.004,42.8429,0.0],[133.0085,42.8501,0.0],[133.0074,42.864,0.0],[133.0093,42.869,0.0],[133.0188,42.8737,0.0],[133.0285,42.8751,0.5],[133.0307,42.8871,1.0932],[133.039,42.8957,2.8739],[133.0451,42.8985,0.5],[133.0499,42.8988,3.4614],[133.051,42.8974,1.3887],[133.0443,42.8968,2.2596],[133.039,42.8943,0.838],[133.0326,42.8876,1.5157],[133.031,42.8846,0.5],[133.0307,42.8757,0.5],[133.029,42.874,0.5],[133.0196,42.8726,0.0],[133.0099,42.8671,0.0],[133.009,42.8601,0.0],[133.0107,42.8513,0.0],[133.0076,42.8446,0.5202],[132.9987,42.836,0.0],[132.9974,42.8324,2.3047],[132.9882,42.8282,0.0],[132.9854,42.8232,0.0],[132.9946,42.819,7.3412],[132.9929,42.8151,0.0],[132.9976,42.8154,26.4899],[132.9921,42.811,9.4172],[132.989,42.8124,0.0],[132.9865,42.8115,0.0],[132.9871,42.8079,0.0],[132.9957,42.806,14.9644],[132.9965,42.8035,0.0],[133.0035,42.8032,5.5746],[133.0065,42.7979,9.4698],[133.0032,42.7968,0.0],[133.0035,42.7957,0.0],[133.0101,42.7965,2.5257],[133.0126,42.7943,0.0],[133.0179,42.7946,4.9649],[133.0235,42.7918,0.0],[133.0271,42.7882,3.1591],[133.0265,42.786,0.0],[133.0304,42.7837,5.39],[133.029,42.7771,0.0],[133.0315,42.7765,0.0],[133.0349,42.7788,14.2849],[133.0407,42.776,14.162],[133.0429,42.7715,0.0],[133.0476,42.7699,1.4209],[133.0476,42.7665,0.0],[133.0457,42.764,0.0],[133.0485,42.7632,0.0],[133.0513,42.759,5.3998],[133.0529,42.7593,0.0],[133.0546,42.7635,8.7771],[133.0624,42.7649,2.7674],[133.0657,42.7629,1.2823],[133.0671,42.7593,7.7001],[133.0693,42.7599,21.3046],[133.0726,42.7574,14.1148],[133.0729,42.7532,3.5439],[133.0668,42.7529,0.0],[133.0671,42.7513,0.0],[133.0701,42.7515,0.0],[133.0721,42.7496,0.5578],[133.0746,42.751,6.4935],[133.0765,42.746,3.9031],[133.0818,42.746,0.6851],[133.0896,42.7432,0.0],[133.0874,42.7385,4.6905],[133.0751,42.7337,2.0451],[133.064,42.7393,0.0],[133.0618,42.739,0.0],[133.054,42.7449,2.1568],[133.0493,42.7465,9.9536],[133.044,42.7465,6.8816],[133.0365,42.7418,23.0878],[133.0335,42.7432,0.0],[133.0293,42.7426,0.0],[133.0279,42.7404,0.0],[133.0304,42.739,0.0],[133.0299,42.7357,0.0],[133.0243,42.7337,39.7744],[133.0232,42.7271,0.0],[133.0149,42.726,0.0],[133.0143,42.7221,0.0],[133.0246,42.7165,0.9319],[133.0279,42.7165,0.0],[133.0296,42.7185,0.4354],[133.0388,42.719,6.776],[133.0429,42.7188,8.8729],[133.0432,42.7165,4.9312],[133.0338,42.7146,3.035],[133.026,42.7163,0.0],[133.0215,42.7137,22.9979],[133.0087,42.7135,13.8372],[133.0063,42.7157,0.0],[132.9996,42.7165,0.0],[132.9985,42.7124,0.0],[133.0049,42.7054,0.0],[133.0065,42.706,24.5858],[133.0074,42.704,6.2155],[133.0107,42.7026,0.0],[133.014,42.7029,6.1106],[133.0146,42.6985,0.0],[133.0165,42.6996,21.4892],[133.0171,42.6979,0.0],[133.0257,42.6946,0.0],[133.0249,42.6874,5.039],[133.0299,42.6826,0.0],[133.0313,42.6787,0.0],[133.0379,42.6765,0.0],[133.0393,42.6754,0.0],[133.039,42.6726,0.0],[133.0407,42.6718,0.0],[133.044,42.6732,0.0],[133.049,42.6801,2.1142],[133.0568,42.6854,0.0],[133.0765,42.6912,5.5199],[133.0907,42.6896,0.6411],[133.0918,42.6879,1.5593],[133.0896,42.6854,0.0],[133.0915,42.6824,0.0],[133.0982,42.6832,0.0],[133.1096,42.6879,8.7937],[133.124,42.6879,4.3375],[133.1301,42.686,1.1345],[133.1351,42.6876,10.0993],[133.1407,42.6846,0.0],[133.1463,42.6857,22.9689],[133.1493,42.6843,2.3945],[133.1574,42.6907,13.6368],[133.1632,42.691,17.4293],[133.1629,42.6943,13.0685],[133.1679,42.7001,0.0],[133.1718,42.699,0.9711],[133.1718,42.7012,24.4885],[133.1693,42.7026,6.5868],[133.174,42.7032,0.0],[133.1743,42.7068,0.0],[133.1774,42.7074,0.4185],[133.1754,42.7088,1.5568],[133.1765,42.711,4.2716],[133.186,42.7107,4.9481],[133.1854,42.7076,0.0],[133.1879,42.7062,0.0],[133.1874,42.7015,0.0],[133.1985,42.704,15.4544],[133.1987,42.7054,15.4544],[133.2043,42.7079,0.0],[133.2043,42.711,2.3716],[133.1996,42.7118,9.9765],[133.2029,42.7135,0.0],[133.2026,42.7149,0.0],[133.2007,42.714,1.8657],[133.2004,42.716,3.0288],[133.2065,42.7204,0.0],[133.2063,42.7238,0.0],[133.2024,42.7238,0.0],[133.2007,42.7257,3.8952],[133.2035,42.7287,0.0],[133.2024,42.731,6.9403],[133.2088,42.7304,0.0],[133.2112,42.7332,0.0],[133.2135,42.7324,7.4],[133.2149,42.729,0.0],[133.2179,42.7304,0.0],[133.2193,42.734,35.9523],[133.2218,42.734,0.0],[133.2221,42.7363,6.7276],[133.2265,42.7357,0.0],[133.2276,42.7382,0.0],[133.224,42.7418,3.3791],[133.2238,42.7451,1.7137],[133.2271,42.7501,4.1598],[133.2307,42.7518,4.922],[133.2435,42.751,0.4022],[133.2451,42.7524,18.7345],[133.2518,42.7507,18.6137],[133.2593,42.7518,0.0],[133.2593,42.7535,5.7546],[133.2626,42.7549,1.7728],[133.2746,42.7526,3.7651],[133.2804,42.7549,0.0],[133.2876,42.7524,0.0],[133.2907,42.7565,0.0],[133.2907,42.7604,1.3999],[133.2896,42.7635,0.0],[133.2863,42.7646,12.0974],[133.2857,42.7665,0.8353],[133.291,42.7726,6.0584],[133.2943,42.774,16.7985],[133.3087,42.7726,0.0],[133.3132,42.774,10.451],[133.3218,42.7738,31.0128],[133.3271,42.7721,31.3911],[133.3329,42.7754,0.0],[133.3454,42.776,3.7699],[133.3485,42.7735,4.2986],[133.3468,42.7701,0.0],[133.3496,42.7649,4.5403],[133.3618,42.7613,0.0],[133.3721,42.7654,0.0],[133.3788,42.764,0.0],[133.3826,42.7671,69.0818],[133.3968,42.769,7.3355],[133.4015,42.7704,0.0],[133.4026,42.7724,11.6098],[133.4054,42.7726,12.4277],[133.4071,42.771,2.7205],[133.4182,42.7749,10.8116],[133.4235,42.774,0.0],[133.4251,42.7762,0.0],[133.4246,42.7796,19.1411],[133.4318,42.7785,0.0],[133.4326,42.781,17.877],[133.4362,42.7826,0.0],[133.4368,42.7854,0.0],[133.4321,42.7868,23.0731],[133.4321,42.7899,1.2386],[133.4401,42.7926,0.0],[133.4418,42.796,2.2961],[133.4515,42.7946,0.0],[133.4507,42.7899,0.0],[133.4535,42.7904,0.0],[133.4579,42.7946,12.4658],[133.4607,42.7919,0.0],[133.4618,42.7957,27.9873],[133.4651,42.7949,3.9934],[133.4685,42.7915,0.0],[133.4721,42.7921,24.9106],[133.4738,42.796,15.6768],[133.4757,42.7962,3.6788],[133.4771,42.7946,0.0],[133.4821,42.7954,0.0],[133.4843,42.7985,4.9359],[133.4826,42.8021,25.6395],[133.4863,42.8029,0.0],[133.4871,42.8049,2.4174],[133.4926,42.8049,0.0],[133.4924,42.8085,3.9974],[133.4985,42.8076,0.0],[133.5024,42.8093,0.0],[133.5038,42.8132,1.1207],[133.5143,42.8129,0.0],[133.5171,42.8171,0.0],[133.5074,42.8213,2.0702],[133.5071,42.824,0.0],[133.5001,42.8279,0.0],[133.5004,42.831,0.9604],[133.5035,42.8338,21.6036],[133.5065,42.8338,27.5653],[133.5124,42.8299,0.0],[133.5168,42.8338,24.2383],[133.5221,42.8329,0.0],[133.5243,42.8349,0.0],[133.5304,42.8351,1.4667],[133.5321,42.8343,49.9269],[133.5315,42.8296,0.0],[133.5374,42.8274,17.6769],[133.5382,42.8235,0.0],[133.5437,42.8251,0.0],[133.5465,42.8232,0.0],[133.5462,42.8193,0.0],[133.5499,42.8185,0.0],[133.554,42.8204,0.0],[133.5601,42.8196,0.0],[133.5621,42.8215,0.0],[133.5624,42.8271,0.0],[133.5576,42.8307,2.1795],[133.5576,42.8326,3.1339],[133.5624,42.834,10.1389],[133.5654,42.8324,4.9738],[133.5676,42.8351,0.0],[133.5674,42.8374,8.1956],[133.5715,42.8382,1.1855],[133.5746,42.8324,0.0],[133.5735,42.8285,0.0],[133.5824,42.8249,0.0],[133.5887,42.8288,4.0705],[133.5901,42.8338,25.4229],[133.596,42.834,47.2926],[133.6015,42.8321,41.9149],[133.604,42.8338,0.0],[133.6032,42.8363,0.0],[133.6004,42.8376,1.4467],[133.6032,42.8426,0.0],[133.5971,42.8451,33.768],[133.5963,42.849,0.0],[133.5943,42.8501,8.0333],[133.5957,42.854,2.7414],[133.6032,42.8571,24.1545],[133.616,42.8582,0.2538],[133.619,42.8557,4.0706],[133.6168,42.8521,0.0],[133.6249,42.8449,0.0],[133.6299,42.849,16.2921],[133.6399,42.8513,0.0],[133.6385,42.8543,0.0],[133.6449,42.8574,0.0],[133.641,42.8585,3.3698],[133.6413,42.8618,0.0],[133.6465,42.8624,0.0],[133.6465,42.8596,0.5317],[133.6499,42.8596,0.4989],[133.646,42.8699,0.0],[133.6468,42.8743,0.0],[133.649,42.8751,0.0],[133.6521,42.8596,0.7624],[133.6832,42.8526,0.8443],[133.6951,42.846,2.3967],[133.6957,42.8404,0.0],[133.6913,42.8374,0.0],[133.6979,42.8299,0.0],[133.7029,42.8268,0.0],[133.7093,42.826,15.8182],[133.7118,42.8238,4.8976],[133.7096,42.8176,15.4323],[133.7137,42.8154,0.0],[133.7118,42.8115,1.9408],[133.7157,42.8068,0.0],[133.7176,42.8065,0.0],[133.7279,42.8076,0.0],[133.7315,42.8151,15.4551],[133.7346,42.8163,0.0],[133.7393,42.8218,3.1124],[133.746,42.8243,0.0],[133.7465,42.8257,0.0],[133.7407,42.8307,4.8406],[133.7404,42.8354,0.0],[133.7429,42.8407,5.2876],[133.7474,42.8451,0.0],[133.7543,42.8474,7.2401],[133.7565,42.8507,8.4124],[133.7607,42.8524,15.0636],[133.769,42.8532,0.0],[133.7713,42.8571,25.0023],[133.7793,42.8585,0.0],[133.7818,42.8632,1.296],[133.7871,42.8624,11.7694],[133.7957,42.8726,2.375],[133.8038,42.8737,0.0],[133.8087,42.8763,11.0419],[133.8138,42.8751,0.0],[133.816,42.8829,10.8171],[133.8149,42.886,1.3607],[133.8218,42.8913,3.0912],[133.8296,42.8918,0.0],[133.8326,42.8893,8.1851],[133.8396,42.8893,0.0],[133.8482,42.8937,0.0],[133.8596,42.8963,0.0],[133.8615,42.8988,0.0],[133.8607,42.9024,14.8406],[133.8649,42.9032,0.0],[133.8663,42.9076,8.6127],[133.8696,42.9068,0.0],[133.874,42.9093,3.3242],[133.8837,42.9093,2.2332],[133.891,42.9051,0.0],[133.8887,42.9004,0.0],[133.8918,42.8974,0.0],[133.9015,42.8976,1.8756],[133.9024,42.8951,0.0],[133.9126,42.8949,0.0],[133.9143,42.8935,0.0],[133.9271,42.8918,1.5358],[133.9265,42.8901,2.4798],[133.9124,42.889,1.1124],[133.9071,42.8937,13.4872],[133.8982,42.8921,2.9037],[133.8987,42.8937,0.0],[133.8971,42.8951,0.0],[133.8929,42.8951,5.0911],[133.8899,42.891,0.0],[133.8943,42.889,38.2272],[133.8951,42.8868,0.0],[133.9007,42.8854,33.7933],[133.9001,42.8824,0.0],[133.9018,42.8782,0.0],[133.8935,42.8726,0.0],[133.8949,42.8679,0.0],[133.911,42.8704,0.3732],[133.9157,42.8685,0.0],[133.916,42.8671,0.0],[133.9232,42.8662,0.0],[133.926,42.8715,5.293],[133.9324,42.8776,23.2536],[133.9379,42.8799,0.0],[133.9504,42.8799,0.0],[133.9512,42.8843,26.6256],[133.9549,42.8885,0.0],[133.9568,42.9071,11.6539],[133.9732,42.9165,0.0],[133.9835,42.9276,13.9189],[134.0068,42.9388,1.013],[134.0115,42.9437,0.0],[134.0104,42.9493,2.9542],[134.0226,42.9576,4.5034],[134.0399,42.9646,0.0],[134.0471,42.9724,24.2884],[134.0524,42.9732,6.3181],[134.0615,42.9715,0.0],[134.0671,42.9735,0.0],[134.0804,42.9743,0.0],[134.0854,42.9787,0.0],[134.0921,42.9813,0.0],[134.0971,42.9871,20.5398],[134.1174,42.9896,0.0],[134.1254,42.9938,0.0],[134.1282,42.9987,5.6278],[134.126,43.0143,8.1756],[134.1282,43.0182,9.7819],[134.1313,43.0204,0.6044],[134.1343,43.0204,0.0],[134.1401,43.0251,0.0],[134.1438,43.0257,21.0237],[134.1507,43.034,9.0566],[134.1621,43.0326,6.1858],[134.1643,43.0346,3.4565],[134.1701,43.0349,0.0],[134.1715,43.0374,52.4292],[134.1754,43.0382,0.7387],[134.1751,43.0407,0.0],[134.1696,43.0418,6.1741],[134.1699,43.046,40.2365],[134.1749,43.0579,0.6736],[134.1738,43.0618,4.1599],[134.1754,43.0649,2.0817],[134.1821,43.066,2.5302],[134.1854,43.0718,1.6379],[134.1929,43.0718,0.0],[134.1968,43.0751,0.0],[134.2032,43.0743,0.8848],[134.2082,43.0757,2.0832],[134.2096,43.0782,0.0],[134.2143,43.0807,36.5758],[134.2204,43.0807,16.0049],[134.2238,43.0788,21.2534],[134.2337,43.0799,0.0],[134.2521,43.096,39.5171],[134.2607,43.0974,0.0],[134.269,43.104,14.8928],[134.2779,43.1079,15.9606],[134.291,43.1071,25.6692],[134.2982,43.109,31.6913],[134.3013,43.1071,7.7852],[134.3035,43.1007,0.0],[134.3054,43.1007,30.7005],[134.3082,43.0965,0.0],[134.309,43.0988,55.0329],[134.3168,43.1032,0.0],[134.3093,43.1029,20.7916],[134.3076,43.1068,44.5313],[134.3026,43.1079,5.1188],[134.3018,43.1107,0.4656],[134.3057,43.1165,0.3938],[134.311,43.1199,25.5818],[134.3207,43.1218,0.0],[134.329,43.1174,8.3497],[134.3335,43.1218,0.0],[134.3374,43.1182,0.0],[134.3368,43.1151,0.0],[134.3432,43.1113,0.0],[134.3504,43.1154,0.0],[134.3501,43.1174,0.0],[134.3474,43.119,0.0],[134.3482,43.1215,1.5776],[134.356,43.1218,0.0],[134.3579,43.1237,0.0],[134.3579,43.1263,0.0],[134.3671,43.1257,15.5743],[134.3701,43.1265,0.0],[134.3699,43.1296,4.9421],[134.3737,43.1293,7.599],[134.3826,43.1321,0.0],[134.3804,43.1374,7.0887],[134.3865,43.1432,1.3357],[134.3918,43.1449,3.8922],[134.3971,43.144,18.7062],[134.4076,43.1476,45.2368],[134.4124,43.1476,32.8545],[134.4162,43.1457,13.1749],[134.4232,43.1526,6.4726],[134.4396,43.1587,0.0],[134.4401,43.1649,0.0],[134.449,43.1726,-0.2659],[134.4524,43.1738,27.653],[134.4582,43.1729,0.4551],[134.4854,43.1821,11.9844],[134.4913,43.1874,0.0],[134.4896,43.1888,0.0],[134.4901,43.1915,0.6913],[134.4943,43.1915,0.0],[134.5182,43.2093,11.7878],[134.5479,43.2257,21.5754],[134.5576,43.2374,9.9046],[134.5682,43.2388,4.1359],[134.5696,43.2412,0.5877],[134.5746,43.2432,1.7962],[134.586,43.2438,30.6586],[134.5874,43.2412,0.0],[134.5915,43.2407,17.5015],[134.594,43.2379,5.4662],[134.6007,43.2363,0.0],[134.6074,43.2374,0.0],[134.6254,43.2454,0.0],[134.6313,43.2554,0.0],[134.6268,43.2588,7.9949],[134.6282,43.2637,3.7358],[134.6421,43.2615,0.0],[134.654,43.2657,0.0],[134.6585,43.269,2.0443],[134.6632,43.2682,3.4655],[134.6751,43.2749,0.0],[134.6815,43.2802,0.0],[134.679,43.2874,0.1383],[134.6826,43.2932,0.0743],[134.6793,43.2954,5.378],[134.6715,43.2968,5.3465],[134.6687,43.2993,2.7221],[134.6704,43.3018,2.5571],[134.6796,43.3015,1.1468],[134.684,43.3032,2.0952],[134.6951,43.3024,1.4052],[134.6965,43.3057,10.4553],[134.699,43.3007,16.0775],[134.7088,43.2985,0.0],[134.7085,43.3026,14.6632],[134.7124,43.3007,0.0],[134.7201,43.3013,5.1458],[134.7257,43.3046,0.0],[134.7251,43.3082,33.0203],[134.7293,43.3104,0.5719],[134.7321,43.3104,0.4655],[134.7329,43.3076,0.0],[134.7462,43.3074,47.8496],[134.7529,43.3057,27.2773],[134.7585,43.3071,88.7778],[134.7635,43.306,2.7069],[134.7649,43.3082,1.9531],[134.7726,43.3063,0.0],[134.7793,43.3082,0.0],[134.7793,43.3115,0.0],[134.7857,43.3157,0.0],[134.7843,43.3168,52.2638],[134.7857,43.3185,0.0],[134.7835,43.3207,0.0],[134.7793,43.3201,26.6415],[134.7785,43.3221,9.7185],[134.7918,43.3271,0.0],[134.7915,43.331,0.0],[134.786,43.3326,2.7457],[134.7857,43.3343,0.0],[134.7937,43.3354,0.0],[134.7932,43.3374,25.1623],[134.7879,43.3401,2.6721],[134.7896,43.3457,4.15],[134.7932,43.3499,6.6619],[134.7985,43.351,0.5094],[134.7996,43.3493,0.0],[134.8065,43.3496,0.0],[134.8163,43.354,0.0],[134.8246,43.3635,0.0],[134.8276,43.3693,17.9506],[134.8299,43.3704,0.0],[134.8299,43.3724,42.5549],[134.8326,43.374,0.0],[134.8387,43.384,72.1899],[134.8404,43.3857,30.8885],[134.8449,43.3854,0.0],[134.8468,43.3882,47.7302],[134.8515,43.3904,0.0],[134.8526,43.3932,0.6374],[134.8576,43.3937,0.0],[134.8615,43.3974,38.4486],[134.8693,43.3971,26.4633],[134.8768,43.4049,0.0],[134.8885,43.4113,18.3923],[134.9138,43.4168,0.0],[134.9307,43.4224,7.8395],[134.9443,43.4313,2.2294],[134.9476,43.4313,0.0],[134.9512,43.4343,18.543],[134.9601,43.4368,0.0],[134.9651,43.4401,0.0],[134.9688,43.4401,0.0],[134.9771,43.4493,0.0],[134.9676,43.4529,15.4879],[134.9618,43.4579,5.7788],[134.966,43.4607,3.2443],[134.9662,43.4632,3.29],[134.9679,43.4632,1.3114],[134.969,43.4663,3.428],[134.9724,43.4688,19.535],[134.9893,43.4671,40.4938],[134.991,43.4646,0.0],[134.994,43.4663,5.1036],[134.9976,43.4624,36.9988],[135.006,43.4621,0.0],[135.0082,43.4651,0.0],[135.0126,43.466,0.0],[135.014,43.4688,0.0],[135.019,43.4688,1.9859],[135.0196,43.4701,1.9859],[135.0226,43.4693,0.0],[135.0229,43.4712,0.0],[135.0276,43.4735,0.0],[135.0326,43.4732,0.0],[135.0335,43.4757,3.6683],[135.0363,43.4771,9.5513],[135.0363,43.481,10.1807],[135.041,43.4824,31.219],[135.0432,43.4807,1.0427],[135.0446,43.4826,12.4246],[135.0604,43.4849,0.0],[135.0626,43.4885,2.9866],[135.0715,43.4888,0.0],[135.0862,43.4982,0.6241],[135.0968,43.5026,3.6245],[135.1182,43.5026,1.9817],[135.1251,43.4993,0.4333],[135.126,43.5007,21.6112],[135.1349,43.5013,0.0],[135.1418,43.5049,0.0],[135.1482,43.514,14.4372],[135.1507,43.5143,0.0],[135.1529,43.5221,8.8051],[135.1485,43.5271,0.0],[135.146,43.5346,0.0],[135.1471,43.5438,22.8571],[135.1529,43.5488,22.6874],[135.1604,43.5485,0.0],[135.1651,43.5549,0.0],[135.1687,43.556,0.0],[135.1699,43.5732,43.2408],[135.1735,43.576,0.0],[135.1743,43.5824,0.0],[135.1812,43.5885,0.0],[135.1826,43.5943,0.0],[135.179,43.5965,0.0],[135.1818,43.5993,0.0],[135.1815,43.6021,0.0],[135.174,43.6035,13.4796],[135.1729,43.6049,1.4797],[135.1738,43.6079,1.779],[135.1837,43.6115,0.0],[135.1857,43.6146,9.1342],[135.1896,43.616,0.0],[135.1915,43.6199,0.0],[135.2065,43.6271,5.8876],[135.2118,43.6312,0.0],[135.2179,43.6324,3.4969],[135.2229,43.631,0.0],[135.226,43.6346,0.0],[135.2243,43.6374,0.0],[135.2251,43.6432,0.0],[135.2196,43.6446,0.0],[135.2179,43.6524,0.0],[135.214,43.656,3.647],[135.2246,43.6582,0.0],[135.2268,43.6604,0.0],[135.2279,43.6635,0.0],[135.2274,43.6782,0.0],[135.2215,43.6865,5.6575],[135.2271,43.689,31.1088],[135.2299,43.686,0.0],[135.2321,43.6865,0.0],[135.2324,43.6893,4.5239],[135.2357,43.6918,0.0],[135.2337,43.6946,39.7019],[135.2349,43.6974,0.0],[135.2276,43.6993,0.0],[135.2135,43.6999,1.668],[135.2038,43.7065,9.9054],[135.2004,43.7115,0.1177],[135.2068,43.7118,0.0],[135.2065,43.7154,2.3568],[135.2165,43.711,0.4232],[135.2196,43.7129,0.0],[135.2213,43.7157,3.6517],[135.2204,43.7182,0.4032],[135.2254,43.7235,0.3406],[135.2282,43.7229,0.4267],[135.2332,43.7265,1.2172],[135.2582,43.7279,0.0],[135.2632,43.7304,0.0],[135.2679,43.7363,11.6435],[135.2787,43.741,8.5683],[135.291,43.7401,0.7969],[135.2921,43.7368,2.4734],[135.2899,43.7346,6.6061],[135.2612,43.7287,16.9647],[135.2563,43.7235,0.0],[135.2535,43.7157,1.0246],[135.2504,43.7118,32.6265],[135.2499,43.7068,0.0],[135.2513,43.7026,0.0],[135.2579,43.6951,0.0],[135.2626,43.6932,0.0],[135.2682,43.6874,0.0],[135.2796,43.686,0.0],[135.2957,43.6926,0.0],[135.3018,43.6935,0.0],[135.3068,43.7004,0.0],[135.321,43.7068,0.0],[135.3212,43.7085,0.0],[135.3251,43.7085,0.0],[135.3343,43.7137,0.0],[135.3393,43.7149,0.0],[135.3546,43.7137,0.0],[135.3607,43.7199,0.0],[135.3696,43.7226,0.0],[135.3718,43.7249,0.0],[135.3743,43.7346,0.0],[135.3771,43.7393,0.0],[135.3854,43.7454,0.0],[135.389,43.7515,11.3669],[135.3963,43.7546,8.1995],[135.4012,43.759,14.5559],[135.4093,43.7599,18.466],[135.4182,43.756,0.0],[135.4365,43.7649,0.0],[135.4351,43.7651,5.6872],[135.4351,43.7687,126.2688],[135.4371,43.7693,0.0],[135.4357,43.7707,0.0],[135.4376,43.774,0.0],[135.4365,43.7796,0.0],[135.4382,43.7799,0.0],[135.4385,43.7818,0.0],[135.4362,43.786,0.0],[135.4449,43.794,0.0],[135.4457,43.7971,0.0],[135.4504,43.7979,0.0],[135.4538,43.8013,0.0],[135.4546,43.8054,0.0],[135.4593,43.8079,36.6477],[135.4637,43.8071,0.0],[135.4749,43.814,0.0],[135.4749,43.8176,3.4401],[135.4787,43.8213,12.904],[135.479,43.8235,0.0],[135.4743,43.8265,25.8009],[135.474,43.8296,1.7919],[135.4782,43.8338,32.7332],[135.4818,43.834,0.0],[135.4807,43.8382,6.8304],[135.4829,43.841,0.0],[135.4888,43.844,0.0],[135.496,43.844,0.0],[135.4971,43.8462,43.0758],[135.5015,43.846,19.1308],[135.5054,43.8435,0.0],[135.5082,43.8443,0.0],[135.5026,43.8493,24.8508],[135.504,43.8646,33.1055],[135.5112,43.8715,4.2712],[135.5104,43.8771,1.436],[135.5121,43.8782,0.0],[135.5115,43.8818,19.9161],[135.5129,43.884,35.9618],[135.5232,43.8874,0.0],[135.5249,43.8887,0.0],[135.5246,43.8937,0.0],[135.5276,43.8954,0.0],[135.5279,43.8996,2.7018],[135.5265,43.9004,2.7018],[135.5165,43.9012,0.0],[135.5043,43.8988,0.0],[135.5054,43.8968,1.1969],[135.5021,43.8968,0.746],[135.5015,43.8943,1.128],[135.5049,43.8896,0.0],[135.5038,43.8826,0.0],[135.4876,43.8732,2.4808],[135.4857,43.8643,0.6149],[135.4796,43.8688,0.5],[135.4832,43.8715,0.6798],[135.4832,43.8735,0.0],[135.4601,43.8779,1.2387],[135.4579,43.8851,2.3509],[135.4679,43.8885,0.0],[135.4701,43.8918,14.3061],[135.4682,43.9018,12.402],[135.4607,43.9135,1.2165],[135.4637,43.916,13.837],[135.4679,43.9162,0.0],[135.4713,43.9146,0.0],[135.4713,43.9174,0.0],[135.4732,43.9179,0.0],[135.4735,43.9199,0.0],[135.4665,43.9238,0.0],[135.4668,43.926,4.1383],[135.4696,43.9279,0.0],[135.4704,43.9326,16.8205],[135.4612,43.939,0.0],[135.4563,43.9393,0.0],[135.4565,43.9413,0.0],[135.4535,43.9432,0.0],[135.4535,43.949,0.7366],[135.4585,43.9546,1.8318],[135.466,43.956,1.4748],[135.4957,43.9479,0.0],[135.4982,43.9449,0.0],[135.5007,43.9457,7.8845],[135.5065,43.9429,0.4559],[135.5085,43.9362,0.0],[135.5112,43.9354,0.6055],[135.5129,43.9321,3.298],[135.5154,43.9226,11.0427],[135.5193,43.921,0.0],[135.5215,43.9268,33.26],[135.5207,43.9404,8.951],[135.5168,43.9443,0.0],[135.5099,43.944,0.6978],[135.5071,43.9474,2.3232],[135.5068,43.9504,1.7116],[135.5118,43.9543,0.0],[135.5132,43.9579,11.5778],[135.5124,43.9632,0.0],[135.5149,43.9646,0.0],[135.5149,43.9701,2.0059],[135.5124,43.9712,7.4305],[135.5104,43.9779,-0.5],[135.5124,43.9779,3.4181],[135.5154,43.9721,1.4571],[135.5204,43.9718,3.6288],[135.5201,43.9701,0.4418],[135.5237,43.9668,0.0],[135.5307,43.9707,6.5452],[135.5318,43.986,2.6889],[135.5254,43.9926,0.0],[135.5215,43.9946,4.5362],[135.524,43.9982,0.0],[135.5238,44.0007,5.0104],[135.5288,44.0073,2.2241],[135.5315,44.0085,1.0713],[135.5342,44.0067,0.0],[135.5418,44.0073,29.6068],[135.5464,44.0121,8.2955],[135.552,44.0111,16.1129],[135.5564,44.0136,16.2544],[135.56,44.0203,0.5207],[135.5649,44.0234,0.9187],[135.5729,44.022,0.0],[135.5789,44.0256,2.0803],[135.58,44.0233,0.0],[135.5841,44.0223,25.5388],[135.5971,44.0212,0.0],[135.6,44.0231,21.5758],[135.6004,44.026,5.8254],[135.6063,44.0293,10.9796],[135.6104,44.0354,24.4752],[135.6163,44.0379,2.6509],[135.623,44.038,5.1795],[135.6268,44.0334,0.0],[135.6329,44.0351,6.1415],[135.6343,44.0429,16.9686],[135.6366,44.0453,15.8615],[135.6324,44.0523,4.2814],[135.6335,44.0567,0.0],[135.6304,44.0618,2.8464],[135.6312,44.0663,1.7481],[135.6359,44.0709,27.6131],[135.6374,44.0818,0.0],[135.6312,44.0987,0.0],[135.6351,44.1028,2.3352],[135.6456,44.1025,0.0],[135.6452,44.1123,20.8184],[135.6477,44.1141,0.0],[135.6484,44.1169,0.0],[135.6514,44.1184,0.0],[135.6507,44.1256,7.0873],[135.6602,44.1306,0.0],[135.6533,44.1405,12.4241],[135.6544,44.1438,0.0],[135.6476,44.1538,0.0],[135.6462,44.1661,0.0],[135.6481,44.175,0.0],[135.6861,44.1919,0.0],[135.6884,44.202,36.2165],[135.6918,44.2044,0.0],[135.6933,44.2083,1.4564],[135.6964,44.2092,34.6906],[135.7008,44.2135,0.0],[135.7056,44.2231,0.4231],[135.7204,44.2394,3.9578],[135.7367,44.2486,0.0],[135.7669,44.2552,0.0],[135.7751,44.2548,0.0],[135.7854,44.2596,0.0],[135.789,44.2634,55.9398],[135.7923,44.2632,0.0],[135.7954,44.2656,11.8656],[135.7973,44.2777,12.6642],[135.801,44.2851,9.8071],[135.805,44.2873,0.0],[135.8074,44.2926,5.4635],[135.8156,44.2973,27.0553],[135.8227,44.3059,0.0],[135.8373,44.3344,7.0797],[135.8373,44.3412,8.6569],[135.8417,44.3426,0.0],[135.8409,44.3462,0.0],[135.8323,44.3465,42.4613],[135.8283,44.3494,1.7909],[135.8283,44.3564,-0.1955],[135.8314,44.3655,0.7877],[135.8333,44.3674,8.992],[135.848,44.3699,0.0],[135.8522,44.3724,9.9815],[135.8605,44.381,4.9454],[135.8627,44.3859,40.7914],[135.8703,44.3896,0.0],[135.8758,44.3974,26.0232],[135.8745,44.4056,0.0],[135.8797,44.4103,0.0],[135.8793,44.4119,0.3588],[135.8927,44.4109,5.2695],[135.9013,44.4125,7.5196],[135.9063,44.4166,0.6163],[135.9118,44.415,0.0],[135.9191,44.4162,10.6343],[135.9296,44.4227,15.9523],[135.9365,44.4239,25.6784],[135.9441,44.428,6.2183],[135.9467,44.4274,14.0088],[135.9667,44.4319,0.0],[135.9694,44.4347,3.5714],[135.9731,44.4353,0.0],[135.975,44.4325,1.9007],[135.99,44.4342,4.9971],[135.9941,44.4365,3.176],[135.9956,44.4398,0.0],[135.9932,44.4436,2.0106],[135.9942,44.4459,5.0189],[136.0,44.4506,5.224],[136.0083,44.4533,0.0],[136.0218,44.4541,2.4166],[136.0265,44.451,0.0],[136.0275,44.4464,0.0],[136.0358,44.4466,43.2997],[136.0627,44.4638,63.8508],[136.0933,44.4741,73.3639],[136.1098,44.4772,96.5121],[136.1145,44.4846,62.3785],[136.1173,44.4865,3.2079],[136.1303,44.4891,32.6967],[136.1395,44.4935,0.0],[136.1501,44.496,0.0],[136.1516,44.5025,92.2152],[136.1578,44.5087,0.0],[136.1654,44.5144,9.0429],[136.1712,44.5166,0.8901],[136.1745,44.5205,18.7989],[136.1799,44.5222,50.9975],[136.1922,44.5343,6.8423],[136.1868,44.5405,2.5852],[136.1891,44.543,0.0],[136.1875,44.5461,0.0],[136.1894,44.5563,0.0],[136.1863,44.5613,3.3115],[136.1931,44.575,0.0],[136.2114,44.5817,0.0],[136.2252,44.5832,16.4752],[136.2298,44.5854,11.9866],[136.2307,44.5916,0.0],[136.2277,44.594,15.8252],[136.221,44.6069,17.8058],[136.2177,44.6108,0.0],[136.2121,44.6088,0.0],[136.2074,44.6114,0.0],[136.2129,44.6145,4.942],[136.2122,44.6242,0.0],[136.2111,44.6267,1.6921],[136.2072,44.6286,1.3009],[136.2067,44.6325,1.0245],[136.2008,44.6364,12.1899],[136.2028,44.6375,2.9338],[136.2086,44.6339,-0.2039],[136.2106,44.635,0.8124],[136.205,44.6403,5.9623],[136.2078,44.6425,0.0],[136.205,44.6442,25.7021],[136.2108,44.6525,1.2134],[136.2094,44.6553,0.0],[136.2106,44.6581,2.2395],[136.2136,44.6597,0.7819],[136.2189,44.6581,4.0691],[136.2186,44.6492,4.9448],[136.2119,44.6425,14.2467],[136.2219,44.6347,0.0],[136.2272,44.6544,3.1857],[136.2299,44.6579,0.0],[136.2323,44.6582,0.0],[136.235,44.6656,1.4202],[136.239,44.669,0.0],[136.2419,44.6754,4.0374],[136.2631,44.6922,27.9416],[136.2955,44.7103,0.0],[136.3026,44.7093,0.9676],[136.305,44.7114,10.3809],[136.3112,44.7118,0.0],[136.3191,44.7106,18.3508],[136.3261,44.7136,0.0],[136.3374,44.7217,0.0],[136.3391,44.7269,0.0],[136.3382,44.731,12.7959],[136.3289,44.7292,7.5703],[136.3253,44.7328,5.9169],[136.3169,44.7356,3.9162],[136.3164,44.7393,0.0],[136.3089,44.7386,45.4316],[136.3061,44.7397,0.0],[136.3044,44.7417,0.0],[136.3064,44.7431,0.0],[136.3036,44.7442,0.7848],[136.3036,44.7481,1.1598],[136.3193,44.7518,0.0],[136.3315,44.7525,19.1273],[136.3388,44.7512,0.0],[136.3425,44.7531,0.9327],[136.3435,44.7574,21.0647],[136.3487,44.7617,0.0],[136.3504,44.7663,1.4001999999999999],[136.3498,44.775,0.0],[136.3543,44.7784,11.2694],[136.354,44.7911,4.8467],[136.3497,44.7946,0.0],[136.3568,44.7999,0.1182],[136.3647,44.8031,0.0771],[136.3782,44.8053,0.0],[136.3865,44.8041,0.1571],[136.3903,44.8022,0.0],[136.3931,44.7942,11.7061],[136.3975,44.7917,0.0],[136.4033,44.7917,7.2477],[136.4122,44.7853,0.0],[136.4142,44.7789,0.0],[136.4191,44.777,0.0],[136.4233,44.7731,0.0],[136.4287,44.7757,30.6227],[136.4353,44.7702,0.0],[136.44,44.7702,0.0],[136.4422,44.7686,0.0],[136.4508,44.7718,0.0],[136.4514,44.7738,18.4335],[136.4498,44.7766,71.777],[136.452,44.7791,101.5267],[136.4511,44.7852,2.5565],[136.4541,44.7892,0.0],[136.4483,44.7945,0.0],[136.4446,44.7957,0.0],[136.445,44.8067,0.0],[136.4386,44.8097,1.3063],[136.4369,44.8153,1.271],[136.4424,44.8277,1.84],[136.4477,44.8282,0.0],[136.4505,44.833,30.1955],[136.4656,44.843,7.9106],[136.4696,44.8433,0.0],[136.4779,44.8399,3.8488],[136.4854,44.8525,34.3859],[136.4942,44.8551,3.2987],[136.4951,44.8662,69.6043],[136.498,44.8771,3.0751],[136.507,44.8898,4.2005],[136.5152,44.8944,27.042],[136.5235,44.8946,0.0],[136.5231,44.8961,16.6656],[136.525,44.8969,0.0],[136.5219,44.9033,39.5748],[136.5278,44.9069,0.2378],[136.5325,44.9047,7.5305],[136.537,44.9001,0.0],[136.5406,44.9019,9.4699],[136.5433,44.9008,0.0],[136.5476,44.9083,1.4621],[136.5554,44.9135,0.0],[136.5605,44.9189,1.8175],[136.5617,44.9225,0.0],[136.5608,44.9299,0.0],[136.5593,44.9318,0.0],[136.5528,44.9322,0.2929],[136.5511,44.9347,0.0],[136.5503,44.9419,0.9088],[136.5531,44.95,0.0],[136.5607,44.9552,0.0],[136.5645,44.9532,0.0],[136.5692,44.9534,1.6053],[136.5687,44.9581,0.0],[136.5728,44.9614,17.8567],[136.5736,44.9647,0.0],[136.5777,44.9666,0.0],[136.6011,44.9933,3.7907],[136.6145,44.9985,0.0],[136.6228,45.0058,19.7462],[136.6348,45.0271,39.9832],[136.6394,45.0288,43.072],[136.6436,45.0273,27.5407],[136.6469,45.0283,4.848],[136.648,45.0318,0.0],[136.6417,45.0358,0.0],[136.6395,45.0353,0.0],[136.6367,45.0381,0.0],[136.6395,45.0469,0.9251],[136.6375,45.0503,0.5638],[136.6506,45.0453,0.0],[136.6561,45.0467,1.1512],[136.6589,45.045,0.0],[136.6606,45.0458,3.9756],[136.6681,45.0369,5.181],[136.6713,45.0376,15.4855],[136.6737,45.0404,0.0],[136.6835,45.0398,0.0],[136.6882,45.0445,6.0146],[136.6854,45.0468,5.5506],[136.6894,45.0491,0.0],[136.694,45.0562,31.494],[136.7037,45.0629,28.2945],[136.711,45.0663,7.79],[136.7263,45.0693,4.6112],[136.7506,45.0838,13.5891],[136.7565,45.0852,0.0],[136.7651,45.092,0.0],[136.7695,45.1021,0.0],[136.771,45.1146,0.0],[136.77,45.1226,0.0],[136.7731,45.1298,0.0],[136.7737,45.1368,0.0],[136.779,45.1504,30.0272],[136.784,45.1584,6.8396],[136.7831,45.1623,28.6826],[136.7885,45.1684,0.0],[136.7923,45.176,0.0],[136.7886,45.1786,21.6654],[136.7887,45.1824,0.7122],[136.7908,45.1852,4.4208],[136.7961,45.1868,0.0],[136.7967,45.192,0.3171],[136.8016,45.1982,5.4266],[136.8057,45.1981,0.0],[136.8116,45.2006,57.8767],[136.8182,45.2079,2.4144],[136.8259,45.2112,9.6627],[136.8365,45.2216,5.8151],[136.844,45.2266,0.79],[136.8524,45.2292,17.487],[136.8623,45.235,0.9862],[136.8899,45.2434,0.0],[136.8963,45.2469,0.8465],[136.9036,45.2473,32.043],[136.9091,45.2502,0.0],[136.9187,45.2524,16.2859],[136.9449,45.2658,0.0],[136.9539,45.2753,0.4627],[136.9579,45.2766,1.9805],[136.9681,45.29,3.2214],[136.9754,45.2969,0.0],[136.9919,45.3072,5.2184],[137.0012,45.3103,0.0],[137.0249,45.3305,11.3015],[137.0603,45.3533,0.9311],[137.0912,45.3675,5.271],[137.0963,45.367,0.0],[137.1021,45.3702,0.0],[137.1204,45.3713,2.9079],[137.1397,45.3756,32.329],[137.1532,45.3869,25.3933],[137.1551,45.4014,0.4416],[137.165,45.4144,0.4787],[137.1792,45.4197,1.7949],[137.1841,45.4238,0.0],[137.1864,45.4347,6.924],[137.1961,45.4508,3.916],[137.201,45.4558,0.9322],[137.2161,45.4664,0.0],[137.2221,45.4658,2.4478],[137.2277,45.4702,0.4253],[137.2433,45.4744,0.0],[137.2541,45.4846,2.7623],[137.2611,45.4887,0.0],[137.2706,45.5053,0.0],[137.2805,45.5152,0.0],[137.2863,45.5188,1.2995],[137.2983,45.5221,0.9521],[137.305,45.5402,0.0],[137.3104,45.5463,2.1747],[137.3145,45.5485,0.0],[137.3219,45.5593,0.0],[137.3272,45.5777,5.7868],[137.3404,45.5866,0.0],[137.3618,45.6146,1.6762],[137.3733,45.6215,10.644],[137.3856,45.6262,18.6217],[137.3918,45.6326,1.7552],[137.4454,45.663,6.3728],[137.4645,45.67,0.0],[137.4875,45.672,0.0],[137.4957,45.6809,0.5952],[137.5029,45.6832,2.6912],[137.5059,45.6874,0.7924],[137.5115,45.6892,16.017],[137.5196,45.697,1.6127],[137.527,45.7002,0.0],[137.5331,45.7118,1.1513],[137.5507,45.7257,14.9005],[137.564,45.7344,0.9156],[137.5808,45.7391,43.4207],[137.5943,45.75,0.0],[137.6045,45.7534,0.0],[137.6098,45.7594,84.8559],[137.6232,45.7686,0.0],[137.6467,45.7779,5.0948],[137.6587,45.7867,0.0],[137.6668,45.7971,28.5552],[137.6803,45.8065,21.1755],[137.687,45.809,7.5216],[137.688,45.8133,49.9773],[137.6927,45.819,34.8623],[137.6922,45.8253,37.3218],[137.6868,45.83,27.5792],[137.6876,45.8433,2.2358],[137.6911,45.8526,0.0],[137.6995,45.858,0.0],[137.7102,45.861,0.0],[137.7185,45.8678,5.6775],[137.7208,45.8739,5.6304],[137.7271,45.8752,0.0],[137.7343,45.8872,3.0412],[137.7484,45.9023,40.4805],[137.7517,45.9146,0.8342],[137.7578,45.9199,15.1777],[137.7626,45.9336,3.9491],[137.7716,45.9466,0.6479],[137.7773,45.9468,0.0],[137.7981,45.9698,1.7818],[137.8077,45.9743,5.6467],[137.8239,45.9899,8.5064],[137.8362,45.9969,0.0],[137.8475,46.0094,4.0475],[137.8547,46.0125,27.6956],[137.8678,46.0219,0.0],[137.8822,46.0378,0.8728],[137.8903,46.0442,46.9299],[137.8983,46.0481,7.6962],[137.9167,46.0644,75.1777],[137.9283,46.0722,2.1736],[137.9289,46.0786,2.2623],[137.9344,46.0958,0.8224],[137.9422,46.1056,3.2528],[137.9517,46.1119,6.3294],[137.9628,46.1142,0.8176],[137.9775,46.1233,0.5509],[137.9883,46.1356,3.9522],[138.0005,46.146,1.8021],[138.0103,46.1619,0.5069],[138.0142,46.1656,0.4601],[138.0208,46.1687,0.0],[138.0294,46.1664,7.8482],[138.0397,46.1742,0.0],[138.0459,46.1798,0.0],[138.0474,46.1836,0.0],[138.0614,46.1947,0.0],[138.0611,46.1969,9.9162],[138.063,46.1992,67.9861],[138.07,46.2039,0.0],[138.0698,46.2077,4.9335],[138.0753,46.2158,43.621],[138.0922,46.2267,0.0],[138.0947,46.2325,13.8468],[138.1027,46.2368,0.0],[138.1089,46.2458,30.5615],[138.1095,46.2509,29.8932],[138.1017,46.255,3.7987],[138.0978,46.2621,2.1427],[138.0995,46.2684,4.0926],[138.0972,46.2724,3.0425],[138.0995,46.2782,8.8016],[138.097,46.2844,1.0844],[138.0974,46.2921,0.6785],[138.1009,46.2936,0.0],[138.1013,46.2975,1.6115],[138.1073,46.3013,0.7971],[138.1079,46.3063,1.295],[138.1102,46.3082,15.6975],[138.1167,46.3411,7.0494],[138.1208,46.3542,14.9336],[138.1236,46.3558,2.0144],[138.1242,46.3594,12.5681],[138.1314,46.3647,0.0],[138.1318,46.3682,0.0],[138.1349,46.3703,0.0],[138.1344,46.3739,26.6442],[138.1394,46.3786,0.0],[138.1409,46.3841,6.1513],[138.1468,46.3902,0.0],[138.1522,46.4025,11.3826],[138.1592,46.4078,0.0],[138.16,46.4164,0.0],[138.1661,46.4325,4.5021],[138.1708,46.4392,0.0],[138.1769,46.4439,0.0],[138.1769,46.4467,2.1831],[138.1801,46.4506,48.1223],[138.1912,46.4597,0.0],[138.2131,46.4694,12.8825],[138.2202,46.4821,13.3847],[138.2342,46.4925,3.2641],[138.2478,46.4947,1.6955],[138.2659,46.504,26.2203],[138.2844,46.509,59.8548],[138.2891,46.5123,36.5305],[138.2992,46.5144,9.0702],[138.3083,46.522,0.0],[138.3203,46.5264,12.869],[138.3246,46.5266,0.0],[138.3436,46.5392,0.0],[138.342,46.5404,15.8557],[138.3361,46.5398,-0.0954],[138.3381,46.5417,-0.0047],[138.341,46.5414,0.0656],[138.3405,46.5489,11.4117],[138.3478,46.5643,0.0],[138.3475,46.5728,0.0],[138.3509,46.5881,18.3467],[138.36,46.5969,0.0],[138.3581,46.5983,18.87],[138.3581,46.6013,0.0],[138.3528,46.6022,13.2319],[138.3447,46.6083,4.234],[138.3439,46.6179,0.0],[138.3405,46.622,31.5181],[138.3394,46.6297,0.0],[138.3445,46.6506,43.1482],[138.3473,46.6569,0.0],[138.3533,46.6635,18.2758],[138.3504,46.6712,0.4983],[138.3532,46.6847,25.7032],[138.3521,46.6866,2.4437],[138.3481,46.6879,0.2272],[138.3483,46.6912,0.0],[138.3675,46.7058,5.7631],[138.3658,46.715,0.0],[138.3809,46.746,44.9665],[138.3841,46.7585,30.1014],[138.3888,46.7646,19.3103],[138.4049,46.7755,12.3508],[138.4103,46.7938,4.3266],[138.4214,46.8031,0.0],[138.423,46.806,11.8956],[138.4217,46.8097,0.0],[138.4281,46.8125,0.0],[138.4337,46.8197,0.0],[138.4391,46.8203,0.0],[138.4432,46.8246,36.3677],[138.4443,46.8264,0.0],[138.4418,46.8291,11.644],[138.4431,46.8319,9.8491],[138.4637,46.8379,11.3904],[138.4692,46.845,0.0],[138.4736,46.8469,0.0],[138.4842,46.8561,7.4655],[138.4857,46.8601,0.0],[138.4839,46.8639,0.7093],[138.485,46.868899999999996,3.8125],[138.4933,46.8744,60.1351],[138.4957,46.8792,0.0],[138.495,46.8925,62.492],[138.4975,46.8983,0.0],[138.4983,46.9086,0.0],[138.5028,46.9194,25.1216],[138.5022,46.9233,2.7266],[138.4995,46.9269,0.4937],[138.5022,46.9376,2.0218],[138.5119,46.9461,1.9415],[138.5131,46.9494,4.4392],[138.5194,46.9533,3.0159],[138.5361,46.9922,4.0288],[138.5628,47.0308,4.3383],[138.5794,47.0508,6.1902],[138.6039,47.075,2.2689],[138.6219,47.0877,1.7637],[138.6658,47.1153,0.6293],[138.703,47.1361,0.5959],[138.735,47.1689,0.0],[138.7561,47.1939,3.6664],[138.7939,47.2294,0.0],[138.8147,47.2531,0.0],[138.8367,47.2733,1.4096],[138.8595,47.2897,1.6269],[138.8847,47.3036,0.3942],[138.9075,47.3089,0.0],[138.9172,47.3156,16.9419],[138.9317,47.3192,1.9607],[138.9361,47.3181,8.3692],[138.9391,47.3151,0.0],[138.9533,47.3117,0.0],[138.9619,47.3125,22.6844],[138.9661,47.3114,0.0],[138.9767,47.3147,7.9658],[138.9836,47.3142,4.4966],[138.9908,47.3161,1.9411],[138.99,47.3228,5.9993],[138.9922,47.3275,2.2691],[138.9861,47.335,35.4659],[138.9842,47.3428,38.0255],[138.9869,47.3528,62.8038],[138.9939,47.3608,25.8451],[139.0054,47.3694,6.4983],[139.0093,47.3761,93.2675],[139.0197,47.3882,9.6068],[139.0487,47.4036,12.7533],[139.0524,47.4074,19.4395],[138.9538,47.4311,138.4769],[138.9268,47.4572,252.4976],[138.8966,47.4741,599.7355],[138.8632,47.4871,472.5806],[138.8238,47.4909,333.9654],[138.7816,47.4779,506.5975],[138.7399,47.4581,979.849],[138.6926,47.4569,771.0648],[138.6462,47.4778,715.257],[138.6034,47.4893,694.0514],[138.5241,47.4938,462.4695],[138.5837,47.5473,645.6019],[138.5963,47.5801,893.1066],[138.6018,47.6192,756.552],[138.5567,47.651,722.9138],[138.5271,47.6747,672.346],[138.5432,47.7091,700.9629],[138.5785,47.7381,713.7505],[138.6813,47.7688,728.3776],[138.7241,47.7837,863.2574],[138.7676,47.8046,951.1491],[138.787,47.8458,981.2264],[138.7843,47.8735,845.1796],[138.7499,47.8803,953.9542],[138.7204,47.959,880.2163],[138.6858,47.9869,950.22],[138.6497,48.006,1207.5077],[138.5993,48.0166,1097.0361],[138.5806,48.0396,1315.1162],[138.6049,48.0721,1169.6892],[138.6326,48.1136,1307.8323],[138.7119,48.1335,1451.4436],[138.7072,48.186,1176.7026],[138.6569,48.1734,988.9987],[138.5898,48.1786,1207.948],[138.5519,48.1994,1135.2561],[138.5597,48.2485,1100.704],[138.5366,48.2669,1161.6147],[138.4849,48.2831,1041.5957],[138.4679,48.3114,1107.6372],[138.4856,48.3457,1310.3484],[138.4776,48.3816,1291.0344],[138.444,48.4212,1182.3704],[138.3951,48.4392,1250.1625],[138.3351,48.4535,1177.9457],[138.2877,48.4529,1335.4783],[138.238,48.4356,1319.1945],[138.1971,48.4175,1441.6483],[138.1606,48.3851,1430.8594],[138.1643,48.3647,1211.6375],[138.1903,48.3379,1010.1967],[138.1644,48.3249,1032.0361],[138.1111,48.3299,1172.8823],[138.0632,48.3075,1262.7103],[138.0014,48.3108,1116.1882],[137.9537,48.3008,921.4772],[137.9187,48.2874,1004.7018],[137.9126,48.244,1212.5479],[137.8668,48.2237,1619.5903],[137.8065,48.2272,1604.5271],[137.7648,48.2008,851.5507],[137.7401,48.1966,1270.3252],[137.7172,48.2146,1201.324],[137.6779,48.2238,1089.556],[137.6317,48.2295,1164.6793],[137.5847,48.2261,1162.332],[137.5641,48.2159,1067.1023],[137.5314,48.194,1032.4601],[137.4734,48.2004,1313.1752],[137.3676,48.1395,1419.3928],[137.3305,48.1056,1261.6318],[137.3511,48.0603,1042.2261],[137.3929,48.0418,1064.9697],[137.4015,48.032,1021.9718],[137.4068,47.9982,1076.8256],[137.5222,47.9646,1118.7374],[137.5655,47.9485,841.7856],[137.594,47.9238,1043.4912],[137.5862,47.8997,984.7749],[137.5696,47.8782,1235.3496],[137.5068,47.8667,1040.7393],[137.4591,47.854,1021.9692],[137.4264,47.8297,1069.0792],[137.4339,47.8065,1053.2964],[137.4667,47.7927,1215.2838],[137.512,47.8042,1165.4763],[137.5589,47.8024,1118.1548],[137.6021,47.7979,963.3344],[137.7242,47.7364,1017.4154],[137.776,47.7142,977.3083],[137.826,47.7118,847.986],[137.908,47.7339,1080.3202],[137.9373,47.7319,1086.7386],[137.9689,47.7161,1038.2612],[137.9928,47.693,1000.4064],[138.0297,47.6951,707.1519],[138.0551,47.699,969.2366],[138.0477,47.6735,838.3783],[137.9845,47.6286,930.6712],[138.0282,47.6161,594.493],[138.0713,47.6069,786.875],[138.0823,47.5691,945.082],[138.0846,47.5393,1154.1982],[138.0833,47.5037,1147.3119],[138.016,47.4798,1320.0291],[138.0017,47.4509,826.1721],[137.923,47.4436,1238.6239],[137.9141,47.3773,835.2061],[137.8032,47.3413,966.7062],[137.7568,47.3593,945.7166],[137.7009,47.3664,963.0493],[137.6359,47.3445,983.6971],[137.5972,47.3176,1505.7577],[137.5611,47.2737,1329.9924],[137.52,47.2595,1153.1162],[137.4934,47.2539,1136.7511],[137.4707,47.2424,1311.2979],[137.4577,47.2226,1287.5237],[137.4158,47.2109,1344.8687],[137.3425,47.2242,1166.7354],[137.2958,47.2398,1065.4355],[137.2728,47.275,989.0734],[137.2215,47.2766,957.4829],[137.1456,47.2981,1344.1475],[137.0753,47.3204,1380.5105],[137.0439,47.3072,1310.4352],[137.0216,47.2491,1536.564],[136.98,47.1948,1183.4592],[136.9634,47.1513,1112.135],[136.9369,47.1034,1138.4788],[136.9813,47.051,1050.7552],[136.9919,47.0223,1175.7708],[136.9589,47.0056,1252.7458],[136.916,46.9763,1166.09],[136.9009,46.9606,1356.8127],[136.8617,46.9581,1044.9111],[136.7942,46.9192,1295.116],[136.7331,46.8965,1026.9131],[136.7061,46.8711,899.5104],[136.6713,46.85,1355.7905],[136.6004,46.8157,1060.2454],[136.5345,46.8191,993.1617],[136.4861,46.8288,697.934],[136.4558,46.8309,916.8651],[136.4139,46.8158,873.7403],[136.3858,46.7972,1258.5366],[136.3339,46.7852,683.3271],[136.2512,46.8005,587.3432],[136.1481,46.8335,467.399],[136.1219,46.8691,386.23],[136.0999,46.8885,353.0014],[136.0506,46.8858,387.6],[136.0265,46.8632,358.9163],[135.9962,46.8142,398.3266],[135.9694,46.8116,397.9253],[135.918,46.8262,432.4092],[135.845,46.8557,549.0069],[135.8221,46.892,530.3358],[135.7493,46.9233,532.5331],[135.777,46.9382,498.7836],[135.778,46.9678,586.1372],[135.7269,46.9801,579.9899],[135.6799,46.9729,513.5659],[135.6114,46.9753,280.5993],[135.6102,46.9976,257.4084],[135.5613,46.9974,345.4753],[135.5275,46.9714,300.488],[135.4924,46.9419,302.4683],[135.4403,46.9284,421.9077],[135.3971,46.9393,480.8139],[135.3771,46.9513,330.3132],[135.3846,46.9753,377.0966],[135.4223,47.011,306.5586],[135.4421,47.0353,348.2509],[135.4548,47.054,599.3118],[135.4357,47.0751,371.2646],[135.4028,47.089,294.492],[135.3629,47.0975,280.4815],[135.3403,47.1332,329.9318],[135.3544,47.1794,438.4536],[135.327,47.1942,362.1928],[135.2812,47.1863,357.5476],[135.2361,47.1822,454.4185],[135.2155,47.2016,268.1516],[135.1851,47.2165,269.3458],[135.1333,47.2253,390.1007],[135.0902,47.2286,484.6248],[135.0635,47.1966,447.9409],[135.0305,47.162,334.1633],[134.9885,47.1484,292.8031],[134.9493,47.1563,268.5461],[134.8875,47.174,509.8761],[134.8615,47.1716,492.133],[134.8233,47.1421,566.877],[134.7622,47.149,535.3193],[134.7283,47.1487,542.6212],[134.6904,47.1427,599.3277],[134.6722,47.1095,568.2192],[134.6576,47.069,507.0014],[134.6135,47.0407,427.537],[134.6069,46.9725,193.872],[134.5642,46.9744,276.9121],[134.517,47.0098,206.6552],[134.4707,47.0161,274.0361],[134.4598,46.9651,371.0633],[134.5057,46.9149,385.5957],[134.4882,46.852,127.5252],[134.5136,46.8106,92.4191],[134.5023,46.7627,92.0465],[134.4681,46.7328,134.0913],[134.4192,46.7126,289.6627],[134.3514,46.7088,62.9103],[134.2684,46.6994,174.4592],[134.1804,46.6827,520.6926],[134.0875,46.679,531.9553],[134.0375,46.6632,107.1808],[134.0179,46.6637,60.2113],[134.0147,46.6544,92.7662],[134.0032,46.6442,48.3391],[133.9424,46.6026,52.417],[133.9217,46.5908,65.3371],[133.913,46.5815,57.959],[133.8939,46.5238,78.1619],[133.8589,46.4908,49.3544],[133.8501,46.471,52.845],[133.8509,46.4607,46.6701],[133.8699,46.4439,49.3791],[133.9156,46.4345,51.7047],[133.9276,46.4246,51.8655],[133.9421,46.3934,47.4566],[133.9404,46.3784,52.1624],[133.929,46.369,90.1286],[133.8785,46.3555,51.8457],[133.8722,46.352,53.1133],[133.8684,46.3409,52.2059],[133.8758,46.3295,48.0],[133.889,46.3226,50.9573],[133.9155,46.3261,48.2247],[133.9203,46.3225,51.6201],[133.9171,46.3166,51.7476],[133.8958,46.3056,53.6735],[133.8916,46.2997,53.6977],[133.9085,46.2716,52.2667],[133.9099,46.2653,48.8994],[133.9057,46.2593,50.7444],[133.8934,46.2525,48.0],[133.8753,46.248,48.0],[133.8634,46.247,51.9083],[133.8599,46.2443,53.3234],[133.8612,46.2398,50.8712],[133.8708,46.2345,54.3683],[133.8749,46.2282,55.1234],[133.8635,46.2208,52.3798],[133.8559,46.2128,50.7594],[133.8494,46.2011,54.7744],[133.8405,46.1976,55.4165],[133.8311,46.1998,49.0],[133.8278,46.2073,49.5],[133.8272,46.215,49.5],[133.8229,46.2225,50.0],[133.8127,46.224,56.1503],[133.8046,46.2211,55.4993],[133.7917,46.1977,50.5],[133.7706,46.1739,54.6533],[133.7447,46.1633,54.3144],[133.7001,46.1578,52.9307],[133.6881,46.1465,52.967],[133.6877,46.1292,51.5],[133.6965,46.1098,51.5],[133.7331,46.0767,52.1585],[133.7361,46.0615,51.5],[133.7345,46.0473,53.2965],[133.7252,46.0368,52.0],[133.6926,46.0081,52.7491],[133.6801,45.9922,52.0],[133.6771,45.9832,56.3693],[133.6762,45.9602,54.0459],[133.6686,45.9516,53.0],[133.6683,45.9439,54.0605],[133.6633,45.9379,54.3436],[133.6569,45.9377,55.986],[133.6419,45.9422,56.1767],[133.6345,45.9426,56.2657],[133.6075,45.937,55.7993],[133.6009,45.9278,55.3403],[133.5999,45.9208,55.0068],[133.6113,45.9089,55.3649],[133.6139,45.9025,62.977],[133.6071,45.8964,55.439],[133.591,45.89,55.1485],[133.5914,45.8711,54.5],[133.5835,45.8657,56.4393],[133.5709,45.8681,56.248],[133.5575,45.8792,55.0],[133.545,45.8925,55.0],[133.5211,45.8923,56.8148],[133.5042,45.8829,55.5],[133.5054,45.8677,66.6923],[133.4986,45.8616,57.4751],[133.4903,45.862,57.8895],[133.4802,45.8587,56.5356],[133.4808,45.8515,60.526],[133.4857,45.8415,58.521],[133.4864,45.8335,56.5486],[133.4792,45.8318,63.2979],[133.4708,45.8336,57.5458],[133.4639,45.829,59.2014],[133.4622,45.7984,58.0447],[133.4661,45.7898,61.9145],[133.4952,45.7888,58.2178],[133.4989,45.7817,57.0],[133.4963,45.7751,57.0],[133.4894,45.7712,60.2854],[133.481,45.7723,57.8978],[133.4722,45.7778,59.1687],[133.4642,45.7745,60.1371],[133.4627,45.7548,60.1391],[133.4663,45.7485,59.839],[133.4782,45.7431,60.4284],[133.4806,45.7389,57.5],[133.4747,45.735,63.6065],[133.4636,45.7316,60.4023],[133.4523,45.7304,60.838],[133.4427,45.7206,58.8412],[133.4253,45.693,61.6961],[133.4296,45.6903,60.1389],[133.4437,45.696,62.8754],[133.46,45.6872,62.2246],[133.4715,45.6862,61.6678],[133.4769,45.6835,60.1519],[133.4794,45.6771,66.6996],[133.479,45.6698,62.7427],[133.4816,45.6634,58.5],[133.4761,45.6544,60.3146],[133.4546,45.6521,62.5546],[133.4445,45.6488,62.7404],[133.4443,45.6386,59.0],[133.4664,45.6206,62.4906],[133.4671,45.6126,65.7288],[133.4599,45.6116,62.8887],[133.4435,45.6226,60.6206],[133.4353,45.6215,60.0],[133.4265,45.6161,62.8439],[133.4198,45.6085,62.9762],[133.4115,45.6089,63.8959],[133.4054,45.6072,62.4756],[133.4066,45.5928,62.6799],[133.4135,45.572,62.4243],[133.4037,45.5658,62.5955],[133.389,45.5688,62.336],[133.3793,45.5735,62.2001],[133.3721,45.5724,61.7702],[133.3675,45.5657,65.588],[133.3588,45.5581,67.5488],[133.3421,45.5479,71.2689],[133.3355,45.5404,66.5452],[133.3339,45.5353,68.1734],[133.3367,45.5259,68.4277],[133.336,45.5223,67.597],[133.3221,45.5159,73.5208],[133.3178,45.4932,67.582],[133.3076,45.4913,67.7475],[133.296,45.4937,68.1023],[133.2965,45.5003,67.7352],[133.293,45.5052,67.3176],[133.2818,45.5033,68.5921],[133.2723,45.5181,65.5476],[133.2668,45.5215,65.5263],[133.2587,45.519,65.6714],[133.2512,45.5107,65.5689],[133.2451,45.509,65.6114],[133.2377,45.5116,64.3091],[133.2343,45.5151,63.4516],[133.2274,45.5104,64.0232],[133.2256,45.5074,64.5642],[133.2184,45.5071,63.8912],[133.2152,45.5091,63.2326],[133.1959,45.4931,64.2526],[133.1957,45.4836,65.8659],[133.1823,45.4707,65.1024],[133.1559,45.4652,64.0321],[133.1546,45.4564,64.3805],[133.1571,45.4514,64.5536],[133.1594,45.4377,64.5728],[133.1536,45.4324,64.5664],[133.1475,45.431399999999996,64.8648],[133.1463,45.4219,65.3906],[133.133,45.4199,64.6592],[133.1296,45.4117,65.147],[133.1363,45.4062,65.27],[133.1348,45.3996,64.9592],[133.1299,45.3965,65.3638],[133.1387,45.3911,65.0188],[133.1393,45.3864,65.3952],[133.1354,45.3806,64.6346],[133.1292,45.3757,64.8732],[133.1287,45.3731,66.527],[133.1377,45.3704,67.0392],[133.1383,45.3642,67.3227],[133.1188,45.3443,65.5761],[133.1198,45.333,65.0185],[133.1249,45.325,65.1849],[133.1197,45.3176,65.5528],[133.1102,45.3089,65.5278],[133.1111,45.2991,65.7049],[133.1065,45.2928,65.9367],[133.0939,45.2876,65.5577],[133.0889,45.2771,66.5337],[133.0967,45.2717,65.8148],[133.0908,45.2637,65.7754],[133.0875,45.2523,65.7944],[133.0852,45.2362,68.0109],[133.0885,45.2322,67.3984],[133.0959,45.2315,66.3607],[133.1036,45.2267,65.9453],[133.1181,45.2021,66.2646],[133.1186,45.1969,66.7759],[133.1238,45.1874,67.0309],[133.1255,45.1761,66.924],[133.1201,45.162,67.1977],[133.1227,45.158,67.1617],[133.128,45.1551,67.1178],[133.13,45.149,67.0753],[133.1275,45.1443,67.1877],[133.1304,45.1367,66.9396],[133.1352,45.1312,67.5576],[133.1356,45.1271,67.0446],[133.131,45.1212,67.3543],[133.1149,45.1221,67.4131],[133.1048,45.1206,67.5291],[133.0916,45.1056,67.5912],[133.0801,45.0953,67.6407],[133.0723,45.0929,68.0913],[133.0649,45.0946,67.8837],[133.0595,45.0903,67.8709],[133.054,45.0782,68.2431],[133.0352,45.0686,68.2142],[133.0355,45.065,68.1139],[133.0286,45.0528,68.4875],[133.0023,45.0377,68.896],[132.9958,45.0374,69.0221],[132.9885,45.0459,68.9722],[132.985,45.0447,68.4786],[132.981,45.0399,68.514],[132.9805,45.0301,68.8468],[132.975,45.0262,69.3155],[132.9727,45.0199,69.5271],[132.9636,45.0241,69.0004],[132.9556,45.0238,68.4434],[132.9489,45.0173,69.3818],[132.942,45.0134,69.1862],[132.9367,45.0157,69.2287],[132.9375,45.0229,68.83],[132.935,45.0265,69.0318],[132.8951,45.0334,69.759],[132.8883,45.0367,69.7803],[132.8687,45.0528,70.1355],[132.852,45.0557,70.8593],[132.6969,44.6901,70.1913],[132.5606,44.555,69.7691],[132.3162,44.6152,68.0],[132.1116,44.7407,68.0],[132.1836,44.9569,68.0],[132.0586,45.2356,68.0],[131.9998,45.2489,73.914],[131.9926,45.2531,69.7519],[131.9776,45.2676,75.1919],[131.9325,45.2799,80.9727],[131.9223,45.2899,92.5054],[131.9173,45.3146,93.1282],[131.9091,45.3301,128.0558],[131.8915,45.336,154.7822],[131.8728,45.3334,189.2372],[131.838,45.3133,153.8874],[131.8268,45.3087,166.0666],[131.8236,45.3021,157.768],[131.8247,45.2946,156.6437],[131.8183,45.2847,152.7678],[131.8058,45.2762,168.232],[131.7917,45.2593,160.8267],[131.7746,45.2202,162.3598],[131.7761,45.2119,179.0589],[131.7716,45.21,181.1738],[131.7645,45.2096,177.3481],[131.7086,45.2266,170.9433],[131.6918,45.2232,172.7628],[131.6782,45.2169,191.954],[131.6465,45.156,402.1588],[131.6521,45.1479,427.2322],[131.6595,45.1454,461.6204],[131.6771,45.1472,608.5565],[131.684,45.1442,575.6206],[131.6826,45.1299,504.1168],[131.6888,45.1227,559.6498],[131.6867,45.1142,630.1898],[131.6555,45.0914,423.1796],[131.6313,45.08,348.15],[131.6086,45.0607,383.1434],[131.6018,45.0578,527.8804],[131.5825,45.0558,396.0557],[131.5757,45.0533,370.8853],[131.5723,45.0363,277.6727],[131.5599,45.031,319.4288],[131.5292,45.0095,278.7779],[131.5015,45.0033,326.8147],[131.4772,44.9935,519.2404],[131.473,44.9886,442.1784],[131.4765,44.9838,413.0216],[131.4929,44.9751,354.6799],[131.4957,44.9715,333.6225],[131.4914,44.9679,344.9303],[131.4791,44.9617,337.04],[131.4698,44.9595,337.1302],[131.4522,44.9635,318.6329],[131.4313,44.9656,445.8056],[131.4163,44.9727,432.8435],[131.3935,44.9806,455.699],[131.3838,44.9821,624.8704],[131.357,44.9793,532.6831],[131.3443,44.9819,518.6585],[131.3352,44.973,495.0196],[131.3065,44.9556,551.5258],[131.2997,44.9408,558.5529],[131.2903,44.9303,540.4873],[131.2771,44.9243,519.8474],[131.271,44.9224,511.9335],[131.249,44.9279,579.5593],[131.2373,44.9181,582.1448],[131.2249,44.915,529.4796],[131.2048,44.9131,506.7189],[131.199,44.9173,489.0427],[131.1996,44.9211,506.6395],[131.1983,44.9233,542.3896],[131.1809,44.926,519.0486],[131.1773,44.9296,473.1011],[131.1617,44.9264,538.0354],[131.1562,44.9275,543.9197],[131.1532,44.9349,526.0471],[131.1475,44.9376,574.0023],[131.138,44.937,583.5977],[131.1163,44.9312,718.356],[131.1004,44.9302,576.7534],[131.0836,44.9193,636.7884],[131.0816,44.9093,582.9028],[131.0865,44.9043,629.241],[131.0894,44.8977,614.3099],[131.084,44.8898,642.2437],[131.0416,44.8697,752.3292],[131.0291,44.8765,799.9669],[131.0238,44.8762,787.8884],[131.0155,44.8658,754.2239],[131.0,44.8671,707.7346],[130.9783,44.8623,727.6909],[130.9542,44.8542,724.9933],[130.9507,44.8283,856.8405],[130.963,44.8176,912.1918],[130.9769,44.8183,902.988],[131.0,44.8163,902.8844],[131.0,44.7903,821.4263],[131.0668,44.7416,720.0258],[131.0757,44.7301,650.2358],[131.0788,44.7128,633.8553],[131.1027,44.6916,691.2239],[131.1913,44.4115,500.0341],[131.2931,44.0797,177.6927],[131.2977,44.0539,89.8267],[131.294,44.0445,86.6243],[131.2505,44.0187,97.8059],[131.2486,44.0103,100.7829],[131.2507,43.992,102.094],[131.2388,43.9796,107.1506],[131.2411,43.9711,110.1521],[131.235,43.9659,113.1146],[131.236,43.9572,110.3818],[131.2523,43.9437,115.5505],[131.2589,43.9334,119.5063],[131.2486,43.8961,134.1409],[131.2418,43.885,140.9523],[131.228,43.8773,147.6789],[131.2242,43.8529,199.6317],[131.22,43.843,164.3327],[131.2035,43.8236,192.0431],[131.2157,43.8108,184.6828],[131.2047,43.7907,271.0855],[131.2054,43.7733,265.7391],[131.2181,43.7451,301.6096],[131.2072,43.7241,363.4635],[131.2122,43.7157,475.3799],[131.2129,43.709,344.8307],[131.21,43.6884,358.8085],[131.2239,43.6719,401.9007],[131.2271,43.645,383.6896],[131.2245,43.6332,389.44],[131.2119,43.6266,392.5045],[131.2097,43.6226,389.8518],[131.2139,43.6093,421.3875],[131.2253,43.6032,418.7235],[131.2285,43.5986,514.2854],[131.222,43.5856,428.3726],[131.2112,43.5869,458.138],[131.2053,43.5807,448.575],[131.1965,43.5763,456.0727],[131.2018,43.565,445.6378],[131.2009,43.5611,447.8797],[131.1876,43.5612,554.1311],[131.1841,43.5571,542.6199],[131.195,43.5433,468.1898],[131.1971,43.5366,475.4342],[131.1931,43.5257,523.8014],[131.2006,43.5185,631.7523],[131.2437,43.5018,610.687],[131.257,43.491,613.4423],[131.2857,43.4724,695.7006],[131.2964,43.4721,689.3765],[131.3008,43.4685,695.8119],[131.3009,43.4559,695.8173],[131.288,43.4406,703.7391],[131.2877,43.4319,679.7461],[131.2964,43.414,678.6648],[131.3067,43.405,677.5011],[131.3084,43.3998,696.6164],[131.3058,43.3927,704.9571],[131.2713,43.3692,675.5667],[131.2659,43.3638,666.494],[131.2587,43.3136,622.5952],[131.259,43.2884,636.0027],[131.2477,43.2751,494.8639],[131.2437,43.2648,460.1926],[131.2355,43.2529,330.7223],[131.2061,43.2322,253.8972],[131.2015,43.2268,232.6341],[131.1908,43.2079,393.3316],[131.1899,43.2009,407.9627],[131.2007,43.182,402.3864],[131.2025,43.174,530.5137],[131.1977,43.1629,749.6597],[131.2043,43.1432,940.2516],[131.2017,43.1361,906.4045],[131.1896,43.1221,811.5447],[131.1516,43.0939,684.9678],[131.1445,43.0808,424.986],[131.1369,43.0721,405.5257],[131.1155,43.0639,544.4016],[131.1118,43.0447,465.8694],[131.1091,43.0382,405.6936],[131.0966,43.0204,308.5632],[131.1,42.991,342.1645],[131.1057,42.9725,356.3245],[131.1089,42.9664,282.0151],[131.1283,42.9626,363.3139],[131.1348,42.9579,284.6356],[131.1317,42.9401,298.1835],[131.1266,42.9305,376.6545],[131.1066,42.9148,347.8267],[131.0961,42.9109,280.41],[131.065,42.9154,341.3362],[131.0476,42.9142,349.4714],[131.0317,42.9196,385.7996],[131.0206,42.9205,444.8898],[131.0102,42.9167,536.1038],[131.0054,42.9019,473.4112],[131.0085,42.8941,354.2047],[131.0306,42.873,527.7992],[131.0296,42.8633,472.3704],[131.0174,42.8561,533.1639],[131.0,42.8529,382.9195],[130.9723,42.8547,482.329],[130.9314,42.8641,211.2326],[130.9137,42.8654,283.173],[130.8988,42.8534,442.8568],[130.8548,42.8565,420.6742],[130.8428,42.8671,296.886],[130.8212,42.8719,248.4607],[130.8032,42.8699,257.662],[130.7892,42.8643,271.1519],[130.7789,42.8536,370.1688],[130.7766,42.8358,486.4484],[130.7713,42.8297,494.3165],[130.7396,42.8417,798.7572],[130.7255,42.8361,779.0687],[130.7249,42.8313,751.7403],[130.7131,42.8255,823.77],[130.7011,42.8362,595.6708],[130.6843,42.8439,478.8475],[130.6615,42.8389,270.7334],[130.6168,42.8191,272.4579],[130.5936,42.8109,534.4414],[130.5663,42.8062,555.8624],[130.5535,42.8103,491.7628],[130.5443,42.8077,417.7003],[130.5295,42.7956,211.6969],[130.5059,42.7842,145.2613],[130.4875,42.7789,120.7617],[130.4749,42.7666,100.021],[130.4619,42.7587,96.0851],[130.4347,42.7465,125.5587],[130.4051,42.7223,327.1264],[130.4043,42.7159,275.4235],[130.4123,42.7088,353.9439],[130.4485,42.6966,387.0278],[130.4597,42.6795,485.455],[130.4846,42.6843,336.6163],[130.517,42.6952,182.9663],[130.5306,42.6976,346.9254],[130.539,42.6937,199.3663],[130.5593,42.6793,29.01],[130.5761,42.6716,28.6231],[130.584,42.6645,36.9717],[130.5916,42.6542,38.0679],[130.5948,42.6442,34.4023],[130.623,42.6227,34.0358],[130.6302,42.6091,43.1783],[130.6281,42.5929,47.8157],[130.6105,42.5582,90.1006],[130.6176,42.5447,128.9681],[130.6128,42.5417,223.0575],[130.6005,42.5491,177.1884],[130.577,42.5556,263.6115],[130.5635,42.5533,373.8019],[130.5612,42.5354,17.8029],[130.5755,42.5083,7.0924],[130.5961,42.4612,14.4971],[130.6072,42.4441,7.5],[130.6127,42.429,2.5],[130.6146,42.424,15.4483],[130.6235,42.4217,8.5461],[130.6339,42.4142,5.6257],[130.642,42.406,4.4014],[130.6555,42.3865,5.8805],[130.66,42.3676,1.0],[130.645,42.3483,1.0],[130.6461,42.3389,1.537],[130.6506,42.3293,0.5],[130.6649,42.3072,1.3569],[130.6617,42.2998,0.0],[130.6623,42.2955,1.685],[130.6719,42.2898,0.2476],[130.6744,42.2846,0.0],[130.6946,42.2879,0.0],[130.6993,42.2938,0.0],[130.7021,42.2946,0.0],[130.7082,42.3063,0.1482],[130.7329,42.336,0.0],[130.7521,42.3685,0.0],[130.7612,42.3935,0.0],[130.7688,42.4279,0.0],[130.7787,42.446,0.1223],[130.7835,42.4501,0.0],[130.7879,42.4507,0.0],[130.7871,42.4538,0.0],[130.7818,42.454,0.0],[130.7765,42.4571,0.8973],[130.7785,42.4651,1.2054],[130.7829,42.4693,1.158],[130.7921,42.4738,1.0198],[130.8062,42.4765,0.0],[130.8099,42.4765,3.8502],[130.8163,42.4718,23.3191],[130.8163,42.469,7.2297],[130.8215,42.4671,1.8585],[130.8338,42.4671,11.4815],[130.839,42.4696,0.0],[130.8429,42.474,0.0],[130.846,42.4826,13.4321],[130.8499,42.4843,0.0],[130.8504,42.4868,0.0],[130.8463,42.4876,23.2596],[130.8463,42.4926,6.7972],[130.8443,42.4946,10.9062],[130.8474,42.5051,0.6144],[130.8412,42.5065,4.3342],[130.8415,42.5121,0.0],[130.8362,42.5143,1.8249],[130.8382,42.5185,5.0119],[130.8357,42.524,0.0],[130.8307,42.5265,0.0],[130.8313,42.5288,0.439],[130.8438,42.5351,0.3843],[130.8476,42.5329,0.0],[130.8537,42.5326,1.4849],[130.8587,42.5182,0.0],[130.8638,42.5146,0.0],[130.8679,42.5165,0.0],[130.8707,42.5226,0.0],[130.8704,42.531,1.5626],[130.8643,42.5382,29.8046],[130.856,42.5401,2.5638],[130.8518,42.5443,0.0],[130.841,42.5443,0.4322],[130.844,42.5576,1.6282],[130.8432,42.5615,0.0],[130.8401,42.5643,10.1756],[130.8138,42.5676,8.9032],[130.8101,42.5713,0.0],[130.8013,42.5726,4.7328],[130.7943,42.5779,5.2097],[130.7921,42.5779,0.0],[130.7868,42.5735,2.3831],[130.7787,42.574,0.7148],[130.7732,42.5776,0.7889],[130.7704,42.5849,0.9544],[130.7724,42.5985,1.109],[130.781,42.6129,0.0],[130.7968,42.6332,0.0],[130.7935,42.6335,0.4298],[130.7943,42.6318,0.5184],[130.7801,42.616,0.3435],[130.7715,42.6021,1.0897],[130.7701,42.6029,1.3173],[130.7718,42.6049,0.2103],[130.7701,42.606,0.0],[130.7657,42.6037,1.6356],[130.7654,42.6063,0.2478],[130.7621,42.6068,1.6435],[130.7599,42.6051,0.0],[130.761,42.6032,2.9412],[130.7587,42.6026,0.8128],[130.7571,42.6049,0.2266],[130.7538,42.6054,1.5],[130.7538,42.6074,0.0],[130.7515,42.609,0.0],[130.7457,42.6093,0.3085],[130.7424,42.6065,0.5899],[130.7365,42.596,2.1936],[130.7213,42.5829,2.0926],[130.6965,42.5782,1.0186],[130.6946,42.5754,1.5556],[130.6946,42.5699,2.8627],[130.6932,42.5726,0.0],[130.6876,42.5729,2.0768],[130.6846,42.5751,1.1162],[130.6843,42.5785,0.0],[130.6868,42.5812,0.1699],[130.6821,42.5851,11.6653],[130.6768,42.586,1.845],[130.6743,42.5904,0.2719],[130.6771,42.5887,0.0],[130.6793,42.5899,0.5834],[130.6824,42.5868,0.0],[130.6874,42.5857,4.7938],[130.6907,42.5818,24.1566],[130.6918,42.5765,0.0],[130.6957,42.5788,13.5939],[130.7204,42.5851,0.0],[130.7246,42.5893,0.4976],[130.7246,42.5926,1.6759],[130.7312,42.5965,0.6183],[130.7315,42.6001,1.9534],[130.7376,42.6076,0.8544],[130.7371,42.6096,0.4618],[130.7324,42.6115,0.238],[130.7326,42.6199,3.1043],[130.7343,42.6232,0.0],[130.7379,42.6229,0.0],[130.7388,42.6263,1.2449],[130.7365,42.6288,0.0],[130.7279,42.6226,8.4367],[130.7232,42.6243,0.0],[130.7221,42.6224,2.1751],[130.7188,42.6218,9.0861],[130.7132,42.626,0.0],[130.701,42.6307,0.0],[130.6996,42.6396,0.0],[130.7018,42.6424,0.0],[130.686,42.6404,8.5146],[130.6768,42.6429,5.8013],[130.6701,42.6418,0.6502],[130.6649,42.6385,3.2271],[130.659,42.639,0.1967],[130.654,42.644,0.0],[130.654,42.6521,0.0],[130.6512,42.6565,0.6585],[130.6629,42.6607,0.3323],[130.6693,42.6671,0.0],[130.6693,42.6707,1.0799],[130.6799,42.679,0.5106],[130.6843,42.6799,0.0],[130.6907,42.6851,0.0],[130.7035,42.691,0.281],[130.7051,42.694,7.5568],[130.7112,42.6979,0.8846],[130.7229,42.7021,2.574],[130.7268,42.7024,9.9315],[130.7321,42.7001,1.5488],[130.736,42.696,18.7119],[130.7385,42.6882,0.0],[130.7529,42.6865,0.5202],[130.7565,42.6849,0.812],[130.7574,42.6826,0.0],[130.7599,42.6824,0.3098],[130.7679,42.686,0.7271],[130.7729,42.6843,0.0],[130.7749,42.6879,0.1431],[130.7865,42.6932,0.154],[130.7907,42.6974,0.8355],[130.7999,42.6974,0.0953],[130.8018,42.7004,0.0],[130.8135,42.6996,0.0],[130.8185,42.7018,0.0],[130.8271,42.699,3.2124],[130.8318,42.7026,0.4526],[130.8379,42.7015,0.0],[130.8482,42.704,0.7192],[130.8524,42.7001,0.1145],[130.8654,42.699,1.0192],[130.8624,42.6982,0.2927],[130.8618,42.696,0.5319],[130.8593,42.6982,0.0],[130.8521,42.6993,0.1145],[130.8482,42.7032,0.3638],[130.8446,42.7018,0.0],[130.8499,42.6993,0.795],[130.849,42.6965,1.0511],[130.8476,42.6968,0.6201],[130.8482,42.6988,0.0],[130.8362,42.7004,0.0],[130.839,42.6957,0.5394],[130.8396,42.6888,0.0],[130.8365,42.676,11.8346],[130.8343,42.6732,2.8896],[130.8201,42.6712,8.5246],[130.8118,42.6646,2.2636],[130.8074,42.6629,7.7543],[130.7976,42.6657,0.0],[130.7926,42.6621,0.0],[130.791,42.6587,20.2989],[130.7793,42.6576,3.1444],[130.7918,42.6526,8.6316],[130.7924,42.6501,0.9719],[130.7899,42.6435,0.0],[130.7962,42.6432,0.0],[130.7937,42.6446,3.6825],[130.794,42.6482,0.8744],[130.7985,42.6496,0.0],[130.8035,42.6493,0.0],[130.8043,42.646,0.0],[130.8079,42.6463,0.0],[130.8082,42.651,1.4573],[130.8104,42.651,0.0],[130.8151,42.6551,0.0],[130.8118,42.6607,0.0],[130.8143,42.6629,0.0],[130.8188,42.6621,10.2508],[130.8179,42.659,0.0],[130.8235,42.6557,4.5961],[130.8274,42.6599,1.5522],[130.8299,42.6601,0.0],[130.8288,42.6557,1.7377],[130.8315,42.6582,0.0],[130.836,42.659,6.4891],[130.8404,42.6557,1.7167],[130.8426,42.6585,1.7931],[130.8435,42.664,1.3984],[130.8463,42.6668,1.1419],[130.8543,42.6676,1.2374],[130.8568,42.6651,0.0],[130.8582,42.6601,0.0],[130.8649,42.6599,0.7521],[130.8701,42.6643,1.2907],[130.8763,42.6654,0.0],[130.8729,42.6704,4.5948],[130.8782,42.6726,0.0],[130.8796,42.6763,1.8138],[130.8854,42.6735,0.4916],[130.8854,42.6718,5.8817],[130.8843,42.6707,5.8817],[130.8843,42.6599,13.1671],[130.8799,42.6585,8.4082],[130.8793,42.6565,0.0],[130.8829,42.6551,0.0],[130.8851,42.6571,2.9048],[130.8885,42.6538,5.1747],[130.8929,42.654,17.491],[130.8932,42.6501,0.0],[130.896,42.6479,0.0],[130.8974,42.6479,0.0],[130.8985,42.6512,0.7149],[130.9049,42.6579,0.2501],[130.909,42.6599,0.5733],[130.9135,42.6585,0.5938],[130.914,42.6557,0.401],[130.9304,42.6579,0.6414],[130.9421,42.6574,1.8557],[130.9485,42.6515,2.6246],[130.9504,42.6385,1.0016],[130.9454,42.629,0.0],[130.9346,42.6171,0.0],[130.9293,42.6157,0.0],[130.9249,42.6124,0.0],[130.9176,42.6113,2.6289],[130.9129,42.6118,1.7476],[130.9063,42.6165,2.4794],[130.9054,42.6224,0.0],[130.9001,42.6254,18.7231],[130.8974,42.6329,2.0946],[130.8943,42.6354,4.1355],[130.8885,42.6351,12.005],[130.8857,42.6413,0.7671],[130.8699,42.6443,0.0],[130.856,42.644,5.4879],[130.8532,42.6471,0.6225],[130.8549,42.6496,0.3512],[130.8446,42.6501,2.6736],[130.8418,42.6476,3.9738],[130.8357,42.6468,3.1123],[130.8307,42.644,5.8062],[130.8196,42.6435,0.0],[130.8135,42.6396,0.0],[130.8101,42.6343,12.648],[130.8082,42.634,0.0],[130.8104,42.6315,0.0],[130.8215,42.6299,0.0],[130.8268,42.631,7.7071],[130.8299,42.626,0.0],[130.8354,42.6251,1.4147],[130.8362,42.6235,0.0],[130.8438,42.6254,0.0],[130.849,42.6204,0.0],[130.8535,42.6201,0.0],[130.8543,42.6157,2.2179],[130.8499,42.6121,3.5434],[130.8515,42.6093,0.2932],[130.8615,42.6124,4.5014],[130.8685,42.6113,0.0],[130.8718,42.6143,2.9379],[130.874,42.6143,1.2732],[130.8732,42.611,0.0],[130.8751,42.6076,4.3027],[130.8701,42.6096,3.464],[130.8585,42.6051,0.0],[130.8607,42.6024,8.7261],[130.8646,42.6046,9.6232],[130.8668,42.604,7.6282],[130.8676,42.6021,11.1303],[130.8657,42.5985,0.0],[130.8679,42.5982,5.0524],[130.8696,42.5954,0.0],[130.8774,42.5988,6.5227],[130.8821,42.5965,0.0],[130.8832,42.5988,27.4823],[130.8871,42.5979,0.6168],[130.8879,42.5951,0.0],[130.8907,42.5951,0.0],[130.896,42.599,6.1143],[130.8982,42.5979,3.5804],[130.8987,42.5938,5.7914],[130.9051,42.5971,7.1697],[130.9096,42.5949,0.0],[130.9151,42.5949,8.8646],[130.9168,42.5926,5.2286],[130.9235,42.5924,0.0],[130.9232,42.5951,0.0],[130.9285,42.6007,0.0],[130.9279,42.6057,3.1275],[130.9304,42.6057,3.5772],[130.9332,42.6104,0.0],[130.939,42.6126,4.1734],[130.9413,42.6121,4.4053],[130.9424,42.6096,0.0],[130.9482,42.6104,0.0],[130.9468,42.614,0.0],[130.941,42.6196,2.7522],[130.944,42.6251,0.4024],[130.9532,42.6285,0.5042],[130.9599,42.6288,2.1287],[130.9646,42.6321,13.4691],[130.9682,42.6304,0.0],[130.9701,42.6335,12.6873],[130.9654,42.6351,11.1314],[130.9668,42.6407,1.3847],[130.9765,42.6457,1.7683],[130.9868,42.6482,1.0094],[130.9965,42.6476,1.6196],[131.0013,42.6449,8.5077],[131.0029,42.6424,0.9919],[131.0026,42.6393,0.0],[131.0004,42.6379,5.2252],[131.0018,42.6351,0.0],[131.0065,42.6379,30.1245],[131.0082,42.6435,0.0],[131.0124,42.6415,0.0],[131.0146,42.6424,7.6367],[131.0126,42.6463,27.2404],[131.0163,42.6471,12.2529],[131.0171,42.646,0.0],[131.0199,42.6496,1.6798],[131.0287,42.6499,1.4154],[131.0296,42.6479,0.0],[131.0276,42.6454,0.0],[131.0321,42.6446,29.055],[131.0351,42.6407,10.1607],[131.0349,42.6382,26.9155],[131.0321,42.6379,19.6821],[131.0313,42.6343,0.0],[131.034,42.6329,0.0],[131.0399,42.6363,29.0694],[131.0429,42.6354,0.0],[131.0471,42.6382,1.6049],[131.0488,42.6354,0.0],[131.0513,42.6349,0.0],[131.0543,42.6382,4.8581],[131.0582,42.6385,0.0],[131.0579,42.6407,11.2308],[131.0599,42.6426,1.3925],[131.0712,42.6426,16.3839],[131.0726,42.641,0.0],[131.0721,42.6385,0.0],[131.0743,42.6365,0.0],[131.0838,42.6326,0.792],[131.0901,42.6237,0.0],[131.0971,42.6218,0.0],[131.101,42.6185,0.0],[131.1007,42.6251,18.8038],[131.0979,42.6265,38.649],[131.0938,42.6335,0.0],[131.0874,42.6338,0.0],[131.0857,42.6321,0.4033],[131.0774,42.6382,0.8638],[131.081,42.6376,0.827],[131.0832,42.6429,7.2751],[131.0851,42.644,3.5685],[131.0846,42.6463,3.2808],[131.0893,42.6488,9.2221],[131.0893,42.6529,11.6347],[131.0926,42.6563,0.0],[131.0915,42.6604,12.7038],[131.101,42.6626,4.8404],[131.0988,42.666,5.0198],[131.1026,42.6665,0.0],[131.1007,42.6682,0.0],[131.1024,42.6712,0.8854],[131.109,42.6724,2.8095],[131.1132,42.6712,1.9108],[131.1193,42.6693,1.4315],[131.1226,42.664,19.9321],[131.1199,42.6607,0.0],[131.1226,42.6599,20.9771],[131.124,42.6535,10.4215],[131.1187,42.6504,0.0],[131.1251,42.6521,18.3055],[131.1299,42.6465,2.5123],[131.1293,42.6435,21.4733],[131.1249,42.6396,2.7644],[131.1218,42.6396,4.3271],[131.1187,42.6374,0.0],[131.1218,42.6346,1.0561],[131.1246,42.6346,0.0],[131.1254,42.6385,4.0639],[131.1276,42.6387,0.0],[131.1315,42.6357,9.9676],[131.1349,42.6354,1.1234],[131.1365,42.6329,0.0],[131.1313,42.6254,25.1856],[131.126,42.6246,0.0],[131.1263,42.6232,0.0],[131.1307,42.6218,7.0342],[131.1226,42.6196,6.7119],[131.121,42.6176,25.7403],[131.1224,42.6151,0.0],[131.1268,42.6143,0.0],[131.129,42.6157,58.3893],[131.1351,42.6143,19.441],[131.1351,42.6126,0.0],[131.1382,42.6137,0.0],[131.1401,42.6113,0.0],[131.1432,42.6132,6.5437],[131.1451,42.6118,0.0],[131.1435,42.6074,12.1833],[131.1504,42.6096,4.0081],[131.1521,42.6065,4.3599],[131.1512,42.604,0.0],[131.1554,42.6021,3.2343],[131.1546,42.5976,0.2225],[131.1632,42.6026,5.7934],[131.1738,42.6029,0.0],[131.1749,42.6046,2.9733],[131.1821,42.6065,9.855],[131.186,42.6037,3.57],[131.1849,42.5996,6.4026],[131.1763,42.5962,4.2145],[131.1724,42.5896,3.6264],[131.1699,42.5887,5.1385],[131.1651,42.5824,9.6116],[131.1485,42.5838,0.0],[131.1485,42.5821,16.2377],[131.1554,42.5782,0.0],[131.1585,42.5796,9.4276],[131.1649,42.5793,28.4058],[131.1662,42.5713,12.3861],[131.1746,42.5685,11.8211],[131.1826,42.5612,42.5074],[131.1826,42.5596,0.0],[131.1888,42.561,17.7386],[131.1924,42.5601,0.0],[131.1979,42.5621,8.3822],[131.1968,42.5574,0.0],[131.1996,42.5568,13.1329],[131.2001,42.5537,0.0],[131.2024,42.5535,2.5587],[131.2029,42.5518,0.0],[131.2082,42.5524,0.0],[131.2046,42.5549,60.8785],[131.2082,42.5582,4.351],[131.216,42.5563,5.4471],[131.2168,42.554,0.0],[131.2185,42.554,0.0],[131.2199,42.5571,0.0],[131.2185,42.5604,10.5952],[131.2215,42.5632,0.0],[131.2213,42.5718,0.0],[131.2168,42.5765,27.767],[131.2135,42.5774,12.6974],[131.2171,42.5796,0.0],[131.2137,42.5801,22.1768],[131.2121,42.5849,2.1235],[131.2176,42.5851,0.0],[131.2188,42.5871,11.1179],[131.2226,42.5863,0.0],[131.2293,42.5876,7.8986],[131.2343,42.5849,0.0],[131.2337,42.5882,0.0],[131.2276,42.5915,16.1967],[131.2268,42.5935,7.3021],[131.2307,42.5949,0.0],[131.2301,42.5965,2.6751],[131.2279,42.5965,44.8179],[131.2296,42.5999,0.0],[131.2282,42.6021,1.3564],[131.2315,42.6065,3.2931],[131.2301,42.6074,0.0],[131.2268,42.6054,4.0164],[131.2251,42.6076,0.0],[131.2221,42.6065,3.2179],[131.2188,42.6101,2.46],[131.2054,42.6085,3.8479],[131.2015,42.6124,0.0],[131.2026,42.6146,0.0],[131.2004,42.6193,0.0],[131.2021,42.6221,20.1993],[131.211,42.6207,0.0],[131.2104,42.6232,18.1312],[131.2088,42.6237,51.6942],[131.2093,42.6315,0.0],[131.2046,42.6315,56.9702],[131.2038,42.6332,12.6269],[131.2001,42.6338,8.1372],[131.2018,42.6371,27.8378],[131.2065,42.6374,12.0894],[131.2085,42.6393,36.1512],[131.2137,42.6379,0.0],[131.2182,42.6421,0.0],[131.2185,42.6449,0.0],[131.209,42.6426,11.4073],[131.2076,42.644,5.4331],[131.2079,42.6485,12.1466],[131.2054,42.6493,6.9703],[131.2068,42.6524,24.5106],[131.2112,42.6518,0.0],[131.2171,42.654,2.1103],[131.2185,42.6499,0.0],[131.2243,42.6507,0.0],[131.2249,42.6587,38.9177],[131.2174,42.664,0.0],[131.2157,42.6685,7.1542],[131.2137,42.6693,13.7163],[131.2146,42.6712,11.8669],[131.2196,42.6729,0.0],[131.2254,42.6779,1.5057],[131.2282,42.6779,4.6365],[131.2343,42.676,44.3744],[131.2357,42.6721,48.4423],[131.2393,42.6712,0.0],[131.2399,42.6751,0.0],[131.244,42.6751,0.0],[131.2413,42.6763,23.2543],[131.2399,42.6851,2.8217],[131.244,42.6871,24.73],[131.2479,42.6849,0.0],[131.246,42.6871,6.8643],[131.2513,42.6907,19.2908],[131.2507,42.6924,1.6157],[131.2474,42.6921,1.3684],[131.2446,42.696,0.0],[131.2415,42.696,45.8984],[131.2385,42.6985,45.4718],[131.2363,42.7065,3.2748],[131.2429,42.709,9.1971],[131.2421,42.7246,2.8729],[131.2429,42.7262,16.2657],[131.2471,42.7274,2.0096],[131.2482,42.7296,0.0],[131.246,42.7374,0.0],[131.249,42.7396,5.1092],[131.2482,42.7429,0.0],[131.2529,42.7485,0.0],[131.2571,42.7471,21.7825],[131.2599,42.7479,12.8758],[131.2587,42.7557,0.0],[131.2574,42.7565,10.4284],[131.2582,42.7629,60.6014],[131.2554,42.7668,8.8313],[131.2571,42.7701,0.3951],[131.2629,42.7765,0.7507],[131.2679,42.7782,0.0],[131.2693,42.7804,0.0],[131.2768,42.7793,6.3582],[131.2774,42.786,1.3535],[131.2885,42.7907,1.2648],[131.3071,42.7946,0.7265],[131.3224,42.7949,0.7146],[131.3288,42.7943,1.9249],[131.3307,42.7921,10.9893],[131.336,42.7929,1.203],[131.3407,42.7912,1.9352],[131.3407,42.7849,5.9021],[131.3371,42.7818,0.0],[131.3421,42.7826,7.973],[131.3451,42.7807,0.0],[131.349,42.7807,11.6516],[131.3562,42.7738,4.9652],[131.356,42.7651,0.0],[131.3632,42.764,23.56],[131.3632,42.7743,6.4651],[131.3707,42.7765,9.0229],[131.3765,42.7757,2.0643],[131.3782,42.7774,1.8325],[131.3699,42.7788,19.6943],[131.3613,42.7871,0.0],[131.3499,42.7876,1.4155],[131.3474,42.7921,1.4971],[131.3474,42.7979,2.0959],[131.3488,42.8004,7.3657],[131.3551,42.8032,0.0],[131.3579,42.8063,0.0],[131.3535,42.8079,6.3276],[131.3526,42.8124,0.0],[131.3643,42.8276,0.5081],[131.3679,42.829,0.0],[131.3707,42.8338,0.749],[131.384,42.8429,3.7374],[131.3893,42.8449,8.5482],[131.3943,42.8429,4.8631],[131.4138,42.846,3.3818],[131.4118,42.8485,29.8394],[131.4193,42.8499,0.0],[131.4263,42.8576,18.1533],[131.431,42.8563,0.0],[131.4299,42.859,0.0],[131.4329,42.8618,5.0563],[131.4371,42.8613,0.0],[131.4401,42.8626,0.0],[131.4424,42.8607,0.0],[131.4449,42.861,0.0],[131.449,42.8657,8.6073],[131.4535,42.8674,0.0],[131.4543,42.871,0.0],[131.4593,42.876,6.3651],[131.466,42.8774,9.2082],[131.4685,42.8763,0.0],[131.4685,42.8796,18.207],[131.471,42.8821,0.0],[131.4707,42.884,0.0],[131.4682,42.884,0.0],[131.4629,42.8838,0.0],[131.4612,42.8807,0.0],[131.4546,42.8815,3.5061],[131.4535,42.8804,35.4005],[131.4521,42.8821,0.0],[131.4518,42.8804,35.4005],[131.4421,42.876,0.9317],[131.4432,42.8721,7.8027],[131.4393,42.8743,0.0],[131.4382,42.8713,16.9442],[131.4304,42.8696,0.0],[131.4251,42.8707,4.131],[131.4246,42.874,7.5213],[131.4218,42.876,0.0],[131.404,42.8746,0.0],[131.3976,42.871,0.0],[131.396,42.8782,0.0],[131.389,42.8715,0.0],[131.3865,42.8713,0.6476],[131.3862,42.8757,1.5962],[131.3924,42.8793,0.0],[131.3987,42.8851,0.0],[131.399,42.8871,17.6357],[131.401,42.8871,0.0],[131.4007,42.8887,0.0],[131.4043,42.8904,0.0],[131.4043,42.8926,16.2951],[131.409,42.8974,14.9564],[131.4093,42.9074,18.6825],[131.4049,42.9101,56.5049],[131.4004,42.9107,0.0],[131.3896,42.9096,0.0],[131.3882,42.906,-0.1921],[131.3951,42.9082,1.4714],[131.3938,42.9007,1.1436],[131.3907,42.8988,2.1981],[131.3868,42.9065,1.27],[131.3874,42.9115,10.0513],[131.3804,42.9115,6.3129],[131.3785,42.9151,0.3498],[131.379,42.9229,4.0912],[131.384,42.9296,0.0],[131.3815,42.9313,0.0],[131.3782,42.9296,2.2095],[131.3751,42.9315,3.5556],[131.374,42.9354,0.961],[131.3687,42.9354,1.3493],[131.3704,42.941,2.5782],[131.374,42.9446,6.9244],[131.3818,42.9463,0.2561],[131.394,42.9535,0.9248],[131.4007,42.9535,0.2686],[131.4049,42.9518,0.7244],[131.406,42.9482,0.0],[131.4099,42.946,2.265],[131.4107,42.9418,1.8677],[131.4182,42.941,1.4535],[131.4207,42.939,10.9603],[131.4212,42.9357,15.4824],[131.4254,42.9326,5.9639],[131.4324,42.934,17.9662],[131.4335,42.9301,13.0298],[131.4315,42.9263,0.0],[131.4415,42.9257,9.2165],[131.4449,42.9271,13.1763],[131.4474,42.9254,0.0],[131.4538,42.9254,0.0],[131.4538,42.9324,0.0],[131.456,42.9346,0.0],[131.461,42.9349,0.0],[131.4621,42.9368,0.0],[131.4612,42.9407,27.2436],[131.4632,42.9424,14.8155],[131.4649,42.9418,0.0],[131.4746,42.946,8.7169],[131.4796,42.9435,0.0],[131.4849,42.9435,3.7934],[131.4904,42.9393,2.3003],[131.4913,42.9415,0.0],[131.5029,42.9446,5.4948],[131.5063,42.9474,0.0],[131.5071,42.951,17.4525],[131.5051,42.9526,45.6613],[131.504,42.9579,25.1924],[131.5021,42.9582,9.0108],[131.5007,42.9632,2.4405],[131.5018,42.9676,0.0],[131.4976,42.9712,0.0],[131.4957,42.969,0.0],[131.4918,42.9696,4.4068],[131.4896,42.9729,0.882],[131.4913,42.9801,0.0],[131.4951,42.9815,0.0],[131.496,42.9846,0.5922],[131.494,42.9849,0.6035],[131.4857,42.9787,11.0349],[131.4815,42.9779,2.9319],[131.459,42.981,0.0],[131.4504,42.9804,3.4861],[131.4451,42.9771,0.0],[131.4396,42.9765,0.6916],[131.4354,42.9707,7.1979],[131.4249,42.9668,2.367],[131.4135,42.969,0.0151],[131.4154,42.9751,0.1074],[131.4149,42.9801,1.0647],[131.4168,42.9826,2.2821],[131.426,42.9826,0.8862],[131.4288,42.986,1.0587],[131.4321,42.9846,1.2842],[131.4351,42.9854,0.8026],[131.4357,42.9829,0.3493],[131.4487,42.984,2.0227],[131.4568,42.9821,4.5466],[131.4738,42.9813,0.0],[131.4854,42.9882,0.125],[131.4851,42.994,2.3346],[131.4893,42.9976,0.7079],[131.4932,42.9968,0.0],[131.4962,42.9996,0.0],[131.4962,43.0035,1.5396],[131.4999,43.0065,1.9664],[131.4976,43.0074,0.0],[131.4949,43.0029,0.0],[131.4924,43.0026,0.0],[131.4879,43.0079,2.4152],[131.4913,43.0062,0.0],[131.5001,43.009,0.3532],[131.5021,43.0074,0.7976],[131.5065,43.0104,1.0801],[131.5076,43.0135,0.0],[131.5143,43.0151,0.0],[131.524,43.0146,2.0791],[131.5363,43.0107,2.7103],[131.5426,43.0029,1.1328],[131.5451,43.0043,1.4432],[131.5457,43.0082,1.4712],[131.5476,43.0082,0.0],[131.5482,43.0037,0.0],[131.5415,43.0004,0.0],[131.5429,42.9968,15.7933],[131.5382,42.9938,7.0418],[131.5368,42.9899,1.4232],[131.564,42.9982,1.4411],[131.5688,42.9976,3.5371],[131.5732,42.9993,0.0],[131.5765,43.004,24.6392],[131.5776,43.0151,0.0],[131.5604,43.0213,2.4216],[131.5568,43.0262,0.4753],[131.5582,43.0343,7.038],[131.5665,43.0435,1.8752],[131.576,43.049,3.08],[131.5821,43.051,1.9324],[131.5874,43.0493,2.4297],[131.5918,43.0515,0.0],[131.5901,43.0529,5.9989],[131.5904,43.0565,8.0191],[131.6065,43.0657,0.0],[131.6054,43.0676,8.0825],[131.6071,43.0715,0.6093],[131.6146,43.0779,0.0],[131.6176,43.0876,3.1682],[131.624,43.0954,0.0],[131.6496,43.1074,0.0],[131.6557,43.121,0.0],[131.6751,43.1418,0.6379],[131.6821,43.146,23.5462],[131.686,43.154,2.4185],[131.6951,43.1649,0.0],[131.6954,43.1696,1.4622],[131.6985,43.174,1.4242],[131.6982,43.1804,1.3694],[131.6951,43.186,0.0],[131.6943,43.1829,0.2701],[131.6899,43.1804,0.0],[131.6862,43.1738,0.0],[131.6718,43.1704,0.0],[131.6665,43.1624,1.6879],[131.6604,43.1626,0.0],[131.6604,43.1579,6.9395],[131.6546,43.1551,2.0374],[131.6446,43.1546,1.0637],[131.6371,43.1565,0.7641],[131.6337,43.1607,1.0543],[131.6332,43.1701,0.0],[131.639,43.1715,1.374],[131.6449,43.1696,0.4025],[131.6468,43.1724,1.0989],[131.6543,43.1724,6.7061],[131.6582,43.1696,0.6739],[131.6685,43.1696,0.4113],[131.6751,43.1746,0.0],[131.6763,43.1801,0.0],[131.6779,43.181,2.1992],[131.6771,43.1849,0.0],[131.6749,43.186,5.1523],[131.6782,43.1888,0.0],[131.6749,43.1924,0.0],[131.6754,43.1951,0.3252],[131.6776,43.1968,0.3881],[131.6807,43.1963,1.4832],[131.681,43.1979,0.9926],[131.6821,43.1951,0.2258],[131.6851,43.1954,0.0],[131.684,43.1996,1.0087],[131.6865,43.2026,2.188],[131.6935,43.2021,2.2458],[131.7115,43.1865,2.1371],[131.7124,43.1807,0.2235],[131.7149,43.1793,0.3829],[131.7149,43.1763,0.0],[131.7168,43.1735,0.0],[131.721,43.1718,0.0],[131.721,43.1701,0.0],[131.7257,43.1693,10.5385],[131.7276,43.1618,0.0],[131.7379,43.1596,0.0],[131.7432,43.1626,12.1678],[131.7465,43.1624,0.0],[131.7501,43.1729,4.8235],[131.7582,43.1757,17.7172],[131.7707,43.1765,0.0],[131.7779,43.1787,0.0],[131.7735,43.189,0.0],[131.7624,43.1979,0.0],[131.7421,43.2004,2.8756],[131.7251,43.2004,2.8641],[131.7235,43.1993,2.8641],[131.7154,43.2012,1.0454],[131.701,43.199,0.2105],[131.6949,43.2043,0.9082],[131.6976,43.2068,0.5245],[131.7012,43.2068,0.0],[131.7057,43.2096,0.0],[131.7165,43.2085,0.0],[131.719,43.2104,0.0],[131.7249,43.2099,0.3062],[131.7274,43.2129,0.0],[131.7246,43.2151,1.4519],[131.7243,43.2176,1.1214],[131.7296,43.2243,1.0768],[131.7329,43.2193,0.1938],[131.7418,43.2182,0.0],[131.744,43.219,0.0],[131.7432,43.2221,1.2659],[131.7457,43.2212,0.2104],[131.7479,43.224,32.6995],[131.7532,43.2265,0.0],[131.7554,43.226,0.0],[131.7557,43.2293,2.2424],[131.7607,43.2332,0.0],[131.7632,43.246,1.5748],[131.7665,43.2479,8.0728],[131.7676,43.2513,7.7982],[131.7671,43.2532,0.0],[131.7582,43.2579,6.7936],[131.759,43.2629,1.9745],[131.7571,43.2657,5.8667],[131.7604,43.271,0.0],[131.7576,43.2729,9.6372],[131.7587,43.279,4.4131],[131.7576,43.2821,11.4672],[131.7587,43.2829,0.0],[131.7565,43.2871,0.0],[131.7565,43.291,0.0651],[131.7615,43.2949,-0.0525],[131.7707,43.2971,0.0],[131.7707,43.2999,0.0],[131.7729,43.3013,0.0],[131.7615,43.3182,0.5641],[131.7576,43.329,1.0065],[131.7587,43.336,0.3034],[131.7551,43.3479,0.0299],[131.7576,43.3468,0.0138],[131.7582,43.3404,0.4217],[131.7612,43.3396,-0.2785],[131.7615,43.334,-0.0306],[131.7629,43.3329,0.0],[131.7704,43.3393,0.0],[131.7707,43.3426,0.0],[131.7685,43.3454,-0.0645],[131.7696,43.3524,0.0746],[131.7701,43.351,0.0489],[131.7693,43.3454,-0.0009],[131.771,43.3443,-0.003],[131.7754,43.3479,-0.0156],[131.77757870280738,43.353381897386271,0.0]]]]}}