{"type":"Feature","properties":{"GID_3":"RUS.35.55.1_1","GID_0":"RUS","country":"Russia","GID_1":"RUS.35_1","province":"Krasnoyarsk","NL_NAME_1":"Красноярскийкрай","GID_2":"RUS.35.55_1","county":"Ust'-Yeniseyskiyrayon","NL_NAME_2":"Усть-Енисейскийрайон","city":"NA","VARNAME_3":"NA","NL_NAME_3":"NA","TYPE_3":"NA","ENGTYPE_3":"NA","CC_3":"NA","HASC_3":"NA","name":"N_A.city"},
"geometry":{"type": "MultiPolygon","coordinates": [[[[83.587,70.363,0.3696],[83.5854,70.3646,1.3379],[83.5792,70.3646,1.513],[83.5729,70.3667,0.7474],[83.5604,70.3625,2.8184],[83.525,70.3625,0.6352],[83.5214,70.3588,3.7515],[83.5625,70.3583,0.0],[83.5667,70.3604,0.0],[83.5771,70.3604,0.0],[83.587,70.363,0.3696]]],
[[[83.6333,70.4104,0.0],[83.638,70.4141,1.249],[83.6536,70.4172,0.0],[83.6599,70.4234,1.4447],[83.6568,70.4266,2.3095],[83.6599,70.4287,0.7857],[83.65,70.4333,1.1386],[83.6417,70.4333,1.7999],[83.6318,70.4307,1.8242],[83.6224,70.4234,2.6554],[83.6151,70.4224,0.2896],[83.6104,70.4187,3.5181],[83.6,70.4187,0.3174],[83.5958,70.4167,1.2146],[83.5854,70.4167,0.3653],[83.5813,70.4146,1.3241],[83.5729,70.4146,1.802],[83.5687,70.4167,0.957],[83.5479,70.4167,0.507],[83.5188,70.4083,4.0109],[83.5146,70.4083,0.4164],[83.5099,70.4047,4.2855],[83.5005,70.4036,0.0],[83.4724,70.3776,3.4557],[83.4651,70.3766,0.4606],[83.4604,70.3729,2.1571],[83.45,70.3729,0.7846],[83.4401,70.3703,0.4955],[83.4432,70.3672,2.4869],[83.4375,70.3667,1.7742],[83.4318,70.3641,0.3209],[83.4255,70.3578,2.8769],[83.4287,70.3547,2.1273],[83.4213,70.3536,0.5639],[83.4193,70.3505,0.9434],[83.425,70.3479,0.4122],[83.4521,70.3479,-0.021],[83.4563,70.35,2.9748],[83.4792,70.35,0.1036],[83.4974,70.3547,0.0853],[83.4943,70.3578,1.4832],[83.4984,70.362,0.2993],[83.5083,70.3646,4.1436],[83.5313,70.3646,0.0],[83.5437,70.3688,3.9168],[83.5687,70.3708,0.0],[83.5755,70.3745,2.5386],[83.5828,70.3755,0.8585],[83.5859,70.3786,3.8053],[83.6016,70.3818,0.3541],[83.6036,70.3849,1.6162],[83.5964,70.388,0.7639],[83.5974,70.3912,0.4482],[83.5964,70.3932,1.2925],[83.6036,70.3943,0.0],[83.6005,70.3974,1.5913],[83.6047,70.4016,1.4001999999999999],[83.6271,70.4063,0.0],[83.6333,70.4104,0.0]]],
[[[83.7953,70.4391,2.3225],[83.7917,70.4396,0.4868],[83.7901,70.438,2.7674],[83.7937,70.4375,0.5551],[83.7953,70.4391,2.3225]]],
[[[82.325,72.3104,1.8224],[82.3195,72.3104,1.6301],[82.3053,72.2829,1.5125],[82.2487,72.258,0.6335],[82.2484,72.2568,0.0],[82.2557,72.2536,5.7863],[82.2547,72.2505,0.0],[82.2562,72.25,0.0],[82.2625,72.25,9.3045],[82.2771,72.2438,0.0],[82.2911,72.2432,19.1744],[82.2901,72.2401,0.0],[82.3151,72.2276,0.0],[82.3271,72.2229,0.0],[82.3349,72.2224,21.0888],[82.3339,72.2193,0.0],[82.3495,72.212,20.5768],[82.3484,72.2089,0.0],[82.3578,72.2078,18.3656],[82.3547,72.2026,0.0],[82.362,72.1995,0.0],[82.3609,72.1964,0.0],[82.3682,72.1932,9.17],[82.3672,72.1901,0.0],[82.3703,72.188,11.301],[82.3672,72.1859,0.0],[82.3724,72.1849,15.7666],[82.3693,72.1818,0.0],[82.3766,72.1787,14.2069],[82.3693,72.1755,0.0],[82.3724,72.1745,0.0],[82.3714,72.1713,0.0],[82.3745,72.1703,0.0],[82.3734,72.1672,0.0],[82.3766,72.1661,2.1439],[82.3714,72.1609,0.0],[82.3786,72.1568,2.3093],[82.3745,72.1526,1.3943],[82.3672,72.1516,0.0],[82.3745,72.1474,1.9743],[82.3693,72.1432,1.9508],[82.3724,72.1401,2.1282],[82.3651,72.1391,0.0],[82.3682,72.1359,2.0169],[82.3588,72.1349,0.0],[82.3547,72.1307,0.0],[82.3578,72.1276,1.8858],[82.3516,72.1214,2.1309],[82.3375,72.1167,1.9091],[82.3297,72.1162,0.0],[82.325,72.1125,2.2626],[82.3146,72.1125,0.0],[82.3104,72.1104,3.8404],[82.3,72.1104,10.1608],[82.2958,72.1125,5.5149],[82.2792,72.1125,3.5146],[82.2693,72.1099,0.0],[82.2672,72.1068,27.0058],[82.2703,72.1047,42.4722],[82.2672,72.1036,48.8717],[82.2651,72.1005,32.377],[82.2682,72.0995,58.7255],[82.2672,72.0964,17.2145],[82.2703,72.0953,20.2314],[82.2693,72.0922,0.0],[82.2833,72.0854,0.0],[82.2917,72.0854,0.0],[82.2958,72.0833,0.0],[82.3083,72.0833,21.9112],[82.3125,72.0813,0.0],[82.3271,72.0813,24.4476],[82.3354,72.0771,0.0],[82.3479,72.0771,10.6617],[82.3521,72.075,0.0],[82.3604,72.075,0.0],[82.3646,72.0729,0.0],[82.3771,72.0729,5.5244],[82.3917,72.0687,0.0],[82.4,72.0687,8.4057],[82.4083,72.0646,0.0],[82.4208,72.0646,10.453],[82.4224,72.063,10.5274],[82.4193,72.0589,0.0],[82.4333,72.0583,0.0],[82.4349,72.0578,0.0],[82.4339,72.0547,0.0],[82.4437,72.0542,0.0],[82.4521,72.05,0.0],[82.4599,72.0495,5.5004],[82.4776,72.0401,0.0],[82.487,72.0391,0.0],[82.5026,72.0318,0.0],[82.512,72.0307,11.6645],[82.5339,72.0193,0.0],[82.5432,72.0182,2.9797],[82.5516,72.0141,9.3562],[82.5505,72.0109,0.0],[82.5599,72.0099,17.1828],[82.5526,72.0068,0.0],[82.562,72.0057,0.0],[82.5787,71.9974,9.2948],[82.5776,71.9943,0.0],[82.587,71.9932,16.955],[82.5859,71.9901,0.0],[82.5974,71.9849,10.2754],[82.5964,71.9818,0.0],[82.6036,71.9786,15.2381],[82.6026,71.9755,0.0],[82.6099,71.9724,12.0838],[82.6088,71.9693,0.0],[82.612,71.9682,0.0],[82.6109,71.9651,0.0],[82.6203,71.9641,20.0573],[82.6193,71.9609,4.3743],[82.6224,71.9599,28.7468],[82.6214,71.9568,5.6651],[82.6245,71.9557,28.7083],[82.6214,71.9526,0.0],[82.6266,71.9516,37.0726],[82.6234,71.9495,12.3805],[82.6266,71.9474,36.3056],[82.6255,71.9443,0.0],[82.637,71.9391,19.8023],[82.6359,71.9359,0.0],[82.6443,71.9318,0.0],[82.6536,71.9307,13.8736],[82.6526,71.9276,0.0],[82.6641,71.9224,20.8046],[82.663,71.9193,0.0],[82.6703,71.9161,21.7479],[82.663,71.913,0.0],[82.6724,71.912,14.3351],[82.6713,71.9089,0.5868],[82.6771,71.9063,2.08],[82.6833,71.9083,2.1811],[82.6958,71.9083,1.3727],[82.7,71.9104,9.1356],[82.7042,71.9104,3.2649],[82.7104,71.9146,16.3566],[82.7208,71.9146,1.4165],[82.7224,71.913,1.8935],[82.7193,71.9109,3.964],[82.7224,71.9089,19.1106],[82.7193,71.9047,2.2095],[82.7208,71.9042,2.1596],[82.7312,71.9063,8.2626],[82.7458,71.9021,0.0],[82.7854,71.9021,3.8046],[82.7896,71.9,0.0],[82.8042,71.9,0.8107],[82.8057,71.8984,1.6864],[82.7979,71.8979,1.884],[82.7963,71.8964,1.3144],[82.8063,71.8917,0.0],[82.8125,71.8938,1.6386],[82.825,71.8938,1.0509],[82.8292,71.8958,1.3355],[82.8521,71.8958,0.872],[82.8667,71.8917,0.0],[82.8875,71.8917,6.5573],[82.9021,71.8875,0.0],[82.9354,71.8875,25.0665],[82.9396,71.8854,0.0],[83.0,71.8854,5.0744],[83.0042,71.8833,0.0],[83.0708,71.8833,0.0],[83.075,71.8812,0.0],[83.1083,71.8812,7.6926],[83.1125,71.8792,0.0],[83.1333,71.8792,12.7488],[83.1375,71.8771,0.0],[83.1687,71.875,0.8899],[83.1729,71.8729,0.0],[83.1917,71.8729,8.9916],[83.2,71.8688,0.0],[83.2083,71.8688,9.4173],[83.2167,71.8646,0.8884],[83.2245,71.8641,3.1275],[83.2234,71.8609,0.137],[83.2312,71.8604,0.5842],[83.2396,71.8562,0.3681],[83.2479,71.8583,0.9834],[83.2562,71.8542,0.3082],[83.2708,71.8542,1.9529],[83.275,71.8521,0.4094],[83.2875,71.8521,1.7279],[83.2917,71.85,0.2809],[83.3042,71.85,2.1206],[83.3083,71.8479,0.3205],[83.3167,71.8479,0.4007],[83.3208,71.8458,0.2067],[83.3333,71.8458,8.6756],[83.3458,71.8396,-0.2447],[83.3583,71.8396,6.0191],[83.3667,71.8354,0.0029],[83.3766,71.8349,3.9227],[83.388,71.8276,0.0],[83.3995,71.8266,11.2045],[83.4161,71.8182,3.6087],[83.413,71.8151,0.0],[83.4229,71.8146,1.3471],[83.4287,71.812,21.3993],[83.4255,71.8089,-0.2633],[83.4411,71.8016,37.6919],[83.4401,71.7984,0.1948],[83.4474,71.7953,6.6402],[83.4464,71.7922,-0.1639],[83.4521,71.7896,0.5806],[83.4599,71.7891,23.7911],[83.4547,71.7839,0.1049],[83.462,71.7807,3.7022],[83.4589,71.7755,0.1179],[83.462,71.7745,2.8196],[83.4609,71.7714,1.7006],[83.4641,71.7693,3.3803],[83.4583,71.7667,0.512],[83.4526,71.7662,0.0],[83.4599,71.7609,2.497],[83.4526,71.7557,0.255],[83.4557,71.7526,2.5226],[83.4516,71.7484,2.338],[83.4458,71.7458,1.5961],[83.4318,71.7432,0.0],[83.4333,71.7417,0.4636],[83.4396,71.7417,0.9713],[83.4453,71.7391,0.2973],[83.438,71.7318,0.2658],[83.4464,71.7276,0.1523],[83.4542,71.7271,1.5837],[83.4583,71.725,0.7901],[83.4792,71.725,1.6159],[83.4807,71.7245,2.0197],[83.4797,71.7214,1.1862],[83.4818,71.7193,0.7151],[83.4875,71.7167,0.3597],[83.4958,71.7167,1.1307],[83.5,71.7146,0.6192],[83.5271,71.7104,8.1371],[83.5328,71.7078,6.9481],[83.5318,71.7047,0.4095],[83.5401,71.7005,0.2697],[83.5495,71.6995,14.3965],[83.5484,71.6964,0.0],[83.5578,71.6953,31.2559],[83.5568,71.6922,0.0],[83.5646,71.6917,13.0688],[83.5797,71.6839,1.9131],[83.5891,71.6828,30.2977],[83.5859,71.6797,0.0],[83.6016,71.6724,0.0],[83.6005,71.6693,0.0],[83.6099,71.6682,0.0],[83.6682,71.6391,6.1514],[83.6745,71.6349,15.6838],[83.6734,71.6318,0.0],[83.6849,71.6266,27.8608],[83.6839,71.6234,2.5607],[83.687,71.6224,12.9835],[83.6859,71.6193,0.0],[83.6911,71.6162,13.0405],[83.6859,71.6088,5.0958],[83.6891,71.6078,11.5649],[83.688,71.6005,26.4428],[83.6911,71.5984,11.4396],[83.6839,71.5974,6.8727],[83.687,71.5953,27.9178],[83.6849,71.5922,39.4174],[83.6771,71.5917,0.0],[83.6734,71.5891,0.0],[83.6766,71.587,0.9864],[83.6755,71.5839,6.6898],[83.6787,71.5818,14.1226],[83.6729,71.5792,3.9796],[83.6672,71.5787,2.1746],[83.662,71.5734,2.4993],[83.6589,71.5724,2.6612],[83.662,71.5703,2.6613],[83.6609,71.5672,2.5337],[83.6641,71.5651,2.724],[83.6484,71.5641,2.7912],[83.6516,71.5609,0.0],[83.6484,71.5568,0.0],[83.6516,71.5547,7.0782],[83.6479,71.5521,3.0529],[83.6401,71.5516,0.0],[83.6417,71.55,0.0],[83.6495,71.5495,27.2114],[83.6422,71.5411,0.0],[83.6432,71.538,2.3107],[83.6359,71.537,0.0],[83.6339,71.5349,0.0],[83.637,71.5328,11.34],[83.6349,71.5297,20.5649],[83.6286,71.5255,7.6246],[83.6214,71.5245,0.0],[83.6193,71.5214,0.0],[83.6224,71.5193,18.143],[83.6193,71.5182,2.6286],[83.6141,71.513,22.9836],[83.5964,71.5099,0.0],[83.5995,71.5068,23.6441],[83.5922,71.5057,22.03],[83.5875,71.5021,25.3767],[83.5734,71.5016,0.0],[83.5766,71.4995,18.0507],[83.575,71.4979,29.5934],[83.5625,71.4979,6.7169],[83.5563,71.4938,12.6277],[83.5396,71.4938,0.0],[83.525,71.4896,27.6651],[83.5146,71.4896,0.0],[83.4917,71.4833,23.4683],[83.4812,71.4833,13.5382],[83.4729,71.4792,43.8087],[83.4563,71.4792,11.4894],[83.4474,71.4734,37.8925],[83.4401,71.4724,12.1408],[83.4432,71.4693,34.2098],[83.4359,71.4682,0.0],[83.4391,71.4651,15.9275],[83.4359,71.4641,0.0],[83.4297,71.4578,0.6746],[83.4328,71.4547,2.1671],[83.4234,71.4537,0.5989],[83.4307,71.4484,1.7703],[83.425,71.4479,0.0],[83.4234,71.4464,0.0],[83.4292,71.4437,0.0],[83.437,71.4432,3.5038],[83.4328,71.438,1.09],[83.4255,71.4328,0.0],[83.4287,71.4297,6.1075],[83.4229,71.4292,0.9418],[83.4172,71.4266,0.0],[83.4151,71.4245,0.0],[83.4182,71.4224,16.5651],[83.4161,71.4193,30.8936],[83.4104,71.4187,8.5257],[83.4047,71.4161,2.2077],[83.3984,71.4099,0.0],[83.4016,71.4068,27.0034],[83.3922,71.4057,0.0],[83.3953,71.4036,0.0],[83.3922,71.3984,0.0],[83.3953,71.3974,9.0085],[83.3943,71.3943,15.4968],[83.3974,71.3932,26.3601],[83.3964,71.3901,10.4307],[83.3974,71.388,23.9864],[83.3943,71.3839,0.0],[83.3974,71.3818,0.0],[83.3901,71.3755,0.0],[83.4016,71.3745,19.5526],[83.3943,71.3672,0.0],[83.4036,71.3662,43.4799],[83.3984,71.3588,0.0],[83.4036,71.3547,17.4284],[83.3745,71.3297,22.7549],[83.3588,71.3266,5.316],[83.362,71.3234,32.0341],[83.3526,71.3224,4.0883],[83.3453,71.3151,19.9068],[83.3422,71.3141,7.9649],[83.338,71.3099,0.0],[83.3411,71.3068,34.128],[83.3297,71.2974,2.9576],[83.3328,71.2943,16.2512],[83.3255,71.2932,15.7231],[83.3182,71.288,18.5131],[83.3109,71.287,14.3693],[83.3141,71.2849,35.7864],[83.3125,71.2833,54.921],[83.3063,71.2854,0.2119],[83.3026,71.2849,0.0],[83.3099,71.2807,51.2373],[83.3083,71.2792,59.4515],[83.3021,71.2792,56.496],[83.2979,71.2771,24.9888],[83.2813,71.2771,0.0],[83.275,71.2729,43.2755],[83.2688,71.2729,37.8418],[83.2505,71.2682,21.8168],[83.2458,71.2646,40.1949],[83.2396,71.2646,17.6518],[83.2214,71.2599,17.7026],[83.2146,71.2542,28.3722],[83.2021,71.2542,1.5466],[83.1922,71.2516,0.0],[83.1875,71.2479,3.4783],[83.175,71.2479,0.0],[83.1734,71.2464,2.484],[83.1766,71.2443,7.9991],[83.1609,71.2412,0.8968],[83.1641,71.2391,15.0331],[83.163,71.2359,32.1731],[83.1641,71.2338,19.7861],[83.1583,71.2333,0.0],[83.1568,71.2318,0.0],[83.1646,71.2312,0.0],[83.1703,71.2286,13.2085],[83.1693,71.2255,3.3083],[83.1766,71.2224,16.6454],[83.1755,71.2193,0.0],[83.1974,71.2078,0.0],[83.1964,71.2047,0.0],[83.1995,71.2037,0.0],[83.1984,71.2005,0.0],[83.2078,71.1995,26.041],[83.212,71.1974,27.7915],[83.2109,71.1943,0.0],[83.2182,71.1911,11.99],[83.2172,71.188,4.3706],[83.2266,71.187,54.3939],[83.2214,71.1828,3.3968],[83.2245,71.1807,18.4865],[83.2234,71.1776,0.0],[83.2292,71.175,0.0],[83.237,71.1745,27.6904],[83.2359,71.1713,0.0],[83.2432,71.1682,34.4485],[83.2422,71.1651,0.0],[83.2453,71.1641,0.0],[83.2422,71.1609,0.0],[83.2578,71.1599,7.2909],[83.2562,71.1583,19.7205],[83.2505,71.1578,0.0],[83.2536,71.1557,3.2306],[83.2526,71.1526,0.0],[83.262,71.1516,26.6765],[83.2568,71.1443,0.0],[83.2662,71.1391,23.7938],[83.2651,71.1359,0.0],[83.2724,71.1328,20.0085],[83.2693,71.1276,0.0],[83.2724,71.1255,4.6769],[83.2693,71.1234,0.0],[83.2807,71.1182,2.075],[83.2766,71.113,0.1098],[83.2693,71.112,1.9088],[83.2672,71.1099,2.3465],[83.2693,71.1068,1.0879],[83.2766,71.1068,1.1234],[83.2833,71.1125,1.9369],[83.2932,71.112,1.6166],[83.2891,71.1068,1.5845],[83.2714,71.1036,1.0696],[83.2693,71.1016,0.9784],[83.2724,71.0995,2.5064],[83.2708,71.0979,1.7132],[83.2625,71.0979,2.0997],[83.2583,71.1,0.9235],[83.2484,71.0995,1.2439],[83.2516,71.0964,2.6731],[83.2417,71.0896,0.5691],[83.238,71.0901,0.0],[83.2229,71.0979,0.8935],[83.1964,71.0984,0.0],[83.1922,71.1005,1.1232],[83.1932,71.1036,0.8674],[83.1818,71.1088,0.5698],[83.1849,71.112,0.0],[83.1776,71.1151,0.8745],[83.1787,71.1182,0.3679],[83.1771,71.1188,0.2138],[83.1672,71.1182,0.5583],[83.1703,71.1151,0.9064],[83.1672,71.1141,0.857],[83.1651,71.1109,0.5665],[83.1682,71.1099,0.4749],[83.1672,71.1068,0.5227],[83.1703,71.1057,0.649],[83.1693,71.1026,0.4707],[83.1849,71.0953,1.5831],[83.1818,71.0922,0.0],[83.1891,71.0891,0.9188],[83.188,71.0859,0.0],[83.1911,71.0849,0.8873],[83.1901,71.0818,0.0],[83.1974,71.0787,1.6368],[83.1964,71.0755,1.3212],[83.1995,71.0745,0.5915],[83.1964,71.0714,0.0],[83.2078,71.0661,1.4923],[83.2068,71.063,0.0],[83.2286,71.062,0.7943],[83.2266,71.0589,0.0],[83.2208,71.0583,0.0],[83.2193,71.0568,0.0],[83.2521,71.0563,2.7069],[83.2562,71.0542,0.0],[83.2979,71.0542,0.9773],[83.3021,71.0563,0.9867],[83.3057,71.0557,1.3795],[83.3026,71.0505,0.0],[83.312,71.0495,1.8456],[83.3208,71.0437,0.0],[83.3287,71.0432,10.1005],[83.3276,71.0401,0.0],[83.3292,71.0396,0.0],[83.3354,71.0396,20.4589],[83.3422,71.0359,2.4391],[83.35,71.0354,15.2253],[83.3542,71.0333,1.6978],[83.3604,71.0333,7.5118],[83.3714,71.0276,0.0],[83.3807,71.0266,29.2217],[83.3849,71.0245,17.5901],[83.3839,71.0214,8.0012],[83.3912,71.0182,10.0734],[83.3943,71.0151,0.0],[83.4036,71.0141,24.3182],[83.4026,71.0109,0.0],[83.4068,71.0089,0.0],[83.4146,71.0083,18.541],[83.4203,71.0057,30.1409],[83.4193,71.0026,10.4207],[83.4266,70.9995,20.6007],[83.4213,70.9943,0.0],[83.4307,70.9932,0.0],[83.4297,70.9901,0.0],[83.4328,70.9891,0.0],[83.4318,70.9859,0.0],[83.4349,70.9849,2.8449],[83.4339,70.9818,0.0],[83.4432,70.9807,30.7976],[83.4422,70.9776,3.9328],[83.4474,70.9745,0.0],[83.4464,70.9714,0.0],[83.4521,70.9688,0.0],[83.4599,70.9682,2.0141],[83.4568,70.963,0.0],[83.4641,70.9599,3.0502],[83.463,70.9568,10.575],[83.4641,70.9547,25.2696],[83.4568,70.9464,0.0],[83.4599,70.9453,29.4014],[83.4589,70.9422,0.0],[83.462,70.9411,31.484],[83.4641,70.9391,39.9905],[83.463,70.9359,16.0045],[83.4661,70.9349,22.5289],[83.463,70.9307,0.0],[83.4661,70.9287,0.0],[83.4651,70.9255,0.0],[83.4745,70.9203,25.0647],[83.4734,70.9172,9.4623],[83.4828,70.9161,30.8195],[83.4755,70.913,0.0],[83.4828,70.9099,19.0272],[83.4818,70.9068,0.0],[83.487,70.9036,0.0],[83.4859,70.9005,0.0],[83.4953,70.8995,0.0],[83.4995,70.8974,20.2601],[83.4984,70.8943,0.0],[83.5057,70.8912,20.992],[83.5047,70.888,0.0],[83.5078,70.8859,0.0],[83.5047,70.8839,0.0],[83.5141,70.8828,0.0],[83.5432,70.8682,3.099],[83.5401,70.8651,0.0],[83.5474,70.8609,3.6323],[83.538,70.8516,0.0],[83.5391,70.8484,0.0],[83.538,70.8464,0.0],[83.5411,70.8443,20.7734],[83.5359,70.8391,0.0],[83.5391,70.8359,4.6442],[83.5359,70.8339,0.0],[83.5391,70.8328,10.7109],[83.538,70.8297,12.981],[83.5411,70.8276,17.017],[83.538,70.8234,0.0],[83.5479,70.8187,0.0],[83.5557,70.8182,23.895],[83.5505,70.813,0.0],[83.5599,70.812,18.6631],[83.5589,70.8089,2.7411],[83.5703,70.8037,30.4619],[83.5693,70.8005,1.8426],[83.5787,70.7953,7.6857],[83.5776,70.7922,0.0],[83.5807,70.7901,9.3324],[83.5776,70.7859,0.0],[83.5833,70.7833,0.0],[83.5911,70.7828,26.9909],[83.5859,70.7776,0.0],[83.5891,70.7766,30.4439],[83.588,70.7734,0.0],[83.5911,70.7724,26.3651],[83.5901,70.7693,0.0],[83.5953,70.7662,4.5029],[83.5943,70.763,3.1058],[83.5974,70.7609,19.9494],[83.5901,70.7599,0.0622],[83.5797,70.7505,2.3812],[83.5854,70.7479,0.0],[83.5932,70.7474,3.3244],[83.5922,70.7443,0.0],[83.5938,70.7438,0.0],[83.6078,70.7432,3.424],[83.6286,70.7328,1.2542],[83.6255,70.7297,0.0],[83.6286,70.7276,0.0],[83.6234,70.7224,0.0],[83.6266,70.7193,13.1818],[83.613,70.7182,0.0],[83.6141,70.7151,29.0341],[83.612,70.713,29.4924],[83.6047,70.712,0.0],[83.612,70.7078,32.3838],[83.6109,70.7047,22.2851],[83.6141,70.7037,31.8454],[83.6088,70.6984,0.0],[83.6182,70.6974,24.7944],[83.6172,70.6943,0.0],[83.6286,70.6891,3.6872],[83.6266,70.6859,2.2151],[83.6234,70.6849,2.2218],[83.6276,70.6818,0.9481],[83.637,70.6807,2.3144],[83.6479,70.675,0.0],[83.662,70.6745,22.6363],[83.6604,70.6729,21.1975],[83.6547,70.6724,9.4418],[83.662,70.6682,16.8703],[83.6589,70.6661,0.0],[83.662,70.663,0.0],[83.6589,70.6589,0.0],[83.6724,70.6516,0.0],[83.6713,70.6484,9.8156],[83.6745,70.6474,21.4993],[83.6734,70.6443,0.0],[83.6828,70.6432,19.3373],[83.6818,70.6401,0.0],[83.6891,70.637,0.0],[83.6859,70.6349,0.0],[83.6891,70.6328,0.0],[83.688,70.6297,0.0],[83.6953,70.6266,23.1241],[83.6943,70.6234,6.3944],[83.7016,70.6203,3.768],[83.6984,70.6172,0.0],[83.7057,70.6141,0.0],[83.7005,70.6068,0.0],[83.7063,70.6042,7.3746],[83.7141,70.6036,22.1764],[83.7109,70.6005,15.016],[83.7141,70.5995,20.373],[83.713,70.5964,0.0],[83.7161,70.5953,0.0],[83.7151,70.5922,0.0],[83.7229,70.5917,3.1438],[83.7286,70.5891,19.872],[83.7271,70.5875,12.2035],[83.7193,70.587,0.0],[83.7172,70.5849,0.0],[83.7245,70.5807,3.2277],[83.7234,70.5776,2.691],[83.7266,70.5766,3.6774],[83.7234,70.5724,1.0289],[83.7245,70.5693,3.6553],[83.7234,70.5672,0.0],[83.7292,70.5646,0.0],[83.7417,70.5646,2.8817],[83.7458,70.5625,0.0],[83.7536,70.562,3.4325],[83.7526,70.5589,0.0],[83.762,70.5578,14.7123],[83.7589,70.5547,0.0],[83.7682,70.5537,19.0696],[83.7672,70.5505,0.3769],[83.7745,70.5474,5.3858],[83.7734,70.5443,0.0],[83.7813,70.5437,0.5672],[83.787,70.5411,3.5784],[83.7839,70.538,0.5485],[83.7953,70.5328,3.1224],[83.7943,70.5297,0.0],[83.8021,70.5292,8.4053],[83.8078,70.5266,6.2998],[83.8047,70.5234,0.3227],[83.812,70.5203,0.9644],[83.8109,70.5172,2.1522],[83.8141,70.5151,6.4399],[83.8068,70.5141,1.1952],[83.7943,70.5036,0.5182],[83.7974,70.5016,1.5577],[83.7963,70.4984,0.7297],[83.7995,70.4964,6.1273],[83.7833,70.4958,0.8179],[83.775,70.5,0.345],[83.7604,70.5,2.0198],[83.7505,70.4964,0.4139],[83.7641,70.4891,4.0431],[83.763,70.4859,0.3597],[83.7688,70.4833,0.7342],[83.7766,70.4828,2.8788],[83.7755,70.4797,0.6113],[83.7807,70.4766,1.9478],[83.7776,70.4714,0.5816],[83.7849,70.4682,4.0651],[83.7776,70.4651,0.6414],[83.7833,70.4625,0.0],[83.7891,70.462,4.3621],[83.788,70.4589,0.0],[83.7974,70.4578,0.545],[83.8099,70.4505,1.8917],[83.7984,70.4411,0.8864],[83.8016,70.438,1.815],[83.7958,70.4333,1.2194],[83.7896,70.4333,0.471],[83.7854,70.4313,1.5456],[83.7797,70.4349,2.8886],[83.787,70.4359,1.5944],[83.7854,70.4375,3.1887],[83.763,70.437,1.4787],[83.7609,70.4339,0.3999],[83.7641,70.4328,9.5646],[83.7662,70.4297,6.1656],[83.763,70.4255,0.5198],[83.7724,70.4245,1.8255],[83.7708,70.4229,3.4648],[83.7651,70.4224,0.5025],[83.7682,70.4193,2.8118],[83.7562,70.4187,1.6899],[83.7521,70.4167,2.1804],[83.7479,70.4167,0.7079],[83.7391,70.4109,2.8028],[83.7318,70.4099,0.8743],[83.7271,70.4063,4.0437],[83.7229,70.4063,2.1357],[83.7188,70.4042,1.4532],[83.7083,70.4042,0.7241],[83.7021,70.4,3.7676],[83.6917,70.4,1.2384],[83.687,70.3964,1.2767],[83.6776,70.3953,1.199],[83.6713,70.3891,2.0889],[83.6745,70.3859,1.9817],[83.6672,70.3849,1.357],[83.6651,70.3828,1.8239],[83.6682,70.3797,2.9206],[83.6651,70.3786,2.6242],[83.6578,70.3714,1.3489],[83.6505,70.3703,0.0],[83.6536,70.3682,0.0],[83.6516,70.3651,2.9968],[83.6443,70.3641,0.0],[83.6474,70.3609,4.6346],[83.638,70.3599,0.0],[83.6328,70.3547,0.0],[83.6255,70.3536,0.0],[83.6224,70.3505,1.5903],[83.6151,70.3495,0.2864],[83.612,70.3464,3.4811],[83.6021,70.3438,1.8895],[83.5813,70.3438,1.5785],[83.5771,70.3458,0.0],[83.5734,70.3453,1.4241],[83.5693,70.3401,1.4235],[83.5787,70.3339,3.6017],[83.5687,70.3333,2.0444],[83.5625,70.3354,0.9491],[83.5578,70.3318,2.2],[83.5505,70.3307,0.0],[83.5672,70.3214,0.0],[83.5745,70.3203,2.4283],[83.5734,70.3172,0.0],[83.5849,70.312,1.4221],[83.5833,70.3104,1.3119],[83.5729,70.3104,1.2541],[83.5667,70.3063,1.6178],[83.55,70.3063,0.0],[83.5437,70.3042,1.1745],[83.5396,70.3063,0.0],[83.5333,70.3063,0.5468],[83.5276,70.3089,0.4632],[83.5286,70.312,0.0],[83.5214,70.3151,0.8102],[83.5245,70.3182,0.0],[83.5036,70.3287,1.1137],[83.4938,70.3292,1.0668],[83.4875,70.325,2.4966],[83.4708,70.325,0.0],[83.4583,70.3208,1.3564],[83.4542,70.3208,0.0],[83.4495,70.3172,3.6632],[83.4339,70.3141,2.5302],[83.437,70.3109,1.362],[83.425,70.3104,3.0592],[83.4172,70.3057,0.0],[83.4187,70.3042,0.0],[83.4266,70.3037,5.2572],[83.425,70.3021,4.1451],[83.4083,70.3021,0.0],[83.4021,70.2979,0.8298],[83.3938,70.2979,0.7278],[83.3875,70.3,2.138],[83.3812,70.2979,4.7693],[83.375,70.3,0.8359],[83.3708,70.2979,3.7658],[83.3354,70.2979,2.2857],[83.3339,70.2963,4.6402],[83.337,70.2943,1.5789],[83.3354,70.2937,0.6704],[83.3292,70.2958,1.1078],[83.3083,70.2958,2.366],[83.3021,70.2937,2.0549],[83.2979,70.2958,1.8312],[83.2937,70.2937,1.7344],[83.2854,70.2937,1.9663],[83.2813,70.2958,1.414],[83.2312,70.2958,5.9103],[83.2271,70.2979,1.4267],[83.1958,70.2979,28.3583],[83.1917,70.3,1.4587],[83.1625,70.3,20.7781],[83.1583,70.3021,0.6669],[83.1396,70.3021,9.7921],[83.125,70.3063,0.3849],[83.1188,70.3042,15.8142],[83.1104,70.3063,0.4669],[83.1042,70.3042,17.8393],[83.1,70.3063,0.6474],[83.0938,70.3063,2.8333],[83.0896,70.3083,0.5168],[83.075,70.3104,1.9134],[83.0734,70.3109,1.7639],[83.0745,70.3141,0.5358],[83.0563,70.3167,0.9306],[83.0437,70.3229,1.4438],[83.0234,70.3182,0.8316],[83.0188,70.3146,1.1281],[83.0083,70.3146,0.7474],[83.0036,70.3109,3.6998],[82.9964,70.3099,2.5763],[82.9932,70.3068,12.7252],[82.9859,70.3057,0.0],[82.9838,70.3037,2.5115],[82.9849,70.3005,23.5624],[82.9797,70.2943,0.0],[82.987,70.2911,18.6289],[82.9859,70.288,0.0],[82.9953,70.287,26.7522],[82.9943,70.2839,20.576],[83.0016,70.2807,22.5587],[82.9984,70.2776,0.0],[83.0057,70.2745,24.2177],[83.0047,70.2714,0.0],[83.0162,70.2662,0.0],[83.0151,70.263,0.0],[83.0245,70.2578,0.0],[83.0234,70.2547,1.0626],[83.0349,70.2495,24.346],[83.0318,70.2443,0.0],[83.0349,70.2432,27.4002],[83.0339,70.2401,0.0],[83.0359,70.238,0.0],[83.0474,70.2328,0.0],[83.0463,70.2297,0.0],[83.0807,70.212,29.8899],[83.0776,70.2078,0.0],[83.0807,70.2057,23.3241],[83.0797,70.2026,3.166],[83.0958,70.2,1.7275],[83.1026,70.1964,0.0],[83.1104,70.1958,0.0],[83.1188,70.1917,0.0],[83.1266,70.1911,26.885],[83.1255,70.188,0.0],[83.1276,70.1859,0.0],[83.1432,70.1787,18.2863],[83.1422,70.1755,5.1199],[83.1557,70.1682,7.5612],[83.1526,70.163,1.8539],[83.162,70.162,5.4542],[83.1609,70.1589,0.0],[83.1682,70.1557,5.7558],[83.1672,70.1526,0.0],[83.1693,70.1505,0.0],[83.1787,70.1495,0.0],[83.1776,70.1464,0.0],[83.1849,70.1432,12.9362],[83.1818,70.138,1.8874],[83.1891,70.1349,1.2513],[83.1839,70.1307,0.0],[83.187,70.1276,15.6372],[83.1797,70.1203,0.0],[83.1828,70.1172,0.0],[83.1797,70.113,0.0],[83.1854,70.1125,12.5276],[83.187,70.1109,21.3037],[83.1807,70.1047,0.5672],[83.1734,70.1036,0.2404],[83.1766,70.1005,0.8036],[83.1693,70.0995,0.0],[83.1766,70.0943,32.2154],[83.1693,70.0932,0.8297],[83.1641,70.088,0.5224],[83.1568,70.087,1.1108],[83.1526,70.0828,2.4117],[83.1536,70.0797,2.7351],[83.1526,70.0776,1.2053],[83.1557,70.0766,1.4188],[83.1547,70.0734,1.0759],[83.1608,70.0729,1.0746],[83.1208,70.0542,1.5739],[83.1042,70.0542,1.6316],[83.0943,70.0516,1.2303],[83.0922,70.0484,0.0],[83.0979,70.0479,2.3722],[83.0995,70.0463,2.8503],[83.0986,70.0437,0.0],[83.0938,70.0415,3.5999],[83.0901,70.0422,4.3898],[83.0932,70.0453,0.0],[83.0839,70.0463,3.1697],[83.0849,70.0495,0.0],[83.0807,70.0516,0.0],[83.0729,70.0521,1.8632],[83.0646,70.0563,1.2831],[83.0568,70.0568,4.4064],[83.0599,70.0589,1.2048],[83.0583,70.0604,1.306],[83.0458,70.0604,4.2911],[83.0313,70.0646,1.2573],[83.0125,70.0646,1.5755],[83.0083,70.0667,1.2778],[83.0021,70.0646,1.2814],[82.9938,70.0667,1.1925],[82.9896,70.0646,1.4407],[82.9771,70.0646,3.8099],[82.9625,70.0687,1.4948],[82.9542,70.0667,3.0181],[82.9479,70.0687,3.0401],[82.9432,70.0651,2.7488],[82.9396,70.0646,3.1649],[82.938,70.0661,1.3265],[82.9411,70.0703,1.4922],[82.9375,70.0708,1.3166],[82.9313,70.0687,2.9782],[82.9297,70.0693,3.0779],[82.9307,70.0724,1.3424],[82.9187,70.0729,2.6548],[82.9146,70.075,1.3077],[82.8896,70.075,3.9306],[82.8854,70.0771,2.2602],[82.8818,70.0766,2.0652],[82.8849,70.0745,1.7784],[82.8839,70.0714,0.0],[82.9036,70.0682,4.687],[82.9026,70.0651,0.0],[82.9104,70.0604,0.0],[82.9167,70.0604,0.0],[82.9208,70.0583,0.0],[82.9391,70.0557,5.8921],[82.9432,70.0537,4.4527],[82.9401,70.0516,0.0],[82.9424,70.05,0.0],[82.9187,70.0468,1.404],[82.9042,70.0479,6.2603],[82.8688,70.0667,-0.0016],[82.8651,70.0661,3.3033],[82.8682,70.0641,4.4646],[82.8662,70.0609,2.0],[82.85,70.0604,5.6732],[82.8443,70.063,1.5],[82.8453,70.0661,1.5],[82.8422,70.0682,2.5668],[82.8495,70.0693,2.7255],[82.8516,70.0724,1.7912],[82.8422,70.0734,3.3876],[82.8401,70.0755,1.564],[82.8432,70.0797,2.6239],[82.8401,70.0818,5.8264],[82.8411,70.0849,1.3048],[82.8339,70.088,4.9468],[82.8349,70.0911,1.3865],[82.8276,70.0943,3.6614],[82.8287,70.0974,1.8581],[82.8214,70.0984,6.1853],[82.8224,70.1016,1.0715],[82.813,70.1026,5.266],[82.8141,70.1057,1.2501],[82.7958,70.1083,3.132],[82.7943,70.1088,3.3401],[82.7953,70.112,1.2606],[82.7833,70.1125,2.6477],[82.775,70.1167,1.0317],[82.7625,70.1167,1.9318],[82.7479,70.1208,1.3585],[82.7208,70.1229,1.9413],[82.7063,70.1271,1.1558],[82.6792,70.1312,5.403],[82.6682,70.137,3.9415],[82.6609,70.138,3.7047],[82.662,70.1412,1.141],[82.6438,70.1438,5.0739],[82.6354,70.1479,4.6451],[82.6301,70.1479,5.9816],[82.6288,70.1625,1.2749],[82.6396,70.1625,6.1001],[82.6438,70.1604,0.0],[82.65,70.1604,0.0],[82.6578,70.1651,0.0],[82.6547,70.1672,4.6068],[82.6557,70.1703,6.5238],[82.6526,70.1713,6.6125],[82.6536,70.1745,3.9513],[82.6505,70.1755,2.7235],[82.6536,70.1807,0.0],[82.6505,70.1828,0.0],[82.6536,70.187,0.0],[82.6464,70.1901,6.0354],[82.6479,70.1917,6.4264],[82.6536,70.1922,0.0],[82.6578,70.1953,0.0],[82.6547,70.1964,0.4741],[82.6557,70.1995,0.6171],[82.6526,70.2005,4.1787],[82.6536,70.2037,3.5809],[82.6505,70.2047,2.9268],[82.6536,70.2099,0.0],[82.6464,70.213,6.2989],[82.6474,70.2161,4.5505],[82.6443,70.2172,5.4617],[82.6453,70.2245,0.0],[82.6422,70.2266,2.8166],[82.6464,70.2307,0.0],[82.6661,70.2318,0.0],[82.6745,70.2401,0.0],[82.6713,70.2432,4.3256],[82.6734,70.2453,2.721],[82.6807,70.2464,0.0],[82.6849,70.2505,0.0],[82.6818,70.2536,6.7136],[82.6958,70.2562,0.0],[82.7047,70.262,0.0],[82.712,70.263,0.0],[82.7193,70.2703,6.0405],[82.7328,70.2714,0.0],[82.7412,70.2797,4.1779],[82.738,70.2828,2.9181],[82.7562,70.2833,0.0],[82.7662,70.2859,0.0],[82.7693,70.2891,6.7735],[82.7766,70.2901,-2.7648],[82.7734,70.2922,5.7028],[82.7755,70.2953,6.0705],[82.7911,70.2984,0.0],[82.8042,70.3083,3.6572],[82.8203,70.3068,0.0],[82.8401,70.3266,2.8228],[82.8474,70.3276,0.0],[82.8578,70.3359,0.0],[82.8547,70.338,1.5822],[82.8557,70.3411,1.689],[82.8526,70.3422,5.7032],[82.8547,70.3453,0.0],[82.8708,70.3438,3.4805],[82.8807,70.3464,0.5802],[82.8776,70.3495,5.401],[82.8849,70.3505,0.8831],[82.8922,70.3578,4.8713],[82.8995,70.3588,1.1902],[82.9057,70.363,0.0],[82.912,70.3703,0.0],[82.9047,70.3734,4.1713],[82.9057,70.3766,2.798],[82.9021,70.3779,3.9077],[82.9292,70.3809,5.8514],[82.9276,70.3776,0.0],[82.9333,70.375,0.0],[82.9542,70.375,0.3488],[82.9557,70.3766,0.7842],[82.9526,70.3786,3.951],[82.9599,70.3797,0.9941],[82.963,70.3828,3.8285],[82.9688,70.3833,0.9466],[82.9734,70.387,0.7635],[82.9807,70.388,0.4033],[82.988,70.3932,0.3817],[82.9953,70.3943,0.2251],[83.0036,70.4026,1.3759],[83.0005,70.4057,2.5359],[83.0026,70.4078,2.3918],[83.0099,70.4089,0.756],[83.0141,70.413,0.6596],[83.0089,70.4182,1.0339],[83.0146,70.4187,0.7424],[83.0162,70.4203,1.7705],[83.0083,70.4208,-1.2456],[83.0068,70.4224,-1.3109],[83.0141,70.4234,4.684],[83.0245,70.4339,0.0045],[83.0214,70.437,4.3402],[83.0245,70.438,2.8878],[83.0328,70.4464,0.0],[83.0297,70.4484,1.6289],[83.0307,70.4516,3.4708],[83.0276,70.4537,4.0181],[83.0349,70.4547,0.0],[83.0318,70.4578,3.2874],[83.0391,70.4589,0.0],[83.038,70.462,0.0],[83.0391,70.4641,0.1476],[83.0359,70.4661,3.011],[83.0432,70.4745,0.1021],[83.0401,70.4755,1.0646],[83.0411,70.4786,2.3864],[83.038,70.4807,2.8157],[83.0432,70.4838,2.1497],[83.0401,70.487,2.9636],[83.0474,70.488,0.0],[83.0495,70.4912,0.0],[83.0396,70.4958,0.5133],[83.0313,70.4958,1.8792],[83.0188,70.4917,0.0],[83.0109,70.4943,2.2724],[83.0141,70.4995,1.7219],[83.0062,70.5,3.2774],[83.0047,70.5016,3.1837],[83.0109,70.5057,0.0],[83.0167,70.5062,0.0],[83.0182,70.5078,0.0],[83.0104,70.5083,0.0],[83.0047,70.5109,2.1879],[83.0057,70.5141,1.7561],[82.9943,70.5193,0.9411],[82.9953,70.5224,0.0],[82.988,70.5234,0.706],[82.9912,70.5286,0.0],[82.9838,70.5318,1.181],[82.987,70.537,0.0],[82.9838,70.5391,1.4283],[82.9932,70.5474,0.0],[82.9859,70.5505,0.0],[82.987,70.5537,0.0],[82.9854,70.5542,0.0],[82.9729,70.5542,0.0],[82.9688,70.5563,2.1299],[82.9609,70.5568,4.7849],[82.962,70.5599,2.1003],[82.9589,70.562,4.3371],[82.9625,70.5625,3.8349],[82.9708,70.5583,2.7375],[82.9792,70.5583,3.7109],[82.9849,70.563,3.302],[82.9797,70.5682,0.1758],[82.9896,70.5687,0.0],[83.0021,70.5646,0.0],[83.0099,70.5641,1.587],[83.0141,70.562,0.0],[83.013,70.5589,0.0],[83.0172,70.5568,0.0],[83.0271,70.5563,1.5865],[83.0422,70.5682,1.6693],[83.0495,70.5693,0.0],[83.0557,70.5755,0.0],[83.0526,70.5787,3.6731],[83.0599,70.5797,0.0],[83.0568,70.5828,5.1131],[83.062,70.5859,0.0],[83.0641,70.5891,0.0],[83.0609,70.5901,0.241],[83.062,70.5932,-0.0264],[83.0589,70.5943,1.6917],[83.0599,70.5974,-0.0402],[83.0568,70.5984,0.3605],[83.0578,70.6016,0.1428],[83.0547,70.6026,1.2262],[83.0557,70.6099,0.0662],[83.0526,70.6109,4.5638],[83.0599,70.6193,0.0],[83.0568,70.6224,0.4367],[83.0599,70.6255,-0.1392],[83.0589,70.6286,3.5841],[83.0641,70.6339,0.0],[83.0609,70.6359,2.0472],[83.062,70.6391,-0.0535],[83.0589,70.6412,3.8528],[83.0661,70.6422,0.0],[83.063,70.6453,1.0217],[83.0661,70.6464,0.0],[83.0734,70.6536,0.0],[83.0807,70.6547,0.0],[83.0776,70.6568,0.0],[83.0807,70.662,0.0],[83.0776,70.6641,1.6131],[83.0807,70.6651,0.0],[83.0849,70.6703,0.0],[83.0771,70.6708,3.8864],[83.0755,70.6724,4.1964],[83.0828,70.6734,0.3007],[83.0797,70.6766,3.544],[83.087,70.6776,0.0],[83.0891,70.6807,0.0],[83.0859,70.6828,3.4724],[83.0911,70.6859,0.0],[83.1068,70.7016,3.5139],[83.1099,70.7026,0.0076],[83.1068,70.7057,3.4747],[83.1141,70.7068,0.0411],[83.1276,70.7203,0.7284],[83.1328,70.7234,0.0],[83.137,70.7276,0.0],[83.1339,70.7307,2.1366],[83.1391,70.7359,1.0847],[83.1359,70.7391,3.0884],[83.1391,70.7412,2.9856],[83.1354,70.7417,2.9438],[83.125,70.7354,0.941],[83.1208,70.7354,0.0],[83.1167,70.7333,0.0],[83.1062,70.7333,1.4678],[83.1003,70.7312,0.0],[83.0914,70.7438,2.2369],[83.0979,70.7438,2.2117],[83.1078,70.7464,0.0],[83.1109,70.7495,2.4054],[83.1182,70.7505,0.0],[83.1245,70.7568,0.0],[83.1229,70.7583,1.4658],[83.1151,70.7589,1.21],[83.1203,70.7641,-0.1947],[83.1125,70.7646,1.6684],[83.1109,70.7662,1.2975],[83.1354,70.7667,0.0],[83.1432,70.7734,0.0],[83.1391,70.7766,0.0],[83.1318,70.7776,1.5127],[83.1391,70.7859,0.0],[83.1359,70.7891,3.2111],[83.1422,70.7953,0.0],[83.1453,70.7963,0.0],[83.1422,70.7984,0.0],[83.1432,70.8016,0.0],[83.1359,70.8047,4.4813],[83.1391,70.8099,0.0],[83.1359,70.812,4.4059],[83.1412,70.8161,0.0],[83.138,70.8172,0.0],[83.1391,70.8203,0.0],[83.1318,70.8234,4.5027],[83.1328,70.8266,0.0],[83.1214,70.8318,3.7177],[83.1307,70.8411,0.0],[83.1193,70.8464,4.071],[83.1203,70.8495,1.1985],[83.1088,70.8547,3.2139],[83.1182,70.8578,0.0],[83.1068,70.863,4.2514],[83.1078,70.8662,0.4785],[83.1047,70.8672,1.7306],[83.1057,70.8703,0.0],[83.0964,70.8714,3.9198],[83.0922,70.8734,3.9783],[83.0932,70.8766,1.03],[83.0839,70.8776,3.4708],[83.0807,70.8807,1.3927],[83.0708,70.8854,0.39],[83.0354,70.8854,1.5888],[83.0292,70.8833,0.0],[83.0146,70.8875,0.9663],[83.0021,70.8875,0.0],[82.9979,70.8896,0.0],[82.9838,70.8901,1.9026],[82.9734,70.8964,1.2917],[82.9745,70.8995,0.0],[82.9667,70.9,1.725],[82.9568,70.9047,2.1738],[82.9578,70.9078,0.8932],[82.9547,70.9089,1.4306],[82.9557,70.912,0.0],[82.9443,70.9172,1.8104],[82.9495,70.9224,0.0],[82.9422,70.9255,1.8198],[82.9432,70.9287,2.0083],[82.9333,70.9292,0.0],[82.9318,70.9276,0.0],[82.9349,70.9255,0.0],[82.9297,70.9255,0.0],[82.9255,70.9276,2.7668],[82.9266,70.9307,0.0],[82.8943,70.9464,2.9379],[82.8953,70.9495,0.0],[82.8922,70.9516,0.0],[82.8953,70.9537,0.0],[82.888,70.9568,1.5227],[82.8891,70.9599,0.0],[82.8776,70.9651,0.9274],[82.8786,70.9682,0.0],[82.8755,70.9693,1.3809],[82.8797,70.9745,2.2004],[82.8875,70.975,0.0],[82.8891,70.9766,0.0],[82.8812,70.9771,2.1378],[82.8729,70.9812,0.9259],[82.8693,70.9807,0.56],[82.8588,70.9724,0.0],[82.862,70.9693,1.2465],[82.8568,70.963,0.9927],[82.8693,70.9568,0.0],[82.8786,70.9557,1.9366],[82.8755,70.9526,0.0],[82.8828,70.9495,0.0],[82.8818,70.9464,0.0],[82.8849,70.9443,0.5556],[82.8812,70.9417,0.882],[82.8651,70.9432,0.653],[82.8682,70.9401,2.0448],[82.863,70.9359,0.0],[82.8745,70.9307,0.9602],[82.8734,70.9276,0.0],[82.8932,70.9182,2.4316],[82.8922,70.9151,0.0724],[82.8953,70.9141,0.1703],[82.8943,70.9109,0.0],[82.9021,70.9104,0.0],[82.9109,70.9047,0.0],[82.9203,70.9036,2.4321],[82.9245,70.9016,3.4015],[82.9234,70.8984,0.0],[82.9292,70.8958,0.0],[82.937,70.8953,3.616],[82.9479,70.8896,1.1616],[82.962,70.8891,3.0824],[82.9568,70.8828,-0.0085],[82.962,70.8786,1.2325],[82.9568,70.8724,0.0],[82.9599,70.8693,0.0],[82.9547,70.8693,0.0],[82.9505,70.8714,0.6892],[82.9516,70.8745,0.0],[82.9422,70.8755,0.7263],[82.9297,70.8818,2.2688],[82.9328,70.8839,0.0],[82.9297,70.8859,0.0],[82.9307,70.8891,0.0],[82.9213,70.8901,2.3183],[82.9172,70.8922,2.2553],[82.9182,70.8953,0.0],[82.9089,70.8964,1.8734],[82.9099,70.8995,1.7088],[82.9057,70.9016,0.0],[82.8917,70.9021,0.0],[82.8766,70.9099,1.1197],[82.8672,70.9109,2.4818],[82.8682,70.9141,1.8353],[82.8651,70.9161,1.9898],[82.8729,70.9167,1.474],[82.8745,70.9182,0.7579],[82.862,70.9245,0.9483],[82.8458,70.925,0.6395],[82.8443,70.9234,0.148],[82.8516,70.9193,0.5833],[82.8333,70.9187,0.0],[82.8318,70.9193,0.0],[82.8328,70.9266,0.0],[82.8297,70.9276,0.0],[82.8328,70.9328,0.0],[82.7943,70.937,0.0],[82.7974,70.9349,1.7758],[82.7963,70.9318,0.0],[82.8057,70.9307,1.8567],[82.8026,70.9287,0.5999],[82.8057,70.9266,1.2438],[82.8047,70.9234,0.0],[82.812,70.9203,2.1931],[82.8068,70.913,0.0],[82.8099,70.912,1.9736],[82.8089,70.9089,0.0],[82.812,70.9068,2.4797],[82.8089,70.9057,0.7908],[82.8005,70.8974,0.0],[82.8037,70.8943,1.573],[82.7896,70.8917,0.0416],[82.7828,70.888,2.6905],[82.7755,70.887,0.7278],[82.7786,70.8839,2.4943],[82.7714,70.8828,0.0],[82.7693,70.8807,0.0],[82.7724,70.8786,0.0],[82.7714,70.8755,0.0],[82.7786,70.8724,2.9358],[82.7766,70.8693,2.8761],[82.7714,70.8662,0.0],[82.7745,70.8641,3.3249],[82.7714,70.8588,0.0],[82.7745,70.8568,1.7787],[82.7672,70.8557,0.0],[82.7651,70.8526,0.0],[82.7682,70.8505,2.849],[82.7557,70.8401,0.0],[82.7417,70.8417,0.9661],[82.7375,70.8438,1.3142],[82.7338,70.8432,0.7361],[82.7245,70.8339,3.3123],[82.7214,70.8328,3.4008],[82.7307,70.8297,1.3156],[82.7234,70.8287,1.8179],[82.7188,70.825,2.0382],[82.7068,70.8245,1.0722],[82.6995,70.8172,1.4702],[82.6922,70.8161,0.0],[82.6932,70.813,0.0],[82.6901,70.8089,0.0],[82.6974,70.8057,2.1007],[82.6901,70.7974,0.0],[82.6932,70.7943,2.6967],[82.6896,70.7917,2.9354],[82.6818,70.7911,0.1915],[82.6787,70.788,0.6698],[82.6713,70.787,0.0],[82.6745,70.7839,3.3773],[82.6703,70.7797,3.2272],[82.6568,70.7786,0.0],[82.6599,70.7755,2.894],[82.6464,70.7641,0.0],[82.6495,70.762,3.4289],[82.6484,70.7589,1.7851],[82.6578,70.7578,3.317],[82.6568,70.7547,3.7288],[82.6687,70.7494,4.3379],[82.6433,70.7292,2.4182],[82.638,70.7318,1.3575],[82.6391,70.7349,0.0],[82.6333,70.7375,0.0],[82.6255,70.738,3.5188],[82.6266,70.7412,0.0],[82.6151,70.7464,3.0395],[82.6224,70.7536,0.0],[82.613,70.7547,3.201],[82.6141,70.7578,2.2833],[82.6088,70.7578,2.9322],[82.6042,70.7542,3.0669],[82.5901,70.7536,0.0],[82.5714,70.7349,0.0],[82.5734,70.7318,0.0],[82.5766,70.7307,2.2846],[82.5755,70.7276,0.0],[82.5787,70.7266,3.212],[82.5776,70.7234,0.0],[82.5807,70.7224,2.843],[82.5797,70.7193,1.7776],[82.5828,70.7182,2.6985],[82.5818,70.7151,3.1956],[82.5849,70.713,3.3045],[82.5776,70.712,0.0],[82.5714,70.7078,0.0],[82.5693,70.7047,0.0],[82.5724,70.7026,0.0],[82.5625,70.7021,3.1115],[82.5609,70.7037,0.0],[82.5682,70.7089,0.0],[82.5651,70.7109,0.0],[82.5682,70.7161,0.1927],[82.5651,70.7182,0.0],[82.5682,70.7224,0.0],[82.5651,70.7234,0.0],[82.5661,70.7266,0.0],[82.563,70.7276,1.7038],[82.5641,70.7307,0.0],[82.5542,70.7354,0.0],[82.5479,70.7354,0.0],[82.5354,70.7396,1.8561],[82.5297,70.7391,2.1293],[82.5255,70.7338,0.0],[82.5286,70.7328,2.5574],[82.5276,70.7297,3.295],[82.5307,70.7276,1.8003],[82.5234,70.7266,0.0],[82.5266,70.7234,1.6145],[82.5182,70.7151,0.0],[82.5151,70.7141,0.0],[82.5182,70.7109,1.6504],[82.5089,70.7016,0.0],[82.512,70.6984,4.0383],[82.5089,70.6943,3.9703],[82.512,70.6922,3.3406],[82.5068,70.6891,3.9033],[82.4891,70.6713,3.828],[82.4792,70.6708,0.403],[82.475,70.6729,0.1052],[82.4625,70.6729,1.2403],[82.4563,70.675,0.1763],[82.4516,70.6713,2.1236],[82.4443,70.6703,1.2554],[82.4359,70.6641,0.0],[82.4432,70.6599,3.9937],[82.4422,70.6568,0.0],[82.4453,70.6557,2.3883],[82.4443,70.6526,0.0],[82.4474,70.6516,2.3273],[82.4464,70.6484,0.0],[82.4495,70.6474,2.4843],[82.4484,70.6443,0.0],[82.4557,70.6412,4.5793],[82.4547,70.638,0.0],[82.462,70.637,3.1727],[82.4609,70.6339,0.0],[82.4641,70.6318,3.8802],[82.4583,70.6312,0.0],[82.4568,70.6297,0.0],[82.4661,70.6286,0.0],[82.4651,70.6255,0.0],[82.4682,70.6245,0.0],[82.4672,70.6214,0.0],[82.4703,70.6203,0.0],[82.4693,70.6172,1.6794],[82.4724,70.6162,3.864],[82.4693,70.6109,0.0],[82.4724,70.6088,3.5501],[82.4693,70.6068,0.0],[82.4724,70.6047,1.2489],[82.4688,70.6002,0.0],[82.4398,70.5854,1.4736],[82.4333,70.5875,0.0],[82.4146,70.5875,0.9039],[82.4104,70.5896,0.0],[82.4042,70.5875,0.0],[82.3958,70.5875,2.2516],[82.3943,70.588,2.5745],[82.3953,70.5911,0.4226],[82.3917,70.5917,0.9181],[82.3828,70.5839,2.5898],[82.3797,70.5828,0.0],[82.3828,70.5807,3.0277],[82.3812,70.5792,0.0],[82.3734,70.5818,3.3853],[82.3766,70.5849,0.0],[82.3688,70.5854,3.52],[82.3646,70.5875,-1.0515],[82.3562,70.5875,3.1989],[82.3417,70.5833,3.9455],[82.3332,70.5833,0.0],[82.3258,70.6062,2.5002],[82.3354,70.6062,0.0],[82.3422,70.612,1.7036],[82.362,70.6172,0.0],[82.3588,70.6203,0.0],[82.3609,70.6224,0.3901],[82.3682,70.6234,0.0],[82.3703,70.6266,0.0],[82.3672,70.6286,3.4864],[82.3734,70.6349,2.8962],[82.3807,70.6359,2.7829],[82.3792,70.6375,2.5673],[82.3651,70.638,4.0511],[82.3662,70.6412,1.5],[82.3588,70.6453,2.6918],[82.3833,70.6458,1.5],[82.3849,70.6443,1.5],[82.3818,70.6422,2.5188],[82.3854,70.6417,2.9557],[82.3995,70.6474,0.0],[82.3896,70.6521,0.0],[82.3771,70.6521,2.26],[82.3755,70.6526,3.0007],[82.3766,70.6557,0.6181],[82.3688,70.6563,2.7549],[82.3604,70.6604,1.1134],[82.3526,70.6609,1.6343],[82.3484,70.663,0.8371],[82.3495,70.6661,0.299],[82.3464,70.6672,0.0179],[82.3495,70.6713,0.0],[82.3479,70.6729,0.0],[82.3292,70.675,0.9231],[82.325,70.6729,1.3062],[82.3146,70.6729,0.9313],[82.3099,70.6693,1.6282],[82.3026,70.6687,0.7549],[82.2912,70.6937,0.0],[82.2979,70.6937,0.0],[82.3042,70.6979,13.5405],[82.3349,70.7047,0.0],[82.3458,70.7125,16.3361],[82.3578,70.713,0.0],[82.3547,70.7151,0.0],[82.3568,70.7182,6.6834],[82.3724,70.7214,0.0],[82.3771,70.725,16.5701],[82.3891,70.7255,0.0],[82.4026,70.737,3.4144],[82.4099,70.738,0.0],[82.4026,70.7432,32.3322],[82.4068,70.7474,1.1914],[82.4141,70.7484,0.0],[82.4109,70.7505,0.4055],[82.412,70.7536,0.4935],[82.4089,70.7547,0.4692],[82.412,70.7578,0.2121],[82.4089,70.7599,0.3306],[82.4141,70.7662,0.0],[82.4047,70.7672,1.6285],[82.3828,70.7786,0.0],[82.375,70.7792,1.3487],[82.3693,70.7818,1.8781],[82.3703,70.7849,0.0],[82.3588,70.7901,1.492],[82.3599,70.7932,0.0],[82.3547,70.7963,2.5354],[82.3557,70.7995,2.2653],[82.3526,70.8005,1.4374],[82.3536,70.8037,2.6586],[82.3505,70.8047,2.4637],[82.3536,70.8099,2.9685],[82.3464,70.813,1.6618],[82.3474,70.8161,0.0],[82.3443,70.8172,1.6926],[82.3453,70.8203,0.0],[82.3313,70.8208,0.2491],[82.3161,70.8287,1.1113],[82.3083,70.8292,2.0753],[82.3026,70.8318,2.2793],[82.3078,70.837,0.0],[82.2922,70.838,4.0868],[82.2937,70.8396,5.1954],[82.3057,70.8401,3.6343],[82.3099,70.8443,0.0],[82.3068,70.8464,0.0],[82.3078,70.8495,0.0],[82.3047,70.8505,1.8676],[82.3057,70.8536,0.0],[82.2984,70.8568,13.1612],[82.2995,70.8599,4.5895],[82.2963,70.8609,8.5503],[82.2974,70.8682,0.0],[82.2901,70.8714,10.8398],[82.2917,70.8729,4.8001],[82.2974,70.8734,0.0],[82.2943,70.8755,0.0],[82.2953,70.8786,0.557],[82.2922,70.8797,2.5725],[82.2974,70.8859,0.4434],[82.2943,70.888,0.4853],[82.2953,70.8912,0.0],[82.2854,70.8958,0.0],[82.2776,70.8964,13.5774],[82.2807,70.8995,1.7631],[82.2693,70.9047,4.9052],[82.2703,70.9078,0.0],[82.2609,70.9089,3.1995],[82.262,70.912,0.0],[82.2589,70.913,0.0],[82.2599,70.9161,0.0],[82.2568,70.9172,8.4074],[82.2599,70.9224,0.0],[82.2484,70.9276,1.6738],[82.2495,70.9307,1.6429],[82.2453,70.9328,0.6432],[82.2297,70.9339,2.679],[82.2307,70.937,0.0],[82.2151,70.9443,24.8263],[82.2182,70.9474,0.0],[82.2151,70.9484,12.0844],[82.2161,70.9516,1.7829],[82.213,70.9526,2.1106],[82.2245,70.9651,1.2856],[82.2214,70.9672,0.6063],[82.2224,70.9703,0.7495],[82.2193,70.9724,0.0],[82.2375,70.9729,0.0082],[82.2432,70.9703,1.4516],[82.2422,70.9672,1.2067],[82.2474,70.9641,1.8876],[82.2422,70.9568,1.504],[82.2495,70.9537,2.3799],[82.2479,70.9521,2.1885],[82.2422,70.9516,2.2989],[82.2401,70.9484,1.4462],[82.25,70.9437,0.0],[82.2536,70.9443,0.0],[82.2505,70.9474,3.0935],[82.2578,70.9547,1.5831],[82.2547,70.9578,1.9439],[82.2604,70.9583,0.5177],[82.2662,70.961,0.0],[82.263,70.963,1.3151],[82.2662,70.9682,0.0],[82.263,70.9703,1.4221],[82.2688,70.9708,0.0],[82.2703,70.9724,0.0],[82.262,70.9766,0.0],[82.2542,70.9771,0.9977],[82.25,70.9792,0.6306],[82.2354,70.9792,1.0179],[82.2125,70.9729,0.0664],[82.2026,70.9734,0.0622],[82.2037,70.9766,0.0],[82.2005,70.9786,0.0],[82.2037,70.9807,0.0],[82.2005,70.9818,0.8983],[82.2016,70.9849,0.7842],[82.1984,70.987,11.7777],[82.2037,70.9932,0.0],[82.2005,70.9943,1.9154],[82.2016,70.9974,0.0],[82.1984,70.9984,4.769],[82.2016,71.0036,1.1993],[82.1984,71.0057,10.2845],[82.2016,71.0089,13.2039],[82.2005,71.012,9.8554],[82.2078,71.013,0.0],[82.2172,71.0224,0.0],[82.2245,71.0234,0.0],[82.2359,71.0328,0.0],[82.2604,71.0333,0.6262],[82.2703,71.0359,0.0],[82.2672,71.0391,0.0],[82.2745,71.0401,0.0],[82.2818,71.0453,1.0942],[82.2953,71.0463,0.0],[82.3005,71.0516,1.4103],[82.3125,71.0521,0.0],[82.3167,71.0542,1.3183],[82.3245,71.0547,0.0],[82.3307,71.0609,0.0],[82.3276,71.0641,4.7785],[82.3328,71.0693,0.0],[82.3297,71.0714,3.7057],[82.3328,71.0766,0.0],[82.3297,71.0787,3.8366],[82.3328,71.0807,0.0],[82.3255,71.0839,2.6637],[82.3287,71.0891,0.0],[82.3214,71.0922,0.0],[82.3224,71.0953,0.0],[82.3193,71.0964,1.0812],[82.3224,71.1016,0.0],[82.3193,71.1036,1.0907],[82.3224,71.1068,0.0],[82.3214,71.1099,0.0],[82.3245,71.1141,0.0],[82.3172,71.1172,1.2257],[82.3182,71.1203,0.0],[82.3151,71.1214,0.0],[82.3161,71.1245,0.0],[82.313,71.1255,0.0],[82.3141,71.1286,0.0],[82.3047,71.1297,2.3668],[82.3057,71.1328,0.9008],[82.2984,71.1359,2.5122],[82.2995,71.1391,0.0],[82.2963,71.1401,3.5935],[82.2974,71.1432,0.0],[82.288,71.1443,4.0111],[82.2911,71.1474,0.0],[82.2839,71.1505,4.7697],[82.287,71.1557,0.0],[82.2776,71.1568,3.784],[82.2786,71.1599,0.0],[82.2755,71.162,5.6649],[82.2786,71.1661,0.0],[82.2714,71.1693,11.5234],[82.2724,71.1724,0.0],[82.2651,71.1755,19.7534],[82.2662,71.1787,0.0],[82.263,71.1797,14.3546],[82.2641,71.1828,1.2047],[82.2609,71.1839,6.9944],[82.2662,71.188,0.0],[82.263,71.1911,1.1451],[82.2703,71.1922,0.0],[82.2672,71.1953,0.95009999999999994],[82.2729,71.1958,0.0],[82.2745,71.1974,0.0],[82.2672,71.2005,0.0],[82.2682,71.2037,0.6217],[82.2625,71.2063,0.0],[82.2479,71.2063,2.1196],[82.2438,71.2042,1.7393],[82.2354,71.2042,2.0234],[82.2312,71.2063,0.3589],[82.2234,71.2068,2.3023],[82.2266,71.2109,0.384],[82.2234,71.213,2.2189],[82.2255,71.2161,0.2785],[82.2354,71.2188,2.0731],[82.25,71.2125,1.7195],[82.262,71.213,0.0],[82.2604,71.2146,0.0],[82.2505,71.2151,1.1596],[82.2536,71.2182,0.0],[82.2505,71.2193,1.0853],[82.2516,71.2224,0.0],[82.2484,71.2234,0.5912],[82.2495,71.2266,0.0],[82.2422,71.2297,0.8933],[82.2526,71.2412,0.2107],[82.2557,71.2422,-0.426],[82.2484,71.2464,2.5527],[82.2505,71.2495,1.7699],[82.2729,71.2542,0.0],[82.2792,71.2583,3.1503],[82.2953,71.2609,0.0],[82.2984,71.2641,2.1058],[82.3057,71.2651,0.0],[82.3089,71.2682,2.7804],[82.3182,71.2693,0.0],[82.3287,71.2797,4.6653],[82.3271,71.2813,2.1885],[82.3193,71.2818,5.3998],[82.3208,71.2833,2.2926],[82.3375,71.2833,4.5482],[82.3417,71.2813,0.9683],[82.35,71.2813,0.0],[82.3542,71.2833,0.0],[82.3646,71.2833,0.0],[82.3688,71.2854,2.6932],[82.3792,71.2854,0.0],[82.3833,71.2875,2.8768],[82.3896,71.2875,0.0],[82.4021,71.2917,0.889],[82.4292,71.2937,0.0],[82.4354,71.2979,6.8678],[82.4682,71.3047,0.0],[82.4714,71.3078,5.1257],[82.4786,71.3089,4.2402],[82.4833,71.3125,4.0784],[82.4896,71.3125,0.0],[82.4938,71.3146,4.3592],[82.5042,71.3146,0.0],[82.5354,71.3229,0.0],[82.5521,71.3229,0.0],[82.5563,71.325,5.5061],[82.5687,71.325,0.0],[82.5979,71.3333,7.7894],[82.6271,71.3375,0.0],[82.6375,71.3438,3.2107],[82.6495,71.3443,0.0],[82.6479,71.3458,1.1771],[82.6401,71.3464,0.3992],[82.6438,71.35,2.2294],[82.6536,71.3495,2.5832],[82.6526,71.3464,0.465],[82.6542,71.3458,0.3469],[82.6708,71.3458,0.0],[82.6807,71.3484,5.2],[82.6734,71.3526,0.307],[82.6771,71.3562,0.1007],[82.6932,71.3557,0.0779],[82.6911,71.3526,1.8893],[82.6839,71.3516,1.188],[82.6854,71.35,6.8086],[82.6937,71.35,5.4373],[82.6979,71.3521,1.0836],[82.7104,71.3521,0.0],[82.7151,71.3557,2.0309],[82.7292,71.3583,0.0],[82.7359,71.362,1.5733],[82.7432,71.363,1.4624],[82.7417,71.3646,0.398],[82.7338,71.3651,3.1481],[82.7375,71.3688,2.1537],[82.7479,71.3646,2.2039],[82.7771,71.3646,0.0],[82.7833,71.3688,2.0714],[82.8063,71.3688,0.0],[82.8104,71.3708,13.8936],[82.8292,71.3708,0.0],[82.8333,71.3729,11.1069],[82.8521,71.3729,0.0],[82.8583,71.3771,43.9564],[82.875,71.3771,0.0],[82.8792,71.3792,8.9853],[82.9042,71.3792,0.0],[82.9083,71.3812,0.0],[82.9187,71.3812,0.0],[82.9229,71.3833,16.4635],[82.9354,71.3833,0.0],[82.9396,71.3854,15.6425],[82.9563,71.3854,0.0],[82.9604,71.3875,0.0],[82.9682,71.388,0.0],[82.975,71.3938,2.3952],[82.9792,71.3938,2.2292],[82.9833,71.3958,1.7818],[82.9958,71.3958,0.0],[83.0057,71.3984,0.0],[83.0109,71.4036,1.1091],[83.0141,71.4047,13.1518],[83.0182,71.4099,0.0],[83.0089,71.4109,17.2998],[83.0047,71.413,27.7045],[83.0057,71.4161,13.5058],[82.9984,71.4193,25.0857],[83.0057,71.4266,0.0],[82.9943,71.4318,23.7347],[82.9974,71.437,0.0],[82.9901,71.4401,27.0596],[82.9912,71.4432,26.8086],[82.988,71.4443,18.8864],[82.9891,71.4474,0.0],[82.9859,71.4484,6.69],[82.9891,71.4516,0.0],[82.9859,71.4537,0.0],[82.9912,71.4589,0.0],[82.988,71.462,5.0325],[82.9932,71.4661,0.0],[82.9901,71.4672,18.6586],[82.9912,71.4703,14.7807],[82.988,71.4714,6.1016],[82.9891,71.4745,0.0],[82.9776,71.4807,28.8923],[82.9849,71.4859,0.0],[82.9818,71.4891,5.5297],[82.9891,71.4901,0.0],[82.9912,71.4932,0.0],[82.9838,71.4964,25.1616],[82.9859,71.4995,0.0],[82.9891,71.5005,0.0],[82.9859,71.5026,0.0],[82.987,71.5057,0.0],[82.9776,71.5068,17.4536],[82.9807,71.512,0.0],[82.9776,71.513,8.0696],[82.9786,71.5162,0.0],[82.9755,71.5182,0.0],[82.9828,71.5234,0.0],[82.9797,71.5266,7.1384],[82.987,71.5276,0.0],[82.9922,71.5328,0.0],[82.9979,71.5354,0.0],[83.0036,71.5359,0.0],[83.0083,71.5396,25.0797],[83.0208,71.5396,0.0],[83.0271,71.5437,15.4069],[83.0417,71.5458,0.0],[83.0542,71.55,12.8271],[83.0729,71.55,0.0],[83.0771,71.5521,6.3399],[83.0875,71.5521,0.0],[83.0917,71.5542,8.256],[83.1104,71.5542,0.0],[83.1146,71.5563,12.4302],[83.125,71.5563,0.0],[83.1292,71.5583,14.5328],[83.1417,71.5583,0.0],[83.1599,71.563,0.0],[83.1667,71.5667,3.235],[83.1724,71.5672,0.0],[83.1776,71.5724,7.4648],[83.187,71.5734,0.0],[83.1922,71.5787,0.0],[83.1979,71.5792,0.0],[83.2037,71.5818,0.0],[83.2005,71.5849,5.9982],[83.2078,71.5922,0.0],[83.2068,71.5953,18.6149],[83.2141,71.5964,0.0],[83.2109,71.5995,18.7899],[83.2151,71.6036,24.0097],[83.2245,71.6047,0.0],[83.2338,71.6141,4.9592],[83.237,71.6151,0.0],[83.2338,71.6172,18.1343],[83.2359,71.6203,10.9426],[83.2396,71.6208,11.7003],[83.2458,71.6188,0.0],[83.2536,71.6234,0.0],[83.2505,71.6266,44.812],[83.2641,71.6276,0.0],[83.2755,71.637,26.2714],[83.2813,71.6375,0.0],[83.287,71.6401,0.0],[83.2963,71.6495,26.2376],[83.3021,71.6521,9.0197],[83.3078,71.6526,0.0],[83.313,71.6578,0.0],[83.3161,71.6589,0.0],[83.313,71.662,19.5119],[83.3203,71.663,0.0],[83.3172,71.6661,13.3753],[83.3266,71.6672,0.0],[83.3234,71.6703,0.0],[83.3266,71.6745,0.0],[83.3109,71.6818,2.5308],[83.312,71.6849,1.445],[83.3021,71.6896,0.0],[83.2839,71.6922,22.2975],[83.2849,71.6953,7.6632],[83.2776,71.6984,40.8848],[83.2828,71.7037,0.0],[83.2729,71.7083,0.0],[83.2583,71.7083,3.449],[83.25,71.7125,0.0],[83.2438,71.7125,4.2406],[83.2271,71.7208,17.3605],[83.2208,71.7208,20.4845],[83.2167,71.7229,10.0463],[83.2042,71.7229,40.1725],[83.1896,71.7271,0.0],[83.1687,71.7271,10.5998],[83.1646,71.7292,29.2259],[83.1354,71.7292,38.2715],[83.1312,71.7271,50.9075],[83.0875,71.7271,0.0],[83.0833,71.725,40.3164],[83.0792,71.725,28.9533],[83.075,71.7271,0.0],[83.0417,71.7271,25.2858],[83.0375,71.7292,6.6428],[83.025,71.7292,12.4413],[83.0208,71.7312,0.0],[83.0021,71.7312,2.6775],[82.9979,71.7333,0.0],[82.9896,71.7333,6.7621],[82.9854,71.7354,0.9592],[82.9672,71.738,6.2196],[82.9703,71.7432,0.7078],[82.9672,71.7453,1.0611],[82.9703,71.7474,0.0],[82.9672,71.7484,0.9446],[82.9682,71.7516,0.0],[82.9609,71.7547,1.9219],[82.962,71.7578,1.1828],[82.9583,71.7583,1.7765],[82.9542,71.7562,1.8166],[82.9422,71.7568,2.1946],[82.9479,71.7604,1.1353],[82.9599,71.7609,2.367],[82.962,71.7641,0.0],[82.9542,71.7646,2.6571],[82.9458,71.7688,0.0],[82.9333,71.7688,2.2076],[82.9292,71.7708,0.0],[82.9187,71.7708,0.0],[82.9125,71.7688,1.9629],[82.9083,71.7708,1.8657],[82.8938,71.7708,1.7177],[82.8896,71.7688,2.3664],[82.85,71.7688,0.3793],[82.8458,71.7667,1.9545],[82.8354,71.7667,4.3527],[82.8313,71.7646,20.1324],[82.8276,71.7651,21.8605],[82.8287,71.7682,0.0],[82.8229,71.7688,0.0],[82.8187,71.7667,3.0778],[82.7813,71.7667,10.554],[82.7771,71.7646,27.5577],[82.7521,71.7646,0.0],[82.7479,71.7625,28.015],[82.7229,71.7625,14.0232],[82.7188,71.7604,30.9915],[82.6792,71.7583,7.5774],[82.6708,71.7542,17.433],[82.6646,71.7562,8.713],[82.6609,71.7557,8.713],[82.6542,71.75,24.9406],[82.6479,71.7521,12.339],[82.6375,71.7521,0.0],[82.6276,71.7495,0.0],[82.6203,71.7443,2.0715],[82.6104,71.7417,3.957],[82.5917,71.7417,11.0734],[82.5854,71.7375,26.3736],[82.5667,71.7375,13.728],[82.5542,71.7333,38.6069],[82.5354,71.7333,0.0],[82.513,71.7266,21.0529],[82.5203,71.7224,8.7264],[82.5188,71.7208,8.6903],[82.5089,71.7214,8.1663],[82.5099,71.7245,8.7085],[82.5083,71.725,15.6955],[82.5,71.7229,30.0825],[82.4938,71.725,26.416],[82.4922,71.7234,28.4329],[82.4953,71.7224,34.3084],[82.4938,71.7208,38.9765],[82.4896,71.7208,38.3191],[82.4854,71.7229,42.6549],[82.4646,71.7229,25.318],[82.4583,71.7188,37.8409],[82.4479,71.7208,16.8671],[82.4437,71.7188,39.6686],[82.4333,71.7188,25.2887],[82.4292,71.7167,27.1139],[82.425,71.7167,16.8093],[82.4187,71.7188,0.0],[82.4063,71.7146,38.4233],[82.3875,71.7146,0.0],[82.3833,71.7125,32.3773],[82.3583,71.7125,0.0],[82.3542,71.7104,32.8311],[82.3375,71.7104,0.0],[82.3292,71.7063,36.7518],[82.3125,71.7063,15.059],[82.3083,71.7042,11.8608],[82.3042,71.7042,12.509],[82.3,71.7063,0.0],[82.2917,71.7063,0.0],[82.2792,71.7021,33.723],[82.2333,71.7021,0.0],[82.2292,71.7,44.8314],[82.2208,71.7021,0.0],[82.2146,71.7,35.7967],[82.2083,71.7021,0.0],[82.2042,71.7,43.6909],[82.1521,71.7,38.9916],[82.1479,71.6979,41.4776],[82.1104,71.6979,16.7597],[82.1062,71.6958,14.4619],[82.0875,71.6958,5.9735],[82.0833,71.6937,6.1852],[82.0646,71.6937,1.7662],[82.0604,71.6917,0.3115],[82.0542,71.6937,1.9562],[82.0396,71.6937,1.1271],[82.0354,71.6917,1.783],[82.0313,71.6917,1.3751],[82.025,71.6937,0.0],[82.0208,71.6917,2.5854],[82.0104,71.6917,0.0],[82.0062,71.6896,1.0806],[82.0005,71.6901,2.1445],[82.0036,71.6922,0.0],[82.0021,71.6937,0.0],[81.9917,71.6937,0.0],[81.9901,71.6922,0.0],[81.9932,71.6901,2.4206],[81.9917,71.6896,2.4152],[81.9833,71.6896,9.4836],[81.9771,71.6917,0.0],[81.9729,71.6896,4.7036],[81.9604,71.6896,0.0],[81.9563,71.6875,9.2264],[81.95,71.6896,0.0],[81.9437,71.6875,4.1124],[81.9208,71.6896,0.0],[81.9146,71.6875,6.2811],[81.9083,71.6896,0.0],[81.9042,71.6875,2.5494],[81.8292,71.6875,26.8956],[81.825,71.6896,0.0],[81.8208,71.6896,0.0],[81.8167,71.6875,16.0198],[81.8021,71.6875,26.4254],[81.7958,71.6896,0.0],[81.7917,71.6875,12.439],[81.775,71.6875,29.2911],[81.7708,71.6896,0.0],[81.7625,71.6896,0.0],[81.7562,71.6875,27.8483],[81.7521,71.6896,0.0],[81.7188,71.6896,1.6383],[81.7146,71.6917,1.2803],[81.6833,71.6937,2.2696],[81.6792,71.6958,0.4989],[81.6708,71.6958,0.4299],[81.6563,71.7,0.0],[81.6292,71.7,1.1813],[81.6234,71.7037,0.8341],[81.6312,71.7042,0.8075],[81.6328,71.7057,0.0],[81.6208,71.7063,0.0],[81.6146,71.7042,1.2097],[81.613,71.7047,1.3217],[81.6141,71.7078,1.1045],[81.6125,71.7083,1.2733],[81.5854,71.7083,1.3247],[81.5797,71.712,1.3678],[81.5875,71.7125,1.0418],[81.5891,71.7141,0.5462],[81.5792,71.7146,1.1425],[81.575,71.7167,1.3247],[81.5687,71.7146,1.677],[81.5542,71.7146,1.5401],[81.5526,71.7161,1.442],[81.5547,71.7182,1.3527],[81.5604,71.7188,1.2256],[81.562,71.7203,1.1766],[81.5396,71.7208,0.5017],[81.538,71.7224,0.0],[81.5411,71.7245,0.0],[81.5396,71.725,0.0],[81.5188,71.7271,0.0],[81.5125,71.725,1.7926],[81.4979,71.7292,0.3264],[81.4896,71.7292,0.9462],[81.4854,71.7312,0.0],[81.4729,71.7312,0.8318],[81.4583,71.7354,0.5815],[81.4396,71.7375,0.0],[81.4313,71.7417,0.0],[81.4229,71.7417,0.6582],[81.4187,71.7396,1.2918],[81.4146,71.7396,1.3598],[81.413,71.7401,1.5903],[81.4141,71.7432,1.0299],[81.4125,71.7438,0.0],[81.4,71.7438,0.0],[81.3917,71.7479,0.0],[81.3771,71.7479,2.217],[81.3411,71.7662,0.0],[81.3318,71.7672,1.5917],[81.3328,71.7703,0.0],[81.3083,71.7813,2.5315],[81.3047,71.7797,0.6805],[81.312,71.7755,2.2806],[81.2958,71.775,1.7935],[81.2917,71.7771,1.8645],[81.2771,71.7771,1.5824],[81.2729,71.7792,1.2049],[81.2693,71.7786,1.4904],[81.2766,71.7745,1.0837],[81.2755,71.7714,0.1097],[81.2833,71.7708,0.9772],[81.2875,71.7688,0.9999],[81.2958,71.7688,1.3341],[81.3016,71.7662,1.0438],[81.3005,71.763,0.8069],[81.3037,71.762,0.9408],[81.3021,71.7604,1.1252],[81.2792,71.7604,1.2303],[81.2776,71.762,1.344],[81.2833,71.7625,1.1076],[81.2849,71.7641,0.5893],[81.275,71.7646,1.3579],[81.2708,71.7625,1.2581],[81.2646,71.7625,1.1745],[81.25,71.7583,1.2915],[81.2484,71.7589,1.4055],[81.2495,71.762,-0.0336],[81.2453,71.7641,1.5567],[81.2354,71.7646,1.903],[81.2297,71.762,1.6316],[81.2349,71.7589,2.0739],[81.2292,71.7583,1.1144],[81.2146,71.7625,1.0839],[81.2005,71.763,1.7356],[81.1964,71.7662,1.8451],[81.2063,71.7688,0.9067],[81.2146,71.7688,1.4231],[81.2208,71.7667,2.1203],[81.2286,71.7714,-0.3004],[81.2255,71.7734,1.3152],[81.2271,71.775,1.3756],[81.2562,71.775,1.4132],[81.2604,71.7729,1.2283],[81.2688,71.7729,0.9134],[81.2703,71.7745,0.8729],[81.263,71.7776,1.1786],[81.2641,71.7807,0.791],[81.2625,71.7813,0.606],[81.2417,71.7813,1.8986],[81.2271,71.7854,0.4727],[81.2125,71.7854,1.4683],[81.2083,71.7875,0.3749],[81.1937,71.7875,1.0981],[81.1875,71.7833,1.6005],[81.1708,71.7833,0.0],[81.1609,71.788,1.1071],[81.1682,71.7911,0.0],[81.1568,71.7974,0.5302],[81.1917,71.7937,0.1334],[81.1953,71.7963,0.426],[81.1922,71.7984,0.8282],[81.1937,71.8,0.9086],[81.225,71.8021,1.2542],[81.2292,71.8,1.1414],[81.2438,71.8,1.3223],[81.2453,71.7995,1.3319],[81.2443,71.7963,1.0483],[81.2536,71.7953,1.5631],[81.2505,71.7901,1.1072],[81.2536,71.7891,1.4619],[81.2526,71.7859,1.363],[81.2542,71.7854,1.3282],[81.2625,71.7854,1.4622],[81.2667,71.7875,0.9968],[81.2708,71.7875,0.8051],[81.2724,71.7891,1.1946],[81.2693,71.7911,0.8536],[81.2786,71.7922,1.8597],[81.2734,71.7953,1.1959],[81.2813,71.7958,1.8271],[81.2849,71.7984,0.5972],[81.2776,71.8026,1.06],[81.2807,71.8078,0.0],[81.2714,71.8089,1.2415],[81.2729,71.8104,1.2766],[81.2786,71.8109,0.0],[81.2755,71.813,0.0],[81.2766,71.8161,0.0],[81.2734,71.8182,1.2151],[81.2807,71.8255,0.0],[81.2776,71.8276,0.8947],[81.2786,71.8307,0.0],[81.2755,71.8318,0.0],[81.2786,71.837,0.7034],[81.2688,71.8417,0.0],[81.2625,71.8417,2.1805],[81.2479,71.8458,1.6355],[81.2396,71.8458,2.2741],[81.2245,71.8536,0.0],[81.2167,71.8542,2.586],[81.2125,71.8562,2.3128],[81.2089,71.8557,2.4329],[81.212,71.8526,0.9993],[81.2042,71.8521,1.7343],[81.2,71.85,1.6375],[81.1854,71.85,0.9508],[81.1771,71.8542,1.5151],[81.1609,71.8547,1.4541],[81.162,71.8578,1.1571],[81.1578,71.8599,1.639],[81.1484,71.8609,0.9251],[81.1516,71.8662,0.7379],[81.1484,71.8682,1.8252],[81.1557,71.8693,1.5582],[81.1599,71.8745,1.1483],[81.1266,71.8912,0.0],[81.1151,71.8922,1.2985],[81.0958,71.9021,0.0],[81.0922,71.9016,9.5477],[81.0875,71.8979,10.438],[81.0755,71.8984,10.6278],[81.0714,71.9016,10.3414],[81.0787,71.9026,9.8435],[81.0807,71.9057,6.0962],[81.0682,71.912,0.0],[81.0589,71.913,11.0012],[81.0391,71.9224,0.0],[81.0313,71.9229,10.1923],[81.0229,71.9271,5.9058],[81.0151,71.9276,7.7565],[81.0162,71.9307,0.0],[81.0146,71.9313,0.0],[81.0062,71.9313,10.0658],[81.0021,71.9333,9.5296],[80.9958,71.9333,10.2851],[80.9812,71.9375,0.0],[80.9708,71.9354,0.0],[80.9667,71.9375,1.7518],[80.9589,71.938,1.1428],[80.9599,71.9411,0.0],[80.9526,71.9453,1.2944],[80.9583,71.9458,0.0],[80.9599,71.9474,0.0],[80.9521,71.9479,1.2619],[80.9411,71.9537,0.0],[80.9333,71.9563,1.7223],[80.9255,71.9568,3.5982],[80.9266,71.9599,0.0],[80.9187,71.9604,5.2393],[80.9016,71.9682,0.0],[80.8922,71.9693,10.6252],[80.8932,71.9724,0.0],[80.8917,71.9729,0.0],[80.8854,71.9729,7.1464],[80.8771,71.9771,0.0],[80.8625,71.9771,13.798],[80.8542,71.9812,2.965],[80.8479,71.9812,13.5054],[80.8401,71.9838,1.179],[80.8432,71.987,0.0],[80.838,71.988,1.4531],[80.8411,71.9912,1.5022],[80.8359,71.9922,1.2485],[80.8391,71.9953,0.7083],[80.8297,71.9984,1.1706],[80.8307,72.0016,0.0],[80.8214,72.0026,1.1311],[80.8224,72.0057,0.0],[80.8083,72.0083,0.0],[80.8042,72.0062,1.6759],[80.7963,72.0057,1.3753],[80.7995,72.0026,1.4318],[80.7958,72.0021,2.0195],[80.7901,72.0047,2.0277],[80.7953,72.012,0.0],[80.7875,72.0125,0.995],[80.7792,72.0167,0.0],[80.7625,72.0167,0.5393],[80.7583,72.0146,0.0],[80.75,72.0146,0.4548],[80.7484,72.0162,0.6369],[80.7526,72.0203,0.0],[80.7583,72.0208,0.8653],[80.7599,72.0224,0.0],[80.7375,72.0292,0.425],[80.7047,72.0318,1.6059],[80.7057,72.0349,1.3526],[80.6964,72.0359,0.768],[80.6974,72.0391,0.0],[80.6849,72.0453,0.0],[80.6797,72.0463,0.9927],[80.6828,72.0495,0.0],[80.6776,72.0505,4.8888],[80.6833,72.0542,1.0102],[80.7016,72.0547,0.7414],[80.7099,72.0609,0.0],[80.7068,72.063,0.0],[80.7083,72.0646,0.6136],[80.7146,72.0625,0.0],[80.7229,72.0646,1.3642],[80.7271,72.0625,1.1232],[80.7438,72.0625,0.4372],[80.7562,72.0667,1.3132],[80.7729,72.0667,0.5234],[80.7792,72.0646,0.5849],[80.7828,72.0682,0.0],[80.7797,72.0693,0.0],[80.7807,72.0724,0.0],[80.7776,72.0745,0.0],[80.7833,72.075,0.0],[80.7875,72.0729,0.0],[80.7953,72.0724,2.0257],[80.8037,72.0682,2.1636],[80.8026,72.0651,1.2225],[80.8099,72.062,2.1691],[80.8089,72.0589,1.9174],[80.812,72.0578,2.5033],[80.8109,72.0547,2.2163],[80.8141,72.0526,2.0599],[80.8068,72.0516,1.7373],[80.8047,72.0484,1.3727],[80.8229,72.0479,0.0],[80.8245,72.0495,0.0],[80.8214,72.0505,0.0],[80.8224,72.0537,0.0],[80.8193,72.0547,0.0],[80.8224,72.0599,0.0],[80.8193,72.062,0.0],[80.8266,72.0703,0.0],[80.8208,72.0729,1.3741],[80.8063,72.075,1.3329],[80.8,72.0729,2.4767],[80.7984,72.0734,2.3115],[80.7995,72.0766,1.3354],[80.7979,72.0771,1.1547],[80.7771,72.0771,0.8899],[80.7688,72.0813,2.6174],[80.75,72.0833,1.5628],[80.7458,72.0854,0.0],[80.7422,72.0849,1.1205],[80.7349,72.0776,1.0901],[80.7312,72.0771,1.7007],[80.7271,72.0792,1.1439],[80.7172,72.0797,1.8312],[80.7089,72.0839,1.8149],[80.7099,72.087,1.7603],[80.7021,72.0875,1.6874],[80.6979,72.0896,1.2154],[80.6896,72.0896,1.6718],[80.6813,72.0938,0.0],[80.6542,72.0938,2.3179],[80.65,72.0958,1.824],[80.6417,72.0958,1.7957],[80.6271,72.1,0.0],[80.6208,72.1,1.0197],[80.6167,72.1021,0.0],[80.5958,72.1021,5.7836],[80.5917,72.1042,0.0],[80.5813,72.1042,8.4199],[80.575,72.1021,8.0759],[80.5734,72.1026,8.3217],[80.5745,72.1057,2.948],[80.5729,72.1062,5.7265],[80.5583,72.1062,12.04],[80.5516,72.1099,0.0],[80.5437,72.1104,7.3302],[80.5396,72.1125,0.0],[80.5188,72.1125,8.6759],[80.5042,72.1167,0.0],[80.4958,72.1167,13.2744],[80.4917,72.1188,0.0],[80.4771,72.1188,4.2585],[80.4625,72.1229,0.0],[80.4417,72.1229,14.7404],[80.4333,72.1271,0.0],[80.4187,72.1271,11.7973],[80.4146,72.1292,7.1422],[80.3938,72.1292,11.0111],[80.3896,72.1312,9.8411],[80.3818,72.1318,12.1697],[80.375,72.1354,5.7482],[80.3667,72.1354,10.7045],[80.3625,72.1375,0.0],[80.35,72.1375,3.009],[80.3396,72.1417,0.0],[80.3333,72.1417,1.627],[80.3292,72.1438,0.0],[80.3083,72.1438,1.1474],[80.3,72.1479,6.7737],[80.2917,72.1479,8.4926],[80.2875,72.15,0.0],[80.275,72.15,9.4416],[80.2708,72.1521,0.0],[80.2562,72.1521,7.9675],[80.2521,72.1542,5.7577],[80.2333,72.1563,11.6179],[80.2188,72.1604,0.0],[80.2042,72.1604,21.3892],[80.1896,72.1646,0.0],[80.1687,72.1646,11.0216],[80.1646,72.1667,1.4051],[80.1563,72.1667,1.4198],[80.1417,72.1708,9.2312],[80.1271,72.1708,18.9257],[80.1229,72.1729,17.7418],[80.1146,72.1729,25.5734],[80.1062,72.1771,0.0],[80.1,72.1771,0.0],[80.0958,72.1792,0.0],[80.0813,72.1792,21.4795],[80.0667,72.1833,0.0],[80.0563,72.1813,3.3738],[80.0479,72.1854,1.5827],[80.038,72.1859,3.0882],[80.0411,72.188,0.0],[80.0396,72.1896,0.0],[80.0188,72.1896,5.0135],[80.0083,72.1937,4.6932],[79.9896,72.1958,28.1696],[79.9812,72.2,0.0],[79.9688,72.2,5.0261],[79.9646,72.2021,0.0],[79.9563,72.2021,1.8361],[79.9479,72.2063,0.0],[79.9333,72.2063,11.0697],[79.9276,72.2089,8.9701],[79.9287,72.212,0.0],[79.9271,72.2125,0.0],[79.9109,72.213,24.5239],[79.912,72.2161,3.6346],[79.9026,72.2172,14.3602],[79.9036,72.2203,0.0],[79.9021,72.2208,0.0],[79.8859,72.2214,1.0907],[79.887,72.2245,1.8094],[79.8828,72.2266,6.8569],[79.8734,72.2276,25.5475],[79.8745,72.2307,9.1874],[79.8667,72.2333,8.2881],[79.8588,72.2338,33.0565],[79.8599,72.237,6.1746],[79.8557,72.2391,0.0],[79.8458,72.2396,41.656],[79.8359,72.2443,27.6473],[79.837,72.2474,0.0],[79.8193,72.2484,52.3503],[79.7911,72.262,36.7504],[79.7797,72.263,11.8021],[79.762,72.2724,0.0],[79.7521,72.2729,17.8361],[79.7292,72.2833,3.3459],[79.7229,72.2833,51.2787],[79.7083,72.2896,10.478],[79.7021,72.2896,8.5158],[79.6875,72.2958,18.3052],[79.6797,72.2963,16.4095],[79.6583,72.3063,1.9062],[79.65,72.3063,30.6094],[79.6391,72.312,6.9711],[79.6297,72.313,20.6859],[79.6307,72.3161,0.0],[79.6292,72.3167,0.0],[79.6104,72.3187,12.7328],[79.5917,72.3271,0.684],[79.5833,72.3271,7.1088],[79.575,72.3313,1.1331],[79.5672,72.3318,1.1702],[79.5682,72.3349,0.0],[79.5667,72.3354,0.7014],[79.5458,72.3354,1.6557],[79.5354,72.3396,2.0962],[79.5208,72.3396,0.8928],[79.5193,72.3411,1.2085],[79.5224,72.3432,1.1975],[79.5125,72.3438,1.867],[79.5042,72.3479,1.226],[79.4958,72.3479,0.8325],[79.4917,72.35,0.6096],[79.4583,72.35,1.7091],[79.4542,72.3521,1.0901],[79.45,72.3521,1.0688],[79.4437,72.35,1.8659],[79.4396,72.3521,1.6805],[79.425,72.3521,2.5538],[79.4208,72.3542,0.0],[79.3854,72.3542,6.8856],[79.3792,72.3562,1.7413],[79.3729,72.3542,9.9346],[79.3688,72.3562,3.7633],[79.3479,72.3562,9.4755],[79.3438,72.3583,0.5606],[79.3333,72.3562,4.7737],[79.3292,72.3583,1.5896],[79.2937,72.3583,8.3498],[79.2854,72.3625,0.3568],[79.275,72.3625,1.2869],[79.2688,72.3604,12.6649],[79.2646,72.3625,3.9209],[79.2167,72.3625,16.0923],[79.2125,72.3646,0.5819],[79.2021,72.3646,0.5444],[79.1979,72.3625,16.1971],[79.175,72.3625,14.048],[79.1708,72.3646,1.3964],[79.1479,72.3646,0.7857],[79.1438,72.3625,17.7173],[79.1354,72.3625,14.3713],[79.1292,72.3646,0.0],[79.1208,72.3625,26.4097],[79.1167,72.3646,0.0],[79.1125,72.3646,0.0],[79.1,72.3604,18.4348],[79.0896,72.3604,15.5495],[79.0854,72.3625,14.1755],[79.0313,72.3625,22.9578],[79.0271,72.3646,0.0],[79.0229,72.3646,0.0],[79.0188,72.3625,15.1769],[78.9833,72.3625,18.8096],[78.9792,72.3646,0.0],[78.975,72.3646,0.0],[78.9688,72.3625,1.5677],[78.9646,72.3646,1.1881],[78.9437,72.3646,2.6966],[78.9396,72.3667,0.0],[78.9292,72.3667,1.0296],[78.9229,72.3646,1.4184],[78.9187,72.3667,1.1761],[78.8896,72.3667,1.6372],[78.8854,72.3688,0.0],[78.8771,72.3688,0.0],[78.8729,72.3667,11.6993],[78.8562,72.3667,8.8314],[78.85,72.3688,0.0],[78.8458,72.3667,9.0126],[78.8292,72.3667,17.3634],[78.825,72.3688,0.0],[78.7833,72.3688,17.868],[78.7792,72.3708,0.0],[78.775,72.3708,0.0],[78.7708,72.3688,26.249],[78.7625,72.3688,18.6694],[78.7583,72.3708,6.6684],[78.7292,72.3708,25.0376],[78.725,72.3729,0.0],[78.7188,72.3708,25.5334],[78.7083,72.3708,18.7031],[78.7042,72.3729,16.5179],[78.6708,72.3729,18.1883],[78.6667,72.375,0.0],[78.6167,72.375,8.6992],[78.6125,72.3771,0.0],[78.6088,72.3766,0.0],[78.6042,72.3729,0.0],[78.5938,72.375,0.0],[78.5922,72.3734,1.403],[78.5953,72.3714,0.0],[78.5854,72.3688,0.0],[78.5458,72.3667,0.8468],[78.5443,72.3682,1.0096],[78.5521,72.3688,1.2534],[78.5563,72.3708,1.5903],[78.5813,72.3708,0.0],[78.5849,72.3745,1.4318],[78.5542,72.375,0.0],[78.55,72.3771,0.0],[78.5417,72.3771,0.0],[78.5375,72.375,0.0],[78.5234,72.3745,0.0],[78.5266,72.3723,2.0011],[78.5309,72.3724,1.7475],[78.5838,72.3358,20.0266],[78.7207,72.2658,11.9455],[78.6999,72.2321,3.1808],[78.7038,72.209,3.1675],[78.8136,72.1823,24.6492],[79.0047,72.1132,4.2515],[79.2963,72.0456,5.1437],[79.5229,72.0348,3.6155],[79.8236,72.0507,5.4322],[79.9228,72.0128,10.8553],[80.1177,71.9933,17.9593],[80.298,71.9606,28.3223],[80.4354,71.9217,28.4972],[80.4984,71.8705,26.8817],[80.4705,71.8474,28.6506],[80.3548,71.8399,25.24],[80.2535,71.825,39.3041],[80.2311,71.7965,31.9984],[80.2316,71.7519,30.2017],[80.1709,71.6934,22.4805],[80.0369,71.6304,24.5038],[79.8469,71.6013,27.6496],[79.6787,71.5986,32.1617],[79.4989,71.6062,41.0303],[79.4478,71.598,55.6884],[79.4574,71.5396,58.5942],[79.4672,71.5008,65.1599],[79.4356,71.4673,46.4141],[79.3534,71.4558,38.7213],[79.3295,71.4182,47.4948],[79.353,71.3595,8.0509],[79.4012,71.3141,5.8458],[79.4905,71.2886,16.0254],[79.6071,71.2854,41.1921],[79.7029,71.2538,24.6063],[79.8242,71.1997,39.8086],[79.9523,71.1327,43.3444],[80.1157,71.1033,52.6414],[80.2998,71.0778,4.009],[80.4955,71.0563,10.6358],[80.6406,71.044,43.9333],[80.7174,70.997,57.9721],[80.7358,70.9421,85.3164],[80.7425,70.9053,59.7547],[80.7464,70.8692,29.8712],[80.8086,70.8313,21.0942],[80.8537,70.7935,31.2356],[80.8386,70.7623,21.7368],[80.8047,70.7234,23.8365],[80.7671,70.6927,25.7166],[80.8365,70.6585,12.3742],[80.9091,70.6524,10.0769],[80.9412,70.6279,28.5784],[80.8829,70.5635,32.3277],[80.8071,70.5185,15.2073],[80.7752,70.4749,9.9556],[80.8418,70.4367,5.4166],[80.9277,70.4168,3.1222],[80.9441,70.3974,6.4318],[80.8979,70.3707,6.3701],[80.7835,70.3743,6.7741],[80.6972,70.4037,7.3581],[80.6185,70.4176,65.8293],[80.491,70.4169,104.7645],[80.4004,70.4189,87.765],[80.2811,70.3988,83.7403],[80.2746,70.3654,78.1982],[80.056,70.2798,85.8057],[79.779,70.199,25.9853],[79.7095,70.1472,52.8934],[79.6763,70.1166,49.8708],[79.6288,70.0989,29.3214],[79.6117,70.1268,31.1875],[79.533,70.1374,5.2696],[79.464,70.1432,11.9631],[79.4189,70.1199,24.5634],[79.4034,70.0855,9.4862],[79.4095,70.0515,10.0685],[79.3108,70.0116,8.9686],[79.2124,69.9418,12.8696],[79.1363,69.911,9.2114],[79.0588,69.8906,36.96],[78.9989,69.8693,52.6153],[79.0346,69.8127,19.422],[79.1,69.7682,13.3742],[79.1516,69.7356,15.9837],[79.1376,69.7061,17.4416],[79.1172,69.6507,32.146],[79.2449,69.6327,24.9865],[79.513,69.6209,20.0371],[79.5767,69.5705,33.6473],[79.6029,69.5225,19.6207],[79.6203,69.466,22.3655],[79.7019,69.4004,21.2282],[79.7793,69.3948,21.8416],[79.8524,69.3598,20.7108],[79.8883,69.3275,25.573],[80.007,69.3044,36.2826],[80.1516,69.3099,33.7328],[80.3138,69.3135,28.0186],[80.4202,69.2946,36.0901],[80.5747,69.2751,40.8411],[80.7054,69.2806,45.3044],[80.808,69.2592,42.0703],[80.9064,69.2231,40.4187],[81.0323,69.1917,37.8511],[81.1545,69.1876,43.5081],[81.2737,69.2096,68.1487],[81.3909,69.2389,65.9956],[81.5253,69.2262,113.5974],[81.6267,69.2347,54.3245],[81.7123,69.2663,58.1831],[81.7448,69.3133,64.0189],[81.7234,69.3747,94.1535],[81.7942,69.417,77.3566],[81.901,69.3784,77.2014],[82.0788,69.3431,63.5782],[82.0781,69.289,56.6883],[81.9835,69.2577,33.9915],[81.9275,69.2141,57.7004],[81.9471,69.1773,66.5599],[82.067,69.1581,49.4205],[82.1658,69.1557,60.0354],[82.2735,69.1342,61.2835],[82.3957,69.1321,60.3932],[82.4732,69.1274,85.0704],[82.5208,69.1018,51.7544],[82.5423,69.0794,86.0573],[82.4897,69.0487,93.8884],[82.4327,69.0298,127.1738],[82.4658,69.0029,114.9313],[82.5354,68.9719,98.3285],[82.5699,68.9356,123.5782],[82.6009,68.883,103.6506],[82.6044,68.8399,103.1234],[82.6412,68.8001,85.0775],[82.6867,68.7763,78.288],[82.7895,68.7515,87.4596],[82.8826,68.7116,96.316],[82.929,68.6614,115.4387],[82.945,68.6055,109.5149],[82.8819,68.5909,66.461],[82.7751,68.5569,72.2195],[82.7212,68.5506,85.98],[82.7714,68.5322,91.0879],[82.8407,68.5166,94.0572],[82.9809,68.4968,37.0549],[83.173,68.5001,94.9562],[83.3126,68.498,32.4667],[83.4319,68.4815,22.9439],[83.5394,68.4393,111.9948],[83.623,68.4023,91.8083],[83.7736,68.399,74.5709],[83.8609,68.4084,81.1817],[83.8748,68.4568,92.0949],[83.7837,68.5055,57.0162],[83.8415,68.5374,11.0449],[83.9952,68.5455,32.8747],[84.1773,68.573,90.7092],[84.3835,68.6072,87.287],[84.4571,68.6676,25.8446],[84.5006,68.7393,53.0404],[84.523,68.8776,48.803],[84.5213,69.0523,24.7757],[84.5633,69.1595,28.8762],[84.6345,69.2365,26.1761],[84.7205,69.2845,10.0283],[84.7754,69.3062,19.1495],[84.7439,69.3552,26.6898],[84.6682,69.3975,31.3992],[84.6465,69.4229,40.5804],[84.6845,69.4488,5.8666],[84.7888,69.5003,55.2686],[84.8971,69.5671,62.7583],[84.9609,69.6328,49.945],[84.9492,69.7109,30.5993],[84.8883,69.7792,-0.2636],[84.7599,69.8312,97.2969],[84.6598,69.8763,90.2821],[84.9676,69.9075,80.217],[85.1261,69.934,69.895],[85.3179,69.95,62.8249],[85.5395,69.9776,44.0425],[85.845,70.0198,45.4266],[86.1299,70.0747,49.868],[86.2801,70.1301,44.8855],[86.3221,70.2045,46.3387],[86.2938,70.2811,42.5761],[86.1587,70.349,37.9672],[86.1864,70.3838,39.4202],[86.235,70.4247,31.4388],[86.234,70.4874,36.138],[86.1694,70.5434,36.5156],[86.0461,70.5894,36.5309],[85.865,70.6218,39.1829],[85.8042,70.6733,32.6621],[85.9048,70.6902,47.3847],[86.0194,70.7024,43.4434],[86.1584,70.7015,41.8002],[86.3036,70.7045,65.9923],[86.4554,70.7107,112.265],[86.6149,70.7043,46.1853],[86.6091,70.6675,48.2695],[86.7367,70.6633,68.5666],[86.8362,70.6628,129.0154],[86.9731,70.6516,101.4526],[87.0134,70.6161,46.4056],[87.0299,70.5697,71.4585],[87.1674,70.5286,83.5003],[87.2731,70.4938,93.9334],[87.4595,70.5081,153.0214],[87.6904,70.5121,40.0485],[87.7895,70.4934,50.3022],[87.9047,70.4626,36.5428],[87.9958,70.4676,72.7669],[88.0289,70.4911,66.4515],[88.0971,70.5308,76.8005],[88.1873,70.5719,73.6528],[88.3404,70.6,80.8621],[88.5512,70.6269,69.2347],[88.6668,70.6683,90.8605],[88.7119,70.7343,73.4535],[88.8458,70.7562,74.8487],[88.9261,70.8093,79.2906],[88.7991,70.8707,79.3672],[88.7276,70.9223,106.4015],[88.6361,70.9681,38.139],[88.6041,71.0016,46.8677],[88.5053,71.0964,38.725],[88.3512,71.1206,46.9516],[88.1969,71.1662,24.8112],[88.1773,71.2173,29.4396],[88.2648,71.2357,23.0088],[88.3312,71.2687,49.3885],[88.4208,71.3058,44.9348],[88.4766,71.369,36.8962],[88.5867,71.4465,18.9599],[88.696,71.4734,18.5536],[88.8061,71.4705,17.0996],[88.9121,71.4794,18.9651],[88.9976,71.5208,35.7036],[88.9764,71.550299999999993,55.1333],[88.8518,71.5899,38.7982],[88.6951,71.6303,34.9081],[88.5429,71.6878,21.2716],[88.4875,71.7772,40.4037],[88.5318,71.8565,46.2746],[88.6081,71.8854,29.8294],[88.7524,71.8853,17.8372],[88.8486,71.9151,19.3815],[88.9041,71.9726,39.3544],[88.8204,72.0849,42.8031],[88.7477,72.2383,95.0645],[88.5974,72.2803,99.3242],[88.4842,72.3424,60.1989],[88.3635,72.3457,52.2763],[88.1678,72.3661,48.1052],[88.0413,72.4121,46.8275],[87.8895,72.4086,45.4784],[87.8232,72.4422,48.1386],[87.6868,72.4687,44.4254],[87.4619,72.4622,88.1825],[87.1175,72.4185,111.2805],[86.9428,72.4997,74.9667],[86.656,72.4553,41.2276],[86.2963,72.4735,54.7148],[86.171,72.4592,44.681],[86.0674,72.4216,45.8066],[85.9609,72.4028,34.0378],[85.7536,72.3881,29.962],[85.7763,72.3366,30.6025],[85.7712,72.304,18.2108],[85.7087,72.2673,21.484],[85.6171,72.2389,29.1545],[85.4171,72.229,48.1477],[85.2087,72.2714,60.7077],[85.0738,72.3107,68.6394],[84.9535,72.3796,43.318],[84.8404,72.4234,56.3333],[84.7023,72.4681,58.6753],[84.7226,72.4134,56.2795],[84.5945,72.3741,47.4652],[84.4742,72.3676,34.6773],[84.3035,72.3695,50.7086],[84.0935,72.3576,34.4198],[83.8606,72.3772,47.2637],[83.7458,72.4358,80.2366],[83.6232,72.4765,128.6115],[83.5554,72.5055,119.3977],[83.4591,72.511,143.3512],[83.0173,72.4368,55.9408],[82.842,72.4123,0.3868],[82.6176,72.3978,2.7011],[82.4905,72.355,0.9903],[82.3335,72.3374,2.0527],[82.3217,72.3146,0.44],[82.3354,72.3146,0.9125],[82.3396,72.3125,0.2749],[82.3562,72.3125,0.0591],[82.3662,72.3151,0.202],[82.3568,72.3182,1.6256],[82.3672,72.3266,0.1135],[82.3812,72.325,1.1662],[82.3828,72.3234,2.1295],[82.3807,72.3214,1.5522],[82.3734,72.3203,0.013],[82.3766,72.3172,0.556],[82.3703,72.313,1.3988],[82.3604,72.3104,1.5745],[82.325,72.3104,1.8224]]],
[[[83.2396,70.3667,4.3005],[83.2359,70.3651,0.0],[83.2583,70.3646,0.0],[83.2625,70.3667,2.8748],[83.2729,70.3667,0.0],[83.2745,70.3682,0.3757],[83.2714,70.3703,1.288],[83.2745,70.3724,0.0],[83.2646,70.3729,2.3689],[83.2604,70.3708,3.5824],[83.25,70.3708,1.1459],[83.2484,70.3703,2.2374],[83.2495,70.3672,3.2336],[83.2396,70.3667,4.3005]]],
[[[83.2484,70.3766,0.9907],[83.2526,70.3734,0.0],[83.2562,70.3729,0.0],[83.2828,70.3797,0.0],[83.3037,70.3995,1.5667],[83.2922,70.3995,0.969],[83.2849,70.3922,1.9489],[83.2792,70.3917,1.0884],[83.2734,70.3891,0.0],[83.2766,70.3859,4.705],[83.2632,70.3849,0.0],[83.2599,70.3818,2.7281],[83.2526,70.3807,0.0],[83.2484,70.3766,0.9907]]],
[[[83.4661,70.4047,1.7735],[83.4646,70.4063,0.0],[83.4583,70.4063,0.0],[83.4526,70.4089,0.8577],[83.4557,70.4141,2.6017],[83.4521,70.4146,0.3573],[83.4432,70.4068,1.8456],[83.4276,70.4036,1.2261],[83.4182,70.3964,4.4837],[83.4109,70.3953,0.0],[83.4089,70.3922,0.0],[83.4146,70.3896,4.0825],[83.4292,70.3896,0.0],[83.4474,70.3943,0.0],[83.4526,70.3995,3.1115],[83.4599,70.4005,1.8334],[83.4661,70.4047,1.7735]]],
[[[83.5708,70.5292,0.0],[83.5745,70.5297,0.0],[83.5787,70.5339,0.0],[83.5755,70.5359,3.5948],[83.5787,70.5401,0.9408],[83.5776,70.5432,3.5205],[83.5833,70.5437,0.0],[83.5849,70.5453,0.0],[83.575,70.55,2.608],[83.5229,70.55,1.908],[83.4771,70.5333,0.6013],[83.4667,70.5375,0.0],[83.4484,70.5401,1.7728],[83.4578,70.5432,0.0],[83.45,70.5437,1.0676],[83.4458,70.5458,1.2258],[83.4313,70.5458,1.3236],[83.4187,70.5417,2.3387],[83.4104,70.5417,1.6117],[83.4063,70.5437,0.9228],[83.3854,70.5437,0.0],[83.3797,70.5411,0.0],[83.3828,70.538,2.744],[83.3755,70.537,0.0],[83.3786,70.5339,2.5314],[83.3734,70.5276,0.0],[83.3828,70.5266,3.1914],[83.3797,70.5245,0.0],[83.3812,70.5229,2.6372],[83.3953,70.5224,0.0],[83.3943,70.5193,1.4608],[83.3974,70.5182,4.5067],[83.3964,70.5151,1.5608],[83.3995,70.5141,4.0819],[83.3984,70.5109,0.0],[83.4057,70.5078,3.6653],[83.4026,70.5047,0.0],[83.4182,70.4974,3.0477],[83.4172,70.4943,0.0],[83.4203,70.4932,1.1717],[83.4193,70.4859,0.0],[83.425,70.4833,0.0],[83.4328,70.4828,2.4978],[83.4453,70.4766,1.0803],[83.4443,70.4734,0.0574],[83.4495,70.4703,2.3158],[83.4484,70.4672,0.0],[83.4563,70.4667,2.3704],[83.4604,70.4646,0.5951],[83.4729,70.4646,4.576],[83.4771,70.4625,0.9593],[83.4896,70.4625,4.614],[83.4938,70.4604,0.0],[83.5208,70.4604,0.0],[83.5307,70.463,2.2242],[83.537,70.4703,2.7192],[83.5193,70.4797,1.9229],[83.5203,70.4828,0.0],[83.5109,70.4838,2.1266],[83.512,70.487,1.5958],[83.5089,70.4891,1.5901],[83.512,70.4912,0.0],[83.5047,70.4943,1.7581],[83.5057,70.4974,0.8813],[83.4984,70.5016,0.0],[83.5005,70.5036,0.0],[83.5078,70.5047,0.0],[83.5214,70.5162,1.4995],[83.5333,70.5167,0.0],[83.5458,70.5208,0.0],[83.55,70.5208,0.0],[83.5547,70.5245,2.8602],[83.5625,70.525,0.0],[83.5672,70.5286,0.0],[83.5708,70.5292,0.0]]],
[[[83.6333,70.4604,3.1266],[83.6297,70.4568,0.0],[83.6396,70.4563,0.2107],[83.6443,70.4599,3.9483],[83.6536,70.4609,0.4635],[83.6599,70.4682,2.0697],[83.65,70.4688,0.7628],[83.6453,70.4651,4.0127],[83.638,70.4641,0.9392],[83.6333,70.4604,3.1266]]],
[[[83.6104,70.5104,1.2215],[83.6,70.5104,1.3202],[83.5958,70.5125,0.5219],[83.575,70.5125,1.8337],[83.5651,70.5099,1.1116],[83.5583,70.5062,3.0303],[83.5526,70.5057,0.0],[83.5557,70.5026,3.8959],[83.5516,70.4984,4.7365],[83.5443,70.4974,0.0],[83.5516,70.4922,4.0771],[83.5437,70.4917,0.1927],[83.5422,70.4901,0.0],[83.5495,70.487,2.3443],[83.5484,70.4838,0.4847],[83.5516,70.4828,3.3975],[83.5505,70.4797,0.0],[83.5537,70.4786,4.0299],[83.5526,70.4755,0.0],[83.5599,70.4745,4.3268],[83.5589,70.4714,0.0],[83.5661,70.4682,0.0],[83.5651,70.4651,0.0],[83.5682,70.463,3.2702],[83.5641,70.4589,1.651],[83.5583,70.4563,1.6746],[83.5443,70.4537,1.4703],[83.5375,70.4479,4.2965],[83.5271,70.4479,0.8813],[83.4922,70.4391,0.0],[83.4849,70.4339,1.1932],[83.4776,70.4328,0.0],[83.4609,70.4172,2.3298],[83.4708,70.4167,0.0],[83.4833,70.4208,4.1376],[83.4958,70.4208,0.0],[83.5083,70.425,0.0],[83.55,70.425,0.0],[83.5563,70.4271,2.696],[83.5625,70.425,0.0],[83.5667,70.4271,3.7117],[83.5833,70.4271,0.0],[83.5932,70.4297,0.5201],[83.5995,70.437,0.0],[83.5922,70.4411,2.727],[83.5995,70.4464,0.3788],[83.5964,70.4495,0.0],[83.6036,70.4505,0.0],[83.6057,70.4526,0.0],[83.6026,70.4547,4.7847],[83.6047,70.4578,4.2836],[83.6109,70.462,3.8559],[83.6182,70.463,0.0],[83.6234,70.4682,2.7556],[83.6307,70.4693,0.0],[83.6516,70.488,0.0],[83.6484,70.4901,0.0],[83.6516,70.4932,0.0],[83.6484,70.4943,0.0],[83.6495,70.4974,0.0],[83.6464,70.4984,0.0],[83.6474,70.5016,0.2948],[83.6333,70.5083,0.2811],[83.6104,70.5104,1.2215]]],
[[[83.7422,70.4745,1.1699],[83.7432,70.4766,0.0],[83.7359,70.4776,2.5469],[83.737,70.4807,0.0],[83.7354,70.4812,0.0],[83.7271,70.4812,1.6384],[83.7235,70.4787,0.0],[83.7245,70.4755,0.0],[83.7234,70.4734,0.0],[83.7266,70.4724,2.3602],[83.7255,70.4693,0.0],[83.737,70.4641,4.0869],[83.7338,70.462,0.0],[83.7354,70.4604,0.0],[83.7438,70.4604,2.6853],[83.7495,70.463,0.5152],[83.7422,70.4672,3.62],[83.7453,70.4724,0.0],[83.7422,70.4745,1.1699]]],
[[[83.7797,70.512,1.607],[83.787,70.513,0.4894],[83.7891,70.5162,0.6727],[83.7792,70.5208,0.8347],[83.7562,70.5146,0.7679],[83.7375,70.5188,0.0],[83.7307,70.513,3.2728],[83.7234,70.512,0.0],[83.7266,70.5089,3.9234],[83.7234,70.5078,0.516],[83.7214,70.5047,0.0],[83.7354,70.5021,3.0366],[83.7396,70.5042,4.3663],[83.7646,70.5062,0.0],[83.7745,70.5089,0.4033],[83.7797,70.512,1.607]]],
[[[83.7312,70.5229,0.5568],[83.7188,70.5271,0.7484],[83.7104,70.5271,0.8987],[83.7047,70.5245,1.5047],[83.7005,70.5193,1.0351],[83.7037,70.5182,1.3658],[83.7026,70.5151,1.8564],[83.7057,70.5141,1.9317],[83.7047,70.5109,1.751],[83.7083,70.5104,3.2038],[83.7266,70.5151,0.0],[83.7286,70.5182,0.0],[83.7255,70.5203,3.4124],[83.7328,70.5214,0.0],[83.7312,70.5229,0.5568]]],
[[[83.7932,70.5203,0.0],[83.7896,70.5208,1.7007],[83.788,70.5193,2.2113],[83.7917,70.5188,0.7774],[83.7932,70.5203,0.0]]],
[[[83.4958,70.5583,1.364],[83.4922,70.5578,1.3859],[83.4922,70.5568,1.1783],[83.4974,70.5568,0.3563],[83.4958,70.5583,1.364]]],
[[[83.5443,70.6203,0.0],[83.5516,70.6255,0.3605],[83.562,70.637,0.5036],[83.5333,70.6521,0.9891],[83.5297,70.6516,4.7018],[83.5255,70.6474,0.3149],[83.5286,70.6453,0.3243],[83.5276,70.6422,0.2601],[83.5286,70.6401,0.336],[83.5255,70.637,0.304],[83.5286,70.6349,0.4461],[83.5266,70.6318,0.4745],[83.4943,70.6307,1.3825],[83.4974,70.6276,0.1642],[83.4943,70.6255,0.0],[83.5036,70.6245,0.28],[83.5078,70.6224,1.806],[83.5068,70.6193,0.2768],[83.5167,70.6146,1.9669],[83.525,70.6146,0.2872],[83.5313,70.6188,3.7411],[83.5417,70.6188,0.0],[83.5443,70.6203,0.0]]],
[[[82.9411,70.2203,1.2188],[82.9318,70.2214,3.6386],[82.9349,70.2245,1.1515],[82.925,70.2292,1.9237],[82.9213,70.2286,1.6092],[82.9172,70.2245,0.5257],[82.9187,70.2229,0.791],[82.9266,70.2224,3.3264],[82.9234,70.2193,0.6277],[82.9328,70.2182,2.439],[82.9318,70.2151,1.3091],[82.9349,70.213,4.8846],[82.9297,70.2068,0.2192],[82.9328,70.2057,0.7675],[82.9318,70.2026,0.3037],[82.9349,70.2016,4.1275],[82.9339,70.1984,0.0],[82.9391,70.1953,5.2889],[82.938,70.1922,0.0],[82.9537,70.1849,5.7097],[82.9526,70.1818,0.5199],[82.9557,70.1797,0.9431],[82.9537,70.1776,0.5092],[82.95,70.1771,0.0],[82.9458,70.1792,0.0],[82.9396,70.1792,2.3511],[82.9333,70.1813,0.9972],[82.9151,70.1766,0.0],[82.913,70.1734,0.0],[82.9161,70.1713,3.9205],[82.9109,70.1682,0.0],[82.9141,70.1651,5.7104],[82.9089,70.1599,0.0],[82.9104,70.1583,0.0],[82.9182,70.1578,5.1157],[82.9172,70.1547,0.0],[82.9229,70.1521,0.0],[82.9307,70.1516,4.1094],[82.9339,70.1484,0.1872],[82.9411,70.1453,4.1354],[82.938,70.1401,0.0],[82.9458,70.1396,1.0568],[82.9557,70.1349,3.3644],[82.9516,70.1297,1.5172],[82.9484,70.1286,0.0],[82.9516,70.1255,1.1862],[82.9479,70.125,1.0929],[82.9417,70.1271,1.0151],[82.9318,70.1245,0.3672],[82.9297,70.1214,1.3333],[82.937,70.1172,1.0833],[82.9313,70.1167,1.2966],[82.9297,70.1151,1.1436],[82.9375,70.1146,1.1522],[82.9417,70.1125,0.9912],[82.9479,70.1146,1.1699],[82.9563,70.1146,2.3164],[82.9792,70.1083,1.1314],[82.9917,70.1083,5.1635],[83.0062,70.1042,1.5545],[83.0162,70.1047,1.2977],[83.0089,70.1088,0.99],[83.0099,70.112,0.0],[83.0068,70.1141,0.0],[83.0104,70.1146,0.0],[83.0162,70.112,0.0],[83.0151,70.1088,0.0],[83.0193,70.1068,0.8789],[83.0271,70.1062,3.5583],[83.0396,70.1,1.1727],[83.0604,70.0958,1.1325],[83.0703,70.0984,0.9817],[83.0672,70.1016,1.2713],[83.0714,70.1057,1.0811],[83.0787,70.1068,1.2943],[83.0839,70.112,1.2973],[83.0911,70.113,1.6881],[83.0891,70.1162,0.6059],[83.0859,70.1172,0.7617],[83.0901,70.1224,0.3213],[83.0953,70.1224,1.4586],[83.0943,70.1193,0.0],[83.0979,70.1188,6.6894],[83.1078,70.1214,0.0],[83.1099,70.1234,0.0],[83.1042,70.1271,1.8515],[83.0958,70.1271,0.0],[83.0917,70.125,0.0],[83.088,70.1266,3.7517],[83.0917,70.1292,3.241],[83.1057,70.1318,0.0],[83.1026,70.1349,2.6785],[83.1068,70.1391,6.241],[83.1125,70.1417,0.0],[83.1182,70.1422,0.0],[83.1109,70.1474,3.6103],[83.1162,70.1526,0.6237],[83.113,70.1557,5.728],[83.1203,70.1568,0.572],[83.1172,70.1589,3.2692],[83.1182,70.162,3.022],[83.1047,70.163,3.383],[83.1068,70.1661,2.9031],[83.1141,70.1672,4.2801],[83.1162,70.1693,0.789],[83.113,70.1713,3.2841],[83.1141,70.1745,0.0],[83.1083,70.1771,0.0],[83.1005,70.1776,2.9926],[83.0875,70.1854,0.8321],[83.0813,70.1854,2.8185],[83.0729,70.1896,1.0562],[83.0547,70.1922,2.8615],[83.0458,70.1979,0.9742],[83.0318,70.1984,2.2683],[83.0276,70.2005,1.6738],[83.0286,70.2037,0.9941],[83.0208,70.2042,1.4358],[83.0125,70.2083,1.0913],[83.0062,70.2083,2.0879],[83.0,70.2104,2.5339],[82.9984,70.2089,2.3794],[83.0016,70.2068,1.1738],[82.9995,70.2047,1.0577],[82.9896,70.2042,4.0544],[82.9771,70.2083,1.0597],[82.9693,70.2089,3.9244],[82.9703,70.212,1.0245],[82.9688,70.2125,0.9113],[82.9563,70.2125,2.0325],[82.9479,70.2167,2.5468],[82.9401,70.2172,2.3392],[82.9411,70.2203,1.2188]]],
[[[82.8833,70.2188,1.0354],[82.8708,70.2188,1.1857],[82.8693,70.2193,1.4182],[82.8703,70.2224,0.9675],[82.8604,70.2229,2.6257],[82.8557,70.2193,3.0931],[82.8484,70.2182,0.0],[82.8516,70.2151,0.0],[82.8484,70.2109,0.702],[82.8536,70.2078,4.2371],[82.8464,70.1995,1.3382],[82.8495,70.1964,3.3017],[82.8474,70.1943,4.4476],[82.8401,70.1932,0.0],[82.8276,70.1807,0.0],[82.8307,70.1776,0.0],[82.8276,70.1755,0.0],[82.8333,70.1729,0.0],[82.8411,70.1724,5.385],[82.8401,70.1693,0.0],[82.8516,70.1641,4.9127],[82.8505,70.1609,0.7877],[82.8557,70.1578,1.7863],[82.8547,70.1547,0.0],[82.8662,70.1495,1.3125],[82.8651,70.1464,0.0],[82.8729,70.1458,2.8931],[82.8828,70.1412,6.3442],[82.8818,70.138,1.5941],[82.8891,70.137,5.9998],[82.888,70.1339,1.4044],[82.8958,70.1333,3.826],[82.9042,70.1292,3.5399],[82.9182,70.1276,0.0],[82.9151,70.1307,6.2479],[82.9203,70.137,3.4692],[82.9172,70.138,3.8973],[82.9182,70.1412,1.8765],[82.9151,70.1422,2.7077],[82.9161,70.1453,0.8205],[82.9068,70.1505,1.0542],[82.9078,70.1536,0.0],[82.8984,70.1547,2.0803],[82.9057,70.1578,0.0],[82.8979,70.1583,0.9651],[82.8922,70.1609,0.9784],[82.8932,70.1641,0.4995],[82.8922,70.1661,0.9543],[82.9036,70.1776,0.0],[82.9005,70.1807,5.9924],[82.9078,70.1818,0.0],[82.9099,70.1839,0.0],[82.9068,70.1859,0.4159],[82.9078,70.1891,0.5159],[82.9026,70.1922,5.7709],[82.9078,70.1995,0.9464],[82.9005,70.2026,3.3642],[82.9021,70.2042,3.9096],[82.9078,70.2047,0.9551],[82.9047,70.2078,2.9356],[82.9078,70.212,0.9707],[82.8979,70.2167,1.45],[82.8875,70.2167,1.4026],[82.8833,70.2188,1.0354]]],
[[[82.8375,70.2042,1.3424],[82.8391,70.2047,1.4379],[82.838,70.2078,2.4001],[82.8411,70.212,1.0552],[82.838,70.213,3.5707],[82.8391,70.2161,3.4945],[82.8359,70.2172,3.4745],[82.837,70.2203,3.2807],[82.8354,70.2208,2.289],[82.8255,70.2203,1.2994],[82.8287,70.2172,1.1575],[82.8214,70.2161,1.176],[82.8193,70.2141,1.0379],[82.8224,70.212,1.7995],[82.8208,70.2104,2.0867],[82.8,70.2104,1.2912],[82.7917,70.2146,0.9896],[82.7854,70.2146,1.385],[82.7792,70.2167,1.0007],[82.7693,70.2141,1.1965],[82.7724,70.212,1.0788],[82.7693,70.2068,1.5301],[82.7724,70.2047,2.9585],[82.7651,70.2037,1.4937],[82.7609,70.1995,1.1587],[82.7641,70.1964,2.9594],[82.7609,70.1922,1.3411],[82.7682,70.1911,3.14],[82.7672,70.188,3.7616],[82.7703,70.187,4.4099],[82.7693,70.1839,1.2769],[82.7724,70.1828,1.6741],[82.7714,70.1797,1.0895],[82.7807,70.1787,4.1918],[82.7849,70.1766,5.8466],[82.7839,70.1734,1.2006],[82.7932,70.1724,4.316],[82.7953,70.1703,1.9827],[82.7943,70.1672,1.0594],[82.8037,70.1661,2.7346],[82.8026,70.163,1.1656],[82.8083,70.1604,1.2229],[82.8161,70.1599,3.4727],[82.8151,70.1568,1.1312],[82.8193,70.1547,0.9678],[82.8287,70.1536,1.2801],[82.8333,70.15,1.1409],[82.8417,70.15,6.005],[82.8432,70.1516,6.0087],[82.8401,70.1536,6.0243],[82.8432,70.1557,2.9693],[82.8401,70.1568,4.6131],[82.8411,70.1599,2.4126],[82.838,70.1609,3.5682],[82.8391,70.1641,0.8269],[82.8234,70.1713,1.0107],[82.8245,70.1745,0.0],[82.8193,70.1776,1.2135],[82.8203,70.1807,1.0575],[82.8172,70.1818,2.9476],[82.8234,70.1891,4.2184],[82.8307,70.1901,0.0],[82.8328,70.1922,0.0],[82.8297,70.1953,5.6044],[82.8328,70.1995,5.1382],[82.8297,70.2016,5.1767],[82.8318,70.2037,5.6386],[82.8375,70.2042,1.3424]]],
[[[82.988,70.2391,1.9983],[82.9891,70.2412,0.9303],[82.9812,70.2417,3.2314],[82.9755,70.2443,1.2594],[82.9828,70.2474,1.8252],[82.9708,70.2521,1.1993],[82.9693,70.2505,1.225],[82.9724,70.2484,1.3507],[82.9589,70.2474,1.1764],[82.9464,70.2338,0.259],[82.9563,70.2292,0.5222],[82.9724,70.2266,2.2568],[82.9792,70.2229,0.0],[83.0099,70.2193,0.9077],[83.0068,70.2214,1.8938],[83.0078,70.2245,0.9266],[83.0047,70.2255,1.2092],[83.0057,70.2286,1.0538],[82.9984,70.2318,1.4087],[82.988,70.2391,1.9983]]],
[[[83.1516,70.1276,0.0],[83.15,70.1292,0.7317],[83.1438,70.1292,4.3733],[83.1375,70.1312,4.3907],[83.1266,70.1214,4.875],[83.1151,70.1172,0.0],[83.1208,70.1146,5.3385],[83.1292,70.1146,5.4709],[83.1333,70.1167,4.2163],[83.1375,70.1167,0.0],[83.1516,70.1276,0.0]]],
[[[83.1193,70.1328,0.8947],[83.1234,70.1297,5.1994],[83.1286,70.1297,0.0],[83.137,70.138,1.0296],[83.1339,70.1401,2.247],[83.1349,70.1432,1.6615],[83.1234,70.1432,0.2914],[83.1266,70.1401,5.6865],[83.1245,70.138,4.8816],[83.1172,70.137,0.1163],[83.1203,70.1349,1.8225],[83.1193,70.1328,0.8947]]],
[[[83.2333,70.3417,0.9663],[83.2412,70.3422,0.1616],[83.2432,70.3453,0.3969],[83.2354,70.35,0.2661],[83.2146,70.35,5.3537],[83.2109,70.3474,2.2281],[83.2146,70.3438,0.0026],[83.2333,70.3417,0.9663]]],
[[[83.2458,70.3542,0.2384],[83.2542,70.3542,0.2401],[83.2641,70.3568,0.0841],[83.2682,70.362,1.1336],[83.2458,70.3625,0.0],[83.2417,70.3604,2.9846],[83.2312,70.3604,0.0],[83.2276,70.3578,0.0],[83.2292,70.3562,0.0],[83.2458,70.3542,0.2384]]],
[[[82.9245,70.3588,1.2363],[82.9229,70.3604,1.8304],[82.9193,70.3599,1.8048],[82.9208,70.3583,1.464],[82.9245,70.3588,1.2363]]],
[[[82.9172,70.3672,0.0],[82.9203,70.3662,2.92],[82.9193,70.363,2.8704],[82.9208,70.3625,2.6633],[82.925,70.3646,2.9235],[82.9328,70.3651,0.9116],[82.9297,70.3672,2.4635],[82.9307,70.3703,2.4756],[82.925,70.3729,2.6509],[82.9213,70.3724,0.1277],[82.9172,70.3672,0.0]]],
[[[83.0474,70.4557,1.9667],[83.0443,70.4505,2.1573],[83.0495,70.4505,0.1244],[83.0537,70.4547,-0.0476],[83.0495,70.4578,1.8312],[83.0443,70.4578,1.4113],[83.0474,70.4557,1.9667]]],
[[[83.0495,70.4609,2.1433],[83.0479,70.4625,2.0835],[83.0443,70.462,0.0273],[83.0458,70.4604,2.686],[83.0495,70.4609,2.1433]]],
[[[83.1099,70.6068,0.5908],[83.1083,70.6083,0.2472],[83.1021,70.6083,1.4095],[83.0979,70.6104,3.1534],[83.0943,70.6099,0.1224],[83.0974,70.6078,3.2219],[83.0964,70.6047,0.0],[83.1042,70.6,0.0],[83.1078,70.6005,0.7813],[83.1099,70.6026,1.7854],[83.1088,70.6057,2.3128],[83.1099,70.6068,0.5908]]],
[[[82.7412,70.9234,0.3276],[82.7396,70.925,0.4769],[82.7333,70.925,0.4172],[82.7271,70.9271,1.1806],[82.7229,70.925,1.2106],[82.7151,70.9245,1.6807],[82.7083,70.9187,1.9821],[82.6964,70.9182,0.0],[82.6995,70.9151,2.2656],[82.6859,70.9141,0.0],[82.6724,70.9026,2.7859],[82.6667,70.9021,0.0],[82.662,70.8984,2.3134],[82.6547,70.8974,0.0],[82.662,70.8922,1.4986],[82.6583,70.8917,2.6576],[82.6521,70.8938,0.4975],[82.6479,70.8917,2.2536],[82.6401,70.8912,0.0],[82.638,70.888,0.0],[82.6453,70.8849,2.886],[82.6422,70.8797,0.0],[82.6453,70.8786,2.216],[82.6443,70.8755,0.0],[82.6516,70.8724,3.7093],[82.6505,70.8693,2.549],[82.6557,70.8662,0.0],[82.6547,70.863,0.0],[82.6625,70.8625,0.0],[82.6682,70.8599,0.0],[82.6766,70.8557,0.0],[82.6755,70.8526,0.0],[82.6917,70.8521,0.0],[82.7016,70.8547,3.4305],[82.7063,70.8583,3.1769],[82.7141,70.8588,0.0],[82.7276,70.8724,2.4752],[82.7349,70.8734,0.0],[82.7318,70.8755,1.7783],[82.7349,70.8776,1.011],[82.7318,70.8807,0.0],[82.7349,70.8849,0.0],[82.7318,70.887,0.0],[82.737,70.8922,0.0],[82.7338,70.8953,2.8624],[82.7375,70.8979,3.2064],[82.7453,70.8984,0.0],[82.7536,70.9068,0.0],[82.7505,70.9089,2.313],[82.7516,70.912,1.6603],[82.7484,70.9141,2.0661],[82.7557,70.9151,0.0],[82.7536,70.9182,1.7951],[82.7338,70.9213,0.0486],[82.7354,70.9229,0.0993],[82.7412,70.9234,0.3276]]],
[[[82.8516,70.9318,0.0],[82.85,70.9333,0.4778],[82.8464,70.9328,0.3987],[82.8479,70.9313,0.0],[82.8516,70.9318,0.0]]],
[[[82.8453,70.9391,1.1909],[82.8417,70.9396,1.5971],[82.8401,70.938,1.4537],[82.8438,70.9375,1.1702],[82.8453,70.9391,1.1909]]],
[[[83.3854,70.5208,0.0],[83.3818,70.5203,0.0],[83.3818,70.5193,0.0],[83.387,70.5193,0.0],[83.3854,70.5208,0.0]]],
[[[83.3807,70.7818,0.0],[83.3792,70.7833,0.0],[83.3729,70.7833,2.4837],[83.3672,70.7859,2.5788],[83.3745,70.7922,0.0],[83.3688,70.7958,0.5552],[83.3588,70.7953,1.3624],[83.3547,70.7911,1.6415],[83.3557,70.788,1.7506],[83.3484,70.787,0.0],[83.3464,70.7849,0.0],[83.3495,70.7828,0.3497],[83.3484,70.7797,2.6973],[83.3516,70.7786,1.278],[83.3505,70.7755,0.0],[83.3662,70.7745,1.9723],[83.3609,70.7693,0.0],[83.3724,70.7641,1.7927],[83.3662,70.7568,0.0],[83.3625,70.7562,0.0],[83.361,70.7578,2.373],[83.3662,70.7641,0.0],[83.3484,70.7693,2.1852],[83.3495,70.7724,0.0],[83.3401,70.7776,1.0932],[83.3432,70.7828,0.0],[83.3401,70.7849,0.0],[83.3474,70.7911,0.0],[83.3375,70.7958,0.1794],[83.3313,70.7937,0.9823],[83.3172,70.7932,0.4738],[83.313,70.7891,1.0337],[83.3161,70.7859,2.5732],[83.3141,70.7839,2.3591],[83.3068,70.7828,0.0],[83.3047,70.7807,0.0],[83.3078,70.7776,0.0],[83.3026,70.7745,0.0],[83.3057,70.7714,0.6473],[83.2995,70.7651,1.8555],[83.2797,70.7641,0.0],[83.2755,70.762,0.0],[83.2786,70.7589,1.6001],[83.2651,70.7578,0.5352],[83.2536,70.7464,2.7249],[83.2443,70.7453,0.0],[83.237,70.738,1.8375],[83.2297,70.737,0.0],[83.2328,70.7349,1.6073],[83.2318,70.7318,2.7209],[83.2349,70.7297,3.6304],[83.2318,70.7286,2.5683],[83.2161,70.713,0.0491],[83.2089,70.7078,0.0],[83.212,70.7057,0.0],[83.2109,70.7026,0.0],[83.2182,70.6995,3.0874],[83.2109,70.6964,0.0],[83.2203,70.6953,2.8168],[83.2266,70.6911,3.3764],[83.2255,70.688,0.1676],[83.2286,70.687,3.8583],[83.2203,70.6776,0.0],[83.2151,70.6776,0.0],[83.2161,70.6807,0.0],[83.2089,70.6839,1.2941],[83.2099,70.687,0.0],[83.2068,70.688,1.5849],[83.2078,70.6911,0.0],[83.2047,70.6922,0.8935],[83.2057,70.6953,0.0],[83.1833,70.6958,3.1378],[83.1755,70.6891,0.0504],[83.1787,70.6859,3.173],[83.1713,70.6849,2.4029],[83.1599,70.6755,3.3678],[83.1526,70.6745,-0.048],[83.1297,70.6536,0.0],[83.1328,70.6505,1.7856],[83.1255,70.6495,0.0],[83.1286,70.6464,0.0],[83.1193,70.6391,0.0],[83.1266,70.6349,5.1551],[83.1214,70.6276,0.0],[83.1286,70.6245,4.3674],[83.1255,70.6214,1.1104],[83.1286,70.6193,3.7274],[83.1234,70.613,0.0],[83.1328,70.612,4.1903],[83.1318,70.6088,0.0],[83.1333,70.6083,0.0],[83.1412,70.6078,4.3855],[83.1359,70.6026,0.0],[83.1391,70.6016,3.0925],[83.138,70.5984,0.0],[83.1412,70.5974,0.0],[83.1401,70.5943,0.0],[83.1474,70.5911,3.4716],[83.1464,70.588,2.3451],[83.1495,70.5859,4.3915],[83.1422,70.5849,1.5598],[83.1432,70.5818,1.2601],[83.1391,70.5776,1.5953],[83.1318,70.5766,0.0],[83.1412,70.5734,1.8536],[83.1339,70.5724,0.0],[83.137,70.5693,2.0107],[83.1297,70.5641,0.0],[83.1328,70.5609,2.8593],[83.1255,70.5599,0.2708],[83.1109,70.5453,0.0809],[83.112,70.5422,3.2987],[83.1088,70.538,0.1683],[83.112,70.5359,3.778],[83.1068,70.5297,-0.0781],[83.1141,70.5255,0.2985],[83.1047,70.5182,-0.0155],[83.1078,70.5151,4.1317],[83.0984,70.5057,-0.0043],[83.1005,70.5026,0.9543],[83.1078,70.4984,4.8547],[83.1057,70.4964,4.9878],[83.0984,70.4953,0.0],[83.1016,70.4922,4.6518],[83.0943,70.4838,0.0],[83.1,70.4833,3.0975],[83.1016,70.4818,4.4006],[83.0958,70.4812,0.0],[83.0943,70.4797,0.0],[83.1036,70.4786,4.4715],[83.0984,70.4714,0.0],[83.1078,70.4703,4.5764],[83.1047,70.4651,0.0],[83.1078,70.463,3.1036],[83.1047,70.4609,0.0],[83.112,70.4578,2.643],[83.1109,70.4547,3.1693],[83.1141,70.4537,2.1653],[83.1068,70.4453,0.0],[83.112,70.4411,4.0185],[83.1068,70.4339,0.0],[83.1099,70.4328,3.3073],[83.1088,70.4297,0.0],[83.112,70.4276,4.7915],[83.1057,70.4213,-0.1457],[83.1026,70.4203,-0.0177],[83.1057,70.4172,0.0679],[83.0943,70.4057,0.2274],[83.0974,70.4026,5.6012],[83.0901,70.4016,0.2615],[83.088,70.3995,0.3309],[83.0891,70.3964,3.6497],[83.0849,70.3922,4.4941],[83.0776,70.3912,0.0],[83.0807,70.388,5.2428],[83.0714,70.3786,0.0],[83.0734,70.3755,3.2934],[83.0792,70.3729,-0.0206],[83.1312,70.3729,0.1465],[83.1354,70.375,3.0594],[83.1521,70.375,0.8136],[83.1563,70.3771,2.6369],[83.1646,70.375,0.1171],[83.1693,70.3786,1.9792],[83.1766,70.3797,1.7775],[83.1797,70.3828,1.2601],[83.187,70.3839,0.3495],[83.1932,70.388,0.3364],[83.1901,70.3912,1.7301],[83.1932,70.3953,1.2918],[83.1771,70.3958,0.4835],[83.1708,70.3938,0.9386],[83.1651,70.3974,0.5265],[83.175,70.4,4.8073],[83.1813,70.3979,0.1827],[83.1896,70.3979,0.4362],[83.1937,70.4,0.2612],[83.2042,70.4,0.2159],[83.2089,70.4036,1.5357],[83.2286,70.4089,0.3947],[83.2333,70.4125,4.6486],[83.2391,70.413,0.2651],[83.2422,70.4161,0.9616],[83.2662,70.4213,0.0],[83.2714,70.4266,4.2067],[83.2786,70.4276,0.0],[83.2859,70.4328,2.3203],[83.3057,70.4339,0.2248],[83.3089,70.437,0.9366],[83.3161,70.438,-0.0136],[83.3182,70.4411,1.6791],[83.3151,70.4432,3.0601],[83.3224,70.4443,2.2422],[83.3266,70.4484,1.9529],[83.3229,70.45,1.1742],[83.313,70.4474,0.0],[83.3083,70.4437,0.7891],[83.3047,70.4443,0.0],[83.3057,70.4474,0.7533],[83.3026,70.4495,2.9836],[83.3089,70.4537,3.1614],[83.3161,70.4547,3.1571],[83.3203,70.4589,2.2726],[83.3172,70.462,2.6149],[83.3224,70.4682,0.8731],[83.3172,70.4714,1.4311],[83.3182,70.4745,0.0],[83.3057,70.4807,0.9671],[83.2958,70.4812,0.7285],[83.2917,70.4792,0.3353],[83.288,70.4797,0.4983],[83.2891,70.4828,0.0],[83.2797,70.488,2.4264],[83.2807,70.4912,1.0944],[83.2776,70.4922,2.6284],[83.2786,70.4953,0.0],[83.2755,70.4964,2.7566],[83.2766,70.4995,0.1617],[83.2693,70.5026,2.0668],[83.2703,70.5057,0.8838],[83.2625,70.5062,0.7258],[83.2583,70.5042,1.3993],[83.2458,70.5042,0.0],[83.2417,70.5021,0.0],[83.2375,70.5021,0.0],[83.2359,70.5005,0.0],[83.2432,70.4974,0.9819],[83.2412,70.4943,1.5626],[83.2312,70.4917,1.4574],[83.2214,70.4922,0.0],[83.2286,70.4953,0.0],[83.2172,70.5016,0.0],[83.2292,70.5021,0.6821],[83.2333,70.5042,0.8706],[83.2412,70.5047,0.0],[83.2432,70.5068,0.0],[83.2401,70.5089,0.4684],[83.2412,70.512,0.5888],[83.238,70.513,0.9598],[83.2391,70.5162,-0.0667],[83.225,70.5167,1.398],[83.2234,70.5182,0.0],[83.2307,70.5193,0.0],[83.2359,70.5245,1.6512],[83.2438,70.525,0.0],[83.2474,70.5276,0.0],[83.2443,70.5307,1.9664],[83.2536,70.5401,0.0],[83.2505,70.5422,2.2635],[83.2536,70.5453,0.0],[83.2505,70.5474,2.5021],[83.2536,70.5516,0.0],[83.2505,70.5537,2.3716],[83.2536,70.5578,0.0],[83.2464,70.562,3.1807],[83.2495,70.563,0.0],[83.262,70.5755,0.0],[83.2589,70.5787,1.4889],[83.2646,70.5792,0.0],[83.2703,70.5818,0.0],[83.2672,70.5849,2.9075],[83.2745,70.5859,0.0],[83.2818,70.5932,3.4701],[83.2891,70.5943,0.0],[83.2953,70.5984,0.0],[83.3047,70.6078,1.6429],[83.312,70.6088,0.0],[83.3161,70.613,0.0],[83.313,70.6151,0.0],[83.3161,70.6182,0.0],[83.313,70.6203,0.0],[83.3161,70.6245,0.0],[83.3104,70.6271,1.4632],[83.3026,70.6276,4.1553],[83.3068,70.6328,2.3917],[83.312,70.6359,0.0],[83.3089,70.638,0.0],[83.3099,70.6412,0.0],[83.3026,70.6443,1.1675],[83.3057,70.6495,0.0],[83.2963,70.6505,0.0],[83.2875,70.6563,0.0],[83.2813,70.6563,0.0],[83.2771,70.6583,0.0],[83.2604,70.6604,-0.194],[83.2562,70.6625,2.9101],[83.2438,70.6625,0.9509],[83.2396,70.6646,0.0],[83.2312,70.6625,1.681],[83.2271,70.6646,0.0],[83.2193,70.6651,0.0],[83.2152,70.6683,2.3284],[83.2188,70.6708,0.0],[83.2271,70.6708,1.0308],[83.2354,70.6667,0.0],[83.25,70.6667,1.4255],[83.2547,70.6703,0.0],[83.2583,70.6708,0.0],[83.2708,70.6646,0.0],[83.2833,70.6646,3.5755],[83.2901,70.6609,0.0],[83.2979,70.6604,0.0],[83.3063,70.6563,0.0],[83.3187,70.6563,2.633],[83.3271,70.6521,0.0],[83.3479,70.6521,0.0],[83.3542,70.6563,1.7125],[83.3667,70.6583,0.0],[83.3708,70.6604,0.0],[83.3812,70.6604,0.0],[83.3875,70.6646,2.9688],[83.4,70.6646,0.0],[83.4042,70.6667,0.0],[83.4167,70.6687,0.0],[83.4276,70.6787,2.7862],[83.4453,70.6818,0.2822],[83.4557,70.6922,0.2968],[83.4526,70.6953,1.4568],[83.462,70.6964,0.2315],[83.4604,70.6979,0.7067],[83.4526,70.6984,1.2817],[83.4599,70.7016,0.7975],[83.4542,70.7042,0.2517],[83.4464,70.7047,3.9149],[83.4479,70.7063,3.4847],[83.4537,70.7068,0.3035],[83.4505,70.7099,2.358],[83.4557,70.713,0.213],[83.4526,70.7161,1.1155],[83.4557,70.7203,0.2134],[83.4484,70.7234,3.0494],[83.45,70.725,3.4371],[83.4557,70.7255,0.155],[83.4505,70.7297,2.8497],[83.4537,70.7338,0.0],[83.4505,70.7359,3.0266],[83.4516,70.7391,0.0],[83.4417,70.7438,0.8397],[83.4276,70.7443,0.0],[83.4328,70.7495,0.0],[83.4255,70.7536,2.8989],[83.4313,70.7542,0.0],[83.4328,70.7557,0.0],[83.4187,70.7625,0.0],[83.4125,70.7625,1.9565],[83.4042,70.7667,0.0],[83.3964,70.7672,3.4224],[83.3995,70.7703,0.0],[83.3917,70.7708,1.6967],[83.3859,70.7734,3.1162],[83.387,70.7766,0.0],[83.3797,70.7797,0.0],[83.3807,70.7818,0.0]]],
[[[83.4229,70.6396,0.3657],[83.4125,70.6396,0.3923],[83.4068,70.6422,0.37],[83.4083,70.6438,0.5412],[83.4141,70.6443,0.3902],[83.4109,70.6474,1.1384],[83.4141,70.6495,0.4706],[83.4104,70.65,2.6998],[83.4063,70.6479,1.2345],[83.3984,70.6474,0.0],[83.3891,70.638,3.5952],[83.3818,70.637,0.0],[83.3849,70.6339,2.6297],[83.3812,70.6312,3.5512],[83.3734,70.6307,0.0],[83.3766,70.6276,0.0],[83.3693,70.6203,0.0],[83.3807,70.613,3.0399],[83.375,70.6125,2.248],[83.3688,70.6146,1.353],[83.3651,70.612,0.4626],[83.3682,70.6099,3.4799],[83.3662,70.6068,2.3831],[83.338,70.6036,0.4327],[83.3359,70.6005,2.6099],[83.3391,70.5984,2.0287],[83.3359,70.5974,2.1422],[83.3276,70.5891,0.0],[83.3307,70.5859,0.0],[83.3276,70.5818,0.0],[83.3307,70.5797,0.0],[83.3276,70.5776,0.0],[83.3391,70.5724,0.0],[83.338,70.5693,0.0],[83.35,70.5646,0.0],[83.3708,70.5708,0.0],[83.3812,70.5708,0.0],[83.4021,70.5771,4.6686],[83.4146,70.5771,0.1687],[83.4245,70.5797,0.2223],[83.4276,70.5828,0.3638],[83.4349,70.5839,0.2823],[83.4318,70.587,3.4807],[83.4391,70.588,0.5101],[83.4443,70.5932,2.5323],[83.4474,70.5943,1.4099],[83.4443,70.5974,2.2574],[83.4474,70.6016,0.5195],[83.4443,70.6026,1.376],[83.4453,70.6057,0.7116],[83.4422,70.6068,1.1667],[83.4432,70.6099,1.2622],[83.4411,70.612,0.3124],[83.4354,70.6146,0.271],[83.4276,70.6151,0.6978],[83.4328,70.6214,1.3314],[83.4297,70.6245,3.7869],[83.437,70.6297,0.2003],[83.4339,70.6328,1.7293],[83.437,70.637,0.9905],[83.4229,70.6396,0.3657]]],
[[[83.1339,70.7474,1.7569],[83.1318,70.7443,1.3301],[83.1354,70.7438,2.825],[83.1391,70.7464,2.8202],[83.1375,70.7479,2.6369],[83.1339,70.7474,1.7569]]],
[[[83.6521,71.5708,0.0],[83.6505,71.5693,2.0117],[83.6557,71.5693,2.9191],[83.6557,71.5703,2.746],[83.6521,71.5708,0.0]]],
[[[82.4641,70.812,0.3698],[82.4563,70.8125,1.5964],[82.4547,70.813,1.6678],[82.4557,70.8161,1.836],[82.4505,70.8161,1.7254],[82.4484,70.813,0.0],[82.4516,70.8109,1.0767],[82.4484,70.8068,0.0],[82.4516,70.8047,1.5301],[82.4422,70.8037,0.0],[82.4339,70.7943,0.0],[82.4396,70.7917,0.0],[82.4557,70.7922,1.8217],[82.4724,70.8068,0.9661],[82.4641,70.812,0.3698]]],
[[[82.6974,70.8453,1.4328],[82.6896,70.8458,0.8466],[82.6813,70.85,0.0],[82.6713,70.8495,1.1117],[82.6578,70.838,0.0],[82.6505,70.837,0.0],[82.6536,70.8349,0.0],[82.6505,70.8297,0.0],[82.6536,70.8276,1.2565],[82.6464,70.8266,0.0],[82.6495,70.8245,2.4704],[82.6474,70.8214,3.2881],[82.6396,70.8208,0.0],[82.6349,70.8172,0.0],[82.6276,70.8161,0.2592],[82.6234,70.8109,0.0],[82.6307,70.8078,1.8395],[82.6297,70.8047,0.0],[82.6339,70.8026,2.4944],[82.6495,70.8016,0.8932],[82.638,70.7974,2.6435],[82.6412,70.7953,2.1296],[82.638,70.7911,0.0],[82.6396,70.7896,0.0],[82.6432,70.7901,2.5037],[82.6479,70.7937,2.3459],[82.6583,70.7937,0.0],[82.6651,70.7974,1.5184],[82.6724,70.7984,0.0],[82.6787,70.8057,0.0],[82.6708,70.8063,1.8655],[82.6609,70.8109,-0.0074],[82.6641,70.8161,0.0],[82.6609,70.8182,0.0],[82.6641,70.8193,0.0],[82.6797,70.8349,3.5308],[82.6854,70.8354,0.0],[82.6911,70.838,0.0],[82.6974,70.8453,1.4328]]],
[[[82.3729,70.8354,2.5244],[82.3693,70.8349,2.5175],[82.3693,70.8339,2.3365],[82.3745,70.8339,2.6887],[82.3729,70.8354,2.5244]]],
[[[82.5021,70.8583,1.6183],[82.4938,70.8583,1.1415],[82.4854,70.8625,0.0],[82.4792,70.8604,1.2711],[82.45,70.8604,0.517],[82.4443,70.8578,0.0],[82.4401,70.8536,1.5462],[82.4432,70.8516,3.2234],[82.4411,70.8484,2.4388],[82.4375,70.8479,0.0],[82.4271,70.8521,0.6931],[82.4193,70.8443,0.0],[82.4266,70.8411,1.9942],[82.4255,70.838,0.0],[82.4307,70.8349,2.3144],[82.4297,70.8318,0.0],[82.437,70.8287,0.9678],[82.4359,70.8255,0.0],[82.4432,70.8224,0.0],[82.4422,70.8193,0.0],[82.4521,70.8187,2.1966],[82.462,70.8214,0.0],[82.4547,70.8255,3.0564],[82.4557,70.8287,3.7157],[82.4526,70.8307,2.9031],[82.4745,70.8318,0.0],[82.4786,70.8359,0.0],[82.4755,70.8391,1.8781],[82.4828,70.8401,0.0],[82.4922,70.8495,2.855],[82.4979,70.8521,2.4102],[82.512,70.8547,0.0],[82.5078,70.8578,1.4295],[82.5021,70.8583,1.6183]]],
[[[83.2896,70.825,0.3609],[83.2813,70.825,1.2108],[83.2729,70.8292,0.0],[83.2693,70.8287,0.0],[83.263,70.8224,1.5078],[83.2662,70.8193,2.7854],[83.2609,70.8161,0.0],[83.2641,70.813,2.3609],[83.2568,70.812,1.0485],[83.2599,70.8099,1.8645],[83.2578,70.8068,1.7974],[83.2505,70.8057,1.3077],[83.2417,70.8,0.8494],[83.2172,70.7995,1.2258],[83.2203,70.7974,2.1169],[83.2193,70.7943,2.9389],[83.2224,70.7922,2.5053],[83.2172,70.787,0.6272],[83.2182,70.7839,0.1749],[83.2172,70.7818,0.0988],[83.2203,70.7797,2.4927],[83.2172,70.7755,0.0],[83.2245,70.7714,2.4624],[83.2151,70.7641,0.179],[83.2182,70.7609,3.5308],[83.213,70.7547,0.441],[83.2161,70.7526,3.562],[83.2068,70.7453,0.0],[83.2099,70.7422,2.2155],[83.2068,70.738,1.3206],[83.2125,70.7354,1.7161],[83.2161,70.7359,0.0],[83.2422,70.7599,1.2118],[83.2495,70.7609,0.0],[83.2542,70.7646,1.4701],[83.2667,70.7646,0.0],[83.2714,70.7682,3.339],[83.2786,70.7693,0.0],[83.288,70.7786,1.8218],[83.2911,70.7797,0.0],[83.288,70.7828,2.0377],[83.2974,70.7922,0.0],[83.2943,70.7953,1.9524],[83.2974,70.7974,0.0],[83.2943,70.7995,1.3759],[83.3042,70.8021,0.0],[83.3125,70.8,2.3857],[83.3203,70.8068,1.0568],[83.3146,70.8104,0.2754],[83.3,70.8104,0.3932],[83.2984,70.8089,0.0],[83.3016,70.8068,2.0637],[83.2995,70.8047,0.0],[83.288,70.8047,0.0],[83.2891,70.8078,0.0],[83.2859,70.8099,1.8359],[83.2891,70.813,0.0],[83.288,70.8161,1.9917],[83.2953,70.8234,0.0],[83.2937,70.825,0.0],[83.2896,70.825,0.3609]]],
[[[83.113,70.9526,0.0],[83.1104,70.9542,0.0],[83.1026,70.9547,0.0],[83.0859,70.963,0.0],[83.087,70.9661,0.0],[83.0813,70.9688,0.0],[83.0729,70.9688,1.5069],[83.0687,70.9667,1.6592],[83.0521,70.9667,0.0],[83.0422,70.9589,0.8506],[83.0495,70.9557,1.8982],[83.0484,70.9526,0.0],[83.0516,70.9516,2.2266],[83.0505,70.9484,0.0],[83.0578,70.9453,2.4875],[83.0568,70.9422,2.0779],[83.0599,70.9401,1.9774],[83.0568,70.938,0.0],[83.0599,70.9359,0.0],[83.0437,70.9375,1.6085],[83.0422,70.9359,2.0503],[83.0453,70.9349,2.0453],[83.0443,70.9318,0.453],[83.0516,70.9287,2.202],[83.0484,70.9234,0.0],[83.0563,70.9229,2.0247],[83.062,70.9203,2.1211],[83.0651,70.9172,2.1568],[83.0724,70.9141,2.1962],[83.0714,70.9109,0.0],[83.0771,70.9083,0.0],[83.0849,70.9078,2.9355],[83.0839,70.9047,0.0],[83.0932,70.9036,2.4258],[83.1151,70.8922,0.0],[83.1245,70.8912,4.2003],[83.1214,70.888,0.0],[83.1307,70.887,0.0],[83.1557,70.8745,3.8172],[83.1547,70.8714,1.1731],[83.1578,70.8703,3.3002],[83.1568,70.8672,0.9985],[83.162,70.8641,3.2056],[83.1609,70.8609,0.0],[83.1641,70.8599,0.0],[83.163,70.8568,0.0],[83.1687,70.8542,0.0],[83.1766,70.8536,3.8062],[83.1755,70.8505,0.0],[83.187,70.8453,0.0],[83.1943,70.8401,0.0],[83.1979,70.8396,1.9607],[83.2063,70.8438,2.2658],[83.2188,70.8458,0.0],[83.2234,70.8495,1.5656],[83.2307,70.8505,0.0],[83.2359,70.8557,1.8732],[83.2453,70.8568,0.0],[83.2422,70.8588,1.4556],[83.2453,70.863,0.4649],[83.2422,70.8651,0.0],[83.2432,70.8682,0.0],[83.2359,70.8724,4.6535],[83.2453,70.8734,0.0],[83.2422,70.8755,0.0],[83.2453,70.8797,0.0],[83.2422,70.8828,3.8941],[83.2453,70.887,0.0],[83.2422,70.8891,4.3484],[83.2453,70.8901,2.7307],[83.2516,70.8974,0.0],[83.2422,70.8984,3.6683],[83.2432,70.9016,0.0],[83.2359,70.9047,3.5783],[83.237,70.912,0.0],[83.2297,70.9151,2.8894],[83.2328,70.9203,0.0],[83.2255,70.9234,2.5804],[83.2276,70.9266,2.247],[83.2307,70.9276,0.0],[83.2234,70.9318,2.5072],[83.2266,70.937,0.0],[83.2182,70.9411,0.0],[83.2104,70.9417,2.0099],[83.2063,70.9437,1.3131],[83.1937,70.9437,1.4118],[83.1896,70.9458,0.0],[83.1813,70.9437,1.2537],[83.1771,70.9458,0.0],[83.1396,70.9458,1.5623],[83.1354,70.9479,0.0],[83.1229,70.9479,0.0],[83.113,70.9526,0.0]]],
[[[83.2662,71.1057,1.1497],[83.2625,71.1062,2.5284],[83.2609,71.1047,2.4494],[83.2646,71.1042,1.2272],[83.2662,71.1057,1.1497]]],
[[[83.1599,71.1141,0.4735],[83.1563,71.1146,0.4419],[83.1547,71.113,0.5849],[83.1583,71.1125,0.5635],[83.1599,71.1141,0.4735]]],
[[[82.9729,70.9979,1.7937],[82.9625,70.9979,1.5216],[82.9563,71.0,0.0],[82.9505,70.9974,0.3889],[82.9443,70.9912,0.0],[82.9516,70.987,1.3722],[82.9505,70.9838,0.0],[82.9599,70.9828,2.135],[82.9589,70.9797,0.0],[82.962,70.9776,2.2741],[82.9547,70.9724,0.0],[82.9578,70.9703,1.2607],[82.9557,70.9672,1.5207],[82.9417,70.9646,0.0],[82.9349,70.9609,2.0764],[82.9276,70.9599,1.1043],[82.9307,70.9578,1.9293],[82.9297,70.9547,0.0],[82.9391,70.9537,2.5669],[82.938,70.9505,0.0],[82.9464,70.9464,0.0],[82.9557,70.9453,2.5215],[82.9547,70.9422,0.0],[82.962,70.9391,0.0],[82.9589,70.9359,0.0],[82.9682,70.9349,0.0],[82.9807,70.9287,1.5871],[82.9797,70.9255,0.0],[82.987,70.9224,2.4286],[82.9849,70.9193,1.1197],[82.9776,70.9182,1.811],[82.9734,70.9161,2.0591],[82.9714,70.913,0.0],[82.9922,70.9026,0.0],[83.0016,70.9016,2.3533],[83.0125,70.8958,1.5463],[83.0203,70.8953,2.5671],[83.0193,70.8922,0.0],[83.0208,70.8917,0.0],[83.0333,70.8917,3.6774],[83.0375,70.8896,0.0],[83.0537,70.8901,0.0],[83.0557,70.8932,0.0],[83.0484,70.8964,4.2516],[83.0495,70.8995,0.0],[83.0401,70.9047,1.1408],[83.0432,70.9099,0.0],[83.0193,70.9213,3.6997],[83.0203,70.9245,2.4911],[83.0172,70.9266,2.5367],[83.0203,70.9287,0.0],[83.013,70.9318,2.8801],[83.0141,70.9349,0.0],[83.0109,70.9359,0.0],[83.012,70.9391,0.0],[83.0089,70.9401,0.0],[83.012,70.9453,0.0],[83.0047,70.9484,3.3673],[83.0078,70.9516,0.0],[83.0047,70.9526,0.0],[83.0057,70.9557,0.0],[83.0026,70.9568,2.7931],[83.0036,70.9599,0.0],[83.0005,70.9609,0.0],[83.0016,70.9641,0.0],[82.9943,70.9672,1.9052],[82.9953,70.9745,0.0],[82.988,70.9776,2.4846],[82.9891,70.9807,0.0],[82.9859,70.9818,2.8391],[82.9891,70.987,0.0],[82.9859,70.9891,2.1621],[82.9912,70.9932,0.0],[82.9812,70.9979,1.7179],[82.9729,70.9979,1.7937]]],
[[[82.7188,71.8729,0.0],[82.7245,71.8766,0.0],[82.7172,71.8797,1.3382],[82.7182,71.8828,0.0],[82.7167,71.8833,1.1856],[82.7063,71.8792,0.2772],[82.6943,71.8786,0.0],[82.6958,71.8771,0.0],[82.7037,71.8766,2.7121],[82.7026,71.8734,0.0],[82.7042,71.8729,0.0],[82.7188,71.8729,0.0]]],
[[[82.6937,71.8958,13.6877],[82.6755,71.8974,6.9848],[82.6787,71.8943,6.8031],[82.6734,71.888,0.0],[82.6849,71.8891,21.2959],[82.6807,71.8839,0.0],[82.6776,71.8828,0.0],[82.6792,71.8812,0.0],[82.6974,71.8818,1.9236],[82.6995,71.8849,1.226],[82.6964,71.887,0.0],[82.7016,71.8901,10.0632],[82.7057,71.8953,3.0586],[82.6937,71.8958,13.6877]]],
[[[82.7271,71.9021,2.6521],[82.7229,71.9021,2.3044],[82.7214,71.9005,3.0037],[82.7412,71.9005,0.0],[82.7396,71.9021,2.0231],[82.7271,71.9021,2.6521]]],
[[[82.3609,70.612,0.0],[82.3667,70.6083,3.0872],[82.375,70.6083,0.0],[82.3839,70.6141,3.0188],[82.3995,70.6172,0.0],[82.4036,70.6224,0.0],[82.3979,70.625,0.9609],[82.3917,70.6229,1.4963],[82.3812,70.6229,2.6274],[82.3797,70.6214,2.5297],[82.3828,70.6193,1.7777],[82.3755,70.6182,2.5843],[82.3724,70.6151,1.8852],[82.3646,70.6146,0.0],[82.3609,70.612,0.0]]],
[[[82.3167,70.6896,1.9142],[82.313,70.6891,1.9113],[82.3109,70.6859,2.3753],[82.3161,70.6859,2.4057],[82.3182,70.688,1.6307],[82.3167,70.6896,1.9142]]],
[[[82.5057,70.6984,0.0],[82.5042,70.7,0.0],[82.5005,70.6995,0.0],[82.5021,70.6979,0.0],[82.5057,70.6984,0.0]]],
[[[82.4776,70.7307,0.7993],[82.4849,70.7391,0.0],[82.4812,70.7396,1.6701],[82.475,70.7375,2.8377],[82.4688,70.7396,0.0],[82.4651,70.737,1.1113],[82.4724,70.7328,2.3354],[82.4714,70.7297,2.0908],[82.475,70.7292,1.2584],[82.4776,70.7307,0.7993]]],
[[[82.7141,70.9401,2.1695],[82.7026,70.9401,2.0158],[82.6984,70.9422,1.7733],[82.6995,70.9453,1.6586],[82.6979,70.9458,1.7693],[82.6708,70.9458,0.0],[82.6672,70.9432,0.0],[82.6703,70.9411,1.3819],[82.6682,70.938,1.7898],[82.6589,70.937,0.0],[82.6661,70.9318,1.7815],[82.6589,70.9307,0.414],[82.662,70.9276,1.9436],[82.6599,70.9255,2.0195],[82.6526,70.9245,0.0],[82.6557,70.9213,2.3736],[82.6484,70.9203,0.0279],[82.6464,70.9182,-0.0583],[82.6474,70.9151,2.4041],[82.6401,70.9141,0.0],[82.6349,70.9089,2.7854],[82.625,70.9063,1.9912],[82.6042,70.9063,0.0747],[82.6026,70.9068,0.0851],[82.6036,70.9099,0.0],[82.6,70.9104,0.0],[82.5901,70.9078,0.7808],[82.5833,70.9042,1.5959],[82.5776,70.9036,0.0],[82.5734,70.8984,0.0],[82.5766,70.8974,0.652],[82.5755,70.8943,1.3536],[82.5787,70.8922,1.8062],[82.5714,70.8912,0.0],[82.5745,70.888,0.5938],[82.5693,70.8849,1.6627],[82.5609,70.8755,0.0],[82.5641,70.8745,0.0],[82.563,70.8714,0.0],[82.5703,70.8682,2.8952],[82.5693,70.8651,0.0],[82.5766,70.862,2.5005],[82.5755,70.8547,0.0],[82.5849,70.8536,2.3112],[82.5833,70.8521,1.9561],[82.5776,70.8516,0.0],[82.5807,70.8495,1.8892],[82.5797,70.8464,0.3906],[82.5828,70.8453,2.2634],[82.5797,70.8411,1.0301],[82.5828,70.8391,3.5728],[82.5797,70.8349,0.0],[82.5807,70.8318,3.124],[82.5787,70.8297,3.6001],[82.5714,70.8287,0.13],[82.5646,70.8229,3.0433],[82.5542,70.8229,0.0],[82.5333,70.8167,1.6256],[82.5255,70.8161,0.0],[82.5214,70.812,1.7447],[82.5245,70.8089,1.0066],[82.5151,70.7995,1.0107],[82.5245,70.7963,-0.1754],[82.5167,70.7917,0.7396],[82.5047,70.7911,0.0],[82.4964,70.7828,2.3033],[82.4995,70.7807,2.4407],[82.4984,70.7776,0.0],[82.5099,70.7724,2.6167],[82.5089,70.7651,0.0],[82.5182,70.7641,3.3726],[82.5172,70.7609,0.0],[82.5229,70.7583,0.0],[82.55,70.7583,0.0],[82.5563,70.7625,2.4957],[82.5703,70.763,0.0],[82.5734,70.7662,2.86],[82.5891,70.7693,0.0],[82.5943,70.7745,1.6757],[82.6016,70.7755,0.0],[82.6036,70.7786,0.0],[82.5958,70.7792,0.2858],[82.5943,70.7807,0.3438],[82.5995,70.7839,0.0],[82.5964,70.787,3.0918],[82.6099,70.8005,0.0],[82.6068,70.8037,2.7654],[82.6099,70.8057,0.7342],[82.6026,70.8089,2.2871],[82.6036,70.812,0.0],[82.6005,70.813,0.0],[82.6026,70.8161,2.4865],[82.6099,70.8172,0.0],[82.6068,70.8193,2.4996],[82.612,70.8255,0.0],[82.6088,70.8287,3.9671],[82.612,70.8297,2.199],[82.6234,70.8411,2.2118],[82.6307,70.8422,0.0],[82.6276,70.8453,3.9147],[82.6474,70.8505,0.0],[82.6536,70.8568,2.5232],[82.6505,70.8588,2.4209],[82.6516,70.862,1.1209],[82.6318,70.8714,0.3044],[82.6297,70.8734,2.6661],[82.6307,70.8766,0.0],[82.6193,70.8828,3.9328],[82.6297,70.8932,3.3389],[82.6391,70.8943,0.0],[82.6464,70.9016,0.4817],[82.6536,70.9026,0.0],[82.6505,70.9057,1.0249],[82.6568,70.912,0.0],[82.6625,70.9146,0.0],[82.6682,70.9151,0.0],[82.6734,70.9203,0.0],[82.6807,70.9213,0.0],[82.6839,70.9245,0.0],[82.6911,70.9255,0.0],[82.6932,70.9276,0.0],[82.6922,70.9307,2.8813],[82.6943,70.9328,1.6888],[82.7016,70.9339,0.0],[82.6984,70.937,1.7924],[82.7307,70.938,0.0],[82.7276,70.9401,0.0],[82.7286,70.9432,1.183],[82.7271,70.9437,1.7727],[82.7109,70.9432,0.0],[82.7141,70.9401,2.1695]]],
[[[82.3396,70.9125,1.2583],[82.338,70.9109,3.6413],[82.3422,70.9089,0.0],[82.3495,70.9089,1.8407],[82.3453,70.912,0.2853],[82.3396,70.9125,1.2583]]],
[[[82.3833,70.975,0.9182],[82.3776,70.9755,0.0],[82.3807,70.9797,1.0552],[82.3792,70.9812,0.9286],[82.3708,70.9812,0.5255],[82.3646,70.9792,0.5379],[82.3583,70.9812,0.0],[82.3542,70.9792,1.4858],[82.3422,70.9786,1.8056],[82.3495,70.9745,1.8001],[82.3484,70.9714,1.8455],[82.3516,70.9703,1.4777],[82.3505,70.9672,0.0],[82.3562,70.9646,2.2802],[82.3599,70.9651,0.0],[82.3667,70.9708,1.6525],[82.375,70.9708,1.2961],[82.3766,70.9693,1.8078],[82.3693,70.9682,0.0],[82.363,70.962,1.7322],[82.3641,70.9589,1.9793],[82.3557,70.9505,2.2247],[82.3422,70.9495,0.0],[82.3453,70.9474,0.7642],[82.3432,70.9443,2.1067],[82.3313,70.9437,0.4086],[82.3271,70.9417,1.5497],[82.2943,70.9411,0.0],[82.2974,70.9391,1.3264],[82.2963,70.9359,0.0],[82.2995,70.9349,1.9048],[82.2984,70.9318,0.0],[82.3057,70.9287,2.3978],[82.3026,70.9245,0.0],[82.3057,70.9224,0.0],[82.3026,70.9203,0.0],[82.3042,70.9187,0.0],[82.3187,70.9187,3.5097],[82.3271,70.9146,1.5273],[82.3354,70.9146,2.9358],[82.337,70.9161,0.2624],[82.3339,70.9182,0.4359],[82.3438,70.9187,1.4317],[82.3521,70.9146,1.3457],[82.3599,70.9141,2.5805],[82.3568,70.9089,1.032],[82.3604,70.9083,0.0],[82.3646,70.9104,0.0],[82.3766,70.9109,0.0],[82.3875,70.9208,0.0],[82.3974,70.9203,2.7208],[82.387,70.9089,2.5403],[82.375,70.9083,0.0],[82.3604,70.9042,2.4522],[82.35,70.9042,0.0],[82.3453,70.9005,2.9615],[82.338,70.8995,0.0],[82.3411,70.8974,0.0],[82.3401,70.8943,0.0],[82.3432,70.8922,0.0],[82.3375,70.8917,0.0],[82.3359,70.8901,0.0],[82.3438,70.8896,2.5827],[82.3536,70.8849,3.3372],[82.3526,70.8818,0.0],[82.3557,70.8797,0.8084],[82.3526,70.8786,0.0],[82.3505,70.8755,0.0],[82.3536,70.8745,0.7865],[82.3526,70.8714,0.1341],[82.3557,70.8703,0.6133],[82.3547,70.8672,2.699],[82.3672,70.8609,1.4811],[82.3938,70.8583,0.0],[82.3979,70.8604,2.9384],[82.4354,70.8604,0.0],[82.4453,70.863,0.0],[82.4474,70.8662,0.0],[82.4443,70.8682,2.5909],[82.4464,70.8703,3.1354],[82.4521,70.8708,0.0],[82.4568,70.8745,3.2059],[82.4641,70.8755,0.0],[82.4724,70.8828,0.0],[82.4693,70.8839,0.0],[82.4703,70.887,0.0],[82.4589,70.8922,2.9936],[82.4599,70.8953,3.4546],[82.4583,70.8958,2.7383],[82.4547,70.8953,1.1541],[82.45,70.8917,0.0],[82.4339,70.8922,1.9417],[82.4391,70.8984,0.0],[82.4359,70.9016,1.7411],[82.4432,70.9099,1.2279],[82.4359,70.913,1.4095],[82.4328,70.9161,0.5115],[82.4213,70.9172,1.2034],[82.4266,70.9213,0.0],[82.4234,70.9245,0.0],[82.4271,70.9271,1.7437],[82.4307,70.9266,1.7146],[82.4297,70.9234,0.0],[82.437,70.9203,0.9595],[82.4359,70.9172,0.0],[82.4563,70.9167,0.0],[82.4703,70.9099,2.8233],[82.4693,70.9068,2.5926],[82.4729,70.9063,0.0],[82.4797,70.912,1.7779],[82.487,70.913,0.0],[82.4912,70.9172,0.0],[82.488,70.9203,2.9075],[82.4953,70.9213,0.0],[82.4922,70.9245,2.3001],[82.5016,70.9255,0.0],[82.5057,70.9297,0.0],[82.5026,70.9328,1.7746],[82.5078,70.938,0.0],[82.5047,70.9411,2.7214],[82.5099,70.9474,0.0],[82.5047,70.9505,2.356],[82.5057,70.9537,0.0],[82.5026,70.9547,2.2855],[82.5036,70.9578,0.0],[82.4943,70.9589,1.0905],[82.4974,70.9641,1.1638],[82.4875,70.9646,0.0],[82.4812,70.9604,0.6433],[82.4693,70.9599,-0.0499],[82.4729,70.9563,-0.0687],[82.4828,70.9557,0.0529],[82.4771,70.9521,-0.1617],[82.4625,70.9583,0.4792],[82.4313,70.9583,0.9003],[82.4297,70.9589,0.712],[82.4307,70.962,0.0],[82.4291,70.9625,0.0],[82.4146,70.9625,1.2971],[82.4047,70.9599,1.2552],[82.4005,70.9547,2.1013],[82.4078,70.9516,2.373],[82.4068,70.9443,0.0],[82.4161,70.9432,2.0061],[82.4151,70.9401,2.1117],[82.4187,70.9396,0.3436],[82.4234,70.9432,1.857],[82.4313,70.9437,0.0],[82.4359,70.9474,1.8967],[82.4458,70.95,0.0],[82.4495,70.9495,0.0],[82.4484,70.9464,0.6394],[82.4516,70.9443,1.3601],[82.4411,70.9359,1.027],[82.4375,70.9354,0.0],[82.4313,70.9375,0.0],[82.4213,70.9349,0.0],[82.4167,70.9313,0.0],[82.413,70.9318,0.6151],[82.4141,70.9349,0.0],[82.4125,70.9354,0.5498],[82.4,70.9354,1.5728],[82.3938,70.9375,0.0],[82.3896,70.9354,1.618],[82.3854,70.9354,0.7086],[82.3797,70.9297,0.0],[82.3891,70.9234,0.0],[82.3776,70.9234,1.6977],[82.3693,70.9276,0.988],[82.3703,70.9307,0.0],[82.3693,70.9328,0.0],[82.3755,70.9391,1.5858],[82.3875,70.9396,0.0],[82.3917,70.9417,1.3917],[82.3958,70.9417,0.0],[82.4016,70.9474,0.0],[82.3854,70.9521,0.0],[82.3771,70.95,0.5029],[82.3755,70.9505,2.111],[82.3766,70.9537,0.7888],[82.3734,70.9557,1.4158],[82.3875,70.9563,0.0736],[82.3974,70.9589,0.0],[82.3901,70.963,1.3224],[82.3917,70.9646,0.0],[82.4083,70.9646,0.8585],[82.4125,70.9667,1.7022],[82.4375,70.9667,0.0],[82.4474,70.9693,0.0],[82.4516,70.9734,0.0],[82.4458,70.9771,0.0],[82.4313,70.9771,0.0],[82.4271,70.975,0.4658],[82.4021,70.975,0.0],[82.3979,70.9729,1.066],[82.3896,70.9729,0.7513],[82.3833,70.975,0.9182]]],
[[[82.6271,70.9792,0.2924],[82.6146,70.9792,1.0586],[82.6104,70.9812,0.2524],[82.525,70.9812,1.1199],[82.5214,70.9776,1.7558],[82.5245,70.9766,1.3074],[82.5234,70.9734,0.0],[82.5307,70.9693,2.1017],[82.5234,70.9641,-0.057],[82.5266,70.9609,2.2431],[82.5193,70.9599,-0.1386],[82.5172,70.9568,0.0],[82.5245,70.9537,1.8077],[82.5214,70.9484,0.0],[82.5286,70.9453,2.2761],[82.5234,70.9411,0.0],[82.5307,70.937,0.0],[82.5276,70.9318,0.0],[82.5333,70.9292,0.0],[82.5417,70.9292,0.0],[82.5599,70.9339,0.89],[82.5667,70.9375,1.9958],[82.5724,70.938,0.0],[82.5792,70.9437,1.8742],[82.5911,70.9443,0.0],[82.5964,70.9495,0.7337],[82.5995,70.9505,0.2589],[82.5922,70.9547,1.1028],[82.5953,70.9599,0.0],[82.5839,70.9661,1.4366],[82.5938,70.9667,0.0],[82.5979,70.9646,0.0],[82.6104,70.9646,0.3634],[82.612,70.963,1.0481],[82.6062,70.9625,0.0786],[82.6047,70.9609,0.0],[82.6146,70.9604,0.0],[82.6193,70.9641,1.0279],[82.6266,70.9651,0.0],[82.6234,70.9682,1.616],[82.6276,70.9703,1.4856],[82.6396,70.9708,0.0],[82.6443,70.9745,1.3328],[82.6516,70.9755,-0.6345],[82.65,70.9771,0.3458],[82.6375,70.9771,-0.2594],[82.6333,70.9792,-0.0956],[82.6271,70.9792,0.2924]]],
[[[82.3042,70.9646,0.5051],[82.2896,70.9688,1.4728],[82.2792,70.9667,2.0663],[82.2755,70.9641,0.0],[82.2786,70.9609,2.0708],[82.2714,70.9599,0.0],[82.2724,70.9568,2.3736],[82.2667,70.9563,0.0],[82.2651,70.9547,0.0],[82.2682,70.9537,0.5487],[82.2672,70.9505,0.0],[82.2688,70.95,0.0],[82.2979,70.95,0.0],[82.3161,70.9547,1.8129],[82.3203,70.9589,1.5561],[82.3161,70.962,0.723],[82.3083,70.9625,1.1408],[82.3042,70.9646,0.5051]]],
[[[81.2974,71.7797,1.7449],[81.2958,71.7813,1.3984],[81.2922,71.7807,2.0177],[81.2937,71.7792,1.6281],[81.2974,71.7797,1.7449]]],
[[[81.2969,71.7854,2.5777],[81.2917,71.7854,2.3877],[81.2901,71.7839,2.4342],[81.3016,71.7839,2.8233],[81.2969,71.7854,2.5777]]],
[[[82.6766,71.9036,14.9195],[82.6708,71.9042,0.0],[82.6693,71.9026,0.0],[82.675,71.9021,14.9629],[82.6766,71.9036,14.9195]]],
[[[81.1875,71.8646,0.0],[81.1729,71.8688,2.0029],[81.1693,71.8682,1.9477],[81.1734,71.8651,1.5512],[81.1813,71.8646,1.794],[81.1854,71.8625,1.4428],[81.1891,71.863,1.3492],[81.1875,71.8646,0.0]]],
[[[80.8125,72.0396,1.5707],[80.8208,72.0396,1.8115],[80.8245,72.0432,0.0],[80.8187,72.0437,0.7898],[80.8146,72.0417,1.0007],[80.8063,72.0417,1.222],[80.8,72.0437,0.7375],[80.7958,72.0417,0.9786],[80.788,72.0411,0.4983],[80.7911,72.038,0.0],[80.7854,72.0375,0.8677],[80.7839,72.0359,0.0],[80.7932,72.0349,0.0],[80.7922,72.0318,0.0],[80.7937,72.0313,0.0],[80.8037,72.0307,0.7307],[80.8026,72.0276,1.1643],[80.812,72.0266,0.8466],[80.8047,72.0234,0.0],[80.8187,72.0229,0.0],[80.8307,72.0182,1.3058],[80.8276,72.0162,0.0],[80.8328,72.0141,0.0],[80.8297,72.0109,0.0],[80.8432,72.0057,1.0902],[80.8422,72.0026,0.0],[80.8464,72.0005,1.042],[80.85,72.0,1.2081],[80.8536,72.0026,0.0],[80.8505,72.0047,1.2789],[80.8516,72.0078,0.0],[80.8484,72.0089,1.2789],[80.8495,72.012,0.0],[80.8401,72.013,1.8265],[80.8432,72.0182,0.0],[80.8359,72.0214,1.8111],[80.837,72.0245,0.0],[80.8234,72.0297,1.8366],[80.8287,72.0349,2.6617],[80.8125,72.0354,1.5355],[80.8068,72.038,1.3858],[80.8083,72.0396,1.4802],[80.8125,72.0396,1.5707]]],
[[[80.7536,72.0339,0.5841],[80.7521,72.0354,0.4594],[80.7484,72.0349,0.6842],[80.75,72.0333,0.6335],[80.7536,72.0339,0.5841]]],
[[[79.1891,72.3662,0.0],[79.1833,72.3667,0.0],[79.1818,72.3651,0.8166],[79.1875,72.3646,0.9415],[79.1891,72.3662,0.0]]],
[[[78.5229,72.3792,0.0],[78.5214,72.3776,0.0],[78.5266,72.3776,0.0],[78.5266,72.3786,0.0],[78.5229,72.3792,0.0]]],
[[[79.1417,72.5396,0.0],[79.1375,72.5396,0.0],[79.1359,72.538,0.0],[79.1495,72.538,0.0],[79.1479,72.5396,0.0],[79.1417,72.5396,0.0]]],
[[[79.5546,72.7438,1.8926],[79.5526,72.7422,0.6759],[79.5578,72.7422,0.0],[79.5578,72.7432,1.0903],[79.5546,72.7438,1.8926]]],
[[[78.6266,72.8109,1.1197],[78.6286,72.8141,1.164],[78.6234,72.8151,1.3502],[78.6245,72.8182,1.3657],[78.6229,72.8187,1.4545],[78.6193,72.8182,1.4673],[78.6151,72.8141,1.5944],[78.6182,72.812,1.3716],[78.6172,72.8089,1.2902],[78.625,72.8063,1.3482],[78.6286,72.8068,1.1734],[78.6255,72.8089,1.1431],[78.6266,72.8109,1.1197]]],
[[[78.6146,72.8229,1.5634],[78.6104,72.8229,1.3546],[78.6088,72.8214,1.241],[78.6162,72.8214,1.2096],[78.6146,72.8229,1.5634]]],
[[[79.2089,73.0734,0.973],[79.1984,73.0776,0.0],[79.1995,73.0807,0.0],[79.1979,73.0813,0.0],[79.1604,73.0813,1.5951],[79.1563,73.0792,1.9668],[79.1438,73.0792,0.0],[79.1396,73.0771,0.0],[79.1318,73.0766,0.0],[79.1255,73.0703,3.7715],[79.1286,73.0682,4.0264],[79.1271,73.0667,4.3901],[79.0984,73.0661,0.0],[79.0964,73.063,0.0],[79.1062,73.0625,2.7765],[79.1078,73.0609,3.3936],[79.0922,73.0599,0.0],[79.0787,73.0463,5.6295],[79.0724,73.0422,4.9969],[79.0547,73.0391,0.0],[79.0526,73.0359,0.0],[79.0625,73.0354,4.9743],[79.0641,73.0339,5.1213],[79.0547,73.0328,4.4802],[79.0495,73.0276,1.6995],[79.0422,73.0266,0.0],[79.037,73.0214,2.5282],[79.0339,73.0203,1.9491],[79.0391,73.0172,5.4099],[79.0234,73.0162,0.0],[79.0162,73.0089,0.0],[79.013,73.0078,0.0],[79.0182,73.0047,6.4617],[79.0104,73.0042,5.15],[79.0042,73.0,4.7613],[78.9797,72.9953,0.0],[78.9828,72.9932,1.2919],[78.9807,72.9901,5.09],[78.9729,72.9896,0.0],[78.9682,72.9859,7.2522],[78.9583,72.9833,1.6029],[78.9505,72.9828,0.0],[78.9453,72.9776,4.4568],[78.938,72.9766,0.5483],[78.9411,72.9734,0.9512],[78.9318,72.9724,1.2759],[78.9266,72.9672,0.9545],[78.9167,72.9646,4.0162],[78.9026,72.9641,0.0],[78.8917,72.9542,8.2597],[78.8693,72.9537,0.0],[78.8662,72.9505,0.0],[78.8588,72.9495,0.0],[78.862,72.9464,5.4062],[78.8547,72.9453,4.5979],[78.8453,72.938,1.4265],[78.8333,72.9396,0.8515],[78.8271,72.9354,8.1001],[78.8109,72.9328,0.0],[78.8161,72.9297,8.1712],[78.8083,72.9292,0.7915],[78.8016,72.9234,7.317],[78.7854,72.9208,0.0],[78.7807,72.9172,2.6626],[78.7734,72.9161,0.0],[78.7682,72.9109,5.5982],[78.7604,72.9104,2.0193],[78.7557,72.9068,5.7517],[78.7484,72.9057,1.461],[78.7516,72.9026,3.2164],[78.7338,72.8995,4.72],[78.7286,72.8943,5.4818],[78.7125,72.8917,2.4964],[78.7063,72.8875,2.6375],[78.6984,72.887,0.0],[78.6943,72.8818,1.9627],[78.6995,72.8797,2.4126],[78.6713,72.8745,2.519],[78.662,72.8651,1.2954],[78.6526,72.8641,1.2501],[78.6458,72.8583,1.6373],[78.6339,72.8578,0.0],[78.6354,72.8562,0.7419],[78.6432,72.8557,1.8905],[78.6412,72.8526,2.7762],[78.6276,72.8536,0.0],[78.6328,72.8516,1.4256],[78.6255,72.8432,1.4207],[78.6286,72.8411,1.7592],[78.6276,72.838,1.6143],[78.6307,72.8359,1.5721],[78.6271,72.8333,1.4232],[78.6208,72.8354,1.2474],[78.6151,72.8349,1.5762],[78.6245,72.8297,1.3797],[78.6208,72.8292,1.3752],[78.6104,72.8333,0.8988],[78.6068,72.8318,0.0],[78.6349,72.8203,5.3668],[78.6339,72.8172,1.6991],[78.6412,72.8141,6.1344],[78.6401,72.8109,2.4431],[78.6453,72.8099,5.3326],[78.6422,72.8047,1.3297],[78.6516,72.8037,7.1793],[78.6505,72.8005,2.2957],[78.6557,72.7995,6.4055],[78.6547,72.7963,1.3006],[78.6625,72.7958,4.4086],[78.6703,72.7932,5.6962],[78.6745,72.7911,1.2008],[78.6734,72.788,0.8424],[78.6896,72.7875,7.8865],[78.6911,72.787,3.8508],[78.6901,72.7839,1.04],[78.6917,72.7833,0.8603],[78.725,72.7813,8.6829],[78.7333,72.7771,0.8686],[78.7417,72.7771,1.389],[78.7458,72.775,1.1564],[78.7625,72.775,1.0109],[78.7667,72.7771,2.8431],[78.7708,72.7771,3.9478],[78.775,72.775,1.0916],[78.7958,72.775,4.5389],[78.8021,72.7729,0.878],[78.8063,72.775,11.7659],[78.8104,72.775,8.0648],[78.812,72.7745,7.329],[78.8109,72.7714,1.0885],[78.8151,72.7693,0.7781],[78.8313,72.7688,8.4526],[78.8458,72.7625,1.0106],[78.8536,72.762,1.2715],[78.8526,72.7589,0.6877],[78.8625,72.7583,0.8747],[78.8745,72.7536,1.3357],[78.8734,72.7505,0.9723],[78.8766,72.7495,1.0507],[78.8755,72.7464,1.1802],[78.8786,72.7453,1.1765],[78.8755,72.7401,1.1819],[78.8917,72.7333,1.0855],[78.9229,72.7333,1.0965],[78.9271,72.7354,0.9426],[78.9396,72.7354,0.8458],[78.9437,72.7375,1.0529],[78.9521,72.7375,2.9975],[78.9563,72.7354,1.0587],[78.9708,72.7354,1.6611],[78.975,72.7333,0.9898],[78.9833,72.7333,1.8208],[78.9875,72.7312,1.1803],[79.0104,72.7312,3.1331],[79.0188,72.7271,1.064],[79.0375,72.725,2.9851],[79.0417,72.7229,2.9264],[79.05,72.7229,3.5702],[79.0542,72.7208,0.0],[79.0646,72.7208,0.0],[79.0687,72.7229,5.0064],[79.075,72.7208,0.0],[79.0854,72.7229,2.9069],[79.0896,72.7208,0.0],[79.1062,72.7208,0.0],[79.1104,72.7229,0.8393],[79.1333,72.7229,1.3032],[79.1375,72.7208,0.0],[79.1417,72.7208,0.0],[79.1479,72.7229,2.0132],[79.1521,72.7208,0.0],[79.1625,72.7208,0.0],[79.1667,72.7229,2.5696],[79.175,72.7229,3.1089],[79.1792,72.7208,0.0],[79.2292,72.7208,5.1579],[79.2333,72.7188,0.0],[79.2375,72.7188,0.5161],[79.2438,72.7208,3.2765],[79.2479,72.7188,2.0403],[79.2562,72.7188,4.1768],[79.2708,72.7146,0.0],[79.275,72.7146,0.0],[79.2792,72.7167,1.323],[79.2875,72.7167,5.2973],[79.2917,72.7146,0.6688],[79.3125,72.7125,3.0949],[79.3208,72.7083,0.0],[79.3292,72.7083,0.9089],[79.3438,72.7042,0.0],[79.3521,72.7042,0.8435],[79.3562,72.7021,0.0],[79.3667,72.7021,0.0],[79.3729,72.7042,3.9461],[79.3771,72.7021,1.9207],[79.3938,72.7021,0.0],[79.4047,72.712,4.4478],[79.4125,72.7125,0.0],[79.425,72.7167,4.0219],[79.4375,72.7167,0.0],[79.4417,72.7188,4.0063],[79.4688,72.7188,0.0],[79.475,72.7208,2.7895],[79.4812,72.7188,0.0],[79.4854,72.7208,2.3382],[79.4896,72.7208,1.5367],[79.4958,72.7188,0.0],[79.5,72.7208,2.8266],[79.5042,72.7208,2.5077],[79.5083,72.7188,0.0],[79.5167,72.7188,0.0],[79.5208,72.7208,3.287],[79.525,72.7208,3.2554],[79.5313,72.7188,0.0],[79.5349,72.7224,0.0],[79.525,72.7229,3.0676],[79.5208,72.725,3.589],[79.5146,72.725,3.1995],[79.513,72.7266,2.3915],[79.5286,72.7276,3.2462],[79.5328,72.7318,0.0],[79.5297,72.7349,2.4342],[79.5318,72.737,1.8111],[79.5391,72.738,0.0],[79.5432,72.7422,1.4276],[79.5401,72.7453,2.0229],[79.5703,72.7464,2.3549],[79.5609,72.7505,2.145],[79.562,72.7536,1.73],[79.5589,72.7547,2.3342],[79.5599,72.7578,2.0276],[79.5463,72.7568,2.1111],[79.5474,72.7599,2.2123],[79.5271,72.7688,3.8685],[79.5234,72.7682,3.6396],[79.5188,72.7646,3.8243],[79.513,72.7651,5.3076],[79.5245,72.7755,0.7238],[79.5214,72.7776,2.5704],[79.5224,72.7807,0.0],[79.5172,72.7828,3.5234],[79.525,72.7833,0.0],[79.5266,72.7849,0.0],[79.5172,72.788,3.5019],[79.5203,72.7911,0.0],[79.5104,72.7917,5.511],[79.5047,72.7943,5.3976],[79.5078,72.7995,0.0],[79.5047,72.8016,4.7457],[79.512,72.8026,0.0],[79.5214,72.812,3.5677],[79.5354,72.8125,0.0],[79.5396,72.8146,1.0512],[79.5458,72.8146,0.0],[79.5474,72.8161,0.0],[79.5339,72.8214,1.2424],[79.5349,72.8245,0.0],[79.5146,72.8271,5.7637],[79.513,72.8276,5.822],[79.5141,72.8307,5.0241],[79.5026,72.8318,5.3745],[79.5089,72.8391,0.0],[79.5151,72.8432,3.7807],[79.5224,72.8443,0.0],[79.5245,72.8464,0.0],[79.5229,72.8479,0.0],[79.5068,72.8484,3.7333],[79.5089,72.8516,4.2032],[79.5182,72.8526,0.0],[79.5203,72.8557,0.0],[79.5109,72.8588,0.9304],[79.512,72.862,0.0],[79.5047,72.8651,3.1845],[79.5099,72.8724,0.0],[79.5026,72.8755,3.3174],[79.5057,72.8807,0.0],[79.4964,72.8839,4.2512],[79.5005,72.8891,0.0],[79.512,72.8932,0.0],[79.5062,72.8958,2.7473],[79.4964,72.8964,2.4575],[79.4974,72.8995,0.0],[79.4875,72.9042,0.0],[79.4776,72.9047,4.6684],[79.4786,72.9078,0.0],[79.4672,72.9089,5.3387],[79.4688,72.9104,5.3532],[79.4766,72.9109,0.0],[79.4734,72.9141,0.0],[79.4854,72.9146,0.0],[79.4896,72.9167,0.0],[79.5125,72.9125,1.1243],[79.5224,72.9151,1.4929],[79.5193,72.9182,1.5403],[79.5224,72.9224,0.0],[79.5005,72.9318,1.2334],[79.5016,72.9349,0.8995],[79.4917,72.9354,1.7483],[79.4901,72.9359,1.4143],[79.4912,72.9391,1.1677],[79.4833,72.9396,2.4278],[79.4714,72.9443,3.1493],[79.4724,72.9474,1.2326],[79.4547,72.9547,2.9764],[79.4557,72.9578,0.6024],[79.4234,72.9714,2.2106],[79.4266,72.9766,0.0],[79.4187,72.9771,2.1938],[79.4109,72.9797,3.843],[79.412,72.9828,0.6843],[79.4026,72.9838,1.7783],[79.4036,72.987,2.1199],[79.3943,72.9901,3.2619],[79.3974,72.9943,0.935],[79.3943,72.9964,1.6222],[79.3953,72.9995,0.0],[79.3839,73.0005,4.1325],[79.3891,73.0057,0.5365],[79.3839,73.0068,3.7227],[79.3849,73.0099,2.1705],[79.3807,73.012,1.9428],[79.3708,73.0125,3.3056],[79.3583,73.0188,0.0],[79.35,73.0188,1.4323],[79.3313,73.0271,0.0],[79.3214,73.0276,4.26],[79.3245,73.0307,0.0],[79.3146,73.0313,4.0747],[79.3026,73.0359,3.7804],[79.3037,73.0391,0.0],[79.2937,73.0396,4.3786],[79.288,73.0422,4.3993],[79.2891,73.0453,0.0],[79.2859,73.0463,0.0],[79.287,73.0495,0.0],[79.2708,73.05,5.4999],[79.2521,73.0583,1.855],[79.2422,73.0589,5.1054],[79.238,73.0609,4.8002],[79.2391,73.0641,0.0],[79.2276,73.0651,3.7434],[79.2286,73.0682,2.0687],[79.2208,73.0687,3.1211],[79.2089,73.0734,0.973]]],
[[[78.7953,73.188,0.9331],[78.7937,73.1896,1.1703],[78.7901,73.1891,1.1996],[78.7917,73.1875,1.0734],[78.7953,73.188,0.9331]]],
[[[78.8182,73.1964,0.9528],[78.8167,73.1979,1.1191],[78.813,73.1974,1.1006],[78.8146,73.1958,1.2547],[78.8182,73.1964,0.9528]]],
[[[78.8479,73.225,1.3696],[78.8516,73.2255,1.397],[78.8562,73.2292,0.9339],[78.875,73.2292,0.9546],[78.8786,73.2328,1.1522],[78.8729,73.2354,1.1264],[78.8562,73.2354,0.0],[78.8521,73.2333,1.0876],[78.8443,73.2328,0.0],[78.8396,73.2292,1.1226],[78.8354,73.2292,1.0477],[78.8339,73.2307,0.0],[78.837,73.2328,0.0],[78.8297,73.2328,0.0],[78.8276,73.2297,0.0],[78.837,73.2255,1.3032],[78.8292,73.225,1.3678],[78.8245,73.2214,1.3267],[78.8187,73.2208,1.1698],[78.813,73.2182,0.8599],[78.8026,73.2078,0.7887],[78.8057,73.2057,1.1885],[78.8037,73.2026,1.2424],[78.7963,73.2016,0.9233],[78.7901,73.1964,0.0],[78.7979,73.1937,1.1721],[78.8016,73.1943,0.991],[78.8141,73.2047,1.1304],[78.8089,73.2078,1.2255],[78.8245,73.2089,0.888],[78.8287,73.212,1.0104],[78.8234,73.2141,0.8644],[78.8328,73.2151,0.903],[78.8422,73.2245,1.1557],[78.8479,73.225,1.3696]]],
[[[78.8859,73.237,1.2908],[78.8818,73.2338,0.9626],[78.8953,73.2338,1.2758],[78.8912,73.237,1.1709],[78.8859,73.237,1.2908]]],
[[[78.9167,73.2396,1.1356],[78.9104,73.2396,0.9129],[78.9089,73.2381,1.0213],[78.9287,73.238,1.0702],[78.9271,73.2396,1.195],[78.9167,73.2396,1.1356]]],
[[[78.9458,73.2417,1.1473],[78.9417,73.2417,1.0898],[78.9401,73.2401,1.0288],[78.9474,73.2401,1.3261],[78.9458,73.2417,1.1473]]]]}}