{"type":"Feature","properties":{"GID_3":"RUS.80.12.1_1","GID_0":"RUS","country":"Russia","GID_1":"RUS.80_1","province":"Yamal-Nenets","NL_NAME_1":"Ямало-НенецкийАОк","GID_2":"RUS.80.12_1","county":"Yamal'skiyrayon","NL_NAME_2":"Ямальскийрайон","city":"NA","VARNAME_3":"NA","NL_NAME_3":"NA","TYPE_3":"NA","ENGTYPE_3":"NA","CC_3":"NA","HASC_3":"NA","name":"N_A.city"},
"geometry":{"type": "MultiPolygon","coordinates": [[[[69.9271,66.4646,0.0],[69.9287,66.4661,0.0],[69.9255,66.4661,0.0],[69.9255,66.4651,0.0],[69.9271,66.4646,0.0]]],
[[[69.963,66.4693,0.0],[69.9661,66.4693,0.7391],[69.9661,66.4703,1.6529],[69.963,66.4703,1.7192],[69.963,66.4693,0.0]]],
[[[70.0078,66.4828,0.0],[70.0042,66.4833,0.0],[70.0026,66.4818,0.0],[70.0062,66.4812,0.0],[70.0078,66.4828,0.0]]],
[[[70.0792,66.4896,0.0],[70.0646,66.4896,1.9589],[70.0604,66.4917,0.0],[70.05,66.4917,0.0],[70.0458,66.4896,0.0],[70.0359,66.4891,0.0],[70.0354,66.4854,0.0],[70.0359,66.4838,0.0],[70.0417,66.4812,0.0],[70.0479,66.4812,0.0],[70.0604,66.4771,0.0],[70.0667,66.4771,0.0],[70.0682,66.4786,0.8898],[70.0651,66.4807,1.4812],[70.0703,66.4818,0.0],[70.0672,66.4849,1.5886],[70.0729,66.4875,1.1144],[70.0828,66.488,1.129],[70.0792,66.4896,0.0]]],
[[[70.1,66.5917,0.0],[70.0943,66.5911,0.0],[70.0922,66.588,0.0],[70.1,66.5875,0.0],[70.1078,66.5901,0.0],[70.1062,66.5917,0.0],[70.1,66.5917,0.0]]],
[[[70.112,66.5995,0.0],[70.1042,66.6,0.0],[70.1026,66.5984,0.0],[70.1104,66.5979,0.0],[70.112,66.5995,0.0]]],
[[[70.0953,66.5995,0.0],[70.0875,66.6,0.0],[70.0859,66.5984,0.0],[70.0938,66.5979,0.0],[70.0953,66.5995,0.0]]],
[[[70.0583,66.6,0.0],[70.05,66.6,0.0],[70.0484,66.5984,0.0],[70.0641,66.5984,0.0],[70.0625,66.6,0.0],[70.0583,66.6,0.0]]],
[[[69.5557,66.7641,0.0],[69.5463,66.7651,0.0],[69.5422,66.7672,1.8516],[69.5396,66.7708,0.0],[69.5354,66.7688,0.0],[69.5229,66.7688,0.0],[69.5188,66.7667,4.1296],[69.5125,66.7688,0.0],[69.5083,66.7667,0.0],[69.5,66.7667,0.0],[69.4896,66.7625,0.0],[69.4833,66.7625,0.0],[69.4693,66.7578,0.0],[69.4688,66.7542,0.0],[69.4724,66.7516,2.523],[69.4734,66.7464,1.7516],[69.475,66.7458,1.6753],[69.5036,66.7474,2.1077],[69.5016,66.7443,0.5795],[69.4938,66.7438,1.9351],[69.4917,66.7417,1.9216],[69.4953,66.7391,2.4134],[69.4964,66.7359,1.3289],[69.5099,66.7328,1.8091],[69.5083,66.7312,3.0575],[69.4984,66.7307,0.0],[69.5036,66.7286,2.0362],[69.5026,66.7255,0.0],[69.5078,66.7245,2.8839],[69.5068,66.7214,0.0],[69.512,66.7203,2.2759],[69.5104,66.7167,1.1488],[69.5141,66.713,2.8003],[69.5089,66.7109,0.0],[69.5141,66.7099,2.0855],[69.513,66.7068,0.0],[69.5182,66.7057,2.7487],[69.5172,66.7026,0.0],[69.5266,66.6995,1.84],[69.5255,66.6964,0.0],[69.5307,66.6953,0.0],[69.5432,66.6891,2.0073],[69.5443,66.6859,1.6126],[69.5474,66.6849,2.5059],[69.5479,66.6813,2.544],[69.5437,66.6687,0.0],[69.5474,66.6661,2.2766],[69.5484,66.663,0.0],[69.5516,66.662,2.6782],[69.5526,66.6568,0.0],[69.5661,66.6536,3.6928],[69.5651,66.6505,1.039],[69.5703,66.6495,2.7553],[69.5693,66.6443,0.0],[69.5828,66.6391,2.7575],[69.5818,66.6359,0.0],[69.5953,66.6307,3.0892],[69.5964,66.6276,0.0],[69.6141,66.6203,2.5386],[69.613,66.6151,0.0],[69.6224,66.612,2.8207],[69.6214,66.6088,0.0],[69.6266,66.6078,3.6775],[69.6214,66.6057,0.0],[69.6245,66.6036,0.0],[69.6245,66.6005,1.1049],[69.6193,66.5995,0.0],[69.6172,66.5953,0.0],[69.6224,66.5932,2.5687],[69.6214,66.588,0.0],[69.6271,66.5854,1.553],[69.6583,66.5854,0.0],[69.6625,66.5833,0.0],[69.6703,66.5828,0.0],[69.6771,66.5792,0.0],[69.6833,66.5792,0.0],[69.6859,66.5755,0.0],[69.6937,66.575,0.0],[69.6995,66.5724,0.0],[69.6854,66.5667,0.0],[69.6797,66.5693,1.6431],[69.6787,66.5724,0.8164],[69.6745,66.5745,0.0],[69.6563,66.5771,1.6777],[69.6479,66.5813,0.0],[69.6167,66.5813,2.1789],[69.6141,66.5849,0.0],[69.6047,66.5859,0.0],[69.6036,66.5891,0.0],[69.5964,66.5943,0.837],[69.5974,66.5974,0.0],[69.5922,66.5984,0.0],[69.5932,66.6016,0.0],[69.5776,66.6016,0.0],[69.5755,66.5964,0.0],[69.5849,66.5953,2.1277],[69.5854,66.5917,0.0],[69.5839,66.588,0.0],[69.5932,66.5849,2.838],[69.5922,66.5818,0.0],[69.6057,66.5766,1.941],[69.6068,66.5734,0.0],[69.6162,66.5724,2.6831],[69.6151,66.5693,1.3276],[69.6203,66.5682,1.2953],[69.638,66.5589,1.4656],[69.6432,66.5578,1.3217],[69.6422,66.5547,1.1439],[69.6516,66.5516,1.74],[69.6526,66.5484,1.1757],[69.6641,66.5432,1.6156],[69.6651,66.5401,1.2545],[69.6724,66.537,1.2511],[69.6734,66.5339,1.2631],[69.6828,66.5328,1.0534],[69.6937,66.5271,0.9565],[69.7,66.5271,1.4053],[69.7063,66.5292,0.0],[69.7349,66.5162,1.2199],[69.7359,66.513,0.0],[69.7401,66.5109,0.0],[69.7562,66.5083,0.472],[69.7667,66.5042,0.3159],[69.7729,66.5083,0.0],[69.7937,66.5083,1.8995],[69.7963,66.5047,0.0],[69.8037,66.5036,0.0],[69.8167,66.4979,0.0],[69.8245,66.4974,1.3387],[69.8354,66.4917,0.0],[69.8432,66.4912,2.0806],[69.8422,66.488,0.0],[69.8516,66.4849,1.675],[69.8505,66.4797,0.0],[69.8599,66.4766,2.1449],[69.8588,66.4714,0.0],[69.863,66.4693,0.0],[69.8724,66.4682,2.1426],[69.875,66.4646,0.0],[69.8917,66.4646,0.0],[69.8932,66.4651,0.0],[69.8932,66.4682,0.0],[69.8854,66.4667,1.6244],[69.8755,66.4714,1.7051],[69.8755,66.4766,1.559],[69.8792,66.4792,1.6396],[69.8818,66.4755,0.0],[69.8938,66.4729,0.0],[69.8979,66.4771,1.5932],[69.9042,66.4771,0.0],[69.9104,66.475,0.0],[69.9208,66.4792,1.633],[69.925,66.4771,0.0],[69.9417,66.4771,1.5694],[69.9458,66.475,0.0],[69.9495,66.4786,0.0],[69.9417,66.4792,0.0],[69.9375,66.4812,1.3654],[69.9151,66.4818,1.6808],[69.9141,66.4849,1.6686],[69.9109,66.4859,1.6923],[69.9109,66.4891,1.6844],[69.9437,66.4854,0.0],[69.9474,66.488,1.3012],[69.9484,66.4912,0.0],[69.9537,66.4922,0.0],[69.9563,66.4958,0.0],[69.9667,66.4917,0.0],[69.9729,66.4917,0.0],[69.9771,66.4938,0.0],[69.9854,66.4896,0.0],[70.0021,66.4875,0.0],[70.0062,66.4854,0.0],[70.0099,66.4891,0.0],[70.0005,66.4922,0.9711],[70.0057,66.4943,0.0],[70.0026,66.4964,0.0],[70.0021,66.5,0.9005],[70.0026,66.5016,1.3801],[70.0078,66.5026,0.0],[70.0125,66.5083,0.0],[70.0151,66.5047,0.0],[70.0245,66.5016,2.133],[70.0193,66.4984,0.0],[70.025,66.4958,0.0],[70.0354,66.4958,0.0],[70.0396,66.4938,0.0],[70.0708,66.4938,1.3268],[70.0771,66.4917,0.0],[70.0813,66.4938,0.8378],[70.1146,66.4938,0.0],[70.1162,66.4953,1.0944],[70.1083,66.4958,1.5407],[70.1042,66.4979,0.0],[70.0979,66.4979,0.0],[70.0938,66.4958,1.6641],[70.0896,66.4979,0.0],[70.0818,66.4984,1.1893],[70.087,66.5016,0.0],[70.0792,66.5021,0.0],[70.0734,66.5047,0.0],[70.0734,66.5099,0.0],[70.0813,66.5104,0.0],[70.0854,66.5083,0.0],[70.0917,66.5083,0.0],[70.0932,66.5099,0.9498],[70.0896,66.5125,0.0],[70.0917,66.5146,1.3674],[70.0979,66.5125,0.0],[70.1042,66.5125,0.0],[70.1083,66.5104,0.0],[70.1224,66.5151,0.8939],[70.125,66.5188,0.0],[70.1375,66.5188,1.5015],[70.1417,66.5208,1.5959],[70.1479,66.5208,0.0],[70.1516,66.5234,0.0],[70.1526,66.5266,1.2179],[70.1578,66.5286,0.0],[70.1396,66.5292,0.0],[70.1333,66.5271,0.0],[70.1312,66.5292,0.0],[70.1328,66.5328,0.0],[70.1234,66.5339,1.4815],[70.1234,66.537,0.0],[70.1542,66.5375,1.381],[70.1583,66.5417,0.0],[70.1766,66.5422,1.2339],[70.1599,66.5516,0.0],[70.1547,66.5526,1.6485],[70.1557,66.5578,0.0],[70.1464,66.5589,0.0],[70.1474,66.562,0.0],[70.1276,66.563,0.0],[70.1234,66.5651,0.0],[70.1266,66.5682,0.0],[70.1193,66.5693,0.0],[70.1125,66.5729,0.0],[70.0943,66.5755,0.0],[70.0995,66.5787,0.0],[70.0859,66.5797,0.0],[70.0849,66.5828,0.0],[70.0714,66.588,0.0],[70.0729,66.5896,0.0],[70.0792,66.5896,0.0],[70.0854,66.5875,0.0],[70.087,66.588,0.0],[70.0891,66.5932,0.0],[70.0813,66.5938,0.0],[70.0771,66.5917,0.0],[70.0646,66.5917,1.4543],[70.0563,66.5958,0.0],[70.038,66.5984,0.0],[70.0432,66.6005,1.98],[70.0417,66.6021,0.0],[70.0297,66.6026,0.0],[70.0313,66.6042,0.0],[70.0391,66.6047,0.0],[70.0411,66.6068,0.0],[70.0396,66.6083,0.0],[70.0167,66.6083,1.5379],[70.0125,66.6104,0.0],[70.0021,66.6104,2.0383],[69.9979,66.6125,0.0],[69.9917,66.6125,1.9584],[69.9833,66.6167,0.0],[69.9714,66.6172,0.0],[69.9729,66.6188,0.0],[69.9792,66.6188,1.6414],[69.9854,66.6208,1.635],[70.0016,66.6162,0.0],[70.0083,66.6125,0.0],[70.0292,66.6125,0.0],[70.0396,66.6167,0.0],[70.0521,66.6167,0.0],[70.0563,66.6188,0.0],[70.0854,66.6188,0.0],[70.0896,66.6208,0.0],[70.1,66.6167,1.9683],[70.1026,66.6203,0.0],[70.1062,66.6208,1.4546],[70.125,66.6146,0.0],[70.1354,66.6146,0.0],[70.137,66.6162,0.0],[70.1333,66.6188,0.0],[70.138,66.6349,0.0],[70.1401,66.637,0.0],[70.1583,66.6375,1.9164],[70.1641,66.6359,0.0],[70.1661,66.6391,0.0],[70.1609,66.6412,0.0],[70.1724,66.6443,0.0],[70.1771,66.6563,0.0],[70.175,66.6583,0.0],[70.1672,66.6589,0.0],[70.1682,66.6641,0.0],[70.1589,66.6651,0.0],[70.1578,66.6682,0.0],[70.1505,66.6693,0.0],[70.1495,66.6724,0.0],[70.1417,66.6708,0.0],[70.1354,66.6729,0.0],[70.1208,66.6687,0.0],[70.113,66.6713,2.0155],[70.1182,66.6745,0.0],[70.1088,66.6755,0.0],[70.1099,66.6807,0.0],[70.1021,66.6813,0.0],[70.0896,66.6854,0.0],[70.0729,66.6854,2.3735],[70.0687,66.6875,0.0],[70.0583,66.6875,0.0],[70.0542,66.6896,0.0],[70.0375,66.6896,0.0],[70.0333,66.6917,0.0],[70.0208,66.6917,2.9787],[70.0125,66.6958,0.0],[69.9958,66.6958,0.0],[69.9917,66.6937,0.0],[69.9875,66.6958,0.0],[69.9797,66.6964,0.0],[69.9729,66.7,0.0],[69.9458,66.7,0.0],[69.9432,66.7037,0.0],[69.9375,66.7063,0.0],[69.9104,66.7083,0.0],[69.9063,66.7104,0.0],[69.8854,66.7104,2.4388],[69.8812,66.7146,0.0],[69.875,66.7146,0.0],[69.8708,66.7125,1.9217],[69.8667,66.7167,0.0],[69.8562,66.7167,0.0],[69.8417,66.7208,0.0],[69.8354,66.7188,0.0],[69.8339,66.7193,0.0],[69.8328,66.7245,0.0],[69.8255,66.7276,0.0],[69.8245,66.7307,0.0],[69.8187,66.7333,0.0],[69.8109,66.7338,0.0],[69.8042,66.7375,0.0],[69.7979,66.7375,2.5325],[69.7896,66.7417,0.0],[69.7818,66.7422,0.0],[69.7828,66.7453,0.0],[69.775,66.7458,0.0],[69.7667,66.75,0.0],[69.7396,66.75,0.0],[69.7354,66.7521,0.0],[69.7292,66.75,0.0],[69.7125,66.75,0.0],[69.7083,66.7479,2.798],[69.6687,66.7479,0.0],[69.6646,66.7458,2.9952],[69.6542,66.7458,2.1104],[69.6479,66.7479,0.0],[69.6438,66.7458,0.0],[69.6292,66.75,0.0],[69.6229,66.75,0.0],[69.6188,66.7521,0.0],[69.6125,66.7521,0.0],[69.6042,66.7562,0.0],[69.5875,66.7562,0.0],[69.5859,66.7557,0.0],[69.5828,66.7484,1.6686],[69.5776,66.7474,0.0],[69.5807,66.7453,0.0],[69.5807,66.7422,0.0],[69.5755,66.7412,0.0],[69.5745,66.738,0.0],[69.5693,66.737,0.0],[69.5693,66.7318,0.0],[69.5729,66.7292,0.0],[69.5708,66.725,0.0],[69.5745,66.7224,0.0],[69.5755,66.7193,0.0],[69.5828,66.7161,0.0],[69.5839,66.713,0.0],[69.5896,66.7104,0.0],[69.5974,66.7099,0.0],[69.6016,66.7068,0.0],[69.5896,66.7063,0.0],[69.5854,66.7083,0.0],[69.5729,66.7083,0.0],[69.5687,66.7063,0.9947],[69.5568,66.7109,1.726],[69.5557,66.7141,0.0],[69.5443,66.7193,2.8119],[69.5437,66.7229,2.2798],[69.5453,66.7266,0.0],[69.5401,66.7286,2.0652],[69.5453,66.7328,0.0],[69.538,66.7338,2.4117],[69.5432,66.7359,0.0],[69.538,66.738,3.1543],[69.5401,66.7432,0.0],[69.5453,66.7443,0.0],[69.5401,66.7474,1.6456],[69.5422,66.7495,0.0],[69.5474,66.7505,0.0],[69.5422,66.7526,3.0945],[69.5474,66.7547,0.0],[69.5479,66.7562,0.0],[69.5443,66.7599,2.4442],[69.5557,66.7641,0.0]]],
[[[70.1104,66.6854,0.0],[70.1068,66.6839,0.0],[70.1125,66.6813,0.0],[70.1203,66.6818,0.0],[70.1162,66.6849,0.0],[70.1104,66.6854,0.0]]],
[[[69.8588,66.7672,1.5131],[69.8562,66.7688,0.0],[69.8484,66.7693,0.0],[69.8417,66.7729,0.0],[69.8354,66.7708,1.7891],[69.8313,66.7729,0.0],[69.8083,66.7729,0.0],[69.8042,66.7708,2.8706],[69.7917,66.7708,0.0],[69.7839,66.7682,0.0],[69.7833,66.7646,0.0],[69.787,66.762,0.0],[69.788,66.7589,0.0],[69.7937,66.7562,0.0],[69.8016,66.7557,0.0],[69.8151,66.7484,0.0],[69.8203,66.7474,3.3185],[69.8245,66.7453,3.6059],[69.8255,66.7422,0.0],[69.838,66.7359,0.0],[69.8578,66.7307,0.0],[69.8729,66.7229,0.0],[69.8807,66.7224,2.4368],[69.8755,66.7203,0.0],[69.8771,66.7188,0.0],[69.8938,66.7188,2.5074],[69.9021,66.7146,0.0],[69.9125,66.7146,2.134],[69.9271,66.7104,0.0],[69.9604,66.7104,0.0],[69.9682,66.713,0.0],[69.9651,66.7161,0.0],[69.9729,66.7167,2.7231],[69.9854,66.7104,0.0],[70.0229,66.7104,0.0],[70.0458,66.7042,0.0],[70.0583,66.7042,2.2116],[70.0625,66.7021,0.0],[70.0661,66.7047,0.0],[70.0672,66.7099,0.0],[70.0771,66.7104,1.8808],[70.0792,66.7125,0.0],[70.0787,66.7141,1.9513],[70.0708,66.7146,2.0624],[70.0625,66.7188,0.0],[70.0563,66.7188,2.3615],[70.0453,66.7245,2.3192],[70.0401,66.7255,2.649],[70.0359,66.7276,2.2755],[70.037,66.7307,0.0],[70.0318,66.7318,0.0],[70.0328,66.7349,0.0],[70.0313,66.7354,0.0],[70.0188,66.7354,2.3931],[70.0062,66.7396,0.0],[69.9792,66.7417,2.7087],[69.9724,66.7453,0.0],[69.9646,66.7458,2.968],[69.9604,66.7479,1.7252],[69.9396,66.7479,3.2412],[69.9292,66.7521,0.0],[69.9146,66.7542,2.2209],[69.9063,66.7583,0.0],[69.9,66.7562,3.4913],[69.8974,66.7599,0.0],[69.8875,66.7646,0.0],[69.8812,66.7646,1.6206],[69.8771,66.7667,0.0],[69.8588,66.7672,1.5131]]],
[[[69.9208,66.7604,0.0],[69.9151,66.7599,0.0],[69.913,66.7568,0.0],[69.9167,66.7562,0.0],[69.9245,66.7589,0.0],[69.9208,66.7604,0.0]]],
[[[69.9568,66.7589,0.0],[69.9599,66.7589,0.0],[69.9599,66.7599,0.0],[69.9568,66.7599,0.0],[69.9568,66.7589,0.0]]],
[[[69.963,66.7609,0.0],[69.9661,66.7609,0.0],[69.9661,66.762,0.0],[69.963,66.762,0.0],[69.963,66.7609,0.0]]],
[[[69.9333,66.7667,0.0],[69.9255,66.763,0.0],[69.9333,66.7625,0.0],[69.9411,66.7651,0.0],[69.9417,66.7667,0.0],[69.9396,66.7688,0.0],[69.9333,66.7667,0.0]]],
[[[69.8792,66.7708,0.0],[69.8807,66.7724,0.0],[69.8755,66.7724,0.0],[69.8755,66.7714,0.0],[69.8792,66.7708,0.0]]],
[[[71.1266,66.5911,0.608],[71.1104,66.5958,1.0129],[71.1026,66.5953,0.0],[71.1229,66.5875,0.0],[71.1307,66.588,1.2861],[71.1266,66.5911,0.608]]],
[[[71.3146,66.6,0.0],[71.3068,66.5964,0.9078],[71.3208,66.5958,0.0],[71.325,66.5979,0.849],[71.3328,66.5984,0.6301],[71.3313,66.6,0.0],[71.3146,66.6,0.0]]],
[[[71.2875,66.5958,0.6612],[71.2953,66.5964,0.8777],[71.2979,66.6,0.8292],[71.2974,66.6036,0.0],[71.2854,66.6042,0.0],[71.2792,66.6021,1.3524],[71.275,66.6042,0.0],[71.2708,66.6021,0.0],[71.2521,66.6021,0.0],[71.25,66.6,0.0],[71.2505,66.5964,0.0],[71.2521,66.5958,0.0],[71.2562,66.5979,1.1184],[71.2792,66.5979,1.1715],[71.2833,66.5958,0.0],[71.2875,66.5958,0.6612]]],
[[[71.3979,66.6062,0.0],[71.3995,66.6078,0.7989],[71.3943,66.6078,0.712],[71.3943,66.6068,0.4366],[71.3979,66.6062,0.0]]],
[[[70.2458,66.6146,0.0],[70.2422,66.613,0.0],[70.2479,66.6104,0.0],[70.2516,66.6109,0.0],[70.2536,66.6182,0.0],[70.2484,66.6182,0.0],[70.2458,66.6146,0.0]]],
[[[70.1729,66.6208,0.0],[70.1713,66.6203,0.0],[70.1713,66.6172,0.0],[70.1755,66.6151,0.0],[70.1875,66.6146,0.0],[70.1937,66.6188,0.0],[70.2104,66.6188,0.0],[70.2125,66.6208,0.0],[70.2104,66.6229,0.0],[70.1937,66.6229,0.0],[70.1896,66.6208,0.0],[70.1729,66.6208,0.0]]],
[[[70.2833,66.6458,0.0],[70.275,66.6458,0.0],[70.2734,66.6443,0.0],[70.2891,66.6443,0.0],[70.2875,66.6458,0.0],[70.2833,66.6458,0.0]]],
[[[70.3193,66.6547,0.0],[70.3167,66.6563,0.0],[70.3063,66.6563,2.1536],[70.3021,66.6583,0.0],[70.2984,66.6578,0.0],[70.2979,66.6563,0.0],[70.2984,66.6547,0.0],[70.3042,66.6542,2.1641],[70.3146,66.65,0.0],[70.3208,66.65,0.0],[70.3287,66.6526,0.0],[70.3271,66.6542,0.0],[70.3193,66.6547,0.0]]],
[[[70.3875,66.6646,1.2641],[70.3979,66.6646,1.5935],[70.4021,66.6667,1.5668],[70.4104,66.6667,1.4661],[70.412,66.6682,1.1607],[70.3875,66.6687,0.0],[70.3812,66.6667,2.0915],[70.3771,66.6687,0.0],[70.3708,66.6687,0.0],[70.3667,66.6667,1.3498],[70.3604,66.6667,0.0],[70.3562,66.6646,2.1525],[70.3438,66.6646,0.0],[70.3396,66.6625,2.3894],[70.3333,66.6646,0.0],[70.3307,66.6609,2.1618],[70.3255,66.6589,0.0],[70.3432,66.6557,2.2217],[70.3458,66.6521,0.0],[70.3521,66.6542,1.5898],[70.3625,66.6542,1.9257],[70.3688,66.6521,0.0],[70.3896,66.6583,1.7903],[70.4036,66.6589,0.0],[70.4021,66.6604,1.6221],[70.3839,66.663,1.3079],[70.3875,66.6646,1.2641]]],
[[[70.1787,66.6776,0.0],[70.1713,66.6734,0.0],[70.1854,66.6729,0.0],[70.1932,66.6755,0.0],[70.1937,66.6771,0.0],[70.1917,66.6792,0.0],[70.1813,66.6792,0.0],[70.1787,66.6776,0.0]]],
[[[70.1396,66.6771,0.0],[70.1412,66.6787,0.0],[70.1359,66.6787,0.0],[70.1359,66.6776,0.0],[70.1396,66.6771,0.0]]],
[[[70.1604,66.6771,0.0],[70.1667,66.6771,0.0],[70.1682,66.6787,0.0],[70.1604,66.6813,0.0],[70.1526,66.6787,0.0],[70.1542,66.6771,0.0],[70.1604,66.6771,0.0]]],
[[[70.575,66.7104,0.0],[70.5734,66.7089,0.0],[70.5833,66.7083,1.2604],[70.5833,66.7104,1.4828],[70.575,66.7104,0.0]]],
[[[70.6771,66.7292,0.0],[70.6693,66.7255,1.142],[70.6771,66.725,0.0],[70.6849,66.7276,0.0],[70.6833,66.7292,1.564],[70.6771,66.7292,0.0]]],
[[[69.7959,66.8091,2.5442],[69.8256,66.814,1.2512],[69.8384,66.8141,4.7115],[69.8544,66.8104,2.1113],[69.8646,66.8104,2.0031],[69.8703,66.8078,2.3358],[69.8693,66.8026,0.0],[69.8812,66.8021,1.0938],[69.8854,66.8,0.0],[69.8953,66.8005,0.0],[69.8979,66.8042,0.0],[69.9042,66.8021,0.0],[69.9083,66.8042,0.0],[69.9208,66.8042,0.0],[69.9224,66.8047,0.0],[69.9224,66.8078,0.0],[69.9167,66.8104,1.9643],[69.9089,66.8089,2.0415],[69.9078,66.8141,2.1042],[69.9063,66.8146,2.2196],[69.9021,66.8146,0.0],[69.8979,66.8167,2.1161],[69.8812,66.8167,2.0579],[69.8771,66.8187,0.0],[69.8651,66.8193,4.8216],[69.8646,66.825,0.0],[69.8667,66.8313,0.0],[69.8662,66.8328,0.0],[69.8588,66.8359,2.0719],[69.8588,66.8391,0.0],[69.8641,66.8391,2.0082],[69.8682,66.837,0.0],[69.8693,66.8339,0.0],[69.875,66.8313,1.8341],[69.8828,66.8339,0.0],[69.8792,66.8375,3.1347],[69.8818,66.8453,0.0],[69.8891,66.8505,0.0],[69.8901,66.8557,2.026],[69.8938,66.8583,0.6395],[69.9208,66.8562,2.1413],[69.9333,66.8521,0.0],[69.95,66.8521,0.0],[69.962,66.8474,0.0],[69.9609,66.8443,0.0],[69.9661,66.8422,0.0],[69.9609,66.8401,0.0],[69.9682,66.837,0.0],[69.9693,66.8339,0.0],[69.9766,66.8307,0.0],[69.9776,66.8276,0.0],[69.987,66.8266,8.6622],[69.9818,66.8234,0.0],[69.9891,66.8203,0.0],[69.9891,66.8151,2.7712],[69.9812,66.8125,0.0],[69.975,66.8125,0.0],[69.9672,66.8089,0.0],[69.987,66.8099,5.9325],[69.9854,66.8042,1.8689],[69.9891,66.8016,4.2962],[69.9901,66.7984,0.0],[69.9995,66.7974,6.0942],[70.0078,66.7932,3.3872],[70.0089,66.7901,0.0],[70.0214,66.7839,0.0],[70.0307,66.7828,14.8986],[70.0318,66.7797,0.0],[70.0453,66.7745,4.5152],[70.0443,66.7714,0.0],[70.0495,66.7703,0.0],[70.0484,66.7672,0.0],[70.0526,66.7651,0.0],[70.0604,66.7625,0.0],[70.0724,66.762,10.8974],[70.0672,66.7599,0.0],[70.0667,66.7583,0.0],[70.0703,66.7547,0.0],[70.0651,66.7526,0.0],[70.0787,66.7474,4.3939],[70.0776,66.7443,0.0],[70.088,66.7401,0.0],[70.0958,66.7396,1.5767],[70.1188,66.7333,0.0],[70.1458,66.7312,0.0],[70.15,66.7292,0.0],[70.1542,66.7312,0.0],[70.1641,66.7318,0.0],[70.1667,66.7354,0.0],[70.1792,66.7354,0.0],[70.1833,66.7333,0.0],[70.225,66.7333,0.0],[70.2292,66.7354,0.0],[70.2479,66.7375,1.5501],[70.2578,66.7328,2.6229],[70.2526,66.7297,0.0],[70.2682,66.7286,0.0],[70.2646,66.725,2.1178],[70.2604,66.7271,0.0],[70.2333,66.7271,0.0],[70.225,66.7312,0.0],[70.2188,66.7292,2.1156],[70.2125,66.7292,2.312],[70.2083,66.7312,0.0],[70.2042,66.7292,2.4828],[70.1854,66.7292,0.0],[70.1828,66.7255,2.4306],[70.1713,66.7245,0.0],[70.1609,66.7203,0.0],[70.1526,66.7141,0.0],[70.1526,66.7109,0.0],[70.1563,66.7083,0.0],[70.1547,66.7026,0.0],[70.1604,66.7,0.0],[70.1667,66.7,0.0],[70.1792,66.7042,0.0],[70.1813,66.7021,0.0],[70.1797,66.6984,0.0],[70.1839,66.6964,0.0],[70.2266,66.6849,0.0],[70.2292,66.6813,0.0],[70.2396,66.6813,0.0],[70.2438,66.6771,0.0],[70.2646,66.6771,0.0],[70.2688,66.6729,0.0],[70.2958,66.6729,0.0],[70.3,66.675,0.0],[70.3125,66.675,0.0],[70.3167,66.6729,0.0],[70.3313,66.6729,0.0],[70.3354,66.6708,0.0],[70.3417,66.6729,0.0],[70.3646,66.6729,0.0],[70.3688,66.6708,0.0],[70.3729,66.6729,0.0],[70.4063,66.6729,0.0],[70.4104,66.675,1.719],[70.45,66.675,0.0],[70.4542,66.6771,1.4471],[70.475,66.6771,0.0],[70.4792,66.675,0.0],[70.4917,66.675,0.0],[70.5,66.6708,0.0],[70.5062,66.6771,0.0],[70.5333,66.6771,0.0],[70.5375,66.6792,0.0],[70.5458,66.6792,0.0],[70.5563,66.6833,1.9279],[70.5625,66.6813,0.0],[70.5771,66.6875,1.8195],[70.587,66.688,0.0],[70.5932,66.6901,0.0],[70.5938,66.6917,0.0],[70.5917,66.6937,1.5596],[70.5792,66.6937,0.0],[70.575,66.6917,0.0],[70.5687,66.6917,1.6924],[70.5589,66.6964,1.3077],[70.5641,66.6984,0.0],[70.5625,66.7,0.0],[70.5396,66.7,0.0],[70.5354,66.6979,1.8849],[70.5313,66.7,0.0],[70.5188,66.7,1.6066],[70.5172,66.7016,1.6256],[70.5193,66.7037,1.4017],[70.5245,66.7057,0.7979],[70.5167,66.7083,0.0],[70.5125,66.7063,1.0658],[70.5,66.7063,0.0],[70.4917,66.7104,0.902],[70.4838,66.7109,1.0818],[70.4854,66.7125,1.4436],[70.4938,66.7125,0.0],[70.5016,66.7151,1.1063],[70.4964,66.7182,1.6731],[70.5146,66.7188,1.406],[70.5208,66.7167,0.9827],[70.525,66.7188,1.1418],[70.5313,66.7188,1.6458],[70.5339,66.7151,0.8014],[70.5396,66.7146,1.1831],[70.5583,66.7083,0.8388],[70.5646,66.7083,0.9205],[70.5682,66.7109,0.9666],[70.5682,66.7161,1.0738],[70.5625,66.7167,1.2907],[70.5557,66.7203,0.0],[70.5479,66.7208,1.4738],[70.5422,66.7234,1.112],[70.5437,66.725,0.0],[70.55,66.725,0.0],[70.5542,66.7229,0.0],[70.5766,66.7224,0.0],[70.5714,66.7203,0.0],[70.5714,66.7172,0.0],[70.5833,66.7125,0.0],[70.5833,66.7104,1.4828],[70.6021,66.7104,0.0],[70.6057,66.713,1.485],[70.6026,66.7161,1.208],[70.6208,66.7188,0.0],[70.625,66.7208,0.0],[70.6438,66.7208,0.0],[70.6484,66.7266,1.0841],[70.6547,66.7307,1.2213],[70.6641,66.7318,0.0],[70.6599,66.7349,1.3018],[70.6563,66.7354,0.776],[70.6521,66.7333,1.4755],[70.6396,66.7333,0.0],[70.6312,66.7292,1.6496],[70.6188,66.7292,0.0],[70.6083,66.725,0.0],[70.5958,66.725,0.0],[70.5943,66.7266,0.0],[70.6021,66.7292,1.7216],[70.6099,66.7297,0.0],[70.612,66.7318,1.5292],[70.612,66.7349,0.0],[70.6026,66.7359,1.6836],[70.6036,66.7391,0.0],[70.6021,66.7396,0.0],[70.5854,66.7396,1.8718],[70.5813,66.7417,0.0],[70.5396,66.7417,0.0],[70.5375,66.7438,1.508],[70.5396,66.7458,0.0],[70.55,66.7458,1.133],[70.5542,66.7438,0.0],[70.5833,66.7438,0.0],[70.5875,66.7458,1.8776],[70.5917,66.7438,0.0],[70.5979,66.7438,0.0],[70.6021,66.7458,1.7415],[70.6104,66.7458,0.0],[70.6146,66.7479,1.6201],[70.6312,66.7479,0.0],[70.6333,66.75,1.3481],[70.6297,66.7526,0.0],[70.6312,66.7542,1.0246],[70.6604,66.7542,0.0],[70.675,66.7583,4.0271],[70.7188,66.7583,0.0],[70.7229,66.7604,0.0],[70.7312,66.7604,0.0],[70.7391,66.763,0.0],[70.7375,66.7646,0.9473],[70.7297,66.7651,0.6933],[70.7312,66.7667,0.8577],[70.7542,66.7667,0.0],[70.7688,66.7708,1.7331],[70.7875,66.7729,0.0],[70.7922,66.7786,0.0],[70.7974,66.7797,0.0],[70.8005,66.7911,1.108],[70.812,66.7922,0.0],[70.8151,66.7974,0.0],[70.8214,66.8016,0.0],[70.8328,66.8047,0.0],[70.8339,66.8099,1.5445],[70.8417,66.8125,1.5179],[70.8516,66.813,0.0],[70.8604,66.8187,1.338],[70.8875,66.8187,0.0],[70.8917,66.8167,0.0],[70.8995,66.8161,1.0167],[70.9063,66.8125,0.0],[70.9167,66.8125,0.0],[70.9208,66.8104,0.0],[70.9271,66.8125,1.0416],[70.9333,66.8125,0.6651],[70.9375,66.8104,0.0],[70.9437,66.8125,1.4861],[70.9479,66.8104,0.0],[70.9812,66.8104,0.0],[70.9854,66.8125,1.4365],[70.9896,66.8104,0.0],[71.0542,66.8104,0.0],[71.0583,66.8083,0.0],[71.0646,66.8083,0.0],[71.0687,66.8104,0.0],[71.0766,66.8109,0.0],[71.0797,66.8141,0.0],[71.1042,66.8229,0.0],[71.1125,66.8229,0.0],[71.1203,66.8255,0.0],[71.1214,66.8287,0.0],[71.1328,66.8318,0.0],[71.1359,66.8391,0.0],[71.1412,66.8401,0.0],[71.1443,66.8453,0.0],[71.1495,66.8484,0.0],[71.1505,66.8516,0.3987],[71.162,66.8526,0.0],[71.163,66.8578,0.0],[71.1745,66.8588,0.0],[71.1755,66.862,0.0],[71.1833,66.8646,0.0],[71.1896,66.8625,0.0],[71.1974,66.8651,0.0],[71.1984,66.8682,0.0],[71.2021,66.8708,0.6998],[71.2083,66.8708,1.2203],[71.2125,66.8688,0.0],[71.2292,66.8688,0.0],[71.2333,66.8708,1.3673],[71.2417,66.8708,0.0],[71.2458,66.8729,0.0],[71.2562,66.8729,0.0],[71.2604,66.8708,0.8459],[71.2937,66.8708,0.0],[71.3083,66.875,0.0],[71.3167,66.875,0.0],[71.337,66.8818,0.0],[71.338,66.8849,0.9965],[71.3474,66.8859,0.0],[71.3526,66.8953,0.0],[71.3708,66.9,0.0],[71.3792,66.9,0.0],[71.3833,66.9021,0.8113],[71.3896,66.9021,0.0],[71.3938,66.9,0.0],[71.4042,66.9,0.0],[71.4083,66.8979,0.0],[71.4313,66.8979,0.0],[71.4354,66.8958,0.0],[71.4458,66.8958,0.0],[71.45,66.8938,0.0],[71.4745,66.8943,0.0],[71.4745,66.8995,0.0],[71.4672,66.9005,1.2451],[71.4724,66.9036,0.0],[71.4646,66.9042,0.0],[71.4563,66.9083,0.0],[71.4437,66.9083,1.4412],[71.4396,66.9104,1.3504],[71.4354,66.9104,1.2524],[71.4328,66.9141,1.4573],[71.425,66.9146,1.3803],[71.4167,66.9187,0.0],[71.4047,66.9193,1.0099],[71.4047,66.9224,1.0064],[71.4099,66.9234,0.0],[71.4109,66.9266,0.8473],[71.4161,66.9276,0.7736],[71.4182,66.9297,0.0],[71.4167,66.9313,0.0],[71.4063,66.9313,0.0],[71.4021,66.9333,0.0],[71.3896,66.9333,0.0],[71.3833,66.9313,0.7833],[71.3792,66.9333,0.0],[71.3479,66.9333,0.8148],[71.3438,66.9354,0.6895],[71.3333,66.9354,1.2305],[71.3214,66.9401,0.0],[71.3234,66.9453,0.0],[71.3287,66.9464,0.0],[71.3297,66.9495,0.0],[71.3349,66.9505,0.0],[71.3359,66.9537,6.5157],[71.35,66.9583,0.0],[71.3583,66.9583,0.0],[71.375,66.9646,0.0],[71.3812,66.9646,0.0],[71.3854,66.9667,0.0],[71.4042,66.9688,0.0],[71.4083,66.9667,0.0],[71.4203,66.9661,0.983],[71.4474,66.9537,0.0],[71.4526,66.9464,0.0],[71.4557,66.9453,0.0],[71.4547,66.9422,0.0],[71.4682,66.937,0.0],[71.4693,66.9339,0.0],[71.4766,66.9328,0.0],[71.4792,66.9292,0.8199],[71.487,66.9287,1.3641],[71.4859,66.9255,0.0],[71.4938,66.925,1.9463],[71.4964,66.9213,0.0],[71.5036,66.9203,1.7834],[71.5089,66.913,0.0],[71.5214,66.9068,0.7199],[71.5292,66.9063,2.2374],[71.5333,66.9042,0.0],[71.5458,66.9042,0.0],[71.5641,66.9109,0.0],[71.5672,66.9141,0.9464],[71.5724,66.9151,0.0],[71.5724,66.9203,0.0],[71.5604,66.9187,0.0],[71.5589,66.9193,0.0],[71.5589,66.9224,1.5168],[71.5703,66.9255,0.0],[71.5734,66.9307,1.4348],[71.5787,66.9318,0.0],[71.5797,66.937,0.7978],[71.5896,66.9375,0.0],[71.5938,66.9396,1.9516],[71.6312,66.9375,1.7393],[71.6354,66.9354,0.0],[71.6458,66.9354,0.0],[71.65,66.9333,0.0],[71.6536,66.9339,0.0],[71.6547,66.937,0.9989],[71.6625,66.9375,0.0],[71.6667,66.9354,0.0],[71.6792,66.9354,0.0],[71.6833,66.9333,0.0],[71.6875,66.9333,1.0277],[71.6995,66.9287,1.8403],[71.6979,66.925,0.0],[71.6984,66.9213,0.0],[71.7016,66.9203,1.7609],[71.7005,66.9172,0.0],[71.7037,66.9161,0.0],[71.7047,66.9109,0.0],[71.7078,66.9099,1.5279],[71.7068,66.9047,0.0],[71.7125,66.9021,0.0],[71.7188,66.9042,0.0],[71.725,66.9021,0.0],[71.7292,66.9042,0.0],[71.7417,66.9042,0.0],[71.7557,66.9089,0.0],[71.7589,66.9141,0.0],[71.7641,66.9151,0.0],[71.7651,66.9182,0.0],[71.7703,66.9193,0.0],[71.7672,66.9213,0.0],[71.7672,66.9266,0.0],[71.7724,66.9276,0.0],[71.7755,66.9328,0.0],[71.7807,66.9339,0.0],[71.7859,66.9474,0.0],[71.7911,66.9484,0.0],[71.788,66.9516,1.8802],[71.8016,66.9568,0.0],[71.8026,66.962,0.0],[71.8078,66.963,0.0],[71.8125,66.9667,0.0],[71.8203,66.9661,0.3995],[71.8193,66.963,0.0],[71.8229,66.9625,0.0],[71.8333,66.9667,0.0],[71.8411,66.9672,0.0],[71.8443,66.9703,1.0374],[71.8521,66.9708,0.0],[71.8568,66.9745,0.867],[71.8682,66.9776,0.0],[71.8693,66.9828,0.0],[71.8714,66.9849,0.8248],[71.8766,66.9859,0.0],[71.8776,66.9912,1.7176],[71.8828,66.9922,0.0],[71.8849,66.9943,0.0],[71.888,67.0036,1.4531],[71.8995,67.0068,0.0],[71.9026,67.0099,0.5386],[71.9078,67.0109,0.0],[71.9089,67.0141,0.0],[71.9292,67.0208,0.0],[71.937,67.0203,0.0],[71.9396,67.0167,0.0],[71.9578,67.0172,0.327],[71.962,67.0266,0.0],[71.9568,67.0276,0.3123],[71.9526,67.0307,0.0],[71.9547,67.0328,0.0],[71.9688,67.0375,0.5222],[71.975,67.0375,0.067],[71.9792,67.0354,0.0],[71.9958,67.0354,0.0],[72.0104,67.0396,0.0],[72.0188,67.0396,0.0],[72.0271,67.0354,0.0],[72.037,67.0401,0.0],[72.037,67.0432,0.0],[72.0333,67.0458,0.7001],[72.0349,67.0495,0.0],[72.0318,67.0505,0.9401],[72.0307,67.0557,0.0],[72.0276,67.0568,0.917],[72.0286,67.062,0.0],[72.0245,67.0641,0.0],[72.0104,67.0646,0.0],[72.0026,67.062,0.0],[72.0,67.0583,0.0],[71.9922,67.0589,0.0],[71.9912,67.062,0.0],[71.988,67.063,-0.0132],[71.9896,67.0687,0.0],[71.9859,67.0724,0.0],[72.0099,67.0797,0.0],[72.0109,67.0828,0.4263],[72.0224,67.0859,0.0],[72.0245,67.088,0.0],[72.0245,67.0911,0.3338],[72.0172,67.0943,0.3003],[72.0162,67.0974,0.0],[72.0104,67.1,0.0],[72.0026,67.1005,1.1664],[71.9917,67.1062,0.0],[71.9734,67.1068,0.7614],[71.9786,67.1099,0.0],[71.9729,67.1125,0.0],[71.95,67.1125,0.0],[71.9458,67.1104,0.2601],[71.9333,67.1104,0.0],[71.9287,67.1068,0.0],[71.9208,67.1062,0.0],[71.9109,67.1088,0.0],[71.9109,67.1141,2.9935],[71.9224,67.1172,0.0],[71.9271,67.1208,0.0],[71.9349,67.1214,0.0],[71.938,67.1266,0.0],[71.9458,67.1292,2.6633],[71.9729,67.1271,2.8774],[71.9745,67.1266,0.0],[71.9745,67.1234,0.0],[71.9693,67.1214,0.0],[71.9812,67.1208,0.0],[71.9891,67.1234,0.0],[71.9922,67.1266,3.8554],[72.0016,67.1276,0.0],[72.0047,67.1307,1.4117],[72.0099,67.1318,0.0],[72.0109,67.137,6.3966],[72.0224,67.1401,0.0],[72.0255,67.1432,0.0],[72.0307,67.1443,0.0],[72.0318,67.1474,5.9626],[72.0432,67.1484,0.0],[72.0458,67.1521,6.3001],[72.0583,67.1521,0.0],[72.0625,67.1542,0.9277],[72.075,67.1542,0.0],[72.0792,67.1563,5.9602],[72.1188,67.1563,1.7832],[72.1229,67.1542,0.0],[72.1333,67.1542,0.9013],[72.1375,67.1521,0.0],[72.1542,67.15,0.0],[72.1641,67.1547,0.0],[72.1328,67.1703,0.0],[72.1276,67.1713,0.0],[72.1292,67.1729,0.0],[72.1479,67.1729,0.0],[72.1521,67.175,0.0],[72.1583,67.175,0.0],[72.1609,67.1713,0.0],[72.1734,67.1651,0.0],[72.1974,67.1578,1.288],[72.1932,67.1505,0.8551],[72.188,67.1495,0.0],[72.187,67.1464,0.7188],[72.1818,67.1453,0.0],[72.1849,67.1432,1.0095],[72.1859,67.1401,0.0],[72.1958,67.1354,0.0],[72.2057,67.138,0.0],[72.2068,67.1412,0.0],[72.212,67.1422,0.0],[72.2172,67.1516,0.0],[72.2224,67.1526,0.0],[72.2172,67.1557,0.725],[72.2193,67.1599,1.47],[72.2245,67.1609,0.0],[72.2214,67.163,0.0],[72.2234,67.1682,0.0],[72.2286,67.1693,0.0],[72.2255,67.1713,0.0],[72.2255,67.1745,0.0],[72.2307,67.1755,0.0],[72.2328,67.1776,0.0],[72.2276,67.1797,0.5662],[72.2312,67.1875,0.0],[72.2276,67.1901,0.0],[72.2286,67.1953,0.0],[72.225,67.1979,0.0],[72.2266,67.2037,0.0],[72.2193,67.2068,0.0],[72.2188,67.2104,0.0],[72.2203,67.2141,0.0],[72.213,67.2172,0.0],[72.2182,67.2203,0.0],[72.2089,67.2214,1.9611],[72.2099,67.2266,0.0],[72.2047,67.2276,1.9414],[72.2057,67.2307,0.0],[72.1984,67.2359,6.5207],[72.1995,67.2412,0.0],[72.1901,67.2443,2.9385],[72.1911,67.2474,0.0],[72.1854,67.25,0.0],[72.1729,67.2458,1.1689],[72.1542,67.2438,0.0],[72.15,67.2417,2.3318],[72.1167,67.2417,0.0],[72.1083,67.2458,0.0],[72.075,67.2458,0.3575],[72.0708,67.2479,0.0],[72.0646,67.2479,0.6112],[72.0547,67.2526,0.8474],[72.0521,67.2562,0.0],[72.0417,67.2562,0.189],[72.0375,67.2542,0.401],[72.0234,67.2547,0.0],[72.0286,67.2568,0.0],[72.0318,67.2662,1.1562],[72.037,67.2672,0.0],[72.0422,67.2745,0.0],[72.0474,67.2755,0.0],[72.0474,67.2786,0.0],[72.0401,67.2818,0.0],[72.0391,67.2849,0.0],[72.0359,67.2859,7.8014],[72.038,67.2932,0.0],[72.0458,67.2958,0.7698],[72.0542,67.2958,0.0],[72.0646,67.3,0.0],[72.0708,67.3,0.0],[72.0755,67.3037,0.0],[72.0833,67.3063,0.0],[72.1104,67.3063,0.8914],[72.1146,67.3042,0.0],[72.1224,67.3037,0.0404],[72.125,67.3,0.0],[72.1438,67.3021,0.0],[72.1453,67.3026,0.0],[72.1464,67.3078,0.0],[72.1516,67.3089,0.0],[72.1547,67.3141,0.0],[72.1625,67.3167,0.0],[72.1813,67.3187,0.0],[72.1859,67.3224,0.0],[72.1937,67.3229,0.0],[72.1984,67.3266,2.9377],[72.2083,67.3271,0.0],[72.2125,67.3292,1.1586],[72.2245,67.3287,0.0],[72.2214,67.3172,0.0],[72.2245,67.3161,0.0],[72.2255,67.313,0.0],[72.2338,67.3089,0.0],[72.2432,67.3078,0.5471],[72.2443,67.3047,0.0],[72.25,67.3021,0.458],[72.2729,67.3021,0.0],[72.2771,67.3042,0.6977],[72.2833,67.3042,0.0],[72.288,67.3078,0.0],[72.2932,67.3089,0.0],[72.2943,67.312,0.0],[72.2979,67.3146,0.715],[72.3042,67.3146,0.0],[72.3083,67.3125,0.0],[72.3354,67.3146,0.5633],[72.3396,67.3125,0.0],[72.3896,67.3125,0.5527],[72.3974,67.3151,0.0],[72.4005,67.3182,0.0],[72.4057,67.3193,0.0],[72.4089,67.3245,0.0],[72.4141,67.3255,0.0],[72.4172,67.3307,0.0],[72.4224,67.3318,0.0],[72.4255,67.3411,0.0],[72.4307,67.3422,0.0],[72.4328,67.3443,0.0],[72.4297,67.3464,0.0],[72.4287,67.3516,0.0],[72.4255,67.3526,0.0],[72.4292,67.3604,0.0],[72.425,67.3646,0.0],[72.4287,67.3724,0.0],[72.4234,67.3745,1.5764],[72.4333,67.3792,0.0],[72.4432,67.3797,0.2406],[72.4443,67.3828,0.3858],[72.4495,67.3839,0.0],[72.4401,67.387,0.8829],[72.4516,67.388,0.0],[72.4443,67.3922,0.0],[72.4391,67.3995,0.2571],[72.4297,67.4005,1.5562],[72.4307,67.4036,1.1124],[72.4234,67.4089,0.0],[72.4224,67.412,0.1605],[72.4151,67.4151,0.9642],[72.4161,67.4182,0.0],[72.4109,67.4193,1.4699],[72.4146,67.4271,0.0],[72.4109,67.4297,0.8804],[72.4099,67.4328,0.0],[72.4068,67.4339,2.1262],[72.4083,67.4396,0.0],[72.4047,67.4422,1.9612],[72.4099,67.4443,0.0],[72.4068,67.4464,1.4392],[72.4099,67.4557,0.0],[72.4068,67.4568,1.7338],[72.4068,67.4599,0.9715],[72.412,67.4609,0.0],[72.4172,67.4682,0.7463],[72.4287,67.4714,0.0],[72.4318,67.4766,0.3927],[72.4411,67.4776,0.0],[72.4443,67.4807,0.5161],[72.4521,67.4812,0.0],[72.4625,67.4854,0.4179],[72.4708,67.4854,0.0],[72.4812,67.4896,1.11],[72.4896,67.4896,0.0],[72.5042,67.4938,1.1066],[72.525,67.4958,0.0],[72.5297,67.5016,0.7152],[72.5375,67.5021,0.0],[72.5422,67.5057,0.0],[72.5474,67.5068,0.0],[72.5557,67.5255,0.0],[72.5526,67.5276,1.0019],[72.5521,67.5313,0.9438],[72.5563,67.5396,0.0],[72.5526,67.5422,0.2703],[72.5537,67.5474,0.0],[72.55,67.55,0.4932],[72.5563,67.5646,0.0],[72.5516,67.5682,0.0],[72.5422,67.5693,0.9533],[72.5432,67.5724,0.0],[72.5339,67.5734,0.6515],[72.5349,67.5766,0.0],[72.5255,67.5776,0.376],[72.5276,67.5849,0.0],[72.55,67.5938,0.0],[72.5641,67.5943,0.0],[72.5667,67.6,0.0],[72.563,67.6036,0.564],[72.5682,67.6047,0.0],[72.5729,67.6083,0.0],[72.5792,67.6083,0.0],[72.5854,67.6062,0.0],[72.5896,67.6083,0.0],[72.6042,67.6021,0.0],[72.6271,67.6021,0.0],[72.6312,67.6042,0.0],[72.6479,67.6042,0.3704],[72.6542,67.6021,0.2852],[72.6583,67.6042,0.3925],[72.6813,67.6042,0.7924],[72.6854,67.6021,0.0],[72.7021,67.6021,0.0],[72.7063,67.6042,1.1964],[72.7146,67.6042,0.0],[72.7193,67.6078,0.0],[72.7271,67.6083,0.0],[72.7312,67.6104,0.0],[72.7396,67.6104,0.0],[72.7438,67.6125,1.8662],[72.7562,67.6125,0.0],[72.7604,67.6146,1.9584],[72.7792,67.6146,0.0],[72.7896,67.6188,2.3326],[72.7979,67.6188,0.0],[72.8021,67.6208,1.9338],[72.8104,67.6208,0.0],[72.8146,67.6229,0.5803],[72.8229,67.6229,0.0],[72.8396,67.6292,0.7558],[72.8458,67.6292,0.0],[72.85,67.6312,0.0],[72.8646,67.6312,0.0],[72.8672,67.6349,0.0],[72.8724,67.6359,0.0],[72.8693,67.6391,1.2414],[72.8766,67.6432,0.0],[72.8693,67.6484,1.7338],[72.8682,67.6516,0.0],[72.8651,67.6526,1.6268],[72.8662,67.6557,0.0],[72.8609,67.6568,2.124],[72.862,67.6599,0.0],[72.8583,67.6625,0.6565],[72.8609,67.6682,0.0],[72.863,67.6703,0.0],[72.8745,67.6734,0.0],[72.8755,67.6766,0.0],[72.8776,67.6787,0.0],[72.8828,67.6797,0.0],[72.8859,67.6849,0.0],[72.9036,67.6901,0.0],[72.9068,67.6932,0.0],[72.9146,67.6937,0.0],[72.9187,67.6917,0.0],[72.925,67.6917,0.0],[72.9313,67.6937,0.0],[72.9396,67.6896,0.0],[72.9437,67.6917,0.5179],[72.9521,67.6917,0.0],[72.9563,67.6896,0.0],[72.9625,67.6896,0.0],[72.9703,67.6922,0.0],[72.9724,67.6953,0.0],[72.9589,67.6984,0.6828],[72.9589,67.7016,0.0],[72.9604,67.7021,0.0],[72.9729,67.7021,0.0],[73.0021,67.7104,0.3352],[73.0104,67.7083,0.0],[73.0146,67.7104,0.0],[73.0271,67.7104,0.0],[73.0437,67.7167,0.9434],[73.05,67.7146,0.0],[73.0682,67.7151,0.0],[73.0651,67.7172,0.9578],[73.0661,67.7224,0.0],[73.0479,67.7229,0.7133],[73.0422,67.7255,0.3711],[73.05,67.7292,0.8801],[73.0563,67.7271,0.0],[73.0604,67.7292,0.7558],[73.0729,67.7292,0.0],[73.0787,67.7266,0.0],[73.0813,67.7229,0.0],[73.1057,67.7234,0.0],[73.1078,67.7266,0.0],[73.1005,67.7318,0.0],[73.0995,67.7349,0.0],[73.0922,67.738,0.0],[73.0911,67.7412,0.0],[73.088,67.7422,0.0],[73.0891,67.7453,0.0],[73.0818,67.7505,0.0],[73.0828,67.7557,0.0],[73.0755,67.7609,0.0],[73.0766,67.7641,0.0],[73.0714,67.7651,8.9436],[73.0729,67.7688,0.0],[73.0693,67.7714,0.0],[73.0703,67.7745,0.0],[73.0651,67.7755,1.077],[73.0661,67.7786,0.0],[73.0589,67.7818,0.0],[73.0578,67.7849,0.0],[73.0547,67.7859,1.7138],[73.0599,67.788,0.0],[73.0568,67.7901,0.0],[73.0568,67.7932,0.0],[73.063,67.8037,1.189],[73.0682,67.8047,0.0],[73.0714,67.812,2.3102],[73.0849,67.8151,0.0],[73.0859,67.8182,0.0],[73.0911,67.8193,0.0],[73.0943,67.8224,0.0],[73.1057,67.8255,0.0],[73.1068,67.8287,0.0],[73.112,67.8287,0.0],[73.1146,67.825,0.0],[73.125,67.825,0.0],[73.1292,67.8271,0.2588],[73.15,67.8271,0.0],[73.1682,67.8318,0.0],[73.1713,67.8349,0.0],[73.1849,67.8401,0.0],[73.1901,67.8495,0.0],[73.1953,67.8505,0.0],[73.1917,67.8542,0.0],[73.2,67.8708,0.0],[73.1964,67.8734,0.0],[73.1974,67.8786,0.0],[73.1943,67.8797,0.7698],[73.1953,67.8849,0.0],[73.1901,67.8859,1.6155],[73.1922,67.8891,1.5551],[73.1974,67.8901,0.0],[73.1995,67.8922,0.0],[73.1943,67.8943,0.0],[73.1953,67.8995,0.0],[73.1922,67.9005,0.9372],[73.1974,67.912,0.0],[73.1922,67.913,1.2774],[73.1953,67.9203,0.0],[73.1917,67.9229,0.9544],[73.1922,67.9245,1.0333],[73.1974,67.9266,0.0],[73.1901,67.9276,1.1852],[73.1953,67.9297,0.0],[73.1958,67.9313,0.0],[73.1953,67.9328,0.0],[73.188,67.9359,0.0],[73.1891,67.9411,0.0],[73.1755,67.9464,0.7514],[73.1766,67.9495,0.0],[73.1734,67.9505,0.0],[73.1724,67.9537,0.0],[73.1693,67.9547,0.0],[73.1682,67.9578,0.0],[73.1609,67.9609,0.0],[73.162,67.9641,0.0],[73.1484,67.9693,2.6964],[73.1495,67.9724,0.0],[73.1359,67.9776,2.2822],[73.137,67.9807,0.0],[73.1276,67.9838,0.0],[73.1286,67.987,0.0],[73.1234,67.988,0.0],[73.1109,67.9943,2.5361],[73.112,67.9995,0.0],[73.0984,68.0047,0.0],[73.0995,68.0078,0.0],[73.0859,68.013,0.5537],[73.0911,68.0162,0.0],[73.0839,68.0172,0.0],[73.0828,68.0203,0.0],[73.0755,68.0234,0.0],[73.0745,68.0266,0.0],[73.063,68.0318,2.5388],[73.062,68.0349,0.0],[73.0505,68.0401,3.6067],[73.0516,68.0453,0.0],[73.0463,68.0463,1.7563],[73.0474,68.0495,0.0],[73.0443,68.0505,0.0],[73.0391,68.0578,0.0],[73.0359,68.0589,1.3202],[73.037,68.062,0.0],[73.0339,68.063,2.5411],[73.0339,68.0661,0.0],[73.0375,68.0729,0.0],[73.0333,68.0771,1.4237],[73.037,68.0849,0.0],[73.0333,68.0875,2.327],[73.0359,68.0911,1.454],[73.0411,68.0922,0.0],[73.0375,68.0958,0.0],[73.0432,68.1068,0.0],[73.0443,68.112,1.5237],[73.0516,68.113,0.0],[73.0516,68.1162,0.0],[73.0484,68.1182,0.9697],[73.0661,68.1193,0.0],[73.0693,68.1286,0.3354],[73.0766,68.1297,0.0],[73.0797,68.1349,0.7107],[73.0849,68.1359,0.0],[73.0859,68.1391,0.0],[73.0911,68.1401,0.0],[73.0943,68.1453,0.7533],[73.1016,68.1464,0.0],[73.1042,68.1521,0.0],[73.1,68.1563,0.7412],[73.1016,68.162,0.0],[73.0943,68.1651,0.1011],[73.0953,68.1703,0.0],[73.088,68.1734,0.0],[73.0891,68.1787,0.0],[73.0839,68.1797,0.9532],[73.0859,68.1828,0.9368],[73.0911,68.1839,0.0],[73.0932,68.1859,0.0],[73.088,68.188,0.9335],[73.0891,68.1932,0.0094],[73.0729,68.1979,0.6838],[73.0667,68.1958,1.5313],[73.0651,68.1964,1.7739],[73.0651,68.1995,1.8486],[73.0766,68.2005,0.0],[73.0734,68.2026,1.5061],[73.0755,68.2078,1.2648],[73.0891,68.2109,0.0],[73.0922,68.2182,0.0],[73.1036,68.2214,0.0],[73.1068,68.2266,0.0],[73.1141,68.2276,0.0],[73.1088,68.2307,1.4469],[73.1162,68.2318,0.0],[73.1172,68.2349,0.0],[73.1224,68.2359,0.0],[73.1276,68.2432,0.4013],[73.1479,68.25,0.4426],[73.1563,68.25,0.0],[73.1609,68.2536,0.0],[73.1687,68.2562,0.0],[73.1911,68.2589,0.0],[73.1943,68.2641,1.1587],[73.1995,68.2651,0.0],[73.2047,68.2745,0.0],[73.2161,68.2776,0.0],[73.213,68.2807,1.6097],[73.2266,68.2859,0.0],[73.2297,68.2891,0.6821],[73.2349,68.2901,0.0],[73.2359,68.2932,1.5828],[73.2432,68.2943,0.0],[73.2443,68.2974,2.02],[73.2578,68.3005,0.0],[73.2609,68.3057,0.0],[73.2724,68.3089,0.0],[73.2734,68.312,0.0],[73.2932,68.3172,0.0],[73.2963,68.3203,0.0],[73.3104,68.325,0.0],[73.3187,68.325,0.0],[73.3266,68.3276,0.0],[73.3297,68.3307,0.0],[73.3474,68.3359,0.0],[73.3521,68.3396,1.9193],[73.3682,68.3401,0.0],[73.3714,68.3474,3.491],[73.3828,68.3484,0.0],[73.3859,68.3536,1.5479],[73.3912,68.3547,0.0],[73.3943,68.3578,1.309],[73.4057,68.3588,0.0],[73.4068,68.362,0.0],[73.4104,68.3646,0.9677],[73.4203,68.3651,0.0],[73.4224,68.3703,0.0],[73.413,68.3734,0.0],[73.4089,68.3766,0.6519],[73.4141,68.3776,0.0],[73.4172,68.3828,0.0],[73.4245,68.3839,0.0],[73.4271,68.3896,0.0],[73.4224,68.3932,1.423],[73.4146,68.3938,0.0],[73.413,68.3953,0.9403],[73.4167,68.3979,0.0],[73.4266,68.3984,0.0],[73.4339,68.412,0.0],[73.4391,68.413,0.0],[73.4443,68.4203,0.0],[73.4495,68.4213,0.0],[73.4526,68.4287,0.0],[73.4599,68.4297,0.0],[73.4505,68.4328,0.0],[73.4557,68.4339,0.0],[73.4609,68.4432,0.0],[73.4661,68.4443,0.3239],[73.4693,68.4495,0.0],[73.4807,68.4505,0.0],[73.4714,68.4537,0.3675],[73.4771,68.4542,0.0],[73.4974,68.4609,0.0],[73.5021,68.4646,0.0],[73.5208,68.4646,0.0],[73.525,68.4667,0.0],[73.5292,68.4667,0.0],[73.5432,68.4714,0.0],[73.5479,68.4771,0.7014],[73.5604,68.4771,1.2724],[73.575,68.4729,0.0],[73.5813,68.4729,0.9393],[73.5839,68.4693,0.0],[73.5932,68.4682,3.4504],[73.5917,68.4667,1.7512],[73.5859,68.4661,0.0],[73.5839,68.462,0.0],[73.5911,68.4547,1.3779],[73.5859,68.4537,0.0],[73.5787,68.4422,0.0],[73.5672,68.4391,0.0],[73.5651,68.437,0.2926],[73.5693,68.4339,0.2338],[73.5745,68.4328,0.2621],[73.5714,68.4276,0.0],[73.5766,68.4255,1.0695],[73.5693,68.4245,0.0],[73.5651,68.4151,0.0],[73.5708,68.4125,0.0],[73.5792,68.4125,0.0],[73.5807,68.4141,0.0],[73.5776,68.4161,0.4228],[73.5891,68.4193,0.0],[73.5922,68.4245,0.0],[73.5995,68.4255,0.0],[73.5943,68.4276,0.0],[73.5984,68.4349,0.0],[73.6036,68.4359,0.0],[73.6005,68.438,0.0],[73.6016,68.4432,0.0],[73.5979,68.4458,1.05],[73.5984,68.4474,1.2303],[73.6057,68.4484,0.0],[73.6078,68.4537,0.0],[73.6047,68.4547,0.0],[73.6057,68.4599,0.0],[73.6005,68.4609,0.6054],[73.6036,68.4682,0.0],[73.6,68.4708,0.0],[73.6016,68.4766,0.0],[73.5984,68.4776,0.0],[73.6016,68.4849,0.0],[73.5984,68.4859,0.0],[73.6,68.4917,0.0],[73.5964,68.4943,0.0],[73.5974,68.4974,0.0],[73.5922,68.4984,0.0],[73.5932,68.5016,0.0],[73.5859,68.5068,0.8201],[73.587,68.5099,0.0],[73.5818,68.5109,1.7474],[73.5828,68.5141,0.0],[73.5734,68.5172,1.1879],[73.5745,68.5203,0.0],[73.5672,68.5234,0.7028],[73.5661,68.5266,0.0],[73.5589,68.5297,0.8479],[73.5599,68.5349,0.0],[73.5505,68.5359,0.8557],[73.5495,68.5391,0.0],[73.5422,68.5422,0.0],[73.5432,68.5453,0.0],[73.5339,68.5463,0.0],[73.5328,68.5495,0.0],[73.5193,68.5547,0.5119],[73.5203,68.5578,0.0],[73.5109,68.5589,0.792],[73.5016,68.5661,0.0],[73.4922,68.5672,3.2441],[73.4838,68.5714,3.2811],[73.4828,68.5745,0.0],[73.4734,68.5755,3.2957],[73.4745,68.5787,0.0],[73.4651,68.5797,1.6707],[73.4661,68.5828,0.0],[73.4583,68.5854,0.0],[73.4505,68.5859,0.6958],[73.4422,68.5901,0.0],[73.4432,68.5932,0.0],[73.4354,68.5938,0.0],[73.425,68.5979,0.0],[73.4187,68.5979,17.8233],[73.4021,68.6062,0.0],[73.3854,68.6083,14.5921],[73.3708,68.6146,0.0],[73.3646,68.6146,20.6798],[73.363,68.6151,20.9564],[73.3641,68.6182,0.0],[73.3547,68.6193,11.6806],[73.3453,68.6245,0.0],[73.3359,68.6255,0.0],[73.3187,68.6333,0.0],[73.3005,68.6359,3.0426],[73.3016,68.6391,0.0],[73.2937,68.6396,0.0],[73.2755,68.6443,1.3784],[73.2766,68.6474,0.0],[73.2688,68.6479,0.0],[73.2604,68.6521,0.0],[73.2526,68.6526,1.6978],[73.25,68.6563,0.0],[73.238,68.6568,1.2639],[73.237,68.6599,0.0],[73.2276,68.6609,2.2721],[73.2037,68.6724,0.0],[73.1943,68.6734,2.2727],[73.1859,68.6776,2.0868],[73.1849,68.6807,0.0],[73.1771,68.6813,0.8569],[73.1661,68.687,0.9028],[73.1609,68.688,0.7607],[73.1484,68.6943,1.4053],[73.1474,68.6974,0.0],[73.138,68.6984,1.9965],[73.1391,68.7016,0.0],[73.1349,68.7037,0.0],[73.1271,68.7042,1.3662],[73.1229,68.7063,0.8091],[73.1026,68.7068,1.9678],[73.1062,68.7104,1.4939],[73.1125,68.7083,0.9959],[73.1162,68.7109,1.5047],[73.1083,68.7146,0.0],[73.0917,68.7167,0.3801],[73.0833,68.7208,0.0],[73.075,68.7208,1.954],[73.0734,68.7172,0.5052],[73.0766,68.7151,0.3827],[73.0687,68.7146,1.0727],[73.0661,68.7182,0.5671],[73.0604,68.7208,0.6505],[73.0437,68.7208,1.7421],[73.038,68.7266,1.1513],[73.0458,68.7271,0.3055],[73.05,68.725,0.1315],[73.0542,68.725,1.328],[73.0542,68.7271,0.0],[73.0437,68.7312,0.0],[73.0359,68.7318,1.0227],[73.0229,68.7375,0.0],[73.0167,68.7375,0.0],[73.0083,68.7417,0.0],[73.0021,68.7417,0.0],[72.9938,68.7458,0.0],[72.9875,68.7458,1.6262],[72.9792,68.75,0.0],[72.9729,68.75,6.5687],[72.9583,68.7562,0.0],[72.9521,68.7562,4.5949],[72.9479,68.7583,0.0],[72.9401,68.7589,3.1933],[72.9333,68.7625,0.0],[72.9271,68.7625,2.2589],[72.9229,68.7667,0.0],[72.9063,68.7688,0.0],[72.8896,68.7771,0.0],[72.8833,68.7771,0.0],[72.8729,68.7813,0.0],[72.8667,68.7813,1.6918],[72.8583,68.7854,0.0],[72.8417,68.7875,1.4905],[72.8401,68.788,1.5075],[72.8411,68.7911,0.0],[72.8333,68.7937,0.0],[72.8271,68.7937,3.8616],[72.8187,68.7979,0.0],[72.8125,68.7979,0.8061],[72.7937,68.8063,0.0],[72.7901,68.8057,0.6443],[72.7891,68.8026,1.5331],[72.7792,68.8021,0.7162],[72.775,68.8,1.8718],[72.7484,68.8005,2.0546],[72.7495,68.8037,0.3362],[72.7401,68.8068,1.7055],[72.7412,68.8099,0.438],[72.7333,68.8125,3.0395],[72.7229,68.8125,0.1094],[72.7214,68.8141,1.5397],[72.7354,68.8146,0.1835],[72.7417,68.8167,1.7656],[72.7458,68.8146,1.6074],[72.7521,68.8146,1.5244],[72.7641,68.8099,1.4364],[72.763,68.8068,0.6694],[72.7646,68.8063,0.6694],[72.7833,68.8063,1.2655],[72.7849,68.8078,1.1229],[72.7792,68.8104,0.0],[72.7714,68.8109,1.73],[72.7542,68.8187,0.0],[72.7464,68.8193,2.2785],[72.7474,68.8224,0.0],[72.7412,68.8245,0.0],[72.7318,68.8255,1.8686],[72.7328,68.8287,0.0],[72.7234,68.8318,0.0],[72.7245,68.8349,0.0],[72.7188,68.8375,0.0],[72.7125,68.8375,0.0],[72.7047,68.8401,0.0],[72.7005,68.8422,0.0],[72.7016,68.8453,0.0],[72.6937,68.8479,0.0],[72.6859,68.8484,5.196],[72.687,68.8516,0.0],[72.6776,68.8526,9.254],[72.6766,68.856,0.0],[72.6547,68.8651,2.2667],[72.6536,68.8682,0.0],[72.6443,68.8693,2.3195],[72.6453,68.8724,0.0],[72.6422,68.8734,3.5664],[72.6412,68.8766,0.0],[72.6234,68.8839,1.4876],[72.6245,68.8891,0.0],[72.6151,68.8922,0.0],[72.6162,68.8953,0.0],[72.6068,68.8984,1.3316],[72.6078,68.9016,0.0],[72.5943,68.9068,2.1258],[72.5953,68.912,0.0],[72.588,68.9151,0.0],[72.587,68.9182,0.0],[72.5797,68.9213,0.0],[72.5787,68.9245,0.0],[72.5714,68.9276,4.9079],[72.5724,68.9349,0.0],[72.563,68.938,4.4299],[72.5641,68.9432,0.0],[72.5568,68.9464,0.0],[72.5557,68.9495,0.0],[72.5526,68.9505,4.1417],[72.5547,68.9557,0.0],[72.5599,68.9578,0.0],[72.5542,68.9604,0.0],[72.5463,68.9609,4.9567],[72.5516,68.9641,0.0],[72.5443,68.9672,0.0],[72.5432,68.9703,0.0],[72.5401,68.9714,3.053],[72.5411,68.9766,0.0],[72.5375,68.9792,0.0],[72.5391,68.9828,0.0],[72.5297,68.9859,3.0517],[72.5328,68.9932,0.0],[72.5234,68.9964,23.0988],[72.5266,69.0036,0.0],[72.5214,69.0047,0.0],[72.5224,69.0078,0.0],[72.5151,69.013,0.0],[72.5162,69.0182,0.0],[72.513,69.0193,0.0],[72.5182,69.0224,0.0],[72.5089,69.0255,2.0535],[72.5099,69.0307,0.0],[72.5068,69.0318,1.2184],[72.5078,69.037,0.0],[72.5042,69.0396,0.0],[72.5062,69.0437,0.0],[72.5026,69.0474,0.0],[72.5057,69.0537,0.0],[72.4943,69.0547,1.95],[72.4974,69.0589,0.0],[72.4974,69.062,0.0],[72.488,69.0661,7.7166],[72.4938,69.0667,0.0],[72.4953,69.0682,0.0],[72.4859,69.0714,8.6207],[72.4875,69.075,0.0],[72.4838,69.0787,3.9252],[72.4891,69.0807,0.0],[72.4859,69.0818,0.0],[72.487,69.087,0.0],[72.4838,69.088,0.0],[72.4849,69.0932,0.0],[72.4797,69.0943,2.7502],[72.4833,69.1021,0.0],[72.4797,69.1047,0.5515],[72.4812,69.1083,0.0],[72.4776,69.112,2.6105],[72.4828,69.1141,0.0],[72.4797,69.1151,0.0],[72.4807,69.1203,0.0],[72.4776,69.1224,1.2251],[72.4828,69.1245,0.0],[72.4797,69.1255,0.0],[72.4786,69.1286,0.5245],[72.4755,69.1307,7.1965],[72.4807,69.1318,0.0],[72.4828,69.1349,0.0],[72.4776,69.1359,0.0],[72.4786,69.1391,0.0],[72.475,69.1417,3.3754],[72.4828,69.1568,0.0],[72.4828,69.1599,0.0],[72.4771,69.1625,3.9618],[72.4646,69.1625,2.0911],[72.4589,69.1661,2.1883],[72.4729,69.1667,2.026],[72.4771,69.1646,2.0098],[72.4807,69.1651,2.4925],[72.4875,69.1792,0.0],[72.4838,69.1828,3.8428],[72.4912,69.1839,0.0],[72.4917,69.1854,0.0],[72.488,69.188,0.0],[72.488,69.1911,0.0],[72.4995,69.1901,0.0],[72.4964,69.1922,0.0],[72.4953,69.1953,0.0],[72.4922,69.1964,0.0],[72.4922,69.1995,0.0],[72.4943,69.2016,0.0],[72.4995,69.2026,0.0],[72.5026,69.2078,0.0],[72.5099,69.2089,0.0],[72.5151,69.2203,0.0],[72.5172,69.2224,0.0],[72.5224,69.2234,0.0],[72.5255,69.2307,0.4319],[72.5391,69.2338,0.0],[72.5505,69.2412,0.0],[72.5766,69.2505,0.0],[72.5797,69.2557,0.2273],[72.587,69.2568,0.0],[72.588,69.2599,0.3083],[72.6016,69.263,0.0],[72.6078,69.2651,0.0],[72.6109,69.2682,0.0],[72.6162,69.2693,0.0],[72.6208,69.2771,0.0],[72.6172,69.2807,0.0],[72.6224,69.2828,0.0],[72.613,69.2839,1.004],[72.6167,69.2917,0.0],[72.613,69.2943,0.0],[72.6146,69.2979,0.0],[72.6109,69.3005,0.0],[72.612,69.3057,0.0],[72.6088,69.3068,0.0],[72.6099,69.312,0.0],[72.6047,69.313,1.5132],[72.6057,69.3161,0.0],[72.5964,69.3193,2.8845],[72.6036,69.3224,0.0],[72.5922,69.3234,6.8685],[72.5932,69.3266,0.0],[72.5896,69.3292,3.6815],[72.5911,69.3328,0.0],[72.5818,69.3339,0.0],[72.5828,69.3391,0.0],[72.5776,69.3401,2.6339],[72.5807,69.3474,0.0],[72.5776,69.3495,0.0],[72.5828,69.3516,0.0],[72.5771,69.3542,0.0],[72.5672,69.3547,7.3358],[72.5682,69.3578,0.0],[72.5646,69.3604,6.6632999999999996],[72.5661,69.3641,0.0],[72.5609,69.3651,6.7955],[72.562,69.3682,0.0],[72.5484,69.3734,5.4538],[72.5495,69.3766,0.0],[72.5401,69.3797,6.1933],[72.5411,69.3849,0.0],[72.5271,69.3854,6.6017],[72.5099,69.3932,0.0],[72.5021,69.3938,0.0],[72.4979,69.3958,0.0],[72.4833,69.3958,0.0],[72.4786,69.3995,0.4845],[72.4734,69.4005,0.9564],[72.4766,69.4078,0.0],[72.4688,69.4083,0.0],[72.4672,69.4099,0.0],[72.4771,69.4125,0.0],[72.4828,69.4099,0.0],[72.4854,69.4063,0.0],[72.4979,69.4063,0.0],[72.4995,69.4078,0.0],[72.4901,69.4089,1.1289],[72.4943,69.4161,0.0],[72.5,69.4146,0.0],[72.5125,69.4146,0.0],[72.5203,69.412,0.8436],[72.5193,69.4089,0.0],[72.5271,69.4083,0.0],[72.5349,69.4057,0.0],[72.5651,69.3922,0.2912],[72.575,69.3938,0.0],[72.5766,69.3943,0.1686],[72.5797,69.4016,1.0633],[72.587,69.4026,0.0],[72.588,69.4057,0.598],[72.5953,69.4068,0.0],[72.5901,69.4099,0.9333],[72.5974,69.4109,0.0],[72.6005,69.4161,0.0],[72.6057,69.4172,0.0],[72.6078,69.4193,0.0],[72.6088,69.4224,0.0],[72.6162,69.4234,0.0],[72.6162,69.4266,0.0],[72.613,69.4276,0.0],[72.613,69.4307,1.2672],[72.6203,69.4318,0.0],[72.6255,69.4432,0.0],[72.6349,69.4484,0.0],[72.638,69.4557,0.0],[72.6453,69.4568,0.0],[72.6401,69.4599,0.0],[72.6458,69.4688,0.0],[72.6396,69.475,2.0858],[72.6339,69.4703,1.9572],[72.6391,69.4682,1.4626],[72.6354,69.4646,1.2077],[72.6042,69.4625,1.1751],[72.5979,69.4646,1.2134],[72.5917,69.4625,2.1715],[72.5859,69.4651,1.2883],[72.587,69.4703,0.6763],[72.5854,69.4708,0.5827],[72.5771,69.4708,1.6308],[72.5729,69.4729,1.7136],[72.5667,69.4708,2.1486],[72.5625,69.4729,2.068],[72.5547,69.4734,2.0403],[72.5547,69.4766,2.1694],[72.5563,69.4771,2.2012],[72.5708,69.4771,1.6789],[72.5771,69.475,1.1284],[72.5813,69.4771,2.6624],[72.5875,69.475,0.9898],[72.5917,69.4771,1.9153],[72.6,69.4771,1.7109],[72.6016,69.4766,1.7536],[72.6005,69.4734,2.0261],[72.6057,69.4724,2.3802],[72.6047,69.4693,1.4376],[72.6208,69.4688,0.2235],[72.6224,69.4703,0.6699],[72.6172,69.4724,0.4275],[72.6193,69.4745,0.6253],[72.6245,69.4755,0.9313],[72.6276,69.4786,1.8813],[72.6391,69.4776,2.564],[72.6417,69.4833,0.0],[72.638,69.487,1.601],[72.6432,69.4891,0.0],[72.6255,69.4964,1.9807],[72.6328,69.5005,1.6076],[72.6328,69.5036,2.1458],[72.6297,69.5047,2.2377],[72.6307,69.5078,0.0],[72.6214,69.5109,2.3097],[72.6224,69.5141,1.2802],[72.6172,69.5151,2.1056],[72.6182,69.5182,0.0],[72.613,69.5193,2.7437],[72.6141,69.5224,0.0],[72.5901,69.5318,2.5788],[72.5917,69.5354,1.2486],[72.588,69.538,1.9019],[72.5891,69.5411,1.4611],[72.5797,69.5443,0.9157],[72.5807,69.5474,0.0],[72.5755,69.5484,1.7589],[72.5766,69.5516,0.0],[72.5714,69.5526,1.8216],[72.5724,69.5557,2.2642],[72.5693,69.5578,2.1641],[72.5745,69.5599,0.0],[72.5651,69.5609,2.12],[72.5703,69.5641,0.0],[72.563,69.5672,2.1854],[72.5661,69.5766,0.0],[72.5609,69.5776,13.2361],[72.562,69.5807,0.0],[72.5583,69.5833,4.0071],[72.5599,69.587,0.0],[72.5463,69.5922,11.1564],[72.5411,69.5995,5.6668],[72.5339,69.6026,11.8833],[72.5349,69.6078,0.0],[72.5255,69.6109,7.5568],[72.5266,69.6141,0.0],[72.5172,69.6172,9.408],[72.5182,69.6203,0.0],[72.513,69.6214,0.0],[72.5141,69.6245,0.0],[72.5047,69.6276,2.6033],[72.5057,69.6328,0.0],[72.5026,69.6339,0.0],[72.5016,69.637,0.0],[72.4943,69.6401,6.004],[72.4938,69.6417,0.0],[72.4943,69.6432,0.0],[72.5042,69.6458,0.0],[72.5104,69.6438,0.496],[72.5146,69.6458,0.0],[72.5266,69.6464,0.0],[72.5214,69.6495,0.2313],[72.5297,69.6536,0.0],[72.537,69.6547,0.0],[72.538,69.6578,0.0],[72.5453,69.6589,0.0],[72.5359,69.6641,1.0568],[72.5411,69.6651,0.0],[72.5443,69.6682,1.3233],[72.5495,69.6693,0.0],[72.5516,69.6713,0.0],[72.5463,69.6745,1.2348],[72.5495,69.6776,0.0],[72.5526,69.6849,1.7644],[72.5547,69.687,1.6739],[72.5599,69.688,0.0],[72.563,69.6932,1.7139],[72.5703,69.6943,0.0],[72.5714,69.6974,0.6718],[72.5787,69.6984,0.0],[72.5818,69.7037,0.0],[72.587,69.7047,0.0],[72.5901,69.7078,0.0],[72.6099,69.713,0.0],[72.6109,69.7161,0.4746],[72.6182,69.7172,0.0],[72.6193,69.7203,0.0],[72.6266,69.7214,0.0],[72.6328,69.7234,0.0],[72.6359,69.7266,0.0],[72.6412,69.7276,0.0],[72.6464,69.7349,0.0],[72.6516,69.7359,0.0],[72.6589,69.7453,0.0],[72.6641,69.7464,0.0],[72.6609,69.7495,0.83],[72.6661,69.7505,0.0],[72.6682,69.7526,0.0],[72.6729,69.7625,0.0],[72.6693,69.7662,1.6135],[72.6713,69.7682,2.0756],[72.6766,69.7693,0.0],[72.6734,69.7724,1.8163],[72.6787,69.7734,0.0],[72.675,69.7771,0.0],[72.6766,69.7807,0.0],[72.6729,69.7833,1.0045],[72.6745,69.787,0.0],[72.6693,69.788,2.8814],[72.6713,69.7932,0.0],[72.6745,69.7963,0.0],[72.6693,69.7984,0.0],[72.6724,69.8057,0.0],[72.6672,69.8068,2.5709],[72.6687,69.8083,0.0],[72.6745,69.8089,0.0],[72.6708,69.8125,0.0],[72.6745,69.8203,0.0],[72.6693,69.8214,0.0],[72.6724,69.8266,0.0],[72.6672,69.8276,0.0],[72.6682,69.8307,0.0],[72.663,69.8318,1.9078],[72.6641,69.8349,0.0],[72.6604,69.8375,0.0],[72.662,69.8411,0.0],[72.6568,69.8422,0.0],[72.6578,69.8453,0.0],[72.6484,69.8484,14.2896],[72.6557,69.8516,0.0],[72.6505,69.8526,0.0],[72.6516,69.8557,0.0],[72.6484,69.8568,0.0],[72.65,69.8625,0.0],[72.6464,69.8651,0.0],[72.6474,69.8703,0.0],[72.638,69.8714,2.2889],[72.637,69.8745,1.1054],[72.6339,69.8755,-0.8555],[72.6349,69.8807,0.0],[72.6255,69.8818,0.6762],[72.6245,69.8849,1.9805],[72.6172,69.888,1.1563],[72.6224,69.8912,0.0],[72.613,69.8922,1.4968],[72.612,69.8953,0.0],[72.5984,69.9005,1.365],[72.5995,69.9036,0.0],[72.5901,69.9047,2.4792],[72.5891,69.9078,5.8169],[72.5797,69.9109,9.856],[72.5807,69.9161,0.0],[72.5714,69.9172,9.4162],[72.5724,69.9203,5.3074],[72.563,69.9234,10.1041],[72.5641,69.9266,0.0],[72.5589,69.9276,6.6204],[72.5599,69.9307,0.0],[72.5463,69.9359,9.4118],[72.5474,69.9411,0.0],[72.5422,69.9422,0.0],[72.5432,69.9453,0.0],[72.5297,69.9505,9.1476],[72.5286,69.9537,0.0],[72.5214,69.9568,6.3154],[72.5224,69.962,0.0],[72.513,69.9651,14.497],[72.5162,69.9724,0.0],[72.5047,69.9734,8.8253],[72.5005,69.9755,11.083],[72.5016,69.9786,0.0],[72.4964,69.9797,10.3314],[72.4995,69.987,0.0],[72.4964,69.988,0.0],[72.4974,69.9932,0.0],[72.4922,69.9943,9.2281],[72.4938,69.9979,0.0],[72.4901,70.0005,0.0],[72.4912,70.0036,0.0],[72.4859,70.0047,13.805],[72.4896,70.0125,0.0],[72.4859,70.0151,1.7009],[72.4891,70.0224,0.0],[72.4838,70.0245,3.5053],[72.4932,70.0297,0.0],[72.4974,70.0359,0.6914],[72.4974,70.0391,1.3213],[72.4896,70.0396,1.7619],[72.4714,70.0443,1.8318],[72.4672,70.0463,1.9617],[72.462,70.0537,2.894],[72.4589,70.0547,2.46],[72.4599,70.0578,0.5216],[72.4547,70.0589,3.968],[72.4568,70.062,1.9867],[72.4646,70.0646,0.6333],[72.4792,70.0604,0.6393],[72.4833,70.0625,1.52],[72.5042,70.0625,2.0228],[72.5146,70.0667,1.8392],[72.5495,70.0672,0.0],[72.5463,70.0703,1.9611],[72.5526,70.0828,2.0214],[72.5599,70.0839,0.0],[72.5641,70.0901,0.0],[72.5641,70.0932,0.0],[72.5609,70.0953,1.6287],[72.5745,70.1005,0.7],[72.5787,70.1047,1.0641],[72.5917,70.1292,0.0],[72.588,70.1318,0.0],[72.587,70.1349,0.0],[72.5839,70.1359,0.7184],[72.5849,70.1391,0.0],[72.5755,70.1422,0.0],[72.5766,70.1474,0.0],[72.5734,70.1484,0.0],[72.5724,70.1516,0.0],[72.5687,70.1542,3.2565],[72.5708,70.1583,0.0],[72.5672,70.1609,14.7324],[72.5682,70.1661,0.0],[72.5521,70.1729,5.0337],[72.5396,70.1729,7.1977],[72.5354,70.175,0.0424],[72.5214,70.1755,-0.5459],[72.5214,70.1787,1.6684],[72.5229,70.1792,1.5563],[72.5313,70.1771,-0.4347],[72.5354,70.1792,0.3832],[72.5437,70.1792,1.1988],[72.5453,70.1807,1.4499],[72.5396,70.1833,0.0],[72.5333,70.1833,1.4582],[72.5255,70.1859,1.5567],[72.5146,70.1917,0.0],[72.5047,70.1922,1.5961],[72.5005,70.1943,1.2481],[72.4995,70.1974,0.3432],[72.4912,70.2016,0.0],[72.4812,70.2021,1.165],[72.4641,70.2099,0.0],[72.4547,70.2109,1.4516],[72.4537,70.2141,0.3208],[72.4495,70.2161,0.4775],[72.4401,70.2172,0.1979],[72.4391,70.2203,0.987],[72.4297,70.2214,1.4781],[72.4287,70.2245,1.7713],[72.4255,70.2255,1.1449],[72.4266,70.2286,0.0],[72.4172,70.2318,0.8612],[72.4161,70.2349,0.4368],[72.4026,70.2401,1.2135],[72.4036,70.2432,0.1621],[72.3984,70.2443,1.3123],[72.4,70.2458,1.0419],[72.4057,70.2464,0.0],[72.4068,70.2495,0.0],[72.4141,70.2505,0.0],[72.4141,70.2536,0.0],[72.3979,70.2604,0.8889],[72.3917,70.2583,1.3859],[72.388,70.2589,1.616],[72.3891,70.262,0.0533],[72.3839,70.2641,1.4581],[72.3859,70.2662,0.2344],[72.3932,70.2672,-0.936],[72.388,70.2703,1.3684],[72.3979,70.2729,-0.4002],[72.4078,70.2724,0.5865],[72.4063,70.2708,0.951],[72.4005,70.2703,0.2491],[72.3984,70.2682,0.0111],[72.3984,70.2651,0.1453],[72.4099,70.2651,1.2821],[72.4234,70.2891,0.9963],[72.4307,70.2901,0.0],[72.4318,70.2932,0.877],[72.4391,70.2943,0.0],[72.4339,70.2974,2.386],[72.4474,70.3005,0.0],[72.45,70.3042,0.0],[72.4479,70.3063,0.6498],[72.4292,70.3063,0.3495],[72.4276,70.3078,0.4453],[72.4375,70.3104,0.4876],[72.4521,70.3104,0.6399],[72.4646,70.3146,1.8989],[72.4729,70.3146,0.0],[72.4766,70.3172,0.0],[72.4776,70.3203,1.9209],[72.4849,70.3214,0.0],[72.4875,70.325,1.2216],[72.5,70.3271,0.0],[72.5042,70.3292,0.0],[72.5203,70.3297,0.0],[72.5318,70.337,6.3052],[72.5516,70.3422,0.0],[72.5547,70.3453,0.0],[72.5599,70.3464,0.0],[72.5568,70.3495,6.4145],[72.5641,70.3505,0.0],[72.5672,70.3578,4.8775],[72.5745,70.3588,0.0],[72.5755,70.362,3.3368],[72.5828,70.363,0.0],[72.5859,70.3662,0.0],[72.5938,70.3688,2.7349],[72.6042,70.3688,0.0],[72.6146,70.3729,0.0],[72.6188,70.3729,0.0],[72.6266,70.3755,0.0],[72.6297,70.3786,0.0],[72.6349,70.3797,0.0],[72.638,70.3828,3.4188],[72.65,70.3833,0.0],[72.6604,70.3875,4.1586],[72.6708,70.3875,0.0],[72.675,70.3896,2.225],[72.6833,70.3896,0.0],[72.6875,70.3917,1.9378],[72.6979,70.3917,0.0],[72.7021,70.3938,2.6751],[72.7167,70.3938,1.2986],[72.7224,70.3912,0.0],[72.7214,70.3859,1.6189],[72.725,70.3854,0.0],[72.7297,70.3912,1.7898],[72.737,70.3922,0.0],[72.7432,70.4047,0.0],[72.7396,70.4083,3.7911],[72.7432,70.4151,2.7737],[72.7401,70.4182,5.0365],[72.7453,70.4193,0.0],[72.7495,70.4255,0.0],[72.7458,70.4292,4.3732],[72.7474,70.4349,0.0],[72.7438,70.4375,3.9999],[72.7479,70.4437,0.0],[72.7438,70.4479,2.2626],[72.7474,70.4537,0.0],[72.7422,70.4557,2.474],[72.7495,70.4672,0.0],[72.7443,70.4703,2.1274],[72.7516,70.4818,0.0],[72.7464,70.4849,5.5089],[72.7516,70.4932,0.0],[72.7422,70.4964,3.9724],[72.7438,70.4979,3.4124],[72.7495,70.4984,0.0],[72.75,70.5,0.0],[72.7422,70.5078,4.3318],[72.7479,70.5083,0.0],[72.7495,70.5099,0.0],[72.7443,70.5109,3.7009],[72.7453,70.5141,0.0],[72.7401,70.5151,8.3202],[72.7432,70.5193,0.0],[72.7432,70.5224,0.0],[72.7338,70.5234,3.9139],[72.7328,70.5266,0.0],[72.7182,70.5328,4.761],[72.7104,70.5333,3.59],[72.7026,70.5359,1.8453],[72.7037,70.5411,0.6905],[72.7005,70.5422,1.4797],[72.7016,70.5453,0.941],[72.6964,70.5463,0.719],[72.6979,70.55,0.0],[72.6943,70.5526,0.9928],[72.6953,70.5578,0.0],[72.6839,70.5568,1.5923],[72.687,70.5641,0.6443],[72.6776,70.5672,1.7184],[72.6792,70.5708,1.3958],[72.6755,70.5745,1.6846],[72.6807,70.5766,0.0],[72.6776,70.5776,1.8019],[72.6787,70.5807,0.0],[72.6734,70.5818,1.6472],[72.6755,70.5849,1.8696],[72.6807,70.5859,0.0],[72.6776,70.5891,1.5716],[72.6807,70.5953,1.0606],[72.6755,70.5964,1.5289],[72.6787,70.6036,0.0],[72.6755,70.6047,0.0037],[72.6771,70.6104,0.5896],[72.6734,70.6141,1.9774],[72.6828,70.6193,0.0],[72.6901,70.6328,1.09],[72.6943,70.637,0.8075],[72.7078,70.6422,0.0],[72.712,70.6464,0.0],[72.7151,70.6536,1.4822],[72.7224,70.6547,0.0],[72.7338,70.662,0.0],[72.7474,70.6651,0.0],[72.7495,70.6672,0.0],[72.7443,70.6693,1.6126],[72.7516,70.6818,0.0],[72.7464,70.6839,6.1426],[72.7474,70.687,3.9789],[72.7443,70.688,5.7647],[72.7516,70.6922,0.0],[72.7464,70.6943,0.0],[72.75,70.7,0.0],[72.7464,70.7037,1.9345],[72.7516,70.7047,0.0],[72.7479,70.7083,4.6012],[72.7521,70.7146,0.0],[72.7484,70.7182,5.3056],[72.7536,70.7193,0.0],[72.7505,70.7224,3.8526],[72.7578,70.7234,0.0],[72.7662,70.738,0.0],[72.7609,70.7401,2.6986],[72.7662,70.7495,0.0],[72.7609,70.7505,3.1968],[72.7641,70.7557,0.0],[72.7589,70.7578,3.4574],[72.7662,70.762,0.0],[72.763,70.763,1.3605],[72.7641,70.7662,0.0],[72.7589,70.7682,1.8135],[72.7646,70.7688,0.0],[72.7662,70.7703,0.0],[72.7609,70.7714,1.1493],[72.7641,70.7766,0.0],[72.7589,70.7786,1.2966],[72.7641,70.787,0.0],[72.7589,70.7891,1.9346],[72.7609,70.7932,1.849],[72.7682,70.7943,0.0],[72.7714,70.7974,0.0],[72.7766,70.7984,0.0],[72.7786,70.8005,1.2386],[72.7734,70.8037,1.2582],[72.7807,70.8047,1.3684],[72.7776,70.8068,1.3844],[72.7776,70.8099,1.5276],[72.7849,70.8109,0.7864],[72.787,70.813,0.955],[72.7896,70.8187,0.0],[72.7859,70.8224,3.5088],[72.7932,70.8234,0.0],[72.8,70.8354,0.0],[72.7963,70.8391,0.8999],[72.8016,70.8401,0.0],[72.8057,70.8453,0.0],[72.8005,70.8464,1.3276],[72.8016,70.8495,1.2608],[72.7963,70.8505,1.3428],[72.7995,70.8547,0.0],[72.7943,70.8568,1.689],[72.7974,70.8641,0.0],[72.7901,70.8693,3.0474],[72.7911,70.8745,0.0],[72.788,70.8755,0.0],[72.787,70.8786,0.0],[72.7792,70.8792,4.3166],[72.7672,70.8839,1.3429],[72.7682,70.8891,0.0],[72.7625,70.8917,0.0],[72.7526,70.8922,1.8721],[72.7536,70.8953,0.779],[72.7484,70.8964,0.6553],[72.7495,70.8995,0.0],[72.7312,70.9042,2.0949],[72.7167,70.9042,2.079],[72.7109,70.9068,1.4891],[72.712,70.9099,0.0],[72.7005,70.9109,2.0146],[72.7016,70.9161,0.0],[72.6974,70.9182,1.5355],[72.6797,70.9193,0.6609],[72.6807,70.9224,0.0],[72.6755,70.9234,2.1029],[72.6787,70.9287,0.0],[72.6693,70.9318,0.0],[72.6703,70.937,0.0],[72.6589,70.938,0.0],[72.6193,70.9547,2.1782],[72.6182,70.9578,1.5207],[72.6047,70.963,2.2894],[72.612,70.9661,0.0],[72.6026,70.9693,1.8523],[72.5974,70.9766,0.0],[72.5839,70.9818,2.221],[72.5849,70.9849,0.0],[72.5734,70.9859,2.4954],[72.575,70.9896,2.4123],[72.5714,70.9932,2.1886],[72.5734,70.9974,2.0178],[72.5792,70.9979,1.1467],[72.5807,70.9995,0.0],[72.5651,71.0057,2.3866],[72.5693,71.0099,0.7715],[72.5745,71.0109,0.7294],[72.5787,71.0151,0.0],[72.587,71.0297,1.8876],[72.5818,71.0328,1.9611],[72.5953,71.0339,2.0125],[72.5938,71.0354,2.0329],[72.5859,71.0359,2.0953],[72.5849,71.0391,2.2164],[72.5818,71.0411,2.2014],[72.5854,71.0417,2.217],[72.5896,71.0396,2.2743],[72.6042,71.0396,2.1019],[72.6078,71.0422,0.0],[72.6078,71.0453,1.0073],[72.6047,71.0474,2.2097],[72.6099,71.0495,1.2886],[72.6005,71.0505,2.5226],[72.6005,71.0537,2.4676],[72.6062,71.0542,2.4367],[72.6125,71.0521,1.1726],[72.6203,71.0547,0.0],[72.6271,71.0604,0.9877],[72.6417,71.0604,1.225],[72.6578,71.0537,1.1125],[72.6604,71.05,0.919],[72.6667,71.05,0.7636],[72.6729,71.0479,0.0],[72.6771,71.0521,0.0],[72.6766,71.0537,0.0],[72.6682,71.0578,0.0],[72.663,71.0589,1.1762],[72.6641,71.062,0.0],[72.6547,71.0651,1.3252],[72.6536,71.0682,0.0],[72.6443,71.0714,1.2448],[72.6453,71.0745,0.0],[72.6354,71.075,1.3835],[72.6297,71.0776,1.5885],[72.6307,71.0807,1.0727],[72.6255,71.0818,1.7266],[72.6266,71.0849,0.0],[72.6172,71.088,1.5559],[72.6162,71.0911,0.9315],[72.6068,71.0922,1.7698],[72.6078,71.0974,0.0],[72.5917,71.1042,2.2082],[72.5818,71.1047,2.2877],[72.5828,71.1078,1.9981],[72.5776,71.1099,1.9084],[72.5833,71.1104,2.1387],[72.5849,71.112,1.4164],[72.5797,71.113,1.9379],[72.5807,71.1162,0.983],[72.5714,71.1193,2.3547],[72.5724,71.1224,0.0],[72.5672,71.1245,0.0],[72.5714,71.1286,0.8772],[72.5813,71.1292,0.0],[72.5828,71.1307,0.0],[72.575,71.1312,0.0],[72.5708,71.1333,0.0],[72.5625,71.1333,0.952],[72.5542,71.1375,0.0],[72.5458,71.1375,1.3853],[72.5339,71.1422,1.1355],[72.5349,71.1453,1.0463],[72.5333,71.1458,1.0145],[72.5062,71.1458,1.555],[72.5021,71.1479,0.0],[72.4922,71.1474,1.4192],[72.4875,71.1417,0.5576],[72.4912,71.1391,1.9748],[72.4912,71.1359,1.0156],[72.4875,71.1354,0.15],[72.4797,71.138,1.6838],[72.4807,71.1412,0.7845],[72.4792,71.1417,0.6878],[72.463,71.1422,1.5074],[72.4672,71.1495,0.0],[72.4729,71.15,0.0],[72.4745,71.1516,0.0],[72.4667,71.1542,2.2046],[72.4583,71.1521,1.9739],[72.4505,71.1547,2.6619],[72.4516,71.1578,1.9025],[72.4458,71.1604,2.3647],[72.425,71.1625,2.7401],[72.4104,71.1667,0.0],[72.3771,71.1687,2.4274],[72.3562,71.175,1.1749],[72.3484,71.1755,2.4372],[72.3458,71.1792,0.0],[72.3271,71.1813,1.1122],[72.3187,71.1854,0.0],[72.3042,71.1854,2.3134],[72.2896,71.1917,0.0],[72.2813,71.1917,3.4599],[72.2625,71.2,0.0],[72.2479,71.2,3.2872],[72.2214,71.2109,1.5999],[72.2203,71.2141,0.0],[72.2161,71.2161,0.0],[72.1943,71.2214,2.5176],[72.1953,71.2245,0.0],[72.1854,71.225,2.8735],[72.1578,71.237,1.5603],[72.1479,71.2375,4.2442],[72.1401,71.2401,5.0753],[72.1474,71.2432,0.0],[72.1396,71.2438,0.517],[72.1318,71.2464,1.6776],[72.1224,71.2536,0.0],[72.0964,71.263,0.5124],[72.0974,71.2662,0.3169],[72.0859,71.2672,2.0106],[72.087,71.2724,0.6449],[72.0828,71.2745,0.694],[72.075,71.2771,0.7263],[72.0687,71.2771,3.2149],[72.0417,71.2875,0.0],[72.0214,71.2901,1.4138],[72.0172,71.2932,0.0],[72.0208,71.2937,1.1802],[72.025,71.2917,0.8436],[72.0396,71.2917,0.8098],[72.0432,71.2953,0.4208],[72.0255,71.2963,1.1717],[72.0271,71.2979,1.6775],[72.0328,71.2984,1.3212],[72.0328,71.3016,0.353],[72.0234,71.3047,1.1168],[72.0245,71.3078,0.3248],[72.0193,71.3089,1.1498],[72.0203,71.312,0.6125],[72.0109,71.3151,1.216],[72.0182,71.3182,0.0],[72.013,71.3193,0.9067],[72.0141,71.3224,0.2944],[72.0047,71.3255,0.6471],[72.0047,71.3287,1.147],[72.0099,71.337,0.1409],[72.0047,71.338,1.1073],[72.0057,71.3411,0.2492],[72.0005,71.3422,1.1903],[72.0016,71.3453,0.4301],[71.9964,71.3464,1.0873],[71.9974,71.3495,0.0],[71.975,71.3521,0.0],[71.9703,71.3484,1.3516],[71.9651,71.3484,1.1074],[71.9661,71.3516,0.0],[71.9609,71.3526,0.4293],[71.963,71.3557,1.0115],[71.9708,71.3583,0.0],[71.9812,71.3583,1.0084],[71.9828,71.3599,0.0],[71.9797,71.361,0.897],[71.9786,71.3641,0.0],[71.9745,71.3662,0.0],[71.9589,71.3714,0.0],[71.9599,71.3745,0.0],[71.95,71.375,3.0507],[71.9339,71.3818,1.9613],[71.9328,71.3849,0.0],[71.9287,71.387,0.0],[71.9208,71.3896,0.0],[71.9109,71.3901,2.752],[71.912,71.3932,0.0],[71.9026,71.3964,0.0],[71.9036,71.3995,0.0],[71.888,71.4047,1.2936],[71.887,71.4078,0.0],[71.8839,71.4089,0.0],[71.8849,71.412,0.0],[71.8771,71.4146,0.0],[71.8688,71.4146,1.9894],[71.863,71.4172,1.3486],[71.863,71.4203,2.0475],[71.8662,71.4245,0.0],[71.8505,71.4297,2.5403],[71.8495,71.4328,1.6106],[71.8464,71.4349,3.8888],[71.8521,71.4354,0.0],[71.8536,71.437,0.0],[71.8484,71.438,0.0],[71.8443,71.4401,0.0],[71.8432,71.4432,0.0],[71.8339,71.4464,1.7367],[71.8349,71.4516,0.0],[71.8276,71.4568,0.0],[71.8328,71.4599,0.0],[71.8234,71.4609,10.4884],[71.8307,71.4641,0.0],[71.8255,71.4651,0.0],[71.8266,71.4682,0.0],[71.8214,71.4693,0.0],[71.8287,71.4724,0.0],[71.8193,71.4755,0.0],[71.8245,71.4786,0.0],[71.8151,71.4797,7.3696],[71.8203,71.4818,0.0],[71.8266,71.4901,0.0],[71.8172,71.4943,10.6963],[71.8245,71.4984,0.0],[71.8193,71.5016,10.0892],[71.8266,71.5026,0.0],[71.8297,71.5078,0.0],[71.837,71.5089,0.0],[71.8391,71.5109,0.0],[71.8432,71.5172,0.3122],[71.838,71.5193,0.7195],[71.8401,71.5224,0.5527],[71.8599,71.5234,0.0],[71.863,71.5307,1.1613],[71.8854,71.5354,0.0],[71.8932,71.538,0.0],[71.8979,71.5417,0.5689],[71.9083,71.5417,0.0],[71.9229,71.55,0.8765],[71.962,71.5505,0.0],[71.9651,71.5557,0.4155],[71.9703,71.5578,0.0],[71.9672,71.5589,0.0],[71.9682,71.562,0.0],[71.9568,71.5661,2.4316],[71.9641,71.5672,0.0],[71.9609,71.5693,0.0],[71.9625,71.5708,0.0],[71.9688,71.5687,1.3539],[71.9724,71.5693,0.8235],[71.9771,71.575,0.9122],[71.9891,71.5745,2.7826],[71.9875,71.5729,2.7488],[71.9818,71.5724,0.0],[71.9849,71.5703,0.6228],[71.9859,71.5672,0.5949],[71.9891,71.5661,0.4203],[71.9891,71.563,1.3527],[71.9854,71.5583,1.0327],[71.9875,71.5563,1.2955],[71.9938,71.5583,1.5968],[72.0042,71.5583,0.0],[72.0083,71.5604,0.0],[72.0125,71.5604,0.0],[72.0151,71.5641,0.9966],[72.0224,71.5651,0.0],[72.0266,71.5724,0.0],[72.0214,71.5745,0.8823],[72.0286,71.5755,0.0],[72.0328,71.5828,2.8271],[72.0292,71.5833,2.7494],[72.025,71.5813,2.8496],[72.013,71.5818,3.0885],[72.0172,71.587,2.8381],[72.0224,71.588,2.8956],[72.0245,71.5911,2.5346],[72.0083,71.5917,2.9828],[72.0026,71.5953,3.0657],[72.0062,71.5958,3.276],[72.0125,71.5938,3.2638],[72.0172,71.5974,2.5037],[72.0271,71.5979,2.4547],[72.0313,71.6,2.9805],[72.0354,71.6,3.0253],[72.0396,71.5979,2.7926],[72.0479,71.5979,2.5015],[72.0542,71.6,2.3387],[72.0599,71.5943,2.9337],[72.0578,71.5901,2.5953],[72.0505,71.5891,2.4807],[72.0484,71.587,2.8218],[72.0463,71.5818,0.0],[72.05,71.5813,0.0],[72.0563,71.5854,1.6316],[72.0729,71.5854,0.0],[72.0771,71.5875,0.0],[72.0875,71.5875,0.0],[72.0917,71.5896,0.8813],[72.1083,71.5896,0.9707],[72.1146,71.5875,0.0],[72.1245,71.5901,0.0],[72.1255,71.5932,1.1768],[72.1328,71.5943,0.9471],[72.1443,71.6016,1.4499],[72.1516,71.6026,0.0],[72.1464,71.6047,1.2754],[72.1474,71.6099,1.1821],[72.1438,71.6125,0.6918],[72.1458,71.6146,1.1022],[72.1578,71.6151,0.0],[72.1547,71.6172,0.0],[72.1557,71.6203,2.0072],[72.1505,71.6224,2.0948],[72.1578,71.6234,0.0],[72.1578,71.6266,0.0],[72.1542,71.6292,0.5354],[72.162,71.6401,0.0],[72.162,71.6432,1.1049],[72.1458,71.6438,0.665],[72.1417,71.6458,0.5203],[72.1354,71.6458,1.076],[72.1214,71.6516,0.6455],[72.1333,71.6521,1.9246],[72.1375,71.65,0.6722],[72.1521,71.6479,0.9695],[72.1599,71.6505,0.4117],[72.163,71.6536,0.2425],[72.1703,71.6547,1.1194],[72.1734,71.6578,1.0371],[72.1787,71.6589,0.0],[72.175,71.6625,1.0642],[72.1813,71.6708,0.0],[72.2083,71.675,0.0],[72.2125,71.6792,1.5858],[72.25,71.6792,0.0],[72.2536,71.6818,0.0],[72.2547,71.6849,0.0],[72.2854,71.6917,0.0],[72.2932,71.6943,0.0],[72.2979,71.6979,0.0],[72.3083,71.6979,0.0],[72.3125,71.7,0.0],[72.3167,71.7,0.0],[72.3214,71.7037,0.0],[72.3266,71.7047,0.0],[72.3229,71.7083,0.0],[72.3266,71.7141,0.0],[72.3026,71.7172,2.6161],[72.3042,71.7188,1.8785],[72.3167,71.7188,0.0],[72.3167,71.7208,0.0],[72.3203,71.7234,0.0],[72.3224,71.7276,0.0],[72.313,71.7318,2.3343],[72.3182,71.7349,0.0],[72.3151,71.7359,2.9374],[72.3161,71.7391,0.0],[72.3109,71.7412,3.9917],[72.3182,71.7453,0.0],[72.3089,71.7464,4.8625],[72.3161,71.7495,0.0],[72.3109,71.7505,3.9138],[72.312,71.7536,3.166],[72.3068,71.7557,2.3296],[72.3141,71.7568,0.0],[72.3089,71.7589,0.7666],[72.3125,71.7646,0.0],[72.3089,71.7682,4.0816],[72.3161,71.7693,0.0],[72.3167,71.7708,0.0],[72.313,71.7734,0.0],[72.3141,71.7786,0.0],[72.3089,71.7797,3.9197],[72.3099,71.7828,0.0],[72.3047,71.7839,6.2138],[72.3099,71.7932,0.0],[72.3047,71.7943,5.8588],[72.3057,71.7974,0.0],[72.3005,71.7984,4.2833],[72.3042,71.8042,0.0],[72.3005,71.8078,4.5906],[72.3063,71.8083,0.0],[72.3078,71.8099,0.0],[72.3026,71.8109,0.0],[72.3042,71.8146,0.0],[72.3005,71.8182,4.8875],[72.3078,71.8193,0.0],[72.3026,71.8224,4.6326],[72.3099,71.8234,0.0],[72.3104,71.825,0.0],[72.3068,71.8276,4.376],[72.3083,71.8313,7.2595],[72.2917,71.8313,7.0894],[72.2839,71.8349,6.3461],[72.2875,71.8375,6.3654],[72.3021,71.8375,4.6941],[72.3063,71.8354,5.1633],[72.3167,71.8354,0.0],[72.3266,71.838,0.0],[72.3214,71.8401,0.0],[72.3234,71.8453,4.1247],[72.3255,71.8474,0.0],[72.3313,71.8479,0.0],[72.3328,71.8495,0.0],[72.3234,71.8526,2.9717],[72.3234,71.8557,1.8581],[72.325,71.8562,0.0],[72.3313,71.8542,0.0],[72.3396,71.8542,1.3338],[72.3438,71.8521,0.0],[72.3542,71.8521,0.0],[72.3568,71.8557,0.0],[72.3667,71.8583,1.2279],[72.3917,71.8583,0.0],[72.3932,71.8599,0.0],[72.388,71.862,1.4123],[72.4,71.8625,0.0],[72.4036,71.8651,0.0],[72.4057,71.8703,1.274],[72.4026,71.8714,1.5709],[72.4026,71.8745,1.4252],[72.4146,71.8729,0.0],[72.4187,71.875,1.316],[72.4437,71.8771,0.0],[72.4537,71.8797,0.0],[72.4589,71.887,0.9853],[72.4724,71.888,0.0],[72.4797,71.8995,0.0],[72.487,71.9005,0.0],[72.4854,71.9021,0.0],[72.4755,71.9026,1.6564],[72.4771,71.9042,1.7106],[72.4828,71.9047,0.0],[72.4776,71.9078,1.3719],[72.4849,71.9089,0.0],[72.487,71.9109,0.8832],[72.4818,71.9141,1.6362],[72.4891,71.9151,0.0],[72.4943,71.9224,0.0],[72.5016,71.9234,0.0],[72.5036,71.9255,0.0],[72.4984,71.9287,1.5324],[72.5141,71.9318,0.0],[72.5089,71.9349,1.4103],[72.5109,71.937,0.0],[72.5182,71.938,0.0],[72.5203,71.9432,0.0],[72.5151,71.9443,0.0],[72.5109,71.9474,5.5761],[72.5172,71.9557,0.0],[72.5224,71.9568,0.0],[72.5193,71.9589,0.0],[72.5214,71.962,3.1344],[72.5266,71.963,0.0],[72.5229,71.9667,0.0],[72.5266,71.9724,0.0],[72.5214,71.9745,6.8097],[72.5234,71.9766,5.6263],[72.5307,71.9776,0.0],[72.5307,71.9807,0.0],[72.5276,71.9828,7.2181],[72.5349,71.9838,0.0],[72.5396,71.9917,0.0],[72.5318,71.9995,3.0612],[72.5391,72.0005,0.0],[72.5443,72.0099,10.7817],[72.5516,72.0109,0.0],[72.5479,72.0146,5.9383],[72.5484,72.0162,8.9216],[72.5557,72.0172,0.0],[72.5521,72.0208,0.0],[72.5568,72.0286,11.6653],[72.5641,72.0297,0.0],[72.5609,72.0328,5.4944],[72.5682,72.0339,0.0],[72.563,72.0359,0.0],[72.5641,72.0391,0.0],[72.5589,72.0411,7.2439],[72.5661,72.0422,0.0],[72.5682,72.0443,0.0],[72.563,72.0474,10.2858],[72.5651,72.0495,0.0],[72.5724,72.0505,0.0],[72.5776,72.0599,0.0],[72.5849,72.0609,0.0],[72.5813,72.0646,4.6749],[72.5818,72.0661,0.0],[72.5891,72.0672,0.0],[72.5859,72.0693,0.0],[72.5859,72.0724,0.0],[72.5932,72.0734,0.0],[72.5979,72.0771,0.0],[72.612,72.0797,0.0],[72.6151,72.0849,0.0],[72.6224,72.0859,0.0],[72.6271,72.0896,1.3387],[72.6375,72.0896,0.0],[72.65,72.0938,1.3772],[72.6542,72.0938,0.0],[72.6583,72.0979,0.8418],[72.6958,72.1062,0.0],[72.7005,72.1099,0.0],[72.7078,72.1109,0.0],[72.7026,72.1141,0.0],[72.7099,72.1151,0.0],[72.712,72.1182,0.0],[72.7005,72.1193,1.3542],[72.7021,72.1229,1.0589],[72.7,72.125,1.1621],[72.6839,72.1255,1.151],[72.6854,72.1271,1.219],[72.6958,72.1271,1.2955],[72.6995,72.1297,0.0],[72.6901,72.1339,1.218],[72.6911,72.1391,0.0],[72.688,72.1401,1.1172],[72.688,72.1432,1.0591],[72.6901,72.1453,0.0],[72.6958,72.1458,0.0],[72.6974,72.1474,0.0],[72.6922,72.1484,0.0],[72.6932,72.1516,0.0],[72.688,72.1536,1.4685],[72.6901,72.1557,1.3569],[72.6974,72.1568,0.0],[72.6995,72.1589,0.0],[72.6943,72.162,1.3489],[72.7016,72.163,0.0],[72.7037,72.1651,0.0],[72.6984,72.1672,1.0127],[72.6995,72.1724,0.0],[72.6901,72.1755,1.8191],[72.6932,72.1807,0.0],[72.688,72.1828,2.5986],[72.6953,72.1839,0.0],[72.7026,72.1953,6.9922],[72.7099,72.1964,0.0],[72.7063,72.2,6.9434],[72.7068,72.2016,7.3858],[72.7141,72.2026,0.0],[72.7109,72.2057,5.3152],[72.7182,72.2068,0.0],[72.7234,72.2141,4.2902],[72.7307,72.2151,0.0],[72.7318,72.2182,4.1948],[72.738,72.2245,2.0747],[72.7432,72.2255,0.0],[72.7484,72.2307,3.6246],[72.7557,72.2318,0.0],[72.7589,72.2349,0.0],[72.7641,72.2359,0.0],[72.7693,72.2412,0.0],[72.7766,72.2422,0.0],[72.7792,72.2458,2.3948],[72.7979,72.2458,0.0],[72.8271,72.2542,1.728],[72.8375,72.2542,0.0],[72.8411,72.2578,0.0],[72.8359,72.2599,1.9615],[72.8432,72.2609,0.0],[72.8417,72.2625,0.0],[72.8333,72.2625,1.9322],[72.8292,72.2604,2.1007],[72.825,72.2604,2.2241],[72.8208,72.2625,1.3011],[72.813,72.263,2.7326],[72.8146,72.2646,2.0659],[72.8328,72.2651,1.454],[72.8313,72.2667,2.0802],[72.8214,72.2672,2.1678],[72.8229,72.2688,2.0266],[72.8349,72.2693,0.0],[72.8292,72.2729,1.9588],[72.8229,72.2708,1.7568],[72.8104,72.2708,1.9507],[72.8078,72.2672,2.1696],[72.7979,72.2646,2.3801],[72.7833,72.2667,2.4363],[72.7813,72.2688,3.0636],[72.7875,72.2771,2.1494],[72.8,72.2771,1.114],[72.8063,72.2792,2.2692],[72.8104,72.2771,1.3458],[72.825,72.2771,1.9732],[72.8313,72.275,0.0],[72.8349,72.2786,0.0],[72.8297,72.2807,1.0161],[72.837,72.2818,0.0],[72.8354,72.2833,0.0],[72.8255,72.2839,1.8517],[72.8307,72.2911,0.0],[72.8193,72.2943,2.4756],[72.8203,72.2974,0.0],[72.8125,72.3,1.7755],[72.8063,72.2979,2.673],[72.7963,72.2984,2.7355],[72.8063,72.3021,1.8889],[72.8167,72.3021,0.0],[72.8182,72.3037,0.0],[72.813,72.3047,0.0],[72.8141,72.3078,0.0],[72.8026,72.3089,1.6761],[72.8057,72.3161,0.0],[72.7963,72.3203,0.0],[72.7984,72.3224,0.0],[72.8042,72.3229,0.0],[72.8057,72.3245,0.0],[72.7943,72.3276,0.0],[72.7953,72.3307,0.0],[72.7901,72.3318,0.0],[72.7932,72.337,0.0],[72.788,72.3391,2.3706],[72.7953,72.3401,0.0],[72.7974,72.3422,0.0],[72.7922,72.3453,0.0],[72.7995,72.3557,0.0],[72.7943,72.3568,0.0],[72.7953,72.3599,0.0],[72.7901,72.3609,3.1231],[72.7932,72.3651,0.0],[72.7932,72.3682,0.0],[72.7839,72.3714,1.6501],[72.7875,72.3771,0.0],[72.7833,72.3812,0.0],[72.787,72.387,0.0],[72.7818,72.388,0.0],[72.7771,72.3917,3.1491],[72.7776,72.3932,3.8639],[72.7849,72.3943,0.0],[72.7818,72.3964,0.0],[72.7807,72.3995,0.0],[72.7776,72.4005,1.6859],[72.7849,72.4036,0.0],[72.7797,72.4047,3.6251],[72.7828,72.4099,0.0],[72.7776,72.412,0.0],[72.7849,72.4234,0.0],[72.7797,72.4266,3.0464],[72.7854,72.4333,0.0],[72.7833,72.4354,0.0],[72.7734,72.4359,6.3058],[72.7786,72.4443,0.0],[72.7755,72.4464,2.5864],[72.7755,72.4495,3.0099],[72.7839,72.462,0.0],[72.7979,72.4625,0.0],[72.8104,72.4667,0.0],[72.8146,72.4667,0.0],[72.8182,72.4693,0.8986],[72.8193,72.4724,1.3307],[72.8266,72.4734,1.0723],[72.8287,72.4766,0.9373],[72.8234,72.4776,1.5287],[72.8245,72.4807,1.1255],[72.8167,72.4833,1.3627],[72.8104,72.4812,0.9646],[72.8,72.4812,1.04],[72.7984,72.4818,0.8249],[72.7995,72.4849,1.308],[72.7963,72.4859,1.1532],[72.7979,72.4875,1.255],[72.8037,72.488,1.0663],[72.8068,72.4932,1.6646],[72.8187,72.4938,0.9781],[72.8203,72.4953,1.5339],[72.8104,72.4958,1.1645],[72.8021,72.5,0.0],[72.7979,72.5,0.0],[72.7937,72.4979,0.766],[72.7854,72.4979,1.1879],[72.7828,72.5016,0.0],[72.775,72.5021,0.6014],[72.7609,72.5068,0.6757],[72.762,72.5099,0.0],[72.7526,72.513,0.674],[72.7516,72.5162,0.0],[72.7484,72.5172,0.0],[72.7495,72.5203,0.0],[72.738,72.5234,0.8109],[72.7412,72.5286,0.0],[72.7297,72.5318,0.8096],[72.7349,72.538,0.0],[72.7297,72.5401,0.0],[72.7318,72.5453,0.7902],[72.7359,72.5495,0.0],[72.7432,72.5505,0.0],[72.7438,72.5521,0.0],[72.7391,72.5557,0.0],[72.7297,72.5589,0.6108],[72.7312,72.5604,0.764],[72.737,72.5609,0.0],[72.737,72.5641,0.0],[72.7276,72.5672,0.6853],[72.7286,72.5703,0.0],[72.7234,72.5714,0.0],[72.7266,72.5755,0.0],[72.7214,72.5776,0.0],[72.7245,72.5849,0.0],[72.7151,72.588,0.0],[72.7151,72.5911,0.0],[72.7172,72.5932,1.0462],[72.7245,72.5943,0.0],[72.7297,72.5995,0.9358],[72.737,72.6005,0.0],[72.738,72.6036,1.0411],[72.7453,72.6047,0.848],[72.75,72.6083,1.0791],[72.7625,72.6083,0.0],[72.775,72.6125,0.0],[72.7917,72.6125,0.0],[72.7958,72.6146,0.0],[72.8,72.6146,0.0],[72.8016,72.613,0.0],[72.7974,72.6088,1.2843],[72.7818,72.6057,0.0],[72.7797,72.6026,0.0],[72.7896,72.6021,0.9246],[72.7937,72.6,0.0],[72.8104,72.6,0.726],[72.8125,72.6021,1.1333],[72.8187,72.6021,1.128],[72.8229,72.6,0.0],[72.8375,72.6,1.2077],[72.8479,72.5958,1.267],[72.8542,72.5979,0.0],[72.8646,72.5979,1.2473],[72.8662,72.5974,1.3602],[72.8651,72.5943,0.0],[72.8766,72.5932,1.329],[72.8755,72.588,0.0],[72.887,72.587,1.1483],[72.8797,72.5839,0.0],[72.8896,72.5833,0.0],[72.8938,72.5854,1.017],[72.8979,72.5854,0.0],[72.9224,72.5787,0.0],[72.9292,72.575,0.0],[72.9375,72.575,1.2047],[72.9516,72.5703,1.304],[72.9464,72.563,0.0],[72.9578,72.562,0.0],[72.9568,72.5568,0.0],[72.9682,72.5557,1.2252],[72.9672,72.5526,0.0],[72.9688,72.5521,0.0],[72.9792,72.5521,1.5689],[72.9828,72.5547,0.0],[72.9828,72.5578,0.0],[72.9672,72.563,1.772],[72.9745,72.5661,0.0],[72.9651,72.5672,1.8185],[72.9599,72.5745,0.0],[72.9401,72.5818,2.1962],[72.9411,72.5849,0.0],[72.9255,72.5901,1.888],[72.9245,72.5932,0.0],[72.9213,72.5943,1.7515],[72.9224,72.5974,0.0],[72.9172,72.5984,1.7598],[72.9182,72.6016,0.0],[72.913,72.6026,1.9644],[72.9141,72.6057,0.0],[72.9089,72.6068,1.7825],[72.912,72.6141,0.0],[72.9089,72.6151,0.0],[72.9078,72.6182,0.0],[72.9042,72.6208,0.0],[72.9104,72.6292,0.0],[72.9068,72.6328,1.2407],[72.9141,72.6339,0.0],[72.9213,72.6453,0.0],[72.9287,72.6464,0.0],[72.9318,72.6495,0.0],[72.9417,72.6521,1.543],[72.9542,72.6521,0.0],[72.9641,72.6547,0.9058],[72.95,72.6604,1.3845],[72.9339,72.6609,1.8106],[72.9359,72.6641,1.6102],[72.9396,72.6646,1.4879],[72.9437,72.6625,1.689],[72.9599,72.6609,1.4754],[72.9557,72.6641,1.5407],[72.9505,72.6651,1.5118],[72.9516,72.6682,0.0],[72.9354,72.6687,1.4449],[72.9328,72.6724,1.4204],[72.9208,72.6771,1.4977],[72.9125,72.6771,1.5275],[72.9083,72.6792,1.4839],[72.8938,72.6792,1.6076],[72.8896,72.6813,1.5866],[72.8583,72.6813,0.8062],[72.8401,72.6766,1.3435],[72.838,72.6734,1.2191],[72.8432,72.6713,2.0707],[72.8292,72.6687,1.3216],[72.8276,72.6672,1.3006],[72.8307,72.6661,1.2537],[72.8297,72.6609,1.0618],[72.8328,72.6599,1.471],[72.8339,72.6568,1.4023],[72.8432,72.6536,1.5529],[72.8401,72.6495,0.0],[72.8453,72.6474,1.0911],[72.8422,72.6401,0.0],[72.8516,72.637,1.4039],[72.8516,72.6339,1.6626],[72.8484,72.6297,0.0],[72.8536,72.6286,1.2778],[72.8505,72.6245,1.0938],[72.8505,72.6214,0.973],[72.862,72.6203,1.3547],[72.8604,72.6188,1.166],[72.8547,72.6182,1.0063],[72.8588,72.6151,0.0],[72.8641,72.6141,1.1486],[72.862,72.6109,0.0],[72.8583,72.6104,0.9254],[72.8479,72.6146,0.0],[72.838,72.6151,1.6865],[72.8453,72.6182,0.0],[72.8339,72.6193,1.7321],[72.8349,72.6224,0.0],[72.8333,72.6229,0.0],[72.8229,72.6208,2.024],[72.8172,72.6234,0.0],[72.8172,72.6266,0.0],[72.8229,72.6271,0.0],[72.8245,72.6286,0.0],[72.813,72.6297,1.3699],[72.8141,72.6328,1.0729],[72.8047,72.6359,1.0815],[72.8057,72.6391,0.0],[72.7839,72.6464,0.0],[72.7849,72.6516,0.0],[72.7792,72.6542,0.0],[72.7693,72.6547,0.0],[72.7703,72.6599,0.0],[72.7583,72.6604,0.0],[72.7542,72.6563,0.0],[72.75,72.6563,0.0],[72.7458,72.6583,0.0],[72.7375,72.6583,0.0],[72.7333,72.6563,0.0],[72.7292,72.6563,0.0],[72.7234,72.6589,0.0],[72.725,72.6604,0.0],[72.7391,72.663,0.0],[72.7412,72.6651,0.0],[72.7412,72.6682,0.0],[72.7318,72.6713,0.0],[72.7328,72.6745,0.0],[72.7276,72.6755,0.0],[72.7286,72.6787,0.0],[72.7234,72.6797,5.5788],[72.7245,72.6828,0.0],[72.713,72.6859,3.0347],[72.7141,72.6891,0.0],[72.7104,72.6917,0.0],[72.7109,72.6932,1.427],[72.7292,72.6979,0.0],[72.7396,72.6958,0.0],[72.7458,72.6979,0.0],[72.75,72.6958,0.0],[72.7604,72.6958,0.0],[72.7646,72.6937,0.0],[72.7729,72.6937,0.0],[72.7771,72.6917,0.0],[72.8063,72.6917,0.9107],[72.8104,72.6896,0.0],[72.8495,72.6901,0.0],[72.8479,72.6917,0.0],[72.8313,72.6917,1.3709],[72.8,72.7042,0.0],[72.7854,72.7042,1.6075],[72.7708,72.7104,0.0],[72.7604,72.7104,1.8013],[72.7562,72.7125,0.0],[72.7479,72.7125,2.5374],[72.7438,72.7146,0.0],[72.7354,72.7146,6.2448],[72.7312,72.7167,3.6764],[72.7229,72.7167,6.8855],[72.7146,72.7208,0.0],[72.7042,72.7188,5.7951],[72.7026,72.7193,5.7562],[72.7037,72.7224,0.0],[72.7021,72.7229,0.0],[72.6854,72.7229,6.6563],[72.6771,72.7271,0.0],[72.6604,72.7271,7.7159],[72.6521,72.7312,0.0],[72.6438,72.7312,5.6875],[72.6333,72.7354,0.0],[72.6188,72.7354,9.0424],[72.6146,72.7375,0.0],[72.6104,72.7375,8.4245],[72.6062,72.7354,10.4763],[72.5958,72.7354,7.2334],[72.5943,72.7359,7.8226],[72.5953,72.7391,9.0107],[72.5854,72.7396,7.904],[72.575,72.7438,0.0],[72.5667,72.7438,7.3659],[72.5625,72.7458,0.0],[72.5479,72.7458,3.5578],[72.5437,72.7479,8.3858],[72.5292,72.7479,8.1157],[72.525,72.7521,0.0],[72.5104,72.7521,7.1996],[72.5062,72.7542,0.0],[72.4979,72.7542,6.6527],[72.4938,72.7562,0.0],[72.4771,72.7562,11.5345],[72.4729,72.7583,7.3583],[72.4521,72.7604,7.9958],[72.4479,72.7625,0.0],[72.4396,72.7625,9.6023],[72.4354,72.7646,0.0],[72.4208,72.7646,7.3553],[72.4167,72.7667,5.5851],[72.3958,72.7688,8.6316],[72.3854,72.7729,0.0],[72.3792,72.7708,4.1277],[72.3625,72.7708,8.1248],[72.3599,72.7745,1.0032],[72.35,72.775,1.0121],[72.3453,72.7714,1.0787],[72.3396,72.7708,0.6072],[72.338,72.7714,0.7714],[72.3391,72.7745,0.8255],[72.3276,72.7755,2.5895],[72.3292,72.7771,1.5976],[72.3349,72.7776,1.5306],[72.3333,72.7792,0.0],[72.2979,72.7813,1.2543],[72.2896,72.7854,0.7812],[72.2813,72.7854,1.228],[72.2771,72.7875,0.5187],[72.2688,72.7875,1.1803],[72.2646,72.7896,0.0],[72.2479,72.7896,0.9429],[72.2375,72.7937,0.8179],[72.2167,72.7958,1.3163],[72.2125,72.7979,0.9271],[72.1896,72.7979,1.3695],[72.1859,72.7943,1.238],[72.1911,72.7932,1.1559],[72.1896,72.7917,1.3083],[72.1854,72.7917,1.3181],[72.1813,72.7937,1.338],[72.1729,72.7937,1.3444],[72.1687,72.7917,1.462],[72.1646,72.7917,1.4897],[72.1568,72.7943,1.5496],[72.1578,72.7974,1.3713],[72.1464,72.7984,1.3982],[72.1474,72.8016,1.2561],[72.1422,72.8037,1.2819],[72.1833,72.8021,1.2026],[72.1833,72.8042,0.0],[72.1667,72.8042,1.3036],[72.1563,72.8083,0.0],[72.1417,72.8083,1.2947],[72.1375,72.8104,1.4418],[72.0708,72.8104,1.7082],[72.0672,72.8078,1.223],[72.0609,72.7974,0.0],[72.0661,72.7943,1.029],[72.0568,72.7932,0.0],[72.0516,72.7859,1.0865],[72.0443,72.7849,0.0],[72.0417,72.7813,0.0],[72.0292,72.7813,0.0],[72.025,72.7792,0.0],[72.0146,72.7792,0.0],[72.0104,72.7771,0.7579],[72.0047,72.7776,1.392],[71.9979,72.7813,0.0],[71.988,72.7818,0.0],[71.9854,72.7854,0.0],[71.9708,72.7854,1.9066],[71.9667,72.7875,1.714],[71.9437,72.7875,1.1805],[71.9375,72.7896,0.7601],[71.9333,72.7875,1.6715],[71.9083,72.7875,0.9545],[71.9005,72.7901,1.296],[71.8964,72.7932,2.222],[71.9063,72.7937,0.0],[71.9104,72.7917,0.515],[71.9146,72.7917,0.0],[71.9187,72.7937,1.0194],[71.95,72.7937,0.6859],[71.9516,72.7953,2.1944],[71.9458,72.7979,0.0],[71.9292,72.7979,1.535],[71.925,72.8,0.0],[71.9104,72.8,1.3496],[71.9063,72.8021,0.7046],[71.8812,72.8,0.95],[71.8771,72.7979,1.4263],[71.8667,72.7979,0.9744],[71.8588,72.8016,1.0826],[71.8609,72.8037,1.0219],[71.8682,72.8047,1.024],[71.8703,72.8068,0.7109],[71.8651,72.8099,1.0935],[71.875,72.8125,0.7279],[71.8854,72.8125,0.8853],[71.8896,72.8104,0.7534],[71.8979,72.8104,0.9591],[71.9125,72.8042,0.8981],[71.9437,72.8042,0.0],[71.9479,72.8063,1.7043],[71.9583,72.8063,1.8313],[71.9625,72.8042,0.0],[71.9708,72.8042,0.0],[71.9833,72.8,0.0],[71.9875,72.8021,1.7856],[71.9979,72.8021,0.0],[72.0021,72.8042,0.7229],[72.0099,72.8047,0.0],[72.0146,72.8125,0.0],[72.0109,72.8151,2.2987],[72.0109,72.8182,1.5534],[72.0167,72.8187,0.0],[72.0182,72.8203,0.0],[71.9958,72.8229,1.8304],[71.9917,72.825,0.0],[71.9688,72.825,3.8339],[71.9646,72.8271,2.1664],[71.9563,72.8271,3.2037],[71.9521,72.8292,1.488],[71.9484,72.8287,2.5245],[71.9464,72.8255,2.5181],[71.9563,72.825,2.9159],[71.9604,72.8229,2.5795],[71.9771,72.8229,3.5686],[71.9786,72.8214,3.4962],[71.9583,72.8208,2.6649],[71.9542,72.8187,1.1123],[71.95,72.8187,2.2028],[71.9458,72.8208,2.3521],[71.9375,72.8208,2.7537],[71.9359,72.8224,2.1747],[71.9391,72.8266,2.8548],[71.9276,72.8276,2.5503],[71.9349,72.8307,3.0808],[71.9271,72.8333,0.0],[71.8979,72.8333,3.274],[71.8964,72.8349,2.867],[71.9021,72.8354,2.151],[71.9036,72.837,0.9031],[71.8854,72.8375,2.671],[71.8812,72.8396,1.4718],[71.8729,72.8396,1.8167],[71.8625,72.8438,0.0],[71.8479,72.8438,1.7565],[71.8464,72.8443,2.1328],[71.8474,72.8474,0.0],[71.8458,72.8479,0.0],[71.8354,72.8479,1.6717],[71.8313,72.85,0.0],[71.8167,72.85,2.3286],[71.8125,72.8521,0.0],[71.8042,72.8521,2.6897],[71.7937,72.8562,0.0],[71.7854,72.8562,2.8126],[71.7813,72.8583,0.0],[71.7729,72.8583,3.0978],[71.7625,72.8625,0.0],[71.7542,72.8625,2.107],[71.7438,72.8667,0.0],[71.7292,72.8667,2.6455],[71.725,72.8688,0.0],[71.7167,72.8688,2.4606],[71.7125,72.8708,1.4292],[71.7021,72.8688,9.1015],[71.7005,72.8693,8.7742],[71.7016,72.8724,5.024],[71.6937,72.875,0.0],[71.6729,72.8771,8.8866],[71.6625,72.8812,1.7074],[71.6542,72.8812,6.6814],[71.65,72.8833,3.4214],[71.6417,72.8833,2.8949],[71.6312,72.8875,1.1173],[71.6062,72.8875,9.7702],[71.6021,72.8854,10.6917],[71.5833,72.8854,7.7583],[71.5792,72.8833,10.2911],[71.5687,72.8833,9.6839],[71.5646,72.8812,7.0719],[71.5583,72.8833,9.494],[71.5479,72.8833,0.0],[71.5437,72.8812,7.1087],[71.5313,72.8812,4.7734],[71.5271,72.8792,2.9798],[71.5083,72.8792,0.0],[71.4958,72.875,4.019],[71.4708,72.875,0.8642],[71.4667,72.8729,0.87],[71.4563,72.8729,0.6282],[71.4521,72.8708,0.495],[71.4417,72.8708,0.937],[71.4354,72.8729,0.8572],[71.4313,72.8708,0.9444],[71.4042,72.8708,0.5651],[71.4,72.8667,0.6951],[71.3812,72.8667,1.0759],[71.3771,72.8688,0.7794],[71.3688,72.8688,0.8141],[71.3646,72.8667,0.8604],[71.3604,72.8667,1.0787],[71.3562,72.8688,0.6764],[71.3479,72.8688,0.6769],[71.3438,72.8708,0.7593],[71.3146,72.8708,0.3363],[71.3104,72.8729,0.0],[71.2729,72.8729,0.8293],[71.2625,72.8771,0.9142],[71.2318,72.8776,0.5686],[71.2333,72.8792,-0.1591],[71.2391,72.8797,0.886],[71.2375,72.8812,0.0],[71.2271,72.8812,0.6766],[71.2229,72.8792,0.6317],[71.2063,72.8792,1.2778],[71.2021,72.8812,0.9214],[71.1937,72.8812,0.8565],[71.1896,72.8833,0.6195],[71.1729,72.8833,1.4939],[71.1687,72.8854,0.0],[71.1625,72.8833,0.9992],[71.15,72.8833,1.6409],[71.1458,72.8812,1.8139],[71.1375,72.8812,0.849],[71.1208,72.8875,0.0],[71.1125,72.8875,1.2453],[71.1083,72.8896,0.0],[71.0979,72.8896,0.0],[71.0938,72.8875,1.5381],[71.0687,72.8875,0.0],[71.0625,72.8833,1.2759],[71.0521,72.8833,0.9667],[71.0479,72.8812,1.3695],[71.0297,72.8818,1.488],[71.037,72.8849,1.2853],[71.0292,72.8875,0.0],[70.9979,72.8875,0.0],[70.9938,72.8854,1.4178],[70.9833,72.8854,1.1698],[70.9771,72.8875,0.0],[70.9708,72.8812,1.6617],[70.9437,72.8812,1.5566],[70.9401,72.8766,1.7489],[70.9479,72.8729,0.65],[70.9578,72.8724,2.2984],[70.9568,72.8693,0.0],[70.9583,72.8688,0.4438],[70.9703,72.8682,2.6885],[70.9745,72.8662,0.4596],[70.9729,72.8646,0.0],[70.95,72.8667,6.3143],[70.9484,72.8672,6.6574],[70.9495,72.8703,0.0],[70.9396,72.8708,7.0814],[70.9229,72.8771,0.6829],[70.9125,72.8771,1.4277],[70.9083,72.875,1.6581],[70.8979,72.875,1.5104],[70.8938,72.8729,2.398],[70.8833,72.875,0.0],[70.8792,72.8729,1.3156],[70.8688,72.8729,0.0],[70.8646,72.8708,8.5608],[70.8542,72.8729,0.0],[70.8479,72.8688,14.3564],[70.8417,72.8708,0.0],[70.8187,72.8688,18.3752],[70.8146,72.8708,0.0],[70.8042,72.8708,0.0],[70.8,72.8688,12.9935],[70.7958,72.8688,15.0822],[70.7896,72.8708,18.2701],[70.7833,72.8688,21.6473],[70.7792,72.8708,11.744],[70.775,72.8708,19.2345],[70.7688,72.8688,21.9974],[70.7646,72.8708,20.3584],[70.7479,72.8708,4.941],[70.7438,72.8688,4.2677],[70.7396,72.8688,4.0187],[70.7292,72.8729,6.0888],[70.6937,72.8729,11.6977],[70.6896,72.875,0.0],[70.6312,72.875,1.2979],[70.6271,72.8771,1.6175],[70.6042,72.8771,1.1616],[70.6,72.8792,1.1322],[70.5604,72.8771,1.4794],[70.5589,72.8776,1.2826],[70.5599,72.8807,0.6675],[70.5583,72.8812,0.0],[70.5542,72.8812,0.0],[70.55,72.8792,1.27],[70.5188,72.8792,0.0],[70.5062,72.875,1.1213],[70.5,72.8771,1.1225],[70.4734,72.8766,0.0],[70.475,72.875,1.278],[70.4849,72.8745,1.2687],[70.4833,72.8729,1.5306],[70.4604,72.875,1.0584],[70.4563,72.8729,3.4105],[70.4521,72.8729,4.0875],[70.4417,72.8771,0.0],[70.4125,72.8771,1.4192],[70.4083,72.8792,0.0],[70.3917,72.8792,0.8278],[70.3875,72.8812,0.0],[70.3812,72.8792,1.478],[70.3146,72.8812,1.6131],[70.3083,72.8792,1.6548],[70.3042,72.8812,0.0],[70.3,72.8812,0.0],[70.2958,72.8792,9.3924],[70.2854,72.8792,9.7721],[70.2792,72.8812,11.3581],[70.2729,72.8792,8.498],[70.2688,72.8812,0.0],[70.2583,72.8812,0.0],[70.2458,72.8771,10.0952],[70.2354,72.8792,9.0381],[70.2312,72.8771,5.3644],[70.2208,72.8771,3.0877],[70.2146,72.8792,0.0],[70.2021,72.875,6.374],[70.1917,72.875,7.5791],[70.1854,72.8771,0.0],[70.1813,72.875,3.8952],[70.1687,72.875,6.274],[70.1646,72.8708,10.9408],[70.1604,72.8708,9.9705],[70.1563,72.8729,11.4505],[70.1396,72.8729,12.0159],[70.1354,72.8708,16.9683],[70.1167,72.8708,0.0],[70.1125,72.8688,14.6125],[70.1042,72.8688,15.0595],[70.1,72.8708,0.0],[70.0958,72.8708,0.0],[70.0917,72.8688,13.0416],[70.0021,72.8688,1.5776],[69.9958,72.8667,0.91],[69.9917,72.8688,1.0499],[69.975,72.8688,1.1318],[69.9708,72.8667,1.8851],[69.9604,72.8667,0.93],[69.9557,72.863,1.4086],[69.9375,72.8583,3.5094],[69.9313,72.8604,1.1588],[69.9208,72.8604,1.1213],[69.9146,72.8583,1.038],[69.9068,72.8609,0.9529],[69.9042,72.8646,1.2377],[69.8938,72.8646,1.0028],[69.8896,72.8625,0.9457],[69.8667,72.8625,0.8222],[69.8625,72.8646,1.1167],[69.8583,72.8646,0.0],[69.8542,72.8625,0.969],[69.8292,72.8625,0.9416],[69.825,72.8604,1.1487],[69.8187,72.8625,1.0571],[69.7937,72.8625,0.877],[69.7911,72.8588,0.9816],[69.7839,72.8578,0.9909],[69.7792,72.8542,1.0983],[69.7734,72.8536,1.0693],[69.7708,72.85,1.0591],[69.7479,72.8542,0.8991],[69.7432,72.8505,1.19],[69.7396,72.85,1.1911],[69.737,72.8536,1.2885],[69.7271,72.8542,1.0698],[69.7229,72.8521,1.1246],[69.6896,72.8521,0.5699],[69.6771,72.8479,1.0329],[69.6708,72.85,1.0107],[69.6542,72.85,0.7559],[69.65,72.8521,0.7065],[69.6354,72.8521,0.9935],[69.6312,72.8542,0.861],[69.6146,72.8542,1.0431],[69.6104,72.8562,1.0817],[69.6021,72.8562,0.8588],[69.5979,72.8583,0.8296],[69.5938,72.8583,0.7454],[69.5896,72.8562,0.9967],[69.5792,72.8562,0.5501],[69.5734,72.8588,1.0372],[69.5729,72.8604,0.9798],[69.5787,72.8714,0.0],[69.5771,72.8729,0.0],[69.5734,72.8724,0.66],[69.5729,72.8708,1.1593],[69.5667,72.8708,1.2288],[69.5604,72.8729,1.0907],[69.5563,72.8708,1.2271],[69.5437,72.8708,1.1282],[69.5396,72.8688,1.0934],[69.5276,72.8682,1.2867],[69.5328,72.8662,1.1612],[69.5318,72.863,1.0199],[69.5453,72.862,1.0103],[69.5354,72.8583,1.513],[69.5229,72.8583,1.2208],[69.5167,72.8562,1.3412],[69.5125,72.8583,1.1451],[69.5042,72.8583,1.2998],[69.5,72.8604,1.2311],[69.4896,72.8604,1.5024],[69.4776,72.8651,1.2885],[69.4771,72.8667,1.4017],[69.4776,72.8682,1.3406],[69.4849,72.8693,1.368],[69.487,72.8714,1.3838],[69.487,72.8745,1.2528],[69.4818,72.8755,1.5933],[69.4838,72.8786,1.5421],[69.4891,72.8786,1.4727],[69.4901,72.8755,1.514],[69.4938,72.875,1.3393],[69.5,72.8792,1.3604],[69.5062,72.8771,1.1381],[69.5104,72.8771,1.1781],[69.512,72.8786,1.2169],[69.5042,72.8812,1.3985],[69.4792,72.8812,1.6157],[69.4729,72.8792,1.687],[69.4688,72.8812,1.6729],[69.4646,72.8812,1.8027],[69.4547,72.8786,1.7709],[69.4547,72.8755,2.0077],[69.4599,72.8734,1.5437],[69.4443,72.8724,1.8112],[69.4495,72.8703,1.6049],[69.4495,72.8672,1.837],[69.4422,72.8662,2.2172],[69.4391,72.863,2.1912],[69.4333,72.8625,2.1278],[69.4318,72.8609,2.0977],[69.4437,72.8604,2.2377],[69.4479,72.8625,2.2959],[69.4583,72.8625,2.2071],[69.4599,72.8609,2.3574],[69.4526,72.8599,2.4367],[69.4505,72.8568,2.3901],[69.4583,72.8542,2.1681],[69.4766,72.8536,1.9695],[69.4755,72.8484,1.9251],[69.4807,72.8464,2.0538],[69.4667,72.8438,2.3138],[69.4651,72.8443,2.0732],[69.4661,72.8474,1.9387],[69.4625,72.8479,2.0865],[69.4578,72.8443,2.0663],[69.4479,72.8417,2.353],[69.4417,72.8438,2.2999],[69.4229,72.8438,2.3597],[69.4187,72.8396,2.5899],[69.4125,72.8417,2.6563],[69.3875,72.8417,2.9478],[69.3812,72.8396,2.7168],[69.3734,72.8422,2.7629],[69.3734,72.8453,3.0276],[69.3807,72.8464,3.4436],[69.3839,72.8516,3.0496],[69.3875,72.8542,2.5437],[69.3912,72.8536,2.543],[69.3938,72.85,3.0496],[69.4,72.8521,2.3122],[69.4104,72.8521,2.131],[69.4167,72.85,2.247],[69.4213,72.8536,2.1952],[69.4292,72.8542,2.0591],[69.4287,72.8557,2.0129],[69.4146,72.8604,2.2061],[69.4063,72.8604,2.2177],[69.4021,72.8625,2.173],[69.3979,72.8625,2.1101],[69.3917,72.8604,2.3146],[69.3854,72.8625,2.0852],[69.3792,72.8583,2.1919],[69.3568,72.8536,1.8623],[69.3568,72.8505,1.9527],[69.362,72.8495,2.0888],[69.3662,72.8464,3.1184],[69.3609,72.8453,2.134],[69.3562,72.8417,2.1627],[69.3422,72.8391,2.0881],[69.35,72.8354,2.4205],[69.3604,72.8354,1.9339],[69.3646,72.8375,2.1253],[69.3812,72.8375,2.6324],[69.3828,72.8359,2.8995],[69.3672,72.8328,2.5857],[69.3662,72.8297,3.129],[69.3625,72.8271,3.2035],[69.3521,72.8271,2.7798],[69.3479,72.825,3.2238],[69.3438,72.825,2.9361],[69.3375,72.8271,2.2995],[69.3328,72.8234,2.7779],[69.325,72.8208,4.2291],[69.3208,72.8208,4.3985],[69.3167,72.8229,3.5991],[69.2937,72.8229,1.7165],[69.2922,72.8245,1.3736],[69.2979,72.825,1.4579],[69.2995,72.8266,1.3439],[69.2859,72.8266,1.2686],[69.2839,72.8214,1.2968],[69.2953,72.8182,1.2621],[69.2937,72.8167,1.4831],[69.288,72.8161,1.3715],[69.2859,72.8141,1.241],[69.2911,72.8109,2.0211],[69.2813,72.8083,1.5592],[69.2693,72.8078,1.2426],[69.2641,72.7963,0.9281],[69.2599,72.7922,1.2108],[69.2547,72.7911,1.3555],[69.2516,72.7859,1.5748],[69.2443,72.7849,1.4136],[69.2391,72.7755,3.3935],[69.2234,72.7724,0.0],[69.2203,72.7672,1.9349],[69.213,72.7662,1.3181],[69.2083,72.7625,1.7153],[69.2026,72.762,1.5757],[69.1995,72.7568,5.6631],[69.1922,72.7557,2.121],[69.1911,72.7526,10.5446],[69.1776,72.7516,0.8814],[69.1745,72.7464,6.8198],[69.1672,72.7453,1.9412],[69.1641,72.7422,2.5239],[69.1568,72.7412,0.7656],[69.1557,72.738,1.9023],[69.1484,72.737,0.8542],[69.1438,72.7333,1.5032],[69.1396,72.7333,1.3817],[69.137,72.7276,2.6622],[69.1271,72.725,2.8796],[69.1146,72.725,1.2773],[69.113,72.7234,1.2641],[69.1182,72.7214,3.2311],[69.1062,72.7208,1.5513],[69.0964,72.7182,1.3064],[69.0938,72.7146,1.2733],[69.0896,72.7146,1.3971],[69.0854,72.7125,1.2993],[69.075,72.7125,0.0],[69.0703,72.7089,1.3993],[69.063,72.7078,0.0],[69.0599,72.7005,1.4432],[69.0458,72.6979,1.4075],[69.0422,72.6953,1.3823],[69.0474,72.6922,1.4313],[69.0375,72.6896,1.247],[69.0292,72.6896,1.6084],[69.0271,72.6917,1.1534],[69.0193,72.6911,0.0],[69.0193,72.688,0.0],[69.0333,72.6833,1.435],[69.0432,72.6828,2.5101],[69.0417,72.6813,2.7447],[69.0359,72.6807,1.4759],[69.0375,72.6792,2.4213],[69.0521,72.6792,3.6116],[69.0563,72.6771,2.4299],[69.0682,72.6766,2.7735],[69.0661,72.6713,3.4047],[69.0589,72.6703,3.5812],[69.0568,72.6682,3.5303],[69.062,72.6651,3.0994],[69.0375,72.6646,3.4189],[69.0333,72.6667,3.2088],[69.0214,72.6672,1.4773],[69.0229,72.6687,1.6275],[69.037,72.6693,2.4343],[69.0354,72.6708,3.2763],[69.0234,72.6713,1.4893],[69.025,72.6729,1.5801],[69.0307,72.6734,2.2145],[69.0276,72.6766,1.7184],[69.0328,72.6776,1.6018],[69.0297,72.6797,1.4133],[69.0286,72.6828,1.5357],[69.025,72.6833,1.6883],[69.0068,72.6787,0.0],[69.012,72.6755,1.6086],[69.0062,72.675,1.5431],[69.0047,72.6734,1.5003],[69.0162,72.6693,1.4772],[69.0104,72.6687,1.5166],[69.0057,72.6651,1.655],[68.9922,72.662,0.0],[68.9953,72.6599,1.6023],[68.9953,72.6568,1.3304],[68.988,72.6557,1.1073],[68.988,72.6526,1.7419],[68.9912,72.6505,1.417],[68.9859,72.6495,1.0677],[68.9854,72.6479,0.0],[68.9917,72.6458,1.2055],[69.0021,72.6479,1.2254],[69.0083,72.6458,0.0],[69.0099,72.6474,1.0138],[69.0068,72.6495,1.1345],[69.0083,72.65,1.3697],[69.0146,72.6479,0.8663],[69.025,72.6479,0.0],[69.0349,72.6505,0.9215],[69.0375,72.6542,1.0957],[69.062,72.6536,1.0031],[69.062,72.6505,1.1954],[69.0547,72.6495,0.9978],[69.0547,72.6464,0.4636],[69.0583,72.6438,0.9064],[69.0568,72.6401,0.682],[69.0807,72.6349,0.9803],[69.0792,72.6333,1.0664],[69.0734,72.6328,1.2782],[69.0787,72.6307,1.1136],[69.0787,72.6276,0.0],[69.0729,72.6271,11.5139],[69.0687,72.6292,1.173],[69.0479,72.6312,13.2479],[69.0271,72.6396,0.8312],[68.9958,72.6396,1.3063],[68.9896,72.6417,1.4928],[68.9797,72.6391,0.0],[68.9849,72.6359,1.7922],[68.9792,72.6354,0.0],[68.9776,72.6339,0.0],[68.9891,72.6328,2.0645],[68.9875,72.6312,1.9414],[68.9818,72.6307,1.3319],[68.9812,72.6292,1.6112],[68.9818,72.6276,1.8661],[68.987,72.6255,1.8933],[68.9797,72.6245,0.0],[68.9776,72.6224,0.0],[68.9776,72.6193,0.0],[68.9828,72.6182,1.9376],[68.9807,72.613,9.4515],[68.9734,72.612,0.0],[68.9786,72.6099,2.1218],[68.9776,72.6047,6.6221],[68.9828,72.6026,11.0124],[68.9807,72.6005,16.5635],[68.9734,72.5995,0.0],[68.9714,72.5922,8.2251],[68.9766,72.5901,17.9167],[68.9745,72.588,17.2097],[68.9672,72.587,0.0],[68.9724,72.5839,14.1965],[68.9651,72.5828,0.0],[68.9703,72.5797,10.5188],[68.9547,72.5766,0.0],[68.9599,72.5745,0.0],[68.9589,72.5693,0.0],[68.9641,72.5672,13.8942],[68.9568,72.5661,0.0],[68.9547,72.5609,0.0],[68.9599,72.5589,16.9807],[68.9526,72.5578,0.0],[68.9401,72.5328,15.2664],[68.9453,72.5297,9.0421],[68.9318,72.5266,0.0],[68.9297,72.5234,0.0],[68.9349,72.5224,2.7765],[68.9328,72.5193,2.0981],[68.9276,72.5182,1.4928],[68.9224,72.5109,3.3052],[68.9151,72.5099,0.0],[68.9203,72.5078,3.2312],[68.9187,72.5062,2.9077],[68.913,72.5057,0.0],[68.9125,72.5042,0.0],[68.913,72.5026,2.9009],[68.9182,72.5005,2.4449],[68.9104,72.5,0.9492],[68.9057,72.4901,2.8066],[68.8984,72.4891,0.0],[68.9036,72.4859,1.1571],[68.8964,72.4849,0.8189],[68.8979,72.4833,1.5844],[68.9063,72.4833,0.837],[68.9078,72.4818,1.0128],[68.8943,72.4786,2.919],[68.8901,72.4724,4.0113],[68.8901,72.4693,3.4628],[68.8979,72.4667,1.6152],[68.9141,72.4661,1.2577],[68.9151,72.463,1.0801],[68.9182,72.4609,0.9458],[68.913,72.4599,0.9398],[68.9083,72.4563,0.9554],[68.8979,72.4563,0.9453],[68.8917,72.4542,1.5372],[68.8875,72.4563,1.2495],[68.8833,72.4563,1.0785],[68.8729,72.4521,9.4759],[68.8672,72.4516,0.0],[68.8724,72.4484,6.5419],[68.8651,72.4474,6.5267],[68.863,72.4453,0.0],[68.8526,72.4245,5.5019],[68.8516,72.4193,13.0931],[68.8495,72.4172,13.0898],[68.8422,72.4161,0.0],[68.8359,72.4036,0.0],[68.8411,72.4005,15.2098],[68.8339,72.3995,0.0],[68.8391,72.3964,7.4989],[68.8318,72.3953,0.0],[68.837,72.3922,6.8548],[68.8297,72.3912,0.0],[68.8349,72.388,6.398],[68.8297,72.387,0.0],[68.8276,72.3849,0.0],[68.8328,72.3818,5.8449],[68.8208,72.3562,0.0],[68.8245,72.3526,12.6459],[68.8193,72.3516,0.0],[68.8167,72.3479,0.0],[68.8172,72.3464,0.0],[68.8224,72.3453,10.5092],[68.8193,72.338,9.8285],[68.8245,72.3359,15.6884],[68.8172,72.3349,8.9149],[68.8099,72.3193,2.2172],[68.8026,72.3182,0.0],[68.8078,72.3161,2.7865],[68.8068,72.3109,6.0148],[68.812,72.3099,13.2206],[68.8109,72.3068,1.837],[68.8125,72.3063,1.3231],[68.8167,72.3063,0.4724],[68.8208,72.3083,14.8342],[68.8662,72.3078,1.169],[68.8703,72.3057,1.2891],[68.8714,72.3026,0.9141],[68.8828,72.2995,3.0214],[68.8812,72.2979,2.153],[68.8693,72.2974,1.0306],[68.8724,72.2953,0.9487],[68.8734,72.2922,0.9577],[68.8891,72.2859,2.6641],[68.8792,72.2854,2.0416],[68.875,72.2896,0.5617],[68.8604,72.2896,1.0927],[68.85,72.2937,1.3802],[68.8271,72.2917,1.1375],[68.8229,72.2937,2.0879],[68.8146,72.2937,2.2522],[68.8104,72.2958,1.6255],[68.7984,72.2953,0.0],[68.8037,72.2922,1.5705],[68.7963,72.2911,0.0],[68.7963,72.288,1.4507],[68.8016,72.2859,1.6199],[68.7995,72.2839,1.4739],[68.7937,72.2833,0.8602],[68.7922,72.2818,0.0],[68.8037,72.2776,2.6043],[68.7963,72.2766,1.5743],[68.7953,72.2734,1.6009],[68.7896,72.2729,0.0],[68.788,72.2714,0.0],[68.7995,72.2672,3.2457],[68.7922,72.2662,3.21],[68.788,72.2599,1.7668],[68.787,72.2547,1.7821],[68.7797,72.2536,0.0],[68.7776,72.2516,0.0],[68.7828,72.2495,1.5451],[68.7839,72.2464,1.4111],[68.787,72.2453,1.6451],[68.7797,72.2412,1.5942],[68.7849,72.238,1.6817],[68.7776,72.237,1.5576],[68.7745,72.2318,8.4465],[68.7693,72.2307,0.0],[68.7672,72.2276,0.0],[68.7724,72.2255,9.3084],[68.7651,72.2245,0.0],[68.7609,72.2161,0.0],[68.7662,72.2141,8.046],[68.7672,72.2109,6.0081],[68.7703,72.2089,3.7757],[68.7568,72.2057,0.0],[68.762,72.2026,3.9089],[68.7578,72.1964,8.068],[68.7526,72.1953,1.4893],[68.75,72.1917,0.0],[68.7505,72.1901,1.4091],[68.7557,72.188,2.1452],[68.7401,72.1849,0.0],[68.7516,72.1807,7.9231],[68.7359,72.1745,0.0],[68.7412,72.1713,1.3353],[68.7359,72.1609,1.4422],[68.7412,72.1589,1.1579],[68.7338,72.1578,1.9445],[68.7328,72.1547,1.7497],[68.7255,72.1536,0.0],[68.7245,72.1505,0.8043],[68.7172,72.1495,0.0],[68.7224,72.1474,1.1345],[68.7151,72.1328,1.3162],[68.7203,72.1297,3.0558],[68.7068,72.1266,0.0],[68.712,72.1234,1.1919],[68.7047,72.1224,1.1384],[68.7026,72.1203,1.3123],[68.7078,72.1182,1.1068],[68.7089,72.1151,1.6991],[68.7167,72.1125,0.8721],[68.7229,72.1146,1.7698],[68.7312,72.1146,1.3723],[68.7354,72.1125,1.1471],[68.7438,72.1125,0.8682],[68.7479,72.1104,0.5148],[68.7521,72.1104,0.8595],[68.7562,72.1125,2.0355],[68.7667,72.1125,0.509],[68.7708,72.1146,2.3523],[68.7854,72.1146,3.2032],[68.7896,72.1125,0.9313],[68.8063,72.1125,1.0937],[68.8078,72.1109,0.835],[68.8042,72.1083,0.2279],[68.7875,72.1083,1.0198],[68.7833,72.1062,2.5449],[68.7729,72.1062,0.9003],[68.7604,72.1021,0.6717],[68.75,72.1021,0.1169],[68.7396,72.0979,13.6889],[68.7338,72.0984,14.0533],[68.7271,72.1021,0.5993],[68.7042,72.1042,9.4562],[68.6958,72.1083,0.6415],[68.6901,72.1078,1.1718],[68.6891,72.1026,4.8718],[68.6833,72.0917,0.8908],[68.6839,72.0901,1.34],[68.6891,72.088,10.4347],[68.6818,72.087,1.9333],[68.6797,72.0849,0.9993],[68.6849,72.0818,7.7187],[68.6776,72.0807,0.0],[68.6828,72.0776,7.2465],[68.6776,72.0766,1.6835],[68.6755,72.0734,1.1124],[68.6807,72.0714,4.2548],[68.6713,72.0661,0.7841],[68.6729,72.0646,1.3146],[68.6828,72.0641,1.0872],[68.6776,72.062,0.8154],[68.6807,72.0589,2.0152],[68.6687,72.0583,1.4616],[68.6609,72.0557,0.0],[68.6687,72.0521,1.4117],[68.6771,72.0521,1.5629],[68.6787,72.0505,2.3475],[68.6651,72.0495,1.0144],[68.6682,72.0474,1.5024],[68.6682,72.0422,1.7728],[68.6526,72.0391,0.0],[68.6578,72.0359,1.509],[68.6505,72.0349,0.0],[68.6557,72.0318,1.4259],[68.65,72.0313,1.1639],[68.6484,72.0297,0.0],[68.6536,72.0286,1.1641],[68.6547,72.0255,1.2128],[68.6578,72.0245,2.1573],[68.6578,72.0214,1.8555],[68.6505,72.0203,1.1405],[68.6479,72.0167,1.1025],[68.6339,72.0141,0.2403],[68.6354,72.0125,0.384],[68.6521,72.0125,1.4743],[68.6536,72.012,1.6004],[68.6526,72.0089,0.8363],[68.6625,72.0083,1.0419],[68.6703,72.0057,0.795],[68.6687,72.0042,0.6367],[68.663,72.0036,0.4961],[68.663,72.0005,0.5564],[68.6729,72.0,0.6227],[68.6745,71.9984,0.9108],[68.65,71.9958,4.3748],[68.6359,72.0005,8.9367],[68.6375,72.0021,1.0396],[68.6432,72.0026,0.7489],[68.6417,72.0042,0.9849],[68.6312,72.0042,1.9767],[68.6286,72.0005,0.4113],[68.6214,71.9995,0.0],[68.6266,71.9964,0.0],[68.6245,71.9901,2.7079],[68.6172,71.9891,0.0],[68.6224,71.987,9.5557],[68.6203,71.9818,13.6207],[68.613,71.9807,0.0],[68.613,71.9776,0.0],[68.6162,71.9755,2.0418],[68.6109,71.9745,1.4649],[68.6078,71.9693,0.8466],[68.6005,71.9682,0.0],[68.6057,71.9661,0.0],[68.6036,71.9589,1.1511],[68.5964,71.9578,0.0],[68.6016,71.9557,0.6975],[68.5995,71.9505,7.5583],[68.5922,71.9495,0.0],[68.5901,71.9453,0.0],[68.5953,71.9432,1.1101],[68.5953,71.9401,0.99],[68.5911,71.9318,1.0212],[68.5839,71.9307,0.8165],[68.5813,71.925,0.0],[68.5833,71.9229,1.1004],[68.5917,71.925,0.6462],[68.5938,71.9229,0.4395],[68.5932,71.9213,0.8454],[68.5859,71.9203,0.4555],[68.5911,71.9172,0.1718],[68.5854,71.9167,0.3992],[68.5839,71.9151,0.5529],[68.6,71.9146,0.3021],[68.6016,71.913,0.6278],[68.5938,71.9104,0.2982],[68.5833,71.9104,2.6881],[68.5771,71.9125,0.6007],[68.5672,71.9099,0.0],[68.5646,71.9021,1.8472],[68.5682,71.8984,7.6856],[68.563,71.8974,4.8638],[68.5599,71.8922,7.5266],[68.5526,71.8912,0.0],[68.5578,71.8891,3.5396],[68.5578,71.8859,6.4818],[68.5557,71.8839,10.5378],[68.5484,71.8828,0.0],[68.5432,71.8693,3.1822],[68.5359,71.8682,0.0],[68.5411,71.8651,14.8947],[68.5339,71.8641,0.0],[68.5313,71.8583,0.0],[68.5318,71.8568,0.4072],[68.537,71.8547,6.6373],[68.5297,71.8536,5.5486],[68.5286,71.8505,8.6302],[68.5214,71.8495,0.0],[68.5266,71.8464,0.763],[68.5208,71.8458,0.0],[68.5193,71.8443,0.0],[68.5245,71.8422,1.7344],[68.5172,71.8411,1.8206],[68.5141,71.8359,9.6476],[68.5005,71.8307,0.0],[68.5036,71.8287,4.1709],[68.5036,71.8255,5.3664],[68.4964,71.8245,0.0],[68.4943,71.8193,1.0309],[68.4995,71.8172,1.1651],[68.4943,71.8161,0.7045],[68.4891,71.8068,0.9423],[68.4818,71.8057,0.7054],[68.4807,71.8026,6.1391],[68.4734,71.8016,1.0422],[68.4724,71.7984,2.4289],[68.4651,71.7974,0.0],[68.462,71.7922,0.5908],[68.4568,71.7911,0.6215],[68.4516,71.7839,0.9032],[68.4464,71.7828,0.7534],[68.4443,71.7807,0.7935],[68.4422,71.7755,1.3951],[68.4474,71.7734,6.6235],[68.4422,71.7724,4.4191],[68.4391,71.7693,1.9817],[68.4255,71.7662,0.0],[68.4307,71.7641,0.6823],[68.4287,71.7609,0.7363],[68.4151,71.7557,0.7526],[68.412,71.7526,0.7639],[68.4047,71.7516,0.0],[68.4036,71.7484,1.3407],[68.3964,71.7474,0.0],[68.3964,71.7443,1.1332],[68.4016,71.7432,1.7529],[68.3995,71.738,6.0087],[68.388,71.7391,0.7632],[68.3854,71.7354,1.0433],[68.3891,71.7318,2.5857],[68.3776,71.7328,1.4196],[68.3745,71.7276,0.7695],[68.3609,71.7224,0.0],[68.3578,71.7172,0.8861],[68.3443,71.7161,0.9012],[68.3391,71.7068,0.8786],[68.3339,71.7057,0.8074],[68.337,71.7037,0.7866],[68.337,71.7005,0.605],[68.325,71.7,0.6582],[68.3224,71.6964,0.9839],[68.3151,71.6953,0.0],[68.3104,71.6854,1.0609],[68.3109,71.6839,0.8458],[68.3161,71.6818,0.963],[68.3042,71.6813,0.8002],[68.3016,71.6776,1.1577],[68.2943,71.6766,0.0],[68.2937,71.675,1.3107],[68.2958,71.6729,1.0443],[68.3063,71.6729,1.1831],[68.3063,71.675,1.1474],[68.3167,71.675,1.1984],[68.3187,71.6729,1.678],[68.3161,71.6693,1.8561],[68.3083,71.6667,1.5247],[68.2854,71.6687,1.4223],[68.2776,71.6661,0.0],[68.2745,71.6609,1.4595],[68.2672,71.6599,0.0],[68.2662,71.6568,1.1415],[68.2589,71.6557,0.0],[68.2557,71.6505,1.2175],[68.2422,71.6453,1.3264],[68.2453,71.6422,0.9403],[68.2417,71.6417,1.424],[68.2354,71.6438,0.0],[68.2276,71.6412,0.0],[68.2245,71.638,1.4029],[68.2109,71.6328,1.2843],[68.2078,71.6297,1.3263],[68.2026,71.6286,1.2442],[68.2,71.625,1.065],[68.2021,71.6229,1.1777],[68.2229,71.6208,1.5905],[68.2375,71.6146,1.0665],[68.2458,71.6146,1.1129],[68.2625,71.6083,0.5142],[68.2688,71.6104,1.8103],[68.2896,71.6104,0.8497],[68.2974,71.6078,0.3704],[68.2974,71.6047,0.1487],[68.2937,71.6042,1.1567],[68.2896,71.6062,1.4659],[68.2604,71.6062,2.1887],[68.25,71.6104,1.23],[68.2354,71.6104,2.7402],[68.225,71.6146,0.8793],[68.2104,71.6146,1.0627],[68.2021,71.6188,0.8787],[68.1937,71.6188,1.2603],[68.1875,71.6208,1.1924],[68.1828,71.6172,1.3575],[68.1693,71.6141,0.0],[68.1641,71.6026,1.3435],[68.1568,71.6016,1.6627],[68.1557,71.5964,1.3549],[68.1422,71.5953,1.5316],[68.1391,71.5901,1.1668],[68.1318,71.5891,1.321],[68.1307,71.5839,1.3704],[68.1151,71.5807,0.6871],[68.1141,71.5776,0.7915],[68.1068,71.5766,1.1104],[68.1042,71.5729,1.0115],[68.0979,71.575,0.0],[68.0943,71.5745,0.0],[68.0974,71.5724,1.4076],[68.0974,71.5693,1.2803],[68.0755,71.5641,1.345],[68.0693,71.562,1.7383],[68.0661,71.5589,1.8035],[68.0526,71.5557,0.4653],[68.0516,71.5526,1.2834],[68.038,71.5495,1.1391],[68.0432,71.5463,1.0851],[68.0313,71.5458,1.5144],[68.025,71.5417,1.2835],[68.0089,71.5411,0.0],[68.0057,71.5359,1.6604],[67.9984,71.5349,1.3195],[67.9974,71.5318,1.1254],[67.9901,71.5307,1.2677],[67.9875,71.5271,1.1513],[67.9812,71.5292,1.4038],[67.9776,71.5286,0.9026],[67.9807,71.5266,1.1071],[67.9807,71.5234,1.0536],[67.9771,71.5229,1.0513],[67.9708,71.525,1.3089],[67.9609,71.5224,1.0063],[67.9661,71.5203,1.0811],[67.9641,71.5172,0.9618],[67.9396,71.5167,0.0],[67.9354,71.5125,1.2082],[67.9234,71.512,0.6644],[67.9234,71.5068,0.901],[67.9266,71.5057,0.5892],[67.925,71.5042,0.849],[67.9187,71.5062,1.0525],[67.9104,71.5062,1.1078],[67.8943,71.5016,1.3148],[67.8896,71.4979,0.795],[67.8812,71.4979,1.5511],[67.8625,71.4917,1.1874],[67.8521,71.4917,0.0],[67.8479,71.4875,1.544],[67.8375,71.4875,0.0],[67.8313,71.4833,1.5303],[67.8167,71.4833,0.0],[67.813,71.4807,0.0],[67.8099,71.4755,1.1521],[67.7963,71.4724,1.1796],[67.7953,71.4693,1.0782],[67.7917,71.4688,1.1532],[67.7854,71.4708,1.2727],[67.7438,71.4583,1.1749],[67.7333,71.4583,0.0],[67.7318,71.4568,1.3301],[67.737,71.4547,1.1942],[67.7292,71.4521,1.1199],[67.7188,71.4521,1.0169],[67.7125,71.4542,0.0],[67.7021,71.45,1.3531],[67.6979,71.45,0.0],[67.6875,71.4458,1.204],[67.6833,71.4458,1.2415],[67.6609,71.4391,1.0447],[67.6563,71.4354,1.3623],[67.65,71.4375,1.2116],[67.6417,71.4354,1.3681],[67.6354,71.4375,0.0],[67.6339,71.4359,1.163],[67.6375,71.4333,1.2807],[67.6354,71.4313,1.391],[67.6125,71.4313,0.0],[67.6099,71.4276,1.2944],[67.6026,71.4266,1.0843],[67.6016,71.4234,1.2309],[67.5979,71.4229,1.1667],[67.5917,71.425,0.5944],[67.5901,71.4234,1.3636],[67.5932,71.4213,1.2465],[67.5651,71.4141,0.0],[67.5641,71.4089,10.1656],[67.5568,71.4078,3.8042],[67.5557,71.4047,5.6278],[67.5422,71.4036,0.0],[67.5391,71.3984,10.0948],[67.5193,71.3932,0.0],[67.5162,71.3901,9.383],[67.5083,71.3875,2.0454],[67.5026,71.387,0.0],[67.5016,71.3818,16.3568],[67.4896,71.3812,14.1592],[67.4708,71.3729,2.079],[67.4604,71.3729,5.2063],[67.438,71.3662,6.3736],[67.4333,71.3625,11.2955],[67.425,71.3625,3.1831],[67.4125,71.3583,12.1777],[67.4042,71.3583,0.0],[67.3979,71.3542,8.4723],[67.375,71.3521,0.0],[67.3724,71.3484,8.8501],[67.3604,71.3479,0.0],[67.3562,71.3438,14.9585],[67.3458,71.3438,0.0],[67.3417,71.3396,11.8335],[67.325,71.3396,0.0],[67.3208,71.3375,0.0],[67.3167,71.3375,0.0],[67.3141,71.3339,8.5612],[67.3063,71.3313,12.3279],[67.2943,71.3307,11.2499],[67.2917,71.3271,13.2788],[67.2813,71.3292,0.0],[67.2771,71.3271,10.7917],[67.2688,71.3271,0.0],[67.2625,71.3229,20.8666],[67.2542,71.3229,0.0],[67.2417,71.3187,18.949],[67.2333,71.3187,0.0],[67.2292,71.3167,10.686],[67.225,71.3167,0.0],[67.2208,71.3125,14.3611],[67.1979,71.3104,23.4543],[67.1854,71.3063,13.9369],[67.1708,71.3063,0.0],[67.1521,71.3,1.6099],[67.1417,71.3,0.0],[67.1312,71.2958,2.4649],[67.1146,71.2958,0.0],[67.1042,71.2917,4.3115],[67.0922,71.2911,0.0],[67.0896,71.2875,1.1384],[67.0792,71.2896,0.0],[67.0766,71.2859,1.1147],[67.0687,71.2833,1.0643],[67.0583,71.2854,0.0],[67.0542,71.2833,0.8212],[67.0313,71.2813,0.0],[67.0271,71.2792,4.8283],[67.0188,71.2792,1.9858],[67.0146,71.2771,5.7571],[67.0042,71.2792,0.0],[67.0,71.275,8.3383],[66.9854,71.275,0.6177],[66.9792,71.2771,0.0],[66.975,71.275,0.8654],[66.9583,71.275,0.6592],[66.9479,71.2708,1.0293],[66.9375,71.2708,0.0],[66.9328,71.2651,0.0],[66.9276,71.2641,0.0],[66.9245,71.2589,0.0],[66.9193,71.2578,0.0],[66.9172,71.2557,0.0],[66.9172,71.2526,0.0],[66.9224,71.2505,1.1013],[66.9151,71.2495,0.0],[66.9141,71.2443,0.0],[66.912,71.2422,0.0],[66.9068,71.2412,0.0],[66.9047,71.2338,0.0],[66.9099,71.2318,1.1095],[66.9078,71.2297,0.9448],[66.9026,71.2286,0.7867],[66.8995,71.2214,0.7281],[66.8943,71.2203,0.0],[66.8974,71.2182,1.1518],[66.8974,71.2151,1.6166],[66.8859,71.2141,0.0],[66.8891,71.212,1.0092],[66.8839,71.2099,0.0],[66.8891,71.2078,1.5031],[66.887,71.2026,2.4449],[66.8734,71.1974,0.0],[66.8703,71.1943,0.0],[66.8651,71.1932,0.0],[66.862,71.1839,2.2668],[66.8599,71.1818,2.8032],[66.8547,71.1807,0.0],[66.8599,71.1776,13.0171],[66.8526,71.1766,0.0],[66.8516,71.1713,9.0667],[66.8443,71.1703,0.0],[66.8432,71.1672,0.0],[66.838,71.1661,0.0],[66.8359,71.1641,0.0],[66.8349,71.1609,0.0],[66.8276,71.1599,0.0],[66.8328,71.1568,9.4933],[66.8276,71.1547,0.0],[66.8328,71.1526,11.311],[66.8255,71.1516,7.2597],[66.8245,71.1484,8.3162],[66.8172,71.1474,0.0],[66.8161,71.1443,5.1397],[66.8109,71.1432,0.0],[66.8089,71.1412,0.0],[66.8078,71.1359,8.8617],[66.7943,71.1328,0.0],[66.7911,71.1255,5.8603],[66.7776,71.1203,0.0],[66.7745,71.1151,8.6656],[66.7609,71.112,0.0],[66.7599,71.1088,4.8677],[66.7547,71.1078,0.0],[66.7526,71.1057,0.0],[66.7521,71.1021,0.0],[66.7542,71.1,5.078],[66.7729,71.0979,8.0358],[66.7771,71.0938,0.3031],[66.7979,71.0917,4.0073],[66.8021,71.0896,3.1813],[66.8167,71.0896,5.3616],[66.8208,71.0875,0.2887],[66.8291,71.0875,8.5115],[66.8307,71.087,7.6315],[66.8297,71.0839,0.3058],[66.8375,71.0813,0.3422],[66.8583,71.0813,7.451],[66.8625,71.0792,0.7192],[66.9083,71.0792,1.4099],[66.9125,71.0771,0.4919],[66.9208,71.0771,0.9543],[66.9313,71.0729,0.5758],[66.9521,71.0729,0.7679],[66.9537,71.0714,0.7882],[66.9437,71.0708,0.9786],[66.9396,71.0687,0.6078],[66.9229,71.0687,0.6964],[66.9208,71.0667,0.8702],[66.9245,71.063,0.9342],[66.913,71.062,0.5662],[66.9182,71.0589,0.6469],[66.8901,71.0516,0.4628],[66.8891,71.0484,0.866],[66.8833,71.0479,0.8253],[66.8729,71.0437,1.0269],[66.863,71.0432,0.6512],[66.8662,71.0411,0.6805],[66.8672,71.038,0.0],[66.8724,71.037,0.0],[66.8651,71.0339,0.6451],[66.8703,71.0328,0.7847],[66.8755,71.0255,0.0],[66.8974,71.0182,0.6066],[66.8984,71.0151,0.3595],[66.9036,71.0141,0.0],[66.9016,71.0089,1.0299],[66.8792,71.0021,1.1478],[66.8688,71.0021,0.7376],[66.8547,70.9974,1.1609],[66.85,70.9875,0.9697],[66.8505,70.9859,0.8537],[66.8557,70.9849,1.1162],[66.8536,70.9797,0.8903],[66.8484,70.9786,0.8684],[66.8464,70.9766,0.6023],[66.8453,70.9714,0.8523],[66.838,70.9703,0.0],[66.8359,70.963,0.0],[66.8411,70.962,0.7854],[66.8411,70.9589,0.8979],[66.8333,70.9563,0.4557],[66.8229,70.9563,0.0],[66.8214,70.9547,0.5089],[66.8266,70.9526,0.5837],[66.8167,70.95,0.6242],[66.8083,70.95,0.4235],[66.8005,70.9474,0.7795],[66.7974,70.9443,0.7087],[66.7859,70.9411,0.5542],[66.7807,70.9318,0.6298],[66.7755,70.9307,0.464],[66.7771,70.9292,0.4702],[66.787,70.9287,0.6518],[66.7854,70.9271,0.6787],[66.7797,70.9266,0.5023],[66.7786,70.9213,0.5447],[66.7766,70.9193,0.5816],[66.7714,70.9182,0.7237],[66.7729,70.9167,0.7482],[66.7828,70.9161,0.7031],[66.7828,70.913,0.6377],[66.7807,70.9109,0.7176],[66.7729,70.9083,0.6664],[66.7625,70.9083,1.0452],[66.7599,70.9047,0.7283],[66.7521,70.9021,0.4203],[66.7401,70.9016,0.3561],[66.7453,70.8995,0.5728],[66.7453,70.8964,1.0043],[66.738,70.8953,0.5995],[66.737,70.8922,5.1123],[66.7292,70.8896,1.2178],[66.7125,70.8896,0.4363],[66.6828,70.8776,0.7385],[66.6771,70.8771,0.4859],[66.6604,70.8708,3.396],[66.6484,70.8682,0.8316],[66.6474,70.8651,3.9463],[66.6401,70.8641,5.4187],[66.6318,70.8599,1.3499],[66.6318,70.8526,5.0007],[66.6349,70.8516,5.031],[66.6359,70.8464,4.298],[66.6391,70.8453,4.5151],[66.6401,70.8422,0.0],[66.6563,70.8417,2.0731],[66.6729,70.8354,0.0],[66.6854,70.8354,1.0437],[66.6995,70.8307,0.7704],[66.7021,70.8271,1.1129],[66.7083,70.8271,1.0266],[66.7125,70.825,1.1881],[66.7271,70.825,1.7078],[66.7297,70.8214,0.5],[66.7391,70.8182,0.5],[66.7375,70.8167,0.5],[66.7276,70.8161,1.8276],[66.7328,70.813,1.3677],[66.7255,70.812,1.1966],[66.725,70.8104,0.5981],[66.7255,70.8089,0.5749],[66.7307,70.8078,1.1927],[66.7276,70.7963,1.3461],[66.7328,70.7953,0.9445],[66.7328,70.7922,0.9063],[66.7255,70.7911,1.7944],[66.7224,70.7776,4.4137],[66.7151,70.7766,0.0],[66.7203,70.7734,4.0485],[66.7151,70.7724,2.0888],[66.713,70.7703,0.805],[66.7099,70.7609,2.6628],[66.6984,70.7599,0.0],[66.6958,70.7562,3.656],[66.6964,70.7526,4.536],[66.7063,70.7521,0.5426],[66.7089,70.7557,4.4446],[66.7312,70.7625,3.3589],[66.7354,70.7625,0.0],[66.7521,70.7688,5.1172],[66.775,70.7688,0.292],[66.7813,70.7708,7.0229],[66.7875,70.7688,0.0],[66.7979,70.7729,6.6249],[66.8063,70.7708,0.0],[66.8104,70.7729,5.0393],[66.8333,70.7729,0.0],[66.8375,70.775,6.1422],[66.8583,70.7729,0.0],[66.8688,70.7771,6.7672],[66.875,70.775,0.0],[66.8958,70.775,0.0],[66.9,70.7771,7.0691],[66.9167,70.7771,0.0],[66.9208,70.7792,2.0967],[66.9417,70.7813,0.5688],[66.9542,70.7854,0.8403],[66.9688,70.7854,0.6867],[66.9729,70.7875,0.6252],[66.9833,70.7875,0.6354],[66.9938,70.7917,0.6672],[67.0146,70.7917,0.0],[67.0162,70.7932,0.6364],[67.0068,70.7974,0.905],[67.012,70.7984,1.0919],[67.0167,70.8021,1.0213],[67.0229,70.8,0.7955],[67.05,70.8,0.8581],[67.0542,70.8042,0.7693],[67.0724,70.8047,0.0],[67.0734,70.8099,0.0],[67.0755,70.812,0.0],[67.0807,70.813,0.0],[67.0807,70.8161,0.6531],[67.0776,70.8172,0.779],[67.0776,70.8203,0.8595],[67.0911,70.8234,0.573],[67.0922,70.8266,0.5606],[67.1,70.8292,2.8372],[67.1167,70.8292,0.0],[67.1208,70.8313,5.0282],[67.1292,70.8292,0.0],[67.1333,70.8313,2.5482],[67.2,70.8313,0.0],[67.2042,70.8333,1.8851],[67.2125,70.8333,2.4472],[67.2229,70.8292,0.0],[67.2312,70.8313,0.9342],[67.2328,70.8307,0.7386],[67.2318,70.8276,0.0],[67.2333,70.8271,0.0],[67.2396,70.8292,0.7815],[67.2479,70.8292,0.0],[67.2521,70.825,0.0],[67.2682,70.8245,0.9631],[67.2672,70.8172,0.0],[67.2792,70.8125,0.0],[67.2854,70.8146,0.4712],[67.2891,70.8141,0.4646],[67.2901,70.8089,0.0],[67.2932,70.8078,0.0],[67.2943,70.8026,0.0],[67.3057,70.8016,7.6588],[67.3047,70.7963,0.0],[67.3125,70.7937,0.0],[67.3187,70.7937,2.2891],[67.3292,70.7896,0.0],[67.3375,70.7896,0.0],[67.3453,70.787,0.4895],[67.3438,70.7854,0.5974],[67.338,70.7849,0.5611],[67.3339,70.7734,0.4703],[67.3417,70.7708,0.0],[67.3516,70.7703,0.5569],[67.3464,70.7672,0.0],[67.3521,70.7646,0.5806],[67.3745,70.762,0.8393],[67.3729,70.7604,0.7216],[67.3672,70.7599,0.8067],[67.3724,70.7568,0.6565],[67.3625,70.7562,0.8759],[67.3526,70.7536,0.0],[67.3542,70.7521,0.0],[67.3625,70.7521,0.0],[67.3745,70.7474,0.5956],[67.3745,70.7443,0.5888],[67.3609,70.7412,0.0],[67.3609,70.738,0.0],[67.3703,70.7349,0.8349],[67.3714,70.7297,0.0],[67.3932,70.7266,1.009],[67.3917,70.725,0.0],[67.3818,70.7245,0.7693],[67.3797,70.7224,0.7008],[67.3786,70.7172,0.8485],[67.3729,70.7167,0.8129],[67.3714,70.7151,0.8466],[67.3891,70.7141,0.9263],[67.3875,70.7125,1.0956],[67.3776,70.712,1.052],[67.3828,70.7099,0.8056],[67.3812,70.7063,0.7392],[67.3833,70.7042,0.0],[67.3917,70.7042,0.0],[67.3958,70.7021,0.0],[67.4104,70.7021,0.0],[67.4146,70.7063,0.0],[67.4182,70.7057,0.0],[67.4187,70.7042,0.0],[67.4146,70.7,0.0],[67.3812,70.7,0.0],[67.3771,70.6979,0.7993],[67.3729,70.6979,0.8288],[67.3651,70.6953,0.6678],[67.3641,70.6922,0.5169],[67.3568,70.6911,0.0],[67.3557,70.688,0.0],[67.3422,70.6849,0.0],[67.3422,70.6797,0.0],[67.3516,70.6787,0.0],[67.3464,70.6755,0.0],[67.3516,70.6745,0.5659],[67.3557,70.6713,0.0],[67.35,70.6708,0.0],[67.35,70.6687,0.0],[67.3359,70.6661,0.0],[67.3359,70.6609,0.0],[67.3438,70.6604,0.0],[67.3542,70.6563,0.0],[67.3625,70.6583,1.0606],[67.3766,70.6526,1.4178],[67.3729,70.65,3.2866],[67.363,70.6495,0.0],[67.3604,70.6458,5.9925],[67.3505,70.6464,0.0],[67.3557,70.6495,0.0],[67.3479,70.6521,0.7265],[67.3297,70.6474,0.5391],[67.3297,70.6443,0.0],[67.3411,70.6432,0.0],[67.3411,70.6401,7.7837],[67.3292,70.6396,0.0],[67.3266,70.6359,2.194],[67.3193,70.6349,0.0],[67.3182,70.6276,5.75],[67.3161,70.6255,20.8904],[67.3109,70.6245,9.9401],[67.3099,70.6214,19.5166],[67.3026,70.6203,6.6733],[67.3016,70.6172,8.3322],[67.2963,70.6162,15.7752],[67.2932,70.6109,11.9511],[67.288,70.6099,5.0778],[67.2849,70.6047,6.0978],[67.2797,70.6036,17.0548],[67.2776,70.6016,11.1294],[67.2755,70.5922,0.0],[67.2807,70.5911,15.2715],[67.2797,70.588,0.0],[67.2849,70.587,14.9867],[67.2839,70.5818,0.0],[67.2891,70.5807,0.0],[67.2839,70.5787,0.571],[67.287,70.5766,0.0],[67.287,70.5734,9.1764],[67.2755,70.5724,0.0],[67.2786,70.5703,17.1257],[67.2797,70.5651,12.8124],[67.2828,70.5641,10.1327],[67.2828,70.5609,6.3279],[67.2776,70.5599,0.0],[67.2745,70.5547,10.7844],[67.2693,70.5537,0.0],[67.2724,70.5516,10.9044],[67.2724,70.5484,16.4424],[67.2672,70.5474,5.4388],[67.2662,70.5443,10.4848],[67.2589,70.5432,0.0],[67.2641,70.5401,13.8597],[67.2443,70.5349,14.2616],[67.2412,70.5297,19.0421],[67.2359,70.5286,8.6131],[67.2318,70.5182,0.0],[67.2432,70.5141,10.641],[67.2422,70.5109,0.0],[67.2474,70.5099,10.9291],[67.2464,70.5047,0.0],[67.2578,70.5016,6.8831],[67.262,70.4995,5.3273],[67.263,70.4964,0.0],[67.2745,70.4932,9.027],[67.2672,70.4901,0.0],[67.2786,70.4891,2.6524],[67.2797,70.4859,0.0],[67.2839,70.4838,0.0],[67.2917,70.4812,0.0],[67.3016,70.4807,0.6142],[67.3005,70.4776,0.0],[67.3161,70.4724,0.9578],[67.3146,70.4708,0.7626],[67.3063,70.4708,0.0],[67.3047,70.4693,0.0],[67.3099,70.4682,0.4818],[67.3089,70.4651,0.0],[67.3187,70.4646,0.75],[67.3214,70.4609,0.0],[67.3307,70.4599,0.8538],[67.3307,70.4568,0.9763],[67.3255,70.4547,0.0],[67.3349,70.4537,0.8589],[67.3375,70.45,0.0],[67.3458,70.45,0.8481],[67.3604,70.4458,0.0],[67.3703,70.4453,0.6117],[67.3688,70.4437,0.7949],[67.3542,70.4437,0.0],[67.35,70.4417,0.7677],[67.3417,70.4437,0.0],[67.3318,70.4411,0.7793],[67.3333,70.4396,0.7928],[67.3432,70.4391,1.0068],[67.338,70.4359,0.9384],[67.3474,70.4328,0.899],[67.3474,70.4297,1.0675],[67.3438,70.4271,1.0686],[67.3339,70.4266,0.9042],[67.3328,70.4234,0.6703],[67.3292,70.4208,1.0127],[67.3151,70.4224,0.0],[67.3182,70.4193,0.8141],[67.3068,70.4182,0.0],[67.3047,70.413,0.0],[67.3099,70.412,0.0],[67.3089,70.4068,0.0],[67.3141,70.4057,0.0],[67.3089,70.4026,0.0],[67.3167,70.4021,0.0],[67.3307,70.3974,0.0],[67.3297,70.3943,0.0],[67.3458,70.3938,0.9776],[67.35,70.3917,1.0986],[67.3562,70.3938,0.8437],[67.3646,70.3938,1.3558],[67.3688,70.3896,0.8442],[67.3828,70.3891,0.6686],[67.3839,70.3859,1.2203],[67.3891,70.3839,0.9063],[67.3792,70.3833,0.9589],[67.3729,70.3854,1.0145],[67.3693,70.3818,1.2045],[67.3745,70.3797,1.0888],[67.3646,70.3792,1.0498],[67.3568,70.3818,0.829],[67.3521,70.3854,0.8302],[67.3542,70.3875,1.0034],[67.3625,70.3875,0.8713],[67.3641,70.3891,1.3061],[67.3417,70.3896,0.9197],[67.3339,70.387,0.0],[67.3307,70.3818,1.1155],[67.3255,70.3807,0.0],[67.3349,70.3766,0.9106],[67.3297,70.3734,0.7117],[67.3391,70.3703,0.9805],[67.3396,70.3667,0.0],[67.3453,70.3662,0.9171],[67.3443,70.363,0.0],[67.3458,70.3625,0.0],[67.3521,70.3646,0.784],[67.3604,70.3646,0.823],[67.3646,70.3625,0.0],[67.3792,70.3625,0.0],[67.3854,70.3646,0.9296],[67.3896,70.3625,0.0],[67.4104,70.3625,1.214],[67.4182,70.3588,0.0],[67.4083,70.3583,0.9405],[67.4042,70.3604,0.0],[67.3958,70.3604,0.0],[67.3896,70.3562,0.7122],[67.3688,70.3562,1.1494],[67.3641,70.3505,1.1757],[67.3542,70.35,1.1522],[67.3484,70.3526,0.9827],[67.3479,70.3542,0.9821],[67.3484,70.3557,1.1926],[67.3536,70.3578,0.8564],[67.3333,70.3583,0.9735],[67.3292,70.3604,0.0],[67.3208,70.3604,0.91],[67.3151,70.363,0.7101],[67.3141,70.3662,0.0],[67.3089,70.3672,1.1613],[67.3104,70.3688,1.4047],[67.3161,70.3693,0.0],[67.3109,70.3714,2.5825],[67.3109,70.3745,2.0434],[67.3161,70.3755,0.0],[67.313,70.3776,0.0],[67.312,70.3807,0.0],[67.3026,70.3839,13.2931],[67.3016,70.3891,0.0],[67.2974,70.3912,0.0],[67.2875,70.3917,2.9402],[67.2833,70.3938,0.0],[67.2646,70.3875,25.4088],[67.2589,70.387,29.1977],[67.2578,70.3839,31.0593],[67.2516,70.3818,31.4072],[67.238,70.3786,18.0668],[67.237,70.3755,11.7531],[67.2297,70.3745,18.0302],[67.2286,70.3714,31.1233],[67.2234,70.3703,26.3872],[67.2234,70.3672,21.2932],[67.2266,70.3662,23.9935],[67.2266,70.363,30.2203],[67.213,70.3599,0.0],[67.213,70.3568,0.0],[67.2182,70.3547,32.7398],[67.2161,70.3505,22.4745],[67.2109,70.3495,0.0],[67.2141,70.3464,24.6828],[67.2089,70.3453,0.0],[67.2068,70.3391,0.0],[67.212,70.337,16.9913],[67.2125,70.3354,16.8849],[67.212,70.3339,20.5086],[67.2047,70.3328,0.0],[67.2099,70.3307,7.8178],[67.2104,70.3292,13.3664],[67.2068,70.3172,0.0],[67.212,70.3151,2.5753],[67.2099,70.313,5.6003],[67.2047,70.312,0.0],[67.2016,70.3026,22.631],[67.188,70.2995,0.0],[67.1932,70.2974,0.0],[67.1932,70.2943,15.0329],[67.1859,70.2932,0.0],[67.1911,70.2901,19.5682],[67.1797,70.287,0.0],[67.1828,70.2839,16.0247],[67.1713,70.2807,0.0],[67.1693,70.2786,0.0],[67.1745,70.2755,20.8278],[67.1693,70.2745,0.6064],[67.1672,70.2724,0.0],[67.162,70.2526,17.0133],[67.1505,70.2536,0.0],[67.1542,70.25,1.1846],[67.1542,70.2458,3.96],[67.1516,70.2401,11.1789],[67.1464,70.2391,0.0],[67.1432,70.2338,1.8895],[67.138,70.2328,0.0],[67.1359,70.2307,0.0],[67.1412,70.2276,9.9211],[67.1297,70.2266,0.0],[67.1349,70.2234,2.3372],[67.1276,70.2224,0.0],[67.125,70.2146,0.0],[67.1255,70.213,0.0],[67.1307,70.212,5.7956],[67.1297,70.2089,0.0],[67.1375,70.2063,4.8483],[67.1458,70.2063,1.567],[67.1563,70.2021,0.9564],[67.1578,70.2037,0.8938],[67.1547,70.2057,1.3532],[67.1583,70.2063,1.339],[67.1703,70.2016,0.9535],[67.1687,70.2,0.5762],[67.1589,70.1995,1.3268],[67.1568,70.1974,1.4637],[67.1583,70.1958,1.0517],[67.187,70.1953,0.6858],[67.1818,70.1932,0.7114],[67.1849,70.1911,1.2603],[67.1833,70.1896,0.9525],[67.1771,70.1917,1.1503],[67.1708,70.1917,1.2677],[67.1667,70.1937,1.0139],[67.163,70.1932,0.7788],[67.1583,70.1896,0.5662],[67.1521,70.1917,0.5649],[67.1484,70.1891,0.7042],[67.1484,70.1859,0.0],[67.15,70.1854,0.0],[67.1646,70.1854,0.5655],[67.1687,70.1875,0.6293],[67.2021,70.1875,0.7295],[67.2063,70.1896,0.64],[67.2208,70.1896,0.6382],[67.225,70.1917,0.4803],[67.2333,70.1896,0.5005],[67.2396,70.1917,0.5427],[67.2453,70.1891,0.6424],[67.2464,70.1859,0.7108],[67.2562,70.1833,0.542],[67.2562,70.1813,0.5294],[67.2667,70.1833,0.6275],[67.2708,70.1813,0.4072],[67.2807,70.1807,0.5318],[67.2818,70.1776,0.2615],[67.2849,70.1766,0.4393],[67.2859,70.1713,0.0],[67.2891,70.1703,0.5055],[67.2901,70.1651,0.5674],[67.2932,70.1641,0.6803],[67.2943,70.1589,0.6477],[67.3037,70.1578,6.9268],[67.2984,70.1557,0.6139],[67.2963,70.1505,0.2928],[67.3016,70.1495,0.4271],[67.3005,70.1443,0.0],[67.3057,70.1432,0.2407],[67.3042,70.1354,0.0],[67.3083,70.1312,11.4569],[67.3068,70.1255,0.4231],[67.312,70.1245,0.4342],[67.313,70.1193,0.2764],[67.3161,70.1182,0.3513],[67.3109,70.1162,0.7055],[67.3089,70.1088,0.5612],[67.3203,70.1088,0.2269],[67.3214,70.112,0.6157],[67.3266,70.113,0.3888],[67.3313,70.1167,0.6319],[67.3411,70.1162,0.6116],[67.3401,70.113,0.4675],[67.3417,70.1125,0.3089],[67.3521,70.1125,1.0021],[67.3521,70.1104,0.4501],[67.3557,70.1099,0.554],[67.3568,70.1068,0.6565],[67.3786,70.0995,1.0973],[67.3776,70.0943,0.3789],[67.3828,70.0922,0.8599],[67.3755,70.0911,0.444],[67.375,70.0854,0.2523],[67.3771,70.0833,0.6022],[67.3849,70.0828,0.6249],[67.3849,70.0797,0.6564],[67.3797,70.0776,0.6553],[67.3828,70.0766,0.6788],[67.388,70.0693,0.4754],[67.3917,70.0687,0.6765],[67.4021,70.0729,5.3325],[67.4057,70.0724,5.0295],[67.4057,70.0672,2.0063],[67.3896,70.0667,0.4733],[67.3849,70.063,0.4975],[67.3797,70.062,0.4753],[67.3792,70.0604,0.7374],[67.3828,70.0578,0.4587],[67.3839,70.0526,0.5459],[67.387,70.0516,0.6881],[67.388,70.0484,0.8748],[67.3995,70.0474,0.8482],[67.3974,70.0422,0.6834],[67.3938,70.0417,0.6192],[67.3875,70.0437,0.4888],[67.3833,70.0417,0.4532],[67.3672,70.0411,0.5434],[67.3651,70.0359,0.588],[67.375,70.0354,1.0567],[67.3828,70.0328,0.8821],[67.3812,70.0313,0.9632],[67.3755,70.0307,0.6558],[67.375,70.0292,1.0968],[67.3755,70.0276,0.7561],[67.3807,70.0266,1.0175],[67.3849,70.0234,0.8909],[67.3688,70.0188,0.8459],[67.3521,70.025,0.6451],[67.3474,70.0214,0.6441],[67.3359,70.0182,0.6857],[67.3349,70.0151,0.894],[67.3276,70.0141,0.8568],[67.3276,70.0109,0.8422],[67.3328,70.0099,0.8741],[67.3318,70.0068,0.7118],[67.3417,70.0062,1.0085],[67.3495,70.0036,0.0],[67.3479,70.0021,0.7968],[67.3333,70.0021,0.7683],[67.3292,70.0042,0.0],[67.3208,70.0042,0.6531],[67.3167,70.0,0.879],[67.2646,70.0,0.0],[67.263,69.9984,0.0],[67.2682,69.9964,0.5773],[67.2609,69.9953,0.0],[67.2604,69.9938,0.0],[67.2609,69.9922,1.0084],[67.2662,69.9912,0.8624],[67.2646,69.9896,0.0],[67.2375,69.9896,0.0],[67.2359,69.988,0.0],[67.2391,69.9859,0.6934],[67.225,69.9812,0.8714],[67.2104,69.9812,0.0],[67.1854,69.9729,0.6901],[67.1042,69.9729,0.0],[67.1,69.9708,1.0185],[67.0917,69.9708,0.6125],[67.0813,69.9667,0.0],[67.0755,69.9661,0.0],[67.0745,69.9609,1.0175],[67.0693,69.9599,0.6162],[67.0661,69.9568,1.2576],[67.0583,69.9542,0.0],[67.05,69.9542,0.0],[67.0458,69.9521,0.0],[67.0375,69.9521,0.0],[67.0333,69.95,0.0],[67.0125,69.95,0.9411],[66.9979,69.9563,0.0],[66.9896,69.9563,0.0],[66.9714,69.9609,0.0],[66.9729,69.9625,0.8839],[66.9786,69.963,0.0],[66.9734,69.9661,0.0],[66.9786,69.9682,0.0],[66.9693,69.9714,0.0],[66.9688,69.975,0.0],[66.9703,69.9786,0.0],[66.9651,69.9797,0.0],[66.9661,69.9849,0.0],[66.9547,69.988,10.0431],[66.9589,70.0036,18.4399],[66.9688,70.0042,0.0],[66.9729,70.0062,0.0],[66.9896,70.0062,0.0],[66.9938,70.0083,9.3922],[67.0062,70.0083,25.1372],[67.0125,70.0062,0.0],[67.0203,70.0089,14.6579],[67.0172,70.0109,20.509],[67.0162,70.0162,0.0],[67.0083,70.0167,14.8029],[66.9838,70.0255,14.1861],[66.9849,70.0286,0.233],[66.9792,70.0292,3.1922],[66.9771,70.0313,1.8055],[66.9688,70.0313,0.0],[66.9661,70.0276,4.1241],[66.9609,70.0266,0.0],[66.9578,70.0214,4.6802],[66.9526,70.0203,0.0],[66.9495,70.013,12.196],[66.9443,70.012,10.6245],[66.9411,70.0068,9.4872],[66.9359,70.0057,0.0],[66.9328,70.0005,0.0],[66.9276,69.9995,0.0],[66.9266,69.9943,5.375],[66.9193,69.9932,0.0],[66.9182,69.988,0.0],[66.9047,69.9828,0.0],[66.9099,69.9797,0.0],[66.9078,69.9776,0.0],[66.9026,69.9766,0.0],[66.9016,69.9734,0.0],[66.8964,69.9724,0.0],[66.8995,69.9693,0.0],[66.8943,69.9682,0.0],[66.8932,69.963,0.0],[66.8912,69.9609,0.0],[66.8859,69.9599,0.0],[66.8859,69.9568,0.0],[66.8912,69.9547,16.1461],[66.8839,69.9537,0.0],[66.8828,69.9505,0.0],[66.8776,69.9495,0.0],[66.8776,69.9464,0.0],[66.8807,69.9443,0.0],[66.8755,69.9432,0.0],[66.875,69.9417,0.0],[66.8786,69.938,0.6137],[66.8734,69.937,0.0],[66.8703,69.9276,10.9624],[66.8651,69.9266,0.0],[66.862,69.9213,0.0],[66.8568,69.9203,0.0],[66.862,69.9172,5.3075],[66.8599,69.9151,3.8885],[66.8547,69.9141,0.0],[66.8516,69.9047,0.0],[66.8464,69.9036,0.0],[66.8396,69.8833,0.0],[66.8391,69.8776,0.0],[66.837,69.8755,0.0],[66.8318,69.8745,0.0],[66.837,69.8714,0.0],[66.8318,69.8703,0.0],[66.8349,69.8682,0.0],[66.8349,69.863,0.0],[66.8276,69.862,0.0],[66.8328,69.8599,0.0],[66.8333,69.8583,0.0],[66.8292,69.8458,0.0],[66.8297,69.8401,0.0],[66.8328,69.838,14.8629],[66.8276,69.837,0.0],[66.8271,69.8354,0.0],[66.8307,69.8328,0.0],[66.8313,69.8271,17.704],[66.8287,69.8214,0.0],[66.8234,69.8203,0.0],[66.8287,69.8172,0.6629],[66.8266,69.8151,0.0],[66.8214,69.8141,0.0],[66.8214,69.8109,0.0],[66.8245,69.8089,0.0],[66.8193,69.8078,0.0],[66.8167,69.8,0.0],[66.8172,69.7984,0.0],[66.8224,69.7963,11.6751],[66.8172,69.7953,0.0],[66.8151,69.7932,0.0],[66.8203,69.7901,5.1984],[66.8151,69.7891,0.0],[66.8151,69.7859,0.0],[66.8182,69.7839,0.0],[66.813,69.7828,0.0],[66.8182,69.7797,0.0],[66.8083,69.7479,0.0],[66.8089,69.7464,0.0],[66.8141,69.7443,10.9507],[66.8089,69.7432,0.0],[66.8068,69.7412,0.0],[66.812,69.7391,7.3815],[66.8125,69.7375,1.6706],[66.812,69.7359,1.9501],[66.8068,69.7349,0.0],[66.8047,69.7328,0.0],[66.8026,69.7245,0.0],[66.8078,69.7224,0.0],[66.8083,69.7208,0.0],[66.8078,69.7193,0.0],[66.8005,69.7182,0.0],[66.8,69.7167,0.0],[66.8005,69.7151,0.0],[66.8057,69.7141,0.0],[66.8063,69.7125,0.0],[66.8026,69.7026,0.0],[66.8078,69.7016,0.0],[66.8026,69.6984,0.0],[66.8078,69.6974,0.0],[66.8068,69.6943,0.0],[66.812,69.6932,15.5986],[66.8068,69.6911,0.0],[66.8047,69.688,0.0],[66.8099,69.687,0.0],[66.8089,69.6776,0.0],[66.8141,69.6766,5.6997],[66.812,69.6713,0.0],[66.8068,69.6693,0.0],[66.8099,69.6682,0.0],[66.8109,69.6609,0.0],[66.8146,69.6583,0.0],[66.8141,69.6568,0.0],[66.8089,69.6557,0.0],[66.812,69.6526,0.0],[66.8068,69.6505,0.0],[66.812,69.6495,0.0],[66.8109,69.6422,0.0],[66.8161,69.6412,0.0],[66.8151,69.638,0.0],[66.8203,69.637,1.6647],[66.8151,69.6349,0.0],[66.8141,69.6318,0.0],[66.8089,69.6307,0.0],[66.8104,69.6292,0.0],[66.8182,69.6286,0.0],[66.813,69.6266,0.0],[66.8167,69.6229,0.0],[66.8146,69.6125,0.0],[66.8182,69.6099,0.0],[66.8193,69.6026,0.0],[66.8224,69.6005,0.0],[66.8172,69.5995,0.0],[66.8167,69.5958,0.0],[66.8203,69.5932,0.0],[66.8214,69.5901,0.0],[66.8266,69.5891,1.1623],[66.825,69.5875,0.0],[66.8193,69.587,0.0],[66.8187,69.5813,0.0],[66.8224,69.5787,0.0],[66.8234,69.5734,0.0],[66.8266,69.5724,0.0],[66.8255,69.563,0.0],[66.8307,69.562,0.0],[66.8255,69.5589,0.0],[66.8349,69.5557,0.0],[66.8354,69.5542,0.0],[66.8349,69.5526,0.0],[66.8292,69.5521,0.0],[66.8276,69.5505,0.0],[66.8391,69.5474,0.8463],[66.8375,69.5437,0.0],[66.838,69.538,0.0],[66.8411,69.537,0.0],[66.8422,69.5318,0.0],[66.8453,69.5307,0.0],[66.8464,69.5276,0.0],[66.8516,69.5266,0.0],[66.8505,69.5234,0.0],[66.8557,69.5224,0.0],[66.8547,69.5172,0.0],[66.8703,69.512,0.0],[66.8708,69.5083,0.0],[66.8693,69.5047,0.0],[66.8745,69.5026,0.0],[66.8693,69.5005,0.0],[66.875,69.4979,0.0],[66.8849,69.4974,0.0],[66.8797,69.4943,0.0],[66.8891,69.4932,0.0],[66.8896,69.4896,0.0],[66.888,69.4859,0.0],[66.8995,69.4849,0.2013],[66.8943,69.4818,0.0],[66.9078,69.4766,0.2482],[66.9026,69.4734,0.0],[66.9141,69.4703,0.0],[66.9208,69.4667,0.2215],[66.9354,69.4667,0.0],[66.937,69.4672,0.1486],[66.938,69.4745,0.3539],[66.9401,69.4766,0.6452],[66.9453,69.4776,0.2192],[66.9464,69.4807,0.4635],[66.9563,69.4812,-0.0745],[66.9589,69.4849,0.3019],[66.9724,69.488,0.1965],[66.9734,69.4953,0.2216],[66.9807,69.4964,0.1218],[66.9812,69.4979,0.2368],[66.9807,69.4995,0.4643],[66.9755,69.5005,0.2095],[66.9766,69.5036,0.1884],[66.9714,69.5047,0.6388],[66.9703,69.5099,0.0],[66.9672,69.512,0.1736],[66.9724,69.513,0.0],[66.9734,69.5162,0.0],[66.9786,69.5172,0.0],[66.9807,69.5203,0.0],[66.9646,69.5208,0.0],[66.962,69.5172,0.0],[66.9479,69.5125,0.4432],[66.9443,69.513,0.0],[66.9443,69.5182,0.0],[66.9495,69.5193,0.0],[66.9464,69.5224,0.3709],[66.9578,69.5255,0.0],[66.9526,69.5276,0.0],[66.9537,69.5307,0.0],[66.9484,69.5318,0.8221],[66.9437,69.5354,-0.3082],[66.9443,69.5411,0.0],[66.9516,69.5453,0.0],[66.9359,69.5505,0.0],[66.937,69.5557,0.0],[66.9255,69.5589,0.0],[66.9083,69.5667,0.0],[66.8984,69.5672,1.3296],[66.8943,69.5693,0.7678],[66.8917,69.5729,0.0],[66.8818,69.5734,1.0734],[66.887,69.5766,0.0547],[66.8839,69.5776,0.5825],[66.8828,69.5828,0.0],[66.8734,69.587,0.4787],[66.8786,69.588,0.0],[66.8807,69.5901,0.0],[66.8755,69.5932,0.0],[66.8807,69.5943,0.0],[66.8807,69.5974,0.0],[66.8776,69.5995,0.0],[66.8828,69.6016,0.0],[66.8734,69.6047,0.0],[66.8724,69.6078,0.0],[66.8672,69.6099,4.4188],[66.8745,69.6109,0.4243],[66.8755,69.6141,0.1252],[66.8807,69.6151,0.0],[66.8839,69.6203,0.0],[66.8891,69.6214,0.0],[66.8901,69.6286,0.0],[66.8938,69.6312,0.0],[66.9078,69.6307,0.3783],[66.9026,69.6276,0.0],[66.9078,69.6266,1.2055],[66.9083,69.625,5.7543],[66.9078,69.6234,7.2676],[66.9005,69.6224,0.0],[66.8995,69.6193,0.0],[66.888,69.6182,0.0],[66.8875,69.6146,0.0],[66.8896,69.6125,0.0],[66.9208,69.6146,0.0],[66.9375,69.6208,0.0],[66.9521,69.6208,0.0],[66.9563,69.6229,0.0],[66.9646,69.6229,0.0],[66.9688,69.625,0.0],[66.9771,69.625,0.0],[66.9875,69.6292,0.0],[67.0083,69.6312,0.0],[67.0307,69.638,0.0],[67.0307,69.6412,0.0],[67.0276,69.6422,0.0],[67.0266,69.6453,0.0],[67.0172,69.6484,13.9872],[67.0224,69.6505,0.0],[67.0224,69.6536,0.0],[67.013,69.6547,4.9587],[67.012,69.6578,0.0],[67.0042,69.6604,1.4878],[66.9838,69.6609,5.0993],[66.9734,69.6651,3.8626],[66.9734,69.6703,0.0],[66.9755,69.6724,0.0],[66.9807,69.6734,0.0],[66.9818,69.6766,1.2545],[66.9917,69.6771,0.0],[67.0021,69.6813,0.0],[67.0078,69.6818,0.0],[67.0026,69.6839,9.8683],[67.0026,69.687,20.4148],[67.0042,69.6875,10.3944],[67.0125,69.6875,0.0],[67.0229,69.6917,0.0],[67.0563,69.6917,0.0],[67.0604,69.6896,0.0],[67.0682,69.6891,0.0],[67.0693,69.6859,0.0],[67.0734,69.6839,0.0],[67.0891,69.6787,0.0],[67.0901,69.6755,0.0],[67.1354,69.6583,0.0],[67.1417,69.6583,0.0],[67.1458,69.6563,0.0],[67.2125,69.6563,0.0],[67.2229,69.6521,0.0],[67.2312,69.6521,0.0],[67.237,69.6495,0.0],[67.238,69.6464,0.0],[67.2412,69.6453,0.0],[67.2422,69.6401,0.0],[67.2464,69.638,0.0],[67.2562,69.6375,0.0],[67.263,69.6339,0.0],[67.2875,69.6271,0.0],[67.3229,69.6229,0.0],[67.3646,69.6062,0.0],[67.3729,69.6062,0.0],[67.3771,69.6042,0.0],[67.4021,69.6042,0.0],[67.4063,69.6062,0.0],[67.4208,69.6062,0.0],[67.4313,69.6104,1.3552],[67.4583,69.6104,0.0],[67.4625,69.6083,0.0],[67.4667,69.6104,0.0],[67.475,69.6104,0.0],[67.4792,69.6125,0.8508],[67.5,69.6125,0.0],[67.5078,69.6099,0.0],[67.5068,69.6068,0.0],[67.5162,69.6036,0.0],[67.5172,69.6005,0.0],[67.5224,69.5995,0.524],[67.5214,69.5964,0.0],[67.5229,69.5958,0.0],[67.5313,69.5958,0.0],[67.5375,69.5938,0.0],[67.5437,69.5958,1.0567],[67.5521,69.5917,0.0],[67.5646,69.5917,0.6386],[67.5687,69.5896,0.7308],[67.5771,69.5896,8.5488],[67.5813,69.5875,0.0],[67.5938,69.5875,6.8188],[67.6042,69.5833,0.0],[67.6229,69.5833,5.8038],[67.6271,69.5813,0.0],[67.6396,69.5813,0.0],[67.6458,69.5833,11.0926],[67.6578,69.5787,0.0],[67.6589,69.5734,0.0],[67.6682,69.5703,0.973],[67.663,69.5682,0.0],[67.6609,69.5651,0.0],[67.6724,69.5641,0.6071],[67.6713,69.5589,0.0],[67.6833,69.5542,0.0],[67.6932,69.5537,1.1272],[67.6922,69.5484,0.0],[67.6974,69.5474,0.5472],[67.6964,69.5443,0.0],[67.7078,69.5432,0.6038],[67.7089,69.5401,0.0],[67.7146,69.5375,0.0],[67.7229,69.5375,0.4431],[67.7271,69.5354,0.0],[67.7438,69.5333,0.416],[67.7542,69.5292,0.0],[67.7604,69.5292,0.6375],[67.7708,69.525,0.0],[67.7786,69.5245,0.0],[67.7797,69.5214,0.0],[67.7875,69.5208,0.5242],[67.7953,69.5182,0.1178],[67.7963,69.5151,0.0],[67.7995,69.5141,1.7402],[67.8005,69.5089,0.0],[67.8099,69.5057,13.8402],[67.8089,69.5026,0.0],[67.8193,69.4984,0.0],[67.8292,69.4979,1.2797],[67.8375,69.4938,0.0],[67.8458,69.4958,0.7348],[67.85,69.4938,0.0],[67.8625,69.4938,0.0],[67.8667,69.4917,0.0],[67.8729,69.4938,0.9158],[67.9104,69.4938,0.0],[67.9146,69.4917,0.0],[67.9229,69.4917,0.0],[67.9271,69.4896,0.0],[67.9349,69.4891,0.0],[67.9391,69.487,0.0],[67.9401,69.4838,0.0],[67.9557,69.4786,8.6589],[67.9599,69.4766,10.4937],[67.9625,69.4729,0.0],[67.9812,69.4729,0.0],[67.9854,69.4708,0.0],[68.0,69.4708,0.0],[68.0042,69.4729,0.0],[68.0354,69.4729,0.0],[68.0396,69.475,0.0],[68.0495,69.4755,0.0],[68.0526,69.4807,0.0],[68.0641,69.4838,0.0],[68.0641,69.487,0.0],[68.0547,69.4859,0.0],[68.0537,69.4912,0.0],[68.0479,69.4938,0.0],[68.0443,69.4932,0.0],[68.0417,69.4896,0.0],[68.0333,69.4896,0.0],[68.0151,69.4964,13.3237],[68.0162,69.4995,0.0],[68.0109,69.5005,14.5132],[68.0104,69.5021,0.0],[68.013,69.5078,0.0],[68.0182,69.5089,0.0],[68.0229,69.5125,0.0],[68.0328,69.513,0.0],[68.0276,69.5151,0.0],[68.0276,69.5182,0.0],[68.0349,69.5193,0.0],[68.0375,69.5229,0.0],[68.0521,69.5229,0.0],[68.0563,69.525,0.0],[68.0646,69.525,0.0],[68.0687,69.5271,0.0],[68.0771,69.5271,0.0],[68.0813,69.5292,0.0],[68.1021,69.5292,0.0],[68.1047,69.5328,0.0],[68.1083,69.5333,0.0],[68.1099,69.5318,0.0],[68.1078,69.5276,0.0],[68.1026,69.5266,0.0],[68.1005,69.5193,0.0],[68.1083,69.5167,0.0],[68.1162,69.5162,0.0],[68.1172,69.513,0.0],[68.1203,69.512,0.0],[68.1193,69.5068,0.0],[68.1245,69.5057,0.0],[68.1193,69.488,0.0],[68.1245,69.487,0.0],[68.1214,69.4755,0.0],[68.1266,69.4734,0.0],[68.1214,69.4714,0.0],[68.1271,69.4688,0.0],[68.137,69.4682,0.0],[68.1354,69.4646,0.0],[68.1391,69.462,0.0],[68.1396,69.4583,0.0],[68.137,69.4505,0.0],[68.1234,69.4474,0.0],[68.1286,69.4453,0.0],[68.1276,69.4401,0.0],[68.1328,69.4391,0.0],[68.1333,69.4375,0.0],[68.1307,69.4339,0.0],[68.1255,69.4328,0.0],[68.1307,69.4307,0.8377],[68.1286,69.4255,0.0],[68.1234,69.4245,0.0],[68.1214,69.4224,0.0],[68.1266,69.4203,0.0],[68.1214,69.4182,0.0],[68.125,69.4146,0.416],[68.1224,69.4068,0.0],[68.1172,69.4057,0.0],[68.1141,69.3964,0.0],[68.112,69.3943,0.0],[68.1005,69.3912,0.0],[68.1057,69.3891,0.0],[68.1036,69.3839,0.0],[68.0938,69.3833,0.0],[68.0917,69.3812,0.0],[68.0953,69.3786,0.0],[68.0964,69.3755,0.0],[68.1042,69.375,0.0],[68.1104,69.3771,0.0],[68.112,69.3766,0.0],[68.112,69.3734,0.0],[68.1068,69.3724,0.0],[68.1036,69.3672,0.0],[68.0984,69.3662,0.0],[68.0974,69.363,0.0],[68.0922,69.362,0.0],[68.0891,69.3568,0.0],[68.0839,69.3557,0.0],[68.0807,69.3526,9.1872],[68.0708,69.3521,0.0],[68.0604,69.3479,8.5415],[68.0417,69.3479,0.0],[68.037,69.3443,5.4808],[68.0318,69.3432,0.0],[68.0297,69.3339,0.0],[68.0328,69.3328,0.0],[68.0339,69.3276,0.0],[68.037,69.3266,0.0],[68.038,69.3214,0.0],[68.0411,69.3203,5.9698],[68.0422,69.3151,0.0],[68.0453,69.3141,0.0],[68.0443,69.3089,0.0],[68.0495,69.3078,1.8023],[68.0484,69.3026,0.0],[68.0537,69.3016,1.5561],[68.0526,69.2943,0.0],[68.062,69.2911,2.9811],[68.062,69.288,0.0],[68.0563,69.2875,0.0],[68.0547,69.2859,0.0],[68.0661,69.2828,1.0889],[68.0646,69.2792,0.0],[68.0651,69.2755,0.0],[68.0745,69.2724,0.0865],[68.0729,69.2688,0.0],[68.0734,69.2651,5.099],[68.0766,69.2641,7.7597],[68.0776,69.2589,0.0],[68.0849,69.2536,0.0],[68.0859,69.2484,0.0],[68.0891,69.2474,0.0],[68.088,69.2422,0.0],[68.0974,69.2391,0.0],[68.0984,69.2338,0.0],[68.1078,69.2307,0.0],[68.1088,69.2276,0.0],[68.1182,69.2245,16.1115],[68.1109,69.2214,0.0],[68.1203,69.2182,0.0],[68.1214,69.2151,0.0],[68.137,69.2099,16.5537],[68.1359,69.2068,0.0],[68.1412,69.2057,0.0],[68.1453,69.2037,1.1401],[68.1464,69.2005,0.0],[68.1516,69.1995,0.0],[68.1505,69.1964,0.0],[68.1661,69.1911,11.2671],[68.1651,69.188,0.0],[68.1745,69.1849,0.0],[68.1755,69.1818,0.0],[68.1911,69.1766,10.9467],[68.1901,69.1734,0.0],[68.1953,69.1724,0.0],[68.1943,69.1693,0.0],[68.2037,69.1661,0.0],[68.2047,69.163,0.0],[68.2125,69.1604,0.0],[68.2203,69.1599,15.9409],[68.2255,69.1526,0.0],[68.2349,69.1495,0.0],[68.2338,69.1464,0.0],[68.2495,69.1412,11.2598],[68.2536,69.1391,9.8872],[68.2547,69.1359,0.0],[68.2703,69.1307,30.1084],[68.2693,69.1276,0.0],[68.2745,69.1266,0.0],[68.2734,69.1234,0.0],[68.2828,69.1203,0.0],[68.2839,69.1172,0.0],[68.2932,69.1141,0.0],[68.2943,69.1109,0.0],[68.3037,69.1099,0.0],[68.3047,69.1068,0.0],[68.3245,69.0995,0.0],[68.3234,69.0964,0.0],[68.3391,69.0911,0.0],[68.338,69.088,0.0],[68.3536,69.0828,10.4179],[68.3484,69.0797,0.0],[68.3542,69.0771,0.0],[68.3641,69.0766,11.6161],[68.363,69.0734,0.0],[68.3724,69.0703,16.7928],[68.3672,69.0672,0.0],[68.3766,69.0641,0.0],[68.3755,69.0568,0.0],[68.3849,69.0537,0.0],[68.3859,69.0505,0.0],[68.3891,69.0495,0.0],[68.388,69.0443,0.0],[68.3932,69.0432,0.0],[68.388,69.0401,0.0],[68.3958,69.0396,0.0],[68.4078,69.0349,2.5266],[68.4068,69.0297,0.0],[68.412,69.0286,0.0],[68.4125,69.0271,0.0],[68.4109,69.0214,0.0],[68.4141,69.0203,0.0],[68.4151,69.0172,0.0],[68.4203,69.0162,0.0],[68.4193,69.013,0.0],[68.4287,69.0099,0.0],[68.4234,69.0078,0.0],[68.4234,69.0047,0.0],[68.437,68.9995,0.0],[68.438,68.9943,0.0],[68.4422,68.9922,0.0],[68.45,68.9917,0.0],[68.4526,68.988,0.0],[68.462,68.987,3.683],[68.4568,68.9838,0.0],[68.4661,68.9807,0.0],[68.4651,68.9755,0.0],[68.4766,68.9745,0.0],[68.4807,68.9724,0.0],[68.4818,68.9693,0.0],[68.5016,68.962,0.0],[68.5005,68.9589,0.0],[68.5229,68.95,0.0],[68.5292,68.95,0.0],[68.5437,68.9437,0.0],[68.5521,68.9437,0.0],[68.5646,68.9375,0.0],[68.5729,68.9375,0.0],[68.5771,68.9354,0.0],[68.5938,68.9333,0.9207],[68.5979,68.9292,0.0],[68.6146,68.9271,0.0],[68.6188,68.925,0.0],[68.6312,68.925,0.4662],[68.6354,68.9229,0.4428],[68.6438,68.9229,0.5484],[68.6495,68.9203,0.5684],[68.6505,68.9172,0.5064],[68.6563,68.9146,0.0],[68.6646,68.9167,0.6764],[68.6687,68.9146,0.6216],[68.6917,68.9146,0.761],[68.7125,68.9083,0.0],[68.7312,68.9083,0.5971],[68.7354,68.9063,0.0],[68.7479,68.9063,0.9029],[68.7521,68.9042,0.0],[68.7646,68.9042,0.7486],[68.7688,68.9021,0.0],[68.7813,68.9021,0.8551],[68.7917,68.9063,0.6392],[68.8,68.9063,2.2046],[68.8083,68.9021,0.0],[68.8438,68.9021,1.6574],[68.8479,68.9,0.0],[68.8604,68.9042,0.0],[68.8812,68.9042,0.0],[68.8828,68.9057,0.0],[68.8734,68.9089,0.0],[68.8724,68.912,0.0],[68.8693,68.9141,0.0],[68.8833,68.9146,0.6678],[68.8896,68.9187,1.1804],[68.8979,68.9187,0.552],[68.9057,68.9213,0.5723],[68.9083,68.925,3.1958],[68.9167,68.925,0.0],[68.9208,68.9271,3.4011],[68.9354,68.9271,0.0],[68.9396,68.9292,1.1732],[68.9646,68.9292,0.0],[68.9724,68.9318,0.0],[68.975,68.9354,0.081],[68.9958,68.9354,0.0],[69.0,68.9375,0.0],[69.0125,68.9375,0.0],[69.0167,68.9396,0.9632],[69.0375,68.9396,0.0],[69.0417,68.9375,0.0],[69.0479,68.9396,0.558],[69.0521,68.9375,0.0],[69.0583,68.9375,0.0],[69.0599,68.9359,0.0],[69.0547,68.9349,0.0],[69.0537,68.9318,0.0],[69.0422,68.9287,0.0],[69.0401,68.9255,0.0],[69.0729,68.925,0.9722],[69.0771,68.9229,0.0],[69.1,68.9292,1.0374],[69.1083,68.9292,0.0],[69.1125,68.9313,1.3281],[69.1333,68.9313,0.0],[69.1438,68.9354,0.0],[69.1583,68.9354,0.4886],[69.1625,68.9375,0.3489],[69.1703,68.9349,0.3408],[69.1713,68.9318,0.8812],[69.1807,68.9307,-0.3859],[69.1729,68.9271,0.4471],[69.1646,68.9271,0.4729],[69.1542,68.9229,1.1633],[69.138,68.9203,0.0],[69.1359,68.9172,0.0],[69.1729,68.9167,0.0],[69.1745,68.9151,0.0],[69.1604,68.9146,0.0],[69.1563,68.9125,0.0],[69.1521,68.9125,0.0],[69.138,68.9078,0.0],[69.1354,68.9042,1.2464],[69.1271,68.9042,0.0],[69.1229,68.9021,0.0],[69.1146,68.9021,0.0],[69.1104,68.9,0.0],[69.1042,68.9021,0.0],[69.0979,68.8979,0.0],[69.0896,68.8979,0.0],[69.0854,68.8958,0.0],[69.0729,68.8958,0.0],[69.0687,68.8938,0.0],[69.0604,68.8938,0.0],[69.0563,68.8958,0.0],[69.0437,68.8958,0.0],[69.0396,68.8979,0.0],[69.0208,68.8979,0.0],[69.0104,68.8938,0.0],[68.9958,68.8938,0.0],[68.988,68.8912,0.8803],[68.987,68.888,1.2315],[68.9818,68.887,1.2024],[68.9786,68.8839,1.1959],[68.9734,68.8828,0.0],[68.9734,68.8797,0.0],[68.9854,68.875,0.0],[68.9917,68.875,0.0],[68.9958,68.8729,0.0],[69.0021,68.8729,0.0],[69.0167,68.8688,0.0],[69.0479,68.8688,0.9339],[69.0521,68.8667,0.5415],[69.0583,68.8667,0.7751],[69.0703,68.862,0.9832],[69.0693,68.8588,0.0],[69.0771,68.8562,0.0],[69.0849,68.856,0.0],[69.0875,68.8542,0.0],[69.1016,68.856,0.7442],[69.1026,68.8544,0.5917],[69.1078,68.8536,0.3905],[69.1047,68.8422,0.0],[69.1182,68.837,0.8225],[69.1193,68.8339,0.6609],[69.15,68.8333,-0.1662],[69.1516,68.8318,0.9471],[69.1354,68.8313,-0.0516],[69.1276,68.8287,1.005],[69.1266,68.8234,0.5882],[69.113,68.8203,0.0],[69.1109,68.813,0.0],[69.1208,68.8125,0.0],[69.1224,68.8109,0.0],[69.1167,68.8104,0.0],[69.1062,68.8063,2.7636],[69.1,68.8083,0.0],[69.0958,68.8063,0.0],[69.0875,68.8063,0.0],[69.0849,68.8026,4.1228],[69.075,68.8021,0.0],[69.0672,68.7995,0.0],[69.0641,68.7963,0.0],[69.0589,68.7953,0.0],[69.0578,68.7922,0.0],[69.0526,68.7911,0.0],[69.0505,68.7891,0.0],[69.0495,68.7839,0.0],[69.0443,68.7828,0.0],[69.0422,68.7807,0.0],[69.0411,68.7755,0.0],[69.0339,68.7745,0.0],[69.0391,68.7714,0.0],[69.0339,68.7703,0.0],[69.0318,68.7682,0.0],[69.0286,68.7568,0.0],[69.0266,68.7547,0.0],[69.0214,68.7536,0.0],[69.0203,68.7484,0.0],[69.0151,68.7474,0.0],[69.013,68.7453,0.0],[69.0099,68.7338,0.0],[69.0078,68.7318,0.0],[69.0026,68.7307,0.0],[68.9974,68.7151,0.0],[68.9953,68.713,0.0],[68.9901,68.712,0.0],[68.987,68.7026,0.0],[68.9818,68.7016,0.0],[68.9818,68.6984,0.0],[68.9849,68.6974,0.0],[68.9849,68.6943,10.9568],[68.9797,68.6932,0.0],[68.9776,68.6911,0.0],[68.9745,68.6818,0.0],[68.9693,68.6807,0.0],[68.9672,68.6787,0.0],[68.9724,68.6755,0.0],[68.9672,68.6745,0.0],[68.9651,68.6724,0.0],[68.9599,68.6568,0.0],[68.9547,68.6557,0.0],[68.9495,68.6422,0.0],[68.9443,68.6412,0.0],[68.9391,68.6276,0.0],[68.9339,68.6266,0.0],[68.9307,68.6193,0.0],[68.9255,68.6182,0.0],[68.9234,68.6162,0.0],[68.9224,68.6109,0.0],[68.9172,68.6099,0.0],[68.9141,68.6047,0.0],[68.9089,68.6036,0.0],[68.9057,68.5964,0.0],[68.9005,68.5953,0.0],[68.8974,68.588,0.0],[68.8859,68.5849,0.0],[68.8828,68.5755,0.9446],[68.8807,68.5734,1.1288],[68.8755,68.5724,0.0],[68.8745,68.5672,1.3613],[68.8672,68.5661,0.0],[68.8662,68.563,0.0],[68.8609,68.562,0.0],[68.8578,68.5526,2.0478],[68.8464,68.5495,0.0],[68.8432,68.5443,0.0],[68.838,68.5432,0.0],[68.837,68.5401,0.0],[68.8234,68.5349,0.0],[68.8203,68.5255,0.0],[68.8089,68.5224,0.0],[68.8068,68.5203,0.0],[68.8057,68.5151,0.0],[68.7922,68.5099,0.0],[68.7911,68.5068,0.0],[68.7859,68.5057,0.0],[68.7828,68.5005,0.0],[68.7714,68.4974,0.0],[68.7703,68.4922,0.0],[68.7589,68.4891,0.0],[68.7568,68.487,0.0],[68.7557,68.4818,0.0],[68.7443,68.4807,0.0],[68.7474,68.4786,0.0],[68.7474,68.4755,0.0],[68.7422,68.4745,0.0],[68.7412,68.4714,4.4255],[68.7297,68.4682,0.0],[68.7276,68.4661,0.0],[68.7266,68.4609,4.0534],[68.713,68.4557,0.0],[68.712,68.4526,0.0],[68.7068,68.4516,0.0],[68.7057,68.4484,1.5344],[68.6984,68.4474,0.0],[68.6974,68.4443,1.1879],[68.6922,68.4432,0.0],[68.6911,68.4401,1.0142],[68.6797,68.437,0.0],[68.6776,68.4349,0.0],[68.6766,68.4276,0.3685],[68.6651,68.4266,0.0],[68.663,68.4245,0.0],[68.662,68.4172,4.3931],[68.6547,68.4161,0.0],[68.6536,68.413,0.0],[68.6484,68.412,0.0],[68.6474,68.4089,0.0],[68.6422,68.4078,0.0],[68.6391,68.3984,1.5205],[68.6276,68.3953,0.0],[68.6307,68.3922,0.0],[68.6255,68.3912,0.0],[68.6245,68.388,0.0],[68.6193,68.387,0.0],[68.6162,68.3839,0.0],[68.6109,68.3828,0.0],[68.6099,68.3797,0.0],[68.6047,68.3786,0.0],[68.6078,68.3766,0.0],[68.6078,68.3734,1.4206],[68.6026,68.3724,1.2391],[68.6016,68.3693,1.1246],[68.5964,68.3682,0.0],[68.5932,68.3651,0.0],[68.588,68.3641,0.0],[68.588,68.3609,0.0],[68.5911,68.3588,0.1513],[68.5859,68.3578,0.0],[68.5839,68.3484,0.539],[68.5891,68.3464,0.2814],[68.5839,68.3453,0.2613],[68.5818,68.3432,0.2261],[68.5813,68.3396,0.0],[68.5818,68.338,0.2362],[68.5891,68.3349,0.1488],[68.5839,68.3318,0.5885],[68.5891,68.3297,0.483],[68.5839,68.3287,0.5104],[68.5818,68.3234,0.0],[68.587,68.3224,0.1679],[68.5859,68.3193,0.0],[68.6042,68.3125,0.0],[68.6312,68.3125,0.0],[68.6328,68.312,0.6206],[68.6328,68.3089,0.2596],[68.6276,68.3078,0.2966],[68.625,68.3042,0.0917],[68.6062,68.3042,0.0],[68.6021,68.3021,0.6358],[68.5938,68.3021,0.0],[68.5896,68.3,0.7649],[68.5755,68.2995,0.0],[68.5724,68.2943,0.0],[68.5609,68.2932,0.0],[68.5599,68.288,0.0],[68.5484,68.2849,0.0],[68.5453,68.2797,0.0],[68.5339,68.2766,0.0],[68.5313,68.2708,0.0],[68.5313,68.2667,0.0],[68.5318,68.2651,0.0],[68.5396,68.2646,0.0],[68.5437,68.2625,0.0],[68.5604,68.2625,0.6656],[68.5646,68.2604,0.0],[68.5921,68.2572,0.0],[68.6074,68.2522,0.0],[68.587,68.2522,1.2443],[68.58,68.2539,1.1697],[68.5875,68.2122,1.6825],[68.6712,68.1561,9.2078],[68.7084,68.1029,11.6477],[68.717,68.0755,13.88],[68.6643,68.0571,13.8841],[68.6393,68.0411,10.5192],[68.6897,68.0054,22.0885],[68.9342,67.9231,40.1655],[69.1539,67.7983,51.6486],[69.2976,67.6684,43.6863],[69.4062,67.44,20.8682],[69.4895,67.2468,32.5763],[69.5058,67.0442,5.9958],[69.4654,66.8684,0.5],[69.4781,66.8438,0.0],[69.5016,66.845,2.9186],[69.5198,66.8426,2.8222],[69.5387,66.8356,1.8178],[69.5774,66.8323,2.6282],[69.6001,66.8241,2.6907],[69.657,66.8098,3.2342],[69.6915,66.8069,2.911],[69.7264,66.8091,2.2004],[69.7802,66.808,1.9304],[69.7959,66.8091,2.5442]]],
[[[70.2328,72.888,0.0],[70.2312,72.8896,0.0],[70.2255,72.8891,0.0],[70.2271,72.8875,0.0],[70.2328,72.888,0.0]]],
[[[69.7672,66.7797,0.0],[69.763,66.7807,0.0],[69.7609,66.7776,0.0],[69.7703,66.7776,0.0],[69.7672,66.7797,0.0]]],
[[[69.9229,66.8313,0.0],[69.9151,66.8307,0.0],[69.9151,66.8276,0.0],[69.9245,66.8297,0.0],[69.9229,66.8313,0.0]]],
[[[69.9521,66.8375,0.0],[69.9484,66.837,0.0],[69.9464,66.8318,0.0],[69.9516,66.8318,0.0],[69.9526,66.8349,0.0],[69.9578,66.8359,0.0],[69.9563,66.8375,0.0],[69.9521,66.8375,0.0]]],
[[[69.9057,66.838,0.0],[69.9057,66.8411,0.0],[69.9026,66.8411,0.0],[69.9026,66.838,0.0],[69.9057,66.838,0.0]]],
[[[69.5407,66.7999,2.7086],[69.553,66.7931,3.7494],[69.5569,66.7873,2.963],[69.5699,66.7827,1.8502],[69.5828,66.7828,0.0],[69.5776,66.7797,0.0],[69.5875,66.775,0.0],[69.6016,66.7745,0.0],[69.6005,66.7714,0.0],[69.6141,66.7682,2.9753],[69.6151,66.763,0.0],[69.6208,66.7625,0.0],[69.6312,66.7583,0.0],[69.6375,66.7583,2.5343],[69.6458,66.7542,0.0],[69.6521,66.7542,0.0],[69.6599,66.7568,0.0],[69.6583,66.7583,0.0],[69.6505,66.7589,2.1401],[69.6521,66.7604,0.0],[69.6583,66.7604,0.0],[69.6687,66.7646,0.0],[69.675,66.7625,0.0],[69.6813,66.7646,2.1526],[69.6854,66.7625,0.0],[69.6958,66.7625,0.0],[69.7037,66.7651,0.0],[69.7047,66.7682,0.0],[69.7125,66.7708,1.6253],[69.7208,66.7708,0.0],[69.7286,66.7755,2.059],[69.7271,66.7771,1.3472],[69.7146,66.7771,2.1505],[69.712,66.7734,1.5368],[69.7042,66.7729,0.0],[69.6922,66.7776,0.0],[69.6974,66.7807,2.1419],[69.688,66.7818,2.2992],[69.6797,66.7859,2.0559],[69.6702,66.7936,0.0],[69.6628,66.7954,0.0],[69.6446,66.7916,0.0],[69.5928,66.7958,2.3457],[69.5693,66.8014,3.0216],[69.5428,66.8026,3.1342],[69.5407,66.7999,2.7086]]],
[[[69.7313,66.7956,2.1652],[69.7108,66.8025,2.4841],[69.6951,66.8044,1.9528],[69.6836,66.8018,1.8022],[69.6846,66.7984,1.3367],[69.7007,66.7864,1.7551],[69.7125,66.7833,0.0],[69.7333,66.7833,1.3302],[69.7471,66.7875,0.0],[69.7313,66.7956,2.1652]]],
[[[69.6388,66.7992,0.0],[69.5973,66.8176,0.0],[69.5592,66.831,0.0],[69.5013,66.834,3.3521],[69.481,66.8381,1.708],[69.4952,66.8104,0.0],[69.5021,66.8083,0.0],[69.5146,66.8083,1.7215],[69.5188,66.8063,0.0],[69.5539,66.8063,0.0],[69.591,66.7988,0.0],[69.6296,66.7976,1.9614],[69.6388,66.7992,0.0]]],
[[[69.45,72.8458,2.1595],[69.4516,72.8474,2.2159],[69.4464,72.8474,1.9873],[69.4464,72.8464,2.1404],[69.45,72.8458,2.1595]]],
[[[69.4313,72.8562,2.098],[69.4375,72.8542,1.9617],[69.4411,72.8547,2.0258],[69.4354,72.8583,2.1447],[69.4292,72.8583,2.2208],[69.4292,72.8562,2.0129],[69.4313,72.8562,2.098]]],
[[[69.5708,72.8729,0.9993],[69.5729,72.8729,1.0803],[69.5729,72.875,0.8846],[69.5672,72.8745,0.8871],[69.5672,72.8734,1.0979],[69.5708,72.8729,0.9993]]],
[[[69.5687,72.8854,1.1284],[69.5604,72.8854,0.9178],[69.5589,72.8839,1.0551],[69.5703,72.8839,1.0085],[69.5687,72.8854,1.1284]]],
[[[69.4318,72.887,1.755],[69.4287,72.8839,1.7191],[69.4234,72.8839,1.865],[69.4266,72.8912,1.8419],[69.4208,72.8917,1.8121],[69.4083,72.8875,1.8997],[69.3979,72.8875,1.7818],[69.3964,72.8859,1.9276],[69.4187,72.8833,1.7961],[69.4266,72.8807,1.9233],[69.4292,72.8771,1.8186],[69.4354,72.8792,1.8657],[69.4479,72.8792,1.8098],[69.4516,72.8839,1.7173],[69.45,72.8854,1.7373],[69.4318,72.887,1.755]]],
[[[69.5708,72.8875,0.9218],[69.5724,72.8891,1.0645],[69.5672,72.8891,1.0788],[69.5672,72.888,1.3345],[69.5708,72.8875,0.9218]]],
[[[69.4901,72.8891,1.5531],[69.4958,72.8896,1.4935],[69.4974,72.8912,1.4848],[69.4854,72.8938,1.5286],[69.4755,72.8912,1.6697],[69.4734,72.8859,1.5598],[69.4854,72.8833,1.4552],[69.4901,72.8891,1.5531]]],
[[[69.4786,72.8943,1.5518],[69.4771,72.8958,1.5132],[69.4714,72.8953,1.5893],[69.4729,72.8938,1.5609],[69.4786,72.8943,1.5518]]],
[[[69.6391,72.9026,1.1287],[69.6375,72.9042,1.2827],[69.6318,72.9036,1.1644],[69.6333,72.9021,1.1071],[69.6391,72.9026,1.1287]]],
[[[69.3208,72.8458,1.5853],[69.3063,72.8458,1.1309],[69.3021,72.8479,1.3539],[69.2901,72.8474,0.0],[69.2953,72.8453,1.2636],[69.2943,72.8401,1.4634],[69.2995,72.838,1.1931],[69.2974,72.8339,1.2852],[69.2901,72.8328,1.246],[69.288,72.8297,1.5014],[69.2937,72.8292,1.0844],[69.3037,72.8318,1.2637],[69.3068,72.837,1.4179],[69.3167,72.8396,1.5011],[69.3229,72.8375,1.6358],[69.3266,72.838,1.6505],[69.3229,72.8417,1.7048],[69.3245,72.8453,1.7735],[69.3208,72.8458,1.5853]]],
[[[69.4104,72.8479,2.7778],[69.4026,72.8474,2.8275],[69.4026,72.8443,2.746],[69.4161,72.8443,2.2845],[69.4161,72.8474,2.2059],[69.4104,72.8479,2.7778]]],
[[[69.3583,72.8458,2.0406],[69.3604,72.8458,2.0329],[69.3604,72.8479,2.1776],[69.3547,72.8474,2.1409],[69.3547,72.8464,2.1001],[69.3583,72.8458,2.0406]]],
[[[69.3214,72.8536,1.2666],[69.3224,72.8557,1.3716],[69.3208,72.8562,1.3716],[69.3125,72.8562,1.2843],[69.3083,72.8583,1.3521],[69.3026,72.8578,0.0],[69.3167,72.8521,1.4884],[69.3214,72.8536,1.2666]]],
[[[69.3307,72.8568,1.5382],[69.3292,72.8583,1.5382],[69.3234,72.8578,1.3532],[69.325,72.8562,1.3106],[69.3307,72.8568,1.5382]]],
[[[69.3542,72.8667,1.6111],[69.3505,72.8662,1.5994],[69.3484,72.8641,1.5855],[69.3484,72.8609,1.6399],[69.3521,72.8604,1.9052],[69.3557,72.863,1.7899],[69.3557,72.8662,1.6149],[69.3542,72.8667,1.6111]]],
[[[69.3396,72.8646,1.3876],[69.3411,72.8662,1.5155],[69.3359,72.8662,1.4592],[69.3359,72.8651,1.4784],[69.3396,72.8646,1.3876]]],
[[[69.3479,72.8667,1.4309],[69.3495,72.8682,1.4972],[69.3443,72.8682,1.578],[69.3443,72.8672,1.4625],[69.3479,72.8667,1.4309]]],
[[[69.3604,72.8688,1.7171],[69.3667,72.8667,1.8391],[69.3703,72.8672,1.865],[69.3646,72.8708,1.6532],[69.3588,72.8703,1.6493],[69.3604,72.8688,1.7171]]],
[[[69.3417,72.8688,1.3364],[69.3432,72.8703,1.2862],[69.338,72.8703,1.2701],[69.338,72.8693,1.5238],[69.3417,72.8688,1.3364]]],
[[[69.3354,72.8708,1.2375],[69.337,72.8724,1.3474],[69.3271,72.8729,0.9487],[69.3229,72.875,0.0],[69.3193,72.8745,0.0],[69.3172,72.8724,0.0],[69.3187,72.8708,0.6297],[69.3354,72.8708,1.2375]]],
[[[69.3417,72.8812,1.1433],[69.3432,72.8828,1.1885],[69.338,72.8828,1.4085],[69.338,72.8818,0.9786],[69.3417,72.8812,1.1433]]],
[[[69.35,72.8833,1.2297],[69.3516,72.8849,1.0937],[69.3464,72.8849,1.2685],[69.3464,72.8839,1.3046],[69.35,72.8833,1.2297]]],
[[[69.3745,72.8984,1.4206],[69.3729,72.9,1.3852],[69.3609,72.9005,1.2046],[69.362,72.9036,1.0613],[69.3604,72.9042,1.1896],[69.3547,72.9036,1.5037],[69.3536,72.9005,1.1924],[69.3464,72.8995,0.0],[69.3516,72.8964,1.0763],[69.3495,72.8922,1.3541],[69.3422,72.8912,0.6999],[69.3401,72.8891,1.2876],[69.3401,72.8859,1.4326],[69.3521,72.8875,1.2223],[69.3562,72.8854,1.3301],[69.3599,72.8859,1.3516],[69.362,72.8891,1.2381],[69.3568,72.8912,1.3403],[69.3625,72.8917,1.2341],[69.3641,72.8932,1.5217],[69.3588,72.8943,1.4611],[69.3588,72.8974,1.0751],[69.3745,72.8984,1.4206]]],
[[[69.3604,72.9063,1.1882],[69.3703,72.9068,1.2056],[69.3766,72.9182,1.2749],[69.3729,72.9187,0.9855],[69.3682,72.9151,1.4817],[69.3526,72.912,0.0],[69.3578,72.9099,0.0],[69.3604,72.9063,1.1882]]],
[[[69.3771,72.9208,1.181],[69.3786,72.9224,1.2337],[69.3734,72.9224,1.2262],[69.3734,72.9213,1.2771],[69.3771,72.9208,1.181]]],
[[[71.1609,66.5266,0.7572],[71.1583,66.525,0.9339],[71.1438,66.5292,0.0],[71.1375,66.5292,0.0],[71.1354,66.5271,0.9987],[71.1359,66.5255,1.4927],[71.1438,66.525,1.2873],[71.1521,66.5208,0.0],[71.1583,66.5208,0.0],[71.1625,66.5229,1.4005],[71.1687,66.5208,0.0],[71.1766,66.5234,0.0],[71.175,66.525,0.0],[71.1609,66.5266,0.7572]]],
[[[71.1708,66.5354,1.6158],[71.1651,66.5349,0.0],[71.163,66.5328,1.5874],[71.163,66.5297,0.0],[71.1771,66.5292,0.0],[71.1813,66.5313,1.2314],[71.1937,66.5313,1.2294],[71.1958,66.5333,0.8921],[71.1937,66.5354,0.0],[71.1708,66.5354,1.6158]]],
[[[71.1229,66.5583,1.1148],[71.1062,66.5583,1.3347],[71.1021,66.5604,0.0],[71.0958,66.5604,0.0],[71.0917,66.5583,1.2402],[71.0875,66.5604,0.0],[71.0604,66.5604,0.0],[71.0563,66.5583,1.6669],[71.0375,66.5563,0.0],[71.0172,66.5495,0.0],[71.0151,66.5422,0.0],[71.0245,66.5411,1.4574],[71.0354,66.5354,0.0],[71.0687,66.5354,0.0],[71.0766,66.538,0.0],[71.0792,66.5437,0.0],[71.0714,66.5495,1.1228],[71.1,66.5479,0.4586],[71.1016,66.5484,0.8037],[71.1026,66.5537,0.9035],[71.1104,66.5563,0.8127],[71.1167,66.5542,0.0],[71.1229,66.5542,0.0],[71.1307,66.5568,1.2374],[71.1292,66.5583,0.0],[71.1229,66.5583,1.1148]]],
[[[71.1797,66.562,0.0],[71.1797,66.5609,0.0],[71.1828,66.5609,0.0],[71.1828,66.562,0.0],[71.1797,66.562,0.0]]],
[[[70.118,66.5107,0.0],[70.1203,66.5109,0.0],[70.1203,66.512,0.0],[70.1172,66.512,0.0],[70.118,66.5107,0.0]]],
[[[70.425,66.525,0.0],[70.4287,66.5255,0.0],[70.4287,66.5266,0.0],[70.4234,66.5266,0.0],[70.425,66.525,0.0]]],
[[[70.3922,66.5526,0.0],[70.4,66.5521,1.1725],[70.4016,66.5537,1.0565],[70.3938,66.5563,1.1905],[70.3818,66.5557,1.9996],[70.3833,66.5542,1.925],[70.3896,66.5542,1.7444],[70.3922,66.5526,0.0]]],
[[[70.163,66.6099,0.0],[70.163,66.6088,0.0],[70.1661,66.6088,0.0],[70.1661,66.6099,0.0],[70.163,66.6099,0.0]]],
[[[71.1224,66.563,0.0],[71.1208,66.5646,1.2877],[71.113,66.5641,1.3312],[71.1146,66.5625,0.0],[71.1224,66.563,0.0]]],
[[[71.1979,66.5646,1.5355],[71.2016,66.5651,1.3944],[71.2016,66.5661,1.1227],[71.1964,66.5661,1.5885],[71.1979,66.5646,1.5355]]],
[[[71.1083,66.5667,0.6486],[71.0979,66.5667,0.8606],[71.0964,66.5651,1.4425],[71.112,66.5651,0.0],[71.1083,66.5667,0.6486]]],
[[[71.3068,66.5661,0.0],[71.3068,66.5651,0.0],[71.3099,66.5651,0.0],[71.3099,66.5661,0.0],[71.3068,66.5661,0.0]]],
[[[71.3354,66.5667,0.0],[71.3292,66.5687,0.0],[71.3271,66.5667,0.0],[71.3292,66.5646,0.0],[71.337,66.5651,0.0],[71.3354,66.5667,0.0]]],
[[[71.3057,66.5672,0.0],[71.3042,66.5687,0.0],[71.2963,66.5682,0.0],[71.2979,66.5667,0.0],[71.3057,66.5672,0.0]]],
[[[71.3792,66.5854,0.0],[71.3714,66.5849,0.0],[71.3693,66.5818,0.0],[71.3849,66.5839,0.0],[71.3833,66.5854,0.0],[71.3792,66.5854,0.0]]],
[[[71.3708,66.5875,0.0],[71.3766,66.5911,0.9549],[71.3667,66.5938,0.0],[71.3542,66.5938,0.0],[71.35,66.5917,1.5305],[71.3271,66.5917,0.0],[71.3229,66.5896,0.0],[71.3104,66.5896,0.0],[71.3063,66.5875,1.1454],[71.2937,66.5875,0.0],[71.2922,66.5859,0.0],[71.2974,66.5849,1.5121],[71.2963,66.5818,0.0],[71.3042,66.5813,1.6354],[71.3083,66.5792,0.0],[71.3354,66.5792,0.0],[71.3396,66.5813,1.6098],[71.3521,66.5813,0.0],[71.3547,66.5849,0.8417],[71.3625,66.5875,0.0],[71.3708,66.5875,0.0]]],
[[[71.5771,66.6687,0.0],[71.5807,66.6693,0.0],[71.5807,66.6703,0.0],[71.5755,66.6703,1.0232],[71.5771,66.6687,0.0]]],
[[[71.6693,66.7495,0.0],[71.6693,66.7484,0.0],[71.6724,66.7484,0.0],[71.6724,66.7495,0.0],[71.6693,66.7495,0.0]]],
[[[71.6646,66.75,0.0],[71.6682,66.7505,0.0],[71.6682,66.7516,0.0],[71.663,66.7516,0.0],[71.6646,66.75,0.0]]],
[[[71.5396,66.8021,0.0],[71.5359,66.8047,0.0],[71.537,66.8078,0.0],[71.5318,66.8089,1.3578],[71.5328,66.8141,0.0],[71.5229,66.8187,0.0],[71.5193,66.8182,0.0],[71.5172,66.8109,0.0],[71.5203,66.8099,1.2221],[71.5214,66.8047,0.0],[71.5245,66.8037,0.0],[71.5234,66.8005,0.0],[71.5286,66.7995,0.6574],[71.5396,66.7937,0.0],[71.5432,66.7974,0.0],[71.5401,66.7984,1.3521],[71.5396,66.8021,0.0]]],
[[[71.5755,66.8099,0.0],[71.5755,66.8089,0.0],[71.5787,66.8089,0.0],[71.5787,66.8099,0.0],[71.5755,66.8099,0.0]]],
[[[71.7328,66.812,0.0],[71.725,66.8125,0.0],[71.7229,66.8104,0.0],[71.725,66.8083,0.0],[71.7312,66.8083,0.0],[71.7328,66.8089,0.0],[71.7328,66.812,0.0]]],
[[[71.5646,66.8208,0.0],[71.563,66.8203,0.0],[71.563,66.8172,0.0],[71.5672,66.8151,0.0],[71.5703,66.8151,0.0],[71.5724,66.8172,0.0],[71.5724,66.8203,0.0],[71.5646,66.8208,0.0]]],
[[[71.5172,66.8224,0.0],[71.5172,66.8214,0.0],[71.5203,66.8214,0.0],[71.5203,66.8224,0.0],[71.5172,66.8224,0.0]]],
[[[71.588,66.8432,0.0],[71.588,66.8422,0.0],[71.5911,66.8422,0.0],[71.5911,66.8432,0.0],[71.588,66.8432,0.0]]],
[[[71.5578,66.8641,0.0],[71.55,66.8646,1.1819],[71.5484,66.863,0.8107],[71.5563,66.8625,1.037],[71.5578,66.8641,0.0]]],
[[[71.8495,66.8766,0.0],[71.8443,66.8766,0.0],[71.8422,66.8714,0.0],[71.8474,66.8714,0.0],[71.8495,66.8766,0.0]]],
[[[71.6062,66.8771,0.0],[71.6047,66.8755,0.0],[71.6125,66.8729,0.0],[71.6141,66.8734,0.0],[71.6162,66.8786,0.0],[71.6125,66.8792,0.0],[71.6062,66.8771,0.0]]],
[[[71.5839,66.8766,0.0],[71.5849,66.8786,0.0],[71.5833,66.8792,0.0],[71.5797,66.8786,0.0],[71.5792,66.8771,0.0],[71.5813,66.875,0.0],[71.5839,66.8766,0.0]]],
[[[71.7146,66.8812,0.0],[71.7,66.8833,0.7333],[71.6958,66.8854,0.9964],[71.6854,66.8854,1.115],[71.6813,66.8833,1.015],[71.6729,66.8833,0.0],[71.6651,66.8807,0.0],[71.663,66.8755,0.0],[71.6813,66.8729,0.0],[71.6854,66.8708,0.0],[71.6896,66.8729,0.0],[71.6979,66.8729,0.0],[71.7083,66.8771,0.0],[71.7146,66.8771,0.0],[71.7182,66.8797,0.0],[71.7146,66.8812,0.0]]],
[[[71.5917,66.8771,0.0],[71.5953,66.8776,0.0],[71.5953,66.8786,0.0],[71.5901,66.8786,0.0],[71.5917,66.8771,0.0]]],
[[[71.8547,66.8786,0.0],[71.8557,66.8807,0.0],[71.8542,66.8812,0.0],[71.8505,66.8807,0.0],[71.85,66.8792,0.0],[71.8521,66.8771,0.0],[71.8547,66.8786,0.0]]],
[[[72.1667,67.2521,0.0],[72.1708,67.2521,0.6957],[72.1724,67.2536,0.5765],[72.163,67.2547,0.0],[72.1604,67.2583,1.0708],[72.1526,67.2578,0.2671],[72.1526,67.2547,1.0716],[72.1568,67.2526,0.0],[72.1667,67.2521,0.0]]],
[[[72.5271,67.3583,0.0],[72.5307,67.3588,0.0],[72.5307,67.3599,0.0],[72.5255,67.3599,0.0],[72.5271,67.3583,0.0]]],
[[[73.0995,67.6964,1.5584],[73.0943,67.6953,0.0],[73.0922,67.6932,0.0],[73.0922,67.6901,0.5847],[73.1016,67.6901,0.0],[73.1026,67.6932,0.0],[73.1078,67.6943,0.0],[73.1099,67.6964,0.0],[73.1162,67.7099,0.0],[73.113,67.7109,0.0],[73.112,67.7141,0.0],[73.1088,67.7161,0.0],[73.1141,67.7182,0.0],[73.1083,67.7208,0.0],[73.1021,67.7208,0.0],[73.0984,67.7182,0.0],[73.1062,67.7104,0.5343],[73.1036,67.7068,0.0],[73.0984,67.7057,0.0],[73.0964,67.7037,0.0],[73.0964,67.7005,0.0],[73.0995,67.6995,0.0],[73.0995,67.6964,1.5584]]],
[[[73.1182,67.7391,0.0],[73.1151,67.7391,0.0],[73.113,67.737,0.0],[73.113,67.7338,0.0],[73.1224,67.7359,0.0],[73.1182,67.7391,0.0]]],
[[[73.1125,67.7396,0.0],[73.1141,67.7412,0.0],[73.1088,67.7412,0.0],[73.1088,67.7401,0.0],[73.1125,67.7396,0.0]]],
[[[73.1224,67.7443,0.0],[73.1224,67.7474,0.0],[73.1172,67.7474,0.0],[73.1172,67.7443,0.0],[73.1224,67.7443,0.0]]],
[[[73.0729,68.7208,2.0553],[73.075,68.7208,1.954],[73.075,68.7229,0.0],[73.0693,68.7224,1.8226],[73.0693,68.7214,0.4573],[73.0729,68.7208,2.0553]]],
[[[73.0641,68.7234,1.5748],[73.0625,68.725,0.0],[73.0563,68.725,1.7768],[73.0542,68.7229,0.2041],[73.0625,68.7229,-0.0566],[73.0641,68.7234,1.5748]]],
[[[72.4958,69.1667,0.0],[72.4995,69.1672,0.0],[72.4995,69.1682,0.0],[72.4943,69.1682,0.0],[72.4958,69.1667,0.0]]],
[[[72.4854,69.3979,0.0],[72.4891,69.3984,0.0],[72.4891,69.3995,0.0],[72.4833,69.4,0.0],[72.4854,69.3979,0.0]]],
[[[72.5083,70.0458,1.5643],[72.5026,70.0453,1.1363],[72.5005,70.0432,1.4529],[72.5005,70.0401,1.7126],[72.5042,70.0396,0.558],[72.5146,70.0437,0.9716],[72.5203,70.0443,0.0],[72.5188,70.0458,0.0],[72.5083,70.0458,1.5643]]],
[[[72.5328,70.0568,2.079],[72.5188,70.0583,1.1534],[72.5146,70.0625,2.4749],[72.5109,70.062,2.1018],[72.5104,70.0604,1.3559],[72.5141,70.0578,1.6296],[72.513,70.0526,0.673],[72.5188,70.05,2.0366],[72.5271,70.05,0.0],[72.537,70.0526,0.0],[72.5391,70.0578,1.2986],[72.5354,70.0583,2.2423],[72.5328,70.0568,2.079]]],
[[[71.6401,66.8953,0.0],[71.6495,66.8964,0.4417],[71.6495,66.8995,0.9011],[71.6396,66.9042,0.7349],[71.6125,66.9042,0.0],[71.6083,66.9,0.0],[71.6088,66.8984,0.0],[71.6167,66.8979,0.6514],[71.625,66.8938,0.0],[71.6375,66.8938,0.0],[71.6401,66.8953,0.0]]],
[[[71.4521,66.9313,0.0],[71.4557,66.9318,0.0],[71.4557,66.9328,0.0],[71.4505,66.9328,0.0],[71.4521,66.9313,0.0]]],
[[[72.0297,71.587,2.8427],[72.0396,71.5833,2.5982],[72.0411,71.5839,2.3541],[72.0432,71.5891,2.7868],[72.0333,71.5896,2.8713],[72.0297,71.587,2.8427]]],
[[[72.0729,72.8208,1.3093],[72.0766,72.8214,1.6059],[72.0766,72.8224,0.0],[72.0714,72.8224,1.5374],[72.0729,72.8208,1.3093]]],
[[[71.3089,66.6318,1.1931],[71.3141,66.6349,0.0],[71.3042,66.6375,0.0],[71.2958,66.6375,0.0],[71.2917,66.6354,1.6557],[71.2839,66.6349,0.7839],[71.2896,66.6312,0.0],[71.3,66.6312,1.205],[71.3042,66.6292,0.0],[71.312,66.6297,0.0],[71.3089,66.6318,1.1931]]],
[[[71.425,66.8875,0.0],[71.4208,66.8854,0.383],[71.4063,66.8917,0.0],[71.4021,66.8896,1.0767],[71.3792,66.8896,0.0],[71.3745,66.8859,1.3702],[71.3667,66.8854,0.0],[71.3588,66.8828,0.0],[71.3557,66.8797,0.0],[71.3464,66.8766,0.0],[71.3432,66.8734,1.1604],[71.338,66.8724,0.0],[71.3484,66.8672,0.0],[71.3583,66.8646,0.0],[71.3667,66.8667,1.1665],[71.3708,66.8646,0.0],[71.3771,66.8646,0.0],[71.3812,66.8667,0.0],[71.3938,66.8667,0.0],[71.4083,66.8708,1.042],[71.4161,66.8703,0.0],[71.4172,66.8672,0.0],[71.4203,66.8662,0.0],[71.4187,66.8646,0.0],[71.4125,66.8646,1.4272],[71.4083,66.8667,0.0],[71.4021,66.8667,0.0],[71.3979,66.8646,1.0568],[71.3896,66.8646,0.0],[71.3854,66.8625,1.6242],[71.3729,66.8625,0.0],[71.3688,66.8604,1.4855],[71.3609,66.8599,0.0],[71.3562,66.8562,2.6074],[71.3396,66.8562,0.0],[71.3354,66.8542,1.2919],[71.275,66.8542,1.6463],[71.2651,66.8568,0.0],[71.2625,66.8604,0.7639],[71.2562,66.8604,1.3822],[71.2521,66.8625,0.0],[71.2354,66.8625,0.0],[71.2125,66.8542,0.0],[71.2063,66.8542,0.0],[71.1984,66.8516,0.0],[71.1974,66.8484,1.3511],[71.1922,66.8474,0.0],[71.1953,66.8443,0.0],[71.1839,66.8411,0.0],[71.1807,66.8359,1.6967],[71.1713,66.8349,0.0],[71.1703,66.8318,0.0],[71.1568,66.8266,0.0],[71.1557,66.8234,0.0],[71.1417,66.8187,0.0],[71.1354,66.8187,0.0],[71.125,66.8146,0.0],[71.1188,66.8167,0.0],[71.1146,66.8146,1.4163],[71.1062,66.8146,0.0],[71.0995,66.8109,0.7003],[71.0818,66.8057,0.0],[71.0807,66.8026,1.0087],[71.0729,66.8,0.0],[71.0604,66.8,0.0],[71.0563,66.7979,2.7627],[71.0271,66.7979,0.0],[71.0229,66.7958,1.9279],[71.0062,66.7958,1.542],[71.0021,66.7979,0.0],[70.9854,66.7979,1.5327],[70.9812,66.8,1.4481],[70.9771,66.7979,2.4746],[70.9437,66.7979,2.3033],[70.9396,66.8,0.0],[70.9276,66.8005,0.0],[70.925,66.8042,1.1898],[70.9146,66.8042,1.2135],[70.9104,66.8063,0.0],[70.9042,66.8063,0.0],[70.8979,66.8042,1.6709],[70.8833,66.8083,0.0],[70.8792,66.8063,0.0],[70.8708,66.8063,0.0],[70.863,66.8037,0.0],[70.862,66.8005,1.5024],[70.8542,66.8,0.0],[70.8495,66.7963,1.7027],[70.8401,66.7953,0.0],[70.837,66.7901,1.584],[70.8318,66.7891,0.0],[70.8349,66.787,0.0],[70.8349,66.7839,0.0],[70.8255,66.7828,0.0],[70.8193,66.7807,0.0],[70.8182,66.7776,0.0],[70.813,66.7766,0.0],[70.8161,66.7734,0.8294],[70.8089,66.7682,0.0],[70.8078,66.7651,0.0],[70.8,66.7625,1.0493],[70.7937,66.7646,0.0],[70.7667,66.7646,0.0],[70.7625,66.7625,0.0],[70.7547,66.762,0.0],[70.7516,66.7568,0.0],[70.7401,66.7536,0.0],[70.737,66.7422,1.8094],[70.7318,66.7412,0.0],[70.7292,66.7354,0.0],[70.7312,66.7333,0.0],[70.7432,66.7328,0.0],[70.7432,66.7297,0.0],[70.7333,66.7292,0.0],[70.7292,66.7271,0.0],[70.7167,66.7271,0.0],[70.7146,66.725,1.5279],[70.7151,66.7214,0.0],[70.7266,66.7161,0.9647],[70.7276,66.713,0.0],[70.7307,66.712,0.0],[70.7307,66.7089,0.0],[70.7271,66.7083,0.0],[70.7188,66.7125,0.0],[70.6771,66.7125,1.3337],[70.6729,66.7146,1.3192],[70.6667,66.7146,0.0],[70.6625,66.7125,1.696],[70.6542,66.7125,0.0],[70.6516,66.7089,0.0],[70.6464,66.7078,0.0],[70.6453,66.7047,0.0],[70.6401,66.7037,0.0],[70.637,66.6984,0.0],[70.6255,66.6953,0.0],[70.6245,66.6901,0.0],[70.6193,66.6891,0.0],[70.6188,66.6875,2.1906],[70.6193,66.6859,0.0],[70.6276,66.6818,0.0],[70.6438,66.6792,3.0323],[70.6625,66.6729,0.0],[70.675,66.6729,0.0],[70.6792,66.6708,0.0],[70.6896,66.6708,0.0],[70.7042,66.6667,0.0],[70.7188,66.6667,1.5289],[70.7229,66.6646,0.0],[70.7292,66.6646,0.0],[70.7354,66.6667,1.8078],[70.7396,66.6646,0.0],[70.7458,66.6646,1.2481],[70.7526,66.6609,1.0138],[70.7599,66.6599,0.9317],[70.7609,66.6568,0.0],[70.7703,66.6557,1.741],[70.7693,66.6526,0.0],[70.7708,66.6521,0.0],[70.7771,66.6521,0.0],[70.7813,66.65,0.0],[70.7917,66.65,1.5863],[70.7958,66.6479,0.0],[70.8125,66.6458,1.4953],[70.8208,66.6417,0.0],[70.8287,66.6412,2.1496],[70.8276,66.638,0.0],[70.837,66.637,2.4506],[70.8396,66.6333,0.0],[70.8438,66.6333,0.0],[70.8479,66.6312,0.0],[70.8604,66.6312,1.2098],[70.8729,66.6271,0.0],[70.8912,66.6245,0.0],[70.8901,66.6214,0.0],[70.8995,66.6182,2.3826],[70.8984,66.6151,0.0],[70.9036,66.6141,0.0],[70.9146,66.6083,0.0],[70.925,66.6083,1.9849],[70.9292,66.6062,0.0],[70.9458,66.6042,1.7569],[70.9583,66.6,0.0],[70.9646,66.6,2.2466],[70.9771,66.5938,0.0],[70.9896,66.5938,1.5349],[70.9938,66.5917,0.0],[71.0083,66.5917,0.0],[71.0125,66.5896,0.0],[71.0203,66.5891,0.0],[71.0188,66.5875,1.3263],[71.0125,66.5875,0.0],[71.0047,66.5849,0.0],[71.0083,66.5813,2.0403],[71.0062,66.5792,0.0],[70.9984,66.5818,0.0],[70.9958,66.5854,0.0],[70.9896,66.5854,2.0695],[70.9667,66.5917,0.0],[70.9604,66.5917,2.307],[70.9521,66.5958,0.0],[70.9359,66.5984,2.3912],[70.9333,66.6021,0.0],[70.9292,66.6,0.0],[70.9229,66.6,0.0],[70.9187,66.6021,0.0],[70.9109,66.6026,1.5568],[70.9042,66.6062,0.0],[70.8979,66.6062,1.4848],[70.888,66.6109,1.581],[70.8828,66.6182,0.0],[70.8703,66.6245,0.0],[70.8562,66.625,2.4056],[70.8521,66.6271,0.0],[70.8313,66.6271,1.4272],[70.8214,66.6318,1.1522],[70.8203,66.6349,0.0],[70.8161,66.637,1.2053],[70.8068,66.638,1.7577],[70.8078,66.6412,0.0],[70.8,66.6438,0.0],[70.7896,66.6438,1.6475],[70.7854,66.6458,0.0],[70.775,66.6458,1.592],[70.7708,66.6479,0.9392],[70.7646,66.6479,1.5502],[70.763,66.6484,1.5663],[70.7641,66.6516,0.0],[70.7401,66.6589,0.0],[70.7333,66.6625,0.0],[70.7271,66.6625,0.0],[70.7193,66.6589,0.0],[70.7333,66.6583,0.0],[70.7349,66.6568,1.487],[70.7208,66.6563,0.0],[70.7146,66.6542,1.6368],[70.7005,66.6609,1.7971],[70.6979,66.6646,0.0],[70.6917,66.6646,0.0],[70.6875,66.6667,0.0],[70.6771,66.6667,1.8166],[70.6729,66.6687,0.0],[70.6667,66.6667,1.2533],[70.6604,66.6667,1.7707],[70.6589,66.6672,0.9682],[70.6599,66.6703,0.0],[70.6583,66.6708,0.0],[70.6417,66.6708,1.5043],[70.6375,66.6729,0.0],[70.6271,66.6729,1.2709],[70.6229,66.675,0.0],[70.6062,66.675,1.719],[70.6021,66.6771,0.0],[70.5896,66.6771,0.0],[70.5792,66.6729,0.0],[70.5729,66.6729,1.5754],[70.5687,66.675,0.0],[70.5583,66.6708,1.6433],[70.5505,66.6703,0.0],[70.5458,66.6667,2.0976],[70.5333,66.6667,0.0],[70.525,66.6625,1.7892],[70.5188,66.6646,0.0],[70.5021,66.6646,0.0],[70.4938,66.6687,0.0],[70.4875,66.6667,1.6732],[70.4833,66.6687,0.0],[70.4729,66.6687,1.0523],[70.4688,66.6708,0.0],[70.4589,66.6682,0.0],[70.4521,66.6646,2.0274],[70.4437,66.6646,0.0],[70.4354,66.6687,0.0],[70.4313,66.6667,1.347],[70.4229,66.6667,0.0],[70.4208,66.6646,0.0],[70.4213,66.6609,0.0],[70.4271,66.6604,0.0],[70.4287,66.6589,0.0],[70.4193,66.6557,0.0],[70.413,66.6516,0.0],[70.4161,66.6484,0.0],[70.4125,66.6458,0.0],[70.3917,66.6458,1.8615],[70.3875,66.6479,1.6944],[70.3812,66.6479,1.7008],[70.375,66.6458,2.2058],[70.3708,66.6479,1.1919],[70.3667,66.6458,1.7979],[70.3542,66.6458,0.0],[70.35,66.6438,0.0],[70.3313,66.6438,0.0],[70.3193,66.6391,0.0],[70.3146,66.6354,0.0],[70.2979,66.6354,0.0],[70.2901,66.6328,0.0],[70.2854,66.6188,0.0],[70.2891,66.6162,0.0],[70.2901,66.6109,0.0],[70.2932,66.6088,0.0],[70.2854,66.6083,0.0],[70.2771,66.6125,0.0],[70.2688,66.6125,0.0],[70.2568,66.6078,0.0],[70.2547,66.6057,0.0],[70.2542,66.6021,0.0],[70.2578,66.5984,1.9878],[70.2526,66.5974,0.0],[70.2521,66.5958,0.0],[70.2557,66.5932,0.0],[70.2568,66.5901,0.0],[70.2599,66.5891,2.0779],[70.2589,66.5839,0.0],[70.2682,66.5807,1.5547],[70.2672,66.5776,0.0],[70.2854,66.575,1.5776],[70.2896,66.5729,0.0],[70.2958,66.5729,1.5947],[70.2974,66.5724,1.5947],[70.2963,66.5693,0.0],[70.2979,66.5687,0.0],[70.3057,66.5693,1.3069],[70.3026,66.5714,0.7958],[70.3042,66.5729,0.0],[70.3104,66.5708,0.0],[70.3167,66.5708,0.0],[70.3208,66.5729,0.0],[70.3229,66.5708,0.0],[70.3214,66.5651,0.0],[70.3333,66.5604,0.0],[70.3495,66.5578,1.3972],[70.3604,66.5521,0.0],[70.3667,66.5521,1.3819],[70.3708,66.55,0.0],[70.3875,66.55,1.4604],[70.3891,66.5516,1.6565],[70.3812,66.5521,1.4376],[70.3755,66.5557,0.0],[70.3938,66.5604,1.3642],[70.4,66.5604,0.0],[70.4042,66.5563,1.1177],[70.4146,66.5563,1.2366],[70.425,66.5521,0.0],[70.4354,66.5521,1.5756],[70.437,66.5516,1.7075],[70.4359,66.5484,0.0],[70.4542,66.5458,2.2684],[70.4667,66.5396,0.0],[70.4833,66.5375,1.4694],[70.4958,66.5333,0.0],[70.5021,66.5333,0.0],[70.5167,66.5292,0.0],[70.5417,66.5271,1.6607],[70.5432,66.5255,0.0],[70.538,66.5245,0.0],[70.538,66.5214,0.0],[70.5542,66.5188,0.0],[70.5771,66.5104,0.0],[70.5833,66.5104,0.0],[70.5979,66.5062,0.0],[70.6146,66.5062,0.6064],[70.6188,66.5042,0.0],[70.625,66.5042,0.0],[70.6292,66.5062,0.0],[70.65,66.5062,2.1491],[70.6526,66.5026,0.0],[70.6599,66.5016,1.7643],[70.6609,66.4984,0.0],[70.6687,66.4979,0.0],[70.6771,66.4938,0.0],[70.6875,66.4938,2.1234],[70.6917,66.4917,0.0],[70.7021,66.4917,0.0],[70.7063,66.4896,0.0],[70.7125,66.4896,0.0],[70.7188,66.4917,1.4705],[70.7229,66.4896,0.0],[70.7271,66.4917,1.3348],[70.7396,66.4917,0.0],[70.7438,66.4938,1.0987],[70.7536,66.4943,0.0],[70.7536,66.4974,1.1486],[70.7521,66.4979,1.2243],[70.7312,66.4979,1.1017],[70.7297,66.4995,1.0339],[70.7479,66.5021,0.0],[70.7521,66.5042,1.4071],[70.7604,66.5042,0.0],[70.763,66.5078,0.0],[70.7682,66.5089,0.8003],[70.7708,66.5125,1.3429],[70.7771,66.5104,0.0],[70.7833,66.5125,1.0347],[70.7875,66.5104,0.0],[70.7937,66.5125,1.0598],[70.7979,66.5104,0.0],[70.8021,66.5125,0.0],[70.8146,66.5125,0.0],[70.825,66.5167,1.6271],[70.8583,66.5167,0.0],[70.8792,66.5229,0.0],[70.8917,66.5229,0.0],[70.8958,66.525,1.2173],[70.9437,66.525,0.0],[70.9479,66.5271,0.0],[70.9708,66.5271,0.0],[70.9786,66.5297,1.5164],[70.9714,66.5339,1.1624],[70.9714,66.537,1.1293],[70.9812,66.5375,0.0],[70.9833,66.5396,1.2088],[70.9828,66.5411,1.0796],[70.9771,66.5437,0.0],[70.9354,66.5437,1.4637],[70.9313,66.5458,0.6976],[70.9172,66.5463,0.8162],[70.925,66.55,1.2599],[70.9313,66.5479,0.9172],[70.9458,66.5479,0.0],[70.95,66.5458,0.0],[70.9563,66.5479,0.0],[70.9604,66.5458,0.0],[71.0,66.5458,0.8479],[71.0026,66.5495,1.3096],[71.0141,66.5526,0.0],[71.0062,66.5563,0.0],[70.9917,66.5583,1.5675],[70.9875,66.5604,0.0],[70.9604,66.5604,1.743],[70.9505,66.563,0.7863],[70.95,66.5667,0.0],[70.9521,66.5687,1.0447],[70.9724,66.5693,1.1206],[70.9708,66.5708,0.858],[70.963,66.5714,0.0],[70.962,66.5745,1.1913],[70.9589,66.5755,1.1847],[70.9609,66.5828,1.038],[70.9625,66.5833,1.2584],[70.9688,66.5833,1.4787],[70.9714,66.5797,0.9993],[70.9792,66.5792,1.3769],[70.9833,66.5771,0.7517],[70.9875,66.5792,1.2489],[70.9938,66.5792,1.4326],[70.9964,66.5755,0.0],[71.0036,66.5745,1.3876],[71.0005,66.5724,0.0],[71.0021,66.5708,0.0],[71.0141,66.5714,0.0],[71.011,66.5745,0.0],[71.0146,66.575,0.9214],[71.0203,66.5724,0.0],[71.0193,66.5693,0.0],[71.0245,66.5682,1.7021],[71.0339,66.563,0.0],[71.0458,66.5625,1.5149],[71.05,66.5604,0.0],[71.0563,66.5604,0.0],[71.0604,66.5625,1.1469],[71.0833,66.5625,0.0],[71.0875,66.5646,1.2396],[71.0938,66.5625,0.0],[71.0953,66.5641,0.0],[71.088,66.5682,1.0156],[71.1229,66.5687,0.0],[71.1375,66.5729,0.9943],[71.1438,66.5729,0.0],[71.1542,66.5771,1.132],[71.1667,66.5771,1.065],[71.1708,66.5792,1.179],[71.1771,66.5771,1.0124],[71.1849,66.5776,1.0265],[71.1849,66.5807,0.6828],[71.175,66.5854,1.1066],[71.1521,66.5854,0.0],[71.1479,66.5833,1.4593],[71.1417,66.5854,0.0],[71.125,66.5792,0.0],[71.1224,66.5828,1.2738],[71.1125,66.5854,1.2174],[71.1062,66.5854,1.2429],[71.1021,66.5875,1.0847],[71.0854,66.5896,1.4446],[71.0813,66.5917,0.9813],[71.0708,66.5917,1.5043],[71.0609,66.5943,1.3323],[71.0625,66.5958,0.0],[71.0687,66.5958,0.0],[71.0729,66.5979,0.0],[71.0771,66.5958,0.0],[71.1016,66.5964,1.5698],[71.1,66.5979,1.2335],[71.088,66.5984,0.0],[71.087,66.6016,1.2356],[71.0839,66.6026,0.9004],[71.0839,66.6057,1.4141],[71.0891,66.6068,0.0],[71.0911,66.6088,0.6031],[71.0938,66.6167,1.3733],[71.0932,66.6203,0.9851],[71.0792,66.625,0.7259],[71.0714,66.6255,1.3633],[71.0672,66.6276,1.4406],[71.0687,66.6292,0.0],[71.0833,66.6271,1.1846],[71.0964,66.6214,0.0],[71.1036,66.6203,0.0],[71.1047,66.6172,0.0],[71.1125,66.6167,0.0],[71.1182,66.6141,0.0],[71.1068,66.6099,0.0],[71.1109,66.6068,0.0],[71.1188,66.6042,1.0846],[71.125,66.6042,1.0554],[71.1292,66.6062,0.9365],[71.1401,66.6005,0.0],[71.1479,66.6,1.2861],[71.1563,66.5958,0.0],[71.1687,66.5958,1.3383],[71.1703,66.5974,0.8478],[71.1672,66.5995,0.9366],[71.1766,66.6005,1.0469],[71.175,66.6021,0.0],[71.1672,66.6026,1.1131],[71.1693,66.6078,0.954],[71.1708,66.6083,0.0],[71.1745,66.6078,1.138],[71.1734,66.6047,0.0],[71.1828,66.6036,0.0],[71.1937,66.5979,0.0],[71.2,66.5979,0.0],[71.2042,66.6,1.0145],[71.2167,66.6,0.0],[71.2245,66.6026,0.0],[71.2255,66.6057,1.2182],[71.2333,66.6083,0.9623],[71.2396,66.6083,1.0489],[71.2438,66.6062,0.5125],[71.2516,66.6068,0.9078],[71.2417,66.6104,0.8348],[71.2338,66.6109,0.9911],[71.2338,66.6141,1.0096],[71.2375,66.6167,0.9274],[71.2453,66.6172,0.0],[71.2464,66.6203,0.0],[71.2516,66.6214,1.0252],[71.2562,66.625,0.0],[71.2703,66.6255,0.628],[71.2625,66.6292,0.9619],[71.2568,66.6297,1.0415],[71.2568,66.6328,0.0],[71.2708,66.6333,0.0],[71.2875,66.6396,1.126],[71.3083,66.6396,1.0449],[71.3125,66.6375,0.966],[71.3203,66.637,0.0],[71.3287,66.6328,1.2907],[71.3297,66.6297,0.0],[71.3391,66.6286,0.0],[71.3276,66.6245,1.2542],[71.3255,66.6172,0.0],[71.3495,66.6162,0.0],[71.3479,66.6146,0.0],[71.3234,66.6141,0.0],[71.3276,66.6109,0.0],[71.3417,66.6104,0.0],[71.3458,66.6083,0.0],[71.3708,66.6062,0.0],[71.375,66.6042,0.0],[71.3854,66.6042,0.0],[71.387,66.6057,0.8428],[71.3828,66.6078,1.1011],[71.3667,66.6104,1.1782],[71.3651,66.612,0.0],[71.3938,66.6125,1.3938],[71.3979,66.6104,0.0],[71.4313,66.6104,0.0],[71.4391,66.613,0.0],[71.4396,66.6146,0.0],[71.4359,66.6172,0.0],[71.4349,66.6203,1.3193],[71.4318,66.6214,0.0],[71.4318,66.6245,0.9963],[71.4396,66.6271,0.0],[71.4625,66.6271,0.0],[71.4667,66.6292,0.0],[71.4833,66.6292,0.0],[71.4875,66.6271,0.0],[71.5104,66.6271,0.0],[71.5208,66.6312,1.162],[71.5271,66.6292,0.0],[71.5411,66.6339,0.0],[71.5437,66.6375,1.3113],[71.55,66.6354,0.0],[71.5542,66.6375,1.3231],[71.5604,66.6375,0.0],[71.5708,66.6417,0.0],[71.5771,66.6396,0.0],[71.5833,66.6396,0.0],[71.5911,66.6422,0.0],[71.5943,66.6474,1.2059],[71.5995,66.6505,0.0],[71.5995,66.6536,0.0],[71.5964,66.6557,1.4055],[71.6016,66.6578,0.0],[71.5875,66.6583,0.0],[71.5859,66.6578,0.0],[71.5849,66.6526,0.8064],[71.5813,66.6521,0.6106],[71.5787,66.6557,0.0],[71.5661,66.662,0.0],[71.5568,66.663,0.0],[71.5484,66.6682,0.0],[71.5563,66.6687,0.6698],[71.5604,66.6667,0.0],[71.5724,66.6651,0.0],[71.5745,66.6682,1.4437],[71.5651,66.6693,1.2756],[71.5703,66.6724,0.0],[71.5646,66.675,1.1704],[71.5568,66.6755,1.4411],[71.5568,66.6787,0.0],[71.5646,66.6813,0.0],[71.5708,66.6813,0.0],[71.575,66.6792,0.0],[71.5979,66.6792,0.0],[71.6021,66.6813,1.3151],[71.6083,66.6792,0.0],[71.6162,66.6818,1.078],[71.6088,66.6859,0.0],[71.6078,66.6891,0.0],[71.5984,66.6901,0.0],[71.5995,66.6932,0.0],[71.5964,66.6943,0.0],[71.6005,66.6974,0.4751],[71.6083,66.7,0.6638],[71.6162,66.6995,0.0],[71.6172,66.6964,0.8741],[71.625,66.6937,0.0],[71.6328,66.6964,0.0],[71.6276,66.6995,0.8922],[71.6297,66.7037,0.0],[71.6333,66.7042,0.0],[71.6349,66.7037,0.0],[71.6339,66.7005,0.0],[71.6391,66.6984,0.9011],[71.637,66.6943,0.8113],[71.6318,66.6922,0.0],[71.6412,66.6922,0.9954],[71.6464,66.7057,1.3777],[71.6516,66.7089,0.0],[71.6484,66.7109,0.9666],[71.6495,66.7141,1.4302],[71.6464,66.7151,1.459],[71.6453,66.7203,0.9979],[71.6396,66.7229,1.3366],[71.6276,66.7214,0.0],[71.6266,66.7266,0.0],[71.6229,66.7292,1.5894],[71.6245,66.7328,0.0],[71.6146,66.7375,1.507],[71.6005,66.738,0.0],[71.5964,66.7401,1.588],[71.5974,66.7432,0.0],[71.5813,66.7479,1.2857],[71.5714,66.7453,0.0],[71.5745,66.7432,1.0898],[71.5745,66.7401,1.1591],[71.5667,66.7375,0.0],[71.5589,66.738,1.3984],[71.5641,66.7412,0.0],[71.5547,66.7422,0.9264],[71.5557,66.7453,0.0],[71.5542,66.7458,0.0],[71.5417,66.7458,0.0],[71.5359,66.7484,1.9546],[71.5375,66.7521,0.0],[71.537,66.7557,0.0],[71.5297,66.7568,1.3478],[71.5286,66.7599,0.0],[71.5255,66.7609,0.0],[71.537,66.7662,0.0],[71.5339,66.7672,1.6085],[71.5328,66.7703,0.0],[71.5193,66.7755,0.0],[71.5214,66.7786,0.0],[71.5266,66.7797,0.0],[71.5266,66.7828,0.0],[71.5172,66.7839,1.0692],[71.5182,66.7891,0.0],[71.5151,66.7901,0.0],[71.5141,66.7932,0.0],[71.5068,66.7963,1.0471],[71.5078,66.8016,0.0],[71.4984,66.8026,1.2586],[71.5036,66.8057,0.0],[71.4964,66.8089,0.0],[71.4953,66.812,0.0],[71.4922,66.813,0.0],[71.4912,66.8161,0.0],[71.4875,66.8187,1.8323],[71.4901,66.8224,0.0],[71.4953,66.8234,0.0],[71.4953,66.8266,0.0],[71.4838,66.8318,0.0],[71.4833,66.8333,0.8795],[71.4854,66.8354,0.9432],[71.4917,66.8354,0.6304],[71.4995,66.838,0.0],[71.5026,66.8432,1.0049],[71.5141,66.8443,0.0],[71.5089,66.8464,0.7373],[71.5099,66.8495,0.0],[71.4979,66.85,1.163],[71.4901,66.8526,0.0],[71.4922,66.8557,0.0],[71.5042,66.8562,0.9275],[71.5083,66.8542,0.0],[71.5208,66.8542,0.7144],[71.5229,66.8562,0.8415],[71.5193,66.8588,0.0],[71.5208,66.8604,0.9978],[71.5375,66.8562,0.0],[71.5453,66.8588,0.0],[71.5422,66.8609,1.1691],[71.5411,66.8641,0.0],[71.5313,66.8688,0.0],[71.5146,66.8688,0.0],[71.5021,66.875,0.0],[71.4958,66.875,0.0],[71.4917,66.8771,0.0],[71.475,66.8792,1.272],[71.4708,66.8812,0.0],[71.4646,66.8812,0.0],[71.4604,66.8792,1.4192],[71.4563,66.8812,0.0],[71.45,66.8812,0.0],[71.4458,66.8833,0.0],[71.4396,66.8833,1.3352],[71.425,66.8875,0.0]]],
[[[71.1833,66.8479,0.0],[71.187,66.8484,0.0],[71.187,66.8495,0.0],[71.1818,66.8495,0.0],[71.1833,66.8479,0.0]]],
[[[71.1328,73.0797,0.0],[71.1307,73.0776,0.0],[71.125,73.0771,0.0],[71.1234,73.0755,0.0],[71.1354,73.075,0.0],[71.1396,73.0792,0.0],[71.1375,73.0813,0.0],[71.1328,73.0797,0.0]]],
[[[70.2083,72.8917,0.0],[70.1984,72.888,0.0],[70.2099,72.888,0.0],[70.212,72.8912,0.0],[70.2083,72.8917,0.0]]],
[[[70.4995,73.0026,0.0],[70.4979,73.0042,0.0],[70.4938,73.0042,0.0],[70.4917,73.0021,0.0],[70.4922,73.0005,0.0],[70.4958,73.0,0.0],[70.4995,73.0026,0.0]]],
[[[70.5146,73.0083,0.0],[70.5083,73.0104,0.0],[70.5,73.0104,0.0],[70.4958,73.0125,0.0],[70.4818,73.0099,0.0],[70.4896,73.0062,0.0],[70.5,73.0062,0.0],[70.5042,73.0083,0.0],[70.5104,73.0062,0.0],[70.5162,73.0068,0.0],[70.5146,73.0083,0.0]]],
[[[70.162,73.0109,0.0],[70.1604,73.0125,0.0],[70.1563,73.0125,0.0],[70.1542,73.0104,0.0],[70.1547,73.0089,0.0],[70.1583,73.0083,0.0],[70.162,73.0109,0.0]]],
[[[70.9313,73.0833,0.0],[70.9354,73.0813,0.0],[70.9396,73.0813,0.0],[70.9411,73.0818,0.0],[70.9432,73.087,0.0],[70.9234,73.087,0.0],[70.9313,73.0833,0.0]]],
[[[70.9688,73.0875,0.0],[70.9724,73.088,0.0],[70.9724,73.0891,0.0],[70.9672,73.0891,0.0],[70.9688,73.0875,0.0]]],
[[[70.9187,73.0875,0.0],[70.9224,73.088,0.0],[70.9224,73.0891,0.0],[70.9172,73.0891,0.0],[70.9187,73.0875,0.0]]],
[[[70.9375,73.0896,0.0],[70.9391,73.0911,0.0],[70.9318,73.0911,0.0],[70.9333,73.0896,0.0],[70.9375,73.0896,0.0]]],
[[[70.9896,73.0917,0.0],[70.9912,73.0932,0.0],[70.9838,73.0932,0.0],[70.9854,73.0917,0.0],[70.9896,73.0917,0.0]]],
[[[71.0375,73.0938,0.0],[71.0411,73.0943,0.0],[71.0411,73.0953,0.0],[71.0359,73.0953,0.0],[71.0375,73.0938,0.0]]],
[[[71.3396,73.1062,0.0],[71.3432,73.1068,0.0],[71.3432,73.1078,0.0],[71.338,73.1078,0.0],[71.3396,73.1062,0.0]]],
[[[71.3266,73.2984,1.279],[71.325,73.3,1.1679],[71.3214,73.2995,1.3043],[71.3229,73.2979,1.2661],[71.3266,73.2984,1.279]]],
[[[72.7109,70.3807,0.0],[72.7188,70.3771,1.1109],[72.7224,70.3776,0.0],[72.7229,70.3792,1.6944],[72.7208,70.3812,0.0],[72.7109,70.3807,0.0]]],
[[[72.7146,70.3833,1.5336],[72.7182,70.3839,1.4437],[72.7182,70.3849,1.4837],[72.713,70.3849,1.0441],[72.7146,70.3833,1.5336]]],
[[[72.25,71.2021,2.1673],[72.2536,71.2026,0.0],[72.2536,71.2037,0.0],[72.2484,71.2037,0.0],[72.25,71.2021,2.1673]]],
[[[72.3167,71.7167,0.0],[72.3208,71.7167,0.0],[72.3224,71.7182,0.0],[72.3187,71.7188,0.0],[72.3167,71.7167,0.0]]],
[[[72.3083,71.8333,6.0086],[72.3083,71.8313,7.2595],[72.3141,71.8318,0.0],[72.3125,71.8333,6.2224],[72.3083,71.8333,6.0086]]],
[[[72.7979,72.2688,1.1611],[72.8016,72.2693,1.1611],[72.8016,72.2703,1.9817],[72.7963,72.2703,1.0353],[72.7979,72.2688,1.1611]]],
[[[72.8667,72.5833,1.125],[72.8703,72.5839,1.34],[72.8724,72.587,0.0],[72.8625,72.5896,1.3304],[72.8526,72.587,1.1188],[72.8505,72.5849,0.0],[72.8583,72.5813,0.0],[72.8667,72.5833,1.125]]],
[[[72.8521,72.5917,0.7779],[72.8557,72.5922,1.3486],[72.8557,72.5932,1.2022],[72.8505,72.5932,0.0],[72.8521,72.5917,0.7779]]],
[[[72.8125,72.5979,0.0],[72.8167,72.5979,0.0],[72.8182,72.5995,0.0],[72.8146,72.6,0.0],[72.8125,72.5979,0.0]]],
[[[72.7891,72.6755,0.928],[72.7818,72.6745,1.0417],[72.7797,72.6713,0.0],[72.7917,72.6708,0.0],[72.7958,72.6729,0.9565],[72.8083,72.6729,0.0],[72.8104,72.675,1.2291],[72.8083,72.6771,1.2507],[72.7917,72.6771,0.0],[72.7891,72.6755,0.928]]],
[[[73.0271,72.675,0.0],[73.0266,72.6766,0.0],[73.0229,72.6771,0.0],[73.0193,72.6734,0.0],[73.025,72.6729,0.0],[73.0271,72.675,0.0]]],
[[[72.1854,72.8021,0.9483],[72.1833,72.8021,1.2026],[72.1833,72.8,1.3037],[72.1891,72.8005,1.4605],[72.1891,72.8016,0.7842],[72.1854,72.8021,0.9483]]],
[[[72.1,72.8146,0.0],[72.1062,72.8146,1.0911],[72.1078,72.8161,1.1561],[72.1,72.8187,1.0595],[72.0755,72.8182,1.3203],[72.0813,72.8146,0.4442],[72.0917,72.8167,0.0],[72.0958,72.8146,0.0],[72.1,72.8146,0.0]]],
[[[72.3479,72.9187,0.0],[72.3495,72.9203,0.0],[72.3443,72.9203,0.0],[72.3443,72.9193,0.0],[72.3479,72.9187,0.0]]],
[[[72.0755,72.9318,0.0],[72.0854,72.9292,0.0],[72.0911,72.9349,0.0],[72.0792,72.9354,0.0],[72.0755,72.9318,0.0]]],
[[[71.7479,73.0375,0.0],[71.7495,73.0391,0.0],[71.7422,73.0391,0.0],[71.7438,73.0375,0.0],[71.7479,73.0375,0.0]]],
[[[71.7333,73.0625,0.0],[71.737,73.063,0.0],[71.737,73.0641,0.0],[71.7318,73.0641,0.0],[71.7333,73.0625,0.0]]],
[[[71.7271,73.0729,0.0],[71.7188,73.0729,0.0],[71.7083,73.0771,0.0],[71.7042,73.0771,0.0],[71.6917,73.0729,0.0],[71.6875,73.0729,0.0],[71.6859,73.0714,0.0],[71.6911,73.0703,0.0],[71.6901,73.0672,0.0],[71.6979,73.0646,0.0],[71.7063,73.0646,0.0],[71.7141,73.0609,0.0],[71.6958,73.0604,0.0],[71.6917,73.0625,0.0],[71.6875,73.0625,0.0],[71.6776,73.0589,0.0],[71.6828,73.0578,0.0],[71.6818,73.0547,0.0],[71.6833,73.0542,0.0],[71.6875,73.0542,0.0],[71.7,73.0583,0.0],[71.7188,73.0583,0.0],[71.7203,73.0589,0.0],[71.7224,73.0641,0.0],[71.7172,73.0661,0.0],[71.7193,73.0682,0.0],[71.7266,73.0693,0.0],[71.7286,73.0714,0.0],[71.7271,73.0729,0.0]]],
[[[71.7271,73.0646,0.0],[71.7307,73.0651,0.0],[71.7307,73.0661,0.0],[71.7255,73.0661,0.0],[71.7271,73.0646,0.0]]],
[[[71.6224,73.1047,0.0],[71.6208,73.1062,0.0],[71.6167,73.1062,0.0],[71.6146,73.1042,0.0],[71.6151,73.1026,0.0],[71.6188,73.1021,0.0],[71.6224,73.1047,0.0]]],
[[[71.5188,73.1333,0.0],[71.5203,73.1349,0.0],[71.513,73.1349,0.0],[71.5146,73.1333,0.0],[71.5188,73.1333,0.0]]],
[[[71.5958,73.1396,0.0],[71.588,73.1391,0.0],[71.5859,73.1359,0.0],[71.5917,73.1354,0.0],[71.5958,73.1375,0.0],[71.6078,73.138,0.0],[71.6062,73.1396,0.0],[71.5958,73.1396,0.0]]],
[[[71.5354,73.1417,0.0],[71.5391,73.1422,0.0],[71.5391,73.1432,0.0],[71.5339,73.1432,0.0],[71.5354,73.1417,0.0]]],
[[[71.5495,73.1464,0.0],[71.5458,73.1479,0.0],[71.5422,73.1443,0.0],[71.5458,73.1438,0.0],[71.5495,73.1464,0.0]]],
[[[71.525,73.15,0.0],[71.5214,73.1474,0.0],[71.5193,73.1422,0.0],[71.5229,73.1417,0.0],[71.5328,73.1443,0.0],[71.5297,73.1464,0.0],[71.5313,73.1479,0.0],[71.5432,73.1484,0.0],[71.5417,73.15,0.0],[71.525,73.15,0.0]]],
[[[71.6312,73.1458,0.0],[71.6349,73.1464,0.0],[71.6349,73.1474,0.0],[71.6297,73.1474,0.0],[71.6312,73.1458,0.0]]],
[[[71.5938,73.15,0.0],[71.5953,73.1516,0.0],[71.5901,73.1516,0.0],[71.5901,73.1505,0.0],[71.5938,73.15,0.0]]],
[[[71.5792,73.15,0.0],[71.5807,73.1516,0.0],[71.5755,73.1516,0.0],[71.5755,73.1505,0.0],[71.5792,73.15,0.0]]],
[[[70.1146,73.0229,0.0],[70.1182,73.0234,0.0],[70.1182,73.0245,0.0],[70.113,73.0245,0.0],[70.1146,73.0229,0.0]]],
[[[70.6396,73.0292,0.0],[70.6432,73.0297,0.0],[70.6432,73.0307,0.0],[70.638,73.0307,0.0],[70.6396,73.0292,0.0]]],
[[[70.8729,73.475,1.8816],[70.8562,73.475,2.0432],[70.8521,73.4771,0.2689],[70.8479,73.4771,0.6855],[70.8354,73.4729,1.2516],[70.8167,73.4729,1.1756],[70.8125,73.4708,1.4666],[70.7937,73.4708,1.2767],[70.7896,73.4688,1.3001],[70.7771,73.4688,1.1123],[70.7755,73.4672,1.1539],[70.8083,73.4646,1.2346],[70.8141,73.462,0.5137],[70.8151,73.4589,0.7829],[70.8203,73.4568,1.1001],[70.8182,73.4547,0.5589],[70.8083,73.4521,2.2809],[70.7958,73.4521,1.2265],[70.7917,73.45,1.7357],[70.7729,73.45,1.4144],[70.7688,73.4479,0.598],[70.7646,73.4479,0.1113],[70.763,73.4495,1.4542],[70.7672,73.4537,1.4039],[70.7745,73.4547,1.1361],[70.7766,73.4568,1.2924],[70.7766,73.4599,1.3759],[70.7609,73.4651,1.1871],[70.7599,73.4682,1.258],[70.7547,73.4693,1.4346],[70.7557,73.4724,0.0],[70.7542,73.4729,0.0],[70.75,73.4729,0.0],[70.7458,73.4708,1.8419],[70.7338,73.4703,1.7536],[70.7391,73.4682,1.5824],[70.7375,73.4667,1.6429],[70.7172,73.4661,1.7139],[70.7188,73.4646,1.619],[70.7286,73.4641,1.6474],[70.7271,73.4625,1.6424],[70.7167,73.4625,1.6314],[70.7125,73.4646,1.4963],[70.6875,73.4646,1.5638],[70.6833,73.4625,1.3294],[70.6646,73.4625,1.9768],[70.6609,73.4589,1.7035],[70.6708,73.4583,1.6452],[70.6724,73.4568,1.7533],[70.6604,73.4563,1.9065],[70.6542,73.4583,1.6928],[70.6479,73.4542,2.2979],[70.6375,73.4563,1.7345],[70.6333,73.4542,2.9446],[70.6062,73.4542,2.204],[70.6,73.4521,2.2415],[70.5958,73.4542,1.9764],[70.5708,73.4542,1.6213],[70.5667,73.4521,2.0304],[70.5479,73.4521,2.6991],[70.5437,73.45,2.3266],[70.5188,73.45,0.7537],[70.5146,73.4521,0.0],[70.5104,73.4521,0.0],[70.5089,73.4505,1.5808],[70.5167,73.4479,1.1505],[70.5266,73.4474,1.6239],[70.5276,73.4443,1.029],[70.5328,73.4422,1.188],[70.5271,73.4417,1.3784],[70.5208,73.4437,1.5212],[70.5167,73.4417,1.2447],[70.5125,73.4417,1.3335],[70.5057,73.4359,1.5948],[70.4818,73.4307,1.4001999999999999],[70.4771,73.425,1.5581],[70.4667,73.4271,1.2755],[70.4542,73.4229,1.3903],[70.4417,73.425,1.1158],[70.4391,73.4213,1.2895],[70.425,73.4208,1.1566],[70.4203,73.4151,1.8744],[70.4104,73.4125,1.9285],[70.4,73.4146,0.8129],[70.3792,73.4083,1.413],[70.3688,73.4104,1.0278],[70.3672,73.4089,0.9724],[70.3703,73.4068,1.1853],[70.3464,73.4016,1.1848],[70.3432,73.3964,1.4268],[70.3359,73.3953,1.0083],[70.3313,73.3917,1.2849],[70.3255,73.3912,1.0511],[70.3307,73.388,2.4647],[70.3208,73.3854,2.7542],[70.3083,73.3854,1.2508],[70.3057,73.3818,0.9108],[70.2979,73.3812,1.1269],[70.2854,73.3771,1.3636],[70.275,73.3792,1.2408],[70.2708,73.375,1.2625],[70.2568,73.3745,0.9072],[70.2542,73.3708,1.3413],[70.2417,73.3708,1.0326],[70.2292,73.3667,1.2847],[70.2104,73.3667,0.4956],[70.2089,73.3651,1.0319],[70.2141,73.363,1.1984],[70.1937,73.3625,0.8663],[70.1896,73.3604,2.8905],[70.1776,73.3609,1.0821],[70.1849,73.3641,0.9025],[70.1713,73.3651,0.9009],[70.1724,73.3682,1.1625],[70.1708,73.3688,1.0067],[70.1604,73.3688,0.8206],[70.1479,73.3646,0.9798],[70.1354,73.3646,0.7761],[70.1255,73.362,0.8247],[70.1229,73.3583,0.9954],[70.1167,73.3583,1.0274],[70.0984,73.3536,0.8834],[70.0958,73.35,1.6532],[70.0854,73.35,0.8245],[70.0813,73.3521,0.9287],[70.0771,73.3521,0.7422],[70.0755,73.3505,0.8583],[70.0807,73.3484,0.9231],[70.0734,73.3474,0.8124],[70.0682,73.3401,0.4692],[70.0563,73.3396,0.7277],[70.0521,73.3375,1.0251],[70.0479,73.3375,1.4738],[70.0463,73.3391,1.6663],[70.05,73.3417,1.3278],[70.0604,73.3417,1.0698],[70.062,73.3432,0.8906],[70.0505,73.3474,1.2114],[70.0563,73.3479,1.2927],[70.0625,73.3458,0.8426],[70.0661,73.3484,0.9276],[70.0646,73.35,0.8332],[70.0547,73.3505,1.4063],[70.0563,73.3521,1.3448],[70.062,73.3526,0.7684],[70.0568,73.3557,3.471],[70.0833,73.3562,1.0733],[70.0849,73.3578,0.7792],[70.0818,73.3599,1.0865],[70.0833,73.3604,1.0865],[70.0938,73.3604,0.818],[70.1,73.3646,0.9055],[70.1104,73.3646,0.7432],[70.1229,73.3688,1.2393],[70.1292,73.3688,0.8181],[70.1557,73.3755,1.1248],[70.1578,73.3807,0.8919],[70.1464,73.3818,0.1776],[70.1479,73.3833,0.9737],[70.1583,73.3833,1.4662],[70.1625,73.3812,1.1047],[70.1854,73.3812,1.3681],[70.1958,73.3771,1.0166],[70.2208,73.3771,1.3261],[70.225,73.3792,1.1609],[70.237,73.3797,1.0005],[70.2354,73.3812,1.1076],[70.2255,73.3818,1.3967],[70.2266,73.3849,0.7833],[70.2188,73.3875,2.0665],[70.2083,73.3875,1.4292],[70.2042,73.3854,1.5295],[70.1917,73.3833,0.9209],[70.1839,73.3859,1.6393],[70.1849,73.3891,0.897],[70.1797,73.3901,1.1856],[70.1807,73.3932,1.2357],[70.1755,73.3943,1.2151],[70.1771,73.3958,1.2319],[70.1896,73.3979,0.8654],[70.1937,73.4,1.0293],[70.2188,73.4,0.7806],[70.2229,73.3979,1.0021],[70.2396,73.3979,1.0471],[70.2438,73.3958,0.9556],[70.2542,73.3958,0.9377],[70.2604,73.4,1.2173],[70.2792,73.4,0.9663],[70.2917,73.4042,1.2608],[70.3021,73.4042,0.9759],[70.3146,73.4083,1.0799],[70.3417,73.4104,1.2423],[70.3458,73.4083,1.1144],[70.35,73.4083,0.8081],[70.3542,73.4125,1.0591],[70.3682,73.413,0.773],[70.3708,73.4167,1.0351],[70.3917,73.4167,1.1818],[70.3958,73.4187,1.2518],[70.4063,73.4187,1.1959],[70.4125,73.4229,1.1088],[70.4245,73.4234,1.0879],[70.4208,73.4271,1.4053],[70.4234,73.4328,1.2311],[70.4391,73.4339,1.4993],[70.4339,73.4359,1.2708],[70.4354,73.4375,1.201],[70.4396,73.4375,1.1893],[70.4437,73.4396,1.3773],[70.4563,73.4396,1.2212],[70.4604,73.4417,1.4075],[70.4729,73.4417,0.9576],[70.4771,73.4437,1.1499],[70.4979,73.4479,1.372],[70.4995,73.4495,1.8601],[70.4729,73.45,0.0],[70.4604,73.4458,2.0687],[70.4563,73.4458,1.9914],[70.4521,73.4479,2.4683],[70.4417,73.4479,1.3998],[70.4375,73.4458,2.3188],[70.4042,73.4458,0.0],[70.3917,73.4417,1.9622],[70.35,73.4417,1.8155],[70.3458,73.4375,1.4907],[70.3417,73.4375,1.467],[70.3292,73.4417,0.0],[70.3187,73.4313,1.6834],[70.3063,73.4354,1.6093],[70.3021,73.4354,1.6321],[70.2979,73.4333,1.5957],[70.2875,73.4333,0.9472],[70.2828,73.4297,1.5456],[70.2672,73.4266,1.7804],[70.2625,73.4229,1.3376999999999999],[70.25,73.4271,0.0],[70.2458,73.4271,0.0],[70.2359,73.4245,0.0],[70.2328,73.4193,1.4704],[70.2255,73.4182,0.4595],[70.2307,73.4151,1.4349],[70.225,73.4146,1.702],[70.2188,73.4167,0.5568],[70.2089,73.4141,0.0],[70.2141,73.4109,1.4786],[70.1984,73.4099,1.5605],[70.2037,73.4078,1.5986],[70.2,73.4042,1.1845],[70.1964,73.4047,1.5437],[70.1937,73.4083,1.4896],[70.1833,73.4063,1.5735],[70.1771,73.4083,0.0],[70.1687,73.4,1.0268],[70.1568,73.4005,1.4283],[70.1583,73.4021,1.3345],[70.1641,73.4026,1.3629],[70.1625,73.4042,1.1285],[70.1521,73.4042,0.0],[70.1495,73.4005,1.5866],[70.1438,73.4,1.32],[70.1391,73.3964,1.2096],[70.1318,73.3953,1.0027],[70.1297,73.3922,0.8549],[70.1417,73.3917,1.5573],[70.1479,73.3979,1.4719],[70.1599,73.3974,1.182],[70.1583,73.3958,1.3218],[70.1526,73.3953,1.3708],[70.1516,73.3922,1.6856],[70.1458,73.3875,1.6838],[70.1396,73.3896,1.5629],[70.1339,73.3891,1.2902],[70.1391,73.387,1.1034],[70.1396,73.3854,0.965],[70.137,73.3818,1.0393],[70.1297,73.3807,0.9371],[70.1349,73.3786,1.27],[70.1333,73.3771,1.2171],[70.1214,73.3776,1.219],[70.1224,73.3828,0.9701],[70.1047,73.388,0.9872],[70.1005,73.3901,1.3231],[70.0979,73.3938,0.5265],[70.0813,73.3938,0.0],[70.0417,73.3833,1.7124],[70.0297,73.3828,0.0],[70.0349,73.3807,1.4619],[70.0333,73.3792,2.1289],[70.0229,73.3812,1.6025],[70.0182,73.3776,2.876],[70.0109,73.3766,0.0],[70.0089,73.3734,0.0],[70.0141,73.3724,1.6797],[70.0151,73.3693,1.4519],[70.0203,73.3682,2.7049],[70.0172,73.3641,1.1723],[70.0172,73.3609,0.0],[70.0328,73.3557,2.4085],[70.0307,73.3484,0.6839],[70.0276,73.3453,0.0],[70.0328,73.3432,0.0],[70.0318,73.3359,0.0],[70.0375,73.3333,0.0],[70.0479,73.3354,1.6214],[70.0557,73.3328,0.8257],[70.0542,73.3313,1.1056],[70.0484,73.3307,0.7586],[70.0443,73.3245,0.0],[70.0443,73.3214,0.0],[70.0495,73.3193,3.5759],[70.0422,73.3182,0.0],[70.0401,73.3161,0.0],[70.0453,73.3141,2.2018],[70.0443,73.3089,0.0],[70.0687,73.3083,1.0099],[70.0703,73.3068,0.8666],[70.0646,73.3063,0.9817],[70.063,73.3047,0.8667],[70.0875,73.3042,1.0212],[70.0979,73.3,0.9248],[70.1083,73.3021,1.1582],[70.1162,73.2984,0.9578],[70.1088,73.2974,1.0075],[70.1068,73.2943,0.8835],[70.112,73.2922,1.0019],[70.1047,73.2911,0.8766],[70.1021,73.2875,1.0496],[70.0917,73.2896,1.0113],[70.0875,73.2875,0.9205],[70.0833,73.2875,1.0951],[70.0693,73.2922,1.2044],[70.0703,73.2953,0.8212],[70.0687,73.2958,1.0568],[70.0604,73.2958,0.9491],[70.0563,73.2979,0.8506],[70.0505,73.2974,1.5113],[70.0505,73.2943,1.7997],[70.0542,73.2917,1.3735],[70.0516,73.2859,1.6683],[70.0443,73.2849,0.0],[70.0474,73.2818,1.8737],[70.0401,73.2807,0.0],[70.0453,73.2786,0.0],[70.0463,73.2755,0.0],[70.0516,73.2745,5.9335],[70.05,73.2729,5.3024],[70.0422,73.2724,0.0],[70.0474,73.2703,0.0],[70.0479,73.2688,0.0],[70.0422,73.2589,0.0],[70.0537,73.2557,5.841],[70.0537,73.2526,3.6746],[70.0443,73.2516,0.0],[70.0443,73.2484,0.0],[70.0495,73.2464,1.6181],[70.0474,73.2443,1.0109],[70.0401,73.2432,0.0],[70.0453,73.2412,0.0],[70.0443,73.238,0.0],[70.0495,73.237,1.56],[70.0495,73.2338,1.5341],[70.0422,73.2328,0.0],[70.0401,73.2297,0.0],[70.0453,73.2286,0.0],[70.0443,73.2255,0.0],[70.0495,73.2234,1.6635],[70.0339,73.2203,0.0],[70.0354,73.2188,0.0],[70.0437,73.2188,0.0],[70.0458,73.2167,1.3951],[70.0453,73.2151,1.8911],[70.038,73.2141,0.0],[70.0432,73.212,4.1515],[70.0417,73.2104,4.1511],[70.0359,73.2099,0.0],[70.0391,73.2068,0.0],[70.0318,73.2057,0.0],[70.037,73.2037,0.0],[70.0375,73.2021,0.0],[70.0339,73.1943,0.0],[70.0391,73.1922,4.6976],[70.037,73.1901,5.3014],[70.0297,73.1891,0.0],[70.0292,73.1875,0.0],[70.0339,73.1839,1.0803],[70.0391,73.1828,1.0901],[70.0391,73.1797,1.1071],[70.0318,73.1787,1.8554],[70.0266,73.1713,2.6],[70.0193,73.1703,0.0],[70.0245,73.1682,2.8227],[70.0229,73.1646,4.7927],[70.0266,73.1609,4.9202],[70.0193,73.1599,3.4688],[70.0182,73.1568,4.0757],[70.0109,73.1557,0.0],[70.0162,73.1526,5.0531],[70.0089,73.1516,0.0],[70.012,73.1495,4.2709],[70.012,73.1464,4.1752],[70.0099,73.1443,5.6247],[70.0026,73.1432,0.0],[70.0042,73.1417,5.0339],[70.0146,73.1417,5.0004],[70.0162,73.1401,6.7347],[70.0005,73.1391,0.0],[70.0005,73.1359,3.5528],[70.0036,73.1339,5.7163],[69.9979,73.1333,6.087],[69.9964,73.1318,0.0],[70.0016,73.1307,5.8519],[70.0016,73.1276,6.2073],[69.9943,73.1266,6.3397],[69.9901,73.1224,5.3547],[69.987,73.1151,6.0347],[69.9797,73.1141,0.0],[69.9849,73.1109,5.6071],[69.9828,73.1088,5.5746],[69.9755,73.1078,0.0],[69.9807,73.1047,3.0205],[69.9734,73.1036,0.0],[69.9672,73.0953,0.0],[69.9672,73.0922,0.0],[69.9724,73.0901,4.8164],[69.9703,73.088,4.8704],[69.963,73.087,0.0],[69.9609,73.0818,0.0],[69.9661,73.0807,4.9675],[69.9641,73.0755,5.3801],[69.962,73.0734,6.2235],[69.9547,73.0724,0.0],[69.9599,73.0703,6.3],[69.9589,73.0672,6.362],[69.9641,73.0661,5.5453],[69.9568,73.063,5.6787],[69.975,73.0625,1.2293],[69.9766,73.0609,1.8369],[69.95,73.0604,2.1092],[69.9453,73.0568,0.0],[69.9313,73.0542,0.0],[69.9297,73.0526,0.0],[69.9349,73.0516,0.0],[69.9339,73.0484,0.0],[69.9354,73.0479,0.0],[69.9474,73.0474,1.8035],[69.9443,73.0422,1.885],[69.9495,73.0401,2.3745],[69.9437,73.0396,1.0216],[69.9422,73.038,0.0],[69.9537,73.0349,3.3018],[69.9464,73.0318,1.3863],[69.9578,73.0286,2.6161],[69.9526,73.0193,0.0],[69.9578,73.0182,1.6388],[69.9568,73.013,0.0],[69.9708,73.0083,1.4694],[69.9792,73.0083,1.3305],[69.9833,73.0062,0.0],[69.9875,73.0062,0.0],[70.0,73.0104,0.0],[70.0083,73.0104,0.0],[70.0125,73.0083,0.0],[70.0229,73.0083,2.3898],[70.0271,73.0062,0.0],[70.0437,73.0062,2.3335],[70.05,73.0083,2.1457],[70.0641,73.0036,1.9122],[70.063,73.0005,0.0],[70.0646,73.0,0.0],[70.0896,73.0,1.8034],[70.0938,72.9979,0.0],[70.1,73.0,1.5893],[70.1333,73.0,0.0],[70.1349,73.0005,0.0],[70.1349,73.0036,1.279],[70.1271,73.0062,1.0251],[70.1172,73.0068,1.1492],[70.1182,73.0099,1.0897],[70.1068,73.013,0.0],[70.1078,73.0162,1.004],[70.1,73.0188,0.0],[70.0771,73.0208,2.5965],[70.0667,73.025,0.0],[70.0604,73.0229,2.5518],[70.0568,73.0234,2.768],[70.0557,73.0266,0.7144],[70.0443,73.0297,0.9625],[70.0516,73.0328,0.9168],[70.0417,73.0333,1.0882],[70.0276,73.038,1.0014],[70.0307,73.0432,0.0],[70.0229,73.0458,1.0601],[70.0125,73.0458,2.2314],[70.0078,73.0422,3.1615],[69.9922,73.0391,2.284],[69.9974,73.037,3.1785],[69.9984,73.0339,2.8717],[70.0021,73.0313,2.2207],[70.0,73.0292,2.9306],[69.9896,73.0292,2.7274],[69.9818,73.0318,2.7957],[69.9828,73.037,2.4279],[69.9734,73.0401,2.4985],[69.9766,73.0495,1.9609],[69.9708,73.05,1.9826],[69.9667,73.0479,2.2827],[69.9583,73.0479,2.613],[69.9563,73.05,2.5291],[69.9604,73.0542,2.1575],[69.9667,73.0521,2.1245],[69.9771,73.0521,2.0431],[69.9812,73.0542,1.7089],[69.9938,73.0542,2.0698],[69.9979,73.0563,2.1073],[70.0042,73.0542,2.4661],[70.0208,73.0542,2.3078],[70.0271,73.0521,0.0],[70.0333,73.0563,2.432],[70.0521,73.0563,0.0],[70.0563,73.0604,2.3381],[70.062,73.0599,2.3943],[70.0687,73.0563,0.0],[70.0729,73.0563,0.0],[70.0771,73.0583,0.0],[70.0896,73.0604,0.0],[70.0911,73.062,1.0325],[70.0813,73.0625,1.3911],[70.0672,73.0672,1.2768],[70.0672,73.0703,1.1504],[70.0693,73.0724,0.9995],[70.0849,73.0734,0.0],[70.0797,73.0766,1.0069],[70.0896,73.0792,0.8582],[70.1,73.0792,0.8303],[70.1042,73.0771,0.0],[70.1188,73.0771,1.1273],[70.1229,73.075,0.8992],[70.1271,73.075,1.094],[70.1286,73.0766,0.9906],[70.1234,73.0776,0.9144],[70.1229,73.0792,0.4174],[70.1255,73.0828,0.0],[70.1375,73.0833,0.7844],[70.1391,73.0828,0.0],[70.138,73.0797,0.0],[70.1432,73.0776,0.0],[70.1375,73.0771,0.0],[70.1359,73.0755,0.9596],[70.1438,73.0729,1.0679],[70.15,73.075,0.0],[70.1687,73.075,1.283],[70.1703,73.0734,0.869],[70.1646,73.0729,1.0864],[70.163,73.0714,0.8889],[70.1745,73.0703,1.0047],[70.1734,73.0672,0.9167],[70.1787,73.0661,1.0042],[70.1797,73.063,1.033],[70.1839,73.0609,0.9987],[70.1974,73.0599,1.6157],[70.1797,73.0526,0.0],[70.1911,73.0495,1.0379],[70.1901,73.0443,0.9286],[70.1932,73.0432,1.0466],[70.1917,73.0417,1.0561],[70.1859,73.0411,0.0],[70.1818,73.0318,0.0],[70.1932,73.0307,2.612],[70.1922,73.0255,1.8907],[70.2,73.0229,2.3414],[70.2083,73.0229,4.3698],[70.2125,73.0208,2.9319],[70.2292,73.0208,3.2326],[70.2333,73.0188,0.0],[70.2438,73.0208,3.5731],[70.2479,73.0188,0.0],[70.2583,73.0188,0.0],[70.2625,73.0208,1.163],[70.2729,73.0208,0.0],[70.2771,73.0229,0.0],[70.2896,73.0229,0.0],[70.2958,73.025,2.0051],[70.3,73.0229,0.0],[70.3083,73.0229,0.0],[70.3125,73.0208,0.0],[70.3229,73.0229,4.1365],[70.3245,73.0224,4.4778],[70.3234,73.0193,0.0],[70.325,73.0188,0.0],[70.3417,73.0188,4.6327],[70.3521,73.0146,0.0],[70.3604,73.0146,5.6126],[70.3646,73.0125,0.0],[70.3729,73.0125,5.5782],[70.3771,73.0104,0.0],[70.4021,73.0125,4.5722],[70.4047,73.0089,0.0],[70.4083,73.0083,0.0],[70.4146,73.0125,5.8062],[70.4313,73.0125,0.0],[70.4354,73.0146,5.271],[70.4479,73.0146,0.0],[70.4688,73.0208,1.9425],[70.4792,73.0208,0.0],[70.4875,73.0292,7.39],[70.4979,73.0271,0.0],[70.5026,73.0307,3.8487],[70.5182,73.0339,0.0],[70.5193,73.037,0.0],[70.5266,73.038,0.0],[70.5313,73.0417,8.0555],[70.5417,73.0417,0.0],[70.5479,73.0458,5.498],[70.5583,73.0437,0.0],[70.5682,73.0463,0.0],[70.5729,73.05,1.888],[70.5833,73.05,0.0],[70.5932,73.0526,0.0],[70.5964,73.0557,0.0],[70.6146,73.0604,0.0],[70.625,73.0604,0.0],[70.6292,73.0625,3.2888],[70.6479,73.0625,0.0],[70.6542,73.0667,7.3187],[70.6792,73.0667,0.0],[70.6917,73.0708,4.7868],[70.7042,73.0708,0.0],[70.7167,73.075,0.0],[70.7271,73.075,0.0],[70.7333,73.0792,4.7372],[70.7604,73.0813,0.0],[70.7651,73.0849,2.992],[70.775,73.0875,1.5822],[70.7833,73.0854,0.0],[70.8063,73.0917,4.8222],[70.8333,73.0938,0.0],[70.8458,73.0979,0.0],[70.8729,73.1,0.0],[70.8771,73.1021,5.544],[70.8875,73.1,0.0],[70.9,73.1042,5.0753],[70.9104,73.1042,0.6197],[70.9229,73.1083,1.2871],[70.9417,73.1083,0.0669],[70.9432,73.1078,3.2436],[70.9422,73.1047,3.7537],[70.9437,73.1042,0.0],[70.9646,73.1021,3.1007],[70.9688,73.1,0.0],[70.9792,73.1,2.1522],[70.9833,73.1021,3.4063],[70.9875,73.1021,3.2696],[70.9891,73.1016,3.4664],[70.988,73.0984,0.0],[70.9896,73.0979,0.0],[71.0125,73.0979,5.4652],[71.0167,73.0958,0.0],[71.0271,73.0958,0.0],[71.0313,73.0979,3.9021],[71.0479,73.0979,4.5816],[71.0521,73.0958,0.0],[71.1062,73.0958,0.0],[71.1104,73.0979,3.025],[71.1208,73.0979,0.0],[71.125,73.1,5.3142],[71.1328,73.1005,6.0605],[71.1276,73.1036,5.2343],[71.1375,73.1062,5.9517],[71.1412,73.1057,6.106],[71.1422,73.1026,6.4492],[71.1479,73.1,0.0],[71.1583,73.1,0.0],[71.1625,73.1021,2.4589],[71.1896,73.1021,0.0],[71.1937,73.1062,1.7713],[71.1979,73.1062,0.8465],[71.2021,73.1083,2.5858],[71.2161,73.1088,0.0],[71.2109,73.1109,4.6747],[71.2125,73.1125,4.623],[71.2229,73.1104,0.0],[71.2354,73.1146,3.9255],[71.2479,73.1146,0.0],[71.2505,73.1182,5.2935],[71.2667,73.1208,2.3527],[71.2708,73.1229,2.6695],[71.2979,73.125,0.0],[71.3005,73.1286,1.6996],[71.3078,73.1297,1.255],[71.313,73.137,3.5245],[71.3203,73.138,0.0],[71.3172,73.1412,3.89],[71.3328,73.1443,2.2708],[71.3375,73.1479,4.3111],[71.3417,73.1479,0.0],[71.3625,73.1542,3.9957],[71.3729,73.1542,0.0],[71.3771,73.1563,6.2576],[71.4458,73.1563,0.0],[71.4521,73.1542,0.0],[71.4563,73.1563,0.0],[71.4896,73.1563,0.0],[71.4938,73.1542,0.0],[71.5396,73.1542,0.0],[71.5437,73.1563,0.0],[71.5771,73.1563,0.0],[71.5833,73.1583,0.0],[71.5938,73.1542,0.0],[71.6188,73.1542,0.0],[71.6229,73.1583,0.0],[71.6271,73.1583,0.0],[71.6312,73.1563,0.0],[71.6417,73.1563,0.0],[71.6479,73.1583,0.0],[71.6521,73.1563,0.0],[71.6604,73.1563,0.0],[71.6646,73.1542,0.0],[71.675,73.1542,0.0],[71.6787,73.1568,0.0],[71.6734,73.1589,0.0],[71.6766,73.1641,0.0],[71.6713,73.1651,0.0],[71.6745,73.1724,0.0],[71.663,73.1734,0.0],[71.6641,73.1787,0.0],[71.6547,73.1818,0.0],[71.6557,73.187,0.0],[71.6505,73.188,0.0],[71.6516,73.1932,0.0],[71.6484,73.1943,0.0],[71.6432,73.2016,0.0],[71.6401,73.2026,0.0],[71.6412,73.2078,0.0],[71.6359,73.2089,0.0],[71.637,73.212,0.0],[71.6318,73.213,0.0],[71.6328,73.2161,0.0],[71.6276,73.2172,0.0],[71.6286,73.2203,0.0],[71.6234,73.2214,0.0],[71.6224,73.2245,0.0],[71.6182,73.2266,0.0],[71.613,73.2276,0.8901],[71.6141,73.2328,0.0],[71.5964,73.2338,4.1275],[71.5979,73.2354,3.7613],[71.6036,73.2359,0.0],[71.6036,73.2391,0.0],[71.588,73.2443,0.0],[71.5891,73.2495,0.0],[71.5776,73.2505,5.1435],[71.5849,73.2536,0.0],[71.5734,73.2547,4.2453],[71.5745,73.2578,0.0],[71.5568,73.263,7.9754],[71.5578,73.2662,2.5505],[71.5526,73.2672,4.8089],[71.5537,73.2703,0.0],[71.5422,73.2734,5.3303],[71.5432,73.2766,0.0],[71.5193,73.2818,0.9737],[71.5203,73.2849,1.6128],[71.5151,73.2859,1.3075],[71.5162,73.2891,0.0],[71.5026,73.2901,1.2104],[71.5036,73.2932,0.0],[71.4984,73.2943,1.7744],[71.4995,73.2974,0.0],[71.4917,73.3,0.0],[71.4833,73.3,1.5491],[71.4755,73.3026,1.3631],[71.4766,73.3057,0.0],[71.475,73.3063,0.0],[71.4646,73.3063,1.5574],[71.4437,73.3146,1.3514],[71.4354,73.3146,0.8909],[71.4187,73.3208,1.5636],[71.4068,73.3203,1.1714],[71.4026,73.313,1.7087],[71.4187,73.3083,1.1735],[71.4224,73.312,1.2242],[71.4172,73.3141,1.5438],[71.4292,73.3146,1.259],[71.437,73.312,1.5033],[71.4359,73.3089,0.9312],[71.4411,73.3078,1.2779],[71.4401,73.3047,1.2397],[71.4453,73.3037,1.4354],[71.4437,73.3021,1.3308],[71.4318,73.3016,1.3685],[71.4297,73.2984,1.3671],[71.4625,73.2979,1.1708],[71.4667,73.2958,1.0242],[71.4771,73.2979,1.2616],[71.4786,73.2974,1.2616],[71.4776,73.2943,1.163],[71.4828,73.2922,1.2896],[71.4729,73.2896,2.9021],[71.4688,73.2896,3.2013],[71.4646,73.2917,1.3457],[71.4479,73.2917,1.0162],[71.4437,73.2896,1.3512],[71.4313,73.2896,1.0042],[71.4271,73.2875,4.56],[71.4104,73.2875,1.6027],[71.4063,73.2896,0.819],[71.4021,73.2896,1.004],[71.4005,73.288,0.9418],[71.4057,73.2859,2.5759],[71.3688,73.2833,0.9223],[71.3641,73.2797,1.0429],[71.3568,73.2786,1.0841],[71.3542,73.275,2.0965],[71.3438,73.275,1.3287],[71.3396,73.2771,1.145],[71.3354,73.2771,1.2349],[71.3255,73.2745,1.1953],[71.3224,73.2693,1.2519],[71.3151,73.2682,1.0709],[71.3057,73.2568,1.1324],[71.2937,73.2562,1.1481],[71.2839,73.2536,1.3478],[71.287,73.2516,1.1137],[71.288,73.2484,1.0161],[71.2911,73.2474,0.8389],[71.2922,73.2443,0.822],[71.3021,73.2438,2.7608],[71.3037,73.2422,2.4926],[71.2979,73.2417,1.3554],[71.2932,73.238,1.6405],[71.2859,73.237,1.195],[71.2839,73.2338,1.8167],[71.2958,73.2333,2.467],[71.3037,73.2307,2.8675],[71.3021,73.2292,2.6871],[71.2979,73.2292,2.1583],[71.2937,73.2312,2.4497],[71.2875,73.2292,1.9399],[71.2755,73.2297,1.6651],[71.2703,73.237,1.1244],[71.2651,73.238,2.9324],[71.2682,73.2432,0.9373],[71.2505,73.2484,1.2275],[71.2438,73.2521,1.2787],[71.2042,73.2521,1.2622],[71.2,73.25,2.6868],[71.1813,73.25,3.4859],[71.1771,73.2521,2.7459],[71.1417,73.2542,2.2302],[71.1375,73.2562,0.6705],[71.1333,73.2562,0.9853],[71.1292,73.2542,2.894],[71.1188,73.2542,3.6269],[71.1146,73.2562,1.0826],[71.0854,73.2562,2.8164],[71.0813,73.2583,1.0261],[71.0771,73.2583,1.1196],[71.0729,73.2562,4.1121],[71.0625,73.2562,3.8327],[71.0563,73.2583,0.1455],[71.0521,73.2562,4.1235],[71.0396,73.2562,3.3376],[71.0297,73.2536,1.1175],[71.025,73.25,4.3546],[71.0146,73.25,-0.0203],[71.0021,73.2458,4.5077],[70.9672,73.2464,-0.299],[70.9688,73.2479,0.6196],[70.9745,73.2484,0.9761],[70.9714,73.2505,1.8716],[70.9729,73.2521,2.035],[70.9792,73.25,0.2518],[70.9849,73.2505,-0.276],[70.9849,73.2536,3.0034],[70.9734,73.2547,2.0481],[70.975,73.2562,1.8685],[70.9854,73.2562,2.3],[70.9958,73.2521,0.2015],[71.0078,73.2547,2.1796],[70.9984,73.2589,0.8934],[71.0057,73.262,-1.1247],[70.9943,73.2662,3.3391],[71.0042,73.2688,1.9187],[71.0167,73.2688,-0.5884],[71.0208,73.2708,2.3646],[71.0437,73.2667,-0.3955],[71.0479,73.2688,1.3319],[71.0604,73.2688,0.2566],[71.0646,73.2708,0.9909],[71.0813,73.2708,2.3216],[71.0828,73.2703,1.2935],[71.0818,73.2672,0.7764],[71.0833,73.2667,0.4915],[71.1083,73.2667,2.2461],[71.1125,73.2646,1.7271],[71.1229,73.2646,1.0024],[71.1245,73.2662,1.1681],[71.1193,73.2682,1.657],[71.1266,73.2693,1.1289],[71.1312,73.2729,0.6501],[71.1349,73.2724,1.0461],[71.1333,73.2688,1.1787],[71.1354,73.2667,1.6674],[71.1604,73.2667,0.7749],[71.1646,73.2708,1.6597],[71.1771,73.2708,0.664],[71.1813,73.2729,1.639],[71.25,73.2729,1.565],[71.2516,73.2745,1.4834],[71.2484,73.2755,1.3243],[71.2474,73.2786,1.1916],[71.2422,73.2807,1.1086],[71.25,73.2813,0.973],[71.2516,73.2828,0.9681],[71.2401,73.2859,1.0555],[71.2412,73.2911,1.1522],[71.2359,73.2932,1.2189],[71.2729,73.2958,1.0671],[71.2776,73.2995,1.6863],[71.2849,73.3005,1.2471],[71.2911,73.3099,1.2038],[71.2833,73.3125,1.1052],[71.25,73.3125,1.1939],[71.2458,73.3104,1.8006],[71.2422,73.3109,1.5453],[71.2443,73.3141,1.1743],[71.2542,73.3167,1.3812],[71.2646,73.3167,1.3354],[71.2688,73.3187,1.5093],[71.2792,73.3187,1.7057],[71.2896,73.3146,1.1622],[71.2937,73.3146,1.2111],[71.2979,73.3167,1.5384],[71.3083,73.3167,0.9393],[71.3146,73.3208,1.2147],[71.3557,73.3193,1.4545],[71.3557,73.3224,1.1059],[71.3526,73.3234,1.5907],[71.3516,73.3266,0.0],[71.3234,73.3359,1.9551],[71.3266,73.3411,1.9324],[71.3208,73.3417,2.1067],[71.3161,73.338,2.1269],[71.3125,73.3375,2.0897],[71.3047,73.3401,1.8678],[71.3057,73.3432,1.5775],[71.3005,73.3443,2.0654],[71.3021,73.3458,1.6972],[71.3208,73.3458,1.7745],[71.3255,73.3495,1.6468],[71.3328,73.3505,0.0],[71.3375,73.3542,1.2477],[71.3495,73.3547,0.0],[71.3516,73.3578,1.5573],[71.3318,73.3588,1.7499],[71.3328,73.362,2.0725],[71.3214,73.363,2.0977],[71.3287,73.3662,1.0685],[71.3167,73.3667,1.4265],[71.3083,73.3708,1.1515],[71.2963,73.3714,2.7755],[71.2974,73.3745,1.9458],[71.2922,73.3755,2.6768],[71.2932,73.3786,1.0834],[71.2813,73.3792,2.0761],[71.2797,73.3797,2.3109],[71.2807,73.3828,1.5539],[71.2708,73.3854,1.4255],[71.2662,73.3818,1.4374],[71.2589,73.3807,1.2108],[71.2557,73.3776,1.4308],[71.2484,73.3766,1.1813],[71.2536,73.3734,1.3324],[71.2354,73.3688,1.4587],[71.2292,73.3688,1.4423],[71.2266,73.3651,1.4464],[71.2193,73.3641,1.5209],[71.2146,73.3604,1.5184],[71.2089,73.3599,1.5576],[71.2057,73.3568,1.422],[71.1984,73.3557,0.5344],[71.2099,73.3516,1.4079],[71.2083,73.35,1.1671],[71.2042,73.35,0.9],[71.1937,73.3542,1.3009],[71.1854,73.3542,1.9537],[71.1839,73.3547,1.781],[71.1849,73.3578,1.362],[71.1792,73.3583,0.954],[71.1766,73.3547,2.2748],[71.1589,73.3516,2.2601],[71.1557,73.3464,1.8092],[71.1484,73.3453,0.9894],[71.1464,73.3422,1.0999],[71.1578,73.338,1.3501],[71.1505,73.337,1.2485],[71.1484,73.3339,1.1708],[71.1563,73.3313,1.2705],[71.1661,73.3307,1.4883],[71.1646,73.3292,1.3333],[71.1589,73.3287,1.2831],[71.1557,73.3255,1.4264],[71.1484,73.3245,1.1698],[71.15,73.3229,1.1382],[71.1583,73.3229,1.4253],[71.1604,73.3208,0.9734],[71.1578,73.3172,1.3497],[71.1505,73.3161,1.2235],[71.1557,73.3141,1.3999],[71.1547,73.3109,1.4221],[71.1599,73.3089,0.9897],[71.1536,73.3005,-0.3552],[71.15,73.3,0.5326],[71.1359,73.3047,2.5377],[71.137,73.3078,1.4286],[71.1318,73.3089,1.2941],[71.1328,73.312,1.484],[71.1276,73.313,1.4249],[71.1224,73.3203,1.3019],[71.1193,73.3214,1.3772],[71.1182,73.3245,1.2546],[71.1083,73.325,2.8818],[71.1005,73.3276,2.1937],[71.0943,73.3297,1.794],[71.0953,73.3328,0.9611],[71.0901,73.3339,1.3994],[71.0922,73.337,1.3112],[71.1078,73.3401,0.7335],[71.1026,73.3432,1.4086],[71.1088,73.3536,0.7558],[71.1109,73.3557,0.6619],[71.1182,73.3568,0.8266],[71.1214,73.3599,1.5154],[71.1286,73.3609,1.5428],[71.1349,73.3703,0.927],[71.1297,73.3714,2.689],[71.1307,73.3766,2.6313],[71.1255,73.3776,3.0486],[71.1266,73.3807,2.4304],[71.1214,73.3818,2.3241],[71.1224,73.3849,1.5659],[71.1172,73.3859,1.7206],[71.1182,73.3891,1.3627],[71.1068,73.3922,1.7218],[71.1088,73.3953,1.2963],[71.1146,73.3958,0.6867],[71.1162,73.3974,0.9003],[71.1062,73.3979,1.1734],[71.0984,73.4005,1.1765],[71.1057,73.4036,1.326],[71.0943,73.4047,1.4491],[71.0953,73.4099,1.2216],[71.0839,73.4141,3.4386],[71.0974,73.413,1.1982],[71.1036,73.4213,1.195],[71.0984,73.4245,1.3512],[71.1083,73.4271,1.246],[71.1188,73.4271,1.4926],[71.1292,73.4229,1.1742],[71.1396,73.425,1.4275],[71.1438,73.4229,1.2949],[71.1896,73.4229,1.5888],[71.1911,73.4224,1.5183],[71.1901,73.4172,1.1272],[71.2141,73.4141,1.6364],[71.2141,73.4109,1.5665],[71.2063,73.4104,1.1116],[71.2047,73.4089,0.8042],[71.2161,73.4057,1.4714],[71.2151,73.4026,0.9299],[71.2167,73.4021,0.9412],[71.2562,73.4021,0.0],[71.2609,73.4057,0.5485],[71.2667,73.4063,0.0],[71.2682,73.4078,0.0],[71.2604,73.4104,1.5269],[71.2521,73.4104,1.7813],[71.2479,73.4125,2.0717],[71.2312,73.4125,1.8224],[71.2297,73.4141,2.3193],[71.2354,73.4146,1.7379],[71.237,73.4161,1.5723],[71.2312,73.4187,2.0697],[71.2083,73.4208,1.6187],[71.1979,73.425,2.0862],[71.1896,73.425,2.0783],[71.1854,73.4292,1.4272],[71.1625,73.4292,1.8179],[71.1547,73.4318,1.8336],[71.1557,73.4349,1.9801],[71.1479,73.4375,0.0],[71.1312,73.4375,1.9198],[71.1271,73.4396,1.8967],[71.1188,73.4396,2.3077],[71.1083,73.4437,2.0788],[71.0984,73.4443,2.3645],[71.0958,73.4479,1.7441],[71.0792,73.4479,3.1992],[71.0708,73.4521,0.0],[71.0542,73.4521,2.0256],[71.0437,73.4563,1.3962],[71.0,73.4604,3.0314],[70.9896,73.4646,0.5072],[70.9667,73.4646,1.4954],[70.9625,73.4667,1.8379],[70.9542,73.4667,1.915],[70.95,73.4688,0.8424],[70.9333,73.4688,2.2285],[70.9292,73.4708,2.1024],[70.9187,73.4708,2.5081],[70.9146,73.4729,1.1116],[70.8833,73.4729,1.1059],[70.8792,73.475,1.7341],[70.8729,73.475,1.8816]]],
[[[70.2063,73.3729,1.0304],[70.1984,73.3724,0.9147],[70.1964,73.3693,0.8551],[70.2083,73.3688,0.7436],[70.212,73.3714,0.8124],[70.2104,73.3729,0.8149],[70.2063,73.3729,1.0304]]],
[[[71.4083,73.2979,1.3392],[71.4141,73.2984,1.2939],[71.4161,73.3016,1.1306],[71.4109,73.3026,1.2388],[71.4083,73.3063,1.4571],[71.3979,73.3063,1.359],[71.3953,73.3026,1.2341],[71.388,73.3016,1.0888],[71.3859,73.2995,0.7689],[71.3938,73.2958,1.356],[71.4042,73.2958,1.2082],[71.4083,73.2979,1.3392]]],
[[[71.3141,73.3016,0.9551],[71.3083,73.3021,1.1199],[71.3068,73.3005,1.2096],[71.3125,73.3,1.3852],[71.3141,73.3016,0.9551]]],
[[[71.3328,73.3068,1.0907],[71.3349,73.312,1.2137],[71.3229,73.3167,1.4519],[71.3172,73.3161,1.0168],[71.3224,73.3141,1.3979],[71.3214,73.3089,0.9475],[71.3271,73.3063,1.2014],[71.3328,73.3068,1.0907]]],
[[[71.3417,73.3646,1.4115],[71.3432,73.3662,1.7389],[71.3359,73.3662,1.2284],[71.3375,73.3646,1.2545],[71.3417,73.3646,1.4115]]],
[[[70.1875,73.3729,0.8653],[70.1958,73.3729,0.8805],[70.1974,73.3745,1.0367],[70.1875,73.3771,0.9722],[70.1839,73.3734,0.9754],[70.1875,73.3729,0.8653]]],
[[[70.1813,73.3771,1.1406],[70.1849,73.3776,0.84],[70.1849,73.3786,1.2949],[70.1797,73.3786,0.9239],[70.1813,73.3771,1.1406]]],
[[[70.2188,73.3896,0.9727],[70.2224,73.3901,0.9846],[70.2224,73.3912,0.878],[70.2172,73.3912,0.9652],[70.2188,73.3896,0.9727]]],
[[[70.2167,73.3958,0.653],[70.2063,73.3958,0.7122],[70.2047,73.3943,1.0588],[70.2182,73.3943,1.5785],[70.2167,73.3958,0.653]]],
[[[71.3245,73.3693,1.4008],[71.3229,73.3708,1.3296],[71.3172,73.3703,1.0731],[71.3187,73.3688,1.016],[71.3245,73.3693,1.4008]]],
[[[71.1167,73.4229,1.2461],[71.1182,73.4245,1.3248],[71.113,73.4245,1.2826],[71.113,73.4234,1.2988],[71.1167,73.4229,1.2461]]],
[[[70.1292,73.3958,1.126],[70.1307,73.3974,1.4256],[70.1255,73.3974,1.0488],[70.1255,73.3964,1.0912],[70.1292,73.3958,1.126]]],
[[[70.4125,73.4167,1.2569],[70.4141,73.4182,1.1557],[70.4089,73.4182,1.0557],[70.4089,73.4172,1.0329],[70.4125,73.4167,1.2569]]],
[[[70.4729,73.4313,0.9929],[70.4745,73.4328,1.2418],[70.4693,73.4328,1.1383],[70.4693,73.4318,1.0608],[70.4729,73.4313,0.9929]]],
[[[70.3146,73.4354,1.5975],[70.3161,73.437,1.3683],[70.3109,73.437,1.5139],[70.3109,73.4359,1.2992],[70.3146,73.4354,1.5975]]],
[[[70.5099,73.4422,1.6351],[70.5083,73.4437,1.6339],[70.5047,73.4432,1.1442],[70.5062,73.4417,1.2667],[70.5099,73.4422,1.6351]]],
[[[70.8,73.4771,0.0],[70.7963,73.4766,1.2124],[70.7943,73.4734,1.833],[70.8016,73.4734,1.6513],[70.8016,73.4766,1.05],[70.8,73.4771,0.0]]],
[[[67.2701,69.4211,0.8986],[67.2771,69.4208,0.6095],[67.2818,69.4245,0.8861],[67.2917,69.425,0.6734],[67.2937,69.4271,0.5909],[67.2917,69.4292,0.742],[67.2833,69.4292,0.4085],[67.2729,69.425,0.5826],[67.263,69.4245,0.6221],[67.2701,69.4211,0.8986]]],
[[[67.6167,69.475,0.1693],[67.6208,69.475,0.2247],[67.6224,69.4766,0.0042],[67.6104,69.4812,0.0],[67.5958,69.4812,0.0],[67.5818,69.4766,0.0],[67.5833,69.475,0.0],[67.6167,69.475,0.1693]]],
[[[68.037,69.4953,0.0],[68.0292,69.4958,0.0],[68.0276,69.4943,0.0],[68.0354,69.4938,0.0],[68.037,69.4953,0.0]]],
[[[67.3458,69.5667,0.0],[67.3474,69.5724,0.0],[67.3422,69.5734,4.5963],[67.3417,69.575,6.1787],[67.3422,69.5766,14.4392],[67.3474,69.5787,0.0],[67.3432,69.5807,13.6342],[67.3104,69.5813,0.0],[67.3063,69.5792,5.0503],[67.2917,69.5792,0.0],[67.2875,69.5771,6.9894],[67.2792,69.5771,0.0],[67.275,69.575,12.7464],[67.2667,69.575,7.6998],[67.2604,69.5771,0.0],[67.2562,69.575,0.0],[67.2417,69.575,0.0],[67.2375,69.5729,7.184],[67.2229,69.5729,0.0],[67.2125,69.5687,15.477],[67.2042,69.5687,0.0],[67.1875,69.5625,0.0],[67.1792,69.5625,0.0],[67.1766,69.5589,0.0],[67.163,69.5557,0.0],[67.162,69.5526,6.7119],[67.1505,69.5495,0.0],[67.1474,69.5463,0.0],[67.1422,69.5453,0.0],[67.1412,69.5422,0.0],[67.1297,69.5391,0.0],[67.1328,69.5359,0.0],[67.1214,69.5349,0.0],[67.1203,69.5318,0.0],[67.1151,69.5307,0.0],[67.112,69.5214,0.0],[67.1021,69.5208,0.0],[67.0995,69.5172,0.0],[67.0922,69.5162,0.0],[67.0911,69.5089,0.0],[67.0891,69.5068,0.0],[67.0776,69.5057,0.0],[67.0589,69.4995,0.0],[67.0563,69.4958,0.0],[67.05,69.4979,0.0],[67.0463,69.4974,0.0],[67.0432,69.4881,0.0],[67.038,69.487,0.0],[67.0349,69.4838,0.0],[67.0271,69.4812,0.1652],[67.0109,69.4807,0.3316],[67.0089,69.4714,0.0],[67.0188,69.4708,0.0],[67.0229,69.4729,0.5027],[67.0266,69.4724,0.403],[67.0276,69.4693,0.0],[67.0474,69.462,0.0],[67.0484,69.4589,0.0],[67.0526,69.4568,0.0],[67.0745,69.4495,0.5785],[67.0729,69.4479,0.0],[67.0672,69.4474,0.0],[67.0672,69.4443,0.0],[67.0792,69.4396,0.2187],[67.1,69.4396,0.4936],[67.1042,69.4417,0.3572],[67.1292,69.4417,0.4299],[67.1396,69.4375,0.0],[67.1521,69.4375,0.3527],[67.1563,69.4354,0.0],[67.1813,69.4354,0.4315],[67.1854,69.4333,0.0],[67.2042,69.4333,0.7865],[67.2125,69.4292,0.0],[67.2458,69.4292,0.0],[67.25,69.4313,0.0],[67.2625,69.4313,0.0],[67.2667,69.4333,0.0],[67.275,69.4333,0.0],[67.2792,69.4354,0.0],[67.2875,69.4354,0.0],[67.2953,69.438,0.0],[67.3,69.4417,2.8089],[67.3063,69.4396,0.0],[67.3109,69.4432,0.0],[67.3224,69.4464,0.0],[67.3172,69.4484,10.2043],[67.3182,69.4516,0.8784],[67.313,69.4526,1.137],[67.3203,69.4568,0.0],[67.3151,69.4589,0.4975],[67.3203,69.4609,0.0],[67.3172,69.4641,1.1838],[67.3271,69.4646,0.0],[67.3349,69.4672,0.9405],[67.3359,69.4703,1.1522],[67.3411,69.4714,0.0],[67.3443,69.4807,1.3536],[67.3495,69.4818,0.6672],[67.3516,69.4838,0.7894],[67.3526,69.4891,1.446],[67.3547,69.4912,1.4946],[67.3662,69.4943,0.0],[67.3672,69.4995,0.0],[67.3745,69.5005,0.0],[67.375,69.5021,0.0],[67.3745,69.5036,0.0],[67.3693,69.5057,12.5125],[67.3745,69.5068,0.0],[67.3766,69.5089,0.0],[67.3766,69.512,0.0],[67.3714,69.5141,17.1224],[67.3786,69.5151,0.0],[67.3786,69.5203,0.0],[67.3755,69.5224,4.0949],[67.3807,69.5234,0.0],[67.3807,69.5286,0.0],[67.3714,69.5318,11.8704],[67.3703,69.5349,7.5113],[67.3672,69.5359,15.9917],[67.3724,69.5391,0.0],[67.3672,69.5401,15.673],[67.3682,69.5432,0.0],[67.363,69.5443,22.4759],[67.3641,69.5495,0.0],[67.3588,69.5505,12.2715],[67.3599,69.5537,0.0],[67.3547,69.5547,16.349],[67.3495,69.562,0.0],[67.3443,69.563,12.2424],[67.3458,69.5667,0.0]]],
[[[67.3187,70.0896,0.0],[67.3203,70.0911,0.0],[67.3151,70.0911,0.4534],[67.3151,70.0901,0.437],[67.3187,70.0896,0.0]]],
[[[67.3271,70.0979,0.0],[67.3287,70.0995,0.4133],[67.3234,70.0995,0.4759],[67.3234,70.0984,0.544],[67.3271,70.0979,0.0]]],
[[[67.1563,70.1,0.528],[67.1578,70.1016,0.7347],[67.1484,70.1026,1.1508],[67.1484,70.1057,1.1096],[67.1536,70.1078,1.077],[67.1359,70.1078,1.2625],[67.1359,70.1047,0.7528],[67.1412,70.1036,0.8926],[67.1401,70.1005,0.7259],[67.1453,70.0995,0.8456],[67.1464,70.0964,0.9426],[67.1505,70.0943,0.9118],[67.1557,70.0943,0.0],[67.1521,70.0979,0.7272],[67.1526,70.0995,0.8898],[67.1563,70.1,0.528]]],
[[[67.1646,70.1062,0.8349],[67.1563,70.1062,1.2221],[67.1547,70.1047,1.1635],[67.1661,70.1047,0.0],[67.1646,70.1062,0.8349]]],
[[[67.35,70.1083,0.7228],[67.3521,70.1083,0.3324],[67.3516,70.1099,0.4501],[67.3464,70.1099,0.4958],[67.3464,70.1088,0.5268],[67.35,70.1083,0.7228]]],
[[[67.2604,70.1458,0.4838],[67.2526,70.1453,0.8258],[67.2526,70.1422,0.9531],[67.2604,70.1417,0.7747],[67.2641,70.1443,0.7023],[67.2604,70.1458,0.4838]]],
[[[67.2422,70.1484,0.6191],[67.2453,70.1484,0.5328],[67.2453,70.1495,0.5928],[67.2422,70.1495,0.7263],[67.2422,70.1484,0.6191]]],
[[[67.2688,70.1479,0.5884],[67.2703,70.1495,0.5978],[67.2651,70.1495,0.3624],[67.2651,70.1484,0.4233],[67.2688,70.1479,0.5884]]],
[[[67.2521,70.1521,0.7067],[67.2536,70.1536,0.7591],[67.2484,70.1536,0.8186],[67.2484,70.1526,0.7067],[67.2521,70.1521,0.7067]]],
[[[67.2667,70.1542,0.4963],[67.2662,70.1557,0.4182],[67.2625,70.1563,0.3796],[67.2604,70.1542,0.5005],[67.2609,70.1526,0.361],[67.2646,70.1521,0.2217],[67.2667,70.1542,0.4963]]],
[[[67.2729,70.1563,0.0],[67.2745,70.1578,0.0],[67.2693,70.1578,0.275],[67.2693,70.1568,0.493],[67.2729,70.1563,0.0]]],
[[[67.2542,70.1583,0.5705],[67.2557,70.1599,0.5004],[67.2505,70.1599,0.6152],[67.2505,70.1589,0.601],[67.2542,70.1583,0.5705]]],
[[[67.0641,69.3453,0.0],[67.0589,69.3453,0.0],[67.0568,69.3422,0.0],[67.0682,69.3422,0.0],[67.0641,69.3453,0.0]]],
[[[67.0792,69.3542,0.0],[67.0828,69.3557,0.0],[67.075,69.3562,0.0],[67.0708,69.3583,0.0],[67.0672,69.3578,0.0],[67.0667,69.3562,0.0],[67.0687,69.3542,0.0],[67.0792,69.3542,0.0]]],
[[[67.0307,69.3557,0.0],[67.0167,69.3562,0.0],[67.0125,69.3604,0.0],[67.0042,69.3604,0.0],[67.0021,69.3583,0.0],[67.0042,69.3562,0.0],[67.012,69.3557,0.0],[67.0146,69.3521,0.0],[67.0229,69.3521,0.0],[67.0307,69.3557,0.0]]],
[[[67.0,69.4688,0.0],[66.9938,69.4708,0.4524],[66.9875,69.4708,0.5727],[66.9833,69.4729,0.4781],[66.975,69.4729,0.4402],[66.9724,69.4693,0.6155],[66.9646,69.4667,0.4169],[66.9563,69.4667,0.3125],[66.9333,69.4583,0.9057],[66.9276,69.4578,0.2468],[66.9266,69.4526,0.0],[66.9213,69.4516,0.0],[66.9208,69.45,0.0],[66.9229,69.4479,0.0],[66.9292,69.45,0.0],[66.9318,69.4464,0.0],[66.937,69.4453,1.012],[66.9359,69.4422,0.0],[66.9411,69.4411,0.6824],[66.9401,69.4359,0.0],[66.9495,69.4328,0.0],[66.9505,69.4297,0.0],[66.9557,69.4287,0.7361],[66.9547,69.4234,0.0],[66.9599,69.4224,0.0],[66.9609,69.4193,0.0],[66.9703,69.4161,1.5364],[66.9693,69.4109,0.0],[66.9745,69.4099,0.0],[66.9797,69.4026,0.0],[66.9891,69.3995,0.0],[66.9943,69.3922,0.0],[66.9995,69.3912,0.0],[66.9984,69.3859,0.0],[67.0021,69.3854,0.0],[67.0083,69.3875,0.0],[67.05,69.3708,0.0],[67.0563,69.3708,0.0],[67.0604,69.3688,0.0],[67.0729,69.3688,0.0],[67.0938,69.3604,0.0],[67.1125,69.3583,0.0],[67.1271,69.3542,0.0],[67.1458,69.3542,0.0],[67.15,69.3521,0.0],[67.1708,69.3542,0.0],[67.1724,69.3557,0.0],[67.1672,69.3578,0.0],[67.1724,69.3588,0.0],[67.1745,69.362,0.0],[67.1693,69.363,0.0],[67.1693,69.3662,0.0],[67.1713,69.3703,0.0],[67.1766,69.3714,0.0],[67.1734,69.3734,0.0],[67.1734,69.3766,0.6092],[67.1787,69.3776,0.0],[67.1734,69.3807,0.0],[67.1807,69.3818,0.0],[67.1833,69.3854,0.0],[67.1932,69.3859,0.0],[67.1943,69.3891,0.0],[67.1995,69.3901,0.0],[67.2021,69.3938,0.2707],[67.2229,69.3958,0.0],[67.2333,69.4,1.0121],[67.2391,69.4005,0.0],[67.2401,69.4036,0.5053],[67.2479,69.4063,0.3918],[67.2562,69.4063,0.2072],[67.2703,69.4109,0.8037],[67.2724,69.413,0.5693],[67.2583,69.4187,0.5973],[67.2458,69.4187,0.4572],[67.2417,69.4167,0.5613],[67.2333,69.4167,0.3906],[67.2292,69.4146,0.6098],[67.2042,69.4146,0.4937],[67.2,69.4167,0.0],[67.1901,69.4172,0.8388],[67.1922,69.4203,0.0],[67.2016,69.4213,0.7513],[67.1958,69.425,0.0],[67.1833,69.425,0.5062],[67.1792,69.4271,0.0],[67.1708,69.425,0.2859],[67.1667,69.4271,0.0],[67.1417,69.4271,0.63],[67.1375,69.4292,0.0],[67.1188,69.4292,0.5683],[67.1146,69.4313,0.0],[67.1062,69.4313,0.0],[67.1021,69.4333,0.0],[67.0958,69.4313,0.3715],[67.0917,69.4333,0.0],[67.0833,69.4333,0.0],[67.0792,69.4354,0.0],[67.0729,69.4333,0.2801],[67.0687,69.4354,0.0],[67.0542,69.4354,0.4517],[67.0458,69.4396,0.0],[67.0375,69.4396,0.0],[67.0313,69.4375,0.3053],[67.0271,69.4396,0.0],[67.0146,69.4396,0.4289],[67.0068,69.4422,0.3317],[67.0083,69.4437,0.2777],[67.0141,69.4443,0.0],[67.0089,69.4474,0.3734],[67.0141,69.4495,0.0],[67.0062,69.45,0.0],[66.9984,69.4526,0.4631],[67.0021,69.4667,0.3206],[67.0,69.4688,0.0]]],
[[[67.0583,69.4437,0.6667],[67.05,69.4437,0.4144],[67.0484,69.4422,0.0],[67.0661,69.4422,0.0],[67.0646,69.4437,0.463],[67.0583,69.4437,0.6667]]],
[[[66.9849,70.0318,0.5776],[66.9833,70.0333,1.2809],[66.9792,70.0333,1.4782],[66.9812,70.0313,0.9692],[66.9849,70.0318,0.5776]]],
[[[67.0255,70.0453,0.0],[67.0313,70.0458,0.0],[67.0328,70.0474,1.0019],[67.025,70.05,1.237],[67.0167,70.05,1.1407],[67.0089,70.0474,1.0248],[67.0078,70.0443,2.4168],[66.9979,70.0437,1.587],[66.9932,70.0401,2.011],[66.988,70.0391,1.5301],[66.9859,70.0339,1.1275],[66.9896,70.0333,0.0],[66.9943,70.037,0.0],[67.0083,70.0417,0.914],[67.0167,70.0417,0.0],[67.0255,70.0453,0.0]]],
[[[67.1375,70.0896,1.2427],[67.137,70.0911,0.9948],[67.1333,70.0917,0.9405],[67.1312,70.0896,1.1682],[67.1318,70.088,0.0],[67.1354,70.0875,0.0],[67.1375,70.0896,1.2427]]],
[[[67.1479,70.0938,0.8161],[67.1396,70.0938,0.7709],[67.138,70.0922,0.9557],[67.1495,70.0922,0.6038],[67.1479,70.0938,0.8161]]],
[[[66.9437,70.3958,0.0],[66.9401,70.3943,0.6127],[66.9458,70.3917,0.0],[66.9557,70.3922,0.0],[66.95,70.3958,0.0],[66.9437,70.3958,0.0]]],
[[[66.9021,70.4042,0.3322],[66.9036,70.4057,0.0748],[66.8984,70.4057,0.3125],[66.8984,70.4047,0.1556],[66.9021,70.4042,0.3322]]],
[[[66.8583,70.4104,0.4035],[66.8568,70.4099,0.3423],[66.8568,70.4068,0.6941],[66.8625,70.4042,0.3],[66.8662,70.4047,0.0],[66.863,70.4068,0.4718],[66.862,70.4099,0.4363],[66.8583,70.4104,0.4035]]],
[[[66.8943,70.4068,0.3362],[66.8974,70.4068,0.3254],[66.8974,70.4078,0.2616],[66.8943,70.4078,0.2716],[66.8943,70.4068,0.3362]]],
[[[66.8479,70.4083,0.8295],[66.8495,70.4099,0.6068],[66.8443,70.4099,0.3625],[66.8443,70.4089,0.6303],[66.8479,70.4083,0.8295]]],
[[[66.8453,70.4141,0.402],[66.8479,70.4125,0.8071],[66.8562,70.4125,0.3957],[66.8583,70.4146,0.4172],[66.8562,70.4167,0.6062],[66.8339,70.4161,0.7163],[66.8354,70.4146,0.9942],[66.8453,70.4141,0.402]]],
[[[66.8187,70.4167,1.0724],[66.8203,70.4182,0.6589],[66.8151,70.4182,1.0708],[66.8151,70.4172,1.0409],[66.8187,70.4167,1.0724]]],
[[[67.2667,70.1604,0.6218],[67.2682,70.162,0.5759],[67.263,70.162,0.5284],[67.263,70.1609,0.4568],[67.2667,70.1604,0.6218]]],
[[[67.2583,70.1708,0.5971],[67.2547,70.1693,0.3393],[67.2604,70.1667,0.3005],[67.2641,70.1672,0.6707],[67.2641,70.1682,0.6396],[67.2583,70.1708,0.5971]]],
[[[67.2562,70.1667,0.3036],[67.2417,70.1667,0.6474],[67.2359,70.1693,0.8478],[67.2349,70.1745,0.6821],[67.2312,70.175,0.6048],[67.2292,70.1729,0.8093],[67.2297,70.1693,0.7808],[67.2328,70.1682,0.7624],[67.2338,70.1651,0.7097],[67.2417,70.1625,0.5976],[67.2562,70.1625,0.6569],[67.2583,70.1646,0.182],[67.2562,70.1667,0.3036]]],
[[[67.1776,70.1828,0.8486],[67.1813,70.1833,0.8247],[67.1875,70.1813,0.7843],[67.1896,70.1833,0.8502],[67.1875,70.1854,0.74],[67.1729,70.1854,0.8173],[67.1687,70.1833,0.931],[67.1604,70.1833,0.0],[67.1589,70.1828,0.0],[67.1568,70.1755,0.0],[67.1667,70.175,1.1749],[67.1708,70.1729,0.0],[67.1911,70.1724,0.8355],[67.1922,70.1672,0.8689],[67.1953,70.1661,0.9847],[67.1964,70.163,0.0],[67.212,70.1578,0.9225],[67.213,70.1547,0.8598],[67.2172,70.1526,0.0],[67.2224,70.1526,0.7884],[67.2193,70.1557,0.9395],[67.2245,70.1568,0.9635],[67.2245,70.1599,0.7126],[67.2167,70.1604,0.6636],[67.2151,70.162,0.8034],[67.2266,70.1651,0.478],[67.2266,70.1682,0.6858],[67.2172,70.1693,0.7668],[67.2146,70.1729,0.874],[67.1958,70.1729,0.9119],[67.188,70.1755,0.6065],[67.1854,70.1792,0.8189],[67.1771,70.1771,0.8135],[67.1755,70.1787,0.7947],[67.1776,70.1828,0.8486]]],
[[[67.1833,70.1687,0.3617],[67.1849,70.1703,1.0609],[67.1797,70.1703,0.641],[67.1797,70.1693,0.3842],[67.1833,70.1687,0.3617]]],
[[[67.2417,70.1792,0.8645],[67.2562,70.1792,0.6387],[67.2562,70.1813,0.5294],[67.238,70.1807,0.563],[67.2417,70.1792,0.8645]]],
[[[67.212,70.1807,0.7662],[67.2042,70.1813,1.02],[67.2026,70.1797,0.8103],[67.2104,70.1792,0.7818],[67.212,70.1807,0.7662]]],
[[[67.2141,70.1828,0.685],[67.2167,70.1813,0.705],[67.225,70.1813,0.867],[67.2266,70.1818,0.6879],[67.2271,70.1854,0.5587],[67.225,70.1875,0.5644],[67.2167,70.1875,0.6596],[67.2089,70.1849,0.6681],[67.2141,70.1828,0.685]]],
[[[68.9563,68.6646,0.0],[68.9578,68.6661,0.0],[68.9526,68.6661,0.0],[68.9526,68.6651,0.0],[68.9563,68.6646,0.0]]],
[[[69.1333,68.9125,0.0],[69.1349,68.9141,0.0],[69.1297,68.9141,0.0],[69.1297,68.913,0.0],[69.1333,68.9125,0.0]]],
[[[68.7047,72.1088,0.9166],[68.7104,72.1083,0.457],[68.712,72.1099,0.7925],[68.7042,72.1125,1.1677],[68.7005,72.112,1.1318],[68.7047,72.1088,0.9166]]],
[[[68.7016,72.1162,1.4725],[68.6958,72.1167,1.0702],[68.6937,72.1146,0.908],[68.6943,72.113,1.496],[68.6979,72.1125,1.4966],[68.7016,72.1162,1.4725]]],
[[[67.3375,70.3646,0.0],[67.3396,70.3646,0.0],[67.3391,70.3662,0.0],[67.3339,70.3662,0.0],[67.3339,70.3651,0.0],[67.3375,70.3646,0.0]]],
[[[67.325,70.3667,0.4697],[67.3313,70.3667,0.4434],[67.3328,70.3682,0.3666],[67.325,70.3708,0.4392],[67.3214,70.3672,0.0],[67.325,70.3667,0.4697]]],
[[[67.3167,70.4396,0.0],[67.3182,70.4411,0.0],[67.313,70.4411,0.0],[67.313,70.4401,0.0],[67.3167,70.4396,0.0]]],
[[[67.3063,70.4417,0.0],[67.3078,70.4432,0.0],[67.3026,70.4432,0.0],[67.3026,70.4422,0.0],[67.3063,70.4417,0.0]]],
[[[66.8438,70.425,0.5496],[66.8359,70.4245,0.7823],[66.8359,70.4213,1.0736],[66.8396,70.4208,0.6098],[66.8474,70.4234,0.5022],[66.8438,70.425,0.5496]]],
[[[66.9224,70.4495,0.3648],[66.9083,70.45,0.493],[66.9042,70.4521,0.4954],[66.8979,70.45,0.391],[66.8896,70.45,0.3057],[66.8859,70.4474,0.2653],[66.8849,70.4422,0.4016],[66.8776,70.4411,0.1502],[66.8828,70.438,0.8535],[66.8776,70.4359,0.2434],[66.887,70.4328,0.9351],[66.8818,70.4297,0.2096],[66.8938,70.425,0.2645],[66.9021,70.4271,0.2554],[66.9099,70.4245,0.5105],[66.8964,70.4172,0.3005],[66.9057,70.4141,0.5818],[66.9005,70.412,0.3444],[66.9005,70.4089,0.3067],[66.9099,70.4057,1.0647],[66.9109,70.4005,0.4718],[66.9141,70.3995,0.3678],[66.9151,70.3964,0.4596],[66.925,70.3938,0.0],[66.9292,70.3958,0.6863],[66.9391,70.3964,0.8252],[66.9375,70.3979,0.8678],[66.9213,70.3984,0.7244],[66.925,70.4021,0.6973],[66.9349,70.4026,0.9196],[66.9297,70.4047,0.357],[66.9313,70.4063,0.4332],[66.9521,70.4083,0.5686],[66.9537,70.4078,0.6759],[66.9537,70.4047,0.8049],[66.9437,70.4042,0.8264],[66.9422,70.4026,0.7807],[66.9563,70.4021,0.4618],[66.9589,70.3984,0.0],[66.9625,70.3979,0.0],[66.9667,70.4,0.0],[66.9766,70.4005,0.0],[66.9786,70.4036,0.0],[66.9734,70.4057,0.5419],[66.987,70.4089,0.0],[66.9818,70.4109,0.6541],[66.9812,70.4125,0.9085],[66.9818,70.4141,0.4146],[66.987,70.4151,0.7243],[66.9891,70.4172,0.0],[66.9891,70.4203,0.0],[66.9797,70.4234,0.8057],[66.9786,70.4266,0.0],[66.9688,70.4271,0.686],[66.9604,70.4313,0.8267],[66.9568,70.4307,0.7765],[66.9599,70.4287,0.3415],[66.9583,70.4271,0.4734],[66.9443,70.4297,0.5804],[66.9443,70.4328,0.6756],[66.9458,70.4333,0.6666],[66.9604,70.4333,0.3863],[66.962,70.4349,0.3297],[66.9464,70.4359,0.2912],[66.9453,70.4411,0.4137],[66.9224,70.4495,0.3648]]],
[[[66.8521,70.425,0.4159],[66.8536,70.4266,0.0],[66.8484,70.4266,0.6362],[66.8484,70.4255,0.6395],[66.8521,70.425,0.4159]]],
[[[66.8187,70.4333,0.5228],[66.8203,70.4349,0.8353],[66.8151,70.4349,0.7639],[66.8151,70.4339,0.5146],[66.8187,70.4333,0.5228]]],
[[[66.6937,70.4563,0.8649],[66.7,70.4563,1.0052],[66.7016,70.4578,0.9163],[66.6937,70.4604,0.8828],[66.6901,70.4599,0.9187],[66.6901,70.4568,0.8545],[66.6937,70.4563,0.8649]]],
[[[66.6438,70.4625,0.9424],[66.6422,70.4609,0.4362],[66.6453,70.4599,1.0601],[66.6479,70.4563,0.4458],[66.6578,70.4589,0.4561],[66.6599,70.4609,0.7221],[66.6583,70.4625,0.3976],[66.6438,70.4625,0.9424]]],
[[[66.7375,70.5333,0.7623],[66.7354,70.5354,0.4061],[66.7255,70.5359,0.5224],[66.7229,70.5396,0.6634],[66.7146,70.5396,1.2787],[66.7083,70.5375,0.8766],[66.7042,70.5396,0.5198],[66.6958,70.5396,0.6126],[66.688,70.537,1.0395],[66.687,70.5318,0.5516],[66.6797,70.5307,0.982],[66.6787,70.5276,1.5447],[66.6734,70.5266,0.7341],[66.6713,70.5245,0.8032],[66.6713,70.5193,1.1908],[66.6766,70.5172,0.8405],[66.6693,70.513,0.9503],[66.6745,70.5109,0.4844],[66.6672,70.5099,1.0181],[66.6661,70.5047,0.7404],[66.6589,70.5036,0.7438],[66.6589,70.4984,0.4962],[66.6682,70.4953,0.7993],[66.6682,70.4922,0.4662],[66.6604,70.4896,0.917],[66.6521,70.4917,1.1209],[66.6479,70.4896,1.016],[66.6375,70.4896,0.5915],[66.6359,70.4891,0.3651],[66.6349,70.4838,1.0306],[66.6333,70.4833,0.9544],[66.6271,70.4854,1.0105],[66.6188,70.4854,0.9373],[66.6141,70.4797,1.5142],[66.6088,70.4786,1.1705],[66.6078,70.4755,1.1448],[66.6021,70.475,0.0],[66.6005,70.4734,0.0],[66.612,70.4703,0.0],[66.613,70.4672,0.0],[66.625,70.4625,0.0],[66.6412,70.463,0.95],[66.6255,70.4693,0.9009],[66.6307,70.4724,0.8412],[66.6255,70.4745,1.0301],[66.6479,70.475,0.7985],[66.6521,70.4729,0.8986],[66.6604,70.4729,0.9139],[66.6708,70.4688,0.8566],[66.6896,70.4667,0.5913],[66.6937,70.4625,0.7422],[66.7083,70.4625,0.8554],[66.7099,70.4609,0.6844],[66.7026,70.4599,0.856],[66.7078,70.4578,0.6287],[66.7083,70.4563,0.7711],[66.7057,70.4526,1.2283],[66.7005,70.4516,0.7773],[66.6984,70.4422,0.9383],[66.7021,70.4417,0.3344],[66.7083,70.4437,0.6017],[66.7203,70.4391,0.8571],[66.7214,70.4359,0.8519],[66.7318,70.4318,0.3918],[66.7417,70.4313,0.8216],[66.7443,70.4276,0.6515],[66.7557,70.4266,0.9987],[66.7547,70.4213,0.0],[66.7646,70.4208,1.1782],[66.7729,70.4167,0.6443],[66.7828,70.4161,1.1846],[66.7839,70.413,1.1854],[66.7932,70.4099,0.8316],[66.7958,70.4063,0.0],[66.8224,70.4057,1.1086],[66.8224,70.4026,1.1903],[66.8125,70.4021,0.7185],[66.8109,70.4005,0.0],[66.8224,70.3995,0.0],[66.8214,70.3964,0.0],[66.8229,70.3958,0.0],[66.8313,70.3979,0.7113],[66.8391,70.3953,0.6627],[66.8417,70.3917,0.0],[66.8604,70.3896,0.9102],[66.8646,70.3875,0.0],[66.8729,70.3875,0.8889],[66.8771,70.3854,0.0],[66.887,70.3859,0.6831],[66.887,70.3891,0.5408],[66.8771,70.3896,0.5857],[66.8745,70.3932,0.7779],[66.8651,70.3943,0.7412],[66.8703,70.3974,0.5039],[66.8521,70.4021,0.7881],[66.8313,70.4042,0.876],[66.8297,70.4047,0.822],[66.8307,70.4099,0.668],[66.8193,70.4109,0.7899],[66.8203,70.4141,0.8224],[66.8167,70.4146,0.7936],[66.8104,70.4125,0.8052],[66.7963,70.4172,0.9115],[66.7917,70.4208,1.0154],[66.7922,70.4224,0.8918],[66.7974,70.4234,1.2893],[66.7974,70.4266,0.7094],[66.7896,70.4271,1.1394],[66.7854,70.4292,0.7297],[66.7792,70.4271,0.6034],[66.7693,70.4276,0.8011],[66.7693,70.4328,1.0541],[66.7813,70.4333,1.0598],[66.7828,70.4349,1.1875],[66.7714,70.4359,0.991],[66.7766,70.4391,0.7375],[66.7708,70.4417,0.7771],[66.7625,70.4417,0.5878],[66.7609,70.4432,1.0374],[66.7771,70.4437,1.0626],[66.7797,70.4401,0.7035],[66.7854,70.4375,0.801],[66.8063,70.4375,0.775],[66.8125,70.4396,0.879],[66.825,70.4354,0.6747],[66.8292,70.4375,0.8116],[66.8391,70.438,0.502],[66.8391,70.4411,0.7121],[66.8359,70.4422,0.3911],[66.8349,70.4474,0.7866],[66.8318,70.4484,0.9316],[66.8313,70.4521,0.4907],[66.8339,70.4578,0.4807],[66.8391,70.4599,0.0],[66.8292,70.4604,0.3923],[66.825,70.4625,0.4591],[66.8167,70.4604,0.5327],[66.8104,70.4625,0.7203],[66.8042,70.4604,0.9355],[66.7984,70.463,0.8027],[66.8037,70.4661,0.7271],[66.7984,70.4672,0.8828],[66.7995,70.4703,0.5636],[66.7943,70.4714,0.8737],[66.7943,70.4745,0.9056],[66.8104,70.4729,0.4049],[66.8141,70.4766,0.2532],[66.8026,70.4797,0.6603],[66.8016,70.4828,0.4836],[66.7922,70.4859,0.6827],[66.7932,70.4912,0.6745],[66.7833,70.4917,0.8003],[66.7771,70.4938,0.9526],[66.7745,70.4901,0.8055],[66.7646,70.4875,0.7265],[66.75,70.4875,1.0102],[66.738,70.4922,0.6357],[66.7432,70.4943,0.7856],[66.7453,70.4974,0.7327],[66.7375,70.5,0.6551],[66.7229,70.5,1.0938],[66.7167,70.4979,0.7132],[66.7141,70.5016,0.6651],[66.7104,70.5021,0.8133],[66.7063,70.4979,0.8373],[66.6901,70.4984,0.9895],[66.6917,70.5,0.5228],[66.7016,70.5005,0.8211],[66.7016,70.5036,0.4991],[66.6984,70.5047,0.853],[66.6984,70.5099,0.6788],[66.7104,70.5125,0.7833],[66.712,70.512,0.4805],[66.7109,70.5089,0.6264],[66.7161,70.5089,0.7912],[66.7182,70.5109,0.8123],[66.7193,70.5182,0.5402],[66.7208,70.5188,0.8924],[66.7271,70.5167,0.6096],[66.7479,70.5167,0.8123],[66.7542,70.5208,0.1212],[66.7641,70.5214,0.8837],[66.7625,70.5229,0.5189],[66.7526,70.5234,0.7659],[66.7542,70.525,1.0519],[66.7599,70.5255,0.598],[66.7599,70.5286,0.2723],[66.7438,70.5292,1.1743],[66.7188,70.5208,0.619],[66.7151,70.5214,0.7266],[66.7151,70.5245,0.8459],[66.7286,70.5276,0.653],[66.7297,70.5307,0.5384],[66.737,70.5318,1.0096],[66.7375,70.5333,0.7623]]],
[[[66.6521,70.4667,0.9312],[66.6438,70.4667,0.5505],[66.6422,70.4651,0.6665],[66.6536,70.4651,0.7938],[66.6521,70.4667,0.9312]]],
[[[66.8438,70.4354,0.3985],[66.8453,70.437,0.6008],[66.8401,70.437,0.4965],[66.8401,70.4359,0.2372],[66.8438,70.4354,0.3985]]],
[[[66.8099,70.4661,0.471],[66.8125,70.4646,0.4501],[66.8208,70.4646,0.3395],[66.8229,70.4667,0.4386],[66.8208,70.4688,0.379],[66.8047,70.4682,0.6651],[66.8099,70.4661,0.471]]],
[[[66.7766,70.5026,0.7331],[66.7714,70.5016,0.6077],[66.7714,70.4964,0.7747],[66.7766,70.4964,0.645],[66.7776,70.4995,0.6484],[66.7828,70.5005,0.7634],[66.7833,70.5021,0.5413],[66.7813,70.5042,0.3639],[66.7766,70.5026,0.7331]]],
[[[66.7688,70.5021,0.6732],[66.7703,70.5036,0.5896],[66.7651,70.5036,0.5258],[66.7651,70.5026,0.7764],[66.7688,70.5021,0.6732]]],
[[[66.7771,70.5083,0.7373],[66.7786,70.5099,0.4105],[66.7734,70.5099,0.6287],[66.7734,70.5089,0.3571],[66.7771,70.5083,0.7373]]],
[[[66.7557,70.512,0.9631],[66.7505,70.512,0.9304],[66.7484,70.5089,1.0794],[66.7536,70.5089,0.4714],[66.7557,70.512,0.9631]]],
[[[66.7667,70.5104,0.906],[66.7682,70.512,0.7394],[66.763,70.512,0.4635],[66.763,70.5109,0.8237],[66.7667,70.5104,0.906]]],
[[[66.7729,70.5146,0.6179],[66.7745,70.5162,0.4779],[66.7693,70.5162,0.5696],[66.7693,70.5151,0.2051],[66.7729,70.5146,0.6179]]],
[[[66.7125,70.5042,0.806],[66.7161,70.5047,0.6117],[66.7161,70.5057,0.9095],[66.7109,70.5057,0.9802],[66.7125,70.5042,0.806]]],
[[[66.5563,70.5062,0.0],[66.5599,70.5068,1.4898],[66.5599,70.5078,1.9721],[66.5547,70.5078,0.0],[66.5563,70.5062,0.0]]],
[[[66.6057,70.5141,0.8708],[66.5958,70.5146,0.7611],[66.5943,70.513,0.6309],[66.6042,70.5125,0.8203],[66.6057,70.5141,0.8708]]],
[[[66.5714,70.5224,1.3403],[66.5792,70.5188,0.955],[66.5828,70.5193,1.0759],[66.5833,70.5208,0.1943],[66.5813,70.5229,0.596],[66.5714,70.5224,1.3403]]],
[[[66.5521,70.5375,1.2636],[66.5557,70.538,1.1786],[66.5557,70.5391,1.4188],[66.5505,70.5391,1.3272],[66.5521,70.5375,1.2636]]],
[[[66.5417,70.6083,0.8123],[66.5453,70.6088,0.7641],[66.5453,70.6099,0.7314],[66.5401,70.6099,0.6043],[66.5417,70.6083,0.8123]]],
[[[66.5537,70.6141,0.7763],[66.5437,70.6146,0.5389],[66.5422,70.613,0.5989],[66.5521,70.6125,0.6411],[66.5537,70.6141,0.7763]]],
[[[66.537,70.6203,0.9523],[66.5271,70.6208,1.0761],[66.5255,70.6193,0.6865],[66.5354,70.6188,0.8679],[66.537,70.6203,0.9523]]],
[[[66.5083,70.6438,0.5306],[66.512,70.6443,1.0094],[66.512,70.6453,0.8892],[66.5068,70.6453,0.8809],[66.5083,70.6438,0.5306]]],
[[[66.4693,70.7963,0.7861],[66.4745,70.7984,1.0156],[66.4745,70.8016,0.7516],[66.4604,70.8063,0.0],[66.4589,70.8047,0.0],[66.462,70.8026,0.7525],[66.4568,70.8016,0.0],[66.4563,70.8,0.6902],[66.4568,70.7984,1.0924],[66.462,70.7963,1.0116],[66.4484,70.7953,0.0],[66.4484,70.7901,0.0],[66.4516,70.788,0.0],[66.4464,70.787,0.0],[66.4464,70.7839,0.0],[66.4495,70.7818,0.0],[66.4443,70.7807,0.0],[66.4437,70.7792,0.0],[66.4443,70.7776,0.0],[66.4495,70.7755,1.183],[66.4474,70.7734,1.2733],[66.4422,70.7724,0.0],[66.4401,70.7672,0.0],[66.4453,70.7651,1.4602],[66.4401,70.7641,0.0],[66.438,70.7599,0.0],[66.4432,70.7568,1.232],[66.438,70.7557,0.0],[66.4359,70.7536,0.6138],[66.4349,70.7464,1.0649],[66.4328,70.7443,0.0],[66.4276,70.7432,0.0],[66.4328,70.7412,1.1178],[66.4313,70.7333,0.7325],[66.4287,70.7255,1.6432],[66.4266,70.7234,0.6693],[66.4213,70.7224,0.0],[66.4266,70.7193,1.9961],[66.4213,70.7182,0.849],[66.4245,70.7151,0.7404],[66.4193,70.713,0.0],[66.4245,70.712,2.2722],[66.4234,70.7068,2.3867],[66.4287,70.7047,3.0629],[66.4234,70.7037,2.2369],[66.4266,70.7005,2.3684],[66.4213,70.6984,2.3425],[66.4328,70.6974,2.3522],[66.4313,70.6958,1.9729],[66.4208,70.6958,0.0],[66.4187,70.6937,0.0],[66.4193,70.6922,0.0],[66.4245,70.6911,1.563],[66.4213,70.6797,0.0],[66.4266,70.6787,1.6027],[66.4271,70.6771,2.3796],[66.4266,70.6734,0.0],[66.4245,70.6713,0.0],[66.4193,70.6693,0.0],[66.4307,70.6682,2.7094],[66.4287,70.663,2.3651],[66.4234,70.662,0.0],[66.4229,70.6604,0.0],[66.425,70.6583,0.0],[66.4328,70.6578,2.0028],[66.4333,70.6563,1.4401],[66.4328,70.6547,2.0764],[66.4276,70.6536,0.0],[66.4271,70.6521,0.0],[66.4307,70.6495,2.3132],[66.4307,70.6443,1.2922],[66.4234,70.6401,0.0],[66.4349,70.6391,2.4909],[66.4297,70.6359,0.0],[66.4391,70.6349,2.2152],[66.4391,70.6318,2.7899],[66.4339,70.6307,2.4788],[66.4375,70.6271,2.9037],[66.4359,70.6172,1.1771],[66.4411,70.6162,2.4294],[66.4401,70.6109,0.0],[66.4453,70.6099,2.7267],[66.4443,70.6026,1.1228],[66.4495,70.6016,2.0434],[66.4479,70.5958,0.0],[66.4484,70.5943,0.0],[66.4537,70.5932,1.8604],[66.4526,70.588,0.0],[66.4578,70.587,1.9473],[66.463,70.5797,0.0],[66.4682,70.5787,2.7027],[66.4672,70.5734,0.0],[66.4724,70.5724,1.9025],[66.4776,70.5651,0.0],[66.4828,70.5641,2.2697],[66.4755,70.5609,0.0],[66.487,70.5599,2.1088],[66.4932,70.5578,2.0565],[66.4922,70.5526,1.2947],[66.5036,70.5516,2.1675],[66.5047,70.5463,1.771],[66.5078,70.5453,1.9121],[66.5089,70.5401,0.0],[66.5182,70.537,2.5464],[66.5193,70.5339,1.3047],[66.5349,70.5286,1.5251999999999999],[66.5339,70.5214,0.0],[66.5453,70.5182,2.0677],[66.5443,70.513,0.0],[66.5661,70.5078,1.8111],[66.5672,70.5047,1.9096],[66.5724,70.5036,1.9969],[66.5714,70.5005,1.4966],[66.5813,70.5,1.339],[66.5854,70.4979,0.8765],[66.6141,70.4984,0.7573],[66.6088,70.5005,0.9154],[66.6099,70.5036,0.5632],[66.5984,70.5047,0.4611],[66.5974,70.5099,1.0838],[66.5932,70.512,0.5712],[66.5792,70.5167,1.0443],[66.5651,70.5172,1.4012],[66.5651,70.5245,1.0984],[66.5724,70.5286,0.6816],[66.55,70.5292,2.1417],[66.5484,70.5307,1.2343],[66.5542,70.5313,1.4694],[66.5557,70.5328,1.2742],[66.5458,70.5333,2.0423],[66.538,70.5359,1.785],[66.5375,70.5375,1.228],[66.5417,70.5417,1.4196],[66.5563,70.5417,1.0616],[66.5578,70.5432,0.7884],[66.5375,70.5458,1.4371],[66.5234,70.5505,2.0871],[66.5224,70.5537,1.6785],[66.5182,70.5557,1.8424],[66.5068,70.5589,2.1557],[66.5083,70.5604,1.602],[66.5141,70.5609,1.9191],[66.5141,70.5661,1.7815],[66.4964,70.5672,1.7156],[66.4984,70.5745,2.1917],[66.5,70.575,1.7079],[66.5292,70.575,0.8995],[66.5307,70.5766,1.0399],[66.5255,70.5787,1.6677],[66.5417,70.5792,0.7536],[66.5458,70.5813,0.6789],[66.5542,70.5813,0.5444],[66.5583,70.5833,1.2043],[66.5646,70.5813,0.8175],[66.5682,70.5818,0.6622],[66.5708,70.5854,0.7638],[66.5703,70.5891,0.7133],[66.5687,70.5896,0.2942],[66.5625,70.5875,0.3168],[66.5542,70.5875,0.6095],[66.5479,70.5896,0.2379],[66.5437,70.5875,0.9418],[66.5354,70.5875,0.359],[66.5297,70.5911,0.4979],[66.5375,70.5938,1.0227],[66.5458,70.5938,0.7552],[66.5521,70.5917,0.7597],[66.5563,70.5958,0.669],[66.5599,70.5953,0.8156],[66.5609,70.5922,0.7635],[66.5646,70.5917,0.5542],[66.5661,70.5922,0.6151],[66.5672,70.5974,0.8263],[66.5745,70.6016,0.9544],[66.5646,70.6021,0.7698],[66.563,70.6036,0.5962],[66.575,70.6042,1.2038],[66.5766,70.6057,0.4544],[66.5604,70.6062,0.867],[66.5542,70.6083,0.7295],[66.5417,70.6042,1.7495],[66.5391,70.6078,0.8436],[66.525,70.6125,0.6361],[66.5188,70.6125,0.6577],[66.5109,70.6151,0.9508],[66.5109,70.6182,1.0319],[66.5162,70.6193,0.6367],[66.5193,70.6245,0.5399],[66.5245,70.6255,0.8222],[66.5276,70.6307,0.6316],[66.5328,70.6328,0.7285],[66.5297,70.6339,1.0356],[66.5286,70.637,0.9401],[66.5146,70.6417,0.5716],[66.5005,70.6422,0.6734],[66.4979,70.6458,0.5328],[66.4896,70.6458,0.9229],[66.4849,70.6401,1.2753],[66.4797,70.6401,1.956],[66.475,70.6438,1.7138],[66.4755,70.6453,1.8086],[66.4807,70.6474,0.9414],[66.4708,70.6479,1.8901],[66.4651,70.6505,1.599],[66.4646,70.6521,2.0617],[66.4651,70.6557,2.1855],[66.4771,70.6563,0.8073],[66.4786,70.6578,0.7743],[66.4547,70.6589,1.4053],[66.4599,70.662,2.1418],[66.4547,70.6641,2.2153],[66.4646,70.6667,1.4545],[66.4854,70.6667,0.4736],[66.487,70.6672,0.508],[66.4891,70.6724,0.8379],[66.4776,70.6755,0.5317],[66.475,70.6792,0.8847],[66.4688,70.6771,0.8813],[66.4651,70.6776,0.7082],[66.4661,70.6828,0.9076],[66.4609,70.6839,0.8884],[66.4661,70.6859,0.6684],[66.4625,70.6896,1.1516],[66.4641,70.6974,0.5305],[66.4563,70.7,0.5765],[66.4464,70.7005,1.2666],[66.4484,70.7078,0.7653],[66.4604,70.7083,0.9686],[66.4625,70.7104,0.8225],[66.462,70.712,0.6129],[66.4505,70.7161,0.7255],[66.4625,70.7167,0.8005],[66.4703,70.7193,0.9326],[66.4714,70.7224,0.624],[66.4786,70.7234,0.9169],[66.4786,70.7266,0.7848],[66.4688,70.7271,0.717],[66.4672,70.7286,0.9079],[66.4807,70.7338,0.9282],[66.4838,70.7412,0.7754],[66.4891,70.7422,0.7303],[66.4912,70.7443,0.4235],[66.4859,70.7474,0.8966],[66.4912,70.7495,0.6325],[66.4859,70.7505,0.6787],[66.487,70.7536,0.6848],[66.4818,70.7557,0.9009],[66.4932,70.7568,0.9213],[66.4901,70.7589,0.6369],[66.4917,70.7604,0.5974],[66.4979,70.7583,0.5766],[66.5016,70.7589,0.6229],[66.5016,70.762,0.7646],[66.4917,70.7625,0.6423],[66.4901,70.7641,0.5018],[66.5,70.7646,0.8875],[66.5036,70.7672,0.6718],[66.5,70.7688,0.742],[66.4958,70.7667,0.8936],[66.4922,70.7672,0.5222],[66.4922,70.7703,0.7115],[66.4974,70.7714,0.544],[66.4995,70.7734,0.9972],[66.4995,70.7786,0.8653],[66.4818,70.7797,0.7596],[66.4828,70.7849,0.6751],[66.4776,70.787,0.187],[66.4849,70.788,0.6722],[66.4849,70.7911,0.6655],[66.4734,70.7922,0.7764],[66.4724,70.7953,0.8444],[66.4693,70.7963,0.7861]]],
[[[66.5813,70.6542,0.0],[66.5849,70.6547,0.0],[66.5849,70.6557,0.0],[66.5797,70.6557,0.0],[66.5813,70.6542,0.0]]],
[[[66.4912,70.6568,0.9524],[66.4875,70.6583,0.7408],[66.4838,70.6547,0.7296],[66.4875,70.6542,0.6523],[66.4912,70.6568,0.9524]]],
[[[66.762,70.5151,0.4971],[66.762,70.5182,0.9148],[66.7568,70.5182,0.9255],[66.7568,70.5151,0.6593],[66.762,70.5151,0.4971]]],
[[[66.7562,70.9958,0.817],[66.7578,70.9974,0.5395],[66.7505,70.9974,0.7005],[66.7521,70.9958,0.761],[66.7562,70.9958,0.817]]],
[[[66.8187,71.0125,0.0],[66.8203,71.0141,0.4418],[66.8063,71.0188,0.0],[66.7979,71.0188,1.0296],[66.7963,71.0182,0.8736],[66.7937,71.0125,0.662],[66.7958,71.0104,0.7223],[66.8042,71.0125,0.857],[66.8104,71.0104,0.6259],[66.8146,71.0125,0.695],[66.8187,71.0125,0.0]]],
[[[66.7536,71.0266,1.7409],[66.7438,71.0271,1.4966],[66.7422,71.0255,1.3467],[66.7521,71.025,1.3043],[66.7536,71.0266,1.7409]]],
[[[66.5021,70.7542,0.6117],[66.5057,70.7547,0.572],[66.5057,70.7557,0.9732],[66.5005,70.7557,0.6188],[66.5021,70.7542,0.6117]]],
[[[66.5125,70.7688,0.9475],[66.5162,70.7693,0.8935],[66.5162,70.7703,0.0],[66.5109,70.7703,0.5995],[66.5125,70.7688,0.9475]]],
[[[66.4396,70.7813,0.0],[66.4432,70.7818,0.0],[66.4432,70.7828,0.0],[66.438,70.7828,0.0],[66.4396,70.7813,0.0]]],
[[[66.5646,70.8146,0.0],[66.5682,70.8151,0.0],[66.5682,70.8161,0.0],[66.563,70.8161,0.0],[66.5646,70.8146,0.0]]],
[[[66.4917,70.825,0.6009],[66.4953,70.8255,0.6115],[66.4953,70.8266,0.9848],[66.4901,70.8266,0.7998],[66.4917,70.825,0.6009]]],
[[[66.5208,70.8542,0.6981],[66.5,70.8583,0.7983],[66.4896,70.8542,1.2636],[66.4838,70.8536,1.2776],[66.4828,70.8505,0.9866],[66.4776,70.8495,0.0],[66.4745,70.8443,0.932],[66.4693,70.8432,0.0],[66.4661,70.8339,1.3522],[66.4641,70.8318,1.1036],[66.4589,70.8307,1.2248],[66.4589,70.8276,0.6654],[66.4641,70.8266,1.198],[66.463,70.8234,0.0],[66.4646,70.8229,0.0],[66.4792,70.8229,0.7659],[66.4807,70.8245,0.6437],[66.4776,70.8255,0.8797],[66.4776,70.8307,0.8287],[66.4896,70.8333,1.2103],[66.4912,70.8328,0.6207],[66.4901,70.8297,0.5488],[66.5042,70.825,0.7768],[66.5125,70.825,0.9584],[66.5229,70.8292,0.7003],[66.5333,70.8292,1.0166],[66.5411,70.8318,0.4398],[66.5437,70.8375,0.6792],[66.5443,70.8432,0.5493],[66.5516,70.8443,0.3649],[66.55,70.8458,0.7294],[66.5401,70.8464,0.3655],[66.5391,70.8495,0.5545],[66.5359,70.8505,0.6717],[66.5333,70.8542,0.6971],[66.5208,70.8542,0.6981]]],
[[[66.5521,70.85,0.5332],[66.5599,70.8536,0.5579],[66.55,70.8562,0.5109],[66.5474,70.8526,0.4945],[66.5422,70.8516,0.5193],[66.5437,70.85,0.3404],[66.5521,70.85,0.5332]]],
[[[66.5646,70.8604,0.3904],[66.5682,70.8609,0.4903],[66.5682,70.862,0.4831],[66.563,70.862,0.4906],[66.5646,70.8604,0.3904]]],
[[[66.5703,70.8682,0.6222],[66.5604,70.8688,0.4833],[66.5589,70.8672,0.7276],[66.5687,70.8667,0.2404],[66.5703,70.8682,0.6222]]],
[[[66.6062,70.9021,0.7349],[66.6078,70.9036,0.7074],[66.6005,70.9036,0.4088],[66.6021,70.9021,0.2998],[66.6062,70.9021,0.7349]]],
[[[66.6,70.9104,0.4252],[66.6036,70.9109,0.4978],[66.6036,70.912,0.4695],[66.5984,70.912,0.5652],[66.6,70.9104,0.4252]]],
[[[66.5807,70.9213,0.0],[66.5792,70.9229,0.0],[66.5755,70.9224,0.0],[66.5771,70.9208,0.4623],[66.5807,70.9213,0.0]]],
[[[66.638,70.9849,1.8105],[66.6391,70.9891,0.0],[66.6276,70.9901,0.5644],[66.6286,70.9953,0.6607],[66.6188,70.9958,0.0],[66.6151,70.9932,0.0],[66.6141,70.9901,0.9332],[66.6005,70.9849,0.0],[66.5974,70.9797,0.0],[66.5922,70.9786,0.0],[66.5891,70.9693,3.1753999999999998],[66.5833,70.9688,0.0],[66.5818,70.9672,0.0],[66.5938,70.9667,0.0],[66.5979,70.9708,0.3276],[66.6078,70.9703,1.6599],[66.6026,70.9682,0.2407],[66.6,70.9646,1.5647],[66.6005,70.9609,0.9446],[66.6036,70.9599,1.499],[66.6036,70.9568,0.5],[66.5938,70.9563,1.6408],[66.5859,70.9589,0.0],[66.5875,70.9625,0.0],[66.5854,70.9646,2.491],[66.5734,70.962,0.0],[66.5734,70.9589,1.6016],[66.5787,70.9578,2.0547],[66.5734,70.9557,2.0043],[66.5766,70.9537,2.281],[66.5766,70.9505,2.1003],[66.563,70.9474,1.5843],[66.5599,70.9359,1.5657],[66.5526,70.9349,2.0281],[66.5516,70.9276,0.6667],[66.5443,70.9266,0.0],[66.5443,70.9213,1.1524],[66.5474,70.9193,1.2801],[66.5359,70.9182,0.0],[66.5411,70.9151,1.5268],[66.5339,70.9141,0.0],[66.5307,70.9026,1.1285],[66.5234,70.9016,0.0],[66.5229,70.8958,1.107],[66.5203,70.8901,1.1151],[66.5151,70.8891,1.4589],[66.5099,70.8797,1.0762],[66.5047,70.8786,0.9453],[66.5036,70.8734,1.0943],[66.5016,70.8714,0.8616],[66.4964,70.8703,0.0],[66.5016,70.8672,1.0421],[66.4958,70.8667,1.1745],[66.488,70.863,0.0],[66.4958,70.8604,1.3936],[66.5042,70.8625,0.7799],[66.5188,70.8562,0.8012],[66.5271,70.8583,0.6159],[66.5333,70.8562,0.8209],[66.537,70.8588,0.5542],[66.537,70.862,0.74],[66.5271,70.8625,0.7677],[66.5255,70.8641,0.7376],[66.5354,70.8667,0.8394],[66.55,70.8667,0.8329],[66.5578,70.8693,0.7245],[66.5547,70.8714,0.7484],[66.5547,70.8745,0.7084],[66.5646,70.875,0.574],[66.5807,70.8797,0.5745],[66.5792,70.8812,0.4039],[66.5693,70.8818,0.5732],[66.5714,70.8849,0.5122],[66.5766,70.887,0.2802],[66.5714,70.888,0.5566],[66.5703,70.8912,0.3786],[66.5672,70.8922,0.6449],[66.5672,70.8953,0.6799],[66.5724,70.8953,0.3746],[66.5734,70.8922,0.4859],[66.5792,70.8896,0.4648],[66.5896,70.8896,0.4182],[66.5911,70.8912,0.2008],[66.5813,70.8917,0.4401],[66.5797,70.8932,0.3991],[66.5958,70.8938,0.4479],[66.5995,70.8974,0.2906],[66.5943,70.8984,0.4322],[66.5917,70.9021,0.5845],[66.5818,70.9026,0.5064],[66.5828,70.9057,0.6426],[66.5729,70.9063,0.6704],[66.5714,70.9078,0.8424],[66.5938,70.9083,0.716],[66.5953,70.9099,0.5763],[66.5922,70.9109,0.7392],[66.5911,70.9161,0.1638],[66.5833,70.9187,0.351],[66.5708,70.9187,0.4746],[66.563,70.9213,0.4304],[66.563,70.9266,0.632],[66.5667,70.9271,0.0],[66.5729,70.925,0.0],[66.5771,70.9271,1.5625],[66.5813,70.9271,1.8591],[66.5828,70.9266,1.5289],[66.5818,70.9234,0.0],[66.5833,70.9229,0.0],[66.5917,70.925,0.8342],[66.6021,70.9208,0.0],[66.6057,70.9213,0.0],[66.6083,70.925,0.9414],[66.6203,70.9255,0.0],[66.6151,70.9276,0.6991],[66.6146,70.9292,0.4973],[66.6172,70.9328,0.0],[66.6224,70.9349,0.4924],[66.6172,70.9359,0.0],[66.6188,70.9396,0.3711],[66.6182,70.9432,0.3897],[66.613,70.9453,0.3059],[66.6188,70.9458,0.3833],[66.6203,70.9474,0.1508],[66.6088,70.9505,0.2785],[66.613,70.962,0.3731],[66.6208,70.9646,0.4999],[66.6516,70.9651,0.4748],[66.6464,70.9672,0.6459],[66.6479,70.9688,0.7422],[66.6625,70.9688,0.7826],[66.6641,70.9672,0.7767],[66.6589,70.9651,0.6158],[66.6687,70.9646,0.3779],[66.6729,70.9688,0.7296],[66.7083,70.9688,0.0],[66.7161,70.9714,0.3828],[66.7104,70.975,0.5174],[66.6708,70.9792,1.0731],[66.6563,70.9854,0.0],[66.65,70.9833,1.2917],[66.6396,70.9833,2.039],[66.638,70.9849,1.8105]]],
[[[66.6937,70.9292,0.5674],[66.6974,70.9297,0.6953],[66.6974,70.9307,0.4552],[66.6922,70.9307,0.6586],[66.6937,70.9292,0.5674]]],
[[[66.625,70.9313,0.3163],[66.6286,70.9318,0.7159],[66.6286,70.9328,0.6107],[66.6234,70.9328,0.535],[66.625,70.9313,0.3163]]],
[[[66.5938,70.9583,1.1937],[66.5974,70.9589,0.9839],[66.5974,70.9599,0.0],[66.5922,70.9599,0.0],[66.5938,70.9583,1.1937]]],
[[[66.7432,71.0151,1.3707],[66.7417,71.0167,1.6174],[66.738,71.0162,1.8069],[66.7396,71.0146,1.5271],[66.7432,71.0151,1.3707]]],
[[[66.7797,71.0859,0.6146],[66.7771,71.0875,0.4481],[66.7688,71.0875,0.5409],[66.7646,71.0896,0.4864],[66.7312,71.0896,0.7573],[66.7297,71.088,0.8473],[66.7328,71.087,0.6663],[66.7312,71.0854,0.8334],[66.725,71.0875,1.0148],[66.7214,71.087,1.0771],[66.7203,71.0818,0.959],[66.7182,71.0797,0.8082],[66.713,71.0787,0.0],[66.7099,71.0734,1.2175],[66.7047,71.0724,0.0],[66.7005,71.062,1.131],[66.7005,71.0568,0.9601],[66.712,71.0578,1.565],[66.7099,71.0526,1.6268],[66.7063,71.0521,1.6886],[66.6958,71.0563,1.1235],[66.6922,71.0557,0.961],[66.6911,71.0526,1.2737],[66.6859,71.0516,0.0],[66.6839,71.0495,0.0],[66.6891,71.0474,1.3137],[66.6891,71.0443,1.1642],[66.687,71.0422,1.0207],[66.6755,71.0411,1.1643],[66.6734,71.0359,0.9783],[66.6787,71.0349,1.3293],[66.6797,71.0318,1.6403],[66.6849,71.0307,1.5846],[66.6828,71.0276,1.5139],[66.6792,71.0271,1.7084],[66.6646,71.0333,1.2159],[66.6609,71.0328,0.0],[66.6578,71.0276,1.0464],[66.6526,71.0266,0.0],[66.6505,71.0245,0.0],[66.6495,71.0193,0.95009999999999994],[66.6474,71.0172,1.0498],[66.6422,71.0162,1.012],[66.6412,71.013,1.1042],[66.6276,71.0099,0.0],[66.625,71.0042,0.0],[66.6255,71.0005,0.0],[66.6286,70.9995,0.0],[66.6312,70.9958,0.0],[66.6349,70.9964,0.3851],[66.6375,71.0,0.6948],[66.6417,71.0,0.8068],[66.6458,70.9979,0.7773],[66.6583,70.9979,0.5003],[66.6609,70.9943,0.0],[66.6724,70.9912,1.14],[66.6766,70.9891,0.9507],[66.6792,70.9854,0.0],[66.6875,70.9854,0.5486],[66.7021,70.9792,0.0],[66.7167,70.9792,0.6749],[66.7208,70.975,0.0],[66.7354,70.975,0.4391],[66.7396,70.9729,0.0],[66.7432,70.9734,0.3855],[66.7438,70.975,0.5963],[66.7401,70.9776,0.4389],[66.7401,70.9807,0.352],[66.7536,70.9838,0.252],[66.7547,70.9891,0.4407],[66.7604,70.9896,0.5862],[66.762,70.9912,0.5749],[66.7521,70.9917,0.6609],[66.7495,70.9953,0.6547],[66.7396,70.9958,0.6035],[66.738,70.9974,0.6217],[66.7438,70.9979,0.4471],[66.7542,71.0021,0.9147],[66.7604,71.0,0.7197],[66.7688,71.0,0.5472],[66.7703,70.9995,0.7678],[66.7703,70.9964,0.6967],[66.7646,70.9958,0.6213],[66.763,70.9943,0.6414],[66.7792,70.9938,0.7234],[66.7833,70.9896,0.602],[66.7917,70.9896,0.3625],[66.7995,70.9922,0.6455],[66.8026,70.9953,0.4578],[66.8078,70.9964,0.0],[66.8026,70.9984,0.4856],[66.8037,71.0016,0.6242],[66.7797,71.0068,0.5976],[66.7818,71.0099,0.7966],[66.787,71.012,0.7143],[66.7771,71.0125,1.3313],[66.7693,71.0151,1.0495],[66.7708,71.0167,1.1678],[66.7828,71.0172,1.1633],[66.7813,71.0188,1.0791],[66.7521,71.0188,1.3191],[66.7505,71.0172,1.6278],[66.7557,71.0151,1.5641],[66.7458,71.0146,1.4354],[66.7443,71.013,1.4957],[66.7521,71.0104,1.449],[66.7583,71.0104,1.2163],[66.7599,71.0089,1.512],[66.7438,71.0083,1.2123],[66.7396,71.0125,1.5224],[66.7333,71.0104,1.2542],[66.7172,71.0109,1.1603],[66.7188,71.0125,1.2493],[66.7245,71.013,1.4307],[66.7245,71.0162,1.5959],[66.7089,71.0214,1.3326],[66.7312,71.0313,1.5999],[66.7396,71.0313,1.5804],[66.7438,71.0292,1.2902],[66.7521,71.0292,1.2936],[66.7562,71.0271,1.2843],[66.7646,71.0271,1.2404],[66.7854,71.0208,1.1819],[66.7974,71.0214,0.8706],[66.7974,71.0245,0.0],[66.7896,71.0271,0.0],[66.7797,71.0276,0.9752],[66.7755,71.0297,0.9235],[66.7729,71.0333,0.0],[66.7667,71.0313,1.0659],[66.763,71.0318,0.9672],[66.7625,71.0354,0.8465],[66.7641,71.0391,0.0],[66.7589,71.0401,0.3572],[66.7583,71.0417,0.0],[66.7609,71.0474,0.0],[66.787,71.0547,0.8041],[66.7839,71.0578,0.7823],[66.7953,71.0609,0.7547],[66.7974,71.0641,0.6993],[66.7922,71.0651,0.7998],[66.7922,71.0682,0.6245],[66.8057,71.0714,0.6207],[66.8042,71.0729,0.756],[66.7943,71.0734,0.589],[66.8016,71.0766,0.3232],[66.7901,71.0797,0.6559],[66.7911,71.0849,0.6053],[66.7797,71.0859,0.6146]]],
[[[66.8037,71.0651,0.6284],[66.8021,71.0667,0.5218],[66.7984,71.0661,0.7486],[66.8,71.0646,0.7732],[66.8037,71.0651,0.6284]]],
[[[66.762,71.0932,0.686],[66.7583,71.0938,0.69],[66.7568,71.0922,0.5032],[66.7604,71.0917,0.6595],[66.762,71.0932,0.686]]],
[[[67.3328,70.4453,0.0],[67.3276,70.4464,0.0],[67.3287,70.4495,0.0],[67.3208,70.4521,0.9215],[67.3125,70.4521,0.0],[67.3104,70.45,0.0],[67.3141,70.4474,0.0],[67.3151,70.4443,0.0],[67.3229,70.4417,0.0],[67.3328,70.4453,0.0]]],
[[[67.3354,70.6542,0.3654],[67.3271,70.6542,0.0],[67.325,70.6521,0.0],[67.3255,70.6505,0.0],[67.3292,70.65,0.0],[67.337,70.6526,0.5674],[67.3354,70.6542,0.3654]]],
[[[67.3104,70.6542,0.0],[67.3021,70.6542,0.0],[67.3,70.6521,0.0],[67.3005,70.6505,0.0],[67.3042,70.65,0.0],[67.312,70.6526,0.0],[67.3104,70.6542,0.0]]],
[[[67.3458,70.6708,0.0],[67.3495,70.6713,0.0],[67.35,70.6729,0.0],[67.3443,70.6724,0.0],[67.3458,70.6708,0.0]]],
[[[67.7229,71.4542,1.3312],[67.7245,71.4557,1.1148],[67.7193,71.4557,0.0],[67.7193,71.4547,0.0],[67.7229,71.4542,1.3312]]],
[[[68.3063,71.6708,1.0745],[68.3104,71.6708,1.3631],[68.312,71.6724,1.193],[68.3063,71.6729,1.1831],[68.3063,71.6708,1.0745]]],
[[[68.8057,72.2984,1.5838],[68.8042,72.3,1.5255],[68.8005,72.2995,0.0],[68.8021,72.2979,1.6818],[68.8057,72.2984,1.5838]]],
[[[68.8833,72.4667,2.8688],[68.887,72.4672,3.3489],[68.887,72.4682,3.3566],[68.8818,72.4682,0.0],[68.8833,72.4667,2.8688]]],
[[[68.9083,72.5,0.0],[68.9104,72.5,0.9492],[68.9104,72.5021,0.0],[68.9047,72.5016,0.0],[68.9047,72.5005,0.0],[68.9083,72.5,0.0]]],
[[[68.9812,72.65,0.0],[68.9854,72.65,0.9451],[68.9854,72.6521,0.8568],[68.9797,72.6516,0.0],[68.9812,72.65,0.0]]],
[[[69.0333,72.6917,1.2676],[69.0349,72.6932,1.3608],[69.0271,72.6937,0.0],[69.0276,72.6922,0.0],[69.0333,72.6917,1.2676]]],
[[[69.1375,72.7333,1.4813],[69.1396,72.7333,1.3817],[69.1396,72.7354,1.5916],[69.1339,72.7349,0.0],[69.1339,72.7338,1.1983],[69.1375,72.7333,1.4813]]],
[[[69.2854,72.8333,1.3287],[69.2891,72.8339,1.2495],[69.2891,72.8349,1.3063],[69.2839,72.8349,0.0],[69.2854,72.8333,1.3287]]],
[[[69.3208,72.8333,1.7693],[69.3245,72.8339,1.7481],[69.3245,72.8349,1.7428],[69.3193,72.8349,1.7654],[69.3208,72.8333,1.7693]]],
[[[69.4667,72.9083,1.6031],[69.4583,72.9083,1.5729],[69.4563,72.9063,1.5406],[69.4568,72.9047,1.7576],[69.4604,72.9042,1.6637],[69.4703,72.9068,1.6293],[69.4667,72.9083,1.6031]]],
[[[69.6099,72.9057,1.2589],[69.6125,72.9042,1.1928],[69.6182,72.9047,1.2922],[69.6104,72.9083,1.235],[69.6068,72.9078,1.4616],[69.6099,72.9057,1.2589]]],
[[[69.7396,72.9479,1.202],[69.7229,72.9479,1.1029],[69.7188,72.95,0.0],[69.6937,72.95,0.8024],[69.6839,72.9474,1.0678],[69.6833,72.9458,1.0216],[69.6854,72.9437,1.2499],[69.6958,72.9437,1.3019],[69.7021,72.9458,1.0706],[69.7063,72.9437,1.0841],[69.7146,72.9437,1.0643],[69.7161,72.9432,1.1036],[69.7161,72.9401,1.0634],[69.7104,72.9396,1.3078],[69.7089,72.938,1.34],[69.7167,72.9354,1.7188],[69.7229,72.9375,1.4416],[69.7396,72.9375,1.137],[69.7474,72.9349,1.2255],[69.7458,72.9333,1.1578],[69.7401,72.9328,1.3089],[69.7453,72.9307,1.0886],[69.7443,72.9276,1.1431],[69.7458,72.9271,1.1431],[69.7562,72.9292,1.1033],[69.7604,72.9271,1.1597],[69.7703,72.9266,1.2434],[69.7651,72.9245,1.3066],[69.7688,72.9208,1.2039],[69.7667,72.9187,1.0105],[69.7562,72.9187,1.1089],[69.7521,72.9208,1.2267],[69.7255,72.9203,1.1344],[69.7307,72.9182,1.3529],[69.7307,72.9151,1.3615],[69.7286,72.913,1.1878],[69.7151,72.9141,1.2053],[69.7203,72.912,1.3454],[69.7229,72.9083,0.0],[69.7458,72.9083,0.0],[69.7474,72.9099,0.7315],[69.7375,72.9104,1.011],[69.7359,72.912,1.264],[69.7562,72.9125,0.0],[69.7688,72.9167,0.5285],[69.7792,72.9167,0.0],[69.7917,72.9208,0.9318],[69.8104,72.9208,0.9164],[69.812,72.9224,1.0752],[69.8068,72.9234,1.2006],[69.8089,72.9287,1.2615],[69.8109,72.9307,1.329],[69.8182,72.9318,0.0],[69.813,72.9349,0.0],[69.8203,72.9359,0.0],[69.8063,72.9417,0.9373],[69.7979,72.9417,0.9973],[69.7937,72.9437,1.1951],[69.7562,72.9458,1.2813],[69.7521,72.9437,1.3485],[69.7479,72.9437,1.1986],[69.7396,72.9479,1.202]]],
[[[69.4854,72.9313,1.7643],[69.4755,72.9276,1.5136],[69.4938,72.9271,1.54],[69.4979,72.9292,1.6262],[69.5167,72.9292,1.3353],[69.5188,72.9313,1.1922],[69.5167,72.9333,1.1835],[69.5083,72.9333,1.3123],[69.5042,72.9313,1.296],[69.4854,72.9313,1.7643]]],
[[[69.6453,72.9307,1.1646],[69.6292,72.9313,1.5202],[69.625,72.9333,1.4768],[69.6193,72.9328,1.3209],[69.6188,72.9313,1.3684],[69.6208,72.9292,1.262],[69.6438,72.9292,1.1006],[69.6453,72.9307,1.1646]]],
[[[69.6766,72.9339,1.1526],[69.6729,72.9354,1.1969],[69.6693,72.9318,1.0753],[69.6729,72.9313,1.1614],[69.6766,72.9339,1.1526]]],
[[[69.4912,72.9349,1.3764],[69.4812,72.9354,1.3191],[69.4797,72.9339,1.2516],[69.4896,72.9333,1.515],[69.4912,72.9349,1.3764]]],
[[[69.7292,72.9333,1.5761],[69.7328,72.9339,1.2647],[69.7328,72.9349,1.2551],[69.7276,72.9349,1.3154],[69.7292,72.9333,1.5761]]],
[[[69.4625,72.9333,1.3697],[69.4641,72.9349,1.2452],[69.4568,72.9349,1.3404],[69.4583,72.9333,1.4427],[69.4625,72.9333,1.3697]]],
[[[69.6214,72.9359,1.3135],[69.6292,72.9333,1.2639],[69.6349,72.9339,1.2015],[69.6354,72.9354,1.1361],[69.6333,72.9375,1.3963],[69.6229,72.9375,1.3142],[69.6214,72.9359,1.3135]]],
[[[69.6604,72.9375,1.5148],[69.6641,72.938,1.615],[69.6641,72.9391,1.7249],[69.6589,72.9391,1.6628],[69.6604,72.9375,1.5148]]],
[[[69.55,72.9375,1.0057],[69.5516,72.9391,1.0357],[69.5443,72.9391,1.2169],[69.5458,72.9375,1.1757],[69.55,72.9375,1.0057]]],
[[[69.5229,72.9417,1.2141],[69.5125,72.9417,1.1974],[69.5109,72.9401,1.2767],[69.5245,72.9401,1.4113],[69.5229,72.9417,1.2141]]],
[[[69.6724,72.9411,1.9963],[69.675,72.9396,1.6316],[69.6807,72.9401,1.4196],[69.6755,72.9422,1.3936],[69.6729,72.9458,1.1187],[69.6693,72.9453,1.1054],[69.6672,72.9432,3.5672],[69.6724,72.9411,1.9963]]],
[[[69.5042,72.9437,1.2094],[69.5057,72.9453,1.0976],[69.4938,72.9458,1.2868],[69.4896,72.9479,0.0],[69.4833,72.9458,1.0604],[69.4693,72.9453,0.8895],[69.4771,72.9417,1.071],[69.4875,72.9437,1.0332],[69.4917,72.9396,1.0554],[69.4953,72.9401,1.2858],[69.4984,72.9432,1.0169],[69.5042,72.9437,1.2094]]],
[[[69.625,72.9479,1.3339],[69.6214,72.9474,1.2215],[69.6193,72.9453,1.2446],[69.6193,72.9422,1.4022],[69.6307,72.9422,1.277],[69.6276,72.9453,1.2369],[69.6328,72.9474,1.2081],[69.625,72.9479,1.3339]]],
[[[69.4,72.925,1.2592],[69.4016,72.9266,1.332],[69.3964,72.9266,1.3553],[69.3964,72.9255,1.4529],[69.4,72.925,1.2592]]],
[[[69.3812,72.925,1.3414],[69.3875,72.925,1.3555],[69.3891,72.9266,1.203],[69.3812,72.9292,1.4298],[69.3755,72.9287,0.0],[69.3755,72.9255,0.7401],[69.3812,72.925,1.3414]]],
[[[69.4229,72.9271,1.2759],[69.4245,72.9287,1.3378],[69.4193,72.9287,1.1989],[69.4193,72.9276,1.1853],[69.4229,72.9271,1.2759]]],
[[[69.3849,72.9318,1.5026],[69.3833,72.9333,0.0],[69.3776,72.9328,0.0],[69.3792,72.9313,0.0],[69.3849,72.9318,1.5026]]],
[[[69.3995,72.9328,1.0695],[69.3938,72.9333,1.2216],[69.3922,72.9318,1.2497],[69.3979,72.9313,1.0742],[69.3995,72.9328,1.0695]]],
[[[69.4437,72.9417,1.0638],[69.4333,72.9396,0.9915],[69.4318,72.9401,0.9915],[69.4328,72.9432,0.8024],[69.4313,72.9437,0.917],[69.4146,72.9437,0.9788],[69.4104,72.9417,0.8486],[69.3979,72.9417,0.0],[69.3953,72.938,1.4687],[69.3896,72.9375,0.0],[69.388,72.9359,0.0],[69.4,72.9354,1.2586],[69.4042,72.9375,1.1846],[69.4125,72.9375,1.2071],[69.4151,72.9339,1.3429],[69.4187,72.9333,1.2276],[69.425,72.9375,1.1514],[69.4354,72.9375,1.1048],[69.4417,72.9354,1.0905],[69.4464,72.9391,0.9243],[69.4537,72.9401,1.1087],[69.4521,72.9417,0.9098],[69.4437,72.9417,1.0638]]],
[[[69.5833,72.9479,1.0441],[69.5667,72.9479,1.0166],[69.5641,72.9516,0.9678],[69.5604,72.9521,0.0],[69.5563,72.95,1.023],[69.5375,72.95,0.9359],[69.5333,72.9479,1.3467],[69.5229,72.9479,1.0554],[69.5214,72.9464,0.5631],[69.5292,72.9437,1.2352],[69.5396,72.9458,0.8899],[69.5437,72.9437,1.272],[69.5521,72.9437,1.2521],[69.5563,72.9417,1.1307],[69.5667,72.9437,0.9723],[69.5771,72.9396,1.2437],[69.5917,72.9396,1.2454],[69.5958,72.9375,1.1238],[69.6099,72.9401,1.2027],[69.6021,72.9437,1.2401],[69.5854,72.9437,1.0385],[69.5839,72.9443,1.1867],[69.5849,72.9474,1.0908],[69.5833,72.9479,1.0441]]],
[[[69.512,72.9464,1.0979],[69.5104,72.9479,0.9434],[69.5068,72.9474,1.0235],[69.5083,72.9458,1.0108],[69.512,72.9464,1.0979]]],
[[[69.6141,72.949,1.1848],[69.6083,72.95,1.1402],[69.6068,72.9484,1.1662],[69.6125,72.9479,1.3858],[69.6141,72.949,1.1848]]],
[[[69.5958,72.95,1.0047],[69.5875,72.95,1.0664],[69.5859,72.9484,1.0218],[69.5995,72.9484,0.9369],[69.5958,72.95,1.0047]]],
[[[69.6667,72.95,1.1558],[69.6583,72.95,1.169],[69.6568,72.9484,1.1929],[69.6766,72.9484,1.2414],[69.675,72.95,1.4268],[69.6667,72.95,1.1558]]],
[[[69.5771,72.95,0.8325],[69.5787,72.9516,1.2442],[69.5734,72.9516,1.3018],[69.5734,72.9505,1.1262],[69.5771,72.95,0.8325]]],
[[[69.7521,72.9229,1.1829],[69.7557,72.9234,1.4505],[69.7557,72.9245,1.417],[69.7505,72.9245,1.1344],[69.7521,72.9229,1.1829]]],
[[[69.8187,72.9229,1.0036],[69.8203,72.9245,0.0],[69.813,72.9245,1.0166],[69.8146,72.9229,1.2062],[69.8187,72.9229,1.0036]]],
[[[69.8646,72.9563,0.0],[69.8542,72.9563,0.0],[69.8526,72.9547,0.0],[69.8662,72.9547,0.0],[69.8646,72.9563,0.0]]],
[[[69.9375,72.975,0.0],[69.9411,72.9755,0.0],[69.9411,72.9766,0.0],[69.9359,72.9766,0.0],[69.9375,72.975,0.0]]],
[[[70.0542,73.0042,2.3743],[70.0458,73.0042,1.2021],[70.0443,73.0026,0.0],[70.0578,73.0026,2.0918],[70.0542,73.0042,2.3743]]],
[[[69.9063,73.0083,0.0],[69.9099,73.0089,0.0],[69.9099,73.0099,0.0],[69.9047,73.0099,0.0],[69.9063,73.0083,0.0]]],
[[[69.9083,73.0229,0.0],[69.912,73.0234,0.0],[69.912,73.0245,0.0],[69.9068,73.0245,0.0],[69.9083,73.0229,0.0]]],
[[[70.1042,73.0354,0.0],[70.1057,73.037,0.0],[70.0984,73.037,0.0],[70.1,73.0354,0.0],[70.1042,73.0354,0.0]]],
[[[70.1146,73.0396,0.0],[70.1141,73.0411,0.0],[70.1,73.0458,0.0],[70.088,73.0432,0.0],[70.0896,73.0417,0.0],[70.0979,73.0417,0.0],[70.1083,73.0375,0.0],[70.1141,73.038,0.0],[70.1146,73.0396,0.0]]],
[[[69.9313,73.0958,0.0],[69.9375,73.0958,0.0],[69.9391,73.0974,0.0],[69.9292,73.1,0.0],[69.9255,73.0974,0.0],[69.9271,73.0958,0.0],[69.9313,73.0958,0.0]]],
[[[70.0661,73.2984,0.8494],[70.0646,73.3,0.6687],[70.0589,73.2995,1.0756],[70.0604,73.2979,0.9346],[70.0661,73.2984,0.8494]]],
[[[70.05,73.3,1.8586],[70.0516,73.3016,0.908],[70.0463,73.3016,0.0],[70.0463,73.3005,0.0],[70.05,73.3,1.8586]]],
[[[70.0745,73.3016,0.8671],[70.0687,73.3021,0.7318],[70.0672,73.3005,0.8301],[70.0729,73.3,0.8596],[70.0745,73.3016,0.8671]]],
[[[70.0537,73.3047,1.2107],[70.0521,73.3063,1.183],[70.0484,73.3057,0.0],[70.05,73.3042,0.4945],[70.0537,73.3047,1.2107]]]]}}