{"type":"Feature","properties":{"ISO3166-1-Alpha-3":"RUS","country":"Russia","fill":"#F00","id":"2612","name":"Sakha (Yakutia)"},
"geometry":{"type": "MultiPolygon","coordinates": [[[[161.37452,69.54588,0.0],[161.35792,69.55012,0.0],[161.33741,69.54564,0.0],[161.31861,69.53889,0.0],[161.30641,69.5373,0.0],[161.27849,69.53815,0.0],[161.26824,69.53376,0.0],[161.261,69.52753,0.0],[161.25392,69.52363,0.0],[161.11891,69.47846,0.0],[161.09246,69.46479,0.0],[161.07325,69.44501,0.0],[161.06593,69.41743,0.0],[161.08155,69.39297,0.0],[161.15138,69.35464,2.7205],[161.16896,69.32526,0.0],[161.1644,69.30541,0.0],[161.14039,69.26919,0.0],[161.13404,69.24242,2.7303],[161.13185,69.24022,2.1564],[161.12957,69.23823,1.7115],[161.12729,69.23526,0.0],[161.1312,69.22626,2.2164],[161.1316,69.21699,2.9352],[161.12159,69.17479,3.3454],[161.12192,69.16767,3.3516],[161.12729,69.15396,2.3728],[161.13868,69.13768,3.6535],[161.14096,69.1328,3.7001],[161.14161,69.11441,3.0049],[161.1399,69.10977,2.665],[161.13689,69.10432,2.7944],[161.13445,69.09789,2.8931],[161.13478,69.09186,0.0],[161.14145,69.08735,3.8884],[161.30551,69.06025,3.6134],[161.38356,69.03779,2.0788],[161.42189,69.02155,3.2138],[161.45558,69.00096,3.6432],[161.47739,68.97517,1.394],[161.46192,68.95303,4.0444],[161.42311,68.91474,0.0],[161.40919,68.89326,0.0],[161.42221,68.89326,3.1292],[161.48211,68.90217,4.426],[161.51498,68.93464,4.3808],[161.51759,68.97989,3.4122],[161.48707,69.02668,0.0],[161.41391,69.08137,4.1583],[161.39177,69.10212,3.4566],[161.38551,69.11905,3.0117],[161.38746,69.1625,1.726],[161.38111,69.18061,1.093],[161.38868,69.18806,2.9031],[161.37436,69.20376,3.5727],[161.33473,69.2246,3.1973],[161.3191,69.24266,1.1397],[161.36736,69.279,2.119],[161.37436,69.29605,1.3971],[161.35108,69.3321,2.4681],[161.35304,69.34077,2.7254],[161.35792,69.35008,2.5579],[161.36069,69.36278,2.7666],[161.35084,69.38044,1.6947],[161.30535,69.4007,1.2956],[161.29249,69.41401,2.0287],[161.29713,69.42829,-0.1493],[161.3143,69.43724,0.917],[161.38185,69.45612,38.3525],[161.38868,69.46182,51.6942],[161.38933,69.46776,48.0331],[161.3851,69.47305,2.4066],[161.38168,69.47875,1.5699],[161.3899,69.49649,1.8135],[161.38795,69.50747,0.1229],[161.37452,69.54588,0.0]]],
[[[161.41017,69.41551,2.35],[161.54835,69.42621,2.5058],[161.58855,69.43618,1.9801],[161.61573,69.45038,1.532],[161.60719,69.46865,1.895],[161.62672,69.48286,0.8613],[161.61988,69.4995,1.669],[161.60768,69.51704,1.7895],[161.61052,69.53376,1.3207],[161.61573,69.53998,0.8498],[161.62403,69.55341,0.0],[161.63111,69.5611,1.3744],[161.63551,69.5703,0.5631],[161.63209,69.57974,0.0],[161.61736,69.59589,1.1183],[161.5901,69.61839,0.0],[161.55909,69.63203,0.0],[161.52467,69.63874,0.0],[161.48732,69.64057,0.0],[161.47511,69.63801,0.0],[161.46762,69.63117,0.0],[161.46412,69.62116,0.0],[161.46315,69.6092,0.0],[161.45427,69.60236,0.0],[161.39479,69.59211,0.0],[161.40235,69.5808,0.0],[161.41538,69.54434,0.0],[161.42758,69.52131,0.0],[161.42848,69.51276,1.6133],[161.42563,69.46499,0.0],[161.42221,69.45433,48.0257],[161.40886,69.44147,0.0],[161.37306,69.42715,2.0874],[161.36069,69.41401,0.0],[161.37501,69.41401,2.3331],[161.37501,69.40778,2.8171],[161.41017,69.41551,2.35]]],
[[[161.82553,69.55035,1.125],[161.86694,69.55455,0.9884],[161.89864,69.57404,0.0],[161.89103,69.59497,0.0],[161.88562,69.61914,0.0],[161.90373,69.63211,0.9226],[161.90788,69.64744,0.0],[161.89377,69.65384,0.0],[161.81712,69.65755,0.0],[161.75515,69.64034,0.0],[161.70425,69.63848,0.0],[161.66724,69.63668,0.0],[161.66562,69.62055,0.665],[161.67565,69.60205,0.0],[161.71097,69.58691,1.2313],[161.73497,69.56445,0.0],[161.75156,69.55324,1.7818],[161.77944,69.54853,1.5874],[161.82553,69.55035,1.125]]],
[[[162.43458,70.67284,0.0],[162.40553,70.68024,0.0],[162.38168,70.68146,0.0],[162.37615,70.67894,0.0],[162.36964,70.66999,0.0],[162.3628,70.666,0.0],[162.34555,70.66205,0.0],[162.30616,70.66096,0.0],[162.29851,70.66559,0.0],[162.29249,70.66576,0.0],[162.27931,70.66096,0.0],[162.27182,70.66096,0.0],[162.26368,70.66181,0.0],[162.2378,70.66096,0.0],[162.2378,70.65412,0.0],[162.35076,70.64053,0.0],[162.45094,70.65363,0.0],[162.48414,70.65412,0.0],[162.43458,70.67284,0.0]]],
[[[161.58668,70.81802,0.0],[161.57618,70.82246,0.0],[161.55567,70.83535,0.0],[161.54518,70.83975,0.0],[161.53053,70.84162,0.0],[161.48365,70.83975,0.0],[161.49,70.82758,0.0],[161.48699,70.81737,0.0],[161.47706,70.80972,0.0],[161.46315,70.805,0.0],[161.47869,70.80341,0.0],[161.50668,70.79365,0.0],[161.52149,70.79133,12.1833],[161.55519,70.79072,14.9938],[161.57057,70.78767,43.7557],[161.63868,70.7578,25.0362],[161.66521,70.75239,6.0601],[161.69459,70.75043,0.0],[161.68873,70.76069,0.0],[161.67018,70.77997,0.0],[161.66228,70.79133,0.0],[161.67604,70.79877,0.0],[161.65626,70.81338,0.0],[161.63413,70.81664,0.0],[161.61052,70.81586,0.0],[161.58668,70.81802,0.0]]],
[[[160.69377,70.8963,0.0],[160.67439,70.91421,0.0],[160.54184,70.93049,0.0],[160.51783,70.93529,0.0],[160.45655,70.93476,0.0],[160.42482,70.92792,0.0],[160.40797,70.91425,0.0],[160.45075,70.87219,0.0],[160.48139,70.8774,0.0],[160.50367,70.89061,0.0],[160.55281,70.88479,8.3694],[160.54555,70.85147,0.0],[160.50956,70.83355,21.2668],[160.50407,70.80501,0.0],[160.59725,70.79297,0.0],[160.68253,70.80211,21.5272],[160.76397,70.80404,0.0],[160.74383,70.82543,0.0],[160.72348,70.83845,0.0],[160.70611,70.87671,0.0],[160.69748,70.88686,0.0],[160.69377,70.8963,0.0]]],
[[[137.87013,71.57954,0.8564],[137.85377,71.58364,0.4881],[137.70607,71.59642,0.0],[137.67091,71.59325,0.6662],[137.60955,71.57966,2.4556],[137.58009,71.57685,2.1653],[137.4725,71.58674,2.1651],[137.21827,71.57624,0.0373],[137.12827,71.54727,0.6727],[137.0232,71.53413,0.0],[136.99187,71.51752,0.0],[137.04314,71.51105,0.0],[137.34409,71.42756,0.0],[137.38982,71.43561,5.5811],[137.37672,71.44864,0.9552],[137.38657,71.44864,1.192],[137.39454,71.45002,1.0227],[137.4109,71.45604,1.2833],[137.3768,71.46719,0.6998],[137.30144,71.48029,2.2403],[137.26686,71.49018,0.5841],[137.29078,71.49787,2.4199],[137.31813,71.49917,2.1804],[137.34571,71.49518,0.0],[137.39503,71.48115,0.0],[137.48219,71.48404,0.0],[137.52198,71.47541,0.0],[137.58619,71.4374,0.0],[137.69337,71.41938,0.0],[137.71876,71.42133,1.2814],[137.76743,71.43073,1.2273],[137.94239,71.49445,2.3737],[137.96583,71.51069,1.9301],[137.92311,71.55215,1.4265],[137.91424,71.5585,0.8679],[137.90504,71.56127,0.9704],[137.87013,71.57954,0.8564]]],
[[[128.91017,72.64008,2.0778],[128.87045,72.65152,0.7688],[128.83107,72.65522,0.0],[128.65252,72.67577,0.0],[128.39352,72.65963,4.0302],[128.13453,72.6435,2.7839],[128.10369,72.63471,0.0],[128.11109,72.63471,0.0],[128.33937,72.56102,3.0],[128.38315,72.55305,1.7219],[128.47608,72.55394,0.0],[128.56479,72.54361,11.3022],[128.61061,72.53238,2.0827],[128.65333,72.52749,18.1831],[128.78273,72.54536,2.5679],[128.7732,72.55085,0.0],[128.76905,72.55219,0.0],[128.78126,72.55622,-0.2615],[128.80519,72.55659,0.1112],[128.81674,72.55903,1.7471],[128.84449,72.5832,2.5076],[128.87224,72.59186,-0.473],[128.97446,72.59382,-0.379],[128.94597,72.62092,1.758],[128.91017,72.64008,2.0778]]],
[[[129.33406,72.7737,1.4486],[129.41714,72.8126,0.0],[129.39861,72.86602,0.0],[129.21966,72.92641,0.0],[128.99408,72.93247,1.482],[128.84379,72.90982,1.6685],[128.73566,72.88415,-0.0123],[128.51804,72.87765,2.6084],[128.41901,72.86926,1.8841],[128.32154,72.82856,0.0],[128.31715,72.81232,-0.179],[128.653,72.79186,2.775],[128.98885,72.77141,0.0],[129.20704,72.76189,0.0],[129.33406,72.7737,1.4486]]],
[[[119.80226,73.0395,1.4507],[120.23024,73.0395,0.5928],[120.22438,73.04194,0.6308],[120.20973,73.05248,1.4495],[120.22584,73.06623,5.9581],[120.26246,73.08698,10.5706],[120.27858,73.1009,23.4318],[120.24806,73.1186,0.0],[120.02198,73.16812,0.0],[119.792,73.16234,0.0],[119.67172,73.1308,0.0],[119.63445,73.12816,0.0],[119.65854,73.10859,0.0],[119.73878,73.0937,2.4341],[119.76466,73.07294,0.0],[119.70265,73.04629,0.0],[119.72071,73.03384,0.0],[119.74741,73.03278,1.0527],[119.80226,73.0395,1.4507]]],
[[[127.69093,73.54287,0.0],[127.52027,73.54564,0.0],[127.42807,73.53734,0.0],[127.39234,73.52546,0.0],[127.4048,73.51862,0.0],[127.53907,73.51561,0.0],[127.61769,73.50031,0.0607],[127.69744,73.50544,0.4284],[127.77508,73.49258,0.479],[128.03248,73.48359,0.0],[128.06332,73.49136,0.0],[127.98129,73.49409,0.0],[127.69093,73.54287,0.0]]],
[[[142.27377,73.86571,0.0],[142.04518,73.91657,0.0],[141.59474,73.90607,0.0],[141.36801,73.86384,0.0],[141.20777,73.86933,0.0],[141.18092,73.8758,0.0],[141.17026,73.8769,0.0],[141.16391,73.87849,0.0],[141.16603,73.88231,0.0],[141.12721,73.88166,0.0],[140.93474,73.81928,0.0],[140.89918,73.80146,0.0],[140.86638,73.77977,0.0],[140.8401,73.75507,0.0],[140.80942,73.71727,0.0],[140.79217,73.70026,0.0],[140.73194,73.65278,0.0],[140.71192,73.63207,0.0],[140.68971,73.60395,0.0],[140.65992,73.57998,0.0],[140.62672,73.56196,0.0],[140.4933,73.48504,0.0],[140.23487,73.4523,0.0],[140.08051,73.45867,0.0],[139.90652,73.47103,0.0],[139.76709,73.41834,0.0],[139.7865,73.36952,0.0],[139.8167,73.33907,0.0],[139.9651,73.32657,0.0],[140.15961,73.34718,0.0],[140.2887,73.38317,0.0],[140.50265,73.40544,0.0],[140.78862,73.41001,0.0],[141.04863,73.37037,0.0],[141.30865,73.33073,0.0],[141.51243,73.29935,0.0],[141.84103,73.27011,0.0],[142.2185,73.24046,0.0],[142.34393,73.23524,0.0],[142.53828,73.21383,0.0],[142.75718,73.22087,0.0],[143.17495,73.17658,0.0],[143.40656,73.18839,0.0],[143.52629,73.20781,0.0],[143.56511,73.23115,0.0],[143.53834,73.25178,0.0],[143.5171,73.27839,0.0],[143.47495,73.32062,7.0061],[143.47267,73.32783,6.3235],[143.47283,73.33275,5.4912],[143.47413,73.33747,5.133],[143.47495,73.3439,5.2183],[143.47218,73.35395,2.1133],[143.46583,73.35725,5.0328],[143.45883,73.3581,6.3181],[143.4546,73.36099,6.2718],[143.4524,73.37214,7.2302],[143.45191,73.38398,7.3614],[143.44923,73.39631,8.1264],[143.44093,73.40876,14.9235],[143.46697,73.41291,11.4975],[143.53696,73.44355,1.2143],[143.48373,73.48013,1.286],[143.43751,73.52204,1.093],[143.40724,73.54279,2.1961],[143.15333,73.6424,0.0],[143.03028,73.65888,0.2133],[143.00913,73.66572,5.5325],[142.94508,73.69945,16.8374],[142.92693,73.70417,18.4381],[142.88356,73.7106,13.8695],[142.58277,73.82534,0.0],[142.48113,73.8476,0.0],[142.27377,73.86571,0.0]]],
[[[124.58595,73.91584,0.0],[124.45883,73.92329,0.0],[124.48601,73.93525,0.0],[124.57569,73.95002,0.0],[124.38103,73.9394,0.0],[124.32179,73.92329,0.0],[124.33497,73.91913,0.0],[124.34881,73.91645,0.0],[124.36256,73.91535,0.0],[124.37648,73.91584,0.0],[124.35694,73.90502,0.0],[124.31251,73.90424,0.0],[124.29444,73.89541,0.0],[124.28785,73.88093,0.0],[124.29615,73.87263,0.0],[124.31202,73.86896,0.0],[124.3283,73.86807,0.0],[124.34938,73.86323,4.8491],[124.36915,73.85371,3.0935],[124.39047,73.84663,0.0],[124.41578,73.84955,6.138],[124.43824,73.85517,5.9276],[124.46274,73.85663,0.9193],[124.48658,73.85248,6.0427],[124.50668,73.84138,0.0],[124.51417,73.84138,0.0],[124.62957,73.87226,0.0],[124.66066,73.89199,4.0702],[124.65699,73.90278,0.0],[124.63331,73.91014,0.0],[124.58595,73.91584,0.0]]],
[[[113.15545,73.85468,36.159],[113.14747,73.86603,20.532],[113.13844,73.87604,27.0062],[113.13136,73.88231,0.0],[113.1115,73.89216,0.0],[112.94606,73.94009,14.4166],[112.84693,73.99453,34.0708],[112.82293,73.99844,0.0],[112.81861,73.99091,0.0],[112.81813,73.97846,0.0],[112.82,73.96589,0.0],[112.82293,73.95746,0.0],[112.83513,73.94929,0.0],[112.85377,73.94257,0.0],[112.87062,73.93378,18.8197],[112.8781,73.91958,26.9142],[112.88429,73.9123,29.0776],[112.9144,73.89256,14.7404],[112.93002,73.8867,40.8365],[112.93458,73.88231,27.7797],[112.93686,73.87686,21.9806],[112.93556,73.87177,15.0821],[112.93092,73.86294,0.0],[112.93442,73.85749,0.0],[112.94093,73.85301,0.0],[112.94581,73.8476,0.0],[112.95802,73.8133,0.0],[112.95948,73.80659,0.0],[112.94532,73.79047,0.0],[112.92018,73.77888,0.0],[112.82146,73.74681,0.0],[112.71713,73.73973,0.0],[112.60857,73.71979,0.0],[112.48463,73.72431,0.0],[112.37184,73.70531,1.1517],[112.14723,73.70795,2.4263],[111.80372,73.74421,1.2225],[111.43556,73.81257,0.7232],[111.29518,73.86913,1.5373],[111.28078,73.85973,2.3191],[111.01093,73.811,3.3863],[110.92732,73.78769,2.2716],[110.87773,73.76785,0.58],[110.87778,73.76785,0.58],[110.91798,73.76561,16.0629],[110.90659,73.76211,7.7992],[110.89283,73.75503,6.7072],[110.88136,73.74555,6.948],[110.87648,73.73461,12.2388],[110.88445,73.72598,5.0241],[110.91871,73.71532,8.1635],[110.92482,73.70417,0.5583],[110.90719,73.69185,-0.6149],[110.90727,73.69183,0.2588],[110.91398,73.69015,-0.0881],[110.93197,73.68791,1.4763],[111.11056,73.64109,10.3368],[111.11955,73.63587,22.0095],[111.1241,73.62967,18.2617],[111.12296,73.62036,18.8613],[111.10808,73.60812,25.0794],[111.10333,73.60316,26.8144],[111.09981,73.59799,13.4739],[111.09392,73.59282,11.2846],[111.08493,73.5876,22.3766],[111.07304,73.5829,23.5796],[111.01899,73.56864,20.2195],[110.9883,73.56528,10.4974],[110.85497,73.56822,35.677],[110.82738,73.56347,25.5159],[110.81787,73.55895,18.3297],[110.78624,73.52755,15.8641],[110.77436,73.51009,24.3029],[110.72092,73.49851,38.3209],[110.70883,73.49365,43.8884],[110.68103,73.47727,45.5937],[110.65467,73.45567,50.9611],[110.61592,73.4335,35.9327],[110.56517,73.41356,35.815],[110.53778,73.40622,33.2775],[110.5231,73.40412,33.0642],[110.16809,73.401,14.6321],[110.15827,73.39914,6.9457],[110.15765,73.39495,1.6054],[110.18452,73.38312,3.99],[110.40363,73.33408,8.7032],[110.50584,73.3256,13.8433],[110.53561,73.31682,7.8901],[110.55773,73.29842,10.0535],[110.58594,73.2862,9.3083],[110.59483,73.27982,11.1769],[110.59731,73.27031,15.2077],[110.59256,73.26346,29.867],[110.58284,73.25729,40.9848],[110.57075,73.25253,49.3227],[110.40921,73.20845,18.2977],[110.39908,73.2037,40.8328],[110.39495,73.19884,39.1593],[110.39681,73.19362,51.2622],[110.40497,73.18866,38.4115],[110.4244,73.18375,31.1028],[110.75492,73.17525,60.5322],[110.77043,73.17135,70.4397],[110.78087,73.16639,60.8245],[110.78407,73.15938,66.1155],[110.78335,73.15347,58.1215],[110.78335,73.14716,59.5973],[110.78624,73.14073,67.4629],[110.81156,73.12096,69.3817],[110.82303,73.10647,69.0592],[110.82696,73.09843,57.2899],[110.82893,73.09166,55.1993],[110.82986,73.0867,54.5487],[110.83358,73.08156,48.6707],[110.83998,73.07621,60.0699],[110.85311,73.06986,49.0798],[110.89228,73.05624,56.2977],[110.90127,73.05048,55.6778],[110.90561,73.04355,45.1134],[110.90406,73.03239,46.4552],[110.89424,73.02671,43.564],[110.88122,73.02288,33.6213],[110.77973,73.00862,35.3701],[110.75896,73.0019,18.9003],[110.75399,72.99973,20.9567],[110.75368,72.99947,21.4141],[110.75255,72.99746,24.0185],[110.75337,72.99353,26.9148],[110.75772,72.98722,22.4382],[110.77322,72.97849,35.5591],[110.78521,72.96645,29.2925],[110.80081,72.95389,19.1524],[110.81745,72.95157,11.5344],[110.83037,72.95115,11.1866],[110.84029,72.9496,14.0229],[110.8373,72.94511,13.0311],[110.73632,72.9125,32.0538],[110.64847,72.90186,32.1652],[110.63617,72.89875,15.8937],[110.62739,72.89452,20.5079],[110.62718,72.88909,13.8072],[110.62894,72.88274,9.5619],[110.63369,72.87369,14.2456],[110.63059,72.86739,20.3463],[110.63059,72.86165,12.7619],[110.63431,72.85664,14.3549],[110.6433,72.85173,14.9861],[110.67937,72.84139,29.6199],[110.69209,72.8354,16.8818],[110.69529,72.82605,17.3956],[110.69002,72.81917,30.2104],[110.67968,72.81318,29.3506],[110.62677,72.79943,44.0286],[110.61602,72.79543,47.8113],[110.61002,72.79075,35.3825],[110.60878,72.78584,33.2487],[110.61064,72.78104,33.4471],[110.62863,72.75261,34.8369],[110.63049,72.74776,35.3303],[110.64816,72.71928,53.1238],[110.6495,72.71437,41.358],[110.65188,72.70957,55.0395],[110.65302,72.70471,51.6689],[110.65529,72.6999,53.8875],[110.65643,72.69494,53.666],[110.6586,72.69009,55.7788],[110.65994,72.68528,54.883],[110.66273,72.68045,53.5625],[110.66956,72.67107,51.4042],[110.67875,72.66182,46.4359],[110.68837,72.65629,56.3248],[110.7017,72.65045,59.0574],[110.73177,72.64278,65.897],[110.75306,72.63944,69.5801],[110.88525,72.63247,76.3118],[110.89972,72.6297,74.6563],[110.90964,72.62528,81.9528],[110.90913,72.61857,73.0471],[110.90065,72.61319,72.3722],[110.87988,72.60513,67.9943],[110.8774,72.60089,67.9649],[110.8837,72.59001,64.4819],[110.88112,72.58513,65.8829],[110.8806,72.58017,64.6937],[110.89538,72.57567,70.0942],[110.92897,72.57113,74.1645],[110.95894,72.57138,66.4411],[110.98892,72.57505,68.0654],[111.00959,72.57407,62.2027],[111.2103,72.54451,73.3616],[111.23841,72.53376,72.7878],[111.25484,72.52451,71.1041],[111.28885,72.51046,72.2546],[111.29536,72.50333,65.9184],[111.29587,72.49769,58.8967],[111.29525,72.49227,57.8977],[111.29277,72.48715,60.8187],[111.28936,72.4825,59.5578],[111.28099,72.47826,54.1295],[111.19076,72.45666,53.7616],[111.18363,72.45206,56.0235],[111.17423,72.44199,58.7703],[111.1671,72.43718,61.5247],[111.15604,72.43349,65.9055],[111.11573,72.42488,63.2404],[111.06571,72.40948,67.6466],[111.05785,72.40499,65.0472],[111.05506,72.40023,66.7713],[111.05413,72.39527,70.2206],[111.05423,72.39031,72.4711],[111.05485,72.3854,74.4866],[111.05672,72.3806,78.009],[111.06746,72.37522,79.261],[111.08524,72.36959,74.6117],[111.303,72.33388,91.7834],[111.31324,72.33088,93.9514],[111.32316,72.32499,99.9785],[111.3367,72.32039,100.1948],[111.41721,72.31448,93.4733],[111.53669,72.319,143.8246],[111.5555,72.31646,152.9137],[111.57637,72.30933,187.9721],[111.64283,72.27445,209.5901],[111.64665,72.26965,209.0923],[111.64913,72.26497,208.7801],[111.64913,72.26003,211.261],[111.64717,72.25492,191.9344],[111.64066,72.24461,220.1564],[111.63177,72.2342,231.203],[111.6143,72.21831,225.0402],[111.61813,72.21301,261.6234],[111.63456,72.20908,263.6374],[111.71445,72.20619,250.9841],[111.72024,72.20179,253.8534],[111.72262,72.19689,275.6364],[111.72386,72.18665,284.6859],[111.72634,72.18185,271.063],[111.72944,72.17722,248.1547],[111.73378,72.17255,248.6517],[111.73977,72.16314,247.4656],[111.74184,72.15828,269.2419],[111.74618,72.15353,267.9272],[111.75249,72.14852,176.8593],[111.76365,72.1435,155.5535],[111.78215,72.13782,225.3707],[111.81708,72.13167,151.5157],[111.99609,72.13273,193.3595],[111.99692,71.41357,84.9262],[112.00002,71.40779,90.6324],[112.00467,71.40497,94.2394],[112.34077,71.3342,156.9771],[112.37912,71.31689,133.7237],[112.40878,71.29929,103.7183],[112.42056,71.29549,90.9251],[112.46521,71.28578,168.0309],[112.47627,71.28159,188.3611],[112.48381,71.2771,202.6958],[112.48753,71.27268,188.1096],[112.49249,71.26898,175.2735],[112.50138,71.26717,163.4898],[112.51316,71.26795,173.7272],[112.60411,71.28774,211.0616],[112.61703,71.28847,215.243],[112.6282,71.28759,214.3926],[112.63657,71.28433,205.9384],[112.64194,71.28015,197.1356],[112.64504,71.27537,204.7107],[112.6468,71.27059,206.5974],[112.65031,71.26588,205.4844],[112.65651,71.26154,201.3414],[112.66726,71.25772,197.9375],[112.69506,71.25141,178.0371],[112.70561,71.24749,186.2637],[112.70943,71.24289,197.3695],[112.70757,71.23782,194.228],[112.69486,71.21733,193.3414],[112.68173,71.21061,167.6692],[112.65899,71.20273,126.506],[112.55316,71.17772,210.2908],[112.53797,71.17214,210.759],[112.51864,71.1617,208.7706],[112.51502,71.15499,188.3772],[112.51678,71.14915,183.5716],[112.52267,71.14449,182.5675],[112.57931,71.1137,163.7952],[112.5729,71.10636,163.11],[112.55554,71.09664,168.8758],[112.47751,71.06931,138.3986],[112.45394,71.06388,146.242],[112.39979,71.0646,147.6398],[112.38263,71.06295,153.4401],[112.36423,71.05887,165.848],[112.3385,71.04853,167.371],[112.27669,71.01272,165.0659],[112.26377,71.0075,169.8814],[112.24941,71.00331,170.5849],[112.21757,70.99978,167.7863],[112.21199,71.00063,168.2351],[112.19628,71.00492,167.8293],[112.18698,71.00879,168.4081],[112.18037,71.01329,168.2213],[112.17634,71.01797,163.4976],[112.16983,71.02745,165.2731],[112.16476,71.0321,169.882],[112.15298,71.04114,162.4658],[112.14822,71.04579,166.5833],[112.14151,71.05034,169.7451],[112.13272,71.05453,176.18],[112.12011,71.05799,189.3429],[112.10564,71.06011,197.7982],[112.07639,71.06124,195.4837],[112.06182,71.05938,200.0804],[112.04797,71.0554,206.2388],[112.03412,71.04822,203.6839],[112.02658,71.04225,205.8667],[112.02296,71.03659,204.3927],[112.01242,71.01613,205.483],[112.01087,71.01122,211.9633],[112.00642,71.00257,215.6942],[112.00405,70.9999,210.231],[111.99898,70.9968,205.6119],[111.98028,70.98874,203.6339],[111.9533,70.98228,221.8748],[111.52242,70.93862,275.3752],[111.47922,70.92789,310.4768],[111.417,70.90384,336.685],[111.39282,70.89056,317.9286],[111.37918,70.87965,339.0808],[111.37049,70.86916,364.9676],[111.36409,70.86394,370.9937],[111.35158,70.85903,374.2976],[111.33494,70.85531,375.953],[111.07211,70.84798,427.7864],[110.98333,70.83402,383.507],[110.90282,70.8079,438.959],[110.86117,70.80142,444.9604],[110.79895,70.80074,455.9582],[110.78407,70.80384,452.5505],[110.77622,70.80787,444.3382],[110.76671,70.81134,432.9603],[110.75027,70.81356,428.9218],[110.72619,70.81408,435.3674],[110.70046,70.81206,446.0652],[110.67937,70.80524,460.5513],[110.65591,70.80038,475.86],[110.63173,70.80017,492.0985],[110.59576,70.80333,492.1089],[110.53943,70.80064,475.9787],[110.52476,70.79738,462.8066],[110.50988,70.79237,446.7091],[110.49241,70.78286,479.6048],[110.48373,70.77594,487.9569],[110.47897,70.76984,489.4377],[110.47897,70.76488,488.0596],[110.4828,70.75522,492.6619],[110.48507,70.74059,506.0569],[110.48683,70.73579,506.9306],[110.48755,70.73093,504.1465],[110.489,70.72602,500.0738],[110.48373,70.72064,493.5453],[110.4737,70.71563,484.3949],[110.42771,70.70785,489.4998],[110.31082,70.70274,500.8529],[110.29697,70.70023,487.9481],[110.28446,70.69351,470.8952],[110.27588,70.68773,472.9199],[110.26937,70.68186,488.5076],[110.2579,70.67667,504.7951],[110.2425,70.67233,516.9821],[110.18917,70.66525,539.5436],[110.10277,70.63192,550.6381],[110.10091,70.62659,546.4518],[110.10277,70.62153,546.7705],[110.11145,70.61233,547.0053],[110.11465,70.60763,539.5092],[110.11734,70.60287,533.4777],[110.11827,70.59796,536.2278],[110.1193,70.5882,553.736],[110.12044,70.58334,556.6619],[110.12272,70.57853,554.8329],[110.13315,70.56432,551.7506],[110.13501,70.55967,554.3336],[110.13284,70.55569,556.5803],[110.12695,70.55319,555.4028],[110.07259,70.55518,577.2126],[110.06422,70.55368,584.2318],[110.06422,70.54861,595.6493],[110.07259,70.54422,594.5674],[110.10866,70.53177,567.5114],[110.11393,70.52717,555.793],[110.11682,70.52252,553.0576],[110.11775,70.51761,557.3216],[110.11806,70.51265,562.7673],[110.11765,70.50763,565.4689],[110.1161,70.50262,571.1514],[110.11124,70.49234,576.4427],[110.10969,70.48717,566.7705],[110.11052,70.48231,557.8818],[110.11672,70.47802,561.9109],[110.23692,70.45958,540.9449],[110.26338,70.45229,557.2898],[110.27216,70.44795,568.5567],[110.27485,70.44314,575.2747],[110.27361,70.43813,576.6436],[110.26989,70.43291,571.7987],[110.26317,70.42738,567.1465],[110.25325,70.42242,569.7643],[110.23971,70.41844,572.0769],[110.14256,70.42077,570.418],[110.06256,70.41146,551.6924],[110.00066,70.4171,573.5806],[109.99549,70.41694,573.3733],[109.88242,70.40237,515.8004],[109.83767,70.40526,506.5652],[109.81813,70.4048,509.9035],[109.6938,70.38433,550.6976],[109.63716,70.38356,596.2835],[109.62011,70.3818,592.918],[109.60151,70.37819,572.0287],[109.57515,70.36803,572.7883],[109.56099,70.36072,605.389],[109.55376,70.35431,612.5685],[109.55696,70.34956,605.2712],[109.58435,70.33684,622.241],[109.59158,70.3325,633.3399],[109.59655,70.32785,641.4305],[109.5983,70.31806,631.1009],[109.59613,70.31292,624.5259],[109.59221,70.30765,625.7441],[109.56337,70.28041,640.0018],[109.55562,70.27483,648.7847],[109.53546,70.26398,648.7736],[109.35914,70.22985,791.0551],[109.31646,70.22713,793.4196],[109.30261,70.2245,780.1697],[109.28897,70.21814,806.4456],[109.28153,70.2123,829.0895],[109.27739,70.20652,826.1923],[109.27057,70.19112,766.9608],[109.26902,70.186,750.2853],[109.26933,70.18101,727.8572],[109.27098,70.17623,713.1412],[109.27533,70.17153,715.2087],[109.29672,70.15355,709.5794],[109.3238,70.13582,730.296],[109.34612,70.11774,799.663],[109.3486,70.11301,814.3243],[109.3486,70.10802,824.8592],[109.34209,70.09748,842.767],[109.34002,70.09236,848.2258],[109.34033,70.0874,849.8403],[109.34271,70.08265,842.3258],[109.34643,70.07795,840.5217],[109.3517,70.07345,842.4751],[109.35801,70.06901,846.3807],[109.39811,70.05242,869.989],[109.41123,70.0488,867.9153],[109.44141,70.04379,847.0385],[109.49567,70.04353,884.526],[109.50498,70.04187,880.274],[109.50839,70.03815,874.6871],[109.50901,70.03345,867.5926],[109.50766,70.02839,858.2339],[109.5056,70.02358,849.989],[109.49567,70.00606,844.34],[109.48885,70.00136,845.037],[109.47986,69.99728,848.2608],[109.4594,69.99056,861.1608],[109.44637,69.98462,868.8315],[109.43625,69.97862,870.9065],[109.43066,69.97309,873.3884],[109.41816,69.95718,863.5688],[109.39625,69.94033,854.2951],[109.38519,69.92948,843.9095],[109.3823,69.92426,849.8168],[109.38106,69.91925,861.0777],[109.38075,69.91423,860.7776],[109.38323,69.90945,855.0436],[109.39046,69.90509,837.2372],[109.40989,69.89666,822.5142],[109.41495,69.89219,825.8581],[109.41185,69.88705,795.044],[109.38447,69.86478,821.6597],[109.37434,69.85408,810.0904],[109.37093,69.84881,800.7767],[109.36659,69.8437,796.5554],[109.35976,69.83822,801.7539],[109.32721,69.82558,847.8132],[109.30313,69.81331,815.1584],[109.27874,69.7961,795.6974],[109.25879,69.78525,841.4007],[109.23698,69.7759,854.4537],[109.21652,69.77207,835.962],[109.12949,69.76778,862.5145],[109.04495,69.77303,814.6088],[108.94098,69.78923,836.7516],[108.9323,69.79336,855.9455],[108.92496,69.79781,877.293],[108.8891,69.83432,852.4457],[108.88186,69.83801,856.8467],[108.87101,69.84029,846.8353],[108.59836,69.83664,809.7493],[108.47403,69.85382,780.6309],[108.29058,69.85677,726.8235],[108.25203,69.85217,772.2377],[108.14868,69.82478,566.3111],[108.05442,69.77951,609.5923],[108.03726,69.76804,626.2767],[108.02362,69.75678,656.7294],[108.01897,69.75138,680.588],[108.01597,69.7461,733.4391],[108.01401,69.74096,752.6507],[108.01287,69.73585,744.7114],[108.01287,69.73083,709.0804],[108.01349,69.726,650.1124],[108.01494,69.72112,635.1627],[108.0169,69.71637,633.3505],[108.01752,69.71187,624.0227],[108.01463,69.70805,615.7509],[108.00729,69.705,606.1461],[107.92523,69.68123,636.7222],[107.89277,69.67771,714.9349],[107.81195,69.68489,747.772],[107.78456,69.68427,718.2731],[107.12373,69.58751,513.0211],[106.94844,69.53818,574.4982],[106.86162,69.52465,607.6426],[106.83857,69.51824,598.5212],[106.60438,69.5172,710.1414],[106.59022,69.51886,710.8578],[106.57627,69.52346,706.1143],[106.56789,69.52806,693.264],[106.56231,69.53297,687.3721],[106.55415,69.54211,716.4722],[106.54836,69.54656,729.7722],[106.54154,69.55095,738.6254],[106.51239,69.56309,742.9207],[106.48407,69.5696,744.1677],[106.45545,69.57131,752.8729],[106.42682,69.56392,740.2761],[106.38289,69.53911,761.157],[106.31695,69.50077,707.5481],[106.3092,69.49462,693.1335],[106.30455,69.48824,684.131],[106.30042,69.47455,710.6266],[106.29773,69.46883,711.8657],[106.29266,69.46367,710.4565],[106.28429,69.45881,712.2928],[106.27406,69.45478,715.1975],[106.15531,69.42801,682.3345],[106.14539,69.4231,689.5534],[106.1396,69.41628,695.257],[106.14012,69.40439,687.4903],[106.15293,69.39114,671.8076],[106.8855,68.86546,214.806],[106.89004,68.85993,214.9326],[106.89128,68.85538,213.6825],[106.89314,68.44352,218.2116],[106.87795,68.37557,276.7128],[106.87682,68.36528,260.4977],[106.87671,68.35795,256.4662],[106.87806,68.33994,249.4723],[106.87702,68.31325,268.5852],[106.89563,68.14261,384.3012],[106.89408,68.10933,302.2757],[106.88488,68.04879,255.1132],[106.88477,68.04375,250.4312],[106.88384,68.03866,250.1842],[106.88364,68.03368,249.8934],[106.88167,68.02345,246.6777],[106.88147,68.01843,236.2902],[106.88074,68.0129,238.3108],[106.87919,67.92722,338.463],[106.88023,67.91735,347.629],[106.87961,67.91229,353.2742],[106.87961,67.90733,354.6529],[106.87919,67.90216,358.8072],[106.8795,67.89214,372.0997],[106.87899,67.88712,371.3076],[106.87899,67.88211,368.4643],[106.87826,67.87699,368.3398],[106.87795,67.87201,369.5126],[106.87609,67.8617,367.1862],[106.87526,67.85162,369.7867],[106.87557,67.84661,378.3591],[106.87516,67.83963,389.4908],[106.83289,67.67344,339.0932],[106.83041,67.65623,320.9215],[106.83134,67.64125,333.4689],[106.83062,67.63117,366.279],[106.82814,67.61851,363.456],[106.82318,67.53453,407.7054],[106.82131,67.52384,440.7996],[106.821,67.51877,468.8051],[106.82018,67.51361,513.7939],[106.82038,67.50859,493.0684],[106.81987,67.50353,470.9478],[106.82049,67.49066,423.6216],[106.81553,67.45423,384.2112],[106.80333,67.40142,368.7033],[106.8025,67.39134,346.9791],[106.80457,67.37119,318.9568],[106.80333,67.3594,316.0459],[106.80343,67.35398,309.156],[106.8024,67.34824,295.3154],[106.79868,67.34214,269.6841],[106.78979,67.33457,261.088],[106.73719,67.29951,313.4899],[106.6852,67.25393,526.3306],[106.67672,67.24887,531.8632],[106.6668,67.24535,493.1032],[106.65554,67.24416,452.5079],[106.64406,67.2454,446.3946],[106.63497,67.24866,483.1756],[106.59477,67.27005,418.5869],[106.58453,67.27388,430.5883],[106.53007,67.28452,478.7759],[106.50412,67.2853,492.7926],[106.49234,67.28383,441.1751],[106.40418,67.26266,444.8228],[106.38496,67.25347,440.0052],[106.31664,67.20944,479.8673],[106.23179,67.18567,447.3522],[106.22032,67.18381,436.0021],[106.14487,67.18272,430.6048],[106.05475,67.16717,670.5374],[106.04606,67.16267,665.0532],[106.04028,67.15647,643.3535],[106.03087,67.13774,602.3632],[106.02529,67.122,555.0115],[106.01981,67.11089,567.2388],[106.00173,67.08567,686.9032],[105.99863,67.08242,679.0421],[105.99346,67.07813,668.4265],[105.98612,67.07312,662.1374],[105.96814,67.0634,644.6205],[105.89383,67.04366,532.2914],[105.54015,67.0234,563.3283],[105.54346,67.01462,535.9711],[105.56165,66.9994,509.239],[105.62769,66.96279,550.7524],[105.66097,66.94816,531.3013],[105.68671,66.93948,571.4254],[105.71358,66.93718,537.1506],[105.76195,66.93995,558.9431],[105.80691,66.94687,705.8865],[105.82231,66.94439,811.2198],[105.84081,66.93762,810.7495],[105.87274,66.92253,556.1358],[105.91202,66.90997,728.6711],[105.95418,66.90372,694.8132],[106.04369,66.90077,699.8625],[106.05661,66.89602,711.7414],[106.06653,66.88829,718.0882],[106.07335,66.8723,668.9673],[106.07263,66.8629,655.4505],[106.06777,66.85494,667.5536],[106.06022,66.84938,666.1431],[106.00111,66.81608,608.6257],[105.99677,66.81256,627.4702],[105.99242,66.80781,661.569],[105.9916,66.80254,660.6339],[105.99563,66.79727,615.3313],[106.00886,66.79179,571.3727],[106.02229,66.78884,544.8163],[106.03563,66.78791,532.9968],[106.04741,66.789,522.3847],[106.14797,66.80799,599.7227],[106.16089,66.8075,658.4797],[106.17381,66.80538,713.1599],[106.18435,66.80063,741.5324],[106.18962,66.79411,734.0493],[106.18724,66.78269,712.8367],[106.1798,66.77634,685.1617],[106.17019,66.77102,677.3881],[106.15066,66.76409,615.6873],[106.14332,66.75882,554.5347],[106.14022,66.75197,627.8447],[106.1427,66.74047,690.0275],[106.14601,66.73293,706.8835],[106.15159,66.72652,704.7679],[106.16389,66.7212,708.0607],[106.24688,66.70221,651.0048],[106.25401,66.69727,737.2639],[106.25308,66.68988,766.7805],[106.24874,66.68348,797.1677],[106.23737,66.67174,812.0474],[106.23324,66.66622,845.0013],[106.23086,66.65709,812.5919],[106.23303,66.64539,780.3383],[106.24388,66.61092,774.4705],[106.24481,66.60216,761.1382],[106.24378,66.59201,741.6124],[106.24936,66.58147,725.2565],[106.28409,66.56881,545.9897],[106.29804,66.55857,661.0894],[106.30414,66.54968,649.9706],[106.30982,66.53485,596.9503],[106.30858,66.52576,587.2958],[106.30424,66.51842,578.9904],[106.29835,66.51263,575.1299],[106.29608,66.5069,569.9227],[106.29804,66.50126,565.0014],[106.306,66.49475,561.7468],[106.31344,66.48974,554.3635],[106.31912,66.48437,547.7784],[106.32191,66.47889,545.3679],[106.31881,66.47155,539.6438],[106.31292,66.46597,536.4032],[106.30424,66.46121,533.3014],[106.2445,66.43977,531.2216],[106.23324,66.43734,527.8642],[106.18621,66.43336,519.6669],[106.17629,66.42985,519.2676],[106.14167,66.41109,519.5898],[106.1364,66.40597,520.816],[106.13185,66.40075,520.9835],[106.10973,66.38396,510.2128],[106.10332,66.37833,509.5704],[106.10084,66.37295,520.1219],[106.10053,66.36796,519.3004],[106.10146,66.35797,528.265],[106.10095,66.34784,513.6315],[106.09939,66.33755,490.7372],[106.10033,66.33223,489.298],[106.10487,66.3268,486.8311],[106.11376,66.3204,487.2769],[106.11965,66.31518,486.6143],[106.12027,66.3097,484.7834],[106.11872,66.29854,481.1388],[106.11934,66.29187,479.8982],[106.12937,66.27332,476.9612],[106.13888,66.26293,474.7578],[106.13929,66.25379,477.2316],[106.13681,66.24673,475.0554],[106.13174,66.24061,479.9904],[106.1274,66.23007,482.4456],[106.12193,66.21937,471.656],[106.11841,66.20888,469.3398],[106.11655,66.19865,466.8223],[106.11965,66.19193,464.0681],[106.12627,66.18418,463.2224],[106.14394,66.17152,459.6092],[106.15727,66.16454,460.1393],[106.17133,66.15922,458.7426],[106.21071,66.15105,454.7376],[106.23613,66.14955,458.2051],[106.33039,66.15446,448.8284],[106.34155,66.1524,460.4964],[106.35034,66.14754,456.1161],[106.35561,66.1387,448.6159],[106.35798,66.13219,445.1919],[106.3584,66.12625,446.8172],[106.36243,66.11974,445.4026],[106.36863,66.11204,443.6432],[106.38382,66.09922,448.2927],[106.41193,66.08144,441.1212],[106.41721,66.07617,441.1988],[106.42144,66.06889,437.4894],[106.42651,66.06266,437.994],[106.45276,66.0369,446.2986],[106.47126,66.00739,503.5749],[106.47498,65.99341,520.0158],[106.47601,65.98326,519.5931],[106.47601,65.9782,502.0188],[106.48314,65.96404,427.4964],[106.48407,65.95902,432.1514],[106.48335,65.95388,429.3752],[106.47074,65.93742,423.0549],[106.46816,65.93205,423.7449],[106.46795,65.92704,438.6588],[106.46919,65.92213,431.1165],[106.4725,65.91525,419.5816],[106.47973,65.89086,416.7852],[106.47622,65.87458,413.4264],[106.47715,65.86973,414.3728],[106.48159,65.86027,410.8579],[106.48242,65.85531,408.3605],[106.48118,65.85019,406.863],[106.47787,65.84523,409.5678],[106.47074,65.84048,409.3079],[106.46258,65.83624,415.6581],[106.45514,65.83154,409.782],[106.45328,65.82575,408.2675],[106.45555,65.81898,405.1465],[106.4663,65.80963,428.1969],[106.46888,65.80095,446.9999],[106.46547,65.7941,400.4167],[106.45328,65.78363,408.7318],[106.45028,65.77857,415.9444],[106.4509,65.7717,414.268],[106.45431,65.76283,403.6172],[106.46361,65.74694,416.553],[106.46444,65.73759,408.6645],[106.46206,65.72989,398.8422],[106.45493,65.72446,399.6135],[106.42888,65.71129,394.9154],[106.42186,65.70664,393.2588],[106.4171,65.70147,393.3302],[106.41493,65.69625,397.975],[106.41472,65.69124,397.5223],[106.41741,65.6764,395.2393],[106.42031,65.67144,393.0827],[106.42651,65.66659,393.9278],[106.43953,65.66173,393.3078],[106.51766,65.65155,391.8511],[106.56934,65.63951,387.5066],[106.63094,65.63481,392.1825],[106.64065,65.63129,390.2008],[106.6453,65.62698,387.8964],[106.6421,65.62137,381.711],[106.62908,65.61481,380.987],[106.62825,65.6114,383.9734],[106.63662,65.60886,383.6247],[106.6976,65.6006,381.3776],[106.70587,65.59641,398.3468],[106.71145,65.59129,380.9815],[106.71217,65.5839,397.8975],[106.70969,65.57781,406.8891],[106.70566,65.57181,378.7588],[106.7006,65.56628,374.7509],[106.69822,65.56096,398.2779],[106.69822,65.55615,393.9829],[106.70287,65.55186,403.2089],[106.7131,65.54892,428.3919],[106.93996,65.51125,520.2708],[106.95092,65.50719,527.2144],[106.95815,65.5022,513.6229],[106.9566,65.49466,518.2208],[106.95092,65.48825,533.7545],[106.94296,65.4821,540.1969],[106.87744,65.44061,502.4625],[106.87268,65.43549,494.3669],[106.86875,65.43022,485.8893],[106.86596,65.42484,488.2095],[106.86431,65.41968,471.2841],[106.864,65.41461,467.3357],[106.86255,65.4095,489.0888],[106.86038,65.40459,487.4193],[106.85377,65.39999,496.854],[106.83837,65.39291,542.9869],[106.83547,65.38888,563.8424],[106.83558,65.37831,543.277],[106.82886,65.37508,534.9868],[106.81976,65.37244,525.6891],[106.80902,65.37074,517.1127],[106.79816,65.37017,530.0402],[106.78762,65.37115,543.5594],[106.77057,65.37663,581.5668],[106.76189,65.37797,583.1366],[106.74018,65.37797,551.178],[106.63528,65.39291,583.3459],[106.62391,65.39296,585.3794],[106.61492,65.3912,581.1878],[106.60562,65.38376,597.4473],[106.59828,65.38138,579.0677],[106.55797,65.37684,541.0395],[106.55208,65.37306,547.6293],[106.5496,65.36852,548.5171],[106.54836,65.3635,561.8824],[106.54619,65.35849,568.8622],[106.54185,65.35379,564.1522],[106.53451,65.34898,548.4297],[106.45141,65.31315,658.2887],[106.44346,65.30847,683.5854],[106.43726,65.3032,695.3427],[106.43302,65.29777,699.4772],[106.42992,65.29235,706.9048],[106.42795,65.28713,704.4896],[106.42527,65.27669,664.8825],[106.42465,65.27157,654.5336],[106.42609,65.26568,668.5468],[106.42961,65.25914,693.5327],[106.43664,65.25007,662.4997],[106.44769,65.23819,704.0495],[106.45369,65.23297,702.7708],[106.47384,65.22114,725.7387],[106.49823,65.21214,751.1096],[106.5035,65.20827,722.5466],[106.49823,65.20468,696.3332],[106.48831,65.20481,681.2274],[106.43819,65.21468,670.5],[106.42589,65.2153,633.1144],[106.41431,65.21478,601.3589],[106.39323,65.21075,597.0147],[106.3739,65.20419,583.4954],[106.33979,65.18383,583.587],[106.30827,65.16093,583.2894],[106.30259,65.15525,575.2474],[106.29422,65.1444,580.8248],[106.28905,65.13985,587.3596],[106.2815,65.1368,584.0031],[106.27086,65.1353,595.0249],[106.22497,65.13313,610.467],[106.20368,65.13016,626.5239],[106.19489,65.12737,636.4851],[106.18942,65.1229,625.4387],[106.18528,65.11771,624.0369],[106.17598,65.10153,631.2261],[106.17164,65.09621,617.0134],[106.16482,65.09091,606.4592],[106.15603,65.08673,594.7003],[106.02663,65.05019,601.3408],[105.99656,65.03763,623.1647],[105.98984,65.03319,626.0825],[105.98333,65.02797,622.9449],[105.97775,65.02234,623.5639],[105.97434,65.01691,630.4882],[105.97279,65.01179,637.1929],[105.98385,65.00265,655.4797],[106.09743,64.94343,628.573],[106.10487,64.93402,638.6073],[106.10756,64.92916,649.079],[106.11759,64.9148,662.1082],[106.12275,64.90482,666.2609],[106.12895,64.89971,624.2199],[106.13919,64.8947,626.4826],[106.19097,64.88157,739.4313],[106.20202,64.87671,741.439],[106.2136,64.86875,739.5255],[106.21897,64.86271,728.6033],[106.22021,64.85718,702.0664],[106.21546,64.85273,649.975],[106.20647,64.8502,647.4698],[106.19427,64.84974,651.4714],[106.10694,64.86059,620.7871],[106.09495,64.86498,617.851],[106.0748,64.87842,607.8661],[106.05382,64.89656,565.9924],[106.047,64.90043,581.6967],[106.03811,64.90358,601.8076],[106.02591,64.90519,570.181],[105.9978,64.9041,550.5865],[105.95915,64.89712,586.5568],[105.95077,64.89392,618.5864],[105.94612,64.88922,637.2581],[105.94612,64.88351,631.7214],[105.95439,64.87103,616.3766],[105.95666,64.86547,604.1803],[105.96101,64.85873,581.8187],[105.96803,64.85124,626.3624],[106.00204,64.83077,619.0276],[106.00514,64.82684,641.2397],[106.007,64.82266,649.4567],[106.00669,64.81878,653.4987],[106.00214,64.81589,656.1992],[105.9978,64.81418,661.8831],[105.98054,64.81051,652.7739],[105.95821,64.80958,641.2117],[105.94767,64.81144,625.0804],[105.92111,64.81987,622.3531],[105.90995,64.821,613.3387],[105.89899,64.82049,580.6864],[105.88887,64.81837,551.9448],[105.88008,64.81527,541.0912],[105.86509,64.8071,536.4374],[105.85259,64.79703,534.3871],[105.84773,64.79129,546.6055],[105.8437,64.78499,535.0956],[105.83398,64.76571,516.064],[105.83192,64.75961,513.5166],[105.82995,64.74225,541.2928],[105.83285,64.72618,512.3904],[105.8375,64.71357,517.5814],[105.84267,64.70561,495.2544],[105.8498,64.69807,544.1511],[105.87274,64.67951,522.8054],[105.87657,64.67497,517.6694],[105.87894,64.66995,528.7959],[105.87801,64.6643,538.2658],[105.87533,64.65853,510.5545],[105.86974,64.65357,485.4993],[105.86261,64.64954,487.5175],[105.85362,64.6466,476.2661],[105.84298,64.64484,479.3397],[105.83088,64.64437,481.614],[105.80463,64.64577,495.6482],[105.77838,64.64985,494.186],[105.76846,64.65295,488.5339],[105.7604,64.65652,487.791],[105.74707,64.66427,489.9721],[105.73869,64.66711,492.1723],[105.72846,64.66815,498.4143],[105.71864,64.66685,525.7903],[105.71068,64.6636,564.7441],[105.70696,64.65843,591.1454],[105.70779,64.65269,575.6978],[105.7142,64.64613,544.1777],[105.74272,64.62386,514.9477],[105.74582,64.61911,502.2103],[105.74644,64.61409,509.9951],[105.74314,64.60877,520.4658],[105.72639,64.59327,518.6932],[105.72257,64.58774,531.9981],[105.72267,64.58205,568.4352],[105.72629,64.57647,528.5355],[105.73528,64.57053,506.2769],[105.77683,64.55162,521.0128],[105.7944,64.53921,514.8362],[105.79936,64.5348,529.3231],[105.80288,64.53012,540.5624],[105.80463,64.52495,550.2047],[105.80463,64.51932,565.7201],[105.80277,64.51322,582.3835],[105.79946,64.50707,604.9475],[105.79543,64.50097,637.0925],[105.79068,64.48873,703.921],[105.79595,64.48366,657.1896],[105.80649,64.47994,608.0651],[105.83398,64.47922,548.8674],[105.84959,64.48082,516.9632],[105.8807,64.48893,507.3391],[105.89155,64.48981,521.2604],[105.94147,64.48826,438.952],[105.95449,64.49043,430.9429],[105.96473,64.49389,423.1061],[106.00059,64.51007,436.2851],[106.01578,64.51397,427.0751],[106.02808,64.51443,435.7424],[106.04203,64.51286,459.1286],[106.06002,64.50728,487.0643],[106.06994,64.50252,546.9327],[106.13185,64.48082,558.9399],[106.14074,64.47415,499.4734],[106.14446,64.46777,484.401],[106.14291,64.46216,475.7327],[106.13857,64.45674,493.6666],[106.13185,64.4524,503.1789],[106.12275,64.44971,502.4093],[106.09805,64.44875,511.3436],[106.08761,64.44697,520.0583],[106.07955,64.44325,523.8574],[106.07366,64.43808,537.4962],[106.06922,64.43245,569.874],[106.06705,64.42661,513.3502],[106.06891,64.42155,590.3356],[106.07552,64.41762,688.0603],[106.08565,64.41452,690.6903],[106.13402,64.40439,658.2469],[106.16988,64.40113,694.2502],[106.20368,64.40258,607.1968],[106.22145,64.40506,551.4398],[106.23396,64.40904,519.4699],[106.2476,64.41819,523.3991],[106.25525,64.42211,510.8385],[106.26393,64.42522,454.2452],[106.27727,64.42671,403.2669],[106.33483,64.42811,545.4022],[106.34693,64.43043,564.5688],[106.3646,64.43658,567.6695],[106.38403,64.44134,565.7463],[106.39519,64.44258,576.4352],[106.5743,64.44346,431.1981],[106.58433,64.44532,420.4555],[106.59177,64.44857,405.6562],[106.59487,64.45307,474.0653],[106.59425,64.45798,548.2733],[106.5867,64.46743,640.2238],[106.58216,64.47203,653.9868],[106.5712,64.48609,618.6237],[106.56841,64.4909,624.9363],[106.56717,64.49622,641.8595],[106.56903,64.5018,662.048],[106.57368,64.50723,624.0044],[106.58154,64.51069,613.1373],[106.59208,64.5125,611.8199],[106.60469,64.5127,610.8551],[106.62164,64.51038,620.8237],[106.64024,64.50614,591.2148],[106.66567,64.49653,638.0209],[106.67621,64.48984,647.2397],[106.682,64.48356,642.6768],[106.68551,64.47322,613.4549],[106.68799,64.46824,642.4738],[106.6914,64.46351,654.4631],[106.70659,64.45054,632.421],[106.71403,64.44118,665.8717],[106.71672,64.43627,648.8104],[106.72375,64.42692,668.9518],[106.7285,64.42253,687.0676],[106.73533,64.4186,681.845],[106.74773,64.41545,649.0613],[106.76416,64.41281,607.9053],[106.87744,64.41379,525.659],[106.89377,64.41204,490.9724],[106.91816,64.40568,509.9467],[106.94213,64.39643,530.9339],[106.94906,64.3925,492.0593],[106.9751,64.38212,626.4016],[107.04332,64.36674,551.7604],[107.05758,64.36114,520.5079],[107.06678,64.35602,527.5429],[107.07081,64.35134,553.1198],[107.07546,64.34698,523.0443],[107.0828,64.3431,510.1723],[107.09685,64.33985,493.9061],[107.20878,64.33277,619.8348],[107.22191,64.33018,611.9767],[107.23545,64.32331,605.0003],[107.23969,64.31711,605.431],[107.24,64.31049,578.9738],[107.23607,64.29801,621.2452],[107.23628,64.29246,613.6629],[107.23876,64.28745,607.2831],[107.24434,64.28334,603.9493],[107.25147,64.27946,601.6283],[107.31751,64.2513,584.2721],[107.32795,64.24859,648.2581],[107.34283,64.24755,644.3154],[107.36753,64.2506,628.1124],[107.45414,64.26972,713.2354],[107.52577,64.29316,443.2551],[107.54644,64.29695,441.7844],[107.56969,64.29861,439.0603],[107.6068,64.29432,441.0567],[107.63987,64.28543,436.8994],[107.65465,64.27928,469.8303],[107.66199,64.27323,438.0981],[107.66354,64.26807,425.9313],[107.66416,64.25722,438.0962],[107.66591,64.25215,462.7626],[107.66995,64.24755,481.6617],[107.67666,64.24352,445.326],[107.68638,64.2398,462.5256],[107.80492,64.20807,483.8342],[107.8195,64.20063,589.432],[107.83562,64.18802,660.8459],[107.8442,64.18435,594.6982],[107.85567,64.18161,639.3734],[107.91592,64.17815,611.4153],[107.9677,64.16988,542.6027],[107.99406,64.17867,641.314],[108.02651,64.22352,500.2477],[108.03075,64.23189,493.1216],[108.03478,64.23561,484.1237],[108.04202,64.23944,478.4124],[108.09421,64.24807,491.1631],[108.14041,64.26063,480.417],[108.15023,64.26021,472.5728],[108.18092,64.25236,478.2383],[108.19322,64.2506,470.3624],[108.29575,64.24833,483.936],[108.30619,64.25008,505.5387],[108.31456,64.25347,502.3217],[108.322,64.25758,496.2344],[108.32851,64.26254,499.0276],[108.33409,64.26817,513.0952],[108.33822,64.27432,492.5527],[108.34133,64.28047,469.7334],[108.34133,64.29111,456.2984],[108.34257,64.29551,462.2205],[108.34835,64.29835,476.3665],[108.35766,64.29972,498.2126],[108.3682,64.29907,517.3862],[108.37771,64.29657,506.9008],[108.38556,64.29339,485.7537],[108.39476,64.29096,476.5688],[108.44085,64.29024,501.651],[108.45119,64.28838,496.8967],[108.46018,64.28538,483.3875],[108.46752,64.28171,475.0684],[108.49687,64.25577,462.3231],[108.50814,64.24915,458.5734],[108.52839,64.24042,463.3597],[108.53366,64.23536,471.4722],[108.53273,64.2275,451.6528],[108.52808,64.2213,471.1021],[108.52095,64.21618,484.8173],[108.51237,64.21267,487.8421],[108.49408,64.20688,478.2325],[108.48726,64.20383,477.3191],[108.48488,64.20011,468.2867],[108.49346,64.19551,458.0522],[108.52912,64.18675,462.6954],[108.53708,64.18283,471.2139],[108.54028,64.17774,488.1859],[108.53935,64.16988,471.9095],[108.53522,64.16355,460.9406],[108.53005,64.15743,452.3352],[108.49511,64.12523,472.2612],[108.49232,64.12014,457.6709],[108.49501,64.11573,460.4788],[108.53615,64.10363,443.3918],[108.54338,64.09981,447.6485],[108.54855,64.0934,453.077],[108.56508,64.06637,466.4959],[108.58069,64.05051,485.2558],[108.59247,64.04198,471.5669],[108.60332,64.03702,462.0683],[108.7012,64.0055,465.754],[108.70802,64.00108,445.3478],[108.7135,63.99609,450.4205],[108.72559,63.98881,472.379],[108.73148,63.98364,460.8465],[108.7352,63.97713,465.2836],[108.73458,63.96648,487.4589],[108.73097,63.95873,474.4431],[108.72569,63.95191,472.28],[108.69004,63.92018,442.4189],[108.68787,63.91424,444.9173],[108.69004,63.90855,438.3447],[108.70027,63.90302,442.5982],[108.75226,63.88189,466.5988],[108.75928,63.87807,474.4156],[108.76456,63.87331,501.8555],[108.76745,63.86788,512.6194],[108.76642,63.86044,494.9225],[108.76114,63.85515,482.2916],[108.74688,63.84623,475.6944],[108.73427,63.83631,493.743],[108.72973,63.83021,486.1042],[108.726,63.82401,487.326],[108.7167,63.81171,489.4144],[108.7104,63.8066,484.0995],[108.70327,63.80226,490.826],[108.69552,63.79854,503.7859],[108.68683,63.79538,509.2789],[108.64766,63.78675,451.9874],[108.63681,63.7867,434.4842],[108.62699,63.78851,438.7724],[108.62069,63.79321,443.8506],[108.61521,63.79988,461.5757],[108.60529,63.8044,467.9829],[108.59506,63.80536,494.4776],[108.47744,63.79073,458.7145],[108.46721,63.79099,473.8001],[108.45884,63.79352,479.9491],[108.44685,63.80003,495.3159],[108.43961,63.80065,480.3587],[108.42297,63.79866,462.4774],[108.41481,63.80006,460.143],[108.37874,63.81223,476.6108],[108.37099,63.81636,488.2336],[108.36871,63.82262,474.1292],[108.36293,63.82437,474.6488],[108.35517,63.82388,466.7081],[108.2975,63.81052,481.5563],[108.28965,63.80691,473.7818],[108.28365,63.80192,454.6823],[108.27942,63.79642,429.5904],[108.27776,63.79084,393.5454],[108.27714,63.78536,405.9653],[108.27849,63.77466,419.2299],[108.27838,63.76908,412.8912],[108.27776,63.7634,400.3333],[108.27642,63.75761,411.1434],[108.27539,63.72975,408.8924],[108.2757,63.72428,401.7414],[108.27435,63.69642,471.5004],[108.27187,63.68474,394.3019],[108.26908,63.67865,416.0528],[108.26505,63.67265,392.4704],[108.25947,63.66723,381.7762],[108.25265,63.66263,394.5789],[108.22268,63.64661,418.7776],[108.1896,63.63317,438.5581],[108.17968,63.63116,418.1833],[108.16862,63.63012,439.583],[108.14413,63.62997,507.3719],[108.13379,63.62826,497.4587],[108.1249,63.62542,459.749],[108.11746,63.62159,441.6889],[108.11199,63.61674,446.2179],[108.11064,63.60883,421.9288],[108.11312,63.59865,401.8476],[108.1249,63.58,414.3408],[108.13421,63.57049,421.8997],[108.14816,63.56367,440.7794],[108.15963,63.56289,431.0101],[108.5471,63.59896,352.9311],[108.57129,63.5985,354.6808],[108.58327,63.59653,342.7072],[108.59289,63.59214,357.6687],[108.61604,63.57824,412.1466],[108.62823,63.5756,374.7404],[108.63991,63.57506,363.3384],[108.69531,63.57909,339.5899],[108.70554,63.57803,342.1536],[108.71453,63.57534,336.2615],[108.73861,63.56475,338.9381],[108.75815,63.5586,344.8766],[108.80858,63.55178,364.3979],[108.84641,63.53922,385.4648],[108.85706,63.53695,405.5967],[108.86832,63.53648,400.8891],[108.87907,63.53736,397.5518],[108.93736,63.55018,354.6074],[108.94842,63.55137,397.5193],[108.99648,63.54876,373.9739],[109.00299,63.54909,362.3346],[109.02056,63.55245,349.0923],[109.0311,63.55333,350.1029],[109.04216,63.5523,342.8693],[109.0527,63.54907,327.2463],[109.07441,63.53599,337.7414],[109.0833,63.52522,334.7255],[109.09704,63.51659,352.3592],[109.10996,63.51253,347.2299],[109.12174,63.5109,333.6024],[109.13084,63.50873,322.2533],[109.13601,63.50413,306.6635],[109.13838,63.49041,332.4846],[109.13838,63.4845,340.2181],[109.14004,63.47886,325.2164],[109.14314,63.47313,324.4611],[109.15027,63.46682,343.6177],[109.15761,63.46217,361.1727],[109.17373,63.45458,415.9005],[109.21548,63.44181,355.7961],[109.22262,63.43721,322.4049],[109.22355,63.42843,320.2854],[109.22572,63.42086,284.8112],[109.23223,63.41174,303.2332],[109.24401,63.40096,309.367],[109.24959,63.39685,312.4813],[109.25424,63.39251,304.6537],[109.25765,63.38683,300.0801],[109.26013,63.38006,275.3317],[109.26261,63.36838,308.9292],[109.26685,63.35939,339.6307],[109.27874,63.34854,258.5345],[109.28928,63.34471,311.2189],[109.29982,63.3443,334.9451],[109.30871,63.34683,325.6776],[109.34209,63.36006,311.953],[109.35294,63.35939,316.8278],[109.36473,63.35417,311.2691],[109.37775,63.33944,313.0671],[109.38333,63.33048,280.6279],[109.38271,63.32161,249.9513],[109.37899,63.31598,290.5607],[109.37651,63.31009,318.6397],[109.37671,63.30384,298.9387],[109.38147,63.28549,307.534],[109.38271,63.27598,269.4236],[109.37981,63.262,303.611],[109.38075,63.25733,288.3616],[109.38922,63.25526,307.2476],[109.41361,63.25206,332.6433],[109.42446,63.24937,307.4734],[109.43211,63.2458,313.9244],[109.43676,63.24128,305.9019],[109.44389,63.23206,272.5514],[109.44823,63.22761,256.0858],[109.45165,63.22276,264.7002],[109.45237,63.21754,265.4835],[109.44792,63.21144,260.2616],[109.44017,63.20772,257.922],[109.42291,63.20141,307.3032],[109.41578,63.19754,271.899],[109.4103,63.19291,321.7691],[109.40803,63.18756,336.0357],[109.40751,63.18152,306.4906],[109.41113,63.17341,311.221],[109.41661,63.16664,310.4573],[109.42901,63.15914,302.923],[109.44028,63.1562,285.1838],[109.44958,63.15289,260.8336],[109.45299,63.14896,298.4781],[109.44803,63.14286,303.2732],[109.44327,63.13801,294.4874],[109.44059,63.13274,277.1031],[109.44617,63.12633,313.3299],[109.44865,63.11987,275.8619],[109.44761,63.11137,304.3458],[109.44307,63.10488,290.9802],[109.438,63.09909,295.9209],[109.4347,63.09382,326.9423],[109.43625,63.08938,326.2173],[109.44296,63.08615,333.579],[109.45165,63.08432,334.5074],[109.45919,63.07966,292.2438],[109.46322,63.07274,300.8616],[109.46446,63.06008,277.5083],[109.46105,63.05186,277.0939],[109.45165,63.04086,310.9121],[109.45103,63.03677,322.8577],[109.4564,63.03378,308.9918],[109.47159,63.0292,313.6031],[109.47635,63.02422,268.7955],[109.4748,63.01512,300.4305],[109.46901,63.00959,328.2458],[109.4563,63.00096,288.3676],[109.45702,62.99972,288.5082],[109.46911,62.9959,298.0784],[109.4749,62.99202,319.6559],[109.47449,62.98344,272.6109],[109.46808,62.96696,321.2896],[109.46632,62.96081,330.2483],[109.4656,62.95518,316.9731],[109.46539,62.94965,325.1742],[109.46622,62.94438,310.1462],[109.46818,62.93833,316.0242],[109.47159,62.93179,328.0483],[109.47955,62.92308,337.3518],[109.48627,62.91745,342.8257],[109.49443,62.91296,331.1864],[109.52833,62.899,324.7036],[109.59737,62.88267,361.874],[109.60616,62.87926,361.5223],[109.61443,62.87373,346.7303],[109.62073,62.86609,351.9434],[109.62972,62.85247,352.223],[109.6413,62.83854,315.6918],[109.64512,62.83299,287.7388],[109.64688,62.82619,294.7564],[109.64481,62.81596,315.0539],[109.63954,62.8095,313.2758],[109.63179,62.805,300.5742],[109.62311,62.80216,305.6601],[109.57329,62.79353,300.4576],[109.5551,62.78857,316.5651],[109.53981,62.78103,304.7265],[109.53123,62.77824,306.649],[109.512,62.77663,298.9384],[109.5058,62.77379,296.5343],[109.49846,62.76402,314.683],[109.47862,62.75111,336.0314],[109.47273,62.74604,305.7484],[109.4687,62.74031,295.6959],[109.46704,62.73472,298.3711],[109.46622,62.72907,303.1168],[109.46632,62.72359,306.0],[109.46374,62.69558,303.9153],[109.46384,62.69015,303.9691],[109.46322,62.68457,304.4171],[109.46219,62.67886,310.6099],[109.4594,62.67282,313.6297],[109.45506,62.66692,317.8945],[109.44927,62.66176,319.2173],[109.44152,62.65809,319.1625],[109.43304,62.65514,319.1517],[109.39098,62.65047,313.0234],[109.38302,62.64646,312.6185],[109.37837,62.63938,312.8986],[109.37868,62.61393,327.5819],[109.38147,62.58884,346.7285],[109.37702,62.58166,350.7913],[109.36989,62.57701,352.3149],[109.25641,62.57256,352.741],[109.24928,62.57029,352.6607],[109.24825,62.56535,350.3456],[109.26344,62.55135,348.1523],[109.26788,62.54481,347.8519],[109.26809,62.53673,348.7395],[109.26695,62.53003,349.4956],[109.26716,62.52352,350.0655],[109.27119,62.5181,361.746],[109.28928,62.50688,348.7686],[109.296,62.50058,347.4219],[109.30096,62.49071,346.6011],[109.30592,62.48363,345.2686],[109.31543,62.47691,346.6518],[109.32514,62.47309,344.8409],[109.33682,62.47055,344.9416],[109.40028,62.46353,345.1073],[109.4194,62.45784,365.4033],[109.42663,62.45425,370.6523],[109.43966,62.44647,367.8859],[109.47542,62.41469,353.6467],[109.48699,62.411,349.1894],[109.49681,62.41118,349.6118],[109.52668,62.42658,375.0783],[109.53526,62.42952,365.2931],[109.54518,62.43128,349.3727],[109.55665,62.43144,347.2603],[109.64605,62.41671,328.2817],[109.74351,62.41175,345.2589],[109.82888,62.41955,336.1495],[109.87746,62.41803,345.4958],[109.90226,62.41355,375.727],[109.91198,62.4104,385.7255],[109.91818,62.40632,385.7233],[109.92056,62.40126,394.1927],[109.91684,62.39428,356.8019],[109.89276,62.35873,318.5952],[109.89451,62.35423,315.3437],[109.90133,62.35092,336.2798],[109.94743,62.34043,361.4656],[109.95456,62.33563,357.2424],[109.95921,62.32958,365.9626],[109.96117,62.31842,338.2422],[109.96479,62.3101,374.9723],[109.97451,62.30075,387.1848],[109.99239,62.29186,341.8158],[109.99735,62.28819,346.3607],[109.99828,62.28462,331.1613],[109.99569,62.27754,363.0312],[109.99022,62.27222,330.1719],[109.98329,62.26762,341.134],[109.93947,62.24431,369.8505],[109.93606,62.23894,354.8229],[109.93782,62.23264,337.6595],[109.94567,62.22416,341.9642],[109.95921,62.21357,344.4752],[109.99549,62.19036,357.2427],[109.9989,62.18711,360.1379],[110.00097,62.18352,359.5181],[110.00231,62.17812,350.8022],[110.00169,62.17021,354.483],[110.00066,62.16597,340.6097],[109.99952,62.16354,340.4625],[109.99301,62.15791,334.4728],[109.98123,62.15083,350.4846],[109.91033,62.1175,336.1874],[109.90392,62.11269,300.2641],[109.89823,62.10732,312.9845],[109.89338,62.10184,326.9912],[109.89234,62.10014,337.1476],[109.88779,62.09177,333.9621],[109.88521,62.08836,320.7481],[109.87374,62.06763,334.5587],[109.86599,62.05756,335.9098],[109.85793,62.05311,332.8731],[109.85389,62.04531,330.6171],[109.82795,62.01606,253.7079],[109.81927,62.00769,264.7024],[109.80418,62.00665,265.6702],[109.79106,62.00324,266.4273],[109.76728,61.98836,262.7213],[109.75612,61.98495,260.5186],[109.74362,61.97844,255.8111],[109.64998,61.90981,261.1719],[109.64378,61.90449,262.8274],[109.63148,61.89886,262.9179],[109.61257,61.89364,260.5451],[109.60368,61.88428,268.5297],[109.59779,61.87044,252.7594],[109.59407,61.84977,254.9209],[109.59376,61.81576,258.476],[109.60047,61.79199,255.0261],[109.61877,61.75357,279.1765],[109.62187,61.74052,274.69],[109.62218,61.72848,257.5637],[109.62001,61.71809,281.452],[109.62621,61.71277,284.8907],[109.6445,61.70492,286.3586],[109.67427,61.68709,285.3878],[109.68512,61.68363,283.8696],[109.70662,61.67882,264.6658],[109.7123,61.67412,262.8117],[109.71261,61.66637,272.7307],[109.71013,61.6596,262.2286],[109.70879,61.65324,259.8422],[109.7123,61.64807,265.2132],[109.72377,61.64316,277.1067],[109.73576,61.64017,269.5865],[109.75282,61.6319,272.4254],[109.85131,61.55728,347.8239],[109.86123,61.5473,346.3257],[109.87012,61.53289,341.3949],[109.87312,61.52405,342.5263],[109.87353,61.51681,361.8882],[109.8726,61.51108,357.6191],[109.87126,61.50529,355.9199],[109.86847,61.49955,349.7448],[109.8634,61.49423,357.2297],[109.85627,61.49041,357.8289],[109.83943,61.48477,341.2933],[109.8324,61.48142,349.7413],[109.82764,61.47728,342.236],[109.82733,61.47273,349.7201],[109.82981,61.4686,350.3225],[109.83746,61.45981,349.5808],[109.84573,61.44609,356.5047],[109.8479,61.44116,360.0962],[109.84883,61.43594,360.2785],[109.84821,61.43036,359.4495],[109.84625,61.42436,351.2337],[109.84046,61.41219,347.0542],[109.83643,61.40592,339.8978],[109.83178,61.39992,358.7412],[109.80832,61.37969,368.358],[109.80429,61.37439,369.5561],[109.80325,61.36912,372.4443],[109.80491,61.36421,376.3804],[109.811,61.3547,360.3108],[109.81224,61.34995,339.0993],[109.80997,61.34499,361.8946],[109.79746,61.3369,356.2299],[109.79302,61.33176,370.7397],[109.7924,61.3252,383.8527],[109.80015,61.31649,373.0168],[109.80945,61.31088,367.5913],[109.86061,61.29678,386.7243],[109.8725,61.29626,385.603],[109.88314,61.29709,390.0744],[109.90257,61.30055,370.3383],[109.92448,61.30199,352.4556],[109.95084,61.29858,365.2557],[109.96769,61.2936,389.3925],[110.06659,61.27548,354.1116],[110.08086,61.27037,357.5327],[110.0944,61.26264,377.7815],[110.11207,61.24618,381.3421],[110.11899,61.23693,374.3058],[110.12303,61.22939,420.0611],[110.1223,61.2129,403.7693],[110.12489,61.20712,403.0658],[110.13005,61.19999,403.1428],[110.14442,61.19115,400.1615],[110.16065,61.17441,414.647],[110.16416,61.16885,412.6657],[110.16881,61.16407,424.6932],[110.17646,61.15957,422.2504],[110.1901,61.15529,389.0471],[110.23847,61.14815,414.861],[110.24839,61.14893,431.5279],[110.26679,61.15281,413.5053],[110.27702,61.15399,415.1096],[110.28818,61.15358,420.0883],[110.32012,61.14877,408.5799],[110.32808,61.15079,404.6357],[110.35454,61.16805,399.1224],[110.36963,61.17518,394.2776],[110.37789,61.17797,394.6253],[110.3873,61.17983,423.2875],[110.39784,61.18019,428.4128],[110.40952,61.17921,401.9953],[110.42068,61.17709,411.4896],[110.48135,61.15921,420.797],[110.48993,61.1558,417.8327],[110.49623,61.15198,425.3206],[110.50088,61.14779,437.2217],[110.50398,61.14314,446.5352],[110.50605,61.13813,449.1916],[110.5046,61.11314,434.1253],[110.50646,61.10624,431.8652],[110.50988,61.10051,412.8302],[110.5136,61.09596,432.7682],[110.5167,61.09121,431.8653],[110.51701,61.08501,428.1393],[110.5138,61.07749,438.442],[110.50202,61.06583,442.3799],[110.49251,61.05958,445.4122],[110.46926,61.04671,445.3182],[110.46409,61.04062,415.5876],[110.4613,61.03286,411.3227],[110.46347,61.02077,427.7353],[110.46471,61.00532,446.5631],[110.45841,60.98827,451.2422],[110.44724,60.97698,446.1999],[110.43525,60.96744,439.7177],[110.42864,60.9631,444.1071],[110.4211,60.95954,449.2871],[110.40425,60.95437,439.5975],[110.39681,60.94961,450.6234],[110.38099,60.93359,442.4337],[110.37262,60.92812,447.2759],[110.33407,60.90987,441.2216],[110.32043,60.90145,431.9091],[110.31485,60.89618,437.6337],[110.30968,60.89055,449.4538],[110.30121,60.87851,458.8888],[110.29624,60.87282,460.8785],[110.28415,60.86326,463.9249],[110.26348,60.85096,458.4379],[110.25087,60.84156,452.6367],[110.23971,60.83096,464.5196],[110.23506,60.82492,474.8822],[110.23124,60.81763,480.4081],[110.23031,60.80936,451.0121],[110.23351,60.79717,455.0909],[110.24178,60.7904,397.6391],[110.25149,60.78492,405.2138],[110.28364,60.77293,475.2251],[110.28849,60.77017,471.4561],[110.28508,60.76751,486.5811],[110.27898,60.76368,485.4687],[110.27299,60.75831,477.1273],[110.26617,60.72999,472.539],[110.26534,60.72343,469.2748],[110.26565,60.71748,440.6995],[110.26648,60.71242,462.4225],[110.26782,60.7073,474.4387],[110.26844,60.70198,471.6253],[110.26679,60.6965,463.6756],[110.25976,60.69033,466.8981],[110.24426,60.68208,464.933],[110.22824,60.67614,472.9409],[110.21925,60.67413,460.3703],[110.20953,60.6734,453.4816],[110.19889,60.67454,453.6543],[110.1808,60.67947,439.4967],[110.17129,60.68053,454.3338],[110.16261,60.67929,451.4957],[110.14525,60.67464,432.9862],[110.13532,60.67351,441.326],[110.07724,60.67562,473.534],[110.05678,60.67387,463.615],[110.04933,60.67154,452.2517],[110.04592,60.66762,453.189],[110.05089,60.66198,454.956],[110.05957,60.65813,443.2596],[110.08034,60.65191,447.0076],[110.08799,60.64834,433.8178],[110.09295,60.64359,436.9299],[110.10246,60.63165,400.5819],[110.11093,60.62733,436.2361],[110.11765,60.621,438.5767],[110.11961,60.61242,433.6958],[110.11827,60.59635,439.7749],[110.1162,60.58705,452.076],[110.10876,60.57876,454.637],[110.10091,60.57522,448.5544],[110.05523,60.564,437.66],[110.04737,60.56095,437.5389],[110.03962,60.55439,440.9492],[110.02329,60.5255,436.5111],[110.01533,60.51636,442.1047],[110.00779,60.51062,454.8019],[109.98123,60.50266,448.8921],[109.97378,60.49925,447.2024],[109.94681,60.48251,462.8537],[109.92262,60.46334,466.1339],[109.91818,60.45758,482.9144],[109.91684,60.45057,466.8908],[109.92169,60.44202,442.0113],[109.92769,60.43647,448.2481],[109.94867,60.42448,471.9904],[109.95208,60.4191,457.7324],[109.95218,60.41239,450.685],[109.94629,60.40195,453.3358],[109.93999,60.39538,456.5848],[109.93255,60.39032,451.5787],[109.92479,60.38706,467.2642],[109.90795,60.3819,452.2664],[109.87136,60.37456,448.7163],[109.8633,60.37166,456.386],[109.85906,60.36624,452.8793],[109.85989,60.35756,454.3431],[109.8634,60.35151,459.4459],[109.8725,60.34231,424.978],[109.87436,60.33823,420.6646],[109.87033,60.33446,423.8485],[109.85586,60.32826,453.1682],[109.82217,60.31823,458.1623],[109.81493,60.31467,461.9424],[109.81028,60.30965,475.0338],[109.81193,60.30076,467.5923],[109.81431,60.29446,474.0842],[109.8172,60.28878,474.7227],[109.81865,60.28263,468.6406],[109.81772,60.27518,475.0681],[109.81245,60.26366,460.8486],[109.80677,60.25606,479.3416],[109.80046,60.25022,464.6714],[109.79333,60.2464,471.7909],[109.77721,60.24077,467.8709],[109.74052,60.23348,446.2537],[109.73204,60.22506,458.4381],[109.72491,60.21061,457.3301],[109.71654,60.17839,456.7046],[109.70486,60.15178,446.1585],[109.70073,60.14615,454.2201],[109.69794,60.14026,454.1101],[109.69442,60.12858,464.493],[109.69401,60.12191,468.6826],[109.69442,60.11473,449.9786],[109.69762,60.10491,445.593],[109.70507,60.09308,429.2716],[109.71282,60.08414,398.3865],[109.7153,60.07778,412.2912],[109.71716,60.06998,403.7214],[109.71871,60.05732,418.3279],[109.72367,60.05065,424.1654],[109.73049,60.04584,417.1472],[109.75623,60.03644,445.2407],[109.76201,60.03215,452.4508],[109.76387,60.02698,436.1684],[109.75871,60.01944,432.8986],[109.74258,60.00125,424.1963],[109.73111,59.99122,424.0133],[109.71106,59.97928,423.746],[109.70507,59.97443,422.9742],[109.6998,59.969,423.3924],[109.69525,59.9628,417.7513],[109.6813,59.93769,435.7178],[109.67706,59.93174,430.4135],[109.67117,59.92704,415.2141],[109.66393,59.92355,422.1342],[109.64533,59.92032,433.5609],[109.63706,59.91779,431.6124],[109.63034,59.9136,435.3959],[109.62497,59.90844,437.2516],[109.62156,59.90296,427.3362],[109.62094,59.89769,417.5934],[109.62538,59.89345,423.4879],[109.64016,59.88637,425.6022],[109.64657,59.88255,427.922],[109.6506,59.87728,445.1225],[109.65039,59.87056,443.6363],[109.64512,59.86064,444.0381],[109.6384,59.85469,445.9664],[109.63065,59.85009,459.0771],[109.60791,59.84053,444.7117],[109.54725,59.80545,443.7129],[109.52358,59.78524,446.0897],[109.50373,59.76385,447.9842],[109.50053,59.75914,456.3175],[109.49433,59.74829,450.1656],[109.48823,59.73258,447.0595],[109.48503,59.72028,463.0098],[109.48317,59.70886,464.6071],[109.48379,59.70147,471.7422],[109.48596,59.69295,479.3884],[109.49247,59.67946,468.9321],[109.49805,59.67274,471.1296],[109.5027,59.66892,480.04109999999997],[109.51913,59.6637,484.3869],[109.5273,59.65941,487.7633],[109.53143,59.65357,483.3651],[109.52833,59.64313,481.3951],[109.52327,59.63615,462.7245],[109.51738,59.62964,482.0374],[109.50125,59.61708,467.8441],[109.47955,59.60334,476.6574],[109.43552,59.58298,475.1575],[109.42963,59.57915,481.2123],[109.40565,59.54805,492.0056],[109.39356,59.5388,483.5016],[109.3793,59.53161,493.0611],[109.35542,59.52347,467.8921],[109.34054,59.51678,492.7065],[109.33475,59.51089,491.0251],[109.32969,59.5035,477.2887],[109.32545,59.49223,459.1094],[109.31915,59.48619,452.6254],[109.31202,59.48164,443.5469],[109.28886,59.47286,444.9021],[109.2746,59.46567,443.8864],[109.26819,59.46144,447.6571],[109.26633,59.45554,445.6701],[109.26943,59.44908,438.19],[109.28545,59.4404,464.1046],[109.29848,59.4357,451.1895],[109.33413,59.42728,474.0356],[109.34302,59.4233,485.9664],[109.34798,59.41808,495.0434],[109.34778,59.40955,484.842],[109.34281,59.40446,467.5358],[109.33506,59.40108,468.1827],[109.32597,59.39942,462.8864],[109.30953,59.39449,468.5556],[109.25207,59.36741,449.1447],[109.2498,59.36129,440.4009],[109.25238,59.35374,430.4701],[109.26034,59.34087,450.8394],[109.26044,59.33317,434.9378],[109.2592,59.32671,429.994],[109.26127,59.32134,433.2267],[109.26778,59.31597,443.6461],[109.28401,59.30971,458.6311],[109.31119,59.30341,454.6197],[109.37837,59.29974,490.0418],[109.42074,59.29178,450.8514],[109.44183,59.29132,496.2016],[109.4811,59.29483,519.5881],[109.49877,59.29437,511.8189],[109.50456,59.29256,498.6739],[109.51025,59.28886,486.5971],[109.50839,59.28152,501.7034],[109.50218,59.26922,510.3575],[109.50063,59.26413,506.2727],[109.50001,59.26005,490.0865],[109.49991,59.25801,490.0869],[109.50063,59.25251,495.6592],[109.50332,59.24724,496.9351],[109.50859,59.24057,480.4038],[109.5213,59.23091,499.4121],[109.53092,59.22527,491.4127],[109.53867,59.21977,476.114],[109.54208,59.21463,467.0774],[109.53991,59.20677,467.478],[109.52999,59.19548,475.9535],[109.52833,59.18982,485.0984],[109.53174,59.18419,472.6666],[109.54518,59.17846,470.2441],[109.55727,59.17628,454.3394],[109.59065,59.17344,474.2726],[109.60698,59.16729,493.4678],[109.61381,59.16306,494.6838],[109.62001,59.1583,496.5186],[109.62631,59.15205,486.9837],[109.63375,59.14161,475.9681],[109.63592,59.12693,499.4342],[109.6259,59.0905,483.1787],[109.62972,59.0751,510.9323],[109.63241,59.07035,554.5425],[109.63644,59.06596,575.3553],[109.64192,59.06192,595.0524],[109.64977,59.05898,598.6222],[109.65938,59.05792,590.2595],[109.67106,59.06037,580.9242],[109.69411,59.07174,514.3762],[109.70228,59.07425,516.7865],[109.71282,59.075,534.9633],[109.72501,59.07316,578.5649],[109.74227,59.06637,589.5969],[109.75106,59.0611,580.683],[109.75685,59.05575,594.3727],[109.76356,59.04115,589.0984],[109.77824,59.01784,566.191],[109.79612,58.99981,547.5211],[109.79777,58.99878,547.5211],[109.80615,58.99237,548.5775],[109.81472,58.98389,559.2362],[109.82217,58.98126,520.348],[109.83136,58.98079,499.0372],[109.84232,58.9841,539.1932],[109.87002,58.99779,533.6861],[109.87591,59.00004,520.6732],[109.91539,59.00761,501.8842],[110.01523,59.00027,578.1583],[110.02515,58.998,564.0336],[110.02897,58.9948,526.2038],[110.03745,58.99175,484.4149],[110.1193,58.98038,523.1641],[110.17873,58.97886,569.6399],[110.21274,58.98348,535.2571],[110.27826,58.98405,558.7213],[110.28663,58.98524,550.2823],[110.30503,58.99741,540.6444],[110.31371,59.01004,578.4468],[110.31888,59.01567,568.3041],[110.33056,59.02529,565.7849],[110.33738,59.02929,564.4137],[110.34864,59.03252,561.5004],[110.36384,59.03526,527.1703],[110.47091,59.03355,509.2947],[110.48228,59.03487,481.6755],[110.49344,59.038,477.7396],[110.53117,59.05872,474.1588],[110.53737,59.06311,448.4016],[110.5414,59.06859,458.8037],[110.54377,59.07428,518.7176],[110.54377,59.07975,490.3112],[110.54315,59.08487,502.1279],[110.5414,59.08978,534.4628],[110.54067,59.095,532.1711],[110.54098,59.10006,524.403],[110.54408,59.10492,537.3413],[110.54967,59.10916,489.3617],[110.55628,59.11293,445.4764],[110.5786,59.1228,387.091],[110.58481,59.12678,350.6311],[110.58935,59.13133,340.0053],[110.59059,59.13636,373.5223],[110.58915,59.14117,394.5435],[110.57695,59.15975,489.1975],[110.57447,59.16461,514.8894],[110.57323,59.16972,515.5161],[110.57292,59.17504,503.6616],[110.57364,59.18057,480.0927],[110.57633,59.1861,514.1816],[110.58036,59.19081,541.106],[110.58687,59.19437,483.7315],[110.59431,59.19742,466.5686],[110.62739,59.20698,546.6337],[110.634,59.21042,546.5626],[110.63855,59.21525,550.84],[110.64165,59.22615,547.1593],[110.64444,59.23191,541.3143],[110.64909,59.23721,538.9225],[110.65498,59.24171,526.8322],[110.68506,59.25463,430.4268],[110.69715,59.25724,397.6791],[110.71348,59.25892,372.1049],[110.82458,59.25344,393.8517],[110.89021,59.23964,516.7184],[110.92236,59.23731,424.2314],[110.93311,59.23499,387.6453],[110.95202,59.22899,409.2328],[110.96752,59.22212,463.8519],[110.98065,59.21468,515.9523],[110.98768,59.21153,491.2376],[110.99501,59.20915,459.8239],[111.0009,59.20848,439.1645],[111.00938,59.20946,432.8515],[111.01961,59.21225,455.2593],[111.03294,59.21933,492.8405],[111.05506,59.2353,482.2386],[111.06447,59.23762,486.7296],[111.07584,59.2383,476.7752],[111.09134,59.23654,470.771],[111.10157,59.23359,473.2142],[111.10839,59.22946,433.4747],[111.12234,59.21137,487.6136],[111.12782,59.20734,474.4044],[111.16379,59.18941,433.2113],[111.17516,59.18781,427.1904],[111.18973,59.18876,439.6666],[111.21267,59.19649,465.0827],[111.22187,59.20295,469.6925],[111.22725,59.20951,472.0198],[111.22993,59.21509,481.6203],[111.23655,59.22062,493.4168],[111.24699,59.22582,473.9321],[111.26621,59.2322,489.2862],[111.27675,59.23783,511.2572],[111.28481,59.24362,536.9647],[111.29029,59.24899,540.2588],[111.2968,59.25318,520.8556],[111.31634,59.25747,487.7141],[111.41504,59.2678,415.618],[111.47013,59.26729,366.013],[111.49617,59.25886,327.0005],[111.50051,59.2568,310.1939],[111.50516,59.25375,316.7152],[111.50971,59.24998,346.5534],[111.51343,59.24569,353.6926],[111.51757,59.2416,359.3134],[111.52253,59.23793,354.3582],[111.5617,59.22233,412.1779],[111.57038,59.22011,370.7391],[111.58909,59.21814,412.9638],[111.62526,59.20734,420.9801],[111.63725,59.2076,488.0851],[111.65058,59.21008,459.7477],[111.68903,59.22744,453.3439],[111.74308,59.25959,426.9329],[111.75497,59.26946,475.6137],[111.76365,59.27364,473.9741],[111.77584,59.27576,334.9017],[111.88271,59.27793,302.6096],[111.93253,59.27189,479.7037],[111.94214,59.27385,492.8768],[111.95206,59.27953,484.702],[111.95826,59.28579,469.0717],[111.96281,59.29225,487.05],[111.97769,59.32801,480.7969],[111.98214,59.334,467.3184],[111.98741,59.33943,451.1253],[111.99289,59.34387,443.637],[112.08694,59.39136,390.1352],[112.09324,59.39586,406.6497],[112.09841,59.40152,419.5608],[112.10678,59.41361,427.1723],[112.11722,59.42464,415.1527],[112.19401,59.47833,362.9922],[112.21788,59.5004,398.4385],[112.23463,59.50174,405.9271],[112.27059,59.5004,423.3188],[112.27545,59.49931,431.0227],[112.27214,59.4927,433.3705],[112.26863,59.48164,448.9187],[112.26863,59.47634,434.335],[112.26966,59.47131,410.5885],[112.27235,59.46655,427.1184],[112.29033,59.44939,385.8894],[112.32289,59.43043,351.9746],[112.32806,59.4263,395.203],[112.33095,59.42164,427.6118],[112.3325,59.41658,385.0737],[112.33116,59.4111,383.0152],[112.32744,59.40542,379.7514],[112.31566,59.39581,426.9064],[112.28878,59.37932,400.5323],[112.27762,59.36986,454.6525],[112.27525,59.36527,387.9753],[112.2768,59.36113,317.6591],[112.29468,59.34984,400.6196],[112.30015,59.34568,399.3634],[112.30387,59.34124,424.6378],[112.30573,59.33628,404.0354],[112.30511,59.33087,447.3121],[112.30232,59.32509,447.9824],[112.28868,59.30891,408.0248],[112.28806,59.30398,412.9023],[112.29313,59.30057,416.0622],[112.30181,59.29845,424.5298],[112.32248,59.29752,354.3099],[112.33881,59.29974,271.1616],[112.43544,59.3263,311.8801],[112.54748,59.31349,316.1855],[112.6097,59.31612,386.5903],[112.62354,59.31411,445.2126],[112.63109,59.31049,432.0529],[112.63719,59.29057,456.9107],[112.63884,59.28021,422.557],[112.63822,59.27509,438.0793],[112.63574,59.27034,420.7605],[112.6283,59.26724,425.8399],[112.61807,59.26548,423.1697],[112.60298,59.26429,419.7693],[112.59244,59.26191,399.3615],[112.5852,59.25584,366.5189],[112.58272,59.25029,354.3045],[112.57931,59.24532,351.3376],[112.57187,59.24186,355.765],[112.5574,59.24016,405.4619],[112.54572,59.23762,425.7141],[112.53394,59.23266,429.4404],[112.52619,59.22765,418.7231],[112.50324,59.20791,418.532],[112.46521,59.16776,464.2466],[112.46231,59.16202,444.8268],[112.46242,59.15685,455.9377],[112.4649,59.1522,421.2089],[112.46583,59.1474,391.7382],[112.46366,59.14223,386.5234],[112.45498,59.13117,402.2455],[112.45146,59.12523,412.1721],[112.45022,59.1197,432.5434],[112.4496,59.11417,450.7466],[112.4527,59.08818,403.5925],[112.45622,59.07856,427.1689],[112.45715,59.07381,428.3605],[112.45456,59.06456,420.9162],[112.45498,59.0597,410.7396],[112.4558,59.05495,403.7072],[112.46572,59.03138,506.6284],[112.46665,59.02627,523.5057],[112.46645,59.021,432.7075],[112.4649,59.0156,414.214],[112.46169,59.01035,473.6301],[112.4527,58.99971,537.4564],[112.45157,58.99728,542.2919],[112.45022,58.99294,544.4568],[112.44929,58.98239,580.9125],[112.44991,58.95036,581.8403],[112.44722,58.93382,646.0312],[112.44774,58.9285,680.2174],[112.45115,58.924,706.0626],[112.46831,58.91801,577.2422],[112.47317,58.91501,525.0529],[112.47079,58.91137,517.5689],[112.46707,58.90695,530.4221],[112.46459,58.90214,553.7104],[112.46603,58.89744,578.28],[112.46852,58.89279,590.6087],[112.48123,58.8794,662.1301],[112.48619,58.87542,605.5341],[112.49146,58.87222,577.6667],[112.49776,58.87072,554.515],[112.50262,58.87036,498.6208],[112.51099,58.87248,489.9299],[112.52019,58.87633,484.5056],[112.55337,58.91243,600.4957],[112.61249,58.95449,456.5243],[112.61641,58.96224,299.0959],[112.61321,58.96896,358.0536],[112.58551,58.99051,208.5137],[112.5604,59.02058,219.6429],[112.55657,59.02678,237.6356],[112.5544,59.0334,249.3354],[112.55564,59.04782,273.7178],[112.55843,59.05521,282.093],[112.56288,59.06208,283.0369],[112.56908,59.06712,284.655],[112.57404,59.06906,295.0753],[112.579,59.0673,308.7211],[112.58778,59.05955,316.0411],[112.61073,59.04363,484.5002],[112.62582,59.03666,475.9916],[112.63481,59.03423,444.0655],[112.64442,59.03366,426.2885],[112.65496,59.03645,430.6569],[112.66633,59.04131,420.5215],[112.69114,59.05898,568.6862],[112.70437,59.07076,579.9508],[112.71429,59.07686,657.7529],[112.72762,59.08342,796.397],[112.78178,59.10099,762.1023],[112.86467,59.11407,803.9233],[112.87407,59.11758,862.2576],[112.88358,59.12275,819.2365],[112.90859,59.14771,702.1408],[112.91614,59.15164,785.25],[112.92937,59.15122,839.2678],[112.93877,59.14866,802.9197],[112.96254,59.13815,726.6551],[112.97112,59.13618,811.5527],[112.9796,59.13691,663.221],[112.98766,59.13851,589.9401],[113.00564,59.1443,322.1992],[113.02197,59.1475,361.0381],[113.0752,59.14652,495.328],[113.09401,59.1489,556.8536],[113.134,59.16249,854.0963],[113.14238,59.1644,773.8193],[113.15219,59.16445,648.2158],[113.21793,59.15086,890.4333],[113.22785,59.15102,850.8018],[113.26423,59.15685,954.5573],[113.29575,59.17241,1013.7568],[113.32934,59.19479,1029.3643],[113.36014,59.21111,1031.5933],[113.399,59.2261,953.9304],[113.43321,59.24889,1016.4384],[113.46101,59.26163,1125.9199],[113.46473,59.26631,1112.2224],[113.46287,59.27287,1056.8866],[113.45719,59.28336,932.361],[113.45554,59.28822,914.4382],[113.45533,59.29349,979.5675],[113.45688,59.29909,1041.9536],[113.47466,59.33131,885.469],[113.47248,59.33896,747.8555],[113.4667,59.3447,745.6194],[113.43011,59.36284,593.9867],[113.42515,59.36697,582.703],[113.42267,59.37167,579.8165],[113.42236,59.37689,616.056],[113.42432,59.38273,666.7381],[113.43011,59.39467,653.8152],[113.43517,59.40227,640.1492],[113.44592,59.41159,586.7252],[113.46484,59.42511,697.37],[113.48892,59.43451,635.6665],[113.50111,59.43797,613.9165],[113.51651,59.43885,559.568],[113.52613,59.44268,560.88],[113.59051,59.48515,525.3464],[113.60498,59.49906,543.0197],[113.60447,59.50032,554.2507],[113.59971,59.50422,592.5769],[113.5963,59.50815,579.8077],[113.5932,59.51275,561.9757],[113.59196,59.51776,540.7927],[113.59175,59.52314,512.32],[113.59299,59.52867,531.4969],[113.59485,59.53435,551.8199],[113.59537,59.5398,535.5314],[113.59444,59.54484,499.2716],[113.59103,59.54947,521.7443],[113.58855,59.55425,473.6238],[113.58855,59.55947,426.1798],[113.59175,59.5652,471.0757],[113.6303,59.57967,451.5475],[113.77934,59.60856,495.8042],[113.81355,59.63533,618.4463],[113.82719,59.64385,632.4581],[113.83319,59.64881,641.3789],[113.83835,59.6544,612.679],[113.84269,59.66034,603.1514],[113.84466,59.66613,617.7753],[113.84611,59.67171,634.1128],[113.84652,59.67708,660.7302],[113.84931,59.68158,537.6173],[113.85448,59.68421,616.6866],[113.86616,59.68222,607.4501],[113.87918,59.68127,575.1183],[113.89323,59.68209,516.7433],[113.91597,59.6868,547.9001],[113.93365,59.68876,547.6668],[114.03018,59.68111,501.685],[114.03803,59.6824,440.928],[114.04134,59.68633,435.8683],[114.04206,59.69636,495.1342],[114.04113,59.73191,661.1095],[114.04268,59.73672,734.2805],[114.05405,59.74069,715.3672],[114.16123,59.74772,727.7988],[114.17477,59.75346,645.8317],[114.18345,59.7593,588.671],[114.20174,59.77671,624.5323],[114.22562,59.79395,667.6077],[114.23234,59.80007,679.0155],[114.23709,59.80622,713.5837],[114.23957,59.81702,796.0677],[114.24381,59.8224,650.6222],[114.25218,59.8273,695.0591],[114.26706,59.83252,535.4409],[114.27471,59.83826,533.5545],[114.28008,59.84415,606.0758],[114.28722,59.85624,555.3795],[114.29703,59.86846,575.4663],[114.30262,59.87397,616.7703],[114.30902,59.87888,637.1899],[114.54549,59.98543,632.0001],[114.56472,59.99685,516.2296],[114.56947,60.00058,476.9154],[114.5704,60.00192,472.1913],[114.57195,60.00461,457.9664],[114.57278,60.00895,450.6051],[114.57185,60.01375,457.5719],[114.56844,60.01833,491.7222],[114.56317,60.02249,569.9233],[114.53185,60.03683,450.3232],[114.52565,60.04083,441.5154],[114.52296,60.04559,452.6552],[114.52338,60.05096,438.942],[114.54022,60.10207,509.4406],[114.54312,60.10778,529.1548],[114.54704,60.11297,483.0944],[114.55263,60.11705,494.3268],[114.59448,60.12891,441.0862],[114.60224,60.1324,437.4807],[114.61619,60.14088,439.2846],[114.64079,60.1616,441.1619],[114.68461,60.20894,423.6221],[114.69711,60.21922,437.6443],[114.70641,60.22227,427.3369],[114.71799,60.22346,407.0814],[114.73649,60.22041,385.8869],[114.74765,60.21684,390.9821],[114.75623,60.21266,445.6048],[114.76254,60.20873,452.0752],[114.78786,60.18775,435.5702],[114.79664,60.18485,449.373],[114.80801,60.18361,489.2789],[114.82496,60.18666,521.564],[114.83592,60.19038,498.4901],[114.90113,60.22862,395.9744],[115.00676,60.26852,383.3519],[115.01947,60.27673,374.6024],[115.03115,60.28748,404.0291],[115.03611,60.29353,389.2363],[115.04655,60.31146,389.9731],[115.05564,60.33451,453.6595],[115.06929,60.35838,518.3228],[115.07921,60.37063,512.3058],[115.09089,60.38205,511.2975],[115.09761,60.38691,505.3806],[115.11218,60.39456,526.2173],[115.23817,60.44696,444.8465],[115.39474,60.48706,453.9767],[115.6863,60.52623,503.4804],[115.70894,60.52478,500.7849],[115.72227,60.5223,450.8468],[115.73705,60.51796,452.8572],[115.81684,60.47553,401.0121],[115.84206,60.4677,396.3476],[115.99895,60.45724,421.1382],[116.00907,60.45435,449.1591],[116.03419,60.43983,395.2053],[116.0406,60.43388,424.9574],[116.04401,60.42866,483.6585],[116.04659,60.42313,497.755],[116.05031,60.4182,505.3038],[116.05496,60.41352,487.5159],[116.06364,60.4099,484.9786],[116.07543,60.40691,427.0804],[116.18674,60.39895,527.8755],[116.23686,60.38029,517.0286],[116.2503,60.37688,476.4385],[116.26601,60.37637,480.6794],[116.27779,60.37758,457.4708],[116.32482,60.38903,533.433],[116.34776,60.39078,511.9164],[116.58237,60.35993,335.9907],[116.59943,60.35477,421.9785],[116.62506,60.34381,418.3896],[116.64387,60.33172,382.6688],[116.72159,60.26624,288.8358],[116.72934,60.26196,286.0221],[116.73988,60.25798,296.0504],[116.82122,60.24671,473.6019],[116.83166,60.24299,479.0155],[116.84137,60.23746,470.8535],[116.86453,60.21328,467.1643],[116.87486,60.20488,470.3532],[116.89522,60.19348,390.629],[116.95434,60.16858,384.4641],[116.97677,60.15444,394.5263],[116.98193,60.14977,421.1141],[116.98783,60.14331,439.7849],[116.98989,60.13566,442.7263],[116.9902,60.12938,428.4121],[116.99299,60.12295,398.9017],[116.99847,60.11612,351.5491],[117.01222,60.10388,350.941],[117.03206,60.09137,265.0841],[117.03847,60.08574,261.5009],[117.0425,60.0799,240.2731],[117.04374,60.07127,243.0984],[117.0426,60.06468,237.5935],[117.03723,60.05411,240.8731],[117.03733,60.04838,257.9881],[117.04198,60.04225,280.068],[117.05428,60.03541,320.749],[117.06482,60.03148,300.2216],[117.07661,60.02915,332.1148],[117.10048,60.02776,404.1364],[117.12291,60.02962,412.9455],[117.15092,60.03572,371.0089],[117.16136,60.03649,372.7346],[117.17159,60.03541,360.3438],[117.21365,60.02238,149.349],[117.22471,60.02145,145.4781],[117.26967,60.02424,227.3979],[117.28011,60.02383,204.1557],[117.28858,60.02176,193.8983],[117.29633,60.01892,209.2673],[117.30192,60.01393,211.0123],[117.30564,60.00797,227.5073],[117.30595,59.99835,313.3581],[117.30243,59.99231,321.2634],[117.29716,59.9874,332.0033],[117.23226,59.95727,319.4499],[117.2244,59.95458,322.5527],[117.21562,59.95277,336.9668],[117.20569,59.95277,346.3397],[117.15929,59.96378,371.2765],[117.14833,59.96507,382.2104],[117.12456,59.96461,423.254],[117.11464,59.9628,440.0637],[117.10606,59.96016,446.8796],[117.09883,59.95699,425.2495],[117.09242,59.95334,436.2172],[117.08735,59.94895,447.9975],[117.08301,59.9443,428.1003],[117.07909,59.93939,411.5185],[117.07227,59.92885,386.2122],[117.06451,59.91882,348.4517],[117.06358,59.9134,335.2814],[117.06513,59.90792,362.005],[117.14813,59.85862,344.4194],[117.15546,59.85536,338.6574],[117.16477,59.85307,324.1352],[117.1967,59.84829,255.8493],[117.20507,59.8456,332.8553],[117.21252,59.84053,297.1788],[117.21913,59.83356,196.2906],[117.22626,59.82082,222.9566],[117.22905,59.81211,291.6722],[117.22967,59.80431,337.4714],[117.22822,59.79831,343.3845],[117.22564,59.79268,330.2207],[117.22254,59.78731,352.2867],[117.21768,59.77589,388.337],[117.21489,59.76369,344.5016],[117.21582,59.75108,345.4741],[117.21737,59.74509,369.3912],[117.2183,59.73899,379.3497],[117.21861,59.7331,380.7696],[117.21717,59.72734,384.5452],[117.21221,59.71718,443.1191],[117.19763,59.69692,537.1167],[117.19546,59.69106,530.1435],[117.19422,59.68486,529.4354],[117.19412,59.67837,521.9611],[117.19639,59.66618,495.7798],[117.19825,59.66085,492.7449],[117.19846,59.65538,511.7383],[117.19536,59.6506,540.5322],[117.1904,59.64639,521.4181],[117.11981,59.61336,669.3306],[117.09449,59.59864,666.0343],[117.08994,59.5944,614.0972],[117.08715,59.59078,650.3157],[117.08932,59.5884,677.0435],[117.13262,59.5852,551.7226],[117.1536,59.58117,646.5837],[117.19598,59.56892,734.8356],[117.20321,59.56448,674.9679],[117.21024,59.55879,649.8115],[117.22564,59.53699,722.5715],[117.22905,59.53342,751.2366],[117.2337,59.53125,762.0925],[117.24176,59.52861,757.5627],[117.28083,59.52402,665.222],[117.28941,59.52143,662.6903],[117.33778,59.49973,569.0529],[117.35235,59.49735,688.2502],[117.45508,59.49999,663.552],[117.48475,59.49621,701.6693],[117.53467,59.47994,684.4375],[117.55472,59.47621,660.4006],[117.5975,59.47231,703.3401],[117.60588,59.47417,679.2295],[117.65745,59.50381,664.229],[117.71378,59.52923,562.5391],[117.74819,59.53869,587.244],[117.75801,59.53942,625.3122],[117.76897,59.53569,651.9587],[117.77858,59.52833,667.8731],[117.79119,59.51254,695.2889],[117.79832,59.50063,708.1651],[117.79832,59.50009,700.9945],[117.80101,59.48764,708.3035],[117.80297,59.48195,674.6343],[117.80814,59.47107,753.2707],[117.81444,59.46066,754.8737],[117.81899,59.45469,741.4048],[117.82643,59.44911,744.254],[117.84317,59.4435,660.5751],[117.85671,59.44201,593.0853],[117.88307,59.4419,518.1213],[117.90601,59.44387,582.6782],[117.92431,59.44826,590.2789],[117.93206,59.45128,594.4662],[117.93878,59.45503,535.407],[117.94353,59.45958,497.6425],[117.94756,59.46454,463.539],[117.96565,59.50024,542.4814],[117.96823,59.51086,493.5447],[117.97071,59.51642,472.7145],[117.97381,59.52185,458.7073],[117.98208,59.53151,505.3098],[117.98704,59.5359,510.3445],[117.99231,59.53942,529.3438],[118.00782,59.54665,480.5823],[118.01991,59.55368,449.4624],[118.04595,59.57497,487.209],[118.05825,59.58264,483.403],[118.06631,59.58528,501.1681],[118.07613,59.58701,517.7631],[118.09856,59.5883,635.2957],[118.10848,59.5898,596.6793],[118.14331,59.60639,502.3552],[118.15148,59.60874,494.0746],[118.16202,59.60949,444.725],[118.20563,59.60484,451.9427],[118.22909,59.60437,446.5566],[118.27209,59.60923,433.1331],[118.28263,59.60933,455.0131],[118.30175,59.60592,429.2386],[118.33596,59.59564,423.4072],[118.34454,59.58791,410.7639],[118.35343,59.57636,390.8128],[118.37544,59.535,474.8928],[118.38826,59.52133,352.5397],[118.39766,59.51606,350.8187],[118.40727,59.51234,348.5699],[118.53429,59.48583,311.9254],[118.55073,59.48004,332.2257],[118.58618,59.45487,322.7232],[118.65935,59.43105,323.4237],[118.73387,59.41978,362.5128],[118.74193,59.41689,399.8102],[118.74875,59.41343,452.4245],[118.75464,59.4078,474.977],[118.75867,59.4001,507.6844],[118.76012,59.38578,491.5683],[118.75919,59.37679,479.1649],[118.75712,59.36919,472.3533],[118.75433,59.36377,478.7093],[118.75278,59.35782,479.8882],[118.75268,59.35178,505.968],[118.7533,59.34553,511.0667],[118.75495,59.33922,487.437],[118.75805,59.33292,445.3162],[118.76488,59.32648,401.2679],[118.7717,59.32199,416.4199],[118.77976,59.31845,478.3586],[118.82523,59.30687,549.3878],[118.83298,59.30395,592.6969],[118.8397,59.30041,569.5157],[118.84415,59.29581,549.7231],[118.8459,59.29106,552.7828],[118.84136,59.28522,474.7549],[118.83257,59.28258,456.2855],[118.81128,59.27948,521.1669],[118.80291,59.27716,545.2531],[118.79857,59.27287,546.9478],[118.79888,59.26713,568.8002],[118.80281,59.2601,525.8086],[118.80436,59.25478,537.1558],[118.80105,59.25044,512.6649],[118.7935,59.24791,471.7888],[118.74534,59.23871,532.8184],[118.72932,59.23318,541.0854],[118.71651,59.226,516.3641],[118.71092,59.22194,515.4395],[118.70204,59.21256,528.9927],[118.6887,59.19145,511.4675],[118.68715,59.18564,508.6454],[118.68705,59.17964,546.8391],[118.69335,59.14554,518.2166],[118.6948,59.12394,476.9174],[118.7072,59.06384,382.5499],[118.73852,59.02844,437.0384],[118.74958,59.02446,396.6536],[118.76198,59.0227,359.1745],[118.80012,59.02198,343.5272],[118.84032,59.0156,204.463],[118.84621,59.0134,204.449],[118.84952,59.00901,208.6752],[118.85138,59.00229,220.1382],[118.84838,58.95108,217.1127],[118.84156,58.94173,362.4054],[118.83143,58.93666,455.4958],[118.8056,58.93656,465.5219],[118.79536,58.93465,436.0288],[118.78896,58.91971,389.9066],[118.78555,58.9,502.4041],[118.7871,58.89305,290.7244],[118.79051,58.88584,292.1018],[118.79877,58.87703,320.6794],[118.81314,58.86716,441.2231],[118.8703,58.84152,403.8304],[118.88177,58.83377,367.0134],[118.88621,58.82933,411.4466],[118.89024,58.82354,377.9622],[118.89293,58.81641,365.6082],[118.89334,58.80483,447.2943],[118.8921,58.79688,493.1941],[118.88022,58.76675,546.8591],[118.87712,58.75455,621.9138],[118.87557,58.72841,450.5275],[118.87877,58.69675,537.9705],[118.87588,58.68908,560.519],[118.87071,58.68334,597.8423],[118.84776,58.66789,559.4488],[118.84353,58.66355,542.1336],[118.84043,58.65921,560.0247],[118.83877,58.65461,581.6664],[118.83236,58.64484,593.8458],[118.82988,58.63937,601.8162],[118.82895,58.63311,590.1993],[118.82864,58.62691,566.7454],[118.82792,58.62118,548.418],[118.82368,58.61673,508.9504],[118.81562,58.61451,529.6594],[118.78089,58.61503,655.126],[118.77438,58.61151,645.9133],[118.77635,58.60397,582.5626],[118.79485,58.58671,499.1714],[118.80818,58.57901,474.0645],[118.8212,58.57425,483.6057],[118.86575,58.56924,611.7213],[118.87515,58.56573,585.9332],[118.88146,58.56035,561.802],[118.89396,58.55376,572.2264],[118.9043,58.55007,588.116],[118.91484,58.54803,590.7416],[118.92507,58.54816,612.5168],[118.9443,58.55043,574.425],[118.95484,58.55007,570.9331],[118.96476,58.54857,552.2592],[118.97303,58.54586,601.3167],[118.98016,58.54278,596.5558],[118.99608,58.53193,560.8008],[119.01985,58.51136,640.4057],[119.02718,58.50651,546.3842],[119.0337,58.50307,561.567],[119.04372,58.50005,626.3644],[119.10708,58.49142,686.6538],[119.11586,58.48907,680.8221],[119.1233,58.48542,694.4575],[119.12868,58.48026,700.7036],[119.1324,58.47235,719.5648],[119.13281,58.46088,701.5785],[119.13064,58.44615,712.511],[119.12237,58.41778,759.3652],[119.11638,58.40465,838.2066],[119.11018,58.39566,843.2238],[119.09995,58.38719,825.8015],[119.07638,58.37194,901.007],[119.07101,58.36615,894.3743],[119.06873,58.35727,1109.3884],[119.07039,58.34122,1231.6473],[119.07679,58.32864,1291.5692],[119.083,58.32083,1195.5138],[119.12051,58.2981,1237.3108],[119.12413,58.28854,1295.865],[119.12568,58.28042,1293.4194],[119.10811,58.2227,1166.486],[119.12516,58.20601,1197.916],[119.15069,58.16087,1135.1589],[119.15441,58.1464,1096.667],[119.15441,58.1364,1096.8958],[119.15141,58.13097,1064.7996],[119.14201,58.09893,1063.8379],[119.14077,58.07878,1014.5865],[119.14201,58.07062,999.4589],[119.14428,58.06379,1008.5817],[119.15576,58.04834,1048.5071],[119.15979,58.04163,1074.8798],[119.15824,58.03625,1131.551],[119.15514,58.03119,1140.3279],[119.15048,58.02674,1121.1339],[119.1355,58.00713,1090.9882],[119.13178,58.00023,1112.4231],[119.12671,57.97928,1099.4949],[119.1201,57.96179,1092.9546],[119.10522,57.90463,981.6672],[119.10191,57.89647,1006.7681],[119.09622,57.87363,1078.1935],[119.0894,57.85709,1099.9492],[119.0894,57.84887,1063.3447],[119.0923,57.83823,1024.1143],[119.09168,57.83115,1035.1978],[119.0894,57.82267,1080.0026],[119.08537,57.81363,1123.0986],[119.08113,57.79753,1131.7195],[119.07731,57.78851,1217.5188],[119.07266,57.78167,1246.6022],[119.06036,57.77193,1199.313],[119.05354,57.76448,1192.9458],[119.0462,57.74994,1338.6481],[119.04424,57.74082,1174.1285],[119.04486,57.73327,1190.6238],[119.04703,57.72764,1256.9348],[119.05137,57.72317,1239.1788],[119.05726,57.71953,1212.8542],[119.06481,57.71668,1053.4602],[119.074,57.71451,1026.2509],[119.13281,57.71017,1155.3916],[119.14511,57.70464,1268.7706],[119.15565,57.69441,1273.7141],[119.16506,57.66868,1361.4523],[119.16599,57.65612,1319.2042],[119.16309,57.64671,1261.0691],[119.15751,57.64193,1332.0786],[119.15172,57.63524,1264.5397],[119.15069,57.6293,1232.2817],[119.15131,57.62325,1318.6458],[119.15855,57.60672,1113.9666],[119.16351,57.59049,1138.0037],[119.16433,57.58062,1209.6929],[119.16289,57.57277,1307.2505],[119.15669,57.56212,1348.4028],[119.14862,57.55178,1229.4731],[119.14108,57.53892,1186.7361],[119.14232,57.53344,1191.6077],[119.14552,57.52863,1163.6697],[119.15514,57.52016,1194.7086],[119.16619,57.51233,1179.6501],[119.1787,57.50553,1230.3589],[119.18604,57.50342,1232.6237],[119.19379,57.50311,1298.9906],[119.20051,57.50543,1386.5277],[119.20578,57.50915,1390.2793],[119.21766,57.52372,1327.4734],[119.24733,57.54951,1382.5474],[119.25973,57.56383,1424.6294],[119.26304,57.56912,1379.097],[119.26831,57.58018,1463.2712],[119.2712,57.58512,1473.1589],[119.27451,57.5892,1459.1548],[119.28526,57.5971,1276.0614],[119.29135,57.60067,1293.0114],[119.29828,57.60382,1248.4402],[119.32122,57.61008,1119.7725],[119.41011,57.61473,1114.6744],[119.42096,57.61369,1179.7693],[119.43026,57.6116,1226.2706],[119.46023,57.59992,1202.8579],[119.47853,57.59488,1191.863],[119.48721,57.59147,1252.8618],[119.49517,57.58589,1393.0015],[119.49692,57.57995,1586.9041],[119.49517,57.57421,1616.5686],[119.48349,57.55954,1691.697],[119.48059,57.55406,1596.1835],[119.47605,57.54233,1581.4039],[119.47233,57.53732,1621.4495],[119.46705,57.53303,1536.8612],[119.46085,57.52951,1446.2388],[119.42861,57.51969,1399.4323],[119.4222,57.51623,1337.7887],[119.41755,57.51174,1230.6522],[119.41445,57.50706,1104.7954],[119.41124,57.50016,956.6287],[119.41093,57.49969,956.6287],[119.41,57.49724,952.8716],[119.40938,57.4905,940.4258],[119.41042,57.47763,971.8821],[119.4162,57.46365,970.4595],[119.41786,57.45492,1004.8655],[119.41724,57.4482,1011.5258],[119.40876,57.43799,1046.3463],[119.40463,57.4319,1086.9368],[119.40608,57.42688,1160.6542],[119.40918,57.42223,1286.209],[119.41496,57.41774,1357.6139],[119.42003,57.41283,1364.7529],[119.4252,57.40647,1256.7288],[119.42613,57.40123,1131.9973],[119.42592,57.39614,1069.0128],[119.43367,57.3828,1063.843],[119.44235,57.3712,959.3028],[119.44938,57.36523,858.693],[119.45786,57.36301,839.6575],[119.47729,57.3642,856.9373],[119.4962,57.36337,829.3213],[119.50147,57.36239,837.9315],[119.50829,57.36027,814.7126],[119.5148,57.35758,832.9747],[119.5456,57.33978,880.9493],[119.55315,57.332,888.0446],[119.56214,57.32105,935.0126],[119.57754,57.29712,1160.3466],[119.58715,57.27123,1452.6685],[119.58953,57.25046,1700.7954],[119.59201,57.24317,1485.8896],[119.59521,57.23718,1507.1316],[119.59893,57.23242,1523.1436],[119.61309,57.21961,1518.2878],[119.67252,57.18194,1627.0042],[119.67903,57.17667,1393.5887],[119.68627,57.1684,1457.5776],[119.68658,57.16214,1479.6299],[119.68275,57.15744,1567.3932],[119.65857,57.14297,1526.7434],[119.62208,57.10096,1333.3574],[119.61929,57.09548,1331.9033],[119.61743,57.08985,1330.5297],[119.61464,57.0652,1265.0233],[119.61444,57.05166,1262.8447],[119.6165,57.03202,1282.5988],[119.61878,57.02525,1105.0385],[119.62126,57.02086,1066.8921],[119.62436,57.01786,1070.1172],[119.64534,57.00226,1037.6597],[119.68162,56.9882,982.2959],[119.70156,56.98495,1096.8478],[119.77164,56.98298,1155.4406],[119.78032,56.98009,1064.603],[119.78683,56.97456,1024.5198],[119.79851,56.96241,843.8209],[119.80647,56.94774,809.5342],[119.81742,56.93296,1053.6956],[119.82569,56.92386,934.4899],[119.84564,56.90753,1202.546],[119.85618,56.9011,714.1787],[119.87995,56.89188,971.4092],[119.88646,56.89012,1144.9664],[119.89845,56.8894,1155.1702],[119.91395,56.8935,995.5543],[120.00532,56.89431,715.5186],[120.03084,56.89901,847.7675],[120.18319,56.94565,681.4739],[120.2483,56.98619,756.187],[120.28602,57.0004,902.1531],[120.30277,57.00414,685.1079],[120.47557,57.01885,726.5309],[120.59505,57.00941,588.116],[120.60569,57.00988,536.6707],[120.61499,57.0114,608.9279],[120.62895,57.01621,543.8644],[120.63794,57.0206,481.968],[120.64703,57.02732,471.2388],[120.65551,57.03207,468.6269],[120.79038,57.0206,428.2786],[120.80785,57.02174,822.5473],[120.82759,57.03171,644.8479],[120.8434,57.03652,865.3693],[120.86232,57.03959,761.6497],[120.88878,57.04065,455.6233],[120.94882,57.03156,589.4036],[120.97187,57.03683,412.3401],[120.98138,57.03492,492.5925],[121.00133,57.03518,414.1425],[121.0191,57.03122,372.6578],[121.02944,57.02189,370.1371],[121.0437,56.99926,505.0383],[121.05321,56.98965,488.3629],[121.06623,56.98381,385.3195],[121.08101,56.98014,447.3655],[121.09734,56.98877,385.9087],[121.10602,56.99073,386.8751],[121.12649,56.99285,452.58],[121.40688,56.97551,626.8052],[121.42022,56.97296,686.6665],[121.43345,56.96831,589.5333],[121.49608,56.93606,721.0741],[121.5059,56.92898,776.5202],[121.51148,56.92231,906.1549],[121.51365,56.89865,1141.9753],[121.52233,56.86459,1342.7057],[121.52419,56.85896,1275.4497],[121.52739,56.85415,1280.0656],[121.53639,56.84831,1152.2781],[121.57773,56.83028,1104.7324],[121.59044,56.8232,954.6882],[121.59871,56.8171,896.1134],[121.60212,56.81266,946.5959],[121.61514,56.78767,963.3876],[121.61617,56.78217,956.3035],[121.61493,56.77648,1074.3481],[121.61121,56.77152,1165.6307],[121.60615,56.76728,1238.019],[121.59457,56.7601,1278.8518],[121.59054,56.75648,1233.1724],[121.59054,56.75238,1204.228],[121.59261,56.7478,1203.3265],[121.59871,56.74388,1301.7173],[121.60832,56.74119,1458.7957],[121.69266,56.74943,1019.6094],[121.93347,56.73698,951.0088],[121.95321,56.73964,980.9158],[121.99186,56.75101,870.9478],[122.00602,56.75214,906.709],[122.1596,56.73837,1147.6774],[122.16973,56.73519,1095.075],[122.17779,56.72948,1194.8148],[122.18906,56.70202,1318.0626],[122.20787,56.69215,1291.8948],[122.25365,56.66894,1254.4115],[122.2828,56.65065,1311.5334],[122.2952,56.64709,1279.7925],[122.38429,56.62962,1286.4606],[122.46666,56.60187,1470.0649],[122.47183,56.59789,1350.1025],[122.47462,56.59272,1424.052],[122.47783,56.57536,1459.3591],[122.4802,56.57004,1473.3293],[122.49137,56.56471,1385.3848],[122.54346,56.54838,1258.2194],[122.55875,56.54182,1323.2955],[122.56712,56.53531,1458.7607],[122.56692,56.52921,1562.3115],[122.56526,56.51671,1395.8817],[122.5663,56.51097,1461.4387],[122.56909,56.50637,1461.448],[122.5756,56.49996,1363.1123],[122.57622,56.49872,1352.0708],[122.57777,56.49609,1327.7936],[122.5818,56.49247,1419.4492],[122.58924,56.48958,1449.7295],[122.65952,56.4827,1187.6487],[122.67389,56.48436,1264.6609],[122.6836,56.48756,1319.0698],[122.68794,56.49221,1219.1571],[122.6929,56.49588,1424.6538],[122.69776,56.49862,1505.7279],[122.70035,56.49965,1529.0154],[122.70241,56.50014,1509.4573],[122.7575,56.49454,1364.6002],[122.77249,56.49557,1333.557],[122.78137,56.49779,1284.7734],[122.78375,56.50043,1343.6782],[122.78716,56.50523,1458.1658],[122.78913,56.51035,1541.6074],[122.79057,56.51614,1476.3654],[122.78944,56.52771,1435.7776],[122.79026,56.53324,1525.522],[122.79316,56.53841,1429.7117],[122.79967,56.5412,1253.4478],[122.80484,56.54482,1192.9491],[122.80618,56.5496,1378.7251],[122.80639,56.55539,1436.9148],[122.80546,56.5612,1354.9189],[122.8037,56.56673,1330.6095],[122.80266,56.57205,1193.0833],[122.80308,56.57696,1141.7822],[122.80763,56.58078,1186.9036],[122.81455,56.58347,1184.5562],[122.88752,56.59474,1287.6318],[122.89548,56.59368,1234.7616],[122.90106,56.58792,1240.7501],[122.90385,56.58233,1265.1858],[122.90943,56.56528,1082.7902],[122.9148,56.55526,1067.0593],[122.91852,56.55066,1052.7581],[122.9302,56.54539,1020.5496],[123.00906,56.52319,993.0698],[123.02529,56.51412,1051.2812],[123.03056,56.50839,1097.2833],[123.03418,56.50353,1152.9401],[123.03676,56.49914,1145.3793],[123.03893,56.49655,1121.1012],[123.04265,56.49314,1169.136],[123.13226,56.45738,1225.3469],[123.28925,56.42348,1408.3193],[123.39901,56.41635,1311.9302],[123.45265,56.40632,1358.0996],[123.46629,56.40537,1292.8369],[123.47777,56.40583,1328.1945],[123.50712,56.41015,1340.7681],[123.52572,56.41108,1361.7047],[123.61512,56.39718,1277.7097],[123.63052,56.3964,1244.0992],[123.64272,56.39697,1133.5305],[123.65874,56.40116,1211.9324],[123.66897,56.40209,1326.2616],[123.71889,56.39651,1397.8456],[123.73088,56.39707,1333.5358],[123.74793,56.40043,1182.2582],[123.75589,56.40087,1136.6821],[123.76312,56.39868,1260.5836],[123.77108,56.39382,1280.78],[123.77925,56.3909,1283.2456],[123.79155,56.39139,1161.241],[123.81821,56.39718,1340.5166],[123.82679,56.3978,1259.283],[123.8857,56.38726,1250.2249],[123.91536,56.37733,1283.9706],[123.94544,56.36064,1318.5131],[123.95856,56.3516,1174.1371],[123.97107,56.34467,1206.1475],[123.97665,56.34095,1213.0146],[123.9813,56.33682,1208.0469],[123.98399,56.33191,1234.9802],[123.98492,56.32617,1235.1565],[123.98471,56.32054,1226.1486],[123.98523,56.31481,1262.2488],[123.98709,56.30959,1313.5426],[123.99866,56.29832,1685.6898],[124.00073,56.2955,1693.5143],[124.00269,56.29116,1659.3213],[124.006,56.28685,1630.2211],[124.01313,56.28199,1628.9988],[124.03825,56.26892,1470.0693],[124.04404,56.2623,1403.5529],[124.04683,56.2561,1430.3207],[124.04807,56.2507,1442.562],[124.05024,56.24556,1464.8005],[124.05282,56.24055,1385.3202],[124.05623,56.23577,1243.4706],[124.06047,56.23135,1384.9259],[124.06636,56.22737,1380.4982],[124.07659,56.22334,1476.3223],[124.13654,56.20975,1473.6547],[124.14801,56.20339,1459.6248],[124.15514,56.19244,1274.4912],[124.16165,56.18748,1413.1792],[124.18914,56.17528,1529.8486],[124.20558,56.1651,1601.8206],[124.21736,56.15177,1561.6149],[124.22025,56.14696,1489.4651],[124.22273,56.14177,1410.5883],[124.22893,56.13213,1320.6986],[124.23255,56.12758,1360.0195],[124.23896,56.11802,1394.9348],[124.24144,56.11291,1382.8784],[124.24433,56.108,1320.012],[124.24743,56.0973,1363.3077],[124.2465,56.09136,1538.3982],[124.24299,56.08092,1602.9919],[124.25043,56.07534,1522.7732],[124.2678,56.07027,1246.4109],[124.3604,56.05673,1325.7039],[124.36908,56.05332,1393.1646],[124.37497,56.04686,1303.4564],[124.37962,56.03493,1175.5669],[124.38386,56.0294,1287.925],[124.40381,56.01792,1231.0479],[124.40949,56.01203,1173.0254],[124.4129,56.00666,1240.1851],[124.41518,56.00077,1224.02],[124.42127,55.99126,1298.2914],[124.42529999999999,55.98694,1296.3462],[124.43182,55.97757,1335.6404],[124.43864,55.96196,1241.5797],[124.44143,55.95087,1243.1599],[124.44339,55.93328,1315.2233],[124.44308,55.91473,1422.0458],[124.44463,55.9092,1322.177],[124.44804,55.9046,1365.7213],[124.45383,55.90088,1386.2671],[124.48132,55.88829,1355.0657],[124.50096,55.87618,1185.4664],[124.50933,55.87364,1281.2634],[124.52215,55.87168,1074.4149],[124.54788,55.87127,1240.5515],[124.56194,55.87271,1095.6779],[124.57289,55.87525,1188.668],[124.63521,55.90176,960.1695],[124.64328,55.90387,994.0343],[124.65227,55.90532,910.1672],[124.66219,55.90589,976.5765],[124.67552,55.9046,905.6671],[124.69061,55.90134,915.4263],[124.71345,55.89364,875.1487],[124.72523,55.88842,956.0535],[124.7396,55.87995,949.9133],[124.77226,55.85659,889.1891],[124.77856,55.8537,941.4699],[124.78725,55.85287,966.0915],[124.79789,55.85556,874.1265],[124.80575,55.8584,882.4286],[124.81308,55.86005,944.8964],[124.82342,55.85928,1050.2765],[124.8352,55.85556,1028.3213],[124.84978,55.85385,932.4495],[124.85711,55.84796,886.705],[124.85959,55.84318,926.7269],[124.86383,55.83804,975.909],[124.87344,55.83442,955.1669],[124.8968,55.83024,944.0292],[124.95768,55.82621,907.1746],[124.97473,55.82791,935.7897],[124.98734,55.83034,955.0834],[124.99788,55.83504,843.0023],[125.00387,55.8369,784.283],[125.01752,55.83943,784.6218],[125.03126,55.84052,873.5603],[125.07322,55.8399,1045.0527],[125.08201,55.8415,977.42],[125.08821,55.84489,915.3032],[125.10464,55.85695,905.1821],[125.11115,55.8601,902.0806],[125.20717,55.87866,916.8364],[125.24768,55.87959,952.0435],[125.35414,55.85607,955.0841],[125.41594,55.84837,915.2601],[125.42659,55.84465,983.4481],[125.43734,55.83744,1174.7787],[125.44106,55.83086,1144.7582],[125.4423,55.82409,1126.9976],[125.43992,55.80564,1086.7944],[125.44044,55.79995,1098.3541],[125.44457,55.79582,981.6739],[125.47981,55.78026,996.4809],[125.4856,55.77657,1147.7659],[125.49056,55.77267,1169.1083],[125.4949,55.76848,1207.6573],[125.49769,55.76404,1261.4963],[125.49935,55.75965,1171.3749],[125.50079,55.75686,1047.5764],[125.50359,55.75313,1117.7815],[125.50803,55.74965,1130.2671],[125.52746,55.7397,1067.1178],[125.53604,55.73706,1133.863],[125.54627,55.73577,1282.3269],[125.56115,55.73743,1305.8752],[125.57045,55.74047,1366.2483],[125.60849,55.76176,1273.7303],[125.62285,55.76724,1046.6473],[125.75763,55.79644,911.9169],[125.76566,55.7967,932.149],[125.79897,55.79776,900.744],[125.8246,55.79489,951.8889],[125.93095,55.76895,963.9847],[125.94314,55.76414,916.0516],[126.00102,55.73267,1081.1648],[126.00598,55.73179,1103.332],[126.02603,55.73221,1151.7642],[126.03906,55.72776,1175.6548],[126.05859,55.71396,1036.967],[126.06541,55.70469,1141.8313],[126.06789,55.69614,1118.3987],[126.06696,55.68975,1037.1809],[126.06748,55.68378,1026.2924],[126.06872,55.67826,1018.7479],[126.0713,55.67335,982.2941],[126.07874,55.6687,1071.1698],[126.09042,55.66384,1143.103],[126.11233,55.65738,958.5497],[126.12288,55.64973,1107.9895],[126.12732,55.64296,1133.1613],[126.12753,55.63761,1158.1322],[126.12453,55.63366,1151.7639],[126.1176,55.63325,1101.2352],[126.11016,55.63573,1050.4685],[126.10096,55.64058,1092.4419],[126.09228,55.64348,1111.8468],[126.07988,55.64317,1120.4073],[126.07151,55.64074,1113.908],[126.065,55.63676,1117.5205],[126.06128,55.6317,1109.8702],[126.0589,55.62549,975.2623],[126.05415,55.60604,935.6807],[126.04732,55.58875,859.3893],[126.06159,55.58457,835.3172],[126.08949,55.58252,906.017],[126.23377,55.59061,857.0365],[126.27956,55.58911,893.2551],[126.31852,55.58172,950.2745],[126.33733,55.58229,1051.4962],[126.36896,55.57883,923.3184],[126.37878,55.57059,939.8061],[126.38973,55.56364,938.6978],[126.39655,55.56028,1093.8865],[126.41237,55.5548,1002.1245],[126.4226,55.55382,978.8298],[126.43417,55.55501,960.4106],[126.46735,55.56756,1191.2681],[126.49298,55.57216,1058.2012],[126.4998,55.57454,980.0628],[126.50549,55.57857,1088.6234],[126.512,55.58932,1092.819],[126.51448,55.59557,1062.6436],[126.52058,55.60736,1088.1003],[126.5244,55.61263,1056.6864],[126.5336,55.62188,1064.4979],[126.54414,55.63017,971.7271],[126.55065,55.6334,1025.8947],[126.61163,55.65306,1112.4716],[126.64905,55.65926,1114.2407],[126.66227,55.65877,1141.1837],[126.68346,55.655,1085.4888],[126.68904,55.64999,1153.5959],[126.68966,55.64456,1109.0684],[126.67974,55.62751,1105.4501],[126.67747,55.62146,936.3077],[126.67716,55.61511,943.6293],[126.68253,55.60922,881.4805],[126.68935,55.60519,802.3787],[126.72449,55.59645,1117.4204],[126.7341,55.59733,1052.0149],[126.74289,55.60193,1071.299],[126.75498,55.61102,1008.6967],[126.76253,55.61397,956.576],[126.77255,55.61449,941.3427],[126.81441,55.60684,951.5392],[126.82764,55.60565,1032.5981],[126.84273,55.60588,1028.0857],[126.86412,55.60901,1126.2998],[126.88572,55.61537,1054.2322],[126.90474,55.62529,1179.7543],[126.92727,55.6411,1290.7399],[126.93099,55.64549,1171.9231],[126.93182,55.6502,1161.7087],[126.92923,55.65454,1251.6467],[126.92427,55.65841,1228.7935],[126.92024,55.66249,1291.1561],[126.91807,55.66686,1080.1575],[126.92024,55.67169,1049.8129],[126.92427,55.67619,1160.7078],[126.92944,55.68043,1111.2762],[126.93533,55.68415,1245.7739],[126.94329,55.68663,1088.7458],[126.95352,55.68725,1182.4321],[127.0391,55.67402,818.1455],[127.12747,55.67143,908.1547],[127.14297,55.6751,820.3387],[127.15227,55.67888,755.5564],[127.16488,55.68725,853.9185],[127.17449,55.68999,789.8711],[127.18762,55.69081,863.4293],[127.22586,55.68554,915.3181],[127.23671,55.68239,947.6478],[127.24301,55.67898,860.8318],[127.24828,55.675,872.0886],[127.25232,55.67066,878.1495],[127.25759,55.66722,833.1749],[127.2641,55.665,801.4133],[127.295,55.67185,847.6091],[127.30337,55.67154,893.23],[127.31288,55.66782,922.8463],[127.32043,55.66407,1062.1627],[127.3259,55.65988,1113.3583],[127.32962,55.65572,1071.75],[127.32921,55.65035,1053.7075],[127.32652,55.63836,980.7689],[127.32745,55.63283,928.0478],[127.33076,55.62823,1019.0398],[127.34564,55.6164,1044.4225],[127.35401,55.60782,1012.3856],[127.35877,55.60379,977.1229],[127.36466,55.60015,843.663],[127.3721,55.5972,924.7149],[127.43401,55.58043,1212.3408],[127.44745,55.57384,1218.8575],[127.45737,55.56591,1110.9961],[127.46543,55.55723,934.2722],[127.47049,55.55392,897.0158],[127.47752,55.55237,813.3435],[127.48693,55.55501,881.8002],[127.49364,55.55811,880.96],[127.50233,55.56348,857.02],[127.52744,55.57493,977.5103],[127.53571,55.57754,833.2001],[127.54604,55.57909,942.5574],[127.56237,55.57847,908.2271],[127.57261,55.57986,999.3125],[127.57788,55.58415,1050.5823],[127.58398,55.59562,1177.2119],[127.58842,55.6003,1272.3398],[127.59369,55.60462,1337.7971],[127.60537,55.61175,1043.2642],[127.60961,55.61573,1031.1827],[127.61054,55.62074,1106.2865],[127.60878,55.63144,922.9417],[127.60847,55.63707,844.0855],[127.6094,55.64296,776.839],[127.61612,55.65381,820.8099],[127.62087,55.65836,870.6946],[127.63255,55.66593,1006.6626],[127.64557,55.67231,983.2488],[127.67462,55.68316,831.1412],[127.68857,55.68472,840.408],[127.70728,55.68466,780.1625],[127.74707,55.67981,822.8458],[127.76267,55.6749,930.791],[127.77394,55.67009,1075.4426],[127.7851,55.66249,929.8724],[127.78944,55.65867,813.2852],[127.79037,55.65381,775.2976],[127.78768,55.64911,750.3699],[127.78045,55.63893,684.3065],[127.77921,55.63433,658.7191],[127.78365,55.63087,665.4145],[127.79388,55.62924,661.6908],[127.91057,55.62431,732.1869],[128.00421,55.63808,808.1201],[128.06157,55.63387,769.0862],[128.0779,55.63743,816.3995],[128.10188,55.64751,721.6284],[128.11097,55.6488,763.1024],[128.12399,55.64694,782.3923],[128.15128,55.64668,863.0034],[128.19334,55.66001,867.2396],[128.21019,55.66342,1087.5513],[128.22218,55.66379,1213.5114],[128.23706,55.66275,1070.834],[128.27427,55.65521,836.2164],[128.28398,55.65146,991.8052],[128.29019,55.64797,1030.5475],[128.35395,55.60193,894.744],[128.36057,55.59857,831.8194],[128.40625,55.58692,835.878],[128.414,55.5841,835.7043],[128.4202,55.58066,939.4972],[128.42527,55.57661,906.342],[128.42888,55.57216,845.9194],[128.43891,55.55248,772.0328],[128.44294,55.54819,771.4839],[128.4478,55.54413,871.9988],[128.45483,55.5408,866.4861],[128.47157,55.53522,947.0358],[128.47684,55.53134,968.0706],[128.48521,55.52276,1175.4824],[128.48997,55.5192,1127.2167],[128.49606,55.51666,1103.6735],[128.50165,55.51563,1139.1399],[128.62164,55.51426,897.6891],[128.6635,55.52085,836.5669],[128.68334,55.51935,896.6855],[128.69254,55.51604,1068.0811],[128.6975,55.51175,974.4067],[128.69636,55.50705,910.8246],[128.69347,55.50333,889.6232],[128.69006,55.5001,917.9095],[128.68913,55.49899,917.9095],[128.68799,55.49677,941.1448],[128.6882,55.49341,948.3807],[128.69533,55.48984,877.8929],[128.70773,55.48687,769.3113],[128.73223,55.48437,898.9875],[128.7437,55.48075,786.6826],[128.75145,55.47667,922.0813],[128.756,55.47243,819.0159],[128.76261,55.46964,912.0412],[128.77212,55.4691,897.0638],[128.78876,55.47403,899.8475],[128.80623,55.4822,910.2142],[128.81305,55.48344,842.4516],[128.83785,55.47398,923.7718],[128.92312,55.47155,924.4072],[128.93583,55.46925,883.533],[128.94338,55.46638,841.9557],[128.9565,55.46519,729.0384],[128.9749,55.46633,771.326],[129.04197,55.47997,841.7583],[129.04911,55.48276,962.6547],[129.05562,55.4861,854.2213],[129.06037,55.49057,818.0134],[129.06419,55.49486,884.8024],[129.07205,55.50754,945.3817],[129.08383,55.52276,1057.91],[129.08714,55.52808,1025.4414],[129.08879,55.53335,1041.874],[129.0891,55.53883,1035.7157],[129.08869,55.54452,1085.0952],[129.09065,55.55707,993.0891],[129.09251,55.56359,1081.4873],[129.09334,55.56974,1041.6582],[129.09313,55.57555,1013.5999],[129.09117,55.58059,1010.9308],[129.08755,55.58519,974.7012],[129.07939,55.59382,1133.3318],[129.04569,55.61609,1143.671],[129.0365,55.6242,1118.0839],[129.03298,55.6288,1294.8927],[129.03081,55.63366,1301.1405],[129.03061,55.63893,1442.5107],[129.03216,55.64379,1327.4371],[129.03484,55.64833,1241.0042],[129.0398,55.65195,1149.3696],[129.04704,55.65423,1124.6349],[129.22646,55.68009,1173.5184],[129.24041,55.68596,1160.312],[129.44371,55.69975,1078.7762],[129.4497,55.70327,1115.8292],[129.45466,55.70787,1104.7137],[129.45859,55.71329,1116.2855],[129.462,55.71916,1187.4668],[129.46655,55.72409,1115.2823],[129.47409,55.72714,1114.6761],[129.48515,55.72745,1069.071],[129.51574,55.72249,1155.4033],[129.52846,55.72223,1067.7946],[129.57548,55.73345,1126.3054],[129.60153,55.73484,1067.877],[129.62116,55.7382,1093.0206],[129.64338,55.74461,1072.7437],[129.653,55.745,1121.3367],[129.70798,55.73763,1216.6884],[129.76989,55.73611,1135.6714],[129.78208,55.73184,1191.2761],[129.80399,55.71536,1233.5026],[129.8104,55.71185,1132.0216],[129.81888,55.70947,1138.3696],[129.83056,55.70874,1129.8945],[129.84647,55.71143,1127.4509],[129.85629,55.71482,1143.8861],[129.86342,55.71908,1160.4188],[129.87169,55.72962,1333.4293],[129.87965,55.7336,1376.6472],[129.89226,55.73443,1414.4155],[129.91603,55.73102,1279.8419],[129.94011,55.7242,1377.9521],[129.99468,55.69309,1437.0645],[130.00543,55.68911,1469.1844],[130.01783,55.68807,1523.1172],[130.03509,55.68869,1390.9293],[130.06465,55.69278,1409.3641],[130.07902,55.69691,1507.4619],[130.09214,55.69929,1368.67],[130.1032,55.69955,1365.6176],[130.14248,55.69009,1320.2814],[130.15405,55.68875,1316.313],[130.16821,55.68916,1332.4781],[130.20159,55.6951,1364.2037],[130.21916,55.70032,1398.5664],[130.51713,55.70859,1537.662],[130.54173,55.71386,1679.988],[130.54855,55.7167,1388.3507],[130.57304,55.72239,1831.6233],[130.69583,55.72471,1473.5186],[130.74151,55.71908,1443.646],[130.83897,55.68776,1543.0092],[130.86295,55.68244,1315.0823],[130.923,55.67857,1455.314],[130.93333,55.70298,1624.2861],[130.93509,55.72288,1580.6521],[130.93426,55.73582,1997.5466],[130.93168,55.7489,1695.7133],[130.92589,55.76135,1647.9935],[130.91928,55.77052,1446.4869],[130.89499,55.7906,1489.9771],[130.89116,55.79494,1592.728],[130.8708,55.81344,1167.0573],[130.8676,55.81995,1248.9388],[130.86584,55.82677,1563.208],[130.86605,55.83365,1586.83],[130.86171,55.88889,1637.9912],[130.8646,55.89948,1702.171],[130.87049,55.90579,1691.7454],[130.89964,55.91633,1537.6791],[130.90605,55.91979,1424.7357],[130.91163,55.92398,1436.9905],[130.9169,55.92889,1299.9398],[130.92093,55.93478,1270.0256],[130.92424,55.94181,1239.4216],[130.91804,55.98558,1002.7791],[130.91783,55.99989,955.9473],[130.94873,56.03043,951.0039],[130.95741,56.04097,939.6081],[130.96217,56.04813,948.2617],[130.96661,56.05679,930.3096],[130.97178,56.07115,913.1241],[130.97168,56.07921,902.9012],[130.96992,56.08578,902.5],[130.96661,56.09198,902.5],[130.96372,56.09975,902.5],[130.96031,56.11249,939.8499],[130.96124,56.12112,930.9097],[130.96361,56.12856,935.2595],[130.98222,56.1482,866.8084],[130.99369,56.15528,861.3343],[131.06511,56.18468,872.0269],[131.07782,56.19161,838.694],[131.0834,56.19585,846.7463],[131.0926,56.20587,846.7806],[131.11523,56.25155,809.079],[131.11875,56.26365,804.1387],[131.12019,56.27264,802.2412],[131.11906,56.27744,801.9159],[131.11244,56.29202,809.2388],[131.09539,56.32065,825.1246],[131.09105,56.33124,823.1686],[131.08929,56.33734,818.4801],[131.08774,56.34524,812.4026],[131.08919,56.35222,805.1259],[131.09167,56.35889,794.2697],[131.11399,56.39537,772.455],[131.12557,56.41051,768.4601],[131.13053,56.41521,768.6566],[131.14996,56.43865,763.9764],[131.16226,56.45102,762.5696],[131.18438,56.46795,758.4667],[131.2252,56.48689,755.1396],[131.24091,56.49149,980.6277],[131.25827,56.49454,1181.0106],[131.30654,56.49728,1242.8751],[131.31491,56.49609,1166.4785],[131.31977,56.49268,1025.3865],[131.32731,56.48399,879.7159],[131.33341,56.48027,815.9072],[131.34798,56.47392,839.6411],[131.35367,56.47009,819.4532],[131.35708,56.46542,789.8162],[131.35801,56.45976,754.828],[131.35728,56.45361,768.7742],[131.35429,56.44103,834.6373],[131.35367,56.43506,759.5167],[131.35511,56.42979,819.4796],[131.35853,56.42529,868.1365],[131.36411,56.42157,851.7544],[131.37248,56.41919,786.7458],[131.3823,56.41829,710.7262],[131.39191,56.4186,708.3953],[131.40193,56.42162,733.4462],[131.41123,56.427,734.2478],[131.42353,56.43723,731.0048],[131.42756,56.44451,711.5955],[131.42725,56.45048,672.8746],[131.42353,56.45485,670.9952],[131.41744,56.45847,672.6412],[131.40214,56.4656,742.7675],[131.39625,56.47061,762.7952],[131.39377,56.47914,789.2086],[131.3978,56.48554,846.6146],[131.43532,56.52394,715.2912],[131.44079,56.52813,734.3922],[131.45361,56.53521,1020.3121],[131.46746,56.54123,979.1693],[131.48286,56.54621,777.4113],[131.49743,56.54952,1078.2478],[131.5025,56.54993,1115.5947],[131.52079,56.54906,979.1759],[131.54053,56.54492,718.0714],[131.54766,56.54161,937.4969],[131.55283,56.53774,850.641],[131.55634,56.53324,914.8146],[131.55717,56.528,944.8832],[131.55634,56.52234,869.6677],[131.55479,56.51712,973.4434],[131.55655,56.51244,1096.9674],[131.56151,56.50864,1097.9302],[131.56895,56.5057,1052.385],[131.57774,56.50373,997.3237],[131.58735,56.5034,920.694],[131.60523,56.50446,860.8899],[131.61257,56.50394,811.6976],[131.61701,56.50193,666.4478],[131.61887,56.50074,617.9509],[131.61949,56.49976,615.1643],[131.61949,56.49826,614.5189],[131.61939,56.49464,613.3628],[131.61722,56.48937,613.3008],[131.6014,56.46777,936.4434],[131.59934,56.46198,976.541],[131.59996,56.45658,953.6189],[131.60388,56.45227,868.4797],[131.61143,56.45061,807.541],[131.62166,56.45196,797.4651],[131.64574,56.46606,648.8431],[131.65463,56.46981,616.2572],[131.66238,56.47061,606.9698],[131.66951,56.4687,596.9256],[131.67385,56.46495,650.6885],[131.67789,56.46053,687.9412],[131.68316,56.45712,711.6152],[131.69184,56.45624,741.8124],[131.70145,56.45909,804.2618],[131.70517,56.46384,831.0791],[131.70486,56.4688,609.4288],[131.70145,56.47337,595.205],[131.67706,56.48784,623.2427],[131.67241,56.49172,601.057],[131.669,56.49541,615.2167],[131.66807,56.49852,660.6631],[131.66776,56.49983,736.2472],[131.66776,56.50107,809.3916],[131.66652,56.50301,888.4019],[131.66311,56.50616,1001.0858],[131.65618,56.50988,986.681],[131.64977,56.51433,949.2515],[131.64977,56.52441,922.7725],[131.65525,56.53234,590.6659],[131.66652,56.54322,680.3849],[131.66982,56.54957,582.9803],[131.66982,56.55655,679.5893],[131.669,56.56404,814.6929],[131.67551,56.57794,691.2947],[131.67727,56.58642,858.7737],[131.67603,56.59285,900.3262],[131.67261,56.59799,1018.6993],[131.67055,56.60378,974.7155],[131.67044,56.61133,830.6201],[131.67385,56.61675,559.4044],[131.68037,56.62114,628.6108],[131.68853,56.62455,610.4814],[131.69711,56.62926,693.564],[131.69959,56.63393,767.322],[131.6968,56.63804,793.7332],[131.68223,56.64476,602.5547],[131.67582,56.64838,557.7146],[131.67385,56.65373,765.1196],[131.67758,56.6576,779.9193],[131.68388,56.66083,610.9025],[131.70062,56.66631,614.8944],[131.70951,56.67055,698.1429],[131.72036,56.6784,606.1548],[131.72491,56.68553,589.2656],[131.72739,56.69292,537.9058],[131.73339,56.6969,540.2125],[131.75406,56.70439,571.921],[131.76181,56.71302,521.2818],[131.76987,56.71669,544.425],[131.77876,56.71718,519.2848],[131.78744,56.71628,510.8767],[131.79715,56.71737,513.876],[131.79953,56.72238,515.0613],[131.79901,56.7293,502.4791],[131.79932,56.74132,498.979],[131.79829,56.74832,737.2626],[131.79715,56.75302,880.6619],[131.79519,56.75535,933.0824],[131.79178,56.75827,976.4067],[131.78868,56.76382,923.2696],[131.78558,56.77116,609.8394],[131.78682,56.7848,895.8762],[131.78341,56.79204,755.5613],[131.77762,56.79731,607.2615],[131.76977,56.80044,570.3182],[131.76325,56.80392,537.1815],[131.7586,56.80945,822.9188],[131.75654,56.817,1023.2533],[131.7584,56.830329999999996,820.1984],[131.75602,56.83777,873.9941],[131.75106,56.84291,1026.7009],[131.74145,56.84462,1026.0524],[131.72243,56.84586,835.322],[131.71447,56.84824,927.463],[131.71003,56.85224,717.6638],[131.70724,56.85694,645.3229],[131.70507,56.86196,594.2201],[131.70145,56.8664,606.2449],[131.69473,56.86984,648.8256],[131.66404,56.87482,872.6107],[131.6569,56.87767,1000.3754],[131.65339,56.88201,970.1785],[131.65101,56.88694,890.3867],[131.64698,56.90697,538.5782],[131.64347,56.91239,522.6051],[131.63685,56.91647,730.772],[131.60802,56.92386,960.2526],[131.60357,56.92857,909.3823],[131.6014,56.93451,999.5939],[131.59985,56.94242,937.4299],[131.59655,56.94795,803.7587],[131.59148,56.95229,651.7683],[131.58414,56.95448,559.4902],[131.57577,56.95448,521.0129],[131.5612,56.95022,518.7803],[131.55407,56.94965,572.4088],[131.5488,56.95208,637.2314],[131.54415,56.95585,806.8585],[131.54105,56.9605,899.6149],[131.52658,56.9752,871.4321],[131.52358,56.98396,642.9163],[131.51986,56.9897,685.6096],[131.51335,56.99249,640.6696],[131.49195,56.99678,930.6557],[131.48751,57.0004,990.5901],[131.48575,57.00427,953.3354],[131.48503,57.01314,835.469],[131.48317,57.01833,669.6554],[131.47821,57.02293,502.7379],[131.47149,57.02618,646.6173],[131.45351,57.03207,961.3497],[131.44482,57.0358,921.3975],[131.43904,57.04223,922.7412],[131.43924,57.04846,959.6293],[131.44234,57.05406,979.2598],[131.44834,57.05791,942.6013],[131.45671,57.05985,872.4009],[131.47759,57.06241,417.0302],[131.48565,57.06706,544.7626],[131.48668,57.07197,548.7321],[131.48224,57.076,495.196],[131.47428,57.0792,381.4703],[131.32597,57.12339,680.472],[131.31739,57.12478,820.8549],[131.30933,57.12432,877.9797],[131.3022,57.12587,840.0588],[131.29672,57.13114,584.7727],[131.29538,57.14354,850.5872],[131.29352,57.15129,640.7813],[131.28959,57.15734,749.4008],[131.28328,57.16096,679.8761],[131.27533,57.16375,620.3818],[131.26561,57.16535,572.8128],[131.25569,57.16563,454.4312],[131.24649,57.16442,404.3398],[131.23905,57.16183,450.0233],[131.23295,57.15773,485.7531],[131.2282,57.15279,675.0841],[131.22448,57.14705,872.1646],[131.21528,57.13687,640.1066],[131.20928,57.13297,531.907],[131.20195,57.13052,571.3004],[131.19275,57.13073,699.2333],[131.18489,57.13398,694.0518],[131.17931,57.13729,600.7776],[131.17197,57.15129,383.8632],[131.16856,57.1686,747.5546],[131.15234,57.18899,576.8559],[131.12805,57.21111,361.8781],[131.10913,57.22429,348.8243],[131.10169,57.23093,346.4716],[131.10469,57.2341,330.7537],[131.11255,57.2347,316.0698],[131.14613,57.23087,303.4725],[131.15668,57.23082,311.987],[131.16629,57.23165,531.6569],[131.18334,57.23547,756.6339],[131.19213,57.24302,734.7074],[131.20215,57.25449,440.2151],[131.21807,57.28048,298.7704],[131.22923,57.29221,299.0612],[131.24039,57.30084,296.6409],[131.25062,57.30425,290.9325],[131.26065,57.30477,295.7346],[131.27274,57.30146,458.2191],[131.28432,57.29635,607.6536],[131.29455,57.29059,424.0604],[131.30189,57.28451,693.0356],[131.31171,57.27196,656.4709],[131.32359,57.25976,512.0905],[131.33341,57.25454,779.8337],[131.3453,57.25072,931.6497],[131.35759,57.24881,664.5203],[131.38168,57.24963,614.9619],[131.40524,57.25253,810.2098],[131.42943,57.2533,713.7882],[131.44152,57.25253,547.7352],[131.47955,57.24421,718.5411],[131.49836,57.24379,891.8671],[131.50591,57.24581,834.9033],[131.50859,57.25108,676.5735],[131.50332,57.26674,302.8356],[131.50332,57.27268,319.6068],[131.50487,57.27857,317.1974],[131.51025,57.28446,390.4001],[131.51883,57.28617,367.7268],[131.52885,57.2855,314.8452],[131.53929,57.28348,311.9091],[131.55231,57.28214,316.5397],[131.56719,57.28234,408.2522],[131.58735,57.2857,697.853],[131.59582,57.29059,872.6599],[131.59861,57.29583,951.7287],[131.59086,57.3103,1018.3577],[131.5827,57.33035,808.0416],[131.5674,57.35386,854.1188],[131.56564,57.35903,932.9839],[131.56523,57.36461,954.7376],[131.56616,57.37639,937.0479],[131.56812,57.38844,933.9232],[131.57143,57.39965,889.0771],[131.58538,57.42559,896.0168],[131.59551,57.4367,925.0441],[131.61732,57.45257,940.2126],[131.6476,57.46667,1154.1365],[131.67075,57.47427,1229.3679],[131.72936,57.50034,1292.522],[131.7306,57.50158,1328.6221],[131.73587,57.50925,1370.5974],[131.737,57.51458,1345.8978],[131.73514,57.51938,1307.7396],[131.73018,57.52341,1224.4514],[131.69163,57.53398,1363.0361],[131.68471,57.53732,1275.2365],[131.68233,57.5429,1350.9893],[131.68533,57.55008,1436.3965],[131.69308,57.56052,1451.4797],[131.70207,57.56496,1520.9185],[131.71323,57.56584,1633.8579],[131.72408,57.56439,1656.2881],[131.74227,57.55917,1693.0002],[131.75468,57.55899,1296.8302],[131.77008,57.56168,1371.8503],[131.81689,57.58243,1307.7228],[131.8324,57.58762,1288.4763],[131.84966,57.59106,1245.6842],[131.86898,57.59302,1164.0907],[131.89028,57.59297,899.4488],[131.95839,57.58341,878.6827],[131.97048,57.58295,796.6013],[131.97471,57.58584,941.8148],[131.97378,57.58961,950.8538],[131.97037,57.59416,1066.759],[131.96273,57.60873,1259.146],[131.96118,57.61455,1253.9995],[131.96118,57.62046,1231.5027],[131.96448,57.62796,1204.9768],[131.97161,57.63137,1194.318],[131.98092,57.63297,1190.0597],[131.99022,57.63341,1180.8164],[132.00138,57.63524,1168.7871],[132.03549,57.64757,1272.4857],[132.04396,57.65452,1303.1335],[132.04748,57.66108,1352.1846],[132.04406,57.67162,1697.767],[132.04303,57.67666,1618.7234],[132.04127,57.6817,1536.5228],[132.03828,57.68643,1300.0669],[132.03476,57.69095,1234.1675],[132.00169,57.72433,1288.8431],[131.96676,57.74901,994.5569],[131.95187,57.75539,906.9668],[131.92573,57.76376,836.2863],[131.91818,57.76702,856.1603],[131.9125,57.77084,783.3716],[131.9094,57.77562,875.8116],[131.90733,57.78061,961.2073],[131.90599,57.78598,987.0866],[131.90102,57.79575,975.0815],[131.89307,57.80459,1000.5746],[131.888,57.80862,1035.2454],[131.84759,57.82417,946.5799],[131.83664,57.83208,887.4479],[131.82981,57.83544,981.7549],[131.82082,57.83781,992.8135],[131.79922,57.83954,875.4222],[131.77845,57.8389,784.5209],[131.76832,57.83952,827.924],[131.75995,57.8419,966.0493],[131.75571,57.84619,935.3076],[131.75685,57.85308,967.9139],[131.79529,57.88737,902.9562],[131.80294,57.8975,943.2745],[131.80604,57.90554,928.4679],[131.8048,57.91088,964.722],[131.80243,57.91585,968.2301],[131.7987,57.92039,976.1339],[131.79312,57.92391,980.8277],[131.78506,57.92592,957.1703],[131.75633,57.92479,928.2927],[131.74599,57.92603,874.4242],[131.7368,57.9284,839.6837],[131.6104,57.99538,945.5789],[131.60461,57.99951,936.7737],[131.60388,58.00096,893.2167],[131.60554,58.0085,956.175],[131.61143,58.01196,1015.681],[131.63003,58.01522,968.9324],[131.6384,58.01785,939.5414],[131.64523,58.02313,958.5748],[131.64605,58.02845,988.4931],[131.64461,58.03362,1008.3417],[131.63799,58.0486,1069.1921],[131.63623,58.05382,1077.4216],[131.63313,58.05894,1071.6774],[131.6291,58.06317,1055.5225],[131.62259,58.06643,1003.2983],[131.55169,58.08007,808.6833],[131.54518,58.08369,736.6679],[131.54074,58.08788,800.6047],[131.53774,58.09255,823.7247],[131.53247,58.10235,941.3055],[131.52224,58.11619,1044.4402],[131.51273,58.12449,954.6199],[131.50177,58.13087,1024.8586],[131.47645,58.1411,859.7056],[131.46911,58.14544,857.1959],[131.46436,58.1509,938.9105],[131.46374,58.15991,1137.8671],[131.4687,58.16467,1113.6447],[131.47686,58.16751,1077.4303],[131.49557,58.16818,1059.7864],[131.50808,58.17004,1051.9376],[131.53154,58.17673,968.9378],[131.54043,58.1781,1037.7805],[131.55045,58.17764,1066.1249],[131.58911,58.16927,1038.9131],[131.59892,58.1688,1008.1577],[131.63551,58.17376,972.0337],[131.64543,58.1741,941.8496],[131.67727,58.17076,952.7765],[131.70476,58.17392,943.7611],[131.71447,58.17257,888.9418],[131.72088,58.16947,848.7523],[131.7246,58.1649,846.1836],[131.7306,58.14927,825.7683],[131.7337,58.14451,784.0958],[131.73742,58.14002,776.408],[131.74258,58.13604,774.0415],[131.7493,58.13242,765.5909],[131.75726,58.12932,833.4072],[131.76667,58.12689,857.8181],[131.777,58.12526,853.8772],[131.81689,58.12736,843.666],[131.82744,58.12663,838.58],[131.84635,58.12211,773.5169],[131.87477,58.10849,833.9368],[131.92149,58.07808,806.5761],[131.95518,58.06643,915.4845],[131.96944,58.05956,865.2535],[131.98681,58.04819,948.2678],[131.9957,58.04059,953.7365],[131.99973,58.0379,941.5764],[132.03931,58.01961,938.6837],[132.04748,58.01703,917.7858],[132.05729,58.01599,867.1635],[132.0697,58.0194,885.1964],[132.07848,58.02506,886.3507],[132.08861,58.03439,853.3884],[132.11982,58.04648,868.8308],[132.13295,58.05527,902.9304],[132.13512,58.06126,946.272],[132.13295,58.06638,973.7519],[132.12706,58.07018,962.941],[132.1131,58.07708,949.1097],[132.02174,58.09847,816.4],[132.01389,58.10157,848.3335],[132.00882,58.10669,823.908],[132.00851,58.11454,824.4578],[132.01316,58.12736,875.8159],[132.02463,58.14084,983.9948],[132.0298,58.14958,967.5769],[132.03156,58.15609,893.9556],[132.0298,58.16115,885.2463],[132.01833,58.17547,835.4529],[132.01626,58.18141,863.6615],[132.01719,58.1904,821.1489],[132.02246,58.19536,868.5447],[132.02918,58.19934,853.3776],[132.04489,58.20461,741.4783],[132.05182,58.20787,719.4173],[132.09326,58.24288,687.4267],[132.10194,58.24831,749.4492],[132.10938,58.25097,716.549],[132.11796,58.2519,668.0587],[132.12706,58.25066,617.216],[132.1345,58.24776,596.7118],[132.15972,58.23309,602.7331],[132.16788,58.23102,623.5383],[132.1778,58.23117,593.6091],[132.1901,58.23676,604.7644],[132.19475,58.24254,537.5786],[132.19599,58.24843,574.0374],[132.19579,58.27122,708.6707],[132.20281,58.29487,721.739],[132.20343,58.30166,690.7265],[132.20343,58.30797,648.7427],[132.20292,58.31344,615.035],[132.20292,58.31985,594.8607],[132.20436,58.32714,604.4172],[132.2086,58.33737,639.6374],[132.20953,58.3446,684.214],[132.20685,58.35003,667.9424],[132.20219,58.35422,667.4915],[132.19052,58.36186,676.7392],[132.18576,58.3661,698.7866],[132.18204,58.3706,701.0071],[132.17181,58.39008,619.7407],[132.16995,58.39525,588.9971],[132.1685,58.40041,623.8383],[132.16757,58.41155,646.0709],[132.16788,58.42295,649.892],[132.16974,58.43504,681.3052],[132.17005,58.44083,684.8278],[132.1685,58.44594,637.4551],[132.16096,58.45499,606.6058],[132.12881,58.47886,666.4585],[132.12509,58.4831,649.6938],[132.12416,58.48684,662.0762],[132.12861,58.48935,684.7487],[132.21697,58.48777,652.6414],[132.26142,58.49612,612.2973],[132.2703,58.49695,627.3687],[132.27919,58.49576,572.3652],[132.28612,58.49294,552.1163],[132.29935,58.48609,522.3068],[132.30875,58.48387,547.8389],[132.38048,58.47442,593.0043],[132.39319,58.47426,586.5752],[132.40497,58.47602,690.3391],[132.41696,58.48196,703.98],[132.41893,58.48692,695.5033],[132.4152,58.49124,667.1884],[132.38286,58.50413,687.3453],[132.37738,58.50816,650.8109],[132.37211,58.51284,644.0665],[132.36911,58.51922,661.8099],[132.3719,58.5239,633.04],[132.39815,58.53591,647.577],[132.40435,58.54216,687.5007],[132.40962,58.54914,628.6575],[132.41427,58.55782,576.0649],[132.452,58.59296,580.5957],[132.4643,58.60102,561.259],[132.47794,58.6079,544.8582],[132.54367,58.62841,616.9943],[132.56424,58.63994,541.5676],[132.56682,58.64562,453.6608],[132.56455,58.65043,490.1121],[132.55659,58.65353,519.7579],[132.54688,58.65616,565.4153],[132.54047,58.66226,535.0499],[132.53861,58.67172,487.5974],[132.56713,58.72634,466.8068],[132.57168,58.74474,436.0511],[132.57199,58.7506,435.881],[132.57116,58.75595,436.8561],[132.56837,58.76075,436.5382],[132.56455,58.7652,446.2807],[132.55866,58.76897,458.4775],[132.55153,58.77238,465.256],[132.52569,58.78106,480.1479],[132.52135,58.78489,487.0923],[132.52476,58.79075,469.3683],[132.53148,58.79801,490.1297],[132.54419,58.80956,515.162],[132.55122,58.81768,542.7339],[132.59928,58.89103,602.2656],[132.68661,58.89413,631.228],[132.7111,58.88731,603.2027],[132.72247,58.88188,582.7341],[132.75255,58.87537,485.4299],[132.77353,58.87429,530.4638],[132.79947,58.87615,509.1932],[132.80795,58.88018,561.467],[132.81063,58.88498,580.2423],[132.80981,58.89026,589.193],[132.81105,58.91323,548.9256],[132.81528,58.92586,581.3322],[132.81838,58.93232,634.5518],[132.8219,58.93844,624.1284],[132.82676,58.94364,648.068],[132.8683,58.97728,565.7333],[132.87326,58.98333,652.1143],[132.87068,58.98694,649.1557],[132.84588,58.99469,651.0485],[132.81942,59.0094,604.9361],[132.8159,59.01423,559.7459],[132.81539,59.01996,555.3969],[132.81973,59.0273,488.7901],[132.82769,59.03242,445.9324],[132.85239,59.04265,425.6393],[132.86014,59.04818,418.2541],[132.86396,59.05412,407.345],[132.86448,59.0597,403.7718],[132.86169,59.06448,402.1522],[132.84288,59.08141,417.2951],[132.8375,59.08544,433.5636],[132.83378,59.09035,447.494],[132.83296,59.09598,413.027],[132.83637,59.10332,412.6117],[132.84319,59.10709,405.692],[132.85177,59.10885,401.3416],[132.86117,59.10797,396.9578],[132.90313,59.09329,416.3768],[132.91275,59.09097,398.7254],[132.9236,59.0903,418.2818],[132.936,59.0928,452.5444],[132.94406,59.09681,438.8642],[133.02023,59.15737,534.4051],[133.03294,59.16515,538.6345],[133.07894,59.17964,497.0186],[133.087,59.18489,513.7889],[133.10353,59.20021,570.5453],[133.11397,59.20357,543.5303],[133.12576,59.2044,555.9453],[133.16803,59.19592,626.7106],[133.17888,59.1953,570.7598],[133.19159,59.19742,492.3354],[133.19872,59.20171,511.2764],[133.20368,59.20827,527.7876],[133.20833,59.21571,518.1301],[133.21753,59.22538,655.9917],[133.22601,59.22915,726.965],[133.23438,59.22879,662.3185],[133.24017,59.22548,619.5127],[133.24523,59.22166,653.6487],[133.25133,59.21871,696.6839],[133.26001,59.21814,663.1759],[133.29195,59.21918,653.9105],[133.30652,59.22148,605.2825],[133.3245,59.22615,583.7605],[133.34517,59.23638,595.0689],[133.38424,59.24016,580.5165],[133.39055,59.24362,545.1722],[133.39861,59.25664,544.5895],[133.40977,59.26687,533.264],[133.41917,59.27204,588.9976],[133.42899,59.27563,578.5845],[133.43829,59.27716,543.9732],[133.47953,59.27979,535.2259],[133.5433,59.2939,536.4098],[133.5586,59.29406,565.7147],[133.57017,59.2924,579.0858],[133.58681,59.2863,554.7076],[133.59766,59.28416,517.5497],[133.60397,59.28088,607.2165],[133.60542,59.27587,538.4279],[133.60242,59.26377,551.7153],[133.6017,59.25225,590.8455],[133.6018,59.24669,622.3509],[133.60304,59.2415,603.5128],[133.60728,59.23716,566.0807],[133.61492,59.23406,571.9328],[133.62516,59.23215,641.4706],[133.76665,59.22274,588.8536],[133.80096,59.22458,534.145],[133.8763,59.24579,531.5038],[133.89129,59.247,556.0022],[133.93635,59.24625,570.388],[134.04653,59.256,684.5635],[134.09314,59.24964,621.4592],[134.16993,59.22781,704.9475],[134.21861,59.20874,632.83],[134.23701,59.20393,563.4364],[134.28744,59.19701,526.8069],[134.38294,59.19747,647.5354],[134.3909,59.19484,679.7632],[134.39679,59.19127,624.6476],[134.4063,59.18285,566.3818],[134.41033,59.17838,586.9294],[134.41498,59.17422,626.4775],[134.42056,59.17026,710.0169],[134.428,59.16685,664.5962],[134.43668,59.16399,651.1169],[134.49208,59.15422,625.4203],[134.51254,59.14812,659.2856],[134.52205,59.14745,576.2777],[134.52794,59.15091,577.9767],[134.53166,59.15608,604.2972],[134.53704,59.16843,539.9037],[134.54386,59.17476,528.1866],[134.55471,59.18104,510.1178],[134.57817,59.18802,511.3226],[134.59399,59.1905,593.0912],[134.66117,59.19298,642.4133],[134.67719,59.1953,524.3248],[134.68897,59.1984,516.7872],[134.71563,59.21042,634.9749],[134.72493,59.21135,635.4858],[134.73248,59.20941,543.9259],[134.74654,59.20279,427.3514],[134.75522,59.20011,458.2361],[134.76504,59.19851,445.3284],[134.77444,59.19597,410.7968],[134.7793,59.1921,427.018],[134.77909,59.18703,446.4228],[134.77537,59.18179,401.7493],[134.75852,59.16771,512.8739],[134.75356,59.16269,554.9153],[134.75057,59.15758,649.5475],[134.7517,59.15262,687.8362],[134.7579,59.14926,659.8259],[134.76752,59.14704,595.6973],[134.80059,59.1444,645.0915],[134.8195,59.13931,603.7832],[134.84286,59.12962,609.9774],[134.85454,59.12704,588.2627],[134.86467,59.12843,524.954],[134.92017,59.14915,660.0275],[134.93247,59.15122,606.0122],[134.94425,59.15205,541.4158],[134.9551,59.15112,532.021],[135.00657,59.14187,513.0029],[135.05763,59.1398,520.4266],[135.07024,59.13711,566.6658],[135.07602,59.13314,551.9224],[135.08946,59.12032,551.3978],[135.10217,59.1167,553.3968],[135.12233,59.11443,509.7861],[135.18692,59.11624,542.9608],[135.20201,59.11892,519.0035],[135.20914,59.12233,488.8242],[135.21483,59.12693,470.7037],[135.21999,59.1321,395.9125],[135.22372,59.1381,379.3348],[135.2264,59.14388,395.2118],[135.22651,59.14869,249.6169],[135.22568,59.15598,203.2329],[135.22599,59.1606,206.4146],[135.2294,59.16577,216.0012],[135.23622,59.16972,189.8574],[135.2664,59.18001,197.9543],[135.27384,59.18409,194.8608],[135.2786,59.18876,190.5],[135.28128,59.1938,205.0668],[135.28077,59.19882,209.6444],[135.27674,59.20308,211.9203],[135.26423,59.2106,218.4303],[135.26051,59.21499,222.9308],[135.2602,59.22011,236.5637],[135.2633,59.22564,201.0813],[135.26774,59.23117,204.2238],[135.29544,59.256,212.649],[135.30237,59.26036,207.9756],[135.31322,59.26475,205.1062],[135.32056,59.26946,213.1654],[135.32583,59.27532,209.0522],[135.33306,59.28726,214.4665],[135.34236,59.29798,206.6415],[135.34578,59.30331,200.5],[135.3464,59.30863,213.0952],[135.34516,59.31359,216.2498],[135.34609,59.31855,217.7488],[135.35559,59.32454,212.6907],[135.37192,59.33292,214.6176],[135.37823,59.33708,215.1918],[135.38381,59.34196,219.346],[135.41037,59.37736,226.5584],[135.41564,59.38247,228.2816],[135.42174,59.38692,219.5111],[135.52106,59.43715,217.2359],[135.57015,59.45213,215.6079],[135.57708,59.45575,224.5474],[135.58359,59.46004,217.2695],[135.58917,59.46495,215.5],[135.59858,59.47621,236.7811],[135.60281,59.48236,239.4751],[135.60964,59.48893,241.3409],[135.61894,59.49549,227.7849],[135.63713,59.50309,298.4207],[135.65356,59.50621,271.7464],[135.69562,59.50978,221.5933],[135.70896,59.51265,243.4445],[135.75722,59.5288,292.9982],[135.79102,59.5343,324.0255],[135.8151,59.53476,438.8322],[135.83877,59.53283,277.0228],[135.85034,59.53073,411.4351],[135.86781,59.52464,251.5098],[135.88207,59.51761,243.0769],[135.89417,59.50996,227.8201],[135.90615,59.49993,235.6683],[135.91184,59.49249,237.4848],[135.92073,59.48898,236.7878],[135.93561,59.48647,237.4135],[135.99907,59.48624,242.0315],[136.00527,59.48448,242.7497],[136.01674,59.47756,249.7996],[136.0217,59.47337,244.0112],[136.05343,59.43803,260.8453],[136.06501,59.43022,261.5594],[136.07545,59.42738,242.1653],[136.08992,59.42588,251.8526],[136.13363,59.42836,248.46],[136.14841,59.42785,248.4716],[136.16888,59.42304,302.9558],[136.18789,59.41658,246.7814],[136.2004,59.41374,246.8743],[136.21869,59.41126,253.5745],[136.23027,59.41224,261.4666],[136.23947,59.41503,250.6873],[136.26758,59.42746,253.4881],[136.28742,59.43312,313.7482],[136.30086,59.43472,350.9899],[136.31254,59.43369,326.5292],[136.31936,59.43058,325.0162],[136.32422,59.42681,285.4053],[136.34158,59.40438,255.3206],[136.34664,59.4003,257.9499],[136.35429,59.39689,265.6616],[136.3638,59.39415,259.5232],[136.37496,59.39263,254.9569],[136.44597,59.39606,269.3365],[136.45806,59.39498,262.0157],[136.48896,59.3879,259.7682],[136.50136,59.38351,263.9124],[136.53495,59.38087,271.035],[136.59976,59.38263,265.8376],[136.61588,59.38134,269.8044],[136.62363,59.37834,272.0731],[136.62942,59.37457,273.7058],[136.63407,59.37033,279.0467],[136.6381,59.36594,275.8319],[136.6413,59.36129,272.344],[136.64864,59.35715,276.9546],[136.66011,59.3539,275.4755],[136.75871,59.35465,281.7714],[136.77463,59.35684,280.9245],[136.78579,59.3603,339.7948],[136.7923,59.36459,323.2257],[136.81287,59.38614,281.6615],[136.81907,59.39059,294.9977],[136.82682,59.39467,302.1521],[136.83592,59.39803,306.7584],[136.96407,59.42831,293.9242],[136.97947,59.43027,288.1357],[136.9927,59.43015,293.0605],[137.0327,59.42552,293.8959],[137.04448,59.42699,287.3774],[137.05378,59.43033,288.3494],[137.06887,59.43865,298.4089],[137.0974,59.45079,290.5],[137.18246,59.44557,381.7302],[137.2084,59.4525,310.9615],[137.2177,59.46433,305.4545],[137.23827,59.47911,309.0541],[137.28871,59.49962,302.9023],[137.29201,59.50148,302.0],[137.30193,59.50846,304.1311],[137.32354,59.53218,304.5],[137.33284,59.5389,318.4208],[137.34896,59.54856,312.2552],[137.36198,59.55177,311.6858],[137.37439,59.55332,329.8552],[137.42296,59.54869,316.7948],[137.43691,59.54887,315.935],[137.45552,59.55115,319.9273],[137.46575,59.55525,321.1792],[137.47288,59.56053,332.7137],[137.4765,59.56603,379.2393],[137.47774,59.57158,462.4188],[137.47681,59.57667,480.1158],[137.47433,59.58148,534.1345],[137.47061,59.58592,346.0745],[137.45676,59.59879,322.0667],[137.45014,59.60799,319.627],[137.44529,59.6176,327.6049],[137.44239,59.62773,321.9674],[137.44704,59.63605,323.9974],[137.45831,59.64726,325.7122],[137.57706,59.72266,336.7682],[137.59907,59.73341,336.6386],[137.61571,59.73976,338.4287],[137.83338,59.76077,378.1137],[137.84443,59.76002,356.6054],[137.8556,59.75814,362.1505],[137.8804,59.7486,347.0733],[137.88939,59.74633,350.8016],[137.89952,59.7455,354.494],[137.94872,59.75253,358.2676],[137.96081,59.75643,375.4124],[137.96897,59.76147,369.3589],[137.97228,59.76689,352.697],[137.97414,59.77261,351.0],[137.97538,59.77894,367.133],[137.97817,59.7855,373.083],[137.98592,59.79397,377.1357],[137.99388,59.79692,392.6546],[137.99988,59.79702,417.5945],[138.00535,59.7949,449.9778],[138.01135,59.79165,468.6747],[138.02034,59.78335,554.8862],[138.03047,59.76958,683.6097],[138.04132,59.75067,789.9855],[138.04349,59.74584,597.5308],[138.04442,59.74057,603.5516],[138.04391,59.73501,548.662],[138.04266,59.72917,801.4279],[138.03646,59.71682,626.7394],[138.0284,59.70462,709.8066],[138.02561,59.69868,856.1913],[138.02592,59.69341,939.2942],[138.02902,59.68889,872.4223],[138.03491,59.68576,811.1745],[138.04318,59.68457,691.4584],[138.08287,59.68674,500.9316],[138.17372,59.67982,597.1279],[138.18426,59.68191,719.5942],[138.21991,59.69966,493.943],[138.25299,59.71253,382.7576],[138.26694,59.72062,375.8019],[138.27345,59.72734,373.6287],[138.27066,59.73196,383.2872],[138.26467,59.73584,386.2757],[138.25547,59.73899,392.4625],[138.2195,59.74576,478.1356],[138.20937,59.7486,502.1459],[138.20193,59.75289,431.7949],[138.19614,59.7594,413.2458],[138.19304,59.76498,476.917],[138.1917,59.77067,766.2655],[138.19614,59.80973,760.0822],[138.19397,59.81464,814.4322],[138.18984,59.81898,903.9633],[138.18343,59.82281,869.6487],[138.17785,59.82679,962.2308],[138.17382,59.83123,824.2955],[138.17372,59.83671,791.9087],[138.1762,59.84286,791.804],[138.18302,59.85542,799.8213],[138.18839,59.87846,1032.5428],[138.19077,59.88446,1022.7599],[138.19759,59.89671,895.1341],[138.2257,59.91712,815.5049],[138.2626,59.93831,985.2212],[138.2718,59.94833,940.1305],[138.27314,59.95541,871.6934],[138.26704,59.95931,953.17],[138.24896,59.97649,1021.9626],[138.24524,59.98115,783.1005],[138.24276,59.98621,850.0747],[138.24028,59.99567,1019.2838],[138.23966,60.00021,952.2174],[138.23356,60.0167,1097.8524],[138.23283,60.02192,962.6519],[138.23294,60.02734,909.3764],[138.23407,60.03308,1024.7363],[138.23573,60.03892,995.2874],[138.23914,60.04512,1040.4802],[138.2534,60.06429,941.6137],[138.25836,60.07225,929.9083],[138.2564,60.07768,1033.2224],[138.25278,60.08248,953.114],[138.24782,60.08672,1038.6421],[138.20958,60.10951,1025.3839],[138.20534,60.11385,894.7314],[138.20317,60.11871,1064.9744],[138.20255,60.12398,1039.1934],[138.20328,60.12961,848.0777],[138.20545,60.13561,1016.3859],[138.20844,60.14165,900.8269],[138.23314,60.17111,994.5452],[138.23728,60.17953,957.1505],[138.23717,60.18604,1069.144],[138.23345,60.19059,1001.1766],[138.22384,60.19896,914.7639],[138.2196,60.20341,867.3106],[138.21309,60.2126,856.0123],[138.20534,60.22152,978.4861],[138.20255,60.22619,1053.3666],[138.20048,60.23126,1137.7988],[138.20069,60.23669,1070.583],[138.20172,60.24242,1172.4766],[138.20576,60.24991,1211.6229],[138.21227,60.25857,1088.8336],[138.22446,60.27121,1094.6007],[138.24152,60.28389,1298.2043],[138.27087,60.29839,1135.4102],[138.28916,60.30516,1110.4325],[138.31521,60.31808,1336.347],[138.31862,60.32389,1244.3529],[138.31686,60.32882,1352.6919],[138.30901,60.33709,1115.3578],[138.30714,60.3418,1097.6342],[138.30714,60.34707,1325.0442],[138.30973,60.35316,1267.6583],[138.32575,60.37895,1165.2208],[138.32813,60.38494,1035.6488],[138.32906,60.39063,1146.8759],[138.32885,60.39595,1134.4764],[138.32792,60.40122,1064.3981],[138.32658,60.40629,1058.9879],[138.31428,60.43047,1151.7539],[138.31025,60.43481,1136.8298],[138.30477,60.43895,1336.9706],[138.29722,60.44236,1122.5303],[138.27872,60.44866,993.184],[138.27283,60.453,881.0647],[138.2718,60.45853,1040.838],[138.27428,60.46592,1129.4821],[138.27376,60.4713,962.7396],[138.26911,60.47561,1175.0156],[138.25185,60.48189,1030.4644],[138.24534,60.4862,968.8549],[138.24276,60.49269,1116.7123],[138.24658,60.4976,851.5765],[138.25361,60.50117,868.7],[138.29733,60.51253,1141.2324],[138.30663,60.51636,1082.8832],[138.32854,60.52954,1578.1682],[138.33412,60.53662,1481.1521],[138.33412,60.54338,1571.4181],[138.32875,60.55067,1311.9884],[138.32048,60.55925,1623.6384],[138.31345,60.56845,1677.0491],[138.3118,60.58111,1399.6392],[138.31552,60.58777,1246.8245],[138.32327,60.59214,1572.7883],[138.33257,60.59408,1791.1084],[138.35613,60.5948,1208.7678],[138.3706,60.59677,1187.1893],[138.38518,60.60087,1323.3979],[138.4044,60.61139,1652.9507],[138.41246,60.61888,1545.3539],[138.41587,60.62622,1516.358],[138.41701,60.63444,1837.3108],[138.41928,60.64444,1490.9241],[138.43417,60.67198,1511.2679],[138.43747,60.68038,1197.5875],[138.43747,60.68645,1257.9347],[138.43623,60.69237,1484.5837],[138.43355,60.69774,1552.9011],[138.42889,60.70232,1821.72],[138.4229,60.70617,1838.2054],[138.41587,60.70963,1924.4385],[138.39944,60.71536,1795.8037],[138.37071,60.72244,1546.907],[138.36358,60.72565,1657.0704],[138.35882,60.72983,1856.1709],[138.35665,60.73469,1897.5776],[138.35324,60.73955,1732.642],[138.34735,60.74348,1606.4368],[138.33784,60.7458,1474.1104],[138.29257,60.75205,1447.8213],[138.2843,60.75484,1362.8536],[138.27986,60.75898,1306.8623],[138.27965,60.7643,1348.2373],[138.28368,60.77577,1307.8706],[138.2843,60.78156,1393.1448],[138.28234,60.78688,1420.057],[138.278,60.79148,1442.3773],[138.25268,60.80662,1366.8973],[138.24751,60.81081,1253.4615],[138.24369,60.81562,1196.4611],[138.24069,60.82078,916.3709],[138.23842,60.83293,1220.4838],[138.23624,60.83861,1123.2052],[138.23097,60.8428,1137.9708],[138.20793,60.85231,1168.8011],[138.20297,60.8568,1181.3411],[138.19924,60.8682,1096.9976],[138.19583,60.87318,1187.1705],[138.18612,60.883,1071.3324],[138.18281,60.88941,1018.4705],[138.1856,60.89497,962.252],[138.19108,60.90042,937.1465],[138.19914,60.90672,1093.7531],[138.2039,60.91256,1156.225],[138.20689,60.91845,1037.6896],[138.20689,60.92419,884.6504],[138.2039,60.93633,889.4291],[138.20359,60.94321,1048.853],[138.20534,60.95178,887.6512],[138.20937,60.95778,928.9372],[138.21485,60.96258,1123.2241],[138.22136,60.9663,1047.6201],[138.22922,60.9693,949.3964],[138.24865,60.97344,711.8589],[138.29826,60.97581,790.0082],[138.31118,60.97814,575.7374],[138.32296,60.98279,589.0342],[138.33743,60.99191,673.7219],[138.3458,61.0001,997.8189],[138.34611,61.00144,1006.6351],[138.34828,61.02181,1302.6674],[138.34828,61.02837,1310.7832],[138.34642,61.03405,1216.1355],[138.34311,61.03922,1259.7579],[138.33722,61.04315,1552.6449],[138.32234,61.04992,1437.9845],[138.31583,61.05366,1435.4548],[138.31097,61.05803,1731.3157],[138.30839,61.06333,1460.8019],[138.30776,61.06924,1450.8646],[138.30839,61.07534,1627.6414],[138.30839,61.08175,1921.0975],[138.30663,61.08743,1614.1353],[138.30404,61.09286,1405.2581],[138.29516,61.10216,1701.2729],[138.29206,61.1065,1691.1115],[138.29164,61.10997,1508.6365],[138.29733,61.11121,1674.5334],[138.38332,61.09953,1729.4465],[138.3951,61.10025,1974.1234],[138.40502,61.10283,1815.9329],[138.4137,61.10658,1733.4579],[138.44336,61.12505,1495.1039],[138.46538,61.13508,1780.6112],[138.47458,61.13751,1703.9799],[138.48512,61.13901,1896.7428],[138.55064,61.1388,1591.5698],[138.56129,61.14025,1633.0248],[138.57059,61.14252,1695.0828],[138.63395,61.17404,1346.0502],[138.65007,61.17983,1147.6572],[138.69162,61.18857,1807.5079],[138.70299,61.19309,1971.8936],[138.7065,61.19875,1790.9944],[138.70609,61.20415,1991.0059],[138.69989,61.20805,2009.1093],[138.69058,61.21063,1762.6425],[138.66526,61.2127,1472.7637],[138.6542,61.21487,1282.551],[138.64707,61.21926,1198.713],[138.64945,61.22918,1335.7623],[138.64955,61.24376,1146.6881],[138.64759,61.24934,1157.2313],[138.64459,61.25461,1266.5072],[138.64232,61.2606,1226.4829],[138.64366,61.26928,1278.0001],[138.65079,61.28194,1169.9631],[138.68139,61.31125,1074.5493],[138.71901,61.33708,1123.3489],[138.72614,61.34055,1272.5536],[138.73461,61.34308,1223.3541],[138.74515,61.3437,1244.5779],[138.75291,61.34111,1144.9895],[138.75466,61.33558,1192.7261],[138.74732,61.32458,1142.8615],[138.74515,61.31742,1215.2122],[138.74815,61.31264,1147.4281],[138.75601,61.31135,1233.9263],[138.76551,61.31233,1544.0078],[138.83135,61.33546,1445.0044],[138.84034,61.33724,1391.198],[138.86236,61.33651,1076.131],[138.87393,61.33507,1034.8412],[138.88344,61.33264,1074.2128],[138.88964,61.32882,1114.8448],[138.89388,61.32401,1177.8037],[138.89987,61.32008,1388.9359],[138.90856,61.31786,1475.335],[138.92003,61.31745,1231.6447],[138.9407,61.32112,1011.5118],[138.95331,61.32747,1067.6982],[138.96664,61.33595,1174.6483],[139.01129,61.37238,1118.5671],[139.02545,61.37946,1132.9214],[139.04653,61.38669,1179.9333],[139.05976,61.3932,1152.582],[139.0642,61.39899,1204.8776],[139.06286,61.40406,1274.1277],[139.05191,61.41274,1239.6718],[139.04746,61.4176,1337.5739],[139.04622,61.42436,1334.0391],[139.05056,61.42896,1483.4296],[139.05707,61.43289,1599.3998],[139.07165,61.43966,1189.1367],[139.09769,61.44757,1256.9333],[139.10823,61.44912,1149.2335],[139.12012,61.44943,1231.3611],[139.24735,61.43305,1333.4633],[139.25954,61.43346,1493.6266],[139.27029,61.43475,1490.0002],[139.30533,61.44504,1562.3669],[139.34295,61.46131,1412.8037],[139.37178,61.46937,1261.3621],[139.38294,61.47397,1284.543],[139.38791,61.47914,1413.1389],[139.39287,61.48534,1317.7472],[139.40062,61.4887,1130.4323],[139.41044,61.49108,1163.2861],[139.42191,61.49185,1235.1499],[139.43462,61.49113,1508.8629],[139.49477,61.47392,1395.8982],[139.50428,61.47237,1388.4723],[139.51441,61.47302,1408.8011],[139.53622,61.47733,1364.15],[139.54821,61.48167,1367.4875],[139.55544,61.48627,1506.8392],[139.56144,61.49118,1424.6216],[139.59533,61.53139,1374.8962],[139.60402,61.53919,1466.5411],[139.63926,61.56167,1453.7726],[139.64567,61.56888,1452.1482],[139.64846,61.57544,1528.0032],[139.64918,61.58813,1406.3976],[139.65063,61.59464,1490.6437],[139.6528,61.60068,1486.9148],[139.659,61.61198,1396.2156],[139.66148,61.61807,1467.692],[139.66717,61.64089,1368.8518],[139.67275,61.65153,1444.4757],[139.67998,61.65727,1307.7657],[139.6897,61.66068,1488.0433],[139.7114,61.66554,1229.0979],[139.72194,61.67063,1268.5284],[139.72597,61.67686,1183.0229],[139.72804,61.68388,1007.5308],[139.72907,61.6905,967.162],[139.73321,61.69794,907.1935],[139.74158,61.70158,951.8925],[139.78127,61.70998,967.3414],[139.79791,61.7184,990.0165],[139.8438,61.749,995.0544],[139.85434,61.75794,1001.9956],[139.86209,61.76641,1010.5269],[139.86912,61.777,1023.5864],[139.87625,61.78305,1031.4032],[139.88431,61.7877,1039.0942],[139.91893,61.80191,1053.4871],[139.92741,61.80734,1055.9406],[139.93423,61.81266,1068.5627],[139.95314,61.83261,1107.9745],[139.97743,61.86403,1080.2063],[139.98001,61.86956,1067.7079],[139.97991,61.87524,1071.9922],[139.97784,61.88054,1069.0426],[139.97319,61.88511,1069.3344],[139.96131,61.89307,1090.9191],[139.95635,61.89746,1101.6562],[139.95283,61.9025,1102.0677],[139.95118,61.90811,1111.6317],[139.95159,61.91431,1111.7496],[139.95542,61.92692,1125.4353],[139.96265,61.93793,1127.5592],[139.97195,61.9478,1151.6842],[139.98828,61.97198,1577.9182],[139.99428,61.97766,1508.6396],[139.99996,61.98123,1469.8713],[140.00596,61.98299,1508.9659],[140.01495,61.98428,1532.1486],[140.03996,61.98356,1627.2125],[140.06445,61.98061,1858.0093],[140.09205,61.97265,1828.7244],[140.10228,61.97079,1857.5944],[140.11396,61.97051,1952.5027],[140.12719,61.97234,2099.3479],[140.14052,61.97637,1896.9658],[140.15726,61.98516,1851.2667],[140.16512,61.99151,1801.0594],[140.16967,61.99704,2037.931],[140.1706,61.99916,2096.6414],[140.17091,62.00066,2121.9009],[140.1707,62.01249,2103.6746],[140.17215,62.01983,2104.6919],[140.17856,62.02417,1986.8937],[140.18786,62.02681,1782.8054],[140.2263,62.0281,2013.5082],[140.24139,62.03161,1807.3076],[140.25638,62.03828,2000.2627],[140.27963,62.05337,1981.8591],[140.28697,62.06259,1734.8208],[140.2877,62.0697,1677.8925],[140.28232,62.07389,1679.3134],[140.27488,62.0773,1533.235],[140.2662,62.08019,1583.9382],[140.25876,62.08386,1707.6365],[140.2539,62.08828,1802.5042],[140.2538,62.09435,1798.3245],[140.25824,62.099,1687.7695],[140.29958,62.11936,1523.7893],[140.30454,62.12484,1703.2583],[140.30589,62.13073,1612.5544],[140.30144,62.14794,1670.7352],[140.30268,62.15502,1579.4012],[140.3126,62.17254,1594.2977],[140.31384,62.17946,1429.9028],[140.31178,62.18504,1498.7294],[140.30806,62.18985,1658.2128],[140.3031,62.19429,1683.9294],[140.29937,62.19961,1554.219],[140.29865,62.20613,1374.172],[140.30888,62.22323,1405.933],[140.31198,62.23018,1418.1946],[140.3124,62.23636,1375.6801],[140.31054,62.24189,1440.4091],[140.29875,62.25633,1301.8994],[140.29565,62.26147,1559.447],[140.29431,62.26752,1499.2222],[140.29441,62.27424,1385.2196],[140.30082,62.28359,1390.4332],[140.3064,62.29462,1640.3867],[140.30992,62.31894,1653.4099],[140.31364,62.33191,1806.7189],[140.3186,62.34431,1821.1395],[140.34082,62.38079,1638.6609],[140.34723,62.38746,1669.4249],[140.35963,62.39738,1798.4819],[140.3864,62.41345,2098.3967],[140.40386,62.42175,2046.5371],[140.48293,62.43169,2104.5664],[140.51807,62.43144,2069.3022],[140.54856,62.4225,2151.2256],[140.59062,62.41526,2172.0103],[140.6145,62.41697,2238.8899],[140.62762,62.42048,1835.6041],[140.63517,62.42529,1767.8262],[140.64323,62.43593,1930.4543],[140.65315,62.45314,1758.2031],[140.65708,62.45859,1914.3459],[140.67909,62.47676,2036.8768],[140.6825,62.48223,2085.5029],[140.68395,62.48838,2206.0469],[140.68343,62.49438,1954.0793],[140.68075,62.49967,1827.8397],[140.67692,62.50456,1946.4893],[140.67175,62.509,1901.353],[140.65274,62.52115,2025.8706],[140.64788,62.52533,2005.7488],[140.64654,62.53029,1862.2919],[140.64881,62.53533,1877.3052],[140.65377,62.5399,1777.7618],[140.70472,62.57272,1794.2679],[140.7163,62.57442,2076.0361],[140.7256,62.57329,2195.5261],[140.75206,62.55931,2002.2819],[140.76074,62.55649,2160.1436],[140.77139,62.55427,2220.0542],[140.81118,62.5505,2263.3059],[140.82151,62.54822,2346.262],[140.83071,62.54533,2365.9055],[140.83702,62.54135,2588.26],[140.84218,62.53701,2327.115],[140.85634,62.51727,2394.4709],[140.85913,62.51197,2168.6885],[140.86327,62.50662,2373.8464],[140.86937,62.50197,2406.6628],[140.88115,62.49872,2261.6729],[140.89365,62.49967,2331.1697],[140.91122,62.50352,2242.8601],[140.92383,62.50414,2332.7119],[140.93375,62.50249,2423.4363],[140.93923,62.4983,2267.7844],[140.9474,62.48885,1947.7584],[140.95484,62.48446,1892.0054],[140.96559,62.48079,1990.7471],[140.98398,62.4781,2324.4766],[140.99969,62.47924,2450.5911],[141.03649,62.48637,2315.6687],[141.04806,62.48551,2016.4148],[141.05509,62.48203,2236.4255],[141.05726,62.4766,2106.6377],[141.05788,62.47055,2080.0859],[141.05788,62.4642,2111.1885],[141.05509,62.44415,2152.9751],[141.05519,62.438,1979.5966],[141.05664,62.43226,1765.0449],[141.05891,62.42686,1843.6919],[141.06253,62.42187,2043.1333],[141.06729,62.41738,2039.9926],[141.07648,62.41286,2281.9102],[141.08858,62.40854,2162.2483],[141.11235,62.40415,1667.5344],[141.12723,62.40384,1900.4977],[141.13901,62.4057,1852.2684],[141.14604,62.40942,2044.417],[141.151,62.41423,2055.6758],[141.1603,62.4257,2174.0945],[141.16775,62.43154,2098.3625],[141.18356,62.43702,2420.8325],[141.19648,62.4382,2018.205],[141.21022,62.43665,1766.6602],[141.23937,62.42963,2304.1565],[141.25291,62.43076,2586.8035],[141.28567,62.43681,2490.8423],[141.29539,62.4351,2549.5232],[141.3021,62.43118,2700.7153],[141.32153,62.39449,2657.9673],[141.32867,62.3842,2699.8904],[141.33766,62.37495,2589.1572],[141.38324,62.34203,2467.1658],[141.38809,62.33754,2335.988],[141.39223,62.33284,2258.2974],[141.39491,62.32757,2363.9836],[141.40298,62.30555,2297.3306],[141.40608,62.30069,2363.9236],[141.4099,62.29651,2303.5776],[141.42241,62.291,2348.4253],[141.50509,62.26803,2506.6763],[141.51821,62.26253,2641.8079],[141.52194,62.25765,2574.4016],[141.52431,62.25238,2445.8037],[141.52927,62.23543,2253.3879],[141.53113,62.22359,2229.6321],[141.53268,62.1991,1975.5796],[141.53423,62.19347,1968.1028],[141.53661,62.18804,1746.1604],[141.54478,62.17858,1896.0641],[141.5518,62.17378,2121.4519],[141.561,62.16892,1846.1913],[141.5794,62.16261,1803.0983],[141.62332,62.15615,1622.188],[141.63635,62.1529,1573.9867],[141.64441,62.14864,1583.38],[141.6472,62.1437,1513.7352],[141.6472,62.13817,1466.1694],[141.64658,62.13202,1359.3645],[141.65154,62.12536,1333.4855],[141.66787,62.11688,1341.407],[141.69505,62.11016,1521.3044],[141.70849,62.10463,1776.6504],[141.71707,62.09859,1654.957],[141.72141,62.09187,1633.5723],[141.73009,62.08334,1612.707],[141.74042,62.07967,1735.8293],[141.75148,62.07905,1914.7251],[141.76109,62.08084,1780.8436],[141.77618,62.08774,1714.3324],[141.78456,62.09058,1839.6738],[141.80605,62.09347,1873.4417],[141.83603,62.09388,1611.6943],[141.85835,62.09208,1834.0197],[141.87096,62.08908,2027.5361],[141.87933,62.08505,1750.495],[141.88212,62.08014,1737.8666],[141.88119,62.0744,1672.1014],[141.87747,62.06918,1819.7794],[141.87148,62.06484,1957.3478],[141.84274,62.05079,1559.6379],[141.83727,62.04673,1770.9587],[141.83758,62.04123,1789.5986],[141.84367,62.03503,1632.4366],[141.86145,62.02712,1920.7246],[141.87582,62.02469,1705.6582],[141.88832,62.02482,1705.3601],[141.89793,62.02696,1682.9482],[141.90651,62.02981,1583.6813],[141.92036,62.03161,1515.3538],[141.93814,62.03229,1606.7589],[141.99384,62.02676,1383.2643],[142.008,62.02691,1344.1562],[142.02754,62.03451,1344.1527],[142.04201,62.04236,1385.8794],[142.06557,62.05965,1381.153],[142.07064,62.06443,1422.6407],[142.08211,62.08097,1505.4729],[142.08748,62.08572,1458.3711],[142.0943,62.08952,1546.9479],[142.10764,62.09169,1712.5681],[142.12624,62.09197,1392.5565],[142.16086,62.08874,1939.1453],[142.1773,62.08525,1983.1194],[142.18691,62.08102,1975.0964],[142.18577,62.07675,2089.0627],[142.17709,62.06758,1946.3337],[142.17461,62.06267,1977.9382],[142.17709,62.05812,1772.0535],[142.18143,62.05384,1817.6665],[142.19414,62.04619,1957.6885],[142.26246,62.01503,1704.3684],[142.26887,62.01141,1777.7743],[142.27352,62.00758,1593.8091],[142.27507,62.00397,1622.1843],[142.27424,62.00159,1651.7788],[142.27352,62.00045,1666.2982],[142.2637,61.99425,1720.3191],[142.25863,61.99022,1596.2781],[142.25553,61.98542,1545.4009],[142.2577,61.97963,1563.489],[142.26422,61.974,1660.533],[142.27755,61.96689,1785.671],[142.29036,61.96332,1763.8724],[142.37511,61.9555,1745.8575],[142.38617,61.95167,1650.1996],[142.39392,61.94738,1489.6146],[142.39826,61.94281,1636.1111],[142.40137000000001,61.93777,1790.8269],[142.40323,61.93234,1735.8081],[142.4023,61.92632,1662.0398],[142.3995,61.92051,1870.1738],[142.39113,61.90981,1935.3401],[142.38803,61.90403,1936.6482],[142.38597,61.89803,1782.1555],[142.38586,61.89206,1844.7889],[142.38938,61.88547,1759.801],[142.39682,61.87914,1538.5806],[142.41325,61.87126,1727.5544],[142.42638,61.8692,1951.3024],[142.43754,61.86971,1897.7356],[142.44632,61.87245,1849.0284],[142.45346,61.87597,1821.4329],[142.47134,61.88888,1877.9696],[142.47816,61.89266,1758.8521],[142.49645,61.89726,1775.0653],[142.50482,61.900149999999996,1978.2938],[142.51195,61.90387,1930.4194],[142.51774,61.90821,1991.6945],[142.5228,61.91302,1849.2308],[142.53056,61.92397,1726.9794],[142.53624,61.92847,1689.5948],[142.54368,61.93198,1671.0912],[142.55371,61.93379,1548.1371],[142.61748,61.93516,1489.1356],[142.62698,61.93736,1534.4396],[142.63412,61.94082,1546.5513],[142.63949,61.94547,1562.8744],[142.64745,61.95648,1744.4647],[142.65324,61.96164,1602.9434],[142.66388,61.96454,1644.8621],[142.68114,61.96562,1873.3848],[142.70357,61.96115,2052.3208],[142.71959,61.96004,1829.5112],[142.74532,61.96208,1890.9611],[142.75432,61.95932,1879.2374],[142.77147,61.94676,2120.5161],[142.78201,61.94482,2235.5483],[142.79204,61.94542,2228.707],[142.81281,61.9494,2130.0574],[142.82563,61.94932,1918.9453],[142.83193,61.94604,2044.4135],[142.83627,61.94159,1969.8956],[142.84217,61.93756,1976.8695],[142.8864,61.92364,1895.72],[142.89384,61.91958,1971.5986],[142.91017,61.90842,2386.5479],[142.92784,61.90077,2009.3607],[142.94169,61.89844,2391.4021],[142.95327,61.89886,2386.7825],[142.98117,61.90558,2211.8965],[142.98903,61.90842,2455.2537],[142.99337,61.91291,2270.9912],[142.99399,61.91818,2062.7861],[142.99068,61.93534,2221.9282],[142.99089,61.94134,2034.024],[142.99161,61.94743,2016.665],[142.99399,61.95327,2191.6016],[142.99657,61.9586,2140.9246],[143.00205,61.96604,2411.2583],[143.01053,61.97503,2522.9893],[143.02262,61.98371,2171.02],[143.08453,62.01839,2175.1272],[143.0898,62.02304,2028.9998],[143.09869,62.03358,1808.8491],[143.1021,62.03952,1855.1439],[143.10489,62.04572,1872.7251],[143.11471,62.08471,2193.4902],[143.11698,62.09099,2399.0803],[143.1207,62.09657,2103.9348],[143.12649,62.10107,2183.2],[143.13455,62.10412,2497.9148],[143.14427,62.10603,2346.6287],[143.17951,62.10866,1967.9089],[143.2132,62.11551,1858.6946],[143.22209,62.11404,2028.9265],[143.2287,62.11083,2036.5551],[143.23263,62.10613,1976.4221],[143.23553,62.10112,1744.9297],[143.23883,62.09011,1646.5424],[143.24162,62.0727,1634.0068],[143.24328,62.06712,1600.6093],[143.24607,62.06195,1569.2443],[143.25124,62.05761,1514.4436],[143.25775,62.05389,1509.1439],[143.36234,62.02412,1734.4266],[143.37753,62.02298,1784.0818],[143.38921,62.02417,1981.2061],[143.3982,62.02671,1940.2928],[143.4134,62.03337,2109.7903],[143.42084,62.03756,2133.9509],[143.42962,62.04128,1977.7499],[143.44161,62.04453,2236.3774],[143.45174,62.04438,1989.8685],[143.46042,62.04208,1962.9341],[143.49391,62.02769,1933.5754],[143.50693,62.02609,1704.5745],[143.5184,62.02652,1892.2046],[143.54104,62.03012,1716.7438],[143.57783,62.03249,1595.2942],[143.59199,62.0311,1686.0785],[143.60253,62.02836,1816.551],[143.60935,62.02469,1654.7441],[143.6199,62.01621,1638.351],[143.623,62.01146,1721.7167],[143.62455,62.00691,1869.0807],[143.6232,62.0033,1779.1542],[143.62041,62.00138,1694.5881],[143.61855,62.00061,1733.3851],[143.60408,61.99766,1760.6307],[143.59798,61.99523,1648.262],[143.59612,61.99164,1697.5204],[143.59891,61.98761,1638.5856],[143.61638,61.97591,1820.7482],[143.61917,61.97167,1772.5054],[143.61648,61.96717,1685.6703],[143.6108,61.96335,1805.1588],[143.57091,61.94792,1480.6184],[143.56471,61.94413,1523.545],[143.56078,61.93966,1402.071],[143.56191,61.93508,1379.6722],[143.56729,61.93126,1338.8098],[143.58465,61.92526,1324.5248],[143.59199,61.92175,1399.2307],[143.59819,61.9179,1442.7635],[143.60346,61.91369,1428.5587],[143.60687,61.90878,1515.6361],[143.60873,61.90343,1628.9542],[143.60997,61.89777,1628.8702],[143.61059,61.89188,1659.8989],[143.6139,61.88573,1679.5004],[143.62021,61.87979,1634.9738],[143.63385,61.87297,1696.704],[143.64687,61.86994,1688.2307],[143.66041,61.86873,1758.1565],[143.67209,61.86935,1687.2421],[143.68242,61.87095,1675.3253],[143.691,61.87369,1685.6221],[143.69793,61.87726,1566.9386],[143.70351,61.88178,1667.4899],[143.71291,61.89219,1805.2762],[143.7188,61.89656,1696.0509],[143.73875,61.900149999999996,1606.8104],[143.74733,61.90294,1720.3414],[143.75363,61.90697,1638.1481],[143.75673,61.91286,1648.7094],[143.7586,61.91906,1671.5155],[143.75787,61.931,1583.5817],[143.75611,61.93656,1686.0359],[143.7557,61.94219,1554.026],[143.75704,61.94754,1739.0494],[143.76221,61.95188,1532.9346],[143.77027,61.95482,1582.7843],[143.78226,61.95591,1526.3551],[143.83022,61.95296,1813.9961],[143.84169,61.95405,1721.5111],[143.84975,61.95694,1532.3962],[143.89926,61.98356,1539.4362],[143.9191,61.98996,1538.9857],[143.92716,61.98914,1475.3269],[143.93223,61.98573,1443.3683],[143.94225,61.97095,1481.028],[143.95414,61.95681,1585.4659],[143.95404,61.95146,1454.606],[143.94794,61.94095,1468.8917],[143.9469,61.93532,1360.2261],[143.94763,61.92966,1402.8745],[143.94907,61.92418,1488.9331],[143.94918,61.91875,1502.4059],[143.94659,61.91325,1593.61],[143.93719,61.90377,1400.8568],[143.93409,61.89927,1389.489],[143.93585,61.89478,1365.0577],[143.94081,61.8908,1302.6193],[143.94721,61.88702,1324.6497],[143.95248,61.88299,1368.6019],[143.95404,61.87824,1442.2433],[143.95135,61.87323,1508.6185],[143.9129,61.83307,1684.6488],[143.90959,61.82765,1792.8126],[143.90866,61.82186,1575.4414],[143.90959,61.81633,1401.4087],[143.91207,61.81111,1505.087],[143.91538,61.8062,1663.134],[143.92882,61.79261,1703.7703],[143.9315,61.7877,1868.5165],[143.93192,61.78248,1885.0789],[143.92716,61.77168,1774.8036],[143.92696,61.76626,1688.2814],[143.93006,61.76145,1877.5825],[143.9344,61.75685,1915.6207],[143.94504,61.74863,2031.36],[143.95869,61.74016,1947.2543],[143.98318,61.72962,1622.5886],[143.99434,61.72724,1445.9751],[144.00199,61.72652,1568.7823],[144.05098,61.73336,1872.1499],[144.11527,61.73313,1763.9795],[144.12281,61.73613,1644.7227],[144.12994,61.74034,1630.7599],[144.14017,61.74357,1493.2786],[144.16332,61.74316,1843.844],[144.20911,61.73336,1622.2007],[144.22244,61.73318,1846.7004],[144.23143,61.73603,1813.7748],[144.23536,61.74171,1776.4401],[144.24094,61.75442,1653.7379],[144.24497,61.76011,1657.7426],[144.25086,61.76486,1597.1925],[144.26389,61.77305,1504.0312],[144.27102,61.77664,1529.5204],[144.27939,61.77956,1562.0579],[144.29954,61.78315,1694.5646],[144.34471,61.78703,1677.7953],[144.35391,61.78941,1577.6174],[144.35959,61.7938,1716.9143],[144.36362,61.79943,1597.1624],[144.36951,61.81189,1363.4312],[144.37323,61.81785,1390.2517],[144.37902,61.82232,1343.9039],[144.40445,61.83062,1409.7048],[144.4308,61.83387,1508.2939],[144.46946,61.834,1638.515],[144.48093,61.83586,1718.1813],[144.54025,61.85591,1550.1912],[144.54645,61.85974,1468.7966],[144.55017,61.86398,1430.6229],[144.54893,61.86847,1517.4448],[144.54439,61.87261,1486.6929],[144.53322,61.88067,1438.2408],[144.52919,61.88516,1396.5983],[144.53157,61.88992,1356.8115],[144.53994,61.89364,1338.8015],[144.56971,61.897,1454.6145],[144.57457,61.9003,1522.1329],[144.57157,61.90403,1521.3024],[144.56072,61.91209,1393.4186],[144.55607,61.91653,1482.4465],[144.55297,61.92134,1451.9164],[144.55245,61.92661,1360.7231],[144.55524,61.93183,1395.2673],[144.56816,61.94774,1632.0629],[144.58552,61.97751,1634.0631],[144.59131,61.98211,1640.147],[144.59968,61.985,1648.9971],[144.63027,61.99012,1816.6194],[144.65797,61.99942,1704.1908],[144.66014,62.00045,1647.4337],[144.66469,62.00324,1618.1885],[144.68009,62.01578,1541.8582],[144.69807,62.0372,1667.7195],[144.70655,62.04143,1607.866],[144.71451,62.04376,1734.8446],[144.7451,62.04688,1709.3962],[144.71864,62.08169,1560.0214],[144.71926,62.0883,1615.6339],[144.72174,62.0959,1514.7841],[144.72815,62.10011,1789.4681],[144.73528,62.1037,1581.3883],[144.7545,62.11611,1318.7889],[144.76215,62.11915,1366.0833],[144.7728,62.11962,1521.3152],[144.79564,62.11729,1512.9629],[144.80742,62.11714,1652.0923],[144.81734,62.11879,1597.3969],[144.82633,62.12132,1500.5383],[144.84411,62.1289,1550.0342],[144.87202,62.14507,1734.4219],[144.88256,62.15393,1561.3462],[144.8931,62.15858,1459.0656],[144.90323,62.16024,1388.4635],[144.91439,62.15923,1390.2172],[144.92473,62.15706,1390.3195],[144.93992,62.15688,1571.7389],[144.958,62.15938,1459.1539],[144.99097,62.17114,1506.6803],[145.00141,62.17874,1356.682],[145.00451,62.18494,1484.119],[144.99614,62.19522,1552.5511],[144.99439,62.20013,1424.4438],[144.99459,62.20597,1421.2656],[144.99769,62.21827,1569.2487],[144.99676,62.2238,1474.111],[144.99397,62.22886,1452.942],[144.98374,62.23734,1375.9043],[144.98033,62.24124,1338.5248],[144.97971,62.24421,1357.6136],[144.9857,62.24493,1305.5492],[144.99346,62.243899999999996,1310.3964],[145.03697,62.23403,1340.496],[145.04916,62.23326,1406.8441],[145.06022,62.23408,1374.0663],[145.115,62.24612,1630.6293],[145.12151,62.25072,1452.837],[145.12544,62.26219,1418.3522],[145.12957,62.26814,1329.0735],[145.15531,62.27186,1284.5145],[145.17381,62.27641,1471.9384],[145.17804,62.28106,1462.0475],[145.17691,62.28581,1512.6547],[145.17071,62.28976,1525.8588],[145.16275,62.2931,1395.0135],[145.13453,62.3016,1350.2356],[145.12823,62.30498,1282.5383],[145.12616,62.3087,1270.0612],[145.13081,62.31188,1314.6632],[145.15272,62.31826,1347.8832],[145.16822,62.32446,1214.7003],[145.17536,62.33067,1417.4186],[145.17908,62.33707,1327.7913],[145.17846,62.34281,1344.7118],[145.17587,62.34798,1437.6305],[145.17164,62.35247,1443.7461],[145.16078,62.36074,1572.0013],[145.15593,62.36526,1498.848],[145.15189,62.36994,1533.359],[145.14993,62.37521,1579.8567],[145.14972,62.38126,1623.4666],[145.15283,62.38986,1609.9816],[145.15779,62.40022,1736.4197],[145.17463,62.42802,1806.8663],[145.1768,62.43606,1580.7346],[145.17649,62.44182,1519.687],[145.17412,62.44704,1648.0419],[145.17081,62.4519,1788.5741],[145.16543,62.45614,1797.4116],[145.13195,62.47497,1666.8992],[145.12647,62.47934,1788.0945],[145.12358,62.4842,1577.2098],[145.1243,62.48991,1460.2478],[145.13081,62.49345,1496.1104],[145.14032,62.49546,1629.2792],[145.15158,62.4952,1693.3179],[145.16151,62.49329,1772.1763],[145.16926,62.48991,1792.7107],[145.18145,62.49086,1778.3729],[145.19913,62.4965,1630.6691],[145.23602,62.51846,1572.351],[145.25576,62.5275,1404.6017],[145.27251,62.53205,1441.92],[145.28305,62.53055,1508.5769],[145.29266,62.52802,1437.7854],[145.32584,62.51515,1351.3726],[145.34682,62.50988,1440.814],[145.37245,62.50717,1575.3254],[145.38733,62.50972,1711.6046],[145.40273,62.5152,1855.2308],[145.43973,62.53479,1934.7823],[145.47983,62.54802,1892.4471],[145.48231,62.55272,1818.5212],[145.47901,62.55685,1692.053],[145.46598,62.5645,1609.6177],[145.44242,62.58677,1685.0634],[145.43684,62.59086,1726.4143],[145.4294,62.59437,1722.7484],[145.40253,62.60264,1856.0009],[145.39426,62.60688,1888.0518],[145.38888,62.61241,1827.4835],[145.39012,62.62308,1724.6315],[145.3955,62.62905,1765.6335],[145.4047,62.63432,1672.5355],[145.41451,62.63863,1651.1813],[145.42609,62.64519,1926.3629],[145.42857,62.65085,1751.0374],[145.42578,62.65556,1973.4385],[145.40222,62.67173,2065.6128],[145.39725,62.67607,1998.2513],[145.39384,62.68207,1955.8591],[145.39209,62.68951,2053.5908],[145.39508,62.70214,1935.161],[145.39539,62.71018,1630.9542],[145.39271,62.71643,1540.4961],[145.3862,62.72036,1590.704],[145.36232,62.73043,1901.4697],[145.337,62.74609,1986.3271],[145.32615,62.75441,1763.5154],[145.32573,62.76537,1857.4701],[145.32904,62.78139,1871.5155],[145.35581,62.83596,1537.8685],[145.36046,62.84846,1463.1248],[145.35974,62.8543,1312.6658],[145.35819,62.85978,1548.3008],[145.35705,62.86709,1344.0387],[145.35643,62.8759,1563.428],[145.36604,62.91032,1234.3813],[145.36418,62.91569,1259.4083],[145.36046,62.92045,1305.9288],[145.35581,62.925,1367.2781],[145.33979,62.93761,1281.7068],[145.33535,62.9421,1437.3965],[145.33235,62.9482,1223.4403],[145.33163,62.95585,1322.7659],[145.33359,62.96763,1311.043],[145.33266,62.97507,1385.3616],[145.32904,62.98086,1329.496],[145.32325,62.98494,1439.7655],[145.3184,62.98928,1414.9832],[145.31623,62.99398,1469.4114],[145.31581,62.99809,1632.89],[145.31581,62.99982,1579.1957],[145.3153,63.00096,1559.3984],[145.31406,63.00215,1565.4354],[145.30971,63.0051,1729.0718],[145.30279,63.00835,1777.3296],[145.28253,63.01373,1724.8517],[145.27468,63.01768,1572.457],[145.27096,63.02318,1601.8982],[145.27003,63.03109,1596.5762],[145.27344,63.03703,1768.3867],[145.27912,63.04189,1602.9822],[145.29607,63.0477,1513.755],[145.30279,63.05088,1562.6022],[145.30496,63.05538,1689.0732],[145.30248,63.05982,1730.1233],[145.29824,63.06442,1711.0605],[145.29297,63.06866,1665.6719],[145.28894,63.0732,1544.5995],[145.28739,63.07899,1822.3125],[145.29049,63.08623,1806.6443],[145.29752,63.09651,1583.6075],[145.29979,63.1039,1615.3573],[145.29886,63.11015,1723.9041],[145.26321,63.16509,1255.4836],[145.25525,63.17449,1228.3633],[145.25215,63.17955,1230.8643],[145.25173,63.1903,1202.4124],[145.25421,63.20596,1157.7826],[145.26414,63.23883,1096.729],[145.27044,63.25443,1083.8297],[145.27664,63.26529,1180.2164],[145.28191,63.27025,1120.1719],[145.34713,63.31443,1024.3604],[145.35447,63.32066,1023.7084],[145.36356,63.33076,1008.5565],[145.36666,63.3396,1011.5999],[145.36852,63.34993,998.9603],[145.37245,63.35975,1006.5578],[145.37689,63.36678,994.1196],[145.39074,63.3835,986.9521],[145.42392,63.43287,963.5534],[145.43942,63.46191,973.9673],[145.44128,63.46853,960.6241],[145.44469,63.49349,919.262],[145.44459,63.51524,960.798],[145.44717,63.52196,955.8938],[145.45141,63.52791,938.5198],[145.46195,63.53824,961.4279],[145.51818,63.57922,877.7571],[145.52314,63.58439,875.6901],[145.53926,63.60775,873.4773],[145.55797,63.6296,868.5693],[145.56841,63.63979,869.4553],[145.57461,63.64428,863.4233],[145.58298,63.64741,858.6296],[145.6145,63.65307,840.8162],[145.62432,63.65622,839.5145],[145.63311,63.66033,837.4505],[145.64055,63.66712,834.0776],[145.64323,63.67332,834.0892],[145.64241,63.67906,849.8282],[145.64075,63.68449,849.9741],[145.63982,63.69017,862.9666],[145.64024,63.69627,856.5747],[145.63931,63.70206,860.1862],[145.63703,63.70727,858.0546],[145.63373,63.71213,890.1144],[145.62908,63.71673,918.0731],[145.62597,63.72164,916.0668],[145.6237,63.72691,901.4777],[145.62287,63.73265,910.079],[145.62628,63.75766,884.2978],[145.62649,63.76365,884.215],[145.62556,63.76939,896.6839],[145.62174,63.78003,890.3223],[145.61853,63.78513,834.9727],[145.61399,63.78965,807.9572],[145.60768,63.79363,838.8167],[145.58195,63.80344,843.6712],[145.57492,63.80709,788.4977],[145.55724,63.819,788.5974],[145.55332,63.82411,790.642],[145.55621,63.82822,793.2863],[145.56076,63.83192,794.9915],[145.57233,63.8361,796.0179],[145.73946,63.85701,826.6431],[145.75496,63.86215,828.5283],[145.78111,63.87579,840.0973],[145.79744,63.88235,853.9964],[145.81604,63.88763,865.7862],[145.91774,63.90039,960.7718],[145.95154,63.91295,980.3677],[146.07039,63.93165,929.2204],[146.10874,63.94158,1095.1555],[146.17592,63.97346,1084.6421],[146.1816,63.97961,1082.9554],[146.18573,63.98617,1090.3282],[146.1938,64.01134,1341.2352],[146.20062,64.02552,1162.8627],[146.20744,64.03335,1017.4082],[146.21498,64.03935,1226.1527],[146.29146,64.061,1210.896],[146.30242,64.0656,1217.8391],[146.31606,64.07361,1019.4507],[146.32299,64.08038,1003.3548],[146.32733,64.08681,1006.6487],[146.32764,64.09263,1010.5265],[146.32691,64.09831,1126.9469],[146.32516,64.10405,1086.808],[146.32412,64.11087,1026.4502],[146.32381,64.11862,1153.7024],[146.32702,64.12973,1139.3689],[146.33311,64.13769,1302.4967],[146.35306,64.1536,1057.9813],[146.35854,64.16068,1058.7838],[146.36319,64.16875,1053.6582],[146.37115,64.18926,1059.6526],[146.37652,64.19683,1211.1936],[146.38324,64.20264,1244.3394],[146.39048,64.20665,1098.1453],[146.40929,64.21189,1162.0244],[146.4344,64.21329,1374.4592],[146.49869,64.20882,1232.5214],[146.99643,64.14699,1223.3463],[147.131,64.09725,1310.922],[147.14609,64.08994,1312.9053],[147.16562,64.0781,1326.8038],[147.19508,64.06658,1357.8926],[147.23001,64.05632,1382.6012],[147.25047,64.05314,1396.037],[147.2666,64.05258,1421.6206],[147.27642,64.0549,1455.0795],[147.2852,64.05795,1516.5094],[147.29254,64.06193,1596.1414],[147.30463,64.07144,1611.8394],[147.31321,64.07464,1661.4208],[147.33285,64.07875,1679.2307],[147.33843,64.08193,1627.2614],[147.33781,64.08596,1605.484],[147.33254,64.08989,1589.1603],[147.32561,64.09366,1616.5571],[147.30091,64.10405,1687.1007],[147.2944,64.10787,1566.6846],[147.28882,64.11216,1573.3507],[147.28551,64.11671,1669.9399],[147.28582,64.12162,1558.6763],[147.29068,64.12588,1508.8989],[147.29812,64.12947,1500.7113],[147.30722,64.13231,1608.1569],[147.60952,64.1703,1893.9161],[147.62317,64.16833,1953.8624],[147.63112,64.1644,1967.6132],[147.63536,64.1598,1990.1998],[147.63856,64.15484,2008.3217],[147.65035,64.14079,1767.9288],[147.65986,64.12596,1935.1843],[147.66213,64.12089,1867.9435],[147.66306,64.11588,1749.3607],[147.66017,64.11123,1646.0278],[147.65345,64.10766,1573.2639],[147.62492,64.09958,1475.1223],[147.61903,64.09555,1449.0955],[147.61727,64.09046,1516.3817],[147.62058,64.08007,1353.8995],[147.62058,64.07444,1529.3842],[147.61789,64.0686,1603.1986],[147.60787,64.058,1452.7523],[147.60415,64.05242,1402.1608],[147.6026,64.04658,1338.4917],[147.60539,64.0417,1287.0341],[147.61045,64.03733,1302.2373],[147.61686,64.03346,1309.5917],[147.63515,64.02545,1274.5938],[147.67174,64.01397,1429.0631],[147.68807,64.01196,1365.322],[147.70078,64.01273,1388.6345],[147.72579,64.01738,1200.9738],[147.74533,64.01886,1287.2911],[147.75763,64.01713,1414.7009],[147.76672,64.01408,1624.5568],[147.77158,64.0101,1494.7756],[147.77106,64.00565,1349.5481],[147.76951,64.00214,1562.0121],[147.76166,63.9931,1272.3499],[147.75763,63.98767,1194.8058],[147.75411,63.98183,1278.9147],[147.75308,63.97599,1306.9155],[147.75401,63.97051,1246.5388],[147.75763,63.96576,1272.6116],[147.76548,63.96046,1302.4979],[147.77633,63.95501,1349.9502],[147.79587,63.94731,1377.2281],[147.81034,63.94468,1334.4255],[147.82233,63.94509,1382.2174],[147.83039,63.94837,1352.876],[147.85499,63.96798,1247.4978],[147.86356,63.97237,1350.1921],[147.87555,63.97615,1296.8422],[147.8861,63.97558,1173.3073],[147.89426,63.97292,1145.0594],[147.89953,63.9686,1206.2876],[147.91255,63.95222,1213.2744],[147.92516,63.94514,1246.2024],[147.93839,63.94359,1321.2632],[147.95513,63.94429,1183.2369],[147.96661,63.947,1043.0396],[147.97591,63.95057,970.0378],[147.98294,63.95475,1098.4758],[147.99875,63.96803,960.5797],[148.01518,63.97739,911.402],[148.02076,63.98258,896.3871],[148.02448,63.9885,890.9941],[148.02707,63.99408,916.6702],[148.02945,64.00054,917.5861],[148.0311,64.00302,910.1096],[148.03534,64.00705,862.7643],[148.11492,64.05087,940.1199],[148.12081,64.05557,968.6558],[148.12505,64.0611,997.4282],[148.12722,64.06705,1011.3544],[148.12825,64.07309,1024.7426],[148.12608,64.10725,1448.9451],[148.12639,64.11299,1500.1489],[148.12856,64.11872,1574.9082],[148.13342,64.12368,1246.9611],[148.13972,64.12808,1164.4297],[148.16184,64.13996,1010.3389],[148.17393,64.14973,1185.5643],[148.19264,64.16198,1252.6829],[148.21455,64.16869,1433.9968],[148.22592,64.17402,1169.7881],[148.23212,64.17991,1186.4618],[148.23367,64.18582,1320.2986],[148.23429,64.19174,1566.6927],[148.23729,64.20414,1125.8107],[148.2406,64.2104,1212.304],[148.25382,64.22784,1230.9863],[148.25734,64.2337,1425.0659],[148.25889,64.23959,1114.5065],[148.25879,64.24523,1018.511],[148.25672,64.25045,1236.2693],[148.25351,64.2553,1197.1514],[148.24835,64.25975,1250.4069],[148.23584,64.26776,1330.9399],[148.21951,64.27466,1389.0034],[148.1852,64.28241,1401.1752],[148.17641,64.28574,1292.7947],[148.17156,64.29013,1157.5671],[148.16939,64.30111,1033.3237],[148.16711,64.30589,1004.577],[148.16091,64.30905,1099.4834],[148.12856,64.31034,992.7092],[148.1204,64.31313,1009.0886],[148.11461,64.31706,1045.144],[148.10159,64.3308,858.2539],[148.09652,64.33501,960.6639],[148.08825,64.33804,929.4929],[148.04991,64.34083,834.9882],[148.03833,64.34274,757.9054],[148.03286,64.34636,755.5633],[148.0251,64.35558,751.6807],[148.01642,64.3586,751.3164],[148.00629,64.36062,853.601],[148.00071,64.36271,866.6396],[148.00195,64.36672,830.2236],[148.01053,64.37282,834.8095],[148.03627,64.38222,739.8071],[148.0495,64.38863,768.5277],[148.0558,64.39491,797.6021],[148.05539,64.4002,817.1626],[148.05167,64.40491,837.8431],[148.04609,64.4092,823.8565],[148.02479,64.42062,786.9011],[148.02087,64.42545,788.4149],[148.02262,64.431,793.233],[148.0374,64.43927,766.6172],[148.05487,64.44361,737.3765],[148.13125,64.45033,750.9904],[148.14913,64.45353,705.8585],[148.16132,64.45777,680.9585],[148.1669,64.46273,674.7137],[148.17125,64.46847,673.7682],[148.17703,64.48087,705.5862],[148.18044,64.48656,684.9374],[148.18634,64.49208,656.1937],[148.19481,64.49668,661.715],[148.21734,64.50537,725.9116],[148.29103,64.54945,834.8879],[148.3025,64.55441,774.6972],[148.31439,64.55513,849.7515],[148.32596,64.55381,877.3102],[148.38725,64.53921,1092.4318],[148.43635,64.52407,1167.5878],[148.48172,64.50216,1004.9668],[148.49081,64.4956,828.1176],[148.4936,64.4895,1075.6022],[148.49515,64.48221,984.6758],[148.50011,64.47234,825.201],[148.51531,64.46232,785.6511],[148.58848,64.42762,687.7469],[148.61256,64.42093,704.3967],[148.63055,64.41865,719.1717],[148.67127,64.42728,1008.9111],[148.72046,64.43095,777.0352],[148.80542,64.42434,843.0026],[148.91931,64.43772,661.8511],[149.0976,64.44098,592.0492],[149.11103,64.43757,599.5172],[149.14462,64.42315,612.3359],[149.19423,64.41152,722.1003],[149.21914,64.40842,612.0792],[149.23712,64.4086,696.0328],[149.2457,64.41204,639.0886],[149.25232,64.41648,659.902],[149.25728,64.42201,718.1827],[149.26089,64.42816,633.6725],[149.26493,64.44036,697.5547],[149.26968,64.44565,784.5352],[149.28074,64.44945,717.7274],[149.30234,64.45157,686.2657],[149.31919,64.45085,673.8273],[149.40197,64.43741,705.5322],[149.42244,64.43638,669.9265],[149.43618,64.43834,542.0392],[149.44342,64.44248,574.9951],[149.46698,64.46289,472.1167],[149.58987,64.52511,368.0052],[149.62366,64.53844,410.649],[149.70169,64.55815,462.204],[149.79409,64.56769,271.5901],[149.81642,64.56727,250.3957],[149.89569,64.55358,585.101],[150.06829,64.50175,653.1495],[150.07511,64.49792,767.8409],[150.0811,64.49371,738.6221],[150.08606,64.48929,809.8063],[150.09227,64.47937,694.7415],[150.09464,64.46868,585.0422],[150.09433,64.46289,530.703],[150.08937,64.45054,480.59],[150.0811,64.43808,543.9457],[150.07614,64.43229,674.2122],[150.04731,64.40625,679.1037],[150.02881,64.38238,556.3746],[150.0256,64.37607,522.1297],[150.02405,64.37002,750.2579],[150.0256,64.35902,632.5654],[150.02777,64.35385,792.2761],[150.04731,64.3306,706.7872],[150.05702,64.32176,790.1962],[150.10653,64.28941,740.4056],[150.11087,64.28481,808.518],[150.11449,64.28,833.9951],[150.11666,64.27479,801.4422],[150.1179,64.26946,681.0378],[150.12286,64.26373,551.8801],[150.13061,64.25789,548.0656],[150.14942,64.2507,573.4501],[150.16833,64.24073,611.0572],[150.19303,64.22391,851.4543],[150.21288,64.215,845.3206],[150.22435,64.21314,912.8542],[150.29949,64.2137,843.5436],[150.40408,64.1996,774.8498],[150.48025,64.17898,824.9401],[150.60872,64.16621,827.4812],[150.6266,64.16696,709.1379],[150.63342,64.17061,839.6295],[150.63569,64.17551,797.4569],[150.63414,64.18058,707.464],[150.62567,64.18967,708.7721],[150.62205,64.19443,700.5298],[150.6144,64.22083,858.1886],[150.61492,64.22636,779.5434],[150.61781,64.2322,754.1458],[150.62329,64.23742,763.7159],[150.6297,64.24231,848.5477],[150.63652,64.24662,1051.5304],[150.6421,64.25174,1249.2216],[150.64562,64.25753,992.1962],[150.64675,64.26331,924.7829],[150.64655,64.26895,955.7793],[150.64086,64.3015,1093.5331],[150.63869,64.30662,855.3235],[150.62939,64.32101,876.9084],[150.62908,64.3262,1118.3386],[150.63104,64.33111,1165.4141],[150.65419,64.33437,958.1472],[150.96611,64.33168,297.2697],[151.12342,64.37126,151.6098],[151.15876,64.37628,151.0836],[151.17509,64.37576,147.3828],[151.18832,64.37369,156.3835],[151.23752,64.3568,204.5828],[151.25157,64.35561,275.2498],[151.30098,64.36083,293.5797],[151.31462,64.36015,301.6129],[151.32278,64.35713,264.6958],[151.32671,64.35258,224.0612],[151.32775,64.34729,233.8412],[151.32826,64.33607,240.1485],[151.33116,64.3308,244.1236],[151.33798,64.32618,248.3401],[151.35265,64.32212,290.0619],[151.36258,64.31814,286.4816],[151.37033,64.31401,278.7777],[151.39172,64.29564,249.6298],[151.39585,64.29633,255.1448],[151.39834,64.29809,267.2148],[151.40123,64.30326,276.1156],[151.40567,64.31525,376.3234],[151.44247,64.40506,248.7617],[151.462,64.42945,334.1621],[151.47998,64.43555,360.1958],[151.8504,64.47203,175.2238],[152.01577,64.50366,230.1793],[152.03706,64.50508,222.414],[152.06124,64.50051,222.6457],[152.07933,64.49371,240.6503],[152.0939,64.48612,280.7688],[152.10486,64.47762,278.8562],[152.12739,64.45503,433.7133],[152.13111,64.45043,384.5645],[152.13421,64.44558,347.9325],[152.13596,64.44046,414.4054],[152.13596,64.43488,450.5978],[152.13483,64.42899,464.1452],[152.1277,64.41609,464.7094],[152.10827,64.39152,573.2696],[152.09297,64.3753,454.005],[152.09214,64.37008,477.9434],[152.09679,64.36589,413.0087],[152.1061,64.36253,404.194],[152.13969,64.35726,547.7228],[152.16883,64.35535,556.3484],[152.20387,64.35711,529.7385],[152.23177,64.36186,544.3007],[152.25895,64.37147,426.0161],[152.37988,64.39351,479.4246],[152.40344,64.40072,444.8288],[152.41378,64.40677,483.5005],[152.41006,64.41147,580.1552],[152.39104,64.4293,407.3986],[152.38277,64.43868,388.5981],[152.3622,64.47862,361.1669],[152.3589,64.48345,372.1086],[152.35487,64.48811,423.4731],[152.33967,64.50097,609.3844],[152.3313,64.51007,780.6389],[152.33513,64.51627,669.5621],[152.34722,64.52379,547.7008],[152.46721,64.56629,601.0314],[152.51393,64.59011,280.3774],[152.52798,64.59936,238.614],[152.54679,64.6083,203.6302],[152.71515,64.6621,396.7083],[152.73489,64.67171,551.9517],[152.74358,64.6792,522.5285],[152.74823,64.68592,492.6809],[152.74761,64.69145,465.5761],[152.74606,64.69667,421.5962],[152.74296,64.70153,386.9696],[152.73531,64.71093,336.7337],[152.68828,64.7499,175.4966],[152.68394,64.75476,159.8291],[152.68084,64.75964,148.9065],[152.67981,64.77047,123.9868],[152.67867,64.77587,123.1923],[152.67485,64.78049,80.0318],[152.66803,64.78442,78.89],[152.65872,64.78773,78.6777],[152.58297,64.80307,78.2085],[152.5625,64.80938,77.2547],[152.55506,64.81325,68.2691],[152.54989,64.81759,67.8088],[152.54772,64.82256,71.883],[152.54741,64.82736,245.3698],[152.54958,64.83222,452.9747],[152.55299,64.83638,453.4838],[152.56075,64.84312,530.1616],[152.56591,64.8486,547.7093],[152.56777,64.85441,466.9137],[152.56385,64.86436,463.8492],[152.56126,64.86927,425.2732],[152.55692,64.87948,419.7917],[152.55134,64.88927,515.0594],[152.54369,64.8986,493.2433],[152.53842,64.90299,500.1447],[152.51909,64.915,492.2798],[152.50804,64.92348,384.5774],[152.504,64.92808,305.3811],[152.5009,64.93299,271.0523],[152.49966,64.93826,280.6003],[152.50225,64.94539,350.4269],[152.50907,64.95397,379.0568],[152.52333,64.96673,394.2245],[152.53398,64.97386,331.7721],[152.54369,64.97913,317.1523],[152.62441,65.00993,294.8169],[152.63588,65.01634,291.2955],[152.64477,65.02228,280.0157],[152.65004,65.02807,306.7975],[152.65438,65.03427,333.0997],[152.65748,65.04042,344.7142],[152.66162,65.05257,363.4548],[152.66244,65.05841,374.3846],[152.66255,65.06394,374.6324],[152.66131,65.06921,414.2225],[152.65914,65.07422,453.8595],[152.65531,65.07895,498.004],[152.64984,65.08347,527.3632],[152.64301,65.08768,522.8432],[152.61976,65.09902,418.5978],[152.61418,65.10331,397.9172],[152.61087,65.10807,379.7844],[152.60994,65.11344,377.9554],[152.60901,65.14088,371.1643],[152.60829,65.1461,362.5327],[152.60901,65.15215,381.5509],[152.61211,65.1591,396.829],[152.62038,65.16899,298.5814],[152.62916,65.17473,316.7135],[152.63867,65.17902,341.4743],[152.66151,65.18708,409.3483],[152.67702,65.19421,367.8717],[152.68446,65.20031,287.3263],[152.68642,65.20615,292.5086],[152.68322,65.21736,298.2336],[152.68353,65.22398,310.4672],[152.68818,65.23343,421.1173],[152.69634,65.23829,426.2362],[152.7074,65.24088,426.8509],[152.72063,65.24082,379.4952],[152.74864,65.23734,433.4933],[152.76611,65.23695,436.3777],[152.78657,65.23902,358.3691],[152.85013,65.25757,550.5358],[152.86243,65.25819,616.04],[152.91607,65.25235,688.4822],[152.93943,65.25436,643.6187],[153.03183,65.27472,434.1107],[153.04382,65.27586,401.7018],[153.05705,65.27576,379.316],[153.10076,65.27064,510.8485],[153.11585,65.27033,601.1056],[153.13022,65.27317,562.1263],[153.13818,65.27901,538.3242],[153.1542,65.29643,419.4723],[153.1635,65.30211,457.2658],[153.17342,65.30635,468.2809],[153.25796,65.32283,451.4806],[153.36504,65.35374,314.7463],[153.43129,65.35472,424.0949],[153.4439,65.35673,437.2047],[153.46157,65.36304,377.851],[153.50095,65.3897,368.9391],[153.52131,65.40805,451.515],[153.52389,65.41384,398.243],[153.52389,65.41926,391.0131],[153.5211,65.42417,395.0813],[153.51645,65.42867,380.8176],[153.51045,65.4328,361.6896],[153.45847,65.45967,523.1415],[153.44886,65.46231,505.7999],[153.42819,65.4651,426.6536],[153.42147,65.4683,385.56],[153.41702,65.47249,347.1511],[153.4009,65.49104,335.47],[153.39935,65.49709,384.4829],[153.4009,65.50427,367.8268],[153.42364,65.5299,327.5995],[153.42653,65.53566,335.8244],[153.43005,65.54737,307.8304],[153.4347,65.55373,316.9384],[153.44203,65.5607,287.9418],[153.49412,65.59884,378.6864],[153.49971,65.60447,380.2125],[153.50425,65.61062,377.6106],[153.50684,65.61662,381.6301],[153.50735,65.62225,373.2324],[153.50611,65.62747,346.9959],[153.50064,65.63739,351.737],[153.49878,65.64261,386.3176],[153.49661,65.65359,424.3065],[153.49712,65.65925,431.1042],[153.49867,65.66511,397.2001],[153.50332,65.6716,379.5652],[153.52513,65.69328,368.0306],[153.52978,65.69979,410.1238],[153.53133,65.70555,414.4323],[153.52895,65.71061,407.6567],[153.52389,65.71501,449.9702],[153.47717,65.73785,569.1762],[153.47159,65.74211,550.3627],[153.46725,65.74663,537.7056],[153.46054,65.75619,482.199],[153.45568,65.76622,415.1463],[153.45444,65.77144,394.4605],[153.45382,65.78782,359.8441],[153.45754,65.79619,377.4314],[153.46498,65.80673,412.7316],[153.48317,65.82552,391.7541],[153.49464,65.83518,522.7153],[153.50529,65.84198,624.5921],[153.53371,65.85097,435.4802],[153.62807,65.86146,458.8962],[153.64771,65.86691,406.496],[153.68078,65.88146,404.4754],[153.69752,65.88559,522.0756],[153.77514,65.87732,542.796],[153.91291,65.88693,462.7731],[153.97699,65.88471,441.5329],[154.01895,65.87582,655.9614],[154.04076,65.86859,587.8566],[154.04861,65.86477,567.3011],[154.05461,65.86063,515.3655],[154.05988,65.85619,585.5914],[154.0635,65.85148,587.5737],[154.06629,65.84658,561.4902],[154.06763,65.83593,525.5214],[154.06567,65.81288,534.1987],[154.06701,65.80689,612.1333],[154.07197,65.80033,627.8904],[154.08313,65.7972,611.6931],[154.12489,65.79423,655.5321],[154.1375,65.79495,666.4914],[154.1469,65.798,621.0042],[154.16902,65.81211,558.7796],[154.17749,65.81591,547.376],[154.24963,65.82999,620.6347],[154.25987,65.83422,651.0516],[154.26865,65.83888,586.8868],[154.27558,65.84391,546.8658],[154.29966,65.86678,684.9888],[154.30896,65.87908,720.0696],[154.31423,65.885,703.2265],[154.32229,65.88998,644.1461],[154.35536,65.90404,818.8817],[154.36343,65.90921,690.9933],[154.36942,65.91474,705.3493],[154.37428,65.92094,727.9908],[154.37769,65.92704,672.9116],[154.38017,65.93306,621.9631],[154.38141,65.93877,650.2036],[154.38172,65.94424,661.6624],[154.38048,65.94951,710.5703],[154.37614,65.95959,672.8963],[154.37335,65.96445,679.8627],[154.37128,65.96962,732.8952],[154.3687,65.97453,759.7452],[154.3657,65.98476,641.027],[154.36405,65.99489,720.7766],[154.36405,66.00011,666.3527],[154.3657,66.01272,755.679],[154.36591,66.0183,831.3568],[154.36498,66.02352,798.8713],[154.36291,66.02863,779.7626],[154.35939,66.03339,697.7951],[154.35443,66.03778,668.8066],[154.34823,66.04199,649.7634],[154.33986,66.04563,629.1157],[154.32849,66.04879,656.6156],[154.21759,66.06057,576.2565],[154.21615,66.06455,641.8552],[154.22049,66.06894,644.2747],[154.34679,66.13808,562.5752],[154.35257,66.14402,565.5302],[154.36219,66.15697,767.2415],[154.36818,66.16924,747.2078],[154.37428,66.18715,590.3796],[154.37841,66.19358,590.8171],[154.38575,66.20071,601.1575],[154.39526,66.20459,737.3884],[154.5014,66.23394,738.8836],[154.52817,66.23756,876.1262],[154.54801,66.23782,733.0001],[154.55928,66.23464,681.1443],[154.57706,66.22748,834.2014],[154.59835,66.21555,908.6646],[154.61871,66.20919,902.9058],[154.80237,66.18495,523.4738],[154.81373,66.18196,504.4226],[154.82211,66.17826,484.1963],[154.82831,66.174,617.6121],[154.83378,66.16958,612.8234],[154.84257,66.16061,595.2347],[154.85404,66.14653,562.1469],[154.86396,66.13782,536.9771],[154.87254,66.13477,577.5884],[154.88525,66.13359,593.0096],[155.01083,66.14901,491.7426],[155.02726,66.15462,540.9398],[155.03408,66.16004,632.8452],[155.03129,66.1648,657.3502],[155.02674,66.1694,751.5566],[155.02323,66.17423,632.7509],[155.0224,66.17891,534.3596],[155.03036,66.18389,605.6572],[155.07181,66.18997,569.9061],[155.12596,66.20428,536.5012],[155.16999,66.20903,449.439],[155.19996,66.20754,544.2689],[155.22653,66.20286,388.2559],[155.25112,66.19157,561.4513],[155.28451,66.18289,598.549],[155.29339,66.17937,535.2296],[155.29774,66.17498,557.8825],[155.29836,66.16958,632.8886],[155.29722,66.16392,707.3633],[155.29557,66.15818,843.8062],[155.29495,66.15263,814.4676],[155.29784,66.14754,844.6649],[155.30466,66.14374,826.4689],[155.31985,66.14185,639.5054],[155.43954,66.16242,552.8117],[155.52708,66.16862,577.6041],[155.53824,66.16679,491.2864],[155.58433,66.14945,552.1834],[155.59519,66.14651,566.0435],[155.61131,66.14511,535.3885],[155.62299,66.14666,476.398],[155.63332,66.14981,454.1052],[155.64221,66.15369,439.6259],[155.68055,66.16439,626.5175],[155.75218,66.17689,693.3316],[155.77347,66.17746,488.5069],[155.80189,66.17296,638.7293],[155.81285,66.16976,672.3793],[155.82029,66.16583,561.6212],[155.8236,66.161,573.3036],[155.8237,66.1556,713.1694],[155.82297,66.14997,671.6531],[155.82432,66.1448,771.5267],[155.82835,66.14033,758.2102],[155.83507,66.13622,781.2687],[155.84437,66.13276,695.8115],[155.86876,66.12764,733.2036],[155.92199,66.12428,568.5208],[155.93077,66.1216,679.5673],[155.93439,66.11731,706.2761],[155.93325,66.11219,713.6915],[155.93356,66.10697,654.0501],[155.9379,66.10258,576.6627],[155.94596,66.09891,587.4658],[155.95826,66.09633,586.1743],[156.27731,66.08377,462.0941],[156.2892,66.08144,436.4984],[156.29809,66.07798,442.9626],[156.30853,66.06884,525.8353],[156.317,66.06491,624.7625],[156.33592,66.06279,655.5983],[156.34914,66.06387,662.0093],[156.36031,66.06682,555.0433],[156.39369,66.08336,405.8286],[156.43369,66.09444,405.3211],[156.45126,66.10227,423.3094],[156.45839,66.10697,460.5355],[156.46397,66.1123,516.7938],[156.46645,66.11772,445.5732],[156.4679,66.12335,389.9537],[156.46862,66.12881,410.7881],[156.47048,66.13454,402.7623],[156.47751,66.14061,347.9353],[156.48815,66.14614,322.929],[156.53384,66.15803,338.6816],[156.54293,66.16147,344.0685],[156.55068,66.16604,361.3041],[156.55771,66.17147,368.831],[156.56867,66.18397,439.6201],[156.57683,66.19064,442.2423],[156.58903,66.19684,476.9987],[156.61342,66.20257,563.6486],[156.63078,66.20294,460.291],[156.6438,66.20077,413.7108],[156.65217,66.19704,527.5096],[156.6592,66.19307,649.7685],[156.73827,66.1216,539.1201],[156.76194,66.1046,555.5266],[156.91821,66.04866,653.0828],[156.95696,66.04013,652.0642],[156.96647,66.03659,669.925],[156.97309,66.03251,660.1306],[156.97546,66.02749,686.1259],[156.9734,66.02186,696.4954],[156.96864,66.01592,662.8948],[156.96203,66.01034,608.8925],[156.92565,65.98527,564.2711],[156.92048,65.97987,603.1093],[156.91893,65.9746,632.5847],[156.92069,65.96964,678.8964],[156.92658,65.96541,736.5048],[156.99903,65.93848,615.1681],[157.06548,65.9212,720.5533],[157.12439,65.91515,639.2388],[157.37316,65.92559,595.04],[157.39032,65.92962,595.959],[157.39766,65.93422,492.5255],[157.40241,65.9399,507.4485],[157.40365,65.94528,540.7333],[157.40117,65.95013,590.6258],[157.3958,65.95455,601.5428],[157.37689,65.96696,535.7131],[157.36645,65.97566,493.4005],[157.36459,65.98068,539.3426],[157.36479,65.986,578.2597],[157.3682,65.99148,555.7432],[157.37347,65.99608,502.9701],[157.38216,66.0,478.1411],[157.55248,66.03762,410.0514],[157.57016,66.04522,426.6757],[157.63051,66.08475,286.8864],[157.64715,66.09338,286.6988],[157.66917,66.10165,290.6784],[157.71764,66.11204,335.9836],[157.94326,66.121,413.9571],[158.12413,66.15581,428.0279],[158.14221,66.15539,364.7992],[158.16702,66.15061,387.9789],[158.25487,66.12454,396.1876],[158.28401,66.12015,450.2153],[158.45713,66.11312,374.7356],[158.47697,66.11462,422.0279],[158.48493,66.11751,406.6317],[158.48245,66.12144,423.9857],[158.47759,66.12571,411.2256],[158.47191,66.12997,407.5848],[158.43419,66.17167,382.5356],[158.41941,66.19555,317.3242],[158.40132,66.21345,385.1612],[158.39543,66.22309,399.5948],[158.39295,66.228,395.468],[158.39016,66.23818,391.9574],[158.39088,66.24895,357.2492],[158.39274,66.25456,321.7437],[158.39605,66.26056,322.394],[158.40049,66.26645,330.2468],[158.40628,66.27249,351.5359],[158.4132,66.27792,400.327],[158.42943,66.28732,372.7802],[158.46457,66.30319,496.4715],[158.47222,66.30805,554.7531],[158.47821,66.31378,452.8105],[158.49785,66.33823,492.1867],[158.51098,66.34954,576.2387],[158.52896,66.35939,489.0323],[158.47873,66.38298,468.9181],[158.42819,66.41822,452.2203],[158.4131,66.42649,410.4957],[158.39729,66.43228,545.2362],[158.36556,66.44075,468.5566],[158.35894,66.44773,590.2216],[158.3606,66.45388,439.5105],[158.36752,66.45912,481.5108],[158.38561,66.46669,496.4575],[158.45186,66.47894,564.4479],[158.4624,66.4824,394.993],[158.47036,66.48803,480.681],[158.47377,66.49956,398.0508],[158.47501,66.51398,336.7018],[158.47718,66.51945,324.7544],[158.48152,66.52498,320.1405],[158.50509,66.54038,428.9631],[158.51366,66.54793,386.0396],[158.52245,66.56095,352.1221],[158.5302,66.56912,342.0233],[158.53929,66.57485,401.8354],[158.5487,66.57842,432.7964],[158.58064,66.58555,338.5782],[158.59945,66.59281,294.2226],[158.61547,66.60229,330.4827],[158.63014,66.61304,300.1924],[158.63665,66.61914,348.1276],[158.68575,66.70089,398.3582],[158.70156,66.71978,384.5671],[158.71582,66.73086,355.7432],[158.76285,66.73691,472.3674],[158.80553,66.74668,351.6188],[158.88852,66.78357,513.0652],[158.89876,66.79081,683.2433],[158.9033,66.79696,746.738],[158.90516,66.80274,745.4606],[158.90341,66.80781,600.8124],[158.90062,66.81256,480.7596],[158.89131,66.82155,430.5616],[158.88573,66.82592,404.4867],[158.87261,66.83422,423.1173],[158.86682,66.83912,526.949],[158.86413,66.84476,517.8743],[158.86382,66.85256,498.7985],[158.86444,66.85887,497.8682],[158.86403,66.8646,465.4583],[158.86031,66.87457,404.5475],[158.85597,66.87917,353.3343],[158.84987,66.88346,336.0161],[158.81246,66.89809,385.7165],[158.80533,66.90212,405.3723],[158.79964,66.90641,448.4344],[158.79478,66.9109,439.3262],[158.78724,66.92031,436.3216],[158.78424,66.9261,481.8101],[158.78259,66.93279,494.5648],[158.78321,66.94276,379.398],[158.78879,66.95041,372.3412],[158.80336,66.96692,419.2101],[158.80367,66.97524,393.4656],[158.80057,66.98134,390.6749],[158.79509,66.98625,429.4665],[158.7459,67.01488,490.1432],[158.73494,67.02407,498.9403],[158.72946,67.02986,460.1236],[158.72388,67.03767,440.8573],[158.71727,67.04526,376.6237],[158.71086,67.05089,380.3419],[158.70259,67.05524,374.9694],[158.46798,67.11544,402.1404],[158.44225,67.11924,437.3471],[158.3667,67.11446,711.952],[158.35212,67.11683,537.2951],[158.33755,67.12169,464.0383],[158.30737,67.14394,542.3864],[158.29869,67.14768,534.9817],[158.21063,67.1652,448.3634],[158.19885,67.17022,551.2413],[158.17415,67.1898,521.3547],[158.1665,67.19383,571.6787],[158.06584,67.21879,384.4066],[157.95845,67.25814,469.6729],[157.94667,67.2607,449.6992],[157.89293,67.26241,467.8165],[157.88042,67.26424,457.1114],[157.86926,67.26732,364.7925],[157.86037,67.27197,429.2091],[157.85293,67.27827,482.8703],[157.82451,67.30742,451.4865],[157.79629,67.32785,589.2324],[157.78544,67.33873,386.4692],[157.78337,67.34617,585.6632],[157.78606,67.35253,648.9061],[157.79257,67.3579,488.6763],[157.83246,67.38214,332.2242],[157.84528,67.39315,291.3396],[157.86905,67.40751,285.2364],[157.87618,67.41284,318.2609],[157.88176,67.41992,318.1462],[157.88486,67.42744,401.4441],[157.88476,67.43774,401.9949],[157.88042,67.4441,325.5745],[157.87298,67.44911,282.5027],[157.86254,67.45265,277.3471],[157.76684,67.46927,322.0904],[157.75319,67.47477,314.7969],[157.75082,67.48064,366.2799],[157.75237,67.4872,302.9001],[157.75598,67.49405,315.7079],[157.7566,67.50193,460.6784],[157.75319,67.50756,623.1246],[157.74751,67.51257,500.336],[157.73976,67.51655,520.8878],[157.70524,67.52787,344.2626],[157.69449,67.53386,342.9831],[157.69108,67.53947,329.8836],[157.69201,67.54549,300.4387],[157.7164,67.57515,259.5526],[157.72239,67.58102,267.8398],[157.73686,67.59099,334.3141],[157.74131,67.59556,365.2776],[157.7381,67.60016,367.4572],[157.73139,67.60507,329.8908],[157.72136,67.61117,263.1827],[157.71805,67.61683,224.1715],[157.71805,67.62264,196.3382],[157.73283,67.64662,228.432],[157.73759,67.65256,257.4335],[157.7443,67.65807,263.1985],[157.7533,67.66207,237.5336],[157.76353,67.66517,235.9581],[157.7749,67.66734,263.1779],[157.78461,67.67192,297.6396],[157.79226,67.67856,340.5357],[157.79536,67.69194,299.1288],[157.79846,67.69974,233.5477],[157.8059,67.70548,220.3337],[157.92373,67.73615,206.4312],[158.06408,67.73556,196.7258],[158.07834,67.73344,206.9741],[158.12464,67.72103,221.8056],[158.13808,67.71964,190.7991],[158.151,67.72,188.3645],[158.19565,67.72948,248.7756],[158.24949,67.73152,171.5399],[158.29828,67.73778,165.5894],[158.30902,67.74057,192.6376],[158.31864,67.74411,231.5406],[158.32546,67.74868,260.3181],[158.32918,67.75359,273.7096],[158.32804,67.7584,264.0774],[158.32401,67.76289,259.3569],[158.31843,67.76734,263.174],[158.30468,67.77599,237.2897],[158.29683,67.78263,236.3436],[158.28939,67.79126,235.8301],[158.26985,67.82341,304.5163],[158.26448,67.82782,275.7386],[158.25766,67.83193,228.793],[158.2342,67.83834,184.7009],[158.20422,67.84139,206.8884],[158.09333,67.84041,173.9793],[158.07886,67.84258,169.2088],[158.06687,67.84707,156.6982],[158.05715,67.85545,131.9797],[158.05312,67.86345,197.4874],[158.05157,67.88506,185.8671],[158.05281,67.89281,121.3736],[158.05695,67.89921,75.7163],[158.06191,67.90397,85.5689],[158.0647,67.90952,93.6386],[158.06222,67.9158,98.061],[158.06584,67.92097,116.5953],[158.07328,67.92464,148.0889],[158.16588,67.94169,73.0907],[158.1757,67.94528,70.3882],[158.18448,67.94986,72.287],[158.19162,67.95523,69.0737],[158.19823,67.96128,71.4163],[158.21911,67.98536,70.135],[158.22593,67.99569,77.7232],[158.23213,68.00303,69.561],[158.23978,68.05218,62.1735],[158.25642,68.06851,63.1721],[158.27657,68.076,82.2942],[158.41941,68.11099,45.4456],[158.63262,68.14163,68.1967],[158.9339,68.14364,99.1141],[158.95167,68.14602,92.7648],[158.96097,68.15016,82.3292],[158.96738,68.15569,75.4364],[158.98537,68.16354,65.4681],[159.01327,68.17217,62.4074],[159.11104,68.19067,83.9779],[159.461,68.22255,50.0907],[159.51484,68.23441,41.8596],[159.55288,68.23919,21.7843],[159.69323,68.23868,30.0689],[159.7047,68.23656,40.7119],[159.71245,68.23304,36.9942],[159.73612,68.21589,44.2616],[159.74553,68.21181,57.7292],[159.75886,68.20927,67.6886],[159.78139,68.20907,60.551],[159.79245,68.21245,68.2073],[159.79896,68.21739,55.0508],[159.80113,68.22292,49.6319],[159.80247,68.22845,55.0328],[159.80299,68.24948,56.4425],[159.80433,68.2549,73.8058],[159.80826,68.26095,61.3018],[159.81663,68.26723,59.8951],[159.83462,68.27449,80.0854],[159.85012,68.27743,59.7591],[160.99703,68.301,-0.5671],[161.01966,68.30901,9.917],[161.0454,68.32182,3.7974],[161.11092,68.33531,5.1626],[161.22554,68.38378,5.2337],[161.37964,68.40996,32.6863],[161.4062,68.41185,16.8929],[161.65218,68.39017,50.5083],[161.6959,68.37593,55.8264],[161.71068,68.3734,61.6459],[162.17814,68.35459,56.309],[162.19189,68.35247,54.7089],[162.20243,68.34908,46.9161],[162.2201,68.34131,42.1018],[162.38392,68.31066,85.7933],[162.41761,68.30906,102.2444],[162.43125,68.3119,120.8415],[162.43901,68.3164,105.337],[162.44242,68.32185,108.9863],[162.448,68.32715,105.5446],[162.45658,68.33151,88.3804],[162.46681,68.33505,102.5033],[162.51662,68.34715,160.8407],[162.52861,68.35218,187.2558],[162.5345,68.35766,183.8535],[162.53543,68.36278,179.4259],[162.5343,68.36777,173.3901],[162.53047,68.37764,182.2142],[162.52923,68.3826,170.0747],[162.52954,68.38782,178.392],[162.5314,68.39303,182.8827],[162.53357,68.39784,181.3373],[162.53605,68.40177,168.848],[162.53915,68.40564,167.3515],[162.58401,68.4398,237.1211],[162.58907,68.44559,279.9024],[162.59186,68.45112,307.1991],[162.59248,68.45639,301.5135],[162.59155,68.46135,313.841],[162.59,68.46631,356.557],[162.58907,68.47132,415.1096],[162.58618,68.48135,449.1189],[162.58525,68.48631,517.2147],[162.58184,68.49628,521.9249],[162.58091,68.50125,500.5492],[162.58225,68.50641,349.2644],[162.58711,68.51168,346.0163],[162.61253,68.52641,434.9356],[162.61967,68.53173,568.2014],[162.62752,68.54238,554.0967],[162.63238,68.5476,565.0814],[162.64251,68.55339,630.7391],[162.69615,68.57809,414.6677],[162.71165,68.58946,355.1226],[162.71713,68.59512,432.957],[162.72064,68.60041,446.6955],[162.72323,68.60517,437.0249],[162.72374,68.60873,443.0144],[162.72374,68.61235,448.8831],[162.7194,68.62119,405.9319],[162.69821,68.64413,461.4629],[162.69542,68.64888,441.2833],[162.69325,68.65377,442.7253],[162.6915,68.6587,460.2254],[162.69057,68.66372,450.5653],[162.6884,68.66868,377.9482],[162.68509,68.67333,329.3474],[162.67858,68.67757,334.377],[162.6699,68.68154,367.8793],[162.62938,68.69167,371.2853],[162.6206,68.6956,401.1038],[162.61408,68.69984,434.3259],[162.61047,68.70449,414.9395],[162.60819,68.7094,386.5331],[162.60644,68.71441,346.3179],[162.60582,68.71942,351.3545],[162.60447,68.72444,385.7371],[162.60365,68.7295,416.6639],[162.60075,68.73942,359.9443],[162.59993,68.74443,372.6922],[162.59869,68.74945,429.3396],[162.59796,68.75446,457.389],[162.59527,68.76449,393.0518],[162.59496,68.7851,406.4921],[162.59434,68.79022,370.6913],[162.59434,68.79565,286.6534],[162.5961,68.80056,246.1596],[162.60044,68.80503,222.9436],[162.60985,68.80438,223.9603],[162.64912,68.79552,214.3223],[162.69108,68.79226,179.5862],[162.72395,68.79394,213.0154],[162.74173,68.79753,253.8937],[162.75526,68.80221,309.0798],[162.77097,68.81384,320.8363],[162.78307,68.82567,393.1674],[162.79144,68.83197,316.5821],[162.83474,68.85259,379.1677],[162.84322,68.85864,329.8183],[162.84622,68.86401,319.6743],[162.84694,68.86928,319.433],[162.84322,68.87396,325.391],[162.83412,68.87776,310.4874],[162.78989,68.88649,301.7664],[162.78007,68.89029,319.7712],[162.7747,68.89466,339.7256],[162.77294,68.89962,368.7626],[162.77232,68.90463,411.742],[162.77749,68.91915,309.5612],[162.77625,68.92339,322.4861],[162.7719,68.92789,348.0721],[162.76136,68.93145,401.4654],[162.70204,68.94334,462.4672],[162.55414,68.99129,617.1573],[162.53574,69.00062,536.0588],[162.53213,69.00468,399.218],[162.53171,69.00907,393.8615],[162.53213,69.01419,386.2295],[162.53492,69.01972,446.6884],[162.53833,69.02535,551.5942],[162.5438,69.03114,693.5307],[162.55063,69.0424,650.9631],[162.55228,69.04783,692.0296],[162.55094,69.05284,604.0535],[162.54505,69.05708,559.5694],[162.50835,69.06674,691.9327],[162.5006,69.07082,598.2878],[162.4974,69.07558,514.1041],[162.49678,69.08059,534.6777],[162.50339,69.0918,464.5553],[162.50546,69.09718,517.1699],[162.50401,69.10219,567.3145],[162.5098,69.10922,639.7175],[162.52375,69.1178,574.8973],[162.59548,69.13929,329.6663],[162.61915,69.14183,332.7746],[162.65646,69.14084,391.183],[162.66545,69.14426,421.2229],[162.67289,69.14963,447.1245],[162.6853,69.15671,412.4046],[162.70886,69.16586,407.8663],[162.74772,69.17526,541.0689],[162.76725,69.18234,654.7599],[162.77883,69.18854,521.3707],[162.78048,69.19386,476.7837],[162.77873,69.19883,428.3668],[162.77418,69.20337,425.3798],[162.64809,69.26934,405.2122],[162.55724,69.29861,565.3114],[162.5405,69.30673,488.7755],[162.52841,69.31541,576.1664],[162.52396,69.32001,732.4766],[162.52065,69.32471,790.6827],[162.51239,69.34424,606.1735],[162.51073,69.35442,527.1127],[162.51104,69.35954,472.5284],[162.51197,69.36486,467.5863],[162.51228,69.37003,524.5848],[162.51042,69.37499,590.316],[162.50742,69.37974,573.8565],[162.49492,69.38832,483.0633],[162.47384,69.39597,349.1214],[162.37834,69.41349,311.0781],[162.36811,69.41742,333.9037],[162.36614,69.42274,297.4729],[162.40097,69.44258,194.1187],[162.40821,69.44842,250.4189],[162.41286,69.45406,227.6935],[162.41379,69.45938,205.5152],[162.41172,69.46418,183.6132],[162.40717,69.46873,161.8111],[162.32728,69.51503,127.7947],[162.31757,69.52408,133.6102],[162.31105,69.53359,130.837],[162.31136,69.53984,131.0585],[162.3154,69.54679,213.1286],[162.32821,69.55637,175.9965],[162.34185,69.5618,120.1276],[162.37276,69.56857,115.6666],[162.37885,69.57255,121.9067],[162.37772,69.57699,133.9963],[162.34433,69.59823,112.579],[162.33989,69.60361,74.7442],[162.33968,69.6097,49.3908],[162.34929,69.61839,33.1198],[162.36149,69.62226,34.8093],[162.43187,69.63187,19.0248],[162.44211,69.6364,14.1455],[162.44552,69.64027,13.5718],[162.44459,69.6434,13.5448],[162.442,69.64743,10.3843],[162.43807,69.65182,29.2645],[162.43456,69.65683,0.0],[162.43239,69.66086,0.0],[162.43125,69.66965,0.0],[162.43177,69.67709,0.0],[162.43177,69.67713,0.0],[162.40797,69.67658,0.0],[162.38852,69.68155,0.0],[162.34344,69.70156,0.0],[162.32716,69.70197,0.0],[162.32814,69.67988,0.0],[162.31788,69.66291,0.0],[162.29851,69.65168,0.0],[162.27182,69.64671,0.0],[162.25164,69.64883,0.0],[162.23048,69.65363,0.0],[162.20973,69.65591,0.0],[162.18971,69.65046,0.0],[162.17644,69.64106,0.0],[162.17221,69.63337,0.0],[162.17848,69.62812,0.0],[162.1963,69.62629,0.0],[162.16871,69.61677,0.0],[162.15309,69.61371,0.0],[162.13819,69.61262,0.0],[162.12648,69.61005,0.0],[162.08644,69.59211,0.8409],[162.03028,69.58397,0.0],[162.01466,69.57343,0.0],[162.02556,69.55117,0.0],[161.94565,69.52798,0.0],[161.90504,69.52521,0.0],[161.84409,69.53535,0.0],[161.82374,69.53465,0.0],[161.80445,69.52973,0.0],[161.76808,69.5056,0.0],[161.74757,69.50121,1.3515],[161.72633,69.50023,0.0],[161.70265,69.49592,0.0],[161.67644,69.48233,0.0],[161.62794,69.44367,1.9262],[161.60035,69.42829,2.3564],[161.47381,69.39704,1.624],[161.4358,69.37987,0.0],[161.44801,69.37031,0.0],[161.47739,69.35562,0.0],[161.48365,69.34512,0.0],[161.4756,69.33454,0.0],[161.45558,69.3308,0.0],[161.41538,69.33145,0.0],[161.42726,69.31924,0.0],[161.4572,69.30158,2.4537],[161.46315,69.28705,0.0],[161.39926,69.22126,0.0],[161.43556,69.20482,0.0],[161.45346,69.19416,0.0],[161.46559,69.18195,0.0],[161.46608,69.16852,2.194],[161.4489,69.15396,3.7517],[161.48048,69.12295,0.0],[161.48325,69.11595,0.0],[161.48178,69.10041,0.0],[161.48365,69.09186,0.0],[161.4992,69.07193,0.0],[161.5407,69.04755,52.8454],[161.55877,69.02977,38.2639],[161.56568,69.01488,47.9632],[161.56707,69.0017,24.1039],[161.56617,68.96833,0.0],[161.57081,68.94652,0.0],[161.57586,68.9326,3.9174],[161.57407,68.92113,0.0],[161.55877,68.90693,0.0],[161.53338,68.89496,4.0407],[161.47779,68.87906,5.6103],[161.4323,68.84601,0.0],[161.32765,68.79706,0.0],[161.3191,68.79023,0.0],[161.31479,68.78364,0.0],[161.30649,68.76642,0.0],[161.29029,68.75373,0.0],[161.30616,68.73334,5.2702],[161.34702,68.7014,2.4974],[161.33082,68.69196,0.0],[161.27125,68.67414,0.0],[161.2566,68.66608,2.7573],[161.14991,68.57087,3.6325],[161.13413,68.56143,4.3551],[161.12045,68.55744,4.5228],[161.09645,68.55317,4.0273],[161.04689,68.53441,6.055],[160.90821,68.52334,0.0],[160.82106,68.52741,0.0],[160.77947,68.53946,0.0],[160.75807,68.56428,2.9696],[160.94239,68.5539,3.7776],[161.03175,68.56049,4.4172],[161.10694,68.60521,5.4445],[161.14666,68.65274,0.0],[161.17091,68.6728,4.724],[161.19907,68.68098,5.8108],[161.20965,68.69208,4.8307],[161.21412,68.71743,2.8266],[161.21713,68.76813,3.0782],[161.21616,68.77888,2.4455],[161.21681,68.784,3.2454],[161.21941,68.79218,1.6411],[161.22185,68.79328,0.69],[161.22535,68.79287,4.9118],[161.24122,68.80549,3.1545],[161.26791,68.82168,4.1518],[161.27882,68.8312,2.4543],[161.2837,68.84048,4.0697],[161.29135,68.86213,4.0608],[161.29933,68.87275,3.4702],[161.31235,68.88239,3.8518],[161.34344,68.89948,3.7064],[161.39405,68.94343,1.8119],[161.4109,68.96357,3.4677],[161.41538,68.982,0.0],[161.39015,69.00552,1.217],[161.34034,69.02753,3.4945],[161.28728,69.04389,3.3819],[161.05909,69.06957,2.8567],[160.9629,69.10554,0.8053],[160.98325,69.13178,2.8748],[161.01246,69.14619,1.4528],[161.03598,69.16267,3.3079],[161.03858,69.19489,2.8957],[161.03077,69.20913,2.7115],[161.00856,69.23395,2.5122],[161.00392,69.24608,2.256],[161.00709,69.25178,2.6756],[161.01441,69.26008,1.4765],[161.02174,69.27082,0.0],[161.02491,69.28368,2.3264],[161.02272,69.2956,2.9227],[161.0171,69.30768,2.5218],[161.00929,69.319,2.9236],[161.0005,69.32831,0.264],[160.99317,69.33881,2.2595],[160.98845,69.36176,1.9276],[160.98341,69.37299,-0.1305],[160.96941,69.38687,1.4088],[160.95607,69.39484,1.2628],[160.9463,69.40302,1.5455],[160.94239,69.41743,1.7199],[160.94125,69.43179,1.1846],[160.93775,69.44013,1.8794],[160.92123,69.46182,0.9474],[160.93653,69.49103,1.7862],[160.94508,69.51704,1.9901],[160.95899,69.54023,1.8997],[160.99024,69.5611,-4.0],[161.00636,69.57734,1.4828],[160.99464,69.59317,0.0],[160.94923,69.61945,0.3675],[160.94077,69.62678,0.6027],[160.9336,69.63491,0.0],[160.92555,69.64208,0.0],[160.91505,69.64671,0.0],[160.89723,69.64623,0.0],[160.86549,69.63398,0.5118],[160.8484,69.63508,0.7462],[160.71949,69.66519,0.0],[160.51596,69.6872,0.0],[160.44907,69.68545,0.0],[160.38396,69.67487,0.0],[160.31861,69.6542,0.8127],[160.32154,69.67593,1.8238],[160.32057,69.69009,0.0],[160.31186,69.70002,0.0],[160.292,69.70881,0.0],[160.25587,69.7187,0.0],[160.14112,69.72866,0.0],[160.15187,69.72045,0.4732],[160.18898,69.70197,0.8632],[160.16944,69.70327,0.535],[160.13722,69.71809,2.6918],[159.88697,69.78754,0.0],[159.86183,69.78986,0.0],[159.83269,69.78388,0.0],[159.76905,69.76203,2.0802],[159.78842,69.77481,2.1278],[159.79664,69.78734,1.5075],[159.79884,69.79637,1.6885],[159.80209,69.80191,0.0],[159.80112,69.80703,0.0],[159.79038,69.81493,0.0],[159.7754,69.82176,0.0],[159.74464,69.83112,1.852],[159.72967,69.83857,1.0223],[159.76303,69.83857,0.0],[159.70997,69.87149,0.0],[159.68898,69.89077,0.9304],[159.69207,69.91087,1.5074],[159.73609,69.94725,1.6699],[159.761,69.96186,1.9775],[159.78696,69.9726,1.6976],[159.84864,69.98579,1.3733],[159.86305,69.99282,0.0],[159.86931,70.00503,0.0],[159.8628,70.01455,0.0],[159.85231,70.02253,0.5],[159.84636,70.03034,29.1766],[159.85133,70.05492,20.326],[159.86964,70.07217,28.0973],[159.91456,70.09858,0.0],[159.88998,70.10765,0.0],[159.82594,70.10309,0.0],[159.79664,70.10602,0.0],[159.7444,70.12621,4.3081],[159.71827,70.13296,1.7762],[159.68865,70.13398,1.1495],[159.73756,70.14594,1.0149],[159.90089,70.12661,1.7925],[159.93824,70.12849,0.9779],[159.95867,70.14106,0.0],[159.99366,70.19208,2.227],[160.02101,70.21068,1.5347],[160.08815,70.23835,0.0],[160.10629,70.26374,0.0],[160.10434,70.28474,0.0],[160.09425,70.30988,0.0],[160.08074,70.33332,0.0],[160.05258,70.37177,0.0],[160.02491,70.41942,0.0],[159.84311,70.58153,0.0],[159.68946,70.67097,0.0],[159.2378,70.82929,0.0],[158.88071,70.89905,0.0],[158.52361,70.96882,0.0],[158.3694,70.98054,0.0],[158.27955,71.00544,0.0],[158.18067,71.0104,0.0],[157.98911,71.04751,0.0],[157.77345,71.05427,0.0],[157.69435,71.06745,0.0],[157.64112,71.06489,0.0],[157.58579,71.07486,0.0],[157.28688,71.07453,0.0],[156.98573,71.08362,0.0],[156.68458,71.09272,0.0],[156.28736,71.08613,0.0],[155.93637,71.09935,0.0],[155.62957,71.07241,0.0],[155.6045,71.06566,0.0],[155.59099,71.05565,0.0],[155.56568,71.02945,2.4834],[155.55299,71.02412,2.4659],[155.5464,71.01923,0.0],[155.54103,71.00804,0.0],[155.53745,70.99559,2.4595],[155.53614,70.9868,0.0],[155.5298,70.97622,2.5759],[155.51564,70.98066,3.1503],[155.50148,70.99258,2.4159],[155.49464,71.00422,3.4194],[155.49903,71.01447,2.0],[155.51905,71.03433,2.5525],[155.52198,71.04515,0.0],[155.50758,71.05736,0.0],[155.47983,71.06159,0.0],[155.02947,71.03315,0.0],[154.73805,71.00385,0.0],[154.48841,70.98442,0.0],[154.23878,70.96499,0.0],[154.17872,70.94212,0.0],[153.93043,70.89411,0.0],[153.66375,70.86103,0.9028],[153.61785,70.88325,0.0],[153.45314,70.87324,0.0],[153.45932,70.88068,0.0],[153.34816,70.88251,0.0],[153.31544,70.87324,0.0],[153.32748,70.86115,0.0],[153.31088,70.85761,0.0],[152.99024,70.83462,0.0],[152.79835,70.83462,0.0],[152.61305,70.83462,0.0],[152.57683,70.8203,0.0],[152.54078,70.79133,0.0],[152.54908,70.82709,0.0],[152.50489,70.84785,0.0],[152.21095,70.88056,0.0],[151.96909,70.94481,0.0],[151.68149,70.9759,0.0],[151.65748,70.99055,2.7953],[152.06088,70.9831,1.042],[152.11402,70.9892,0.0],[152.13396,70.99811,0.0],[152.13673,71.01728,0.0],[152.10353,71.05012,0.0],[151.98854,71.08731,0.0],[151.94858,71.10969,0.0],[151.90577,71.14204,0.0],[151.79916,71.18138,0.0],[151.75318,71.20966,0.6428],[151.76734,71.22333,0.0],[151.75441,71.22793,0.0],[151.71827,71.25064,0.8123],[151.70143,71.25776,0.962],[151.66717,71.26732,1.0555],[151.6504,71.27424,0.6023],[151.64064,71.2812,0.6881],[151.62257,71.29804,0.0],[151.60914,71.30524,0.0],[151.59116,71.31025,0.0],[151.5534,71.31615,0.0],[151.49244,71.33316,0.0],[151.1447,71.36555,0.7807],[151.0713,71.38825,0.0],[151.03305,71.39399,0.0],[150.85873,71.37417,0.0],[150.82521,71.3666,0.0],[150.75945,71.33332,2.2893],[150.69288,71.31806,0.9663],[150.63014,71.28486,1.9883],[150.5949,71.2779,0.4521],[150.61329,71.28437,0.5024],[150.62599,71.29841,2.729],[150.64332,71.3332,1.8561],[150.66041,71.35676,1.918],[150.68141,71.37202,1.7119],[150.73894,71.39399,1.3716],[150.65699,71.39029,1.6244],[150.61801,71.37938,1.1198],[150.55779,71.33918,0.6254],[150.4087,71.28498,2.6588],[150.28012,71.2779,1.0327],[150.24334,71.2683,-1.1141],[150.14454,71.22138,-0.933],[150.0962,71.21052,2.9467],[150.06861,71.20808,3.1498],[150.04672,71.20966,3.3092],[150.02963,71.21625,2.6356],[150.02687,71.22264,1.2526],[150.03663,71.22761,-0.4018],[150.09441,71.23542,1.3166],[150.20981,71.27973,1.6193],[150.23455,71.28461,2.6148],[150.28289,71.28823,1.6342],[150.3069,71.29536,2.7921],[150.33823,71.31053,1.694],[150.35483,71.31647,2.2868],[150.39129,71.32087,2.5038],[150.4524,71.3378,2.1068],[150.47462,71.34125,2.8017],[150.49537,71.34211,2.3433],[150.51515,71.34642,2.793],[150.53346,71.3605,2.3497],[150.52801,71.36567,2.2888],[150.54249,71.37914,2.4316],[150.54713,71.39057,2.053],[150.55405,71.40266,1.8301],[150.57032,71.41087,1.7712],[150.60377,71.41966,1.5732],[150.62574,71.4289,1.8282],[150.65162,71.44522,1.6275],[150.67018,71.46638,1.2758],[150.67066,71.49018,0.7826],[150.63502,71.51496,0.0],[150.57993,71.51854,0.0],[150.4782,71.51069,1.1219],[150.43629,71.51728,0.0],[150.41774,71.51765,0.0],[150.3506,71.50023,1.4567],[150.32716,71.49852,1.4364],[150.3069,71.50385,1.2543],[150.32195,71.50943,1.2781],[150.3274,71.51069,0.0],[150.30193,71.51895,0.0],[150.27711,71.52123,0.0],[150.1172,71.51569,1.9587],[149.89373,71.47114,2.0931],[149.86801,71.46223,0.4199],[149.87281,71.47093,1.9828],[149.87436,71.4798,-0.9439],[149.87281,71.48859,-0.7788],[149.86801,71.49702,2.4543],[149.93165,71.52302,2.5388],[149.96461,71.52936,2.2726],[149.96803,71.53474,2.2907],[149.95476,71.5489,1.4784],[149.93881,71.57412,1.8874],[149.95167,71.59162,1.8773],[149.98015,71.60057,1.7519],[150.01205,71.60004,0.2063],[150.01002,71.59296,0.9002],[150.00799,71.57954,0.5176],[150.00587,71.57217,0.7397],[150.04526,71.57429,1.4388],[150.08579,71.58149,1.6341],[150.10206,71.59471,1.2027],[150.06886,71.61506,1.4544],[150.00416,71.63166,1.0886],[149.98536,71.64106,0.818],[149.9651,71.66279,0.8776],[149.9533,71.66987,1.0421],[149.92408,71.65721,1.1858],[149.90561,71.65937,1.1567],[149.88649,71.66511,0.0],[149.86801,71.66836,0.0],[149.84425,71.66559,0.0],[149.77247,71.64789,0.0],[149.35873,71.67731,0.0],[149.313,71.68671,1.7022],[149.18287,71.68879,0.0],[149.12062,71.7027,0.0],[149.10157,71.70311,0.0],[149.08351,71.69721,0.0],[149.04526,71.67744,0.0],[149.02605,71.67011,0.0],[149.0031,71.66767,0.0],[148.82716,71.6752,1.3514],[148.86606,71.69538,0.9314],[148.90992,71.70148,0.0],[149.00522,71.70311,1.354],[149.00213,71.71747,1.6392],[149.01002,71.7342,1.7821],[149.02418,71.74909,1.6146],[149.0394,71.75776,1.3369],[149.0394,71.76459,0.0],[148.91285,71.77139,8.3877],[148.89137,71.77534,6.3617],[148.83399,71.80614,2.6755],[148.83399,71.81232,2.893],[148.85043,71.81257,2.2808],[148.86606,71.81025,1.3889],[148.917,71.79511,0.7694],[148.97804,71.79182,1.8217],[149.10621,71.76679,0.5343],[149.14869,71.77139,1.2906],[149.16554,71.78132,1.5034],[149.19508,71.81269,1.1175],[149.2107,71.826,1.0935],[149.23911,71.83735,1.4308],[149.30372,71.85521,0.8179],[149.32683,71.87446,1.0342],[149.31642,71.87401,0.8684],[149.30616,71.87507,0.9644],[149.29615,71.87751,1.3065],[149.28647,71.88125,1.3405],[149.32911,71.89704,1.8874],[149.36899,71.90379,2.1455],[149.40797,71.89671,2.5457],[149.47788,71.85151,0.0],[149.55486,71.82225,0.0],[149.63136,71.78144,0.0],[149.66961,71.77119,0.0],[149.70948,71.77289,1.9109],[150.02003,71.84858,1.3997],[150.05641,71.86664,1.1122],[150.07423,71.89423,1.1262],[150.06691,71.92194,1.3553],[150.0433,71.94139,0.8275],[149.95135,71.99995,1.0177],[149.74464,72.10033,0.0],[149.73959,72.10493,0.0],[149.73015,72.11677,0.0],[149.72478,72.12079,0.0],[149.70851,72.12466,0.0],[149.67262,72.12653,0.0],[149.61134,72.14838,0.0],[149.36866,72.18521,1.3121],[148.96485,72.25137,0.0],[148.68344,72.28115,0.0],[148.40203,72.31094,9.6171],[148.12403,72.3242,0.0],[147.74676,72.33881,0.0],[147.66505,72.32559,0.0],[147.43393,72.33991,0.0],[147.33009,72.32355,0.0],[147.24383,72.33308,0.0],[147.19557,72.3299,0.0],[147.14869,72.32054,0.0],[147.10467,72.30557,0.0],[146.67042,72.08714,0.0],[146.63063,72.0799,0.0],[146.61948,72.07486,0.0],[146.58961,72.04198,0.0],[146.46925,71.97004,0.0],[146.40065,71.94912,0.0],[146.3838,71.93928,0.0],[146.37721,71.92845,1.704],[146.37208,71.91616,1.5366],[146.36541,71.90595,1.1243],[146.35304,71.90168,1.5557],[146.33131,71.89932,0.0],[146.25856,71.87946,0.0],[146.1565,71.82071,0.0],[146.10011,71.80907,0.0],[146.03631,71.78636,0.0],[146.00904,71.78124,0.0],[145.95045,71.7812,0.0],[145.9227,71.77643,0.0],[145.82716,71.74763,0.0],[145.72999,71.7298,0.0],[145.57,71.74095,0.0],[145.34376,71.66328,0.0],[145.33326,71.66108,1.5985],[145.3213,71.66031,1.5115],[145.30934,71.66104,1.6478],[145.29884,71.66328,2.4465],[145.29054,71.66779,12.7862],[145.28289,71.67817,0.0],[145.27687,71.68203,0.0],[145.25074,71.68671,0.0],[145.22804,71.68403,0.0],[145.2059,71.67853,0.0],[145.18133,71.6752,0.0],[145.1565,71.67805,0.0],[145.1045,71.69286,0.0],[145.07814,71.69628,0.0],[145.05738,71.69212,0.0],[145.0228,71.67601,2.234],[145.0031,71.6752,2.2126],[145.01059,71.68203,2.7893],[144.98561,71.70018,0.0],[144.95346,71.70173,1.3363],[144.92066,71.69172,2.7446],[144.89324,71.6752,3.1802],[144.90626,71.69888,2.8298],[144.90113,71.73257,3.9953],[144.92066,71.74348,0.0],[144.8864,71.77139,3.273],[144.92677,71.78254,6.3125],[145.02906,71.77066,2.2471],[145.10182,71.80073,5.6226],[145.15138,71.8039,5.6121],[145.19646,71.81306,6.5906],[145.21599,71.84333,19.4061],[145.18873,71.85602,0.0],[145.06332,71.88003,10.0181],[145.02711,71.89118,4.1611],[145.01205,71.89989,2.5579],[144.97438,71.91372,4.0441],[144.96217,71.92227,3.9525],[144.95623,71.93452,2.8786],[144.9568,71.94477,3.7952],[144.96022,71.9549,4.2314],[144.96217,71.96662,3.8169],[144.97096,71.98029,3.8754],[144.99073,71.97455,3.147],[145.02215,71.95409,0.0],[145.07846,71.94062,0.0],[145.16188,71.93403,3.8875],[145.25611,71.90746,8.5508],[145.3047,71.87783,0.0],[145.32936,71.871,0.0],[145.56674,71.90607,0.0],[145.74757,71.9099,21.0991],[145.7693,71.9138,4.5677],[145.79029,71.92007,0.0],[145.80567,71.92902,28.2151],[145.80958,71.93578,12.5378],[145.813,71.95331,5.8969],[145.81813,71.9632,5.4695],[145.80152,71.98322,4.3562],[145.80047,72.00731,6.0039],[145.79127,72.02831,25.9615],[145.75034,72.03889,0.0],[145.69703,72.03148,0.0],[145.674,72.03286,0.0],[145.65073,72.04881,1.944],[145.64096,72.06074,1.821],[145.6338,72.07298,1.8935],[145.62989,72.07665,5.9518],[145.62501,72.07811,16.7125],[145.6211,72.08027,8.5403],[145.62013,72.08609,3.2558],[145.62192,72.09235,4.2267],[145.62525,72.09243,4.4358],[145.62924,72.09113,2.2568],[145.6338,72.09349,0.0],[145.7234,72.16218,4.919],[145.73854,72.19123,4.8975],[145.74855,72.20547,2.5676],[145.75034,72.20962,2.2393],[145.74147,72.22126,0.0],[145.72967,72.22191,0.0],[145.71599,72.21833,0.0],[145.702,72.21703,0.0],[145.61329,72.24433,2.6023],[145.65203,72.2556,1.7922],[145.69207,72.25727,2.3038],[145.84254,72.23005,2.2094],[145.88006,72.21906,2.0577],[145.90748,72.20336,0.0],[145.89088,72.19599,0.0],[145.85385,72.19107,0.0],[145.83912,72.18285,0.0],[145.84938,72.16218,0.0],[145.87696,72.15908,0.0],[145.91139,72.16083,0.2437],[145.94166,72.15497,0.0],[145.95753,72.14155,0.0],[145.96225,72.12678,0.0],[145.95476,72.11245,0.0],[145.93483,72.10033,0.0],[145.94972,72.08308,0.0],[145.96803,72.0705,0.0],[145.98341,72.06851,0.0],[145.99,72.08295,2.4135],[145.99513,72.09089,0.7453],[146.00709,72.09789,0.0],[146.05836,72.11738,1.1316],[146.0656,72.12271,1.2159],[146.06422,72.12613,0.9962],[146.05991,72.12946,1.1002],[146.05681,72.14297,0.0],[146.04957,72.14989,0.0],[146.04689,72.15693,0.36],[146.05836,72.16551,1.9526],[146.07895,72.1704,2.5412],[146.14772,72.16865,1.7903],[146.20655,72.17577,0.0],[146.23471,72.17243,0.9048],[146.23707,72.15497,1.0408],[146.32439,72.1413,3.0267],[146.34693,72.12763,2.877],[146.28126,72.11371,0.9112],[146.27125,72.10407,1.0636],[146.26173,72.08845,1.0505],[146.23951,72.08039,1.0577],[146.19549,72.07298,0.7171],[146.12989,72.0456,0.0],[146.1067,72.03889,0.0],[146.0818,72.03783,0.0],[146.03273,72.04352,0.0],[146.00978,72.03889,1.9031],[145.99301,72.02973,0.0],[145.99301,72.02436,0.0],[145.99985,72.01765,2.3342],[146.00367,72.0041,2.5372],[146.00294,71.99152,3.2541],[146.00115,71.98371,1.7872],[145.99643,71.97679,1.5313],[145.98658,71.96662,0.0],[145.98707,71.95966,1.6311],[145.99415,71.95026,0.0],[145.99903,71.93871,1.79],[145.99342,71.9256,2.351],[145.98072,71.91665,0.0],[145.9524,71.90095,0.0],[145.94166,71.88809,0.0],[145.93979,71.85725,0.0],[145.9725,71.85627,0.0],[146.24383,71.98656,3.1109],[146.49537,72.06599,0.0],[146.67758,72.16275,1.8345],[146.72682,72.19965,1.9641],[146.77573,72.22846,3.1736],[146.89283,72.27147,2.8965],[146.92921,72.31265,1.5494],[146.59653,72.304,2.8873],[146.26385,72.29536,2.6913],[146.01197,72.29108,0.0],[145.70399,72.28197,0.0],[145.39601,72.27285,0.0],[145.0687,72.26435,0.0],[144.95053,72.24225,0.0],[144.75164,72.2331,0.0],[144.69842,72.22272,0.0],[144.67457,72.21332,0.0],[144.62257,72.18057,0.0],[144.59913,72.17544,0.0],[144.47755,72.17036,0.0],[144.41554,72.17503,0.0],[144.28028,72.20392,0.0],[144.25652,72.21332,2.6736],[144.23471,72.21906,2.5975],[144.2107,72.22175,0.0],[144.19386,72.22801,2.3156],[144.19435,72.24433,0.8979],[144.17213,72.24787,2.6646],[144.10548,72.2779,4.0311],[144.16725,72.27387,3.5331],[144.18556,72.26972,3.4337],[144.2068,72.26748,2.88],[144.22527,72.27399,3.9969],[144.24317,72.28388,5.986],[144.26319,72.29214,6.4509],[144.29916,72.29629,8.5348],[144.34246,72.29377,24.9492],[144.38551,72.28535,2.7012],[144.42091,72.27167,1.9533],[144.48276,72.23664,1.2746],[144.52076,72.225,0.0],[144.53761,72.24063,0.0],[144.54786,72.25739,0.0],[144.62623,72.3166,0.0],[144.66114,72.33686,0.0],[144.66684,72.34667,1.8261],[144.68043,72.35749,8.8668],[144.70826,72.37409,3.2006],[144.85092,72.42414,9.2508],[144.89552,72.43403,9.7957],[144.94321,72.43818,8.7757],[144.9909,72.43622,8.5474],[145.03566,72.42707,8.8186],[145.07244,72.40717,0.0],[145.0923,72.40021,0.0],[145.10955,72.4051,9.6219],[145.12599,72.41437,29.9733],[145.1478,72.41987,9.5555],[145.17026,72.4206,8.6659],[145.18873,72.41568,0.0],[145.18133,72.40819,0.0],[145.20444,72.40209,0.0],[145.2531,72.40107,0.0],[145.27687,72.39517,0.0],[145.29119,72.38642,0.0],[145.31764,72.36367,0.0],[145.33204,72.35419,0.0],[145.35288,72.34675,0.0],[145.37176,72.34593,0.0],[145.47023,72.36005,2.6432],[145.68767,72.36396,2.8881],[146.06023,72.34382,1.1389],[146.10865,72.35261,2.4382],[146.45033,72.34166,0.9346],[146.792,72.33072,0.0],[146.84034,72.34675,1.1173],[146.83286,72.34052,1.1597],[146.84409,72.34663,0.944],[146.85401,72.35419,0.0],[146.80201,72.35448,1.179],[146.48373,72.40168,0.8417],[146.41049,72.42695,0.0],[146.27036,72.44086,1.1172],[146.12469,72.46988,0.0],[145.95924,72.47191,1.2975],[145.71412,72.49632,1.2795],[145.40952,72.55589,0.0],[145.12485,72.57577,0.0],[144.84018,72.59565,0.0],[144.56861,72.60887,7.7041],[144.30388,72.64199,0.0],[144.07228,72.64863,27.2302],[143.7072,72.66665,0.0],[143.60279,72.68871,0.0],[143.48683,72.7001,0.0],[143.09067,72.6894,0.0],[143.03639,72.69986,0.0],[142.70802,72.71186,0.0],[142.54282,72.71784,0.0],[142.2317,72.70156,16.493],[141.9817,72.7246,0.0],[141.7317,72.74763,0.0],[141.65594,72.7661,0.0],[141.55063,72.77432,17.8374],[141.46192,72.80581,0.0],[141.41179,72.83397,0.0],[141.3899,72.84333,0.0],[141.27272,72.86636,0.0],[141.06568,72.8697,0.0],[141.00929,72.87906,0.0],[140.89047,72.88056,0.0],[140.83595,72.89118,0.0],[140.78053,72.88939,0.0],[140.72584,72.89863,0.0],[140.59425,72.89289,0.0],[140.58131,72.88467,0.0],[140.58318,72.8675,0.0],[140.59596,72.85859,0.0],[140.64234,72.84247,0.0],[140.65895,72.83397,0.0],[140.65992,72.82966,0.0],[140.65797,72.81639,0.0],[140.65895,72.81232,0.0],[140.66424,72.80903,0.0],[140.84938,72.76048,0.0],[140.88592,72.73444,0.0],[140.90724,72.72932,0.0],[140.9524,72.72411,3.0226],[140.99155,72.70942,0.0],[141.01295,72.69082,0.0],[141.011,72.6684,0.0],[140.98048,72.64224,0.0],[140.98797,72.63471,0.0],[140.96461,72.61567,0.0],[140.94988,72.607,0.0],[140.93263,72.60065,0.0],[140.9524,72.59357,0.0],[140.99659,72.58739,0.0],[141.11085,72.58698,0.0],[141.07008,72.57807,1.7945],[140.93409,72.56778,0.0],[140.90463,72.55561,0.0],[140.87778,72.53775,0.0],[140.79469,72.53164,0.0],[140.57651,72.49632,0.0],[140.34474,72.48969,0.0],[140.07276,72.47923,0.0],[139.84474,72.503,0.0],[139.54176,72.49763,0.0],[139.49838,72.48725,0.0],[139.38404,72.4287,0.0],[139.37013,72.42609,0.0],[139.34205,72.42495,0.0],[139.32879,72.42251,0.0],[139.32276,72.41804,0.0],[139.31219,72.40477,0.0],[139.30519,72.402,0.0],[139.28679,72.39704,0.0],[139.2326,72.36042,0.0],[139.16676,72.32779,0.0],[139.13575,72.3041,0.0],[139.12273,72.27473,0.0],[139.11736,72.26561,0.0],[139.094,72.24824,0.0],[139.0892,72.23688,0.0],[139.09636,72.22655,0.0],[139.13063,72.19916,0.0],[139.19158,72.16267,0.0],[139.2422,72.1457,0.0],[139.29518,72.13691,0.0],[139.34986,72.13447,0.0],[139.33375,72.14789,0.0],[139.28045,72.15253,0.0],[139.26051,72.16242,0.0],[139.25668,72.17902,9.2732],[139.27719,72.18016,14.1612],[139.32879,72.16865,45.1504],[139.38697,72.16218,38.5859],[139.53297,72.16429,0.0],[139.55592,72.17544,0.0],[139.45965,72.17243,16.6195],[139.43238,72.18285,37.2418],[139.51808,72.21922,8.227],[139.56072,72.232,18.8281],[139.85312,72.22846,29.8889],[140.14552,72.22492,69.3898],[140.19711,72.21381,0.0],[140.21949,72.18635,0.0],[140.19288,72.16673,0.0],[140.13209,72.15388,0.0],[140.06739,72.14785,0.0],[140.0276,72.14875,1.3223],[139.93019,72.17381,0.0],[139.8742,72.17817,0.0],[139.84962,72.15868,0.0],[139.83155,72.13764,0.0],[139.71567,72.08295,0.0],[139.70151,72.05931,0.0],[139.70484,72.03767,0.0],[139.7129,72.01748,0.0],[139.71225,71.99795,0.0],[139.68214,71.96967,0.0],[139.63453,71.95454,0.0],[139.58318,71.94896,0.0],[139.42848,71.9632,0.0],[139.33619,71.94953,0.0],[139.33619,71.94269,0.0],[139.5739,71.93293,5.7356],[139.60678,71.9256,0.0],[139.64894,71.90974,0.0],[139.66472,71.89985,0.0],[139.68165,71.88467,0.0],[139.7103,71.87092,0.0],[139.78028,71.87002,0.0],[139.80926,71.86079,0.0],[139.79054,71.86005,0.0],[139.76539,71.85493,0.0],[139.74342,71.84488,0.0],[139.73414,71.82941,0.0],[139.72901,71.81794,0.0],[139.70338,71.80166,0.0],[139.69191,71.79182,0.0],[139.70183,71.78461,0.0],[139.70802,71.777,0.0],[139.70802,71.76992,0.0],[139.69939,71.76459,0.0],[139.71266,71.75605,0.0],[139.71811,71.71874,0.0],[139.73439,71.69131,0.0],[139.73455,71.67219,0.0],[139.74057,71.66494,0.0],[139.76173,71.65204,0.0],[139.81568,71.6035,0.0],[139.83619,71.58954,0.0],[140.00099,71.52497,0.0],[139.99537,71.52017,0.0],[139.98561,71.50861,0.0],[139.97983,71.50385,0.0],[140.02556,71.49189,1.6234],[140.03517,71.48404,1.7227],[140.03321,71.47211,0.0],[140.01832,71.47085,0.5129],[140.00017,71.47468,1.6271],[139.98845,71.47846,1.8727],[139.95444,71.48526,0.9829],[139.88771,71.48558,0.0],[139.8567,71.4936,0.0],[139.83627,71.49225,0.0],[139.76336,71.47431,0.0],[139.71778,71.45734,3.375],[139.68434,71.4643,14.5925],[139.62224,71.48859,0.0],[139.58766,71.4951,0.0],[139.44337,71.4951,0.0],[139.42189,71.48876,0.0],[139.37989,71.45917,0.0],[139.37379,71.45156,0.0],[139.36883,71.43553,0.0],[139.36297,71.42878,0.0],[139.34636,71.42182,0.0],[139.30291,71.41568,0.0],[139.19223,71.41511,18.8008],[139.13575,71.42805,25.9607],[139.11647,71.42878,26.3271],[139.15805,71.44864,0.2241],[139.14137,71.45946,0.2367],[139.10532,71.47736,0.9967],[139.0892,71.49018,1.209],[139.09669,71.49702,1.5036],[139.0774,71.5117,2.1342],[139.05787,71.55183,1.0354],[139.0451,71.56904,1.4398],[139.00896,71.58527,2.0384],[138.91814,71.59227,5.2351],[138.87696,71.60004,23.2622],[138.75603,71.64301,0.0],[138.71518,71.64789,0.0],[138.67701,71.64387,1.4514],[138.55486,71.60688,1.5688],[138.57309,71.60106,1.3909],[138.58815,71.59406,1.9357],[138.59498,71.5832,1.9737],[138.58888,71.5659,2.5274],[138.57716,71.55195,2.2662],[138.43816,71.53864,2.7312],[138.4109,71.55907,2.1061],[138.40187,71.56708,2.0442],[138.40398,71.57954,1.8666],[138.4214,71.59422,1.6201],[138.44793,71.60293,1.7041],[138.50025,71.6131,1.7385],[138.219,71.60004,0.0],[138.09864,71.58145,0.0],[138.03858,71.55874,0.0],[138.03395,71.52497,0.0],[138.02963,71.51459,0.0],[138.02955,71.49335,0.0],[138.02654,71.48404,0.0],[138.01498,71.47362,0.0],[137.96583,71.44864,0.0],[137.90512,71.41177,0.0],[137.86997,71.3972,0.0],[137.82862,71.39399,0.0],[137.82862,71.38715,0.0],[137.84498,71.38459,0.0],[137.87184,71.37055,1.1169],[137.88657,71.36734,0.6663],[137.90691,71.37165,0.0],[137.92563,71.37995,2.0348],[137.94483,71.38524,1.3677],[137.96583,71.38032,1.1058],[137.94532,71.37222,1.2998],[137.93702,71.36693,0.0],[137.93092,71.3605,4.9369],[137.95167,71.36026,0.0],[137.98829,71.3437,0.0],[138.00953,71.33934,0.0],[138.3047,71.33934,2.0222],[138.31959,71.33686,1.5719],[138.34718,71.32673,0.0],[138.36297,71.32575,0.0],[138.36297,71.31892,2.2237],[138.32293,71.31122,1.9519],[138.26686,71.31297,16.3505],[138.21046,71.32079,0.0],[138.16944,71.33124,1.4982],[138.15008,71.33271,1.5581],[137.9961,71.30219,0.0],[137.99244,71.29218,0.0],[138.21217,71.28644,7.6342],[138.23951,71.2779,4.824],[138.21502,71.25764,0.0],[138.18409,71.24543,0.0],[138.15105,71.24189,0.0],[138.10377,71.24877,0.0],[138.09571,71.24282,0.0],[138.09181,71.23456,0.0],[138.08806,71.22948,0.0],[138.06723,71.22492,0.0],[137.96949,71.22529,2.4171],[137.83139,71.25389,0.0],[137.80177,71.24665,0.0],[137.77296,71.23574,-1.2555],[137.73927,71.22948,1.1077],[137.75668,71.22085,1.2011],[137.77394,71.21459,0.0],[137.79176,71.21088,0.0],[137.8296,71.20869,0.0],[137.8475,71.20474,1.6831],[137.85524,71.19636,0.0],[137.8423,71.18232,0.0],[137.89959,71.20067,0.0],[137.91798,71.20283,0.0],[137.91041,71.19538,0.0],[137.96632,71.19432,0.0],[137.99415,71.19062,0.0],[138.01979,71.18232,0.0],[138.00668,71.17487,0.0],[138.02565,71.17097,0.0],[138.04672,71.16279,0.0],[138.06471,71.15046,0.0],[138.07439,71.13398,0.0],[138.03826,71.13105,3.4377],[138.00733,71.12324,0.0],[137.97739,71.11896,4.6253],[137.94467,71.1271,6.3202],[137.96551,71.13813,2.8014],[137.97267,71.14077,0.0],[137.93092,71.14802,0.0],[137.90952,71.14912,0.0],[137.88998,71.14419,0.0],[137.87436,71.13459,0.0],[137.8672,71.12775,0.0],[137.85939,71.12303,0.0],[137.8423,71.1197,0.9526],[137.813,71.11961,1.0675],[137.78346,71.12661,5.722],[137.76433,71.14224,2.1602],[137.76645,71.16804,6.3104],[137.74106,71.17064,4.393],[137.62566,71.19961,1.8871],[137.56398,71.20401,0.5434],[137.5337,71.2128,1.4939],[137.52613,71.22028,2.316],[137.53517,71.22533,1.4019],[137.56105,71.22948,1.1248],[137.57879,71.22797,8.4628],[137.61492,71.21821,1.9381],[137.63282,71.21589,0.2491],[137.66147,71.21674,-0.0944],[137.69239,71.22093,2.3225],[137.72023,71.23143,0.0044],[137.73927,71.25064,0.0],[137.7212,71.24942,1.3001],[137.70346,71.24555,1.4913],[137.68678,71.24429,1.149],[137.67091,71.25064,0.0],[137.68214,71.25682,0.3611],[137.69207,71.26459,0.0],[137.69996,71.27387,0.0],[137.70493,71.28474,0.0],[137.61573,71.24726,0.9907],[137.59295,71.24234,0.4594],[137.55983,71.2412,1.2851],[137.53248,71.24567,2.2981],[137.52687,71.25747,1.5832],[137.43336,71.27464,1.6103],[137.40349,71.28474,0.3494],[137.42457,71.29145,1.4034],[137.46559,71.28803,1.7441],[137.48536,71.29841,0.2927],[137.47185,71.29938,0.1434],[137.45509,71.30484,1.6461],[137.445,71.31293,0.2695],[137.45143,71.32233,1.1593],[137.47511,71.33149,1.6993],[137.48512,71.33723,7.0816],[137.4922,71.34683,0.057],[137.44703,71.3476,0.8964],[137.40349,71.35366,1.4658],[137.38893,71.3581,1.1322],[137.35564,71.37417,1.4107],[137.28419,71.35956,0.4753],[137.23894,71.36734,1.765],[137.26344,71.37751,0.3589],[137.27467,71.38524,0.2037],[137.26791,71.39252,5.401],[137.21095,71.40738,3.9193],[137.06609,71.41999,1.4006],[137.04029,71.42731,1.2048],[137.01271,71.43903,0.0006],[136.98178,71.44843,1.2578],[136.9192,71.45417,1.288],[136.88941,71.46223,1.5152],[136.82814,71.50385,1.8371],[136.80128,71.51561,1.7804],[136.77459,71.52342,0.4896],[136.71827,71.5312,0.717],[136.68922,71.53164,0.0],[136.66212,71.52875,0.0],[136.63705,71.52289,0.0],[136.61508,71.51411,0.8928],[136.59986,71.50194,1.065],[136.58725,71.48778,-0.8053],[136.57146,71.47736,0.4362],[136.54689,71.47655,1.1745],[136.5573,71.49763,1.6141],[136.55567,71.50922,1.6859],[136.54119,71.51484,0.0],[136.51271,71.51752,2.3406],[136.51954,71.51752,2.6408],[136.51637,71.5585,1.1769],[136.44386,71.57587,1.3739],[136.30348,71.58299,1.0118],[135.98512,71.63483,0.1979],[135.62159,71.62311,0.7059],[135.54615,71.60432,0.6745],[135.42189,71.59296,0.0],[135.37729,71.58259,0.0],[135.34083,71.5659,0.3243],[135.38844,71.55585,0.7477],[135.41139,71.548,0.0],[135.42335,71.5312,0.741],[135.31967,71.5312,1.1375],[135.23658,71.54987,-0.0086],[135.20737,71.55223,0.0],[135.18605,71.54975,0.0],[135.17115,71.5432,0.0],[135.14234,71.52497,0.902],[135.11866,71.51577,0.8208],[135.10434,71.51626,0.8558],[135.07358,71.5349,0.0],[135.03297,71.53913,0.0],[134.93531,71.50629,0.0],[134.8921,71.49702,0.0],[134.8532,71.49348,0.0],[134.81023,71.48184,0.0],[134.7798,71.46076,0.0],[134.77849,71.42878,0.0],[134.7588,71.42333,0.0],[134.69654,71.42133,0.0],[134.71876,71.39753,0.7388],[134.75245,71.38227,0.952],[134.77003,71.36693,1.3577],[134.7444,71.34309,0.5],[134.72153,71.32884,0.9694],[134.69557,71.30866,1.3781],[134.67506,71.28596,1.6566],[134.66863,71.26431,0.0],[134.65065,71.29731,0.7615],[134.67066,71.31464,1.2868],[134.7068,71.32738,0.8484],[134.73756,71.34683,0.5],[134.74488,71.36123,0.8158],[134.73902,71.36799,1.3379],[134.60939,71.40306,0.0],[134.5853,71.40583,0.0],[134.55983,71.40192,0.0],[134.48911,71.37686,0.0],[134.16765,71.37079,13.7156],[133.9087,71.3994,2.3431],[133.80551,71.42333,0.0],[133.65008,71.43651,7.4272],[133.42612,71.48998,9.6237],[133.15162,71.57917,12.7849],[133.11354,71.59785,18.9454],[133.10011,71.60688,18.3114],[133.09392,71.61664,17.2955],[133.08766,71.63036,12.8573],[133.07993,71.64256,14.3155],[133.0691,71.64789,29.452],[133.01472,71.68621,37.1246],[132.98522,71.71972,13.5309],[132.90406,71.73347,26.1702],[132.72967,71.76923,3.4577],[132.71485,71.7768,10.0933],[132.70916,71.79531,24.0339],[132.7151,71.8107,7.1169],[132.72901,71.81953,2.2552],[132.7461,71.82648,6.364],[132.81313,71.83147,0.0],[132.80577,71.84545,0.0],[132.7829,71.86396,6.761],[132.7753,71.87981,10.5829],[132.77428,71.89011,17.5604],[132.79639,71.91092,0.0],[132.86814,71.91907,0.8729],[132.93232,71.91121,0.0],[132.93925,71.93468,0.7443],[133.03134,71.9551,0.757],[133.10389,71.95567,0.8899],[133.15641,71.94017,1.1223],[133.22835,71.90887,0.8585],[133.30272,71.88039,0.0],[133.354,71.83396,0.0],[133.34136,71.88626,0.0],[133.25759,71.92125,0.0],[133.17918,71.95812,0.0],[133.06627,71.97129,0.0],[132.99393,71.96604,0.0],[132.91386,71.94757,0.0],[132.81047,71.95226,0.0],[132.71778,71.94623,0.0],[132.6312,71.92617,0.0],[132.53932,71.88361,0.0],[132.26417,71.68203,0.0],[132.24513,71.66279,0.0],[132.1989,71.60346,0.0],[132.10646,71.51752,0.0],[132.09164,71.49811,0.0],[132.06951,71.45848,0.0],[132.04916,71.43024,0.0],[132.04363,71.41779,0.0],[132.04005,71.40546,0.0],[132.04103,71.39769,0.0],[132.03989,71.3889,0.0],[132.03077,71.37592,0.0],[131.96697,71.3144,0.0],[131.94923,71.29295,0.0],[131.94191,71.2674,0.0],[131.96608,71.25458,0.0],[132.15594,71.23102,1.7499],[132.17237,71.22557,1.4307],[132.18832,71.21589,0.0],[131.98951,71.22948,0.0],[131.89829,71.22236,0.0],[131.85092,71.2082,0.0],[131.82651,71.18232,0.0],[131.84018,71.18236,0.0],[131.85548,71.17951,0.0],[131.86785,71.17255,0.0],[131.87306,71.16059,1.3841],[131.8659,71.14887,0.0],[131.84889,71.14582,0.0],[131.81227,71.14761,0.0],[131.78224,71.14346,0.0],[131.7614,71.1352,0.0],[131.75538,71.12124,0.0],[131.77076,71.0998,0.0],[131.72438,71.06525,0.0],[131.60963,70.93871,0.0],[131.54615,70.88711,0.0],[131.3943,70.80732,0.0],[131.22633,70.75023,0.0],[131.13453,70.7381,0.0],[131.042,70.73876,0.0],[130.90919,70.75605,50.8764],[130.88844,70.76276,157.1974],[130.87941,70.77391,120.5602],[130.88233,70.78608,168.2615],[130.89584,70.80557,102.9973],[130.89991,70.81802,124.1849],[130.8908,70.84528,54.3205],[130.84262,70.88032,76.2659],[130.83155,70.90461,44.305],[130.82618,70.92267,0.0],[130.81446,70.93464,0.0],[130.80274,70.94359,0.0],[130.79737,70.9527,0.0],[130.78907,70.97114,0.0],[130.76889,70.97753,0.0],[130.74415,70.97403,0.0],[130.72234,70.96259,0.0],[130.71567,70.95043,0.0],[130.71502,70.93427,0.0],[130.71608,70.91865,0.0],[130.71551,70.90803,0.0],[130.69947,70.88788,0.0],[130.67506,70.87507,0.0],[130.64698,70.86835,0.0],[130.61988,70.8664,0.0],[130.51922,70.87897,116.585],[130.49635,70.88691,33.411],[130.4944,70.89167,30.2637],[130.49293,70.90746,0.0],[130.48894,70.91425,0.0],[130.47771,70.92267,0.0],[130.46778,70.9267,0.0],[130.30063,70.94013,0.0],[130.16733,70.96882,115.4389],[130.1941,70.97053,26.9613],[130.21583,70.97944,-0.3454],[130.22169,70.99364,-0.9144],[130.20151,71.01105,35.8225],[130.16236,71.02216,-0.4189],[130.15235,71.03189,65.5351],[130.16049,71.05199,61.7537],[130.1443,71.05264,29.386],[130.13111,71.05752,34.4491],[130.10532,71.07246,0.0],[130.08041,71.08344,0.0],[130.06772,71.08576,0.0],[130.05063,71.08613,0.0],[130.01694,71.08246,0.0],[129.95476,71.06867,0.2488],[129.92042,71.06566,0.3235],[129.92213,71.07632,0.2179],[129.92579,71.08478,0.8973],[129.93198,71.09052,-0.0143],[129.94077,71.09296,0.0],[129.86573,71.11042,0.0],[129.62623,71.08613,77.2965],[129.64527,71.09663,39.8595],[129.68727,71.10309,10.5796],[129.70777,71.10969,8.4628],[129.73683,71.12645,2.1502],[129.76271,71.14761,0.5893],[129.74513,71.1579,3.7174],[129.72633,71.16616,6.5926],[129.7186,71.17097,8.832],[129.71811,71.17569,9.4151],[129.71957,71.18049,8.7873],[129.71803,71.18545,6.0],[129.71306,71.19603,8.4106],[129.71339,71.20685,7.6043],[129.71176,71.21723,5.7898],[129.70069,71.22639,4.3354],[129.688,71.23408,4.0718],[129.66521,71.253,0.0],[129.6526,71.26089,0.0],[129.6268,71.27009,0.0],[129.50538,71.29385,0.0],[129.46315,71.30703,0.0],[129.42335,71.32453,18.2995],[129.3921,71.34683,74.5892],[129.37843,71.36481,72.6825],[129.35613,71.40599,82.3149],[129.33399,71.43456,200.4772],[129.32211,71.45628,-1.0],[129.3143,71.46601,-1.0],[129.29566,71.4746,1.1045],[129.24789,71.48627,50.7551],[129.23569,71.49702,18.3587],[129.23666,71.50861,27.6311],[129.25213,71.52582,93.4104],[129.25563,71.53864,195.871],[129.24871,71.54987,118.8682],[129.23308,71.56025,28.0531],[129.20069,71.57587,92.6652],[129.18702,71.58539,100.161],[129.16358,71.60602,0.0],[129.14576,71.6131,0.0],[129.11695,71.61506,0.0],[128.92791,71.59101,0.0],[128.87525,71.59675,29.0127],[128.84205,71.62198,58.2074],[128.82049,71.65811,33.6678],[128.83033,71.67914,77.3226],[128.86459,71.69448,65.1219],[128.90773,71.70816,9.0572],[128.9673,71.71646,0.0],[129.09498,71.71214,38.7454],[129.17482,71.73347,9.2206],[129.24822,71.74348,28.6258],[129.28826,71.75869,0.6513],[129.30543,71.76089,1.1315],[129.48634,71.71943,0.0],[129.51824,71.71747,0.0],[129.54371,71.72297,19.2158],[129.37078,71.78994,3.1572],[129.33009,71.79706,36.6428],[129.30991,71.80419,37.4653],[129.29664,71.81977,28.4526],[129.29477,71.83185,30.1156],[129.29737,71.84235,30.2943],[129.30144,71.85277,20.0551],[129.30348,71.8642,4.1556],[129.28688,71.88349,34.9542],[129.18051,71.93244,3.9821],[129.07814,72.0041,0.0],[129.06129,72.01236,0.0],[129.04119,72.01878,0.0],[129.02573,72.01797,0.0],[129.0228,72.0041,0.0],[129.03012,71.99482,0.0],[129.06723,71.96662,0.0],[129.07993,71.94554,0.0],[129.08692,71.92658,0.0],[129.09693,71.9079,0.0],[129.11842,71.88809,0.0],[129.16847,71.85627,0.0],[129.1893,71.83275,0.0],[129.18393,71.80927,0.0],[129.1395,71.78392,0.0],[128.98878,71.75776,0.0],[128.95338,71.73981,0.0],[128.94028,71.73725,0.0],[128.92661,71.73876,0.0],[128.85621,71.77481,0.0],[128.7837,71.82705,0.0],[128.74757,71.83967,0.0],[128.69207,71.85114,1.2263],[128.66391,71.86298,2.4068],[128.66163,71.87751,0.0],[128.66977,71.8935,0.0],[128.66326,71.90721,0.0],[128.65309,71.92064,0.0],[128.65138,71.93586,0.0],[128.6421,71.9416,2.2221],[128.63087,71.95637,2.5602],[128.62355,71.96259,3.1537],[128.60426,71.96939,2.8867],[128.54151,71.97626,0.0],[128.52809,71.9798,0.0],[128.51832,71.98404,0.0],[128.50994,71.98965,3.4829],[128.50115,71.9973,7.284],[128.49431,72.01435,6.1583],[128.48878,72.02147,8.3056],[128.47608,72.02294,13.2383],[128.46225,72.02245,17.3775],[128.45338,72.02399,21.274],[128.44321,72.04173,16.8665],[128.44825,72.05866,0.0],[128.45582,72.07551,0.0],[128.45338,72.09292,-0.3365],[128.44166,72.10029,0.3461],[128.38445,72.12079,-0.0495],[128.3357,72.14496,0.0],[128.31959,72.14814,0.1822],[128.30983,72.15143,0.3798],[128.28631,72.17617,0.8471],[128.24936,72.20482,0.9432],[128.19215,72.22834,0.756],[128.13266,72.22858,0.0],[128.10271,72.23379,0.0],[128.06398,72.25275,1.1438],[128.03159,72.26415,1.4665],[127.91212,72.29149,0.0],[127.78012,72.3063,5.5],[127.74708,72.32563,10.7028],[127.8117,72.32099,0.0],[127.84506,72.32225,2.8514],[127.86443,72.33246,0.0],[127.83888,72.34247,2.4193],[127.76905,72.38646,3.8337],[127.73618,72.39716,2.2644],[127.7151,72.41055,10.1393],[127.66578,72.43008,8.3698],[127.7907,72.43842,9.8672],[127.8589,72.42914,10.2783],[128.14975,72.31664,8.9735],[128.52882,72.25934,5.94],[128.56951,72.24372,1.8262],[128.5171,72.23054,0.0],[128.49415,72.22016,7.6764],[128.49431,72.20279,0.0],[128.74049,72.15156,1.522],[128.77491,72.14814,0.0],[128.81625,72.13589,1.8507],[128.89291,72.08462,1.4408],[128.93409,72.07298,2.9495],[129.04802,72.07685,0.6985],[129.08432,72.08609,2.166],[129.11492,72.09789,0.0],[129.1277,72.10053,0.0],[129.14576,72.10033,0.0],[129.20135,72.08808,0.0],[129.21957,72.08609,1.5701],[129.33326,72.09105,0.4055],[129.45851,72.12641,0.493],[129.48902,72.12763,0.3514],[129.48902,72.13447,0.6155],[129.45875,72.14159,0.0],[129.35426,72.14029,0.0],[129.30877,72.12946,0.0],[129.29184,72.12735,0.0],[129.25896,72.13361,0.766],[129.24195,72.13447,0.0],[129.2601,72.14667,1.0926],[129.28248,72.15143,0.0],[129.306,72.15375,1.1027],[129.32789,72.15868,0.6351],[129.35808,72.17544,0.0],[129.46795,72.21703,0.4808],[129.49244,72.21772,0.4023],[129.51979,72.21528,0.3867],[129.5451,72.21711,0.5025],[129.56414,72.23066,0.0],[129.52166,72.24942,0.0],[129.50392,72.25214,0.0],[129.46713,72.25047,-0.0999],[129.38575,72.2569,0.0],[129.3576,72.26288,0.5483],[129.35808,72.2779,0.2889],[129.34164,72.28425,0.4624],[129.33375,72.28555,0.4663],[129.3401,72.30508,0.6864],[129.36671,72.31493,1.0247],[129.4852,72.31721,0.7289],[129.49887,72.32258,0.3545],[129.50074,72.33246,0.571],[129.49204,72.33975,0.0],[129.47901,72.34455,0.1765],[129.46795,72.34675,0.3107],[129.48211,72.35301,0.5561],[129.48902,72.35419,0.8919],[129.3685,72.39737,0.0],[129.30454,72.41063,0.0],[129.24195,72.41568,1.1871],[129.27418,72.44697,0.1132],[129.25831,72.46393,0.0],[129.11736,72.48151,0.0],[128.83937,72.46507,-0.0795],[128.61134,72.48273,3.1278],[128.26857,72.5561,0.0],[128.21461,72.56147,4.8775],[128.18832,72.56782,2.9989],[128.10369,72.60065,3.1326],[127.99383,72.62458,0.0],[127.90545,72.66714,5.6174],[127.96062,72.66205,4.8718],[128.39601,72.67316,3.6304],[128.42701,72.68317,2.0],[128.44549,72.69965,1.6532],[128.46046,72.71621,0.0],[128.47918,72.72455,3.8269],[128.50904,72.7167,3.2577],[128.50514,72.7084,3.6156],[128.51979,72.70441,4.2313],[128.66261,72.70991,3.1303],[128.6775,72.70824,2.9025],[128.72804,72.69684,0.0],[128.79957,72.69196,1.9855],[128.86883,72.67821,2.2545],[129.19842,72.65518,0.0],[129.22145,72.66205,1.7139],[129.20135,72.66816,1.3773],[129.19361,72.66889,1.4086],[129.22779,72.68789,1.7318],[129.27174,72.69672,-0.2573],[129.35808,72.70303,0.0],[129.30787,72.71747,0.0],[128.83176,72.7557,0.2785],[128.35564,72.79393,3.7749],[128.12924,72.78608,3.6906],[128.22804,72.81948,0.5],[128.24293,72.83662,3.4716],[128.21355,72.86066,2.1515],[128.24024,72.88963,3.5359],[128.29078,72.90864,0.0],[128.67408,72.94522,2.7356],[128.77125,72.97175,-0.3648],[128.92752,72.98016,1.1215],[129.11263,72.97195,0.4104],[129.23854,72.96122,0.0],[129.35962,72.94001,0.9186],[129.44131,72.94944,0.0],[129.47893,72.97924,0.0],[129.47677,72.99653,0.0],[129.44351,73.02894,-0.2505],[129.34998,73.06265,-0.1214],[129.22601,73.09775,-0.2243],[129.11354,73.12165,0.2285],[129.06617,73.12767,0.0],[128.97853,73.12141,0.0855],[128.93312,73.11274,0.0],[128.84278,73.07477,0.1813],[128.79664,73.06611,1.1077],[128.77735,73.07079,1.4177],[128.78321,73.08137,1.2747],[128.80055,73.09309,1.2548],[128.81674,73.1009,1.4186],[128.8484,73.10733,1.5],[128.85816,73.11083,0.6096],[128.86427,73.11616,0.8564],[128.86476,73.12149,0.7271],[128.86354,73.12735,0.8628],[128.86524,73.13443,0.6792],[128.86207,73.13642,0.3166],[128.85092,73.1555,0.9645],[128.92897,73.16063,0.4898],[128.9568,73.15388,0.0],[128.9673,73.16454,0.0],[128.96925,73.17739,0.4152],[128.96079,73.18964,0.4597],[128.93531,73.19587,0.0],[128.86964,73.18651,0.657],[128.84474,73.18964,0.2647],[128.87208,73.20063,0.1795],[128.88413,73.20734,0.0],[128.89259,73.21699,0.0],[128.81275,73.22138,0.3271],[128.77442,73.22793,0.5087],[128.65943,73.2613,0.0],[128.61476,73.26606,0.0],[128.57032,73.26537,0.0],[128.4393,73.23627,0.0],[128.40935,73.24116,1.2504],[128.37159,73.26097,0.0],[128.32553,73.26756,0.0],[128.23463,73.26537,1.543],[128.30974,73.2989,0.1337],[128.30274,73.3159,0.0515],[128.31886,73.32998,1.127],[128.36492,73.35415,0.2971],[128.34034,73.36103,0.0],[128.31593,73.36103,0.6151],[128.26734,73.34907,0.0],[128.24537,73.3465,0.7421],[128.20631,73.35761,0.4362],[128.18336,73.36099,0.6974],[127.96022,73.34732,1.6602],[127.98227,73.36335,1.563],[128.05991,73.39053,1.3373],[128.07691,73.40567,0.626],[128.05177,73.41633,0.4536],[127.89942,73.4361,0.3188],[127.92237,73.44306,1.1512],[127.94825,73.44758,0.0],[127.97169,73.45502,0.0],[127.98756,73.47085,0.0],[127.51108,73.496,0.0],[127.45086,73.49071,0.0],[127.18116,73.53905,0.0],[127.05047,73.54902,0.0],[126.89666,73.53929,0.0],[126.85816,73.53339,0.0],[126.83009,73.51862,0.0],[126.8672,73.51765,0.0],[126.88722,73.51472,0.0],[126.90358,73.51044,0.0],[126.91774,73.5043,0.2263],[126.92107,73.49946,0.0],[126.91944,73.49372,0.0],[126.91871,73.48444,0.0],[126.91668,73.47968,0.0],[126.90659,73.46589,0.0],[126.90504,73.45718,0.0],[126.90895,73.45254,0.3596],[126.93238,73.42988,0.0],[126.85328,73.44355,0.0],[126.83318,73.44013,0.7495],[126.83253,73.43163,0.0],[126.83969,73.4204,0.0],[126.84303,73.40876,0.0],[126.82879,73.38862,1.3296],[126.80592,73.38325,1.1618],[126.78468,73.39142,1.4344],[126.76173,73.43871,0.0],[126.73015,73.44416,0.0],[126.69353,73.4372,0.0],[126.66554,73.42646,0.6417],[126.6587,73.41836,0.8461],[126.65943,73.40811,1.2263],[126.66139,73.39761,2.0559],[126.6587,73.3889,1.3251],[126.6399,73.38117,1.3148],[126.61305,73.37934,0.0],[126.563,73.3815,2.1794],[126.64536,73.31635,2.8003],[126.6587,73.30264,0.0],[126.65008,73.29169,0.9538],[126.61207,73.27534,2.8161],[126.5652,73.23347,1.6527],[126.55812,73.24201,3.6226],[126.55567,73.25483,3.4192],[126.56105,73.26944,3.2343],[126.58448,73.28364,3.289],[126.58969,73.2958,3.0317],[126.54884,73.34732,2.9268],[126.52312,73.36371,0.0],[126.49415,73.37173,0.0],[126.43214,73.37466,0.2154],[126.43946,73.38642,0.0],[126.44435,73.39077,0.0],[126.45314,73.39509,1.4092],[126.41969,73.40949,0.0],[126.38885,73.41181,1.2023],[126.28199,73.38593,7.6151],[126.15846,73.3815,4.9248],[126.18141,73.3889,0.1105],[126.23276,73.38988,4.4737],[126.25457,73.40253,9.6645],[126.23487,73.41877,0.1143],[126.20777,73.42927,0.8324],[126.1784,73.43476,8.1988],[126.15162,73.4361,4.5486],[126.17075,73.4593,3.4738],[126.20338,73.45478,3.6797],[126.23911,73.44261,-0.3629],[126.25457,73.44969,7.0167],[126.2732,73.45466,0.8039],[126.29575,73.45181,5.3158],[126.31642,73.44286,3.3115],[126.32911,73.42988,-0.351],[126.36256,73.4431,2.383],[126.3781,73.45173,2.5748],[126.39112,73.46402,0.5972],[126.37940999999999,73.47704,2.0973],[126.3812,73.4903,1.3381],[126.39137,73.50251,1.887],[126.4048,73.5124,0.4845],[126.35328,73.52851,0.0],[126.30567,73.55146,0.0],[126.2881,73.55728,0.0],[126.26832,73.55956,0.0],[126.22657,73.55459,0.0],[126.10377,73.51862,0.0],[126.03354,73.51472,0.0],[126.01401,73.50869,0.0],[126.00554,73.49897,0.0],[126.00904,73.4903,5.4234],[126.01686,73.48298,0.0],[126.02052,73.47769,8.8342],[126.00440999999999,73.45405,10.7385],[125.97486,73.43594,5.5064],[125.94117,73.42829,0.7974],[125.91188,73.4361,7.6246],[125.94361,73.45673,1.7762],[125.9568,73.46894,1.6956],[125.96599,73.48444,6.4112],[125.97316,73.52485,0.0],[125.97283,73.53229,0.0],[125.96168,73.53913,0.0],[125.94776,73.541,0.0],[125.91847,73.5397,0.0],[125.9087,73.53693,0.0],[125.9065,73.53067,0.0],[125.90699,73.52359,0.0],[125.90455,73.51862,0.0],[125.88502,73.51069,0.0],[125.81577,73.49136,0.0],[125.83229,73.48281,0.0],[125.85255,73.47919,0.0],[125.8694,73.47394,0.0],[125.87664,73.4606,8.287],[125.83229,73.45336,0.0],[125.80177,73.4523,0.0],[125.78785,73.4606,0.0],[125.76108,73.4704,0.0],[125.63868,73.4582,0.0],[125.60353,73.44969,6.4238],[125.63038,73.43423,9.4763],[125.62322,73.41999,0.0],[125.59571,73.41039,0.0],[125.56251,73.40876,4.9414],[125.57496,73.423,0.0],[125.53199,73.43968,6.0434],[125.52101,73.45718,4.0107],[125.53826,73.47451,10.2475],[125.64438,73.49811,10.843],[125.64438,73.50495,4.2838],[125.6233,73.50495,8.5062],[125.64357,73.52106,0.0],[125.65187,73.52546,0.0],[125.63022,73.53461,0.0],[125.55502,73.54588,0.0],[125.4756,73.54084,10.0316],[125.45265,73.54588,0.0],[125.47397,73.54804,6.1677],[125.47584,73.55948,0.0],[125.4629,73.57103,0.0],[125.43963,73.57388,0.0],[125.43605,73.57001,0.0],[125.43214,73.56704,0.0],[125.41993,73.56004,0.0],[125.40992,73.55606,0.0],[125.39894,73.55561,0.0],[125.3838,73.55956,0.0],[125.37192,73.56428,10.9579],[125.36557,73.56879,2.3572],[125.36362,73.57445,0.0],[125.36492,73.58271,0.0],[125.33351,73.55199,0.0],[125.28679,73.53913,0.0],[125.24627,73.54401,9.3099],[125.23292,73.56704,0.0],[125.21811,73.5539,0.0],[125.19752,73.55093,5.6316],[125.17937,73.55854,12.0274],[125.17156,73.5773,0.0],[125.17799,73.58885,0.0],[125.19313,73.60309,0.0],[125.21095,73.61546,7.5216],[125.21388,73.61616,7.5216],[125.20167,73.61433,0.0],[125.18922,73.61616,4.4096],[125.17774,73.62165,6.9047],[125.19606,73.63402,0.0],[125.21241,73.64891,0.0],[125.18116,73.64891,4.9063],[125.16586,73.65086,0.0],[125.15105,73.65575,3.498],[125.16139,73.66592,0.0],[125.16529,73.66885,0.0],[125.15447,73.67528,0.0],[125.14503,73.68281,3.7574],[125.13868,73.69212,0.0],[125.13746,73.70417,0.0],[125.12721,73.68818,0.0],[125.10271,73.6861,0.0],[125.07309,73.68789,0.0],[125.04802,73.68309,0.0],[125.05909,73.65965,0.0],[125.0433,73.64102,0.0],[125.01466,73.62958,5.5164],[124.98658,73.62788,4.104],[124.98976,73.64411,1.4564],[124.97543,73.66641,0.0],[124.97975,73.67626,0.0],[124.96974,73.67036,0.0],[124.95151,73.66474,0.0],[124.92994,73.66718,0.0],[124.9227,73.67206,5.3064],[124.91147,73.68732,2.9159],[124.90773,73.69058,5.4358],[124.87037,73.69351,0.0],[124.85108,73.6977,7.102],[124.8357,73.70417,2.6782],[124.84425,73.70844,4.8477],[124.84889,73.71271,3.4246],[124.85621,73.72407,0.0],[124.72592,73.7084,6.0397],[124.69174,73.71723,4.1263],[124.7033,73.73241,0.7229],[124.69549,73.74213,0.0],[124.67742,73.74592,0.0],[124.65846,73.74323,0.0],[124.63136,73.73631,13.9201],[124.61158,73.73745,2.545],[124.5687,73.75137,8.0462],[124.53199,73.75576,0.0],[124.52036,73.75886,0.0],[124.51149,73.7635,0.0],[124.49537,73.77481,0.0],[124.48634,73.77871,0.0],[124.42848,73.78653,0.0],[124.37029,73.78612,0.5593],[124.38673,73.79096,0.0],[124.40431,73.79239,6.5048],[124.39625,73.80239,0.0],[124.38307,73.80638,0.0],[124.35255,73.80659,0.0],[124.33619,73.80484,0.0],[124.32887,73.79975,0.0],[124.31837,73.78242,0.0],[124.30641,73.77473,0.0],[124.23951,73.75959,0.0],[124.23414,73.75576,0.0],[124.23683,73.74917,0.0],[124.23927,73.73461,0.0],[124.219,73.72427,0.0],[124.12965,73.71898,0.0],[124.10939,73.70734,0.0],[124.09449,73.68818,0.0],[124.05958,73.6848,2.0442],[123.99285,73.69058,9.1287],[124.00587,73.70205,7.1852],[124.04396,73.7093,3.3939],[124.05494,73.72407,0.0],[124.03354,73.727,0.0],[124.01612,73.7364,1.3362],[123.98601,73.75886,5.7494],[123.95973,73.76952,1.209],[123.93287,73.77456,0.4674],[123.90528,73.77505,0.0],[123.87672,73.77253,0.0],[123.88885,73.76313,0.0],[123.90235,73.75528,0.0],[123.91676,73.74917,1.2133],[123.93141,73.74518,8.9006],[123.9087,73.72517,0.0],[123.90349,73.71723,0.0],[123.9026,73.7082,1.2241],[123.90528,73.70043,8.957],[123.90903,73.69359,0.7765],[123.9109,73.68684,0.0],[123.9214,73.66877,0.0],[123.9463,73.66047,2.9279],[123.97576,73.65404,11.6174],[123.99952,73.64151,0.0],[123.97381,73.62702,0.0],[123.94703,73.62637,0.0],[123.88966,73.63532,0.0],[123.88575,73.6236,0.0],[123.78053,73.62165,6.9844],[123.69125,73.60419,0.0],[123.64552,73.60297,10.9284],[123.60182,73.61481,6.4024],[123.61476,73.62051,0.0],[123.64324,73.62857,0.0],[123.65699,73.63532,0.0],[123.63014,73.64086,9.2462],[123.5617,73.64338,0.8336],[123.57602,73.6485,7.1665],[123.5879,73.65689,11.277],[123.59498,73.66885,0.0],[123.58815,73.66987,0.0],[123.57936,73.67438,0.0],[123.57447,73.67626,0.0],[123.5879,73.68366,0.0],[123.62908,73.69672,0.0],[123.61207,73.71125,0.0],[123.59132,73.71699,0.0],[123.56886,73.71605,0.0],[123.54713,73.71039,0.0],[123.51254,73.6872,0.0],[123.36964,73.66267,0.0],[123.38136,73.65327,3.6285],[123.38771,73.64273,0.0],[123.38649,73.63182,0.0],[123.37582,73.62165,0.0],[123.38933,73.60969,5.9725],[123.40366,73.60395,0.0],[123.41603,73.59683,0.0],[123.42416,73.58072,0.0],[123.39666,73.58124,0.0],[123.3143,73.59439,0.0],[123.32553,73.58267,0.0],[123.35865,73.57258,0.0],[123.36964,73.55956,0.0],[123.30104,73.56688,10.0479],[123.26645,73.56391,0.0],[123.2461,73.54588,0.0],[123.27076,73.53461,0.0],[123.29396,73.51862,0.0],[123.29054,73.5148,0.0],[123.28907,73.51162,0.0],[123.28826,73.50849,0.0],[123.28639,73.50495,0.0],[123.36109,73.48359,17.6716],[123.39503,73.46613,13.0603],[123.41733,73.44355,0.0],[123.39723,73.43236,0.0],[123.38356,73.43578,12.0801],[123.37159,73.44648,12.7324],[123.35597,73.45718,0.0],[123.33334,73.46385,0.0],[123.30747,73.46629,0.0],[123.28191,73.46418,0.0],[123.25978,73.45718,0.0],[123.27418,73.45279,0.0],[123.28981,73.44619,0.0],[123.3025,73.43732,0.0],[123.30747,73.42646,0.0],[123.29591,73.42109,0.0],[123.23927,73.41682,0.0],[123.21811,73.40876,0.0],[123.25034,73.39297,0.0],[123.29347,73.38972,0.0],[123.37582,73.39509,3.9263],[123.41334,73.39094,5.7256],[123.39829,73.38011,0.0],[123.3318,73.35073,0.0],[123.33766,73.34101,0.0],[123.37892,73.30475,0.0],[123.39625,73.29267,0.0],[123.41383,73.28632,13.2031],[123.50261,73.27464,0.0],[123.50945,73.26557,8.9546],[123.50099,73.25788,15.7827],[123.4795,73.25788,0.0],[123.48487,73.25019,0.0],[123.49269,73.24445,0.0],[123.50221,73.24042,15.6614],[123.51295,73.23802,11.988],[123.50611,73.23802,15.6194],[123.52442,73.22687,0.0],[123.53858,73.2204,0.0],[123.55348,73.2176,0.0],[123.62525,73.21882,9.7468],[123.65065,73.21524,18.1239],[123.67066,73.20331,14.0245],[123.65455,73.19847,0.0],[123.63649,73.19709,0.0],[123.62029,73.19379,0.0],[123.60922,73.18281,10.9226],[123.66383,73.16983,8.9225],[123.5853,73.16035,0.0],[123.5451,73.16083,3.4596],[123.51295,73.17597,0.0],[123.54713,73.19709,0.0],[123.45191,73.18635,0.0],[123.40089,73.1743,0.0],[123.37582,73.1555,0.0],[123.39731,73.12165,0.6133],[123.40382,73.11457,0.525],[123.41578,73.11201,0.8122],[123.44402,73.11424,0.7276],[123.45688,73.11262,0.5864],[123.46941,73.10627,0.0],[123.46957,73.10171,0.0],[123.46656,73.09699,0.0],[123.47047,73.08539,0.8265],[123.46795,73.07958,1.7211],[123.46339,73.0749,2.0387],[123.45875,73.07294,1.4792],[123.45045,73.07465,3.65],[123.44703,73.07892,5.9345],[123.44516,73.08454,0.0],[123.44125,73.09032,0.0],[123.4201,73.09955,0.0],[123.4004,73.09321,0.0],[123.38307,73.07949,0.0],[123.36964,73.06611,0.0],[123.3226,73.03457,0.0],[123.3143,73.02578,0.0],[123.31813,73.01313,0.0],[123.34262,72.99909,0.0],[123.34864,72.98798,0.0],[123.33815,72.98111,0.0],[123.28785,72.9687,0.0],[123.27003,72.96027,0.0],[123.25229,72.94514,0.0],[123.23455,72.93472,0.0],[123.21453,72.92756,0.0],[123.19093,72.92211,0.0],[123.13795,72.91804,0.0],[122.88998,72.95869,3.1525],[122.87566,72.96784,0.5797],[122.87062,72.98119,-0.2941],[122.86752,72.99323,0.5363],[122.85914,72.99848,0.4012],[122.75929,73.00446,1.3699],[122.61378,73.03095,0.0],[122.46469,73.01899,-0.0004],[122.47145,73.00922,0.9446],[122.50506,72.99103,0.3648],[122.46713,72.9916,0.0],[122.44858,72.98989,1.4863],[122.43043,72.98481,0.0],[122.43491,72.98517,0.0],[122.43605,72.98359,0.0],[122.43588,72.98078,0.0],[122.4367,72.97736,0.0],[122.69504,72.93445,2.1375],[122.95338,72.89155,3.2223],[122.87257,72.8725,1.4502],[122.84311,72.8725,0.0],[122.35987,72.95018,0.0],[122.3213,72.9501,0.0],[122.30828,72.94135,0.0],[122.31324,72.93439,0.0],[122.73219,72.82656,0.0],[122.62338,72.8277,55.6677],[122.53419,72.83902,46.5373],[122.42311,72.87499,0.0],[122.0433,72.89155,110.2192],[121.93385,72.92414,125.8697],[121.92351,72.92585,133.1562],[121.92888,72.93879,0.0],[121.9546,72.95197,0.0],[121.96372,72.96369,0.0],[121.79135,72.97687,0.0],[121.74871,72.96027,0.0],[121.73487,72.95832,1.937],[121.66961,72.97053,0.0],[121.38819,72.97606,0.0],[121.2527,72.95112,0.0],[121.13592,72.94774,0.0],[121.0547,72.93179,0.0],[120.82496,72.94746,2.667],[120.65602,72.97736,0.0],[120.42359,72.98823,0.0],[120.23121,72.98627,18.1128],[119.78338,73.01801,1.044],[119.76385,73.00829,0.0],[119.77833,72.98481,0.0],[119.80714,72.96752,0.0],[119.84156,72.95685,0.0],[120.19097,72.92908,105.3487],[120.54038,72.90131,6.004],[120.5735,72.88862,3.4361],[120.5337,72.87421,0.0],[120.1281,72.91657,0.0],[119.7225,72.95893,24.4206],[119.69646,72.98111,2.8999],[119.68539,72.9947,60.36],[119.66017,72.99893,3.9456],[119.61313,72.99848,4.0864],[119.59295,73.00288,0.3458],[119.58326,73.00902,4.8358],[119.56666,73.03266,0.0],[119.53452,73.05524,0.0],[119.49855,73.0622,0.0],[119.45997,73.06415,0.0],[119.36671,73.07909,1.3375],[119.25245,73.07319,0.0],[119.08823,73.10639,0.0],[118.91765,73.11953,14.2222],[118.46241,73.20942,0.0],[118.45346,73.21385,0.0],[118.44565,73.2204,0.0],[118.43328,73.22866,0.0],[118.40553,73.23359,1.4018],[118.39422,73.23802,9.88],[118.35914,73.27827,10.9767],[118.35328,73.28242,8.0909],[118.35971,73.29548,4.1369],[118.37208,73.30439,0.7235],[118.37940999999999,73.31415,0.7352],[118.37062,73.32998,1.8843],[118.37306,73.34024,0.8182],[118.41603,73.3614,1.3594],[118.4284,73.37466,0.0],[118.40968,73.37539,0.0],[118.38299,73.37979,1.1292],[118.35857,73.38858,1.7256],[118.34645,73.40253,2.4536],[118.35288,73.41877,19.6073],[118.37184,73.43171,12.5326],[118.3943,73.44042,4.7224],[118.41163,73.44355,13.9653],[118.43312,73.44994,23.4464],[118.46713,73.47809,15.3061],[118.48951,73.48444,16.5121],[118.57618,73.48627,1.9864],[118.59938,73.48102,1.2292],[118.6067,73.47578,1.3101],[118.6194,73.4621,6.368],[118.62631,73.45718,0.0],[118.63917,73.45319,0.0],[118.68312,73.44514,0.0],[118.70654999999999,73.44392,0.0],[118.73797,73.45995,0.6155],[118.75896,73.45893,0.6547],[118.8152,73.44953,0.6],[118.88258,73.45189,0.3969],[118.94776,73.46589,0.7303],[118.99757,73.49136,0.0],[118.89772,73.53046,0.0],[118.79054,73.55598,0.0],[118.45021,73.58877,0.0],[118.1819,73.59239,0.0],[117.91358,73.59601,0.0],[117.73512,73.5821,0.0],[117.44386,73.58877,0.0],[117.05983,73.61522,11.9466],[116.60288,73.67479,0.0],[116.17286,73.67573,0.0],[115.87477,73.68936,0.7669],[115.4131,73.71039,0.0],[115.11158,73.67512,0.0],[114.85353,73.60887,0.0],[114.73219,73.60346,0.0],[114.67465,73.5926,0.0],[114.3919,73.59608,0.0],[114.10914,73.59955,0.0],[113.91505,73.53583,34.2696],[113.68263,73.52204,33.0275],[113.49366,73.51065,0.0],[113.46656,73.50495,0.0],[113.48585,73.49478,0.0],[113.51596,73.45624,0.0],[113.53541,73.43985,0.0],[113.60353,73.40754,0.0],[113.64226,73.39435,0.0],[113.69516,73.38662,0.0],[113.77508,73.35615,0.0],[113.79737,73.3509,0.0],[113.8436,73.34732,0.0],[113.99024,73.36054,0.0],[114.03582,73.34732,0.0],[114.00025,73.33446,0.0],[113.92677,73.33124,0.0],[113.85255,73.31411,1.7563],[113.72413,73.32062,0.0],[113.70818,73.31733,0.0],[113.69483,73.30952,0.0],[113.67262,73.29267,0.0],[113.56235,73.2534,0.0],[113.54908,73.24429,0.0],[113.54249,73.23627,0.0],[113.53631,73.22061,0.0],[113.53175,73.21385,0.0],[113.52931,73.18268,0.0],[113.59913,73.12788,2.3702],[113.6006,73.10399,0.0],[113.53094,73.04841,3.7922],[113.51922,73.01704,0.0],[113.54225,72.97736,0.0],[113.51686,72.95295,2.5037],[113.35353,72.89126,5.0685],[113.25766,72.87881,19.9338],[113.18043,72.84907,47.5987],[113.15968,72.83796,2.3858],[113.15821,72.8227,5.1097],[113.18263,72.79548,2.7102],[113.19337,72.78913,7.2572],[113.20574,72.7836,-1.7944],[113.21583,72.77558,-0.7571],[113.22511,72.74457,37.6658],[113.23805,72.73542,21.2081],[113.39096,72.68061,5.4734],[113.71656,72.65064,4.6261],[114.04217,72.62067,48.6298],[114.09034,72.60065,77.979],[113.79379,72.62295,8.6256],[113.49724,72.64525,4.0783],[113.44288,72.659,-0.8997],[113.36817,72.66547,52.6493],[113.26368,72.68903,7.1125],[113.18922,72.72191,70.9317],[113.17726,72.73298,57.8477],[113.17237,72.74836,52.2472],[113.174,72.77094,27.0752],[113.17042,72.78034,24.6459],[113.1587,72.78901,10.4602],[113.12875,72.80451,4.1522],[113.1045,72.82197,4.8899],[113.09718,72.84081,42.3076],[113.11769,72.86066,23.8081],[113.16358,72.87592,53.2601],[113.26319,72.88434,51.8944],[113.31153,72.8937,22.663],[113.48707,72.96369,4.0811],[113.45525,72.99311,2.1012],[113.4712,73.03022,3.4365],[113.50343,73.06916,1.6684],[113.52117,73.10399,1.3104],[113.51645,73.12295,2.3063],[113.4944,73.15428,2.2425],[113.48707,73.16983,2.2822],[113.48658,73.19208,2.0779],[113.49342,73.2084,1.7995],[113.50261,73.22403,0.0],[113.50807,73.24429,20.3625],[113.50668,73.25292,15.3251],[113.49773,73.27058,17.4605],[113.49448,73.27904,15.1284],[113.49301,73.28978,28.0804],[113.49643,73.32949,15.9231],[113.4983,73.33588,18.3017],[113.49464,73.33991,11.0177],[113.45834,73.35163,0.0],[113.41334,73.35981,0.0],[113.31007,73.36506,1.708],[113.27231,73.37519,1.9007],[113.24122,73.39509,38.1597],[113.22657,73.41218,6.6696],[113.21909,73.41893,2.3607],[113.20639,73.42646,1.608],[113.18784,73.43329,1.9615],[113.14991,73.44212,2.3133],[113.13136,73.44969,2.0847],[113.14503,73.46076,9.7255],[113.17848,73.47553,25.2909],[113.19288,73.48444,27.6958],[113.22633,73.52489,50.692],[113.27459,73.55976,29.3806],[113.29265,73.56977,28.3516],[113.31284,73.57388,12.2547],[113.37086,73.57583,0.0],[113.40235,73.58076,0.0],[113.4227,73.59064,0.0],[113.43051,73.60993,23.9126],[113.42791,73.63398,12.8475],[113.4183,73.65766,25.6091],[113.40577,73.67626,3.2725],[113.39552,73.68578,0.0],[113.31186,73.74055,1.2629],[113.2767,73.75397,14.5653],[113.16521,73.84618,38.1813],[113.1587,73.84447,31.7776],[113.15545,73.85468,36.159]]],
[[[135.74513,74.1704,5.6928],[135.58953,74.23505,0.0],[135.45167,74.24262,0.0],[135.40089,74.25703,0.0],[135.38551,74.2591,0.0],[135.35401,74.2591,0.0],[135.38063,74.24421,0.0],[135.39129,74.23456,0.0],[135.40919,74.18403,0.0],[135.4393,74.16112,0.0],[135.47535,74.15497,26.8867],[135.51417,74.15518,21.9256],[135.55299,74.15103,-0.5],[135.66017,74.11017,0.0],[135.67726,74.09772,0.0],[135.6858,74.07453,0.0],[135.70655,74.05565,0.0],[135.73268,74.04121,0.0],[136.04168,73.93806,0.0],[136.06031,73.91958,0.0],[136.06617,73.90729,0.0],[136.08074,73.89818,0.0],[136.13526,73.87922,0.0],[136.14617,73.8771,0.0],[136.1561,73.87889,0.0],[136.16285,73.88373,61.1482],[136.16774,73.88915,125.4032],[136.174,73.89354,148.8185],[136.21339,73.89973,27.3665],[136.2483,73.9121,17.8668],[136.26979,73.93163,64.8074],[136.25896,73.95746,2.2971],[136.26271,73.989,0.0],[136.21632,74.01423,0.0],[136.11476,74.04682,0.0],[136.02613,74.09772,0.0],[136.01075,74.10346,0.0],[135.95729,74.11514,0.0],[135.91342,74.13329,0.0],[135.86842,74.13874,0.0],[135.74513,74.1704,5.6928]]],
[[[140.5451,73.91584,0.4399],[140.56332,73.91938,0.555],[140.62477,73.94318,1.7759],[140.674,73.94929,1.7441],[140.72397,73.95002,1.3751],[140.74342,73.95234,2.0282],[140.79615,73.97045,3.0551],[140.84352,73.97651,5.6653],[140.94077,73.97675,0.0],[140.98797,73.98477,4.5485],[141.03777,74.00385,0.0],[141.04868,74.01211,0.0],[141.05299,74.02114,0.0],[141.05397,74.0384,3.3211],[141.05681,74.04682,4.7894],[141.06617,74.05646,0.7127],[141.07472,74.06,0.0],[141.08107,74.0646,0.0],[141.08351,74.07722,0.0],[141.08172,74.08251,0.0],[141.07252,74.08975,0.0],[141.06983,74.09398,0.0],[141.07195,74.09894,0.0],[141.07781,74.10244,0.0],[141.08204,74.10611,0.0],[141.08009,74.11172,0.0],[141.07114,74.12507,0.0],[141.07537,74.13312,0.0],[141.08627,74.13984,0.0],[141.09783,74.14924,0.0],[141.11264,74.16608,0.0],[141.11012,74.17036,0.0],[141.10401,74.18403,4.8708],[141.05836,74.23444,0.0],[140.97926,74.26333,0.0],[140.89145,74.27652,0.0],[140.62067,74.26537,7.5862],[140.3499,74.25422,0.0],[140.22189,74.22008,0.0],[140.19314,74.1907,2.5679],[140.17797,74.15436,0.0],[140.17278,74.10342,3.2402],[140.16472,74.07064,0.0],[140.19836,74.02558,0.0],[140.32667,73.93863,0.0],[140.43775,73.90843,0.0],[140.5451,73.91584,0.4399]]],
[[[116.05299,74.28522,0.0],[116.09148,74.29263,0.0],[116.11817,74.30744,0.0],[116.12485,74.32323,0.0],[116.11655,74.33934,0.0],[116.09832,74.35468,0.0],[116.06332,74.371,0.0],[116.0228,74.37836,0.0],[115.98072,74.37751,0.0],[115.94125,74.36896,0.0],[115.92066,74.35904,0.0],[115.89877,74.3426,0.0],[115.88575,74.32364,0.0],[115.89226,74.3063,0.0],[115.88998,74.3037,0.0],[115.8982,74.30207,0.0],[115.9201,74.30003,0.0],[115.95826,74.29023,0.0],[116.00563,74.28486,0.0],[116.05299,74.28522,0.0]]],
[[[113.36638,74.35122,7.4635],[113.36476,74.38264,7.8216],[113.4087,74.38841,1.816],[113.42945,74.39419,1.2884],[113.42954,74.4062,1.3925],[113.42205,74.41657,1.4925],[113.41277,74.43521,1.4898],[113.40577,74.44404,1.4322],[113.36647,74.46674,0.0],[113.31446,74.4798,0.0],[113.0477,74.49567,12.5095],[112.74977,74.49579,8.1872],[112.41139,74.53339,0.0],[112.11012,74.55121,0.0],[112.00733,74.53815,0.0],[111.97316,74.47822,0.0],[111.98146,74.46597,0.0],[112.00416,74.4477,0.0],[112.0005,74.44062,0.0],[111.98365,74.4311,0.0],[111.97291,74.4206,0.0],[111.97242,74.40892,0.0],[111.98683,74.3957,0.0],[111.95135,74.37079,0.0],[111.90268,74.35586,0.0],[111.85157,74.35053,0.0],[111.80877,74.35468,0.0],[111.70314,74.37714,0.0],[111.64772,74.37995,0.0],[111.511,74.36005,0.0],[111.46852,74.34479,0.0],[111.45924,74.31371,0.0],[111.48455,74.29247,0.0],[111.58131,74.26016,0.0],[111.93873,74.21711,0.0],[112.04176,74.18708,0.0],[112.12078,74.15135,0.0],[112.16285,74.13858,0.0],[112.47706,74.12263,5.4512],[112.57789,74.10139,26.98],[112.66733,74.10651,15.9831],[112.77491,74.08808,22.6457],[112.84571,74.10834,48.8445],[112.9183,74.15477,8.3971],[112.94923,74.18236,25.8659],[112.96656,74.19359,24.8076],[113.02858,74.21206,14.794],[113.1574,74.225,1.6245],[113.22006,74.24482,4.1154],[113.20704,74.25165,5.6115],[113.22348,74.2639,6.1869],[113.28159,74.27961,3.3621],[113.27223,74.28726,7.6575],[113.24122,74.30003,1.0131],[113.32732,74.32722,8.7264],[113.36638,74.35122,7.4635]]],
[[[146.7295,75.48823,4.4003],[146.75392,75.49543,0.0],[146.77076,75.50674,0.0],[146.69418,75.52521,6.8066],[146.68393,75.53197,7.2474],[146.67213,75.54955,24.395],[146.6631,75.55561,0.0],[146.48634,75.59439,0.0],[146.43621,75.59675,0.0],[146.38917,75.58515,0.0],[146.35304,75.5539,0.0],[146.34148,75.52265,0.0],[146.35043,75.50068,0.0],[146.37428,75.48461,0.0],[146.40707,75.47134,2.9357],[146.37908,75.46296,5.1977],[146.31959,75.45946,0.0],[146.29168,75.45148,0.0],[146.26385,75.43667,0.0],[146.25074,75.42524,0.0],[146.25636,75.41474,0.0],[146.28492,75.40302,8.3836],[146.26393,75.39134,-0.2518],[146.23894,75.38776,4.4547],[146.21274,75.38972,0.0],[146.18922,75.39492,0.0],[146.16863,75.39619,0.0],[146.16782,75.38605,0.0],[146.18238,75.36205,0.0],[146.18377,75.34398,0.0],[146.18092,75.31615,0.0],[146.17286,75.29072,0.0],[146.15797,75.27953,0.0],[146.14308,75.27424,0.0],[146.11061,75.25121,0.0],[146.07179,75.2403,0.0],[146.08074,75.22736,0.0],[146.10231,75.21353,0.0],[146.11964,75.20502,0.0],[146.21803,75.17634,0.0],[146.64845,75.1284,3.3943],[146.95582,75.05419,0.0],[147.0879,75.00519,0.0],[147.31511,74.97346,0.0],[147.51832,74.97118,0.0],[147.66383,74.95344,0.0],[147.73048,74.93065,0.0],[147.72364,74.92381,0.0],[147.74879,74.91608,0.0],[147.80161,74.9086,11.305],[147.8532,74.88801,0.0],[148.17213,74.80353,8.4866],[148.51775,74.78836,14.8057],[148.86337,74.77318,2.8633],[149.20899,74.758,8.5706],[149.29371,74.77204,5.2989],[149.71754,74.76557,0.0],[149.72901,74.7696,0.0],[149.77247,74.79662,3.6267],[149.79591,74.80512,11.7309],[150.20257,74.84931,16.6696],[150.60922,74.8935,20.6854],[150.64527,74.90664,17.9469],[150.68051,74.93378,0.0],[150.69068,74.95978,4.8748],[150.67359,74.97761,0.0],[150.65138,74.99071,5.371],[150.64649,75.00239,8.7787],[150.65406,75.00788,9.3864],[150.6836,75.01887,8.3407],[150.68963,75.01927,7.7159],[150.69654,75.01805,10.3892],[150.7024,75.01813,7.2374],[150.70476,75.02253,2.9739],[150.70476,75.03246,2.3299],[150.77003,75.05296,2.0391],[150.78736,75.06729,7.2992],[150.7798,75.07404,5.2526],[150.81227,75.10301,9.1261],[150.85865,75.12568,19.0099],[150.91017,75.13955,38.4742],[150.95802,75.14232,0.0],[150.92677,75.15209,0.0],[150.86036,75.1623,0.0],[150.82765,75.1634,0.0],[150.70965,75.1669,0.0],[150.67368,75.15998,0.0],[150.66578,75.15502,0.0],[150.66489,75.14899,0.0],[150.66521,75.14159,0.0],[150.66041,75.13239,0.0],[150.64829,75.12336,0.0],[150.63282,75.11652,0.0],[150.53541,75.09569,4.3263],[150.50025,75.09447,5.3749],[150.47136,75.10139,8.8313],[150.49187,75.10961,0.0],[150.53891,75.11896,0.0],[150.5608,75.12873,0.0],[150.41749,75.13459,0.0],[150.26645,75.16572,19.9184],[150.21306,75.1684,9.2649],[150.16342,75.15664,7.0665],[150.17758,75.16323,10.5808],[150.19801,75.16966,9.6568],[150.21388,75.17719,17.5393],[150.21469,75.187,30.7983],[150.1963,75.20222,0.0],[150.17482,75.21288,0.0],[150.12941,75.22553,0.0],[149.7952,75.23989,0.0],[149.461,75.25426,10.3347],[149.1268,75.26862,0.0],[148.94663,75.23823,0.0],[148.89991,75.22272,0.0],[148.78492,75.21874,0.0],[148.70362,75.22553,0.0],[148.67286,75.22451,0.0],[148.61036,75.21552,0.0],[148.55763,75.22236,0.7505],[148.55421,75.22736,1.1031],[148.56031,75.23859,0.0],[148.47983,75.26581,3.5786],[148.44451,75.2873,18.4624],[148.45729,75.31086,12.6931],[148.52508,75.33784,3.8564],[148.54282,75.34154,3.7724],[148.55274,75.34675,3.602],[148.58009,75.38251,0.0],[148.54713,75.38557,0.0],[148.40773,75.42109,0.0],[148.12314,75.42009,0.0],[147.83855,75.41909,0.0],[147.68621,75.44208,0.0],[147.37387,75.44038,0.0],[147.33318,75.43037,0.0],[147.3921,75.41739,5.3187],[147.42156,75.40644,1.2789],[147.43621,75.38935,0.4587],[147.37818,75.39265,0.4358],[147.36052,75.3968,1.2818],[147.35816,75.4003,0.4834],[147.36134,75.40461,0.5227],[147.36134,75.40835,0.6336],[147.35027,75.40986,0.0],[147.27166,75.40632,0.0],[147.23064,75.39631,0.0],[147.19264,75.38117,0.0],[147.16814,75.36205,0.6215],[147.26271,75.37507,1.9102],[147.3117,75.37482,1.7682],[147.34742,75.35521,0.3549],[147.32545,75.34984,0.5744],[147.21656,75.34614,0.8275],[147.15504,75.33637,0.0],[146.79672,75.36636,0.0],[146.77076,75.37568,0.0],[146.7282,75.40241,0.0],[146.70948,75.40986,0.0],[146.66472,75.41596,20.4441],[146.64283,75.42316,17.5811],[146.63429,75.43773,12.1774],[146.6421,75.4477,8.0425],[146.68881,75.47134,0.0],[146.68637,75.47504,2.6058],[146.68198,75.48493,1.6183],[146.70346,75.48481,5.048],[146.7295,75.48823,4.4003]]],
[[[137.08131,75.56818,14.7995],[137.05681,75.57831,20.9692],[136.99204,75.58832,0.0],[136.97145,75.60163,0.0],[136.97023,75.60375,0.0],[136.9699,75.60578,0.0],[136.9699,75.60781,0.0],[136.96982,75.60904,0.0],[136.96795,75.60594,0.0],[136.96762,75.60179,0.0],[136.96998,75.59711,0.0],[136.97511,75.59174,0.0],[136.99733,75.57933,0.0],[137.02516,75.5716,29.8049],[137.05454,75.56802,29.4082],[137.08131,75.56818,14.7995]]],
[[[136.98121,75.61652,0.0],[137.11158,75.64281,0.0],[137.1399,75.65282,0.0],[137.13136,75.65241,0.0],[137.08351,75.64326,0.0],[137.07114,75.64326,0.0],[137.05991,75.64077,0.0],[137.01271,75.62979,0.0],[136.98463,75.62165,0.0],[136.97023,75.60969,0.0],[136.98121,75.61652,0.0]]],
[[[135.84449,75.38264,8.8267],[135.98341,75.41718,14.2611],[136.01336,75.4289,0.0],[136.03297,75.44404,0.7046],[135.99757,75.46003,0.0],[135.96713,75.47948,0.0],[135.95932,75.50202,20.1765],[135.99138,75.52717,16.548],[136.1683,75.6009,0.2021],[136.18434,75.61591,0.6166],[136.16017,75.62962,11.0131],[136.10646,75.63898,0.0],[136.05567,75.65571,12.1151],[135.98601,75.66865,5.2789],[135.95753,75.67056,18.4358],[135.93279,75.67593,33.855],[135.88673,75.69937,22.824],[135.86476,75.70466,45.1369],[135.85401,75.71141,42.3866],[135.84718,75.72606,32.5489],[135.83839,75.74022,19.3535],[135.8213,75.74567,16.7219],[135.81642,75.78059,0.0],[135.78053,75.80524,14.1383],[135.73601,75.82583,22.8385],[135.70395,75.84809,26.0215],[135.70851,75.86481,0.0],[135.69313,75.86933,0.0],[135.67823,75.85977,0.0],[135.68409,75.83442,0.0],[135.67994,75.83002,0.0],[135.67799,75.82575,0.0],[135.67726,75.81997,0.0],[135.67726,75.81086,0.0],[135.67107,75.80166,0.0],[135.65675,75.79287,0.0],[135.62281,75.77733,0.0],[135.61687,75.7768,0.0],[135.61101,75.77521,0.0],[135.60475,75.76984,0.0],[135.60271,75.76435,0.0],[135.60418,75.75886,0.0],[135.60776,75.75251,0.0],[135.594,75.73607,0.0],[135.58562,75.73029,0.0],[135.5735,75.72578,0.0],[135.5783,75.72053,0.0],[135.58367,75.71011,0.0],[135.5879,75.70466,0.0],[135.56511,75.68797,0.0],[135.55274,75.68163,0.0],[135.5394,75.67796,0.0],[135.55226,75.6481,0.0],[135.58839,75.5974,0.0],[135.59409,75.56818,0.0],[135.54623,75.52717,0.0],[135.52833,75.49677,0.0],[135.5158,75.48404,0.0],[135.47836,75.47386,0.0],[135.4616,75.46206,0.0],[135.45118,75.44746,0.0],[135.45379,75.43403,0.0],[135.45883,75.42129,0.0],[135.45509,75.40766,0.0],[135.44972,75.39444,0.0],[135.45004,75.37568,0.0],[135.84449,75.38264,8.8267]]],
[[[152.82504,76.08881,0.0],[152.85719,76.10126,0.0],[152.88429,76.11612,0.0],[152.8908,76.13447,0.0],[152.88592,76.14492,0.0],[152.87525,76.15135,0.0],[152.86354,76.16633,0.0],[152.87403,76.18089,0.0],[152.8777,76.19123,0.0],[152.84946,76.19579,0.0],[152.82927,76.19619,0.0],[152.70981,76.18667,0.0],[152.62045,76.16942,13.6523],[152.56983,76.15241,6.8896],[152.55486,76.13935,15.2114],[152.58416,76.12592,0.0],[152.70411,76.09398,0.0],[152.77345,76.0834,0.0],[152.82504,76.08881,0.0]]],
[[[139.10963,76.09687,5.6177],[138.99513,76.14452,9.3083],[138.97535,76.15778,7.358],[138.95948,76.17768,10.7945],[138.95916,76.18647,9.4365],[138.96355,76.19465,2.2145],[138.96632,76.20165,0.0],[138.96079,76.20694,0.0],[138.91944,76.21662,0.0],[138.89731,76.21874,0.0],[138.92823,76.22167,0.0],[139.00815,76.22809,0.0],[139.04884,76.23908,0.0],[138.79078,76.21259,0.0],[138.53273,76.1861,0.0],[138.51026,76.17524,0.0],[138.49244,76.15974,0.0],[138.45924,76.12299,0.0],[138.46437,76.11986,0.0],[138.47429,76.11172,0.0],[138.47967,76.10871,0.0],[138.46632,76.10033,0.0],[138.45297,76.08975,0.0],[138.44614,76.07836,0.0],[138.45167,76.06778,0.0],[138.43214,76.06338,8.8722],[138.40992,76.06485,6.836],[138.39161,76.07388,13.5191],[138.37818,76.10659,0.0],[138.36354,76.11571,11.4608],[138.34523,76.12401,0.287],[138.3283,76.13605,0.0],[138.33839,76.14521,0.0],[138.35027,76.15021,0.0],[138.37664,76.15717,0.0],[138.13803,76.11884,0.0],[138.0892,76.09097,0.0],[138.06674,76.08763,0.0],[138.04566,76.08515,0.0],[137.99488,76.06778,0.0],[137.97983,76.06281,0.0],[137.97267,76.05414,0.0],[138.01189,76.06932,0.0],[138.07814,76.08487,0.0],[138.08131,76.08649,0.0],[138.09278,76.08657,0.0],[138.10279,76.08491,0.0],[138.11061,76.08128,0.0],[138.11598,76.07526,0.0],[138.02752,76.03193,0.0],[137.92408,76.01704,0.0],[137.71192,76.01313,0.0],[137.43295,75.95319,0.0],[137.41432,75.94086,0.0],[137.41651,75.93911,0.0],[137.42319,75.9101,0.0],[137.43198,75.88727,0.0],[137.46192,75.86856,0.0],[137.53403,75.84569,16.5395],[137.56446,75.8251,0.0],[137.60141,75.80931,25.2639],[137.70973,75.7884,43.442],[137.73243,75.76984,4.8746],[137.73512,75.7639,0.7666],[137.74049,75.75898,3.8276],[137.74431,75.75434,0.0],[137.74269,75.74909,0.2018],[137.73292,75.7451,0.6938],[137.71795,75.74384,0.0],[137.69068,75.74567,0.0],[137.58839,75.77359,0.9869],[137.41651,75.77416,0.0],[137.33302,75.79116,0.0],[137.1985,75.78962,0.0],[137.18377,75.78726,0.0],[137.17433,75.78242,0.0],[137.15895,75.76874,0.0],[137.15056,75.76301,0.0],[137.06764,75.72578,0.0],[137.08033,75.71459,0.0],[137.1395,75.69929,0.0],[137.15699,75.69107,0.0],[137.16163,75.67902,0.0],[137.15952,75.66877,0.0],[137.15203,75.6601,0.0],[137.14015,75.65282,0.0],[137.15512,75.65168,0.0],[137.18531,75.64484,0.0],[137.20143,75.64326,0.0],[137.22389,75.63666,0.0],[137.26564,75.60798,5.4851],[137.29363,75.60163,20.6019],[137.27955,75.59138,10.0443],[137.22804,75.593,0.0],[137.20484,75.58861,0.0],[137.19109,75.58027,0.0],[137.18922,75.57661,0.0],[137.19166,75.57388,0.0],[137.19117,75.56818,0.0],[137.1893,75.56403,0.0],[137.18849,75.56094,0.0],[137.18629,75.55707,0.0],[137.18067,75.55073,0.0],[137.18385,75.5395,0.0],[137.20493,75.52802,0.0],[137.24578,75.51288,11.9666],[137.261,75.50479,11.1159],[137.28712,75.48461,0.0],[137.30104,75.47134,1.9447],[137.17075,75.47134,0.0],[137.14869,75.46483,0.0],[137.14552,75.45063,0.0],[137.14454,75.43651,0.0],[137.12908,75.43037,0.0],[137.14332,75.41022,0.0],[137.16066,75.40575,0.0],[137.20484,75.41669,28.8905],[137.27613,75.42548,8.7895],[137.34881,75.42414,24.51],[137.39731,75.41718,30.6184],[137.42026,75.40713,13.7937],[137.43067,75.38935,0.0],[137.42237,75.36982,0.0],[137.40154,75.35725,0.0],[137.37623,75.35041,0.0],[137.25375,75.33637,0.0],[137.1517,75.33609,3.0442],[137.11769,75.34321,26.7675],[137.03932,75.38801,0.0],[136.98162,75.38866,0.0],[136.86215,75.36205,0.0],[136.87477,75.34951,0.0],[136.91245,75.33039,0.0],[136.92433,75.3205,0.0],[136.92579,75.30972,0.0],[136.92205,75.29751,0.0],[136.90992,75.27334,0.0],[136.94166,75.2635,0.0],[137.03403,75.20502,0.0],[137.08546,75.18085,0.0],[137.10174,75.17023,0.0],[137.13413,75.14155,0.0],[137.1491,75.13422,0.0],[137.43279,75.05044,30.7529],[137.65138,75.02277,27.7642],[137.79379,74.97541,29.9093],[137.80763,74.96581,22.3192],[137.81153,74.95572,1.7346],[137.8117,74.94424,0.0],[137.81479,74.93065,0.0],[137.82838,74.90681,0.0],[137.84734,74.88207,0.0],[137.87029,74.8605,0.0],[137.89527,74.84618,0.0],[138.06324,74.79613,0.0],[138.11378,74.79035,13.1893],[138.1657,74.77619,12.139],[138.49065,74.74512,12.9439],[138.8156,74.71406,8.0227],[139.01596,74.65754,-0.0724],[139.12721,74.65229,3.5014],[139.23585,74.66242,9.7651],[139.34344,74.6874,16.518],[139.49627,74.76756,11.6485],[139.5005,74.7718,8.6724],[139.50318,74.77554,14.5865],[139.52858,74.80166,1.2882],[139.54412,74.82445,11.1289],[139.56202,74.84553,0.513],[139.5901,74.86237,0.0],[139.6194,74.87092,0.0],[139.63168,74.8769,0.0],[139.64479,74.88911,0.0],[139.61109,74.87075,0.0],[139.5643,74.85814,0.0],[139.51661,74.85594,0.7996],[139.48024,74.8686,5.8987],[139.47438,74.88666,9.8627],[139.48178,74.90648,16.0592],[139.48316,74.92284,5.4013],[139.45851,74.93065,9.8769],[139.49513,74.94693,2.8795],[139.62428,74.97846,21.8192],[139.65203,74.98078,10.9416],[139.69646,74.96845,0.0],[139.71941,74.96483,0.6044],[139.8235,74.97089,0.4331],[139.84962,74.96483,0.0],[139.85613,74.95694,0.4765],[139.86329,74.93427,0.8547],[139.86997,74.92381,0.0],[139.89357,74.91218,0.0],[139.94907,74.91096,0.4334],[139.97364,74.90339,0.5961],[139.98406,74.89374,0.0],[139.99643,74.87336,0.0],[140.00782,74.86237,0.0],[140.0687,74.82795,0.1771],[140.35133,74.84007,0.3654],[140.54916,74.87763,0.3856],[140.63754,74.87543,0.36],[141.11402,74.91665,0.3396],[141.3711,74.9195,0.0811],[141.67311,74.96483,0.423],[141.84376,74.99897,0.5433],[142.19874,75.00422,0.0],[142.23732,74.99103,0.3136],[142.24106,74.97541,0.5663],[142.32618,74.95173,0.0203],[142.34718,74.94306,-0.4179],[142.36451,74.93065,8.2995],[142.33188,74.92121,0.0],[142.29542,74.9228,0.0],[142.19166,74.95283,2.0186],[142.11704,74.96361,2.0844],[142.08058,74.96483,0.0],[142.00929,74.95531,0.0],[141.97413,74.94538,0.0],[141.97413,74.93378,0.0],[142.35564,74.82453,1.4132],[142.51401,74.81737,3.4011],[142.67799,74.83397,-0.0628],[142.71404,74.84813,0.0],[142.69435,74.85334,2.1629],[142.62525,74.84813,1.5076],[142.6504,74.87568,5.8059],[142.6797,74.88988,2.7982],[142.7151,74.89517,0.4213],[142.75864,74.89594,0.3332],[142.78094,74.89175,0.1586],[142.8213,74.87641,0.0],[142.84457,74.87739,0.0],[142.89715,74.89094,0.0823],[142.92416,74.89411,0.4129],[143.00343,74.88215,0.0],[143.46453,74.90005,0.2601],[143.66822,74.93,0.1447],[143.69581,74.93745,0.0],[143.70777,74.94746,0.0],[143.66676,74.9853,0.0],[143.61451,75.01114,0.0],[143.55983,75.01561,0.0],[143.44801,75.0058,0.0],[143.24537,75.02709,0.3089],[143.01295,75.06513,0.0],[142.83302,75.07062,0.0],[142.66871,75.08796,0.0501],[142.62818,75.09699,0.1523],[142.60418,75.11563,0.1626],[142.61158,75.1225,-0.243],[142.58033,75.15974,0.0],[142.53745,75.1789,0.0],[142.43946,75.20311,-0.0876],[142.42579,75.21296,-0.0325],[142.42547,75.225,-0.2349],[142.42888,75.23835,0.0],[142.42661,75.25218,0.0],[142.41017,75.26675,0.0],[142.19988,75.34882,-0.1533],[142.16285,75.3791,-0.2686],[142.15602,75.39936,-0.3746],[142.16277,75.42316,-0.4873],[142.18702,75.47134,0.0],[142.09767,75.5163,-0.2337],[142.08318,75.52595,-0.0795],[142.08058,75.53474,-0.3197],[142.08725,75.54462,0.0],[142.12859,75.58063,1.3159],[142.13966,75.59516,4.9766],[142.13185,75.60163,0.0],[142.06902,75.607,0.0],[142.03582,75.61359,0.0],[142.00831,75.62275,3.1395],[142.18336,75.62824,2.8306],[142.20688,75.63581,2.2956],[142.18198,75.63776,6.6567],[142.13258,75.64769,6.6427],[142.02914,75.65591,0.0],[142.00831,75.66372,0.0],[142.06039,75.6682,0.0],[142.38136,75.66181,0.0],[142.41066,75.66559,0.0],[142.43409,75.67796,-0.044],[142.40691,75.69526,2.6765],[142.36647,75.70649,0.9528],[142.32399,75.7119,-0.5028],[142.29005,75.71149,-0.2549],[142.3379,75.72565,0.3074],[142.5149,75.71894,1.2958],[142.61842,75.73261,0.5573],[142.66017,75.73298,0.0],[142.67319,75.73086,0.0],[142.68483,75.7259,0.0],[142.70297,75.71393,0.0],[142.71485,75.71149,0.0],[142.90406,75.72455,0.0],[143.00115,75.70795,0.0],[143.04298,75.64667,0.0],[143.03492,75.61762,0.0],[143.01352,75.60244,0.0],[142.84693,75.56135,0.0],[142.72438,75.55069,0.0],[142.63738,75.51606,0.0],[142.63209,75.51288,0.0],[142.62745,75.50682,0.0],[142.62452,75.49437,0.0],[142.61988,75.49046,0.0],[142.53452,75.47655,0.0],[142.51539,75.46507,0.0],[142.51075,75.45189,0.0],[142.51881,75.44587,0.0],[142.53004,75.43989,0.0],[142.5359,75.42723,0.0],[142.52914,75.41144,0.0],[142.50034,75.38618,0.0],[142.49431,75.37568,0.0],[142.50701,75.35981,0.0],[142.535,75.34553,-0.1156],[142.59051,75.32787,0.0],[142.6421,75.31997,0.0],[142.65952,75.30878,0.0],[142.66627,75.28327,0.0],[142.67555,75.26728,0.0],[142.70981,75.25479,0.0],[142.70777,75.23859,0.0],[142.74,75.23017,0.0],[142.80893,75.23281,1.5677],[142.83758,75.22553,-0.5764],[142.84392,75.21589,0.0],[142.85939,75.18403,0.0],[142.87273,75.17455,0.0],[142.87241,75.16869,0.0],[142.87135,75.16185,0.0],[142.87224,75.15664,0.0],[142.88445,75.1468,0.0],[142.89812,75.14155,0.0],[142.94516,75.13373,0.0],[142.98854,75.13614,0.0],[143.0359,75.12592,0.0],[143.04982,75.12873,0.0],[143.08253,75.11083,0.0],[143.25522,75.09516,4.8712],[143.36061,75.07111,1.0033],[143.41481,75.06708,2.4306],[143.51588,75.08731,10.2848],[143.75074,75.08177,9.0291],[143.7776,75.076,7.5666],[143.8449,75.05012,0.0],[143.94581,75.03461,1.0848],[143.97047,75.0279,0.708],[143.99855,75.02497,0.3059],[144.15284,75.04645,6.0577],[144.33123,75.04678,0.0],[144.37631,75.05305,8.4822],[144.41774,75.06904,5.4578],[144.49635,75.11197,6.0156],[144.577,75.13776,13.0877],[144.6631,75.15152,0.1634],[144.68816,75.15998,10.145],[144.70655,75.17634,5.816],[144.72088,75.20051,2.5268],[144.72706,75.22598,7.5303],[144.72136,75.24604,14.2271],[144.7684,75.26118,7.3038],[144.88917,75.25804,0.0],[144.94109,75.27334,0.0],[144.89381,75.2923,0.0],[144.69972,75.32148,7.9171],[144.67774,75.32783,6.1588],[144.66725,75.34154,0.4701],[144.67237,75.34911,1.4988],[144.69654,75.36774,1.0408],[144.70216,75.3791,0.9436],[144.69947,75.39399,0.6657],[144.69597,75.39924,1.2314],[144.69793,75.40477,1.6027],[144.71168,75.4204,0.9864],[144.72934,75.43159,0.8282],[144.78248,75.44693,1.1133],[144.96795,75.4724,0.2098],[145.07195,75.50064,0.1719],[145.26547,75.52033,11.9128],[145.38087,75.51227,0.0],[145.39039,75.51683,0.0],[145.38453,75.52631,0.0],[145.36622,75.54023,0.0],[145.27638,75.58344,0.0],[145.17416,75.60822,0.0],[144.80983,75.64423,10.6056],[144.76295,75.66372,0.0],[144.73732,75.68643,0.0],[144.72413,75.69501,0.0],[144.70484,75.69847,0.0],[144.60963,75.69847,23.0627],[144.42359,75.73672,0.0],[144.19142,75.76699,0.0],[143.94711,75.83478,0.0],[143.85873,75.84186,0.0],[143.84799,75.84056,0.0],[143.81609,75.83027,2.1706],[143.80226,75.82905,5.1279],[143.79371,75.83275,13.775],[143.7881,75.83812,0.0],[143.78289,75.84186,0.0],[143.6858,75.8627,0.0],[143.58481,75.86982,0.0],[143.38396,75.84626,0.0],[143.3589,75.83442,0.0],[143.38559,75.80707,0.0],[143.27752,75.81599,0.0],[143.05885,75.80683,0.0],[142.92872,75.83222,0.0],[142.54689,75.86298,13.0202],[142.48805,75.87596,9.9926],[142.46974,75.88402,1.4643],[142.42726,75.91389,0.0],[142.14568,76.01191,0.0],[141.9131,76.06074,22.293],[141.70216,76.121,0.0],[141.59392,76.12971,0.2989],[141.36695,76.18122,0.0],[141.31007,76.18448,0.0],[141.32553,76.17219,0.0],[141.37273,76.15363,0.0],[141.39137,76.1435,0.0],[141.38966,76.14273,0.0],[141.38844,76.13886,0.0],[141.38868,76.13386,0.0],[141.39137,76.12922,0.0],[141.39723,76.12531,0.0],[141.44899,76.1044,0.0],[141.45655,76.09911,0.0],[141.48536,76.07266,0.0],[141.51482,76.05414,0.0],[141.60711,76.03018,0.6632],[141.62469,76.01313,0.0],[141.58522,76.00751,0.398],[141.23097,76.05707,0.1515],[141.03858,76.05288,0.0],[141.00099,76.04743,0.0],[140.96616,76.03498,0.0],[140.93263,76.01313,0.0],[140.91725,75.99824,0.0],[140.90895,75.98412,0.0],[140.90545,75.96821,0.0],[140.90463,75.94798,0.0],[140.8982,75.92878,0.0],[140.88592,75.91254,0.0],[140.87875,75.89692,0.0],[140.90496,75.84837,0.0],[140.90528,75.80891,0.0],[140.89112,75.76952,0.0],[140.86443,75.73884,0.0],[140.97495,75.70539,0.5464],[141.00782,75.69107,0.5238],[140.99822,75.68928,0.6451],[140.98976,75.6861,0.4779],[140.97429,75.67796,0.5446],[140.99643,75.66926,0.7214],[141.04151,75.65819,1.2937],[141.06227,75.65009,2.616],[141.03004,75.6308,0.3077],[140.9865,75.62067,0.2989],[140.90187,75.61591,0.2451],[140.76564,75.63129,0.3318],[140.67677,75.62328,0.7438],[140.47584,75.64033,0.0831],[140.45248,75.64501,0.2395],[140.43832,75.65021,0.6062],[140.43295,75.65656,0.4017],[140.43491,75.66446,0.3528],[140.44264,75.67426,0.5863],[140.4463,75.6813,0.4303],[140.45338,75.70063,0.3087],[140.45631,75.70466,0.5072],[140.46852,75.70905,0.3846],[140.54591,75.75552,0.0],[140.53761,75.77432,0.0],[140.50953,75.79047,0.0],[140.48072,75.80093,0.0],[140.34344,75.8168,0.0],[140.30055,75.82689,0.0],[140.25994,75.83112,0.0],[140.1504,75.80052,3.7508],[139.95607,75.83584,13.1954],[139.93881,75.84186,15.8712],[139.90414,75.85936,13.3242],[139.89064,75.86424,9.9335],[139.81691,75.87783,12.3551],[139.79859,75.88618,43.3434],[139.79135,75.89448,60.3461],[139.79762,75.90082,41.769],[139.8191,75.90327,13.3839],[139.82879,75.90656,13.5675],[139.82927,75.91421,5.0556],[139.82879,75.92324,11.3612],[139.83579,75.93061,8.8632],[139.85597,75.93163,14.1608],[139.87761,75.92658,9.5456],[139.89715,75.92524,12.5845],[139.91163,75.93745,8.2104],[139.88258,75.9455,11.3308],[139.82545,75.97004,0.0],[139.79493,75.97842,0.0],[139.62428,75.98583,0.0],[139.55397,76.01138,0.0],[139.10963,76.09687,5.6177]]],
[[[149.2558,76.63377,0.0],[149.262,76.64519,0.0],[149.23822,76.66796,0.0],[149.2474,76.69154,0.0],[149.26322,76.71058,38.5987],[149.31557,76.72439,0.0],[149.37471,76.7382,0.0],[149.44398,76.7505,119.4266],[149.4535,76.76878,0.0],[149.40035,76.77021,0.0],[148.98266,76.73969,0.0],[148.86674,76.734,0.0],[148.78831,76.71696,0.0],[148.72357,76.69767,0.0],[148.61891,76.68124,0.0],[148.55983,76.67186,0.0],[148.46876,76.65694,0.0],[148.43718,76.64154,0.0],[148.43179,76.62933,0.0],[148.4522,76.62334,0.0],[148.59425,76.62249,0.0],[148.78532,76.62937,0.0],[149.04525,76.62795,0.0],[149.20009,76.62681,0.0],[149.2558,76.63377,0.0]]],
[[[156.65968,77.08454,0.0],[156.67091,77.0878,0.0],[156.67302,77.0954,0.0],[156.66538,77.10391,0.0],[156.66098,77.10761,0.0],[156.63852,77.11567,0.0],[156.58863,77.12556,0.0],[156.5503,77.1258,0.0],[156.52882,77.12108,0.0],[156.5075,77.11164,0.0],[156.49171,77.09821,0.0],[156.5158,77.08771,121.8047],[156.65333,77.08417,0.0],[156.65968,77.08454,0.0]]]]}}